reportingrailroadcode,accidentnumber,date,time,accidenttype,hazmatreleasedcars,station,stateabbr,temperature,visibility_code,visibility,weathercondition,tracktype,equipmenttype,trainspeed,equipmentdamagecost,trackdamagecost,totaldamagecost,primaryaccidentcausecode,latitude,longitude,prior_temp,actual_temp,following_temp
NS,154109,2023-09-04,4:00 AM,Side collision,0,ST LOUIS,MO,74,1,Dawn,Clear,Yard,Yard/switching,8,6976,0,20928,H702,38.698473,-90.223316,82.6,78.5,82.2
NS,154109,2023-09-04,4:00 AM,Side collision,0,ST LOUIS,MO,74,1,Dawn,Clear,Yard,Freight Train,9,6976,6976,20928,H702,38.698473,-90.223316,82.6,78.5,82.2
CSX,000197605,2021-05-12,5:53 PM,Obstruction,0,ABBEVILLE,SC,49,3,Dusk,Cloudy,Main,Freight Train,35,20588,0,20588,M404,34.139719,-82.288592,66.4,54.4,54.7
BAYL,BAY687415,2015-04-19,11:00 AM,Derailment,0,ABBEVILLE,AL,75,2,Day,Rain,Industry,Cut of cars,0,24000,0,24000,M102,31.511825,-85.305147,67.6,70.4,70.5
CSX,000183279,2019-05-30,8:50 PM,Derailment,0,ABBEVILLE,SC,74,4,Dark,Clear,Main,Freight Train,19,733124,77285,810409,T105,34.153089,-82.439475,81.4,80.8,80.3
CSX,000171721,2017-09-18,11:30 PM,Derailment,0,ABBEVILLE,SC,66,4,Dark,Cloudy,Main,Freight Train,33,53880,161178,215058,T110,34.147887,-82.253986,72.8,73.4,73.8
UP,0621TO033,2021-06-30,5:21 PM,Hwy-rail crossing,0,ABBOTT,TX,89,2,Day,Clear,Main,Freight Train,48,11911,30330,42241,M303,31.883041,-97.073086,78.5,80.8,84.5
UP,1120ES017,2020-11-06,1:55 PM,Hwy-rail crossing,0,ABBYVILLE,KS,73,2,Day,Clear,Main,Spec. MoW Equip.,20,2310,60784,63094,M302,37.955836,-98.100585,55.5,57.3,63.4
BNSF,TC0715116,2015-07-24,10:00 AM,Derailment,0,ABERDEEN,SD,80,2,Day,Clear,Yard,Yard/switching,7,15852,800,16652,E64C,45.465753,-98.489157,77.8,77.6,73.4
BNSF,TC0620105,2020-06-15,11:20 PM,Derailment,0,ABERDEEN,SD,73,4,Dark,Clear,Yard,Freight Train,5,12989,0,12989,H508,45.465599,-98.499324,77.2,82,82.5
BNSF,TC0120122,2020-01-27,10:00 AM,Derailment,0,ABERDEEN,SD,20,2,Day,Clear,Yard,Freight Train,7,80000,50000,130000,H704,45.463819,-98.508858,24.5,19.5,24.4
PSAP,PSA081119D,2019-06-15,12:42 PM,Derailment,0,ABERDEEN,WA,68,2,Day,Clear,Main,Freight Train,5,51281,1400,52681,H704,46.967778,-123.822778,55.7,55.1,56.9
BNSF,TC0517100,2017-05-06,12:41 PM,Derailment,0,ABERDEEN,SD,80,2,Day,Clear,Yard,Freight Train,5,11158,11497,22655,H704,45.463822,-98.508862,63.1,62.5,69.1
BNSF,MT1121104,2021-11-12,2:55 AM,Derailment,0,ABERDEEN,SD,20,4,Dark,Snow,Yard,Freight Train,4,8200,32000,40200,M101,45.465641,-98.498709,35.2,29.2,29.1
CSX,000169393,2017-06-05,1:58 AM,Derailment,0,ABERDEEN,NC,68,4,Dark,Cloudy,Main,Freight Train,34,39772,268722,308494,E53C,35.078592,-79.461731,73.6,76.3,73.7
PSAP,PSA497823D,2023-08-08,8:43 PM,Derailment,0,ABERDEEN,WA,58,3,Dusk,Clear,Main,Freight Train,6,370276,60000,430276,M405,46.969472,-123.842272,66.9,66.8,66.2
ATK,165852,2020-10-29,12:00 PM,Derailment,0,ABERDEEN,MD,55,2,Day,Rain,Main,,0,0,23500,23500,E07C,39.489404,-76.176794,62,55.1,46.8
BNSF,TC1020202,2020-10-02,5:13 PM,Hwy-rail crossing,0,ABERDEEN,SD,60,3,Dusk,Clear,Main,Freight Train,36,50000,0,50000,M302,45.446135,-98.618873,47.7,45.1,47.3
KCS,16031601,2016-03-16,5:30 PM,Fire/violent rupture,0,ABERDEEN,MS,75,2,Day,Clear,Main,Spec. MoW Equip.,10,48046,0,48046,E99C,33.793325,-88.554257,70,68.3,59.6
ATK,140287,2015-12-03,6:45 AM,Hwy-rail crossing,0,ABERDEEN,NC,40,1,Dawn,Clear,Main,Passenger Train - Pulling,50,69706,0,70383,M308,35.096797,-79.45479,59.3,47.8,41.8
ACWR,06262020,2020-06-26,5:30 PM,Derailment,0,ABERDEEN,NC,88,2,Day,Clear,Yard,Freight Train,8,48000,19000,67000,T109,35.121411,-79.433989,74.9,78.6,79.3
BNSF,TC0616107,2016-06-09,1:30 PM,Derailment,0,ABERDEEN,SD,93,2,Day,Clear,Yard,Freight Train,6,221330,34000,255330,T314,45.465331,-98.499907,72.1,78.9,81.1
BNSF,TC0420101,2020-04-09,1:40 PM,Derailment,0,ABERDEEN,SD,40,2,Day,Clear,Yard,Freight Train,8,81184,263772,344956,T001,45.47743,-98.441199,44.2,33.5,38.1
DMVW,DE516ABE,2018-05-16,1:05 PM,Derailment,0,ABERDEEN,SD,85,2,Day,Clear,Main,Freight Train,7,169135,35064,204199,T299,45.514081,-98.329614,65.4,71.2,69.6
PSAP,PSA062619D,2019-05-31,4:53 AM,Derailment,0,ABERDEEN,WA,50,1,Dawn,Clear,Yard,Freight Train,5,15000,3000,18000,T202,46.966944,-123.824444,54.1,56.2,56.4
PSAP,PSA983816D,2016-05-31,2:00 PM,Derailment,0,ABERDEEN,WA,77,2,Day,Clear,Main,Freight Train,19,457169,41763,498932,T204,46.963072,-123.704706,55.3,61,57.2
PSAP,PSA781224R,2024-04-26,10:14 PM,Derailment,0,ABERDEEN,WA,51,4,Dark,Rain,Industry,Freight Train,10,225000,5000,230000,T110,46.964736,-123.851224,50.4,51.4,49.9
BNSF,RD0818134,2018-08-30,3:36 PM,Derailment,0,ABERNATHY,TX,94,2,Day,Clear,Industry,Freight Train,8,11078,6000,17078,T202,33.831674,-101.838499,82.8,82.7,84
UP,0318FW022,2018-03-16,11:15 PM,Fire/violent rupture,0,ABILENE,TX,68,4,Dark,Clear,Main,Freight Train,20,56117,0,56117,E72L,32.456829,-99.843648,62,65.2,61.2
UP,0623TO025,2023-06-24,4:42 PM,Derailment,0,ABILENE,TX,103,2,Day,Clear,Main,Freight Train,27,359944,314812,674756,E49C,32.452266,-99.778804,84.3,88.7,91.4
UP,0724TO022,2024-07-14,8:06 AM,Derailment,0,ABILENE,TX,78,2,Day,Clear,Main,Freight Train,36,2123419,710873,2834292,E54C,32.455093,-99.818412,84.6,87.4,89.8
UP,0122HL027,2022-01-13,8:28 PM,Other (describe in narrative),0,ABILENE,KS,38,4,Dark,Cloudy,Main,Freight Train,2,50584,350,50934,E21C,38.904709,-97.305701,37,42.7,40.4
BNSF,KS1019107,2019-10-13,7:25 AM,Derailment,0,ABILENE,KS,45,1,Dawn,Clear,Industry,Freight Train,8,28896,0,28896,H307,38.915447,-97.221002,46.7,48.4,57.8
UP,1017FW011,2017-10-09,11:45 PM,Derailment,0,ABILENE,TX,45,4,Dark,Clear,Siding,Freight Train,30,119083,462243,581326,T199,32.448793,-99.730283,68.7,73.8,55.5
UP,0516DV014,2016-05-27,9:18 AM,Derailment,0,ABILENE,KS,70,2,Day,Clear,Yard,Freight Train,5,409287,0,771792,T206,38.913189,-97.229762,69.8,65.8,67.5
UP,0515FW017,2015-05-21,9:45 AM,Derailment,0,ABILENE,TX,49,2,Day,Cloudy,Yard,Freight Train,4,3128,46581,49709,T207,32.448967,-99.732792,64.8,57.6,64.4
BNSF,KS0516111,2016-05-27,9:18 AM,Derailment,0,ABILENE,KS,66,2,Day,Cloudy,Yard,Freight Train,0,0,362505,771792,T206,38.913189,-97.229762,69.8,65.8,67.5
MBTA,5720,2018-11-14,4:28 PM,Hwy-rail crossing,0,ABINGTON,MA,35,4,Dark,Clear,Main,Passenger Train - Pushing,42,15436,0,15436,M304,42.126466,-70.940804,48.7,34.8,29.5
MBTA,202350,2023-04-26,4:39 PM,Hwy-rail crossing,0,ABINGTON,MA,52,2,Day,Clear,Main,Passenger Train - Pushing,62,65483,0,65483,M304,42.126466,-70.940804,51,49.4,50.2
MBTA,5711,2017-07-25,8:14 PM,Hwy-rail crossing,0,ABINGTON,MA,65,3,Dusk,Cloudy,Main,Passenger Train - Pushing,60,28891,6208,35099,M308,42.128016,-70.941289,61.1,60.2,66.1
NS,145199,2022-05-06,12:04 PM,Derailment,0,ABOITE,IN,51,2,Day,Rain,Industry,Freight Train,3,147356,63354,210710,H503,40.994051,-85.338823,52.1,52,57.1
NS,151780,2022-12-20,10:44 PM,Other (describe in narrative),0,ABOITE,IN,21,4,Dark,Clear,Yard,Freight Train,2,1400,25678,27078,H702,40.994052,-85.338823,20.3,25.6,28.7
NS,136490,2019-12-12,3:00 PM,Derailment,0,ABOITE,IN,38,2,Day,Clear,Yard,Freight Train,11,27015,59241,86256,H524,41.000999,-85.317573,19.8,28,34.2
NS,136863,2020-01-16,5:05 PM,Derailment,0,ABOITE,IN,25,3,Dusk,Clear,Siding,Freight Train,5,9766,12998,22764,H506,40.990638,-85.343663,36.3,29.5,23.4
MBTA,YR2022106,2022-08-05,3:22 PM,Obstruction,0,ACTON,MA,75,2,Day,Clear,Main,Passenger Train - Pulling,70,76756,0,76756,M404,42.49403,-71.484061,82.3,80.1,82.5
MBTA,2024043,2024-02-27,2:03 PM,Other (describe in narrative),0,ACTON,MA,42,2,Day,Clear,Main,Passenger Train - Pushing,52,40459,0,40459,M404,42.463285,-71.466755,39.2,42.6,53.7
MBTA,5721,2018-11-16,5:51 AM,Other impacts,0,ACTON,MA,31,1,Dawn,Sleet,Main,Passenger Train - Pushing,59,21363,0,21363,M101,42.46583,-71.46862,25.6,34.6,40.3
CSX,000175593,2018-04-02,4:48 PM,Hwy-rail crossing,0,ACWORTH,GA,70,2,Day,Clear,Main,Freight Train,35,101283,11461,112744,M304,34.067101,-84.680702,60.6,67.1,67
BNSF,RD1023209,2023-10-30,5:09 PM,Hwy-rail crossing,0,ADA,OK,46,3,Dusk,Clear,Main,Freight Train,40,19087,0,19087,M302,34.781621,-96.670003,37.1,37.6,37.5
BNSF,RD0124202,2024-01-12,6:13 AM,Hwy-rail crossing,0,ADA,OK,23,1,Dawn,Clear,Main,Freight Train,28,15500,0,15500,M302,34.781621,-96.670003,47.2,29.8,22.1
BNSF,RD0721208,2021-07-21,10:50 AM,Hwy-rail crossing,0,ADA,OK,82,2,Day,Clear,Main,Freight Train,25,2000,20000,22000,M302,34.781621,-96.670003,75.3,74.3,76.9
BNSF,RD0718107,2018-07-07,5:55 PM,Derailment,0,ADA,OK,71,3,Dusk,Clear,Main,Freight Train,44,23547,173260,196807,T109,34.742944,-96.707409,81.2,79.5,79.1
BNSF,RD0323112,2023-03-10,8:55 AM,Derailment,0,ADA,OK,63,1,Dawn,Clear,Industry,Freight Train,4,12830,5000,17830,T110,34.77553,-96.681251,50.2,46.9,60
BNSF,CH0119105,2019-01-13,5:00 PM,Derailment,0,ADAIR,IL,17,3,Dusk,Clear,Main,Freight Train,44,659570,446520,1106090,E52C,40.40374,-90.478386,28.7,25.9,19.7
UP,0321GL008,2021-03-08,2:15 PM,Derailment,0,ADAMS,WI,58,2,Day,Clear,Yard,Yard/switching,8,159,18094,18253,E49C,43.956918,-89.835759,34.3,45.5,47.5
UP,1122GL029,2022-11-26,9:30 AM,Derailment,0,ADAMS,WI,40,2,Day,Clear,Yard,Freight Train,6,26894,4088,30982,H307,43.962896,-89.854683,38,43.7,35.8
UP,1223PR009,2023-12-13,6:15 AM,Derailment,0,ADAMS,WI,25,1,Dawn,Clear,Main,Freight Train,5,400,27555,27955,H702,43.965046,-89.861299,26.1,27.3,37.9
UP,1220GL013,2020-12-21,5:13 PM,Derailment,0,ADAMS,WI,32,2,Day,Cloudy,Main,Freight Train,10,1620,17851,19471,H303,43.950795,-89.817471,27.9,33.7,31.9
UP,0316TC013,2016-03-28,2:50 PM,Fire/violent rupture,0,ADAMS,WI,55,2,Day,Clear,Main,Freight Train,5,18000,0,18000,E71L,43.950794,-89.817469,40,43,45.8
UP,1121PN006,2021-11-06,12:15 AM,Derailment,0,ADAMS,OR,36,4,Dark,Cloudy,Main,Freight Train,20,4080,46160,50240,E53C,45.606372,-118.347399,42.7,39,38.5
BNSF,HL1216114,2016-12-31,9:05 PM,Derailment,0,ADAMS,NE,21,4,Dark,Clear,Main,Freight Train,30,13874,3200513,3214387,E62C,40.504845,-96.567713,34.1,28.6,30.6
BNSF,HL1023202,2023-10-09,12:00 PM,Hwy-rail crossing,0,ADAMS,NE,73,2,Day,Clear,Main,Freight Train,41,89109,0,89109,M302,40.50902,-96.578,57.8,52.7,55.9
UP,0918PD004,2018-09-05,8:20 AM,Fire/violent rupture,0,ADAMS,OR,70,2,Day,Clear,Siding,Freight Train,35,25961,0,25961,E73L,45.685417,-118.362841,61,63.4,66.5
UP,0117PD013,2017-01-09,6:34 PM,Derailment,0,ADAMS,OR,20,4,Dark,Cloudy,Main,Freight Train,23,482615,52800,535415,T199,45.700565,-118.378024,22.2,30,25.8
UP,0524PR006,2024-05-14,11:45 PM,Derailment,0,ADAMS,WI,50,4,Dark,Clear,Yard,Freight Train,5,5884,13175,19059,T112,43.955606,-89.831731,65.2,57.8,57.3
UP,0815TC008,2015-08-18,2:49 PM,Derailment,0,ADAMS,WI,73,2,Day,Rain,Yard,Freight Train,7,63526,3810,67336,T310,43.95556,-89.83213,72.7,69.6,63.3
UP,0622GL009,2022-06-13,6:00 PM,Derailment,0,ADAMS,WI,73,3,Dusk,Cloudy,Yard,Freight Train,8,100,19336,31376,T313,43.957019,-89.835709,65.1,64,80
UP,0718TC026,2018-07-27,6:10 PM,Derailment,0,ADAMS,WI,85,3,Dusk,Clear,Yard,Light loco(s),5,250,16964,17214,T314,43.954579,-89.828406,64.9,64,64
UP,0622GL009,2022-06-13,6:00 PM,Derailment,0,ADAMS,WI,73,3,Dusk,Cloudy,Yard,Cut of cars,0,11940,0,31376,T313,43.957019,-89.835709,65.1,64,80
BNSF,HL1219101,2019-12-08,4:39 AM,Derailment,0,ADAMSVILLE,AL,58,1,Dawn,Cloudy,Main,Freight Train,15,200674,35000,235674,M599,33.579755,-86.944682,54.5,58.2,64
BNSF,HL0223119,2023-02-21,5:40 AM,Derailment,0,ADAMSVILLE,AL,72,1,Dawn,Rain,Industry,Freight Train,5,81915,38787,120702,M101,33.64248,-87.045133,59.5,66.3,71.8
BNSF,HL0818123,2018-08-30,1:30 AM,Rear end collision,0,ADAMSVILLE,AL,75,4,Dark,Clear,Main,Freight Train,14,848253,27500,923312,H605,33.63348,-87.029869,79.7,79.1,78.3
BNSF,HL0818123,2018-08-30,1:30 AM,Rear end collision,0,ADAMSVILLE,AL,75,4,Dark,Clear,Main,Freight Train,0,47559,0,923312,H605,33.63348,-87.029869,79.7,79.1,78.3
UP,0917LV010,2017-09-17,8:15 PM,Other impacts,0,ADDIS,LA,75,4,Dark,Rain,Yard,Freight Train,11,20000,132,32922,H995,30.358988,-91.269232,79.7,80.1,80.9
UP,1118LV020,2018-11-15,3:11 AM,Derailment,0,ADDIS,LA,32,4,Dark,Cloudy,Industry,Yard/switching,3,237200,15078,252278,T221,30.330598,-91.243042,37.4,40.3,47.7
UP,0917LV010,2017-09-17,8:15 PM,Other impacts,0,ADDIS,LA,75,4,Dark,Rain,Yard,Single Car,0,12790,0,32922,H995,30.358988,-91.269232,79.7,80.1,80.9
UP,0515LV010,2015-05-19,12:45 PM,Derailment,0,ADDIS,LA,88,2,Day,Clear,Yard,Freight Train,7,341821,412849,754670,E40C,30.395018,-91.322137,75.5,75,75.1
UP,0422GC040,2022-04-29,4:45 PM,Other impacts,0,ADDIS,LA,84,2,Day,Clear,Yard,Freight Train,4,118201,238400,421030,H318,30.356203,-91.26793,66.7,69.3,72.5
UP,1023GC040,2023-10-30,7:10 AM,Other impacts,0,ADDIS,LA,64,2,Day,Clear,Yard,Freight Train,5,554192,0,555066,H302,30.361959,-91.2701,76.1,60,50.6
UP,0422GC040,2022-04-29,4:45 PM,Other impacts,0,ADDIS,LA,84,2,Day,Clear,Yard,Single Car,4,64429,0,421030,H318,30.356203,-91.26793,66.7,69.3,72.5
UP,1023GC040,2023-10-30,7:10 AM,Other impacts,0,ADDIS,LA,64,2,Day,Clear,Yard,Single Car,0,874,0,555066,H302,30.361959,-91.2701,76.1,60,50.6
UP,1021GC012,2021-10-04,12:00 PM,Derailment,0,ADDIS,LA,80,2,Day,Clear,Main,Freight Train,6,287131,503230,790361,T108,30.366877,-91.272868,76.5,76.2,73.5
UP,0324GC002,2024-03-06,1:40 PM,Derailment,0,ADDIS,LA,79,2,Day,Clear,Yard,Freight Train,2,56518,21350,77868,T199,30.362012,-91.270011,66.9,68.6,70.1
UP,0818LV002,2018-08-02,5:15 AM,Derailment,0,ADDIS,LA,77,1,Dawn,Cloudy,Industry,Freight Train,4,6629,41676,48305,T108,30.330582,-91.240827,78.4,79.7,79.3
CC,860654,2015-07-30,4:44 AM,Hwy-rail crossing,0,ADDISON,IL,68,4,Dark,Clear,Main,Freight Train,38,5801,138688,144489,M308,41.909982,-88.00787,79.9,77.6,77.1
STPP,1253937,2019-07-30,10:15 PM,Derailment,0,ADDY,WA,75,4,Dark,Clear,Main,Freight Train,25,244512,29509,274021,T207,48.244388,-117.512339,67.6,67.3,68.6
NS,129611,2018-05-26,1:00 AM,Derailment,0,ADRIAN,MI,68,4,Dark,Cloudy,Yard,Freight Train,6,2060,18238,20298,H306,41.905082,-84.002759,70.7,71.5,76.4
NS,157583,2024-08-02,8:10 AM,Side collision,0,ADRIAN,MI,73,2,Day,Cloudy,Main,Freight Train,26,382019,273323,1397360,H021,41.89207,-84.015975,78.3,74.8,75.9
ADBF,080220241,2024-08-02,8:10 AM,Side collision,0,ADRIAN,MI,70,2,Day,Cloudy,Main,Single Car,8,88000,11000,1397360,E09C,41.89186,-84.01611,78.3,74.8,75.9
MNA,821618R,2018-10-16,1:05 PM,Derailment,0,ADRIAN,MO,60,2,Day,Clear,Industry,Freight Train,4,91700,38000,129700,T220,38.38598,-94.353286,38.4,44.4,53.6
NS,157583,2024-08-02,8:10 AM,Side collision,0,ADRIAN,MI,73,2,Day,Cloudy,Main,Freight Train,26,382019,261000,1397360,H021,41.89207,-84.015975,78.3,74.8,75.9
UP,1120MA009,2020-11-11,7:20 AM,Obstruction,0,AFFTON,MO,36,1,Dawn,Cloudy,Main,,0,0,0,17799,M404,38.429473,-90.305802,64.4,42.6,45.3
BB,2017T103,2017-03-19,5:40 PM,Derailment,0,AFTON,VA,49,3,Dusk,Clear,Main,,0,0,51284,69803,E41C,38.03894,-78.824518,45.7,41.7,43.3
BNSF,CH0916103,2016-09-06,7:00 AM,Derailment,0,AFTON,IA,87,1,Dawn,Clear,Main,Maint./inspect Car,2,13484,0,13484,H997,41.030551,-94.197351,76.1,79.8,75.2
BNSF,CH0223108,2023-02-03,10:00 PM,Other (describe in narrative),0,AGENCY,IA,10,4,Dark,Clear,Main,Freight Train,50,7377,46085,53462,E61C,40.990097,-92.258035,22,5.7,34.3
ARZC,ARZ933919D,2019-01-31,4:40 AM,Derailment,0,AGUILA,AZ,48,4,Dark,Clear,Main,Freight Train,9,194361,204734,399095,H503,33.944,-113.1719,59.2,57.4,59.7
BNSF,PR0117105,2017-01-09,5:15 PM,Derailment,0,AGUILAR,CO,47,3,Dusk,Clear,Siding,Cut of cars,0,21765,0,21765,M105,37.360821,-104.588676,29.2,46.8,44.7
KCS,15031002,2015-03-10,2:00 PM,Obstruction,0,AGUILARES,TX,70,2,Day,Cloudy,Siding,Spec. MoW Equip.,0,12000,0,12000,H997,27.464167,-99.123611,61.1,60.7,57.3
KCS,15031002,2015-03-10,2:00 PM,Obstruction,0,AGUILARES,TX,70,2,Day,Cloudy,Siding,Spec. MoW Equip.,2,0,0,12000,H997,27.464167,-99.123611,61.1,60.7,57.3
NCVA,NCV640315,2015-01-01,8:35 PM,Derailment,0,AHOSKIE,NC,45,3,Dusk,Clear,Main,Freight Train,10,22604,72739,95343,T221,36.257472,-77.024122,31.5,36.4,46.1
HESR,HES191719D,2019-10-01,2:10 AM,Derailment,0,AKRON,MI,70,4,Dark,Cloudy,Main,Freight Train,10,20000,0,20000,E24C,43.563372,-83.516625,64.6,71.2,57.4
AB,DR18005,2018-11-19,3:00 PM,Head on collision,0,AKRON,OH,37,2,Day,Rain,Main,Freight Train,0,290000,0,982876,E39C,41.063376,-81.433501,37.4,37.5,34.1
WE,220012,2022-02-08,7:30 PM,Derailment,0,AKRON,OH,24,4,Dark,Clear,Yard,Yard/switching,7,12687,10965,23652,H702,41.065087,-81.443819,30.8,25.8,40.1
WE,170120,2017-10-17,8:15 PM,Derailment,0,AKRON,OH,62,4,Dark,Clear,Yard,Yard/switching,6,14109,227,14336,H301,41.064698,-81.452883,52,51.1,56.1
WE,180026,2018-03-04,10:15 AM,Derailment,0,AKRON,OH,36,2,Day,Clear,Yard,Yard/switching,5,7171,25900,33071,H702,41.063155,-81.458544,31.2,31.6,31.5
WE,180117,2018-11-19,3:05 PM,Head on collision,0,AKRON,OH,37,2,Day,Rain,Main,Yard/switching,47,682500,10376,982876,E39C,41.063376,-81.433501,37.4,37.5,34.1
WE,170070,2017-06-05,2:30 AM,Derailment,0,AKRON,OH,61,4,Dark,Clear,Yard,Yard/switching,5,1825,17373,19198,H702,41.065216,-81.444385,71.3,67.3,60.4
WE,180056,2018-06-09,8:35 AM,Other (describe in narrative),0,AKRON,OH,69,2,Day,Cloudy,Yard,Single Car,0,15000,336,15336,M502,41.065244,-81.450616,73.3,70.4,68.8
HESR,HES990419R,2019-03-18,10:50 PM,Derailment,0,AKRON,MI,32,4,Dark,Clear,Industry,Freight Train,7,23000,5000,28000,H303,43.572706,-83.510019,28.1,32.5,34.4
WE,200071,2020-08-02,12:00 PM,Derailment,0,AKRON,OH,72,2,Day,Clear,Siding,Freight Train,5,30000,12000,42000,T110,41.087454,-81.501422,73.8,72.6,71.5
WE,180006,2018-01-12,6:15 PM,Derailment,0,AKRON,OH,10,4,Dark,Snow,Industry,Yard/switching,8,185000,4059,189059,T110,41.062727,-81.432548,55.9,41.5,16.7
AB,DR20001,2020-07-22,8:39 AM,Derailment,0,AKRON,OH,85,2,Day,Cloudy,Industry,Freight Train,7,21700,35570,57270,T110,41.025044,-81.540307,78.9,77.2,76.6
WE,190093,2019-10-13,3:30 PM,Derailment,0,AKRON,OH,65,2,Day,Clear,Siding,Freight Train,9,0,13205,26414,T110,41.065112,-81.452162,51.9,52.8,53.4
WE,170095,2017-08-23,8:20 AM,Derailment,0,AKRON,OH,75,2,Day,Clear,Industry,Yard/switching,7,28000,0,28000,T314,41.061513,-81.430689,78.4,70.1,63.9
WE,170114,2017-10-09,9:10 PM,Derailment,0,AKRON,OH,64,2,Day,Clear,Yard,Yard/switching,5,3173,12549,15722,T110,41.065249,-81.444857,68.3,70.2,67.4
WE,240022,2024-03-16,10:30 PM,Other impacts,0,AKRON,OH,35,4,Dark,Cloudy,Main,Freight Train,20,30000,117963,147963,T002,41.0819,-81.4864,46.8,46.6,40.3
AB,DR190006,2019-10-13,3:30 PM,Derailment,0,AKRON,OH,65,2,Day,Clear,Siding,Freight Train,9,13209,0,26414,T110,41.065112,-81.452162,51.9,52.8,53.4
WE,170017,2017-02-16,6:20 PM,Derailment,0,AKRON,OH,25,3,Dusk,Clear,Yard,Yard/switching,6,755,14316,15071,T110,41.065095,-81.442419,32.3,25.3,38
DAIR,022021,2021-06-15,4:58 PM,Derailment,0,AKRON,IA,84,2,Day,Clear,Main,Freight Train,10,18000,71000,89000,T109,42.866014,-96.528022,76.5,76.7,81.2
RCPE,RCP340623S,2023-02-24,3:30 AM,Side collision,0,ALADDIN,WY,-15,4,Dark,Cloudy,Industry,Freight Train,5,35000,1500,36500,H306,44.869606,-104.161272,-12.4,-2.4,35.1
RCPE,RCP496623O,2023-08-07,2:30 PM,Derailment,0,ALADDIN,WY,55,2,Day,Rain,Industry,Cut of cars,5,30000,15000,45000,M504,44.870969,-104.156057,62.8,59,61.2
SLRG,SL170131A,2017-01-31,8:25 PM,Derailment,0,ALAMOSA,CO,27,4,Dark,Clear,Yard,Cut of cars,0,2750,1500,21000,H607,37.464679,-105.827746,6.2,9.2,13.5
SLRG,SL170131A,2017-01-31,8:25 PM,Derailment,0,ALAMOSA,CO,27,4,Dark,Clear,Main,Freight Train,4,15250,1500,21000,H607,37.464527,-105.826806,6.2,9.2,13.5
KO,211215004,2021-12-15,3:30 PM,Derailment,0,ALAMOTA,KS,40,2,Day,Clear,Main,Freight Train,0,50759,337199,387958,M406,38.46248,-100.348858,47.6,49.3,30.5
NS,153053,2023-05-10,10:10 AM,Derailment,0,ALBANY,GA,80,2,Day,Clear,Yard,,0,0,16369,16369,E66L,31.584463,-84.14967,77.1,78.6,77.8
NS,140240,2021-01-12,11:00 PM,Other (describe in narrative),0,ALBANY,GA,40,4,Dark,Clear,Yard,Freight Train,6,25500,94199,119699,H702,31.584462,-84.14967,47,48.5,43.4
NS,153767,2023-07-29,9:50 AM,Derailment,0,ALBANY,GA,83,2,Day,Cloudy,Yard,Freight Train,0,74000,5270,158451,E64L,31.584463,-84.14967,82.6,81.1,80
NS,153420,2023-06-23,7:15 AM,Derailment,0,ALBANY,GA,72,1,Dawn,Clear,Yard,,0,0,1500,1500,H306,31.584463,-84.14967,76.6,78.4,79.5
HAL,HAL091317,2017-08-16,1:20 AM,Derailment,0,ALBANY,GA,73,4,Dark,Clear,Main,Freight Train,23,10166,110552,120718,E53C,31.504003,-84.318923,80.7,83,85.8
NS,153767,2023-07-29,9:50 AM,Derailment,0,ALBANY,GA,83,2,Day,Cloudy,Yard,Freight Train,0,74000,5181,158451,E64L,31.584463,-84.14967,82.6,81.1,80
HAL,HAL409523R,2023-05-10,10:10 AM,Derailment,0,ALBANY,GA,80,2,Day,Clear,Yard,Freight Train,9,0,0,16369,E66L,31.586112,-84.149504,77.1,78.6,77.8
PNWR,PNW259119A,2019-11-29,8:57 PM,Fire/violent rupture,0,ALBANY,OR,28,4,Dark,Clear,Main,Freight Train,0,50000,0,50000,E74L,44.64759,-123.10186,34.7,29.9,29.2
CP,1000152790,2014-12-13,5:55 AM,Derailment,0,ALBANY,NY,28,4,Dark,Clear,Industry,Single Car,4,28000,0,58540,H020,42.665981,-73.740041,29.4,30.8,36.6
CSX,000170528,2017-07-27,4:00 AM,Other impacts,0,ALBANY,NY,68,1,Dawn,Cloudy,Yard,Single Car,10,21200,0,47730,M407,42.565903,-73.854184,66.9,66.9,69.3
UP,0517PD023,2017-05-23,2:15 PM,Hwy-rail crossing,0,ALBANY,OR,82,2,Day,Clear,Main,,0,0,264,24308,M302,44.577615,-123.108357,72.4,69.6,55.9
CP,1000152790,2014-12-13,5:55 AM,Derailment,0,ALBANY,NY,28,4,Dark,Clear,Industry,Yard/switching,4,30000,540,58540,H020,42.665981,-73.740041,29.4,30.8,36.6
CSX,000170528,2017-07-27,4:00 AM,Other impacts,0,ALBANY,NY,68,1,Dawn,Cloudy,Yard,Single Car,10,26530,0,47730,M407,42.565903,-73.854184,66.9,66.9,69.3
ATK,147618,2017-05-23,2:15 PM,Hwy-rail crossing,0,ALBANY,OR,82,2,Day,Clear,Main,Passenger Train - Pulling,79,24044,0,24308,M302,44.577615,-123.108357,72.4,69.6,55.9
CSX,000173631,2017-12-24,8:20 PM,Derailment,0,ALBANY,NY,34,4,Dark,Cloudy,Yard,Yard/switching,5,91095,29568,120663,E04C,42.565903,-73.854184,32.1,32.1,26.9