reportingrailroadcode,accidentnumber,date,time,accidenttype,hazmatreleasedcars,station,stateabbr,temperature,visibility_code,visibility,weathercondition,tracktype,equipmenttype,trainspeed,equipmentdamagecost,trackdamagecost,totaldamagecost,primaryaccidentcausecode,latitude,longitude,prior_temp,actual_temp,following_temp
ATK,144798,2016-10-21,2:13 PM,Derailment,0,ALBANY,NY,68,2,Day,Rain,Main,Work train,10,10781,800,11581,M599,42.64434,-73.740919,51.8,63.8,44.4
PNWR,PNW055219D,2019-05-22,2:30 PM,Derailment,0,ALBANY,OR,68,2,Day,Clear,Yard,Yard/switching,6,12341,9070,21411,H301,44.64905,-123.066731,54.7,58.4,59
PNWR,PNW726918D,2018-07-17,4:05 PM,Derailment,0,ALBANY,OR,89,2,Day,Clear,Main,Freight Train,24,118258,59298,177556,T215,44.790656,-123.091099,76.9,69.9,70.6
NS,136335,2019-11-27,7:45 AM,Other impacts,0,ALBANY,GA,68,1,Dawn,Clear,Yard,Single Car,0,0,0,11012,H312,31.584475,-84.149669,54,66.8,58.7
NS,136335,2019-11-27,7:45 AM,Other impacts,0,ALBANY,GA,68,1,Dawn,Clear,Yard,Single Car,4,0,11012,11012,H312,31.584475,-84.149669,54,66.8,58.7
CP,1000422381,2016-07-12,5:18 PM,Derailment,0,ALBANY,NY,88,2,Day,Clear,Yard,Light loco(s),4,54916,0,62144,T303,42.630274,-73.763678,68.2,71.5,78.7
APRR,07161601,2016-07-12,5:18 PM,Derailment,0,ALBANY,NY,88,2,Day,Clear,Yard,Freight Train,0,0,7228,62144,T303,42.630274,-73.763678,68.2,71.5,78.7
GFRR,GFRR233319,2023-05-23,5:20 AM,Derailment,0,ALBANY,GA,68,4,Dark,Cloudy,Yard,Yard/switching,8,37810,0,37810,T207,31.575852,-84.127509,72.7,69.9,72.2
GFRR,GFRR233354,2023-08-25,9:35 AM,Derailment,0,ALBANY,GA,83,2,Day,Clear,Yard,Freight Train,5,43679,1000,44679,T110,31.583247,-84.105953,82.9,84.5,88.2
NS,130705,2018-08-24,4:15 AM,Derailment,0,ALBANY,GA,74,1,Dawn,Clear,Yard,Freight Train,0,0,18859,18859,T110,31.584475,-84.149669,79.6,81.3,81.4
HAL,HAL260318,2018-08-24,2:45 AM,Derailment,0,ALBANY,GA,74,4,Dark,Clear,Yard,Yard/switching,5,0,0,18859,T110,31.584475,-84.149669,79.6,81.3,81.4
NS,124183,2017-03-03,1:20 PM,Derailment,0,ALBANY,GA,69,2,Day,Clear,Industry,Freight Train,8,800,19619,20419,T206,31.574554,-84.193357,60.6,54.1,52.4
NS,124309,2017-03-14,11:35 AM,Derailment,0,ALBANY,GA,50,2,Day,Cloudy,Industry,Freight Train,7,522,16380,16902,T110,31.574554,-84.193357,44.6,48.3,42.3
NS,123090,2016-12-10,12:14 PM,Derailment,0,ALBANY,GA,67,2,Day,Clear,Yard,Freight Train,3,1200,18292,19492,T110,31.584475,-84.149669,42.6,40.4,51.5
GFRR,GFRR161624,2016-12-19,9:30 AM,Derailment,0,ALBANY,GA,45,2,Day,Cloudy,Main,Freight Train,9,246000,50000,296000,T202,31.571208,-84.121744,68.1,48.4,46.8
NS,122768,2016-11-15,11:15 PM,Derailment,0,ALBANY,GA,53,4,Dark,Clear,Yard,Freight Train,5,596,36221,36817,T210,31.584475,-84.149669,57.2,58.5,59
GFRR,GFRR171926,2017-11-13,8:55 AM,Derailment,0,ALBANY,GA,51,2,Day,Clear,Yard,Freight Train,5,7636,3679,11315,T110,31.574847,-84.124704,57.4,59.2,55.8
PNWR,PNW851618D,2018-11-13,11:36 PM,Derailment,0,ALBANY,OR,33,4,Dark,Clear,Main,Freight Train,25,300000,387655,687655,T207,44.640235,-123.169055,40.3,36.9,44.7
PNWR,PNW808724S,2024-05-23,11:10 PM,Side collision,0,ALBANY,OR,50,4,Dark,Clear,Yard,Yard/switching,7,38977,375,39352,T314,44.64394,-123.06934,53.1,56.5,56.5
UP,0115PD021,2015-01-01,9:24 PM,Derailment,0,ALBANY,OR,27,4,Dark,Clear,Industry,Freight Train,0,0,144482,264094,T205,44.63391,-123.095833,27.2,28.8,32
PNWR,PNW675215R,2015-01-01,9:24 PM,Derailment,0,ALBANY,OR,27,4,Dark,Clear,Main,Freight Train,5,119612,0,264094,T113,44.633675,-123.096287,27.2,28.8,32
CSX,000213726,2023-09-26,3:58 AM,Derailment,0,ALBANY,NY,68,4,Dark,Clear,Yard,Yard/switching,8,81811,1474,83285,T001,42.901881,-78.773894,60,57,55.6
NS,146535,2022-09-19,11:21 AM,Derailment,1,ALBERS,IL,92,2,Day,Clear,Main,Freight Train,44,1511362,831084,2342446,T001,38.531871,-89.640287,74.2,80.3,81.7
UP,1021GL007,2021-10-06,5:30 PM,Other impacts,0,ALBERT CITY,IA,71,2,Day,Cloudy,Industry,Yard/switching,2,2831,200,19956,H306,42.779364,-94.945468,60.2,62.1,65.2
UP,1021GL007,2021-10-06,5:30 PM,Other impacts,0,ALBERT CITY,IA,71,2,Day,Cloudy,Industry,Freight Train,1,16925,0,19956,H306,42.779364,-94.945468,60.2,62.1,65.2
UP,0521GL012,2021-05-15,1:30 PM,Derailment,2,ALBERT LEA,MN,72,2,Day,Cloudy,Main,Freight Train,36,1526268,922635,2448903,T499,43.66482,-93.348233,57,60.9,61.1
BNSF,TC0123116,2023-01-27,6:19 PM,Derailment,0,ALBERTA,MN,-5,3,Dusk,Cloudy,Industry,Freight Train,4,27000,0,27000,M101,45.574774,-96.04919,10.6,17.8,-4.2
BNSF,TC0524107,2024-05-23,5:30 AM,Derailment,0,ALBERTA,MN,70,1,Dawn,Clear,Industry,Freight Train,7,327331,44883,372214,T212,45.574915,-96.030532,58.4,64.2,57.3
NS,113041,2014-11-16,9:20 PM,Derailment,0,ALBERTA,AL,60,4,Dark,Rain,Main,Freight Train,37,615550,178590,794140,T319,32.229229,-87.411068,39.7,56.2,46.3
MRL,2017079,2017-06-29,12:10 AM,Derailment,0,ALBERTON,MT,59,4,Dark,Cloudy,Main,Freight Train,34,195000,192000,387000,E24C,47.013,-114.591,65.8,65.9,66.3
MRL,2017027,2017-02-14,10:04 AM,Other impacts,0,ALBERTON,MT,30,2,Day,Clear,Main,Freight Train,36,50000,0,50000,H402,47.018,-114.518,20.8,23.1,24.8
LI,78081,2022-09-24,8:45 PM,Other (describe in narrative),0,ALBERTSON,NY,68,4,Dark,Clear,Main,Passenger Train - Pushing,35,45404,0,45404,M599,40.771367,-73.641641,58,59.4,65.9
BNSF,NE1115107,2015-11-21,12:43 PM,Derailment,0,ALBIA,IA,20,2,Day,Clear,Industry,Freight Train,2,56853,0,56853,H524,41.092172,-92.639999,33.3,23.2,27
BNSF,NE0615111,2015-06-24,6:00 PM,Other (describe in narrative),0,ALBIA,IA,70,2,Day,Rain,Main,Freight Train,1,24995,0,24995,M103,41.003613,-92.901491,69.7,68.2,71.4
ATK,168793,2021-10-27,11:27 AM,Hwy-rail crossing,0,ALBIA,IA,56,2,Day,Cloudy,Main,Passenger Train - Pulling,62,50000,0,50000,M302,41.034897,-92.856422,47.5,52.9,47.2
ATK,169524,2022-01-19,10:13 AM,Hwy-rail crossing,0,ALBIA,IA,7,2,Day,Clear,Main,Passenger Train - Pulling,70,14386,0,14386,M302,41.061985,-92.7259,33.3,12.2,-0.9
BNSF,CH1021202,2021-10-27,11:26 AM,Hwy-rail crossing,0,ALBIA,IA,56,2,Day,Cloudy,Main,,0,0,0,50000,M302,41.074819,-92.72684,47.5,52.9,47.2
BNSF,CH1018105,2018-10-10,8:51 AM,Derailment,0,ALBIA,IA,65,2,Day,Cloudy,Main,Freight Train,8,1914648,674319,2588967,M103,41.032757,-92.845979,69.9,57,41.1
BNSF,CH0122204,2022-01-19,10:13 AM,Hwy-rail crossing,0,ALBIA,IA,7,2,Day,Cloudy,Main,,0,0,0,14386,M302,41.061985,-92.7259,33.3,12.2,-0.9
BNSF,CH0419107,2019-04-17,3:55 PM,Derailment,0,ALBIA,IA,65,2,Day,Clear,Industry,Freight Train,4,72858,2000,74858,H305,41.092575,-92.65539,63.6,65.9,49.4
BNSF,CH1116102,2016-11-08,7:58 AM,Derailment,0,ALBIA,IA,50,1,Dawn,Clear,Main,Freight Train,20,6811,258000,264811,E62C,41.092487,-92.655042,53.6,53,43.1
BNSF,CH0719102,2019-07-07,4:22 PM,Derailment,0,ALBIA,IA,90,2,Day,Clear,Main,Freight Train,7,21825,0,49880,T110,41.031063,-92.802697,76,75.4,75.3
ISRY,07072019,2019-07-07,4:22 PM,Derailment,0,ALBIA,IA,90,2,Day,Clear,Main,Freight Train,7,0,28055,49880,T110,41.031063,-92.802697,76,75.4,75.3
NS,132624,2019-01-28,10:15 AM,Other (describe in narrative),0,ALBION,IL,46,2,Day,Clear,Industry,Freight Train,2,11570,47258,58828,H306,38.3723,-88.023634,26.4,33.6,18.1
NS,153477,2023-06-29,4:30 PM,Derailment,0,ALBION,MI,80,2,Day,Clear,Industry,Freight Train,10,151,0,16401,H303,42.257904,-84.785442,67.2,74.5,77.2
NCRC,OP121719,2019-12-17,4:45 PM,Raking collision,0,ALBION,NE,20,3,Dusk,Clear,Main,Light loco(s),5,1720,0,33020,H302,41.693378,-98.003929,13.5,20.8,24.8
ATK,175372,2023-06-29,4:30 PM,Derailment,0,ALBION,MI,80,2,Day,Clear,Main,,0,0,16250,16401,H303,42.257904,-84.785442,67.2,74.5,77.2
NCRC,OP121719,2019-12-17,4:45 PM,Raking collision,0,ALBION,NE,20,3,Dusk,Clear,Main,Cut of cars,5,31300,0,33020,H302,41.693378,-98.003929,13.5,20.8,24.8
CSX,000197700,2021-05-20,12:40 PM,Hwy-rail crossing,0,ALBION,IN,87,2,Day,Clear,Main,Freight Train,35,3171,32766,35937,M304,41.391147,-85.424025,68.7,72.4,72.3
NCRC,OP011515,2015-01-15,10:10 PM,Derailment,0,ALBION,NE,30,4,Dark,Clear,Industry,Yard/switching,5,25000,20000,45000,T314,41.679806,-97.982895,25.7,32.2,38.1
WC,958753,2018-05-10,6:23 AM,Derailment,0,ALBORN,MN,32,1,Dawn,Clear,Main,Freight Train,26,276225,342547,618772,T001,47.010899,-92.585707,43.7,45.1,42.1
BNSF,SW0915109,2015-09-27,4:44 PM,Derailment,0,ALBUQUERQUE,NM,75,2,Day,Clear,Yard,Yard/switching,7,28100,5000,33100,H525,35.059983,-106.65179,70.4,74.1,74.3
BNSF,SW0217109,2017-02-22,10:29 AM,Raking collision,0,ALBUQUERQUE,NM,60,2,Day,Clear,Yard,Yard/switching,8,655,0,278655,H307,35.055231,-106.652707,53.6,53.6,47.6
NMRX,08032017,2017-03-08,1:20 AM,Derailment,0,ALBUQUERQUE,NM,40,4,Dark,Clear,Yard,,0,0,439,20439,M507,35.07295,-106.64916,43.9,49.9,56.4
BNSF,SW0619106,2019-06-25,10:40 AM,Derailment,0,ALBUQUERQUE,NM,80,2,Day,Clear,Industry,Yard/switching,6,46121,1500,47621,H210,35.170718,-106.598105,71.2,76.7,79.6
BNSF,SW1018108,2018-10-15,12:02 PM,Derailment,0,ALBUQUERQUE,NM,50,2,Day,Clear,Yard,Yard/switching,4,10501,19800,30301,H607,35.055822,-106.652685,52.7,38.5,43.9
BNSF,SW0723103,2023-07-03,7:00 PM,Other impacts,0,ALBUQUERQUE,NM,95,3,Dusk,Clear,Yard,Yard/switching,4,17285,1898,102822,H318,35.055234,-106.65271,80.9,81.9,84.8
BNSF,SW0723103,2023-07-03,7:00 PM,Other impacts,0,ALBUQUERQUE,NM,95,3,Dusk,Clear,Yard,Yard/switching,0,83639,0,102822,H318,35.055234,-106.65271,80.9,81.9,84.8
NMRX,1062015,2015-01-06,10:52 PM,Derailment,0,ALBUQUERQUE,NM,38,4,Dark,Clear,Yard,Commuter Train - Pulling,9,36406,148,36554,M503,35.085808,-106.646913,32,40.2,36.3
NMRX,NMRX00002F,2023-01-27,5:05 PM,Derailment,0,ALBUQUERQUE,NM,38,3,Dusk,Clear,Yard,Yard/switching,5,14000,9538,37538,T311,35.04906,-106.653605,28.1,29.4,34.8
BNSF,SW0317101,2017-03-08,1:20 AM,Derailment,0,ALBUQUERQUE,NM,40,4,Dark,Clear,Yard,Yard/switching,10,20000,0,20439,T314,35.07295,-106.64916,43.9,49.9,56.4
NMRX,07162017,2017-07-16,5:20 PM,Derailment,0,ALBUQUERQUE,NM,86,2,Day,Cloudy,Yard,Freight Train,0,0,0,35308,T110,35.076423,-106.648553,79.8,77,77.3
ATK,148478,2017-07-16,5:20 PM,Derailment,0,ALBUQUERQUE,NM,86,2,Day,Cloudy,Yard,Yard/switching,5,35308,0,35308,T110,35.076423,-106.648553,79.8,77,77.3
BNSF,SW0622111,2022-06-15,11:30 PM,Derailment,0,ALBUQUERQUE,NM,65,4,Dark,Clear,Yard,Single Car,0,8000,0,29666,T314,35.066705,-106.650528,81.5,80.4,83.4
BNSF,SW0123109,2023-01-27,5:05 PM,Derailment,0,ALBUQUERQUE,NM,38,3,Dusk,Clear,Yard,Yard/switching,5,14000,0,37538,T311,35.04906,-106.653605,28.1,29.4,34.8
BNSF,SW0721110,2021-07-29,2:02 PM,Derailment,0,ALBUQUERQUE,NM,98,2,Day,Clear,Industry,Yard/switching,5,44222,0,44222,T202,34.994731,-106.663932,79.5,80.2,78.5
BNSF,SW0622111,2022-06-15,11:30 PM,Derailment,0,ALBUQUERQUE,NM,65,4,Dark,Clear,Yard,Yard/switching,10,17166,4500,29666,T314,35.066705,-106.650528,81.5,80.4,83.4
DAIR,012015,2015-06-09,5:24 PM,Derailment,0,ALCESTER,SD,95,2,Day,Clear,Main,Freight Train,16,51980,102460,154440,T109,43.064861,-96.489547,73.4,80.2,75.1
CSX,000212220,2023-07-10,3:50 PM,Hwy-rail crossing,0,ALCOLU,SC,72,2,Day,Rain,Main,Freight Train,38,12083,9494,21577,M302,33.784657,-80.241399,78.9,72.8,77.2
UP,0822GP021,2022-08-28,8:30 AM,Derailment,0,ALDA,NE,67,2,Day,Clear,Main,Freight Train,45,3488,161959,165447,E33C,40.862463,-98.483119,74.4,78.4,75
UP,0324GP039,2024-03-29,9:16 PM,Hwy-rail crossing,0,ALDA,NE,53,4,Dark,Cloudy,Main,Freight Train,56,8330,10925,19255,M303,40.869825,-98.467009,49.7,49.6,41.3
UP,0523GL007,2023-05-06,10:00 PM,Other (describe in narrative),0,ALDEN,IA,65,4,Dark,Cloudy,Main,Freight Train,15,2413,16810,19223,E61C,42.419744,-93.375583,61.9,61.7,64.3
CP,1000419966,2016-07-06,3:42 PM,Hwy-rail crossing,0,ALDEN,MN,81,2,Day,Clear,Main,Light loco(s),30,16189,150,16339,M302,43.675979,-93.59576,73.4,71.7,70.7
CSX,000210146,2023-02-26,11:23 AM,Fire/violent rupture,0,ALDERSON,WV,72,2,Day,Clear,Main,Freight Train,25,126484,0,126484,H515,37.708546,-80.667179,37.1,44.1,45.3
NS,144128,2022-01-25,5:02 AM,Other impacts,0,ALDORA,GA,54,1,Dawn,Cloudy,Industry,Freight Train,5,19114,0,19114,H307,33.079363,-84.198247,45.4,49.3,43.7
UP,1223TO017,2023-12-17,9:51 AM,Hwy-rail crossing,0,ALEDO,TX,60,2,Day,Clear,Main,Freight Train,48,829588,222214,1051802,M303,32.718304,-97.673586,46.9,50.4,50.7
UP,1217FW023,2017-12-18,6:40 PM,Obstruction,0,ALEDO,TX,55,3,Dusk,Rain,Main,Light loco(s),45,500,95169,95669,M402,32.719423,-97.676123,48.1,50.2,58.1
UP,0717FW017,2017-07-14,9:35 PM,Fire/violent rupture,0,ALEDO,TX,92,4,Dark,Clear,Main,Freight Train,40,23994,0,23994,E73L,32.696454,-97.60327,87.2,88.4,86.8
UP,1023MA049,2023-10-31,8:56 PM,Hwy-rail crossing,0,ALEXANDER,AR,42,4,Dark,Clear,Main,Freight Train,43,11059,109300,120359,M302,34.612458,-92.46814,46.1,44.7,40.4
AO,A2015AUG1D,2015-08-18,12:30 AM,Derailment,0,ALEXANDER,WV,65,4,Dark,Cloudy,Main,Freight Train,8,70000,0,70000,T314,38.782677,-80.221535,72.8,70.7,75.1
BEEM,BMRR201581,2015-08-18,12:30 AM,Derailment,0,ALEXANDER,WV,65,4,Dark,Cloudy,Main,Freight Train,0,0,0,70000,T314,38.782677,-80.221535,72.8,70.7,75.1
NS,152975,2023-05-01,11:15 AM,Rear end collision,0,ALEXANDRIA,PA,39,2,Day,Sleet,Main,Freight Train,0,5200,0,290275,H605,40.602179,-78.131051,52.9,45.1,41.1
NS,152975,2023-05-01,11:15 AM,Rear end collision,0,ALEXANDRIA,PA,39,2,Day,Sleet,Main,Freight Train,14,285075,0,290275,H605,40.602179,-78.131051,52.9,45.1,41.1
NS,152943,2023-04-28,12:15 PM,Derailment,0,ALEXANDRIA,IN,55,2,Day,Rain,Main,Freight Train,24,10200,5741,15941,E53C,40.248685,-85.633241,50.5,49.5,53.9
UP,0918LV016,2018-09-23,6:20 PM,Derailment,0,ALEXANDRIA,LA,90,3,Dusk,Clear,Yard,Yard/switching,10,30069,1576,31645,E67C,31.262416,-92.437923,77.4,78.2,79.1
UP,0917LV016,2017-09-25,3:23 AM,Derailment,0,ALEXANDRIA,LA,77,4,Dark,Fog,Yard,Yard/switching,2,7764,13694,21458,E30C,31.251087,-92.43462,77.8,77.3,77.6
UP,0718LV015,2018-07-19,9:50 AM,Other impacts,0,ALEXANDRIA,LA,93,2,Day,Clear,Yard,Yard/switching,7,6112,0,25150,H318,31.260908,-92.437174,81.7,84.6,85.9
CSX,000176497,2018-05-19,7:02 AM,Other (describe in narrative),0,ALEXANDRIA,VA,58,1,Dawn,Rain,Main,Freight Train,37,821900,6005760,7096141,M199,38.805618,-77.087475,64.8,63,77
UP,0119GP061,2019-01-30,8:50 PM,Derailment,0,ALEXANDRIA,NE,6,4,Dark,Clear,Main,Freight Train,10,72504,1792,74296,E71L,40.242507,-97.388959,18.2,3.5,18.5
UP,0718LV015,2018-07-19,9:50 AM,Other impacts,0,ALEXANDRIA,LA,93,2,Day,Clear,Yard,Yard/switching,7,19038,0,25150,H318,31.260908,-92.437174,81.7,84.6,85.9
UP,0518LV015,2018-05-14,2:55 AM,Derailment,0,ALEXANDRIA,LA,85,4,Dark,Clear,Yard,Light loco(s),4,7000,7938,14938,H702,31.273453,-92.439562,79.4,79.5,79.8
KCS,21022801,2021-02-28,1:15 PM,Rear end collision,0,ALEXANDRIA,LA,80,2,Day,Clear,Yard,Yard/switching,8,0,0,73498,H210,31.188641,-92.341059,71.3,73.2,59.5
KCS,21022801,2021-02-28,1:15 PM,Rear end collision,0,ALEXANDRIA,LA,80,2,Day,Clear,Yard,Freight Train,6,38800,34698,73498,H210,31.188641,-92.341059,71.3,73.2,59.5
UP,0915NP013,2015-09-20,10:40 PM,Derailment,0,ALEXANDRIA,NE,67,4,Dark,Cloudy,Main,Freight Train,5,11311,14676,25987,E67C,40.246306,-97.389612,59.5,64.9,67.2
UP,1123ES023,2023-11-14,11:35 AM,Obstruction,0,ALEXANDRIA,LA,63,2,Day,Cloudy,Main,Spec. MoW Equip.,0,6489,0,6489,H997,31.19489,-92.422341,60.9,61,57.9
UP,0516LV006,2016-05-06,4:30 PM,Derailment,0,ALEXANDRIA,LA,80,2,Day,Clear,Yard,Yard/switching,3,19370,10262,29632,H702,31.273451,-92.439514,68.1,66.4,67.3
UP,0619GC015,2019-06-12,7:05 PM,Derailment,0,ALEXANDRIA,LA,83,3,Dusk,Clear,Yard,Yard/switching,6,57016,6983,63999,H702,31.280578,-92.441066,73.3,74.7,76.2
UP,1123ES023,2023-11-14,11:35 AM,Obstruction,0,ALEXANDRIA,LA,63,2,Day,Cloudy,Main,Spec. MoW Equip.,10,0,0,6489,H997,31.19489,-92.422341,60.9,61,57.9
UP,0116LV006,2016-01-13,2:15 AM,Other impacts,0,ALEXANDRIA,LA,34,4,Dark,Clear,Yard,Yard/switching,5,12113,0,12113,E35C,31.261705,-92.437634,43.8,46.7,48.8
UP,0219GC018,2019-02-11,12:49 AM,Derailment,0,ALEXANDRIA,LA,58,4,Dark,Fog,Yard,Yard/switching,7,9210,8003,17213,H306,31.251074,-92.434673,51.9,65.4,57.6
UP,0119GC065,2019-01-24,6:15 AM,Derailment,0,ALEXANDRIA,LA,28,1,Dawn,Clear,Yard,Yard/switching,4,13109,61676,74785,T319,31.2604,-92.436703,43.5,37.9,41.3
UP,0619GP050,2019-06-28,4:00 PM,Derailment,0,ALEXANDRIA,NE,96,2,Day,Clear,Main,Freight Train,48,965727,403483,1369210,T102,40.230456,-97.334872,82.9,84.8,85.2
UP,1214LV018,2014-12-28,5:45 PM,Derailment,0,ALEXANDRIA,LA,50,4,Dark,Rain,Yard,Freight Train,5,3679,252067,256992,T207,31.251786,-92.434819,61.9,48.1,46.1
UP,1214LV018,2014-12-28,5:45 PM,Derailment,0,ALEXANDRIA,LA,50,4,Dark,Rain,Yard,Light loco(s),0,1246,0,256992,T207,31.251786,-92.434819,61.9,48.1,46.1
NS,129548,2018-05-19,7:15 AM,Other (describe in narrative),0,ALEXANDRIA,VA,70,1,Dawn,Clear,Main,EMU,0,0,268481,7096141,T002,38.806507,-77.108038,64.8,63,77
NMRX,24072022,2022-07-24,10:52 AM,Hwy-rail crossing,0,ALGODONES,NM,80,2,Day,Clear,Main,Commuter Train - Pulling,76,21076,0,21076,M308,35.388383,-106.466263,80.4,77.1,75.2
NMRX,01242016,2016-01-24,6:30 AM,Other impacts,0,ALGODONES,NM,30,1,Dawn,Clear,Main,Spec. MoW Equip.,12,57000,0,57000,M599,35.370815,-106.495231,37.1,38.6,32.7
AGR,AGR674024L,2024-01-23,12:30 PM,Rear end collision,0,ALICEVILLE,AL,70,2,Day,Rain,Main,Spec. MoW Equip.,10,21000,0,21000,H607,33.013356,-88.148059,39.9,55.7,61.8
AGR,AGR984917,2017-01-05,12:15 PM,Other (describe in narrative),0,ALICEVILLE,AL,48,2,Day,Cloudy,Main,Freight Train,36,22635,0,22635,E32C,33.13003,-88.15706,45.8,39.8,31.5
AGR,AGR620620,2020-06-24,6:30 AM,Derailment,0,ALICEVILLE,AL,74,4,Dark,Cloudy,Main,Freight Train,36,5208500,2704863,7913363,T202,33.153214,-88.229442,76.4,73.3,75.5
CSX,000220230,2024-08-29,11:44 PM,Side collision,0,ALIQUIPPA,PA,71,4,Dark,Clear,Industry,Freight Train,4,57201,76,76541,H307,40.617087,-80.242336,81.4,79.7,78.4
CSX,000220230,2024-08-29,11:44 PM,Side collision,0,ALIQUIPPA,PA,71,4,Dark,Clear,Industry,Freight Train,0,19264,0,76541,H307,40.617087,-80.242336,81.4,79.7,78.4
CSX,000213961,2023-10-10,12:02 AM,Derailment,0,ALLEN,KY,47,4,Dark,Cloudy,Main,Freight Train,24,9712,34758,44470,E62C,37.61221,-82.729787,50.8,54,53.9
BNSF,TC0619107,2019-06-16,5:05 PM,Derailment,0,ALLEN,NE,82,3,Dusk,Clear,Main,Freight Train,8,273565,64000,337565,T299,42.446805,-96.725904,73.1,72.5,69.6
WC,957215,2018-04-28,3:45 PM,Hwy-rail crossing,0,ALLENTON,WI,46,2,Day,Clear,Main,Freight Train,40,181,16157,16338,M308,43.380287,-88.309456,43,39.6,41.8
NS,142164,2021-07-12,9:49 AM,Other impacts,0,ALLENTOWN,PA,90,2,Day,Clear,Yard,Cut of cars,0,41176,0,41176,H601,40.611934,-75.426704,73.8,77.2,74.1
NS,151317,2022-10-30,1:45 AM,Other impacts,0,ALLENTOWN,PA,55,4,Dark,Clear,Yard,Single Car,0,750,0,40842,H312,40.611935,-75.426704,43.7,44.9,51.5
NS,141385,2021-04-29,4:30 AM,Side collision,0,ALLENTOWN,PA,63,1,Dawn,Rain,Yard,Yard/switching,0,12700,0,13450,H399,40.611934,-75.426704,69.6,69,58.8
NS,124377,2017-03-18,12:30 AM,Other impacts,0,ALLENTOWN,PA,35,4,Dark,Cloudy,Yard,Yard/switching,6,1100,4275,12625,H305,40.61193,-75.426706,34.4,33.2,39.1
NS,151317,2022-10-30,1:45 AM,Other impacts,0,ALLENTOWN,PA,55,4,Dark,Clear,Yard,Single Car,3,1800,5992,40842,H312,40.611935,-75.426704,43.7,44.9,51.5
NS,151317,2022-10-30,1:45 AM,Other impacts,0,ALLENTOWN,PA,55,4,Dark,Clear,Yard,Single Car,0,13300,0,40842,H312,40.611935,-75.426704,43.7,44.9,51.5
NS,154045,2023-08-28,2:09 AM,Derailment,0,ALLENTOWN,PA,55,4,Dark,Clear,Yard,Light loco(s),5,19771,165,19936,H703,40.611935,-75.426704,71.7,71.4,71.8
NS,155541,2024-01-24,1:20 PM,Other impacts,0,ALLENTOWN,PA,37,2,Day,Cloudy,Yard,Single Car,0,700,0,25700,H312,40.601252,-75.441088,34.7,36.9,44.3
NS,155541,2024-01-24,1:20 PM,Other impacts,0,ALLENTOWN,PA,37,2,Day,Cloudy,Yard,Single Car,4,25000,0,25700,H312,40.601252,-75.441088,34.7,36.9,44.3
NS,151317,2022-10-30,1:45 AM,Other impacts,0,ALLENTOWN,PA,55,4,Dark,Clear,Yard,Single Car,0,19000,0,40842,H312,40.611935,-75.426704,43.7,44.9,51.5
NS,141385,2021-04-29,4:30 AM,Side collision,0,ALLENTOWN,PA,63,1,Dawn,Rain,Yard,Single Car,3,750,0,13450,H399,40.611934,-75.426704,69.6,69,58.8
NS,125332,2017-06-06,3:05 PM,Derailment,0,ALLENTOWN,PA,72,2,Day,Cloudy,Yard,Yard/switching,2,2548,14219,16767,M411,40.61193,-75.426706,66.4,60.8,58.2
NS,136861,2020-01-16,9:09 PM,Derailment,0,ALLENTOWN,PA,30,4,Dark,Cloudy,Yard,Yard/switching,2,11270,1007,12277,M101,40.61193,-75.426706,42.8,42,26.2
NS,142164,2021-07-12,9:49 AM,Other impacts,0,ALLENTOWN,PA,90,2,Day,Clear,Yard,Cut of cars,7,0,0,41176,H601,40.611934,-75.426704,73.8,77.2,74.1
NS,154554,2023-10-21,3:31 PM,Other (describe in narrative),0,ALLENTOWN,PA,57,2,Day,Clear,Yard,Freight Train,6,1152,11949,13101,H702,40.611935,-75.426704,59.5,56.6,51.4
NS,137722,2020-04-13,7:53 AM,Other (describe in narrative),0,ALLENTOWN,PA,62,1,Dawn,Rain,Yard,Yard/switching,2,66887,5425,72312,H306,40.601252,-75.441088,51.4,62.1,48.9
NS,129934,2018-06-23,10:15 AM,Derailment,0,ALLENTOWN,PA,68,2,Day,Cloudy,Yard,Yard/switching,4,142113,49528,191641,E33C,40.61193,-75.426706,69.6,66.1,75.6
NS,124378,2017-03-18,3:26 AM,Other impacts,0,ALLENTOWN,PA,35,4,Dark,Cloudy,Yard,Yard/switching,8,9400,8048,17538,H602,40.61193,-75.426706,34.4,33.2,39.1
NS,124378,2017-03-18,3:26 AM,Other impacts,0,ALLENTOWN,PA,35,4,Dark,Cloudy,Yard,Freight Train,0,90,0,17538,H602,40.61193,-75.426706,34.4,33.2,39.1
NS,127578,2017-11-30,2:20 AM,Derailment,0,ALLENTOWN,PA,32,4,Dark,Clear,Yard,Yard/switching,7,37955,2536,40491,H306,40.61193,-75.426706,47,40.6,42.6
NS,135004,2019-08-06,11:42 AM,Other impacts,0,ALLENTOWN,PA,85,2,Day,Clear,Yard,Yard/switching,2,237250,3443,240693,E30C,40.61193,-75.426706,75.5,76.4,73.5
NS,124377,2017-03-18,12:30 AM,Other impacts,0,ALLENTOWN,PA,35,4,Dark,Cloudy,Yard,Yard/switching,0,7250,0,12625,H305,40.61193,-75.426706,34.4,33.2,39.1
NS,141571,2021-05-16,4:45 AM,Derailment,0,ALLENTOWN,PA,60,1,Dawn,Clear,Yard,Yard/switching,5,15562,4132,19694,H504,40.611934,-75.426704,60.3,60.4,61.6