reportingrailroadcode,accidentnumber,date,time,accidenttype,hazmatreleasedcars,station,stateabbr,temperature,visibility_code,visibility,weathercondition,tracktype,equipmenttype,trainspeed,equipmentdamagecost,trackdamagecost,totaldamagecost,primaryaccidentcausecode,latitude,longitude,prior_temp,actual_temp,following_temp
NS,136280,2019-11-22,4:14 PM,Derailment,0,ALLENTOWN,PA,27,3,Dusk,Clear,Yard,Light loco(s),5,67,21524,21591,T110,40.61193,-75.426706,46.9,45.5,36.6
UP,0718KC024,2018-07-25,3:11 PM,Fire/violent rupture,0,ALLERTON,IA,90,2,Day,Clear,Main,Freight Train,40,100000,0,100000,E71L,40.695691,-93.386802,74.8,73.4,72.5
BNSF,PR1016100,2016-10-01,7:45 PM,Derailment,0,ALLIANCE,NE,60,3,Dusk,Clear,Yard,Yard/switching,8,40675,250,40925,H702,42.066242,-102.899205,56.5,61.3,63.6
BNSF,PR0315106,2015-03-06,6:15 AM,Derailment,0,ALLIANCE,NE,35,1,Dawn,Clear,Yard,Freight Train,5,11248,3800,15048,T222,42.088048,-102.887092,22.4,36.5,40.2
BNSF,PR1022109,2022-10-18,4:41 AM,Other (describe in narrative),0,ALLIANCE,NE,32,1,Dawn,Clear,Main,Freight Train,2,0,18564,18564,H703,42.095011,-102.843498,39.8,42.5,46.8
BNSF,PR0718102,2018-07-03,7:10 PM,Derailment,0,ALLIANCE,NE,80,3,Dusk,Cloudy,Yard,Yard/switching,5,360,18860,19220,H607,42.092093,-102.869933,74.2,77.5,71.1
BNSF,PR0818101,2018-08-03,8:30 PM,Derailment,0,ALLIANCE,NE,74,3,Dusk,Clear,Yard,Yard/switching,5,50000,0,50000,M101,42.090933,-102.873759,72.8,68.5,69.9
NS,127953,2018-01-01,4:49 AM,Derailment,0,ALLIANCE,OH,-4,1,Dawn,Snow,Main,Freight Train,5,9600,2817,12417,E53C,40.930109,-81.106278,8.8,5.3,7.7
BNSF,PR0323102,2023-03-02,11:05 PM,Derailment,0,ALLIANCE,NE,30,4,Dark,Clear,Yard,Yard/switching,6,18929,0,18929,H702,42.069361,-102.895742,29.4,31.8,31.9
BNSF,PR1021106,2021-10-14,10:04 AM,Derailment,0,ALLIANCE,NE,50,2,Day,Clear,Yard,Freight Train,3,24750,20325,45075,H601,42.083057,-102.887871,38.5,37.1,38
BNSF,PR0119116,2019-01-17,10:34 PM,Derailment,0,ALLIANCE,NE,35,4,Dark,Clear,Yard,Yard/switching,5,63029,0,63029,H307,42.091327,-102.873247,27.6,30.8,22.9
BNSF,PR0620201,2020-06-06,7:05 AM,Hwy-rail crossing,0,ALLIANCE,NE,83,1,Dawn,Clear,Main,Freight Train,50,18588,500,19088,M302,42.13329,-102.912,72.5,73.6,71.7
BNSF,PR0618106,2018-06-15,10:36 PM,Derailment,0,ALLIANCE,NE,65,4,Dark,Cloudy,Yard,Light loco(s),2,18000,0,18000,H017,42.092197,-102.875241,75.1,71.9,72.8
BNSF,PR0220102,2020-02-07,5:15 PM,Derailment,0,ALLIANCE,NE,20,3,Dusk,Clear,Yard,Light loco(s),5,31309,0,31309,E49L,42.092611,-102.873608,22.6,25.5,35.2
BNSF,PR0222109,2022-02-13,1:06 PM,Derailment,0,ALLIANCE,NE,50,2,Day,Clear,Yard,Light loco(s),3,35749,80,35829,H307,42.092725,-102.877917,29.3,33.1,32.8
BNSF,PR1217101,2017-12-03,6:00 PM,Derailment,0,ALLIANCE,NE,55,3,Dusk,Clear,Yard,Light loco(s),5,11943,500,12443,H019,42.092151,-102.877769,36.8,35.3,25.3
BNSF,PR0123101,2023-01-02,4:00 PM,Derailment,0,ALLIANCE,NE,22,2,Day,Snow,Yard,Light loco(s),5,14476,1500,15976,M101,42.086544,-102.887296,32.9,28.7,21.2
BNSF,PR0123114,2023-01-25,4:45 AM,Derailment,0,ALLIANCE,NE,18,1,Dawn,Cloudy,Yard,Light loco(s),5,25811,8250,34061,M404,42.064332,-102.901826,19.2,23.5,26.8
BNSF,PR0221111,2021-02-28,4:00 AM,Other impacts,0,ALLIANCE,NE,40,1,Dawn,Clear,Yard,Yard/switching,9,15000,0,15000,H318,42.08366,-102.887827,30.7,27.3,31.7
BNSF,PR0215104,2015-02-15,4:30 PM,Derailment,0,ALLIANCE,NE,35,3,Dusk,Cloudy,Yard,Yard/switching,10,12072,500,12572,H318,42.094207,-102.865613,27.6,29.5,28
BNSF,PR0321102,2021-03-10,12:32 PM,Derailment,0,ALLIANCE,NE,50,2,Day,Cloudy,Yard,Light loco(s),3,36000,500,36500,H306,42.092648,-102.873466,45.6,30.2,25.9
BNSF,PR0823101,2023-08-01,3:00 AM,Derailment,0,ALLIANCE,NE,87,4,Dark,Rain,Yard,Yard/switching,4,83018,154,83172,H318,42.08097,-102.891124,73.9,75.4,73.2
BNSF,PR1217116,2017-12-29,11:55 AM,Derailment,0,ALLIANCE,NE,15,2,Day,Cloudy,Yard,Freight Train,10,1000,22460,23460,H707,42.083458,-102.889922,18.5,11.8,2
BNSF,PR1216112,2016-12-26,7:57 PM,Derailment,0,ALLIANCE,NE,16,4,Dark,Clear,Yard,Yard/switching,15,45072,0,45072,H602,42.069232,-102.89863,22.7,23.2,34
BNSF,PR1214111,2014-12-26,12:27 AM,Derailment,0,ALLIANCE,NE,20,4,Dark,Snow,Yard,Freight Train,6,29003,500,29503,H607,42.093173,-102.883843,27.2,17.6,8.2
BNSF,PR1020101,2020-10-05,2:49 AM,Derailment,0,ALLIANCE,NE,45,4,Dark,Clear,Yard,Yard/switching,7,14781,160,14941,H318,42.086443,-102.887461,53.4,57.7,57.6
BNSF,PR0620101,2020-06-06,8:00 PM,Side collision,0,ALLIANCE,NE,60,3,Dusk,Cloudy,Yard,Cut of cars,4,34419,0,59929,M105,42.084504,-102.886795,72.5,73.6,71.7
BNSF,PR0520109,2020-05-18,1:10 PM,Derailment,0,ALLIANCE,NE,80,2,Day,Clear,Yard,Freight Train,6,9720,5623,15343,H307,42.063074,-102.902591,52.8,58.4,63.6
BNSF,PR0715107,2015-07-17,8:55 PM,Side collision,0,ALLIANCE,NE,73,3,Dusk,Clear,Yard,Yard/switching,8,2160,0,12322,H607,42.067508,-102.897728,70.6,68.9,65.4
BNSF,PR0620101,2020-06-06,8:00 PM,Side collision,0,ALLIANCE,NE,60,3,Dusk,Cloudy,Yard,Cut of cars,2,25010,500,59929,M105,42.084504,-102.886795,72.5,73.6,71.7
NS,137868,2020-05-02,11:30 PM,Derailment,0,ALLIANCE,OH,62,4,Dark,Rain,Industry,Freight Train,9,167340,0,167340,H306,40.917381,-81.146912,47.6,57.6,67.7
BNSF,PR0622105,2022-06-19,2:08 AM,Derailment,0,ALLIANCE,NE,80,4,Dark,Clear,Yard,Light loco(s),6,20600,20000,40600,H607,42.093939,-102.875347,80.3,78.7,65.9
BNSF,PR1115111,2015-11-26,7:44 PM,Other (describe in narrative),0,ALLIANCE,NE,19,3,Dusk,Snow,Main,Freight Train,5,0,15000,15000,H605,42.094295,-102.880032,26.6,18.4,19.9
BNSF,PR1219102,2019-12-03,9:00 PM,Derailment,0,ALLIANCE,NE,32,4,Dark,Clear,Yard,Yard/switching,5,22000,500,22500,H607,42.094217,-102.876028,22.9,28.3,26.3
BNSF,PR0224109,2024-02-11,8:03 PM,Derailment,0,ALLIANCE,NE,35,3,Dusk,Clear,Yard,Light loco(s),2,76158,154,76312,H017,42.093264,-102.873542,25.9,18.3,27.7
BNSF,PR0715119,2015-07-29,8:10 PM,Other impacts,0,ALLIANCE,NE,74,3,Dusk,Clear,Yard,Light loco(s),22,10000,0,40000,H307,42.084985,-102.886903,67.4,64.6,72.1
BNSF,PR0518106,2018-05-09,5:35 AM,Derailment,0,ALLIANCE,NE,45,1,Dawn,Clear,Yard,Yard/switching,3,16259,0,16259,H307,42.07803,-102.890573,61,60.1,59.3
BNSF,PR0715119,2015-07-29,8:10 PM,Other impacts,0,ALLIANCE,NE,74,3,Dusk,Clear,Yard,Light loco(s),0,30000,0,40000,H307,42.084985,-102.886903,67.4,64.6,72.1
BNSF,PR0715120,2015-07-30,9:35 AM,Derailment,0,ALLIANCE,NE,68,2,Day,Clear,Yard,Yard/switching,8,15328,0,15328,H318,42.081465,-102.888404,64.6,72.1,71.6
BNSF,PR0715107,2015-07-17,8:55 PM,Side collision,0,ALLIANCE,NE,73,3,Dusk,Clear,Yard,Single Car,0,10162,0,12322,H607,42.067508,-102.897728,70.6,68.9,65.4
BNSF,PR0715101,2015-07-02,2:15 AM,Derailment,0,ALLIANCE,NE,61,4,Dark,Rain,Yard,Cut of cars,5,30384,0,30384,M105,42.066964,-102.898399,76.4,69.2,69.3
BNSF,PR1114116,2014-11-20,1:00 PM,Derailment,0,ALLIANCE,NE,50,2,Day,Clear,Yard,Freight Train,8,127998,188903,316901,E40C,42.088414,-102.886931,28.1,27.3,34.7
BNSF,PR0120109,2020-01-15,1:30 AM,Derailment,0,ALLIANCE,NE,34,4,Dark,Clear,Yard,Yard/switching,8,19404,0,19404,H303,42.067926,-102.898005,27.8,20.4,23.7
BNSF,PR0222119,2022-02-22,2:30 PM,Derailment,0,ALLIANCE,NE,3,2,Day,Clear,Yard,Light loco(s),3,15043,6900,21943,H702,42.093345,-102.866015,7.7,-6,-2.8
BNSF,PR1215105,2015-12-07,12:30 AM,Derailment,0,ALLIANCE,NE,36,4,Dark,Clear,Yard,Cut of cars,5,40614,0,839880,M105,42.094212,-102.875955,32.9,43.4,44
BNSF,PR1215105,2015-12-07,12:30 AM,Derailment,0,ALLIANCE,NE,36,4,Dark,Clear,Yard,Freight Train,10,573015,226251,839880,M105,42.094212,-102.875955,32.9,43.4,44
BNSF,PR0117115,2017-01-18,2:15 AM,Derailment,0,ALLIANCE,NE,21,4,Dark,Clear,Yard,Light loco(s),4,23190,500,23690,H602,42.093015,-102.868877,24.1,30.3,29.8
BNSF,PR0119110,2019-01-13,3:15 AM,Derailment,0,ALLIANCE,NE,12,4,Dark,Fog,Yard,Yard/switching,8,32556,0,32556,H318,42.094598,-102.852566,23.8,24.5,22.3
BNSF,PR0717101,2017-07-03,8:00 AM,Derailment,0,ALLIANCE,NE,75,1,Dawn,Clear,Industry,Freight Train,5,18619,250,18869,H306,42.129112,-102.908493,72.8,71.6,73.2
BNSF,PR0415109,2015-04-16,2:30 PM,Derailment,0,ALLIANCE,NE,62,2,Day,Clear,Yard,Light loco(s),4,24000,500,24500,T113,42.092957,-102.875623,49.5,45.6,46.3
BNSF,PR0515102,2015-05-10,8:40 AM,Derailment,0,ALLIANCE,NE,30,1,Dawn,Snow,Yard,Freight Train,7,68586,64800,133386,T207,42.06592,-102.900449,40.6,32.5,39.2
BNSF,TC0417117,2017-04-28,6:25 PM,Derailment,0,ALLOUEZ,WI,49,3,Dusk,Clear,Yard,Freight Train,9,98500,417347,515847,T403,46.681882,-92.025394,43,43.4,43.1
KNWA,221006002,2022-10-06,4:30 PM,Derailment,0,ALLOY,WV,70,2,Day,Clear,Industry,Freight Train,5,1500,20000,21500,T314,38.143705,-81.283356,52.2,53.9,55.5
RJCS,RJCS2301,2023-01-21,5:50 AM,Derailment,0,ALLSBROOK,SC,48,4,Dark,Clear,Main,Freight Train,8,30000,12000,42000,T220,34.010709,-78.962627,57.5,44.5,48.9
BNSF,CH1115104,2015-11-07,8:45 AM,Derailment,5,ALMA,WI,37,1,Dawn,Clear,Main,Freight Train,26,1013716,1216069,2229785,H519,44.350032,-91.935645,43.3,40,47.4
BNSF,CH0219125,2019-02-28,12:49 AM,Derailment,0,ALMA,WI,-8,4,Dark,Clear,Industry,Freight Train,8,75000,0,75000,M101,44.3039,-91.909848,9.6,8.3,15
UP,0115ES003,2015-01-16,12:30 PM,Obstruction,0,ALMA,AR,50,2,Day,Clear,Main,Spec. MoW Equip.,0,30000,0,86000,H307,35.457505,-94.275267,39,39.2,44.1
UP,0115ES003,2015-01-16,12:30 PM,Obstruction,0,ALMA,AR,50,2,Day,Clear,Main,Spec. MoW Equip.,0,51000,0,86000,H307,35.457505,-94.275267,39,39.2,44.1
WC,1139438,2023-09-28,8:40 AM,Hwy-rail crossing,0,ALMA CENTER,WI,62,2,Day,Cloudy,Main,Freight Train,39,18941,0,18941,M302,44.45602,-90.842995,63.5,62.4,63.7
BNSF,TC0920201,2020-09-10,3:40 PM,Hwy-rail crossing,0,ALPENA,SD,68,2,Day,Clear,Main,Freight Train,37,14514,350,14864,M302,44.141677,-98.334669,45.3,49,50.9
LSRC,D220720,2022-07-20,5:27 AM,Derailment,0,ALPENA,MI,80,1,Dawn,Clear,Main,Freight Train,8,19314,42076,61390,T221,45.037024,-83.475786,76,77.4,76.1
LSRC,D220620,2022-06-20,5:40 PM,Derailment,0,ALPENA,MI,75,2,Day,Clear,Yard,Freight Train,7,13495,100367,113862,T110,45.0447,-83.25528,56.3,60.1,72.6
TXPF,03112016,2016-03-11,12:20 PM,Obstruction,0,ALPINE,TX,51,2,Day,Clear,Yard,Freight Train,10,0,0,24079,H997,30.566882,-103.487505,49.6,51.1,59.2
TXPF,03112016,2016-03-11,12:20 PM,Obstruction,0,ALPINE,TX,51,2,Day,Clear,Yard,Spec. MoW Equip.,15,24079,0,24079,H997,30.566882,-103.487505,49.6,51.1,59.2
CSX,000198303,2021-06-17,10:29 AM,Derailment,0,ALPINE,AL,85,2,Day,Clear,Main,Freight Train,42,186632,759,187391,E33C,33.387519,-86.376936,72.4,73.7,76.4
CSX,000187829,2020-01-12,6:33 PM,Obstruction,0,ALPINE,AL,60,3,Dusk,Rain,Main,Freight Train,30,122564,48,122612,M404,33.397446,-86.331681,66.2,55.5,61.1
IHB,2630,2020-10-12,11:30 AM,Other impacts,0,ALSIP,IL,55,2,Day,Rain,Industry,Yard/switching,7,18500,8875,27375,H607,41.652943,-87.720133,63.1,59,56.6
UP,0816HO032,2016-08-17,3:35 AM,Hwy-rail crossing,0,ALTAIR,TX,92,4,Dark,Cloudy,Industry,Freight Train,6,10609,870,11479,M308,29.59991,-96.344887,77.6,77.6,77.8
CFRC,17334,2017-11-30,11:54 AM,Hwy-rail crossing,0,ALTAMONTE SPGS,FL,75,2,Day,Clear,Main,Commuter Train - Pulling,57,80000,9500,89500,M304,28.675791,-81.349279,72.3,70.8,69.3
UP,1216LK006,2016-12-02,4:30 PM,Derailment,0,ALTHEIMER,AR,55,2,Day,Clear,Main,Freight Train,37,693005,470869,1163874,T211,34.324217,-91.843138,44.9,47.2,46.9
UP,0315SL006,2015-03-15,9:30 AM,Hwy-rail crossing,0,ALTON,IL,40,2,Day,Clear,Main,,0,0,1200,22700,M308,38.91707,-90.14997,53.3,53.4,62.2
ATK,136679,2015-03-15,9:30 AM,Hwy-rail crossing,0,ALTON,IL,60,2,Day,Clear,Main,Passenger Train - Pulling,75,21500,0,22700,M308,38.91707,-90.14997,53.3,53.4,62.2
NS,156607,2024-05-05,10:45 PM,Other impacts,0,ALTON,IL,62,4,Dark,Rain,Yard,Yard/switching,7,93000,0,186000,H020,38.886748,-90.167969,68.7,63.1,67.3
UP,0918TC020,2018-09-23,3:49 AM,Derailment,0,ALTON,IA,60,4,Dark,Clear,Main,Freight Train,40,2459119,3857944,6317063,M103,42.990697,-96.00541,54.1,63.3,61.6
NS,156607,2024-05-05,10:45 PM,Other impacts,0,ALTON,IL,62,4,Dark,Rain,Yard,Cut of cars,2,93000,0,186000,H020,38.886748,-90.167969,68.7,63.1,67.3
NS,125030,2017-05-12,7:30 PM,Derailment,0,ALTON,IL,72,3,Dusk,Clear,Industry,Freight Train,7,9580,1500,11080,H306,38.888699,-90.180439,66.6,64.5,66.5
NS,144944,2022-04-11,12:25 PM,Other impacts,0,ALTON,IL,62,2,Day,Rain,Yard,Single Car,0,198,0,14488,M408,38.885122,-90.164027,58.7,58.3,61.6
NS,144944,2022-04-11,12:25 PM,Other impacts,0,ALTON,IL,62,2,Day,Rain,Yard,Single Car,0,14290,0,14488,M408,38.885122,-90.164027,58.7,58.3,61.6
NS,128286,2018-01-25,4:30 PM,Derailment,0,ALTON,IL,51,3,Dusk,Clear,Yard,Yard/switching,7,14653,0,14653,T314,38.886747,-90.167969,31.7,43.5,48.4
ATK,170886,2022-06-08,8:36 PM,Obstruction,0,ALTONA,IL,68,4,Dark,Clear,Main,Passenger Train - Pulling,68,117663,0,117663,M404,41.132735,-90.118976,69.3,66.5,67.5
BNSF,CH0622117,2022-06-08,8:36 PM,Obstruction,0,ALTONA,IL,68,3,Dusk,Clear,Main,,0,0,0,117663,M404,41.133012,-90.118225,69.3,66.5,67.5
NS,122091,2016-09-17,9:20 AM,Derailment,0,ALTOONA,PA,72,2,Day,Clear,Yard,Yard/switching,4,26985,3132,30117,H306,40.540629,-78.376493,62.8,68.4,71
NS,152431,2023-02-27,11:54 AM,Derailment,0,ALTOONA,PA,35,2,Day,Cloudy,Yard,Light loco(s),8,0,8892,14517,H503,40.517786,-78.395861,39.3,36.4,39.8
NS,130503,2018-08-08,7:45 PM,Other (describe in narrative),0,ALTOONA,PA,75,3,Dusk,Clear,Yard,Yard/switching,4,50410,5777,56187,H702,40.51778,-78.395867,75.3,75,74.6
NS,144751,2022-03-21,1:16 AM,Side collision,0,ALTOONA,PA,35,4,Dark,Clear,Yard,Yard/switching,1,4294,3144,82116,H306,40.517785,-78.395861,43.5,49.2,45
NS,144751,2022-03-21,1:16 AM,Side collision,0,ALTOONA,PA,35,4,Dark,Clear,Yard,Freight Train,5,74678,0,82116,H306,40.517785,-78.395861,43.5,49.2,45
NS,152860,2023-04-19,11:45 AM,Derailment,0,ALTOONA,PA,57,2,Day,Clear,Yard,Freight Train,5,29511,12858,42369,H506,40.535506,-78.380109,39.8,48.5,63
NS,115594,2015-05-08,7:45 PM,Derailment,0,ALTOONA,PA,72,3,Dusk,Clear,Siding,Freight Train,12,32533,42646,75179,H520,40.506424,-78.415688,64.7,70.2,69.1
NS,126894,2017-10-04,10:50 AM,Derailment,0,ALTOONA,PA,68,2,Day,Clear,Yard,Cut of cars,0,3515,0,34855,H306,40.529625,-78.385381,59.1,64,67.9
UP,1119GL025,2019-11-17,6:11 AM,Other impacts,0,ALTOONA,WI,34,1,Dawn,Cloudy,Yard,Yard/switching,1,19508,0,19508,H312,44.806747,-91.429066,35.6,35.2,31.9
UP,0416TC003,2016-04-22,11:10 AM,Other (describe in narrative),0,ALTOONA,WI,50,2,Day,Cloudy,Industry,Freight Train,6,0,15533,15533,H601,44.85031,-91.587027,58.4,47,52.2
NS,126894,2017-10-04,10:50 AM,Derailment,0,ALTOONA,PA,68,2,Day,Clear,Yard,Yard/switching,5,4407,26933,34855,H306,40.529625,-78.385381,59.1,64,67.9
UP,0724PR003,2024-07-03,12:40 AM,Other impacts,0,ALTOONA,WI,66,4,Dark,Clear,Yard,Cut of cars,0,8174,0,110910,H312,44.804888,-91.422184,63.4,73.9,65.3
UP,0422GL015,2022-04-09,4:05 PM,Derailment,0,ALTOONA,WI,52,2,Day,Cloudy,Yard,Yard/switching,6,315341,91303,406644,H306,44.803951,-91.419164,34.9,40.1,45.9
NS,137171,2020-02-13,5:44 PM,Other (describe in narrative),0,ALTOONA,PA,21,3,Dusk,Clear,Main,Freight Train,13,21927,0,27160,H504,40.500285,-78.426211,34.1,37.7,21.1
UP,0724PR003,2024-07-03,12:40 AM,Other impacts,0,ALTOONA,WI,66,4,Dark,Clear,Yard,Yard/switching,1,86669,3120,110910,H312,44.804888,-91.422184,63.4,73.9,65.3
UP,0817TC035,2017-08-30,8:41 PM,Other (describe in narrative),0,ALTOONA,WI,62,3,Dusk,Clear,Yard,Single Car,0,66765,0,66765,E29C,44.806319,-91.428813,63.6,66.1,57.9
NS,125112,2017-05-18,8:10 PM,Derailment,0,ALTOONA,PA,72,4,Dark,Clear,Yard,Yard/switching,3,28633,1000,29633,H306,40.542028,-78.375784,75.3,76.9,74.9
UP,0915TC001,2015-09-03,10:45 AM,Derailment,0,ALTOONA,WI,72,2,Day,Cloudy,Yard,Yard/switching,5,10086,1137,11223,H312,44.803893,-91.419168,71.3,72.2,75.9
UP,0521GL030,2021-05-29,2:30 AM,Derailment,0,ALTOONA,WI,39,4,Dark,Clear,Yard,Yard/switching,2,31064,57400,88464,H318,44.811701,-91.451004,48.3,51.8,51.3
NS,137171,2020-02-13,5:44 PM,Other (describe in narrative),0,ALTOONA,PA,21,3,Dusk,Clear,Main,Light loco(s),13,16,5217,27160,H504,40.500285,-78.426211,34.1,37.7,21.1
UP,0622GL026,2022-06-28,11:55 AM,Derailment,0,ALTOONA,WI,67,2,Day,Cloudy,Yard,Yard/switching,0,23509,528,24037,H018,44.811701,-91.451004,66.4,67.5,70
NS,131680,2018-11-14,8:00 AM,Derailment,0,ALTOONA,PA,28,2,Day,Clear,Main,Freight Train,20,10098,9241,19339,E67C,40.542028,-78.375784,35.4,29.9,27.8
UP,0724PR003,2024-07-03,12:40 AM,Other impacts,0,ALTOONA,WI,66,4,Dark,Clear,Yard,Cut of cars,0,11387,0,110910,H312,44.804888,-91.422184,63.4,73.9,65.3
UP,1119GL025,2019-11-17,6:11 AM,Other impacts,0,ALTOONA,WI,34,1,Dawn,Cloudy,Yard,Single Car,0,0,0,19508,H312,44.806747,-91.429066,35.6,35.2,31.9
UP,0224PR017,2024-02-25,4:31 AM,Derailment,0,ALTOONA,WI,33,1,Dawn,Clear,Yard,Yard/switching,3,17580,200,17780,H318,44.810171,-91.444516,25.5,39.8,41.6
NS,127621,2017-12-03,10:01 AM,Derailment,0,ALTOONA,PA,40,2,Day,Clear,Yard,Yard/switching,7,3484,19427,22911,H702,40.542028,-78.375784,34.2,38.6,40.7
NS,152912,2022-11-20,4:40 PM,Other (describe in narrative),0,ALTOONA,PA,17,3,Dusk,Clear,Yard,Yard/switching,6,2000,24000,26000,H702,40.542032,-78.375783,24.9,22.7,29.1
NS,155837,2024-02-22,4:32 PM,Rear end collision,0,ALTOONA,PA,37,3,Dusk,Clear,Main,Freight Train,0,20000,0,35000,H605,40.491877,-78.431479,34.9,36,42.1
NS,155837,2024-02-22,4:32 PM,Rear end collision,0,ALTOONA,PA,37,3,Dusk,Clear,Main,Freight Train,12,15000,0,35000,H605,40.491877,-78.431479,34.9,36,42.1
NS,152431,2023-02-27,11:54 AM,Derailment,0,ALTOONA,PA,35,2,Day,Cloudy,Yard,Freight Train,8,5625,0,14517,H503,40.517786,-78.395861,39.3,36.4,39.8
NS,124574,2017-04-03,11:58 AM,Derailment,0,ALTOONA,PA,65,2,Day,Clear,Yard,Light loco(s),5,11262,0,11262,H306,40.529625,-78.385381,46.4,52.8,58
IAIS,2019011,2019-02-20,7:54 AM,Hwy-rail crossing,0,ALTOONA,IA,28,1,Dawn,Cloudy,Main,Freight Train,33,24227,0,24227,M308,41.672572,-93.425809,7.9,27.2,19.7
NS,117955,2015-10-28,2:03 AM,Derailment,0,ALTOONA,PA,72,4,Dark,Rain,Yard,Freight Train,9,166000,9900,175900,T207,40.524932,-78.389589,44.1,56.8,54.8
NS,129211,2018-04-20,11:30 AM,Derailment,0,ALTOONA,PA,50,2,Day,Clear,Yard,Work train,2,3807,17208,21015,T110,40.529625,-78.385381,38.7,40.1,44.3
NS,141194,2021-04-09,11:00 PM,Derailment,0,ALTOONA,PA,50,4,Dark,Clear,Yard,Freight Train,8,176813,44985,221798,T207,40.517785,-78.395861,61.4,52.6,56.7
NS,155120,2023-12-20,3:10 AM,Derailment,0,ALTOONA,PA,20,4,Dark,Clear,Yard,Freight Train,6,350318,38656,388974,T207,40.542032,-78.375783,28.5,29.3,32.4
BNSF,KS0620202,2020-06-18,6:09 PM,Hwy-rail crossing,0,ALVA,OK,94,3,Dusk,Clear,Main,Freight Train,44,11000,0,11000,M308,36.813806,-98.684089,85,85.2,70.3
BNSF,KS0516112,2016-05-18,12:45 PM,Other (describe in narrative),0,ALVA,OK,81,2,Day,Clear,Main,Maint./inspect Car,5,20000,0,20000,H997,36.81236,-98.69679,54.5,55.6,53.6
BNSF,KS1223107,2023-12-09,1:03 PM,Derailment,0,ALVA,OK,55,2,Day,Clear,Main,Freight Train,50,41250,365123,406373,T314,36.825132,-98.638911,49.2,42.4,35.5
BNSF,RD0923134,2023-09-21,3:43 PM,Derailment,0,ALVIN,TX,90,2,Day,Clear,Siding,Freight Train,0,0,601922,775462,T108,29.402265,-95.177423,83,85.4,84.9
UP,0923GC033,2023-09-21,3:43 PM,Derailment,0,ALVIN,TX,97,2,Day,Clear,Siding,Freight Train,18,165684,7856,775462,T108,29.401269,-95.175697,83,85.4,84.9
BNSF,TC0521201,2021-05-21,11:55 AM,Hwy-rail crossing,0,ALVORD,IA,80,2,Day,Cloudy,Main,Freight Train,46,2000,87000,89000,M302,43.345927,-96.303701,66.6,71,74.5
BNSF,TC0624118,2024-06-21,3:42 AM,Derailment,0,ALVORD,IA,67,4,Dark,Rain,Main,Freight Train,20,957661,180000,1137661,M103,43.326472,-96.294752,62.7,70,71.2
CC,834267,2014-12-03,9:09 AM,Hwy-rail crossing,0,ALWORTH,IL,27,2,Day,Clear,Main,Freight Train,45,30552,6001,36553,M308,42.243399,-89.245865,24.4,27.5,28.2
UP,1015LV007,2015-10-10,6:50 PM,Side collision,0,AMA,LA,66,4,Dark,Clear,Yard,Cut of cars,0,3396,0,15663,H306,29.933887,-90.307682,76.7,73.5,69
UP,1015LV007,2015-10-10,6:50 PM,Side collision,0,AMA,LA,66,4,Dark,Clear,Yard,Freight Train,1,8791,2286,15663,H306,29.933887,-90.307682,76.7,73.5,69
UP,1220GC001,2020-12-02,9:50 AM,Derailment,0,AMA,LA,53,2,Day,Cloudy,Industry,Yard/switching,5,33133,400,33533,T110,29.935787,-90.298731,46.8,52,67
CIC,GCA202499,2024-08-15,2:00 AM,Hwy-rail crossing,0,AMANA,IA,69,4,Dark,Rain,Main,Freight Train,0,12000,0,12000,M302,41.66246,-92.066519,67.6,73,73.9
BNSF,KS0316106,2016-03-21,1:15 AM,Side collision,0,AMARILLO,TX,38,4,Dark,Clear,Yard,Light loco(s),8,4185,0,24038,H607,35.191656,-101.831324,39.6,55.8,65.5
BNSF,KS0915104,2015-09-08,1:59 PM,Derailment,0,AMARILLO,TX,98,2,Day,Clear,Yard,Yard/switching,10,61991,3500,65491,H318,35.194261,-101.830891,80.6,76.8,72.3
BNSF,KS0416101,2016-04-10,10:00 PM,Derailment,0,AMARILLO,TX,55,4,Dark,Rain,Yard,Freight Train,0,107199,0,122313,H020,35.199377,-101.82907,61.5,66,46.6
BNSF,KS1022103,2022-10-07,6:33 PM,Broken train collision,0,AMARILLO,TX,55,3,Dusk,Cloudy,Yard,Yard/switching,9,751006,277422,1028428,E39C,35.179575,-101.836517,62.8,56.5,47.7
BNSF,KS0416101,2016-04-10,10:00 PM,Derailment,0,AMARILLO,TX,55,4,Dark,Rain,Yard,Cut of cars,3,15114,0,122313,H020,35.199377,-101.82907,61.5,66,46.6
BNSF,KS0518109,2018-05-31,10:00 PM,Derailment,0,AMARILLO,TX,65,4,Dark,Clear,Yard,Yard/switching,7,27867,7500,35367,H318,35.212901,-101.818938,77.7,79,87
BNSF,KS0215107,2015-02-20,3:50 AM,Side collision,0,AMARILLO,TX,27,4,Dark,Clear,Industry,Yard/switching,6,50300,0,70525,H307,35.226439,-101.740386,47.3,50.8,42
BNSF,KS0415107,2015-04-24,12:30 PM,Other (describe in narrative),0,AMARILLO,TX,73,2,Day,Clear,Yard,Yard/switching,5,102235,0,102235,H318,35.196907,-101.829516,59.4,63.7,66.6
BNSF,KS0415107,2015-04-24,12:30 PM,Other (describe in narrative),0,AMARILLO,TX,73,2,Day,Clear,Yard,Light loco(s),2,0,0,102235,H318,35.196907,-101.829516,59.4,63.7,66.6
BNSF,KS0822102,2022-08-05,7:20 PM,Derailment,0,AMARILLO,TX,90,3,Dusk,Clear,Yard,Freight Train,3,53341,2500,55841,E34C,35.211929,-101.822056,80.1,83.9,85.3