reportingrailroadcode,accidentnumber,date,time,accidenttype,hazmatreleasedcars,station,stateabbr,temperature,visibility_code,visibility,weathercondition,tracktype,equipmenttype,trainspeed,equipmentdamagecost,trackdamagecost,totaldamagecost,primaryaccidentcausecode,latitude,longitude,prior_temp,actual_temp,following_temp
BNSF,KS0322107,2022-03-11,1:15 PM,Other impacts,0,AMARILLO,TX,35,2,Day,Clear,Yard,Yard/switching,3,28796,0,28951,H310,35.188359,-101.832629,23,25.1,38.6
BNSF,KS0119111,2019-01-31,8:17 PM,Derailment,0,AMARILLO,TX,55,3,Dusk,Clear,Yard,Yard/switching,10,8222,10000,18222,H703,35.200898,-101.828608,34.1,39.2,41.4
BNSF,KS1022107,2022-10-15,12:02 PM,Derailment,0,AMARILLO,TX,70,2,Day,Clear,Yard,Yard/switching,6,17850,21000,38850,E46C,35.19498,-101.829879,63,64.9,53.9
BNSF,KS0620110,2020-06-19,10:40 AM,Derailment,0,AMARILLO,TX,89,2,Day,Clear,Yard,Yard/switching,5,35784,193647,229431,H523,35.207021,-101.826344,79.7,72.2,72.6
BNSF,KS0822105,2022-08-10,10:39 AM,Derailment,0,AMARILLO,TX,90,2,Day,Cloudy,Yard,Yard/switching,10,9690,2100,11790,H702,35.212473,-101.826753,78.5,76.3,78.6
BNSF,KS0122106,2022-01-05,6:07 PM,Derailment,0,AMARILLO,TX,36,3,Dusk,Clear,Industry,Freight Train,2,800,32109,32909,H307,35.221821,-101.800735,49,37,16.6
BNSF,KS0723115,2023-07-29,4:00 PM,Other (describe in narrative),0,AMARILLO,TX,85,2,Day,Clear,Yard,Freight Train,1,250,21000,21250,H995,35.195135,-101.829157,85.7,86.5,84.9
BNSF,KS0224111,2024-02-14,6:45 PM,Derailment,0,AMARILLO,TX,59,3,Dusk,Clear,Yard,Yard/switching,0,18557,0,18557,H018,35.181795,-101.835631,41.2,48.8,44.7
BNSF,KS0322107,2022-03-11,1:15 PM,Other impacts,0,AMARILLO,TX,35,2,Day,Clear,Yard,Yard/switching,0,155,0,28951,H310,35.188359,-101.832629,23,25.1,38.6
BNSF,KS0324112,2024-03-27,4:09 AM,Derailment,0,AMARILLO,TX,53,1,Dawn,Clear,Yard,Yard/switching,3,43662,0,76272,H309,35.187511,-101.833309,37.2,41.5,52.6
BNSF,KS0620101,2020-06-03,8:55 AM,Derailment,0,AMARILLO,TX,62,1,Dawn,Clear,Yard,Yard/switching,4,14291,11000,25291,H318,35.211042,-101.817697,76.6,79.7,77.5
BNSF,KS0119105,2019-01-18,6:00 PM,Derailment,0,AMARILLO,TX,32,3,Dusk,Snow,Yard,Yard/switching,6,6013,8500,14513,H306,35.114695,-101.86079,47.7,45.9,32.4
BNSF,KS1223121,2023-12-19,1:45 PM,Derailment,0,AMARILLO,TX,54,2,Day,Clear,Yard,,0,0,24968,37668,E67C,35.213202,-101.803734,42.2,47.9,50.4
BNSF,KS0719113,2019-07-30,5:20 AM,Side collision,0,AMARILLO,TX,78,1,Dawn,Clear,Yard,Yard/switching,3,139389,0,172866,H307,35.201185,-101.828452,81,82.3,85.6
BNSF,KS0820115,2020-08-29,8:46 PM,Obstruction,0,AMARILLO,TX,64,3,Dusk,Rain,Main,Cut of cars,0,260806,0,262306,M105,35.226757,-101.738966,87.4,77.1,76.9
BNSF,KS1221107,2021-12-07,7:46 AM,Derailment,0,AMARILLO,TX,40,1,Dawn,Clear,Yard,Yard/switching,4,6070,26000,32070,E07C,35.212027,-101.821087,32.7,40.7,46.7
BNSF,KS0824126,2024-08-30,2:58 AM,Derailment,0,AMARILLO,TX,60,4,Dark,Rain,Yard,Yard/switching,5,20826,3500,24326,H303,35.212697,-101.830195,78.4,73.5,74.2
BNSF,KS0219104,2019-02-10,9:00 PM,Derailment,0,AMARILLO,TX,50,4,Dark,Clear,Yard,Yard/switching,5,17975,0,17975,H307,35.212179,-101.821052,30.1,42.9,45.6
BNSF,KS1218115,2018-12-15,1:00 AM,Other (describe in narrative),0,AMARILLO,TX,30,4,Dark,Clear,Yard,Yard/switching,10,0,27828,27828,M409,35.201736,-101.828231,34.7,43.2,46.4
BNSF,KS0919103,2019-09-03,9:36 PM,Side collision,0,AMARILLO,TX,73,4,Dark,Clear,Yard,Yard/switching,10,70000,21000,290731,H607,35.200816,-101.828647,78.9,79.9,78.1
BNSF,KS0217111,2017-02-25,4:00 AM,Other (describe in narrative),0,AMARILLO,TX,27,1,Dawn,Clear,Yard,Yard/switching,4,23200,20000,43200,H607,35.204914,-101.825448,34.3,34.7,44.6
BNSF,RD1122131,2022-11-30,7:25 AM,Derailment,0,AMARILLO,TX,18,1,Dawn,Clear,Main,Freight Train,15,322882,80000,402882,H306,35.195385,-101.701784,41.5,27.8,39.7
BNSF,KS0523103,2023-05-17,6:19 PM,Derailment,0,AMARILLO,TX,76,3,Dusk,Clear,Yard,Freight Train,10,48549,7000,55549,H307,35.213603,-101.83495,65.9,72,65.7
BNSF,KS0823112,2023-08-30,4:50 PM,Other (describe in narrative),0,AMARILLO,TX,75,2,Day,Clear,Yard,Freight Train,2,25050,0,25050,H307,35.213338,-101.835406,73.4,76.6,79.2
BNSF,KS0622115,2022-06-24,9:40 PM,Derailment,0,AMARILLO,TX,75,4,Dark,Clear,Yard,Freight Train,6,12433,76900,89333,M203,35.198603,-101.829265,84.9,87.8,82.7
BNSF,KS0222201,2022-02-01,5:26 PM,Hwy-rail crossing,0,AMARILLO,TX,18,3,Dusk,Cloudy,Main,Freight Train,45,14335,7000,21335,M302,35.241219,-101.689108,47.1,40.2,18.6
BNSF,KS0719113,2019-07-30,5:20 AM,Side collision,0,AMARILLO,TX,78,1,Dawn,Clear,Yard,Yard/switching,6,33477,0,172866,H307,35.201185,-101.828452,81,82.3,85.6
BNSF,KS0820101,2020-08-04,10:00 PM,Side collision,0,AMARILLO,TX,91,4,Dark,Clear,Yard,Yard/switching,5,2208,500,22929,H306,35.187282,-101.833263,76.5,79.6,78
BNSF,KS1218107,2018-12-14,9:12 PM,Derailment,0,AMARILLO,TX,36,4,Dark,Clear,Yard,Light loco(s),6,500,23000,23500,H307,35.192691,-101.830616,39.6,34.7,43.2
BNSF,KS0820101,2020-08-04,10:00 PM,Side collision,0,AMARILLO,TX,91,4,Dark,Clear,Yard,Yard/switching,0,20221,0,22929,H306,35.187282,-101.833263,76.5,79.6,78
BNSF,KS0518101,2018-05-04,9:00 AM,Derailment,0,AMARILLO,TX,55,2,Day,Clear,Yard,Freight Train,8,21200,1500,22700,H503,35.187072,-101.833386,66.6,60.8,66.7
BNSF,KS0820115,2020-08-29,8:46 PM,Obstruction,0,AMARILLO,TX,64,3,Dusk,Rain,Main,Freight Train,15,1500,0,262306,M105,35.226757,-101.738966,87.4,77.1,76.9
BNSF,KS0918103,2018-09-04,12:40 PM,Derailment,0,AMARILLO,TX,81,2,Day,Clear,Yard,Freight Train,8,51000,0,51000,H503,35.212918,-101.820005,73.1,75.1,70
BNSF,KS0919103,2019-09-03,9:36 PM,Side collision,0,AMARILLO,TX,73,4,Dark,Clear,Yard,Freight Train,8,199731,0,290731,H607,35.200816,-101.828647,78.9,79.9,78.1
BNSF,KS0823110,2023-08-16,5:18 PM,Derailment,0,AMARILLO,TX,101,3,Dusk,Clear,Yard,Yard/switching,8,813438,34969,848407,E46C,35.194786,-101.830853,76.4,83.8,87.4
BNSF,KS0618105,2018-06-23,6:45 AM,Derailment,0,AMARILLO,TX,65,1,Dawn,Clear,Yard,Yard/switching,7,17401,0,17401,H318,35.194018,-101.830624,81.1,74.8,76.8
BNSF,KS0324112,2024-03-27,4:09 AM,Derailment,0,AMARILLO,TX,53,1,Dawn,Clear,Yard,Yard/switching,4,27610,5000,76272,H309,35.187511,-101.833309,37.2,41.5,52.6
BNSF,KS0521107,2021-05-27,12:20 PM,Derailment,0,AMARILLO,TX,80,2,Day,Clear,Yard,Yard/switching,6,15113,2000,17113,H312,35.197878,-101.829438,73.7,72.7,65.9
BNSF,KS0419103,2019-04-10,12:46 AM,Derailment,0,AMARILLO,TX,47,4,Dark,Clear,Yard,Yard/switching,4,23371,2500,25871,H318,35.210858,-101.816737,67.9,67.7,41.1
BNSF,KS0419108,2019-04-22,2:00 AM,Derailment,0,AMARILLO,TX,50,4,Dark,Clear,Yard,Freight Train,5,62500,60000,122500,H307,35.213708,-101.834566,71,56.1,51.6
BNSF,KS1119101,2019-11-02,5:47 AM,Derailment,0,AMARILLO,TX,25,1,Dawn,Clear,Yard,Yard/switching,8,776,15802,16578,H309,35.187864,-101.832978,41.7,39.8,48.9
BNSF,KS0120102,2020-01-06,4:17 AM,Derailment,0,AMARILLO,TX,34,1,Dawn,Clear,Yard,Yard/switching,4,24097,25000,49097,H306,35.210959,-101.817131,44,39,40.5
BNSF,KS0722113,2022-07-30,10:59 PM,Derailment,0,AMARILLO,TX,85,4,Dark,Clear,Yard,Freight Train,5,22262,60000,82262,E64L,35.198498,-101.829228,74.9,73.2,83.1
BNSF,KS0316109,2016-03-25,1:50 PM,Derailment,0,AMARILLO,TX,70,2,Day,Clear,Yard,Freight Train,5,29736,0,29736,H503,35.180166,-101.836496,44,54.4,47.2
BNSF,KS0515117,2015-05-28,8:00 AM,Derailment,0,AMARILLO,TX,75,1,Dawn,Clear,Yard,Yard/switching,7,18826,1000,19826,H505,35.212707,-101.830417,69.9,64.8,66.1
BNSF,KS1214108,2014-12-16,4:20 AM,Derailment,0,AMARILLO,TX,24,1,Dawn,Clear,Industry,,0,0,97011,112150,H702,35.135793,-101.852921,39.5,36.8,38.4
BNSF,KS0715105,2015-07-13,10:00 AM,Rear end collision,0,AMARILLO,TX,65,2,Day,Clear,Yard,Yard/switching,2,13100,0,14753,H306,35.186991,-101.833438,82.6,83.9,82.2
BNSF,KS0215107,2015-02-20,3:50 AM,Side collision,0,AMARILLO,TX,27,4,Dark,Clear,Industry,Yard/switching,0,20225,0,70525,H307,35.226439,-101.740386,47.3,50.8,42
BNSF,KS1217200,2017-12-03,12:30 PM,Hwy-rail crossing,0,AMARILLO,TX,73,2,Day,Clear,Main,Freight Train,56,1000,112000,113000,M308,35.218204,-101.777756,48.6,59,51.5
BNSF,KS0715105,2015-07-13,10:00 AM,Rear end collision,0,AMARILLO,TX,65,2,Day,Clear,Yard,Yard/switching,2,1653,0,14753,H306,35.186991,-101.833438,82.6,83.9,82.2
BNSF,KS0317101,2017-03-07,2:20 PM,Other impacts,0,AMARILLO,TX,62,2,Day,Clear,Yard,Yard/switching,4,250,0,41250,H702,35.212918,-101.827224,61.6,45.6,55.6
UP,1214KC007,2014-12-16,4:40 AM,Derailment,0,AMARILLO,TX,20,4,Dark,Clear,Industry,Freight Train,7,15139,0,112150,H306,35.135793,-101.852921,39.5,36.8,38.4
BNSF,KS0215106,2015-02-18,9:30 PM,Derailment,0,AMARILLO,TX,39,4,Dark,Clear,Yard,Yard/switching,10,11684,11000,22684,H312,35.195517,-101.831005,34.8,36.5,47.3
UP,0317KC026,2017-03-07,2:20 PM,Other impacts,0,AMARILLO,TX,62,2,Day,Clear,Yard,Freight Train,5,41000,0,41250,H702,35.212918,-101.827224,61.6,45.6,55.6
BNSF,KS0220101,2020-02-01,12:55 AM,Derailment,0,AMARILLO,TX,38,4,Dark,Clear,Yard,Yard/switching,10,0,27424,27424,H307,35.195304,-101.829551,38.8,47.8,53.7
BNSF,KS0316106,2016-03-21,1:15 AM,Side collision,0,AMARILLO,TX,38,4,Dark,Clear,Yard,Light loco(s),0,19853,0,24038,H607,35.191656,-101.831324,39.6,55.8,65.5
BNSF,PR0216106,2016-02-06,10:00 AM,Derailment,0,AMARILLO,TX,55,2,Day,Clear,Industry,Yard/switching,10,6250,58000,64250,T108,35.216177,-101.79707,34.5,36.6,40.1
BNSF,KS0419101,2019-04-06,1:30 AM,Derailment,0,AMARILLO,TX,48,4,Dark,Clear,Yard,Freight Train,5,29290,25000,54290,T315,35.200916,-101.828598,60.8,60.4,60.5
BNSF,KS1215107,2015-12-17,7:45 AM,Derailment,0,AMARILLO,TX,20,1,Dawn,Clear,Yard,Yard/switching,10,20709,1500,22209,T113,35.194025,-101.828599,31.4,27.3,34.3
UP,0722HL002,2022-07-03,11:15 PM,Derailment,0,AMARILLO,TX,79,4,Dark,Clear,Industry,Freight Train,3,18695,75684,94379,T314,35.212518,-101.829395,79.8,81.4,83.3
BNSF,KS0722115,2022-07-31,11:51 PM,Derailment,0,AMARILLO,TX,85,4,Dark,Clear,Yard,Yard/switching,5,18300,1500,19800,T001,35.198336,-101.829407,73.2,83.1,81.8
UP,1223HL016,2023-12-19,1:45 PM,Derailment,0,AMARILLO,TX,58,2,Day,Clear,Yard,Freight Train,4,12700,0,37668,T110,35.213202,-101.803734,42.2,47.9,50.4
BNSF,NE0615104,2015-06-13,3:22 AM,Derailment,0,AMAZONIA,MO,65,4,Dark,Cloudy,Main,Freight Train,36,1823368,816511,2639879,T001,39.844264,-94.879133,68.5,71.9,76.4
SEPA,38738,2020-02-26,8:34 PM,Hwy-rail crossing,0,AMBLER,PA,46,4,Dark,Rain,Main,EMU,45,25000,0,25000,M302,40.159433,-75.231213,46.1,46.8,37.8
UP,0423RM012,2023-04-08,11:34 PM,Derailment,0,AMERICAN FALLS,ID,43,4,Dark,Cloudy,Main,Freight Train,40,623338,215739,839077,E33C,42.798372,-112.845824,35.2,43.1,46.4
UP,0316ES017,2016-03-31,4:00 PM,Other (describe in narrative),0,AMERICAN FALLS,ID,56,2,Day,Cloudy,Main,Spec. MoW Equip.,10,100000,0,100000,E99C,42.774057,-112.881582,41.2,44.4,43.5
UP,0318UT012,2018-03-14,4:50 PM,Derailment,0,AMERICAN FALLS,ID,32,2,Day,Snow,Industry,Freight Train,4,1725,28932,30657,T206,42.793668,-112.853433,42,41.9,37.9
UP,0216PC005,2016-02-10,7:30 AM,Derailment,0,AMERICAN FALLS,ID,12,2,Day,Clear,Main,Freight Train,48,1641123,214439,1855562,T299,42.774057,-112.881582,24.8,23.9,27.2
UP,1218RM003,2018-12-04,12:32 PM,Derailment,0,AMERICAN FALLS,ID,23,2,Day,Clear,Industry,Freight Train,4,11666,5483,17149,T113,42.793367,-112.853459,26.4,16.6,12.3
UFRC,1113162,2016-11-13,1:35 AM,Obstruction,0,AMERICAN FORK,UT,45,4,Dark,Clear,Main,Commuter Train - Pulling,58,37647,0,37647,M402,40.372665,-111.810141,49.1,46.2,48.3
HOG,HOG611923R,2023-11-22,8:35 AM,Derailment,0,AMERICUS,GA,60,2,Day,Clear,Yard,Freight Train,8,10000,0,10000,T207,32.073801,-84.240141,67,56.9,49.9
NS,123271,2016-12-22,1:00 PM,Derailment,0,AMERICUS,GA,65,2,Day,Cloudy,Yard,Freight Train,6,75,16874,16949,T110,32.082519,-84.230086,46.9,55.6,52.5
NS,138061,2020-05-27,1:26 PM,Derailment,0,AMERICUS,GA,85,2,Day,Cloudy,Yard,Freight Train,0,0,794,794,T110,32.082519,-84.230086,74.8,75.6,81
UP,0416CB003,2016-04-04,6:23 PM,Fire/violent rupture,0,AMES,IA,50,2,Day,Clear,Main,Freight Train,50,86237,0,86237,E99L,42.032345,-93.644923,56.5,42.4,39.7
UP,0623GL028,2023-06-27,1:05 AM,Other (describe in narrative),0,AMES,IA,61,4,Dark,Clear,Yard,Freight Train,6,0,14200,14200,H702,42.028755,-93.51826,69.8,71.5,75.1
UP,0817TC001,2017-08-01,1:22 AM,Rear end collision,0,AMES,IA,65,4,Dark,Clear,Main,Freight Train,4,5889,383,16357,H302,42.028053,-93.57995,69.9,72.8,73.3
UP,0817TC001,2017-08-01,1:22 AM,Rear end collision,0,AMES,IA,65,4,Dark,Clear,Main,Cut of cars,0,10085,0,16357,H302,42.028053,-93.57995,69.9,72.8,73.3
UP,0219GP010,2019-02-07,4:38 PM,Derailment,0,AMES,NE,7,2,Day,Cloudy,Main,Freight Train,49,92125,1730056,1822181,E07C,41.452512,-96.636535,14,7,6.2
UP,0119GL010,2019-01-10,1:02 PM,Other impacts,0,AMES,IA,29,2,Day,Clear,Main,Work train,5,500,50,114560,E89C,42.02908,-93.570426,20.2,22.6,29
UP,0621GL028,2021-06-24,2:00 PM,Derailment,0,AMES,IA,84,2,Day,Clear,Main,Freight Train,30,1472282,517760,1990042,E47C,42.027249,-93.588041,74.7,77.2,75.9
UP,0119GL010,2019-01-10,1:02 PM,Other impacts,0,AMES,IA,29,2,Day,Clear,Main,Freight Train,37,114010,0,114560,E89C,42.02908,-93.570426,20.2,22.6,29
GNBC,G08252022,2022-08-25,1:27 PM,Derailment,0,AMES,OK,90,2,Day,Cloudy,Main,Freight Train,9,0,69000,69000,T201,36.19696,-98.24237,79.1,80.5,81.3
ATK,149121,2017-08-22,11:25 PM,Hwy-rail crossing,0,AMHERST,VA,82,4,Dark,Clear,Main,Passenger Train - Pulling,65,3009,0,35593,M302,37.5777,-79.048799,78,79.7,78.3
NS,126345,2017-08-22,11:25 PM,Hwy-rail crossing,0,AMHERST,VA,82,4,Dark,Clear,Main,,0,0,32584,35593,M302,37.5777,-79.048799,78,79.7,78.3
NS,123714,2017-01-26,11:40 AM,Other impacts,0,AMHERST,OH,36,2,Day,Rain,Yard,Freight Train,1,9,0,40009,M599,41.405801,-82.271138,41.6,36.3,30.6
NS,120105,2016-04-11,12:15 PM,Derailment,0,AMHERST,OH,38,2,Day,Cloudy,Yard,Freight Train,2,16812,3500,20312,H506,41.405802,-82.271144,31.5,50.6,38.9
NS,123714,2017-01-26,11:40 AM,Other impacts,0,AMHERST,OH,36,2,Day,Rain,Yard,Spec. MoW Equip.,10,40000,0,40009,M599,41.405801,-82.271138,41.6,36.3,30.6
DMVW,DE6423,2023-06-04,2:50 PM,Derailment,0,AMHERST,SD,80,2,Day,Clear,Main,Freight Train,10,144156,97045,241201,T109,45.723091,-97.93972,78,78.1,73.4
DMVW,DE42920,2020-04-29,8:30 AM,Derailment,0,AMHERST,SD,60,2,Day,Clear,Main,Freight Train,10,228706,22987,251693,T001,45.720631,-97.942696,52.7,53.6,54.4
IC,849530,2015-05-10,1:34 PM,Hwy-rail crossing,0,AMITE,LA,85,2,Day,Clear,Main,,0,0,994,511019,M302,30.739826,-90.508937,75.1,77,74.3
IC,981069,2018-12-08,1:45 AM,Hwy-rail crossing,0,AMITE,LA,55,4,Dark,Rain,Main,Freight Train,41,430,17263,17693,M399,30.724979,-90.508652,55.3,51.6,41.7
ATK,137360,2015-05-10,1:34 PM,Hwy-rail crossing,0,AMITE,LA,85,2,Day,Clear,Main,Passenger Train - Pulling,77,510025,0,511019,M302,30.739826,-90.508937,75.1,77,74.3
BNSF,HL0818120,2018-08-22,11:35 AM,Other (describe in narrative),0,AMORY,MS,75,2,Day,Clear,Main,Freight Train,45,4500,60500,65000,E61C,33.924454,-88.388657,78,76.8,73.9
BNSF,HL0420101,2020-04-11,9:00 AM,Other impacts,0,AMORY,MS,70,2,Day,Clear,Yard,Yard/switching,5,46712,0,46712,H318,33.979703,-88.486956,55.3,56.1,62
BNSF,HL0224102,2024-02-01,4:25 PM,Derailment,0,AMORY,MS,54,2,Day,Clear,Yard,Yard/switching,5,3000,481000,484000,H607,33.98838,-88.493865,45.5,45.3,52.3
BNSF,HL1019117,2019-10-18,11:30 AM,Derailment,0,AMORY,MS,75,2,Day,Clear,Yard,Freight Train,10,6430,12500,18930,H704,33.971058,-88.479656,53.6,53,58.2
BNSF,HL0921101,2021-09-01,12:18 AM,Derailment,0,AMORY,MS,71,4,Dark,Cloudy,Main,Freight Train,51,20000,3900,23900,M404,33.940756,-88.448568,75.8,78.6,77.8
BNSF,SF0616102,2016-06-06,1:35 AM,Derailment,0,AMORY,MS,65,4,Dark,Clear,Main,Freight Train,18,246678,202227,448905,T314,33.967868,-88.476995,75.8,77.2,78.1
BNSF,HL0421121,2021-04-16,11:45 AM,Derailment,0,AMORY,MS,65,2,Day,Clear,Industry,Yard/switching,10,0,80000,80000,T110,33.991305,-88.50748,61.3,57.6,60.2
NS,152673,2023-03-30,4:08 PM,Derailment,0,AMSDEN,OH,50,3,Dusk,Clear,Yard,Freight Train,9,9750,12205,21955,T207,41.177814,-83.339108,39.8,37.3,52.5
CUOH,CUO734224D,2024-03-13,3:42 AM,Derailment,0,AMSTERDAM,OH,46,4,Dark,Clear,Main,Freight Train,9,0,39261,39261,T221,40.391239,-80.902954,53.7,56.9,58.7
CUOH,CUO757121R,2021-04-22,5:40 AM,Derailment,0,AMSTERDAM,OH,33,1,Dawn,Clear,Industry,Yard/switching,4,78779,18000,170979,E67C,40.431886,-80.905008,35.7,38.5,45.8
CUOH,CUO456620R,2020-06-17,6:15 AM,Derailment,0,AMSTERDAM,OH,69,1,Dawn,Clear,Industry,Yard/switching,5,107141,16700,123841,E64C,40.428097,-80.904447,68.3,67.6,69.5
CUOH,CUO739724D,2024-03-19,3:48 AM,Derailment,0,AMSTERDAM,OH,30,4,Dark,Cloudy,Main,Freight Train,8,0,138520,138520,T221,40.400817,-80.905167,31.4,37.2,41.9
CSX,000201110,2021-11-04,9:40 PM,Derailment,0,AMSTERDAM,NY,35,4,Dark,Cloudy,Main,Freight Train,40,20120,100,20220,E53C,42.952955,-74.218493,37.5,35.9,35.5
CUOH,CUO754521R,2021-04-18,11:20 PM,Derailment,0,AMSTERDAM,OH,45,4,Dark,Rain,Industry,Freight Train,7,0,74200,170979,E43C,40.428503,-80.904692,47.1,46.5,52
KCS,22041001,2022-04-10,5:11 AM,Obstruction,0,ANACOCO,LA,60,4,Dark,Clear,Main,Freight Train,15,0,28645,28645,M404,31.184097,-93.288842,59.2,68.9,72
BNSF,NW0323113,2023-03-16,12:15 AM,Derailment,0,ANACORTES,WA,36,4,Dark,Clear,Main,Freight Train,22,227084,75000,302084,H404,48.459529,-122.518197,43.4,41.2,45.6
BNSF,NW0824124,2024-08-31,9:30 PM,Other impacts,0,ANACORTES,WA,64,4,Dark,Clear,Yard,Yard/switching,4,71315,0,71315,H302,48.471477,-122.568365,61.8,63.8,63.1
XTGS,F252019,2019-09-28,9:40 PM,Derailment,0,ANAHUAC,TX,85,4,Dark,Clear,Yard,Yard/switching,6,230529,23670,254199,H307,29.699088,-94.897499,82.3,84.4,84.4
XTGS,F032020,2020-02-18,12:45 AM,Derailment,0,ANAHUAC,TX,70,4,Dark,Fog,Yard,Freight Train,5,45000,0,45000,H306,29.699088,-94.897499,67.9,71.1,60.6
XTGS,F072020,2020-07-09,11:30 PM,Derailment,0,ANAHUAC,TX,85,4,Dark,Clear,Yard,Yard/switching,5,42000,16000,58000,H212,29.699088,-94.897499,86.2,86.1,86.4
XTGS,F242019,2019-09-17,9:30 PM,Derailment,0,ANAHUAC,TX,85,4,Dark,Rain,Yard,Yard/switching,4,15173,14310,29483,H306,29.699088,-94.897499,82.7,78.8,79.2
XTGS,F0162019,2019-05-06,4:48 PM,Raking collision,0,ANAHUAC,TX,82,2,Day,Clear,Industry,Yard/switching,6,45068,0,45068,H307,29.699088,-94.897499,75.7,75.3,76.3
XTGS,F222019,2019-09-05,3:47 AM,Derailment,0,ANAHUAC,TX,80,4,Dark,Clear,Yard,Yard/switching,4,11893,24674,36567,E4BC,29.699088,-94.897499,87.6,86.6,86.1
XTGS,F0102015,2015-09-02,9:15 AM,Derailment,0,ANAHUAC,TX,80,2,Day,Cloudy,Industry,Yard/switching,9,145000,76843,221843,E46C,29.713945,-94.896251,78,79.5,82.1
XTGS,F0052018,2018-03-17,5:00 PM,Derailment,0,ANAHUAC,TX,80,2,Day,Clear,Industry,Yard/switching,6,1100,13776,14876,H503,29.699088,-94.897499,71.7,72.7,74.3
XTGS,F0142018,2018-08-08,8:00 PM,Other impacts,0,ANAHUAC,TX,85,3,Dusk,Clear,Industry,Yard/switching,8,31723,0,31723,H601,29.699088,-94.897499,83.2,83.7,84.1
XTGS,F0112018,2018-06-22,2:27 PM,Derailment,0,ANAHUAC,TX,93,2,Day,Clear,Industry,Yard/switching,5,14300,74120,88420,T110,29.699088,-94.897499,80.6,83.4,84
XTGS,F0012019,2019-01-14,2:15 AM,Derailment,0,ANAHUAC,TX,39,4,Dark,Clear,Industry,Yard/switching,6,22650,10514,33164,T111,29.699088,-94.897499,49.5,47.2,48.7
XTGS,332019,2019-12-22,6:10 PM,Derailment,0,ANAHUAC,TX,52,2,Day,Clear,Industry,Freight Train,2,15000,5484,20484,T099,29.699088,-94.897499,53.4,52.9,55.3
XTGS,F012020,2020-01-12,10:20 AM,Derailment,0,ANAHUAC,TX,48,2,Day,Cloudy,Industry,Freight Train,2,0,20722,20722,T001,29.699088,-94.897499,57.5,49.8,60.5
XTGS,F0142016,2016-10-08,9:57 AM,Derailment,0,ANAHUAC,TX,80,2,Day,Clear,Industry,Yard/switching,6,25000,10000,35000,T314,29.695006,-94.891963,81.4,78.9,71.6
XTGS,F0042018,2018-03-13,4:00 AM,Derailment,0,ANAHUAC,TX,50,4,Dark,Clear,Industry,Yard/switching,2,1100,13943,15043,T101,29.699088,-94.897499,58.3,58.2,58.9
XTGS,F0112015,2015-11-09,2:25 PM,Derailment,0,ANAHUAC,TX,85,2,Day,Clear,Industry,Yard/switching,5,13275,15523,28798,T311,29.707593,-94.902134,62.7,63.9,69
ARR,2015054,2015-03-12,12:55 PM,Other (describe in narrative),0,ANCHORAGE,AK,5,2,Day,Clear,Main,Work train,59,31802,0,31802,M599,61.168085,-149.445394,10.9,8.5,7.9
ARR,2015206,2015-09-12,8:00 AM,Hwy-rail crossing,0,ANCHORAGE,AK,42,2,Day,Cloudy,Main,Passenger Train - Pulling,2,31489,0,31489,M303,61.222756,-149.888214,50.8,49.5,47.8
ARR,2015126,2015-07-03,7:55 AM,Other (describe in narrative),0,ANCHORAGE,AK,0,1,Dawn,Clear,Yard,Light loco(s),20,187943,687,188630,H017,61.222756,-149.888214,55.9,63.8,62.3
ARR,2022151,2022-09-20,12:00 PM,Other impacts,0,ANCHORAGE,AK,50,2,Day,Rain,Siding,Spec. MoW Equip.,20,35000,70000,105000,H999,61.144,-149.873,51.1,49.4,46.9
ARR,2021164,2021-11-17,9:00 PM,Other impacts,0,ANCHORAGE,AK,-10,4,Dark,Clear,Industry,Yard/switching,10,15000,2000,17000,H018,61.22,-149.881,1.6,-0.6,-3.3
ARR,2023219,2023-12-24,7:00 PM,Hwy-rail crossing,0,ANCHORAGE,AK,20,4,Dark,Snow,Main,Spec. MoW Equip.,15,30751,0,30751,H402,61.1267,-149.8701,26.1,24.3,15.6
CSX,000137662,2014-11-17,4:40 PM,Hwy-rail crossing,0,ANCHORAGE,KY,24,2,Day,Snow,Main,Freight Train,11,800,26000,26800,M399,38.30155,-85.498989,37.4,27.5,19.4
ARR,2016106,2016-05-25,3:00 PM,Derailment,0,ANCHORAGE,AK,60,2,Day,Clear,Yard,Passenger Train - Pushing,4,12610,0,12610,H303,61.222756,-149.888214,55.5,55.3,59.2
TNHR,TNH819321,2021-07-28,1:00 PM,Derailment,0,ANDALUSIA,AL,95,2,Day,Clear,Main,Freight Train,8,4500,12500,17000,T108,31.398961,-86.605451,83.8,82.3,86.4
CEIW,202136014,2021-10-29,3:20 PM,Hwy-rail crossing,0,ANDERSON,IN,50,2,Day,Cloudy,Main,Freight Train,10,13260,17600,30860,M302,40.09166,-85.73011,51.2,55.6,52
CSX,000171674,2017-09-16,9:56 AM,Derailment,0,ANDERSON,IN,70,2,Day,Cloudy,Siding,Cut of cars,0,14493,784,35469,H503,40.083527,-85.679372,66.9,71.7,74.4
CSX,000171674,2017-09-16,9:56 AM,Derailment,0,ANDERSON,IN,70,2,Day,Cloudy,Siding,Freight Train,3,20192,0,35469,H503,40.083527,-85.679372,66.9,71.7,74.4