reportingrailroadcode,accidentnumber,date,time,accidenttype,hazmatreleasedcars,station,stateabbr,temperature,visibility_code,visibility,weathercondition,tracktype,equipmenttype,trainspeed,equipmentdamagecost,trackdamagecost,totaldamagecost,primaryaccidentcausecode,latitude,longitude,prior_temp,actual_temp,following_temp
CSX,000196682,2021-03-30,1:00 PM,Other impacts,0,ANDERSON,IN,70,2,Day,Clear,Yard,Cut of cars,9,7517,0,44804,H306,40.098289,-85.693905,42.5,57.5,44.2
PICK,Z57,2021-03-01,2:30 PM,Derailment,0,ANDERSON,SC,66,2,Day,Clear,Yard,Freight Train,10,62750,28275,91025,T110,34.501964,-82.580111,61.3,61.3,46.7
NS,124189,2017-03-04,2:40 AM,Derailment,0,ANDERSONVILLE,GA,35,4,Dark,Clear,Industry,Freight Train,8,586,24297,24883,T110,32.184361,-84.140729,51.9,47.4,53.2
NS,139175,2020-09-17,2:37 AM,Derailment,0,ANDERSONVILLE,GA,72,4,Dark,Rain,Main,Freight Train,37,947882,194842,1142724,T002,32.221586,-84.107092,71.1,75.8,75.8
MBTA,YR2022144,2022-11-30,8:39 PM,Obstruction,0,ANDOVER,MA,45,4,Dark,Clear,Main,Passenger Train - Pushing,60,32018,0,32018,M404,42.64257,-71.15489,35.6,46.6,38
MBTA,7001,2016-01-05,3:22 AM,Derailment,0,ANDOVER,MA,7,4,Dark,Clear,Main,Passenger Train - Pulling,57,100096,30915,131011,T207,42.67,-71.1425,22.4,14.5,28
UP,0916HO042,2016-09-28,4:48 PM,Other impacts,0,ANGLETON,TX,84,2,Day,Clear,Yard,Freight Train,8,5114,114,20958,H307,29.154457,-95.437835,78.2,78.1,76.8
UP,0919GC008,2019-09-05,1:00 AM,Derailment,0,ANGLETON,TX,75,4,Dark,Clear,Yard,Light loco(s),2,48716,5480,54196,H303,29.154992,-95.432763,83.9,82.8,81.7
UP,0123GC020,2023-01-24,7:00 AM,Other (describe in narrative),0,ANGLETON,TX,60,2,Day,Clear,Yard,Single Car,0,35586,0,35586,M507,29.14589,-95.45057,49.3,59.1,46.6
UP,0520GC015,2020-05-20,7:53 AM,Hwy-rail crossing,0,ANGLETON,TX,76,2,Day,Clear,Yard,Freight Train,9,6271,13521,19792,M302,29.154993,-95.432748,78.7,81.4,79.9
UP,0921GC016,2021-09-13,6:00 AM,Derailment,0,ANGLETON,TX,76,1,Dawn,Rain,Yard,Yard/switching,0,5923,6000,11923,H307,29.146069,-95.450485,78.2,74.7,73.9
UP,0720GC020,2020-07-15,10:30 AM,Hwy-rail crossing,0,ANGLETON,TX,89,2,Day,Clear,Main,Freight Train,30,11651,415,12066,M303,29.172428,-95.410587,84.2,85,84.6
UP,0824HO046,2024-08-24,7:50 AM,Derailment,0,ANGLETON,TX,73,2,Day,Clear,Yard,Freight Train,6,16273,6640,24409,H703,29.151675,-95.441489,85.3,81.9,81.9
UP,0824HO046,2024-08-24,7:50 AM,Derailment,0,ANGLETON,TX,73,2,Day,Clear,Yard,Cut of cars,6,1496,0,24409,H703,29.151675,-95.441489,85.3,81.9,81.9
UP,0916HO042,2016-09-28,4:48 PM,Other impacts,0,ANGLETON,TX,84,2,Day,Clear,Yard,Light loco(s),5,15730,0,20958,H307,29.154457,-95.437835,78.2,78.1,76.8
UP,1115HO006,2015-11-02,3:20 PM,Derailment,0,ANGLETON,TX,68,2,Day,Clear,Yard,Freight Train,3,10250,2600,12850,H702,29.156475,-95.435191,68.7,66.1,67.9
UP,0718HO020,2018-07-15,7:00 PM,Derailment,0,ANGLETON,TX,94,2,Day,Clear,Yard,Freight Train,4,172841,6658,184338,T206,29.146083,-95.451061,81.9,83.6,82.9
UP,0718HO020,2018-07-15,7:00 PM,Derailment,0,ANGLETON,TX,94,2,Day,Clear,Yard,Single Car,0,4839,0,184338,T206,29.146083,-95.451061,81.9,83.6,82.9
UP,0316HO020,2016-03-24,7:25 AM,Derailment,0,ANGLETON,TX,67,2,Day,Cloudy,Yard,Freight Train,8,11358,43738,55392,T309,29.146103,-95.45041,70.8,65.5,56.4
UP,0316HO020,2016-03-24,7:25 AM,Derailment,0,ANGLETON,TX,67,2,Day,Cloudy,Yard,Single Car,0,296,0,55392,T309,29.146103,-95.45041,70.8,65.5,56.4
BNSF,PR0617106,2017-06-12,7:55 PM,Derailment,0,ANGORA,NE,72,3,Dusk,Rain,Main,Freight Train,0,137479,19000,156479,M102,41.938363,-103.024818,69.8,71,65.1
UP,0217FW055,2017-02-23,2:47 PM,Hwy-rail crossing,0,ANGUS,TX,84,2,Day,Clear,Main,Freight Train,48,10126,2050,12176,M304,31.973603,-96.423314,64.5,70.4,59.6
UP,0915FW013,2015-09-08,11:40 PM,Derailment,0,ANGUS,TX,79,4,Dark,Cloudy,Main,Freight Train,31,2329,796094,798423,E69C,31.986199,-96.425488,87,86.5,79.9
IAIS,2019048,2019-11-19,12:16 PM,Hwy-rail crossing,0,ANITA,IA,44,2,Day,Clear,Main,Freight Train,38,12753,0,12753,M302,41.425625,-94.81749,39.4,42.7,51.3
IAIS,2022005,2022-01-24,8:02 AM,Hwy-rail crossing,0,ANITA,IA,32,2,Day,Clear,Main,Freight Train,39,25000,0,25000,M302,41.442305,-94.767294,20.1,24.6,4.6
DGNO,DGN787424D,2024-05-03,8:07 PM,Derailment,0,ANNA,TX,71,4,Dark,Rain,Main,Freight Train,10,484600,50000,534600,T220,33.383804,-96.557,73,74.6,73.5
IAIS,202362,2023-11-10,9:24 AM,Hwy-rail crossing,0,ANNAWAN,IL,46,2,Day,Clear,Main,Freight Train,32,60000,0,60000,M308,41.3972,-89.9047,45.6,37.4,38.1
NS,121823,2016-08-25,7:30 PM,Derailment,0,ANNVILLE,PA,82,3,Dusk,Clear,Industry,Light loco(s),6,25970,0,25970,M101,40.328126,-76.546922,71.5,74.1,79.2
NSCR,NS2018005,2018-12-28,5:55 PM,Hwy-rail crossing,0,ANOKA,MN,19,4,Dark,Cloudy,Main,Commuter Train - Pulling,74,10000,0,18614,M302,45.186969,-93.345449,34.7,19.9,10.9
BNSF,TC1218205,2018-12-28,5:55 PM,Hwy-rail crossing,0,ANOKA,MN,9,3,Dusk,Cloudy,Main,,0,0,8614,18614,M302,45.186969,-93.345449,34.7,19.9,10.9
CSX,000202019,2021-12-22,10:13 PM,Derailment,0,ANSONIA,OH,26,4,Dark,Clear,Yard,Freight Train,3,33756,48,33804,H505,40.212956,-84.624446,32.6,27.9,33.5
CSX,000158183,2016-03-16,3:30 PM,Derailment,0,ANSONIA,OH,48,2,Day,Clear,Yard,Freight Train,3,14156,0,14156,H704,40.211663,-84.641497,57.3,55.9,48.3
BNSF,RD0220126,2020-02-18,5:43 AM,Obstruction,0,ANTON,TX,41,1,Dawn,Clear,Main,Freight Train,42,200,15500,15700,M402,33.805735,-102.163233,54,41.8,38.3
UP,1117FW028,2017-11-21,3:38 AM,Derailment,0,APACHE,OK,28,4,Dark,Clear,Main,Freight Train,25,181493,68828,250321,T210,34.857686,-98.373763,48.2,49.1,39.8
CC,855659,2015-06-18,2:50 PM,Hwy-rail crossing,0,APLINGTON,IA,75,2,Day,Clear,Main,Freight Train,38,24951,795,25746,M308,42.585303,-92.884576,70.1,68.3,68.9
NS,127463,2017-11-18,8:37 PM,Derailment,0,APPALACHIA,VA,55,4,Dark,Rain,Main,Freight Train,46,1593857,408614,2002471,M204,36.884679,-82.805773,44.8,53.4,36
WC,890094,2016-05-31,9:20 PM,Derailment,0,APPLETON,WI,61,4,Dark,Rain,Yard,Yard/switching,6,78651,1712,80363,E08C,44.246604,-88.448042,69.8,64.5,67.5
WC,860411,2015-07-27,10:40 PM,Derailment,0,APPLETON,WI,80,4,Dark,Clear,Yard,Freight Train,8,16400,4807,21207,H704,44.266533,-88.435949,73.9,75,76.1
WC,1073516,2021-06-13,1:30 PM,Derailment,0,APPLETON,WI,88,2,Day,Clear,Industry,Freight Train,8,18336,7500,25836,T205,44.280106,-88.468584,73.8,74.6,68.8
FOXY,230906007,2023-09-06,5:30 PM,Derailment,0,APPLETON,WI,71,2,Day,Rain,Yard,Freight Train,12,95213,10055,105268,T110,44.263177,-88.436091,79.9,73.9,61.2
BNSF,NW0119107,2019-01-19,5:50 AM,Derailment,0,APPLEYARD,WA,35,1,Dawn,Clear,Yard,Freight Train,5,11124,100000,111124,H993,47.390276,-120.289004,33,33.1,32.9
BNSF,NW0720112,2020-07-21,2:45 AM,Derailment,0,APPLEYARD,WA,70,4,Dark,Clear,Yard,Freight Train,4,836,52000,52836,H607,47.38923,-120.287512,82.2,84.6,81.1
ACWR,100816,2016-10-08,12:30 AM,Derailment,0,AQUADALE,NC,68,4,Dark,Rain,Industry,Yard/switching,0,43025,1600,44625,H310,35.23154,-80.247963,68.4,67.9,63.1
ATK,162589,2019-12-31,11:31 PM,Hwy-rail crossing,0,ARCADIA,SC,42,4,Dark,Clear,Main,Passenger Train - Pulling,57,22239,0,22239,M303,34.961174,-81.983647,60.2,45.9,42
NS,123025,2016-12-05,10:10 PM,Derailment,0,ARCADIA,OH,28,4,Dark,Cloudy,Main,Freight Train,5,38034,400,38434,H318,41.094903,-83.548557,35.9,35,34.9
NS,142911,2021-09-22,12:57 AM,Hwy-rail crossing,0,ARCHBOLD,OH,72,4,Dark,Rain,Main,Freight Train,55,2140,36292,38432,M303,41.528682,-84.258074,71,56,52.1
NS,127591,2017-11-30,8:30 PM,Derailment,0,ARCOLA,IN,72,4,Dark,Clear,Industry,Freight Train,5,7634,11696,19330,H702,41.082773,-85.205667,43.4,42.7,36.9
NS,139858,2020-11-30,10:55 AM,Rear end collision,0,ARCOLA,IN,34,2,Day,Rain,Main,Spec. MoW Equip.,0,5000,0,30000,H997,41.085726,-85.373353,38.5,34.3,32.1
NS,139858,2020-11-30,10:55 AM,Rear end collision,0,ARCOLA,IN,34,2,Day,Rain,Main,Spec. MoW Equip.,20,25000,0,30000,H997,41.085726,-85.373353,38.5,34.3,32.1
BNSF,RD1216120,2016-12-28,5:06 PM,Derailment,0,ARCOLA,TX,75,3,Dusk,Clear,Siding,Freight Train,23,535912,1225000,1760912,T108,29.503138,-95.493025,72.7,72.5,64.6
BNSF,TX0615100,2015-06-03,2:05 PM,Derailment,0,ARDMORE,OK,90,2,Day,Clear,Main,Freight Train,21,3057,7500,10557,E46C,34.166861,-97.128789,73.2,77.3,78.1
ATK,141549,2016-03-10,4:50 PM,Obstruction,0,ARDMORE,PA,60,2,Day,Clear,Main,Passenger Train - Pushing,80,8278,5932,14210,E78L,40.003005,-75.271553,60.7,67.9,59.3
SEPA,24218,2017-07-07,9:45 AM,Other impacts,0,ARDSLEY,PA,81,2,Day,Cloudy,Main,Passenger Train - Pulling,50,76528,0,76528,M402,40.108416,-75.151916,69.4,73,73.6
IC,903452,2016-10-12,9:20 AM,Other (describe in narrative),0,ARGO,IL,65,2,Day,Cloudy,Siding,Light loco(s),2,43127,0,43127,H318,41.767052,-87.830021,64.2,55.4,45.1
NS,153801,2023-08-03,6:15 AM,Hwy-rail crossing,0,ARGOS,IN,60,1,Dawn,Clear,Main,Freight Train,25,12863,15000,27863,M303,41.234382,-86.254329,71,71.8,74.7
UP,0520TO025,2020-05-27,3:27 PM,Hwy-rail crossing,0,ARGYLE,TX,85,2,Day,Clear,Main,Freight Train,6,3190,18588,21778,M302,33.101245,-97.190763,66.2,71.6,75.5
CSX,000165240,2016-12-15,2:56 AM,Derailment,0,ARJAY,KY,24,4,Dark,Clear,Industry,Freight Train,9,17281,3512,20793,T110,36.854461,-83.622591,37.1,23.1,26.5
UP,1118LK005,2018-11-06,2:20 AM,Obstruction,0,ARKADELPHIA,AR,50,4,Dark,Fog,Main,Freight Train,48,5494,56444,61938,M402,34.113595,-93.053446,54.3,58.7,55.9
UP,0519MA067,2019-05-30,2:56 AM,Fire/violent rupture,0,ARKADELPHIA,AR,66,4,Dark,Cloudy,Main,Freight Train,75,22502,33,22535,M406,34.047851,-93.085998,77.1,72.7,73
UP,0623MA045,2023-06-18,4:45 AM,Obstruction,0,ARKADELPHIA,AR,65,1,Dawn,Cloudy,Main,,0,0,0,26192,M404,34.026716,-93.088569,79.8,74.5,79.5
UP,0818ES008,2018-08-06,11:30 AM,Obstruction,0,ARKADELPHIA,AR,100,2,Day,Clear,Main,Spec. MoW Equip.,0,40000,0,40000,H997,34.060165,-93.089249,81.5,81.9,82.7
UP,0818ES008,2018-08-06,11:30 AM,Obstruction,0,ARKADELPHIA,AR,100,2,Day,Clear,Main,Spec. MoW Equip.,15,0,0,40000,H997,34.060165,-93.089249,81.5,81.9,82.7
AKMD,AKM874521,2021-11-20,5:00 PM,Other (describe in narrative),0,ARKANSAS CITY,AR,50,3,Dusk,Clear,Industry,Light loco(s),1,15000,0,15000,H599,33.703893,-91.236929,43.6,49.9,61.9
BNSF,RD0618117,2018-06-07,10:30 PM,Other impacts,0,ARKANSAS CITY,KS,75,4,Dark,Clear,Yard,Yard/switching,4,21400,0,21400,H020,37.053168,-97.039888,80.7,72.9,76.2
BNSF,TX0615112,2015-06-18,11:00 AM,Other (describe in narrative),0,ARKANSAS CITY,KS,93,2,Day,Clear,Yard,Yard/switching,7,20922,0,20922,H318,37.059571,-97.032148,75.7,76.5,78.3
BNSF,TX0615101,2015-06-05,11:20 AM,Derailment,0,ARKANSAS CITY,KS,87,2,Day,Clear,Yard,,0,0,239454,239732,H307,37.052879,-97.032871,79.1,78.8,80.4
UP,0615WH002,2015-06-05,11:20 AM,Derailment,0,ARKANSAS CITY,KS,90,2,Day,Clear,Yard,Freight Train,6,278,0,239732,H702,37.052879,-97.032871,79.1,78.8,80.4
BNSF,RD1117125,2017-11-29,12:50 AM,Other impacts,0,ARKANSAS CITY,KS,48,4,Dark,Rain,Siding,Freight Train,6,18750,0,18750,H302,37.070497,-97.032814,58.3,46.7,46
BNSF,TX1214101,2014-12-05,12:24 PM,Derailment,0,ARKANSAS CITY,KS,35,2,Day,Rain,Yard,Yard/switching,5,21853,217401,239254,H703,37.06162,-97.03293,42.3,47.1,42.2
BNSF,RD0822102,2022-08-04,3:55 AM,Derailment,0,ARKANSAS CITY,KS,89,4,Dark,Clear,Yard,Freight Train,6,20000,478000,498000,H503,37.068719,-97.032719,91.6,86.9,88.2
AKMD,701918R,2018-06-25,1:46 PM,Derailment,0,ARKANSAS CITY,AR,90,2,Day,Clear,Industry,Freight Train,6,120000,8000,128000,T101,33.714827,-91.24057,80.9,80.1,83.4
AKMD,618518R,2018-03-27,8:18 PM,Derailment,0,ARKANSAS CITY,AR,65,4,Dark,Rain,Industry,Yard/switching,5,10827,500,11327,T319,33.70587,-91.236902,67,70.3,64.1
UP,1214CB004,2014-12-02,9:50 AM,Derailment,0,ARLINGTON,NE,33,2,Day,Clear,Main,Freight Train,31,5492,229000,234492,E54C,41.449652,-96.341858,17.4,27.5,29.6
UP,0517FW020,2017-05-17,4:44 PM,Other impacts,0,ARLINGTON,TX,90,2,Day,Clear,Yard,Yard/switching,4,6544,5773,29560,H307,32.742571,-97.06596,76.6,78.2,82.4
UP,0321TO017,2021-03-16,4:00 AM,Other impacts,0,ARLINGTON,TX,61,1,Dawn,Cloudy,Yard,Single Car,2,16434,0,18294,H310,32.746698,-97.069206,65.1,69.9,62.8
UP,0918FW010,2018-09-13,5:30 AM,Derailment,0,ARLINGTON,TX,77,1,Dawn,Cloudy,Yard,Freight Train,5,11138,99,11237,M507,32.742384,-97.082398,76.5,78.8,78.6
UP,0423TO013,2023-04-08,5:45 PM,Derailment,0,ARLINGTON,TX,72,2,Day,Clear,Yard,Light loco(s),5,560,19889,20449,H702,32.741797,-97.060202,57,61.3,62.2
UP,1022TO021,2022-10-20,6:38 PM,Derailment,0,ARLINGTON,TX,84,3,Dusk,Cloudy,Yard,Yard/switching,5,54430,1280,55710,E99C,32.741257,-97.058546,53.9,65.6,69.9
UP,0321TO017,2021-03-16,4:00 AM,Other impacts,0,ARLINGTON,TX,61,1,Dawn,Cloudy,Yard,Freight Train,2,1860,0,18294,H310,32.746698,-97.069206,65.1,69.9,62.8
UP,0319TO021,2019-03-16,2:52 AM,Derailment,0,ARLINGTON,TX,40,4,Dark,Clear,Yard,Freight Train,5,1241,11114,12355,H506,32.746828,-97.072965,50.6,49.7,51.8
UP,0523TO001,2023-05-01,2:00 AM,Derailment,0,ARLINGTON,TX,65,4,Dark,Clear,Yard,Freight Train,6,67741,5770,73511,E06C,32.742848,-97.070962,67.2,66.8,68.3
UP,0319TO032,2019-03-26,4:24 AM,Derailment,0,ARLINGTON,TX,55,1,Dawn,Clear,Yard,Yard/switching,4,137749,1592,139341,H503,32.746663,-97.072993,64.6,60.6,62.7
UP,0418FW003,2018-04-02,10:45 PM,Derailment,0,ARLINGTON,TX,50,4,Dark,Clear,Yard,Yard/switching,6,11934,86277,98211,H702,32.74135,-97.059654,63.1,48.2,68.4
UP,1122TO025,2022-11-23,8:23 AM,Obstruction,0,ARLINGTON,TX,53,2,Day,Cloudy,Main,Freight Train,8,0,18066,18066,M404,32.736936,-97.097484,50.9,54.5,55.9
UP,0216FW008,2016-02-11,11:20 PM,Fire/violent rupture,0,ARLINGTON,TX,54,4,Dark,Clear,Yard,Light loco(s),0,122532,0,122532,E74L,32.742339,-97.061687,53.5,59.5,56.7
UP,0517FW020,2017-05-17,4:44 PM,Other impacts,0,ARLINGTON,TX,90,2,Day,Clear,Yard,Yard/switching,5,17243,0,29560,H307,32.742571,-97.06596,76.6,78.2,82.4
UP,0818PD041,2018-08-31,2:28 PM,Fire/violent rupture,0,ARLINGTON,OR,80,2,Day,Clear,Main,Freight Train,60,15191,0,15191,E74L,45.715806,-120.252355,69.8,67.8,66
UP,0415FW015,2015-04-15,4:15 PM,Derailment,0,ARLINGTON,TX,84,2,Day,Clear,Yard,Freight Train,7,2010,12170,14180,E41C,32.739304,-97.046222,58.3,64.4,68.7
UP,0217FW023,2017-02-08,4:40 AM,Derailment,0,ARLINGTON,TX,63,4,Dark,Clear,Industry,Freight Train,6,6921,4015,10936,T102,32.757538,-97.046091,68.9,58.5,47.1
UP,0319TO004,2019-03-04,4:29 PM,Derailment,0,ARLINGTON,TX,30,2,Day,Cloudy,Yard,Yard/switching,9,85635,15372,101007,T103,32.741704,-97.077839,36.2,27,32.5
UP,0124GL041,2024-01-21,1:44 AM,Derailment,0,ARLINGTON,NE,21,4,Dark,Snow,Main,Freight Train,35,1123952,230839,1354791,T201,41.437526,-96.257569,-3.3,15.6,30.1
BNSF,NW1020105,2020-10-09,1:02 PM,Derailment,0,ARLINGTON,WA,62,2,Day,Cloudy,Industry,Freight Train,5,13000,0,13000,T314,48.184159,-122.136412,57.1,61.3,54.9
BNSF,HL0318107,2018-03-11,11:45 AM,Derailment,0,ARMOREL,AR,40,2,Day,Rain,Yard,Freight Train,10,1600,94451,96051,E69C,35.920833,-89.82833,56.5,46.7,41.1
NS,116862,2015-08-08,7:45 PM,Derailment,0,ARMSTRONGS MILLS,OH,72,3,Dusk,Clear,Main,Freight Train,9,60000,1700,61700,E53C,39.907084,-80.949118,68.5,72.7,74
NS,139056,2020-09-01,10:45 AM,Other impacts,0,ARRINGTON,VA,68,2,Day,Cloudy,Main,Spec. MoW Equip.,0,19341,0,19341,H997,37.637446,-78.965905,67.2,69.9,77.4
KCS,18111001,2018-11-10,10:30 AM,Derailment,0,ARTESIA,MS,45,2,Day,Clear,Main,,0,0,8077,18077,H525,33.426119,-88.611207,48.9,38.1,42.8
KCS,18052504,2018-05-25,10:30 PM,Derailment,0,ARTESIA,MS,82,4,Dark,Clear,Yard,Freight Train,4,20510,181,20691,H702,33.412695,-88.642862,76.4,75.6,75
KCS,15101602,2015-10-16,5:25 PM,Other impacts,0,ARTESIA,MS,85,2,Day,Clear,Yard,Yard/switching,3,7014,0,10828,H503,33.415481,-88.643279,69.7,65.4,55.6
KCS,15101602,2015-10-16,5:25 PM,Other impacts,0,ARTESIA,MS,85,2,Day,Clear,Yard,Yard/switching,0,3814,0,10828,H503,33.415481,-88.643279,69.7,65.4,55.6
BNSF,SW0718112,2018-07-22,7:03 PM,Derailment,0,ARTESIA,NM,105,3,Dusk,Clear,Siding,Freight Train,8,301897,115000,416897,T216,32.916321,-104.391017,87.7,87.9,87.9
BNSF,SW1220203,2020-12-12,10:00 AM,Hwy-rail crossing,0,ARTESIA,NM,66,2,Day,Clear,Main,Freight Train,14,3500,24400,27900,M302,32.83606,-104.3961,51.7,46.2,38.6
KCS,22101402,2022-10-14,1:15 PM,Derailment,0,ARTESIA,MS,79,2,Day,Clear,Yard,Yard/switching,7,33384,6491,39875,H704,33.424257,-88.622721,65.9,60.9,68.1
BNSF,SW1222108,2022-12-20,10:20 PM,Derailment,0,ARTESIA,NM,40,4,Dark,Clear,Siding,Freight Train,3,36000,3000,39000,H303,32.93145,-104.386894,40.4,36.8,38.2
KCS,16082902,2016-08-29,10:30 PM,Other impacts,0,ARTESIA,MS,79,4,Dark,Clear,Yard,Yard/switching,7,53123,2711,55834,H307,33.413017,-88.642876,82.7,83.5,83.6
SW,SWC081815D,2015-08-18,1:15 PM,Derailment,0,ARTESIA,NM,84,2,Day,Clear,Industry,Yard/switching,4,75000,2710,77710,H303,32.8428,-104.4122,80.7,84.8,74.6
KCS,19012601,2019-01-26,5:15 AM,Other impacts,0,ARTESIA,MS,29,4,Dark,Clear,Yard,Yard/switching,7,26715,0,27215,H306,33.417064,-88.643361,35.7,38.8,43.2
ABS,181110003,2018-11-10,10:30 AM,Derailment,0,ARTESIA,MS,45,2,Day,Clear,Yard,Freight Train,11,10000,0,18077,H525,33.409984,-88.647074,48.9,38.1,42.8
KCS,21021101,2021-02-11,5:10 AM,Derailment,0,ARTESIA,MS,50,4,Dark,Rain,Siding,Cut of cars,5,37986,8772,46758,H008,33.412695,-88.642862,56.9,41.9,33.6
KCS,17100501,2017-10-05,5:00 PM,Other impacts,0,ARTESIA,MS,85,2,Day,Clear,Main,Freight Train,4,24817,0,24817,H318,33.43874,-88.54364,73.4,70.3,72.3
KCS,20051702,2020-05-17,12:30 AM,Other impacts,0,ARTESIA,MS,72,4,Dark,Cloudy,Yard,Cut of cars,5,1548,0,22270,H020,33.414151,-88.643028,76,75,69.8
KCS,20051702,2020-05-17,12:30 AM,Other impacts,0,ARTESIA,MS,72,4,Dark,Cloudy,Yard,Cut of cars,2,20722,0,22270,H020,33.414151,-88.643028,76,75,69.8
KCS,17100501,2017-10-05,5:00 PM,Other impacts,0,ARTESIA,MS,85,2,Day,Clear,Main,Cut of cars,1,0,0,24817,H318,33.43874,-88.54364,73.4,70.3,72.3
KCS,19012601,2019-01-26,5:15 AM,Other impacts,0,ARTESIA,MS,29,4,Dark,Clear,Yard,Cut of cars,0,500,0,27215,H306,33.417064,-88.643361,35.7,38.8,43.2
UP,0619SX025,2019-06-25,8:38 AM,Hwy-rail crossing,0,ARTESIA WELLS,TX,72,2,Day,Clear,Main,Freight Train,59,169686,14940,184626,M304,28.24046,-99.296944,78.8,79.5,80.7
KRR,KRR620820,2020-06-23,11:16 PM,Derailment,0,ARTHUR CITY,TX,72,4,Dark,Clear,Main,Freight Train,9,160000,13905,173905,T110,33.861215,-95.509206,77.6,76.4,78.5
UP,0719RM020,2019-07-21,9:14 PM,Fire/violent rupture,0,ARVADA,CO,77,4,Dark,Cloudy,Main,Freight Train,25,36851,0,36851,M406,39.84725,-105.165232,74.3,70.7,69.5
BNSF,PR1115113,2015-11-28,3:24 AM,Other (describe in narrative),0,ARVADA,WY,1,4,Dark,Clear,Main,Freight Train,43,9413,31700,41113,E36C,44.577248,-106.014603,8.4,16.1,21.4
RTDC,73679,2018-08-22,9:30 PM,Other impacts,0,ARVADA,CO,73,3,Dusk,Cloudy,Main,EMU,60,5901,24310,30211,T404,39.791409,-105.117326,60.3,65,72.3
KCS,17010602,2017-01-06,6:25 PM,Derailment,0,ASBURY,MO,6,4,Dark,Clear,Main,Freight Train,9,303814,1408649,1712463,E61C,37.28441,-94.609626,17.8,12.6,19.4
NJTR,202303104,2023-03-07,7:47 PM,Hwy-rail crossing,0,ASBURY PARK,NJ,33,4,Dark,Clear,Main,Commuter Train - Pulling,45,5743,19380,25123,M308,40.220609,-74.012866,44.8,39.2,38.2
BEAR,BER533323D,2023-09-12,6:00 AM,Derailment,0,ASHBURNHAM,MA,68,1,Dawn,Rain,Main,Freight Train,0,19000,96443,115443,M103,42.60819,-71.93895,70.6,70.9,67.1
KCS,20062501,2020-06-25,11:00 AM,Derailment,0,ASHDOWN,AR,89,2,Day,Clear,Industry,Freight Train,5,0,74482,74482,H306,33.644895,-94.11305,77.9,76.2,74
CPKC,23072501,2023-07-25,7:19 PM,Derailment,0,ASHDOWN,AR,96,2,Day,Clear,Main,Freight Train,19,335216,44714,379930,E24C,33.645287,-94.103485,83.5,85.8,87.3
KRR,KRR721224D,2024-03-01,3:00 AM,Derailment,0,ASHDOWN,AR,60,4,Dark,Clear,Main,Freight Train,9,37410,25000,62410,T220,33.653358,-93.998645,43.5,45.3,58
KCS,18101601,2018-10-16,2:49 PM,Derailment,0,ASHDOWN,AR,47,2,Day,Rain,Industry,Freight Train,0,0,15761,17261,T314,33.646033,-94.104312,54.6,47.9,53.4
KRR,KRR435519,2019-06-25,9:00 PM,Derailment,0,ASHDOWN,AR,73,4,Dark,Cloudy,Main,Freight Train,10,13754,215088,228842,T201,33.657682,-94.023527,72.7,78,79.2
KRR,KRR503519,2019-10-30,8:30 AM,Derailment,0,ASHDOWN,AR,55,2,Day,Rain,Main,Freight Train,10,196889,104050,300939,T001,33.654337,-94.004105,60,54.9,41.1
KRR,KRR859621,2021-10-19,3:30 PM,Derailment,0,ASHDOWN,AR,73,2,Day,Clear,Main,Freight Train,8,39000,3923,42923,T207,33.652811,-93.995532,61.8,63.4,69.1
KRR,819618R,2018-10-16,2:49 PM,Derailment,0,ASHDOWN,AR,47,2,Day,Rain,Industry,Freight Train,4,1500,0,17261,T314,33.646033,-94.104312,54.6,47.9,53.4
KRR,KRR795424D,2024-05-09,12:30 PM,Derailment,0,ASHDOWN,AR,83,2,Day,Clear,Main,Freight Train,5,359000,102000,461000,T001,33.646643,-93.961118,80,75.4,72.5
KRR,KRR641620,2020-07-30,1:00 AM,Derailment,0,ASHDOWN,AR,90,4,Dark,Cloudy,Main,Freight Train,8,210000,86000,296000,T001,33.646636,-93.963833,82.6,84.1,76
KRR,KRR987822,2022-07-06,4:30 PM,Derailment,0,ASHDOWN,AR,101,2,Day,Clear,Main,Freight Train,10,438898,135648,574546,T109,33.683782,-94.245872,89.2,89.4,89.2
KRR,KRR532618D,2018-01-04,7:20 AM,Derailment,0,ASHDOWN,AR,20,1,Dawn,Clear,Yard,Freight Train,4,25000,7500,32500,T110,33.674961,-94.121391,29,31.3,37.6
KRR,KRR087323,2023-01-15,10:30 PM,Derailment,0,ASHDOWN,AR,60,4,Dark,Cloudy,Main,Freight Train,10,290000,235000,525000,T101,33.645483,-93.942362,41.2,53.6,65.8
KRR,KRR747124D,2024-03-22,2:30 PM,Derailment,0,ASHDOWN,AR,60,2,Day,Clear,Yard,Freight Train,4,31000,25000,56000,T110,33.674966,-94.143854,60.5,56.5,58.1
NS,133347,2019-03-25,8:15 PM,Derailment,0,ASHEVILLE,NC,52,4,Dark,Rain,Main,Freight Train,4,36696,19533,56229,E30C,35.584402,-82.565625,51,51.9,49.4
NS,115453,2015-04-30,6:13 AM,Hwy-rail crossing,0,ASHEVILLE,NC,72,1,Dawn,Clear,Main,Freight Train,14,30000,0,30000,M303,35.568715,-82.519047,54.3,53.8,51.9
NS,129691,2018-06-02,1:40 PM,Derailment,0,ASHEVILLE,NC,80,2,Day,Clear,Main,Freight Train,4,12614,32387,45001,M405,35.586522,-82.567315,72.2,73.7,74.2