reportingrailroadcode,accidentnumber,date,time,accidenttype,hazmatreleasedcars,station,stateabbr,temperature,visibility_code,visibility,weathercondition,tracktype,equipmenttype,trainspeed,equipmentdamagecost,trackdamagecost,totaldamagecost,primaryaccidentcausecode,latitude,longitude,prior_temp,actual_temp,following_temp
IC,984550,2019-01-15,7:15 PM,Other (describe in narrative),0,ASHKUM,IL,27,4,Dark,Snow,Main,Freight Train,58,3200,10238,13438,M208,40.87997,-87.95524,16,27.4,32.3
BNSF,HL1217121,2017-12-27,4:30 PM,Derailment,0,ASHLAND,NE,6,2,Day,Clear,Main,Freight Train,51,4000,181321,185321,E61C,41.047769,-96.336001,2.9,0.2,16.4
CSX,000209292,2023-01-15,3:16 AM,Hwy-rail crossing,0,ASHLAND,VA,32,4,Dark,Clear,Main,Freight Train,30,0,13411,13411,M304,37.758754,-77.481287,36.4,35.4,41.1
CSX,000163677,2016-09-27,6:27 PM,Fire/violent rupture,0,ASHLAND,VA,68,3,Dusk,Cloudy,Main,Freight Train,20,12963,0,12963,E73L,37.764006,-77.479664,66.6,68.2,69.2
BNSF,TC1223203,2023-12-18,3:08 PM,Hwy-rail crossing,0,ASHLAND,NE,40,2,Day,Clear,Main,Freight Train,45,15000,0,15000,M302,41.074162,-96.355383,36.5,29.2,34.8
BNSF,NE0616200,2016-06-13,5:00 PM,Hwy-rail crossing,0,ASHLAND,NE,85,3,Dusk,Clear,Main,Maint./inspect Car,25,11000,0,11000,M302,41.09962,-96.3556,84.6,80.3,81.3
CSX,000209799,2023-02-14,12:03 PM,Hwy-rail crossing,0,ASHLAND,KY,60,2,Day,Clear,Main,Freight Train,31,23688,490,24178,M308,38.450953,-82.612202,42.1,46.1,62
MNR,617072,2022-10-18,8:41 PM,Derailment,0,ASHLAND,ME,62,4,Dark,Rain,Industry,Yard/switching,8,1883,25783,27666,T199,46.701575,-68.488939,49.6,57.1,59.4
GLC,070722,2022-07-07,4:00 PM,Derailment,0,ASHLEY,MI,87,2,Day,Clear,Main,Freight Train,7,500000,24000,524000,T109,43.182778,-84.505833,70.8,70.6,70.3
HRRC,0721,2021-12-07,4:40 PM,Hwy-rail crossing,0,ASHLEY FALLS,MA,40,3,Dusk,Cloudy,Main,Freight Train,25,14645,9612,24257,M308,42.057347,-73.33601,44.8,32.4,28.6
NS,128975,2018-03-26,7:45 AM,Hwy-rail crossing,0,ASHLEY PHOSPHATE,SC,52,1,Dawn,Cloudy,Main,Freight Train,22,0,66442,66442,M308,32.931554,-80.059303,53.4,50.6,53.5
CSX,000180793,2019-01-16,1:10 PM,Side collision,0,ASHTABULA,OH,30,2,Day,Cloudy,Yard,Freight Train,0,31213,0,31755,H306,41.858629,-80.830795,23.3,26.8,22.8
CSX,000165202,2016-12-14,5:19 AM,Derailment,0,ASHTABULA,OH,30,1,Dawn,Snow,Industry,Freight Train,3,13921,420,14341,H702,41.882536,-80.782454,26.9,21.1,13.7
CSX,000180793,2019-01-16,1:10 PM,Side collision,0,ASHTABULA,OH,30,2,Day,Cloudy,Yard,Freight Train,4,542,0,31755,H306,41.858629,-80.830795,23.3,26.8,22.8
CSX,000192480,2020-09-07,11:42 AM,Derailment,0,ASHTABULA,OH,65,2,Day,Cloudy,Yard,Freight Train,10,19464,114,19578,E4BC,41.858629,-80.830795,64.1,66.4,70.9
UP,0219GL083,2019-02-28,3:15 PM,Derailment,0,ASHTON,IL,22,2,Day,Cloudy,Main,Freight Train,27,9670,16432,26102,E53C,41.853112,-89.26205,21.6,17.2,28.1
UP,0316TC009,2016-03-16,6:10 PM,Derailment,0,ASHTON,IA,45,2,Day,Cloudy,Industry,Freight Train,2,4531,50932,55463,T207,43.276723,-95.80425,50.3,41.7,36.3
ATK,152630,2018-04-06,1:20 PM,Hwy-rail crossing,0,ASTICO,WI,30,2,Day,Clear,Main,Passenger Train - Pulling,70,34139,0,34499,M302,43.321794,-88.911432,28,28.3,23.3
CP,1000732503,2018-04-06,1:20 PM,Hwy-rail crossing,0,ASTICO,WI,30,2,Day,Clear,Main,,0,0,360,34499,M302,43.321794,-88.911432,28,28.3,23.3
IAIS,2022026,2022-07-21,7:04 PM,Hwy-rail crossing,0,ATALISSA,IA,87,3,Dusk,Clear,Main,Freight Train,38,15000,0,15000,M308,41.567731,-91.17597,78.8,78.5,76.3
IAIS,2016024,2016-05-05,7:25 PM,Hwy-rail crossing,0,ATALISSA,IA,65,3,Dusk,Clear,Main,Freight Train,38,53000,159,53159,M302,41.569411,-91.169032,55.7,54.8,66.4
UP,0715SA008,2015-07-13,1:20 PM,Obstruction,0,ATASCOSA,TX,97,2,Day,Clear,Main,Spec. MoW Equip.,5,0,0,13853,E99C,29.255946,-98.752754,83.5,84.2,83.1
UP,0715SA008,2015-07-13,1:20 PM,Obstruction,0,ATASCOSA,TX,97,2,Day,Clear,Main,Spec. MoW Equip.,12,13853,0,13853,E99C,29.255946,-98.752754,83.5,84.2,83.1
UP,0620HL016,2020-06-17,12:54 PM,Derailment,0,ATCHISON,KS,90,2,Day,Clear,Industry,Yard/switching,3,3599,26869,30468,E71L,39.560263,-95.116919,80.8,79.4,81.1
UP,0722HL025,2022-07-20,2:35 PM,Derailment,0,ATCHISON,KS,90,2,Day,Clear,Main,Freight Train,19,8576,50015,58591,E53C,39.532337,-95.10427,80.5,78.7,78.1
UP,0722HL008,2022-07-06,10:59 AM,Other impacts,0,ATCHISON,KS,82,2,Day,Clear,Yard,Cut of cars,3,772,0,39463,H317,39.55133,-95.115012,84,79.4,78.3
UP,0722HL008,2022-07-06,10:59 AM,Other impacts,0,ATCHISON,KS,82,2,Day,Clear,Yard,Yard/switching,3,38691,0,39463,H317,39.55133,-95.115012,84,79.4,78.3
UP,1023HL001,2023-10-01,1:26 AM,Derailment,0,ATCHISON,KS,70,4,Dark,Clear,Industry,Freight Train,1,123435,10740,134175,H022,39.513197,-95.203001,79.4,75.2,74.3
CSX,000172025,2017-10-04,11:00 AM,Derailment,0,ATHENS,GA,78,2,Day,Clear,Industry,Yard/switching,3,14715,98,14813,M501,33.984568,-83.34025,67.2,67,67.1
UP,0119TO030,2019-01-25,4:00 PM,Hwy-rail crossing,0,ATHENS,TX,54,2,Day,Clear,Main,Freight Train,40,45424,269,45693,M302,32.212721,-95.843706,40.7,43.5,46.7
CSX,000158461,2016-03-25,1:25 PM,Hwy-rail crossing,0,ATHENS,AL,55,2,Day,Clear,Main,Freight Train,37,8272,6800,15072,M303,34.799035,-86.970121,62.1,50.8,57.4
CSX,000179808,2018-11-12,11:38 AM,Derailment,0,ATHENS,GA,45,2,Day,Rain,Siding,Yard/switching,3,66582,3529,70111,M503,33.969975,-83.399842,43.7,42.8,48.7
ATK,161217,2019-09-20,12:30 AM,Hwy-rail crossing,0,ATHOL,ID,45,4,Dark,Clear,Main,Passenger Train - Pulling,65,28588,0,48588,M309,47.947798,-116.708682,51.1,54.2,54
BNSF,MT0919201,2019-09-20,12:30 AM,Hwy-rail crossing,0,ATHOL,ID,45,4,Dark,Clear,Main,,0,0,20000,48588,M302,47.947522,-116.70874,51.1,54.2,54
BNSF,NW1216116,2016-12-25,1:44 AM,Obstruction,0,ATHOL,ID,27,4,Dark,Snow,Main,Freight Train,0,1165,0,76165,M402,47.972133,-116.702669,29.4,25.8,25
MRL,2016166,2016-12-25,1:44 AM,Obstruction,0,ATHOL,ID,27,4,Dark,Snow,Main,Freight Train,55,75000,0,76165,M402,47.972133,-116.702669,29.4,25.8,25
NS,127427,2017-11-15,2:05 PM,Derailment,0,ATLANTA,GA,60,2,Day,Clear,Yard,Yard/switching,5,45,12280,12325,E67L,33.793887,-84.445407,48.5,47.8,55.6
NS,140613,2021-02-16,1:50 AM,Other impacts,0,ATLANTA,GA,36,4,Dark,Clear,Yard,Yard/switching,4,10296,0,20652,H601,33.793527,-84.444462,44.6,30.4,37.3
NS,140563,2021-02-10,4:15 PM,Derailment,0,ATLANTA,GA,69,3,Dusk,Clear,Yard,Cut of cars,0,40250,0,312087,H309,33.793519,-84.444441,54.8,55.7,57.1
CSX,000195052,2021-01-18,5:40 PM,Derailment,0,ATLANTA,GA,42,3,Dusk,Clear,Yard,Yard/switching,1,10068,1853,11921,E07C,33.794105,-84.417335,40.8,42.4,45.2
NS,140563,2021-02-10,4:15 PM,Derailment,0,ATLANTA,GA,69,3,Dusk,Clear,Yard,Cut of cars,0,800,0,312087,H309,33.793519,-84.444441,54.8,55.7,57.1
NS,138208,2020-06-11,1:35 PM,Derailment,0,ATLANTA,GA,82,2,Day,Clear,Yard,Freight Train,7,16299,33367,49666,H506,33.793887,-84.445407,76.4,75.3,75.8
NS,157027,2024-06-11,7:00 AM,Derailment,0,ATLANTA,GA,70,1,Dawn,Clear,Main,Freight Train,6,157864,0,166951,M405,33.788823,-84.418679,75.7,74.5,77.5
CSX,000168348,2017-04-17,4:57 PM,Other impacts,0,ATLANTA,GA,81,2,Day,Clear,Yard,Single Car,12,4000,0,46600,H318,33.801256,-84.449673,70.4,68.9,69.7
CSX,000155067,2015-12-10,5:45 PM,Side collision,0,ATLANTA,GA,62,4,Dark,Cloudy,Yard,Cut of cars,0,1000,0,59223,H018,33.794142,-84.41766,50.6,56.8,62.3
CSX,000168348,2017-04-17,4:57 PM,Other impacts,0,ATLANTA,GA,81,2,Day,Clear,Yard,Single Car,12,42600,0,46600,H318,33.801256,-84.449673,70.4,68.9,69.7
CSX,000154347,2015-11-17,5:35 AM,Side collision,0,ATLANTA,GA,40,1,Dawn,Clear,Yard,Yard/switching,4,6000,251,18893,H306,33.749426,-84.376845,52.3,60.9,62.2
NS,152325,2023-02-16,5:00 PM,Derailment,0,ATLANTA,GA,72,3,Dusk,Clear,Main,Freight Train,15,20000,0,20000,E22C,33.786783,-84.410797,57.3,63.1,50.1
CSX,000159216,2016-04-22,1:00 PM,Derailment,0,ATLANTA,GA,75,2,Day,Clear,Yard,Cut of cars,5,16948,2312,19260,M411,33.801524,-84.45,66.5,65.1,65.6
CSX,000152978,2015-10-07,2:15 AM,Derailment,0,ATLANTA,GA,65,4,Dark,Clear,Yard,Cut of cars,8,17500,0,19225,S016,33.799641,-84.439903,66.4,68.6,68.9
CSX,000170192,2017-07-13,2:20 AM,Derailment,0,ATLANTA,GA,80,4,Dark,Clear,Yard,Yard/switching,4,54145,692,54837,M204,33.794105,-84.417335,80,81.8,82
NS,140563,2021-02-10,4:15 PM,Derailment,0,ATLANTA,GA,69,3,Dusk,Clear,Yard,Yard/switching,5,182317,70720,312087,H309,33.793519,-84.444441,54.8,55.7,57.1
CSX,000160537,2016-06-13,12:15 PM,Derailment,0,ATLANTA,GA,95,2,Day,Clear,Yard,Freight Train,9,11606,376,11982,H503,33.801524,-84.45,83.4,85.5,79.8
CSX,000195356,2021-01-29,9:53 AM,Derailment,0,ATLANTA,GA,40,2,Day,Clear,Yard,Freight Train,10,51417,4908,56325,H702,33.794105,-84.417335,39.3,38.2,40
NS,141243,2021-04-15,12:20 PM,Side collision,0,ATLANTA,GA,64,2,Day,Clear,Yard,Freight Train,0,29220,0,58370,H399,33.793527,-84.444462,66.2,63.1,57.9
NS,134560,2019-07-02,2:30 AM,Derailment,0,ATLANTA,GA,76,4,Dark,Clear,Yard,Yard/switching,4,6112,30948,37060,M405,33.793887,-84.445407,83.1,85,83.7
NS,137986,2020-05-18,4:50 PM,Other (describe in narrative),0,ATLANTA,GA,75,3,Dusk,Cloudy,Yard,Light loco(s),5,14364,277,14641,H702,33.793887,-84.445407,73.6,70.7,68.5
NS,136176,2019-11-13,6:30 AM,Derailment,0,ATLANTA,GA,28,1,Dawn,Clear,Yard,Freight Train,4,9253,24830,34083,H506,33.793527,-84.444462,40,34.1,39.6
NS,142628,2021-08-23,2:45 PM,Other impacts,0,ATLANTA,GA,91,2,Day,Clear,Yard,Yard/switching,4,15274,6603,21877,H302,33.793527,-84.444462,78.1,81.7,82.6
NS,135725,2019-10-04,11:10 AM,Derailment,0,ATLANTA,GA,96,2,Day,Clear,Siding,Freight Train,7,150187,316186,466373,E05C,33.806082,-84.475366,84.2,83.1,75.2
NS,142139,2021-07-08,3:00 PM,Derailment,0,ATLANTA,GA,85,2,Day,Cloudy,Yard,Yard/switching,6,18300,500,18800,H507,33.793527,-84.444462,76.2,76.5,76.7
NS,141243,2021-04-15,12:20 PM,Side collision,0,ATLANTA,GA,64,2,Day,Clear,Yard,Single Car,2,29150,0,58370,H399,33.793527,-84.444462,66.2,63.1,57.9
CSX,000154713,2015-11-27,4:04 PM,Side collision,0,ATLANTA,GA,57,2,Day,Clear,Main,Freight Train,8,113809,0,143935,H221,33.761979,-84.431417,55.7,59.6,59
FCR,FCR192685,2019-12-04,3:20 AM,Derailment,0,ATLANTA,GA,35,4,Dark,Clear,Yard,Freight Train,7,4500,22400,26900,E61C,33.73229,-84.583073,39.6,45.8,50.2
NS,139744,2020-11-15,8:10 PM,Rear end collision,0,ATLANTA,GA,50,4,Dark,Clear,Main,Freight Train,26,296748,163298,569890,H221,33.807793,-84.485925,56.7,58.1,51
CSX,000180336,2018-12-14,9:02 PM,Side collision,0,ATLANTA,GA,40,4,Dark,Rain,Yard,Freight Train,0,21321,2578,160610,H306,33.794105,-84.417335,44.1,48.3,49.6
NS,139989,2020-12-12,4:30 AM,Other impacts,0,ATLANTA,GA,56,1,Dawn,Clear,Yard,Single Car,1,6512,500,29521,M411,33.793887,-84.445407,51.9,57.4,58.8
CSX,000154713,2015-11-27,4:04 PM,Side collision,0,ATLANTA,GA,57,2,Day,Clear,Main,Freight Train,8,30000,126,143935,H221,33.761979,-84.431417,55.7,59.6,59
NS,141153,2021-04-06,6:25 PM,Derailment,0,ATLANTA,GA,78,3,Dusk,Clear,Yard,Yard/switching,2,153031,228450,415175,E30C,33.793527,-84.444462,61.4,64.6,66.8
NS,141501,2021-05-10,6:30 AM,Derailment,0,ATLANTA,GA,68,1,Dawn,Rain,Yard,Freight Train,4,69303,134738,204041,H504,33.793527,-84.444462,68.5,68.2,67.6
CSX,000182383,2019-04-15,11:12 AM,Derailment,0,ATLANTA,GA,70,2,Day,Clear,Main,,0,0,7497,14614,H503,33.723013,-84.513972,70.3,55,59.8
NS,139744,2020-11-15,8:10 PM,Rear end collision,0,ATLANTA,GA,50,4,Dark,Clear,Main,Freight Train,0,109844,0,569890,H221,33.807793,-84.485925,56.7,58.1,51
NS,133216,2019-03-14,8:00 AM,Other (describe in narrative),0,ATLANTA,GA,72,2,Day,Cloudy,Yard,Freight Train,8,87531,47513,135044,H702,33.793887,-84.445407,60.2,65.1,61.8
NS,139989,2020-12-12,4:30 AM,Other impacts,0,ATLANTA,GA,56,1,Dawn,Clear,Yard,Single Car,0,22509,0,29521,M411,33.793887,-84.445407,51.9,57.4,58.8
NS,141153,2021-04-06,6:25 PM,Derailment,0,ATLANTA,GA,78,3,Dusk,Clear,Yard,Yard/switching,0,33694,0,415175,E30C,33.793527,-84.444462,61.4,64.6,66.8
CSX,000184789,2019-08-17,11:17 AM,Other impacts,0,ATLANTA,GA,93,2,Day,Clear,Yard,Single Car,5,907,64,26656,E08C,33.794105,-84.417335,81.5,83.1,82.9
CSX,000180336,2018-12-14,9:02 PM,Side collision,0,ATLANTA,GA,40,4,Dark,Rain,Yard,Yard/switching,3,136711,0,160610,H306,33.794105,-84.417335,44.1,48.3,49.6
CSX,000152978,2015-10-07,2:15 AM,Derailment,0,ATLANTA,GA,65,4,Dark,Clear,Yard,Single Car,0,452,1273,19225,S016,33.799641,-84.439903,66.4,68.6,68.9
CSX,000177906,2018-07-30,4:10 PM,Hwy-rail crossing,0,ATLANTA,GA,89,3,Dusk,Cloudy,Main,Freight Train,38,851,16069,16920,M308,33.621849,-84.499457,77.9,77.7,74.2
NS,141009,2021-03-23,12:35 AM,Other (describe in narrative),0,ATLANTA,GA,50,4,Dark,Clear,Yard,Yard/switching,2,100683,3500,104183,H702,33.793527,-84.444462,59.5,61.7,65.5
CSX,000180764,2018-12-22,5:45 PM,Derailment,0,ATLANTA,GA,50,3,Dusk,Clear,Yard,Cut of cars,4,28623,520,29143,M101,33.794105,-84.417335,45.6,42.1,45.8
CSX,000187127,2019-12-13,8:00 PM,Derailment,0,ATLANTA,GA,68,4,Dark,Rain,Main,Cut of cars,5,17602,2177,19779,H020,33.642184,-84.522536,40.9,40.4,46.6
NS,140563,2021-02-10,4:15 PM,Derailment,0,ATLANTA,GA,69,3,Dusk,Clear,Yard,Cut of cars,0,18000,0,312087,H309,33.793519,-84.444441,54.8,55.7,57.1
NS,142450,2021-08-05,12:52 PM,Other (describe in narrative),0,ATLANTA,GA,84,2,Day,Clear,Yard,Cut of cars,0,0,0,1355079,E30C,33.793527,-84.444462,75.5,76.3,76.9
NS,142450,2021-08-05,12:52 PM,Other (describe in narrative),0,ATLANTA,GA,84,2,Day,Clear,Yard,Cut of cars,1,702657,652422,1355079,E30C,33.793527,-84.444462,75.5,76.3,76.9
NS,143814,2021-12-21,4:00 PM,Derailment,0,ATLANTA,GA,40,3,Dusk,Rain,Yard,Yard/switching,10,6629,12853,19482,H524,33.793527,-84.444462,42.1,41.3,45
NS,146475,2022-09-12,11:55 AM,Other (describe in narrative),0,ATLANTA,GA,91,2,Day,Clear,Yard,Freight Train,3,16000,7906,23906,H702,33.793519,-84.444441,75.1,74.5,68.6
CSX,000154347,2015-11-17,5:35 AM,Side collision,0,ATLANTA,GA,40,1,Dawn,Clear,Yard,Cut of cars,4,12642,0,18893,H306,33.749426,-84.376845,52.3,60.9,62.2
NS,144890,2022-04-04,2:55 PM,Hwy-rail crossing,0,ATLANTA,GA,68,2,Day,Clear,Main,Freight Train,25,7913,5937,13850,M303,33.726668,-84.394405,57.5,58.2,57.2
NS,145200,2022-05-07,12:35 AM,Derailment,0,ATLANTA,GA,72,4,Dark,Clear,Yard,Freight Train,7,3210,58554,61764,H506,33.793527,-84.444462,73.2,63.3,60.6
NS,146443,2022-09-11,6:30 AM,Other impacts,0,ATLANTA,GA,72,1,Dawn,Cloudy,Yard,Single Car,0,300,0,36486,H312,33.793519,-84.444441,70.3,75.1,74.5
NS,151117,2022-10-10,5:25 PM,Derailment,0,ATLANTA,GA,83,3,Dusk,Clear,Yard,Yard/switching,2,312578,36000,348578,H504,33.79352,-84.444441,58,60.3,64.1
NS,142107,2021-07-05,8:30 PM,Other impacts,0,ATLANTA,GA,72,4,Dark,Clear,Yard,Single Car,4,40000,23,49545,M411,33.793527,-84.444462,74.9,78.2,77.8
NS,139741,2020-11-13,10:18 PM,Other impacts,0,ATLANTA,GA,51,4,Dark,Cloudy,Yard,Yard/switching,1,600,124513,125113,M411,33.793527,-84.444462,66.4,61.3,56.7
NS,146443,2022-09-11,6:30 AM,Other impacts,0,ATLANTA,GA,72,1,Dawn,Cloudy,Yard,Single Car,3,9900,0,36486,H312,33.793519,-84.444441,70.3,75.1,74.5
CSX,000203924,2022-03-30,5:00 PM,Derailment,0,ATLANTA,GA,70,3,Dusk,Cloudy,Yard,Yard/switching,5,52785,70000,122785,H514,33.749013,-84.38215,60.5,67.5,66.6
NS,142107,2021-07-05,8:30 PM,Other impacts,0,ATLANTA,GA,72,4,Dark,Clear,Yard,Single Car,0,9522,0,49545,M411,33.793527,-84.444462,74.9,78.2,77.8
NS,140537,2021-02-08,7:00 PM,Other impacts,0,ATLANTA,GA,55,3,Dusk,Clear,Yard,Single Car,1,10380,0,20676,H312,33.793527,-84.444462,41,44.7,54.8
NS,151087,2022-10-08,11:58 PM,Derailment,0,ATLANTA,GA,58,4,Dark,Clear,Yard,Yard/switching,8,22793,60548,113647,T221,33.800777,-84.455555,66.2,63.7,58
CSX,000205020,2022-05-18,11:45 PM,Derailment,0,ATLANTA,GA,74,4,Dark,Clear,Yard,Yard/switching,6,136068,980,137048,H702,33.793898,-84.416751,72.1,73.9,79.6
CSX,000201359,2021-11-16,4:00 PM,Derailment,0,ATLANTA,GA,62,2,Day,Clear,Main,Freight Train,5,73841,695,74536,H524,33.800756,-84.423966,49.2,54.9,57.6
NS,142936,2021-09-25,3:00 PM,Derailment,0,ATLANTA,GA,75,2,Day,Cloudy,Yard,Freight Train,4,4650,7638,12288,H526,33.793527,-84.444462,62.6,64.9,66.8
NS,145565,2022-06-15,6:45 PM,Hwy-rail crossing,0,ATLANTA,GA,83,3,Dusk,Cloudy,Yard,Yard/switching,6,310,26778,27088,M302,33.789579,-84.43595,85.8,85.3,85.4
NS,140683,2021-02-19,7:30 PM,Derailment,0,ATLANTA,GA,42,3,Dusk,Clear,Yard,Freight Train,8,197443,54630,252073,H307,33.793527,-84.444462,41.9,41,39.3
CSX,000205379,2022-06-03,7:27 PM,Derailment,0,ATLANTA,GA,81,4,Dark,Cloudy,Yard,Yard/switching,6,64731,2104,66835,H307,33.793898,-84.416751,79.3,76.1,76.5
NS,146443,2022-09-11,6:30 AM,Other impacts,0,ATLANTA,GA,72,1,Dawn,Cloudy,Yard,Single Car,4,2000,0,36486,H312,33.793519,-84.444441,70.3,75.1,74.5
NS,151216,2022-10-19,9:30 AM,Derailment,0,ATLANTA,GA,50,2,Day,Clear,Yard,Yard/switching,4,120133,18539,138672,H506,33.79352,-84.444441,46.2,45.7,47.7
NS,152559,2023-03-16,5:20 PM,Other (describe in narrative),0,ATLANTA,GA,68,3,Dusk,Clear,Yard,Yard/switching,0,1000,7967,28020,H706,33.79352,-84.444441,45,51.3,57.2
CSX,000205643,2022-06-19,4:15 AM,Side collision,0,ATLANTA,GA,75,4,Dark,Clear,Yard,Freight Train,6,11601,0,17201,H302,33.749294,-84.377363,81.1,76.9,77.7
NS,152559,2023-03-16,5:20 PM,Other (describe in narrative),0,ATLANTA,GA,68,3,Dusk,Clear,Yard,Yard/switching,10,19053,0,28020,H706,33.79352,-84.444441,45,51.3,57.2
CSX,000205643,2022-06-19,4:15 AM,Side collision,0,ATLANTA,GA,75,4,Dark,Clear,Yard,Cut of cars,0,5600,0,17201,H302,33.749294,-84.377363,81.1,76.9,77.7
NS,144153,2022-01-26,5:36 AM,Other impacts,0,ATLANTA,GA,30,1,Dawn,Clear,Yard,Freight Train,1,432,0,14218,H306,33.793527,-84.444462,50.9,39.5,40.5
NS,140537,2021-02-08,7:00 PM,Other impacts,0,ATLANTA,GA,55,3,Dusk,Clear,Yard,Single Car,0,10296,0,20676,H312,33.793527,-84.444462,41,44.7,54.8
NS,144153,2022-01-26,5:36 AM,Other impacts,0,ATLANTA,GA,30,1,Dawn,Clear,Yard,Yard/switching,1,3715,10071,14218,H306,33.793527,-84.444462,50.9,39.5,40.5
CSX,000218620,2024-06-11,11:12 PM,Derailment,0,ATLANTA,GA,60,4,Dark,Clear,Main,,0,0,9087,166951,H504,33.788374,-84.418889,75.7,74.5,77.5
CSX,000212883,2023-08-11,11:30 PM,Other impacts,0,ATLANTA,GA,90,4,Dark,Clear,Industry,Yard/switching,5,46422,0,72093,H306,33.793898,-84.416751,77.4,78.6,78.5
NS,155708,2024-02-08,12:01 PM,Derailment,0,ATLANTA,GA,57,2,Day,Clear,Yard,Yard/switching,4,8000,10000,18000,H506,33.79352,-84.444441,45.7,46.8,53.7
NS,154529,2023-10-18,4:45 AM,Derailment,0,ATLANTA,GA,50,1,Dawn,Clear,Yard,Yard/switching,5,2105,9535,11640,H504,33.79352,-84.444441,54.1,56.4,58.7
NS,127351,2017-11-08,7:20 PM,Derailment,0,ATLANTA,GA,61,3,Dusk,Rain,Yard,Yard/switching,11,4996,32175,37171,H601,33.793887,-84.445407,69.5,59.1,51.2
NS,143853,2021-12-27,3:28 AM,Other impacts,0,ATLANTA,GA,62,4,Dark,Clear,Yard,Cut of cars,0,17300,0,22600,M411,33.793527,-84.444462,64.4,63.6,66.6
NS,154781,2023-11-15,5:00 AM,Other (describe in narrative),0,ATLANTA,GA,45,1,Dawn,Clear,Yard,Light loco(s),3,0,14069,14069,H702,33.79352,-84.444441,58.2,57.4,61.1
NS,155587,2024-01-27,11:45 AM,Derailment,0,ATLANTA,GA,63,2,Day,Rain,Yard,Yard/switching,1,41881,29482,71363,H504,33.79352,-84.444441,62,61.3,46.8
CSX,000172018,2017-10-05,2:48 AM,Derailment,0,ATLANTA,GA,60,4,Dark,Clear,Main,Freight Train,15,183916,65674,249590,M405,33.764177,-84.43107,68.7,68.1,71.4
CSX,000217342,2024-04-11,2:20 AM,Other impacts,0,ATLANTA,GA,50,4,Dark,Clear,Main,Freight Train,12,27266,0,27266,M404,33.861907,-84.404333,64.4,65.7,59.3
NS,151087,2022-10-08,11:58 PM,Derailment,0,ATLANTA,GA,58,4,Dark,Clear,Yard,Yard/switching,8,22793,7513,113647,T221,33.800777,-84.455555,66.2,63.7,58
NS,154753,2023-11-10,12:30 PM,Side collision,0,ATLANTA,GA,65,2,Day,Rain,Yard,Yard/switching,5,60750,0,124205,H702,33.79352,-84.444441,67.1,61.7,52.1
NS,141313,2021-04-22,5:28 AM,Other impacts,0,ATLANTA,GA,39,1,Dawn,Clear,Yard,Yard/switching,1,650,500,32072,M411,33.793527,-84.444462,54.2,49.1,55.6
CSX,000214548,2023-11-17,6:07 AM,Other impacts,0,ATLANTA,GA,58,1,Dawn,Cloudy,Yard,Yard/switching,0,381502,3792,385294,H307,33.793898,-84.416751,61.1,62.5,62.6
NS,143853,2021-12-27,3:28 AM,Other impacts,0,ATLANTA,GA,62,4,Dark,Clear,Yard,Single Car,3,5300,0,22600,M411,33.793527,-84.444462,64.4,63.6,66.6
NS,154829,2023-11-17,6:07 AM,Other impacts,0,ATLANTA,GA,58,1,Dawn,Cloudy,Yard,Freight Train,4,377690,0,377690,E30C,33.793898,-84.416751,61.1,62.5,62.6
CSX,000168104,2017-04-07,9:30 AM,Derailment,0,ATLANTA,GA,47,1,Dawn,Clear,Yard,Yard/switching,4,74789,830,75619,M204,33.801256,-84.449673,53.3,53,54.9
NS,146571,2022-09-23,12:30 AM,Derailment,0,ATLANTA,GA,68,4,Dark,Clear,Yard,Freight Train,3,750,21000,21750,M303,33.793519,-84.444441,78.7,68,66.6
CSX,000212883,2023-08-11,11:30 PM,Other impacts,0,ATLANTA,GA,90,4,Dark,Clear,Industry,Cut of cars,0,25671,0,72093,H306,33.793898,-84.416751,77.4,78.6,78.5
NS,141313,2021-04-22,5:28 AM,Other impacts,0,ATLANTA,GA,39,1,Dawn,Clear,Yard,Single Car,0,30922,0,32072,M411,33.793527,-84.444462,54.2,49.1,55.6
NS,156800,2024-05-23,10:51 AM,Other (describe in narrative),0,ATLANTA,GA,86,2,Day,Cloudy,Yard,Yard/switching,6,32467,2466,34933,H702,33.79352,-84.444441,75.7,77.1,77.4
NS,154753,2023-11-10,12:30 PM,Side collision,0,ATLANTA,GA,65,2,Day,Rain,Yard,Yard/switching,6,55777,7678,124205,H702,33.79352,-84.444441,67.1,61.7,52.1
NS,146443,2022-09-11,6:30 AM,Other impacts,0,ATLANTA,GA,72,1,Dawn,Cloudy,Yard,Single Car,0,24286,0,36486,H312,33.793519,-84.444441,70.3,75.1,74.5
NS,145605,2022-06-20,11:45 PM,Side collision,0,ATLANTA,GA,72,4,Dark,Clear,Yard,Freight Train,0,11906,0,39944,H305,33.793519,-84.444441,76.9,77.7,81.9
NS,157829,2024-08-25,4:45 PM,Other impacts,0,ATLANTA,GA,90,3,Dusk,Clear,Yard,Single Car,0,750,0,17250,M599,33.79352,-84.444441,74.4,76.2,77.2
NS,157000,2024-06-08,5:35 PM,Other impacts,1,ATLANTA,GA,85,3,Dusk,Clear,Yard,Yard/switching,0,40782,2599,171368,H318,33.79352,-84.444441,78.2,74.6,79.8