reportingrailroadcode,accidentnumber,date,time,accidenttype,hazmatreleasedcars,station,stateabbr,temperature,visibility_code,visibility,weathercondition,tracktype,equipmenttype,trainspeed,equipmentdamagecost,trackdamagecost,totaldamagecost,primaryaccidentcausecode,latitude,longitude,prior_temp,actual_temp,following_temp
NS,145605,2022-06-20,11:45 PM,Side collision,0,ATLANTA,GA,72,4,Dark,Clear,Yard,Work train,4,27038,1000,39944,H305,33.793519,-84.444441,76.9,77.7,81.9
NS,145993,2022-07-26,3:30 AM,Side collision,0,ATLANTA,GA,77,4,Dark,Clear,Yard,Light loco(s),1,2,20250,24122,H399,33.793519,-84.444441,82,82.4,83.4
CSX,000201299,2021-11-13,7:31 AM,Derailment,0,ATLANTA,GA,50,2,Day,Clear,Main,Freight Train,4,43595,1241,44836,H511,33.783627,-84.415482,56.1,48.1,46.2
NS,145628,2022-06-22,1:20 PM,Side collision,0,ATLANTA,GA,97,2,Day,Clear,Yard,Yard/switching,0,5000,0,24799,H305,33.793527,-84.444462,81.9,84.1,85.5
NS,151933,2023-01-05,3:45 PM,Other (describe in narrative),0,ATLANTA,GA,55,2,Day,Clear,Yard,Freight Train,5,171181,7964,179145,H220,33.79352,-84.444441,62.2,51.5,46.8
NS,143329,2021-11-01,1:00 AM,Other impacts,0,ATLANTA,GA,72,4,Dark,Clear,Yard,Single Car,1,8958,0,16747,H312,33.793527,-84.444462,55.5,57,55.5
NS,157829,2024-08-25,4:45 PM,Other impacts,0,ATLANTA,GA,90,3,Dusk,Clear,Yard,Single Car,2,16500,0,17250,M599,33.79352,-84.444441,74.4,76.2,77.2
NS,157000,2024-06-08,5:35 PM,Other impacts,0,ATLANTA,GA,85,3,Dusk,Clear,Yard,Single Car,0,127987,0,171368,H318,33.79352,-84.444441,78.2,74.6,79.8
NS,157469,2024-07-24,3:49 PM,Derailment,0,ATLANTA,GA,79,2,Day,Cloudy,Yard,Freight Train,0,291480,163500,454980,H503,33.79352,-84.444441,79,76.8,77.3
NS,140940,2021-03-16,10:00 PM,Other (describe in narrative),0,ATLANTA,GA,72,4,Dark,Rain,Yard,Yard/switching,10,25527,1443,26970,H306,33.793527,-84.444462,65.1,51.3,53.3
NS,145993,2022-07-26,3:30 AM,Side collision,0,ATLANTA,GA,77,4,Dark,Clear,Yard,Light loco(s),2,3870,0,24122,H399,33.793519,-84.444441,82,82.4,83.4
NS,145628,2022-06-22,1:20 PM,Side collision,0,ATLANTA,GA,97,2,Day,Clear,Yard,Yard/switching,8,5655,14144,24799,H305,33.793527,-84.444462,81.9,84.1,85.5
NS,143329,2021-11-01,1:00 AM,Other impacts,0,ATLANTA,GA,72,4,Dark,Clear,Yard,Single Car,0,7789,0,16747,H312,33.793527,-84.444462,55.5,57,55.5
NS,145452,2022-06-04,10:30 AM,Derailment,0,ATLANTA,GA,78,2,Day,Clear,Yard,Freight Train,7,84616,3047,87663,H706,33.793527,-84.444462,76.1,76.5,75.7
NS,145520,2022-06-11,11:00 AM,Other impacts,0,ATLANTA,GA,85,2,Day,Clear,Yard,Yard/switching,1,0,19837,19837,H312,33.793527,-84.444462,73.4,78,81.4
ATK,166941,2021-04-23,8:18 PM,Obstruction,0,ATLANTA,TX,62,4,Dark,Rain,Main,Passenger Train - Pulling,76,21147,0,21297,M404,33.125385,-94.159737,55.3,63,64.9
UP,0421MA050,2021-04-23,8:18 PM,Obstruction,0,ATLANTA,TX,59,4,Dark,Rain,Main,,0,0,150,21297,M404,33.126595,-94.158737,55.3,63,64.9
CSX,000211533,2023-05-28,3:46 AM,Other impacts,0,ATLANTA,GA,70,4,Dark,Cloudy,Yard,Cut of cars,0,225,0,199658,H307,33.793898,-84.416751,66.5,67.1,66.9
CSX,000211533,2023-05-28,3:46 AM,Other impacts,0,ATLANTA,GA,70,4,Dark,Cloudy,Yard,Freight Train,6,199433,0,199658,H307,33.793898,-84.416751,66.5,67.1,66.9
CSX,000208859,2022-12-16,8:39 AM,Hwy-rail crossing,0,ATLANTA,GA,43,2,Day,Clear,Main,Light loco(s),30,9182,2712,11894,M302,33.622772,-84.489575,50.7,44,43.6
CSX,000150343,2015-08-08,1:38 AM,Derailment,0,ATLANTA,GA,85,4,Dark,Clear,Yard,Cut of cars,4,24017,126,24143,M411,33.799641,-84.439903,79.3,80.8,82.2
CSX,000152192,2015-09-18,6:30 PM,Derailment,0,ATLANTA,GA,78,3,Dusk,Clear,Yard,Yard/switching,4,11334,0,120910,H403,33.799641,-84.439903,71.9,72.1,73.7
CSX,000152199,2015-09-18,3:30 PM,Derailment,0,ATLANTA,GA,72,3,Dusk,Clear,Yard,Freight Train,9,247793,14408,262201,H503,33.799641,-84.439903,71.9,72.1,73.7
FCR,FCR192561,2019-08-06,5:10 AM,Other impacts,0,ATLANTA,GA,85,4,Dark,Clear,Siding,Yard/switching,20,42764,0,42764,H025,33.728105,-84.590138,78.9,79.9,82.4
NS,135323,2019-08-30,9:30 AM,Derailment,0,ATLANTA,GA,88,2,Day,Clear,Yard,Freight Train,6,15418,12317,27735,H506,33.793527,-84.444462,76.6,76.2,78
CSX,000182895,2019-05-10,4:43 AM,Derailment,0,ATLANTA,GA,68,1,Dawn,Clear,Siding,Cut of cars,2,13795,859,14654,H318,33.725835,-84.514299,71.1,72.5,72.9
CSX,000171953,2017-10-01,2:44 PM,Derailment,0,ATLANTA,GA,64,2,Day,Clear,Yard,Cut of cars,0,77900,0,239835,E40C,33.790407,-84.432943,73.4,65.1,66.5
NS,136751,2020-01-06,1:45 PM,Derailment,0,ATLANTA,GA,58,2,Day,Clear,Yard,Freight Train,7,1713,14492,16205,H525,33.793887,-84.445407,40.7,47.2,50.9
NS,152002,2023-01-14,10:52 AM,Derailment,0,ATLANTA,GA,45,2,Day,Clear,Yard,Yard/switching,5,13101,10639,23740,H508,33.79352,-84.444441,42.7,37.2,39.2
NS,125399,2017-06-12,6:50 AM,Derailment,0,ATLANTA,GA,72,1,Dawn,Clear,Main,Freight Train,4,222319,303180,525499,H511,33.787202,-84.433345,76.4,77.9,78.3
CSX,000145694,2015-05-02,9:26 PM,Side collision,0,ATLANTA,GA,55,4,Dark,Clear,Yard,Single Car,9,1253,1060,57283,E09C,33.799641,-84.439903,59.7,63,66.2
NS,115668,2015-05-15,1:00 PM,Derailment,0,ATLANTA,GA,80,2,Day,Cloudy,Yard,Freight Train,2,20000,41454,61454,H303,33.793908,-84.445462,72.1,73.9,75
CSX,000145694,2015-05-02,9:26 PM,Side collision,0,ATLANTA,GA,55,4,Dark,Clear,Yard,Single Car,5,54970,0,57283,E09C,33.799641,-84.439903,59.7,63,66.2
CSX,000171953,2017-10-01,2:44 PM,Derailment,0,ATLANTA,GA,64,2,Day,Clear,Yard,Freight Train,9,160052,1883,239835,E40C,33.790407,-84.432943,73.4,65.1,66.5
CSX,000184789,2019-08-17,11:17 AM,Other impacts,0,ATLANTA,GA,93,2,Day,Clear,Yard,Cut of cars,5,25685,0,26656,E08C,33.794105,-84.417335,81.5,83.1,82.9
NS,140613,2021-02-16,1:50 AM,Other impacts,0,ATLANTA,GA,36,4,Dark,Clear,Yard,Single Car,0,10356,0,20652,H601,33.793527,-84.444462,44.6,30.4,37.3
CSX,000190755,2020-06-11,2:15 PM,Derailment,0,ATLANTA,GA,85,2,Day,Clear,Yard,Cut of cars,0,17441,7090,24531,H020,33.794105,-84.417335,76.4,75.3,75.8
NS,142462,2021-08-07,1:20 PM,Derailment,0,ATLANTA,GA,82,2,Day,Clear,Yard,Yard/switching,6,12163,149529,161692,H303,33.793527,-84.444462,76.9,76.7,77.8
NS,136211,2019-11-16,4:05 AM,Other (describe in narrative),0,ATLANTA,GA,40,1,Dawn,Clear,Yard,Freight Train,6,3577,38744,42321,T111,33.793887,-84.445407,45.2,49.8,53.7
NS,136743,2020-01-05,7:45 AM,Derailment,0,ATLANTA,GA,40,1,Dawn,Clear,Yard,Freight Train,8,595,84927,85522,T207,33.793887,-84.445407,51.9,40.7,47.2
CSX,000165426,2016-12-23,8:10 AM,Derailment,0,ATLANTA,GA,59,2,Day,Clear,Yard,Yard/switching,4,83524,2008,85532,T110,33.801524,-84.45,54.7,50.6,56.8
FCR,FCR129450,2019-04-15,11:12 AM,Derailment,0,ATLANTA,GA,67,2,Day,Clear,Main,Freight Train,8,7117,0,14614,T102,33.725617,-84.514331,70.3,55,59.8
FCR,FCR212900,2021-02-24,2:10 AM,Derailment,0,ATLANTA,GA,45,4,Dark,Cloudy,Siding,Freight Train,9,20880,770,21650,T110,33.723478,-84.600219,52.3,55.4,59.6
FCR,FCR192381,2019-01-28,12:20 AM,Derailment,0,ATLANTA,GA,34,4,Dark,Cloudy,Yard,Freight Train,7,700000,350000,1050000,T102,33.75269,-84.562866,39.8,44.1,40.7
NS,130429,2018-08-02,4:50 AM,Derailment,0,ATLANTA,GA,70,1,Dawn,Rain,Yard,Freight Train,7,13761,1750,15511,T311,33.787202,-84.433345,72.4,72.5,77.1
CSX,000170882,2017-08-11,11:01 AM,Derailment,0,ATLANTA,GA,89,2,Day,Clear,Yard,Yard/switching,5,104683,62834,167517,T207,33.790407,-84.432943,76.2,78,79.9
NS,138853,2020-08-14,11:00 PM,Derailment,0,ATLANTA,GA,72,4,Dark,Clear,Yard,Light loco(s),5,33,88663,88696,T110,33.793887,-84.445407,81,76.2,76.7
NS,153579,2023-07-10,6:00 AM,Derailment,0,ATLANTA,GA,75,1,Dawn,Rain,Yard,Yard/switching,5,40952,141260,182212,T207,33.79352,-84.444441,80.3,76.6,78.9
CSX,000194666,2020-12-25,2:58 AM,Derailment,0,ATLANTA,GA,28,4,Dark,Sleet,Yard,Yard/switching,10,68754,6076,74830,T210,33.794105,-84.417335,47.2,28.8,31.9
NS,138417,2020-07-04,11:45 AM,Derailment,0,ATLANTA,GA,87,2,Day,Clear,Yard,Freight Train,1,10876,12466,23342,T110,33.793887,-84.445407,82.1,80.7,81.7
NJTR,201501003,2015-01-04,12:56 AM,Obstruction,0,ATLANTIC CITY,NJ,51,4,Dark,Clear,Main,Commuter Train - Pushing,79,14496,15000,29496,M402,39.477145,-74.577323,37.3,54.9,37.7
CSX,000177562,2018-07-11,7:00 PM,Derailment,0,ATMORE,AL,90,3,Dusk,Cloudy,Main,Freight Train,34,224292,188047,412339,E00C,31.027853,-87.367258,80.7,82,81.2
UP,0523TO013,2023-05-09,9:33 AM,Derailment,0,ATOKA,OK,73,2,Day,Cloudy,Industry,Freight Train,7,636,20275,20911,T210,34.46703,-96.056044,75.9,75.3,71.5
NS,124296,2017-03-13,12:40 PM,Derailment,0,ATTALLA,AL,44,2,Day,Rain,Yard,Freight Train,8,750,12112,12862,H306,34.019778,-86.08949,43.6,41.1,39.1
NS,131327,2018-10-13,8:47 AM,Derailment,0,ATTICA,OH,42,2,Day,Clear,Main,Freight Train,28,7000,27455,34455,E67C,41.095465,-82.873221,47.8,42.8,49.2
NS,143158,2021-10-05,5:08 AM,Other impacts,0,ATTICA,NY,65,1,Dawn,Clear,Siding,Light loco(s),10,100000,0,100033,H210,42.859365,-78.269313,64,61.1,62.2
NS,143158,2021-10-05,5:08 AM,Other impacts,0,ATTICA,NY,65,1,Dawn,Clear,Siding,Light loco(s),0,33,0,100033,H210,42.859365,-78.269313,64,61.1,62.2
BNSF,KS0822103,2022-08-10,10:12 AM,Raking collision,0,ATTICA,KS,99,2,Day,Clear,Main,Freight Train,30,285000,0,285000,M501,37.263605,-98.136562,82.3,82.1,81.1
NS,128249,2018-01-22,10:45 PM,Derailment,0,ATTICA,OH,32,4,Dark,Rain,Main,Freight Train,41,1080613,384480,1465093,M105,41.112253,-82.871019,42,51.2,37.3
NS,128545,2018-02-15,4:07 PM,Derailment,0,ATTICA,NY,49,3,Dusk,Clear,Main,Freight Train,36,402302,2549657,2951959,T002,42.86514,-78.250142,37.7,46.1,34.6
NS,118766,2016-01-02,11:30 PM,Derailment,0,ATTICA,IN,31,4,Dark,Clear,Main,Freight Train,7,18900,1268,20168,T110,40.298321,-87.246248,25.9,29.8,28
NS,122685,2016-11-06,6:45 PM,Hwy-rail crossing,0,ATWATER,OH,45,3,Dusk,Clear,Main,Freight Train,47,14889,0,14889,M303,41.023681,-81.163551,47.6,50.3,53.1
UP,1016FW003,2016-10-05,3:02 PM,Hwy-rail crossing,0,AUBREY,TX,90,2,Day,Clear,Main,Freight Train,30,14615,14563,29178,M303,33.341489,-96.969482,76,80.2,79.6
UP,0119TO012,2019-01-09,9:26 AM,Obstruction,0,AUBREY,TX,52,2,Day,Clear,Main,Freight Train,28,78493,217818,296311,M404,33.296422,-96.98891,52.4,45.4,44
BNSF,NW1120122,2020-11-29,2:30 PM,Derailment,0,AUBURN,WA,45,2,Day,Fog,Yard,Light loco(s),5,16837,1500,18337,H704,47.276628,-122.22974,44.6,37.2,45
BNSF,NW0518110,2018-05-14,10:30 AM,Rear end collision,0,AUBURN,WA,75,2,Day,Clear,Main,Cut of cars,0,250,0,70250,H402,47.304791,-122.174046,68.5,71.4,61.1
BNSF,NW0518110,2018-05-14,10:30 AM,Rear end collision,0,AUBURN,WA,75,2,Day,Clear,Main,Maint./inspect Car,5,70000,0,70250,H402,47.304791,-122.174046,68.5,71.4,61.1
BNSF,NW0724105,2024-07-08,6:00 PM,Derailment,0,AUBURN,WA,65,3,Dusk,Clear,Yard,Freight Train,9,4311,166393,170704,E40C,47.275542,-122.230325,78.1,81,81
FGLK,12302016,2015-12-30,8:22 PM,Raking collision,0,AUBURN,NY,39,4,Dark,Cloudy,Main,Freight Train,6,13436,0,13436,H306,42.95836,-76.545955,32,38.3,35.2
SLR,SLR714015G,2015-03-23,2:55 PM,Hwy-rail crossing,0,AUBURN,ME,27,2,Day,Clear,Main,Freight Train,10,20000,8000,28000,M304,44.033774,-70.284322,18.5,17.5,24.3
CSX,000182548,2019-01-28,11:20 AM,Obstruction,0,AUBURN,IN,32,2,Day,Snow,Industry,Freight Train,1,0,19172,19172,M101,41.352411,-85.076927,12.3,21.6,9.1
CSX,000213555,2023-09-19,7:50 AM,Hwy-rail crossing,0,AUBURN,AL,65,1,Dawn,Clear,Main,Freight Train,45,9113,3045,12158,M303,32.599172,-85.578932,70.3,70.1,71.3
CSX,000198980,2021-07-21,11:08 AM,Derailment,0,AUBURN,IN,77,2,Day,Clear,Main,Freight Train,51,1268128,225016,1493144,M202,41.344688,-85.033642,72.2,68.8,67.4
CSX,000189339,2020-03-26,2:00 PM,Hwy-rail crossing,0,AUBURN,AL,80,2,Day,Clear,Main,Freight Train,38,4547,9777,14324,M303,32.609378,-85.503256,71.5,69.4,70.7
BNSF,NW1020117,2020-10-31,12:35 AM,Derailment,0,AUBURN,WA,54,4,Dark,Clear,Industry,Yard/switching,3,5508,8000,13508,T110,47.293621,-122.23033,54.1,48.5,49.2
ATK,151093,2017-12-21,2:47 PM,Hwy-rail crossing,0,AUBURNDALE,FL,80,2,Day,Clear,Main,Passenger Train - Pulling,72,23548,0,28031,M303,28.05417,-81.8176,70.4,72.5,64.9
CSX,000173605,2017-12-21,2:47 PM,Hwy-rail crossing,0,AUBURNDALE,FL,81,2,Day,Cloudy,Main,,0,0,4483,28031,M303,28.05417,-81.8176,70.4,72.5,64.9
CSX,000195954,2021-02-24,5:49 PM,Side collision,0,AUGUSTA,GA,61,3,Dusk,Clear,Yard,Freight Train,9,86678,1583,99349,H607,33.446841,-81.982529,57.6,59.2,64.4
CSX,000147968,2015-06-17,9:22 PM,Side collision,0,AUGUSTA,GA,86,4,Dark,Clear,Yard,Yard/switching,2,5000,50,32173,H306,33.455379,-81.952251,89.1,88.9,84.7
ATK,181156,2024-07-13,9:42 AM,Obstruction,0,AUGUSTA,MI,80,2,Day,Clear,Main,Passenger Train - Pulling,60,26290,0,26290,M404,42.333878,-85.348419,75.6,77.9,76.6
CSX,000209585,2023-01-31,11:40 PM,Derailment,0,AUGUSTA,GA,55,4,Dark,Fog,Main,Freight Train,8,24334,41237,65571,M501,33.471339,-81.972412,52.6,59.4,63.3
CSX,000147968,2015-06-17,9:22 PM,Side collision,0,AUGUSTA,GA,86,4,Dark,Clear,Yard,Freight Train,0,27123,0,32173,H306,33.455379,-81.952251,89.1,88.9,84.7
CSX,000157313,2016-02-23,4:43 AM,Other impacts,0,AUGUSTA,GA,60,4,Dark,Clear,Yard,Yard/switching,0,36284,0,37799,H310,33.458597,-81.960634,63.8,62.3,63.6
NS,140735,2021-02-24,5:49 PM,Side collision,0,AUGUSTA,GA,72,3,Dusk,Clear,Yard,Yard/switching,2,3596,7492,99349,H607,33.44606,-81.982908,57.6,59.2,64.4
CSX,000192761,2020-09-21,3:25 PM,Derailment,0,AUGUSTA,GA,75,2,Day,Clear,Yard,Freight Train,8,73188,0,73188,H526,33.456036,-81.954321,65.1,65.1,63.7
CSX,000157313,2016-02-23,4:43 AM,Other impacts,0,AUGUSTA,GA,60,4,Dark,Clear,Yard,Yard/switching,9,1365,150,37799,H310,33.458597,-81.960634,63.8,62.3,63.6
CSX,000201930,2021-12-17,5:18 PM,Derailment,0,AUGUSTA,GA,71,2,Day,Clear,Yard,Yard/switching,7,33321,12492,45813,T211,33.455455,-81.952475,56,63.3,66.8
CSX,000210376,2023-03-19,5:53 PM,Derailment,0,AUGUSTA,GA,49,3,Dusk,Clear,Yard,Yard/switching,7,12384,1420,13804,H702,33.455477,-81.952488,52.7,47.2,44.2
NS,153380,2023-06-17,9:00 AM,Other (describe in narrative),0,AUGUSTA,GA,92,2,Day,Clear,Yard,Freight Train,6,3600,10454,14054,H702,33.447895,-81.981919,78.2,80.6,81.2
CSX,000218772,2024-06-20,12:45 AM,Other impacts,0,AUGUSTA,GA,78,4,Dark,Clear,Yard,Cut of cars,7,55400,0,66008,H302,33.456036,-81.954321,79.7,80.7,81.7
CSX,000215778,2024-01-25,7:05 AM,Derailment,0,AUGUSTA,GA,68,4,Dark,Fog,Main,Freight Train,7,6998,17114,24112,H503,33.455455,-81.952475,60.9,69.6,68.7
CSX,000215490,2024-01-10,5:22 AM,Other (describe in narrative),0,AUGUSTA,GA,35,4,Dark,Clear,Yard,Yard/switching,7,56483,29711,86194,H704,33.455455,-81.952475,55,44.9,45.1
CSX,000217225,2024-04-05,8:00 PM,Side collision,0,AUGUSTA,GA,62,3,Dusk,Clear,Yard,Yard/switching,4,60031,0,60068,H306,33.455455,-81.952475,56.4,55.7,53.7
CSX,000218772,2024-06-20,12:45 AM,Other impacts,0,AUGUSTA,GA,78,4,Dark,Clear,Yard,Cut of cars,7,10608,0,66008,H302,33.456036,-81.954321,79.7,80.7,81.7
CSX,000205505,2022-06-10,5:44 AM,Derailment,0,AUGUSTA,GA,64,1,Dawn,Clear,Yard,Yard/switching,7,583429,44174,627603,H505,33.4735,-82.015,83,80.6,82
CSX,000217225,2024-04-05,8:00 PM,Side collision,0,AUGUSTA,GA,62,3,Dusk,Clear,Yard,Yard/switching,4,37,0,60068,H306,33.455455,-81.952475,56.4,55.7,53.7
BNSF,KS1114109,2014-11-17,8:30 PM,Derailment,0,AUGUSTA,KS,28,3,Dusk,Clear,Main,Freight Train,5,900,15450,16350,H702,37.692926,-96.953879,20.5,21.4,25.2
BNSF,KS0317107,2017-03-17,2:15 PM,Derailment,0,AUGUSTA,KS,72,2,Day,Clear,Main,Freight Train,50,773661,678000,1451661,E61C,37.670991,-96.980308,54.7,61.9,57.5
ATK,181026,2024-07-08,5:24 PM,Derailment,0,AUGUSTA,MO,75,2,Day,Clear,Main,Passenger Train - Pulling,61,209622,0,209622,M404,38.532276,-90.915359,76.8,73,69.6
CSX,000145852,2015-05-05,5:05 PM,Side collision,0,AUGUSTA,GA,86,2,Day,Clear,Yard,Light loco(s),0,0,0,17592,H307,33.455379,-81.952251,70.4,71.1,71.5
BNSF,KS0921203,2021-09-29,10:16 AM,Hwy-rail crossing,0,AUGUSTA,KS,73,2,Day,Clear,Main,Freight Train,40,25000,0,25000,M302,37.670048,-96.981088,76.9,75.4,67
NS,156411,2024-04-18,5:31 PM,Derailment,0,AUGUSTA,GA,75,3,Dusk,Clear,Yard,Freight Train,4,10973,3540,14513,T110,33.453436,-81.979027,72.2,76.9,77.2
CSX,000197555,2021-05-11,9:57 PM,Derailment,0,AUGUSTA,GA,62,4,Dark,Clear,Industry,Freight Train,6,45435,423,45858,T210,33.4735,-82.0105,74.8,74.5,61.5
NS,129241,2018-04-24,4:30 AM,Derailment,0,AUGUSTA,GA,72,1,Dawn,Clear,Yard,Yard/switching,10,2322,86999,89321,T207,33.44395,-81.984046,64.1,68,67.6
CSX,000196017,2021-03-01,7:31 AM,Derailment,0,AUGUSTA,GA,65,2,Day,Clear,Yard,Freight Train,10,99948,1636,101584,T101,33.455461,-81.952488,71.6,69,50.7
CSX,000179292,2018-10-13,6:55 AM,Derailment,0,AUGUSTA,GA,58,1,Dawn,Clear,Yard,Freight Train,6,14993,632,15625,T207,33.455461,-81.952488,67.3,67.7,71
CSX,000213178,2023-08-30,3:44 AM,Derailment,0,AUGUSTA,GA,75,4,Dark,Cloudy,Yard,Freight Train,7,41324,20333,61657,T207,33.455455,-81.952475,79.2,74.5,78.9
CSX,000208215,2022-11-06,1:30 AM,Derailment,0,AUGUSTA,GA,68,4,Dark,Rain,Yard,Freight Train,8,17041,6280,23321,T201,33.455455,-81.952475,69.7,73.2,73.2
CSX,000188501,2020-02-18,10:06 AM,Derailment,0,AUGUSTA-RICHMOND COU,GA,56,2,Day,Rain,Yard,Freight Train,4,13271,472,13743,T101,33.456036,-81.954321,53.5,57.6,58
UP,0519GP015,2019-05-17,10:30 AM,Hwy-rail crossing,0,AULT,CO,58,2,Day,Clear,Main,Freight Train,33,92410,98668,191078,M304,40.589086,-104.733512,67.7,56.3,50.4
MNA,MNA666920,2020-09-28,12:35 PM,Derailment,0,AURORA,MO,70,2,Day,Clear,Yard,Light loco(s),4,250,0,15250,H702,36.97664,-93.724454,65.6,56.7,55.9
RTDC,050619,2019-05-06,10:18 AM,Hwy-rail crossing,0,AURORA,CO,67,2,Day,Clear,Main,EMU,45,200000,31000,231000,M308,39.762236,-104.81931,60.1,54.9,49.1
RTDC,37517,2017-02-14,3:37 AM,Hwy-rail crossing,0,AURORA,CO,20,4,Dark,Clear,Main,EMU,69,600000,5000,605000,M309,39.759678,-104.810126,37.2,34.9,43.3
BNSF,CH0719112,2019-07-26,5:50 AM,Derailment,0,AURORA,IL,90,1,Dawn,Clear,Yard,Freight Train,6,27055,9500,36555,H525,41.769993,-88.274423,71.1,74.2,78.4
RTDC,134852,2020-04-05,12:18 AM,Hwy-rail crossing,0,AURORA,CO,38,4,Dark,Clear,Main,EMU,10,65400,0,65400,M399,39.759656,-104.810038,42.6,52.8,56.7
RTDC,128437,2020-01-26,5:45 AM,Other (describe in narrative),0,AURORA,CO,32,1,Dawn,Cloudy,Main,EMU,10,0,19108,19108,H605,39.767531,-104.787623,39.6,39.3,34.1
RTDC,171256,2021-04-28,12:49 PM,Hwy-rail crossing,0,AURORA,CO,50,2,Day,Clear,Main,EMU,77,250000,8325,258325,M308,39.759678,-104.810126,48.3,44.5,52.8
BNSF,CH0922104,2022-09-10,5:28 PM,Derailment,0,AURORA,IL,80,3,Dusk,Clear,Industry,Yard/switching,4,155,41530,41685,T223,41.792537,-88.337227,67.8,68.6,62.9
ATK,144953,2016-11-07,7:24 AM,Hwy-rail crossing,0,AURORA,OR,65,2,Day,Clear,Main,Passenger Train - Pulling,39,53662,0,85066,M302,45.232805,-122.75592,55.6,55.5,52.4
BNSF,CH0120114,2020-01-26,6:23 PM,Derailment,0,AURORA,IL,30,3,Dusk,Snow,Yard,Light loco(s),6,17500,0,17500,M101,41.729974,-88.345098,32.7,29.5,30.1
UP,1116PD002,2016-11-07,7:24 AM,Hwy-rail crossing,0,AURORA,OR,65,2,Day,Clear,Main,,0,0,31404,85066,M302,45.23272,-122.756036,55.6,55.5,52.4
BNSF,PR1016201,2016-10-14,8:42 AM,Hwy-rail crossing,0,AURORA,NE,45,1,Dawn,Clear,Main,Freight Train,26,7323,29614,36937,M302,40.824921,-98.073344,43,53.2,67.4
BNSO,BNSO072010,2020-07-29,10:30 PM,Other impacts,0,AURORA,IL,80,4,Dark,Clear,Yard,Spec. MoW Equip.,4,200000,0,200000,H018,41.763899,-88.306051,73.6,77,74
BNSF,HL1023109,2023-10-17,4:45 AM,Derailment,0,AURORA,NE,55,1,Dawn,Clear,Main,Freight Train,33,1126235,1475723,2601958,E62C,40.875804,-98.09362,44.3,56.1,58.6
BNSF,CH0720121,2020-07-29,10:30 PM,Other impacts,0,AURORA,IL,80,4,Dark,Clear,Yard,,0,0,0,200000,H018,41.763899,-88.306051,73.6,77,74
NS,155741,2024-02-09,11:14 PM,Derailment,0,AURORA,NC,53,4,Dark,Clear,Main,,0,0,136943,1306208,E53C,35.298215,-76.846813,43.4,49.2,63.1
NS,132243,2019-01-01,12:40 AM,Derailment,0,AURORA,NC,50,4,Dark,Clear,Main,,0,0,222304,742355,T215,35.339048,-76.926499,60.6,68.8,54.2
CSX,000216110,2024-02-09,11:14 PM,Derailment,0,AURORA,NC,53,4,Dark,Clear,Main,Freight Train,23,1169265,0,1306208,E53C,35.298215,-76.846813,43.4,49.2,63.1
CSX,000180540,2019-01-01,12:40 AM,Derailment,2,AURORA,NC,66,4,Dark,Clear,Main,Freight Train,23,519954,97,742355,T215,35.339048,-76.926499,60.6,68.8,54.2
BNSF,PR0719102,2019-07-02,12:45 PM,Derailment,0,AURORA,NE,84,2,Day,Clear,Yard,Cut of cars,10,26710,0,26710,H020,40.862578,-98.001098,79.8,76.8,77.4
BNSF,CH0715101,2015-07-03,12:13 PM,Derailment,0,AURORA,IL,82,2,Day,Clear,Yard,Yard/switching,5,10000,18500,28500,T217,41.775567,-88.240809,61.1,66.6,69.7
BNSF,CH0615108,2015-06-30,11:05 AM,Derailment,0,AURORA,IL,75,2,Day,Clear,Yard,Yard/switching,8,18600,12000,30600,H704,41.771837,-88.267697,68.1,68.3,62.7
RCPE,RCP588720A,2020-10-21,1:34 PM,Other impacts,0,AURORA,SD,30,2,Day,Snow,Yard,Light loco(s),11,20000,0,20000,H601,44.289945,-96.719544,32.7,31.7,30.4
BNSF,CH0515101,2015-05-03,10:00 PM,Derailment,0,AURORA,IL,53,4,Dark,Rain,Main,Freight Train,36,12916,200,13116,E33C,41.751979,-88.320898,62.8,64.3,65.2
BNSF,NE0716115,2016-07-25,9:30 AM,Derailment,0,AURORA,NE,81,2,Day,Clear,Yard,Freight Train,6,40798,4150,44948,H318,40.862323,-98.006826,77.2,73.3,74.2
BNSF,HL0920113,2020-09-28,12:35 PM,Derailment,0,AURORA,MO,70,2,Day,Clear,Yard,,0,0,15000,15250,H307,36.975844,-93.721303,65.6,56.7,55.9
BNSF,CH0517100,2017-05-03,5:10 AM,Derailment,0,AURORA,IL,40,1,Dawn,Clear,Yard,Freight Train,0,0,47535,57535,T111,41.766509,-88.301509,45.1,47.3,48.7
BNSF,CH1117105,2017-11-03,10:25 PM,Derailment,0,AURORA,IL,42,4,Dark,Clear,Yard,Yard/switching,6,27500,10000,37500,T110,41.77221,-88.264634,47,41.8,44.4
BNSF,PR0217114,2017-02-25,5:47 PM,Derailment,0,AURORA,NE,30,3,Dusk,Clear,Industry,Freight Train,2,33619,300,33919,T311,40.868049,-98.046987,24.3,22.9,33.5
RTDC,42199,2017-03-23,3:25 PM,Other (describe in narrative),0,AURORA,CO,40,2,Day,Clear,Main,EMU,20,16319,2211,18530,T404,39.775915,-104.944765,54,59.4,39.6