reportingrailroadcode,accidentnumber,date,time,accidenttype,hazmatreleasedcars,station,stateabbr,temperature,visibility_code,visibility,weathercondition,tracktype,equipmenttype,trainspeed,equipmentdamagecost,trackdamagecost,totaldamagecost,primaryaccidentcausecode,latitude,longitude,prior_temp,actual_temp,following_temp
BNSF,CH1217100,2017-12-01,12:05 AM,Derailment,0,AURORA,IL,40,4,Dark,Clear,Yard,Yard/switching,6,28000,4000,32000,T206,41.772233,-88.263959,42.6,35.7,38.7
RTDC,56194,2017-10-28,4:46 AM,Other impacts,0,AURORA,CO,37,4,Dark,Clear,Siding,EMU,5,15017,983,16000,T403,39.761064,-104.81553,30.4,44,51.7
RTDC,46006,2017-05-11,8:20 AM,Other impacts,0,AURORA,CO,49,2,Day,Cloudy,Main,EMU,74,13719,1719,15438,T404,39.760152,-104.812054,49.6,51,60.7
BNSF,CH0518107,2018-05-24,2:10 PM,Derailment,0,AURORA,IL,87,2,Day,Clear,Main,Freight Train,18,500000,550000,1050000,T109,41.749473,-88.326149,66.1,72.5,74.8
BNSF,CH0918107,2018-09-07,7:50 PM,Derailment,0,AURORA,IL,70,3,Dusk,Clear,Yard,Freight Train,6,19500,3000,22500,T403,41.771126,-88.270731,65.9,65,65.3
UP,0524GP024,2024-05-24,1:15 PM,Derailment,0,AURORA,CO,61,2,Day,Clear,Industry,Yard/switching,5,100,25224,25324,T101,39.742188,-104.781285,62.4,55.6,59.1
BNSF,CH0522103,2022-05-09,4:10 AM,Derailment,0,AURORA,IL,59,1,Dawn,Cloudy,Industry,Light loco(s),2,155,37489,37644,T113,41.770663,-88.262256,56,68.3,77.7
BNSF,HL0720113,2020-07-18,7:23 PM,Derailment,0,AURORA,NE,84,4,Dark,Clear,Industry,Freight Train,1,581,80000,80581,T206,40.872088,-98.045971,81.2,84.2,78
BNSO,BNSO517100,2017-05-03,5:10 AM,Derailment,0,AURORA,IL,40,1,Dawn,Clear,Yard,Commuter Train - Pushing,5,10000,0,57535,T111,41.766509,-88.301509,45.1,47.3,48.7
BNSF,CH0515112,2015-05-28,8:15 AM,Derailment,0,AURORA,IL,75,1,Dawn,Clear,Yard,Yard/switching,5,15555,1000,16555,T110,41.772809,-88.259901,68.4,69.8,73.9
NS,123014,2016-12-05,3:00 PM,Derailment,0,AUSTELL,GA,55,2,Day,Rain,Yard,Freight Train,9,19400,1600,21000,H601,33.814067,-84.628339,45,52.6,57
NS,151499,2022-11-17,12:17 PM,Hwy-rail crossing,0,AUSTELL,GA,50,2,Day,Clear,Main,Freight Train,30,800,12000,12800,M303,33.812462,-84.636063,44.1,37.4,39.1
NS,152579,2023-03-18,10:00 PM,Derailment,0,AUSTELL,GA,35,4,Dark,Clear,Yard,Freight Train,7,20000,0,20000,H307,33.814067,-84.628342,56.7,43.5,37.4
NS,145575,2022-06-17,4:49 PM,Derailment,0,AUSTELL,GA,88,3,Dusk,Clear,Yard,Freight Train,2,109724,0,109724,E27C,33.814066,-84.628342,84.7,81,80
NS,145702,2022-06-29,10:10 AM,Derailment,0,AUSTELL,GA,80,2,Day,Clear,Yard,Freight Train,14,148357,23443,171800,H307,33.819541,-84.652581,75.9,76.5,77.9
LIRC,LIRC000019,2021-10-13,9:30 AM,Derailment,0,AUSTIN,IN,72,2,Day,Clear,Main,Work train,20,138284,7170,145454,M599,38.757382,-85.815323,70.9,67.1,74.8
CSX,000181797,2019-03-12,10:30 AM,Hwy-rail crossing,0,AUSTIN,IN,41,2,Day,Clear,Main,Freight Train,45,8285,0,26285,M302,38.7459,-85.80802,45.3,42.1,56.5
CMTY,20210713,2021-07-13,12:00 AM,Other (describe in narrative),0,AUSTIN,TX,80,4,Dark,Clear,Main,,0,0,18327,18327,H702,30.497102,-97.76946,80.6,76.9,78.4
AWRR,210713006,2021-07-13,12:00 AM,Other (describe in narrative),0,AUSTIN,TX,80,4,Dark,Clear,Main,Freight Train,10,0,0,18327,H702,30.479102,-97.76946,80.6,76.9,78.4
AWRR,200207002,2020-02-07,5:00 AM,Derailment,0,AUSTIN,TX,34,1,Dawn,Clear,Main,Freight Train,10,130000,10500,140500,T220,30.328856,-97.619219,41.2,53.8,56.7
LIRC,0312201901,2019-03-12,10:30 AM,Hwy-rail crossing,0,AUSTIN,IN,41,2,Day,Clear,Main,,0,0,18000,26285,M302,38.745769,-85.807994,45.3,42.1,56.5
UP,0918LK044,2018-09-17,2:05 AM,Other (describe in narrative),0,AUSTIN,AR,80,4,Dark,Cloudy,Main,Freight Train,4,14947,99,15046,E21C,34.995289,-91.986265,80.3,80.8,81.4
AWRR,181209001,2018-12-09,4:00 AM,Derailment,0,AUSTIN,TX,40,1,Dawn,Clear,Main,Freight Train,8,42000,0,42000,T110,30.259688,-97.716654,44.6,44.4,44.9
AWRR,IN20160312,2016-03-12,8:50 AM,Derailment,0,AUSTIN,TX,63,2,Day,Rain,Main,Freight Train,9,22000,125000,147000,T202,30.306944,-97.638611,63.6,63.6,69.3
CSX,000186844,2019-11-30,4:56 PM,Obstruction,0,AUXIER,KY,46,3,Dusk,Rain,Main,Freight Train,4,69700,0,69700,M404,37.743762,-82.781792,38.6,43.8,52.9
BNSF,RD0217106,2017-02-13,6:20 PM,Derailment,0,AVARD,OK,42,3,Dusk,Rain,Main,Freight Train,35,1332888,492748,1825636,H519,36.700394,-98.769231,48.1,40.3,39.9
WE,150147,2015-11-06,5:00 AM,Obstruction,0,AVELLA,PA,45,4,Dark,Clear,Main,Freight Train,25,13453,674,14127,M101,40.270914,-80.489891,65.3,64.7,48.3
BLF,20210194,2021-12-30,6:00 AM,Hwy-rail crossing,0,AVENTURA,FL,72,1,Dawn,Clear,Main,Passenger Train - Pulling,70,25104,0,25489,M308,25.974438,-80.147844,73.6,74.5,74.7
FEC,X28123021,2021-12-30,6:00 AM,Hwy-rail crossing,0,AVENTURA,FL,72,1,Dawn,Clear,Main,,0,0,385,25489,M308,25.974438,-80.147844,73.6,74.5,74.7
CSX,000153169,2015-10-12,6:45 PM,Other impacts,0,AVON,IN,65,2,Day,Clear,Yard,Cut of cars,7,26119,0,26119,E24C,39.759222,-86.353899,57.6,64.4,57.4
CSX,000160283,2016-06-04,9:10 AM,Derailment,0,AVON,IN,70,2,Day,Rain,Yard,Yard/switching,7,11488,535,12023,E86C,39.759791,-86.327526,72.9,68.2,70.2
CSX,000209680,2023-02-07,4:42 AM,Other impacts,0,AVON,IN,46,4,Dark,Clear,Yard,Yard/switching,4,42543,0,111273,M407,39.759821,-86.327532,36.1,48.2,39
CSX,000209591,2023-02-01,3:00 AM,Side collision,0,AVON,IN,16,4,Dark,Clear,Yard,Freight Train,0,10914,58,58688,H307,39.759821,-86.327532,18.4,20.2,29.1
CSX,000209591,2023-02-01,3:00 AM,Side collision,0,AVON,IN,16,4,Dark,Clear,Yard,Yard/switching,8,47716,0,58688,H307,39.759821,-86.327532,18.4,20.2,29.1
CSX,000148975,2015-06-26,12:15 AM,Other impacts,0,AVON,IN,74,4,Dark,Cloudy,Yard,Single Car,10,0,0,20746,S016,39.759342,-86.347116,72.5,71.9,65.8
CSX,000148975,2015-06-26,12:15 AM,Other impacts,0,AVON,IN,74,4,Dark,Cloudy,Yard,Single Car,6,20746,0,20746,S016,39.759342,-86.347116,72.5,71.9,65.8
CSX,000145221,2015-04-22,3:10 AM,Other impacts,0,AVON,IN,40,4,Dark,Cloudy,Yard,Yard/switching,10,147082,2000,149082,H307,39.759779,-86.328326,51.2,44.7,44.9
CSX,000142138,2015-02-26,11:46 PM,Other impacts,0,AVON,IN,5,4,Dark,Clear,Yard,Single Car,8,12280,0,13874,E09C,39.759222,-86.353899,24.8,17.9,9.7
CSX,000209680,2023-02-07,4:42 AM,Other impacts,0,AVON,IN,46,4,Dark,Clear,Yard,Cut of cars,4,68730,0,111273,M407,39.759821,-86.327532,36.1,48.2,39
CSX,000143013,2015-03-14,7:15 AM,Derailment,0,AVON,IN,45,1,Dawn,Clear,Yard,Cut of cars,0,54998,0,57318,M407,39.759222,-86.353899,46.7,51.1,49.1
CSX,000143013,2015-03-14,7:15 AM,Derailment,0,AVON,IN,45,1,Dawn,Clear,Yard,Single Car,20,2220,100,57318,M407,39.759222,-86.353899,46.7,51.1,49.1
CSX,000143022,2015-03-14,5:15 AM,Other impacts,0,AVON,IN,40,4,Dark,Rain,Yard,Cut of cars,20,16233,0,16233,M407,39.759342,-86.347116,46.7,51.1,49.1
CSX,000145221,2015-04-22,3:10 AM,Other impacts,0,AVON,IN,40,4,Dark,Cloudy,Yard,Freight Train,10,0,0,149082,H307,39.759779,-86.328326,51.2,44.7,44.9
CSX,000152197,2015-09-17,1:58 PM,Other impacts,0,AVON,IN,80,2,Day,Clear,Yard,Single Car,5,9633,0,25642,S016,39.759222,-86.353899,68.6,69.9,72.3
CSX,000158614,2016-03-30,5:25 PM,Other impacts,0,AVON,IN,69,3,Dusk,Rain,Yard,Single Car,7,13700,0,14128,M599,39.759366,-86.346097,45.7,52.3,59.3
CSX,000158614,2016-03-30,5:25 PM,Other impacts,0,AVON,IN,69,3,Dusk,Rain,Yard,Single Car,7,428,0,14128,M599,39.759366,-86.346097,45.7,52.3,59.3
CSX,000168856,2017-05-12,7:47 PM,Other impacts,0,AVON,IN,65,2,Day,Clear,Yard,Single Car,9,35620,388,47789,S014,39.759791,-86.327526,60.7,60.1,62.6
CSX,000168856,2017-05-12,7:47 PM,Other impacts,0,AVON,IN,65,2,Day,Clear,Yard,Light loco(s),8,11781,0,47789,S014,39.759791,-86.327526,60.7,60.1,62.6
CSX,000139827,2015-01-10,12:11 AM,Other impacts,0,AVON,IN,3,4,Dark,Clear,Yard,Single Car,17,11054,0,11054,M407,39.759342,-86.347116,10.4,10.6,29.4
CSX,000165443,2016-12-23,8:30 PM,Other impacts,0,AVON,IN,36,4,Dark,Rain,Yard,Single Car,10,100,0,59175,S014,39.759023,-86.364335,35,33.5,40.1
CSX,000140119,2015-01-16,7:57 AM,Side collision,0,AVON,IN,30,2,Day,Clear,Yard,Yard/switching,3,0,0,26197,M407,39.759342,-86.347116,24.4,31.2,39.4
CSX,000166366,2017-01-26,9:40 PM,Other (describe in narrative),0,AVON,IN,35,2,Day,Cloudy,Yard,Cut of cars,4,42043,192,42235,H317,39.759791,-86.327526,43.4,33.4,29.6
CSX,000140119,2015-01-16,7:57 AM,Side collision,0,AVON,IN,30,2,Day,Clear,Yard,Single Car,14,26197,0,26197,M407,39.759342,-86.347116,24.4,31.2,39.4
CSX,000165443,2016-12-23,8:30 PM,Other impacts,0,AVON,IN,36,4,Dark,Rain,Yard,Single Car,10,59075,0,59175,S014,39.759023,-86.364335,35,33.5,40.1
CSX,000150701,2015-08-15,4:30 AM,Other impacts,0,AVON,IN,70,1,Dawn,Cloudy,Yard,Yard/switching,7,271690,0,281534,S016,39.759779,-86.328326,74.2,75.4,74.2
CSX,000150701,2015-08-15,4:30 AM,Other impacts,0,AVON,IN,70,1,Dawn,Cloudy,Yard,Single Car,1,9644,200,281534,S016,39.759779,-86.328326,74.2,75.4,74.2
CSX,000157985,2016-03-11,9:40 AM,Derailment,0,AVON,IN,40,2,Day,Cloudy,Industry,Yard/switching,2,12631,9850,22481,E76L,39.758381,-86.390743,53.1,48.2,54.3
CSX,000142524,2015-03-05,9:53 PM,Derailment,0,AVON,IN,9,4,Dark,Clear,Yard,Cut of cars,18,0,0,14812,M407,39.759342,-86.347116,27.2,17,16.5
CSX,000147274,2015-06-04,10:20 PM,Derailment,0,AVON,IN,78,4,Dark,Clear,Yard,Light loco(s),4,27557,500,28057,H701,39.759222,-86.353899,61.4,69,75.4
CSX,000142524,2015-03-05,9:53 PM,Derailment,0,AVON,IN,9,4,Dark,Clear,Yard,Cut of cars,18,14712,100,14812,M407,39.759342,-86.347116,27.2,17,16.5
CSX,000149182,2015-07-14,6:05 AM,Other impacts,0,AVON,IN,69,1,Dawn,Cloudy,Yard,Yard/switching,7,0,0,128906,S016,39.759779,-86.328326,73.5,76.6,71.7
CSX,000198833,2021-07-13,8:10 PM,Side collision,0,AVON,IN,82,2,Day,Clear,Yard,Light loco(s),0,152608,6128,283736,H401,39.759791,-86.327526,74.5,74.4,75.8
CSX,000149405,2015-07-18,1:40 AM,Derailment,0,AVON,IN,69,4,Dark,Cloudy,Yard,Cut of cars,5,1838,0,13432,S016,39.759222,-86.353899,76.1,79.5,79.5
CSX,000149182,2015-07-14,6:05 AM,Other impacts,0,AVON,IN,69,1,Dawn,Cloudy,Yard,Single Car,10,128906,0,128906,S016,39.759779,-86.328326,73.5,76.6,71.7
CSX,000192193,2020-08-23,9:26 PM,Other impacts,0,AVON,IN,70,4,Dark,Clear,Yard,Cut of cars,4,18426,0,26519,H316,39.758609,-86.338974,74.6,75.7,79.2
CSX,000149053,2015-07-10,3:45 PM,Derailment,0,AVON,IN,78,2,Day,Cloudy,Yard,Yard/switching,9,11933,12189,24122,S006,39.759779,-86.328326,69.1,68.6,69.3
CSX,000138286,2014-12-02,10:18 PM,Derailment,0,AVON,IN,33,4,Dark,Fog,Yard,Cut of cars,2,39105,2000,42494,H316,39.759779,-86.328326,32.5,29.9,33.9
CSX,000198833,2021-07-13,8:10 PM,Side collision,0,AVON,IN,82,2,Day,Clear,Yard,Yard/switching,9,125000,0,283736,H401,39.759791,-86.327526,74.5,74.4,75.8
CSX,000192193,2020-08-23,9:26 PM,Other impacts,0,AVON,IN,70,4,Dark,Clear,Yard,Single Car,10,8093,0,26519,H316,39.758609,-86.338974,74.6,75.7,79.2
CSX,000149707,2015-07-25,1:05 AM,Other impacts,0,AVON,IN,73,4,Dark,Cloudy,Yard,Cut of cars,15,24333,0,24333,M407,39.759342,-86.347116,75.3,76.9,78.3
CSX,000149405,2015-07-18,1:40 AM,Derailment,0,AVON,IN,69,4,Dark,Cloudy,Yard,Single Car,5,11544,50,13432,S016,39.759222,-86.353899,76.1,79.5,79.5
CSX,000148735,2015-07-02,12:15 AM,Other impacts,0,AVON,IN,68,4,Dark,Cloudy,Yard,Single Car,4,12011,0,34758,H316,39.759342,-86.347116,70.1,70.1,68.8
CSX,000148735,2015-07-02,12:15 AM,Other impacts,0,AVON,IN,68,4,Dark,Cloudy,Yard,Single Car,4,14050,0,34758,H316,39.759342,-86.347116,70.1,70.1,68.8
CSX,000148735,2015-07-02,12:15 AM,Other impacts,0,AVON,IN,68,4,Dark,Cloudy,Yard,Single Car,4,8597,100,34758,H316,39.759342,-86.347116,70.1,70.1,68.8
CSX,000156546,2016-01-16,11:54 AM,Other impacts,0,AVON,IN,25,2,Day,Clear,Yard,Cut of cars,12,9265,0,24216,M407,39.759791,-86.327526,41.6,29.8,15.8
CSX,000156546,2016-01-16,11:54 AM,Other impacts,0,AVON,IN,25,2,Day,Clear,Yard,Cut of cars,0,14951,0,24216,M407,39.759791,-86.327526,41.6,29.8,15.8
CSX,000160916,2016-06-28,4:30 PM,Other impacts,0,AVON,IN,70,3,Dusk,Cloudy,Yard,Yard/switching,7,19275,0,22275,H607,39.759791,-86.327526,80,72.6,67.2
CSX,000155211,2015-12-16,1:40 AM,Derailment,0,AVON,IN,41,4,Dark,Cloudy,Yard,Yard/switching,7,65451,17500,82951,M599,39.759792,-86.327527,41.3,44.9,32.7
CSX,000152197,2015-09-17,1:58 PM,Other impacts,0,AVON,IN,80,2,Day,Clear,Yard,Cut of cars,5,16009,0,25642,S016,39.759222,-86.353899,68.6,69.9,72.3
CSX,000210100,2023-03-01,12:00 AM,Other impacts,0,AVON,IN,36,4,Dark,Clear,Yard,Single Car,10,29954,10427,107069,S007,39.759821,-86.327532,44.8,53.7,44.3
CSX,000157861,2016-03-08,6:18 AM,Other impacts,0,AVON,IN,58,1,Dawn,Cloudy,Yard,Cut of cars,4,13767,0,20767,H306,39.759791,-86.327526,54.1,62.7,60.9
CSX,000160916,2016-06-28,4:30 PM,Other impacts,0,AVON,IN,70,3,Dusk,Cloudy,Yard,Yard/switching,0,3000,0,22275,H607,39.759791,-86.327526,80,72.6,67.2
CSX,000155330,2015-12-19,2:15 AM,Broken train collision,0,AVON,IN,25,4,Dark,Clear,Yard,Yard/switching,4,33339,0,33339,E31C,39.759366,-86.346097,30.4,27.7,38.5
CSX,000210100,2023-03-01,12:00 AM,Other impacts,0,AVON,IN,36,4,Dark,Clear,Yard,Yard/switching,10,66688,0,107069,S007,39.759821,-86.327532,44.8,53.7,44.3
CSX,000141429,2015-02-12,5:30 AM,Other impacts,0,AVON,IN,18,4,Dark,Snow,Yard,Single Car,10,1327,0,14199,E09C,39.759222,-86.353899,30.7,19.3,19.3
CSX,000141429,2015-02-12,5:30 AM,Other impacts,0,AVON,IN,18,4,Dark,Snow,Yard,Single Car,10,1200,0,14199,E09C,39.759222,-86.353899,30.7,19.3,19.3
CSX,000141429,2015-02-12,5:30 AM,Other impacts,0,AVON,IN,18,4,Dark,Snow,Yard,Single Car,10,11572,100,14199,E09C,39.759222,-86.353899,30.7,19.3,19.3
CSX,000157861,2016-03-08,6:18 AM,Other impacts,0,AVON,IN,58,1,Dawn,Cloudy,Yard,Yard/switching,4,7000,0,20767,H306,39.759791,-86.327526,54.1,62.7,60.9
CSX,000142138,2015-02-26,11:46 PM,Other impacts,0,AVON,IN,5,4,Dark,Clear,Yard,Single Car,5,1594,0,13874,E09C,39.759222,-86.353899,24.8,17.9,9.7
CSX,000146308,2015-05-16,9:45 PM,Derailment,0,AVON,IN,70,4,Dark,Clear,Yard,Yard/switching,7,36484,1000,37484,E46C,39.758864,-86.371503,69.8,67.8,71.3
CSX,000157775,2016-03-04,5:10 PM,Other impacts,0,AVON,IN,40,3,Dusk,Cloudy,Yard,Cut of cars,16,31837,0,31837,M407,39.759221,-86.353899,35.3,33.1,37.3
CSX,000209874,2023-02-17,3:00 PM,Derailment,0,AVON,IN,30,2,Day,Cloudy,Yard,Yard/switching,5,16066,251,16317,H707,39.759821,-86.327532,44.6,29.1,33.8
CSX,000141895,2015-02-22,10:30 AM,Other impacts,0,AVON,IN,25,2,Day,Cloudy,Yard,Single Car,4,4417,100,71840,T305,39.759779,-86.328326,22.4,23.1,10.2
CSX,000153755,2015-10-30,12:30 AM,Derailment,0,AVON,IN,45,4,Dark,Cloudy,Yard,Yard/switching,10,61345,1300,62645,T207,39.759222,-86.353899,43.5,46.4,49.9
CSX,000154760,2015-11-29,6:11 PM,Derailment,0,AVON,IN,40,4,Dark,Cloudy,Yard,Yard/switching,1,44458,53950,98408,T208,39.759792,-86.327527,40.2,38.6,42
CSX,000159652,2016-05-10,12:30 AM,Derailment,0,AVON,IN,58,4,Dark,Clear,Yard,Yard/switching,8,83080,3250,86330,T311,39.759791,-86.327526,56.4,64.6,68.3
CSX,000156963,2016-02-09,10:55 PM,Derailment,1,AVON,IN,15,4,Dark,Snow,Yard,Yard/switching,7,247735,5190,252925,T202,39.759791,-86.327526,31.3,20,14.1
CSX,000143132,2015-03-16,12:20 PM,Other impacts,0,AVON,IN,70,2,Day,Clear,Yard,Yard/switching,4,19094,150,22464,T305,39.759779,-86.328326,49.1,60.5,47.3
CSX,000143132,2015-03-16,12:20 PM,Other impacts,0,AVON,IN,70,2,Day,Clear,Yard,Cut of cars,4,3220,0,22464,T305,39.759779,-86.328326,49.1,60.5,47.3
CSX,000141973,2015-02-23,10:53 PM,Derailment,0,AVON,IN,0,4,Dark,Clear,Yard,Cut of cars,1,19625,1000,20625,T111,39.759222,-86.353899,23.1,10.2,11.3
CSX,000154916,2015-12-04,1:20 PM,Derailment,0,AVON,IN,35,2,Day,Cloudy,Yard,Light loco(s),6,18040,450,18490,T311,39.759792,-86.327527,30.9,31.9,31.6
CSX,000141895,2015-02-22,10:30 AM,Other impacts,0,AVON,IN,25,2,Day,Cloudy,Yard,Yard/switching,5,67323,0,71840,T305,39.759779,-86.328326,22.4,23.1,10.2
ATK,178061,2024-01-19,4:00 PM,Obstruction,0,AVON PARK,FL,72,2,Day,Clear,Main,Passenger Train - Pulling,44,12167,0,12167,M404,27.59066,-81.502832,62.5,64.7,54.8
CSX,000216406,2024-01-19,4:00 PM,Obstruction,0,AVON PARK,FL,52,3,Dusk,Clear,Main,,0,0,0,0,M404,27.59066,-81.502832,62.5,64.7,54.8
NOPB,D20210918E,2021-09-18,5:00 AM,Derailment,0,AVONDALE,LA,82,4,Dark,Clear,Main,Freight Train,8,20000,0,470825,M405,29.917212,-90.185702,79.2,78.2,79
NOPB,D20210730F,2021-07-30,2:55 PM,Derailment,0,AVONDALE,LA,90,2,Day,Clear,Main,,0,0,0,192873,M505,29.916694,-90.17763,86.3,87,84.3
BNSF,PR1020108,2020-10-26,9:15 PM,Derailment,0,AVONDALE,CO,5,4,Dark,Snow,Yard,Freight Train,7,104191,213424,317615,H503,38.263817,-104.35585,25.3,10.3,15.6
UP,0615LV007,2015-06-13,3:50 AM,Derailment,0,AVONDALE,LA,78,4,Dark,Cloudy,Yard,Cut of cars,0,4401,0,20557,H601,29.91862,-90.187971,76.9,82.5,81.3
UP,0615LV007,2015-06-13,3:50 AM,Derailment,0,AVONDALE,LA,78,4,Dark,Cloudy,Yard,Yard/switching,10,10276,5880,20557,H601,29.91862,-90.187971,76.9,82.5,81.3
UP,1220GC007,2020-12-05,6:30 AM,Derailment,0,AVONDALE,LA,45,1,Dawn,Clear,Main,Freight Train,2,6604,4350,10954,H503,29.917839,-90.193259,54.5,52.6,51.9
BNSF,RD1218106,2018-12-07,4:05 AM,Derailment,0,AVONDALE,LA,45,1,Dawn,Clear,Yard,Freight Train,10,16357,0,40159,H501,29.916347,-90.17941,52.9,62.3,61.7
UP,0721GC036,2021-07-30,2:55 PM,Derailment,0,AVONDALE,LA,95,2,Day,Clear,Main,,0,0,61232,192873,H518,29.916694,-90.17763,86.3,87,84.3
BNSF,RD1218106,2018-12-07,4:05 AM,Derailment,0,AVONDALE,LA,45,1,Dawn,Clear,Yard,Cut of cars,0,5802,18000,40159,H501,29.916347,-90.17941,52.9,62.3,61.7
UP,0720GC014,2020-07-03,12:30 AM,Derailment,0,AVONDALE,LA,85,4,Dark,Rain,Yard,Yard/switching,3,4013,9660,13673,H703,29.918249,-90.192983,83.9,81.4,81.7
UP,0316LV015,2016-03-25,10:43 AM,Other impacts,0,AVONDALE,LA,75,2,Day,Cloudy,Yard,Yard/switching,8,6354,99,15218,H021,29.917998,-90.184205,68.8,63.1,66.9
UP,0316LV015,2016-03-25,10:43 AM,Other impacts,0,AVONDALE,LA,75,2,Day,Cloudy,Yard,Yard/switching,0,8765,0,15218,H021,29.917998,-90.184205,68.8,63.1,66.9
NOPB,D20181207F,2018-12-07,4:05 AM,Derailment,0,AVONDALE,LA,45,1,Dawn,Clear,Yard,,0,0,0,40159,H501,29.916347,-90.17941,52.9,62.3,61.7
BNSF,GC1115102,2015-11-04,4:30 AM,Derailment,0,AVONDALE,LA,65,1,Dawn,Clear,Yard,Yard/switching,3,72996,60000,132996,H704,29.917876,-90.19898,71.9,71.7,75.7
UP,0720GC003,2020-07-02,2:15 PM,Derailment,0,AVONDALE,LA,93,2,Day,Clear,Yard,Yard/switching,4,25748,11018,36766,E49C,29.9178,-90.191313,86.9,83.9,81.4
BNSF,RD0422109,2022-04-14,2:00 AM,Derailment,0,AVONDALE,LA,70,4,Dark,Rain,Yard,Freight Train,6,9813,25662,35475,H607,29.916888,-90.186858,76.8,70.6,74.7
BNSF,GC1015107,2015-10-15,4:45 AM,Derailment,0,AVONDALE,LA,75,1,Dawn,Clear,Yard,Freight Train,8,8281,0,11281,H307,29.916859,-90.185824,72.7,73.5,74.7
BNSF,GC1015107,2015-10-15,4:45 AM,Derailment,0,AVONDALE,LA,75,1,Dawn,Clear,Yard,Freight Train,4,500,1000,11281,H307,29.916859,-90.185824,72.7,73.5,74.7
BNSF,GC1015107,2015-10-15,4:45 AM,Derailment,0,AVONDALE,LA,75,1,Dawn,Clear,Yard,Freight Train,0,1500,0,11281,H307,29.916859,-90.185824,72.7,73.5,74.7
UP,0415LV004,2015-04-04,12:15 PM,Derailment,0,AVONDALE,LA,75,2,Day,Clear,Yard,Yard/switching,6,33071,50764,83835,H702,29.91784,-90.204603,75.8,67.7,68.1
UP,0716LV027,2016-07-30,11:50 AM,Derailment,0,AVONDALE,LA,88,2,Day,Clear,Yard,Yard/switching,8,12863,3550,16413,T110,29.918347,-90.208095,84.2,85.4,84.3
UP,0815LV001,2015-08-04,5:20 PM,Derailment,0,AVONDALE,LA,90,2,Day,Cloudy,Yard,Yard/switching,6,2100,131530,133630,T113,29.915918,-90.191534,84.5,82.9,84.2
BNSF,RD0721131,2021-07-30,2:55 PM,Derailment,0,AVONDALE,LA,90,2,Day,Clear,Main,Freight Train,9,131641,0,192873,T403,29.916694,-90.17763,86.3,87,84.3
UP,0819GC033,2019-08-26,3:30 AM,Derailment,0,AVONDALE,LA,80,4,Dark,Rain,Main,Freight Train,11,144208,361371,505579,T001,29.937453,-90.254294,80.1,82.1,84.7
UP,0517LV039,2017-05-28,10:39 AM,Derailment,0,AVONDALE,LA,85,2,Day,Cloudy,Yard,Yard/switching,1,14063,5000,19063,T101,29.918256,-90.192772,82,82.4,76.7
UP,0822GC005,2022-08-06,4:45 PM,Derailment,0,AVONDALE,LA,89,2,Day,Clear,Yard,Yard/switching,6,57267,9412,66679,T110,29.915746,-90.18807,81,82.1,82.5
BEAR,BER910424D,2024-08-28,12:30 AM,Derailment,0,AYER,MA,62,4,Dark,Clear,Yard,Single Car,0,11851,0,471501,M505,42.550923,-71.591193,71.5,77.1,66.5
BEAR,BER910424D,2024-08-28,12:30 AM,Derailment,0,AYER,MA,62,4,Dark,Clear,Yard,Freight Train,6,4694,285000,471501,M505,42.553833,-71.590778,71.5,77.1,66.5
BEAR,BER910424D,2024-08-28,12:30 AM,Derailment,0,AYER,MA,62,4,Dark,Clear,Yard,Cut of cars,0,169956,0,471501,M505,42.552989,-71.590873,71.5,77.1,66.5
MBTA,YR2020135,2020-11-25,9:20 PM,Obstruction,0,AYER,MA,41,3,Dusk,Rain,Main,Passenger Train - Pushing,41,15132,0,15132,M402,42.557923,-71.543066,34.2,31.9,39.7
GRS,20211125W1,2021-11-25,7:30 PM,Derailment,0,AYER,MA,38,4,Dark,Clear,Yard,Freight Train,5,27478,4475,31953,T110,42.55726,-71.6038,32.1,40.6,40.5
LI,EQ20170201,2017-02-07,8:10 PM,Derailment,0,BABYLON,NY,41,4,Dark,Cloudy,Yard,EMU,5,0,57161,57161,M507,40.705102,-73.313195,40,37.9,50.6
LI,EQ20150701,2015-07-03,11:51 PM,Derailment,0,BABYLON,NY,69,4,Dark,Clear,Yard,EMU,5,631000,13000,644000,M405,40.706048,-73.311668,72.7,71.7,70.9
LI,EQ20171203,2017-12-28,7:08 AM,Derailment,0,BABYLON,NY,13,1,Dawn,Clear,Yard,EMU,4,338600,18200,356800,M507,40.705678,-73.31215,21.1,15.1,15.6
LI,EQ20151101,2015-11-14,6:17 PM,Obstruction,0,BABYLON,NY,44,4,Dark,Clear,Main,EMU,80,44036,0,44036,M402,40.749407,-73.381624,55,45.8,47.6
HESR,HES076716D,2016-09-08,7:53 PM,Derailment,0,BAD AXE,MI,70,3,Dusk,Clear,Main,Freight Train,7,13500,5320,18820,E4BC,43.808074,-82.99163,77.4,73.8,68.9
HESR,HES875716D,2016-01-15,11:40 AM,Derailment,0,BAD AXE,MI,42,2,Day,Cloudy,Main,Freight Train,9,30000,47000,77000,T312,43.805703,-82.992317,22.1,35.9,28.4
NS,142346,2021-07-25,1:30 PM,Other impacts,0,BADEN,PA,88,2,Day,Clear,Industry,Yard/switching,2,32000,0,32000,M408,40.646387,-80.235147,72.7,77,76.9
NS,145969,2022-07-27,3:17 AM,Derailment,0,BADEN,PA,71,4,Dark,Clear,Siding,Freight Train,5,750,49931,50681,H503,40.638227,-80.231926,69.9,72.4,75.6