reportingrailroadcode,accidentnumber,date,time,accidenttype,hazmatreleasedcars,station,stateabbr,temperature,visibility_code,visibility,weathercondition,tracktype,equipmenttype,trainspeed,equipmentdamagecost,trackdamagecost,totaldamagecost,primaryaccidentcausecode,latitude,longitude,prior_temp,actual_temp,following_temp
MNN,MN10262022,2022-10-26,8:25 AM,Derailment,0,BADGER,MN,33,2,Day,Clear,Main,Freight Train,3,0,0,0,T202,48.771925,-96.027499,35.6,34.9,43
UP,1117KC001,2017-11-01,3:20 AM,Hwy-rail crossing,0,BAILEYVILLE,KS,34,4,Dark,Cloudy,Main,Freight Train,37,25132,1226,26358,M308,39.841601,-96.181105,30.4,39.8,47.4
BNSF,MT0824201,2024-08-08,2:39 PM,Hwy-rail crossing,0,BAINVILLE,MT,71,2,Day,Clear,Main,Freight Train,68,13000,0,13000,M308,48.143065,-104.374155,61.7,57.3,59.5
BNSF,MT0718106,2018-07-21,5:00 PM,Derailment,0,BAINVILLE,MT,69,3,Dusk,Rain,Main,Freight Train,0,175000,0,175000,M105,48.154894,-104.275344,71.5,73.8,71.6
ATK,164495,2020-05-29,10:45 AM,Hwy-rail crossing,0,BAINVILLE,MT,63,2,Day,Clear,Main,Passenger Train - Pulling,77,100000,0,126000,M302,48.140267,-104.336345,57.3,56.1,61.6
BNSF,MT1019201,2019-10-02,2:11 PM,Hwy-rail crossing,0,BAINVILLE,MT,40,2,Day,Rain,Main,Freight Train,50,12452,0,12452,M302,48.143065,-104.374155,39.4,37.6,38.7
BNSF,MT0819201,2019-08-17,5:49 PM,Hwy-rail crossing,0,BAINVILLE,MT,60,3,Dusk,Clear,Main,Freight Train,66,13000,0,13000,M302,48.140267,-104.336345,69.3,58,60.8
BNSF,MT0520201,2020-05-29,10:45 AM,Hwy-rail crossing,0,BAINVILLE,MT,63,2,Day,Clear,Main,,0,0,26000,126000,M302,48.140267,-104.336345,57.3,56.1,61.6
UP,0616FW006,2016-06-08,10:30 AM,Derailment,0,BAIRD,TX,83,2,Day,Clear,Main,Work train,4,140395,25421,165816,M103,32.390308,-99.365103,74.6,76.8,79.4
UP,0516FW014,2016-05-13,9:15 PM,Derailment,0,BAIRD,TX,70,4,Dark,Clear,Main,Freight Train,32,335021,279180,614201,T102,32.387855,-99.340197,68.5,73.2,63
UP,0519PN003,2019-05-02,8:53 PM,Fire/violent rupture,0,BAKER,OR,61,4,Dark,Clear,Main,Freight Train,29,39871,0,39871,E73L,44.690688,-117.681888,43.5,46.9,51.7
UP,0122PN041,2022-01-28,5:25 PM,Derailment,0,BAKER,OR,26,2,Day,Clear,Siding,Freight Train,17,78026,103424,181450,E99C,44.714773,-117.761963,20.6,17.1,14.6
CSX,000215356,2024-01-04,10:02 PM,Derailment,0,BAKERSVILLE,NC,16,4,Dark,Clear,Main,Freight Train,18,37235,46528,83763,E07C,35.930247,-82.117044,34.4,31.8,31.4
UP,0517LK014,2017-05-09,1:45 AM,Derailment,0,BALD KNOB,AR,61,4,Dark,Clear,Yard,Single Car,0,40,0,19483,E64C,35.302355,-91.577433,70,71.7,72.8
UP,0517LK014,2017-05-09,1:45 AM,Derailment,0,BALD KNOB,AR,61,4,Dark,Clear,Yard,Freight Train,8,13360,6083,19483,E64C,35.302355,-91.577433,70,71.7,72.8
UP,0923MA027,2023-09-15,6:28 PM,Hwy-rail crossing,0,BALD KNOB,AR,79,3,Dusk,Clear,Main,Freight Train,30,13521,0,13521,M302,35.299717,-91.520641,70.4,69.5,71.7
NS,113549,2014-12-22,9:50 AM,Derailment,0,BALDWIN,GA,45,2,Day,Rain,Industry,Freight Train,7,7220,5000,12220,H524,34.483508,-83.554297,45.6,42.7,42.8
NS,143733,2021-12-12,4:30 AM,Obstruction,0,BALDWIN,PA,47,1,Dawn,Clear,Main,Freight Train,40,960191,226259,1186450,M404,40.406665,-79.954499,53.7,36.9,39.4
UP,0615TC011,2015-06-25,8:53 PM,Fire/violent rupture,0,BALDWIN,WI,76,2,Day,Clear,Main,Freight Train,40,195427,0,195427,E79L,44.965601,-92.355321,68.9,70.2,68.3
LI,76431,2022-01-30,5:36 PM,Other (describe in narrative),0,BALDWIN,NY,17,3,Dusk,Clear,Main,EMU,60,10870,22587,33457,M509,40.656743,-73.608901,20.1,18.6,23.3
MQT,MQT984216S,2016-05-29,1:35 PM,Other impacts,0,BALDWIN,MI,75,2,Day,Clear,Yard,Yard/switching,4,28000,0,28000,H302,43.897165,-85.879664,71.6,67.5,66.7
MQT,MQT568018S,2018-02-02,1:15 PM,Other impacts,0,BALDWIN,MI,12,2,Day,Snow,Yard,Yard/switching,8,47518,0,47518,H021,43.89752,-85.884751,18.3,11.7,21.7
NS,131939,2018-12-06,2:25 AM,Derailment,0,BALDWIN,PA,28,4,Dark,Cloudy,Industry,Freight Train,9,1805,62208,64013,T110,40.404191,-79.953389,29.2,30.7,26.5
CPKC,1001906306,2023-05-30,4:55 PM,Derailment,0,BALFOUR,ND,85,2,Day,Clear,Main,Freight Train,58,321431,13081,334512,T001,47.963853,-100.584326,67.1,69.4,67.7
BNSF,PR1016108,2016-10-19,11:15 AM,Rear end collision,0,BALLANTINE,MT,61,2,Day,Clear,Main,Spec. MoW Equip.,0,14800,0,15300,H997,45.937754,-108.17468,48.7,45.9,47.8
BNSF,PR1016108,2016-10-19,11:15 AM,Rear end collision,0,BALLANTINE,MT,61,2,Day,Clear,Main,Spec. MoW Equip.,5,500,0,15300,H997,45.937754,-108.17468,48.7,45.9,47.8
BNSF,PR0915101,2015-09-08,12:55 PM,Other (describe in narrative),0,BALLANTINE,MT,85,2,Day,Clear,Main,Maint./inspect Car,13,70000,500,70500,H997,45.951704,-108.123883,58.9,61.3,65.4
BNSF,PR0915120,2015-09-08,3:42 PM,Obstruction,0,BALLANTINE,MT,75,2,Day,Clear,Main,Spec. MoW Equip.,8,72000,0,72000,H402,45.951704,-108.123883,58.9,61.3,65.4
CP,1000809525,2018-05-04,9:25 PM,Obstruction,0,BALLSTON SPA,NY,50,4,Dark,Rain,Main,,0,0,0,10910,M404,42.992046,-73.841975,73.1,70.2,61.7
ATK,153336,2018-05-04,9:25 PM,Obstruction,0,BALLSTON SPA,NY,50,4,Dark,Rain,Main,Passenger Train - Pulling,60,10910,0,10910,M404,42.992046,-73.841975,73.1,70.2,61.7
NS,116832,2015-08-04,3:45 PM,Derailment,0,BALLSTON SPA,NY,80,2,Day,Clear,Main,Freight Train,21,120000,0,498674,T109,43.02788,-73.83213,74.5,72.5,69.2
CP,1000248575,2015-08-04,3:45 PM,Derailment,0,BALLSTON SPA,NY,79,2,Day,Clear,Main,Freight Train,0,0,378674,498674,T109,43.02788,-73.83213,74.5,72.5,69.2
CP,1000576239,2017-06-15,9:10 PM,Derailment,0,BALLTOWN,IA,69,4,Dark,Rain,Main,Freight Train,35,390292,36200,426492,E24C,42.669373,-90.882409,76.8,77.5,74.4
NS,135111,2019-08-15,5:05 PM,Derailment,0,BALTIMORE,MD,85,3,Dusk,Clear,Yard,Freight Train,4,10810,2000,12810,H507,39.295744,-76.554671,79.8,78.9,80.4
CSX,000184496,2019-07-30,8:30 PM,Derailment,0,BALTIMORE,MD,90,4,Dark,Clear,Main,Yard/switching,8,8741,4920,13661,M204,39.24158,-76.620423,84.5,85.2,80.6
ATK,139804,2015-10-20,4:00 AM,Other impacts,0,BALTIMORE,MD,50,4,Dark,Clear,Yard,Maint./inspect Car,15,18000,0,18000,H997,39.296666,-76.540359,43.5,53.2,55.8
CSX,000214047,2023-10-13,9:05 AM,Hwy-rail crossing,0,BALTIMORE,MD,73,2,Day,Clear,Main,Freight Train,9,1793,74226,76019,M302,39.265717,-76.632344,59.9,59.9,56
NS,143916,2022-01-03,9:40 PM,Derailment,0,BALTIMORE,MD,18,4,Dark,Clear,Yard,Freight Train,8,7831,11944,19775,M101,39.292316,-76.557144,56.9,31.8,26.4
CSX,000182501,2019-04-21,9:00 PM,Derailment,1,BALTIMORE,MD,68,4,Dark,Clear,Yard,Yard/switching,2,142020,750,142770,M502,39.264326,-76.644661,66.7,61.1,63.2
NS,135326,2019-08-30,3:10 PM,Other impacts,0,BALTIMORE,MD,72,2,Day,Clear,Yard,Freight Train,6,70011,0,70011,H996,39.286565,-76.559737,73.4,75.6,77.3
CSX,000183999,2019-07-08,6:37 AM,Derailment,0,BALTIMORE,MD,74,1,Dawn,Rain,Main,Freight Train,5,87320,500,87820,M506,39.279915,-76.619874,79.6,75.3,76.4
ATK,159339,2019-06-03,11:20 PM,Raking collision,0,BALTIMORE,MD,50,4,Dark,Clear,Main,Spec. MoW Equip.,5,5000,7975,12975,E29C,39.297176,-76.551591,73.7,66.3,65.2
CSX,000181844,2019-03-15,3:20 PM,Derailment,0,BALTIMORE,MD,40,2,Day,Clear,Main,Freight Train,4,259723,1000,260723,H514,39.313011,-76.621768,53.2,66.2,48.9
NS,133774,2019-04-30,4:05 PM,Other impacts,0,BALTIMORE,MD,75,3,Dusk,Clear,Yard,Yard/switching,7,16500,0,16500,H312,39.286565,-76.559737,52.4,66,60.5
NS,121040,2016-06-28,5:04 PM,Other impacts,0,BALTIMORE,MD,72,3,Dusk,Cloudy,Industry,Freight Train,8,13200,0,25200,H302,39.258858,-76.538017,74.7,75.2,73.7
ATK,143633,2016-08-04,8:08 PM,Other (describe in narrative),0,BALTIMORE,MD,76,4,Dark,Clear,Main,Passenger Train - Pulling,39,10463,25085,35548,E79L,38.901178,-77.004513,75.4,75.3,76.3
NS,121040,2016-06-28,5:04 PM,Other impacts,0,BALTIMORE,MD,72,3,Dusk,Cloudy,Industry,Freight Train,0,12000,0,25200,H302,39.258858,-76.538017,74.7,75.2,73.7
MACZ,154508,2018-07-29,9:53 PM,Other (describe in narrative),0,BALTIMORE,MD,72,4,Dark,Cloudy,Main,Light loco(s),5,11594,0,11594,H999,39.307394,-76.615656,77,74.9,72.6
ATK,154930,2018-07-29,9:53 PM,Other (describe in narrative),0,BALTIMORE,MD,72,4,Dark,Cloudy,Main,,0,0,0,11594,H999,39.307394,-76.615656,77,74.9,72.6
CSX,000152880,2015-10-05,5:00 PM,Derailment,0,BALTIMORE,MD,68,2,Day,Clear,Yard,Yard/switching,6,24836,1511,26347,T221,39.23543,-76.591321,56.1,57,59.5
NS,157264,2024-07-04,12:37 AM,Derailment,0,BALTIMORE,MD,85,4,Dark,Clear,Yard,Yard/switching,5,12650,2625,15275,M599,39.287421,-76.559359,77.2,80.8,84.8
ATK,155849,2018-10-15,9:04 PM,Other (describe in narrative),0,BALTIMORE,MD,57,4,Dark,Clear,Main,,0,0,32784,32784,H702,39.284749,-76.620475,52,63.2,57.6
MACZ,155848,2018-10-15,9:04 PM,Other (describe in narrative),0,BALTIMORE,MD,57,4,Dark,Clear,Main,Commuter Train - Pulling,11,0,0,32784,H605,39.284749,-76.620475,52,63.2,57.6
CSX,000177574,2018-07-13,9:00 PM,Derailment,0,BALTIMORE,MD,93,4,Dark,Clear,Yard,Freight Train,4,45852,500,46352,M506,39.234872,-76.588819,79,77.1,79.2
MACZ,1509061600,2015-09-06,4:00 PM,Derailment,0,BALTIMORE,MD,84,2,Day,Clear,Yard,Yard/switching,5,266000,500,266500,H704,39.268438,-76.602971,77,72.8,75.2
CSX,000216222,2024-02-15,1:12 AM,Side collision,0,BALTIMORE,MD,38,4,Dark,Clear,Yard,Light loco(s),0,18733,559,65729,H704,39.275963,-76.559604,37.9,34.8,41.7
CSX,000147264,2015-06-04,6:30 AM,Derailment,0,BALTIMORE,MD,54,1,Dawn,Cloudy,Yard,Yard/switching,2,58085,450,58535,H099,39.306296,-76.529004,59,60.2,62.5
CSX,000216222,2024-02-15,1:12 AM,Side collision,0,BALTIMORE,MD,38,4,Dark,Clear,Yard,Freight Train,8,46437,0,65729,H704,39.275963,-76.559604,37.9,34.8,41.7
CSX,000151951,2015-09-10,2:00 PM,Other impacts,0,BALTIMORE,MD,82,2,Day,Rain,Industry,Yard/switching,4,28300,0,28300,M501,39.267704,-76.640369,81.3,75.1,72.3
CSX,000148099,2015-06-16,5:00 PM,Other impacts,0,BALTIMORE,MD,86,3,Dusk,Cloudy,Yard,Single Car,2,400,0,14098,M599,39.23543,-76.591321,79.2,82.4,77.2
ATK,137749,2015-06-09,8:08 AM,Other (describe in narrative),0,BALTIMORE,MD,72,2,Day,Clear,Main,Passenger Train - Pulling,105,8518,18500,27018,E78L,39.304002,-76.589384,72.2,75.3,73.7
CSX,000148099,2015-06-16,5:00 PM,Other impacts,0,BALTIMORE,MD,86,3,Dusk,Cloudy,Yard,Single Car,2,400,0,14098,M599,39.23543,-76.591321,79.2,82.4,77.2
CSX,000207455,2022-09-25,2:00 PM,Derailment,0,BALTIMORE,MD,65,2,Day,Cloudy,Yard,Freight Train,5,38239,534,38773,H704,39.260165,-76.646338,59.4,65.2,67.2
CSX,000148099,2015-06-16,5:00 PM,Other impacts,0,BALTIMORE,MD,86,3,Dusk,Cloudy,Yard,Single Car,2,400,0,14098,M599,39.23543,-76.591321,79.2,82.4,77.2
ATK,136241,2015-02-10,10:35 AM,Other (describe in narrative),0,BALTIMORE,MD,25,2,Day,Clear,Main,Passenger Train - Pulling,15,10200,11000,21200,E78L,39.307599,-76.615489,35.1,32.6,33.2
CSX,000148099,2015-06-16,5:00 PM,Other impacts,0,BALTIMORE,MD,86,3,Dusk,Cloudy,Yard,Single Car,2,400,0,14098,M599,39.23543,-76.591321,79.2,82.4,77.2
CSX,000148099,2015-06-16,5:00 PM,Other impacts,0,BALTIMORE,MD,86,3,Dusk,Cloudy,Yard,Single Car,2,11298,0,14098,M599,39.23543,-76.591321,79.2,82.4,77.2
CSX,000148099,2015-06-16,5:00 PM,Other impacts,0,BALTIMORE,MD,86,3,Dusk,Cloudy,Yard,Single Car,2,400,0,14098,M599,39.23543,-76.591321,79.2,82.4,77.2
ATK,136438,2015-02-10,11:45 AM,Other (describe in narrative),0,BALTIMORE,MD,25,2,Day,Clear,Main,Passenger Train - Pulling,110,356,11000,11356,E78L,39.307599,-76.615489,35.1,32.6,33.2
NS,114865,2015-03-16,10:45 PM,Derailment,0,BALTIMORE,MD,48,4,Dark,Clear,Yard,Freight Train,6,13564,300,13864,H702,39.29664,-76.540858,46.7,43.6,52.8
CSX,000148099,2015-06-16,5:00 PM,Other impacts,0,BALTIMORE,MD,86,3,Dusk,Cloudy,Yard,Single Car,2,400,0,14098,M599,39.23543,-76.591321,79.2,82.4,77.2
CSX,000148099,2015-06-16,5:00 PM,Other impacts,0,BALTIMORE,MD,86,3,Dusk,Cloudy,Yard,Single Car,2,400,0,14098,M599,39.23543,-76.591321,79.2,82.4,77.2
CSX,000187177,2019-12-15,6:30 PM,Derailment,0,BALTIMORE,MD,40,3,Dusk,Clear,Industry,Yard/switching,2,22131,0,22131,M405,39.276229,-76.55967,47.3,45.2,35.2
CSX,000194065,2020-11-23,6:20 PM,Derailment,0,BALTIMORE,MD,46,3,Dusk,Clear,Main,Freight Train,0,459345,1000,460345,H020,39.30526,-76.620342,53.5,51.1,43.9
MACZ,2109160700,2021-09-16,7:00 AM,Side collision,0,BALTIMORE,MD,70,1,Dawn,Cloudy,Yard,Light loco(s),9,100000,0,300000,H702,39.27119,-76.60003,79.5,75.5,75
NS,151458,2022-11-12,4:30 AM,Derailment,0,BALTIMORE,MD,40,1,Dawn,Clear,Industry,Freight Train,8,21457,15000,36457,T221,39.282797,-76.561101,65.5,66.1,46.3
CSX,000200950,2021-10-27,8:45 AM,Derailment,0,BALTIMORE,MD,68,2,Day,Clear,Industry,Yard/switching,3,1932,10628,12560,M506,39.27632,-76.629007,59.6,60.6,57.3
MACZ,2109160700,2021-09-16,7:00 AM,Side collision,0,BALTIMORE,MD,70,1,Dawn,Cloudy,Yard,Passenger Train - Pushing,0,200000,0,300000,H702,39.27119,-76.60003,79.5,75.5,75
ATK,139804,2015-10-20,4:00 AM,Other impacts,0,BALTIMORE,MD,50,4,Dark,Clear,Yard,Spec. MoW Equip.,5,0,0,18000,H997,39.296666,-76.540359,43.5,53.2,55.8
ATK,148716,2017-07-24,12:10 PM,Other (describe in narrative),0,BALTIMORE,MD,89,2,Day,Clear,Main,Passenger Train - Pulling,90,17371,0,17371,E78L,39.304722,-76.591388,78.5,79.9,74
ATK,171838,2022-08-26,2:10 PM,Other (describe in narrative),0,BALTIMORE,MD,91,2,Day,Cloudy,Main,Passenger Train - Pulling,0,11211,5290,16501,E78L,39.288976,-76.661143,76.5,80.7,79.7
CSX,000212706,2023-08-02,5:00 PM,Other impacts,0,BALTIMORE,MD,80,2,Day,Clear,Yard,Cut of cars,0,49763,112,49875,H307,39.241226,-76.616799,72.6,72.9,73
ATK,136439,2015-02-10,11:55 AM,Other (describe in narrative),0,BALTIMORE,MD,25,2,Day,Clear,Main,Passenger Train - Pulling,110,21926,11000,32926,E78L,39.307599,-76.615489,35.1,32.6,33.2
CSX,000188129,2020-01-28,6:45 PM,Derailment,0,BALTIMORE,MD,48,4,Dark,Clear,Yard,Yard/switching,6,41676,2500,44176,T207,39.273895,-76.618699,41.8,41.8,40
NS,121687,2016-08-14,5:10 AM,Derailment,0,BALTIMORE,MD,85,1,Dawn,Clear,Yard,Yard/switching,7,1600,15000,16600,T205,39.29649,-76.543187,87.4,87.4,79.6
ATK,171660,2022-08-11,12:33 PM,Other (describe in narrative),0,BALTIMORE,MD,85,2,Day,Cloudy,Main,Passenger Train - Pulling,24,0,13582,13582,T404,39.30617,-76.604168,80.2,78.8,77
NS,130714,2018-08-24,1:05 PM,Derailment,0,BALTIMORE,MD,85,2,Day,Clear,Yard,Yard/switching,10,12634,250,12884,T314,39.296244,-76.541642,70.6,70.8,71.1
NS,135143,2019-08-18,1:42 AM,Derailment,0,BALTIMORE,MD,85,4,Dark,Clear,Industry,Freight Train,7,45928,0,45928,T207,39.274627,-76.560142,81.8,83.7,84.2
ATK,145127,2016-11-09,3:34 AM,Derailment,0,BALTIMORE,MD,58,4,Dark,Clear,Yard,Spec. MoW Equip.,5,450485,525000,975485,T401,39.299677,-76.562274,51.4,54.6,50.5
NS,152636,2023-03-25,5:59 AM,Derailment,0,BALTIMORE,MD,45,1,Dawn,Clear,Yard,Freight Train,6,9100,17202,26302,T110,39.287421,-76.559359,52.6,47.4,56.1
CSX,000150141,2015-08-02,6:10 PM,Derailment,0,BALTIMORE,MD,89,3,Dusk,Clear,Yard,Yard/switching,7,11246,377,11623,T108,39.268407,-76.587167,78.7,77.6,80
ATK,170015,2022-02-10,5:17 PM,Other (describe in narrative),0,BALTIMORE,MD,59,3,Dusk,Cloudy,Main,Passenger Train - Pulling,88,32349,0,32349,T404,39.299973,-76.651103,38.4,45.5,46.3
CSX,000160487,2016-06-13,4:02 AM,Derailment,0,BALTIMORE,MD,61,4,Dark,Clear,Main,Freight Train,24,1061108,108237,1169345,T199,39.319079,-76.619505,83.5,70.6,72.2
UP,0819RM030,2019-08-24,8:51 PM,Hwy-rail crossing,0,BANCROFT,ID,81,4,Dark,Clear,Main,Freight Train,60,59402,200,59602,M302,42.680011,-111.789006,58.8,63.7,65.4
UP,0620RM027,2020-06-17,8:24 PM,Derailment,0,BANCROFT,ID,44,4,Dark,Cloudy,Main,Freight Train,35,3304202,495741,3799943,H504,42.679939,-111.78884,54.1,47.5,52.6
GTW,911295,2017-01-16,9:03 PM,Hwy-rail crossing,0,BANCROFT,MI,32,4,Dark,Sleet,Main,Freight Train,48,247,17328,17575,M399,42.873104,-84.075386,23.9,27.6,35.6
CSX,000174562,2018-02-07,1:35 PM,Derailment,0,BANGOR,MI,13,2,Day,Snow,Main,Freight Train,12,6781,9717,16498,E63L,42.285222,-86.138329,18.7,19.6,18.1
BNSF,GC0816200,2016-08-22,8:52 AM,Hwy-rail crossing,0,BANGS,TX,80,1,Dawn,Cloudy,Main,Maint./inspect Car,10,15000,0,15000,M302,31.715593,-99.132731,74.4,77.3,82.5
CSX,000144214,2015-04-04,11:18 PM,Hwy-rail crossing,0,BANKS,AL,70,4,Dark,Clear,Main,Freight Train,39,20980,494,21474,M302,31.793715,-85.824943,71.2,65.5,61.1
CSX,000161083,2016-07-04,5:12 AM,Obstruction,0,BANNER,KY,74,4,Dark,Rain,Main,Freight Train,23,29468,0,29468,M404,37.594621,-82.68429,69.9,73.1,75.4
WSOR,230528002,2023-05-28,7:40 PM,Derailment,0,BARABOO,WI,83,3,Dusk,Clear,Main,Freight Train,11,27686,2500,30186,T101,43.409765,-89.721413,62.8,65.7,69.1
BNSF,CH1221105,2021-12-26,6:41 AM,Derailment,0,BARING,MO,34,1,Dawn,Clear,Main,Freight Train,38,3209920,500000,3709920,H504,40.214,-92.253297,43.5,38.1,41
BNSF,CH0520101,2020-05-03,6:55 AM,Derailment,0,BARING,MO,60,1,Dawn,Cloudy,Main,Freight Train,46,225468,80000,305468,E21C,40.216953,-92.246992,67.8,62.7,52
RBMN,R01302301,2023-01-30,9:05 PM,Derailment,0,BARNESVILLE,PA,35,4,Dark,Clear,Main,Freight Train,29,59499,35117,94616,T212,40.821665,-76.012622,39.5,42.3,30.8
NS,122923,2016-11-29,5:30 AM,Derailment,0,BARNESVILLE,GA,65,1,Dawn,Rain,Industry,Freight Train,3,18261,1500,19761,T110,33.059113,-84.148878,58.7,65.5,66.1
WACR,1226,2015-10-23,11:19 AM,Obstruction,0,BARNET,VT,50,2,Day,Cloudy,Main,Spec. MoW Equip.,20,24845,0,42345,H607,44.320366,-72.033202,55.7,39.5,36.1
WACR,1226,2015-10-23,11:19 AM,Obstruction,0,BARNET,VT,50,2,Day,Cloudy,Main,Spec. MoW Equip.,12,15000,0,42345,H607,44.320366,-72.033202,55.7,39.5,36.1
WACR,1226,2015-10-23,11:19 AM,Obstruction,0,BARNET,VT,50,2,Day,Cloudy,Main,Spec. MoW Equip.,8,2500,0,42345,H607,44.320366,-72.033202,55.7,39.5,36.1
TXPF,06232023,2023-06-23,8:45 PM,Derailment,0,BARNHART,TX,100,3,Dusk,Clear,Industry,Freight Train,8,7500,8000,15500,E64C,31.124366,-101.174157,90.3,89.6,90.7
WACR,1551,2019-11-23,2:00 PM,Derailment,0,BARRE,VT,32,2,Day,Clear,Yard,Freight Train,4,10385,3150,13535,T110,44.195009,-72.501623,35.7,26.6,28.2
CP,1001311037,2020-08-28,10:30 PM,Derailment,0,BARRETT,MN,58,4,Dark,Clear,Main,Freight Train,56,271242,47098,318340,M405,45.888476,-95.865155,71.3,68.5,62.5
WC,1052454,2020-10-27,12:25 PM,Hwy-rail crossing,0,BARRON,WI,27,2,Day,Clear,Main,Freight Train,35,25000,10500,35500,M302,45.403236,-91.82725,25,22.7,35
BNSF,CH0418120,2018-04-29,8:05 AM,Derailment,0,BARSTOW,IL,45,1,Dawn,Clear,Yard,Freight Train,3,4761,12817,17578,H607,41.51975,-90.353262,47.6,49.9,65.5
BNSF,CH1122117,2022-11-27,8:10 AM,Derailment,0,BARSTOW,IL,40,1,Dawn,Rain,Yard,Freight Train,3,25303,125000,150303,H503,41.519732,-90.359584,43.2,40.8,37
UP,0518FW002,2018-05-01,6:15 PM,Hwy-rail crossing,0,BARSTOW,TX,71,2,Day,Clear,Main,Freight Train,60,2034196,340496,2374692,M302,31.460612,-103.382951,74.2,74.1,77.3
UP,1121TO008,2021-11-11,5:30 AM,Hwy-rail crossing,0,BARSTOW,TX,44,1,Dawn,Clear,Main,Freight Train,68,16920,33,16953,M304,31.460346,-103.383911,61.9,54.5,50.8
UP,1020TO003,2020-10-04,5:55 AM,Obstruction,0,BARSTOW,TX,62,1,Dawn,Clear,Main,Freight Train,20,11998,690,12688,M402,31.493299,-103.26466,73,69.7,73.2
UP,0523TO008,2023-05-05,6:35 PM,Hwy-rail crossing,0,BARSTOW,TX,94,3,Dusk,Clear,Main,Freight Train,65,201753,16682,218435,M302,31.467012,-103.359849,73.5,75.9,76.2
BNSF,CH0221121,2021-02-26,2:30 AM,Derailment,0,BARSTOW,IL,29,4,Dark,Clear,Yard,Freight Train,5,17000,7500,24500,T220,41.519761,-90.351525,29.4,31.5,38.8
SKOL,210721003,2021-07-21,2:30 AM,Derailment,0,BARTLESVILLE,OK,64,4,Dark,Clear,Main,Freight Train,10,14515,1625,16140,T102,36.748077,-95.983508,75.9,74.3,76.2
NIRC,MRK028,2017-05-27,10:20 PM,Hwy-rail crossing,0,BARTLETT,IL,65,4,Dark,Clear,Main,Commuter Train - Pushing,30,4913,5921,10834,M301,41.992098,-88.1838,59.5,63.8,66.6
ATK,135051,2014-11-01,5:25 AM,Derailment,0,BARTLEY,NE,28,1,Dawn,Clear,Main,Passenger Train - Pulling,78,178000,0,363900,T204,40.2641,-100.246809,36.2,42,55.7
BNSF,NE1114100,2014-11-01,5:25 AM,Derailment,0,BARTLEY,NE,28,1,Dawn,Clear,Main,Freight Train,0,0,185900,363900,T204,40.264106,-100.246809,36.2,42,55.7
TZPR,TZP271019O,2019-12-08,3:00 PM,Derailment,0,BARTONVILLE,IL,47,2,Day,Clear,Main,Freight Train,0,0,41000,53274,T108,40.628734,-89.652911,32.6,41.5,39.6
TPW,TPW270919D,2019-12-08,3:00 PM,Derailment,0,BARTONVILLE,IL,47,2,Day,Clear,Main,Freight Train,5,12274,0,53274,T108,40.628734,-89.652911,32.6,41.5,39.6
KJRY,KJRY200405,2020-04-05,11:58 AM,Derailment,0,BARTONVILLE,IL,56,2,Day,Clear,Main,Freight Train,0,0,10847,10847,T101,40.594855,-89.671922,40.5,47.8,54.3
TPW,TPW382220R,2020-04-05,11:58 AM,Derailment,0,BARTONVILLE,IL,56,2,Day,Clear,Main,Freight Train,7,0,0,10847,T101,40.594855,-89.671922,40.5,47.8,54.3
CSX,000194382,2020-12-11,1:46 AM,Derailment,0,BARTOW,FL,45,4,Dark,Fog,Industry,Freight Train,4,22179,472,22651,H702,27.892116,-81.912315,57.2,59.5,64.1
CSX,000192865,2020-09-26,1:00 AM,Derailment,0,BARTOW,FL,75,4,Dark,Clear,Main,Freight Train,16,28547,41122,69669,E53C,27.896725,-81.897392,82.3,82.3,81.5
NS,132320,2019-01-06,8:13 PM,Derailment,4,BARTOW,GA,50,4,Dark,Clear,Main,Freight Train,47,2279395,1466591,3745986,T204,32.900986,-82.493887,52.8,51.7,53.8
BNSF,PR0320113,2020-03-30,1:30 PM,Obstruction,0,BASIN,WY,48,2,Day,Clear,Main,Spec. MoW Equip.,8,15000,0,15000,H997,44.374116,-108.035244,42.8,44.4,46.8
CSX,000207729,2022-10-10,4:05 PM,Rear end collision,0,BATAVIA,NY,55,3,Dusk,Clear,Main,Spec. MoW Equip.,0,18300,0,33900,H997,42.984493,-78.24915,50.5,49.5,55.5
CSX,000167289,2017-03-08,1:05 PM,Derailment,0,BATAVIA,NY,49,2,Day,Cloudy,Main,Freight Train,57,1067796,144476,1212272,M105,42.988155,-78.211805,52.8,44.7,36.1
CSX,000207729,2022-10-10,4:05 PM,Rear end collision,0,BATAVIA,NY,55,3,Dusk,Clear,Main,Spec. MoW Equip.,10,15600,0,33900,H997,42.984493,-78.24915,50.5,49.5,55.5
ARS,220609007,2022-06-09,11:00 AM,Derailment,0,BATES,AR,79,2,Day,Clear,Main,Freight Train,8,72000,175000,247000,T205,34.906151,-94.381538,70.9,74.1,74.1
MNA,MNA526617D,2017-12-29,1:35 AM,Derailment,0,BATESVILLE,AR,22,4,Dark,Cloudy,Main,Freight Train,9,75500,33000,108500,M204,35.770748,-91.654929,21.5,32.6,32.3