reportingrailroadcode,accidentnumber,date,time,accidenttype,hazmatreleasedcars,station,stateabbr,temperature,visibility_code,visibility,weathercondition,tracktype,equipmenttype,trainspeed,equipmentdamagecost,trackdamagecost,totaldamagecost,primaryaccidentcausecode,latitude,longitude,prior_temp,actual_temp,following_temp
SLRG,SL191219A,2019-12-19,4:45 PM,Derailment,0,BATESVILLE,MS,40,3,Dusk,Clear,Main,Passenger Train - Pulling,14,7500,0,41225,T205,34.274554,-89.939122,32.4,35.8,40.9
GRYR,GR013019,2019-01-30,9:50 AM,Derailment,0,BATESVILLE,MS,0,2,Day,Clear,Siding,Freight Train,7,128600,7012,135612,T001,34.306514,-89.959219,30.8,30.2,37.9
GRYR,GR121919,2019-12-19,4:45 PM,Derailment,0,BATESVILLE,MS,40,3,Dusk,Clear,Main,Passenger Train - Pulling,14,7500,26225,41225,T205,34.274554,-89.939122,32.4,35.8,40.9
NS,126964,2017-10-10,12:30 PM,Derailment,0,BATH,PA,81,2,Day,Clear,Yard,,0,0,16174,16174,H022,40.725945,-75.359668,75,71.5,65.5
NS,141905,2021-06-16,2:08 PM,Derailment,0,BATH,PA,74,2,Day,Clear,Main,Spec. MoW Equip.,10,30000,450,30450,H997,40.72676,-75.354507,66.8,65.5,63.9
BRS,I170718005,2017-07-18,3:00 PM,Derailment,0,BATON ROUGE,LA,90,2,Day,Clear,Yard,Yard/switching,5,94798,17000,111798,H703,30.4583,-91.1403,81.3,83.2,83.5
IC,927796,2017-06-30,11:30 PM,Side collision,0,BATON ROUGE,LA,80,4,Dark,Cloudy,Main,Yard/switching,5,12538,100,15638,H018,30.472348,-91.188301,74.7,82.6,84.2
IC,927796,2017-06-30,11:30 PM,Side collision,0,BATON ROUGE,LA,80,4,Dark,Cloudy,Main,Cut of cars,3,3000,0,15638,H018,30.472348,-91.188301,74.7,82.6,84.2
IC,1015546,2019-10-11,5:30 PM,Side collision,0,BATON ROUGE,LA,70,2,Day,Rain,Yard,Yard/switching,3,10600,0,106680,H306,30.477346,-91.187652,77.6,76.8,62.4
BRS,171003004,2017-10-03,9:15 PM,Derailment,0,BATON ROUGE,LA,75,3,Dusk,Clear,Yard,Yard/switching,5,64000,8500,72500,E46C,30.4583,-91.1403,74.1,77.4,74.9
IC,974900,2018-10-04,1:30 AM,Other impacts,0,BATON ROUGE,LA,80,4,Dark,Clear,Yard,Yard/switching,5,27300,35,27335,H318,30.483334,-91.187094,79.7,80,79.2
BRS,210928004,2021-09-28,4:45 PM,Other impacts,0,BATON ROUGE,LA,80,2,Day,Clear,Yard,Cut of cars,5,77685,0,77685,H018,30.577766,-91.223411,73.6,74.2,73.5
IC,900562,2016-09-12,11:00 AM,Other impacts,0,BATON ROUGE,LA,89,2,Day,Clear,Yard,Yard/switching,3,10005,25,21730,H318,30.474911,-91.188373,78.7,79.3,77.5
BRS,160329003,2016-03-29,5:30 AM,Derailment,0,BATON ROUGE,LA,60,4,Dark,Clear,Yard,Yard/switching,9,9600,15800,25400,H704,30.579386,-91.235562,68.5,65.1,71.4
IC,1010595,2019-08-26,11:50 PM,Derailment,0,BATON ROUGE,LA,77,4,Dark,Clear,Yard,Yard/switching,4,32660,0,32660,H310,30.488383,-91.202797,77,79.2,83.3
KCS,19030203,2019-03-02,10:34 PM,Derailment,0,BATON ROUGE,LA,65,4,Dark,Cloudy,Yard,Freight Train,5,7882,0,15161,H307,30.468846,-91.17695,65.5,66.9,59.7
IC,851394,2015-05-27,4:30 AM,Side collision,0,BATON ROUGE,LA,81,4,Dark,Cloudy,Yard,Freight Train,5,11149,25,115473,H307,30.469647,-91.189297,73.3,72.2,77.3
IC,1103110,2022-05-19,8:00 AM,Other (describe in narrative),0,BATON ROUGE,LA,77,2,Day,Clear,Yard,Yard/switching,9,28000,0,28000,H318,30.609476,-91.164551,81.1,81.2,81.7
IC,1014759,2019-10-05,1:45 PM,Derailment,0,BATON ROUGE,LA,90,2,Day,Clear,Yard,Freight Train,4,32000,0,32000,M405,30.507205,-91.184073,80.6,78.7,80.1
KCS,19030203,2019-03-02,10:34 PM,Derailment,0,BATON ROUGE,LA,65,4,Dark,Cloudy,Yard,Cut of cars,0,6779,0,15161,H307,30.468846,-91.17695,65.5,66.9,59.7
IC,1015546,2019-10-11,5:30 PM,Side collision,0,BATON ROUGE,LA,70,2,Day,Rain,Yard,Yard/switching,3,96080,0,106680,H306,30.477346,-91.187652,77.6,76.8,62.4
IC,851394,2015-05-27,4:30 AM,Side collision,0,BATON ROUGE,LA,81,4,Dark,Cloudy,Yard,Freight Train,4,104299,0,115473,H307,30.469647,-91.189297,73.3,72.2,77.3
KCS,20030902,2020-03-09,2:20 AM,Derailment,0,BATON ROUGE,LA,48,4,Dark,Cloudy,Industry,Freight Train,3,10570,1448,12994,H306,30.56251,-91.212556,59.4,65.3,67.9
KCS,19070401,2019-07-04,4:50 AM,Derailment,0,BATON ROUGE,LA,90,4,Dark,Clear,Industry,Cut of cars,0,0,0,17931,H306,30.565796,-91.205783,81.1,83.5,86
BRS,231010003,2023-10-10,6:25 PM,Other impacts,0,BATON ROUGE,LA,75,3,Dusk,Cloudy,Yard,Single Car,7,10044,3612,19313,H021,30.576074,-91.212791,65.7,69.4,63.9
IC,992791,2019-03-02,10:34 PM,Derailment,0,BATON ROUGE,LA,65,4,Dark,Clear,Main,,0,0,500,15161,H307,30.468846,-91.17695,65.5,66.9,59.7
BRS,180901002,2018-09-01,10:55 AM,Derailment,0,BATON ROUGE,LA,90,2,Day,Clear,Yard,Cut of cars,12,27147,0,27147,H513,30.578496,-91.23354,78.8,77.8,77.4
KCS,19062001,2019-06-20,7:30 PM,Other impacts,0,BATON ROUGE,LA,80,3,Dusk,Cloudy,Industry,Yard/switching,5,9748,0,23310,H302,30.451468,-91.187147,84,85.4,85.6
BRS,I171102005,2017-11-02,4:40 AM,Derailment,0,BATON ROUGE,LA,75,1,Dawn,Clear,Yard,Yard/switching,4,14000,10500,24500,H704,30.4583,-91.1403,65.6,74.5,74.4
BRS,I160930003,2016-09-30,5:00 PM,Derailment,0,BATON ROUGE,LA,85,2,Day,Clear,Yard,Yard/switching,5,17000,15000,32000,H702,30.4583,-91.1403,72.7,68.2,69.7
IC,900562,2016-09-12,11:00 AM,Other impacts,0,BATON ROUGE,LA,89,2,Day,Clear,Yard,Freight Train,3,11700,0,21730,H318,30.474911,-91.188373,78.7,79.3,77.5
KCS,19062001,2019-06-20,7:30 PM,Other impacts,0,BATON ROUGE,LA,80,3,Dusk,Cloudy,Industry,Cut of cars,0,13562,0,23310,H302,30.451468,-91.187147,84,85.4,85.6
IC,983532,2019-01-06,12:27 AM,Derailment,0,BATON ROUGE,LA,42,4,Dark,Cloudy,Yard,Freight Train,2,17800,775,18575,H306,30.513054,-91.182911,48.9,52.6,56.6
IC,1091724,2022-01-05,2:15 AM,Derailment,0,BATON ROUGE,LA,65,4,Dark,Clear,Yard,Yard/switching,9,104187,38723,142910,H704,30.544075,-91.176934,41.9,57.3,55
IC,1090954,2021-12-21,7:50 AM,Derailment,0,BATON ROUGE,LA,53,2,Day,Cloudy,Yard,Yard/switching,4,38000,6214,44214,T217,30.487408,-91.186445,43.5,44.7,47.8
IC,1702199,2024-08-30,6:14 PM,Side collision,0,BATON ROUGE,LA,86,2,Day,Cloudy,Yard,Yard/switching,3,21329,0,46329,H318,30.465383,-91.18922,79.7,80.8,79.5
CPKC,23101002,2023-10-10,6:25 PM,Other impacts,0,BATON ROUGE,LA,75,3,Dusk,Cloudy,Yard,Light loco(s),0,5657,0,19313,H018,30.576074,-91.212791,65.7,69.4,63.9
BRS,231102004,2023-11-02,10:30 PM,Derailment,0,BATON ROUGE,LA,45,4,Dark,Clear,Yard,Cut of cars,0,12284,0,110706,T110,30.576924,-91.216147,47.7,50.9,57.6
BRS,231102004,2023-11-02,10:30 PM,Derailment,0,BATON ROUGE,LA,45,4,Dark,Clear,Yard,Yard/switching,10,77379,21043,110706,T210,30.576924,-91.216147,47.7,50.9,57.6
IC,906108,2016-11-11,4:55 AM,Derailment,0,BATON ROUGE,LA,70,4,Dark,Clear,Yard,Freight Train,4,18300,15500,33800,T319,30.481991,-91.187449,61,58.1,60.2
IC,1105942,2022-06-18,1:30 AM,Derailment,0,BATON ROUGE,LA,85,4,Dark,Clear,Industry,Yard/switching,4,33100,5000,38100,T106,30.479746,-91.187553,83.4,86.6,86.9
IC,1014591,2019-10-04,5:18 AM,Derailment,0,BATON ROUGE,LA,85,4,Dark,Clear,Yard,Yard/switching,5,12500,3000,15500,T107,30.478012,-90.204331,83,80.6,78.7
BRS,210720008,2021-07-20,11:20 PM,Derailment,0,BATON ROUGE,LA,92,4,Dark,Cloudy,Yard,Yard/switching,4,45400,8510,53910,T110,30.57845,-91.231753,80,76.3,81.6
KCS,17060105,2017-06-01,7:00 PM,Derailment,0,BATON ROUGE,LA,72,3,Dusk,Cloudy,Industry,Yard/switching,5,9000,2000,11000,T402,30.510687,-91.188324,74.7,74.4,76.9
ATK,174246,2023-03-31,9:39 AM,Hwy-rail crossing,0,BATTLE CREEK,MI,41,2,Day,Rain,Main,Passenger Train - Pulling,63,14243,0,14243,M308,42.37262,-85.10267,33.3,52.2,42.4
GTW,1129785,2023-03-31,9:30 AM,Hwy-rail crossing,0,BATTLE CREEK,MI,52,2,Day,Cloudy,Main,,0,0,0,14243,M308,42.37262,-85.10267,33.3,52.2,42.4
GTW,1134842,2023-06-27,12:30 PM,Side collision,0,BATTLE CREEK,MI,72,2,Day,Cloudy,Yard,Yard/switching,2,224,0,27866,H301,42.335284,-85.143471,66.2,65.1,68.5
GTW,1134842,2023-06-27,12:30 PM,Side collision,0,BATTLE CREEK,MI,72,2,Day,Cloudy,Yard,Light loco(s),2,27642,0,27866,H301,42.335284,-85.143471,66.2,65.1,68.5
GTW,952179,2018-03-09,2:30 AM,Derailment,0,BATTLE CREEK,MI,28,4,Dark,Cloudy,Main,Yard/switching,6,14889,79545,94434,H512,42.355928,-85.127708,26.3,28.2,27.8
GTW,845526,2015-04-02,7:30 PM,Other impacts,0,BATTLE CREEK,MI,50,3,Dusk,Cloudy,Yard,Freight Train,5,7090,0,109542,H310,42.351156,-85.131223,48.6,52.8,45.1
GTW,845526,2015-04-02,7:30 PM,Other impacts,0,BATTLE CREEK,MI,50,3,Dusk,Cloudy,Yard,Yard/switching,6,90231,12221,109542,H310,42.351156,-85.131223,48.6,52.8,45.1
GTW,909348,2016-12-21,12:13 PM,Hwy-rail crossing,0,BATTLE CREEK,MI,30,2,Day,Cloudy,Main,Freight Train,30,180,18430,18610,M303,42.316502,-85.187103,18.7,26.1,34
GTW,1046185,2020-08-27,12:03 PM,Derailment,0,BATTLE CREEK,MI,80,2,Day,Clear,Yard,Yard/switching,4,19800,20109,39909,H702,42.331613,-85.145416,78.7,82.4,78.4
CSX,000183950,2019-07-05,12:56 PM,Hwy-rail crossing,0,BATTLE GROUND,IN,93,2,Day,Clear,Main,Freight Train,37,54266,18356,72622,M303,40.547654,-86.848077,79,78.6,77.8
NS,138567,2020-07-18,8:30 AM,Obstruction,0,BAXLEY,GA,72,2,Day,Clear,Main,Freight Train,49,2096,30000,32096,M404,31.794784,-82.400596,81.4,80.8,83.6
NS,114553,2015-02-26,3:05 PM,Derailment,0,BAXLEY,GA,40,2,Day,Cloudy,Main,Spec. MoW Equip.,10,80000,0,80000,H997,31.794226,-82.398998,45.5,44.3,46.8
BNSF,HL0319201,2019-03-19,8:15 PM,Hwy-rail crossing,0,BAY,AR,58,3,Dusk,Clear,Main,Freight Train,58,75000,500,75500,M302,35.767496,-90.590901,48.6,48.3,45.9
BNSF,HL0620201,2020-06-07,10:45 AM,Hwy-rail crossing,0,BAY,AR,95,2,Day,Clear,Main,Freight Train,54,9320,59000,68320,M302,35.7264,-90.543811,80.9,84.4,78.1
BNSF,HL0823204,2023-08-26,11:39 AM,Hwy-rail crossing,0,BAY,AR,95,2,Day,Cloudy,Main,Freight Train,56,19017,1374,20391,M302,35.706703,-90.527339,87.1,84.5,77.6
BNSF,CH0315107,2015-03-31,3:45 PM,Obstruction,0,BAY CITY,WI,68,2,Day,Clear,Main,Maint./inspect Car,0,35000,0,58000,H997,44.584854,-92.43944,42.6,45.8,59.7
BNSF,CH0315107,2015-03-31,3:45 PM,Obstruction,0,BAY CITY,WI,68,2,Day,Clear,Main,Maint./inspect Car,15,23000,0,58000,H997,44.584854,-92.43944,42.6,45.8,59.7
UP,1017HO012,2017-10-12,11:00 AM,Hwy-rail crossing,0,BAY CITY,TX,84,2,Day,Clear,Main,Spec. MoW Equip.,7,82160,99,82259,M302,28.978123,-95.953054,71.9,76.7,77.8
LSRC,D230706,2023-07-06,10:20 PM,Derailment,0,BAY CITY,MI,69,4,Dark,Cloudy,Yard,Freight Train,3,20389,34110,54499,M405,43.614344,-83.857287,79.6,73.6,68.6
LSRC,D220903,2022-09-03,1:00 PM,Derailment,0,BAY CITY,MI,85,2,Day,Cloudy,Main,Freight Train,6,13103,12000,25103,T221,43.629327,-83.83445,74.3,73.4,64.4
LSRC,D220311,2022-03-11,12:45 PM,Derailment,0,BAY CITY,MI,26,2,Day,Clear,Main,Freight Train,9,4267,11720,15987,M204,43.588389,-83.850939,28.4,23.9,17.3
LSRC,D180617,2018-06-17,3:00 AM,Derailment,0,BAY CITY,MI,73,4,Dark,Clear,Main,Freight Train,7,39200,65066,104266,T110,43.61301,-83.887257,72.6,81.1,80.4
LSRC,D200522,2020-05-22,10:30 AM,Derailment,0,BAY CITY,MI,65,2,Day,Clear,Yard,Freight Train,2,20370,0,20370,T101,43.619258,-83.86317,60.3,63.6,66.6
HESR,HES876316R,2016-01-16,6:30 AM,Derailment,0,BAY CITY,MI,32,4,Dark,Cloudy,Main,Freight Train,5,35000,0,45090,T110,43.603202,-83.885078,34.1,30.1,15.5
LSRC,D160116,2016-01-16,6:30 AM,Derailment,0,BAY CITY,MI,32,4,Dark,Cloudy,Main,Freight Train,0,0,10090,45090,T110,43.603202,-83.885078,34.1,30.1,15.5
NJTR,201601030,2016-01-05,4:30 PM,Derailment,0,BAY HEAD,NJ,24,4,Dark,Clear,Yard,Commuter Train - Pulling,2,10000,1000,11000,T223,40.075069,-74.052753,27.1,18.5,26.2
NJTR,201904186,2018-07-16,7:00 AM,Other (describe in narrative),0,BAY HEAD,NJ,75,2,Day,Cloudy,Yard,Cut of cars,0,19149,0,19149,M502,40.075373,-74.049217,74.4,81,77.5
NJTR,202310410,2023-09-30,1:20 AM,Derailment,0,BAY HEAD,NJ,63,4,Dark,Cloudy,Yard,Work train,3,11100,1065,12165,H704,40.076012,-74.046874,60.9,60.8,65.4
NJTR,202402085,2024-01-03,9:03 PM,Derailment,0,BAY HEAD,NJ,32,2,Day,Clear,Yard,Commuter Train - Pushing,7,16554,8645,25199,E34C,40.075837,-74.047487,33.9,34.9,35.8
NJTR,201908431,2019-08-02,12:09 AM,Derailment,0,BAY HEAD,NJ,78,4,Dark,Clear,Yard,Yard/switching,5,6700,1106,7806,H702,40.075378,-74.048167,76.5,75.6,76.4
NJTR,202108352,2021-08-24,1:30 AM,Derailment,0,BAY HEAD,NJ,75,4,Dark,Clear,Yard,Light loco(s),5,51793,12062,63855,H704,40.077334,-74.050323,76.1,80.3,79.5
NJTR,202109383,2021-09-05,10:00 PM,Derailment,0,BAY HEAD,NJ,72,4,Dark,Rain,Yard,Yard/switching,5,13056,2746,15802,H702,40.075179,-74.053467,65.8,69.5,74
NJTR,202406299,2024-06-08,12:46 AM,Derailment,0,BAY HEAD,NJ,73,4,Dark,Clear,Yard,Commuter Train - Pushing,2,16554,1887,18441,H704,40.076078,-74.046754,75.6,71.2,70.2
NJTR,202303095,2023-03-02,9:55 PM,Derailment,0,BAY HEAD,NJ,40,4,Dark,Clear,Yard,Light loco(s),3,25810,3079,28889,T113,40.07503,-74.051911,37.6,47.1,39.6
NJTR,202111484,2021-11-13,12:45 AM,Derailment,0,BAY HEAD,NJ,47,4,Dark,Clear,Yard,Commuter Train - Pushing,5,17490,2625,20115,T103,40.07585,-74.047446,60.1,48.2,40.8
NJTR,201508494,2015-08-19,10:20 PM,Derailment,0,BAY HEAD,NJ,75,4,Dark,Clear,Yard,Yard/switching,4,25000,750,25750,T312,40.075467,-74.048055,78.4,77.4,78.5
NYA,NYA00088F,2023-02-07,8:37 PM,Derailment,0,BAY SHORE,NY,45,4,Dark,Rain,Yard,Freight Train,6,0,36455,36455,M507,40.773618,-73.275888,41.6,35.7,43
BNSF,PR1016106,2016-10-12,7:06 AM,Derailment,0,BAYARD,NE,29,1,Dawn,Clear,Main,Freight Train,40,6000,142500,148500,E61C,41.76417,-103.364158,47.3,40.3,49.9
UP,1119GP007,2019-11-06,1:47 AM,Fire/violent rupture,0,BAYARD,NE,30,4,Dark,Clear,Main,Freight Train,0,21175,0,21175,E73L,41.710807,-103.290278,40.6,27.5,30.7
EJR,EJR111816,2016-11-18,12:30 AM,Other impacts,0,BAYONNE,NJ,55,4,Dark,Cloudy,Yard,Freight Train,5,60000,0,60000,H017,40.6573,-74.1018,54.6,54.4,52.4
EJR,725191,2019-07-25,7:15 AM,Derailment,0,BAYONNE,NJ,70,4,Dark,Clear,Industry,Yard/switching,5,20000,0,21000,H704,40.656058,-74.11108,75.9,78.1,78.2
CRSH,134853,2019-07-25,7:15 AM,Derailment,0,BAYONNE,NJ,81,1,Dawn,Clear,Industry,,0,0,1000,21000,H704,40.656058,-74.111082,75.9,78.1,78.2
EJR,10191,2020-10-19,2:00 PM,Side collision,0,BAYONNE,NJ,60,2,Day,Rain,Yard,Single Car,5,3500,0,23500,H021,40.65899,-74.10641,53.1,58.5,63.8
EJR,10191,2020-10-19,2:00 PM,Side collision,0,BAYONNE,NJ,60,2,Day,Rain,Yard,Yard/switching,5,20000,0,23500,H021,40.65899,-74.10641,53.1,58.5,63.8
CRSH,128543,2018-02-15,9:40 AM,Derailment,0,BAYONNE,NJ,58,2,Day,Clear,Industry,Yard/switching,7,14355,2500,16855,T113,40.655918,-74.109458,43.3,51.9,52
UP,0816TC005,2016-08-11,12:51 AM,Derailment,0,BAYPORT,MN,80,4,Dark,Rain,Industry,Freight Train,9,19616,37733,57349,T002,44.991931,-92.776662,77.4,73.8,71.8
UP,0723HO001,2023-07-01,1:55 AM,Other impacts,0,BAYTOWN,TX,83,4,Dark,Clear,Yard,Single Car,5,1812,0,13237,H601,29.79851,-95.017139,87.3,88,85.3
BNSF,RD1121110,2021-11-17,2:00 AM,Derailment,0,BAYTOWN,TX,70,4,Dark,Clear,Yard,Light loco(s),7,15000,1200,16200,H303,29.808376,-94.922232,72,74.3,65.1
RLAX,RLAX282019,2019-02-08,1:45 AM,Derailment,0,BAYTOWN,TX,56,4,Dark,Clear,Yard,Yard/switching,4,17467,0,17467,H702,29.763127,-94.882112,64,41,41.9
RLAX,RLAX52619,2019-05-26,6:50 PM,Derailment,0,BAYTOWN,TX,88,2,Day,Clear,Yard,Yard/switching,2,50053,0,50053,H021,29.764746,-94.896276,82.2,81.7,81.8
UP,0219GC002,2019-02-01,3:50 PM,Derailment,0,BAYTOWN,TX,58,2,Day,Cloudy,Yard,Yard/switching,6,4850,8347,13197,H702,29.79224,-95.017268,53.9,59.8,60.1
UP,0723HO001,2023-07-01,1:55 AM,Other impacts,0,BAYTOWN,TX,83,4,Dark,Clear,Yard,Yard/switching,10,1420,10005,13237,H601,29.79851,-95.017139,87.3,88,85.3
UP,0317HO010,2017-03-07,4:25 AM,Derailment,0,BAYTOWN,TX,71,4,Dark,Clear,Main,Freight Train,4,70950,28159,99109,H607,29.778076,-94.899345,71.7,71.7,64.4
RLAX,RLAX21224,2024-02-12,3:23 PM,Derailment,0,BAYTOWN,TX,48,2,Day,Clear,Yard,Light loco(s),7,32061,2500,34561,H303,29.773418,-94.896902,68.2,52.2,54.1
UP,0424HO027,2024-04-20,2:05 PM,Other impacts,0,BAYTOWN,TX,80,2,Day,Cloudy,Yard,Freight Train,4,52850,9014,139411,H021,29.875671,-94.908822,77.8,74.9,63
RLAX,RLAX111220,2020-11-12,8:00 PM,Side collision,0,BAYTOWN,TX,50,4,Dark,Clear,Yard,Light loco(s),7,16260,21924,62807,H399,29.771792,-94.896563,74.7,71.8,72.8
UP,0118HO015,2018-01-14,10:45 AM,Other impacts,0,BAYTOWN,TX,46,2,Day,Clear,Yard,Yard/switching,7,4130,99,12591,H318,29.794928,-95.01725,41.1,41.8,52.7
RLAX,RLAX72023,2023-07-20,11:40 PM,Raking collision,0,BAYTOWN,TX,85,4,Dark,Cloudy,Yard,Yard/switching,3,11500,0,11500,H306,29.765265,-94.896211,88,87.1,87.3
UP,0324HO024,2024-03-19,11:02 AM,Other impacts,0,BAYTOWN,TX,59,2,Day,Clear,Yard,Single Car,2,34120,0,36780,H302,29.796363,-95.017317,64.4,57.4,62.4
BNSF,RD0122109,2022-01-05,4:45 PM,Other (describe in narrative),0,BAYTOWN,TX,75,2,Day,Clear,Yard,Yard/switching,7,0,0,18000,H307,29.776799,-94.899071,54,64.8,63.3
UP,0621HO031,2021-06-26,4:30 AM,Other impacts,0,BAYTOWN,TX,82,1,Dawn,Fog,Industry,Single Car,1,4564,0,188372,H008,29.776367,-94.898933,86.2,84.9,83.8
RLAX,RLAX81820,2020-08-18,10:50 PM,Derailment,0,BAYTOWN,TX,86,4,Dark,Clear,Yard,Yard/switching,7,10700,39250,49950,H303,29.776866,-94.892483,83.6,86.7,86.9
RLAX,102323,2023-10-23,11:50 PM,Derailment,0,BAYTOWN,TX,54,4,Dark,Clear,Yard,Yard/switching,2,11500,0,11500,H602,29.776128,-94.892238,77.6,78.2,78.7
UP,0720HO006,2020-07-11,10:50 AM,Derailment,0,BAYTOWN,TX,87,2,Day,Clear,Yard,Yard/switching,6,20213,8700,28913,H607,29.762173,-94.895962,87.1,87.7,86.3
UP,0621HO031,2021-06-26,4:30 AM,Other impacts,0,BAYTOWN,TX,82,1,Dawn,Fog,Industry,Freight Train,10,183808,0,188372,H008,29.776367,-94.898933,86.2,84.9,83.8
UP,0122HO013,2022-01-05,4:45 PM,Other (describe in narrative),0,BAYTOWN,TX,73,2,Day,Cloudy,Yard,,0,0,18000,18000,H307,29.776799,-94.899071,54,64.8,63.3
UP,0324HO024,2024-03-19,11:02 AM,Other impacts,0,BAYTOWN,TX,59,2,Day,Clear,Yard,Yard/switching,4,2660,0,36780,H302,29.796363,-95.017317,64.4,57.4,62.4
RLAX,RLAX51723,2023-05-17,12:50 AM,Raking collision,0,BAYTOWN,TX,72,4,Dark,Clear,Yard,Yard/switching,6,11500,0,11500,M404,29.778209,-94.889505,76.6,77.1,79.3
UP,0118HO015,2018-01-14,10:45 AM,Other impacts,0,BAYTOWN,TX,46,2,Day,Clear,Yard,Single Car,0,8362,0,12591,H318,29.794928,-95.01725,41.1,41.8,52.7
XTGS,032023,2023-02-06,8:40 AM,Derailment,0,BAYTOWN,TX,65,2,Day,Clear,Yard,Yard/switching,5,0,0,0,H303,29.699795,-94.892189,61.3,64.5,67.4
UP,1222HO029,2022-12-26,10:00 PM,Derailment,0,BAYTOWN,TX,39,4,Dark,Cloudy,Industry,Light loco(s),6,15748,0,15748,H706,29.786326,-94.901001,37.8,47.1,45.3
RLAX,RLAX111220,2020-11-12,8:00 PM,Side collision,0,BAYTOWN,TX,50,4,Dark,Clear,Yard,Light loco(s),4,24623,0,62807,H399,29.771792,-94.89563,74.7,71.8,72.8
RLAX,RLAX22021,2021-02-20,2:05 AM,Raking collision,0,BAYTOWN,TX,40,4,Dark,Clear,Yard,Yard/switching,6,11200,0,11200,H021,29.765834,-94.895833,37.3,44.8,58.3
UP,0821HO001,2021-08-01,2:12 PM,Derailment,0,BAYTOWN,TX,92,2,Day,Clear,Yard,Freight Train,4,15819,10420,26239,H307,29.765116,-94.89623,85.8,86.5,86.4
RLAX,RLAX62621,2021-06-26,4:30 AM,Other impacts,0,BAYTOWN,TX,82,4,Dark,Fog,Yard,,0,0,0,188372,H008,29.776367,-94.898933,86.2,84.9,83.8
SGSC,IT7233,2018-04-30,10:37 PM,Derailment,0,BAYTOWN,TX,72,4,Dark,Cloudy,Industry,Yard/switching,8,20000,13042,33042,H303,29.73361,-95.005833,70.8,70.7,73.9
RLAX,RLAX51922,2022-05-19,1:15 PM,Derailment,0,BAYTOWN,TX,92,2,Day,Clear,Yard,Yard/switching,5,11300,0,11300,H309,29.76072,-94.884959,82.1,81.9,83.3
UP,0424HO027,2024-04-20,2:05 PM,Other impacts,0,BAYTOWN,TX,80,2,Day,Cloudy,Yard,Yard/switching,0,77547,0,139411,H021,29.875671,-94.908822,77.8,74.9,63
UP,1023HO029,2023-10-20,11:10 AM,Derailment,0,BAYTOWN,TX,82,2,Day,Clear,Main,Freight Train,5,1840,19794,21634,H702,29.799231,-95.016898,74.8,76.6,77.4
UP,0523HO038,2023-05-29,6:01 PM,Derailment,0,BAYTOWN,TX,86,3,Dusk,Cloudy,Main,,0,0,38220,65951,H307,29.813177,-94.919606,79.5,79.4,79.6
UP,0819HO020,2019-08-15,11:28 PM,Hwy-rail crossing,0,BAYTOWN,TX,83,4,Dark,Cloudy,Main,Freight Train,0,15015,19500,34515,M303,29.78072,-95.016697,87.4,85.9,86.6
RLAX,RLAX52220,2020-05-20,2:15 PM,Raking collision,0,BAYTOWN,TX,92,2,Day,Clear,Yard,Yard/switching,3,10700,0,10700,H021,29.764462,-94.884247,81.7,83,82.1
UP,0918HO010,2018-09-05,5:20 PM,Hwy-rail crossing,0,BAYTOWN,TX,90,2,Day,Clear,Main,Freight Train,10,22198,99,22297,M304,29.857747,-94.907298,80.7,82.9,82.3
UP,1116HO011,2016-11-04,5:15 PM,Derailment,0,BAYTOWN,TX,76,2,Day,Clear,Yard,Yard/switching,5,278,56329,56607,H704,29.752607,-95.016932,77.6,77.2,74.1
RLAX,RLA3302017,2017-03-30,11:29 PM,Derailment,0,BAYTOWN,TX,65,4,Dark,Clear,Yard,Yard/switching,8,16078,0,16078,H104,29.758907,-94.895277,73.8,68,70.5
UP,1214HO006,2014-12-01,7:10 AM,Other impacts,0,BAYTOWN,TX,72,2,Day,Rain,Yard,Single Car,0,185,0,12930,H318,29.784562,-95.016731,69.7,59,49.9
UP,0218HO042,2018-02-25,9:25 PM,Derailment,0,BAYTOWN,TX,60,4,Dark,Clear,Main,Yard/switching,5,10912,2612,13524,H703,29.766461,-95.017406,74.8,62.1,62.3
UP,1214HO006,2014-12-01,7:10 AM,Other impacts,0,BAYTOWN,TX,72,2,Day,Rain,Yard,Freight Train,3,12745,0,12930,H318,29.784562,-95.016731,69.7,59,49.9
EBRR,110414,2014-11-04,3:30 PM,Derailment,0,BAYTOWN,TX,82,2,Day,Cloudy,Yard,Yard/switching,4,0,10663,10663,T113,29.7184,-94.923978,69.5,73.1,70.6
UP,0722HO002,2022-07-02,5:00 AM,Derailment,0,BAYTOWN,TX,77,1,Dawn,Cloudy,Industry,Freight Train,9,93303,11935,105238,T202,29.796281,-94.903048,80.6,84.5,86
UP,0124HO015,2024-01-14,8:15 AM,Derailment,0,BAYTOWN,TX,45,2,Day,Clear,Yard,Freight Train,7,27527,16050,43577,T112,29.776366,-94.89894,51,45.8,29
UP,0323HO006,2023-03-04,10:15 PM,Derailment,0,BAYTOWN,TX,58,4,Dark,Clear,Yard,Freight Train,10,5159,51218,56377,T102,29.794855,-94.902758,64,63.9,65.2
EBRR,102214,2014-10-22,3:05 PM,Derailment,0,BAYTOWN,TX,81,2,Day,Clear,Yard,Yard/switching,6,0,17064,17064,T113,29.7184,-94.923978,70.6,71.4,68.6
UP,0623HO020,2023-06-15,8:29 AM,Derailment,0,BAYTOWN,TX,84,2,Day,Clear,Yard,Freight Train,8,15565,6698,22263,T207,29.78153,-95.016706,85.3,87.3,87.2