reportingrailroadcode,accidentnumber,date,time,accidenttype,hazmatreleasedcars,station,stateabbr,temperature,visibility_code,visibility,weathercondition,tracktype,equipmenttype,trainspeed,equipmentdamagecost,trackdamagecost,totaldamagecost,primaryaccidentcausecode,latitude,longitude,prior_temp,actual_temp,following_temp
UP,0818HO053,2018-08-29,11:30 PM,Derailment,0,BAYTOWN,TX,85,4,Dark,Clear,Industry,Freight Train,8,49064,660,49724,T111,29.786678,-95.118778,84,80.2,82.4
UP,1215HO004,2015-12-03,4:00 AM,Derailment,0,BAYTOWN,TX,42,4,Dark,Clear,Industry,Yard/switching,6,2249,22019,24268,T110,29.772376,-94.896814,54.9,51.7,51
UP,0116HO031,2016-01-22,6:00 AM,Derailment,0,BAYTOWN,TX,45,1,Dawn,Cloudy,Industry,Freight Train,7,1008,17000,18008,T110,29.817548,-95.053178,61.3,45.9,45
UP,0723HO013,2023-07-10,11:00 PM,Derailment,0,BAYTOWN,TX,85,4,Dark,Cloudy,Industry,Freight Train,5,5173,11440,16613,T110,29.819557,-94.915576,86.6,87.1,87.5
KO,02170201,2017-02-01,2:30 AM,Derailment,0,BAZINE,KS,30,4,Dark,Clear,Main,Freight Train,7,200000,13310,213310,T220,38.440811,-99.798153,39.9,32.3,23.7
TGS,052024B,2024-05-24,10:47 PM,Derailment,0,BEACH CITY,TX,83,4,Dark,Clear,Yard,Yard/switching,4,230000,0,230000,H306,29.721675,-94.895696,83.6,83.8,84.3
TGS,122023,2023-12-04,10:00 PM,Derailment,0,BEACH CITY,TX,60,4,Dark,Clear,Yard,Yard/switching,10,200000,100000,300000,H503,29.723818,-94.895718,61.3,61.7,59.3
TGS,092023,2023-09-04,1:41 AM,Derailment,0,BEACH CITY,TX,87,4,Dark,Clear,Yard,Yard/switching,6,15000,0,15000,S012,29.711575,-94.891598,87.3,86.9,87.9
MNCW,2015031404,2015-03-14,2:08 AM,Derailment,0,BEACON,NY,43,4,Dark,Cloudy,Main,,0,0,450000,457414,E65C,41.493459,-73.982104,32.1,37.9,40.1
CSX,000143017,2015-03-14,2:08 AM,Derailment,0,BEACON,NY,35,4,Dark,Cloudy,Main,Freight Train,27,7414,0,457414,E65C,41.493459,-73.982104,32.1,37.9,40.1
MNCW,75886,2021-11-04,10:42 AM,Obstruction,0,BEACON,NY,47,2,Day,Cloudy,Main,Spec. MoW Equip.,6,7722,0,12184,H607,41.497942,-73.983384,39.2,35.9,35.7
MNCW,75886,2021-11-04,10:42 AM,Obstruction,0,BEACON,NY,47,2,Day,Cloudy,Main,Spec. MoW Equip.,0,4462,0,12184,H607,41.497942,-73.983384,39.2,35.9,35.7
NS,124330,2017-03-15,10:55 PM,Derailment,0,BEALLSVILLE,OH,32,4,Dark,Snow,Main,Freight Train,7,165097,5000,170097,M101,39.898787,-80.967103,25.7,20.6,29.5
ATK,136428,2015-02-25,1:50 AM,Derailment,0,BEAR,DE,20,4,Dark,Clear,Yard,Yard/switching,5,16688,0,16688,M101,39.606035,-75.700307,16,26.7,29.4
ATK,159946,2019-07-08,12:45 PM,Derailment,0,BEAR,DE,80,2,Day,Clear,Yard,Light loco(s),0,17924,22000,39924,T113,39.62928,-75.65826,78.7,74.1,76.5
ATK,154931,2018-08-22,1:00 PM,Derailment,0,BEAR,DE,85,2,Day,Clear,Yard,Light loco(s),6,40479,10000,50479,T113,39.62438,-75.66034,74.1,76.2,71.1
ATK,157754,2019-02-22,1:45 PM,Derailment,0,BEAR,DE,40,2,Day,Clear,Yard,Yard/switching,5,40985,0,40985,T199,39.629153,-75.658208,41.5,43.1,37.5
ATK,151642,2018-01-23,4:15 PM,Derailment,0,BEAR,DE,45,2,Day,Clear,Yard,Light loco(s),5,32600,16999,49599,T110,39.606622,-75.698859,47.1,49.7,40.4
UP,0522MA038,2022-05-26,6:01 AM,Derailment,0,BEARDEN,AR,55,1,Dawn,Clear,Main,Freight Train,7,12167,1960,14127,H519,33.674801,-92.72827,72.4,68.4,68
KCS,19082301,2019-08-23,12:45 AM,Hwy-rail crossing,0,BEASLEY,TX,90,4,Dark,Clear,Main,Freight Train,24,8003,3910,11913,M301,29.490831,-95.929187,83.6,80.6,82.2
BNSF,PR0918108,2018-09-14,12:30 AM,Derailment,0,BEATRICE,NE,80,4,Dark,Clear,Industry,Freight Train,3,13049,500,13549,H307,40.269437,-96.752934,74.6,78.5,79.3
BNSF,RD0123201,2023-01-04,6:19 AM,Hwy-rail crossing,0,BEAUMONT,TX,48,1,Dawn,Clear,Main,Freight Train,10,1200,24000,25200,M302,30.17619,-94.177527,71.7,61.1,57.3
UP,0217LV018,2017-02-07,1:39 PM,Other impacts,0,BEAUMONT,TX,78,2,Day,Cloudy,Yard,Yard/switching,7,36585,4886,138306,H307,30.074262,-94.141196,70.5,73.2,73
UP,0217LV018,2017-02-07,1:39 PM,Other impacts,0,BEAUMONT,TX,78,2,Day,Cloudy,Yard,Freight Train,8,96835,0,138306,H307,30.074262,-94.141196,70.5,73.2,73
UP,1018LV015,2018-10-09,11:45 AM,Other impacts,0,BEAUMONT,TX,78,2,Day,Cloudy,Yard,Single Car,0,31185,0,159454,H702,30.07211,-94.157441,81.1,79.8,75.8
UP,1121GC034,2021-11-30,10:30 PM,Other impacts,0,BEAUMONT,TX,56,4,Dark,Clear,Yard,Light loco(s),0,7295,0,81298,H318,30.07355,-94.144249,54.5,58.4,62.6
UP,1121GC034,2021-11-30,10:30 PM,Other impacts,0,BEAUMONT,TX,56,4,Dark,Clear,Yard,Yard/switching,4,72623,1380,81298,H318,30.07355,-94.144249,54.5,58.4,62.6
UP,0715LV006,2015-07-10,5:15 AM,Other impacts,0,BEAUMONT,TX,80,4,Dark,Cloudy,Yard,Yard/switching,4,5957,0,14518,M407,30.074373,-94.141208,83.4,82.7,83.1
UP,0123GC013,2023-01-18,8:45 AM,Other impacts,0,BEAUMONT,TX,71,2,Day,Cloudy,Yard,Yard/switching,4,28769,165,43005,H607,30.072567,-94.148407,69.4,70,60.2
UP,1223GC001,2023-12-01,3:45 AM,Other impacts,0,BEAUMONT,TX,67,4,Dark,Clear,Yard,Single Car,5,393,0,11642,M411,30.072458,-94.149216,62.7,70.4,65.8
KCS,18082801,2018-08-28,4:45 PM,Other impacts,0,BEAUMONT,TX,90,2,Day,Cloudy,Yard,Cut of cars,4,0,0,14607,H018,30.059469,-94.086607,82.6,81.6,80.3
UP,1118HO036,2018-11-27,1:10 PM,Fire/violent rupture,0,BEAUMONT,TX,60,2,Day,Cloudy,Main,Freight Train,20,57722,99,57821,E73L,30.058059,-94.261714,48.4,46.7,57.5
KCS,19061401,2019-06-14,8:10 PM,Derailment,0,BEAUMONT,TX,80,3,Dusk,Clear,Yard,Freight Train,4,3268,44840,48108,H306,30.075505,-94.103854,80.5,81,83.9
BNSF,RD0423101,2023-04-01,10:00 PM,Derailment,0,BEAUMONT,TX,70,4,Dark,Clear,Yard,Yard/switching,1,103651,1500,105151,H514,30.095837,-94.117394,74.9,77.5,73.1
UP,0118LV038,2018-01-01,4:17 PM,Derailment,0,BEAUMONT,TX,30,2,Day,Cloudy,Yard,,0,0,296418,364561,T220,30.076976,-94.130227,44.8,32.4,30.3
UP,0121GC026,2021-01-26,12:51 AM,Derailment,0,BEAUMONT,TX,60,4,Dark,Cloudy,Yard,Freight Train,2,178101,122897,300998,H702,30.073575,-94.146888,68.5,66.8,60.4
UP,1120GC025,2020-11-18,6:40 AM,Other impacts,0,BEAUMONT,TX,50,1,Dawn,Clear,Yard,Single Car,2,5525,0,38246,H317,30.072902,-94.147132,57.9,59.2,63.9
UP,1219GC009,2019-12-11,11:35 PM,Derailment,0,BEAUMONT,TX,44,4,Dark,Clear,Yard,Freight Train,3,68509,4890,74376,H607,30.072176,-94.156954,56.4,50,51.9
UP,1123GC025,2023-11-18,10:30 AM,Derailment,0,BEAUMONT,TX,69,2,Day,Cloudy,Industry,Freight Train,8,24089,253678,277767,M506,30.064734,-94.110136,67.1,66.1,62.5
BNSF,RD0322104,2022-03-04,5:04 PM,Derailment,0,BEAUMONT,TX,55,3,Dusk,Clear,Yard,Freight Train,5,36512,0,36512,H514,30.090821,-94.100044,59.9,63.8,72.7
BNSF,RD0623129,2023-06-25,12:28 AM,Derailment,0,BEAUMONT,TX,92,4,Dark,Clear,Yard,Light loco(s),2,10500,10792,21292,H017,30.09269,-94.115583,85.6,86.3,85.7
UP,1223GC001,2023-12-01,3:45 AM,Other impacts,0,BEAUMONT,TX,67,4,Dark,Clear,Yard,Yard/switching,2,2518,8731,11642,M411,30.072458,-94.149216,62.7,70.4,65.8
UP,0123GC013,2023-01-18,8:45 AM,Other impacts,0,BEAUMONT,TX,71,2,Day,Cloudy,Yard,Single Car,0,14071,0,43005,H607,30.072567,-94.148407,69.4,70,60.2
UP,0119GC033,2019-01-07,10:20 AM,Other impacts,0,BEAUMONT,TX,67,2,Day,Clear,Yard,Yard/switching,2,12730,198,22503,S015,30.072195,-94.153437,56.3,64.4,66
KCS,18082801,2018-08-28,4:45 PM,Other impacts,0,BEAUMONT,TX,90,2,Day,Cloudy,Yard,Yard/switching,4,14607,0,14607,H018,30.059469,-94.086607,82.6,81.6,80.3
UP,0218LV011,2018-02-10,10:00 PM,Other impacts,0,BEAUMONT,TX,64,4,Dark,Cloudy,Yard,Yard/switching,2,3996,779,19560,M411,30.073512,-94.144407,62.8,65.7,48.3
UP,1018LV029,2018-10-29,1:45 AM,Derailment,0,BEAUMONT,TX,78,4,Dark,Fog,Industry,Freight Train,3,36873,3075,39948,H303,29.96536,-94.049298,70.7,71.2,73.9
KCS,19040901,2019-04-09,3:35 PM,Hwy-rail crossing,0,BEAUMONT,TX,88,2,Day,Clear,Main,Freight Train,35,63,15302,15365,M302,30.105406,-94.048526,68.6,73.4,72.4
UP,1022GC013,2022-10-15,7:00 PM,Other impacts,0,BEAUMONT,TX,77,3,Dusk,Clear,Yard,Freight Train,3,323,0,33666,M411,30.072277,-94.152902,71,73.9,76.4
UP,1022GC013,2022-10-15,7:00 PM,Other impacts,0,BEAUMONT,TX,77,3,Dusk,Clear,Yard,Single Car,5,33343,0,33666,M411,30.072277,-94.152902,71,73.9,76.4
UP,0918LV002,2018-09-04,10:28 PM,Other impacts,0,BEAUMONT,TX,84,4,Dark,Cloudy,Yard,Cut of cars,2,11546,0,11761,M411,30.072281,-94.150844,76.4,80.2,82.4
UP,1120GC001,2020-11-02,9:02 AM,Derailment,0,BEAUMONT,TX,58,2,Day,Cloudy,Yard,Freight Train,5,47471,6935,54406,M409,30.072154,-94.157116,61.7,57.5,56.5
UP,1018LV015,2018-10-09,11:45 AM,Other impacts,0,BEAUMONT,TX,78,2,Day,Cloudy,Yard,Freight Train,10,111498,4628,159454,H702,30.07211,-94.157441,81.1,79.8,75.8
UP,1120GC037,2020-11-24,1:40 PM,Fire/violent rupture,0,BEAUMONT,TX,76,2,Day,Cloudy,Industry,Freight Train,7,14686,150,14836,M406,30.073926,-94.111128,62.7,68.3,68
KCS,19080601,2019-08-06,5:00 AM,Derailment,0,BEAUMONT,TX,85,1,Dawn,Clear,Yard,Freight Train,6,1105,0,11025,H703,30.08877,-94.112483,83.3,84.5,85.3
UP,1120GC025,2020-11-18,6:40 AM,Other impacts,0,BEAUMONT,TX,50,1,Dawn,Clear,Yard,Yard/switching,4,32721,0,38246,H317,30.072902,-94.147132,57.9,59.2,63.9
BNSF,RD0919121,2019-09-22,8:30 AM,Other impacts,0,BEAUMONT,TX,80,1,Dawn,Clear,Yard,Yard/switching,4,24024,0,24024,H318,30.094577,-94.116757,81.7,81.9,82.1
BNSF,RD1217101,2017-12-05,5:40 AM,Other (describe in narrative),0,BEAUMONT,TX,70,1,Dawn,Clear,Yard,Yard/switching,7,6360,7674,14034,H704,30.095708,-94.117333,71.6,65.1,44.2
BNSF,RD0819107,2019-08-06,5:00 AM,Derailment,0,BEAUMONT,TX,85,1,Dawn,Clear,Yard,,0,0,9920,11025,H703,30.08877,-94.112483,83.3,84.5,85.3
UP,1018LV015,2018-10-09,11:45 AM,Other impacts,0,BEAUMONT,TX,78,2,Day,Cloudy,Yard,Yard/switching,0,12143,0,159454,H702,30.07211,-94.157441,81.1,79.8,75.8
UP,0420GC025,2020-04-27,6:43 PM,Obstruction,0,BEAUMONT,TX,79,3,Dusk,Clear,Yard,Light loco(s),5,9418,30363,39781,M404,30.072163,-94.153472,70.3,70.8,73.9
UP,0119GC033,2019-01-07,10:20 AM,Other impacts,0,BEAUMONT,TX,67,2,Day,Clear,Yard,Single Car,0,9575,0,22503,S015,30.072195,-94.153437,56.3,64.4,66
UP,1221GC011,2021-12-16,9:05 AM,Obstruction,0,BEAUMONT,TX,76,2,Day,Clear,Yard,Single Car,0,11316,0,11316,M501,30.073392,-94.14852,73.8,74.4,73.9
UP,0218LV011,2018-02-10,10:00 PM,Other impacts,0,BEAUMONT,TX,64,4,Dark,Cloudy,Yard,Single Car,2,14785,0,19560,M411,30.073512,-94.144407,62.8,65.7,48.3
UP,1021GC006,2021-10-05,8:06 AM,Derailment,0,BEAUMONT,TX,66,1,Dawn,Clear,Yard,,0,0,155760,281793,E40C,30.077338,-94.111633,76.8,74,73.2
UP,1219GC009,2019-12-11,11:35 PM,Derailment,0,BEAUMONT,TX,44,4,Dark,Clear,Yard,Light loco(s),2,977,0,74376,H607,30.072176,-94.156954,56.4,50,51.9
UP,0622GC010,2022-06-15,7:15 AM,Hwy-rail crossing,0,BEAUMONT,TX,78,1,Dawn,Clear,Main,Freight Train,35,9204,125800,135004,M302,30.041078,-94.386129,85.5,85.5,84.5
IHTR,2,2022-07-26,8:00 PM,Rear end collision,0,BEAUMONT,TX,91,3,Dusk,Clear,Yard,Yard/switching,5,0,0,0,H307,30.06,-94.24,85.3,85.1,85.5
BNSF,RD0724126,2024-07-25,3:27 AM,Derailment,0,BEAUMONT,TX,82,4,Dark,Cloudy,Yard,Yard/switching,7,8952,10983,19935,H703,30.090085,-94.11308,77.1,75.5,76.9
BNSF,GC0515102,2015-05-03,6:45 PM,Derailment,0,BEAUMONT,TX,82,3,Dusk,Clear,Yard,Freight Train,5,74862,0,115859,H607,30.076043,-94.107324,70.5,69.9,71.4
UP,0918LV002,2018-09-04,10:28 PM,Other impacts,0,BEAUMONT,TX,84,4,Dark,Cloudy,Yard,Yard/switching,2,116,99,11761,M411,30.072281,-94.150844,76.4,80.2,82.4
XTGS,F0152018,2018-08-09,12:00 PM,Raking collision,0,BEAUMONT,TX,90,2,Day,Cloudy,Industry,Yard/switching,4,25000,0,25000,H996,30.078081,-94.09009,81.6,82.4,81.2
UP,0215LV006,2015-02-16,5:35 AM,Raking collision,0,BEAUMONT,TX,55,4,Dark,Cloudy,Yard,Single Car,1,788,0,16315,M507,30.073242,-94.149314,61.4,54.9,40.2
BNSF,GC0415109,2015-04-26,3:00 PM,Derailment,0,BEAUMONT,TX,82,2,Day,Clear,Main,Yard/switching,10,55000,271424,326424,H607,30.100413,-94.120684,74.7,74,70.9
UP,0215LV006,2015-02-16,5:35 AM,Raking collision,0,BEAUMONT,TX,55,4,Dark,Cloudy,Yard,Yard/switching,2,15527,0,16315,M507,30.073242,-94.149314,61.4,54.9,40.2
UP,0715LV005,2015-07-09,11:30 AM,Other impacts,0,BEAUMONT,TX,93,2,Day,Cloudy,Yard,Yard/switching,3,6090,0,27622,H602,30.074373,-94.141208,83.8,83.4,82.7
BNSF,GC0515120,2015-05-31,4:00 PM,Side collision,0,BEAUMONT,TX,85,2,Day,Clear,Yard,Yard/switching,0,15400,0,21400,E35C,30.094057,-94.116154,77.2,75.2,76.8
BNSF,GC0815116,2015-08-14,12:30 PM,Derailment,0,BEAUMONT,TX,90,2,Day,Clear,Yard,Freight Train,0,24000,0,24000,H505,30.090894,-94.100171,84.1,84.5,81.2
UP,1216LV001,2016-12-03,2:30 PM,Other impacts,0,BEAUMONT,TX,42,2,Day,Rain,Yard,Light loco(s),0,9882,0,11793,H307,30.074262,-94.141196,56.9,55,53.2
BNSF,GC0515120,2015-05-31,4:00 PM,Side collision,0,BEAUMONT,TX,85,2,Day,Clear,Yard,Yard/switching,3,6000,0,21400,E35C,30.094057,-94.116154,77.2,75.2,76.8
KCS,16040602,2016-04-06,11:20 PM,Derailment,0,BEAUMONT,TX,71,4,Dark,Clear,Main,,0,0,0,16104,H518,30.081228,-94.093184,66,67.2,66.4
UP,0715LV005,2015-07-09,11:30 AM,Other impacts,0,BEAUMONT,TX,93,2,Day,Cloudy,Yard,Yard/switching,9,21418,114,27622,H602,30.074373,-94.141208,83.8,83.4,82.7
UP,1216LV001,2016-12-03,2:30 PM,Other impacts,0,BEAUMONT,TX,42,2,Day,Rain,Yard,Freight Train,8,1111,800,11793,H307,30.074262,-94.141196,56.9,55,53.2
UP,0218LV034,2018-02-22,7:25 PM,Derailment,0,BEAUMONT,TX,78,4,Dark,Cloudy,Yard,Yard/switching,5,41212,3365,44577,H702,30.073737,-94.143611,72.8,71.5,73.7
UP,0715LV006,2015-07-10,5:15 AM,Other impacts,0,BEAUMONT,TX,80,4,Dark,Cloudy,Yard,Single Car,0,8561,0,14518,M407,30.074373,-94.141208,83.4,82.7,83.1
UP,0916LV009,2016-09-10,12:15 AM,Other impacts,0,BEAUMONT,TX,87,4,Dark,Clear,Yard,Freight Train,6,11938,0,22420,H602,30.07219,-94.157447,83.2,80.2,79.9
BNSF,GC0416100,2016-04-06,11:20 PM,Derailment,0,BEAUMONT,TX,65,4,Dark,Clear,Main,Freight Train,6,16104,0,16104,H518,30.081228,-94.093184,66,67.2,66.4
BNSF,GC1015110,2015-10-26,7:30 AM,Derailment,0,BEAUMONT,TX,60,1,Dawn,Rain,Yard,Freight Train,4,28933,334000,362933,M404,30.093626,-94.115884,66.8,63.3,65.1
UP,0916LV009,2016-09-10,12:15 AM,Other impacts,0,BEAUMONT,TX,87,4,Dark,Clear,Yard,Yard/switching,4,10482,0,22420,H602,30.07219,-94.157447,83.2,80.2,79.9
UP,0823GC022,2023-08-31,5:00 AM,Derailment,0,BEAUMONT,TX,72,1,Dawn,Clear,Yard,Freight Train,5,6261,9680,15941,E64C,30.012471,-94.078097,86.1,84,85.3
UP,0515LV001,2015-05-03,6:45 PM,Derailment,0,BEAUMONT,TX,75,3,Dusk,Clear,Yard,,0,0,40997,115859,H607,30.076043,-94.107324,70.5,69.9,71.4
UP,0521GC030,2021-05-24,10:32 AM,Derailment,0,BEAUMONT,TX,75,2,Day,Cloudy,Yard,Freight Train,6,263501,487819,751320,T110,30.072655,-94.15338,75.5,76.2,78.1
UP,1019GC032,2019-10-26,8:53 AM,Derailment,0,BEAUMONT,TX,54,2,Day,Cloudy,Industry,Freight Train,0,0,368882,449058,T108,30.076884,-94.11177,61.5,56.7,63.1
BNSF,RD1021103,2021-10-05,8:06 AM,Derailment,0,BEAUMONT,TX,84,1,Dawn,Clear,Yard,Freight Train,2,126033,0,281793,T110,30.076541,-94.112073,76.8,74,73.2
BNSF,RD1019118,2019-10-26,8:53 AM,Derailment,0,BEAUMONT,TX,60,1,Dawn,Cloudy,Industry,Freight Train,10,80176,0,449058,T108,30.076884,-94.11177,61.5,56.7,63.1
BNSF,RD0118101,2018-01-01,4:17 PM,Derailment,0,BEAUMONT,TX,27,2,Day,Clear,Main,Freight Train,5,68143,0,364561,T202,30.069508,-94.110864,44.8,32.4,30.3
UP,0724GC020,2024-07-24,12:30 AM,Derailment,0,BEAUMONT,TX,76,4,Dark,Rain,Industry,Freight Train,1,35349,12940,48289,T110,30.098835,-94.120138,78.3,77.1,75.5
UP,0623GC016,2023-06-12,5:24 PM,Derailment,0,BEAUMONT,TX,93,2,Day,Clear,Yard,Freight Train,0,0,39933,39933,T109,30.070051,-94.11086,81.3,82.8,83.4
KCS,16040105,2016-04-01,5:05 PM,Derailment,0,BEAUMONT,TX,65,2,Day,Rain,Yard,Yard/switching,8,11682,2828,14510,T314,30.088307,-94.088708,73.8,64,59.7
BNSF,RD0523118,2023-05-23,11:10 AM,Derailment,0,BEAUMONT,TX,85,2,Day,Clear,Yard,Light loco(s),8,30000,2500,32500,T210,30.092537,-94.115455,76.3,77.7,78.1
BNSF,RD0523122,2023-05-28,5:20 AM,Derailment,0,BEAUMONT,TX,80,1,Dawn,Clear,Yard,Light loco(s),5,500,11962,12462,T403,30.088507,-94.112468,77.3,76.9,78.5
BNSF,GC0716111,2016-07-22,11:26 AM,Derailment,0,BEAUMONT,TX,93,2,Day,Clear,Yard,Light loco(s),6,250,13300,13550,T311,30.092415,-94.115336,85.6,84.2,84.2
BNSF,RD0217108,2017-02-12,10:45 PM,Derailment,0,BEAUMONT,TX,70,4,Dark,Cloudy,Industry,Freight Train,5,50432,0,50432,T113,30.079421,-94.088248,73,73.4,67
ELS,18002,2018-02-25,9:20 AM,Derailment,0,BEAVER,WI,30,2,Day,Clear,Main,Freight Train,7,10000,50000,60000,T110,45.1375,-88.0179,31.9,30.4,32.5
UP,0118PR019,2018-01-20,4:15 PM,Hwy-rail crossing,0,BEAVER DAM,WI,32,3,Dusk,Cloudy,Main,Freight Train,36,31188,500,31688,M303,43.459117,-88.910771,29.2,34.3,33.1
CSX,000209555,2023-01-28,6:18 PM,Derailment,0,BECKLEY,WV,43,3,Dusk,Cloudy,Main,Cut of cars,10,107239,103591,210830,M501,37.774653,-81.139991,30.1,40.2,41.3
CSX,000178516,2018-08-30,2:30 PM,Derailment,0,BECKLEY,WV,0,2,Day,Rain,Industry,Freight Train,1,52501,5280,57781,M501,37.765319,-81.252387,74.9,71.8,70.8
CCRL,0102162016,2016-02-16,2:05 AM,Derailment,0,BEDFORD,OH,30,4,Dark,Clear,Main,Freight Train,5,1500,95000,96500,T202,41.388684,-81.533534,26.9,31.5,28.5
BRC,014534,2022-04-28,6:40 PM,Derailment,0,BEDFORD PARK,IL,35,3,Dusk,Cloudy,Yard,Yard/switching,7,25189,4000,29189,H399,41.76735,-87.75735,39.5,47.1,58.5
BRC,14609,2023-02-24,5:30 PM,Other impacts,1,BEDFORD PARK,IL,26,2,Day,Clear,Yard,Yard/switching,15,358807,100000,458807,H523,41.7675,-87.77611,34.1,24.2,31.8
UP,0818PR008,2018-08-13,1:30 PM,Derailment,0,BEDFORD PARK,IL,85,2,Day,Clear,Industry,Freight Train,3,260342,0,266147,T221,41.765833,-87.763733,79.3,78.4,80.4
BRC,14368,2020-06-03,10:18 PM,Derailment,0,BEDFORD PARK,IL,70,4,Dark,Clear,Yard,,0,0,90000,115011,H702,41.765886,-87.787403,80.3,76.2,77.8
IC,977696,2018-11-02,1:45 AM,Side collision,0,BEDFORD PARK,IL,42,4,Dark,Clear,Industry,Single Car,0,9100,0,24895,H306,41.769159,-87.835186,49.8,44.5,43.4
BRC,13569,2015-05-09,12:35 AM,Other impacts,0,BEDFORD PARK,IL,65,4,Dark,Rain,Yard,Yard/switching,8,68392,29855,98247,M408,41.76239,-87.744258,72.2,57.3,50.7
BRC,14010,2017-10-30,12:10 PM,Other impacts,0,BEDFORD PARK,IL,55,2,Day,Clear,Yard,Cut of cars,2,22949,0,22949,E09C,41.768578,-87.45453,40.6,44.6,37.1
NS,134402,2019-06-15,6:23 AM,Derailment,0,BEDFORD PARK,IL,65,1,Dawn,Clear,Yard,Freight Train,4,14293,0,18111,M409,41.763806,-87.730325,67,66.2,58.8
CP,1000681801,2018-01-08,10:30 AM,Derailment,0,BEDFORD PARK,IL,34,2,Day,Cloudy,Yard,Freight Train,4,26492,0,72797,H702,41.76834,-87.774646,22.7,33.9,30.3
BRC,14032,2018-01-08,10:30 AM,Derailment,0,BEDFORD PARK,IL,37,2,Day,Clear,Yard,,0,0,46305,72797,H702,41.76834,-87.774646,22.7,33.9,30.3
CP,1000189565,2015-03-22,5:38 PM,Other impacts,0,BEDFORD PARK,IL,40,2,Day,Clear,Yard,Freight Train,5,18256,0,56737,H999,41.759573,-87.764428,41.6,34,31.2
BRC,13648,2015-11-11,1:10 AM,Derailment,0,BEDFORD PARK,IL,45,4,Dark,Clear,Yard,,0,0,0,11112,H307,41.767021,-87.794007,47.9,53.3,47.1
BRC,14157,2018-08-13,1:30 PM,Derailment,0,BEDFORD PARK,IL,82,2,Day,Clear,Yard,,0,0,5805,266147,T221,41.765833,-87.763733,79.3,78.4,80.4
BRC,14758,2024-04-04,2:00 PM,Raking collision,0,BEDFORD PARK,IL,42,2,Day,Clear,Yard,,0,31270,0,31712,H210,41.464,-87.4545,37.4,39.7,42.6
BRC,14115,2018-05-19,8:30 AM,Derailment,0,BEDFORD PARK,IL,70,2,Day,Cloudy,Yard,Yard/switching,7,17354,16703,34057,M101,41.765507,-87.731259,59.3,61.2,49.7
BRC,14758,2024-04-04,2:00 PM,Raking collision,0,BEDFORD PARK,IL,42,2,Day,Clear,Yard,,0,0,442,31712,H210,41.464,-87.4545,37.4,39.7,42.6
BRC,14800,2024-08-23,6:21 PM,Derailment,0,BEDFORD PARK,IL,70,3,Dusk,Clear,Yard,Yard/switching,8,30567,0,30567,H702,41.76743,-87.78099,68.2,72.3,78.8
BRC,14409,2020-12-08,4:30 AM,Other impacts,0,BEDFORD PARK,IL,35,4,Dark,Clear,Yard,,0,0,14915,107602,H306,41.76475,-87.791319,35.9,34.9,40.2
BRC,14054,2018-02-07,12:10 PM,Derailment,0,BEDFORD PARK,IL,20,2,Day,Clear,Yard,Yard/switching,4,53542,1546,55088,T220,41.769396,-87.756557,15.4,17.2,15.5
BRC,14384,2020-07-23,1:00 AM,Raking collision,0,BEDFORD PARK,IL,75,4,Dark,Clear,Yard,Yard/switching,5,23214,0,23214,H302,41.762893,-87.72819,77.7,73.6,75.7
BRC,13512,2015-01-28,11:27 PM,Derailment,0,BEDFORD PARK,IL,37,4,Dark,Rain,Yard,Yard/switching,2,42004,815,42819,M407,41.761814,-87.734301,29.1,30.1,36.1
BRC,14101,2018-04-22,4:00 PM,Derailment,0,BEDFORD PARK,IL,65,2,Day,Clear,Yard,Yard/switching,6,81966,3200,85166,M408,41.767746,-87.782478,47.1,51.4,52.3
BRC,14691,2023-09-21,5:15 AM,Derailment,0,BEDFORD PARK,IL,62,4,Dark,Cloudy,Yard,Light loco(s),4,30000,2711,32711,H704,41.7691,-87.75973,70.8,70.6,71.4
BRC,14664,2023-06-29,5:48 AM,Derailment,0,BEDFORD PARK,IL,74,1,Dawn,Cloudy,Yard,Cut of cars,20,28500,2500,31000,H317,41.76851,-87.75671,72.1,78.2,80
BRC,14506,2022-02-02,1:50 AM,Derailment,0,BEDFORD PARK,IL,12,4,Dark,Snow,Yard,Light loco(s),4,9639,500,10139,H702,41.76914,-87.75694,39.8,24.3,24.3
BRC,14079,2018-03-14,11:33 PM,Side collision,0,BEDFORD PARK,IL,38,4,Dark,Clear,Yard,Freight Train,2,51162,2560,104907,H306,41.763095,-87.725101,30.3,34.2,38.2
BRC,13551,2015-03-28,11:30 AM,Derailment,0,BEDFORD PARK,IL,38,2,Day,Clear,Yard,Yard/switching,5,1711,15735,17446,H702,41.761686,-87.748635,28.8,29.6,37.6
UP,0622PR001,2022-06-01,10:20 PM,Derailment,0,BEDFORD PARK,IL,60,4,Dark,Cloudy,Yard,Freight Train,4,41743,0,46743,H702,41.620393,-87.518417,82.5,70,69.4
BRC,13696,2016-03-05,1:15 AM,Derailment,0,BEDFORD PARK,IL,30,4,Dark,Clear,Yard,,0,0,985,52814,H307,41.767544,-87.744455,31.8,35.6,43.1
BRC,13509,2015-01-24,6:00 AM,Derailment,0,BEDFORD PARK,IL,31,4,Dark,Clear,Yard,Cut of cars,18,12672,0,12672,M407,41.761366,-87.736962,31.2,36,32
BRC,14578,2022-11-07,11:20 AM,Other impacts,0,BEDFORD PARK,IL,52,2,Day,Clear,Yard,Yard/switching,2,7190,500,12422,M405,41.76738,-87.74103,53.6,48.9,49.4
BRC,14620,2023-03-15,12:20 AM,Derailment,0,BEDFORD PARK,IL,25,4,Dark,Clear,Yard,Yard/switching,5,136205,1000,137205,H702,41.768,-87.78031,28.5,37.9,44.9
BRC,13691,2016-02-29,4:00 AM,Derailment,0,BEDFORD PARK,IL,32,4,Dark,Cloudy,Yard,Cut of cars,17,21885,1725,23610,M411,41.774226,-87.781245,51.6,39.4,27.2