reportingrailroadcode,accidentnumber,date,time,accidenttype,hazmatreleasedcars,station,stateabbr,temperature,visibility_code,visibility,weathercondition,tracktype,equipmenttype,trainspeed,equipmentdamagecost,trackdamagecost,totaldamagecost,primaryaccidentcausecode,latitude,longitude,prior_temp,actual_temp,following_temp
BRC,14565,2022-09-23,3:00 PM,Other impacts,0,BEDFORD PARK,IL,88,2,Day,Cloudy,Yard,Cut of cars,18,19510,0,19510,M407,41.76789,-87.76652,61.1,59.2,63.4
BRC,14578,2022-11-07,11:20 AM,Other impacts,0,BEDFORD PARK,IL,52,2,Day,Clear,Yard,Cut of cars,0,4232,500,12422,M405,41.76738,-87.74103,53.6,48.9,49.4
BRC,014487,2021-11-20,2:45 AM,Broken train collision,0,BEDFORD PARK,IL,36,4,Dark,Cloudy,Yard,Cut of cars,15,52231,0,52231,M599,41.7677,-87.75823,34.2,42.1,42.8
BRC,13693,2016-02-26,10:00 PM,Derailment,0,BEDFORD PARK,IL,30,4,Dark,Clear,Yard,Yard/switching,5,12563,1225,13788,T212,41.773778,-87.779529,34.3,32.4,41.2
BRC,13807,2016-12-06,10:59 AM,Other impacts,0,BEDFORD PARK,IL,32,2,Day,Clear,Yard,Yard/switching,3,15410,0,15410,S006,41.768356,-87.752566,33.5,33.3,26.8
BRC,14281,2019-07-20,5:55 PM,Derailment,0,BEDFORD PARK,IL,90,2,Day,Clear,Yard,,0,0,5596,17600,H503,41.764046,-87.727246,87,84.3,74.5
BRC,14364,2020-04-29,7:27 AM,Derailment,0,BEDFORD PARK,IL,59,1,Dawn,Rain,Yard,,0,0,1000,52479,H303,41.769031,-87.759379,63.4,53.1,46.5
BRC,14452,2021-05-07,8:45 PM,Derailment,0,BEDFORD PARK,IL,50,4,Dark,Clear,Yard,,0,0,4750,5277,H702,41.766433,-87.774707,50.2,49,45.3
BRC,014527,2022-03-21,5:35 PM,Other impacts,0,BEDFORD PARK,IL,65,2,Day,Cloudy,Yard,Cut of cars,6,558,0,15690,H019,41.7679,-87.75699,49.3,60.9,55.5
BNSF,CH1115106,2015-11-11,1:10 AM,Derailment,0,BEDFORD PARK,IL,45,4,Dark,Clear,Yard,Freight Train,8,11112,0,11112,H307,41.767021,-87.794007,47.9,53.3,47.1
BRC,14134,2018-06-26,11:00 PM,Derailment,0,BEDFORD PARK,IL,70,4,Dark,Clear,Industry,Freight Train,4,27181,0,27181,M405,41.761826,-87.728899,71.4,74.5,72.9
BRC,13745,2016-07-02,8:45 AM,Derailment,0,BEDFORD PARK,IL,70,2,Day,Cloudy,Yard,Cut of cars,0,13429,0,13429,M411,41.767234,-87.753124,68.1,68.2,70.3
BRC,14441,2021-03-17,12:20 PM,Other impacts,0,BEDFORD PARK,IL,39,2,Day,Cloudy,Yard,Cut of cars,0,9132,0,12116,H702,41.767983,-87.777623,35.3,36.8,39.1
BRC,13794,2016-11-19,3:14 AM,Derailment,0,BEDFORD PARK,IL,45,4,Dark,Clear,Yard,Freight Train,7,108060,100542,208602,E30C,41.768788,-87.753854,57.8,36.4,30
BRC,014527,2022-03-21,5:35 PM,Other impacts,0,BEDFORD PARK,IL,65,2,Day,Cloudy,Yard,Cut of cars,6,15132,0,15690,H019,41.7679,-87.75699,49.3,60.9,55.5
BRC,14234,2019-02-10,7:00 AM,Derailment,0,BEDFORD PARK,IL,18,1,Dawn,Clear,Yard,Cut of cars,3,15932,0,15932,M411,41.767327,-87.773745,16,26,30.2
BRC,14400,2020-10-22,7:10 PM,Derailment,0,BEDFORD PARK,IL,70,3,Dusk,Clear,Yard,Yard/switching,10,14714,0,14714,E35C,41.76523,-87.4429,51.1,61,55.4
UP,0420PR024,2020-04-29,7:27 AM,Derailment,0,BEDFORD PARK,IL,55,2,Day,Rain,Yard,Light loco(s),3,51479,0,52479,H303,41.769031,-87.759379,63.4,53.1,46.5
BRC,13792,2016-11-16,8:30 PM,Derailment,0,BEDFORD PARK,IL,50,4,Dark,Clear,Yard,Yard/switching,2,6966,31527,38493,M405,41.766851,-87.768896,47.5,49.7,61.4
CSX,000168199,2017-04-11,8:05 AM,Derailment,0,BEDFORD PARK,IL,51,2,Day,Cloudy,Yard,Freight Train,2,58200,0,75034,H702,41.765745,-87.761231,63.5,48.2,48.2
BRC,14241,2019-03-04,5:35 PM,Derailment,0,BEDFORD PARK,IL,9,2,Day,Clear,Yard,Yard/switching,7,23810,11050,34860,M410,41.767991,-87.777286,20.1,6.2,14.2
BRC,13784,2016-11-02,1:10 PM,Other impacts,0,BEDFORD PARK,IL,65,2,Day,Cloudy,Yard,Yard/switching,4,15367,0,15367,E09C,41.768258,-87.755613,68.6,62.5,57.2
BRC,13670,2015-12-25,12:38 PM,Derailment,0,BEDFORD PARK,IL,35,2,Day,Clear,Yard,,0,0,900,16179,H702,41.760341,-87.71559,40.4,40.1,42.9
WC,1069997,2021-05-07,8:45 PM,Derailment,0,BEDFORD PARK,IL,50,4,Dark,Clear,Yard,Light loco(s),4,527,0,5277,H702,41.804489,-87.695727,50.2,49,45.3
BRC,13734,2016-05-31,6:50 PM,Derailment,0,BEDFORD PARK,IL,72,3,Dusk,Rain,Yard,,0,0,29775,431269,T221,41.8222,-87.684043,75.6,72.2,70.9
BRC,14457,2021-05-18,9:00 AM,Derailment,0,BEDFORD PARK,IL,70,2,Day,Cloudy,Yard,Yard/switching,4,11393,250,11643,T220,41.767719,-87.74225,63.6,66.2,69.3
UP,1220PR022,2020-12-08,4:30 AM,Other impacts,0,BEDFORD PARK,IL,35,4,Dark,Cloudy,Yard,Freight Train,0,79565,0,107602,H306,41.76475,-87.679132,35.9,34.9,40.2
BRC,014544,2022-06-01,10:20 PM,Derailment,0,BEDFORD PARK,IL,79,4,Dark,Cloudy,Industry,,0,0,5000,46743,H704,41.76801,-87.78116,82.5,70,69.4
BRC,13930,2017-04-11,8:05 AM,Derailment,0,BEDFORD PARK,IL,44,2,Day,Clear,Yard,,0,0,16834,75034,H702,41.765745,-87.761231,63.5,48.2,48.2
BRC,14548,2022-06-24,7:18 AM,Other impacts,0,BEDFORD PARK,IL,67,1,Dawn,Cloudy,Yard,Cut of cars,3,6532,0,19694,H018,41.76878,-87.75035,77.8,81.4,75.6
BRC,14111,2018-05-15,4:30 PM,Derailment,0,BEDFORD PARK,IL,70,2,Day,Clear,Yard,Freight Train,3,9820,2000,11820,M405,41.767123,-87.764518,65.2,62.8,64.6
BRC,14397,2020-09-20,12:02 PM,Raking collision,0,BEDFORD PARK,IL,68,2,Day,Clear,Yard,Yard/switching,6,319153,0,2142153,H306,41.768143,-87.774453,55.7,61.1,64.1
BRC,13741,2016-06-13,8:30 AM,Derailment,0,BEDFORD PARK,IL,73,2,Day,Clear,Yard,Cut of cars,0,19398,895,20293,M411,41.767544,-87.45473,68.9,72.8,77.9
BRC,14001,2017-09-29,11:20 AM,Derailment,0,BEDFORD PARK,IL,70,2,Day,Clear,Yard,Yard/switching,2,14150,0,14150,T221,41.767234,-87.752438,62.9,63.9,61.4
BRC,14089,2018-04-07,6:00 PM,Derailment,0,BEDFORD PARK,IL,32,4,Dark,Clear,Yard,Yard/switching,5,191524,19096,210620,E30C,41.6005,-87.47171,34.4,29.4,32.4
BRC,13502,2014-12-15,11:43 AM,Derailment,1,BEDFORD PARK,IL,49,2,Day,Cloudy,Yard,Yard/switching,2,36177,1695,37872,S006,41.763927,-87.762025,48.8,45.9,41.7
IC,850696,2015-05-21,6:08 AM,Derailment,0,BEDFORD PARK,IL,50,1,Dawn,Clear,Industry,Yard/switching,7,8224,18076,26300,H210,41.767116,-87.835527,46.2,57.3,59.1
CP,1001382453,2020-12-08,4:30 AM,Other impacts,0,BEDFORD PARK,IL,35,4,Dark,Clear,Yard,Freight Train,4,13122,0,107602,H306,41.76475,-87.791319,35.9,34.9,40.2
BRC,14426,2021-02-18,4:45 AM,Other impacts,0,BEDFORD PARK,IL,15,4,Dark,Snow,Yard,Cut of cars,7,21288,0,21288,M408,41.767831,-87.776389,15.6,20.2,16
BRC,14447,2021-04-06,1:20 AM,Side collision,0,BEDFORD PARK,IL,62,4,Dark,Clear,Yard,Yard/switching,4,11835,0,24217,H307,41.767567,-87.763408,67.6,70.5,70.8
BRC,14361,2020-04-26,7:48 PM,Other impacts,0,BEDFORD PARK,IL,46,3,Dusk,Clear,Yard,Cut of cars,4,13786,0,13786,E06C,41.7676,-87.45516,44.1,51.2,54.6
BRC,13916,2017-03-14,6:00 AM,Derailment,0,BEDFORD PARK,IL,19,4,Dark,Snow,Yard,,0,0,14447,14447,T220,41.765304,-87.76823,28.9,24.7,25.1
BRC,14492,2021-11-29,8:13 PM,Derailment,0,BEDFORD PARK,IL,27,4,Dark,Cloudy,Yard,Cut of cars,5,15929,500,16429,T220,41.76814,-87.74735,33.3,34.6,42.1
BRC,14447,2021-04-06,1:20 AM,Side collision,0,BEDFORD PARK,IL,62,4,Dark,Clear,Yard,Yard/switching,2,9382,3000,24217,H307,41.767567,-87.763408,67.6,70.5,70.8
MWS,M2023AUG1D,2023-08-29,8:00 AM,Side collision,0,BEDFORD PARK,IL,84,2,Day,Cloudy,Yard,Yard/switching,10,20000,120000,300000,H306,41.766172,-87.77746,70.9,72.3,65.7
BRC,014227,2019-02-02,6:00 AM,Derailment,0,BEDFORD PARK,IL,20,4,Dark,Clear,Yard,Freight Train,3,10839,12300,23139,H310,41.767267,-87.784989,12.3,31,43.1
MWS,M2023AUG1D,2023-08-29,8:00 AM,Side collision,0,BEDFORD PARK,IL,84,2,Day,Cloudy,Yard,Yard/switching,10,40000,120000,300000,H306,41.766172,-87.77746,70.9,72.3,65.7
BRC,14427,2021-02-17,9:50 PM,Other impacts,0,BEDFORD PARK,IL,7,4,Dark,Cloudy,Yard,Cut of cars,11,15566,0,15566,M411,41.767873,-87.754258,14.2,15.6,20.2
BRC,14548,2022-06-24,7:18 AM,Other impacts,0,BEDFORD PARK,IL,67,1,Dawn,Cloudy,Yard,Yard/switching,3,13162,0,19694,H018,41.76878,-87.75035,77.8,81.4,75.6
BRC,13601,2015-07-13,5:00 PM,Derailment,0,BEDFORD PARK,IL,90,2,Day,Clear,Yard,Light loco(s),5,24000,775,24775,H303,41.764311,-87.734216,75.4,78.1,75.1
CP,1000302086,2015-11-13,11:30 PM,Derailment,0,BEDFORD PARK,IL,43,4,Dark,Clear,Yard,Freight Train,4,8796,0,14351,T221,41.757076,-87.713616,47.1,42,44.8
BRC,13527,2015-02-23,12:30 AM,Derailment,0,BEDFORD PARK,IL,4,4,Dark,Clear,Yard,,0,0,3885,24343,H702,41.767426,-87.796281,19.7,6.5,18.7
BRC,13603,2015-07-20,11:15 AM,Other impacts,0,BEDFORD PARK,IL,80,2,Day,Clear,Yard,Yard/switching,7,16039,0,16039,S016,41.762006,-87.735417,81.3,77.6,76.3
IC,977696,2018-11-02,1:45 AM,Side collision,0,BEDFORD PARK,IL,42,4,Dark,Clear,Industry,Yard/switching,5,15795,0,24895,H306,41.769159,-87.835186,49.8,44.5,43.4
BRC,14271,2019-06-15,6:23 AM,Derailment,0,BEDFORD PARK,IL,65,1,Dawn,Clear,Yard,,0,0,3818,18111,M409,41.763806,-87.730325,67,66.2,58.8
BRC,14403,2020-11-08,12:20 AM,Other impacts,0,BEDFORD PARK,IL,54,4,Dark,Clear,Yard,Single Car,3,13355,0,13355,H318,41.767743,-87.774872,61.7,66,69.6
BRC,13508,2015-01-20,9:05 PM,Derailment,0,BEDFORD PARK,IL,35,4,Dark,Rain,Yard,Yard/switching,1,51287,48085,99372,H702,41.762936,-87.743604,34.2,35.9,33.6
BRC,13542,2015-01-31,4:28 AM,Other impacts,0,BEDFORD PARK,IL,25,4,Dark,Clear,Yard,Yard/switching,2,15456,0,15456,M407,41.76143,-87.711385,27.3,32.1,28.7
BRC,14403,2020-11-08,12:20 AM,Other impacts,0,BEDFORD PARK,IL,54,4,Dark,Clear,Yard,Light loco(s),5,0,0,13355,H318,41.767743,-87.774872,61.7,66,69.6
BRC,13534,2015-03-05,6:10 PM,Other impacts,0,BEDFORD PARK,IL,19,2,Day,Clear,Yard,Cut of cars,15,19409,945,20354,M407,41.76175,-87.74134,22.7,13.8,17.2
BRC,13651,2015-11-13,10:40 PM,Derailment,0,BEDFORD PARK,IL,43,4,Dark,Clear,Yard,,0,0,5555,14351,T221,41.757076,-87.713616,47.1,42,44.8
BRC,13661,2015-11-25,1:00 PM,Derailment,0,BEDFORD PARK,IL,45,2,Day,Clear,Yard,,0,0,26980,93437,H503,41.76175,-87.741168,35.8,46.9,56.3
BRC,14318,2019-11-30,8:00 AM,Derailment,0,BEDFORD PARK,IL,36,2,Day,Rain,Yard,Single Car,17,27824,0,27824,M407,41.767271,-87.766133,37.6,38.6,39.1
BRC,14490,2021-11-27,6:00 PM,Derailment,0,BEDFORD PARK,IL,31,4,Dark,Cloudy,Yard,Cut of cars,17,47204,1000,48204,H313,41.76767,-87.77375,25.3,35.5,33.3
BRC,13646,2015-11-06,3:45 AM,Other impacts,0,BEDFORD PARK,IL,55,4,Dark,Clear,Yard,Yard/switching,4,18513,5555,24068,S007,41.762582,-87.729752,65.6,51.6,45.4
BRC,14268,2019-06-09,12:40 PM,Derailment,0,BEDFORD PARK,IL,70,2,Day,Clear,Yard,Yard/switching,7,972408,0,972408,H306,41.768031,-87.760457,69.8,68.8,68.1
BRC,13558,2015-04-06,11:40 AM,Other impacts,0,BEDFORD PARK,IL,60,2,Day,Clear,Yard,Yard/switching,1,30875,0,60750,H307,41.761046,-87.728808,57,52.1,43.9
BRC,13644,2015-10-31,5:00 PM,Derailment,0,BEDFORD PARK,IL,60,3,Dusk,Rain,Yard,Yard/switching,4,19822,925,20747,T221,41.763799,-87.742885,47.6,49,55
BRC,13547,2015-03-22,5:38 PM,Other impacts,0,BEDFORD PARK,IL,40,2,Day,Clear,Yard,Cut of cars,4,35416,3065,56737,H999,41.759573,-87.764428,41.6,34,31.2
BRC,14179,2018-10-03,4:40 AM,Derailment,0,BEDFORD PARK,IL,65,4,Dark,Clear,Yard,Freight Train,3,9500,2207,11707,H702,41.767687,-87.754022,62.8,74.8,61.3
BRC,014631,2023-04-01,8:18 AM,Side collision,0,BEDFORD PARK,IL,37,2,Day,Rain,Yard,Yard/switching,0,26506,0,53012,T305,41.76785,-87.74617,59.6,40.9,43.8
CSX,000160202,2016-05-31,6:50 PM,Derailment,0,BEDFORD PARK,IL,72,3,Dusk,Rain,Yard,Yard/switching,12,387144,14350,431269,T207,41.8222,-87.684043,75.6,72.2,70.9
BRC,13501,2014-12-15,3:45 AM,Other impacts,0,BEDFORD PARK,IL,45,4,Dark,Rain,Yard,Yard/switching,2,32230,785,33015,T305,41.761794,-87.759856,48.8,45.9,41.7
BRC,13480,2014-11-08,8:15 PM,Derailment,0,BEDFORD PARK,IL,42,4,Dark,Clear,Yard,Yard/switching,4,158478,3855,162333,T305,41.761814,-87.727263,40.8,44.5,44.5
BRC,13797,2016-11-19,1:16 PM,Derailment,0,BEDFORD PARK,IL,45,2,Day,Clear,Yard,Freight Train,4,23068,1115,24183,T111,41.51289,-87.44357,57.8,36.4,30
BRC,014631,2023-04-01,8:18 AM,Side collision,0,BEDFORD PARK,IL,37,2,Day,Rain,Yard,Yard/switching,0,26506,0,53012,T305,41.76785,-87.74617,59.6,40.9,43.8
BRC,13567,2015-04-25,9:20 AM,Other impacts,0,BEDFORD PARK,IL,42,2,Day,Clear,Yard,Freight Train,5,51941,1155,53096,T305,41.762134,-87.744172,47.6,45.3,47.8
BRC,13524,2015-02-17,9:10 AM,Other impacts,0,BEDFORD PARK,IL,-20,2,Day,Cloudy,Yard,Cut of cars,2,13541,0,13541,T305,41.76906,-87.44913,13.4,17.5,6.9
BRC,13575,2015-05-24,5:39 PM,Other impacts,0,BEDFORD PARK,IL,73,2,Day,Cloudy,Yard,Yard/switching,4,18679,20000,38679,T305,41.766599,-87.768784,68,68.4,75.2
UP,0719PR027,2019-07-20,5:52 PM,Derailment,0,BEDFORD PARK,IL,94,2,Day,Clear,Yard,Freight Train,8,12004,0,17600,T202,41.75807,-87.69233,87,84.3,74.5
BRC,13499,2014-12-09,3:05 AM,Other impacts,0,BEDFORD PARK,IL,35,4,Dark,Clear,Yard,Yard/switching,4,52010,680,52690,T305,41.762596,-87.727459,36.2,36.3,33.5
BRC,14198,2018-11-10,1:20 AM,Derailment,0,BEDFORD PARK,IL,19,4,Dark,Clear,Industry,Freight Train,4,47739,0,47739,T110,41.775628,-87.818914,31.5,26.5,34.3
BRC,14608,2023-02-21,11:45 PM,Derailment,0,BEDFORD PARK,IL,35,4,Dark,Clear,Yard,Freight Train,0,0,212963,259696,T311,41.76554,-87.4344,38.6,33.6,34.5
ATK,151649,2018-01-23,1:30 AM,Derailment,0,BEECH GROVE,IN,38,4,Dark,Rain,Yard,Light loco(s),5,21664,0,21664,H303,39.719528,-86.078521,50.4,36.3,30.6
ATK,146245,2017-02-03,12:30 PM,Derailment,0,BEECH GROVE,IN,22,2,Day,Clear,Yard,Yard/switching,5,59696,1000,60696,T199,39.721159,-86.080662,26.4,22.6,25.1
ATK,158327,2019-04-03,9:55 AM,Derailment,0,BEECH GROVE,IN,51,2,Day,Cloudy,Yard,Light loco(s),10,14662,2764,17426,T113,39.719722,-86.077778,45.4,49.3,54.3
ATK,135866,2015-01-08,3:20 AM,Derailment,0,BEECH GROVE,IN,-8,4,Dark,Clear,Yard,Yard/switching,5,13361,0,13361,T311,39.724699,-86.081936,4.8,4,10.9
ATK,158162,2019-03-21,1:38 PM,Derailment,0,BEECH GROVE,IN,39,2,Day,Cloudy,Yard,Light loco(s),5,15038,2500,17538,T110,39.719722,-86.077778,40.8,41.8,41.2
ATK,164101,2020-04-12,2:54 AM,Derailment,0,BEECH GROVE,IN,50,4,Dark,Cloudy,Yard,Yard/switching,4,54904,6500,61404,T110,39.717518,-86.076922,51.3,54.1,45.3
BNSF,MT0717108,2017-07-12,11:05 PM,Derailment,0,BELDEN,ND,70,4,Dark,Clear,Industry,Freight Train,4,15000,700,15700,H607,46.871837,-103.278725,73.6,62.6,64.1
BNSF,TC0217100,2017-02-04,10:03 PM,Derailment,0,BELDEN,NE,20,4,Dark,Clear,Main,Freight Train,12,541388,322581,863969,T207,42.40898,-97.244398,19.8,30.7,23.4
BNSF,SW0217106,2017-02-13,2:30 AM,Derailment,0,BELEN,NM,37,4,Dark,Rain,Yard,Freight Train,5,4060,9000,13060,H607,34.63761,-106.771838,46,35.2,38.9
BNSF,SW0817105,2017-08-24,5:08 PM,Derailment,0,BELEN,NM,78,3,Dusk,Cloudy,Yard,Yard/switching,5,20366,8500,28866,H503,34.632267,-106.772751,73.6,68.6,73.8
BNSF,SW1219107,2019-12-13,2:35 PM,Other (describe in narrative),0,BELEN,NM,47,2,Day,Clear,Main,Freight Train,23,0,20000,20000,H220,34.772825,-106.85958,35.2,43.8,48.1
BNSF,SW1219108,2019-12-14,7:57 AM,Derailment,0,BELEN,NM,23,1,Dawn,Cloudy,Main,Freight Train,20,5000,77339,82339,H607,34.772895,-106.85938,43.8,48.1,44.6
BNSF,SW0420102,2020-04-06,12:05 AM,Derailment,0,BELEN,NM,40,4,Dark,Clear,Yard,Yard/switching,9,28270,7700,35970,H309,34.647219,-106.76852,57.1,60.3,58
BNSF,SW0517111,2017-05-26,5:34 PM,Derailment,0,BELEN,NM,80,3,Dusk,Clear,Yard,Yard/switching,3,6000,6800,12800,H312,34.652675,-106.768399,77.2,72.1,70.4
BNSF,SW0724112,2024-07-23,8:32 AM,Derailment,0,BELEN,NM,80,1,Dawn,Clear,Main,Freight Train,20,3500,15868,19368,H705,34.520959,-106.64404,71.6,76.1,78.8
BNSF,SW1218104,2018-12-08,2:26 PM,Head on collision,0,BELEN,NM,53,2,Day,Clear,Yard,Yard/switching,0,66000,0,401094,H221,34.661608,-106.766901,41.7,40.7,35.6
BNSF,SW0920102,2020-09-08,11:47 PM,Derailment,0,BELEN,NM,43,4,Dark,Rain,Main,Freight Train,17,1325120,122604,1447724,M105,34.463626,-106.506689,78.7,69.5,44.9
BNSF,SW0824109,2024-08-29,3:00 PM,Derailment,0,BELEN,NM,71,2,Day,Clear,Main,Freight Train,30,167677,160000,327677,M505,34.679118,-106.774837,67.6,73.9,72.8
BNSF,SW0419107,2019-04-13,9:58 AM,Derailment,0,BELEN,NM,65,2,Day,Clear,Yard,Yard/switching,4,26276,13000,39276,H503,34.656485,-106.768206,45.5,44.9,51.3
BNSF,SW1219106,2019-12-13,3:03 PM,Side collision,0,BELEN,NM,50,2,Day,Clear,Yard,Yard/switching,5,113604,0,355733,H305,34.660161,-106.767077,35.2,43.8,48.1
BNSF,SW1219106,2019-12-13,3:03 PM,Side collision,0,BELEN,NM,50,2,Day,Clear,Yard,Yard/switching,5,222129,20000,355733,H305,34.660161,-106.767077,35.2,43.8,48.1
BNSF,SW1218104,2018-12-08,2:26 PM,Head on collision,0,BELEN,NM,53,2,Day,Clear,Yard,Freight Train,21,315094,20000,401094,H221,34.661608,-106.766901,41.7,40.7,35.6
BNSF,SW0423103,2023-04-14,4:50 PM,Derailment,0,BELEN,NM,74,2,Day,Clear,Yard,Yard/switching,5,4420,27585,32005,H607,34.639605,-106.77156,64.5,58.3,55
BNSF,SW0623104,2023-06-10,9:05 AM,Derailment,0,BELEN,NM,72,2,Day,Clear,Yard,Yard/switching,3,37284,3000,40284,H503,34.64236,-106.771245,72.7,73,74.6
BNSF,SW0922107,2022-09-19,2:15 AM,Derailment,0,BELEN,NM,65,4,Dark,Clear,Yard,Yard/switching,4,100781,20000,120781,H504,34.639627,-106.771556,73.4,71.7,72.5
BNSF,SW0124113,2024-01-20,6:45 AM,Other (describe in narrative),0,BELEN,NM,37,1,Dawn,Clear,Main,Freight Train,15,0,25002,25002,H403,34.73661,-106.811784,38,40,45
BNSF,SW0424105,2024-04-18,11:38 AM,Derailment,0,BELEN,NM,80,2,Day,Clear,Main,Freight Train,3,184346,12158,196504,H701,34.625423,-106.774909,62,67.2,66.1
BNSF,SW0221103,2021-02-16,10:30 AM,Derailment,0,BELEN,NM,32,2,Day,Snow,Yard,Light loco(s),8,500,25000,25500,H702,34.67969,-106.775152,18.7,30.1,28.9
BNSF,SW0320106,2020-03-18,1:30 AM,Side collision,0,BELEN,NM,44,4,Dark,Clear,Yard,Yard/switching,4,539,78440,156887,H307,34.641678,-106.771296,55.1,49,46.1
BNSF,SW0921113,2021-09-16,7:30 PM,Derailment,0,BELEN,NM,70,3,Dusk,Clear,Yard,Yard/switching,3,9500,11000,20500,H506,34.657258,-106.768,75.4,75.3,74.3
BNSF,SW0316108,2016-03-30,9:00 PM,Obstruction,0,BELEN,NM,52,4,Dark,Clear,Yard,Yard/switching,6,250,135000,135250,H305,34.655457,-106.76702,57.8,47,45.1
BNSF,SW0320106,2020-03-18,1:30 AM,Side collision,0,BELEN,NM,44,4,Dark,Clear,Yard,Yard/switching,2,77908,0,156887,H307,34.641678,-106.771296,55.1,49,46.1
MRL,2020058,2020-06-03,12:12 PM,Derailment,0,BELGRADE,MT,70,2,Day,Clear,Main,Spec. MoW Equip.,17,35000,0,35000,H997,45.753151,-111.134017,61.9,63.4,63.7
UP,0520HL017,2020-05-28,10:58 AM,Raking collision,0,BELLAIRE,KS,67,2,Day,Clear,Industry,Cut of cars,1,46050,0,108981,E06C,37.779348,-97.212516,65.5,70.2,68
KNWA,170704001,2017-07-04,11:05 AM,Derailment,0,BELLE,WV,78,2,Day,Rain,Main,Freight Train,1,28246,0,28246,E85C,38.199351,-81.49417,75.1,73.5,75.5
NOGC,OP06022019,2019-06-02,11:50 AM,Derailment,0,BELLE CHASSE,LA,99,2,Day,Clear,Main,Freight Train,9,80000,25000,105000,E46C,29.837911,-89.998166,82.3,83.6,84.3
NOGC,OP072715NO,2015-07-27,11:30 PM,Derailment,0,BELLE CHASSE,LA,75,4,Dark,Clear,Yard,Yard/switching,3,54000,2000,56000,T223,29.833,-90,82,84.3,83.9
CSX,000201079,2021-11-03,7:30 AM,Derailment,0,BELLE MEAD,NJ,39,1,Dawn,Clear,Industry,Freight Train,2,800,49930,50730,H307,40.465867,-74.663549,45.5,40.6,38.6
UP,0515CB007,2015-05-22,11:14 PM,Derailment,0,BELLE PLAINE,IA,61,4,Dark,Clear,Main,Freight Train,31,555887,179753,735640,E29C,41.897496,-92.257651,55.7,61.9,66.4
UP,0619GL026,2019-06-19,3:11 AM,Derailment,0,BELLE PLAINE,IA,64,4,Dark,Rain,Main,Freight Train,38,1767682,239948,2007630,E54C,41.904753,-92.347222,68.2,66.5,67.2
UP,0917TC001,2017-09-01,3:30 AM,Derailment,0,BELLE PLAINE,IA,62,4,Dark,Cloudy,Main,Freight Train,32,10455,3200,13655,E35C,41.897747,-92.252703,64.8,60.3,64.5
IC,1126343,2023-02-26,2:10 PM,Derailment,0,BELLE RIVE,IL,50,2,Day,Clear,Main,Freight Train,27,4070,483048,487118,E61C,38.284996,-88.733025,41.2,47.7,59.8
NBER,NBER082721,2021-08-27,2:40 PM,Derailment,0,BELLEFONTE,PA,85,2,Day,Clear,Yard,Freight Train,8,10000,12000,22000,T403,40.915669,-77.786554,77,73.7,73.2
NBER,NBER030121,2021-03-01,10:00 AM,Derailment,0,BELLEFONTE,PA,40,2,Day,Rain,Main,Freight Train,10,0,22504,22504,T001,40.910863,-77.781995,36.5,36.3,26.6
CSX,000198262,2021-06-14,8:58 PM,Hwy-rail crossing,0,BELLEVIEW,FL,74,4,Dark,Clear,Main,Freight Train,35,50330,9084,59414,M304,29.060355,-82.0471,78.4,75.9,77.9
CSX,000219218,2024-07-10,10:30 PM,Hwy-rail crossing,0,BELLEVIEW,FL,83,4,Dark,Clear,Main,Freight Train,43,9500,10059,19559,M302,29.060355,-82.0471,79.6,82.2,82.4
NS,122536,2016-10-26,2:15 AM,Derailment,0,BELLEVILLE,IL,49,4,Dark,Clear,Main,Freight Train,27,616384,261104,877488,E53C,38.549255,-90.037182,55.2,59.6,55.3
NS,152305,2023-02-16,8:35 AM,Derailment,0,BELLEVILLE,MI,35,2,Day,Cloudy,Main,Freight Train,29,216811,94240,311051,H519,42.208275,-83.459186,51.5,35.6,22.9
NS,141261,2021-04-17,5:50 AM,Other impacts,0,BELLEVUE,OH,39,1,Dawn,Clear,Yard,Cut of cars,0,600,0,25382,H312,41.29034,-82.788151,45.6,46,48.5
NS,151894,2023-01-02,7:30 AM,Other impacts,0,BELLEVUE,OH,48,1,Dawn,Rain,Yard,Single Car,0,54131,0,194991,H312,41.288344,-82.803529,42.5,45,48.3
NS,151894,2023-01-02,7:30 AM,Other impacts,0,BELLEVUE,OH,48,1,Dawn,Rain,Yard,Single Car,0,28915,0,194991,H312,41.288344,-82.803529,42.5,45,48.3
NS,151894,2023-01-02,7:30 AM,Other impacts,0,BELLEVUE,OH,48,1,Dawn,Rain,Yard,Single Car,0,31945,80000,194991,H312,41.288344,-82.803529,42.5,45,48.3
NS,151894,2023-01-02,7:30 AM,Other impacts,0,BELLEVUE,OH,48,1,Dawn,Rain,Yard,Single Car,4,0,0,194991,H312,41.288344,-82.803529,42.5,45,48.3
NS,132541,2019-01-21,1:30 PM,Derailment,0,BELLEVUE,OH,2,2,Day,Snow,Yard,Yard/switching,15,167849,3210,171059,S006,41.294374,-82.777474,12.3,2.9,18.2
NS,132252,2019-01-02,5:53 AM,Derailment,0,BELLEVUE,OH,30,1,Dawn,Cloudy,Yard,Yard/switching,2,30216,22295,52511,H019,41.294722,-82.775724,37.6,34.3,31.4
NS,136794,2020-01-11,1:45 AM,Other impacts,0,BELLEVUE,OH,59,4,Dark,Rain,Yard,Yard/switching,2,31308,2600,43780,H317,41.289407,-82.792543,47.9,51.3,32.8
NS,136794,2020-01-11,1:45 AM,Other impacts,0,BELLEVUE,OH,59,4,Dark,Rain,Yard,Cut of cars,0,9872,0,43780,H317,41.289407,-82.792543,47.9,51.3,32.8
NS,113841,2015-01-14,10:00 PM,Other impacts,0,BELLEVUE,OH,0,4,Dark,Clear,Yard,Yard/switching,8,157600,84120,241720,H316,41.273354,-82.834598,12.5,4.6,17