reportingrailroadcode,accidentnumber,date,time,accidenttype,hazmatreleasedcars,station,stateabbr,temperature,visibility_code,visibility,weathercondition,tracktype,equipmenttype,trainspeed,equipmentdamagecost,trackdamagecost,totaldamagecost,primaryaccidentcausecode,latitude,longitude,prior_temp,actual_temp,following_temp
NS,135843,2019-10-15,7:07 PM,Other impacts,0,BELLEVUE,OH,64,3,Dusk,Clear,Yard,Yard/switching,2,10435,19000,51435,E30C,41.295091,-82.773978,49.9,53.4,51.9
NS,116434,2015-07-09,8:26 AM,Other impacts,0,BELLEVUE,OH,70,2,Day,Rain,Yard,Light loco(s),4,1444,0,14444,H306,41.288346,-82.803539,64.5,68,68.4
NS,132512,2019-01-20,12:49 PM,Derailment,0,BELLEVUE,OH,10,2,Day,Clear,Yard,Yard/switching,10,10813,200,11013,H210,41.288306,-82.801342,26.1,12.3,2.9
NS,151544,2022-11-23,9:04 PM,Other impacts,0,BELLEVUE,OH,35,4,Dark,Clear,Yard,Cut of cars,10,5000,0,50100,M599,41.296231,-82.768606,38.2,41.7,44.6
NS,151518,2022-11-21,2:45 AM,Derailment,0,BELLEVUE,OH,23,4,Dark,Clear,Main,Freight Train,1,6121,9545,15666,H504,41.29745,-82.762844,22,33.7,38.2
NS,151571,2022-11-28,12:57 PM,Derailment,0,BELLEVUE,OH,41,2,Day,Clear,Yard,Freight Train,6,30000,2061,32061,H501,41.273331,-82.834591,45.6,40,46.9
NS,152403,2023-02-23,5:00 PM,Other (describe in narrative),0,BELLEVUE,OH,63,3,Dusk,Clear,Yard,Light loco(s),4,4000,16720,20720,H702,41.273331,-82.834591,34.3,43.7,30
NS,128010,2018-01-05,9:15 AM,Derailment,0,BELLEVUE,OH,-3,2,Day,Clear,Yard,Yard/switching,10,20628,0,20628,H306,41.296571,-82.766995,10.9,3,3.3
NS,142197,2021-07-15,3:15 AM,Other impacts,0,BELLEVUE,OH,65,4,Dark,Clear,Yard,Single Car,2,1871,200,41207,M411,41.29034,-82.788151,75.5,76.5,74
NS,141471,2021-05-07,4:09 AM,Side collision,0,BELLEVUE,OH,38,1,Dawn,Cloudy,Yard,Yard/switching,3,0,0,55884,H318,41.288213,-82.798855,47.6,47.9,46.6
NS,132261,2019-01-02,7:20 PM,Side collision,0,BELLEVUE,OH,32,3,Dusk,Clear,Yard,Yard/switching,6,2054,10248,15678,H607,41.288306,-82.801342,37.6,34.3,31.4
NS,152581,2023-03-19,7:30 AM,Side collision,0,BELLEVUE,OH,30,1,Dawn,Cloudy,Yard,Yard/switching,3,300,0,115908,H399,41.288345,-82.801972,26.2,26.6,36.6
NS,133903,2019-05-11,3:00 AM,Derailment,0,BELLEVUE,OH,42,4,Dark,Clear,Yard,Freight Train,7,5310,30716,36026,S011,41.29231,-82.784212,55.8,49.2,47.6
NS,138641,2020-07-25,7:30 AM,Other impacts,0,BELLEVUE,OH,75,1,Dawn,Clear,Yard,Single Car,0,8388,1500,20356,H312,41.288298,-82.79778,74.4,74.7,79.1
NS,114072,2015-01-28,9:40 AM,Other impacts,0,BELLEVUE,OH,18,2,Day,Clear,Yard,Yard/switching,3,16000,0,16000,M408,41.286173,-82.810424,16.1,15.8,31.6
NS,151571,2022-11-28,12:57 PM,Derailment,0,BELLEVUE,OH,41,2,Day,Clear,Yard,Freight Train,0,0,0,32061,H501,41.273331,-82.834591,45.6,40,46.9
NS,130546,2018-08-10,8:00 PM,Raking collision,0,BELLEVUE,OH,72,4,Dark,Clear,Yard,Yard/switching,5,4761,0,293143,H306,41.274423,-82.83357,73.9,73.3,71.5
NS,128222,2018-01-20,4:30 AM,Derailment,0,BELLEVUE,OH,32,1,Dawn,Clear,Yard,Yard/switching,6,10344,2215,12559,E89C,41.296571,-82.766995,29,36.3,40.5
NS,139089,2020-09-07,12:45 PM,Derailment,0,BELLEVUE,OH,70,2,Day,Rain,Yard,Freight Train,6,85300,27520,112820,S006,41.29231,-82.784212,66.1,69.4,71.9
NS,155981,2024-03-08,2:30 AM,Other impacts,0,BELLEVUE,OH,48,4,Dark,Cloudy,Yard,Single Car,8,1000,0,16020,M411,41.28826,-82.800414,41.6,50.2,47
NS,153319,2023-06-10,3:20 AM,Other impacts,0,BELLEVUE,OH,59,4,Dark,Clear,Yard,Yard/switching,4,10500,17494,27994,M411,41.288345,-82.801972,64.9,69.4,67.5
NS,141261,2021-04-17,5:50 AM,Other impacts,0,BELLEVUE,OH,39,1,Dawn,Clear,Yard,Yard/switching,1,24732,50,25382,H312,41.29034,-82.788151,45.6,46,48.5
NS,152267,2023-02-11,1:25 AM,Other impacts,0,BELLEVUE,OH,23,4,Dark,Clear,Yard,Freight Train,3,32753,17701,303030,M408,41.295824,-82.770527,37.9,31.2,36.8
NS,152765,2023-04-09,11:30 PM,Derailment,0,BELLEVUE,OH,35,4,Dark,Clear,Yard,Yard/switching,4,45025,46791,91816,H504,41.294313,-82.777839,40,45.4,50.1
NS,115400,2015-04-25,5:45 AM,Other impacts,0,BELLEVUE,OH,41,1,Dawn,Rain,Yard,Yard/switching,4,57345,0,64977,H306,41.288346,-82.803539,42,43.3,45.2
NS,153382,2023-06-17,1:40 PM,Derailment,0,BELLEVUE,OH,75,2,Day,Clear,Yard,Cut of cars,4,17000,3669,20669,H506,41.288344,-82.803529,62.8,66.8,67.7
NS,141247,2021-04-15,5:50 PM,Other impacts,0,BELLEVUE,OH,55,3,Dusk,Clear,Yard,Yard/switching,4,39855,0,40455,M408,41.289368,-82.79273,51.8,42.3,45.6
NS,130546,2018-08-10,8:00 PM,Raking collision,0,BELLEVUE,OH,72,4,Dark,Clear,Yard,Yard/switching,4,287882,500,293143,H306,41.274423,-82.83357,73.9,73.3,71.5
NS,115400,2015-04-25,5:45 AM,Other impacts,0,BELLEVUE,OH,41,1,Dawn,Rain,Yard,Yard/switching,3,7632,0,64977,H306,41.288346,-82.803539,42,43.3,45.2
NS,121485,2016-07-31,1:00 PM,Other (describe in narrative),0,BELLEVUE,OH,85,2,Day,Clear,Yard,Yard/switching,1,0,15754,15754,M407,41.273354,-82.834598,74.8,75.9,76
NS,130746,2018-08-28,2:15 AM,Other impacts,0,BELLEVUE,OH,77,4,Dark,Clear,Yard,Freight Train,4,3533,0,19086,H607,41.270728,-82.841615,80.7,80.9,78
NS,130746,2018-08-28,2:15 AM,Other impacts,0,BELLEVUE,OH,77,4,Dark,Clear,Yard,Freight Train,1,15153,400,19086,H607,41.270728,-82.841615,80.7,80.9,78
NS,144713,2022-03-16,8:00 PM,Other impacts,0,BELLEVUE,OH,55,4,Dark,Clear,Yard,Yard/switching,4,12600,465,13065,H312,41.288344,-82.801972,46.7,49.8,55
NS,141484,2021-05-08,8:56 AM,Other impacts,0,BELLEVUE,OH,45,2,Day,Clear,Yard,Single Car,0,2000,0,12618,H312,41.29034,-82.788151,47.9,46.6,42.6
NS,129148,2018-04-13,4:15 PM,Other impacts,0,BELLEVUE,OH,78,3,Dusk,Clear,Yard,Single Car,0,1862,0,10862,M411,41.274423,-82.83357,60.2,54.4,43
NS,129148,2018-04-13,4:15 PM,Other impacts,0,BELLEVUE,OH,78,3,Dusk,Clear,Yard,Single Car,3,9000,0,10862,M411,41.274423,-82.83357,60.2,54.4,43
NS,144227,2022-02-01,8:48 AM,Other impacts,0,BELLEVUE,OH,37,2,Day,Clear,Yard,Cut of cars,0,400,0,89707,H312,41.29292,-82.783218,19.2,35,37.5
NS,155733,2024-02-11,10:00 AM,Derailment,0,BELLEVUE,OH,37,2,Day,Cloudy,Yard,Yard/switching,7,33500,1400,46900,H504,41.288376,-82.803219,47.2,33.3,31.5
NS,142455,2021-08-06,8:37 AM,Other impacts,0,BELLEVUE,OH,78,2,Day,Clear,Yard,Single Car,3,16610,0,18110,M411,41.288344,-82.803529,70.8,75.1,73.9
NS,136407,2019-12-04,5:20 AM,Hwy-rail crossing,0,BELLEVUE,OH,35,1,Dawn,Cloudy,Main,Spec. MoW Equip.,0,25000,0,25000,M302,41.282962,-82.887928,32,34.9,36
NS,144822,2022-03-29,3:27 AM,Other impacts,0,BELLEVUE,OH,19,4,Dark,Clear,Yard,Single Car,0,7650,1249,59156,H312,41.291944,-82.784808,24.6,29,51.7
NS,142250,2021-07-18,7:40 PM,Other impacts,0,BELLEVUE,OH,76,3,Dusk,Clear,Yard,Yard/switching,3,20341,0,20341,M408,41.288344,-82.801972,70.9,72.3,74.4
NS,138641,2020-07-25,7:30 AM,Other impacts,0,BELLEVUE,OH,75,1,Dawn,Clear,Yard,Single Car,2,10468,0,20356,H312,41.288298,-82.79778,74.4,74.7,79.1
NS,142418,2021-08-02,9:44 AM,Other impacts,0,BELLEVUE,OH,75,2,Day,Clear,Yard,Yard/switching,4,70326,328,70654,H504,41.288344,-82.803529,68.4,68.4,68.2
NS,156061,2024-03-16,4:15 AM,Derailment,0,BELLEVUE,OH,48,1,Dawn,Fog,Yard,Single Car,4,500,18000,18500,M101,41.288345,-82.801972,45.5,46.9,39.4
NS,132261,2019-01-02,7:20 PM,Side collision,0,BELLEVUE,OH,32,3,Dusk,Clear,Yard,Yard/switching,2,3376,0,15678,H607,41.288306,-82.801342,37.6,34.3,31.4
NS,142455,2021-08-06,8:37 AM,Other impacts,0,BELLEVUE,OH,78,2,Day,Clear,Yard,Single Car,0,1500,0,18110,M411,41.288344,-82.803529,70.8,75.1,73.9
NS,138744,2020-08-04,7:00 AM,Other impacts,0,BELLEVUE,OH,72,1,Dawn,Rain,Yard,Single Car,4,50000,0,165636,H312,41.29231,-82.784212,70.9,69.3,65
NS,144822,2022-03-29,3:27 AM,Other impacts,0,BELLEVUE,OH,19,4,Dark,Clear,Yard,Single Car,10,200,0,59156,H312,41.291944,-82.784808,24.6,29,51.7
NS,152875,2023-04-21,1:00 AM,Derailment,0,BELLEVUE,OH,60,4,Dark,Cloudy,Yard,Yard/switching,5,7081,18650,25731,E04C,41.27584,-82.832225,59.7,58.9,48
NS,127460,2017-11-18,8:45 AM,Derailment,0,BELLEVUE,OH,44,2,Day,Rain,Yard,Yard/switching,9,27355,3761,31116,E04C,41.288306,-82.801342,39.6,45.8,35.6
NS,139293,2020-09-29,2:35 AM,Side collision,0,BELLEVUE,OH,45,4,Dark,Cloudy,Yard,Yard/switching,7,1850,0,12600,H302,41.288306,-82.801342,63.9,55.5,54.7
NS,142556,2021-08-17,2:20 AM,Side collision,0,BELLEVUE,OH,64,4,Dark,Clear,Yard,Yard/switching,0,99,11190,12442,M408,41.288344,-82.803529,69.6,72.7,74.4
NS,140289,2021-01-18,12:15 AM,Other (describe in narrative),0,BELLEVUE,OH,27,4,Dark,Clear,Yard,Cut of cars,5,0,13782,20066,E30C,41.29034,-82.788151,33.5,30.4,30.3
NS,155852,2024-02-23,12:23 PM,Other impacts,0,BELLEVUE,OH,50,2,Day,Cloudy,Yard,Single Car,17,2834,0,47392,M411,41.288396,-82.79731,46,41.1,25.1
NS,141482,2021-05-08,1:40 AM,Side collision,0,BELLEVUE,OH,41,4,Dark,Rain,Yard,Single Car,2,60000,0,62949,M105,41.28826,-82.800414,47.9,46.6,42.6
NS,118852,2016-01-09,4:10 PM,Side collision,0,BELLEVUE,OH,45,3,Dusk,Clear,Yard,Yard/switching,10,6164,0,11960,H607,41.274423,-82.83357,35.3,46.6,33.3
NS,142556,2021-08-17,2:20 AM,Side collision,0,BELLEVUE,OH,64,4,Dark,Clear,Yard,Single Car,1,1153,0,12442,M408,41.288344,-82.803529,69.6,72.7,74.4
NS,144227,2022-02-01,8:48 AM,Other impacts,0,BELLEVUE,OH,37,2,Day,Clear,Yard,Single Car,4,89307,0,89707,H312,41.29292,-82.783218,19.2,35,37.5
NS,139293,2020-09-29,2:35 AM,Side collision,0,BELLEVUE,OH,45,4,Dark,Cloudy,Yard,Cut of cars,0,10000,750,12600,H302,41.288306,-82.801342,63.9,55.5,54.7
NS,144822,2022-03-29,3:27 AM,Other impacts,0,BELLEVUE,OH,19,4,Dark,Clear,Yard,Single Car,10,50057,0,59156,H312,41.291944,-82.784808,24.6,29,51.7
NS,144857,2022-04-01,6:15 AM,Other impacts,0,BELLEVUE,OH,32,1,Dawn,Clear,Yard,Single Car,0,17000,500,50131,H706,41.27333,-82.83459,53.2,36.1,37.3
NS,140289,2021-01-18,12:15 AM,Other (describe in narrative),0,BELLEVUE,OH,27,4,Dark,Clear,Yard,Cut of cars,0,6284,0,20066,E30C,41.29034,-82.788151,33.5,30.4,30.3
NS,155852,2024-02-23,12:23 PM,Other impacts,0,BELLEVUE,OH,50,2,Day,Cloudy,Yard,Cut of cars,0,44558,0,47392,M411,41.288396,-82.79731,46,41.1,25.1
NS,141484,2021-05-08,8:56 AM,Other impacts,0,BELLEVUE,OH,45,2,Day,Clear,Yard,Yard/switching,1,9568,1050,12618,H312,41.29034,-82.788151,47.9,46.6,42.6
NS,143267,2021-10-24,5:25 PM,Other impacts,0,BELLEVUE,OH,72,3,Dusk,Rain,Yard,Yard/switching,10,33519,700,34219,M411,41.289044,-82.794257,47.9,47.9,54.8
NS,138744,2020-08-04,7:00 AM,Other impacts,0,BELLEVUE,OH,72,1,Dawn,Rain,Yard,Single Car,0,115636,0,165636,H312,41.29231,-82.784212,70.9,69.3,65
NS,139999,2020-12-13,5:20 AM,Other impacts,0,BELLEVUE,OH,28,1,Dawn,Clear,Yard,Single Car,0,800,0,36124,H312,41.289407,-82.792543,48.7,36.2,33.2
NS,142197,2021-07-15,3:15 AM,Other impacts,0,BELLEVUE,OH,65,4,Dark,Clear,Yard,Single Car,0,39136,0,41207,M411,41.29034,-82.788151,75.5,76.5,74
NS,144196,2022-01-30,1:50 AM,Derailment,0,BELLEVUE,OH,15,4,Dark,Snow,Yard,Yard/switching,4,970456,186354,1156810,M404,41.29292,-82.783218,8.1,18.3,19.2
NS,144857,2022-04-01,6:15 AM,Other impacts,0,BELLEVUE,OH,32,1,Dawn,Clear,Yard,Single Car,5,32631,0,50131,H706,41.27333,-82.83459,53.2,36.1,37.3
NS,152581,2023-03-19,7:30 AM,Side collision,0,BELLEVUE,OH,30,1,Dawn,Cloudy,Yard,Yard/switching,2,114758,850,115908,H399,41.288345,-82.801972,26.2,26.6,36.6
NS,118852,2016-01-09,4:10 PM,Side collision,0,BELLEVUE,OH,45,3,Dusk,Clear,Yard,Yard/switching,1,5796,0,11960,H607,41.274423,-82.83357,35.3,46.6,33.3
NS,155981,2024-03-08,2:30 AM,Other impacts,0,BELLEVUE,OH,48,4,Dark,Cloudy,Yard,Single Car,0,11295,0,16020,M411,41.28826,-82.800414,41.6,50.2,47
NS,155733,2024-02-11,10:00 AM,Derailment,0,BELLEVUE,OH,37,2,Day,Cloudy,Yard,Light loco(s),0,12000,0,46900,H504,41.288376,-82.803219,47.2,33.3,31.5
NS,151013,2022-10-01,2:00 PM,Side collision,0,BELLEVUE,OH,63,2,Day,Cloudy,Yard,Yard/switching,7,8244,1000,22726,H305,41.288345,-82.801972,53.2,58.9,57.1
NS,140232,2021-01-12,4:37 AM,Derailment,0,BELLEVUE,OH,23,1,Dawn,Clear,Yard,Freight Train,1,7005,7699,14704,T221,41.29034,-82.788151,28.5,27.6,36.5
NS,141247,2021-04-15,5:50 PM,Other impacts,0,BELLEVUE,OH,55,3,Dusk,Clear,Yard,Single Car,4,600,0,40455,M408,41.289368,-82.79273,51.8,42.3,45.6
NS,128226,2018-01-21,3:00 AM,Derailment,0,BELLEVUE,OH,32,4,Dark,Clear,Yard,Yard/switching,6,2158,900,21118,M407,41.288306,-82.801342,36.3,40.5,50.4
NS,121488,2016-07-31,10:25 AM,Other (describe in narrative),0,BELLEVUE,PA,80,2,Day,Clear,Main,Freight Train,34,12,25000,25012,H221,40.48801,-80.058442,72.1,73.6,75.2
NS,152267,2023-02-11,1:25 AM,Other impacts,0,BELLEVUE,OH,23,4,Dark,Clear,Yard,Cut of cars,0,252576,0,303030,M408,41.295824,-82.770527,37.9,31.2,36.8
NS,133544,2019-04-11,3:33 PM,Other (describe in narrative),0,BELLEVUE,PA,70,2,Day,Clear,Main,Freight Train,24,32,17500,17532,H221,40.486039,-80.055661,49,53.9,63.3
NS,126727,2017-09-21,5:00 PM,Derailment,0,BELLEVUE,OH,86,3,Dusk,Clear,Yard,Freight Train,1,30000,0,75960,H306,41.274423,-82.83357,71.5,74.3,74.6
NS,119870,2016-03-25,3:02 AM,Derailment,0,BELLEVUE,OH,33,4,Dark,Rain,Yard,Yard/switching,2,22600,0,22600,M411,41.273354,-82.834598,57.7,36.2,37
NS,138927,2020-08-21,11:50 PM,Derailment,0,BELLEVUE,OH,66,4,Dark,Clear,Yard,Cut of cars,0,45682,0,45915,E30C,41.288298,-82.79778,66.7,71.1,74.6
NS,140135,2020-12-31,6:00 PM,Derailment,0,BELLEVUE,OH,28,3,Dusk,Clear,Yard,Cut of cars,0,89551,0,1639062,H508,41.297936,-82.760942,37.8,30.9,32
NS,127755,2017-12-13,12:12 PM,Derailment,0,BELLEVUE,OH,23,2,Day,Snow,Main,Freight Train,8,5641,12808,18449,M405,41.270728,-82.841615,23.4,20,19
NS,129252,2018-04-24,9:15 PM,Derailment,0,BELLEVUE,OH,60,4,Dark,Rain,Yard,Yard/switching,8,87951,40280,128231,E34C,41.274423,-82.83357,54.2,51.9,48.9
NS,153722,2023-07-27,3:30 AM,Side collision,0,BELLEVUE,OH,71,4,Dark,Cloudy,Yard,Freight Train,0,22100,12445,50295,H305,41.293018,-82.783058,75.3,75.9,77
NS,124104,2017-02-25,8:25 PM,Other impacts,0,BELLEVUE,OH,28,4,Dark,Clear,Yard,Yard/switching,3,25000,0,37755,H706,41.274423,-82.83357,59.8,38.2,32.6
NS,121711,2016-07-22,10:53 AM,Other impacts,0,BELLEVUE,OH,72,2,Day,Clear,Yard,Yard/switching,5,32500,0,32500,M411,41.273354,-82.834598,80.1,82.5,82.6
NS,131121,2018-09-29,10:20 AM,Derailment,0,BELLEVUE,OH,60,2,Day,Clear,Yard,Yard/switching,2,7233,13591,20824,M405,41.293228,-82.782682,59.1,56.3,62.9
NS,129141,2018-04-13,3:45 AM,Derailment,0,BELLEVUE,OH,48,4,Dark,Clear,Yard,Yard/switching,4,18100,0,21500,H99E,41.288306,-82.801342,60.2,54.4,43
NS,138430,2020-07-06,3:20 AM,Derailment,0,BELLEVUE,OH,78,4,Dark,Clear,Yard,Yard/switching,1,10619,1200,11819,H506,41.29231,-82.784212,77,80.6,81.7
NS,140147,2021-01-03,3:07 AM,Derailment,0,BELLEVUE,OH,34,4,Dark,Rain,Yard,Yard/switching,0,1300,18700,20000,H504,41.29292,-82.783218,35.7,35.5,33.5
NS,140135,2020-12-31,6:00 PM,Derailment,0,BELLEVUE,OH,28,3,Dusk,Clear,Yard,Cut of cars,0,4700,0,1639062,H508,41.297936,-82.760942,37.8,30.9,32
NS,138991,2020-08-27,4:05 PM,Derailment,0,BELLEVUE,OH,87,3,Dusk,Clear,Yard,Yard/switching,3,95631,35563,131194,S011,41.293228,-82.782682,77.1,80.9,75.4
NS,129685,2018-06-02,6:42 AM,Other (describe in narrative),0,BELLEVUE,OH,60,1,Dawn,Clear,Yard,Yard/switching,2,0,14005,14005,H316,41.274423,-82.83357,73.3,63.3,67.7
NS,126727,2017-09-21,5:00 PM,Derailment,0,BELLEVUE,OH,86,3,Dusk,Clear,Yard,Yard/switching,1,45460,500,75960,H306,41.274423,-82.83357,71.5,74.3,74.6
NS,139999,2020-12-13,5:20 AM,Other impacts,0,BELLEVUE,OH,28,1,Dawn,Clear,Yard,Single Car,5,35024,300,36124,H312,41.289407,-82.792543,48.7,36.2,33.2
NS,155376,2024-01-16,3:25 PM,Derailment,0,BELLEVUE,OH,9,2,Day,Clear,Yard,DMU,10,90537,6000,96537,T221,41.279802,-82.824998,5.8,8.9,11.4
NS,131055,2018-09-23,11:00 PM,Derailment,0,BELLEVUE,OH,72,4,Dark,Clear,Yard,Yard/switching,8,170235,30984,201219,E34C,41.29231,-82.784212,59.3,58.6,62.2
NS,151544,2022-11-23,9:04 PM,Other impacts,0,BELLEVUE,OH,35,4,Dark,Clear,Yard,Yard/switching,10,44000,1100,50100,M599,41.296231,-82.768606,38.2,41.7,44.6
ATK,140332,2015-11-18,10:55 PM,Obstruction,0,BELLEVUE,NE,43,4,Dark,Cloudy,Main,Passenger Train - Pulling,70,11614,0,11614,M404,41.182215,-95.903453,52.9,44.1,39.6
NS,138413,2020-07-03,4:15 PM,Derailment,0,BELLEVUE,OH,91,3,Dusk,Clear,Yard,Yard/switching,8,30000,16000,46000,E27C,41.296571,-82.766995,77.3,78.9,79.4
NS,151013,2022-10-01,2:00 PM,Side collision,0,BELLEVUE,OH,63,2,Day,Cloudy,Yard,Yard/switching,7,13482,0,22726,H305,41.288345,-82.801972,53.2,58.9,57.1
NS,124738,2017-04-17,4:15 PM,Other impacts,0,BELLEVUE,OH,72,3,Dusk,Clear,Yard,Yard/switching,2,23000,0,23000,S016,41.285525,-82.811535,70,57.4,53.7
NS,124102,2017-02-25,2:30 PM,Other impacts,0,BELLEVUE,OH,33,2,Day,Cloudy,Yard,Yard/switching,10,41000,26132,67132,H399,41.274423,-82.83357,59.8,38.2,32.6
NS,155981,2024-03-08,2:30 AM,Other impacts,0,BELLEVUE,OH,48,4,Dark,Cloudy,Yard,Single Car,0,3450,275,16020,M411,41.28826,-82.800414,41.6,50.2,47
NS,153722,2023-07-27,3:30 AM,Side collision,0,BELLEVUE,OH,71,4,Dark,Cloudy,Yard,Yard/switching,8,15750,0,50295,H305,41.293018,-82.783058,75.3,75.9,77
NS,140135,2020-12-31,6:00 PM,Derailment,0,BELLEVUE,OH,28,3,Dusk,Clear,Yard,Cut of cars,0,357810,460315,1639062,H508,41.297936,-82.760942,37.8,30.9,32
NS,132759,2019-02-07,8:40 PM,Raking collision,0,BELLEVUE,OH,42,4,Dark,Rain,Yard,Yard/switching,2,11000,0,11000,S016,41.290566,-82.787317,37.5,42.5,21.2
NS,126547,2017-09-08,8:24 AM,Derailment,0,BELLEVUE,OH,72,2,Day,Clear,Yard,Yard/switching,4,23327,500,23827,M411,41.276959,-82.831057,53.9,57.2,55.3
NS,126329,2017-08-22,7:45 AM,Derailment,0,BELLEVUE,OH,78,1,Dawn,Cloudy,Yard,Yard/switching,4,11100,400,11500,E39C,41.274423,-82.83357,77.1,74.4,65.9
NS,155595,2024-01-28,4:46 AM,Other impacts,0,BELLEVUE,OH,35,1,Dawn,Rain,Yard,Single Car,2,13479,0,32258,S007,41.29034,-82.788151,37,35.4,33
NS,116363,2015-07-03,12:30 PM,Other impacts,0,BELLEVUE,OH,69,2,Day,Cloudy,Yard,Yard/switching,3,18400,0,18600,M408,41.293152,-82.783204,65.6,65.1,65.9
NS,126223,2017-08-11,11:27 PM,Other (describe in narrative),0,BELLEVUE,OH,72,4,Dark,Clear,Yard,Cut of cars,2,12000,0,12000,H316,41.29231,-82.784212,69.4,70.7,68.1
NS,131233,2018-10-07,6:30 PM,Other impacts,0,BELLEVUE,OH,68,3,Dusk,Fog,Yard,Yard/switching,4,4732,9171,13903,M411,41.288306,-82.801342,71.2,65.9,74.1
NS,138393,2020-07-02,2:30 AM,Other impacts,0,BELLEVUE,OH,67,4,Dark,Clear,Yard,Single Car,4,16256,10500,34520,H312,41.289407,-82.792543,75.5,77.3,78.9
NS,130205,2018-07-15,8:00 AM,Hwy-rail crossing,0,BELLEVUE,OH,82,2,Day,Clear,Yard,Freight Train,4,21067,24230,45297,M308,41.397503,-82.752242,78.5,81.6,79.9
NS,138801,2020-08-09,9:30 AM,Derailment,0,BELLEVUE,OH,78,2,Day,Clear,Yard,Yard/switching,4,41000,100,41100,E22C,41.288306,-82.801342,69.7,75.2,79.1
NS,153013,2023-05-01,2:15 PM,Other (describe in narrative),0,BELLEVUE,OH,65,2,Day,Clear,Yard,Freight Train,4,0,17501,17501,E07C,41.29034,-82.788151,48.7,41.3,40.6
NS,136332,2019-11-26,12:20 PM,Derailment,0,BELLEVUE,OH,45,2,Day,Clear,Yard,Freight Train,6,155751,6373,162124,S011,41.29408,-82.779235,44.8,48,46.2
NS,120598,2016-05-22,12:52 AM,Other (describe in narrative),0,BELLEVUE,OH,50,4,Dark,Clear,Yard,Single Car,0,17000,0,17000,M406,41.29231,-82.784212,57.9,59.2,59.8
NS,140135,2020-12-31,6:00 PM,Derailment,0,BELLEVUE,OH,28,3,Dusk,Clear,Yard,Cut of cars,0,381441,0,1639062,H508,41.297936,-82.760942,37.8,30.9,32
NS,138488,2020-07-10,3:30 PM,Other impacts,0,BELLEVUE,OH,72,2,Day,Clear,Yard,Single Car,0,106323,0,141273,H312,41.288306,-82.801342,80.8,78.3,75.9
NS,138928,2020-08-21,9:50 PM,Other impacts,0,BELLEVUE,OH,67,4,Dark,Clear,Yard,Yard/switching,1,73000,23002,96002,E22C,41.288298,-82.79778,66.7,71.1,74.6
NS,140135,2020-12-31,6:00 PM,Derailment,0,BELLEVUE,OH,28,3,Dusk,Clear,Yard,Cut of cars,5,175932,0,1639062,H508,41.297936,-82.760942,37.8,30.9,32
NS,115319,2015-04-18,4:05 PM,Side collision,0,BELLEVUE,OH,65,3,Dusk,Clear,Yard,Yard/switching,3,18400,0,19500,H399,41.288346,-82.803539,60.2,60.1,56.6
NS,155595,2024-01-28,4:46 AM,Other impacts,0,BELLEVUE,OH,35,1,Dawn,Rain,Yard,Single Car,0,18779,0,32258,S007,41.29034,-82.788151,37,35.4,33
NS,133620,2019-04-19,12:42 AM,Raking collision,0,BELLEVUE,OH,49,4,Dark,Rain,Yard,Yard/switching,4,377944,0,377944,H607,41.288306,-82.801342,65.4,45.2,42.4
NS,141482,2021-05-08,1:40 AM,Side collision,0,BELLEVUE,OH,41,4,Dark,Rain,Yard,Yard/switching,4,1500,1449,62949,M105,41.28826,-82.800414,47.9,46.6,42.6
BNSF,NE1115114,2015-11-18,10:55 PM,Obstruction,0,BELLEVUE,NE,39,4,Dark,Clear,Main,,0,0,0,11614,M404,41.182215,-95.903453,52.9,44.1,39.6
NS,116363,2015-07-03,12:30 PM,Other impacts,0,BELLEVUE,OH,69,2,Day,Cloudy,Yard,Yard/switching,4,200,0,18600,M408,41.293152,-82.783204,65.6,65.1,65.9
NS,145945,2022-07-23,1:30 AM,Other impacts,0,BELLEVUE,OH,75,4,Dark,Clear,Yard,Single Car,4,27168,250,52369,H312,41.28872,-82.795783,78.2,74.7,78.9
NS,151544,2022-11-23,9:04 PM,Other impacts,0,BELLEVUE,OH,35,4,Dark,Clear,Yard,Cut of cars,10,0,0,50100,M599,41.296231,-82.768606,38.2,41.7,44.6
NS,129370,2018-05-05,4:15 PM,Broken train collision,0,BELLEVUE,OH,78,3,Dusk,Clear,Yard,Cut of cars,0,76390,0,181594,E34C,41.288306,-82.801342,68,62.5,62.3
NS,125343,2017-06-08,1:45 AM,Derailment,0,BELLEVUE,OH,63,4,Dark,Clear,Yard,Yard/switching,1,18196,50,18246,S007,41.274423,-82.83357,58.1,61.5,68.1
NS,138604,2020-07-22,5:00 AM,Other impacts,0,BELLEVUE,OH,80,1,Dawn,Clear,Yard,Single Car,0,33373,0,33373,H312,41.288298,-82.79778,76.1,75.2,76
NS,138488,2020-07-10,3:30 PM,Other impacts,0,BELLEVUE,OH,72,2,Day,Clear,Yard,Single Car,4,34720,230,141273,H312,41.288306,-82.801342,80.8,78.3,75.9
NS,141234,2021-04-13,1:09 PM,Side collision,0,BELLEVUE,OH,55,2,Day,Clear,Yard,Single Car,2,15000,0,45000,H316,41.291944,-82.784808,52.9,54.8,51.8
NS,138927,2020-08-21,11:50 PM,Derailment,0,BELLEVUE,OH,66,4,Dark,Clear,Yard,Yard/switching,4,133,100,45915,E30C,41.288298,-82.79778,66.7,71.1,74.6