reportingrailroadcode,accidentnumber,date,time,accidenttype,hazmatreleasedcars,station,stateabbr,temperature,visibility_code,visibility,weathercondition,tracktype,equipmenttype,trainspeed,equipmentdamagecost,trackdamagecost,totaldamagecost,primaryaccidentcausecode,latitude,longitude,prior_temp,actual_temp,following_temp
NS,138864,2020-08-15,10:30 PM,Other (describe in narrative),0,BELLEVUE,OH,65,4,Dark,Clear,Yard,Yard/switching,3,15000,600,15600,E27C,41.288306,-82.801342,78.2,76.5,70
NS,129370,2018-05-05,4:15 PM,Broken train collision,0,BELLEVUE,OH,78,3,Dusk,Clear,Yard,Yard/switching,4,68731,36473,181594,E34C,41.288306,-82.801342,68,62.5,62.3
NS,141234,2021-04-13,1:09 PM,Side collision,0,BELLEVUE,OH,55,2,Day,Clear,Yard,Single Car,0,30000,0,45000,H316,41.291944,-82.784808,52.9,54.8,51.8
NS,140135,2020-12-31,6:00 PM,Derailment,0,BELLEVUE,OH,28,3,Dusk,Clear,Yard,Cut of cars,0,169313,0,1639062,H508,41.297936,-82.760942,37.8,30.9,32
NS,140570,2021-02-11,3:20 AM,Derailment,0,BELLEVUE,OH,16,4,Dark,Snow,Yard,Yard/switching,5,64354,6468,70822,M404,41.288344,-82.801972,13.9,17.6,22.6
NS,115319,2015-04-18,4:05 PM,Side collision,0,BELLEVUE,OH,65,3,Dusk,Clear,Yard,Yard/switching,5,1100,0,19500,H399,41.288346,-82.803539,60.2,60.1,56.6
NS,129141,2018-04-13,3:45 AM,Derailment,0,BELLEVUE,OH,48,4,Dark,Clear,Yard,Yard/switching,3,1000,2400,21500,H99E,41.288306,-82.801342,60.2,54.4,43
NS,116434,2015-07-09,8:26 AM,Other impacts,0,BELLEVUE,OH,70,2,Day,Rain,Yard,Cut of cars,0,13000,0,14444,H306,41.288346,-82.803539,64.5,68,68.4
NS,124104,2017-02-25,8:25 PM,Other impacts,0,BELLEVUE,OH,28,4,Dark,Clear,Yard,Yard/switching,5,10000,2755,37755,H706,41.274423,-82.83357,59.8,38.2,32.6
NS,138393,2020-07-02,2:30 AM,Other impacts,0,BELLEVUE,OH,67,4,Dark,Clear,Yard,Single Car,0,7764,0,34520,H312,41.289407,-82.792543,75.5,77.3,78.9
BNSF,NE0415112,2015-04-17,12:00 PM,Other (describe in narrative),0,BELLEVUE,NE,75,2,Day,Clear,Main,Spec. MoW Equip.,15,36000,0,36000,H997,41.125155,-95.889301,60.9,65.3,60.9
NS,141471,2021-05-07,4:09 AM,Side collision,0,BELLEVUE,OH,38,1,Dawn,Cloudy,Yard,Yard/switching,3,55307,577,55884,H318,41.288213,-82.798855,47.6,47.9,46.6
NS,128226,2018-01-21,3:00 AM,Derailment,0,BELLEVUE,OH,32,4,Dark,Clear,Yard,Cut of cars,2,18060,0,21118,M407,41.288306,-82.801342,36.3,40.5,50.4
NS,133566,2019-04-14,10:00 AM,Derailment,0,BELLEVUE,OH,46,2,Day,Rain,Yard,Yard/switching,2,2500,17359,19859,S006,41.290566,-82.787317,52.7,43.3,42.1
NS,131293,2018-10-11,8:45 AM,Derailment,0,BELLEVUE,OH,56,2,Day,Clear,Yard,Freight Train,11,13148,24330,37478,T314,41.288306,-82.801342,72.4,59.2,47.4
NS,116377,2015-07-04,11:45 PM,Derailment,0,BELLEVUE,OH,58,4,Dark,Clear,Yard,Freight Train,7,19950,19873,39823,T313,41.273354,-82.834598,65.1,65.9,67.5
NS,128609,2018-02-22,1:48 PM,Derailment,0,BELLEVUE,OH,36,2,Day,Cloudy,Yard,Yard/switching,3,53000,28720,81720,T301,41.288306,-82.801342,46.3,33.5,45.6
NS,135603,2019-09-23,8:10 PM,Derailment,0,BELLEVUE,OH,66,4,Dark,Clear,Yard,Yard/switching,4,25178,4679,29857,T311,41.288306,-82.801342,77.5,71.8,64.2
NS,155998,2024-03-10,11:10 AM,Derailment,0,BELLEVUE,OH,35,2,Day,Cloudy,Yard,Cut of cars,4,604760,29314,634074,T207,41.291944,-82.784809,47,34,40.4
NS,139807,2020-11-22,9:50 AM,Derailment,0,BELLEVUE,OH,41,2,Day,Rain,Yard,Freight Train,4,65028,108059,173087,T207,41.288306,-82.801342,43.9,38.6,38.6
NS,135450,2019-09-11,8:15 AM,Derailment,0,BELLEVUE,OH,83,2,Day,Clear,Yard,Freight Train,9,9436,41365,50801,T311,41.28004,-82.877383,73.9,78,71.7
NS,142960,2021-09-27,7:35 AM,Derailment,0,BELLEVUE,OH,72,1,Dawn,Clear,Yard,Freight Train,5,30997,650,31647,T207,41.281536,-82.820191,62.1,70.9,64.1
NS,118442,2015-12-03,9:45 AM,Derailment,0,BELLEVUE,OH,37,2,Day,Cloudy,Yard,Light loco(s),5,12876,0,12876,T110,41.29052,-82.788126,37.6,37.3,34.2
NS,118784,2016-01-04,2:45 PM,Derailment,0,BELLEVUE,OH,31,2,Day,Clear,Yard,Freight Train,14,428339,18000,446339,T203,41.281572,-82.820217,32.2,24,21
UP,0716CB007,2016-07-07,5:45 PM,Derailment,0,BELLEVUE,NE,91,2,Day,Clear,Main,Freight Train,25,713139,149736,862875,T001,41.146862,-95.93519,81.7,75,76.6
BNSF,NW0323107,2023-03-11,6:30 AM,Derailment,0,BELLINGHAM,WA,40,1,Dawn,Rain,Main,Freight Train,20,35433,155000,190433,M404,48.663508,-122.498719,43.1,44,41.1
BNSF,TC0615119,2015-06-12,3:00 PM,Other (describe in narrative),0,BELLINGHAM,MN,90,2,Day,Clear,Main,Spec. MoW Equip.,10,15000,0,15000,H997,45.133782,-96.285877,65.5,66.5,69.2
UP,0722TO052,2022-07-25,5:00 AM,Other impacts,0,BELLMEAD,TX,82,1,Dawn,Clear,Yard,Cut of cars,5,0,0,41708,H601,31.584842,-97.097819,91.2,91.7,91.4
UP,0618FW034,2018-06-05,9:00 AM,Other (describe in narrative),0,BELLMEAD,TX,80,2,Day,Clear,Yard,Freight Train,0,47638,0,47638,H312,31.578822,-97.102968,82.3,86.8,87.7
UP,1222TO009,2022-12-06,2:48 AM,Other impacts,0,BELLMEAD,TX,63,4,Dark,Clear,Yard,Cut of cars,5,0,0,32328,H601,31.584485,-97.098114,64.9,68.7,71.4
UP,1120TO024,2020-11-24,2:45 PM,Other (describe in narrative),0,BELLMEAD,TX,76,2,Day,Cloudy,Yard,Yard/switching,2,18656,0,18656,M201,31.57886,-97.103244,54.3,66.7,55.5
UP,0722TO052,2022-07-25,5:00 AM,Other impacts,0,BELLMEAD,TX,82,1,Dawn,Clear,Yard,Yard/switching,3,41708,0,41708,H601,31.584842,-97.097819,91.2,91.7,91.4
UP,1222TO009,2022-12-06,2:48 AM,Other impacts,0,BELLMEAD,TX,63,4,Dark,Clear,Yard,Yard/switching,5,27874,4454,32328,H601,31.584485,-97.098114,64.9,68.7,71.4
UP,0116FW005,2016-01-11,1:00 PM,Derailment,0,BELLMEAD,TX,50,2,Day,Clear,Yard,Yard/switching,3,81259,1297,82556,H303,31.585316,-97.097401,35.7,38.2,44
UP,0121TO013,2021-01-14,9:00 AM,Derailment,0,BELLMEAD,TX,44,2,Day,Clear,Yard,Freight Train,8,57989,1995,59984,T205,31.588309,-97.095403,45.9,50.9,45
NS,125948,2017-07-23,8:15 AM,Obstruction,0,BELLMONT,IL,84,2,Day,Cloudy,Main,Freight Train,40,10272,983,11255,M404,38.383866,-87.926536,85.2,78.6,77.3
NS,143208,2021-10-19,2:40 PM,Hwy-rail crossing,0,BELLMONT,IL,70,2,Day,Clear,Main,Spec. MoW Equip.,0,18000,0,18000,M308,38.385614,-87.911635,55.7,55.6,61.7
BNSF,GC0715111,2015-07-29,12:45 AM,Derailment,0,BELLVILLE,TX,86,4,Dark,Clear,Main,Freight Train,28,2600,1607401,1610001,E61C,30.054628,-96.334316,86.8,86.2,88.2
UP,0322PR025,2022-03-28,12:00 PM,Other (describe in narrative),0,BELLWOOD,IL,33,2,Day,Clear,Yard,Single Car,0,13414,0,13414,M201,41.890968,-87.869768,29,28.8,36.5
NS,122992,2016-12-03,7:45 PM,Derailment,0,BELLWOOD,PA,40,3,Dusk,Clear,Main,Freight Train,17,17181,141013,158194,E67C,40.56531,-78.360137,36.8,36.8,36
UP,1023PR015,2023-10-22,7:45 PM,Other impacts,0,BELLWOOD,IL,50,3,Dusk,Clear,Yard,Freight Train,0,9389,0,11841,H307,41.891332,-87.871814,53.5,50,55.1
UP,1023PR015,2023-10-22,7:45 PM,Other impacts,0,BELLWOOD,IL,50,3,Dusk,Clear,Yard,Yard/switching,6,1952,500,11841,H307,41.891332,-87.871814,53.5,50,55.1
BNSF,HL0124105,2024-01-09,11:10 AM,Derailment,0,BELLWOOD,NE,25,2,Day,Clear,Industry,Light loco(s),4,15500,500,16000,M101,41.403269,-97.283598,29.7,16.7,22.3
UP,0621PR027,2021-06-28,11:30 PM,Derailment,0,BELLWOOD,IL,74,4,Dark,Cloudy,Yard,Yard/switching,2,10442,11280,21722,H020,41.888397,-87.868867,76.5,72.7,77.1
BNSF,NE0416107,2016-04-20,4:35 PM,Derailment,0,BELLWOOD,NE,56,3,Dusk,Rain,Industry,Freight Train,7,20686,4000,24686,T110,41.339298,-97.231777,51.5,50.8,57.7
MBTA,5723,2018-11-27,7:35 AM,Derailment,0,BELMONT,MA,33,1,Dawn,Rain,Main,Passenger Train - Pushing,63,11283,5562,16845,E51C,42.382791,-71.207399,43.7,42.4,39.2
MBTA,2023110,2023-09-10,12:07 PM,Fire/violent rupture,0,BELMONT,MA,73,2,Day,Clear,Main,Passenger Train - Pulling,0,27187,0,27187,E71L,42.231622,-71.112464,74.2,70.6,70.4
NS,154763,2023-11-12,2:28 AM,Derailment,0,BELMORE,OH,28,4,Dark,Clear,Main,Freight Train,25,1800,14800,16600,E49C,41.106623,-83.89074,41.8,41,46.8
KYLE,KYL126119D,2019-07-25,6:20 PM,Derailment,0,BELOIT,KS,90,2,Day,Clear,Yard,Freight Train,5,0,68500,68500,M405,39.453863,-98.092903,72.6,76.8,81
BNSF,MT0517105,2017-05-28,7:36 AM,Derailment,0,BELT,MT,60,2,Day,Clear,Main,Freight Train,9,10317,1640493,1650810,T001,47.476908,-111.094638,57.9,59.6,58.5
PICK,Z242,2021-01-27,1:30 PM,Derailment,0,BELTON,SC,61,2,Day,Clear,Yard,Freight Train,10,0,34050,34050,T221,34.5205,-82.5328,58.1,54.2,42.9
GRLW,240725,2024-07-25,11:30 AM,Derailment,0,BELTON,SC,76,2,Day,Clear,Yard,Freight Train,8,90000,35000,125000,E64C,34.50299,-82.467268,78.3,76.5,79.1
CPKC,23080101,2023-08-01,4:14 PM,Hwy-rail crossing,0,BELTON,MO,93,2,Day,Clear,Main,Freight Train,50,21310,2910,24220,M305,38.788608,-94.58638,74.4,81.1,80.7
KCS,21060201,2021-06-02,1:45 PM,Hwy-rail crossing,0,BELTON,MO,70,2,Day,Clear,Main,Maint./inspect Car,50,3172,23343,26515,M303,38.788608,-94.58638,64.5,65.4,69.8
UP,0518PR002,2018-05-02,12:30 PM,Derailment,0,BELVIDERE,IL,82,2,Day,Cloudy,Yard,Yard/switching,7,11729,19156,30885,E64C,42.259861,-88.832696,69.5,73.3,65.8
UP,0319GL036,2019-03-11,8:30 PM,Derailment,0,BELVIDERE,IL,32,4,Dark,Clear,Yard,Yard/switching,8,7625,10480,18105,M501,42.239268,-88.862213,33.3,30.8,35
UP,0216PR019,2016-02-26,5:30 AM,Other (describe in narrative),0,BELVIDERE,IL,30,4,Dark,Cloudy,Yard,Light loco(s),3,0,17436,17436,E64L,42.253629,-88.847325,33.6,30.4,40.4
BNSF,TC1118108,2018-11-20,2:52 AM,Derailment,0,BEMIDJI,MN,10,4,Dark,Snow,Main,Freight Train,35,530536,92000,622536,T204,47.47537,-94.906924,8.2,13.3,12.3
BNSF,TC0716112,2016-07-22,2:15 PM,Derailment,0,BENA,MN,88,2,Day,Clear,Main,Freight Train,25,233728,455387,689115,T109,47.343471,-94.192017,75.8,74.4,70.4
KCS,21120302,2021-12-03,7:21 PM,Derailment,0,BENAVIDES,TX,75,4,Dark,Clear,Main,Freight Train,25,9200,234826,244026,E53C,27.382748,-98.583123,67.7,71.5,73
UP,0415FW018,2015-04-20,2:15 PM,Obstruction,0,BENBROOK,TX,75,2,Day,Clear,Yard,Spec. MoW Equip.,0,18567,0,34982,H997,32.689762,-97.456301,66.7,60.9,64.6
UP,0415FW018,2015-04-20,2:15 PM,Obstruction,0,BENBROOK,TX,75,2,Day,Clear,Yard,Spec. MoW Equip.,0,841,0,34982,H997,32.689762,-97.456301,66.7,60.9,64.6
UP,0415FW018,2015-04-20,2:15 PM,Obstruction,0,BENBROOK,TX,75,2,Day,Clear,Yard,Spec. MoW Equip.,25,7023,152,34982,H997,32.689762,-97.456301,66.7,60.9,64.6
UP,0415FW018,2015-04-20,2:15 PM,Obstruction,0,BENBROOK,TX,75,2,Day,Clear,Yard,Spec. MoW Equip.,0,8399,0,34982,H997,32.689762,-97.456301,66.7,60.9,64.6
BNSF,NW0323108,2023-03-12,5:00 PM,Derailment,0,BEND,OR,35,3,Dusk,Rain,Yard,Freight Train,5,15785,0,15785,H514,44.028918,-121.289093,36.1,39.4,42.2
BNSF,NW1016110,2016-10-07,10:00 AM,Other (describe in narrative),0,BEND,OR,45,2,Day,Clear,Main,Maint./inspect Car,4,41400,0,41400,H997,43.953571,-121.370668,49.1,58.4,61.9
BNSF,NW0517117,2017-05-31,9:45 PM,Derailment,0,BEND,OR,50,4,Dark,Clear,Siding,Freight Train,9,1806,12052,13858,H307,44.050963,-121.302678,63.9,58.5,60.3
BNSF,NW1218111,2018-12-12,7:30 AM,Other impacts,0,BEND,OR,32,1,Dawn,Clear,Yard,Freight Train,4,13500,0,13500,H018,44.030431,-121.288976,39.8,36.7,41.6
BNSF,NW1222110,2022-12-10,1:40 PM,Derailment,0,BEND,OR,32,2,Day,Cloudy,Yard,Freight Train,8,75200,80000,155200,T204,44.019992,-121.289179,33.5,40.4,33.3
UP,0115WH008,2015-01-15,10:30 AM,Hwy-rail crossing,0,BENEDICT,KS,50,2,Day,Clear,Main,Freight Train,40,3771894,97686,3869580,M308,37.631779,-95.746783,29.9,35.1,41.3
BNSF,HL0424120,2024-04-22,6:19 PM,Derailment,0,BENNET,NE,56,3,Dusk,Clear,Industry,Freight Train,10,93000,489000,584000,M503,40.678173,-96.508035,46,58.8,60.1
BNSF,HL0424120,2024-04-22,6:19 PM,Derailment,0,BENNET,NE,56,3,Dusk,Clear,Industry,Single Car,0,2000,0,584000,M503,40.678173,-96.508035,46,58.8,60.1
BNSF,HL0621115,2021-06-25,5:20 PM,Derailment,0,BENNET,NE,91,3,Dusk,Clear,Main,Freight Train,18,343636,184000,527636,T001,40.690824,-96.515944,76.5,76.1,71.3
BNSF,HL0622120,2022-06-30,2:55 PM,Derailment,0,BENNET,NE,96,2,Day,Clear,Main,Freight Train,23,1577194,1375000,2952194,T105,40.687392,-96.468494,80.5,82.6,73.5
UP,0923GP009,2023-09-06,4:40 AM,Derailment,0,BENNETT,CO,54,1,Dawn,Cloudy,Main,Freight Train,50,76172,246875,323047,E34C,39.75692,-104.462342,65.7,69.5,73
PDRR,20154,2015-11-13,1:10 PM,Derailment,0,BENNETTSVILLE,SC,70,2,Day,Clear,Main,Freight Train,10,300,10364,10664,T220,34.582565,-79.750265,62.5,55.8,46.2
CRSH,146739,2023-04-05,1:00 PM,Derailment,0,BENSALEM,PA,57,2,Day,Clear,Main,Freight Train,5,299,0,51426,T314,40.074754,-74.946765,62.3,57.8,64.6
ATK,174294,2023-04-05,2:12 PM,Derailment,0,BENSALEM,PA,57,2,Day,Clear,Siding,Freight Train,0,0,51127,51426,T314,40.074754,-74.946765,62.3,57.8,64.6
CP,1001728010,2022-07-12,8:28 AM,Raking collision,0,BENSENVILLE,IL,73,2,Day,Cloudy,Yard,Freight Train,0,6611,1502,20866,H306,41.945073,-87.892272,77.2,76.9,73.6
CP,1001728010,2022-07-12,8:28 AM,Raking collision,0,BENSENVILLE,IL,73,2,Day,Cloudy,Yard,Yard/switching,6,12753,0,20866,H306,41.945073,-87.892272,77.2,76.9,73.6
CP,1001346402,2020-10-19,2:55 PM,Other impacts,0,BENSENVILLE,IL,55,2,Day,Clear,Yard,Yard/switching,14,205635,0,413415,H306,41.950569,-87.915062,48.8,41.7,45.3
CP,1001249575,2020-06-04,6:49 AM,Other impacts,0,BENSENVILLE,IL,77,1,Dawn,Clear,Yard,Freight Train,0,68940,4789,287955,H307,41.944192,-87.890234,77.1,78.1,79.7
CP,1001249575,2020-06-04,6:49 AM,Other impacts,0,BENSENVILLE,IL,77,1,Dawn,Clear,Yard,Yard/switching,13,214226,0,287955,H307,41.944192,-87.890234,77.1,78.1,79.7
CP,1001346402,2020-10-19,2:55 PM,Other impacts,0,BENSENVILLE,IL,55,2,Day,Clear,Yard,Freight Train,4,254,1892,413415,H306,41.950569,-87.915062,48.8,41.7,45.3
CP,1001644857,2022-02-11,5:30 AM,Other impacts,0,BENSENVILLE,IL,33,4,Dark,Cloudy,Yard,Cut of cars,0,5597,0,12843,H799,41.941768,-87.885515,29.8,36.8,18.2
IHB,2632,2020-10-19,2:55 PM,Other impacts,0,BENSENVILLE,IL,55,2,Day,Clear,Yard,Yard/switching,0,205634,0,413415,H306,41.950569,-87.915062,48.8,41.7,45.3
CP,1001543600,2021-08-09,7:36 PM,Other impacts,0,BENSENVILLE,IL,75,3,Dusk,Rain,Yard,Freight Train,5,0,120,51315,H306,41.950989,-87.914855,81,75.1,80.4
CP,1001543600,2021-08-09,7:36 PM,Other impacts,0,BENSENVILLE,IL,75,3,Dusk,Rain,Yard,Light loco(s),14,51075,120,51315,H306,41.950989,-87.914855,81,75.1,80.4
CP,1001045836,2019-08-08,9:10 PM,Other impacts,0,BENSENVILLE,IL,65,4,Dark,Clear,Yard,Yard/switching,10,60949,0,90136,H306,41.943566,-87.891047,77.7,77.8,72.6
CP,1001045836,2019-08-08,9:10 PM,Other impacts,0,BENSENVILLE,IL,65,4,Dark,Clear,Yard,Freight Train,5,25341,3846,90136,H306,41.943566,-87.891047,77.7,77.8,72.6
NIRC,CPH003,2014-12-09,3:30 AM,Derailment,0,BENSENVILLE,IL,35,4,Dark,Clear,Main,,0,0,580,102367,H505,41.95262,-87.918557,34.3,34.5,30.8
CP,1000151494,2014-12-09,3:30 AM,Derailment,0,BENSENVILLE,IL,35,4,Dark,Clear,Yard,Yard/switching,4,28078,73709,102367,H505,41.95262,-87.918557,34.3,34.5,30.8
CP,1001644857,2022-02-11,5:30 AM,Other impacts,0,BENSENVILLE,IL,33,4,Dark,Cloudy,Yard,Light loco(s),0,7246,0,12843,H799,41.941768,-87.885515,29.8,36.8,18.2
CTM,CT080215D,2015-08-02,3:01 PM,Derailment,0,BENSENVILLE,IL,87,2,Day,Clear,Yard,Freight Train,8,13450,410,13860,M503,41.973848,-87.94936,76,80.2,73.7
CP,1000379604,2016-04-16,3:40 AM,Derailment,0,BENSENVILLE,IL,43,4,Dark,Clear,Yard,Freight Train,4,18892,1684,20576,T207,41.916446,-87.774096,54.1,58.9,63.6
UP,0219ST014,2019-02-10,8:54 AM,Fire/violent rupture,0,BENSON,AZ,43,2,Day,Cloudy,Main,Freight Train,16,18883,0,18883,E74L,31.995233,-110.369111,50.5,46.6,42
UP,1018ST032,2018-10-31,9:00 AM,Hwy-rail crossing,0,BENSON,AZ,65,2,Day,Clear,Main,Freight Train,32,28935,97899,126834,M302,31.990661,-110.435714,64.5,56.7,53.7
UP,0715ST002,2015-07-01,9:00 PM,Fire/violent rupture,0,BENSON,AZ,83,4,Dark,Clear,Main,Freight Train,10,253476,100,253576,E73L,31.992353,-110.414131,78.1,75.8,80.2
UP,0920LA013,2020-09-18,6:20 AM,Derailment,0,BENSON,AZ,59,1,Dawn,Clear,Yard,Freight Train,4,16680,1171,17851,H307,31.964715,-110.286903,79.1,77.6,78.4
BNSF,TC1123103,2023-11-12,1:35 PM,Other (describe in narrative),0,BENSON,MN,59,2,Day,Clear,Main,Freight Train,12,0,20365,20365,H221,45.324865,-95.629841,36.4,39.7,40.8
UP,0623ES024,2023-06-16,1:40 PM,Hwy-rail crossing,0,BENTON,IL,82,2,Day,Clear,Main,Spec. MoW Equip.,10,16120,0,16120,M304,37.976794,-88.951555,76.1,73.4,71.9
CSX,000152135,2015-05-19,3:40 PM,Head on collision,0,BENTON,TN,84,2,Day,Cloudy,Main,Maint./inspect Car,5,25500,5000,30500,H993,35.22747,-84.627038,71.2,73.8,72.5
CSX,000152135,2015-05-19,3:40 PM,Head on collision,0,BENTON,TN,84,2,Day,Cloudy,Main,Freight Train,8,0,0,30500,H993,35.22747,-84.627038,71.2,73.8,72.5
IC,1148654,2024-03-25,4:12 PM,Obstruction,0,BENTON,MS,13,2,Day,Clear,Main,,0,0,0,0,M404,32.649952,-90.371823,56.6,64.7,60.2
UP,0818SL012,2018-08-18,4:20 PM,Derailment,0,BENTON,IL,85,2,Day,Cloudy,Main,Freight Train,30,36971,4370,41341,T202,37.992827,-88.914753,78.3,75.6,75.8
ATK,178974,2024-03-25,4:12 PM,Obstruction,0,BENTONIA,MS,13,2,Day,Clear,Main,Passenger Train - Pulling,64,26870,0,26870,M404,32.649952,-90.05974,56.5,64.7,60
CSX,000165278,2016-12-18,12:06 PM,Derailment,0,BENWOOD,WV,30,2,Day,Clear,Yard,Freight Train,0,0,1179,17179,T202,39.998721,-80.732866,41.4,34.8,21.2
CSX,000172502,2017-10-29,1:52 AM,Derailment,0,BENWOOD,WV,38,4,Dark,Rain,Yard,Freight Train,9,137561,1000,138561,T207,40.004325,-80.734529,46.7,37.6,40.4
WE,160108,2016-12-18,12:30 PM,Derailment,0,BENWOOD,WV,30,2,Day,Clear,Yard,Yard/switching,4,16000,0,17179,T202,39.998721,-80.732866,41.4,34.8,21.2
UP,0617ES036,2017-06-28,1:40 PM,Obstruction,0,BERGER,MO,87,2,Day,Clear,Main,Spec. MoW Equip.,5,17531,0,17531,H997,38.665034,-91.315572,67.9,76,75.6
UP,0824PR009,2024-08-12,2:20 PM,Derailment,0,BERKELEY,IL,81,2,Day,Cloudy,Yard,Freight Train,3,25936,200,26136,H702,41.89626,-87.911517,69.4,71.6,74.8
UP,0319GL045,2019-03-14,9:13 PM,Derailment,0,BERKELEY,IL,48,4,Dark,Cloudy,Yard,Yard/switching,4,18620,4722,23342,H702,41.892793,-87.898681,48.3,52.4,37.3
UP,0717PR021,2017-07-12,12:00 PM,Other (describe in narrative),0,BERKELEY,IL,75,2,Day,Clear,Yard,Cut of cars,0,24082,0,24082,M411,41.900159,-87.911359,77.4,75.5,77.8
UP,0617PR016,2017-06-27,1:40 PM,Other (describe in narrative),0,BERKELEY,IL,75,2,Day,Clear,Yard,Single Car,0,33495,0,33495,M411,41.899921,-87.908147,63.8,66.1,69
UP,0617PR019,2017-06-29,8:00 AM,Other (describe in narrative),0,BERKELEY,IL,75,2,Day,Clear,Yard,Single Car,0,51789,0,51789,M411,41.900159,-87.911359,69,73.6,74.3
UP,0721PR014,2021-07-28,3:31 PM,Derailment,0,BERKELEY,IL,91,2,Day,Clear,Yard,Work train,10,5282,38265,43547,T314,41.896558,-87.913214,79.9,81.7,79.4
CSX,000198202,2021-06-11,12:50 PM,Derailment,0,BERKELEY SPRINGS,WV,70,2,Day,Clear,Industry,Cut of cars,5,26875,96,26971,M504,39.692075,-78.180849,73.7,64.9,67.5
CSX,000190081,2020-05-06,7:15 PM,Derailment,0,BERKELEY SPRINGS,WV,49,3,Dusk,Rain,Yard,Cut of cars,0,10044,300,60286,H702,39.692075,-78.180849,49.6,47.3,52.2
CSX,000190081,2020-05-06,7:15 PM,Derailment,0,BERKELEY SPRINGS,WV,49,3,Dusk,Rain,Yard,Freight Train,5,49942,0,60286,H702,39.692075,-78.180849,49.6,47.3,52.2
MCRL,MC211020B,2021-10-20,12:17 PM,Other (describe in narrative),0,BERKLEY,MA,66,2,Day,Clear,Main,Spec. MoW Equip.,0,412000,1734,413734,M599,41.823925,-71.02873,50.8,59.4,62.8
CSO,CSO585223A,2023-10-25,12:35 AM,Other (describe in narrative),0,BERLIN,CT,41,4,Dark,Cloudy,Main,Freight Train,49,66865,0,66865,H515,41.645634,-72.753732,48.6,58.1,63.9
ATK,180292,2024-05-19,10:43 AM,Obstruction,0,BERLIN,CT,70,2,Day,Cloudy,Main,,0,0,0,68579,M402,41.582103,-72.773803,60,63.4,63.2
ATK,165285,2020-09-02,4:44 PM,Obstruction,0,BERLIN,CT,85,2,Day,Clear,Main,Passenger Train - Pulling,95,16000,0,16000,M404,41.609531,-72.766654,68.6,68.6,76.8
WACR,1552,2019-11-29,6:00 PM,Derailment,0,BERLIN,VT,27,4,Dark,Clear,Yard,Freight Train,10,27920,3375,31295,E46C,44.225326,-72.549847,30.4,24,14.5
CSX,000161174,2016-07-09,6:40 PM,Other impacts,0,BERLIN,PA,79,3,Dusk,Clear,Industry,Light loco(s),4,34085,0,34085,H306,39.911344,-79.167762,71.6,71.4,66.6
CTHS,CTHS00007F,2024-05-19,10:43 AM,Obstruction,0,BERLIN,CT,70,2,Day,Cloudy,Main,Passenger Train - Pushing,82,68579,0,68579,M402,41.5821,-72.7738,60,63.4,63.2
CSX,000212990,2023-08-18,10:45 PM,Derailment,0,BERLIN,MA,65,4,Dark,Clear,Main,Freight Train,10,30381,1035,31416,T205,42.399178,-71.65875,68.4,69.9,64.9
UP,1220RM020,2020-12-21,2:00 AM,Derailment,0,BERN,ID,40,4,Dark,Cloudy,Main,Freight Train,31,530551,30442,560993,E7AL,42.367288,-111.339903,26.3,33.6,26.6
UP,0318LK024,2018-03-13,7:47 AM,Hwy-rail crossing,0,BERNIE,MO,62,2,Day,Cloudy,Main,Freight Train,38,72009,396,72405,M302,36.658383,-89.966793,39.3,41.1,41.5
UP,0217LK004,2017-02-07,5:48 PM,Hwy-rail crossing,0,BERNIE,MO,55,2,Day,Cloudy,Main,Freight Train,55,40506,60,40566,M303,36.702284,-89.965649,56,64.7,44.2
NS,155942,2024-03-05,2:50 PM,Hwy-rail crossing,0,BERRYHILL,NC,68,2,Day,Clear,Main,Freight Train,46,15000,55000,70000,M303,35.230125,-80.9778,58.4,59.2,56.6
AWRR,170419001,2017-04-19,12:50 AM,Derailment,0,BERTRAM,TX,68,4,Dark,Clear,Main,Freight Train,28,566500,136000,702500,T220,30.747222,-98.063611,66.9,72.2,73.9
CSX,000198408,2021-06-22,3:20 PM,Derailment,0,BESSEMER,AL,82,2,Day,Clear,Main,Freight Train,8,82561,0,82561,M405,33.412063,-86.967247,77.4,72.7,73.3
CSX,000177865,2018-07-28,10:13 PM,Derailment,0,BESSEMER,AL,80,4,Dark,Clear,Main,Freight Train,9,194111,123638,317749,H518,33.411428,-86.964956,79.4,80.8,80.4
NS,118100,2015-11-06,1:55 PM,Hwy-rail crossing,0,BESSEMER,AL,72,2,Day,Clear,Main,,0,0,0,62082,M308,33.413958,-86.939731,72.3,73.9,63
NS,129647,2018-05-30,1:05 PM,Hwy-rail crossing,0,BESSEMER,AL,88,2,Day,Clear,Main,,0,0,253,20994,M308,33.432651,-86.924432,73,74.4,78.2
BHRR,181207002,2018-12-07,11:45 PM,Derailment,0,BESSEMER,AL,40,4,Dark,Rain,Industry,Yard/switching,7,176222,390000,566222,H212,33.409334,-86.949351,37.2,43.7,43.5
ATN,ATN151193,2015-07-30,9:25 AM,Side collision,0,BESSEMER,AL,80,2,Day,Clear,Yard,,0,0,0,0,H020,33.34873,-86.471598,81.3,84.3,81.3
CSX,000204306,2022-04-15,9:10 PM,Derailment,0,BESSEMER,AL,62,4,Dark,Clear,Main,Freight Train,0,199,97,29284,H501,33.41088,-86.967903,64.2,65.2,64.2