reportingrailroadcode,accidentnumber,date,time,accidenttype,hazmatreleasedcars,station,stateabbr,temperature,visibility_code,visibility,weathercondition,tracktype,equipmenttype,trainspeed,equipmentdamagecost,trackdamagecost,totaldamagecost,primaryaccidentcausecode,latitude,longitude,prior_temp,actual_temp,following_temp
CSX,000196734,2021-04-01,5:14 PM,Hwy-rail crossing,0,BESSEMER,AL,55,3,Dusk,Clear,Main,Light loco(s),25,28526,0,28526,M303,33.405715,-86.946044,59.6,45.3,45
CSX,000204306,2022-04-15,9:10 PM,Derailment,0,BESSEMER,AL,62,4,Dark,Clear,Main,Freight Train,5,28988,0,29284,H501,33.41088,-86.967903,64.2,65.2,64.2
CSX,000210820,2023-04-16,1:42 AM,Derailment,0,BESSEMER,AL,71,4,Dark,Clear,Main,Freight Train,9,308543,54027,362570,H520,33.411466,-86.967072,66.1,63.7,58.5
NS,133382,2019-03-29,6:20 AM,Hwy-rail crossing,0,BESSEMER CITY,NC,40,1,Dawn,Clear,Main,Freight Train,25,8968,2375,11343,M303,35.285974,-81.266755,50,58.1,65.7
GNBC,G06172019,2019-06-17,12:45 PM,Derailment,0,BESSIE,OK,80,2,Day,Clear,Industry,Freight Train,3,5200,12121,17321,T001,35.386552,-98.985245,69,72.9,78.4
NS,157269,2024-07-05,2:20 PM,Derailment,0,BETHLEHEM,PA,86,2,Day,Clear,Main,Freight Train,8,25900,109500,135400,H525,40.614214,-75.381666,76.6,80.3,84.6
LVRX,231201,2023-12-06,11:50 AM,Derailment,0,BETHLEHEM,PA,39,2,Day,Rain,Yard,Yard/switching,4,15000,6500,21500,H704,40.6186,-75.3508,38,34.9,32.9
NS,146611,2022-09-27,7:26 PM,Derailment,0,BETHLEHEM,PA,59,3,Dusk,Clear,Main,Freight Train,6,4178,10000,14178,H525,40.614229,-75.381489,60.3,56.2,56
LVRX,160401,2016-04-09,9:30 PM,Derailment,0,BETHLEHEM,PA,45,4,Dark,Cloudy,Yard,,0,0,20000,23850,M405,40.614391,-75.378473,42.6,34.8,37.8
LVRX,230901,2023-09-07,10:50 PM,Derailment,0,BETHLEHEM,PA,80,4,Dark,Rain,Yard,Yard/switching,9,10000,19000,29000,T319,40.615,-75.336389,80.1,75.1,73.5
NS,123454,2017-01-06,12:58 PM,Derailment,0,BETHLEHEM,PA,19,2,Day,Cloudy,Yard,Cut of cars,9,3000,39418,42418,T207,40.615677,-75.371162,28.1,26.7,21.9
LVRX,240501,2024-05-06,8:05 PM,Derailment,0,BETHLEHEM,PA,64,3,Dusk,Cloudy,Yard,Yard/switching,4,5000,15000,20000,T110,40.610278,-75.344722,50.4,59.5,67.4
NS,120074,2016-04-09,9:40 PM,Derailment,0,BETHLEHEM,PA,35,4,Dark,Clear,Yard,Freight Train,6,3850,0,23850,T314,40.614391,-75.378473,42.6,34.8,37.8
LVRX,180901,2018-09-06,10:30 AM,Derailment,0,BETHLEHEM,PA,85,2,Day,Clear,Yard,Yard/switching,8,15000,25000,40000,T110,40.619222,-75.3465,81.5,81.3,73.9
LI,GR20150901,2015-09-10,6:00 AM,Hwy-rail crossing,0,BETHPAGE,NY,77,4,Dark,Rain,Main,EMU,60,51341,2000,53341,M303,40.740695,-73.479827,79.5,74.4,71.4
ATK,180148,2024-05-11,1:00 AM,Obstruction,0,BETHUNE,SC,0,4,Dark,Clear,Main,Passenger Train - Pulling,54,40160,0,40160,M404,34.428005,-80.325027,69.4,62.7,66.3
CSX,000218785,2024-05-11,1:00 AM,Obstruction,0,BETHUNE,SC,77,4,Dark,Clear,Main,,0,0,0,40160,M404,34.427898,-80.325164,69.4,62.7,66.3
BNSF,TC0317107,2017-03-23,7:10 AM,Derailment,0,BEULAH,ND,38,1,Dawn,Clear,Yard,Freight Train,9,33642,122613,156255,T212,47.264988,-101.755786,32.6,36.9,34.2
BNSF,TC0619112,2019-06-21,7:30 PM,Derailment,0,BEULAH,ND,72,3,Dusk,Cloudy,Industry,Freight Train,13,120000,0,120000,T001,47.362107,-101.829686,61.6,59.9,60.7
BNSF,TC1123106,2023-11-15,11:32 PM,Derailment,0,BEULAH,ND,20,4,Dark,Clear,Industry,Freight Train,19,19568,30000,49568,T001,47.302467,-101.859225,37.9,33.6,31.4
SNJX,20210624A,2021-06-24,2:08 PM,Other (describe in narrative),0,BEVERLY,NJ,78,2,Day,Clear,Main,DMU,25,16000,0,16000,M599,40.065136,-74.901496,64.8,66.3,68.8
MBTA,2024057,2024-04-17,3:42 PM,Hwy-rail crossing,0,BEVERLY,MA,48,2,Day,Clear,Main,Passenger Train - Pushing,45,31487,0,31487,M302,42.559576,-70.824784,53.3,45.9,45
MBTA,YR202043,2020-03-19,8:08 PM,Hwy-rail crossing,0,BEVERLY,MA,38,4,Dark,Rain,Main,Passenger Train - Pushing,53,14585,0,14585,M303,42.558911,-70.833883,42.6,41.6,52
MBTA,7009,2016-03-21,7:27 AM,Other (describe in narrative),0,BEVERLY,MA,30,1,Dawn,Snow,Main,Passenger Train - Pulling,0,100000,0,100000,E74L,42.547282,-70.885511,30.4,33.5,38.5
MBTA,YR202273,2022-06-08,4:05 PM,Derailment,0,BEVERLY,MA,78,2,Day,Clear,Yard,Passenger Train - Pushing,5,96146,34037,130183,H605,42.55269,-70.885243,68.1,69.2,68
MBTA,7010,2016-03-21,8:00 AM,Other (describe in narrative),0,BEVERLY,MA,30,2,Day,Snow,Main,Passenger Train - Pushing,0,100000,0,100000,E74L,42.564476,-70.809395,30.4,33.5,38.5
BNSF,CH0919108,2019-09-24,12:15 PM,Broken train collision,0,BEVIER,MO,78,2,Day,Clear,Main,Freight Train,10,281439,40000,321439,E33C,39.695944,-92.557711,64.8,68,71.1
GRS,20220110N1,2022-01-10,7:20 PM,Derailment,1,BIDDEFORD,ME,20,4,Dark,Clear,Siding,Freight Train,5,71000,6123,77123,H303,43.4873,-70.47632,29.2,24.2,6
LAS,240614004,2024-06-14,12:30 PM,Hwy-rail crossing,0,BIENVILLE,LA,80,2,Day,Clear,Main,Freight Train,10,3795,164000,167795,M302,32.291411,-92.876042,75,78.1,80.7
BNSF,TC0724106,2024-07-20,3:16 AM,Derailment,0,BIG LAKE,MN,63,4,Dark,Clear,Main,Freight Train,56,1627681,603000,2230681,E45C,45.327632,-93.706079,70.3,73.2,72.3
NSCR,NS2020003,2020-06-25,11:00 AM,Other impacts,0,BIG LAKE,MN,80,2,Day,Clear,Yard,Passenger Train - Pushing,1,25000,10000,35000,M599,45.328088,-93.720163,67.1,70.6,75.3
ADCX,21092801D,2021-09-28,12:30 PM,Derailment,0,BIG MOOSE,NY,68,2,Day,Clear,Yard,Work train,10,0,15000,15000,M503,43.903225,-74.909767,60.1,56,51.6
UP,0319MA036,2019-03-22,6:54 PM,Derailment,0,BIG SANDY,TX,74,3,Dusk,Clear,Main,Freight Train,11,683240,169844,853084,E29C,32.593549,-95.094748,56.8,58.6,62.9
UP,0923ES016,2023-09-08,11:11 AM,Obstruction,0,BIG SANDY,TX,100,2,Day,Clear,Main,Spec. MoW Equip.,4,80000,0,81906,H025,32.583174,-95.104866,89.4,86,79.9
UP,1015FW009,2015-10-15,4:12 AM,Derailment,0,BIG SANDY,TX,52,4,Dark,Clear,Yard,Freight Train,14,176556,101510,278066,T220,32.581328,-95.1091,71.2,74.4,70.3
UP,0116FW003,2016-01-06,10:20 PM,Derailment,0,BIG SANDY,TX,55,4,Dark,Rain,Yard,Freight Train,8,15548,32340,47888,T110,32.581794,-95.113851,35.8,41.8,53.9
UP,1117FW029,2017-11-22,11:00 AM,Derailment,0,BIG SPRING,TX,65,2,Day,Clear,Siding,Freight Train,5,13702,3198,16900,H702,32.258249,-101.469998,55.7,45.7,51
UP,0620TO044,2020-06-27,6:05 PM,Derailment,0,BIG SPRING,TX,94,3,Dusk,Clear,Industry,Yard/switching,2,12165,5044,17209,H307,32.27153,-101.414391,85.1,83.1,86.7
UP,1017FW014,2017-10-14,12:35 PM,Derailment,0,BIG SPRING,TX,75,2,Day,Clear,Main,Yard/switching,7,51932,1297,53229,H508,32.250225,-101.52719,74.8,76.9,59.1
UP,0420TO040,2020-04-30,11:20 AM,Derailment,0,BIG SPRING,TX,79,2,Day,Clear,Yard,Yard/switching,4,107157,109259,216416,H514,32.252862,-101.483614,70.8,72.6,81.7
UP,0420TO004,2020-04-03,12:25 AM,Other impacts,0,BIG SPRING,TX,64,4,Dark,Clear,Yard,Yard/switching,4,27087,0,114754,H018,32.25759,-101.47209,71,49.7,42.5
UP,1018FW034,2018-10-24,12:32 AM,Derailment,0,BIG SPRING,TX,63,4,Dark,Rain,Yard,Yard/switching,6,19857,3725,23582,H305,32.25517,-101.477547,57.7,50,56.4
UP,0917FW002,2017-09-06,5:50 PM,Derailment,0,BIG SPRING,TX,84,2,Day,Clear,Yard,Freight Train,4,50285,166,50451,H993,32.254768,-101.479198,75.8,71.2,73.8
UP,0420TO004,2020-04-03,12:25 AM,Other impacts,0,BIG SPRING,TX,64,4,Dark,Clear,Yard,Yard/switching,10,85224,2443,114754,H018,32.25759,-101.47209,71,49.7,42.5
UP,0818FW010,2018-08-09,2:00 AM,Derailment,0,BIG SPRING,TX,68,4,Dark,Rain,Yard,Freight Train,4,11725,2457,14182,M507,32.256414,-101.474535,86.2,74.8,73.6
UP,0521TO016,2021-05-16,5:50 PM,Other impacts,0,BIG SPRING,TX,89,2,Day,Cloudy,Yard,Single Car,0,24727,0,24838,H302,32.253545,-101.482156,72.4,72.4,71.1
UP,0918FW034,2018-09-25,11:27 AM,Hwy-rail crossing,0,BIG SPRING,TX,80,2,Day,Clear,Main,Freight Train,60,11700,18962,30662,M302,32.175831,-101.660505,69.4,76.6,58.2
UP,0322TO015,2022-03-17,3:15 AM,Derailment,0,BIG SPRING,TX,59,4,Dark,Clear,Yard,Yard/switching,7,60258,1760,62018,E35C,32.257393,-101.472808,62.9,63.2,47.8
UP,0521TO016,2021-05-16,5:50 PM,Other impacts,0,BIG SPRING,TX,89,2,Day,Cloudy,Yard,Yard/switching,5,111,0,24838,H302,32.253545,-101.482156,72.4,72.4,71.1
UP,0715FW015,2015-07-16,1:30 PM,Hwy-rail crossing,0,BIG SPRING,TX,100,2,Day,Clear,Main,Freight Train,54,51278,14658,65936,M308,32.176312,-101.659072,85.4,86.3,86.5
UP,0319TO026,2019-03-21,4:32 PM,Derailment,0,BIG SPRING,TX,66,2,Day,Cloudy,Yard,Freight Train,5,82048,7814,89862,T108,32.257527,-101.471995,52.1,54.6,59.1
UP,0517FW012,2017-05-13,1:00 PM,Derailment,0,BIG SPRING,TX,82,2,Day,Clear,Yard,Freight Train,5,9561,3770,13331,T210,32.250329,-101.489735,66.3,71.5,80.2
UP,1217FW013,2017-12-07,6:05 PM,Derailment,0,BIG SPRING,TX,34,2,Day,Clear,Yard,Yard/switching,4,61717,9885,71602,T202,32.254189,-101.479776,37.6,33.6,37.2
UP,0917FW004,2017-09-10,11:20 AM,Derailment,0,BIG SPRING,TX,80,2,Day,Clear,Main,Freight Train,44,6278,12588,18866,T108,32.184786,-101.634239,73,72.1,73.2
UP,0821TO032,2021-08-27,11:00 AM,Derailment,0,BIG SPRING,TX,84,2,Day,Clear,Yard,Freight Train,6,274917,94419,369336,T403,32.258124,-101.470298,81.9,81.7,80.5
UP,0718FW016,2018-07-10,2:30 AM,Derailment,0,BIG SPRING,TX,80,4,Dark,Clear,Yard,Yard/switching,4,1986,13200,15186,T113,32.228675,-101.511617,74.9,77.6,82.7
UP,0721TO016,2021-07-12,8:00 PM,Derailment,0,BIG SPRING,TX,76,4,Dark,Clear,Yard,Yard/switching,6,957,17576,18533,T111,32.254651,-101.479088,76.1,73.3,77.2
UP,0420TO022,2020-04-16,1:10 PM,Derailment,0,BIG SPRING,TX,74,2,Day,Clear,Yard,Yard/switching,5,202869,89666,292535,T101,32.257627,-101.471503,52.9,63.8,52.2
UP,0521TO025,2021-05-26,9:38 AM,Derailment,0,BIG SPRING,TX,75,2,Day,Cloudy,Yard,Yard/switching,6,83183,2332,85515,T111,32.251569,-101.48667,76.7,79.1,78.3
UP,0317FW008,2017-03-08,5:25 AM,Derailment,0,BIG SPRING,TX,50,4,Dark,Clear,Yard,Yard/switching,3,1705,26319,28024,T207,32.250327,-101.489746,54.3,60,68.7
UP,0117FW010,2017-01-14,10:00 AM,Derailment,0,BIG SPRING,TX,34,2,Day,Rain,Yard,Yard/switching,8,174419,6289,180708,T207,32.250215,-101.491451,38.2,33.3,39.3
UP,0117FW021,2017-01-22,3:30 AM,Derailment,0,BIG SPRING,TX,40,4,Dark,Clear,Siding,Freight Train,10,609465,124125,733590,T207,32.261122,-101.459786,51.7,50.7,52.1
UP,0320TO013,2020-03-14,7:00 PM,Derailment,0,BIG SPRING,TX,63,3,Dusk,Cloudy,Yard,Yard/switching,4,20496,3405,23901,T207,32.25268,-101.483572,54.4,54.2,49.3
UP,0715NP017,2015-07-19,10:50 AM,Derailment,0,BIG SPRINGS,NE,90,2,Day,Clear,Main,Freight Train,40,180839,163777,344616,T499,41.030523,-102.180821,73.6,71.8,73.4
BNSF,TC0815109,2015-08-17,7:30 AM,Derailment,0,BIG STONE CITY,SD,70,1,Dawn,Clear,Industry,Freight Train,10,307028,56000,363028,T111,45.30365,-96.519194,70.2,62.6,56.5
BNSF,PR0415121,2015-04-16,3:22 AM,Other (describe in narrative),0,BILL,WY,50,4,Dark,Clear,Main,,0,0,50000,50000,H305,43.482932,-105.30397,38.9,37.5,38.2
BNSF,PR0420106,2020-04-23,4:05 AM,Derailment,0,BILL,WY,42,1,Dawn,Clear,Main,,0,0,60800,174586,E34C,43.304859,-105.321458,52.7,49.4,43.7
UP,1219GP035,2019-12-09,1:45 AM,Other (describe in narrative),0,BILL,WY,18,4,Dark,Cloudy,Main,Freight Train,22,0,0,90000,H403,43.254152,-105.279979,39.2,19.7,23.6
BNSF,PR1219107,2019-12-09,1:45 AM,Other (describe in narrative),0,BILL,WY,18,4,Dark,Cloudy,Main,,0,0,90000,90000,H403,43.254152,-105.279979,39.2,19.7,23.6
UP,0420GP022,2020-04-23,4:05 AM,Derailment,0,BILL,WY,43,1,Dawn,Cloudy,Main,Freight Train,20,113786,0,174586,E34C,43.304859,-105.321458,52.7,49.4,43.7
BNSF,PR0218101,2018-02-07,10:30 AM,Derailment,0,BILL,WY,22,2,Day,Clear,Main,,0,0,207750,235317,E52C,43.025421,-105.264582,23.6,31.5,40.5
BNSF,PR0915118,2015-09-30,9:34 AM,Other (describe in narrative),0,BILL,WY,40,2,Day,Clear,Main,Freight Train,23,0,50291,50291,H605,43.254525,-105.280312,60.6,61.8,61.9
BNSF,PR0321111,2021-03-24,4:50 AM,Derailment,0,BILL,WY,40,1,Dawn,Clear,Main,,0,0,75000,113271,E44C,43.045887,-105.26929,33.4,28.1,34
UP,1015NP001,2015-10-01,10:20 PM,Fire/violent rupture,0,BILL,WY,62,4,Dark,Cloudy,Main,Freight Train,30,16835,0,16835,E74L,43.341202,-105.320997,61.8,61.9,55.2
BNSF,PR0415115,2015-04-25,1:06 AM,Other (describe in narrative),0,BILL,WY,40,4,Dark,Clear,Main,Freight Train,45,39771,2500,42271,E20C,43.341202,-105.320997,52.5,50.3,43.2
BNSF,PR1116117,2016-11-29,5:30 AM,Other (describe in narrative),0,BILL,WY,28,1,Dawn,Cloudy,Main,Freight Train,4,0,30000,30000,H605,42.773506,-105.135849,32.6,27.7,24.9
UP,0415NP015,2015-04-16,3:22 AM,Other (describe in narrative),0,BILL,WY,34,4,Dark,Cloudy,Main,Light loco(s),6,0,0,50000,H307,43.482932,-105.30397,38.9,37.5,38.2
BNSF,PR1015112,2015-10-01,10:20 PM,Fire/violent rupture,0,BILL,WY,55,4,Dark,Clear,Main,,0,0,0,16835,E74L,43.341202,-105.320997,61.8,61.9,55.2
UP,0920GP012,2020-09-14,5:21 PM,Derailment,0,BILL,WY,88,2,Day,Clear,Main,Freight Train,31,1753590,0,2425109,E53C,42.849095,-105.207978,60.6,64,64.1
BNSF,PR0619101,2019-06-02,7:15 AM,Derailment,0,BILL,WY,56,1,Dawn,Clear,Main,Freight Train,23,340000,2482113,2822113,E61C,43.26158,-105.288503,59.6,62.7,64.4
BNSF,PR0920105,2020-09-14,6:11 PM,Derailment,0,BILL,WY,80,3,Dusk,Clear,Main,,0,0,671519,2425109,E53C,42.849095,-105.207978,60.6,64,64.1
BNSF,PR0419113,2019-04-13,3:45 AM,Other impacts,0,BILL,WY,20,4,Dark,Clear,Main,Freight Train,5,87919,0,87919,H302,42.948973,-105.256642,28,33.1,46.3
BNSF,PR0124105,2024-01-12,4:50 AM,Derailment,0,BILL,WY,-20,1,Dawn,Snow,Main,Freight Train,35,1508057,359263,1867320,T299,42.673413,-105.147808,7,-6.1,-18.5
MRL,2021062,2021-07-26,9:18 AM,Other impacts,0,BILLINGS,MT,83,2,Day,Clear,Yard,Single Car,1,1000,0,17000,H302,45.807412,-108.44089,80,82.3,84.7
MRL,2021062,2021-07-26,9:18 AM,Other impacts,0,BILLINGS,MT,83,2,Day,Clear,Yard,Single Car,4,16000,0,17000,H302,45.807412,-108.44089,80,82.3,84.7
MRL,2021088,2021-11-07,1:45 AM,Derailment,0,BILLINGS,MT,44,4,Dark,Clear,Yard,Freight Train,10,70000,12000,82000,H703,45.773251,-108.520734,53.3,44.4,39.4
MRL,2016116,2016-09-08,8:30 PM,Other impacts,0,BILLINGS,MT,72,4,Dark,Clear,Yard,Yard/switching,4,44000,0,44000,H018,45.773171,-108.520378,62.4,62.5,57.1
MRL,2015098,2015-07-07,9:20 AM,Other impacts,0,BILLINGS,MT,71,2,Day,Clear,Yard,Yard/switching,3,21000,0,21000,H702,45.810601,-108.434436,62.5,68.2,68.5
AUT,200701001,2020-07-01,11:48 AM,Hwy-rail crossing,0,BILLINGSLEY,AL,90,2,Day,Clear,Main,Freight Train,22,37500,4500,42000,M308,32.626533,-86.671449,79.8,76.5,78.2
CSX,000167264,2017-03-07,3:11 PM,Hwy-rail crossing,0,BILOXI,MS,68,2,Day,Clear,Main,Freight Train,19,1600,32662,34262,M302,30.399122,-88.885661,69,69.1,64.2
NYSW,150619A,2015-06-19,4:53 AM,Derailment,0,BINGHAMTON,NY,57,4,Dark,Clear,Yard,,0,0,16409,16708,E29L,42.106515,-75.895617,64,65.6,61
NYSW,102917A,2017-10-29,10:15 AM,Derailment,0,BINGHAMTON,NY,45,2,Day,Rain,Yard,Freight Train,10,40082,0,63808,T110,42.104041,-75.90942,53.6,46.6,42.1
NS,127222,2017-10-29,10:15 AM,Derailment,0,BINGHAMTON,NY,72,2,Day,Rain,Yard,Freight Train,0,0,23726,63808,T110,42.104041,-75.90942,53.6,46.6,42.1
NS,116136,2015-06-19,4:53 AM,Derailment,0,BINGHAMTON,NY,57,4,Dark,Clear,Yard,Freight Train,9,299,0,16708,T110,42.106515,-75.895617,64,65.6,61
CSX,000176146,2018-04-30,5:20 AM,Derailment,0,BIRMINGHAM,AL,65,1,Dawn,Clear,Main,Freight Train,17,179291,0,179291,E4AC,33.509477,-86.81225,59.8,60.9,70.4
CSX,000190058,2020-05-06,8:10 AM,Derailment,0,BIRMINGHAM,AL,62,2,Day,Clear,Yard,Yard/switching,7,190160,27984,218144,T221,33.543607,-86.790089,72.2,61.8,56.7
CSX,000185109,2019-09-03,7:21 PM,Derailment,0,BIRMINGHAM,AL,85,3,Dusk,Clear,Yard,Yard/switching,4,31506,1576,33082,S011,33.543607,-86.790089,80.7,81.8,82.3
BNSF,HL0318120,2018-03-24,10:19 PM,Derailment,0,BIRMINGHAM,MO,37,4,Dark,Cloudy,Main,Freight Train,34,1230033,0,1306736,T219,39.154756,-94.495444,50.9,46.6,39.3
CSX,000168588,2017-04-29,11:09 AM,Derailment,0,BIRMINGHAM,AL,80,2,Day,Clear,Yard,Freight Train,8,127398,20978,148376,E35C,33.543607,-86.790089,76,79.2,72.9
CSX,000170319,2017-07-18,6:28 PM,Derailment,0,BIRMINGHAM,AL,88,2,Day,Clear,Yard,Yard/switching,8,2000,0,19820,H607,33.543607,-86.790089,79.6,80.7,83.4
CSX,000170507,2017-07-25,11:33 PM,Derailment,0,BIRMINGHAM,AL,74,4,Dark,Cloudy,Yard,Yard/switching,3,122462,13553,136015,H999,33.543607,-86.790089,78.1,81.3,80.5
CSX,000168585,2017-04-29,2:27 AM,Side collision,0,BIRMINGHAM,AL,75,4,Dark,Clear,Yard,Yard/switching,5,10000,0,13000,H607,33.543607,-86.79009,76,79.2,72.9
CSX,000170319,2017-07-18,6:28 PM,Derailment,0,BIRMINGHAM,AL,88,2,Day,Clear,Yard,Yard/switching,8,17600,220,19820,H607,33.543607,-86.790089,79.6,80.7,83.4
CSX,000170246,2017-07-15,6:06 PM,Derailment,0,BIRMINGHAM,AL,90,3,Dusk,Clear,Main,Freight Train,5,113643,0,132847,H504,33.543607,-86.790089,79.1,77.5,78.3
CSX,000167219,2017-03-01,10:41 AM,Derailment,0,BIRMINGHAM,AL,70,2,Day,Clear,Yard,Cut of cars,7,31441,125,31566,E4BC,33.543607,-86.790089,63.6,68.3,48.6
CSX,000172938,2017-11-15,10:27 PM,Derailment,0,BIRMINGHAM,AL,65,4,Dark,Clear,Yard,Yard/switching,6,39106,25968,65074,M409,33.543607,-86.790089,52.1,54.4,57
CSX,000168585,2017-04-29,2:27 AM,Side collision,0,BIRMINGHAM,AL,75,4,Dark,Clear,Yard,Yard/switching,0,3000,0,13000,H607,33.543607,-86.79009,76,79.2,72.9
CSX,000158689,2016-04-01,6:00 PM,Other impacts,0,BIRMINGHAM,AL,70,3,Dusk,Clear,Yard,Single Car,4,16505,350,17052,M408,33.513494,-86.803837,67.3,64.8,56.8
CSX,000162175,2016-08-16,10:40 AM,Derailment,0,BIRMINGHAM,AL,85,2,Day,Clear,Yard,Cut of cars,4,15858,210,16068,S013,33.543607,-86.790089,81.9,84.2,82
CSX,000154935,2015-12-06,1:39 AM,Side collision,0,BIRMINGHAM,AL,42,4,Dark,Clear,Yard,Yard/switching,7,59683,0,63284,H607,33.513495,-86.803837,48.9,53.3,52.5
CSX,000162481,2016-08-26,8:55 PM,Side collision,0,BIRMINGHAM,AL,85,4,Dark,Clear,Yard,Cut of cars,3,257175,0,303869,M502,33.537511,-86.790457,83.7,83.4,83.7
CSX,000154935,2015-12-06,1:39 AM,Side collision,0,BIRMINGHAM,AL,42,4,Dark,Clear,Yard,Light loco(s),7,3000,601,63284,H607,33.513495,-86.803837,48.9,53.3,52.5
BNSF,HL0817119,2017-08-21,12:30 PM,Derailment,0,BIRMINGHAM,AL,87,2,Day,Clear,Industry,Yard/switching,7,10000,16900,26900,H514,33.518185,-86.865944,82.3,82.7,79.1
NS,132067,2018-12-15,6:00 PM,Hwy-rail crossing,0,BIRMINGHAM,AL,40,3,Dusk,Rain,Main,,0,0,0,15832,M308,33.481525,-86.863943,55.5,48.9,50.1
BNSF,HL1217104,2017-12-07,12:20 PM,Other impacts,0,BIRMINGHAM,AL,45,2,Day,Cloudy,Yard,Yard/switching,4,78381,0,78381,H020,33.526672,-86.850262,42.4,44.3,33.1
NS,127214,2017-10-28,4:45 PM,Derailment,0,BIRMINGHAM,AL,50,3,Dusk,Clear,Main,Freight Train,5,2496,11202,13698,E61C,33.519411,-86.791682,62.3,49,44
BNSF,HL0817107,2017-08-11,10:24 AM,Derailment,0,BIRMINGHAM,AL,82,2,Day,Cloudy,Yard,Yard/switching,5,25047,8500,33547,H525,33.535779,-86.831382,78.9,76.9,81
CSX,000170434,2017-07-21,11:02 PM,Derailment,0,BIRMINGHAM,AL,85,4,Dark,Clear,Yard,Yard/switching,8,300908,92678,393586,E34C,33.543607,-86.790089,83.3,86.2,83.5
CSX,000158689,2016-04-01,6:00 PM,Other impacts,0,BIRMINGHAM,AL,70,3,Dusk,Clear,Yard,Yard/switching,4,197,0,17052,M408,33.513494,-86.803837,67.3,64.8,56.8
CSX,000171748,2017-09-20,7:32 AM,Other impacts,0,BIRMINGHAM,AL,75,1,Dawn,Clear,Yard,Yard/switching,10,539,0,43534,H318,33.543607,-86.790089,75.3,76.5,78.9
CSX,000145431,2015-04-24,12:58 AM,Derailment,0,BIRMINGHAM,AL,70,4,Dark,Clear,Yard,Yard/switching,4,28549,2120,30669,M599,33.513495,-86.803837,60.5,63.3,68.8
CSX,000161993,2016-08-04,12:41 AM,Other impacts,0,BIRMINGHAM,AL,75,4,Dark,Clear,Yard,Single Car,7,505,0,14679,S016,33.543607,-86.790089,82.7,85.9,84.9
CSX,000148659,2015-07-02,6:00 AM,Derailment,0,BIRMINGHAM,AL,75,4,Dark,Cloudy,Yard,Yard/switching,4,25727,100,25827,H307,33.543695,-86.790082,76.1,79.2,76.7
CSX,000175581,2018-04-02,8:15 AM,Side collision,0,BIRMINGHAM,AL,72,2,Day,Clear,Yard,Freight Train,8,70565,424,70989,H607,33.543607,-86.790089,65.3,68.2,72.4
CSX,000166756,2017-02-13,6:00 PM,Derailment,0,BIRMINGHAM,AL,58,2,Day,Clear,Yard,Cut of cars,10,34287,165,34452,S016,33.543607,-86.790089,66.9,51.3,53.6
CSX,000162661,2016-09-05,10:27 AM,Other impacts,0,BIRMINGHAM,AL,88,2,Day,Clear,Yard,Freight Train,0,3000,0,14471,H607,33.543607,-86.790089,80.8,81.2,80.4
CSX,000152517,2015-09-28,5:42 AM,Derailment,0,BIRMINGHAM,AL,68,1,Dawn,Cloudy,Yard,Freight Train,6,15289,20488,35777,S011,33.543695,-86.790082,71.5,71.5,77.2
CSX,000141979,2015-02-20,1:30 AM,Side collision,0,BIRMINGHAM,AL,21,4,Dark,Cloudy,Yard,Cut of cars,3,107208,21942,209853,H020,33.513495,-86.803837,22.3,27.1,50.7
CSX,000162661,2016-09-05,10:27 AM,Other impacts,0,BIRMINGHAM,AL,88,2,Day,Clear,Yard,Light loco(s),4,11471,0,14471,H607,33.543607,-86.790089,80.8,81.2,80.4
BNSF,HL0916111,2016-09-26,10:46 AM,Derailment,0,BIRMINGHAM,AL,90,2,Day,Clear,Yard,Yard/switching,10,40411,125000,165411,H307,33.528395,-86.846903,84.1,80.8,76.2
CSX,000150076,2015-07-30,9:25 AM,Side collision,0,BIRMINGHAM,AL,90,2,Day,Clear,Yard,Yard/switching,0,0,175900,175900,H020,33.513495,-86.803837,81.5,83.5,80.6
CSX,000145187,2015-04-20,3:18 AM,Derailment,0,BIRMINGHAM,AL,52,4,Dark,Cloudy,Yard,Single Car,1,10794,251,11045,M408,33.543695,-86.790082,69.2,66.8,59.3
CSX,000161993,2016-08-04,12:41 AM,Other impacts,0,BIRMINGHAM,AL,75,4,Dark,Clear,Yard,Single Car,7,13989,185,14679,S016,33.543607,-86.790089,82.7,85.9,84.9
CSX,000174492,2018-02-04,8:19 AM,Derailment,0,BIRMINGHAM,AL,46,2,Day,Rain,Yard,Cut of cars,9,14972,50,15022,H318,33.543607,-86.790089,43.6,46.2,42.1
CSX,000219049,2024-07-02,11:15 PM,Derailment,0,BIRMINGHAM,AL,79,4,Dark,Clear,Yard,Light loco(s),0,4715,0,92345,M404,33.543615,-86.790111,83.8,81.9,85.3
BNSF,SF1015110,2015-10-19,1:52 AM,Derailment,0,BIRMINGHAM,AL,54,4,Dark,Clear,Yard,Cut of cars,0,30598,0,332566,H599,33.526419,-86.850861,53,56.1,60.7
CSX,000171748,2017-09-20,7:32 AM,Other impacts,0,BIRMINGHAM,AL,75,1,Dawn,Clear,Yard,Cut of cars,1,40993,2002,43534,H318,33.543607,-86.790089,75.3,76.5,78.9