reportingrailroadcode,accidentnumber,date,time,accidenttype,hazmatreleasedcars,station,stateabbr,temperature,visibility_code,visibility,weathercondition,tracktype,equipmenttype,trainspeed,equipmentdamagecost,trackdamagecost,totaldamagecost,primaryaccidentcausecode,latitude,longitude,prior_temp,actual_temp,following_temp
BNSF,SF0215109,2015-02-22,10:55 PM,Derailment,0,BIRMINGHAM,AL,51,4,Dark,Rain,Yard,,0,0,5000,17000,H505,33.548063,-86.799844,50.7,48.6,35.7
CSX,000219049,2024-07-02,11:15 PM,Derailment,0,BIRMINGHAM,AL,79,4,Dark,Clear,Yard,Yard/switching,4,83887,3743,92345,M404,33.543615,-86.790111,83.8,81.9,85.3
BNSF,SF1015110,2015-10-19,1:52 AM,Derailment,0,BIRMINGHAM,AL,54,4,Dark,Clear,Yard,Yard/switching,7,101968,200000,332566,H599,33.526419,-86.850861,53,56.1,60.7
NS,127260,2017-11-01,11:50 PM,Derailment,0,BIRMINGHAM,AL,56,4,Dark,Clear,Main,Freight Train,13,69699,500,70199,H520,33.558082,-86.634678,57.6,60.6,67
CSX,000173843,2018-01-05,4:06 AM,Derailment,1,BIRMINGHAM,AL,30,1,Dawn,Clear,Yard,Yard/switching,4,25505,320000,345505,E29C,33.543607,-86.790089,26.4,27,31.3
CSX,000153188,2015-10-13,3:25 PM,Derailment,0,BIRMINGHAM,AL,79,2,Day,Clear,Yard,Light loco(s),2,18534,281,18815,H702,33.513495,-86.803837,66.5,71.7,64.1
CSX,000175581,2018-04-02,8:15 AM,Side collision,0,BIRMINGHAM,AL,72,2,Day,Clear,Yard,Yard/switching,4,0,0,70989,H607,33.543607,-86.790089,65.3,68.2,72.4
CSX,000174140,2018-01-16,6:00 PM,Other impacts,0,BIRMINGHAM,AL,40,3,Dusk,Clear,Yard,Yard/switching,4,30833,0,32633,H018,33.543607,-86.790089,38.2,29.2,18.4
CSX,000140854,2015-01-31,10:52 AM,Derailment,0,BIRMINGHAM,AL,60,2,Day,Clear,Yard,Freight Train,9,152580,502120,654700,S011,33.543695,-86.790082,42.6,44.8,52.3
CSX,000174140,2018-01-16,6:00 PM,Other impacts,0,BIRMINGHAM,AL,40,3,Dusk,Clear,Yard,Cut of cars,3,1800,0,32633,H018,33.543607,-86.790089,38.2,29.2,18.4
CSX,000141979,2015-02-20,1:30 AM,Side collision,0,BIRMINGHAM,AL,21,4,Dark,Cloudy,Yard,Yard/switching,2,80703,0,209853,H020,33.513495,-86.803837,22.3,27.1,50.7
ATK,139911,2015-11-06,2:00 PM,Hwy-rail crossing,0,BIRMINGHAM,AL,78,2,Day,Clear,Main,Passenger Train - Pulling,44,62082,0,62082,M308,33.413958,-86.939731,72.2,73.5,62.4
CSX,000213839,2023-10-01,11:40 PM,Derailment,0,BIRMINGHAM,AL,69,4,Dark,Clear,Yard,Freight Train,3,24832,97,24929,H503,33.543615,-86.790111,75.7,76.1,75.1
BNSF,HL0524107,2024-05-11,12:18 AM,Derailment,0,BIRMINGHAM,AL,65,4,Dark,Clear,Yard,Freight Train,3,27022,19000,46022,H525,33.536138,-86.830759,71.5,66.6,68.8
CSX,000205502,2022-06-11,5:10 PM,Derailment,0,BIRMINGHAM,AL,84,2,Day,Clear,Yard,Yard/switching,4,19551,328,19879,H503,33.543615,-86.790111,73.7,77.8,81.1
NS,146414,2022-09-06,1:30 PM,Other (describe in narrative),0,BIRMINGHAM,AL,80,2,Day,Cloudy,Industry,Yard/switching,3,10920,28843,39763,H307,33.535307,-86.757786,75.2,76.3,74.8
CSX,000199154,2021-07-29,4:28 AM,Derailment,0,BIRMINGHAM,AL,80,4,Dark,Clear,Yard,Yard/switching,7,37677,57269,94946,S011,33.543607,-86.790089,81.9,83.3,82.2
CSX,000205207,2022-05-26,11:36 PM,Other impacts,0,BIRMINGHAM,AL,68,4,Dark,Clear,Yard,Single Car,10,38470,856,123774,H318,33.543615,-86.790111,72.5,70.4,71.8
BNSF,HL0322101,2022-03-01,5:49 AM,Derailment,0,BIRMINGHAM,AL,36,1,Dawn,Clear,Yard,Yard/switching,5,20518,4920,41394,H702,33.527486,-86.848575,48.3,50.3,56.4
CSX,000196845,2021-04-08,12:55 AM,Derailment,0,BIRMINGHAM,AL,39,4,Dark,Clear,Industry,Yard/switching,4,149655,1352,151790,M405,33.543664,-86.809414,71.2,72.3,65.6
CSX,000187283,2019-12-21,2:00 AM,Other impacts,0,BIRMINGHAM,AL,53,4,Dark,Clear,Yard,Yard/switching,10,14622,66248,382258,E34C,33.543607,-86.790089,45.6,49.3,46.6
CSX,000211245,2023-05-09,12:15 AM,Derailment,0,BIRMINGHAM,AL,69,4,Dark,Cloudy,Main,Freight Train,10,7528,5060,12588,E67C,33.484195,-86.828196,76.1,77,75.2
NS,142919,2021-09-22,10:30 PM,Derailment,0,BIRMINGHAM,AL,72,4,Dark,Clear,Main,,0,0,45000,166462,H519,33.508499,-86.814531,78.4,69.2,61.9
ATK,153950,2018-06-26,3:20 PM,Hwy-rail crossing,0,BIRMINGHAM,AL,95,2,Day,Clear,Main,Passenger Train - Pulling,70,1815,0,79230,M308,33.468835,-86.882955,79.1,82.8,79.7
CSX,000192726,2020-09-18,3:35 PM,Other impacts,0,BIRMINGHAM,AL,80,2,Day,Clear,Main,Cut of cars,8,0,0,17201,H018,33.543607,-86.790089,77.6,73.5,69.6
NS,151489,2022-11-17,1:10 PM,Hwy-rail crossing,0,BIRMINGHAM,AL,48,2,Day,Clear,Main,,0,0,16000,40156,M308,33.49963,-86.833102,43.3,35.7,38.7
NS,146356,2022-09-01,8:30 AM,Derailment,0,BIRMINGHAM,AL,72,2,Day,Clear,Yard,Yard/switching,2,26500,761,27261,S016,33.556422,-86.664184,79.3,77.7,79.7
CSX,000203598,2022-03-14,10:10 AM,Derailment,0,BIRMINGHAM,AL,66,2,Day,Clear,Yard,Freight Train,10,12158,291,33476,E4BC,33.512358,-86.806415,40.6,52.8,56.2
CSX,000204504,2022-04-24,3:15 AM,Side collision,0,BIRMINGHAM,AL,65,4,Dark,Clear,Yard,Cut of cars,4,3500,132,20186,E08C,33.543615,-86.790111,72.8,73.1,74
CSX,000200249,2021-09-22,11:50 PM,Derailment,0,BIRMINGHAM,AL,58,4,Dark,Clear,Main,Freight Train,14,121039,423,166462,H519,33.509477,-86.81225,78.4,69.2,61.9
NS,132078,2018-12-17,12:30 AM,Derailment,0,BIRMINGHAM,AL,40,4,Dark,Cloudy,Main,,0,0,1445,29050,H507,33.542389,-86.808522,50.1,48.9,45.9
CSX,000200989,2021-10-29,8:34 PM,Other impacts,0,BIRMINGHAM,AL,58,4,Dark,Rain,Yard,Yard/switching,0,122139,0,136801,H020,33.543607,-86.790089,62.3,53.5,55.5
CSX,000207444,2022-09-23,3:15 PM,Derailment,0,BIRMINGHAM,AL,90,2,Day,Clear,Yard,Cut of cars,7,11572,0,11572,H318,33.543615,-86.790111,80.1,69.3,72.6
CSX,000204504,2022-04-24,3:15 AM,Side collision,0,BIRMINGHAM,AL,65,4,Dark,Clear,Yard,Yard/switching,0,16554,0,20186,E08C,33.543615,-86.790111,72.8,73.1,74
CSX,000206071,2022-07-12,8:33 AM,Derailment,0,BIRMINGHAM,AL,91,2,Day,Clear,Main,Freight Train,9,32208,23210,55418,E67C,33.47072,-86.84623,80.8,82.2,80.2
CSX,000187283,2019-12-21,2:00 AM,Other impacts,0,BIRMINGHAM,AL,53,4,Dark,Clear,Yard,Cut of cars,25,301388,0,382258,E34C,33.543607,-86.790089,45.6,49.3,46.6
BNSF,HL0322101,2022-03-01,5:49 AM,Derailment,0,BIRMINGHAM,AL,36,1,Dawn,Clear,Yard,Yard/switching,4,15956,0,41394,H702,33.527486,-86.848575,48.3,50.3,56.4
CSX,000212859,2023-08-10,9:02 PM,Side collision,0,BIRMINGHAM,AL,85,3,Dusk,Clear,Yard,Freight Train,0,44011,0,48514,H306,33.543615,-86.790111,78,77.8,82.2
BNSF,HL1020108,2020-10-10,3:31 PM,Derailment,0,BIRMINGHAM,AL,75,2,Day,Clear,Yard,,0,0,4500,12500,H519,33.537027,-86.829305,70.5,71.6,71.1
NS,144792,2022-03-14,10:10 AM,Derailment,0,BIRMINGHAM,AL,60,2,Day,Cloudy,Yard,,0,0,21027,33476,E4BC,33.512358,-86.806415,40.6,52.8,56.2
BNSF,HL0918116,2018-09-17,12:40 PM,Other impacts,0,BIRMINGHAM,AL,89,2,Day,Clear,Yard,Yard/switching,5,17751,0,17751,H318,33.534312,-86.833307,81.7,81,82
CSX,000207062,2022-09-04,1:00 PM,Derailment,0,BIRMINGHAM,AL,85,2,Day,Rain,Main,Freight Train,18,15314,15177,30491,E62C,33.473791,-86.83988,79.2,75.1,75.2
CSX,000200989,2021-10-29,8:34 PM,Other impacts,0,BIRMINGHAM,AL,58,4,Dark,Rain,Yard,Cut of cars,10,14498,164,136801,H020,33.543607,-86.790089,62.3,53.5,55.5
CSX,000205207,2022-05-26,11:36 PM,Other impacts,0,BIRMINGHAM,AL,68,4,Dark,Clear,Yard,Yard/switching,10,84448,0,123774,H318,33.543615,-86.790111,72.5,70.4,71.8
BNSF,HL0322104,2022-03-07,3:15 PM,Derailment,0,BIRMINGHAM,AL,65,2,Day,Clear,Yard,Freight Train,5,38619,6237,44856,H503,33.533761,-86.834812,69.4,64.9,48.5
ATK,172772,2022-11-17,1:10 PM,Hwy-rail crossing,0,BIRMINGHAM,AL,44,2,Day,Clear,Main,Passenger Train - Pulling,62,24156,0,40156,M308,33.499629,-86.833102,43.3,35.7,38.7
CSX,000193698,2020-11-09,5:50 PM,Other impacts,0,BIRMINGHAM,AL,74,3,Dusk,Clear,Yard,Single Car,10,46226,0,71699,H018,33.543607,-86.790089,70.3,71.8,71.3
CSX,000192726,2020-09-18,3:35 PM,Other impacts,0,BIRMINGHAM,AL,80,2,Day,Clear,Main,Freight Train,0,17201,0,17201,H018,33.543607,-86.790089,77.6,73.5,69.6
NS,129997,2018-06-26,3:20 PM,Hwy-rail crossing,0,BIRMINGHAM,AL,95,2,Day,Clear,Main,,0,0,77415,79230,M308,33.468741,-86.883005,79.1,82.8,79.7
BNSF,HL0521112,2021-05-27,8:35 AM,Derailment,0,BIRMINGHAM,AL,75,1,Dawn,Clear,Yard,Yard/switching,5,1810,10600,12410,H307,33.527288,-86.848753,76.5,76.1,75.9
ATK,156753,2018-12-15,5:59 PM,Hwy-rail crossing,0,BIRMINGHAM,AL,48,4,Dark,Cloudy,Main,Passenger Train - Pulling,76,15832,0,15832,M308,33.483736,-86.860532,55.5,48.9,50.1
NS,129924,2018-06-17,4:15 AM,Other (describe in narrative),0,BIRMINGHAM,AL,62,1,Dawn,Clear,Main,Freight Train,10,75000,0,75000,M406,33.504791,-86.822327,81.1,77,80.1
BNSF,HL0421125,2021-04-08,12:55 AM,Derailment,0,BIRMINGHAM,AL,65,4,Dark,Clear,Yard,,0,0,783,151790,M405,33.543664,-86.809414,71.2,72.3,65.6
ATN,ATN202860,2020-12-09,4:00 AM,Side collision,0,BIRMINGHAM,AL,32,1,Dawn,Clear,Yard,Freight Train,4,29359,0,38371,H305,33.543607,-86.790089,38.3,45.9,51.8
NS,120363,2016-05-03,10:15 PM,Hwy-rail crossing,0,BIRMINGHAM,AL,62,4,Dark,Clear,Main,Freight Train,42,1010,198872,199882,M308,33.486908,-86.855613,69.7,66.9,61.9
BNSF,SF0516109,2016-05-18,2:00 AM,Derailment,0,BIRMINGHAM,AL,71,4,Dark,Rain,Industry,Yard/switching,9,27107,19000,46107,M501,33.534913,-86.858056,71.9,71.9,69.3
CSX,000200790,2021-10-20,1:42 AM,Other impacts,0,BIRMINGHAM,AL,56,4,Dark,Clear,Yard,Freight Train,7,185045,1486,213361,H306,33.543607,-86.790089,60.1,66.8,71.5
CSX,000194339,2020-12-09,4:00 AM,Side collision,0,BIRMINGHAM,AL,32,1,Dawn,Clear,Yard,Freight Train,0,9012,0,38371,H305,33.543607,-86.790089,38.3,45.9,51.8
CSX,000200790,2021-10-20,1:42 AM,Other impacts,0,BIRMINGHAM,AL,56,4,Dark,Clear,Yard,Cut of cars,0,26830,0,213361,H306,33.543607,-86.790089,60.1,66.8,71.5
BNSF,HL0418117,2018-04-23,5:54 PM,Derailment,0,BIRMINGHAM,AL,65,3,Dusk,Clear,Yard,Yard/switching,7,28939,1000,29939,H607,33.527498,-86.847163,63.6,63.3,61
CSX,000193164,2020-10-10,3:30 PM,Derailment,0,BIRMINGHAM,AL,70,2,Day,Cloudy,Yard,Freight Train,5,8000,0,12500,T001,33.529087,-86.790902,70.5,71.6,71.1
CSX,000176943,2018-06-11,5:45 AM,Side collision,0,BIRMINGHAM,AL,85,4,Dark,Clear,Yard,Yard/switching,6,67677,250,99910,T001,33.543607,-86.790089,76.8,74.8,75.3
CSX,000168858,2017-05-12,2:11 AM,Derailment,0,BIRMINGHAM,AL,75,4,Dark,Clear,Yard,Single Car,3,66408,40296,349677,T206,33.543607,-86.790089,75.6,72.3,69.2
CSX,000201509,2021-11-23,4:35 PM,Derailment,0,BIRMINGHAM,AL,44,3,Dusk,Clear,Yard,Yard/switching,4,209897,0,289897,T207,33.4914,-86.9824,52.5,41.4,47.9
CSX,000168858,2017-05-12,2:11 AM,Derailment,0,BIRMINGHAM,AL,75,4,Dark,Clear,Yard,Freight Train,9,242973,0,349677,T206,33.543607,-86.790089,75.6,72.3,69.2
NS,131942,2018-12-06,1:21 AM,Derailment,0,BIRMINGHAM,AL,23,4,Dark,Clear,Main,Freight Train,15,506655,309166,815821,T207,33.550256,-86.671706,34.5,38.4,44.5
CSX,000175655,2018-04-04,7:30 PM,Derailment,0,BIRMINGHAM,AL,75,3,Dusk,Clear,Yard,Yard/switching,5,53849,10254,64103,T206,33.543607,-86.790089,72.4,54.8,52.2
NS,124608,2017-04-05,12:00 PM,Derailment,0,BIRMINGHAM,AL,76,2,Day,Cloudy,Yard,Freight Train,6,1500,24380,25880,T110,33.548444,-86.809408,70.6,69.5,55.3
NS,155980,2024-01-12,11:30 AM,Derailment,0,BIRMINGHAM,AL,45,2,Day,Clear,Main,Freight Train,0,0,10600,13449,T308,33.508499,-86.814531,52.4,53.8,36.4
CSX,000175811,2018-04-14,11:28 AM,Derailment,0,BIRMINGHAM,AL,70,2,Day,Clear,Yard,Freight Train,4,14812,1444,16256,T299,33.543607,-86.790089,69.1,68.3,50.7
CSX,000180345,2018-12-17,12:30 AM,Derailment,0,BIRMINGHAM,AL,51,4,Dark,Cloudy,Main,Freight Train,6,11000,0,29050,T316,33.529087,-86.790902,50.1,48.9,45.9
BNSF,HL1218113,2018-12-17,12:30 AM,Derailment,0,BIRMINGHAM,AL,51,4,Dark,Cloudy,Main,Freight Train,0,0,16605,29050,T317,33.542822,-86.80881,50.1,48.9,45.9
CSX,000180452,2018-12-22,1:15 AM,Derailment,0,BIRMINGHAM,AL,41,4,Dark,Clear,Yard,Cut of cars,0,80372,0,143415,T207,33.543607,-86.790089,42.7,43,51.6
CSX,000183183,2019-05-26,4:10 PM,Derailment,0,BIRMINGHAM,AL,81,2,Day,Clear,Yard,Freight Train,7,5590,48340,53930,T101,33.496574,-86.819192,81.1,81.4,82.7
CSX,000180452,2018-12-22,1:15 AM,Derailment,0,BIRMINGHAM,AL,41,4,Dark,Clear,Yard,Freight Train,10,56191,6852,143415,T207,33.543607,-86.790089,42.7,43,51.6
EARY,EAR706520,2020-12-18,10:00 AM,Derailment,0,BIRMINGHAM,AL,30,2,Day,Clear,Main,Yard/switching,5,20000,22500,42500,T110,33.159045,-86.297854,36.3,37.6,44
CSX,000173977,2018-01-11,3:55 AM,Derailment,0,BIRMINGHAM,AL,54,4,Dark,Clear,Yard,Single Car,5,16801,106,16907,T001,33.543607,-86.790089,59.8,64.7,44
CSX,000215534,2024-01-12,11:30 AM,Derailment,0,BIRMINGHAM,AL,51,2,Day,Rain,Main,Freight Train,4,1800,1049,13449,T308,33.508499,-86.814531,52.4,53.8,36.4
CSX,000176943,2018-06-11,5:45 AM,Side collision,0,BIRMINGHAM,AL,85,4,Dark,Clear,Yard,Yard/switching,0,31983,0,99910,T001,33.543607,-86.790089,76.8,74.8,75.3
NS,155814,2024-02-20,1:15 PM,Derailment,0,BIRMINGHAM,AL,72,2,Day,Clear,Yard,Work train,7,2500,22000,24500,T314,33.546844,-86.805147,42,48.3,55.1
CSX,000207575,2022-10-02,4:40 AM,Derailment,0,BIRMINGHAM,AL,50,1,Dawn,Clear,Yard,Freight Train,10,61132,1908,63040,T311,33.551928,-86.790377,62.2,64.8,66.9
CSX,000144968,2015-02-22,10:55 PM,Derailment,0,BIRMINGHAM,AL,51,4,Dark,Rain,Yard,Yard/switching,10,12000,0,17000,T111,33.548063,-86.799844,50.7,48.6,35.7
CSX,000164422,2016-11-15,3:00 AM,Derailment,0,BIRMINGHAM,AL,42,4,Dark,Clear,Yard,Yard/switching,4,14022,1342,15364,T207,33.509477,-86.81225,53.4,54.8,57.2
UP,1218GC028,2018-12-12,10:45 AM,Hwy-rail crossing,0,BISHOP,TX,65,2,Day,Cloudy,Main,Freight Train,36,71727,66,71793,M303,27.62792,-97.773902,51.7,63.7,66.6
UP,1214HO014,2014-12-03,10:38 AM,Hwy-rail crossing,0,BISHOP,TX,60,2,Day,Cloudy,Main,,0,0,35231,36631,M304,27.564295,-97.82506,50.5,60.9,68.4
KCS,14120301,2014-12-03,10:38 AM,Hwy-rail crossing,0,BISHOP,TX,60,2,Day,Cloudy,Main,Freight Train,43,1400,0,36631,M304,27.571722,-97.816543,50.5,60.9,68.4
DMVW,DE042123,2023-04-21,7:00 AM,Derailment,0,BISMARCK,ND,30,1,Dawn,Snow,Main,Freight Train,3,1193,18029,19222,H306,46.80566,-100.756993,34.5,31.6,35.4
BNSF,TC0821104,2021-08-08,3:39 PM,Derailment,0,BISMARCK,ND,100,2,Day,Clear,Main,Freight Train,36,1307842,590051,1897893,T109,46.791713,-100.723731,73.7,78.9,75.5
WC,1125152,2023-02-13,12:49 PM,Other (describe in narrative),0,BIWABIK,MN,36,2,Day,Clear,Main,Maint./inspect Car,5,135494,0,135494,H993,47.524156,-92.356224,32.4,30.5,31.2
LSRC,D160710,2016-07-10,5:56 AM,Derailment,0,BLACK RIVER,MI,70,1,Dawn,Clear,Main,Freight Train,10,21251,8259,29510,M405,44.830323,-83.306983,68.1,68.7,71.6
UP,0624RM017,2024-06-21,6:17 PM,Derailment,0,BLACKFOOT,ID,84,3,Dusk,Clear,Industry,Freight Train,5,13902,1760,15662,H210,43.208319,-112.388775,61.7,67,71.5
CSX,000191109,2020-06-30,7:53 AM,Hwy-rail crossing,0,BLACKSHEAR,GA,79,1,Dawn,Cloudy,Main,Freight Train,50,60330,97,60427,M303,31.275066,-82.276201,86,81.6,79.8
CSX,000166951,2017-02-10,10:30 AM,Other (describe in narrative),0,BLACKSHEAR,GA,70,2,Day,Clear,Main,Freight Train,40,27000,0,27000,M204,31.343882,-82.18988,64.4,50.6,61.8
NS,113928,2015-01-20,11:25 AM,Derailment,0,BLACKSTONE,VA,48,2,Day,Cloudy,Main,Freight Train,8,42000,99465,141465,T319,37.106618,-77.957269,43.2,43.7,36.9
NS,135832,2019-10-14,10:30 PM,Derailment,0,BLACKSVILLE,WV,39,4,Dark,Clear,Industry,Freight Train,1,0,18157,18157,M101,39.715491,-80.191126,48.2,53.1,54.6
NS,125060,2017-05-15,5:55 PM,Derailment,0,BLACKSVILLE,WV,65,3,Dusk,Clear,Industry,Freight Train,2,12000,596,12596,M101,39.715491,-80.191126,60.4,56.8,63.8
UP,0416WH005,2016-04-26,10:08 PM,Derailment,0,BLACKWELL,AR,75,4,Dark,Cloudy,Main,Freight Train,37,7069,230357,237426,E62C,35.240896,-92.997681,69,74.3,70.3
UP,0819GL030,2019-08-19,1:43 AM,Derailment,0,BLAIR,NE,66,4,Dark,Clear,Main,Freight Train,34,21875,20736,42611,M503,41.545408,-96.137051,72.4,75.5,82.8
UP,0516CB008,2016-05-22,12:19 AM,Hwy-rail crossing,0,BLAIR,NE,62,4,Dark,Clear,Main,Freight Train,39,455,25275,25730,M301,41.542695,-96.155949,60.5,70.1,70.3
UP,0323GL012,2023-03-12,1:30 AM,Derailment,0,BLAIR,NE,31,4,Dark,Cloudy,Industry,Freight Train,8,350819,1036,351855,T113,41.54992,-96.106234,31.4,26.7,23.8
UP,0222GL008,2022-02-11,8:54 PM,Derailment,0,BLAIR,NE,20,4,Dark,Clear,Main,Freight Train,34,857219,933962,1791181,T202,41.546778,-96.114441,37,32.9,15.5
NS,136957,2018-07-27,11:56 PM,Obstruction,0,BLAIRS,VA,73,4,Dark,Cloudy,Main,,0,0,0,27718,M404,36.698681,-79.389351,75.4,78.1,78.2
ATK,154488,2018-07-27,11:56 PM,Obstruction,0,BLAIRS,VA,73,4,Dark,Cloudy,Main,Passenger Train - Pulling,59,27718,0,27718,M404,36.698681,-79.389351,75.4,78.1,78.2
NS,123600,2017-01-17,1:15 AM,Derailment,0,BLAIRSVILLE,PA,36,4,Dark,Rain,Main,Yard/switching,10,3500,14781,18281,M599,40.429945,-79.250669,32.6,49.2,39.8
NS,114013,2015-01-22,2:00 PM,Raking collision,0,BLAIRSVILLE,PA,30,2,Day,Cloudy,Siding,Freight Train,0,38939,0,38939,M507,40.428804,-79.25158,30.9,29.3,28.6
BNSF,MT0723102,2023-07-13,5:45 AM,Other (describe in narrative),0,BLAISDELL,ND,60,1,Dawn,Clear,Main,Spec. MoW Equip.,0,16270,0,17770,M402,48.337677,-102.090632,58,66.6,65
BNSF,MT0723102,2023-07-13,5:45 AM,Other (describe in narrative),0,BLAISDELL,ND,60,1,Dawn,Clear,Main,Freight Train,44,1500,0,17770,M402,48.337677,-102.090632,58,66.6,65
BNSF,MT0322101,2022-03-11,6:09 AM,Other (describe in narrative),0,BLAISDELL,ND,-13,1,Dawn,Clear,Siding,Cut of cars,3,0,49455,49455,H020,48.337904,-102.089326,1.9,-6.1,20.6
HAL,HAL891916,2016-06-13,3:22 PM,Derailment,0,BLAKELY,GA,92,2,Day,Clear,Main,Freight Train,20,134000,50000,184000,M599,31.39624,-84.90733,83.1,85.9,83.6
NS,137134,2020-02-11,11:05 AM,Hwy-rail crossing,0,BLAWNOX,PA,32,2,Day,Snow,Main,Freight Train,37,8755,25200,33955,M303,40.489624,-79.863921,42.3,35.8,32.5
UP,0218PD019,2018-02-17,11:15 PM,Derailment,0,BLISS,ID,34,4,Dark,Cloudy,Main,Freight Train,15,7743,11398,19141,E21C,42.924864,-115.0833,30.1,40.8,34.1
PNWR,PNW643514D,2014-10-24,11:40 PM,Derailment,0,BLODGETT,OR,60,4,Dark,Fog,Main,Freight Train,10,20000,18336,38336,T113,44.605,-123.526111,56.7,52.4,54.5
UP,0716SL003,2016-07-07,1:35 AM,Derailment,0,BLOOMFIELD,MO,75,4,Dark,Clear,Main,Freight Train,25,61888,539389,601277,H306,36.937589,-89.863186,78.9,80.8,80.6
UP,1116SL003,2016-11-02,2:40 PM,Derailment,0,BLOOMFIELD,MO,70,2,Day,Clear,Industry,Freight Train,4,11968,3230,15198,T111,36.962416,-89.866698,70.3,67.5,66
UP,0222MA026,2022-02-15,9:05 AM,Derailment,0,BLOOMFIELD,MO,54,2,Day,Clear,Main,Freight Train,35,24851,656554,681405,T318,36.949995,-89.868969,34.1,46.5,57.8
IORY,IOR488223R,2023-07-26,3:30 AM,Derailment,0,BLOOMINGBURG,OH,70,4,Dark,Clear,Industry,Freight Train,6,20000,0,20000,H210,39.59328,-83.396768,72.1,77.9,79.4
IORY,IOR826021O,2021-07-10,5:15 PM,Derailment,0,BLOOMINGBURG,OH,72,2,Day,Clear,Main,,0,0,2500,11225,E89C,39.681183,-83.308817,69.5,67.1,72.4
WE,230013,2023-02-09,6:25 PM,Fire/violent rupture,0,BLOOMINGDALE,OH,67,3,Dusk,Cloudy,Main,Freight Train,24,39171,0,39171,E74L,40.300859,-80.79149,43.3,58.1,40.6
UP,0817HO037,2017-08-26,3:22 PM,Derailment,0,BLOOMINGTON,TX,80,2,Day,Rain,Yard,Cut of cars,10,38535,1013,39548,M105,28.646935,-96.892337,76.4,76.4,76
UP,0517HO033,2017-05-18,9:42 PM,Derailment,0,BLOOMINGTON,TX,80,4,Dark,Clear,Main,Freight Train,5,54629,109740,164369,S011,28.647002,-96.892393,77.5,81.1,81.3
UP,0822GC017,2022-08-19,10:20 PM,Derailment,0,BLOOMINGTON,TX,77,4,Dark,Clear,Yard,Yard/switching,10,1680,213100,214780,H303,28.64368,-96.897226,84.4,80.9,84.3
UP,0815SL004,2015-08-05,11:15 AM,Hwy-rail crossing,0,BLOOMINGTON,IL,79,2,Day,Clear,Main,Spec. MoW Equip.,10,33674,12630,46304,M308,40.363659,-89.112487,73.2,73.9,73.2
CSX,000204823,2022-05-09,12:20 AM,Derailment,0,BLOOMINGTON,MD,44,4,Dark,Clear,Main,Freight Train,10,20791,576,21367,E79L,39.485127,-79.075794,49.8,52.9,56.9
PGR,06022021,2021-06-02,12:40 PM,Derailment,0,BLOOMINGTON,MN,74,2,Day,Clear,Main,Freight Train,9,19440,5000,24440,T110,44.833159,-93.308808,67.3,70.1,78.3
NS,153889,2023-08-11,11:55 AM,Derailment,0,BLOOMSBURY,NJ,82,2,Day,Clear,Siding,Single Car,0,1000,1280,52280,M201,40.661381,-75.033704,69.5,72.4,73
NS,153889,2023-08-11,11:55 AM,Derailment,0,BLOOMSBURY,NJ,82,2,Day,Clear,Siding,Single Car,2,50000,0,52280,M201,40.661381,-75.033704,69.5,72.4,73
NIRC,9419000925,2022-07-21,12:49 PM,Derailment,0,BLUE ISLAND,IL,85,2,Day,Clear,Main,,0,0,53120,57620,E69C,41.640918,-87.694434,82.1,82,80.6
IAIS,2022025,2022-07-21,12:49 PM,Derailment,0,BLUE ISLAND,IL,90,2,Day,Clear,Main,Freight Train,10,4500,0,57620,E69C,41.641461,-87.693784,82.1,82,80.6
CSX,000167287,2017-03-07,5:15 PM,Derailment,0,BLUE ISLAND,IL,46,2,Day,Clear,Main,Freight Train,3,40585,975,41560,H525,41.640237,-87.671944,55.7,50.4,45.4
NIRC,2017070454,2017-11-21,11:30 PM,Other impacts,0,BLUE ISLAND,IL,30,4,Dark,Clear,Yard,Yard/switching,5,54068,0,54068,H018,41.656106,-87.67653,41.3,38.1,28.9
NIRC,9419000975,2022-08-06,9:15 AM,Derailment,0,BLUE ISLAND,IL,91,2,Day,Clear,Main,Commuter Train - Pulling,11,8716,16626,25342,H602,41.65578,-87.67688,79.2,83.4,79.3
CSX,000193806,2020-11-13,1:57 AM,Hwy-rail crossing,0,BLUE ISLAND,IL,35,4,Dark,Clear,Main,Freight Train,6,38377,17100,55477,M308,41.646926,-87.680481,42.5,36.9,37.5
NIRC,2018070653,2018-04-15,5:04 PM,Hwy-rail crossing,0,BLUE ISLAND,IL,34,3,Dusk,Rain,Main,Commuter Train - Pushing,70,30312,0,30312,M308,41.67755,-87.66651,39.6,35.9,31.1
NIRC,9419000098,2021-02-15,8:25 PM,Derailment,0,BLUE ISLAND,IL,10,4,Dark,Snow,Siding,EMU,3,5317,12606,17923,M101,41.655749,-87.676108,1.2,7.8,14
NIRC,MEI127,2015-11-11,8:46 PM,Other (describe in narrative),0,BLUE ISLAND,IL,55,4,Dark,Rain,Main,EMU,30,31564,7369,38933,M404,41.669373,-87.660627,45.9,52.3,46.4
NIRC,RII053,2015-09-13,10:50 AM,Derailment,0,BLUE ISLAND,IL,60,2,Day,Clear,Main,Commuter Train - Pulling,8,6418,7153,13571,M507,41.498299,-87.9077,57.3,59.6,66.9
NIRC,2019071296,2019-03-07,6:00 PM,Other impacts,0,BLUE ISLAND,IL,26,3,Dusk,Clear,Yard,EMU,6,13373,14167,27540,H307,41.656139,-87.675853,20.7,23.5,30.7