reportingrailroadcode,accidentnumber,date,time,accidenttype,hazmatreleasedcars,station,stateabbr,temperature,visibility_code,visibility,weathercondition,tracktype,equipmenttype,trainspeed,equipmentdamagecost,trackdamagecost,totaldamagecost,primaryaccidentcausecode,latitude,longitude,prior_temp,actual_temp,following_temp
IAIS,2015056,2015-06-18,9:30 PM,Derailment,0,BLUE ISLAND,IL,70,4,Dark,Clear,Yard,Freight Train,5,49014,0,76031,T319,41.672614,-87.668178,63.9,72.7,61.1
CRL,CRL151185,2015-06-18,9:30 PM,Derailment,0,BLUE ISLAND,IL,70,4,Dark,Clear,Yard,Freight Train,0,0,27017,76031,T319,41.672614,-87.668178,63.9,72.7,61.1
NIRC,2019071440,2019-06-26,6:30 PM,Derailment,0,BLUE ISLAND,IL,76,3,Dusk,Clear,Main,Commuter Train - Pulling,11,34302,16093,50395,T112,41.643186,-87.6916,74.5,77.2,76.8
CRL,CRL161576,2016-09-14,2:05 AM,Derailment,0,BLUE ISLAND,IL,68,4,Dark,Clear,Yard,Freight Train,0,0,12201,14142,T311,41.669823,-87.669913,72.9,69.7,69.7
IAIS,2016045,2016-09-14,2:05 AM,Derailment,0,BLUE ISLAND,IL,68,4,Dark,Clear,Yard,Freight Train,5,1941,0,14142,T311,41.669823,-87.669913,72.9,69.7,69.7
CRL,CRL161393,2016-01-21,9:50 AM,Derailment,0,BLUE ISLAND,IL,28,2,Day,Clear,Yard,Freight Train,0,0,28000,166250,T314,41.672232,-87.668621,17.6,20.4,27.6
NIRC,RII010,2015-02-23,8:38 PM,Derailment,0,BLUE ISLAND,IL,5,4,Dark,Cloudy,Yard,Yard/switching,6,1010,12551,13561,T399,41.655933,-87.675996,19.8,6,17.7
IAIS,202359,2023-10-15,9:55 AM,Derailment,0,BLUE ISLAND,IL,53,2,Day,Cloudy,Yard,Freight Train,8,400000,0,417817,T210,41.659014,-87.675394,53.6,51.4,51.2
IAIS,2016005,2016-01-21,9:50 AM,Derailment,0,BLUE ISLAND,IL,28,2,Day,Clear,Yard,Yard/switching,1,95000,0,166250,T314,41.672232,-87.668621,17.6,20.4,27.6
IAIS,2016005,2016-01-21,9:50 AM,Derailment,0,BLUE ISLAND,IL,28,2,Day,Clear,Yard,Freight Train,7,43250,0,166250,T314,41.672232,-87.668621,17.6,20.4,27.6
NIRC,9419001797,2023-10-15,9:55 AM,Derailment,0,BLUE ISLAND,IL,53,2,Day,Cloudy,Yard,Freight Train,0,0,17817,417817,T210,41.659014,-87.675394,53.6,51.4,51.2
RNA,09032015,2015-09-03,12:45 PM,Derailment,0,BLUE MOUNTAIN,MS,90,2,Day,Clear,Main,Freight Train,5,18932,10800,29732,T101,34.649091,-89.024152,77.7,79.1,79.9
BNSF,SF0315126,2015-03-26,10:30 AM,Derailment,0,BLUE SPRINGS,MS,63,2,Day,Clear,Siding,Freight Train,3,13865,2300,16165,E02C,34.417039,-88.919757,63.9,59.3,43.7
KFR,KFR171716,2017-04-06,10:10 PM,Derailment,0,BLUECREEK,WA,40,4,Dark,Rain,Main,Freight Train,23,200000,200000,400000,T001,48.183491,-117.472859,47.9,48.4,50.1
NS,144237,2022-01-31,1:37 AM,Derailment,0,BLUEFIELD,VA,19,4,Dark,Clear,Main,Freight Train,1,359454,5013,364467,H514,37.25988,-81.283262,23.2,32.6,34
NS,157059,2024-06-14,12:17 AM,Hwy-rail crossing,0,BLUFF CITY,TN,68,4,Dark,Clear,Main,Freight Train,31,200,16500,16700,M302,36.463621,-82.27339,73.7,74.9,76.3
FWWR,22102201,2022-10-22,2:20 AM,Derailment,0,BLUFF DALE,TX,68,4,Dark,Clear,Main,Freight Train,36,667000,45800,712800,H993,32.313114,-98.120236,68.7,74.2,76.1
RCPE,RCP402217G,2017-08-17,3:17 PM,Hwy-rail crossing,0,BLUNT,SD,80,2,Day,Clear,Main,Freight Train,10,11415,0,11415,M308,44.512318,-99.996872,66.1,68.1,70.1
BNSF,HL1018119,2018-10-24,7:45 PM,Side collision,0,BLYTHEVILLE,AR,52,3,Dusk,Clear,Yard,Freight Train,0,80000,2500,83077,H306,35.920952,-89.826261,56.5,52.6,53.3
BNSF,SF0915110,2015-09-22,1:31 AM,Derailment,0,BLYTHEVILLE,AR,57,4,Dark,Clear,Main,Freight Train,12,20000,164704,184704,H607,35.912226,-89.905478,69.2,68.4,69.9
BNSF,HL0122117,2022-01-28,9:42 PM,Derailment,0,BLYTHEVILLE,AR,15,4,Dark,Clear,Yard,Freight Train,5,6531,22000,28531,E64C,35.920766,-89.905458,32.7,32.8,28.4
BNSF,HL0923103,2023-09-03,4:55 AM,Derailment,0,BLYTHEVILLE,AR,75,1,Dawn,Clear,Main,Yard/switching,5,611,11068,11679,H702,35.914275,-89.905492,79.2,80.3,82.1
BNSF,HL0622109,2022-06-15,9:17 PM,Derailment,0,BLYTHEVILLE,AR,90,4,Dark,Clear,Yard,Freight Train,10,12600,2000,14600,E46C,35.921914,-89.888053,87.9,86.6,88.4
BNSF,HL1018119,2018-10-24,7:45 PM,Side collision,0,BLYTHEVILLE,AR,52,3,Dusk,Clear,Yard,Freight Train,5,577,0,83077,H306,35.920952,-89.826261,56.5,52.6,53.3
BNSF,HL0724113,2024-07-14,1:40 AM,Derailment,0,BLYTHEVILLE,AR,78,4,Dark,Clear,Yard,Freight Train,6,621,48190,48811,H607,35.920953,-89.826799,83.4,84,84.1
BNSF,SF1114105,2014-11-11,11:30 AM,Derailment,1,BLYTHEVILLE,AR,40,2,Day,Clear,Yard,Yard/switching,10,26448,12000,38448,T207,35.92091,-89.82489,58,52.1,35.9
BNSF,HL0623102,2023-06-05,2:53 PM,Derailment,0,BLYTHEVILLE,AR,85,2,Day,Clear,Yard,Freight Train,7,25312,90000,115312,T001,35.921069,-89.840192,80.7,80,76.6
UP,0917PD021,2017-09-16,3:55 PM,Derailment,0,BOARDMAN,OR,75,2,Day,Cloudy,Industry,Freight Train,7,17574,32608,50182,M404,45.842464,-119.61965,57.7,55.9,61.3
BLF,20180039,2018-02-14,8:11 PM,Hwy-rail crossing,0,BOCA RATON,FL,75,4,Dark,Clear,Main,Passenger Train - Pulling,22,20532,0,20692,M303,26.340083,-80.089584,76.8,76.2,74.3
BLF,20190226,2019-06-07,9:54 PM,Hwy-rail crossing,0,BOCA RATON,FL,80,4,Dark,Clear,Main,Passenger Train - Pulling,78,29025,0,43086,M303,26.330134,-80.092852,84.7,83.1,80.9
FEC,D23052919,2019-05-29,1:20 AM,Derailment,0,BOCA RATON,FL,75,4,Dark,Clear,Main,Freight Train,37,3123,194228,197351,E53C,26.417228,-80.07742,81,82,83.2
FEC,X07021418,2018-02-14,8:11 PM,Hwy-rail crossing,0,BOCA RATON,FL,75,4,Dark,Clear,Main,,0,0,160,20692,M303,26.340083,-80.089584,76.8,76.2,74.3
FEC,X20060719,2019-06-07,9:54 PM,Hwy-rail crossing,0,BOCA RATON,FL,80,4,Dark,Clear,Main,,0,0,14061,43086,M303,26.330134,-80.092852,84.7,83.1,80.9
BLF,20244023,2024-01-27,6:57 PM,Hwy-rail crossing,0,BOCA RATON,FL,70,4,Dark,Clear,Main,Passenger Train - Pulling,62,41449,0,42623,M308,26.340899,-80.089517,77.5,78.1,75.2
FEC,X07012724,2024-01-27,6:57 PM,Hwy-rail crossing,0,BOCA RATON,FL,70,4,Dark,Clear,Main,,0,0,1174,42623,M308,26.340899,-80.089517,77.5,78.1,75.2
BNSF,KS1023105,2023-10-13,3:43 AM,Derailment,0,BOISE CITY,OK,42,4,Dark,Clear,Main,Freight Train,20,22737,9000,31737,E22C,36.837407,-102.520863,61,48.6,43.5
BNSF,KS0624106,2024-06-14,6:46 PM,Derailment,0,BOISE CITY,OK,86,3,Dusk,Rain,Main,Freight Train,0,3780619,0,3780619,M105,36.63087,-102.393149,82.3,70.4,74.6
BNSF,KS0822109,2022-08-12,6:43 PM,Derailment,0,BOISE CITY,OK,88,3,Dusk,Clear,Main,Freight Train,17,1063240,120000,1183240,T109,36.715671,-102.52492,76.4,77,78.6
KRR,933419D,2019-01-08,6:45 AM,Derailment,0,BOKCHITO,OK,40,1,Dawn,Clear,Main,Freight Train,22,665000,128000,793000,T207,34.016913,-96.152379,60.9,50.3,43.4
AGR,AGR168523,2023-06-14,4:20 PM,Obstruction,0,BOLIGEE,AL,69,2,Day,Cloudy,Main,Freight Train,30,100000,0,100000,M404,32.826743,-88.065979,71.4,75.5,73.7
NS,138609,2020-07-22,1:23 PM,Derailment,0,BOLIGEE,AL,95,2,Day,Clear,Siding,Freight Train,8,18260,47705,65965,E67C,32.759466,-88.024727,80.7,82.6,81.7
ATK,173189,2022-12-26,4:25 PM,Obstruction,0,BOLIGEE,AL,48,2,Day,Cloudy,Main,Passenger Train - Pulling,64,73814,0,73814,M404,32.735554,-88.056717,27.5,33.1,37.1
NS,128657,2018-02-26,8:00 PM,Derailment,0,BOLIGEE,AL,60,4,Dark,Cloudy,Yard,,0,0,16193,20029,E07C,32.759466,-88.024727,57.6,59.5,58.3
NS,152370,2022-12-26,4:25 PM,Obstruction,0,BOLIGEE,AL,48,,,Cloudy,Main,,0,0,0,73814,M404,32.734386,-88.057857,27.5,33.1,37.1
AGR,AGR177118,2018-02-26,8:00 PM,Derailment,0,BOLIGEE,AL,60,4,Dark,Cloudy,Main,Freight Train,5,3836,0,20029,E07C,32.757786,-88.022891,57.6,59.5,58.3
KCS,15111705,2015-11-17,6:50 PM,Obstruction,0,BOLTON,MS,0,4,Dark,Cloudy,Main,Freight Train,40,15500,0,15500,M404,32.358932,-90.389018,65.8,74.2,57.5
TIBR,181128003,2018-11-28,10:00 AM,Derailment,0,BON WEIR,TX,65,2,Day,Clear,Main,Freight Train,8,24000,3500,27500,T221,30.442496,-93.652544,42.7,51.6,66
TIBR,180507006,2018-05-07,3:00 PM,Derailment,0,BON WEIR,TX,85,2,Day,Clear,Main,Freight Train,10,25000,64000,89000,T202,30.737033,-93.652544,70.4,73.3,75.7
TIBR,201130004,2020-11-30,3:00 PM,Derailment,0,BON WEIR,TX,52,2,Day,Clear,Main,Freight Train,6,180000,30000,210000,T202,30.73656,-93.657933,53.3,44.3,42.4
UP,0418DV010,2018-04-10,7:18 AM,Derailment,0,BOND,CO,45,2,Day,Cloudy,Main,Freight Train,12,253708,8744,262452,M101,39.907539,-106.689454,39.4,43.4,52.4
UP,0423RM033,2023-04-03,12:06 PM,Obstruction,0,BOND,CO,50,2,Day,Cloudy,Main,,0,0,0,0,M404,39.866723,-106.640394,40.6,47.1,28.2
UP,1016LK028,2016-10-25,9:38 AM,Fire/violent rupture,0,BONITA,LA,80,2,Day,Clear,Main,Freight Train,20,11610,0,11610,E74L,32.886848,-91.721267,61.6,63.6,64.4
UP,0816LK028,2016-08-29,8:47 AM,Hwy-rail crossing,0,BONITA,LA,88,2,Day,Clear,Main,Freight Train,50,50637,0,50637,M302,32.897686,-91.708456,82.4,82.3,82.5
UP,0118LK004,2018-01-04,3:35 AM,Derailment,0,BONITA,LA,21,4,Dark,Clear,Main,Freight Train,47,3055,14162,17217,E33C,32.921893,-91.673686,27.5,29.9,32.3
UP,0815ES025,2015-08-13,3:30 PM,Obstruction,0,BONITA,LA,93,2,Day,Clear,Main,Spec. MoW Equip.,0,800,0,20533,H995,32.941736,-91.658613,84.2,80.8,79.4
UP,0815ES025,2015-08-13,3:30 PM,Obstruction,0,BONITA,LA,93,2,Day,Clear,Main,Spec. MoW Equip.,18,19733,0,20533,H995,32.941736,-91.658613,84.2,80.8,79.4
CSX,000187050,2019-12-09,5:25 PM,Hwy-rail crossing,0,BONNEAU,SC,65,3,Dusk,Cloudy,Main,Freight Train,36,47435,19614,67049,M304,33.401567,-79.923892,47.1,56.5,67.2
UP,0716KC009,2016-07-11,8:27 PM,Fire/violent rupture,0,BONNER SPRINGS,KS,85,3,Dusk,Clear,Main,Freight Train,55,11382,0,11382,E74L,39.05388,-94.893387,81.4,82.5,76.9
UP,0622HL023,2022-06-24,6:04 PM,Derailment,0,BONNER SPRINGS,KS,88,3,Dusk,Clear,Main,Freight Train,38,1035391,546120,1581511,T207,39.013709,-94.908757,74.1,78.4,83.8
BNSF,MT0120101,2020-01-01,8:30 PM,Derailment,0,BONNERS FERRY,ID,30,3,Dusk,Clear,Main,Freight Train,24,2959423,590900,3550323,M404,48.705686,-116.140204,32.5,40.6,36.7
UP,0122PN023,2022-01-16,12:30 PM,Derailment,0,BONNERS FERRY,ID,37,2,Day,Cloudy,Main,Freight Train,15,24423,32899,57322,E53C,48.624723,-116.393199,34.5,33.1,33.5
UP,0816PD006,2016-08-11,4:23 PM,Fire/violent rupture,0,BONNERS FERRY,ID,75,2,Day,Cloudy,Main,Freight Train,25,32254,0,32254,E73L,48.532082,-116.405833,59.4,64.2,68.4
UP,0724GL015,2024-07-12,3:35 PM,Other impacts,0,BOONE,IA,84,2,Day,Clear,Yard,Yard/switching,4,23961,0,37226,H318,42.063287,-93.86614,72.7,73.9,80.1
UP,0724GL015,2024-07-12,3:35 PM,Other impacts,0,BOONE,IA,84,2,Day,Clear,Yard,Freight Train,0,13265,0,37226,H318,42.063287,-93.86614,72.7,73.9,80.1
UP,0520GL002,2020-05-03,7:30 PM,Other impacts,0,BOONE,IA,73,3,Dusk,Clear,Yard,Yard/switching,5,29863,776,37646,H312,42.060075,-93.853623,63.4,63.7,52.3
UP,1214CB005,2014-12-04,5:34 AM,Rear end collision,0,BOONE,IA,24,4,Dark,Cloudy,Yard,Yard/switching,0,57687,0,58623,H702,42.060789,-93.854827,26.4,28,32.6
UP,1214CB005,2014-12-04,5:34 AM,Rear end collision,0,BOONE,IA,24,4,Dark,Cloudy,Yard,Freight Train,9,936,0,58623,H702,42.060789,-93.854827,26.4,28,32.6
UP,0215CB011,2015-02-28,11:00 PM,Other (describe in narrative),0,BOONE,IA,20,4,Dark,Cloudy,Yard,Yard/switching,3,13757,0,13757,M507,42.05843,-93.844893,0.2,8.9,22.7
UP,0723GL024,2023-07-17,7:27 AM,Other impacts,0,BOONE,IA,61,2,Day,Clear,Yard,Cut of cars,0,0,0,62943,H318,42.06245,-93.862325,70,67.4,66.7
UP,0419GL035,2019-04-22,2:40 AM,Side collision,0,BOONE,IA,68,4,Dark,Clear,Yard,Yard/switching,6,2634,66,20262,M105,42.062025,-93.862637,67.4,59.2,53
UP,0419GL035,2019-04-22,2:40 AM,Side collision,0,BOONE,IA,68,4,Dark,Clear,Yard,Cut of cars,3,17562,0,20262,M105,42.062025,-93.862637,67.4,59.2,53
UP,1123GL011,2023-11-13,12:15 AM,Derailment,0,BOONE,IA,43,4,Dark,Cloudy,Yard,Yard/switching,6,8390,5460,13850,H703,42.062196,-93.863163,50.8,48.2,53.1
UP,0723GL024,2023-07-17,7:27 AM,Other impacts,0,BOONE,IA,61,2,Day,Clear,Yard,Yard/switching,6,62943,0,62943,H318,42.06245,-93.862325,70,67.4,66.7
UP,0118TC004,2018-01-02,1:55 PM,Derailment,0,BOONE,IA,12,2,Day,Clear,Yard,Yard/switching,7,10175,19995,30170,M101,42.059018,-93.848035,-13.5,-0.1,6.3
UP,1119GL003,2019-11-02,5:56 PM,Derailment,0,BOONE,IA,46,2,Day,Clear,Yard,Cut of cars,5,71617,25774,97391,H018,42.065313,-93.87713,36.1,37.7,40.3
UP,0517CB012,2017-05-21,12:23 AM,Derailment,0,BOONE,IA,47,4,Dark,Cloudy,Yard,Yard/switching,2,17600,300,17900,H602,42.061708,-93.860512,51.4,48.5,59
UP,0822GL014,2022-08-07,12:00 PM,Other (describe in narrative),0,BOONE,IA,81,2,Day,Cloudy,Yard,Single Car,0,28373,0,28373,M507,42.063408,-93.866487,81.5,78.8,70.8
UP,0922GL001,2022-09-02,6:25 PM,Derailment,0,BOONE,IA,84,3,Dusk,Clear,Yard,Freight Train,6,37369,154825,192194,H525,42.063217,-93.865577,72.2,75.2,69.7
UP,1117TC007,2017-11-11,5:03 AM,Derailment,0,BOONE,IA,34,4,Dark,Cloudy,Yard,Yard/switching,10,19213,78559,97772,H702,42.064252,-93.870017,24.4,37.7,37.7
UP,0216CB012,2016-02-20,10:15 AM,Derailment,0,BOONE,IA,50,2,Day,Clear,Yard,Freight Train,5,23194,57280,86302,T220,42.060759,-93.8547,46.3,41.6,34.4
UP,1121GL017,2021-11-18,8:35 PM,Derailment,0,BOONE,IA,28,4,Dark,Cloudy,Yard,Yard/switching,4,17316,11680,28996,E29C,42.062117,-93.862233,41.8,29.3,32.1
UP,0216CB012,2016-02-20,10:15 AM,Derailment,0,BOONE,IA,50,2,Day,Clear,Yard,Cut of cars,0,5828,0,86302,T220,42.060759,-93.8547,46.3,41.6,34.4
UP,0521GL029,2021-05-27,9:28 PM,Derailment,0,BOONE,IA,45,4,Dark,Cloudy,Yard,Yard/switching,4,66337,1408,67745,H318,42.065313,-93.87713,69,57.1,44.7
UP,1222GL029,2022-12-27,2:00 PM,Other (describe in narrative),0,BOONE,IA,28,2,Day,Clear,Yard,Cut of cars,0,42653,0,42653,M501,42.060976,-93.859231,7.7,18.6,36.6
UP,0219GL014,2019-02-07,1:00 AM,Derailment,0,BOONE,IA,16,4,Dark,Cloudy,Yard,Freight Train,5,205,20612,20817,T314,42.062582,-93.864045,17.3,7.2,0.4
UP,0220GL031,2020-02-22,5:23 PM,Derailment,0,BOONE,IA,50,2,Day,Clear,Yard,Yard/switching,9,3744,39154,42898,T210,42.062073,-93.862813,29.6,38.6,40.6
IAIS,2018015,2018-07-06,10:45 AM,Hwy-rail crossing,0,BOONEVILLE,IA,76,2,Day,Clear,Main,Freight Train,36,18429,0,18429,M302,41.532567,-93.833326,78.6,74.7,73.2
NS,155035,2023-12-11,8:00 PM,Derailment,0,BOONVILLE,IN,30,4,Dark,Clear,Main,Freight Train,24,514773,28166,542939,T207,37.982872,-87.3084,37,32.5,40.1
NS,113452,2014-12-15,8:42 PM,Derailment,0,BOONVILLE,IN,45,4,Dark,Cloudy,Main,Work train,0,9500,4521,14021,T315,38.04375,-87.303329,46.1,47.5,43
SNJX,03042018,2018-03-04,12:12 AM,Fire/violent rupture,0,BORDENTOWN,NJ,38,4,Dark,Clear,Main,DMU,20,75000,0,75000,M406,40.148032,-74.716181,39.4,39.2,36.3
CPKC,1002130855,2024-07-05,3:36 AM,Derailment,0,BORDULAC,ND,61,4,Dark,Clear,Main,Freight Train,45,3588909,26629,3615538,M505,47.383111,-98.947306,63.5,65.8,64.2
PNR,PNR171906,2017-10-20,6:45 PM,Derailment,0,BORGER,TX,55,3,Dusk,Clear,Yard,Yard/switching,6,25177,0,25177,H020,35.66795,-101.3904,65.9,69.2,64
PNR,PNR213037,2021-10-01,10:08 AM,Derailment,0,BORGER,TX,65,2,Day,Rain,Industry,Cut of cars,14,108000,0,108000,H020,35.642453,-101.40285,64.6,62,63.4
PNR,PNR161373,2016-01-16,1:30 AM,Other impacts,0,BORGER,TX,40,4,Dark,Sleet,Industry,Freight Train,5,61796,0,61796,M501,35.665674,-101.434269,40.7,36.9,27.7
PNR,PNR182019,2018-03-02,12:30 PM,Derailment,0,BORGER,TX,68,2,Day,Clear,Yard,Yard/switching,6,151326,6622,157948,H522,35.66795,-101.3904,44.5,54,61.8
PNR,PNR151337,2015-12-03,11:48 PM,Derailment,0,BORGER,TX,40,4,Dark,Clear,Main,Freight Train,10,128607,8612,137219,H020,35.661369,-101.388232,40.4,42.7,46.2
PNR,PNR150970,2015-01-28,5:30 PM,Derailment,0,BORGER,TX,65,2,Day,Clear,Main,Single Car,0,360,16000,16360,M502,35.653715,-101.393782,56.8,58.8,47
UP,0520RM030,2020-05-24,10:40 AM,Derailment,0,BOSLER,WY,40,2,Day,Clear,Main,Freight Train,38,771136,66000,837136,E22C,41.650921,-105.785698,54.1,41.9,43.8
UP,0820RM038,2020-08-22,5:07 AM,Derailment,0,BOSLER,WY,51,1,Dawn,Clear,Main,Freight Train,47,3160675,1356920,4517595,M204,41.53425,-105.671581,67.1,68.2,70.8
UP,0918LK002,2018-09-02,9:21 AM,Hwy-rail crossing,0,BOSSIER CITY,LA,86,2,Day,Cloudy,Main,Freight Train,34,144241,33,144274,M302,32.602692,-93.735282,83.1,80.6,78
UP,0324MA026,2024-03-25,6:00 PM,Other impacts,0,BOSSIER CITY,LA,60,3,Dusk,Cloudy,Industry,Freight Train,5,99277,0,198708,H607,32.563119,-93.731822,57.1,62.2,53.4
UP,0324MA026,2024-03-25,6:00 PM,Other impacts,0,BOSSIER CITY,LA,60,3,Dusk,Cloudy,Industry,Cut of cars,0,99431,0,198708,H607,32.563119,-93.731822,57.1,62.2,53.4
KCS,16061901,2016-06-19,1:45 AM,Derailment,0,BOSSIER CITY,LA,80,4,Dark,Clear,Yard,Freight Train,7,126780,29106,1485678,T111,32.512519,-93.74244,81.3,81.7,80.4
CSX,000140889,2015-02-02,8:40 AM,Derailment,0,BOSTIC,NC,39,2,Day,Cloudy,Yard,Freight Train,6,16462,500,16962,T207,35.372715,-81.856187,44.3,43.4,32.7
ATK,136606,2015-03-10,9:40 AM,Derailment,0,BOSTON,MA,40,2,Day,Clear,Yard,,0,0,93210,243210,H799,42.332868,-71.060107,37.6,38.4,46.9
ATK,158411,2019-04-09,7:40 PM,Side collision,0,BOSTON,MA,40,4,Dark,Clear,Main,,0,0,78140,427875,H221,42.347961,-71.056412,44.6,38.5,41.5
MBTA,19036,2019-02-07,1:40 AM,Other (describe in narrative),0,BOSTON,MA,28,4,Dark,Rain,Yard,Passenger Train - Pulling,2,30832,4076,34908,E40C,42.24063,-71.128488,36.4,38.8,42.2
MBTA,7047,2017-02-16,8:00 AM,Other impacts,0,BOSTON,MA,36,2,Day,Clear,Main,Passenger Train - Pulling,40,18448,0,18448,M101,42.286405,-71.147801,33.7,31.8,31.3
ATK,169376,2022-01-02,10:36 AM,Rear end collision,0,BOSTON,MA,30,4,Dark,Clear,Yard,Passenger Train - Pulling,0,442,0,29899,H605,42.33303,-71.059984,46.9,43,26.9
ATK,141596,2016-03-17,6:15 AM,Other (describe in narrative),0,BOSTON,MA,0,2,Day,Clear,Main,Passenger Train - Pulling,120,11529,0,11529,E78L,42.288375,-71.119722,43.7,49.8,46.2
ATK,174963,2023-06-01,7:30 PM,Derailment,0,BOSTON,MA,75,2,Day,Clear,Yard,Yard/switching,5,3041,12600,15641,E64C,42.332794,-71.060058,62,71.6,71.4
ATK,142184,2016-04-30,2:45 PM,Other (describe in narrative),0,BOSTON,MA,60,2,Day,Clear,Yard,Passenger Train - Pulling,5,17913,0,17913,H993,42.323141,-71.053082,46.9,49.2,47.3
ATK,169376,2022-01-02,10:36 AM,Rear end collision,0,BOSTON,MA,30,4,Dark,Clear,Yard,Passenger Train - Pulling,6,29457,0,29899,H605,42.33303,-71.059984,46.9,43,26.9
MBTA,7031,2016-11-04,1:00 AM,Obstruction,0,BOSTON,MA,45,4,Dark,Clear,Main,Passenger Train - Pushing,6,32704,0,32704,H222,42.35153,-71.054994,56,50.8,45.8
ATK,150119,2017-10-22,11:20 PM,Other impacts,0,BOSTON,MA,62,4,Dark,Fog,Yard,Light loco(s),0,21673,0,25672,H522,42.331418,-71.060254,63.6,59.4,56.7
MBTA,19246,2019-12-06,11:31 PM,Derailment,0,BOSTON,MA,34,4,Dark,Clear,Yard,,0,0,0,0,H303,42.351803,-71.113724,39.2,33.5,31
MBTA,YR2022146,2022-12-06,11:30 AM,Fire/violent rupture,0,BOSTON,MA,47,2,Day,Clear,Main,Passenger Train - Pulling,0,97510,0,97510,E71L,42.349258,-71.056432,39.3,47.5,53.5
ATK,150119,2017-10-22,11:20 PM,Other impacts,0,BOSTON,MA,62,4,Dark,Fog,Yard,Light loco(s),1,3999,0,25672,H522,42.331418,-71.060254,63.6,59.4,56.7
ATK,174688,2023-05-12,4:30 AM,Obstruction,0,BOSTON,MA,50,4,Dark,Clear,Main,Spec. MoW Equip.,15,150000,0,1650000,H104,42.243106,-71.131375,68,71.7,72.7
ATK,180820,2024-06-21,11:10 AM,Other (describe in narrative),0,BOSTON,MA,0,2,Day,Clear,Main,Passenger Train - Pulling,0,13341,0,13341,E78L,42.34695,-71.065383,83.6,72.3,65
MBTA,202337,2023-04-04,7:08 AM,Other (describe in narrative),0,BOSTON,MA,45,1,Dawn,Clear,Main,Passenger Train - Pulling,36,20763,0,20763,M404,42.356433,-71.133972,42.6,47.9,43.3
ATK,174688,2023-05-12,4:30 AM,Obstruction,0,BOSTON,MA,50,4,Dark,Clear,Main,Spec. MoW Equip.,0,1500000,0,1650000,H104,42.243106,-71.131375,68,71.7,72.7
ATK,177098,2023-11-09,12:05 AM,Derailment,0,BOSTON,MA,34,4,Dark,Clear,Yard,Yard/switching,8,25138,19600,44738,H702,42.33271,-71.06005,42.1,40.1,45.5
MBTA,2024070,2024-05-10,1:30 PM,Fire/violent rupture,0,BOSTON,MA,53,2,Day,Clear,Yard,Light loco(s),0,112626,0,112626,M406,42.364758,-71.067421,54.5,49.9,48.4
ATK,173859,2023-02-21,4:36 AM,Other (describe in narrative),0,BOSTON,MA,40,4,Dark,Clear,Main,,0,0,7500,7500,M599,42.291946,-71.118823,51.4,38.8,39.2
MBTA,1985,2015-03-10,9:40 AM,Derailment,0,BOSTON,MA,46,2,Day,Clear,Yard,Passenger Train - Pushing,4,150000,0,243210,H799,42.332868,-71.060107,37.6,38.4,46.9
ATK,163135,2020-02-16,5:00 PM,Other impacts,0,BOSTON,MA,45,2,Day,Clear,Yard,Yard/switching,4,2553,2423,21139,H602,42.329791,-71.059291,21.2,38.2,40.6
MBTA,19098,2019-04-09,7:40 PM,Side collision,0,BOSTON,MA,40,4,Dark,Clear,Main,Passenger Train - Pushing,40,23499,0,427875,H221,42.343286,-71.059998,44.6,38.5,41.5
ATK,157213,2019-01-14,8:40 AM,Raking collision,0,BOSTON,MA,20,2,Day,Clear,Yard,Spec. MoW Equip.,5,35000,0,35000,H999,42.240377,-71.136996,22.4,27.1,30
ATK,153700,2018-06-11,5:12 PM,Derailment,0,BOSTON,MA,65,2,Day,Clear,Yard,Light loco(s),6,104392,2500,106892,H703,42.331418,-71.060254,66,60.7,66.5
ATK,157671,2019-02-19,12:29 AM,Derailment,0,BOSTON,MA,21,4,Dark,Clear,Yard,Yard/switching,6,18786,0,18786,M101,42.333738,-71.06159,29.4,24.4,25.8
ATK,165845,2020-10-31,2:56 AM,Derailment,0,BOSTON,MA,31,4,Dark,Rain,Yard,,0,0,85000,162560,H702,42.33602,-71.060078,34.2,33.9,44.3
ATK,163135,2020-02-16,5:00 PM,Other impacts,0,BOSTON,MA,45,2,Day,Clear,Yard,Light loco(s),0,13740,2423,21139,H602,42.329791,-71.059291,21.2,38.2,40.6
MBTA,7019,2016-04-30,2:45 PM,Other (describe in narrative),0,BOSTON,MA,60,2,Day,Clear,Yard,,0,0,0,17913,H993,42.323141,-71.053082,46.9,49.2,47.3
ATK,136159,2015-02-03,8:25 AM,Derailment,0,BOSTON,MA,18,2,Day,Snow,Yard,Yard/switching,5,29000,0,29000,H303,42.333058,-71.059999,18.4,14.1,27.1
MBTA,7011,2016-04-04,4:00 PM,Other (describe in narrative),0,BOSTON,MA,49,2,Day,Clear,Main,Passenger Train - Pulling,0,100000,0,100000,E74L,42.254703,-71.125686,35.2,27.3,29.6
MBTA,19246,2019-12-06,11:31 PM,Derailment,0,BOSTON,MA,34,4,Dark,Clear,Yard,Work train,8,0,0,0,H303,42.351803,-71.113724,39.2,33.5,31
MBTA,19098,2019-04-09,7:40 PM,Side collision,0,BOSTON,MA,40,4,Dark,Clear,Main,Passenger Train - Pushing,15,326236,0,427875,H221,42.343286,-71.059998,44.6,38.5,41.5
MBTA,1955,2015-01-29,2:03 PM,Side collision,0,BOSTON,MA,28,2,Day,Clear,Yard,Passenger Train - Pulling,2,7203,0,16391,H999,42.240128,-71.130362,17.9,22.6,30.3