reportingrailroadcode,accidentnumber,date,time,accidenttype,hazmatreleasedcars,station,stateabbr,temperature,visibility_code,visibility,weathercondition,tracktype,equipmenttype,trainspeed,equipmentdamagecost,trackdamagecost,totaldamagecost,primaryaccidentcausecode,latitude,longitude,prior_temp,actual_temp,following_temp
ATK,145837,2016-11-04,1:00 AM,Obstruction,0,BOSTON,MA,45,4,Dark,Clear,Main,,0,0,0,32704,H025,42.35153,-71.054994,56,50.8,45.8
MBTA,YR2020127,2020-10-31,2:56 AM,Derailment,0,BOSTON,MA,31,4,Dark,Cloudy,Yard,Passenger Train - Pulling,6,77560,0,162560,H702,42.33602,-71.060078,34.2,33.9,44.3
MBTA,19269,2019-12-26,3:40 PM,Derailment,0,BOSTON,MA,35,2,Day,Cloudy,Main,Passenger Train - Pushing,9,37647,15512,53159,H702,42.349769,-71.109525,36,36.5,44.3
MBTA,1955,2015-01-29,2:03 PM,Side collision,0,BOSTON,MA,28,2,Day,Clear,Yard,Yard/switching,2,9188,0,16391,H999,42.240128,-71.130362,17.9,22.6,30.3
MBTA,YR202123,2021-04-14,9:13 PM,Other (describe in narrative),0,BOSTON,MA,48,3,Dusk,Cloudy,Industry,Passenger Train - Pushing,2,13011,0,13011,H999,42.336672,-71.059461,50.4,48.7,47.5
MBTA,7086,2018-03-08,2:55 PM,Derailment,0,BOSTON,MA,40,2,Day,Clear,Yard,Passenger Train - Pulling,6,21145,0,21145,H607,42.241288,-71.128661,36.1,34,33.4
ATK,157677,2019-02-18,4:30 PM,Obstruction,0,BOSTON,MA,32,3,Dusk,Snow,Yard,Yard/switching,10,29723,0,29723,M402,42.333831,-71.060648,29.4,29.4,24.4
ATK,141335,2016-02-23,9:00 AM,Derailment,0,BOSTON,MA,33,2,Day,Clear,Yard,Yard/switching,5,27000,0,27000,T113,42.331587,-71.059673,37.2,33.2,41.1
ATK,171284,2022-07-12,5:00 PM,Derailment,0,BOSTON,MA,80,2,Day,Clear,Yard,Yard/switching,5,15899,4578,20477,T110,42.33155,-71.0599,74,77,75.8
ATK,146444,2017-02-21,6:14 PM,Derailment,0,BOSTON,MA,38,3,Dusk,Clear,Yard,Yard/switching,5,42648,5000,47648,T113,42.331991,-71.059712,41.3,35.5,43.2
KRR,KRR079022,2022-12-28,7:00 AM,Derailment,0,BOSWELL,OK,33,1,Dawn,Clear,Main,Freight Train,25,60000,240373,300373,T204,34.012982,-95.950079,31.2,49.6,63.4
BNSF,CH0517108,2017-05-13,6:10 AM,Derailment,0,BOSWORTH,MO,53,1,Dawn,Clear,Main,Freight Train,18,391854,671062,1062916,H503,39.495749,-93.284393,64.8,65.7,71
CSX,000177273,2018-06-28,3:43 PM,Derailment,0,BOTKINS,OH,88,2,Day,Clear,Industry,Freight Train,4,10944,100,11044,H307,40.460667,-84.184703,70.7,72,76
BNSF,TC1019108,2019-10-14,11:15 PM,Derailment,0,BOTTINEAU,ND,36,4,Dark,Clear,Industry,Freight Train,9,18207,0,18207,T001,48.828138,-100.444266,33,35.3,36.7
BNSF,PR0824109,2024-08-22,11:13 PM,Derailment,0,BOULDER,CO,68,4,Dark,Clear,Main,Freight Train,29,790000,930000,1720000,M502,40.019582,-105.23506,78.8,73.6,70.9
BNSF,PR0824109,2024-08-22,11:13 PM,Derailment,0,BOULDER,CO,68,4,Dark,Clear,Main,Cut of cars,0,0,0,1720000,M502,40.019582,-105.23506,78.8,73.6,70.9
BNSF,PR0617117,2017-06-20,4:16 PM,Derailment,0,BOULDER,CO,95,2,Day,Clear,Main,Freight Train,24,198640,91491,290131,T109,40.016766,-105.20873,70.5,78.1,84.1
NS,137063,2020-02-06,6:00 AM,Derailment,0,BOUND BROOK,NJ,36,1,Dawn,Clear,Main,Freight Train,25,15357,0,556768,E53C,38.752287,-77.461641,41.3,39.7,40.6
CRSH,137067,2020-02-06,6:00 AM,Derailment,0,BOUND BROOK,NJ,37,1,Dawn,Rain,Main,,0,0,541411,556768,E53C,40.562031,-74.511451,41.3,39.7,40.6
NJTR,202110406,2021-09-03,8:00 PM,Other (describe in narrative),0,BOUND BROOK,NJ,70,3,Dusk,Rain,Main,Commuter Train - Pulling,35,249951,0,249951,M103,40.561084,-74.530296,68.2,64,66.3
NJTR,201808407,2018-08-13,8:51 PM,Derailment,0,BOUND BROOK,NJ,74,4,Dark,Cloudy,Yard,Light loco(s),3,19607,4199,23806,T110,0,0,76,73.6,71.8
IC,1046725,2020-09-01,12:05 AM,Derailment,0,BOURBONNAIS,IL,75,4,Dark,Clear,Yard,Cut of cars,1,101614,1981,103595,H020,41.183157,-87.853805,70.5,71,72.8
NS,127020,2017-10-15,6:00 AM,Derailment,0,BOURBONNAIS,IL,60,1,Dawn,Rain,Yard,Freight Train,3,7418,140871,148289,H306,41.122308,-87.900664,66.4,57.3,51.2
NS,114836,2015-03-14,11:15 PM,Derailment,0,BOURBONNAIS,IL,45,4,Dark,Clear,Yard,Freight Train,2,8100,3249,11349,T210,41.122308,-87.900618,44.9,47.3,46.5
NS,134737,2019-07-16,8:25 PM,Derailment,0,BOURBONNAIS,IL,90,4,Dark,Clear,Yard,Freight Train,5,22,10852,10874,T110,41.122276,-87.904597,79,75,80.1
NS,123026,2016-12-06,2:10 AM,Derailment,0,BOURBONNAIS,IL,20,4,Dark,Clear,Yard,Work train,5,42877,7095,49972,T311,41.122308,-87.900664,32,31.6,28.2
BNSF,KS1019204,2019-10-19,12:56 PM,Hwy-rail crossing,0,BOVINA,TX,63,2,Day,Clear,Main,Freight Train,68,1800,22000,23800,M308,34.523642,-102.886566,62.1,55.5,57.6
BNSF,KS0815112,2015-08-27,5:59 PM,Derailment,0,BOVINA,TX,90,3,Dusk,Clear,Main,,0,0,148000,148000,H022,34.506834,-102.898588,77.8,76.3,77.6
UP,0121LA011,2021-01-13,9:00 PM,Fire/violent rupture,0,BOWIE,AZ,36,4,Dark,Cloudy,Main,Freight Train,70,13831,0,13831,E74L,32.352547,-109.610495,40.1,38.4,47.2
MACZ,177165,2023-11-15,8:25 PM,Obstruction,0,BOWIE,MD,52,4,Dark,Cloudy,Main,Passenger Train - Pulling,89,25692,0,87238,M402,39.012208,-76.771901,47.7,47.2,51.3
ATK,165917,2020-11-27,12:15 AM,Other (describe in narrative),0,BOWIE,MD,50,4,Dark,Clear,Main,Passenger Train - Pulling,115,256892,0,256892,E71L,39.00434,-76.78519,59.2,54.7,51.2
ATK,158189,2019-03-25,9:50 PM,Obstruction,0,BOWIE,MD,45,4,Dark,Clear,Main,Passenger Train - Pulling,115,29644,0,29644,M509,39.003438,-76.786803,49.3,51.7,43.7
ATK,177166,2023-11-15,8:25 PM,Obstruction,0,BOWIE,MD,52,4,Dark,Cloudy,Main,,0,0,61546,87238,M402,39.012208,-76.771901,47.7,47.2,51.3
AZER,AZE901421D,2021-10-08,2:45 PM,Derailment,0,BOWIE,AZ,83,2,Day,Clear,Yard,Freight Train,0,0,45727,45727,T311,32.329848,-109.491428,72.1,72.1,70.8
HRT,160719,2016-07-19,1:55 PM,Hwy-rail crossing,0,BOWMAN,GA,97,2,Day,Clear,Main,Freight Train,3,10500,0,10500,M304,34.176937,-82.959373,78.9,82.5,83.8
BLF,20190220,2019-06-03,2:48 PM,Other (describe in narrative),0,BOYNTON BEACH,FL,81,2,Day,Clear,Main,Passenger Train - Pulling,72,15285,0,15285,M599,26.325504,-80.032292,83.6,85,84.8
BLF,20190310,2019-08-08,11:42 AM,Hwy-rail crossing,0,BOYNTON BEACH,FL,92,2,Day,Clear,Main,Passenger Train - Pulling,72,26339,0,26723,M308,26.507306,-80.063005,81.2,82.2,83.5
FEC,X26080819,2019-08-08,11:42 AM,Hwy-rail crossing,0,BOYNTON BEACH,FL,92,2,Day,Clear,Main,,0,0,384,26723,M308,26.507306,-80.063005,81.2,82.2,83.5
FEC,T19060319,2019-06-03,2:48 PM,Other (describe in narrative),0,BOYNTON BEACH,FL,81,2,Day,Clear,Main,,0,0,0,15285,M599,26.325504,-80.032292,83.6,85,84.8
MRL,2016118,2016-09-20,2:30 PM,Other impacts,0,BOZEMAN,MT,65,2,Day,Cloudy,Yard,Yard/switching,10,16700,0,16700,H318,45.687852,-111.02535,60,57.1,49.2
MRL,2019012,2019-01-29,12:50 PM,Derailment,0,BOZEMAN,MT,24,2,Day,Cloudy,Main,Freight Train,30,2100000,275000,2375000,H604,45.646434,-110.875152,19.1,9.4,15.6
UP,0524ES019,2024-05-10,12:10 PM,Obstruction,0,BRACKETTVILLE,TX,85,2,Day,Cloudy,Main,Maint./inspect Car,0,13000,0,18000,H999,29.281223,-100.58834,89.8,83.3,78.1
UP,0524ES019,2024-05-10,12:10 PM,Obstruction,0,BRACKETTVILLE,TX,85,2,Day,Cloudy,Main,Spec. MoW Equip.,15,5000,0,18000,H999,29.281223,-100.58834,89.8,83.3,78.1
UP,0624SX023,2024-06-17,5:43 AM,Derailment,0,BRACKETTVILLE,TX,81,1,Dawn,Clear,Yard,Yard/switching,6,18602,1830,20432,H505,29.135879,-100.400282,91,90.6,88.5
URR,8125,2018-11-07,5:28 PM,Derailment,0,BRADDOCK,PA,43,3,Dusk,Clear,Main,Freight Train,11,4947,22950,27897,E07C,40.392349,-79.837645,54.8,46.1,38.3
URR,20240708,2024-07-08,10:20 AM,Derailment,0,BRADDOCK,PA,82,2,Day,Clear,Yard,Freight Train,2,30000,70500,100500,H503,40.38726,-79.847547,78,81.6,82.4
URR,5110,2015-08-17,6:56 PM,Derailment,0,BRADDOCK,PA,86,2,Day,Clear,Main,Freight Train,6,4000,43695,47695,M405,40.4036,-79.8686,76.9,78.7,72.3
URR,4319,2014-11-22,3:05 PM,Derailment,0,BRADDOCK,PA,50,2,Day,Clear,Industry,Yard/switching,4,15000,2400,17400,H704,40.392723,-79.846647,22.1,32.9,53.9
URR,8123,2018-09-28,5:45 PM,Derailment,0,BRADDOCK,PA,68,3,Dusk,Clear,Yard,Yard/switching,3,50000,5961,55961,H702,40.38623,-79.846931,56.5,60.7,57.7
URR,05092023,2023-05-09,2:50 PM,Derailment,0,BRADDOCK,PA,72,2,Day,Clear,Industry,Yard/switching,4,2400,13144,15544,T110,40.3969,-79.863,64.7,62.5,59.2
URR,6113,2016-12-19,7:50 PM,Derailment,0,BRADDOCK,PA,15,4,Dark,Clear,Yard,Yard/switching,8,5478,6957,12435,T319,40.384273,-79.845232,35.3,21.6,25.5
URR,20311,2020-12-11,4:54 PM,Derailment,0,BRADDOCK,PA,56,3,Dusk,Clear,Industry,Yard/switching,4,13500,11776,25276,T205,40.393828,-79.85399,40.7,47.8,51.8
URR,21311,2021-12-22,2:01 AM,Derailment,0,BRADDOCK,PA,32,4,Dark,Clear,Industry,Yard/switching,4,5852,40000,45852,T110,40.394231,-79.855238,33.9,31.5,29.6
UP,0123MA037,2023-01-10,7:07 AM,Hwy-rail crossing,0,BRADFORD,AR,44,2,Day,Clear,Main,Freight Train,20,17779,264,18043,M302,35.549985,-91.363701,41.5,48.3,62.2
UP,0219MA022,2019-02-08,1:02 PM,Derailment,0,BRADFORD,AR,33,2,Day,Clear,Main,Freight Train,9,24603,122449,147052,E07C,35.536071,-91.371509,49.9,26.2,29.9
BNSF,NE0716105,2016-07-05,10:00 PM,Derailment,0,BRADSHAW,NE,80,4,Dark,Rain,Industry,Freight Train,3,68041,250,68291,M105,40.880604,-97.805934,68.2,78.1,78.6
BNSF,MT0116102,2016-01-14,11:23 PM,Derailment,0,BRADY,MT,20,4,Dark,Clear,Siding,Freight Train,10,115611,217201,332812,T111,48.033428,-111.839514,39.3,32.2,21.2
NS,119484,2015-05-30,3:20 AM,Other (describe in narrative),0,BRADY LAKE,OH,63,4,Dark,Clear,Main,Passenger Train - Pulling,50,20480,0,20480,M208,41.177507,-81.326805,73.4,73.5,65.4
NS,116818,2015-05-30,3:15 AM,Raking collision,0,BRADY LAKE,OH,55,4,Dark,Clear,Main,Cut of cars,0,0,5,20485,E83C,41.202988,-81.376419,73.4,73.5,65.4
UP,0716WH001,2016-07-03,10:15 PM,Obstruction,0,BRAGGS,OK,90,4,Dark,Rain,Main,Freight Train,35,17329,0,17329,M404,35.661545,-95.196692,83.2,79.9,79
ATK,151666,2017-12-04,7:57 PM,Obstruction,0,BRAIDWOOD,IL,62,4,Dark,Cloudy,Main,Passenger Train - Pulling,80,15061,0,15061,M404,41.258892,-88.218689,42.4,58.3,33.5
UP,1217PR031,2017-12-04,7:57 PM,Obstruction,0,BRAIDWOOD,IL,62,4,Dark,Cloudy,Main,,0,0,0,15061,M404,41.267569,-88.207738,42.4,58.3,33.5
NCRC,OP102116,2016-10-21,12:01 AM,Derailment,0,BRAINARD,NE,40,4,Dark,Clear,Industry,Freight Train,4,342769,23430,366199,T110,41.183,-97.004,48.5,48.8,54.4
MBTA,1957,2015-02-04,11:40 AM,Hwy-rail crossing,0,BRAINTREE,MA,30,2,Day,Clear,Main,Passenger Train - Pushing,56,54583,7579,62162,M306,42.187214,-70.974191,12.2,24.2,25.7
NS,135102,2019-08-14,11:00 PM,Derailment,0,BRAITHWAITE,LA,72,4,Dark,Clear,Industry,Freight Train,8,351,10760,11111,T110,29.864267,-89.938196,83.1,83,83
BNG,BNG202001,2020-05-29,4:25 PM,Derailment,0,BRAMAN,OK,82,2,Day,Clear,Main,Freight Train,7,6000,20000,26000,T205,36.976763,-97.396747,69.1,69.9,71.8
NS,139611,2020-11-01,9:16 PM,Derailment,0,BRAMWELL,WV,40,4,Dark,Cloudy,Main,Freight Train,12,60000,215616,275616,H019,37.325842,-81.330567,40.1,45.8,31.6
KCS,22082404,2022-08-24,12:30 PM,Derailment,0,BRANDON,MS,85,2,Day,Cloudy,Main,Freight Train,25,103773,464443,568216,M103,32.291333,-89.984641,72.8,73,75.2
ATK,166413,2021-02-13,1:10 PM,Obstruction,0,BRANFORD,CT,25,2,Day,Cloudy,Main,Passenger Train - Pulling,110,29661,0,29661,M404,41.27518,-72.800613,25.3,26.6,32.8
MNA,MNA705315D,2015-03-06,9:58 AM,Derailment,0,BRANSON,MO,45,2,Day,Clear,Main,Freight Train,10,15000,4737,19737,M204,36.640717,-93.214188,24.4,34.6,49.1
CSX,000163007,2016-09-18,11:10 AM,Derailment,0,BRATENAHL,OH,82,2,Day,Clear,Yard,Freight Train,4,16237,516,16753,T110,41.571339,-81.55684,74.2,72.6,72
NECR,NEC144619Y,2019-07-14,1:00 PM,Obstruction,0,BRATTLEBORO,VT,74,2,Day,Cloudy,Main,,0,0,0,25421,M404,42.863767,-72.554792,74.1,74.4,69
ATK,135398,2014-11-27,1:30 PM,Obstruction,0,BRATTLEBORO,VT,30,2,Day,Snow,Main,Passenger Train - Pulling,79,20000,0,20000,M404,42.856195,-72.556522,32.9,28.9,25.5
NECR,NEC135,2014-11-27,1:30 PM,Obstruction,0,BRATTLEBORO,VT,30,2,Day,Snow,Main,,0,0,0,20000,M404,42.856195,-72.556522,32.9,28.9,25.5
ATK,160048,2019-07-14,1:00 PM,Obstruction,0,BRATTLEBORO,VT,74,2,Day,Cloudy,Main,Passenger Train - Pulling,52,25421,0,25421,M404,42.863767,-72.554792,74.1,74.4,69
NS,129463,2018-05-14,7:25 PM,Derailment,0,BRAVE,PA,67,3,Dusk,Cloudy,Industry,Freight Train,10,100000,6618,106618,M101,39.7213,-80.275041,70,69.1,73.4
IC,1129161,2023-03-23,1:00 PM,Derailment,0,BRAXTON,MS,80,2,Day,Clear,Main,Maint./inspect Car,5,16500,0,16500,T499,32.054005,-89.996234,66.9,70.4,74.7
CSX,000142701,2015-03-05,12:54 AM,Other impacts,0,BREAKS,VA,34,4,Dark,Sleet,Main,Freight Train,12,25455,0,25455,M404,37.288731,-82.313474,47.8,26.5,21.3
RRVW,10182023,2023-10-18,3:00 PM,Derailment,0,BRECKENRIDGE,MN,55,2,Day,Cloudy,Yard,Yard/switching,7,217691,11573,229264,T220,46.262661,-96.57507,51.3,52.6,51.7
UP,0524GP003,2024-05-02,8:23 PM,Derailment,0,BREMEN,KS,61,4,Dark,Cloudy,Main,Freight Train,32,681,1057500,1058181,E62L,39.895921,-96.752631,58.9,57.4,58.8
UP,0615FW038,2015-06-30,4:54 AM,Derailment,0,BREMOND,TX,75,1,Dawn,Cloudy,Main,Freight Train,25,817083,83621,900704,T207,31.157642,-96.680867,82.2,80,77.5
BNSF,RD0317201,2017-03-01,3:10 PM,Hwy-rail crossing,0,BRENHAM,TX,75,2,Day,Clear,Main,Freight Train,45,500,250000,250500,M302,30.126244,-96.395128,76.2,69.4,55.3
LI,GR20170103,2017-01-09,8:03 PM,Hwy-rail crossing,0,BRENTWOOD,NY,9,4,Dark,Clear,Main,EMU,75,215077,0,215077,M303,40.779878,-73.2478,19.6,15.6,25.5
LI,72771,2020-08-03,10:24 PM,Obstruction,0,BRENTWOOD,NY,71,4,Dark,Clear,Main,EMU,60,27214,540,27754,M404,40.779405,-73.249793,80.5,81.9,76.5
UP,0721GL009,2021-07-10,2:32 PM,Derailment,0,BREWSTER,MN,64,2,Day,Cloudy,Main,Freight Train,28,819178,205760,1024938,H503,43.688488,-95.486413,68.2,64.6,68
MNCW,20016,2018-04-11,9:55 PM,Other impacts,0,BREWSTER,NY,46,4,Dark,Clear,Yard,EMU,2,51232,0,51232,H310,41.40716,-73.62136,38.1,37.4,45.6
WE,190046,2019-05-25,7:06 AM,Side collision,0,BREWSTER,OH,73,1,Dawn,Clear,Yard,Yard/switching,5,19766,0,44273,H702,40.71158,-81.59779,66.2,71.7,69.3
WE,190046,2019-05-25,7:06 AM,Side collision,0,BREWSTER,OH,73,1,Dawn,Clear,Yard,Light loco(s),3,22708,1799,44273,H702,40.71158,-81.59779,66.2,71.7,69.3
MNCW,73250,2020-09-30,3:08 AM,Other impacts,0,BREWSTER,NY,58,4,Dark,Rain,Yard,EMU,0,10789,0,10789,H018,41.408221,-73.621851,68.2,64.3,62
WE,240053,2024-06-19,4:00 AM,Derailment,0,BREWSTER,OH,70,4,Dark,Clear,Yard,Yard/switching,10,38700,46912,85612,E64C,40.707003,-81.598179,80.6,79.3,80.6
MNCW,73250,2020-09-30,3:08 AM,Other impacts,0,BREWSTER,NY,58,4,Dark,Rain,Yard,EMU,2,0,0,10789,H018,41.408221,-73.621851,68.2,64.3,62
WE,210064,2021-09-14,8:10 PM,Derailment,0,BREWSTER,OH,80,3,Dusk,Clear,Yard,Yard/switching,7,15556,405,15961,H702,40.707003,-81.598179,74.6,76,69
WE,210055,2021-08-23,2:30 PM,Raking collision,0,BREWSTER,OH,85,2,Day,Clear,Yard,Yard/switching,8,51464,0,51464,H310,40.714458,-81.608528,74.7,76,76.6
WE,160009,2016-02-01,5:10 PM,Derailment,1,BREWSTER,OH,41,2,Day,Clear,Yard,Yard/switching,12,404000,26010,430010,H702,40.714825,-81.619458,52.6,41.1,38.3
WE,160036,2016-04-04,4:15 AM,Derailment,0,BREWSTER,OH,40,4,Dark,Clear,Yard,Yard/switching,5,162000,3292,165292,H306,40.713817,-81.606006,33.9,40.2,29.3
WE,230001,2023-01-04,1:15 AM,Other impacts,0,BREWSTER,OH,58,4,Dark,Cloudy,Yard,Yard/switching,15,33797,0,33797,H212,40.707003,-81.598179,56.7,54.6,39.6
WE,150129,2015-09-05,5:13 PM,Derailment,0,BREWSTER,OH,82,2,Day,Clear,Yard,Yard/switching,13,41749,0,41749,H607,40.714809,-81.610689,71,74.8,76
WE,210011,2021-01-29,6:40 PM,Head on collision,0,BREWSTER,OH,21,4,Dark,Clear,Main,Spec. MoW Equip.,13,19205,2133,21556,H607,40.71385,-81.606233,21.2,20.1,21.7
WE,240072,2024-08-28,6:50 PM,Derailment,0,BREWSTER,OH,95,2,Day,Clear,Yard,Yard/switching,7,30822,22233,53055,M599,40.714907,-81.6106,79.5,79.7,77.2
WE,150046,2015-03-27,6:00 AM,Derailment,0,BREWSTER,OH,35,1,Dawn,Snow,Yard,Cut of cars,8,15600,165,15765,H602,40.715031,-81.630792,41,29.2,21.5
MNCW,83036,2024-07-18,1:12 AM,Other impacts,0,BREWSTER,NY,64,4,Dark,Rain,Yard,EMU,0,225000,268833,568833,H307,41.406766,-73.621299,78,76.6,71.4
WE,240064,2024-07-29,12:35 AM,Derailment,0,BREWSTER,OH,75,4,Dark,Clear,Yard,Yard/switching,3,75000,0,75000,H522,40.707003,-81.598179,75.4,74.1,75.7
MNCW,80503,2023-08-23,11:07 PM,Other impacts,0,BREWSTER,NY,72,4,Dark,Clear,Yard,EMU,1,48604,0,48604,M507,41.406755,-73.622163,70.5,66.1,66.4
MNCW,75937,2021-11-10,2:10 AM,Other impacts,0,BREWSTER,NY,55,4,Dark,Clear,Yard,EMU,0,15631,0,15631,M507,41.404174,-73.620972,50.8,52.4,46.3
WE,180092,2018-10-04,4:15 PM,Derailment,0,BREWSTER,OH,36,2,Day,Clear,Yard,Yard/switching,5,14980,2134,17114,M101,40.7097,-81.6031,68.8,67.5,55.7
WE,210011,2021-01-29,6:40 PM,Rear end collision,0,BREWSTER,OH,21,4,Dark,Clear,Main,Cut of cars,0,218,0,21556,H607,40.71385,-81.606233,21.2,20.1,21.7
MNCW,83036,2024-07-18,1:12 AM,Other impacts,0,BREWSTER,NY,64,4,Dark,Rain,Yard,EMU,8,75000,0,568833,H307,41.406766,-73.062129,78,76.6,71.4
WE,240056C,2024-07-16,4:05 PM,Derailment,0,BREWSTER,OH,85,2,Day,Clear,Yard,Yard/switching,0,25000,990,25990,H306,40.707003,-81.598179,78,79.6,75.2
MNCW,2018030317,2018-03-03,9:10 AM,Other impacts,0,BREWSTER,NY,40,2,Day,Clear,Yard,Cut of cars,2,1621,59210,60831,H509,41.407265,-73.62241,36.3,37,36.6
WE,190112,2019-12-07,4:05 PM,Derailment,0,BREWSTER,OH,35,2,Day,Clear,Yard,Yard/switching,6,55000,0,55000,H318,40.714603,-81.606931,37.2,28.8,38.7
UP,0116TC008,2016-01-16,4:54 PM,Derailment,0,BREWSTER,MN,-8,3,Dusk,Cloudy,Industry,Freight Train,3,48988,1250,50238,M101,43.701192,-95.466833,10.3,-0.9,-11.5
WE,220087,2022-12-23,1:15 AM,Derailment,0,BREWSTER,OH,30,4,Dark,Sleet,Yard,Yard/switching,10,9506,8326,17832,H306,40.707003,-81.598179,38.2,6.2,3.3
WE,150045,2015-03-26,3:45 PM,Derailment,0,BREWSTER,OH,37,2,Day,Rain,Yard,Yard/switching,9,3160,13427,16587,T314,40.714067,-81.605619,46.6,41,29.2
WE,160102,2016-12-10,9:50 PM,Derailment,0,BREWSTER,OH,22,4,Dark,Clear,Yard,Light loco(s),8,11727,837,12564,T307,40.714797,-81.601639,23.7,23.9,26.8
ATK,135645,2014-12-17,1:12 PM,Other (describe in narrative),0,BRIDGEPORT,CT,53,2,Day,Clear,Main,Passenger Train - Pulling,30,20000,0,21200,E78L,41.184694,-73.152251,38.9,46.1,40.1
UP,0423TO022,2023-04-16,7:00 PM,Other impacts,0,BRIDGEPORT,TX,68,3,Dusk,Clear,Industry,Freight Train,0,28042,0,2305757,H702,33.282184,-97.800185,67,55.4,61.5
UP,0423TO022,2023-04-16,7:00 PM,Other impacts,0,BRIDGEPORT,TX,68,3,Dusk,Clear,Industry,Freight Train,37,2207254,70461,2305757,H702,33.282184,-97.800185,67,55.4,61.5
HESR,HES866124G,2024-07-15,12:15 PM,Hwy-rail crossing,0,BRIDGEPORT,MI,85,2,Day,Clear,Main,Freight Train,20,140,104083,104223,M304,43.32208,-83.91989,78.2,77.4,76.2
BNSF,PR0723102,2023-07-17,11:52 PM,Derailment,0,BRIDGEPORT,NE,69,4,Dark,Clear,Yard,Light loco(s),5,12000,0,12000,H607,41.66362,-103.100007,73.3,74.7,75.5
MNCW,2017012608,2017-01-27,7:00 AM,Other (describe in narrative),0,BRIDGEPORT,CT,35,1,Dawn,Rain,Main,EMU,10,17400,0,17400,E78L,41.185278,-73.165583,44.3,41.7,37.7
CSX,000172161,2017-10-12,2:50 PM,Derailment,0,BRIDGEPORT,AL,78,2,Day,Cloudy,Yard,Freight Train,7,25080,80024,105104,H303,34.930606,-85.756464,74.4,64.8,66.9
BNSF,PR0221202,2021-02-13,10:24 AM,Hwy-rail crossing,0,BRIDGEPORT,NE,-15,2,Day,Snow,Main,Freight Train,34,13138,1500,14638,M302,41.72142,-103.196,-5.9,-4.9,-10.6
BNSF,PR0418115,2018-04-21,8:25 AM,Rear end collision,0,BRIDGEPORT,NE,40,1,Dawn,Rain,Main,Freight Train,0,23000,0,25000,H601,41.7122,-103.152842,39.3,37.6,45.6
MNCW,2019121,2019-08-19,7:34 PM,Derailment,0,BRIDGEPORT,CT,70,3,Dusk,Clear,Yard,EMU,8,119062,9834,128896,H799,41.185076,-73.164018,77.8,78.2,79.7
BNSF,PR0920101,2020-09-01,4:30 PM,Derailment,0,BRIDGEPORT,NE,80,2,Day,Clear,Main,Freight Train,20,18544,4111,22655,E71L,41.691644,-103.116922,60.4,65.8,68.3
BNSF,PR0418115,2018-04-21,8:25 AM,Rear end collision,0,BRIDGEPORT,NE,40,1,Dawn,Rain,Main,Light loco(s),12,2000,0,25000,H601,41.7122,-103.152842,39.3,37.6,45.6
BNSF,PR0315121,2015-03-09,3:00 PM,Rear end collision,0,BRIDGEPORT,NE,50,2,Day,Clear,Main,Spec. MoW Equip.,10,5000,0,105000,H997,41.528661,-103.02378,37.9,41.7,42.7
BNSF,PR0315121,2015-03-09,3:00 PM,Rear end collision,0,BRIDGEPORT,NE,50,2,Day,Clear,Main,Spec. MoW Equip.,0,100000,0,105000,H997,41.528661,-103.02378,37.9,41.7,42.7
MNCW,2019180,2019-12-05,12:15 AM,Obstruction,0,BRIDGEPORT,CT,45,4,Dark,Clear,Yard,EMU,3,24296,0,24296,H307,41.18489,-73.163715,35.1,38.6,40.9
CSX,000199534,2021-08-17,10:02 PM,Derailment,0,BRIDGEPORT,AL,75,4,Dark,Clear,Industry,Freight Train,8,27450,9539,36989,M202,34.951048,-85.706381,75.8,73.8,77.6
BNSF,PR0624109,2024-06-28,7:31 AM,Derailment,0,BRIDGEPORT,NE,73,1,Dawn,Clear,Main,Freight Train,30,45000,42855,87855,T399,41.712121,-103.152698,79.1,74.6,67
MNCW,2014121716,2014-12-17,1:12 PM,Other (describe in narrative),0,BRIDGEPORT,CT,50,2,Day,Clear,Main,EMU,0,0,1200,21200,T404,41.184694,-73.152251,38.9,46.1,40.1
MNCW,2017020607,2017-02-06,5:55 AM,Other (describe in narrative),0,BRIDGEPORT,CT,36,2,Day,Rain,Main,EMU,10,17400,0,17400,T404,41.185444,-73.166611,36.6,39.8,36.6
MNCW,2017080105,2017-08-01,1:14 AM,Derailment,0,BRIDGEPORT,CT,60,4,Dark,Clear,Yard,EMU,2,25000,5000,30000,T311,41.18516,-73.164545,73.6,77.7,75.4
BNSF,PR0922109,2022-09-30,10:30 PM,Derailment,2,BRIDGER,MT,51,4,Dark,Rain,Main,Freight Train,34,1332584,325000,1657584,T204,45.289013,-108.891716,63.7,51.9,49.7
MBTA,5715,2018-01-04,12:44 PM,Hwy-rail crossing,0,BRIDGEWATER,MA,30,2,Day,Snow,Main,Passenger Train - Pulling,53,1562,18697,20259,M305,41.993684,-70.974086,18.1,30,15.2
MBTA,YR2022161,2022-12-23,7:11 PM,Obstruction,0,BRIDGEWATER,MA,34,4,Dark,Clear,Main,Passenger Train - Pushing,57,14847,0,14847,M404,42.001492,-70.979829,35.5,47.8,15.2
UP,0717UT006,2017-07-10,9:30 AM,Derailment,0,BRIGHAM CITY,UT,78,2,Day,Clear,Yard,Yard/switching,4,36971,1680,38651,H318,41.512901,-112.029413,81.1,82.1,80.1