reportingrailroadcode,accidentnumber,date,time,accidenttype,hazmatreleasedcars,station,stateabbr,temperature,visibility_code,visibility,weathercondition,tracktype,equipmenttype,trainspeed,equipmentdamagecost,trackdamagecost,totaldamagecost,primaryaccidentcausecode,latitude,longitude,prior_temp,actual_temp,following_temp
UP,0316PC006,2016-03-23,6:40 PM,Derailment,0,BRIGHAM CITY,UT,48,3,Dusk,Cloudy,Yard,Freight Train,4,31298,170965,202263,E33C,41.520061,-112.029518,41.7,39.7,42.8
UP,0921RM027,2021-09-27,9:45 AM,Derailment,0,BRIGHAM CITY,UT,62,2,Day,Clear,Yard,Freight Train,5,5322,95815,101137,T212,41.51289,-112.029461,66.1,66.1,58.6
UP,1214PC007,2014-12-12,7:30 PM,Other impacts,0,BRIGHAM CITY,UT,38,4,Dark,Clear,Yard,Single Car,0,14295,0,14295,M507,41.51361,-112.029526,42.1,51.6,39.3
UP,0321RM008,2021-03-10,9:04 AM,Derailment,0,BRIGHAM CITY,UT,32,2,Day,Cloudy,Yard,Yard/switching,0,1136,38388,39524,H018,41.521496,-112.029491,37.3,36.7,36.8
UP,0818DV013,2018-08-24,8:27 AM,Hwy-rail crossing,0,BRIGHTON,CO,92,2,Day,Clear,Main,Freight Train,12,27148,95677,122825,M303,40.000488,-104.816089,74.1,75,75.7
UP,1216SL002,2016-12-05,12:44 PM,Obstruction,0,BRIGHTON,IL,46,2,Day,Clear,Siding,Work train,5,100,0,130100,H307,39.056424,-90.122215,37.9,37.9,37.6
UP,1216SL002,2016-12-05,12:44 PM,Obstruction,0,BRIGHTON,IL,46,2,Day,Clear,Siding,Spec. MoW Equip.,0,90000,0,130100,H307,39.056424,-90.122215,37.9,37.9,37.6
UP,1216SL002,2016-12-05,12:44 PM,Obstruction,0,BRIGHTON,IL,46,2,Day,Clear,Siding,Spec. MoW Equip.,0,40000,0,130100,H307,39.056424,-90.122215,37.9,37.9,37.6
UP,0222MA042,2022-02-24,9:25 AM,Obstruction,0,BRINKLEY,AR,30,2,Day,Cloudy,Main,Freight Train,40,17874,0,17874,M101,34.97849,-91.165543,32,31.2,30.3
BNSF,TC0816101,2016-08-02,12:20 AM,Derailment,0,BRISTOL,SD,70,4,Dark,Clear,Main,Freight Train,26,72706,800,73506,M105,45.354938,-97.837318,76.8,76.8,77.7
ATK,139007,2015-08-15,11:47 AM,Other (describe in narrative),0,BRISTOL,PA,90,2,Day,Clear,Main,Passenger Train - Pulling,70,20000,1800,21800,E75L,40.100709,-74.863479,73.9,78.5,80.4
NS,121692,2016-08-16,11:55 AM,Derailment,0,BRISTOL,VA,90,2,Day,Clear,Siding,Freight Train,5,13628,1500,15128,E40C,36.620056,-82.161168,75.3,77.1,77
NS,123215,2016-12-19,11:18 AM,Hwy-rail crossing,0,BRISTOL,VA,36,2,Day,Clear,Main,Freight Train,46,10697,884,11581,M302,36.696022,-82.048331,47.1,32.9,33.6
CRSH,132522,2019-01-17,7:38 PM,Derailment,0,BRISTOL,PA,32,3,Dusk,Clear,Yard,Freight Train,6,1918,9000,10918,T215,40.09771,-74.087485,32.9,30.9,32.6
GRS,20190710W1,2019-07-10,3:35 AM,Derailment,0,BRISTOL,CT,65,4,Dark,Clear,Main,Freight Train,9,13727,11688,25415,M405,41.671177,-72.937707,74.6,75.4,75.8
SEPA,SEPA051122,2022-05-11,8:00 AM,Other (describe in narrative),0,BRISTOL,PA,65,2,Day,Clear,Main,EMU,0,19863,0,19863,E64C,40.10481,-74.85506,60.7,61.5,64
GDLK,170503002,2017-05-03,2:00 AM,Derailment,0,BRISTOL,IN,45,4,Dark,Clear,Siding,Freight Train,7,14450,4800,19250,T110,41.713355,-85.832186,44.3,46.9,45.1
BEAR,BER771124D,2024-03-20,4:40 PM,Derailment,0,BRISTOL,CT,41,2,Day,Cloudy,Main,Freight Train,5,0,83285,83285,T110,41.676047,-72.945778,38.5,40.9,32.5
NS,136133,2019-11-08,2:10 PM,Derailment,0,BRISTOL,TN,40,2,Day,Clear,Main,Freight Train,2,23000,13423,36423,T310,36.5559,-82.171646,48.6,35.1,35.4
ATK,146092,2017-01-29,1:45 PM,Other (describe in narrative),0,BRISTOL,PA,43,2,Day,Clear,Main,Passenger Train - Pulling,60,13539,9000,22539,T404,40.239245,-74.726335,34.4,34.6,32.7
ATK,180895,2024-06-25,3:00 PM,Other (describe in narrative),0,BRISTOL,PA,0,2,Day,Clear,Main,Passenger Train - Pulling,115,15452,0,15452,T404,40.109275,-74.847665,79.2,80.1,84.4
NS,139158,2020-09-15,8:45 AM,Derailment,0,BRISTOL,VA,72,2,Day,Clear,Yard,Freight Train,7,70622,4584,75206,T319,36.641137,-82.127214,71.1,66.8,64.8
BEAR,BER703124D,2024-02-16,1:35 PM,Derailment,0,BRISTOL,CT,40,2,Day,Clear,Main,Freight Train,5,1172,35199,36371,T110,41.680239,-72.944936,29.1,34,28.6
SLWC,201029003,2020-10-29,2:20 PM,Derailment,0,BRISTOW,OK,60,2,Day,Clear,Main,Freight Train,10,80000,50000,130000,M202,35.892754,-96.316637,38.6,45.9,47.9
BNSF,MT1119103,2019-11-14,8:50 PM,Derailment,0,BROADVIEW,MT,38,3,Dusk,Clear,Siding,Freight Train,0,2000,0,126000,H504,46.054552,-108.846495,40,39.4,46.8
BNSF,MT1119103,2019-11-14,8:50 PM,Derailment,0,BROADVIEW,MT,38,3,Dusk,Clear,Siding,Freight Train,10,120000,4000,126000,H504,46.054552,-108.846495,40,39.4,46.8
BNSF,MT0720203,2020-07-28,11:02 AM,Hwy-rail crossing,0,BROCKTON,MT,83,2,Day,Clear,Main,Freight Train,57,20000,0,20000,M302,48.157736,-104.85382,67.6,71,76.9
BNSF,MT0715103,2015-07-14,5:30 PM,Derailment,0,BROCKTON,MT,73,3,Dusk,Clear,Main,Freight Train,22,83000,2389968,2472968,T109,48.146924,-104.739543,73.8,73.6,69.7
MQT,MQT913721D,2021-10-22,9:01 PM,Derailment,0,BROHMAN,MI,44,4,Dark,Rain,Main,Freight Train,19,70552,44000,114552,T210,43.67871,-85.81013,52.9,41.8,42.6
ATK,177884,2024-01-06,12:15 PM,Obstruction,0,BRONX,NY,37,2,Day,Cloudy,Main,Passenger Train - Pulling,0,34637,0,34637,M404,40.828037,-73.885105,32,34.2,36.6
ATK,146423,2017-02-10,2:59 AM,Other (describe in narrative),0,BRONX,NY,19,4,Dark,Snow,Main,Passenger Train - Pulling,39,141,50000,50141,S099,40.830912,-73.88306,30,25.9,39.3
ATK,167204,2021-05-29,7:31 AM,Obstruction,0,BRONX,NY,50,2,Day,Rain,Main,Passenger Train - Pulling,47,19751,0,19751,M404,40.853126,-73.92068,60.1,49.6,49.6
ATK,157156,2019-01-11,8:18 AM,Other (describe in narrative),0,BRONX,NY,28,2,Day,Clear,Main,Passenger Train - Pulling,62,22988,10800,33788,T404,40.859264,-73.82717,32.6,26.3,27.3
NS,122147,2016-09-22,1:30 PM,Other impacts,0,BROOK PARK,OH,86,2,Day,Clear,Yard,Yard/switching,2,21500,0,21500,H601,41.423471,-81.807459,71,74.2,74.9
NS,122062,2016-09-14,11:55 AM,Derailment,0,BROOK PARK,OH,68,2,Day,Cloudy,Yard,Yard/switching,2,93339,0,93339,H318,41.423471,-81.807459,70.4,67.8,65.9
NS,118317,2015-11-22,11:45 AM,Derailment,0,BROOK PARK,OH,34,2,Day,Cloudy,Yard,Yard/switching,8,55239,2000,57239,T110,41.422254,-81.798108,40,31.4,30
HRRC,0117,2017-01-03,12:50 PM,Derailment,0,BROOKFIELD,CT,38,2,Day,Fog,Main,Freight Train,23,30000,15000,45000,T220,41.482594,-73.409569,30.1,37.9,40.7
BNSF,CH0916104,2016-09-07,3:00 AM,Obstruction,0,BROOKFIELD,IL,65,4,Dark,Clear,Yard,Maint./inspect Car,0,70000,0,70000,H997,41.819613,-87.85563,84,83.5,76.4
IC,989214,2019-01-19,12:20 PM,Obstruction,0,BROOKHAVEN,MS,63,2,Day,Cloudy,Main,,0,0,0,19119,M404,31.649439,-90.416885,60.1,55.3,37.3
IC,1104916,2022-06-07,8:35 AM,Derailment,0,BROOKHAVEN,MS,87,2,Day,Clear,Main,Freight Train,32,2024,235521,237545,E51C,31.567713,-90.448036,79.3,80.1,80.9
ATK,157253,2019-01-19,12:20 PM,Obstruction,0,BROOKHAVEN,MS,63,2,Day,Cloudy,Main,Passenger Train - Pulling,68,19119,0,19119,M404,31.649439,-90.416885,60.1,55.3,37.3
LI,68713,2018-11-07,1:15 PM,Derailment,0,BROOKLYN,NY,57,2,Day,Clear,Yard,EMU,5,161069,10670,171739,H221,40.682078,-73.971599,54.4,57.6,50.7
NS,141479,2021-05-07,7:45 AM,Derailment,0,BROOKLYN,MO,58,1,Dawn,Clear,Main,Freight Train,5,1500,0,18182,H503,38.654377,-90.187217,57.5,54.8,69.3
LI,EQ20170103,2017-01-04,8:18 AM,Obstruction,0,BROOKLYN,NY,44,2,Day,Clear,Main,EMU,12,4902864,446000,5348864,H222,40.684593,-73.977523,41.4,44.7,30.8
ALS,20210121,2021-01-21,11:48 PM,Derailment,0,BROOKLYN,IL,28,4,Dark,Clear,Yard,Freight Train,4,17000,0,32226,H503,38.640734,-90.154834,36.1,41.5,31.5
KCS,21071302,2021-07-13,3:59 PM,Hwy-rail crossing,0,BROOKLYN,MS,90,2,Day,Clear,Main,Freight Train,40,10,11540,11550,M308,31.058938,-89.188087,75,78.9,80.1
NS,136192,2019-11-12,2:30 AM,Derailment,0,BROOKLYN,IL,12,4,Dark,Snow,Main,Freight Train,5,1732,0,24732,E64C,38.657783,-90.160589,32,15.6,24
LI,74159,2021-03-01,9:00 AM,Derailment,0,BROOKLYN,NY,42,2,Day,Fog,Yard,EMU,5,135669,1500,137169,T312,40.681362,-73.969294,42.6,42.5,28.7
CSX,000179537,2018-10-27,6:15 AM,Derailment,0,BROOKLYN,MD,52,4,Dark,Rain,Yard,Freight Train,7,37342,16699,54041,T207,39.241238,-76.616702,45.3,49.8,51.4
UP,1218GL057,2018-12-31,8:25 AM,Fire/violent rupture,0,BROOKS,WI,27,2,Day,Cloudy,Main,Freight Train,30,48720,0,48720,M406,43.825407,-89.643444,25.1,28.7,18.1
BNSF,TC0320106,2020-03-12,4:30 AM,Other (describe in narrative),0,BROOKSTON,MN,30,1,Dawn,Rain,Main,Freight Train,30,2000,23800,25800,E07C,47.01603,-92.590487,31.5,34.6,25.3
BNSF,TC0315116,2015-03-13,10:55 AM,Derailment,0,BROOKSTON,MN,45,2,Day,Clear,Main,Freight Train,40,6500,24745,31245,E53C,46.827665,-92.554843,38.3,40.4,43.1
BNSF,TC0122117,2022-01-30,7:18 AM,Other (describe in narrative),0,BROOKSTON,MN,-8,1,Dawn,Clear,Main,Freight Train,40,1500,20000,21500,E07C,46.86603,-92.589609,11.7,13.9,18.9
BNSF,TC0219110,2019-02-16,11:25 AM,Derailment,0,BROOKSTON,MN,18,2,Day,Cloudy,Main,Freight Train,39,2184224,116919,2301143,E61C,46.77433,-92.48495,6.6,8.1,13.6
CSX,000164483,2016-11-18,3:00 PM,Derailment,0,BROOKSVILLE,FL,80,2,Day,Clear,Industry,Freight Train,0,108276,0,108276,M501,28.58463,-82.419477,58.3,60.8,62.7
CSX,000159997,2016-05-23,4:30 AM,Derailment,0,BROOKWOOD,AL,60,4,Dark,Cloudy,Industry,Freight Train,5,17207,6486,23693,H702,33.30137,-87.217228,69,69.5,72.8
CSX,000212590,2023-07-29,8:30 PM,Derailment,0,BROOKWOOD,AL,78,4,Dark,Clear,Main,Freight Train,2,49995,0,89995,M599,33.271755,-87.312357,81.8,83,79.8
CSX,000214554,2023-11-17,7:05 PM,Derailment,0,BROOKWOOD,AL,60,4,Dark,Clear,Industry,Freight Train,3,160963,13400,174363,M101,33.281471,-87.291869,65.1,64.5,60.8
ABS,230729001,2023-07-29,8:30 PM,Derailment,0,BROOKWOOD,AL,78,4,Dark,Clear,Main,,0,0,40000,89995,H503,33.271755,-87.312357,81.8,83,79.8
CSX,000175981,2018-04-23,4:58 PM,Obstruction,0,BROOKWOOD,AL,64,2,Day,Clear,Siding,Freight Train,5,38500,0,38500,M404,33.323857,-87.15907,64.7,63.5,60.8
CSX,000172225,2017-10-16,6:57 PM,Derailment,0,BROOKWOOD,AL,74,3,Dusk,Clear,Main,Freight Train,15,520741,51824,572565,T207,33.282876,-87.262149,74.9,61,58.8
ABS,210711002,2021-07-11,6:50 PM,Derailment,0,BROOKWOOD,AL,73,3,Dusk,Clear,Main,Freight Train,5,22655,25000,47655,T110,33.271755,-87.312357,75.9,77.8,74.9
CP,1000331403,2016-01-13,8:47 AM,Hwy-rail crossing,0,BROOTEN,MN,12,2,Day,Clear,Main,Freight Train,52,85916,340,86256,M302,45.507561,-95.13146,-7.1,11.2,19.6
BNSF,MT0218109,2018-02-04,9:20 AM,Other (describe in narrative),0,BROWNING,MT,19,2,Day,Snow,Main,Spec. MoW Equip.,5,38000,0,38000,M101,48.420375,-113.226158,4.8,4.5,6.7
NS,144633,2022-03-08,1:20 AM,Derailment,0,BROWNLEE PARK,MI,29,4,Dark,Cloudy,Yard,Freight Train,4,22022,950,22972,T110,42.313539,-85.139109,33.4,31.7,32.5
NS,144554,2022-03-01,8:30 PM,Derailment,0,BROWNS,IL,72,4,Dark,Clear,Siding,Freight Train,11,2667,23368,26035,E64C,38.380636,-87.953837,41.5,50.6,55.1
ATK,157770,2019-02-23,10:58 PM,Hwy-rail crossing,0,BROWNSBURG,IN,50,4,Dark,Rain,Main,Passenger Train - Pulling,50,31473,0,31473,M308,39.823783,-86.346236,34.6,43.4,39.6
CSX,000181553,2019-02-23,11:02 PM,Hwy-rail crossing,0,BROWNSBURG,IN,44,4,Dark,Cloudy,Main,,0,0,0,31473,M308,39.823783,-86.346236,34.6,43.4,39.6
UP,0315SL008,2015-03-20,1:10 PM,Other (describe in narrative),0,BROWNSTOWN,IL,45,2,Day,Cloudy,Main,,0,0,0,51000,E39L,39.00797,-88.848063,45.1,45.2,51.9
CSX,000154639,2015-11-24,6:30 PM,Hwy-rail crossing,0,BROWNSVILLE,TN,62,4,Dark,Cloudy,Main,Freight Train,45,9542,6050,15592,M302,35.542084,-89.286124,38.6,45.9,54.6
CSX,000185236,2019-09-09,3:45 PM,Derailment,0,BROWNSVILLE,TN,90,2,Day,Clear,Yard,Freight Train,0,3289,32675,35964,E08C,35.604028,-89.239211,74.7,79.5,77.3
CSX,000207995,2022-10-25,12:27 PM,Derailment,0,BROWNSVILLE,TN,75,2,Day,Rain,Industry,Single Car,22,13034,1692,14726,H018,35.60398,-89.239185,68.5,65,50.9
NS,145114,2022-04-11,3:00 PM,Other (describe in narrative),0,BROWNSVILLE,PA,50,2,Day,Clear,Main,,0,0,19562,19562,H019,40.02088,-79.902975,41.4,50.5,57
UP,0317HO036,2017-03-13,2:40 PM,Derailment,0,BROWNSVILLE,TX,68,2,Day,Cloudy,Yard,Freight Train,10,115397,3986,119383,H303,25.999363,-97.506846,67.4,62,65.1
CP,1000338729,2016-01-26,9:43 PM,Derailment,1,BROWNSVILLE,MN,21,4,Dark,Clear,Main,Freight Train,28,852463,145490,997953,T299,43.65296,-91.27495,27.6,26.9,27.8
BRG,BRG223198,2022-10-01,12:09 AM,Derailment,1,BROWNSVILLE,TX,70,4,Dark,Clear,Yard,Freight Train,0,72401,500,72901,T103,25.957407,-97.375635,76.5,77.2,77.2
EMRY,176462,2019-09-24,8:15 PM,Other impacts,0,BROWNVILLE,ME,52,4,Dark,Clear,Main,Cut of cars,2,12700,5000,32800,H008,45.335182,-68.828393,69.3,60.4,52.5
EMRY,176462,2019-09-24,8:15 PM,Other impacts,0,BROWNVILLE,ME,52,4,Dark,Clear,Main,Light loco(s),2,15100,0,32800,H008,45.335182,-68.828393,69.3,60.4,52.5
CMQX,032015,2015-03-28,10:15 AM,Derailment,0,BROWNVILLE,ME,25,2,Day,Clear,Main,Freight Train,10,6160,22500,28660,E64C,45.307069,-69.03339,36.1,28.5,25.6
BNSF,GC1214101,2014-12-08,11:45 PM,Derailment,0,BROWNWOOD,TX,42,4,Dark,Clear,Yard,Yard/switching,5,14583,800,15383,H318,31.716852,-98.973476,48.7,51.1,51.9
BNSF,RD0117107,2017-01-11,4:42 AM,Derailment,0,BROWNWOOD,TX,58,1,Dawn,Clear,Main,Freight Train,45,7288,32000,39288,E61C,31.684987,-98.815166,59.9,59.7,61.6
BNSF,RD0821119,2021-08-25,3:35 AM,Derailment,0,BROWNWOOD,TX,85,4,Dark,Clear,Yard,Freight Train,4,28704,75829,104533,H307,31.713612,-98.96695,84.1,83.9,81.2
BNSF,RD0620123,2020-06-25,8:58 AM,Derailment,0,BROWNWOOD,TX,81,1,Dawn,Clear,Yard,Freight Train,7,10000,2950,12950,H607,31.714525,-98.967863,76.5,79.2,80.6
BNSF,RD0817113,2017-08-16,2:25 PM,Raking collision,0,BROWNWOOD,TX,82,2,Day,Cloudy,Main,Yard/switching,9,50237,0,50237,H307,31.716888,-98.973048,80.8,83.6,80.5
BNSF,RD0522125,2022-05-24,8:58 AM,Derailment,0,BROWNWOOD,TX,73,1,Dawn,Cloudy,Yard,Freight Train,9,16800,3750,20550,H503,31.716723,-98.974738,68.1,67.5,64
BNSF,RD0120118,2020-01-27,11:53 AM,Derailment,0,BROWNWOOD,TX,55,2,Day,Clear,Yard,Freight Train,9,13561,14930,28491,H703,31.712482,-98.966081,54.5,57.3,49.1
BNSF,RD1020121,2020-10-28,6:50 PM,Derailment,0,BROWNWOOD,TX,40,3,Dusk,Cloudy,Yard,Freight Train,7,19500,1243,20743,H307,31.713614,-98.966952,32.9,39.9,48.7
BNSF,RD1122121,2022-11-20,2:20 PM,Derailment,0,BROWNWOOD,TX,37,2,Day,Rain,Yard,Freight Train,4,43888,31175,75063,H703,31.714494,-98.968169,36.7,37.1,43.7
BNSF,RD0824102,2024-08-01,10:00 PM,Derailment,0,BROWNWOOD,TX,90,4,Dark,Clear,Yard,Freight Train,9,415222,352175,767397,M410,31.705542,-98.955916,87.1,86.9,88.4
BNSF,RD1022121,2022-10-20,5:28 AM,Other impacts,0,BROWNWOOD,TX,68,1,Dawn,Clear,Yard,Freight Train,5,12493,0,12493,H307,31.716885,-98.973032,59.7,68.6,72
BNSF,RD0718117,2018-07-17,5:01 AM,Derailment,0,BROWNWOOD,TX,74,1,Dawn,Clear,Yard,Freight Train,2,6000,23000,29000,H514,31.713485,-98.98883,87.5,88.9,90.3
BNSF,RD1121117,2021-11-26,4:14 AM,Derailment,0,BROWNWOOD,TX,49,1,Dawn,Clear,Yard,Freight Train,7,293838,1000,294838,H307,31.716884,-98.972717,50,45.8,50.7
TXR,TXR170618,2017-06-18,4:40 PM,Derailment,0,BROWNWOOD,TX,97,2,Day,Clear,Industry,Yard/switching,3,21580,10271,31851,H702,31.682763,-98.986357,86,85.3,79.3
TXR,TXR181016,2018-10-16,5:00 AM,Derailment,0,BROWNWOOD,TX,43,1,Dawn,Rain,Yard,Freight Train,5,40000,0,65000,T001,31.711665,-98.964369,40.5,42,45.8
BNSF,RD1018117,2018-10-16,5:00 AM,Derailment,0,BROWNWOOD,TX,43,1,Dawn,Rain,Yard,Freight Train,0,0,25000,65000,T001,31.711665,-98.964369,40.5,42,45.8
BNSF,RD1218103,2018-12-04,10:06 PM,Derailment,0,BROWNWOOD,TX,35,4,Dark,Cloudy,Yard,Freight Train,6,103796,30000,133796,T314,31.71432,-98.967986,46.8,40.5,43.3
BNSF,RD0119103,2019-01-04,12:05 AM,Derailment,0,BROWNWOOD,TX,32,4,Dark,Cloudy,Yard,Freight Train,0,0,8946,11445,T110,31.713995,-98.967609,35.5,45.8,52.9
BNSF,GC1115101,2015-11-03,8:30 AM,Derailment,0,BROWNWOOD,TX,75,2,Day,Clear,Yard,Freight Train,0,0,30400,30400,T111,31.713845,-98.967473,63,65.8,66.1
BNSF,GC1215102,2015-12-02,10:45 PM,Derailment,0,BROWNWOOD,TX,39,4,Dark,Cloudy,Yard,Freight Train,0,0,5000,12971,T110,31.71687,-98.972502,41.4,44.4,44.2
BNSF,GC1214106,2014-12-28,9:20 AM,Derailment,0,BROWNWOOD,TX,34,2,Day,Cloudy,Yard,Freight Train,6,8074,5500,13574,T202,31.713162,-98.990199,39.4,39.2,46.5
TXR,TXR1503201,2015-11-03,8:30 AM,Derailment,0,BROWNWOOD,TX,75,2,Day,Clear,Yard,Freight Train,6,0,0,30400,T111,31.713845,-98.967473,63,65.8,66.1
BNSF,RD0123104,2023-01-09,12:18 AM,Derailment,0,BROWNWOOD,TX,40,4,Dark,Clear,Yard,Freight Train,4,55350,150000,205350,T317,31.701227,-98.949894,49.9,55.6,65.8
TXR,TXR150520,2015-05-20,11:30 AM,Derailment,0,BROWNWOOD,TX,80,2,Day,Cloudy,Industry,Yard/switching,5,11076,0,11076,T110,31.683035,-98.989086,75.4,70,59.5
BNSF,GC1114104,2014-11-14,10:00 AM,Derailment,0,BROWNWOOD,TX,48,2,Day,Clear,Yard,Freight Train,7,20278,1000,21278,T207,31.714015,-98.986881,30.1,34.1,44.6
TXR,TXR151202,2015-12-02,10:45 PM,Derailment,0,BROWNWOOD,TX,39,4,Dark,Clear,Yard,Freight Train,3,7971,0,12971,T110,31.71687,-98.972502,41.4,44.4,44.2
BNSF,GC1115110,2015-11-30,8:00 PM,Derailment,0,BROWNWOOD,TX,40,3,Dusk,Clear,Main,Freight Train,10,65711,170000,235711,T110,31.713162,-98.990199,38.2,42,41.4
BNSF,RD0524120,2024-05-21,4:00 PM,Derailment,0,BROWNWOOD,TX,95,2,Day,Cloudy,Yard,Freight Train,8,2500,56248,58748,T001,31.713946,-98.987024,79.1,79.4,76.7
TXR,TXR190104,2019-01-04,12:05 AM,Derailment,0,BROWNWOOD,TX,32,4,Dark,Cloudy,Yard,Freight Train,5,2499,0,11445,T110,31.713995,-98.967609,35.5,45.8,52.9
WE,230032L,2023-05-01,1:45 AM,Head on collision,0,BRUCETON,PA,41,4,Dark,Cloudy,Main,Light loco(s),11,34209,0,34209,H211,40.318125,-79.979773,53.5,42.9,40.2
CSX,000179785,2018-11-10,11:15 PM,Derailment,0,BRUCETON,TN,30,4,Dark,Clear,Yard,Freight Train,7,183605,9072,192677,H702,36.039782,-88.252181,40.9,31.5,37.7
CSX,000205233,2022-05-30,4:00 PM,Derailment,0,BRUCETON,TN,86,2,Day,Clear,Yard,Yard/switching,6,25409,1000,26409,H702,36.038923,-88.253792,71.1,75.8,78
WE,150151,2015-11-22,4:30 AM,Derailment,0,BRUCETON,PA,34,4,Dark,Clear,Siding,Yard/switching,3,25000,0,44150,H099,40.319138,-79.97937,45,34.9,30.9
CSX,000156176,2016-01-18,4:45 AM,Derailment,0,BRUCETON,TN,14,4,Dark,Clear,Yard,Freight Train,4,21421,314,21735,T110,36.039783,-88.252181,27.2,14.7,18
AVR,07022018A,2018-07-02,10:30 AM,Derailment,0,BRUCETON,PA,85,2,Day,Clear,Main,Freight Train,0,4000,225000,229000,T106,40.289618,-79.967446,80.3,79.2,79.5
CSX,000184097,2019-07-12,5:56 PM,Hwy-rail crossing,0,BRUNDIDGE,AL,74,2,Day,Clear,Main,Freight Train,38,20576,97,20673,M302,31.720285,-85.813805,80.5,78.8,77.4
CSX,000169716,2017-06-18,10:35 PM,Derailment,0,BRUNSWICK,MD,70,4,Dark,Clear,Yard,Freight Train,4,46417,856,47273,H702,39.313535,-77.635342,76.7,81.3,77.1
CSX,000162753,2016-09-08,8:40 AM,Derailment,0,BRUNSWICK,GA,88,2,Day,Clear,Yard,,0,0,40146,40160,H799,31.130163,-81.488926,76.5,79.1,79.1
CSX,000217685,2024-04-26,1:30 PM,Derailment,0,BRUNSWICK,GA,75,2,Day,Clear,Yard,,0,0,97,90097,H607,31.16678,-81.501926,70.1,70.8,73
NS,156493,2024-04-26,1:30 PM,Derailment,0,BRUNSWICK,GA,74,2,Day,Clear,Yard,Freight Train,10,90000,0,90097,H993,31.16678,-81.501926,70.1,70.8,73
ATK,178959,2024-03-24,5:03 PM,Obstruction,0,BRUNSWICK,MD,51,2,Day,Clear,Main,Passenger Train - Pulling,46,53000,0,53077,M404,39.309374,-77.579875,41.2,36.9,41.4
CSX,000208864,2022-12-17,4:37 AM,Derailment,0,BRUNSWICK,MD,40,1,Dawn,Clear,Yard,Freight Train,6,118262,2184,120446,H702,39.312989,-77.635425,39,37.6,33.8
CSX,000206508,2022-08-03,5:14 PM,Hwy-rail crossing,0,BRUNSWICK,MD,95,3,Dusk,Clear,Main,,0,0,8781,11801,M308,39.31193,-77.627217,79.1,79,78.9
ATK,171538,2022-08-03,5:14 PM,Hwy-rail crossing,0,BRUNSWICK,MD,85,2,Day,Clear,Main,Passenger Train - Pulling,40,3020,0,11801,M308,39.311357,-77.627348,79.1,79,78.9
CSX,000173030,2017-11-22,9:00 AM,Derailment,0,BRUNSWICK,GA,70,2,Day,Clear,Yard,Yard/switching,7,15746,732,16478,T110,31.185265,-81.504701,64.8,62.3,58.1
NS,131895,2018-12-02,6:15 PM,Derailment,0,BRUNSWICK,GA,70,3,Dusk,Rain,Yard,Freight Train,9,76624,10965,87589,T210,31.192759,-81.503162,63.5,67.6,65.9
BNSF,PR0617101,2017-06-05,4:20 PM,Other (describe in narrative),0,BRUSH,CO,85,2,Day,Clear,Main,Maint./inspect Car,2,0,17000,17000,H402,40.252687,-103.655076,65.1,69.1,67.1
BNSF,PR0122107,2022-01-29,8:45 AM,Derailment,0,BRUSH,CO,19,1,Dawn,Clear,Siding,Freight Train,4,18205,500,18705,H312,40.253029,-103.645155,23.7,31.8,31.7
BNSF,PR0915108,2015-09-16,11:30 AM,Derailment,0,BRUSH,CO,80,2,Day,Clear,Yard,Yard/switching,8,17961,3000,20961,T303,40.254528,-103.614784,74.2,72,64.6
UP,0416SA024,2016-04-25,12:30 AM,Obstruction,0,BRYAN,TX,60,4,Dark,Clear,Main,Freight Train,35,11655,0,11655,M403,30.662311,-96.547074,67.5,75.3,77.1
UP,0223HO024,2023-02-21,7:31 AM,Hwy-rail crossing,0,BRYAN,TX,64,2,Day,Clear,Main,Freight Train,14,0,21033,21033,M302,30.657783,-96.374822,70.4,71.8,75.4
UP,1216ES010,2016-12-18,2:30 PM,Obstruction,0,BRYAN,TX,29,2,Day,Clear,Main,Spec. MoW Equip.,10,12739,0,12739,M404,30.701062,-96.392203,67.4,29.8,32
UP,0920HO027,2020-09-18,4:30 PM,Derailment,0,BRYAN,TX,86,2,Day,Cloudy,Industry,Freight Train,5,15857,1967,17824,T112,30.656753,-96.433853,79,77.5,73.9
UP,0419GC052,2019-04-25,8:59 AM,Derailment,0,BRYAN,TX,58,2,Day,Clear,Main,Freight Train,27,138183,48942,187125,T002,30.711943,-96.408136,65.8,68.6,69.3
LAS,M644214,2014-12-01,8:30 PM,Fire/violent rupture,0,BRYCELAND,LA,46,4,Dark,Rain,Main,Yard/switching,0,100000,2800,102800,E74L,32.233545,-92.574165,67.2,57,43.3
SEPA,SEPA040123,2023-04-01,6:30 PM,Other (describe in narrative),0,BRYN ATHYN,PA,65,2,Day,Rain,Main,EMU,0,0,93345,93345,T404,40.127983,-75.020486,48,62,46.4
GSM,08222017,2017-08-22,11:48 AM,RR grade crossing,0,BRYSON CITY,NC,80,2,Day,Cloudy,Main,Passenger Train - Pulling,9,24000,0,24000,M304,35.332939,-83.591271,79.6,80.4,78.3
GSM,10172018,2018-10-17,2:05 PM,Obstruction,0,BRYSON CITY,NC,70,2,Day,Cloudy,Main,Spec. MoW Equip.,15,42000,0,42000,M101,35.287183,-83.66764,62.6,61,53.1
GSM,10092021,2021-10-09,12:55 PM,Derailment,0,BRYSON CITY,NC,75,2,Day,Clear,Main,Passenger Train - Pulling,17,50000,86337,136337,T110,35.37907,-83.565644,68.2,65.5,66.4