reportingrailroadcode,accidentnumber,date,time,accidenttype,hazmatreleasedcars,station,stateabbr,temperature,visibility_code,visibility,weathercondition,tracktype,equipmenttype,trainspeed,equipmentdamagecost,trackdamagecost,totaldamagecost,primaryaccidentcausecode,latitude,longitude,prior_temp,actual_temp,following_temp
CSX,000152796,2015-10-03,9:50 AM,Head on collision,0,BUCHANAN,VA,48,2,Day,Rain,Main,Spec. MoW Equip.,0,0,0,15940,H699,37.566726,-79.736531,52.1,50,53.4
CSX,000152796,2015-10-03,9:50 AM,Head on collision,0,BUCHANAN,VA,48,2,Day,Rain,Main,Maint./inspect Car,10,15940,0,15940,H699,37.566726,-79.736531,52.1,50,53.4
BNSF,RD0422122,2022-04-24,11:41 AM,Derailment,0,BUCKHOLTS,TX,81,2,Day,Clear,Main,Freight Train,52,749299,110000,859299,E34C,30.911958,-97.187805,76.1,76.6,65.9
GRS,20161218X1,2016-12-18,2:40 AM,Derailment,0,BUCKLAND,MA,27,4,Dark,Rain,Main,Freight Train,7,19700,50000,69700,T002,42.596994,-72.739605,22.1,36.5,13.9
UP,0516LK017,2016-05-14,2:50 AM,Hwy-rail crossing,0,BUCKNER,AR,65,4,Dark,Clear,Main,Freight Train,60,77509,14500,92009,M303,33.357056,-93.436203,68.2,65.6,63.4
CSX,000211850,2023-06-16,11:20 AM,Derailment,0,BUCKNER,KY,72,2,Day,Clear,Industry,Freight Train,2,273,12753,13026,H306,38.382282,-85.440882,74.3,71,69.9
BNSF,NW0215118,2015-02-17,2:00 PM,Other (describe in narrative),0,BUCODA,WA,35,2,Day,Clear,Main,Spec. MoW Equip.,15,20000,0,20000,H997,46.794897,-122.876071,46.8,43.7,44.8
UP,1023HL016,2023-10-18,8:36 AM,Derailment,0,BUCYRUS,KS,50,2,Day,Clear,Main,Freight Train,16,11482,2795,14277,E27C,38.763067,-94.65773,53.8,57.4,59.1
UP,0823PR003,2023-08-05,5:35 PM,Derailment,0,BUDA,IL,81,2,Day,Cloudy,Main,Freight Train,36,16479,110568,251255,E53C,41.334815,-89.700987,74.3,70.5,69.6
UP,0823PR003,2023-08-05,5:35 PM,Derailment,0,BUDA,IL,81,2,Day,Cloudy,Main,Freight Train,36,13640,110568,251255,E53C,41.334815,-89.700987,74.3,70.5,69.6
NS,154476,2023-10-11,8:25 AM,Other (describe in narrative),0,BUECHEL,KY,61,2,Day,Clear,Yard,Yard/switching,5,15050,4036,19086,H702,38.193357,-85.648433,53.9,55,64.9
NS,154090,2023-08-31,10:23 AM,Other (describe in narrative),0,BUECHEL,KY,87,2,Day,Clear,Yard,Freight Train,5,20000,28000,48000,H306,38.193357,-85.648433,69.9,67.3,71.9
CSX,000181142,2019-02-03,6:18 AM,Side collision,0,BUFFALO,NY,42,1,Dawn,Cloudy,Yard,Yard/switching,7,46310,0,111091,H305,42.901973,-78.773441,23.2,42.3,50.9
CSX,000217362,2024-04-14,3:18 AM,Side collision,0,BUFFALO,NY,54,4,Dark,Clear,Yard,Freight Train,3,37247,3304,49051,H607,42.901926,-78.773366,43.5,52.5,50.9
CSX,000192533,2020-09-10,6:28 AM,Derailment,0,BUFFALO,NY,66,1,Dawn,Fog,Yard,Yard/switching,10,167717,1000,168717,H306,42.901973,-78.773441,69,66.1,57.9
NS,140864,2021-03-08,3:25 PM,Side collision,0,BUFFALO,NY,45,2,Day,Clear,Yard,Yard/switching,3,0,0,24500,H306,42.876892,-78.832408,25.1,34.7,41
CSX,000188029,2020-01-24,1:55 AM,Side collision,0,BUFFALO,NY,34,4,Dark,Cloudy,Yard,Yard/switching,8,20050,200,20250,H306,42.901973,-78.773441,32.2,39.5,38.7
CN,1025852,2020-01-24,1:55 AM,Side collision,0,BUFFALO,NY,34,4,Dark,Cloudy,Yard,Freight Train,0,0,0,20250,H306,42.888943,-78.826326,32.2,39.5,38.7
UP,0423ES020,2023-04-13,11:00 AM,Obstruction,0,BUFFALO,TX,70,2,Day,Clear,Main,Spec. MoW Equip.,26,200,0,27019,H403,31.485609,-96.018348,64.7,65.6,68
UP,0423ES020,2023-04-13,11:00 AM,Obstruction,0,BUFFALO,TX,70,2,Day,Clear,Main,Maint./inspect Car,0,26587,232,27019,H403,31.485609,-96.018348,64.7,65.6,68
NS,156351,2024-04-14,3:18 AM,Side collision,0,BUFFALO,NY,45,4,Dark,Rain,Yard,Freight Train,7,8500,0,49051,H305,42.901926,-78.773366,43.5,52.5,50.9
CSX,000180431,2018-12-20,10:27 PM,Derailment,0,BUFFALO,NY,41,4,Dark,Rain,Yard,Yard/switching,9,8417,2500,10917,E86C,42.901973,-78.773441,32.7,38.9,39.6
CSX,000175538,2018-03-29,9:15 PM,Derailment,0,BUFFALO,NY,40,4,Dark,Rain,Yard,Freight Train,12,8253,9619,17872,H503,42.901973,-78.773441,42.5,44.1,38.7
NS,140864,2021-03-08,3:25 PM,Side collision,0,BUFFALO,NY,45,2,Day,Clear,Yard,Freight Train,0,24500,0,24500,H306,42.876892,-78.832408,25.1,34.7,41
CSX,000173415,2017-12-13,11:35 AM,Derailment,0,BUFFALO,NY,18,2,Day,Cloudy,Yard,Yard/switching,3,115971,1528,117499,M101,42.901973,-78.773441,23.9,15.9,16.4
BLE,1025852,2020-01-24,1:55 AM,Side collision,0,BUFFALO,NY,20,4,Dark,Clear,Yard,Freight Train,0,0,0,20250,H306,42.888943,-78.826326,32.2,39.5,38.7
CSX,000181142,2019-02-03,6:18 AM,Side collision,0,BUFFALO,NY,42,1,Dawn,Cloudy,Yard,Light loco(s),0,48711,16070,111091,H305,42.901973,-78.773441,23.2,42.3,50.9
CSX,000175122,2017-03-29,9:45 AM,Fire/violent rupture,0,BUFFALO,NY,44,2,Day,Cloudy,Main,Light loco(s),40,18767,50,18817,M406,42.854127,-78.849208,45.9,43.2,37.8
NS,133906,2019-05-11,8:10 AM,Derailment,0,BUFFALO,NY,45,2,Day,Clear,Yard,Freight Train,3,7941,23126,31067,H306,42.847252,-78.844503,55.4,47.4,46.2
CSX,000175036,2018-03-05,8:00 PM,Derailment,0,BUFFALO,NY,34,4,Dark,Cloudy,Yard,Freight Train,10,17445,824,18269,H702,42.831943,-78.838097,28.1,26.8,30.3
CSX,000174429,2018-01-31,5:15 PM,Derailment,0,BUFFALO,NY,25,3,Dusk,Clear,Yard,Yard/switching,2,13000,126,13126,E71L,42.901973,-78.773441,16.2,23.3,34.2
CSX,000207028,2022-09-01,4:49 AM,Derailment,0,BUFFALO,NY,72,1,Dawn,Clear,Yard,Yard/switching,3,40220,7211,47431,H307,42.901926,-78.773366,71.1,64.7,69.9
CSX,000208583,2022-11-29,8:24 PM,Side collision,0,BUFFALO,NY,45,4,Dark,Cloudy,Yard,Yard/switching,5,52617,0,61199,H306,42.901926,-78.773366,36.7,40.4,42.2
CSX,000208583,2022-11-29,8:24 PM,Side collision,0,BUFFALO,NY,45,4,Dark,Cloudy,Yard,Yard/switching,5,7128,1454,61199,H306,42.901926,-78.773366,36.7,40.4,42.2
CSX,000202991,2022-02-09,5:48 AM,Derailment,0,BUFFALO,NY,31,4,Dark,Clear,Yard,Yard/switching,8,80962,3210,84172,E34C,42.901926,-78.773366,28.6,35.5,34.7
SB,SBR061716,2016-08-23,8:15 PM,Derailment,0,BUFFALO,NY,66,4,Dark,Clear,Yard,Freight Train,4,38000,2000,40000,E46C,42.846681,-78.84244,67.2,69.7,74
CSX,000178079,2018-08-09,4:40 AM,Rear end collision,0,BUFFALO,NY,68,1,Dawn,Cloudy,Yard,Yard/switching,7,725,500,69558,H220,42.901973,-78.773441,72.4,73.2,72
CSX,000189063,2020-03-12,7:35 PM,Other impacts,0,BUFFALO,NY,45,3,Dusk,Cloudy,Yard,Cut of cars,5,2757,0,56026,H018,42.901973,-78.773441,35.3,42.6,44.8
CSX,000188697,2020-02-26,6:25 AM,Side collision,0,BUFFALO,NY,33,1,Dawn,Cloudy,Yard,Yard/switching,4,23971,0,51922,H020,42.901973,-78.773441,36.4,34.2,24.7
BPRR,BPR485017D,2017-11-08,4:00 PM,Derailment,0,BUFFALO,NY,32,2,Day,Clear,Yard,Yard/switching,4,26044,0,26044,H702,42.855487,-78.847876,39.5,37.1,39.8
CN,969197,2018-08-09,4:40 AM,Rear end collision,0,BUFFALO,NY,68,1,Dawn,Cloudy,Yard,Light loco(s),7,68333,0,69558,H999,42.901973,-78.773441,72.4,73.2,72
CSX,000216650,2024-03-10,11:47 AM,Derailment,0,BUFFALO,NY,30,2,Day,Snow,Yard,Freight Train,5,56016,89,56105,H601,42.90037,-78.786985,47.8,33.9,36.3
CSX,000216021,2024-02-06,9:38 AM,Derailment,0,BUFFALO,NY,32,2,Day,Clear,Yard,Yard/switching,9,32827,1159,33986,S011,42.901926,-78.773366,30.5,30.4,34.3
CSX,000160825,2016-06-25,4:30 PM,Other (describe in narrative),0,BUFFALO,NY,85,4,Dark,Clear,Yard,Freight Train,10,17560,0,17560,M406,42.899219,-78.824573,69.1,73.9,78.9
CSX,000189063,2020-03-12,7:35 PM,Other impacts,0,BUFFALO,NY,45,3,Dusk,Cloudy,Yard,Yard/switching,5,53269,0,56026,H018,42.901973,-78.773441,35.3,42.6,44.8
CSX,000208494,2022-11-24,5:30 PM,Derailment,0,BUFFALO,NY,42,4,Dark,Clear,Yard,Yard/switching,7,242592,14799,257391,E04C,42.901926,-78.773366,36.2,38.4,42.4
CSX,000188697,2020-02-26,6:25 AM,Side collision,0,BUFFALO,NY,33,1,Dawn,Cloudy,Yard,Cut of cars,4,27839,112,51922,H020,42.901973,-78.773441,36.4,34.2,24.7
CSX,000202453,2022-01-16,5:39 PM,Derailment,0,BUFFALO,NY,29,3,Dusk,Cloudy,Yard,Freight Train,7,136458,9976,146434,S011,42.901926,-78.773366,7.8,18.1,26.9
CSX,000212882,2023-08-11,5:40 PM,Derailment,0,BUFFALO,NY,77,3,Dusk,Clear,Yard,Yard/switching,8,45089,244,45333,E4BC,42.901926,-78.773366,69.7,69.4,71
CSX,000202512,2022-01-20,12:30 AM,Derailment,0,BUFFALO,NY,19,4,Dark,Cloudy,Yard,Yard/switching,10,127923,2066,129989,M101,42.901926,-78.773366,35.9,14.5,9.3
BNSF,TC0324201,2024-03-20,9:30 AM,Hwy-rail crossing,0,BUFFALO,ND,44,2,Day,Clear,Main,Single Car,40,15000,0,15000,M399,46.919483,-97.555782,33.5,17.8,22.8
CSX,000148244,2015-06-23,9:45 AM,Hwy-rail crossing,0,BUFFALO,NY,75,2,Day,Cloudy,Industry,Yard/switching,6,15382,0,15382,M302,42.864034,-78.870275,70.9,71.9,65.1
CSX,000178042,2018-08-07,10:51 AM,Derailment,0,BUFFALO,NY,73,2,Day,Cloudy,Yard,Yard/switching,6,19801,1440,21241,T001,42.901973,-78.773441,79.3,75.1,72.4
UP,0519HL009,2019-05-07,12:36 AM,Derailment,2,BUFFALO,KS,63,4,Dark,Rain,Main,Freight Train,33,1428872,125394,1554266,T002,37.683023,-95.721462,69.6,67.3,67.1
NS,136475,2019-12-11,2:10 PM,Derailment,0,BUFFALO,NY,19,2,Day,Snow,Yard,Freight Train,7,10064,2500,12564,T110,42.841783,-78.841835,37.7,23.5,22.7
CSX,000176211,2018-05-05,3:20 AM,Derailment,0,BUFFALO,NY,51,4,Dark,Clear,Yard,Yard/switching,3,86654,500,87154,T111,42.901973,-78.773441,61,58.3,61.5
NS,154488,2023-10-12,12:40 PM,Derailment,0,BUFFALO,NY,58,2,Day,Clear,Yard,Yard/switching,2,14007,500,14507,T314,42.882721,-78.819482,50.9,52.9,49.3
CSX,000180214,2018-12-06,5:15 AM,Derailment,0,BUFFALO,WV,29,1,Dawn,Cloudy,Industry,Freight Train,9,38825,700,39525,T207,37.789107,-81.78049,31.9,34.8,33.7
RCPE,RCP517523D,2023-08-31,4:20 AM,Derailment,0,BUFFALO GAP,SD,60,4,Dark,Clear,Main,Freight Train,10,60000,55000,115000,T207,43.544448,-103.271536,74.7,69.1,71.2
NS,116447,2015-07-09,9:25 PM,Hwy-rail crossing,0,BUFORD,GA,80,4,Dark,Clear,Main,Freight Train,43,180,14013,14193,M303,34.118455,-84.008983,81.3,82.1,82.7
UP,0120RM027,2020-01-18,5:30 AM,Derailment,0,BUFORD,WY,11,1,Dawn,Clear,Main,Freight Train,18,19586,504242,523828,M105,41.109997,-105.347163,29.8,24.9,25.6
UP,0319RM052,2019-03-03,12:10 AM,Other (describe in narrative),0,BUFORD,WY,-2,4,Dark,Snow,Main,Freight Train,32,11168,0,11168,E39C,41.123168,-105.330418,12,-5.3,-3.3
ABS,170105002,2017-01-05,7:27 PM,Derailment,0,BUHL,AL,35,4,Dark,Clear,Main,Freight Train,14,150000,4500,154500,T222,33.258563,-87.739328,47,40.4,32.1
ABS,230205001,2023-02-05,8:30 AM,Derailment,0,BUHL,AL,50,2,Day,Clear,Main,Freight Train,11,16000,10000,26000,T208,33.278033,-87.818597,41.7,47.6,50.1
UP,1018LV011,2018-10-07,5:00 PM,Hwy-rail crossing,0,BUNKIE,LA,82,2,Day,Clear,Main,Freight Train,17,24942,600,25542,M302,30.95276,-92.182094,76.3,77.7,77.3
UP,0922PN012,2022-09-08,5:15 PM,Hwy-rail crossing,0,BURBANK,WA,82,2,Day,Cloudy,Main,,0,0,300,300,M303,46.1926,-118.928675,76.3,70.9,71.5
BNSF,NW0922201,2022-09-08,5:15 PM,Hwy-rail crossing,0,BURBANK,WA,74,3,Dusk,Clear,Main,Freight Train,47,36030,0,36030,M302,46.193582,-118.927681,76.3,70.9,71.5
KO,20160518,2016-05-17,10:00 AM,Derailment,0,BURDETT,KS,58,2,Day,Clear,Industry,Freight Train,5,16000,2000,18000,H099,38.192386,-99.526034,51.8,52.5,53.4
VREX,19198A,2019-07-17,5:18 PM,Obstruction,0,BURKE,VA,93,2,Day,Rain,Main,Passenger Train - Pulling,37,24406,0,24406,M404,38.785416,-77.366482,82.2,82.4,83.1
CSX,000188758,2020-02-28,9:30 AM,Derailment,0,BURKVILLE,AL,46,2,Day,Clear,Main,Freight Train,5,77042,3641,80683,T207,32.327167,-86.500121,43,45.5,49.6
CSX,000156616,2016-01-29,4:08 AM,Derailment,0,BURKVILLE,AL,37,4,Dark,Clear,Siding,Freight Train,3,28087,451,28538,T110,32.32741,-86.504922,45.6,48.1,51.5
UP,0720TO010,2020-07-12,9:45 AM,Derailment,0,BURLESON,TX,87,2,Day,Clear,Main,Freight Train,31,23998,7038,31036,E51C,32.523543,-97.318596,87.2,87.4,90.1
EIRR,IN20032300,2020-03-23,1:20 PM,Derailment,0,BURLEY,ID,50,2,Day,Clear,Industry,Freight Train,2,13000,23300,36300,E64C,42.539117,-113.802509,44.5,43.4,41.8
EIRR,160110003,2016-01-10,12:05 PM,Derailment,0,BURLEY,ID,25,2,Day,Clear,Industry,Freight Train,4,17000,0,17000,H307,42.32479,-113.481404,28.1,25.2,22.2
EIRR,231211008,2023-12-11,6:15 PM,Derailment,0,BURLEY,ID,30,4,Dark,Clear,Yard,Freight Train,9,120580,26575,147155,T202,42.53429,-113.87449,35,32.5,33.7
EIRR,221211001,2022-12-11,1:45 PM,Derailment,0,BURLEY,ID,43,2,Day,Cloudy,Industry,Freight Train,6,33000,4680,37680,T110,42.53903,-113.80258,34.2,36.6,30.6
EIRR,230108003,2023-01-08,10:55 AM,Derailment,0,BURLEY,ID,42,2,Day,Clear,Siding,Freight Train,11,43000,14364,57364,T110,42.53414,-113.86974,31.4,34.1,33
EIRR,180322002,2018-03-22,10:00 AM,Derailment,0,BURLEY,ID,40,2,Day,Rain,Main,Freight Train,5,65000,50000,115000,T110,42.538194,-113.803416,43.9,47.5,44.8
BNSF,KS0321201,2021-03-15,6:14 AM,Hwy-rail crossing,0,BURLINGAME,KS,50,1,Dawn,Cloudy,Main,,0,0,0,19961,M302,38.702054,-95.82412,50,48.9,48
ATK,166627,2021-03-15,6:14 AM,Hwy-rail crossing,0,BURLINGAME,KS,48,1,Dawn,Cloudy,Main,Passenger Train - Pulling,79,19961,0,19961,M302,38.702054,-95.82412,50,48.9,48
BNSF,CH1019114,2019-10-23,10:10 PM,Derailment,0,BURLINGTON,IA,40,4,Dark,Clear,Yard,Freight Train,4,1000,20000,21000,H607,40.807843,-91.101964,49.7,47.9,43.5
BNSF,NW0319131,2019-03-30,8:00 AM,Derailment,0,BURLINGTON,WA,39,1,Dawn,Clear,Yard,Freight Train,7,4579,1000,45579,H306,48.468212,-122.32825,51,51.1,49.8
SNJX,20211230,2021-12-30,1:51 PM,Hwy-rail crossing,0,BURLINGTON,NJ,52,2,Day,Clear,Main,DMU,20,0,0,0,M308,40.07848,-74.851136,44.6,47.2,49.6
BNSF,NW0319131,2019-03-30,8:00 AM,Derailment,0,BURLINGTON,WA,39,1,Dawn,Clear,Yard,Cut of cars,0,40000,0,45579,H306,48.468212,-122.32825,51,51.1,49.8
BNSF,NW0718118,2018-07-22,6:40 PM,Derailment,0,BURLINGTON,WA,75,3,Dusk,Clear,Main,Yard/switching,10,26377,375,26752,H523,48.474341,-122.330491,61.1,65.3,67.8
BNSF,HL1217109,2017-12-11,8:20 AM,Derailment,0,BURLINGTON,IA,35,1,Dawn,Cloudy,Industry,Freight Train,2,12871,4500,17371,H307,40.739073,-91.116411,30.8,36.5,24.9
SNJX,20220522,2022-05-22,7:41 PM,Hwy-rail crossing,0,BURLINGTON,NJ,76,2,Day,Clear,Main,DMU,25,0,0,0,M308,40.077957,-74.856525,79,80.6,69.1
CC,906156,2016-11-12,2:00 AM,Hwy-rail crossing,0,BURLINGTON,IL,32,4,Dark,Clear,Main,Freight Train,20,41600,6935,48535,M308,42.050704,-88.556519,43.5,38.7,43.2
BNSF,HL1219111,2019-12-23,4:25 PM,Derailment,0,BURLINGTON,IA,40,2,Day,Clear,Yard,Freight Train,5,70062,5000,75062,T110,40.750467,-91.113387,40.6,41.9,46.6
BNSF,CH0319110,2019-03-22,11:45 PM,Derailment,0,BURLINGTON,IA,38,4,Dark,Clear,Yard,Freight Train,4,60670,176020,236690,T319,40.800869,-91.099713,43.1,45.3,44.5
AWRR,200319006,2020-03-19,7:00 PM,Derailment,0,BURNET,TX,74,2,Day,Clear,Main,Freight Train,5,80000,4300,84300,E85C,30.74969,-98.14844,70.7,71.1,56.2
AWRR,180816001,2018-08-16,6:00 AM,Hwy-rail crossing,0,BURNET,TX,82,1,Dawn,Clear,Main,Freight Train,16,35000,0,35000,M303,30.709543,-98.240291,85,86.4,86.9
AWRR,220628004,2022-06-28,9:37 PM,Derailment,0,BURNET,TX,85,4,Dark,Clear,Main,Freight Train,8,50000,120000,170000,M204,30.755611,-98.202298,84.1,76.6,81.6
AWRR,D690615,2015-03-05,1:45 AM,Derailment,0,BURNET,TX,29,4,Dark,Snow,Main,Freight Train,7,13000,56000,69000,M101,30.716389,-98.232778,52.4,33.1,38.6
AWRR,220922003,2022-09-22,6:47 PM,Derailment,0,BURNET,TX,90,3,Dusk,Clear,Main,Freight Train,18,96000,52380,148380,T110,30.684263,-98.254254,82.7,82.4,82.2
AWRR,221204001,2022-12-04,1:45 PM,Derailment,0,BURNET,TX,60,2,Day,Clear,Industry,Yard/switching,3,12000,2000,14000,T319,30.655122,-98.252971,57.8,52.1,63.8
IHB,20232865,2023-09-25,12:28 PM,Derailment,0,BURNHAM,IL,71,2,Day,Clear,Siding,Freight Train,3,33500,1000,34500,H702,41.646142,-87.525278,65.1,66.7,66.8
CSS,CSS000008,2021-04-29,5:45 PM,Raking collision,0,BURNHAM,IL,62,2,Day,Clear,Yard,Freight Train,7,29593,0,29593,H302,41.63564,-87.592172,49.7,51.5,47.5
IHB,2702,2021-10-02,5:15 AM,Derailment,0,BURNHAM,IL,63,4,Dark,Clear,Yard,Yard/switching,2,12100,3982,16082,H702,41.645926,-87.525256,70.4,69.3,67.4
NS,113596,2014-12-28,12:30 AM,Derailment,0,BURNHAM,IL,32,4,Dark,Clear,Yard,Freight Train,6,500,15533,16033,T110,41.681038,-87.564242,41.2,28.3,27.4
UP,0721GP039,2021-07-28,3:20 PM,Derailment,0,BURNS,WY,95,2,Day,Clear,Siding,Freight Train,15,706554,161820,868374,T199,41.162951,-104.24035,77.3,79.7,72.9
NS,113583,2014-12-24,11:35 AM,Derailment,0,BURNS HARBOR,IN,39,2,Day,Rain,Industry,Freight Train,10,16000,1200,17200,M101,41.620514,-87.144907,45,39,36.7
CSS,CSS00046F,2023-11-04,9:20 PM,Derailment,0,BURNS HARBOR,IN,46,4,Dark,Clear,Industry,Freight Train,3,28353,12000,40353,E06L,41.621308,-87.127614,48.5,47.8,43.8
CSS,CSS00040F,2023-09-27,9:42 PM,Derailment,0,BURNS HARBOR,IN,62,4,Dark,Clear,Yard,Freight Train,10,84577,13611,328091,H303,41.62879,-87.111125,65,63.4,62.7
NICD,N2300015,2023-09-27,9:42 PM,Derailment,0,BURNS HARBOR,IN,62,4,Dark,Clear,Yard,,0,0,229903,328091,H303,41.62879,-87.111125,65,63.4,62.7
CSS,CSS00054F,2024-04-03,12:54 AM,Derailment,0,BURNS HARBOR,IN,35,4,Dark,Rain,Industry,Freight Train,9,437049,0,437049,T110,41.628287,-87.145773,44.8,36.1,37.9
NS,120454,2016-05-10,7:04 PM,Derailment,0,BURNS HARBOR,IN,66,3,Dusk,Rain,Main,Freight Train,9,17400,0,17400,T308,41.621019,-87.126157,52.7,57.8,62.8
NS,153038,2023-05-09,12:51 AM,Derailment,0,BURNS HARBOR,IN,46,4,Dark,Clear,Yard,Freight Train,0,0,15472,28972,T102,41.621019,-87.126158,58.2,57,62
LMIC,153038,2023-05-09,12:41 AM,Derailment,0,BURNS HARBOR,IN,46,4,Dark,Clear,Industry,Freight Train,4,6000,7500,28972,T110,41.621019,-87.126158,58.2,57,62
KJRY,KJ191018O,2019-10-18,4:25 PM,Other (describe in narrative),0,BURNSIDE,IL,52,2,Day,Clear,Main,Freight Train,10,17000,0,17000,E79L,40.5027,-91.1064,46.6,48.9,56.6
DMVW,DE507BUR,2018-05-07,9:30 AM,Derailment,0,BURNSTAD,ND,55,2,Day,Cloudy,Main,Freight Train,10,31113,17700,48813,T001,46.373572,-99.62772,62,66.4,57.4
BNSF,KS0720203,2020-07-27,3:57 PM,Hwy-rail crossing,0,BURRTON,KS,90,2,Day,Clear,Main,Light loco(s),69,136932,168450,305382,M302,38.013572,-97.591999,83,75.4,76
HESR,HES613018D,2018-03-23,4:40 PM,Derailment,0,BURT,MI,40,2,Day,Clear,Main,Freight Train,23,13585,49436,63021,E53C,43.306182,-83.916342,32.1,30.6,27.8
LSRC,A220401,2022-04-01,2:00 AM,Hwy-rail crossing,0,BURTON,MI,33,4,Dark,Clear,Main,Freight Train,25,7883,16054,23937,M302,42.974747,-83.648199,47.4,33.3,33.3
UP,0216NP010,2016-02-09,11:30 AM,Fire/violent rupture,0,BUSHNELL,NE,43,2,Day,Clear,Main,Freight Train,50,109151,0,109151,E79L,41.229402,-103.78442,30.5,37.5,42.4
BLE,841905,2015-02-25,9:30 PM,Derailment,0,BUTLER,PA,18,4,Dark,Clear,Main,Freight Train,38,318314,309379,627693,E61C,40.943723,-79.924939,8.2,23.2,16.3
BPRR,BPR648523R,2023-12-27,9:30 PM,Derailment,0,BUTLER,PA,45,4,Dark,Fog,Yard,Yard/switching,8,619962,0,740376,H704,40.891408,-79.878019,50.6,50,45.1
UP,0316PR006,2016-03-05,10:10 AM,Derailment,0,BUTLER,WI,39,2,Day,Cloudy,Yard,Freight Train,7,69632,25315,94947,T221,43.098611,-88.064709,26.6,33.1,39
UP,0315PR017,2015-03-12,8:08 PM,Derailment,0,BUTLER,WI,48,4,Dark,Cloudy,Yard,Freight Train,6,6127,14542,20669,H503,43.092793,-88.064467,41.9,39,47
UP,0115PR013,2015-01-19,6:30 PM,Other impacts,0,BUTLER,WI,30,3,Dusk,Cloudy,Yard,Light loco(s),0,113,0,12230,H702,43.113062,-88.064047,36.4,32.3,31.4
BPRR,BPR847218D,2018-11-08,3:12 PM,Derailment,0,BUTLER,PA,44,2,Day,Cloudy,Yard,Freight Train,10,16000,36500,52500,E53C,40.875973,-79.854662,44.1,35.3,37.7
UP,0115PR013,2015-01-19,6:30 PM,Other impacts,0,BUTLER,WI,30,3,Dusk,Cloudy,Yard,Yard/switching,0,9732,2385,12230,H702,43.113062,-88.064047,36.4,32.3,31.4
NS,131660,2018-11-14,8:30 AM,Hwy-rail crossing,0,BUTLER,IN,30,2,Day,Clear,Main,,0,0,0,13793,M303,41.42971,-84.86073,29.8,25.6,30.8
BPRR,BPR767724A,2024-04-12,4:20 AM,Other (describe in narrative),0,BUTLER,PA,54,4,Dark,Rain,Yard,Cut of cars,0,66712,0,66712,M103,40.87845,-79.87751,59.9,49.2,48.3
BLE,1142934,2023-12-27,9:30 PM,Derailment,0,BUTLER,PA,45,4,Dark,Cloudy,Yard,Cut of cars,0,414,120000,740376,H704,40.891408,-79.878019,50.6,50,45.1
CP,1000875796,2018-11-14,8:30 AM,Hwy-rail crossing,0,BUTLER,IN,30,2,Day,Clear,Main,Freight Train,25,13793,0,13793,M303,41.42971,-84.86073,29.8,25.6,30.8
AM,AM08292015,2015-08-29,10:36 AM,Raking collision,0,BUTTERFIELD,MO,85,2,Day,Clear,Main,Freight Train,35,15000,7000,22000,H301,36.738878,-93.916272,70.2,74,74.7
BNSF,TC1219205,2019-12-18,11:11 AM,Hwy-rail crossing,0,BUXTON,ND,15,2,Day,Clear,Main,Freight Train,48,25000,0,25000,M302,47.57064,-97.09117,1.8,3.6,11.8
AZER,AZE802421D,2021-06-15,4:59 PM,Derailment,0,BYLAS,AZ,103,2,Day,Clear,Main,Freight Train,25,10292,15771,26063,T101,32.431483,-109.525438,95.8,96.3,94.1
AZER,AZE822024D,2024-06-07,8:10 PM,Derailment,0,BYLAS,AZ,97,4,Dark,Clear,Main,Freight Train,25,150000,108000,258000,T109,33.169819,-110.161851,93.1,90.7,90
NS,138411,2020-07-03,4:30 PM,Derailment,0,BYNUM,AL,91,3,Dusk,Cloudy,Main,Freight Train,43,1679117,317067,1996184,E34C,33.605783,-86.002837,79.1,79,79.8
CSX,000179905,2018-11-17,7:05 AM,Derailment,0,BYROMVILLE,GA,40,1,Dawn,Clear,Main,Freight Train,40,1593152,135899,1729051,T202,32.201896,-83.905494,44.4,50.3,51.5
CSX,000159610,2016-05-05,5:07 PM,Derailment,0,CABIN CREEK,WV,65,3,Dusk,Cloudy,Main,Freight Train,10,149730,49184,198914,T207,38.171994,-81.447314,55.1,47.8,56.6
BNSF,SF0216110,2016-02-18,1:00 AM,Other (describe in narrative),0,CABOOL,MO,50,4,Dark,Clear,Main,Freight Train,30,27550,0,27550,E33C,37.120746,-92.103791,42.4,51.4,60.6
BNSF,HL0224103,2024-02-05,10:10 PM,Derailment,0,CABOOL,MO,25,4,Dark,Clear,Main,Freight Train,17,74819,30000,104819,M501,37.130544,-92.133444,45.6,44.7,44.7
UP,0319RM043,2019-03-27,4:20 AM,Derailment,0,CACHE JUNCTION,UT,38,1,Dawn,Cloudy,Main,Freight Train,3,49972,726,50698,H503,41.842194,-112.037474,44.5,47.2,45.2
GLC,GLC063016D,2016-06-30,3:30 PM,Derailment,0,CADILLAC,MI,75,2,Day,Clear,Yard,Freight Train,10,0,19701,19701,T319,44.25868,-85.426583,59.1,62.4,60.4
WE,220009,2022-02-06,11:45 PM,Other (describe in narrative),0,CADIZ,OH,32,4,Dark,Clear,Siding,Light loco(s),10,36549,0,36549,H299,40.25905,-81.02874,16.3,20.7,31.1