reportingrailroadcode,accidentnumber,date,time,accidenttype,hazmatreleasedcars,station,stateabbr,temperature,visibility_code,visibility,weathercondition,tracktype,equipmenttype,trainspeed,equipmentdamagecost,trackdamagecost,totaldamagecost,primaryaccidentcausecode,latitude,longitude,prior_temp,actual_temp,following_temp
WC,1133640,2023-06-02,4:50 PM,Rear end collision,0,CADOTT,WI,85,2,Day,Rain,Main,Light loco(s),17,170104,0,175806,H301,44.948196,-91.106529,77.3,74,78.8
WC,1133640,2023-06-02,4:50 PM,Rear end collision,0,CADOTT,WI,85,2,Day,Rain,Siding,Freight Train,0,0,5702,175806,H301,44.948196,-91.106529,77.3,74,78.8
UP,1219MA041,2019-12-19,9:40 PM,Hwy-rail crossing,0,CAHOKIA,IL,32,4,Dark,Clear,Main,Freight Train,15,0,19200,19200,M308,38.57034,-90.175163,23.7,29.8,32.3
UP,0324MA029,2024-03-30,12:11 PM,Derailment,0,CAHOKIA,IL,74,2,Day,Clear,Main,,0,0,0,0,H501,38.595237,-90.162675,60.6,69.5,67.8
IC,845106,2015-03-29,12:45 PM,Derailment,0,CAIRO,IL,50,2,Day,Clear,Yard,Freight Train,6,13771,3300,17071,H704,37.009782,-89.173465,36.3,46.2,55.6
IC,841316,2015-02-19,10:00 AM,Derailment,0,CAIRO,IL,8,2,Day,Clear,Yard,Freight Train,10,158127,25005,183132,E41C,37.038195,-89.197652,21.6,9.4,23.2
IC,1056419,2020-12-10,12:10 AM,Side collision,0,CAIRO,IL,60,4,Dark,Clear,Yard,Cut of cars,0,59456,0,114582,H306,37.021711,-89.184162,43.9,46.8,54.2
IC,1056419,2020-12-10,12:10 AM,Side collision,0,CAIRO,IL,60,4,Dark,Clear,Yard,Yard/switching,9,55126,0,114582,H306,37.021711,-89.184162,43.9,46.8,54.2
IC,979449,2018-11-20,10:30 AM,Derailment,0,CAIRO,IL,32,2,Day,Cloudy,Yard,Freight Train,5,39650,22897,62547,T110,37.022218,-89.18121,40.1,33.1,36.6
BNSF,HL0224108,2024-02-09,4:43 AM,Derailment,0,CAIRO,NE,29,1,Dawn,Clear,Main,Freight Train,42,3174347,1727884,4902231,T204,40.992655,-98.562123,44.2,35.2,30.7
UP,0116CB011,2016-01-14,10:51 PM,Derailment,0,CALAMUS,IA,33,4,Dark,Cloudy,Main,Freight Train,48,9325,78041,87366,E61C,41.826944,-90.815143,18.6,38.7,30.3
UP,1019GL030,2019-10-31,9:37 PM,Derailment,0,CALAMUS,IA,23,4,Dark,Snow,Main,Freight Train,50,6651,59160,65811,M201,41.826613,-90.789306,34.4,28.2,32.2
UP,0222PN028,2022-02-24,7:47 PM,Other (describe in narrative),0,CALDWELL,ID,0,,,Clear,Main,Freight Train,30,39935,150,40085,M404,43.660118,-116.676683,22.5,23.9,23.8
UP,1217PD004,2017-12-07,9:45 AM,Hwy-rail crossing,0,CALDWELL,ID,20,2,Day,Fog,Main,Freight Train,48,37375,364,37739,M303,43.69053,-116.723236,27.4,24.3,24
CSX,000207559,2022-09-26,9:45 AM,Fire/violent rupture,0,CALDWELL,WV,72,2,Day,Clear,Main,Freight Train,38,119172,0,119172,M406,37.772294,-80.378336,60.3,58.8,51.4
UP,0722SX029,2022-07-28,1:41 PM,Derailment,0,CALDWELL,TX,92,2,Day,Clear,Main,Freight Train,28,150252,7260,157512,H521,30.468481,-96.72721,86.8,86.7,86.7
UP,1121SX009,2021-11-11,6:15 AM,Obstruction,0,CALDWELL,TX,62,1,Dawn,Cloudy,Main,Freight Train,5,7630,69854,77484,M404,30.523504,-96.694718,69,63.9,57.7
BVRR,IN-1810190,2018-10-19,8:55 AM,Derailment,0,CALDWELL,ID,55,2,Day,Clear,Industry,Freight Train,7,25000,1500,26500,H021,43.6686,-116.7032,48.5,49.9,50.7
CP,1000412422,2016-06-18,11:01 PM,Hwy-rail crossing,0,CALEDONIA,WI,65,4,Dark,Clear,Main,,0,0,50,19150,M308,42.760401,-87.915013,68.9,71.4,77.5
CP,1001558048,2021-09-06,3:23 PM,Hwy-rail crossing,0,CALEDONIA,WI,75,2,Day,Clear,Main,,0,0,0,21443,M308,42.832955,-87.926918,70.6,67.7,71.3
ATK,168270,2021-09-06,3:23 PM,Hwy-rail crossing,0,CALEDONIA,WI,75,2,Day,Clear,Main,Passenger Train - Pulling,79,21443,0,21443,M308,42.832955,-87.926918,70.6,67.7,71.3
ATK,142907,2016-06-18,11:01 PM,Hwy-rail crossing,0,CALEDONIA,WI,65,4,Dark,Clear,Main,Passenger Train - Pushing,79,19100,0,19150,M308,42.760401,-87.915013,68.9,71.4,77.5
CSX,000162221,2016-08-18,11:09 AM,Derailment,0,CALERA,AL,89,2,Day,Clear,Yard,Freight Train,4,90869,615,91484,H702,33.11702,-86.751195,82.1,79.5,78.3
CSX,000200297,2021-09-24,8:36 AM,Obstruction,0,CALERA,AL,65,2,Day,Clear,Main,Cut of cars,0,0,324,13588,M402,33.148831,-86.757428,62.3,62.7,64.7
NS,144029,2022-01-15,6:00 AM,Other (describe in narrative),0,CALERA,AL,50,1,Dawn,Cloudy,Industry,Light loco(s),10,288,16000,16288,H702,33.095639,-86.802531,48.3,47.1,41.2
CSX,000200297,2021-09-24,8:36 AM,Obstruction,0,CALERA,AL,65,2,Day,Clear,Main,Freight Train,32,13264,0,13588,M402,33.148831,-86.757428,62.3,62.7,64.7
CSX,000215267,2023-12-30,8:00 PM,Derailment,0,CALERA,AL,32,4,Dark,Clear,Yard,Cut of cars,2,66356,174,66530,H021,33.105444,-86.75137,41.4,36.7,41.1
NS,152017,2023-01-14,2:00 AM,Derailment,0,CALERA,AL,50,4,Dark,Clear,Industry,Freight Train,5,80000,0,80000,T207,33.09564,-86.802531,40.2,38.4,40.3
CSX,000190412,2020-05-25,11:29 AM,Other impacts,0,CALHOUN,GA,75,2,Day,Clear,Main,Freight Train,3,336,324,36192,H021,34.465976,-84.946024,77.2,76.8,73.4
CSX,000190412,2020-05-25,11:29 AM,Other impacts,0,CALHOUN,GA,75,2,Day,Clear,Main,Single Car,2,35532,0,36192,H021,34.465976,-84.946024,77.2,76.8,73.4
KCS,16032803,2016-03-28,9:05 AM,Hwy-rail crossing,0,CALHOUN,LA,53,2,Day,Clear,Main,Freight Train,42,11318,877,12195,M302,32.50411,-92.28352,66.2,57.9,61.7
NS,144244,2022-02-02,6:04 AM,Derailment,0,CALHOUN,TN,55,1,Dawn,Cloudy,Main,Freight Train,47,12000,47166,59166,E44C,35.303446,-84.746118,39.7,47.1,56.3
CSX,000190975,2020-06-23,12:24 PM,Derailment,0,CALHOUN,TN,85,2,Day,Clear,Yard,Freight Train,4,23202,760,23962,H306,35.289712,-84.742367,75.1,75.9,74.1
NS,130590,2018-08-15,8:30 AM,Other impacts,0,CALHOUN,TN,76,2,Day,Fog,Industry,Freight Train,6,16150,0,16150,H302,35.296594,-84.749089,75.1,75.4,77.9
CPKC,23080201,2023-08-02,2:26 PM,Derailment,0,CALHOUN,LA,103,2,Day,Clear,Main,Freight Train,57,1073839,58315,1132154,T109,32.518568,-92.44724,87.6,89.2,90.1
NS,122385,2016-10-11,6:45 PM,Derailment,0,CALIFORNIA,PA,65,3,Dusk,Clear,Yard,Freight Train,5,11890,1589,13479,T314,40.048557,-79.893377,48.3,50.8,57.7
NS,157461,2024-07-22,8:00 PM,Derailment,0,CALIFORNIA,PA,73,4,Dark,Clear,Yard,Freight Train,4,10000,3200,13200,T314,40.048559,-79.893462,73.6,68.8,72.1
CSX,000179452,2018-10-22,8:05 AM,Derailment,0,CALLAGHAN,VA,32,1,Dawn,Clear,Main,Freight Train,30,776620,125804,902424,T207,37.8119,-80.0744,36,41.8,49.6
CSX,000169561,2017-06-12,6:08 PM,Hwy-rail crossing,0,CALLAHAN,FL,76,3,Dusk,Rain,Main,,0,0,97,28090,M302,30.561085,-81.836416,79.7,76.2,77.1
ATK,147859,2017-06-12,6:05 PM,Hwy-rail crossing,0,CALLAHAN,FL,80,2,Day,Clear,Main,Passenger Train - Pulling,53,27993,0,28090,M302,30.5609,-81.83645,79.7,76.2,77.1
CP,1000368739,2016-03-24,12:23 PM,Hwy-rail crossing,0,CALLAWAY,MN,37,2,Day,Clear,Main,Freight Train,40,228855,230860,459715,M302,46.977341,-95.911177,33.1,33.5,35.6
UP,0618TC033,2018-06-28,2:45 AM,Derailment,0,CALLENDER,IA,67,4,Dark,Cloudy,Siding,Freight Train,4,31492,2427,33919,H702,42.38419,-94.29092,71.8,75.2,82.6
UP,1116TC007,2016-11-16,9:29 AM,Derailment,0,CALLENDER,IA,66,2,Day,Clear,Main,Freight Train,25,92708,13088,105796,T204,42.3834,-94.290999,45.3,49.3,57.2
CP,1000598597,2017-08-01,1:15 AM,Derailment,0,CALMAR,IA,68,4,Dark,Cloudy,Main,Freight Train,29,32850,500,33350,M204,43.190518,-91.899117,70.7,71.4,71.8
NS,116605,2015-07-19,12:35 PM,Derailment,0,CALUMET PARK,IL,81,2,Day,Cloudy,Main,Yard/switching,5,1610,16072,66682,T207,41.722579,-87.587101,80,79.9,76
UP,0815FW019,2015-08-15,6:45 PM,Derailment,0,CALVERT,TX,95,2,Day,Clear,Main,Freight Train,49,286654,197244,483898,E21C,31.074688,-96.701861,86.7,86.4,82.1
UP,0217FW043,2017-02-15,3:39 PM,Hwy-rail crossing,0,CALVERT,TX,60,2,Day,Clear,Main,Freight Train,22,3117,47035,50152,M303,30.977682,-96.672486,53.3,49.1,49.8
UP,0622TO023,2022-06-19,1:59 PM,Derailment,0,CALVERT,TX,98,2,Day,Clear,Main,Freight Train,22,25686,790500,816186,T109,31.016519,-96.741031,86.6,87.4,87.8
PAL,2016NOV1D,2016-11-01,9:45 PM,Derailment,0,CALVERT CITY,KY,68,4,Dark,Clear,Industry,Freight Train,10,400000,72450,472450,E4BC,37.0359,-88.3688,68.4,71.9,67.9
PAL,2018MAR1D,2018-03-06,12:50 AM,Derailment,0,CALVERT CITY,KY,41,4,Dark,Cloudy,Industry,Freight Train,4,14852,55000,69852,T110,37.043722,-88.381172,49.1,46.2,36.6
UP,0817PR028,2017-08-24,9:30 PM,Derailment,0,CAMANCHE,IA,59,4,Dark,Cloudy,Industry,Yard/switching,4,11365,1182,12547,T213,41.796612,-90.291335,63,63.6,62.7
BNSF,CH0722104,2022-07-12,4:25 PM,Derailment,0,CAMANCHE,IA,82,2,Day,Clear,Industry,Freight Train,3,3000,30000,33000,T319,41.808829,-90.239057,74.8,71.7,73.5
BNSF,NW1216124,2016-12-28,1:04 AM,Derailment,0,CAMAS,WA,32,4,Dark,Clear,Main,Freight Train,46,7945,650000,657945,E51C,45.605895,-122.579936,42.9,40.7,40.8
MBTA,1920,2014-12-06,6:50 PM,Hwy-rail crossing,0,CAMBRIDGE,MA,39,4,Dark,Rain,Main,Passenger Train - Pushing,55,14747,0,14747,M302,42.390404,-71.133415,33.8,39.9,32.5
UP,1023ES024,2023-10-14,9:30 AM,Obstruction,0,CAMBRIDGE,IA,49,2,Day,Cloudy,Siding,Spec. MoW Equip.,0,5000,0,48000,H402,41.880584,-93.522358,59.1,51.6,49
UP,1023ES024,2023-10-14,9:30 AM,Obstruction,0,CAMBRIDGE,IA,49,2,Day,Cloudy,Siding,Spec. MoW Equip.,10,43000,0,48000,H402,41.880584,-93.522358,59.1,51.6,49
UP,0721MA040,2021-07-29,11:59 AM,Other impacts,0,CAMDEN,AR,89,2,Day,Clear,Yard,Freight Train,3,67800,3936,148178,H307,33.592271,-92.828219,85,86.2,86.5
UP,0721MA040,2021-07-29,11:59 AM,Other impacts,0,CAMDEN,AR,89,2,Day,Clear,Yard,Freight Train,5,76442,0,148178,H307,33.592271,-92.828219,85,86.2,86.5
CRSH,146832,2024-02-24,7:50 PM,Other impacts,0,CAMDEN,NJ,27,3,Dusk,Clear,Yard,Freight Train,5,13000,0,40312,H401,39.953888,-75.087222,44.1,38.9,31.8
CRSH,121972,2016-09-07,5:15 AM,Derailment,0,CAMDEN,NJ,70,1,Dawn,Clear,Yard,Yard/switching,6,3740,28899,32639,H312,39.95127,-75.091338,79.5,79.9,81.9
CRSH,132800,2019-02-07,11:30 AM,Other impacts,0,CAMDEN,NJ,38,2,Day,Clear,Yard,Cut of cars,5,27822,0,27822,M201,39.949626,-75.094573,43.7,43.7,43.8
CRSH,137379,2020-03-04,12:10 AM,Derailment,0,CAMDEN,NJ,51,4,Dark,Clear,Yard,Yard/switching,5,10576,2000,12576,H706,39.950255,-75.093178,51.6,52.1,46.8
CRSH,132085,2018-12-16,12:34 PM,Broken train collision,0,CAMDEN,NJ,41,2,Day,Cloudy,Yard,Yard/switching,3,18300,0,28092,M507,39.945131,-75.103401,49.6,42.3,43.3
CRSH,145100,2022-04-28,6:30 AM,Derailment,0,CAMDEN,NJ,38,1,Dawn,Clear,Yard,Yard/switching,3,66723,9991,76714,H505,39.947148,-75.098447,52.6,48.4,52.9
CRSH,129230,2018-04-20,10:35 AM,Raking collision,0,CAMDEN,NJ,48,2,Day,Clear,Yard,Yard/switching,0,6000,550,16275,H305,39.945514,-75.102443,47.1,44.7,49
CRSH,146832,2024-02-24,7:50 PM,Other impacts,0,CAMDEN,NJ,27,3,Dusk,Clear,Yard,Yard/switching,5,24230,3082,40312,H401,39.953888,-75.087222,44.1,38.9,31.8
CRSH,129230,2018-04-20,10:35 AM,Raking collision,0,CAMDEN,NJ,48,2,Day,Clear,Yard,Cut of cars,0,9725,0,16275,H305,39.945514,-75.102443,47.1,44.7,49
CRSH,132085,2018-12-16,12:34 PM,Broken train collision,0,CAMDEN,NJ,41,2,Day,Cloudy,Yard,Freight Train,0,9792,0,28092,M507,39.945131,-75.103401,49.6,42.3,43.3
CRSH,127026,2017-10-16,12:15 AM,Derailment,0,CAMDEN,NJ,65,4,Dark,Clear,Yard,Yard/switching,3,17716,0,17716,H021,39.94764,-75.097252,68.3,59.6,50.6
NS,120856,2016-06-13,9:35 PM,Derailment,0,CAMDEN,OH,72,4,Dark,Clear,Siding,Freight Train,6,20329,4348,24677,H702,39.648849,-84.630517,79.1,69.6,73.5
CRSH,128011,2018-01-04,7:52 PM,Derailment,0,CAMDEN,NJ,15,3,Dusk,Cloudy,Yard,Yard/switching,8,61554,1500,63054,M101,39.950659,-75.092428,22.3,24.2,14.1
CRSH,138524,2020-07-13,10:36 PM,Derailment,0,CAMDEN,NJ,79,4,Dark,Clear,Yard,Yard/switching,3,22900,1000,23900,E30C,39.9507,-75.093515,81.3,78.5,78.5
CRSH,146817,2023-12-29,3:11 AM,Other (describe in narrative),0,CAMDEN,NJ,39,4,Dark,Cloudy,Yard,Yard/switching,6,173644,91,173735,E30C,40.813055,-75.310277,52.2,48.7,43
NS,154825,2023-04-29,3:13 AM,Hwy-rail crossing,0,CAMDEN,OH,46,4,Dark,Cloudy,Main,Freight Train,50,1000,15000,16000,M308,39.646685,-84.632229,53.9,58,49.7
CRSH,114267,2015-02-07,8:00 PM,Derailment,0,CAMDEN,NJ,35,4,Dark,Clear,Yard,Yard/switching,4,37806,300,38106,H601,39.949173,-75.10064,23.2,33.4,39.3
CRSH,139102,2020-09-08,12:30 AM,Derailment,0,CAMDEN,NJ,70,4,Dark,Clear,Yard,Freight Train,4,1323,14780,16103,H704,39.945361,-75.102781,72.1,73.7,74
CRSH,128320,2018-01-29,5:25 AM,Obstruction,0,CAMDEN,NJ,41,1,Dawn,Clear,Main,Freight Train,11,35700,0,35700,M404,39.94147,-75.112903,50.7,42.5,32.3
SNJX,04072015,2015-04-07,7:19 AM,Other (describe in narrative),0,CAMDEN,NJ,57,1,Dawn,Rain,Main,DMU,0,14820,0,14820,M502,39.95616,-75.083162,57.3,59.1,42.8
CRSH,146756,2023-06-10,6:45 PM,Derailment,0,CAMDEN,NJ,75,3,Dusk,Clear,Yard,Yard/switching,6,45983,30004,75987,H503,39.950301,-75.093983,66.2,69.6,76.1
CRSH,116288,2015-06-28,11:00 AM,Derailment,0,CAMDEN,NJ,80,2,Day,Clear,Yard,Yard/switching,4,79262,0,79262,H312,39.949173,-75.10064,67.6,71.5,72
CRSH,143712,2021-12-10,5:05 AM,Hwy-rail crossing,0,CAMDEN,NJ,38,1,Dawn,Clear,Yard,Freight Train,8,13209,0,13209,M308,39.945124,-75.103439,37,42.5,57.1
CRSH,117534,2015-09-25,3:50 AM,Raking collision,0,CAMDEN,NJ,58,4,Dark,Clear,Yard,Cut of cars,0,1367,0,37713,H702,39.952292,-75.091324,67.9,67.7,65.1
CRSH,121031,2016-06-28,1:45 AM,Raking collision,0,CAMDEN,NJ,72,4,Dark,Rain,Yard,Yard/switching,4,9795,0,20454,H318,39.951361,-75.090918,73.6,75.5,76.6
CRSH,117534,2015-09-25,3:50 AM,Raking collision,0,CAMDEN,NJ,58,4,Dark,Clear,Yard,Yard/switching,7,20698,0,37713,H702,39.952292,-75.091324,67.9,67.7,65.1
CRSH,121031,2016-06-28,1:45 AM,Raking collision,0,CAMDEN,NJ,72,4,Dark,Rain,Yard,Yard/switching,4,8399,2260,20454,H318,39.951361,-75.090918,73.6,75.5,76.6
CRSH,142666,2021-08-20,11:13 PM,Other (describe in narrative),0,CAMDEN,NJ,75,4,Dark,Rain,Yard,Yard/switching,4,32127,0,32127,H312,39.950922,-75.090877,82.9,78.1,76.8
CRSH,117534,2015-09-25,3:50 AM,Raking collision,0,CAMDEN,NJ,58,4,Dark,Clear,Yard,Yard/switching,8,12898,2750,37713,H702,39.952292,-75.091324,67.9,67.7,65.1
CRSH,146132,2022-08-10,8:31 AM,Derailment,0,CAMDEN,NJ,80,2,Day,Clear,Yard,Yard/switching,5,1986,23416,25402,T314,39.950907,-75.092341,87.9,84.4,81.9
CRSH,146681,2022-11-19,4:50 PM,Derailment,0,CAMDEN,NJ,40,3,Dusk,Clear,Yard,Light loco(s),4,500,12009,12509,T314,39.945837,-75.102111,38.5,36,33.3
CRSH,118760,2015-12-31,12:30 AM,Derailment,0,CAMDEN,NJ,45,4,Dark,Rain,Yard,Work train,0,7901,3000,10901,T110,39.947279,-75.098017,48.6,48,39.8
WC,1061046,2021-02-09,3:00 PM,Hwy-rail crossing,0,CAMERON,WI,-3,2,Day,Cloudy,Main,Freight Train,34,22917,0,22917,M302,45.405624,-91.78567,-11.3,-3.5,-4.3
CSX,000185198,2019-09-06,1:00 PM,Hwy-rail crossing,0,CAMERON,SC,85,2,Day,Clear,Main,Freight Train,24,165869,32100,197969,M304,33.594667,-80.644439,76.8,82,81.3
BNSF,RD0221204,2021-02-23,6:44 AM,Hwy-rail crossing,5,CAMERON,TX,61,1,Dawn,Clear,Main,Freight Train,31,656132,505000,1161132,M302,30.830491,-96.930277,56.6,61.1,68.8
BNSF,RD0223120,2023-02-23,1:28 PM,Derailment,0,CAMERON,TX,60,2,Day,Clear,Yard,Freight Train,5,500,13662,14162,T210,30.855579,-96.982092,74.8,66.4,51.9
GFRR,GFRR151058,2015-04-17,11:30 PM,Derailment,0,CAMILLA,GA,78,4,Dark,Clear,Main,Freight Train,10,400000,50000,450000,T210,31.252382,-84.199303,68.4,66.9,72.4
NS,124741,2017-04-17,10:20 PM,Derailment,0,CAMPBELL,OH,54,4,Dark,Clear,Yard,Freight Train,3,2025,78737,80762,H306,41.075524,-80.613868,69.6,58.1,56.6
UP,0520MA010,2020-05-04,5:15 PM,Derailment,0,CAMPBELL,MO,66,2,Day,Rain,Main,Freight Train,36,1516865,98721,1615586,M105,36.468969,-90.114678,69.9,64,65.4
NS,134173,2019-06-02,1:15 PM,Derailment,0,CAMPBELL,OH,72,2,Day,Clear,Main,Yard/switching,7,700,208897,209597,T314,41.076727,-80.615186,66.4,60.3,53.7
NJTR,202401035,2023-12-20,6:53 AM,Obstruction,0,CAMPBELL HALL,NY,25,2,Day,Clear,Main,Commuter Train - Pushing,77,116759,0,117447,M402,41.462052,-74.288009,32.6,30.8,29
MNCW,81496,2023-12-20,6:53 AM,Obstruction,0,CAMPBELL HALL,NY,25,2,Day,Clear,Main,,0,0,688,117447,M402,41.462052,-74.388009,32.6,30.8,29
UP,0623SX023,2023-06-25,11:07 PM,Derailment,0,CAMPBELLTON,TX,86,4,Dark,Clear,Industry,Freight Train,3,11584,92471,104055,H701,28.770124,-98.316588,88.4,89.2,89.8
UP,0917SA008,2017-09-11,12:30 PM,Hwy-rail crossing,0,CAMPBELLTON,TX,88,2,Day,Clear,Main,Freight Train,40,256361,72256,328617,M303,28.751347,-98.308393,74.5,73.7,75.8
BNSF,KS1119202,2019-11-28,4:45 AM,Hwy-rail crossing,0,CAMPO,CO,31,1,Dawn,Cloudy,Main,Freight Train,47,16182,2925,19107,M308,37.116807,-102.582422,27.1,31.8,41.1
BNSF,KS0422202,2022-04-28,6:21 AM,Hwy-rail crossing,0,CANADIAN,TX,70,1,Dawn,Clear,Main,Freight Train,65,11747,0,11747,M302,35.915548,-100.387576,65.9,70.7,76.2
BNSF,KS0321105,2021-03-16,11:36 PM,Derailment,0,CANADIAN,TX,50,4,Dark,Rain,Main,Freight Train,50,1175021,392957,1567978,M105,36.002216,-100.275093,48.5,57.1,37.9
UP,0517FW023,2017-05-20,4:50 AM,Derailment,0,CANADIAN,OK,69,4,Dark,Rain,Main,Freight Train,4,248383,552766,801149,M103,35.163452,-95.66616,70.1,65.6,62.9
BNSF,KS0820110,2020-08-25,8:50 PM,Derailment,0,CANADIAN,TX,85,3,Dusk,Clear,Yard,Freight Train,8,44683,9136,53819,T403,35.900198,-100.404944,81.5,82.3,81.9
NS,146193,2022-08-15,7:39 AM,Hwy-rail crossing,0,CANAL FULTON,OH,72,1,Dawn,Clear,Main,Freight Train,45,860927,189395,1050322,M308,40.8381,-81.599817,66.9,70.6,68.7
IORY,IOR067422D,2022-04-23,3:30 PM,Derailment,0,CANAL WINCHESTER,OH,87,2,Day,Clear,Main,Freight Train,10,104098,21191,125289,T202,39.85011,-82.83434,58,67.5,71.8
ATK,155880,2018-02-20,9:16 PM,Fire/violent rupture,0,CANASTOTA,NY,45,4,Dark,Cloudy,Main,Passenger Train - Pulling,75,19246,0,19246,E49L,43.078511,-75.735482,36.8,52.6,51.2
CSX,000147437,2015-06-08,6:39 PM,Derailment,0,CANASTOTA,NY,68,2,Day,Cloudy,Main,Freight Train,35,930,19102,20032,E61C,43.073967,-75.793594,62.8,69.3,64.5
CSX,000179415,2018-02-20,9:16 PM,Fire/violent rupture,0,CANASTOTA,NY,45,4,Dark,Cloudy,Main,,0,0,0,19246,E49L,43.078511,-75.735482,36.8,52.6,51.2
ATK,145546,2016-12-20,2:58 PM,Hwy-rail crossing,0,CANBY,OR,40,2,Day,Clear,Main,Passenger Train - Pulling,44,13013,0,13013,M302,45.305049,-122.663421,39.4,46.4,33.7
UP,0121PN005,2021-01-06,1:24 AM,Obstruction,0,CANBY,OR,46,4,Dark,Rain,Main,Freight Train,32,765246,210927,976173,M404,45.295047,-122.656993,44.7,47.6,44.9
UP,1216PD023,2016-12-20,2:58 PM,Hwy-rail crossing,0,CANBY,OR,34,2,Day,Fog,Main,,0,0,0,13013,M302,45.301457,-122.662143,39.4,46.4,33.7
BNSF,TC0417100,2017-04-03,1:30 AM,Derailment,0,CANDO,ND,38,4,Dark,Clear,Main,Freight Train,7,33351,831999,865350,M103,48.565784,-99.289069,46,42.9,41.9
UP,1222ES018,2022-12-09,2:00 PM,Obstruction,0,CANEY,OK,63,2,Day,Cloudy,Main,Spec. MoW Equip.,10,3485,0,22579,H402,34.236794,-96.209884,58.8,59.2,57.7
UP,1222ES018,2022-12-09,2:00 PM,Obstruction,0,CANEY,OK,63,2,Day,Cloudy,Main,Spec. MoW Equip.,0,19094,0,22579,H402,34.236794,-96.209884,58.8,59.2,57.7
SKOL,170428001,2017-04-28,4:00 AM,Derailment,0,CANEY,KS,55,4,Dark,Rain,Main,Freight Train,11,49555,16100,65655,T221,37.023974,-95.941829,51.2,62.2,55.2
NS,142587,2021-08-18,9:25 PM,Derailment,0,CANISTEO,NY,72,4,Dark,Rain,Main,Work train,39,282950,211714,494664,T002,42.262973,-77.554291,71.9,70.6,72.1
CSX,000150371,2015-08-09,1:27 AM,Obstruction,0,CANNONSBURG,KY,72,4,Dark,Clear,Industry,Yard/switching,5,20150,100,20250,H307,38.385346,-82.746065,73.8,74.3,75.7
CSX,000150371,2015-08-09,1:27 AM,Obstruction,0,CANNONSBURG,KY,72,4,Dark,Clear,Industry,Spec. MoW Equip.,0,0,0,20250,H307,38.385346,-82.746065,73.8,74.3,75.7
WE,200075,2020-09-28,12:20 AM,Derailment,0,CANTON,OH,55,4,Dark,Clear,Yard,Yard/switching,4,113230,310,113540,H020,40.769297,-81.412569,69.3,67.8,57.2
BLU,170417001,2017-04-17,5:30 AM,Derailment,0,CANTON,NC,51,4,Dark,Clear,Yard,Yard/switching,3,10503,5578,16081,E85C,35.315906,-82.502715,64.6,62.2,59.4
WE,200069,2020-07-19,11:15 AM,Derailment,0,CANTON,OH,90,2,Day,Clear,Yard,Yard/switching,5,7942,5304,13246,H702,40.766729,-81.422056,81.3,82.8,78.9
WE,170022,2017-02-27,9:00 AM,Derailment,0,CANTON,OH,37,2,Day,Cloudy,Yard,Light loco(s),6,1053,24794,25847,H702,40.767823,-81.417757,31.6,39.6,47.9
DAIR,032014,2014-12-04,4:43 PM,Derailment,0,CANTON,SD,30,2,Day,Clear,Yard,Freight Train,10,7800,69824,77624,E4BC,43.299883,-96.580421,23.3,29.8,29.3
WE,180008,2018-01-16,3:45 AM,Derailment,0,CANTON,OH,10,4,Dark,Snow,Yard,Yard/switching,5,4472,7288,11760,H703,40.816114,-81.318502,18,14.1,7.5
NS,139208,2020-09-20,12:25 PM,Derailment,0,CANTON,OH,65,2,Day,Clear,Yard,Yard/switching,2,24364,0,24364,E29C,40.818952,-81.313794,51.6,53.8,55.8
NS,133822,2019-05-03,4:30 PM,Derailment,0,CANTON,OH,68,3,Dusk,Clear,Industry,Yard/switching,10,31351,63953,95304,E36C,40.802354,-81.352148,66.2,62.9,52.1
BLU,201030002,2020-10-30,4:20 PM,Derailment,0,CANTON,NC,60,2,Day,Clear,Industry,Yard/switching,6,21000,0,21000,T110,35.532048,-82.847094,71.4,51.6,45.4
WE,140126,2014-12-07,7:30 AM,Derailment,0,CANTON,OH,30,4,Dark,Clear,Yard,Freight Train,5,6108,19692,25800,T110,40.769603,-81.410043,38.8,32.9,37.8
WE,170100,2017-09-02,11:35 AM,Derailment,0,CANTON,OH,68,2,Day,Clear,Yard,Yard/switching,3,15776,7576,23352,T110,40.76733,-81.411775,58.5,58.7,65.3
WE,160106,2016-12-13,8:00 AM,Derailment,0,CANTON,OH,32,2,Day,Clear,Yard,Yard/switching,5,169842,11564,181406,T110,40.817967,-81.313471,33.9,26.7,18.2
WE,150162,2015-12-15,11:15 PM,Derailment,0,CANTON,OH,49,4,Dark,Clear,Siding,Freight Train,11,22676,0,22926,T110,40.781764,-81.420731,57.5,44.9,48.4
IC,1102092,2022-04-13,7:20 AM,Raking collision,0,CANTON,MS,76,1,Dawn,Clear,Main,Spec. MoW Equip.,8,15000,0,15000,T499,32.554811,-90.068125,71.8,70.9,62.6
WE,170066,2017-05-27,10:30 AM,Derailment,0,CANTON,OH,60,2,Day,Clear,Yard,Yard/switching,8,25589,44094,69683,T314,40.766727,-81.42389,60.6,64.9,67.9
BNSF,TC0722102,2022-07-05,5:45 AM,Derailment,0,CANTON,SD,75,1,Dawn,Clear,Industry,Light loco(s),10,17144,0,17144,T311,43.298672,-96.591286,80.3,77.8,76.4
WE,220089,2022-12-27,8:00 AM,Derailment,0,CANTON,OH,24,2,Day,Snow,Yard,Yard/switching,5,1764,17811,19575,T309,40.868467,-81.251883,14.8,25.5,35.6