reportingrailroadcode,accidentnumber,date,time,accidenttype,hazmatreleasedcars,station,stateabbr,temperature,visibility_code,visibility,weathercondition,tracktype,equipmenttype,trainspeed,equipmentdamagecost,trackdamagecost,totaldamagecost,primaryaccidentcausecode,latitude,longitude,prior_temp,actual_temp,following_temp
NS,152089,2023-01-24,2:30 PM,Derailment,0,CANTON,OH,34,2,Day,Clear,Industry,Freight Train,4,1550,11529,13079,T314,40.786477,-81.398792,32.1,31.5,36.2
BLU,201209001,2020-12-09,2:25 PM,Derailment,0,CANTON,NC,50,2,Day,Clear,Industry,Freight Train,5,0,50000,50000,T110,35.532109,-82.84428,30.9,38.2,45.8
AGR,AGR117123,2023-03-09,9:50 AM,Derailment,0,CANTONMENT,FL,75,2,Day,Rain,Yard,Freight Train,8,7441,6889,14330,T311,30.59862,-87.31923,71.3,70.3,71.6
ARR,2019015,2019-01-15,3:14 AM,Derailment,0,CANTWELL,AK,6,4,Dark,Cloudy,Main,Freight Train,45,54000,1900000,1954000,E53C,63.3913,-148.9515,26.6,1.2,-3.1
ARR,2020027,2020-02-10,11:41 AM,Other (describe in narrative),0,CANTWELL,AK,-10,2,Day,Snow,Main,Spec. MoW Equip.,2,14835,0,14835,M101,63.3913,-148.9515,25.6,-4,-16.7
BNSF,KS0916114,2016-09-29,8:39 AM,Derailment,0,CANYON,TX,52,1,Dawn,Clear,Main,Freight Train,45,3500,7800,11300,E85C,34.95399,-102.105612,67.5,62,64.5
BNSF,KS0822206,2022-08-31,3:24 PM,Hwy-rail crossing,0,CANYON,TX,87,2,Day,Clear,Main,Freight Train,26,20017,26000,46017,M302,34.982661,-101.954628,73.9,73.3,74.1
RCPE,RCP756924L,2024-04-04,11:00 AM,Obstruction,0,CAPA,SD,60,2,Day,Clear,Main,Spec. MoW Equip.,10,20000,0,20000,H607,44.087923,-101.05782,39.6,43.7,48.5
RCPE,RCP198122D,2022-09-22,4:00 AM,Derailment,0,CAPA,SD,43,4,Dark,Cloudy,Main,Freight Train,7,40000,5000,45000,T207,44.104561,-100.996753,57.1,54,61.3
RCPE,RCP123322D,2022-06-29,3:51 PM,Derailment,0,CAPA,SD,95,2,Day,Cloudy,Main,Freight Train,10,287250,40000,327250,T207,44.122678,-100.894175,72,80.3,74.1
RCPE,RCP307723D,2023-01-27,2:30 AM,Derailment,0,CAPA,SD,22,4,Dark,Cloudy,Main,Freight Train,9,107107,82407,189514,T207,44.130038,-100.843176,30.7,31.5,9.3
RCPE,RCP393723D,2023-04-23,10:00 AM,Derailment,0,CAPA,SD,36,2,Day,Cloudy,Main,Freight Train,8,60000,51378,111378,T207,44.111357,-100.960202,36.6,39.9,43.3
BNSF,HL0822103,2022-08-04,12:59 PM,Derailment,0,CAPE GIRARDEAU,MO,95,2,Day,Clear,Yard,Freight Train,10,5500,11970,17470,T205,37.296305,-89.519504,83.3,77.1,79.6
BNSF,KS0617116,2017-06-30,12:50 AM,Derailment,0,CAPRON,OK,75,4,Dark,Rain,Main,Freight Train,0,64593,1500,66093,M105,36.869179,-98.592917,86.4,76.4,76.4
IC,1143156,2024-01-06,2:14 PM,Other (describe in narrative),0,CARBONDALE,IL,39,2,Day,Cloudy,Main,,0,0,25000,25000,H702,37.728205,-89.2164,32.5,37.5,36.4
ATK,177929,2024-01-06,2:14 PM,Other (describe in narrative),0,CARBONDALE,IL,39,2,Day,Cloudy,Main,Passenger Train - Pushing,6,0,0,25000,H702,37.728205,-89.2164,32.5,37.5,36.4
ATK,166298,2021-01-31,1:20 AM,Obstruction,0,CARBONDALE,IL,48,4,Dark,Rain,Main,Passenger Train - Pulling,0,15855,0,15855,M404,37.723478,-89.215701,40.4,40.2,34.6
IC,1065152,2021-01-31,1:20 AM,Obstruction,0,CARBONDALE,IL,48,4,Dark,Rain,Main,,0,0,0,15855,M404,37.723478,-89.215701,40.4,40.2,34.6
DL,180501,2018-05-25,3:50 PM,Derailment,0,CARBONDALE,PA,89,2,Day,Clear,Siding,Freight Train,5,3000,21540,24540,T109,41.55079,-75.524148,65.7,69.8,75.4
CSX,000184670,2019-08-12,5:08 AM,Side collision,0,CAREY,OH,65,4,Dark,Cloudy,Main,Freight Train,9,505503,158590,4545778,H221,40.987839,-83.394344,72.9,74,74.8
WE,240049,2024-06-05,4:10 PM,Derailment,0,CAREY,OH,81,2,Day,Rain,Yard,Light loco(s),6,12459,9601,22060,H702,40.952555,-83.382423,77.1,74.7,72.9
CSX,000184670,2019-08-12,5:08 AM,Side collision,0,CAREY,OH,65,4,Dark,Cloudy,Main,Freight Train,23,3881685,0,4545778,H221,40.987839,-83.394344,72.9,74,74.8
WE,210053NL,2021-08-13,8:55 AM,Side collision,0,CAREY,OH,80,2,Day,Clear,Yard,Yard/switching,12,75720,0,275720,H210,40.956405,-83.344252,81.3,77.9,72.8
WE,210053NL,2021-08-13,8:55 AM,Side collision,0,CAREY,OH,80,2,Day,Clear,Yard,Yard/switching,9,200000,0,275720,H210,40.956405,-83.344252,81.3,77.9,72.8
WE,220046,2022-06-27,9:35 PM,Derailment,0,CAREY,OH,75,3,Dusk,Clear,Main,Freight Train,6,36761,0,36761,T221,40.956249,-83.364011,78.7,70.4,68.4
WE,160048,2016-04-27,5:45 PM,Derailment,0,CAREY,OH,59,2,Day,Clear,Industry,Yard/switching,9,36000,0,36000,H702,40.963434,-83.368483,61.9,49.6,48.2
WE,210031,2021-04-17,2:39 AM,Derailment,0,CAREY,OH,35,4,Dark,Clear,Yard,Yard/switching,2,22342,0,22342,H306,40.956151,-83.371168,48,48.8,51.2
WE,170112,2017-10-07,11:25 AM,Derailment,0,CAREY,OH,74,2,Day,Clear,Yard,Yard/switching,8,3788,27032,30820,T110,40.956206,-83.365576,66.4,72.8,66
UP,0816NP011,2016-08-12,11:45 AM,Fire/violent rupture,0,CARLETON,NE,83,2,Day,Clear,Main,Freight Train,45,16930,0,16930,E71L,40.295393,-97.651296,81.7,73.4,73.7
UP,0421ES062,2021-04-29,7:58 AM,Hwy-rail crossing,0,CARLINVILLE,IL,61,1,Dawn,Rain,Main,Maint./inspect Car,4,11403,0,11403,M302,39.259435,-89.902895,66.8,62.4,61.8
UP,1223MA027,2023-12-25,11:40 PM,Derailment,0,CARLINVILLE,IL,37,4,Dark,Fog,Yard,Freight Train,8,14511,11885,26396,T202,39.305016,-89.876636,55.2,50.6,38
UP,0717TC002,2017-07-09,8:00 AM,Derailment,0,CARLIS,IA,73,2,Day,Cloudy,Yard,Freight Train,4,36906,14537,51443,H522,41.524994,-93.499464,79.3,79.6,80.6
UP,1218GL010,2018-12-07,6:30 AM,Derailment,0,CARLISLE,IA,12,1,Dawn,Clear,Main,Freight Train,5,11040,132,11172,H506,41.523435,-93.497487,22.7,19.2,24.1
CSX,000165445,2016-12-24,6:45 AM,Derailment,0,CARLISLE,IN,46,1,Dawn,Fog,Industry,Freight Train,6,12446,64,12510,M599,38.946956,-87.400211,33.5,38.5,40.5
CSX,000207393,2022-09-21,11:08 AM,Side collision,0,CARLISLE,SC,92,2,Day,Clear,Industry,Single Car,6,50,0,12351,H018,34.634891,-81.389338,74.6,75.6,77
CSX,000207489,2022-09-26,12:15 PM,Obstruction,0,CARLISLE,SC,80,2,Day,Clear,Main,Maint./inspect Car,0,13000,0,13000,H997,34.630393,-81.396306,67.6,70.1,63.9
INRD,644281,2021-10-07,8:25 AM,Derailment,0,CARLISLE,IN,75,2,Day,Clear,Industry,Freight Train,7,26000,30235,56235,M599,39.003098,-87.277643,68.3,67.1,67.2
NS,128306,2018-01-27,7:30 AM,Derailment,0,CARLISLE,SC,45,1,Dawn,Clear,Main,Freight Train,7,27500,17014,44514,E30C,34.498127,-81.420093,42.6,51,53.7
CSX,000207489,2022-09-26,12:15 PM,Obstruction,0,CARLISLE,SC,80,2,Day,Clear,Main,Maint./inspect Car,31,0,0,13000,H997,34.630393,-81.396306,67.6,70.1,63.9
UP,1021HL033,2021-10-29,10:21 PM,Derailment,0,CARLISLE,IA,44,4,Dark,Cloudy,Main,Freight Train,45,980005,239065,1219070,T499,41.490885,-93.472687,47,48.9,47.4
CP,1000947630,2019-03-01,1:06 PM,Derailment,0,CARLOS,MN,12,2,Day,Clear,Main,Freight Train,33,353241,19892,373133,T201,45.972462,-95.292257,6.3,9.9,0.8
SW,SWC826152D,2015-08-26,1:30 PM,Derailment,0,CARLSBAD,NM,82,2,Day,Clear,Industry,Freight Train,5,12500,0,12500,H306,32.4991,-104.2634,83.3,83.5,83.8
BNSF,SW1022106,2022-10-12,9:30 PM,Derailment,0,CARLSBAD,NM,68,4,Dark,Cloudy,Yard,Freight Train,4,25500,22600,48100,H607,32.439958,-104.213639,66.4,70.6,64.2
BNSF,SW0318107,2018-03-19,5:25 AM,Derailment,0,CARLSBAD,NM,50,1,Dawn,Clear,Yard,Freight Train,9,2000,17500,19500,H306,32.440082,-104.19941,65.8,54.4,50.2
BNSF,SW0217113,2017-02-26,12:45 AM,Derailment,0,CARLSBAD,NM,48,4,Dark,Clear,Industry,Freight Train,7,101856,27000,128856,T216,32.535032,-104.04013,45.8,52.8,56.4
BNSF,SW0821109,2021-08-24,1:45 PM,Derailment,0,CARLSBAD,NM,90,2,Day,Clear,Yard,Light loco(s),5,500,12572,13072,T110,32.422435,-104.225201,81.7,81.5,81.6
SW,SWC060815D,2015-06-08,12:50 PM,Derailment,0,CARLSBAD,NM,76,2,Day,Cloudy,Yard,Yard/switching,3,17814,7568,25382,T199,32.4119,-104.2364,79.1,74.9,78.7
SW,111614,2014-11-16,7:30 AM,Derailment,0,CARLSBAD,NM,31,2,Day,Cloudy,Yard,Freight Train,9,11110,89500,100610,T314,32.4119,-104.2364,53.2,32.7,30.3
BNSF,SW0217100,2017-02-02,11:50 AM,Derailment,0,CARLSBAD,NM,60,2,Day,Clear,Main,Freight Train,20,35000,19000,54000,T201,32.492359,-104.116101,57.8,39.9,39.2
BNSF,SW1117114,2017-11-28,5:50 PM,Derailment,0,CARLSBAD,NM,74,2,Day,Clear,Yard,Freight Train,10,21260,149280,170540,T314,32.440037,-104.199033,54.6,54.4,45.6
BNSF,SW0617109,2017-06-23,4:15 AM,Derailment,0,CARLSBAD,NM,68,1,Dawn,Clear,Yard,Freight Train,4,810,45761,46571,T111,32.422757,-104.224926,88.8,89.7,78.2
CSX,000159608,2016-05-05,12:56 PM,Derailment,0,CARLTON,GA,67,2,Day,Clear,Main,Freight Train,20,45238,766,46004,M299,34.043503,-83.027823,63,55.3,57.6
BNSF,RD1221111,2021-12-15,1:20 PM,Derailment,0,CARMEN,OK,73,2,Day,Clear,Main,Freight Train,32,1003149,200000,1203149,M105,36.557014,-98.408215,55.9,64.4,41
EVWR,E2020OCT1D,2020-10-11,5:30 PM,Derailment,0,CARMI,IL,82,2,Day,Clear,Main,Freight Train,25,10000,196575,206575,E53C,38.09111,-88.217682,67.1,69.7,60
POHC,POH822215D,2015-10-16,10:15 AM,Derailment,0,CARNEGIE,PA,55,2,Day,Cloudy,Main,Freight Train,12,6800,12000,18800,E40C,40.429327,-80.086416,52.2,49.1,40.7
WE,210083,2021-12-23,8:00 PM,Other (describe in narrative),0,CARNEGIE,PA,35,4,Dark,Clear,Yard,Yard/switching,8,3303,22755,26058,M507,40.416135,-80.061734,31,29.2,52.3
UP,0915DV013,2015-09-27,4:16 AM,Derailment,0,CARR,CO,55,4,Dark,Clear,Main,Freight Train,21,18395,500,18895,H503,40.987272,-104.880697,61.2,68.2,60.1
BNSF,SF0516115,2016-05-26,12:23 AM,Derailment,0,CARRIER,OK,79,4,Dark,Cloudy,Siding,Freight Train,0,23795,0,23795,M105,36.504453,-98.086948,80.7,80.8,72.4
CP,1000756662,2018-05-16,12:50 AM,Derailment,0,CARRINGTON,ND,65,4,Dark,Clear,Main,Freight Train,4,280,0,18329,H703,47.455771,-99.132548,65,71.6,57.2
RRVW,051618CARR,2018-05-16,12:50 AM,Derailment,0,CARRINGTON,ND,0,4,Dark,Clear,Main,,0,0,18049,18329,H702,47.455771,-99.132548,65,71.6,57.2
CP,1000947670,2019-03-02,7:32 AM,Derailment,3,CARRINGTON,ND,3,1,Dawn,Fog,Main,Freight Train,49,3080334,35409,3115743,T201,47.44972,-99.126223,5.1,-6,-7.1
CP,1001224080,2020-04-26,6:38 AM,Derailment,0,CARRINGTON,ND,44,1,Dawn,Fog,Siding,Cut of cars,0,102932,7593,932313,T001,47.456387,-99.123084,48.3,51.3,54.4
CP,1001224080,2020-04-26,6:38 AM,Derailment,0,CARRINGTON,ND,44,1,Dawn,Fog,Main,Freight Train,50,796684,25104,932313,T001,47.456387,-99.123084,48.3,51.3,54.4
UP,0715ST015,2015-07-29,7:47 PM,Fire/violent rupture,0,CARRIZOZO,NM,69,3,Dusk,Cloudy,Main,Freight Train,10,17222,0,17222,E74L,34.182067,-105.640289,72.4,65.9,65.2
UP,0920HL008,2020-09-09,9:45 AM,Obstruction,0,CARRIZOZO,NM,39,2,Day,Rain,Main,Freight Train,50,21509,2534,24043,M402,33.460922,-106.061408,60.3,33.9,38
UP,0716CB003,2016-07-06,12:45 AM,Other impacts,0,CARROLL,IA,80,4,Dark,Rain,Main,Freight Train,45,100,95625,95725,M105,42.101916,-94.954192,77.5,75.8,73.1
BNSF,CH1018113,2018-10-19,4:00 PM,Obstruction,0,CARROLLTON,MO,67,2,Day,Clear,Main,Spec. MoW Equip.,23,30000,0,60000,H997,39.351888,-93.490654,49.9,54.7,51.9
WE,CA22002,2022-06-27,3:00 PM,RR grade crossing,0,CARROLLTON,OH,80,2,Day,Clear,Main,Freight Train,10,169531,16139,185670,M304,40.618188,-81.090544,76.8,70.7,66.5
BNSF,CH1018113,2018-10-19,4:00 PM,Obstruction,0,CARROLLTON,MO,67,2,Day,Clear,Main,Spec. MoW Equip.,1,30000,0,60000,H997,39.351888,-93.490654,49.9,54.7,51.9
DGNO,DGN617020,2020-06-18,2:20 AM,Derailment,0,CARROLLTON,TX,80,4,Dark,Clear,Industry,Freight Train,5,9970,1200,11170,M203,32.98963,-96.926192,84.7,84.1,82.9
DGNO,DGN282717D,2017-04-29,1:55 PM,Derailment,0,CARROLLTON,TX,78,2,Day,Clear,Industry,Freight Train,2,50000,500,50500,M503,32.960702,-96.875115,77,76.1,58.9
BNSF,CH0424107,2024-04-11,4:30 PM,Derailment,0,CARROLLTON,MO,65,2,Day,Clear,Industry,Freight Train,4,1492,12700,14192,H607,39.367735,-93.455421,56.3,56.4,55.3
WE,170047,2017-04-08,11:20 PM,Derailment,0,CARROLLTON,OH,30,4,Dark,Clear,Main,Light loco(s),6,493,15124,15617,T110,40.464307,-81.18765,36.4,42.7,55.3
CSX,000219676,2024-07-31,12:51 PM,Derailment,0,CARSON,VA,91,2,Day,Clear,Main,Freight Train,51,745,18096,18841,E68C,37.043333,-77.396315,76.7,79.2,81.9
CRSH,131627,2018-11-10,4:00 PM,Derailment,0,CARTERET,NJ,42,3,Dusk,Cloudy,Yard,Yard/switching,4,11856,250,12106,T311,40.58828,-74.213266,46.6,42.2,38.2
CSX,000173396,2017-12-11,8:04 AM,Derailment,0,CARTERSVILLE,GA,26,2,Day,Clear,Industry,Freight Train,5,133284,1479,134763,H703,34.126841,-84.883052,30,34.6,38.4
CSX,000161987,2016-08-09,7:36 AM,Derailment,0,CARTERSVILLE,GA,80,2,Day,Clear,Industry,Freight Train,3,43665,1701,45366,H306,34.123403,-84.907573,81.4,80.3,80.2
CSX,000167263,2017-03-04,4:36 AM,Derailment,0,CARTERSVILLE,GA,68,4,Dark,Clear,Industry,Freight Train,2,121865,12100,133965,H702,34.125834,-84.903072,41.2,43,50.9
CSX,000218605,2024-06-10,11:24 PM,Hwy-rail crossing,0,CARTERSVILLE,GA,72,4,Dark,Clear,Main,Freight Train,39,20558,55392,75950,M303,34.113392,-84.731439,77,73.6,71.4
CSX,000167068,2017-02-24,5:46 AM,Derailment,0,CARTERSVILLE,GA,50,4,Dark,Clear,Main,Freight Train,0,100000,53400,330854,T106,34.114776,-84.733441,61.1,63.3,58
CSX,000167068,2017-02-24,5:46 AM,Derailment,0,CARTERSVILLE,GA,50,4,Dark,Clear,Main,Freight Train,22,177454,0,330854,T106,34.114776,-84.733441,61.1,63.3,58
MNA,665018D,2018-05-16,11:00 AM,Derailment,0,CARTHAGE,MO,80,2,Day,Clear,Yard,Commuter Train - Pushing,3,40000,3200,43200,M405,37.177379,-94.286225,69.4,70.5,70.2
MNA,MNA846024A,2024-06-26,6:00 AM,Other (describe in narrative),0,CARTHAGE,MO,75,1,Dawn,Rain,Yard,Freight Train,0,30000,0,30000,E73L,37.1762,-94.27785,86,79.1,78.7
CSX,000206521,2022-05-21,8:00 PM,Obstruction,0,CARY,NC,72,4,Dark,Cloudy,Main,,0,0,0,26521,M404,35.770109,-78.806162,81.8,79.2,76.5
ATK,170673,2022-05-21,8:00 PM,Obstruction,0,CARY,NC,79,3,Dusk,Cloudy,Main,Passenger Train - Pulling,30,26521,0,26521,M404,35.77937,-78.80126,81.8,79.2,76.5
NS,115493,2015-05-02,2:30 AM,Derailment,0,CARYVILLE,TN,41,4,Dark,Fog,Main,Freight Train,21,83000,67545,150545,T002,36.294447,-84.219076,52.7,57.9,62.3
UP,0318ST007,2018-03-10,12:15 PM,Hwy-rail crossing,0,CASA GRANDE,AZ,75,2,Day,Cloudy,Main,Freight Train,70,59741,200,59941,M308,32.866472,-111.74039,65.6,64.3,65.7
UP,0815ST022,2015-08-30,4:41 PM,Fire/violent rupture,0,CASA GRANDE,AZ,104,2,Day,Cloudy,Main,Freight Train,15,140569,0,140569,M406,32.966338,-111.901931,93.2,91.3,91.1
UP,0818ST002,2018-08-04,9:30 AM,Derailment,0,CASA GRANDE,AZ,100,2,Day,Clear,Yard,Yard/switching,4,15949,860,16809,H303,32.888868,-111.776815,95.3,97.7,99.3
UP,0121LA026,2021-01-25,12:21 PM,Other (describe in narrative),0,CASA GRANDE,AZ,53,2,Day,Rain,Yard,Freight Train,10,11917,466,12383,H318,32.891331,-111.780875,49.6,45.7,44.3
UP,0220PN008,2020-02-10,8:55 AM,Hwy-rail crossing,0,CASCADE LOCKS,OR,32,2,Day,Clear,Main,Freight Train,31,7749,48069,55818,M304,45.679355,-121.863165,40.4,42.9,40.4
KCS,21051101,2021-05-11,3:10 AM,Obstruction,0,CASON,TX,55,4,Dark,Rain,Main,Freight Train,38,27419,640,28059,M404,33.02959,-94.779427,61.9,57.8,57.4
BNSF,PR1120110,2020-11-29,4:01 AM,Derailment,0,CASPER,WY,19,1,Dawn,Clear,Yard,Cut of cars,0,110265,0,194461,H599,42.854142,-106.324305,35.5,25,36.9
BNSF,PR1120110,2020-11-29,4:01 AM,Derailment,0,CASPER,WY,19,1,Dawn,Clear,Yard,Yard/switching,7,68833,15363,194461,H599,42.854142,-106.324305,35.5,25,36.9
BNSF,PR1116102,2016-11-04,9:34 PM,Derailment,0,CASPER,WY,59,4,Dark,Clear,Yard,Yard/switching,5,88689,0,88689,H307,42.854263,-106.32344,47.9,44.5,48.4
BNSF,PR0523107,2023-05-19,3:40 PM,Derailment,0,CASPER,WY,57,2,Day,Cloudy,Yard,Freight Train,8,76424,103958,180382,T001,42.853863,-106.326826,51.9,52,58.5
UP,0715LV003,2015-07-07,7:00 PM,Hwy-rail crossing,0,CASPIANA,LA,91,2,Day,Clear,Industry,Freight Train,7,16737,0,16737,M304,32.366505,-93.647552,82.1,83.7,84.3
CSX,000154107,2015-11-09,6:19 AM,Hwy-rail crossing,0,CASSATT,SC,48,1,Dawn,Rain,Main,,0,0,0,34615,M302,34.370967,-80.427058,53.8,51.3,57.7
ATK,139958,2015-11-09,6:19 AM,Hwy-rail crossing,0,CASSATT,SC,70,4,Dark,Clear,Main,Passenger Train - Pulling,59,34615,0,34615,M302,34.370967,-80.427058,53.8,51.3,57.7
RRVW,12092021,2021-12-09,11:30 AM,Hwy-rail crossing,0,CASSELTON,ND,36,2,Day,Clear,Main,Freight Train,18,400,15000,15400,M302,46.85784,-97.21726,14.5,26.3,21.5
RRVW,031519,2019-03-15,5:30 PM,Derailment,0,CASSELTON,ND,30,2,Day,Clear,Main,Freight Train,10,10760,8000,18760,M101,46.890665,-97.221582,30.8,24.2,13.9
BNSF,TC0623202,2023-06-02,11:58 AM,Hwy-rail crossing,0,CASSELTON,ND,75,2,Day,Clear,Main,Freight Train,40,1000,34000,35000,M302,46.903107,-97.263311,76.6,78.9,80.2
BNSF,TC1114110,2014-11-13,5:35 PM,Derailment,0,CASSELTON,ND,15,3,Dusk,Clear,Main,Freight Train,3,480256,0,1719594,T207,46.902892,-97.259819,20.8,15.2,10.7
BNSF,TC1114110,2014-11-13,5:35 PM,Derailment,0,CASSELTON,ND,15,3,Dusk,Clear,Main,Freight Train,30,939338,300000,1719594,T207,46.902892,-97.259819,20.8,15.2,10.7
BNSF,NW0616114,2016-06-11,7:24 PM,Obstruction,0,CASTLE ROCK,WA,68,3,Dusk,Clear,Main,,0,0,0,16931,M404,46.382345,-122.984848,54.6,56.4,58.6
CSX,000159589,2016-05-07,10:45 AM,Derailment,0,CASTLEBERRY,AL,80,2,Day,Clear,Main,Freight Train,46,99195,152604,251799,E62C,31.32914,-87.019999,60.2,64.6,69.4
CSX,000215371,2023-12-27,12:00 PM,Obstruction,0,CASTLEWOOD,VA,45,2,Day,Clear,Main,Freight Train,18,12850,0,12850,M404,36.887706,-82.338048,52.7,47,37.5
NS,154093,2023-08-31,3:50 AM,Derailment,0,CATAWBA,NC,74,4,Dark,Clear,Industry,Freight Train,12,16000,143926,159926,E60C,35.669047,-81.044884,74.5,73.3,69.5
NS,130426,2018-08-01,7:20 AM,Derailment,0,CATAWBA,SC,75,1,Dawn,Clear,Main,Freight Train,8,45363,11916,57279,T207,34.854773,-80.915209,77,75.9,76.4
BNSF,HL0124123,2024-01-30,10:44 AM,Derailment,0,CATOOSA,OK,63,2,Day,Clear,Industry,Freight Train,6,9940,210000,219940,M505,36.217312,-95.757883,48.5,50.5,51.4
PCIR,PCR233298,2023-04-07,6:30 PM,Derailment,0,CATOOSA,OK,50,3,Dusk,Clear,Industry,Freight Train,7,6000,0,6000,H503,36.22674,-95.75786,50.1,53.2,56
BNSF,HL0323108,2023-03-07,6:46 PM,Derailment,0,CATOOSA,OK,55,3,Dusk,Cloudy,Industry,Freight Train,10,12155,24273,36428,H506,36.228093,-95.70152,65.4,52.2,49.2
SKOL,M522715,2015-09-01,8:50 AM,Other impacts,0,CATOOSA,OK,80,2,Day,Clear,Yard,Light loco(s),7,28350,0,28350,H018,36.152488,-95.512134,80.2,80.6,80.6
BNSF,HL0421126,2021-04-21,5:01 PM,Derailment,0,CATOOSA,OK,50,3,Dusk,Clear,Yard,Freight Train,3,7700,68500,76200,T110,36.236583,-95.687174,41.7,46.2,50.7
POCA,20200623,2020-06-23,8:20 AM,Derailment,0,CATOOSA,OK,95,2,Day,Clear,Yard,Yard/switching,7,10000,34000,44000,T316,36.24185,-95.740078,79.9,78.3,77.3
POCA,180604,2018-06-04,2:00 PM,Derailment,0,CATOOSA,OK,92,2,Day,Clear,Yard,Yard/switching,5,100000,50000,150000,T314,36.22832,-95.757908,75.3,74,77.2
BNSF,HL0819115,2019-08-13,9:45 PM,Derailment,0,CATOOSA,OK,78,4,Dark,Clear,Industry,Freight Train,4,12500,0,12500,T319,36.228604,-95.757895,88.4,80.8,81.5
BNSF,HL0423104,2023-04-07,6:20 PM,Derailment,0,CATOOSA,OK,50,3,Dusk,Clear,Industry,Yard/switching,7,6000,7500,13500,T314,36.226407,-95.75783,50.1,53.2,56
CSX,000206108,2022-07-13,2:21 PM,Hwy-rail crossing,0,CAVE CITY,KY,87,2,Day,Clear,Main,Freight Train,40,36123,0,36123,M302,37.101883,-86.013956,79.1,77,76.1
RCPE,RCP490523G,2023-08-01,9:15 AM,Hwy-rail crossing,0,CAVOUR,SD,77,2,Day,Cloudy,Main,Freight Train,40,846000,250000,1096000,M302,44.368178,-98.013325,76.7,77.2,80.4
CSX,000217798,2024-05-05,2:15 AM,Other impacts,0,CAYCE,SC,64,4,Dark,Clear,Yard,Cut of cars,5,17137,0,21379,H302,33.975727,-81.047387,73.2,74.3,73.3
CSX,000217798,2024-05-05,2:15 AM,Other impacts,0,CAYCE,SC,64,4,Dark,Clear,Yard,Yard/switching,5,4242,0,21379,H302,33.975727,-81.047387,73.2,74.3,73.3
CSX,000186650,2019-11-18,2:05 AM,Derailment,0,CAYCE,SC,45,4,Dark,Rain,Yard,Light loco(s),6,10532,514,11046,T207,33.975739,-81.047443,50.6,48,47.7
CSX,000180609,2019-01-04,10:25 AM,Other impacts,0,CAYUGA,IN,40,2,Day,Cloudy,Industry,Freight Train,4,12000,0,119600,H702,39.950874,-87.463028,32.1,33.6,40.1
CSX,000180609,2019-01-04,10:25 AM,Other impacts,0,CAYUGA,IN,40,2,Day,Cloudy,Industry,Cut of cars,4,106600,1000,119600,H702,39.950874,-87.463028,32.1,33.6,40.1
UP,1021RM010,2021-10-08,6:32 PM,Derailment,0,CEDAR CITY,UT,52,3,Dusk,Rain,Industry,Freight Train,1,87912,2999,90911,H524,37.755984,-113.243219,56.8,54.6,49
IANR,CED0610151,2015-06-10,12:40 PM,Derailment,0,CEDAR FALLS,IA,90,2,Day,Clear,Industry,Yard/switching,5,10325,15393,25718,M503,42.313617,-92.267059,77.8,78.7,65.3
CC,922957,2017-05-18,8:26 AM,Hwy-rail crossing,0,CEDAR FALLS,IA,60,2,Day,Cloudy,Main,Maint./inspect Car,10,15800,27,15827,M302,42.538152,-92.449561,66.5,58.5,46.6
UP,0621PR006,2021-06-12,3:22 PM,Derailment,0,CEDAR GROVE,WI,80,2,Day,Clear,Main,Freight Train,21,236627,159295,395922,T001,43.538007,-87.838993,75.5,73.7,73.8
BNSF,RD1217114,2017-12-19,12:20 PM,Derailment,0,CEDAR HILL,TX,56,2,Day,Rain,Yard,Freight Train,8,19893,35246,55139,T111,32.605015,-96.94512,47.9,56.1,55.6
UP,0322GL006,2022-03-05,5:15 AM,Other impacts,0,CEDAR RAPIDS,IA,45,1,Dawn,Cloudy,Yard,Freight Train,9,92295,35400,306840,H307,41.919799,-91.767628,34,50.7,32.1
UP,1020GL014,2020-10-12,4:30 PM,Derailment,0,CEDAR RAPIDS,IA,65,2,Day,Clear,Yard,Yard/switching,4,159,18264,18423,H303,41.993485,-91.673888,64.4,58.1,52.8
UP,1019GL025,2019-10-26,4:16 AM,Derailment,0,CEDAR RAPIDS,IA,29,1,Dawn,Clear,Yard,Freight Train,4,2906,57454,60360,H607,41.934548,-91.709097,37.4,38,40.9
CIC,D202299,2022-09-19,2:20 PM,Other impacts,0,CEDAR RAPIDS,IA,42,2,Day,Clear,Yard,Spec. MoW Equip.,0,26423,0,52846,H607,41.93418,-91.702346,73.3,71.2,80.8
UP,0819GL013,2019-08-06,5:25 AM,Other impacts,0,CEDAR RAPIDS,IA,62,1,Dawn,Clear,Yard,Single Car,0,1118,0,14890,H318,41.931308,-91.720086,75.1,71.9,73.1
UP,0724GL029,2024-07-29,7:30 PM,Derailment,0,CEDAR RAPIDS,IA,82,3,Dusk,Clear,Yard,Yard/switching,6,13367,0,13367,M299,41.931624,-91.718576,76.9,74.4,73.3
UP,0819GL013,2019-08-06,5:25 AM,Other impacts,0,CEDAR RAPIDS,IA,62,1,Dawn,Clear,Yard,Yard/switching,4,11966,1806,14890,H318,41.931308,-91.720086,75.1,71.9,73.1
CIC,D201799,2017-06-09,5:45 AM,Derailment,0,CEDAR RAPIDS,IA,60,1,Dawn,Clear,Yard,,0,0,0,82000,H505,41.930493,-91.683038,70.4,75.8,77.8