reportingrailroadcode,accidentnumber,date,time,accidenttype,hazmatreleasedcars,station,stateabbr,temperature,visibility_code,visibility,weathercondition,tracktype,equipmenttype,trainspeed,equipmentdamagecost,trackdamagecost,totaldamagecost,primaryaccidentcausecode,latitude,longitude,prior_temp,actual_temp,following_temp
CIC,D202299,2022-09-19,2:20 PM,Other impacts,0,CEDAR RAPIDS,IA,82,2,Day,Clear,Yard,Spec. MoW Equip.,3,26423,0,52846,H607,41.93418,-91.702346,73.3,71.2,80.8
UP,0620ES032,2020-06-09,10:30 AM,Derailment,0,CEDAR RAPIDS,IA,75,2,Day,Clear,Yard,Maint./inspect Car,5,11042,0,11042,E69C,41.974629,-91.681989,78.8,70.2,65.7
UP,0124GL001,2024-01-02,9:15 PM,Derailment,0,CEDAR RAPIDS,IA,34,4,Dark,Cloudy,Yard,Yard/switching,3,13530,7040,20570,H306,41.930362,-91.723402,25.1,26.8,32.5
CIC,IA201901,2019-06-13,12:10 AM,Other impacts,0,CEDAR RAPIDS,IA,48,4,Dark,Clear,Yard,Light loco(s),0,7801,0,12332,H607,41.928779,-91.683133,61.3,60.3,65.5
CIC,D202309,2023-10-06,1:10 AM,Derailment,0,CEDAR RAPIDS,IA,51,4,Dark,Clear,Yard,Freight Train,4,167255,36006,203261,H508,42.065984,-91.676069,60.6,48.6,48.5
UP,0819GL041,2019-08-03,11:35 AM,Other (describe in narrative),0,CEDAR RAPIDS,IA,76,2,Day,Clear,Yard,Single Car,0,35030,0,35030,E29C,41.931574,-91.720006,70.9,74.3,75.3
IANR,CRD0528193,2019-05-28,2:12 AM,Derailment,0,CEDAR RAPIDS,IA,60,4,Dark,Cloudy,Yard,Freight Train,2,49743,0,95239,H514,41.986681,-91.67187,68.1,57.6,63.3
CIC,IA201901,2019-06-13,12:10 AM,Other impacts,0,CEDAR RAPIDS,IA,48,4,Dark,Clear,Yard,Light loco(s),17,4531,0,12332,H607,41.928779,-91.683133,61.3,60.3,65.5
UP,0821GL031,2021-08-30,12:00 PM,Other (describe in narrative),0,CEDAR RAPIDS,IA,79,2,Day,Clear,Main,Single Car,0,12463,0,12463,M507,41.932253,-91.716175,75.2,71.1,66.8
UP,0322GL006,2022-03-05,5:15 AM,Other impacts,0,CEDAR RAPIDS,IA,45,1,Dawn,Cloudy,Yard,Cut of cars,0,179145,0,306840,H307,41.919799,-91.767628,34,50.7,32.1
CIC,GCA202203,2022-08-21,1:36 AM,Hwy-rail crossing,0,CEDAR RAPIDS,IA,65,4,Dark,Clear,Yard,,0,0,0,0,M301,41.972668,-91.660696,68.3,68.4,69.6
IANR,CRD0609171,2017-06-09,5:45 AM,Derailment,0,CEDAR RAPIDS,IA,58,1,Dawn,Clear,Yard,Freight Train,2,82000,0,82000,H505,41.930493,-91.683038,70.4,75.8,77.8
CIC,D202007,2020-04-22,6:10 AM,Derailment,0,CEDAR RAPIDS,IA,45,1,Dawn,Clear,Yard,Yard/switching,3,37083,3480,40563,T221,41.93612,-91.696837,45,54.3,54.7
CC,952952,2018-03-15,4:48 PM,Derailment,0,CEDAR RAPIDS,IA,55,2,Day,Clear,Yard,Freight Train,2,49400,4848,54248,M405,41.991933,-91.664578,36.3,39,34.4
UP,0319GL053,2019-03-18,9:10 AM,Derailment,0,CEDAR RAPIDS,IA,29,2,Day,Clear,Yard,Light loco(s),3,560,12807,13367,H702,41.932362,-91.716228,30.3,32.9,37.8
UP,0519GL038,2019-05-28,2:12 AM,Derailment,0,CEDAR RAPIDS,IA,61,4,Dark,Cloudy,Yard,,0,0,45496,95239,H514,41.993309,-91.674208,68.1,57.6,63.3
IANR,CRD0204201,2020-02-04,5:44 AM,Other impacts,0,CEDAR RAPIDS,IA,28,4,Dark,Cloudy,Yard,Freight Train,8,37037,0,52987,H020,42.004254,-91.687493,33,27.8,23.2
UP,0220GL008,2020-02-04,5:44 AM,Other impacts,0,CEDAR RAPIDS,IA,26,1,Dawn,Cloudy,Yard,,0,0,15950,52987,H020,42.004254,-91.687493,33,27.8,23.2
CIC,D201915,2019-11-16,5:45 PM,Derailment,0,CEDAR RAPIDS,IA,37,2,Day,Clear,Yard,Freight Train,2,72320,0,72320,T210,41.980996,-91.6674,28.2,33.7,35.7
CIC,D202312,2023-12-27,3:00 PM,Derailment,0,CEDAR RAPIDS,IA,39,2,Day,Cloudy,Industry,Yard/switching,3,13573,0,13573,T113,41.969188,-91.66787,33.3,35.3,32
CC,1019119,2019-11-16,5:43 PM,Derailment,0,CEDAR RAPIDS,IA,37,2,Day,Clear,Yard,Freight Train,0,0,8200,8200,T210,41.980996,-91.6674,28.2,33.7,35.7
UP,1119GL026,2019-11-21,1:37 AM,Derailment,0,CEDAR RAPIDS,IA,46,4,Dark,Rain,Yard,Freight Train,3,5962,6365,12327,T202,41.930042,-91.723483,41.4,42.3,26.5
CIC,D201915,2019-11-16,5:45 PM,Derailment,0,CEDAR RAPIDS,IA,37,2,Day,Clear,Yard,Freight Train,2,0,0,72320,T210,41.980996,-91.6674,28.2,33.7,35.7
CIRR,CIR833616,2016-02-17,11:10 AM,Derailment,0,CEDAR SPRINGS,GA,68,2,Day,Clear,Yard,Freight Train,3,45000,10000,55000,M507,31.081596,-85.020125,55.7,54.2,52
CIRR,CIR746315,2015-08-25,8:40 AM,Derailment,0,CEDAR SPRINGS,GA,80,2,Day,Clear,Yard,Freight Train,12,7470,5000,12470,T210,31.081596,-85.020125,83.6,82,75.2
NS,140076,2020-12-21,6:57 PM,Other impacts,0,CEDARTOWN,GA,50,3,Dusk,Clear,Main,Light loco(s),21,794,0,195304,H601,34.076561,-85.200716,47.3,47.2,45.7
NS,140076,2020-12-21,6:57 PM,Other impacts,0,CEDARTOWN,GA,50,3,Dusk,Clear,Main,Cut of cars,0,194510,0,195304,H601,34.076561,-85.200716,47.3,47.2,45.7
CSX,000177519,2018-07-09,9:32 AM,Derailment,0,CEDARTOWN,GA,90,2,Day,Clear,Industry,Freight Train,5,289,69658,69947,M101,34.009215,-85.259238,76.8,77.1,79.9
UP,0118SL006,2018-01-23,7:00 AM,Obstruction,0,CENTERTOWN,MO,35,2,Day,Cloudy,Main,Freight Train,40,4792,16770,21562,M101,38.689855,-92.365556,45.8,33.7,32.9
UP,0422HL009,2022-04-13,7:02 PM,Hwy-rail crossing,0,CENTERTOWN,MO,39,3,Dusk,Cloudy,Main,,0,0,200,14860,M302,38.620055,-92.411691,65.7,54.7,48.4
ATK,170347,2022-04-13,6:39 PM,Hwy-rail crossing,0,CENTERTOWN,MO,39,2,Day,Clear,Main,Passenger Train - Pulling,47,14660,0,14860,M302,38.619771,-92.408699,65.7,54.7,48.4
NS,125873,2017-07-19,3:25 AM,Derailment,0,CENTERVILLE,GA,72,4,Dark,Clear,Yard,Freight Train,4,200,11022,11222,H306,32.70474,-83.667724,81.1,83.3,85.1
UP,0217CB017,2017-02-28,5:16 AM,Fire/violent rupture,0,CENTRAL CITY,NE,37,1,Dawn,Clear,Main,Freight Train,50,21340,0,21340,E74L,41.094286,-98.039475,38.6,38.4,33.4
UP,1119GL034,2019-11-27,8:00 PM,Derailment,0,CENTRAL CITY,NE,17,4,Dark,Rain,Siding,Freight Train,7,72627,119729,192356,T202,41.112197,-98.009448,31.2,25.7,27.5
UP,0923GL029,2023-09-29,9:19 AM,Derailment,0,CENTRAL CITY,NE,71,2,Day,Clear,Industry,Freight Train,4,111482,0,111482,T311,41.177412,-97.901665,71.8,79.8,78.8
LI,GR20170802,2017-08-30,9:01 AM,Hwy-rail crossing,0,CENTRAL ISLIP,NY,68,2,Day,Clear,Main,EMU,40,22000,0,22000,M302,40.790324,-73.201772,63.7,66.8,71
LI,GR20161101,2016-11-06,5:33 PM,Hwy-rail crossing,0,CENTRAL ISLIP,NY,50,4,Dark,Cloudy,Main,EMU,62,0,37879,37879,M303,40.790337,-73.201703,47.8,50.8,43.6
NS,154415,2023-10-05,8:30 AM,Other impacts,0,CENTRALIA,IL,63,2,Day,Clear,Siding,Spec. MoW Equip.,18,80000,0,80000,H601,38.539178,-89.141586,72.4,66.5,59.1
IC,1112118,2022-08-25,12:48 PM,Derailment,0,CENTRALIA,IL,87,2,Day,Cloudy,Yard,Yard/switching,5,36226,0,36226,H601,38.505639,-89.145355,70.4,73.2,74.8
BNSF,NW0722108,2022-07-17,12:29 PM,Derailment,0,CENTRALIA,WA,74,2,Day,Cloudy,Yard,Yard/switching,10,6786,383000,389786,H703,46.731066,-122.947209,64.5,61,61
BNSF,NW1218114,2018-12-18,10:50 AM,Derailment,0,CENTRALIA,WA,50,2,Day,Cloudy,Yard,Freight Train,8,64423,0,64423,E86C,46.746648,-122.938305,48.1,48.3,46.4
BNSF,NW0720110,2020-07-19,4:42 PM,Derailment,0,CENTRALIA,WA,83,2,Day,Clear,Yard,,0,0,7800,97463,H505,46.727259,-122.950082,65.3,71,74.1
BNSF,NW0318105,2018-03-05,3:18 PM,Raking collision,0,CENTRALIA,WA,50,2,Day,Clear,Main,Freight Train,2,10000,955575,970811,H221,46.719767,-122.951559,38.5,42,40.1
BNSF,NW0619107,2019-06-19,7:05 AM,Derailment,0,CENTRALIA,WA,65,1,Dawn,Clear,Yard,Freight Train,9,13374,10100,23474,H307,46.731134,-122.947201,60.8,57.6,58
PSAP,PSA491520D,2020-07-19,4:42 PM,Derailment,0,CENTRALIA,WA,88,2,Day,Clear,Yard,Freight Train,3,89663,0,97463,H505,46.72765,-122.951405,65.3,71,74.1
UP,0318PD010,2018-03-05,3:18 PM,Raking collision,0,CENTRALIA,WA,50,2,Day,Cloudy,Main,Freight Train,5,5236,0,970811,H221,46.719767,-122.951559,38.5,42,40.1
NS,122906,2016-11-27,8:30 PM,Derailment,0,CENTRALIA,MO,42,4,Dark,Clear,Main,Freight Train,22,64605,914,65519,H601,39.212474,-92.135134,38.3,45,51.7
BNSF,NW0419114,2019-04-22,12:45 AM,Derailment,0,CENTRALIA,WA,44,4,Dark,Clear,Yard,Light loco(s),6,1000,75783,76783,T110,46.72128,-122.95118,51.3,49.7,53.4
BNSF,NW1215118,2015-12-29,7:00 PM,Derailment,0,CENTRALIA,WA,41,4,Dark,Cloudy,Yard,Freight Train,9,13607,500,14107,T207,46.718432,-122.952239,39,38.3,33.7
NS,143547,2021-11-23,7:15 AM,Hwy-rail crossing,0,CENTREVILLE,AL,32,1,Dawn,Cloudy,Main,Freight Train,10,43202,0,43202,M302,32.872693,-86.898171,54.8,43.5,47.5
ALS,0623AS009,2023-06-20,4:45 AM,Derailment,0,CENTREVILLE,IL,67,1,Dawn,Clear,Yard,Freight Train,3,39500,34952,140552,E4AC,38.587598,-90.129105,75.8,77.8,77.7
ALS,20150129,2015-01-29,6:00 AM,Derailment,0,CENTREVILLE,IL,44,4,Dark,Cloudy,Yard,Yard/switching,4,7500,133113,140613,T199,38.58795,-90.135809,37.7,43.8,33.2
RCPE,RCP999419D,2019-03-25,12:30 PM,Derailment,0,CHADRON,NE,40,2,Day,Cloudy,Main,Freight Train,10,227436,8733,236169,T220,42.909544,-103.170608,39.7,39.4,45.5
RCPE,RCP276222D,2022-12-20,7:00 AM,Derailment,0,CHADRON,NE,-4,1,Dawn,Clear,Main,Freight Train,10,165000,4000,169000,T207,42.99596,-103.242341,1.7,-3.9,-8.3
RCPE,RCP317623D,2023-02-02,8:00 AM,Derailment,0,CHADRON,NE,15,2,Day,Clear,Main,Freight Train,10,126183,17880,144063,T202,42.89982,-103.15919,15.9,19.5,25.3
NNW,1907,2019-07-24,3:00 PM,Derailment,0,CHADRON,NE,75,2,Day,Clear,Main,Freight Train,10,40000,20000,60000,T319,42.85922,-103.091842,76.3,78,76.3
BNSF,HL0220121,2020-02-26,8:01 PM,Derailment,0,CHAFFEE,MO,45,3,Dusk,Clear,Yard,Freight Train,9,40863,8000,48863,H307,37.182628,-89.651905,43.9,35.7,35.9
SEPA,Y221,2022-09-06,9:24 PM,Head on collision,0,CHALFONT,PA,70,4,Dark,Clear,Main,EMU,50,30000,0,30000,M510,40.280708,-75.237467,76.5,71,68
SEPA,SEPA022723,2023-02-27,9:47 PM,Other (describe in narrative),0,CHALFONT,PA,35,4,Dark,Rain,Main,EMU,0,0,16564,16564,T404,40.287803,-75.207959,38.1,37.9,35
BNSF,SW0623108,2023-06-08,1:30 PM,Obstruction,0,CHAMBERS,AZ,85,2,Day,Clear,Main,Spec. MoW Equip.,10,0,15000,15000,H993,35.04934,-109.682122,59.5,59.1,59
BNSF,SW0424108,2024-04-20,9:17 PM,Derailment,0,CHAMBERS,AZ,40,4,Dark,Clear,Main,Freight Train,29,368457,75000,443457,E33C,34.990774,-109.530935,56.5,56.6,53
BNSF,SW1223111,2023-12-20,7:16 AM,Derailment,0,CHAMBERS,AZ,40,1,Dawn,Cloudy,Main,Freight Train,53,2334379,837404,3171783,E71L,34.980409,-109.811742,39.5,34.3,36.5
BNSF,SW1119106,2019-11-18,2:00 AM,Derailment,0,CHAMBERS,AZ,27,4,Dark,Clear,Industry,Freight Train,29,695117,50000,745117,T110,35.103174,-109.566913,41.2,44.4,45.1
PRSX,7252021002,2021-07-28,7:45 AM,Derailment,0,CHAMBERSBURG,PA,78,1,Dawn,Rain,Yard,Freight Train,5,15000,25000,40000,H702,39.9051,-77.65336,79.5,77.6,75.2
NS,143285,2021-10-27,9:35 AM,Hwy-rail crossing,0,CHAMBERSBURG,PA,70,2,Day,Clear,Main,Spec. MoW Equip.,2,26500,0,26500,M302,39.857089,-77.695244,53.3,54.7,52.9
NS,142742,2021-09-02,6:30 PM,Other impacts,0,CHAMBLEE,GA,82,3,Dusk,Clear,Yard,Single Car,0,20000,0,22000,H318,33.896092,-84.291955,76.1,75.5,72.1
NS,142742,2021-09-02,6:30 PM,Other impacts,0,CHAMBLEE,GA,82,3,Dusk,Clear,Yard,Yard/switching,5,2000,0,22000,H318,33.896092,-84.291955,76.1,75.5,72.1
NS,154031,2023-08-25,2:15 PM,Derailment,0,CHAMBLEE,GA,95,2,Day,Clear,Industry,Freight Train,8,300,22013,22313,H401,33.904595,-84.278485,82.9,85.4,83.9
NS,141597,2021-05-19,4:40 PM,Derailment,0,CHAMBLEE,GA,75,3,Dusk,Cloudy,Yard,Freight Train,7,39013,27199,66212,T310,33.896092,-84.291955,69.3,71.5,70.9
UP,0723MA048,2023-07-12,8:37 PM,Obstruction,0,CHAMOIS,MO,71,4,Dark,Cloudy,Main,,0,0,0,20697,M404,38.678161,-91.651541,82.7,82.3,79.8
ATK,175508,2023-07-12,8:37 PM,Obstruction,0,CHAMOIS,MO,75,4,Dark,Cloudy,Main,Passenger Train - Pulling,32,20697,0,20697,M404,38.678161,-91.651541,82.7,82.3,79.8
IC,981375,2018-12-10,6:39 PM,Hwy-rail crossing,0,CHAMPAIGN,IL,24,4,Dark,Fog,Main,,0,0,2144,28662,M304,40.12728,-88.23599,22.8,19,30
IC,951244,2018-02-26,10:58 PM,Derailment,0,CHAMPAIGN,IL,37,4,Dark,Clear,Yard,Freight Train,3,10100,10356,20456,E79L,40.143059,-88.229399,39.2,41.3,48.6
IC,1133876,2023-06-07,10:10 AM,Side collision,0,CHAMPAIGN,IL,74,2,Day,Clear,Yard,Cut of cars,0,24844,0,29344,H702,40.115977,-88.241615,73.2,68.8,65.4
IC,1133876,2023-06-07,10:10 AM,Side collision,0,CHAMPAIGN,IL,74,2,Day,Clear,Yard,Yard/switching,4,4500,0,29344,H702,40.115977,-88.241615,73.2,68.8,65.4
IC,1094348,2022-02-09,4:00 AM,Side collision,0,CHAMPAIGN,IL,33,4,Dark,Clear,Yard,Yard/switching,1,18500,0,18500,H302,40.167373,-88.219258,27.1,35.3,30.5
ATK,156672,2018-12-10,6:39 PM,Hwy-rail crossing,0,CHAMPAIGN,IL,24,4,Dark,Fog,Main,Passenger Train - Pulling,51,26518,0,28662,M304,40.12728,-88.23599,22.8,19,30
UP,0419TO016,2019-04-10,11:38 PM,Derailment,0,CHANDLER,TX,73,4,Dark,Clear,Main,Freight Train,23,34567,5656,40223,M206,32.305045,-95.490688,69.8,75,67.6
BNSF,CH0522115,2022-05-31,7:55 PM,Derailment,0,CHANNAHON,IL,82,3,Dusk,Cloudy,Industry,Yard/switching,4,13140,5986,19126,H312,41.406299,-88.198064,79.4,80.4,71.7
BNSF,CH0622101,2022-06-05,11:05 AM,Derailment,0,CHANNAHON,IL,74,2,Day,Clear,Yard,Yard/switching,4,33151,40000,73151,H403,41.418278,-88.171334,62.7,71.5,69
CSX,000196280,2021-03-13,11:49 PM,Derailment,0,CHANNAHON,IL,41,4,Dark,Cloudy,Yard,Yard/switching,2,13692,204,13896,M203,41.445238,-88.181096,43,43.9,41.8
CSX,000175478,2018-03-27,7:30 AM,Derailment,0,CHANNAHON,IL,51,1,Dawn,Cloudy,Industry,Single Car,5,18650,628,19278,H018,41.469434,-88.177369,42.5,48,46.2
BNSF,CH0124101,2024-01-09,6:49 PM,Derailment,0,CHANNAHON,IL,30,3,Dusk,Snow,Industry,Yard/switching,6,13569,2500,16069,T111,41.402943,-88.197976,34,34.3,32.6
CGIV,20180129,2018-01-29,2:08 PM,Derailment,0,CHANNELVIEW,TX,62,2,Day,Clear,Industry,,0,0,45000,145000,M507,29.747175,-95.117207,61.7,55,49.5
UP,0416HO015,2016-04-07,1:52 PM,Other (describe in narrative),0,CHANNELVIEW,TX,79,2,Day,Clear,Main,Freight Train,8,27969,1398,29367,E21C,29.803253,-95.086681,68.9,69.8,69.4
PTRA,2020000016,2020-09-02,5:15 AM,Derailment,0,CHANNELVIEW,TX,85,4,Dark,Clear,Industry,Freight Train,4,2000,20000,22000,H307,29.753605,-95.107798,88.3,88.2,86.4
CGIV,20190313,2019-03-13,9:05 PM,Derailment,0,CHANNELVIEW,TX,55,3,Dusk,Clear,Industry,,0,0,125000,145000,H699,29.747215,-95.116625,67.9,72.4,71.5
CGIV,20160715,2016-07-15,1:15 PM,Side collision,0,CHANNELVIEW,TX,90,2,Day,Clear,Industry,Freight Train,3,27000,0,27000,E05L,0,-95.116625,86.9,87.3,86.3
PTRA,2019000004,2019-03-13,9:05 PM,Derailment,0,CHANNELVIEW,TX,75,4,Dark,Cloudy,Yard,Freight Train,10,20000,0,145000,T110,29.747655,-95.118582,67.9,72.4,71.5
PTRA,2019000012,2019-05-12,10:05 AM,Derailment,0,CHANNELVIEW,TX,80,2,Day,Clear,Industry,Freight Train,6,50000,0,200000,T110,29.745099,-95.115513,71.3,70.8,73.2
PTRA,2021000013,2021-06-06,5:10 PM,Derailment,0,CHANNELVIEW,TX,78,2,Day,Rain,Industry,Freight Train,3,300,16000,16300,T110,29.747192,-95.117048,78.2,81.3,84
CGIV,20190512,2019-05-12,11:00 AM,Derailment,0,CHANNELVIEW,TX,80,2,Day,Clear,Industry,Freight Train,0,0,150000,200000,T099,29.745099,-95.115513,71.3,70.8,73.2
UP,0719HO007,2019-07-09,5:00 AM,Derailment,0,CHANNELVIEW,TX,79,1,Dawn,Clear,Industry,Yard/switching,5,7936,2850,10786,T103,29.814053,-95.115886,86.5,87.1,87.3
PTRA,2018000006,2018-01-29,2:08 PM,Derailment,0,CHANNELVIEW,TX,65,2,Day,Clear,Industry,Freight Train,5,100000,0,145000,T110,29.747175,-95.117207,61.7,55,49.5
PTRA,2016000005,2016-01-22,12:40 PM,Derailment,0,CHANNELVIEW,TX,40,2,Day,Clear,Industry,Freight Train,5,200000,50000,250000,T110,29.747215,-95.116625,61.3,45.9,45
BNSF,KS0818201,2018-08-15,1:13 PM,Hwy-rail crossing,0,CHANNING,TX,85,2,Day,Clear,Main,Freight Train,37,20000,500,20500,M308,35.653321,-102.337046,75.9,74.7,77.8
BNSF,PR0115123,2015-01-24,11:15 PM,Derailment,0,CHANNING,TX,39,4,Dark,Clear,Main,Freight Train,8,1500,28500,30000,H702,35.685771,-102.330961,22.3,32.3,37.8
SKOL,221102002,2022-11-02,2:50 PM,Derailment,0,CHANUTE,KS,82,2,Day,Clear,Industry,Yard/switching,6,10552,4000,14552,T220,37.697415,-95.45242,59.8,63.8,69
UP,0521TO022,2021-05-18,4:09 PM,Other (describe in narrative),0,CHAPARRAL,NM,79,2,Day,Clear,Main,Light loco(s),0,13209,0,13209,M501,32.004659,-106.321447,77,73.7,75.5
CSX,000210576,2023-04-01,2:40 AM,Other (describe in narrative),0,CHAPEL HILL,TN,45,4,Dark,Rain,Main,Freight Train,0,149559,116,149675,M102,35.660495,-86.692833,65.9,64.2,52.2
CSX,000150147,2015-08-03,7:57 AM,Hwy-rail crossing,0,CHAPIN,SC,78,1,Dawn,Clear,Main,Freight Train,44,13134,0,13134,M304,34.17433,-81.366914,82.7,81.2,85.2
UP,0716TC008,2016-07-10,6:20 PM,Derailment,0,CHAPIN,IA,85,2,Day,Clear,Industry,Freight Train,8,250,64250,64500,T110,42.840142,-93.222538,69.7,68.5,78.5
UP,0120GP014,2020-01-01,10:35 AM,Other impacts,0,CHAPPELL,NE,30,2,Day,Sleet,Industry,Freight Train,2,12075,0,32302,H302,41.092944,-102.475969,23.1,31.9,34.1
UP,0120GP014,2020-01-01,10:35 AM,Other impacts,0,CHAPPELL,NE,30,2,Day,Sleet,Industry,Cut of cars,0,20227,0,32302,H302,41.092944,-102.475969,23.1,31.9,34.1
UP,0424GP009,2024-04-14,2:46 PM,Derailment,0,CHAPPELL,NE,77,2,Day,Clear,Main,Freight Train,68,2440966,380993,2821959,E64C,41.091499,-102.472669,60.6,61.4,65.6
UP,0216NP021,2016-02-24,11:20 AM,Hwy-rail crossing,0,CHAPPELL,NE,43,2,Day,Clear,Main,Freight Train,47,25505,250,25755,M302,41.07698,-102.438233,32.6,31.4,28.1
UP,0122HL012,2022-01-01,8:20 AM,Derailment,0,CHARITON,IA,7,2,Day,Snow,Main,Freight Train,23,23274,633100,656374,E53C,41.151984,-93.239412,28.5,7.4,-0.1
UP,0419HL009,2019-04-08,5:10 PM,Derailment,0,CHARITON,IA,77,2,Day,Clear,Main,Freight Train,24,279,114604,114883,T001,41.00805,-93.301011,60.7,62.2,57.9
GRS,20160514M1,2016-05-14,3:15 PM,Derailment,0,CHARLEMONT,MA,68,2,Day,Clear,Main,Freight Train,24,78787,7910,86697,M201,42.625414,-72.865894,58.6,58.4,43.7
GRS,20170227W1,2017-02-27,7:00 AM,Derailment,0,CHARLEMONT,MA,40,1,Dawn,Clear,Main,Freight Train,20,152000,40004,192004,T203,42.622916,-72.87425,31,35.1,44.1
CP,1000433964,2016-08-09,3:45 AM,Derailment,0,CHARLES CITY,IA,69,4,Dark,Clear,Industry,Freight Train,2,36235,950,37185,H702,43.074621,-92.67208,69.7,74,77.2
CSX,000200999,2021-10-30,2:35 AM,Hwy-rail crossing,0,CHARLESTON,SC,54,4,Dark,Clear,Main,,0,0,8680,48581,M308,32.899892,-80.011778,66.3,58,61
CSX,000173638,2017-12-23,9:00 PM,Derailment,0,CHARLESTON,WV,50,4,Dark,Cloudy,Yard,Yard/switching,5,13292,328,13620,H702,38.349454,-81.643763,55,48.6,37
CSX,000178390,2018-08-22,3:30 PM,Obstruction,0,CHARLESTON,WV,78,3,Dusk,Clear,Main,Spec. MoW Equip.,3,0,19122,19122,H993,38.319452,-81.584498,75.4,71.1,65.2
CSX,000154855,2015-12-03,3:45 AM,Derailment,0,CHARLESTON,SC,55,4,Dark,Clear,Yard,Yard/switching,5,83637,1674,85311,T207,32.840158,-79.955975,67.3,55.7,52.3
CSX,000140393,2015-01-22,7:15 AM,Derailment,0,CHARLESTON,SC,50,2,Day,Clear,Yard,Yard/switching,8,14129,400,14529,T314,32.840158,-79.955975,55.8,52.6,57.6
NECR,NEC934319A,2019-02-03,5:30 PM,Obstruction,0,CHARLESTOWN,NH,29,4,Dark,Snow,Main,,0,0,0,19907,M402,43.139005,-72.447317,10.2,26.3,35.9
NECR,NEC273019Y,2019-07-06,5:41 PM,Obstruction,0,CHARLESTOWN,NH,73,3,Dusk,Clear,Main,,0,0,0,13179,M404,43.13777,-72.45237,75.1,75.2,70.4
NS,140378,2021-01-25,9:38 PM,Derailment,0,CHARLESTOWN,WV,31,4,Dark,Sleet,Main,Freight Train,41,953836,184323,1138159,E27C,39.244455,-77.90527,27.2,30.6,31.5
ATK,157439,2019-02-03,5:30 PM,Obstruction,0,CHARLESTOWN,NH,29,4,Dark,Snow,Main,Passenger Train - Pulling,79,19907,0,19907,M402,43.182045,-72.439568,10.2,26.3,35.9
ATK,159901,2019-07-06,5:41 PM,Obstruction,0,CHARLESTOWN,NH,73,3,Dusk,Clear,Main,Passenger Train - Pulling,77,13179,0,13179,M404,43.13777,-72.45237,75.1,75.2,70.4
NS,133551,2019-04-12,11:45 AM,Derailment,0,CHARLOTTE,NC,72,2,Day,Rain,Yard,Yard/switching,5,9988,5562,15550,H306,35.228142,-80.852528,67.9,69.2,68.6
NS,135411,2019-09-07,10:30 AM,Other (describe in narrative),0,CHARLOTTE,NC,86,2,Day,Clear,Yard,Yard/switching,3,26220,2427,28647,H306,35.228142,-80.852528,80.5,79.5,80.7
NS,138108,2020-05-31,10:27 PM,Other (describe in narrative),0,CHARLOTTE,NC,78,4,Dark,Clear,Yard,Cut of cars,10,12351,2405,14756,H018,35.228142,-80.852528,77.2,72.9,68.3
NS,137546,2020-03-22,1:00 AM,Other (describe in narrative),0,CHARLOTTE,NC,52,4,Dark,Clear,Yard,Yard/switching,5,6205,9339,15544,H306,35.228142,-80.852528,70.5,55.5,49.5
NS,139414,2020-10-06,5:00 AM,Side collision,0,CHARLOTTE,NC,72,1,Dawn,Clear,Main,Freight Train,7,81370,0,81870,H306,35.228142,-80.852528,61.8,63.3,67.5
NS,139414,2020-10-06,5:00 AM,Side collision,0,CHARLOTTE,NC,72,1,Dawn,Clear,Main,Cut of cars,0,500,0,81870,H306,35.228142,-80.852528,61.8,63.3,67.5
NS,142644,2021-08-24,10:00 AM,Other impacts,0,CHARLOTTE,NC,80,2,Day,Clear,Yard,Yard/switching,4,41500,986,42486,H599,35.228063,-80.852618,80.9,83.1,80.6
NS,142603,2021-08-19,11:23 PM,Derailment,0,CHARLOTTE,NC,75,4,Dark,Clear,Yard,Freight Train,4,40,11980,12020,H506,35.228063,-80.852618,79.5,80.7,80.2
NS,156770,2024-05-20,6:00 AM,Other impacts,0,CHARLOTTE,NC,63,1,Dawn,Clear,Yard,Cut of cars,9,3150,16238,24288,H312,35.228064,-80.852619,67.9,70.5,72.8
NS,145944,2022-07-22,11:30 PM,Other (describe in narrative),0,CHARLOTTE,NC,80,4,Dark,Clear,Yard,Single Car,2,48000,630,48630,H702,35.228063,-80.852618,81.2,82.6,83.6
NS,145732,2022-07-02,3:08 AM,Other impacts,0,CHARLOTTE,NC,70,4,Dark,Clear,Industry,Freight Train,2,9114,3826,20940,H018,35.157559,-80.876851,77.1,79.3,80.8
NS,145732,2022-07-02,3:08 AM,Other impacts,0,CHARLOTTE,NC,70,4,Dark,Clear,Industry,Single Car,2,8000,0,20940,H018,35.157559,-80.876851,77.1,79.3,80.8
NS,156770,2024-05-20,6:00 AM,Other impacts,0,CHARLOTTE,NC,63,1,Dawn,Clear,Yard,Cut of cars,0,4900,0,24288,H312,35.228064,-80.852619,67.9,70.5,72.8
NS,156017,2024-03-12,5:50 AM,Other impacts,0,CHARLOTTE,NC,42,1,Dawn,Clear,Yard,Single Car,0,89,14179,14418,M599,35.228064,-80.852619,49.7,55.3,61.4
NS,156017,2024-03-12,5:50 AM,Other impacts,0,CHARLOTTE,NC,42,1,Dawn,Clear,Yard,Single Car,2,150,0,14418,M599,35.228064,-80.852619,49.7,55.3,61.4
NS,151144,2022-10-13,7:30 AM,Derailment,0,CHARLOTTE,NC,55,1,Dawn,Clear,Yard,Light loco(s),2,20000,2500,22500,H017,35.228064,-80.852619,64,68.6,59.9