reportingrailroadcode,accidentnumber,date,time,accidenttype,hazmatreleasedcars,station,stateabbr,temperature,visibility_code,visibility,weathercondition,tracktype,equipmenttype,trainspeed,equipmentdamagecost,trackdamagecost,totaldamagecost,primaryaccidentcausecode,latitude,longitude,prior_temp,actual_temp,following_temp
NS,156783,2024-05-21,2:00 AM,Other impacts,0,CHARLOTTE,NC,75,4,Dark,Clear,Yard,Single Car,7,46823,3800,144269,H318,35.247627,-80.811161,70.5,72.8,75.3
NS,156085,2024-03-18,1:50 AM,Derailment,0,CHARLOTTE,NC,61,4,Dark,Cloudy,Yard,Work train,4,14020,8801,22821,H599,35.228064,-80.852619,62.6,53.9,45.2
NS,156783,2024-05-21,2:00 AM,Other impacts,0,CHARLOTTE,NC,75,4,Dark,Clear,Yard,Single Car,0,46823,0,144269,H318,35.247627,-80.811161,70.5,72.8,75.3
NS,156014,2024-03-12,3:15 AM,Other impacts,0,CHARLOTTE,NC,48,4,Dark,Clear,Yard,Yard/switching,4,18541,5283,23824,H318,35.228064,-80.852619,49.7,55.3,61.4
NS,117232,2015-09-03,3:20 PM,Derailment,0,CHARLOTTE,NC,80,2,Day,Clear,Yard,Freight Train,6,10000,4100,14100,H518,35.240792,-80.82288,81.7,81.9,80.1
NS,156783,2024-05-21,2:00 AM,Other impacts,0,CHARLOTTE,NC,75,4,Dark,Clear,Yard,Single Car,0,46823,0,144269,H318,35.247627,-80.811161,70.5,72.8,75.3
NS,125908,2017-07-20,3:31 PM,Derailment,0,CHARLOTTE,NC,99,2,Day,Clear,Main,Freight Train,18,561,74078,74639,T102,35.119747,-80.881715,78.7,82.5,85
NS,133172,2019-03-11,1:45 PM,Derailment,0,CHARLOTTE,NC,67,2,Day,Clear,Yard,Light loco(s),5,14094,8696,22790,T311,35.228142,-80.852528,53.3,57.3,52.3
NS,132801,2019-02-11,5:40 AM,Derailment,0,CHARLOTTE,NC,38,1,Dawn,Cloudy,Yard,Light loco(s),5,1958,34299,36257,T207,35.228142,-80.852528,38.4,45.6,46.9
CSX,000179935,2018-11-19,2:45 AM,Derailment,0,CHARLOTTE,NC,48,4,Dark,Fog,Yard,Cut of cars,0,22000,97,39122,T210,35.23281,-80.830435,48.2,52.7,54.1
CSX,000175607,2018-04-02,3:48 AM,Derailment,0,CHARLOTTE,NC,60,4,Dark,Clear,Yard,Yard/switching,8,36798,50096,86894,T207,35.23281,-80.830435,61.4,69.3,65.6
NS,151829,2022-12-24,2:45 AM,Derailment,0,CHARLOTTE,NC,25,4,Dark,Clear,Yard,Yard/switching,8,1700,11246,12946,T207,35.228064,-80.852619,31.8,18.3,26.2
CSX,000179935,2018-11-19,2:45 AM,Derailment,0,CHARLOTTE,NC,48,4,Dark,Fog,Yard,Yard/switching,4,17025,0,39122,T210,35.23281,-80.830435,48.2,52.7,54.1
NS,127361,2017-11-09,11:30 AM,Derailment,0,CHASE,AL,59,2,Day,Clear,Yard,Yard/switching,8,435,14000,14435,T206,34.775169,-86.491816,49.1,50.7,45
WE,230024,2023-04-01,2:55 PM,Obstruction,0,CHATFIELD,OH,59,2,Day,Rain,Main,Freight Train,36,89748,16588,106336,M102,40.964879,-83.01681,50.4,48.4,38.5
NS,136672,2019-12-30,5:30 AM,Derailment,0,CHATFIELD,OH,42,1,Dawn,Rain,Main,Freight Train,0,114914,0,114914,M105,40.922222,-82.940179,52.9,43.8,32.2
NS,121555,2016-08-04,6:40 PM,Derailment,0,CHATMOSS,VA,77,3,Dusk,Clear,Industry,Freight Train,4,120,15140,15260,T110,36.62507,-79.847437,73.2,73,74.7
NS,120525,2016-05-16,5:00 PM,Derailment,0,CHATMOSS,VA,68,3,Dusk,Clear,Industry,Freight Train,7,16000,31675,47675,T102,36.641221,-79.845884,52,51.6,58
TPW,TPW330817D,2017-06-13,1:50 PM,Derailment,0,CHATSWORTH,IL,94,2,Day,Clear,Main,Freight Train,17,18872,45000,63872,T109,40.753793,-88.283486,83.4,83.9,78.9
BLOL,14,2015-01-07,2:00 PM,Derailment,0,CHATSWORTH,IL,0,2,Day,Clear,Main,Freight Train,10,46000,0,46000,T210,40.7905,-88.288,9.5,1.8,5.9
CSX,000210467,2023-03-25,7:30 AM,Obstruction,0,CHATTANOOGA,TN,50,4,Dark,Rain,Main,Freight Train,25,42267,0,42267,M404,35.07489,-85.25245,70.3,69.8,65.4
NS,151546,2022-11-24,2:52 PM,Other impacts,0,CHATTANOOGA,TN,67,2,Day,Clear,Yard,Yard/switching,3,16000,0,17400,M411,35.07225,-85.255535,46.1,52.6,56.5
NS,140998,2021-03-21,2:03 AM,Derailment,0,CHATTANOOGA,TN,48,4,Dark,Clear,Yard,Light loco(s),1,14260,0,14260,H018,35.082989,-85.244258,52.7,53.4,59.6
CSX,000184659,2019-08-10,8:30 PM,Side collision,0,CHATTANOOGA,TN,90,3,Dusk,Clear,Yard,Freight Train,2,60060,128,65550,H999,35.012658,-85.371483,84,83.5,84
CSX,000163387,2016-10-05,6:07 PM,Derailment,0,CHATTANOOGA,TN,85,3,Dusk,Clear,Yard,Cut of cars,0,22443,17800,143825,H518,35.012658,-85.371483,71.8,71.5,69.9
NS,151218,2022-10-20,4:38 AM,Other impacts,0,CHATTANOOGA,TN,29,1,Dawn,Clear,Yard,Single Car,0,150,11951,12251,M411,35.007198,-85.375514,45.9,45.5,50.9
NS,156425,2024-04-19,11:45 PM,Derailment,0,CHATTANOOGA,TN,64,4,Dark,Clear,Yard,Light loco(s),3,1177,6388,7565,H306,35.07225,-85.255535,68.4,72.6,64.5
NS,120766,2016-06-07,8:00 AM,Derailment,0,CHATTANOOGA,TN,66,2,Day,Clear,Yard,Yard/switching,5,54849,12364,67213,M411,35.060735,-85.2668,76.6,75.9,72.8
NS,145870,2022-07-16,7:40 PM,Other (describe in narrative),0,CHATTANOOGA,TN,90,3,Dusk,Clear,Yard,Freight Train,5,172215,24975,197190,H702,35.072249,-85.255534,81.6,83.5,83.2
NS,151546,2022-11-24,2:52 PM,Other impacts,0,CHATTANOOGA,TN,67,2,Day,Clear,Yard,Cut of cars,0,1400,0,17400,M411,35.07225,-85.255535,46.1,52.6,56.5
NS,157750,2024-08-16,3:10 PM,Other impacts,0,CHATTANOOGA,TN,82,2,Day,Clear,Yard,Single Car,5,22500,2192,24967,M408,35.07225,-85.255535,81.4,82,77.6
CSX,000214927,2023-12-06,2:15 AM,Derailment,0,CHATTANOOGA,TN,29,4,Dark,Clear,Yard,Freight Train,7,33504,26110,59614,S011,35.012657,-85.371486,47.1,45.2,43.4
NS,143101,2021-10-08,8:20 PM,Side collision,0,CHATTANOOGA,TN,69,4,Dark,Cloudy,Yard,Yard/switching,3,150,40631,63982,H706,35.072249,-85.255534,73.2,72.8,70.6
NS,144527,2022-02-27,12:25 AM,Other (describe in narrative),0,CHATTANOOGA,TN,42,4,Dark,Rain,Yard,Yard/switching,3,12188,5442,17630,H702,35.072249,-85.255534,40.1,42.9,45.5
CSX,000214560,2023-11-19,12:20 PM,Other impacts,0,CHATTANOOGA,TN,70,2,Day,Clear,Yard,Freight Train,4,7958,2495,25886,H318,35.012657,-85.371486,60.9,54.9,57.7
NS,118106,2015-11-07,9:45 AM,Derailment,0,CHATTANOOGA,TN,62,2,Day,Rain,Yard,Yard/switching,4,19000,15000,34000,H525,35.072249,-85.255534,71.4,62.2,55
NS,144077,2022-01-19,7:00 PM,Other impacts,0,CHATTANOOGA,TN,55,3,Dusk,Cloudy,Yard,Cut of cars,1,12310,0,12810,M408,35.072249,-85.255534,39,49.1,38.9
NS,156592,2024-05-05,6:08 AM,Other (describe in narrative),0,CHATTANOOGA,TN,72,1,Dawn,Cloudy,Yard,Light loco(s),3,3700,12185,15885,H704,35.07225,-85.255535,71.7,73.3,74.6
NS,142591,2021-08-18,11:25 PM,Derailment,0,CHATTANOOGA,TN,72,4,Dark,Rain,Industry,Freight Train,3,3537,53500,57037,H306,35.020585,-85.300371,73.7,77.6,75.6
NS,151218,2022-10-20,4:38 AM,Other impacts,0,CHATTANOOGA,TN,29,1,Dawn,Clear,Yard,Single Car,3,150,0,12251,M411,35.007198,-85.375514,45.9,45.5,50.9
NS,129971,2018-06-26,7:50 AM,Derailment,0,CHATTANOOGA,TN,72,1,Dawn,Clear,Yard,Yard/switching,7,40910,42833,83743,S011,36.135151,-84.649386,74.8,76.8,77.1
NS,138782,2020-08-07,4:20 AM,Other impacts,0,CHATTANOOGA,TN,72,1,Dawn,Clear,Yard,Single Car,2,23969,500,46922,M411,35.049475,-85.278327,78.9,79.4,82.2
NS,121375,2016-07-24,7:40 AM,Derailment,0,CHATTANOOGA,TN,75,1,Dawn,Clear,Yard,Yard/switching,2,7500,4850,12350,E51C,35.060735,-85.2668,83.1,82.3,82.5
CSX,000199202,2021-07-30,3:31 AM,Other impacts,0,CHATTANOOGA,TN,79,4,Dark,Clear,Yard,Cut of cars,4,31395,116,31511,H601,35.012658,-85.371483,82.5,84.8,84.4
NS,125114,2017-05-19,5:10 AM,Derailment,0,CHATTANOOGA,TN,71,1,Dawn,Clear,Yard,Yard/switching,4,45774,500,46274,H312,35.090918,-85.238234,80.1,78.4,78
NS,126934,2017-10-08,9:15 PM,Derailment,0,CHATTANOOGA,TN,70,4,Dark,Rain,Yard,Single Car,0,7175,20582,28983,H305,35.060736,-85.266798,73.8,73.6,78
NS,120728,2016-06-03,5:30 AM,Derailment,0,CHATTANOOGA,TN,72,1,Dawn,Clear,Yard,Yard/switching,4,28399,1096,29495,M408,35.090918,-85.238234,75.6,76.5,76.7
NS,138782,2020-08-07,4:20 AM,Other impacts,0,CHATTANOOGA,TN,72,1,Dawn,Clear,Yard,Single Car,0,22453,0,46922,M411,35.049475,-85.278327,78.9,79.4,82.2
CSX,000190674,2020-06-06,9:15 PM,Derailment,0,CHATTANOOGA,TN,83,4,Dark,Clear,Main,Freight Train,18,167506,55323,222829,M405,34.985115,-85.406414,80.2,80.2,81
NS,143888,2021-12-31,7:00 AM,Derailment,0,CHATTANOOGA,TN,68,1,Dawn,Cloudy,Yard,Light loco(s),5,39170,24520,63690,H017,35.082989,-85.244258,62.3,60.3,71.4
CSX,000206788,2022-08-20,2:01 PM,Other impacts,0,CHATTANOOGA,TN,72,2,Day,Cloudy,Yard,Cut of cars,7,17000,0,17068,H318,35.012657,-85.371486,74.7,75.4,76.2
NS,142011,2021-06-26,4:28 AM,Other (describe in narrative),0,CHATTANOOGA,TN,72,1,Dawn,Clear,Yard,Yard/switching,2,952,11113,12065,E04C,35.082989,-85.244258,78.4,77.8,80.2
NS,151533,2022-11-22,10:55 PM,Other (describe in narrative),0,CHATTANOOGA,TN,43,4,Dark,Clear,Yard,Light loco(s),5,14160,873,15033,H306,35.007198,-85.375514,37.8,41.2,46.1
NS,152959,2023-04-30,12:10 PM,Other impacts,0,CHATTANOOGA,TN,65,2,Day,Clear,Yard,Yard/switching,7,50547,0,106774,H706,35.07225,-85.255535,64.9,62,56.5
CSX,000219542,2024-07-24,10:45 PM,Derailment,0,CHATTANOOGA,TN,79,4,Dark,Cloudy,Yard,Yard/switching,10,31176,3570,34746,E39C,35.012657,-85.371486,76.1,77.8,77
NS,141451,2021-05-05,10:39 AM,Derailment,0,CHATTANOOGA,TN,72,2,Day,Clear,Yard,Freight Train,6,153064,64219,217283,T213,35.071563,-85.21522,69.2,66.2,60.8
NS,121260,2016-07-14,8:18 AM,Hwy-rail crossing,0,CHATTANOOGA,TN,80,2,Day,Clear,Main,Freight Train,40,1656996,432023,2089019,M304,35.00812,-85.37467,83.2,82.3,80.5
NS,123103,2016-12-10,9:55 AM,Other (describe in narrative),0,CHATTANOOGA,TN,29,2,Day,Clear,Yard,Light loco(s),2,17830,100,17930,H702,35.060736,-85.266798,31.6,31.8,37.8
CSX,000172051,2017-10-06,4:05 PM,Derailment,0,CHATTANOOGA,TN,85,2,Day,Clear,Yard,Freight Train,6,7636,6560,14196,E64C,35.012658,-85.371483,67.5,68.3,73.8
NS,130984,2018-09-18,2:20 PM,Other (describe in narrative),0,CHATTANOOGA,TN,85,2,Day,Clear,Yard,Yard/switching,4,35515,0,35515,E81C,36.135151,-84.649386,77.4,77.4,79
NS,114279,2015-02-09,7:45 PM,Derailment,0,CHATTANOOGA,TN,46,3,Dusk,Cloudy,Yard,Yard/switching,4,7116,5389,13805,H399,35.10095,-85.233074,52.6,53.1,40.3
NS,151251,2022-10-23,4:43 AM,Derailment,0,CHATTANOOGA,TN,50,1,Dawn,Clear,Yard,Cut of cars,4,18500,46941,65441,H504,35.007198,-85.375514,56.4,58.2,59
CSX,000214560,2023-11-19,12:20 PM,Other impacts,0,CHATTANOOGA,TN,70,2,Day,Clear,Yard,Cut of cars,4,15433,0,25886,H318,35.012657,-85.371486,60.9,54.9,57.7
NS,157750,2024-08-16,3:10 PM,Other impacts,0,CHATTANOOGA,TN,82,2,Day,Clear,Yard,Yard/switching,3,275,0,24967,M408,35.07225,-85.255535,81.4,82,77.6
NS,117172,2015-08-30,8:15 AM,Derailment,0,CHATTANOOGA,TN,66,2,Day,Cloudy,Yard,Light loco(s),3,25086,1159,26245,H303,35.10095,-85.233074,76.5,74.3,75.8
NS,151587,2022-11-30,5:14 AM,Other (describe in narrative),0,CHATTANOOGA,TN,52,1,Dawn,Rain,Yard,Light loco(s),5,15969,9099,25068,H702,35.007198,-85.375514,51.7,52.1,39.9
NS,114279,2015-02-09,7:45 PM,Derailment,0,CHATTANOOGA,TN,46,3,Dusk,Cloudy,Yard,Yard/switching,4,1300,0,13805,H399,35.10095,-85.233074,52.6,53.1,40.3
NS,153688,2023-07-21,8:00 PM,Other (describe in narrative),0,CHATTANOOGA,TN,70,4,Dark,Rain,Yard,Light loco(s),5,16115,329,16444,H702,35.060735,-85.2668,75.2,77.2,78.8
CSX,000160634,2016-06-15,2:27 AM,Other (describe in narrative),0,CHATTANOOGA,TN,72,4,Dark,Clear,Yard,Single Car,4,18000,0,34230,M204,35.006723,-85.376506,79.9,79.2,80.6
NS,152666,2023-03-30,2:15 AM,Other (describe in narrative),0,CHATTANOOGA,TN,40,4,Dark,Clear,Yard,Light loco(s),0,10000,0,15174,M503,35.007198,-85.375514,52.5,56,62.1
NS,144725,2022-03-17,6:50 PM,Derailment,0,CHATTANOOGA,TN,72,3,Dusk,Clear,Yard,Light loco(s),3,12000,500,12500,H303,35.072249,-85.255534,57.4,59,55
CSX,000205732,2022-06-22,1:00 PM,Derailment,0,CHATTANOOGA,TN,93,2,Day,Clear,Yard,Yard/switching,4,23766,0,23766,H306,35.012657,-85.371486,79.8,84.4,85.8
NS,155328,2024-01-12,11:30 PM,Other (describe in narrative),0,CHATTANOOGA,TN,36,4,Dark,Cloudy,Yard,Freight Train,5,1500,13500,15000,H702,35.049322,-85.278485,42.4,45.2,38.1
NS,144960,2022-04-12,8:40 PM,Other (describe in narrative),0,CHATTANOOGA,TN,72,4,Dark,Clear,Yard,Light loco(s),1,12819,82,12901,H706,35.060735,-85.266799,59.3,67.9,72.6
NS,128515,2018-02-12,2:38 AM,Other impacts,0,CHATTANOOGA,TN,50,4,Dark,Clear,Yard,Yard/switching,16,74970,0,74970,H318,35.109783,-85.233854,63.5,45.7,47.2
CSX,000210394,2023-03-20,8:53 PM,Side collision,0,CHATTANOOGA,TN,54,4,Dark,Clear,Yard,Freight Train,3,2000,0,20000,H210,35.012679,-85.371499,34.3,38.7,47.5
CSX,000205218,2022-05-28,2:40 PM,Side collision,0,CHATTANOOGA,TN,66,2,Day,Clear,Yard,Freight Train,0,42905,0,107662,H702,35.012657,-85.371486,70,70.1,73
NS,113469,2014-12-17,12:30 AM,Other impacts,0,CHATTANOOGA,TN,47,4,Dark,Clear,Yard,Yard/switching,10,25000,0,25000,M407,35.060736,-85.266798,50.5,43.4,41.1
CSX,000210394,2023-03-20,8:53 PM,Side collision,0,CHATTANOOGA,TN,54,4,Dark,Clear,Yard,Freight Train,3,18000,0,20000,H210,35.012679,-85.371499,34.3,38.7,47.5
CSX,000160634,2016-06-15,2:27 AM,Other (describe in narrative),0,CHATTANOOGA,TN,72,4,Dark,Clear,Yard,Cut of cars,0,16230,0,34230,M204,35.006723,-85.376506,79.9,79.2,80.6
CSX,000205218,2022-05-28,2:40 PM,Side collision,0,CHATTANOOGA,TN,66,2,Day,Clear,Yard,Yard/switching,7,62980,1777,107662,H702,35.012657,-85.371486,70,70.1,73
NS,152666,2023-03-30,2:15 AM,Other (describe in narrative),0,CHATTANOOGA,TN,40,4,Dark,Clear,Yard,Freight Train,3,3800,1374,15174,M503,35.007198,-85.375514,52.5,56,62.1
CSX,000172888,2017-11-15,10:20 AM,Derailment,0,CHATTANOOGA,TN,77,2,Day,Clear,Yard,Yard/switching,5,56330,48,56378,M204,35.012658,-85.371483,47.7,48.9,54.8
NS,138728,2020-08-03,3:37 PM,Other impacts,0,CHATTANOOGA,TN,88,2,Day,Clear,Yard,Single Car,0,39785,0,41072,M411,35.060736,-85.266798,79.9,78.1,77.2
NS,152969,2023-05-01,11:05 AM,Derailment,0,CHATTANOOGA,TN,63,2,Day,Clear,Yard,Light loco(s),5,30072,6210,36282,H220,35.007198,-85.375514,62,56.5,58.9
CSX,000184659,2019-08-10,8:30 PM,Side collision,0,CHATTANOOGA,TN,90,3,Dusk,Clear,Yard,Freight Train,2,5362,0,65550,H999,35.012658,-85.371483,84,83.5,84
NS,128026,2018-01-06,7:20 PM,Derailment,0,CHATTANOOGA,TN,18,3,Dusk,Clear,Yard,Cut of cars,0,457,0,86775,E30C,35.060736,-85.266798,23.3,25.3,27.1
NS,151478,2022-11-16,1:15 AM,Other impacts,0,CHATTANOOGA,TN,40,4,Dark,Clear,Yard,Single Car,0,12500,0,50551,H308,35.007198,-85.375514,45.9,44.1,37.9
NS,138728,2020-08-03,3:37 PM,Other impacts,0,CHATTANOOGA,TN,88,2,Day,Clear,Yard,Single Car,3,800,487,41072,M411,35.060736,-85.266798,79.9,78.1,77.2
NS,154104,2023-09-02,9:30 PM,Derailment,0,CHATTANOOGA,TN,75,4,Dark,Clear,Yard,Light loco(s),6,0,20000,20000,H303,35.007198,-85.375514,77.5,77.5,78.1
NS,142525,2021-08-13,2:54 PM,Derailment,0,CHATTANOOGA,TN,72,2,Day,Clear,Yard,Freight Train,9,11194,2878,14072,E40C,35.049321,-85.278484,78.9,81.3,81.2
NS,151478,2022-11-16,1:15 AM,Other impacts,0,CHATTANOOGA,TN,40,4,Dark,Clear,Yard,Single Car,3,14500,4551,50551,H308,35.007198,-85.375514,45.9,44.1,37.9
NS,146247,2022-08-20,8:00 PM,Other impacts,0,CHATTANOOGA,TN,80,4,Dark,Rain,Yard,Single Car,3,0,49059,49059,M408,35.072249,-85.255534,74.7,75.4,76.2
NS,144077,2022-01-19,7:00 PM,Other impacts,0,CHATTANOOGA,TN,55,3,Dusk,Cloudy,Yard,Yard/switching,3,500,0,12810,M408,35.072249,-85.255534,39,49.1,38.9
NS,146245,2022-08-20,1:30 AM,Derailment,0,CHATTANOOGA,TN,85,4,Dark,Cloudy,Main,Freight Train,25,434,63396,63830,H518,35.008467,-85.374354,74.7,75.4,76.2
NS,133705,2019-04-25,10:15 PM,Other (describe in narrative),0,CHATTANOOGA,TN,64,4,Dark,Clear,Yard,Freight Train,5,28349,11843,40192,H702,36.135151,-84.649386,70.5,68.2,66.3
NS,152959,2023-04-30,12:10 PM,Other impacts,0,CHATTANOOGA,TN,65,2,Day,Clear,Yard,Light loco(s),6,53740,2487,106774,H706,35.07225,-85.255535,64.9,62,56.5
NS,143897,2022-01-01,4:13 PM,Other impacts,0,CHATTANOOGA,TN,70,3,Dusk,Cloudy,Yard,Yard/switching,2,148829,0,148829,M411,34.777179,-86.525527,60.3,71.4,57.4
CSX,000216296,2024-02-12,5:00 PM,Other (describe in narrative),0,CHATTANOOGA,TN,44,3,Dusk,Rain,Yard,Freight Train,7,27067,0,27067,M105,35.012657,-85.371486,56,55.6,46.1
NS,128026,2018-01-06,7:20 PM,Derailment,1,CHATTANOOGA,TN,18,3,Dusk,Clear,Yard,Freight Train,6,43257,43061,86775,E30C,35.060736,-85.266798,23.3,25.3,27.1
CSX,000206788,2022-08-20,2:01 PM,Other impacts,0,CHATTANOOGA,TN,72,2,Day,Cloudy,Yard,Single Car,0,68,0,17068,H318,35.012657,-85.371486,74.7,75.4,76.2
NS,116184,2015-06-22,5:00 PM,Other (describe in narrative),0,CHATTANOOGA,TN,72,3,Dusk,Clear,Yard,Yard/switching,10,60000,0,60000,S016,35.10095,-85.233074,82.9,84.7,85.7
NS,136739,2020-01-04,4:40 PM,Side collision,0,CHATTANOOGA,TN,41,3,Dusk,Rain,Yard,Yard/switching,3,13837,0,15753,H306,35.061525,-85.265992,54.2,49.6,43.2
NS,151478,2022-11-16,1:15 AM,Other impacts,0,CHATTANOOGA,TN,40,4,Dark,Clear,Yard,Single Car,0,19000,0,50551,H308,35.007198,-85.375514,45.9,44.1,37.9
NS,126934,2017-10-08,9:15 PM,Derailment,0,CHATTANOOGA,TN,70,4,Dark,Rain,Yard,Yard/switching,8,1226,0,28983,H305,35.060736,-85.266798,73.8,73.6,78
NS,136739,2020-01-04,4:40 PM,Side collision,0,CHATTANOOGA,TN,41,3,Dusk,Rain,Yard,Yard/switching,3,450,1466,15753,H306,35.061525,-85.265992,54.2,49.6,43.2
NS,126918,2017-10-06,1:30 PM,Derailment,0,CHATTANOOGA,TN,82,2,Day,Clear,Yard,Yard/switching,7,3723,27596,31319,T311,35.076193,-85.216146,67.5,68.3,73.8
NS,151279,2022-10-26,9:15 AM,Derailment,0,CHATTANOOGA,TN,65,2,Day,Clear,Yard,Freight Train,5,105992,60000,316013,T319,35.007198,-85.375514,63,55.6,57.1
NS,139758,2020-11-17,2:10 AM,Derailment,0,CHATTANOOGA,TN,39,4,Dark,Clear,Yard,Yard/switching,5,54958,10695,65653,T311,35.082966,-85.244282,49.4,47.5,45.4
NS,129666,2018-05-31,5:37 PM,Derailment,0,CHATTANOOGA,TN,79,3,Dusk,Cloudy,Yard,Yard/switching,3,12419,1079,13498,T311,35.082966,-85.244282,76,75.3,75.7
NS,132347,2019-01-09,1:15 AM,Derailment,0,CHATTANOOGA,TN,40,4,Dark,Clear,Yard,Freight Train,7,2293,22742,25035,T314,36.135151,-84.649386,59.8,44.2,34.6
NS,152125,2023-01-29,7:40 PM,Other (describe in narrative),0,CHATTANOOGA,TN,50,3,Dusk,Rain,Yard,Freight Train,2,16925,32914,51139,T311,35.007198,-85.375514,44.4,47.7,51
NS,122719,2016-11-10,12:20 AM,Derailment,0,CHATTANOOGA,TN,35,4,Dark,Clear,Yard,Yard/switching,6,603,10735,11338,T311,35.060735,-85.2668,59.1,52.5,52
NS,128105,2018-01-12,5:15 PM,Derailment,0,CHATTANOOGA,TN,28,3,Dusk,Clear,Industry,Yard/switching,5,250,500,750,T110,35.008379,-85.315787,58.2,48.9,26.9
NS,152125,2023-01-29,7:40 PM,Other (describe in narrative),0,CHATTANOOGA,TN,50,3,Dusk,Rain,Yard,Cut of cars,0,1300,0,51139,T311,35.007198,-85.375514,44.4,47.7,51
CSX,000163551,2016-10-12,3:30 AM,Derailment,0,CHATTANOOGA,TN,47,4,Dark,Clear,Main,Freight Train,13,531484,80100,611584,T207,35.027478,-85.301124,62.4,60.9,65.6
NS,127350,2017-11-08,4:45 PM,Derailment,0,CHATTANOOGA,TN,55,3,Dusk,Clear,Industry,Freight Train,4,616,10487,11103,T110,34.996794,-85.316912,67.8,54,52.8
CSX,000161184,2016-07-10,10:00 PM,Derailment,0,CHATTANOOGA,TN,75,4,Dark,Cloudy,Yard,Yard/switching,5,59938,1000,60938,T207,35.006723,-85.376506,80.1,82.2,80.7
NS,146240,2022-08-19,10:40 PM,Derailment,0,CHATTANOOGA,TN,85,4,Dark,Cloudy,Yard,Freight Train,8,379002,173000,552002,T207,35.072249,-85.255534,77.2,74.7,75.4
NS,115114,2015-04-03,10:15 AM,Derailment,0,CHATTANOOGA,TN,70,2,Day,Clear,Yard,Yard/switching,0,5400,27203,32603,T313,35.060735,-85.2668,61,68.8,56.9
NS,151279,2022-10-26,9:15 AM,Derailment,0,CHATTANOOGA,TN,65,2,Day,Clear,Yard,Freight Train,5,105992,44029,316013,T319,35.007198,-85.375514,63,55.6,57.1
NS,138309,2020-06-22,11:20 PM,Derailment,0,CHATTANOOGA,TN,67,4,Dark,Cloudy,Yard,Light loco(s),2,12375,0,12375,T313,35.060735,-85.266799,76.1,75.9,78.8
NS,134583,2019-07-03,1:45 PM,Hwy-rail crossing,0,CHAUNCEY,GA,90,2,Day,Clear,Main,Freight Train,47,3506,137231,140737,M303,32.10706,-83.075887,86,84.6,81.3
CSX,000150324,2015-08-05,1:55 PM,Side collision,0,CHAVIES,KY,85,2,Day,Clear,Industry,Freight Train,3,0,0,18357,M501,37.360281,-83.370548,72.3,72.7,69.8
CSX,000150324,2015-08-05,1:55 PM,Side collision,0,CHAVIES,KY,85,2,Day,Clear,Industry,Cut of cars,0,18357,0,18357,M501,37.360281,-83.370548,72.3,72.7,69.8
IC,843786,2015-03-14,1:30 AM,Raking collision,0,CHEBANSE,IL,45,4,Dark,Fog,Siding,Freight Train,3,76182,250,125430,H301,41.047472,-87.891669,45,47.3,46.6
IC,843786,2015-03-14,1:30 AM,Raking collision,0,CHEBANSE,IL,45,4,Dark,Fog,Siding,Cut of cars,0,48998,0,125430,H301,41.047472,-87.891669,45,47.3,46.6
UP,0818FW011,2018-08-10,2:45 AM,Fire/violent rupture,0,CHECOTAH,OK,70,4,Dark,Clear,Main,Freight Train,45,54839,0,54839,M406,35.480325,-95.514858,78.4,80.2,79
NS,132575,2019-01-24,5:01 AM,Other impacts,0,CHEEKTOWAGA,NY,33,1,Dawn,Snow,Main,Light loco(s),17,30,0,50488,H210,42.889031,-78.784492,39.2,31,20.1
NS,132575,2019-01-24,5:01 AM,Other impacts,0,CHEEKTOWAGA,NY,33,1,Dawn,Snow,Main,Cut of cars,0,50458,0,50488,H210,42.889031,-78.784492,39.2,31,20.1
NS,125203,2017-05-25,1:30 AM,Other impacts,0,CHEEKTOWAGA,NY,55,4,Dark,Rain,Yard,Yard/switching,3,18536,0,18536,H318,42.893512,-78.767262,67.2,58.2,55
NS,142826,2021-09-12,6:59 PM,Other (describe in narrative),0,CHEEKTOWAGA,NY,72,3,Dusk,Clear,Yard,Freight Train,7,17931,0,25725,H307,42.890001,-78.780743,68.3,72.9,66.9
NS,145355,2022-05-23,8:30 AM,Other impacts,0,CHEEKTOWAGA,NY,65,2,Day,Cloudy,Yard,Yard/switching,4,53813,0,53813,H312,42.894751,-78.762526,60.3,54.4,57.8
NS,142826,2021-09-12,6:59 PM,Other (describe in narrative),0,CHEEKTOWAGA,NY,72,3,Dusk,Clear,Yard,Cut of cars,0,6994,800,25725,H307,42.890001,-78.780743,68.3,72.9,66.9
NS,144019,2022-01-14,1:30 AM,Derailment,0,CHEEKTOWAGA,NY,23,4,Dark,Clear,Yard,Yard/switching,2,18315,800,19115,H018,42.890001,-78.780743,35.4,24,7.7
NS,141334,2021-04-24,5:34 AM,Derailment,0,CHEEKTOWAGA,NY,45,1,Dawn,Clear,Yard,Freight Train,15,170078,27427,197505,T207,42.897629,-78.75138,43.5,52.9,47.3
BNSF,NW0516106,2016-05-18,6:30 AM,Other (describe in narrative),0,CHEHALIS,WA,54,1,Dawn,Clear,Main,Maint./inspect Car,8,0,60064,60064,H605,46.649808,-122.969922,61.8,56.7,52.4
UP,0318PD016,2018-03-13,8:45 PM,Derailment,0,CHEHALIS,WA,43,4,Dark,Clear,Industry,Freight Train,5,123320,1256,124576,H303,46.574303,-122.910046,50.7,47.2,45