reportingrailroadcode,accidentnumber,date,time,accidenttype,hazmatreleasedcars,station,stateabbr,temperature,visibility_code,visibility,weathercondition,tracktype,equipmenttype,trainspeed,equipmentdamagecost,trackdamagecost,totaldamagecost,primaryaccidentcausecode,latitude,longitude,prior_temp,actual_temp,following_temp
BNSF,NW0422118,2022-04-26,11:03 PM,Derailment,0,CHEHALIS,WA,40,4,Dark,Cloudy,Industry,Yard/switching,7,27000,60000,87000,T301,46.629233,-122.919676,51.7,44.5,45.8
GRS,20170119L1,2017-01-19,3:15 AM,Derailment,0,CHELMSFORD,MA,29,4,Dark,Cloudy,Main,Freight Train,10,20046,13886,33932,T221,42.620969,-71.399509,33.6,35.6,35.1
MBTA,19139,2019-06-26,3:51 PM,Hwy-rail crossing,0,CHELSEA,MA,84,2,Day,Clear,Main,Passenger Train - Pushing,31,45389,11700,57089,M304,42.397822,-71.04483,67.9,68.4,65.6
UP,1216CB015,2016-12-31,4:08 AM,Obstruction,0,CHELSEA,IA,27,4,Dark,Cloudy,Main,Freight Train,52,90,104119,104209,M402,41.92027,-92.397749,31.3,28.7,27.4
CSX,000161596,2016-07-25,12:48 AM,Hwy-rail crossing,0,CHELSEA,AL,80,4,Dark,Clear,Main,Freight Train,35,616,32000,32616,M302,33.340998,-86.630427,83.6,83.3,82.8
MBTA,1930,2014-12-15,7:46 PM,Derailment,0,CHELSEA,MA,32,3,Dusk,Cloudy,Yard,Freight Train,0,0,5758,10758,T311,42.399617,-71.066135,37.1,36.1,39.4
CSX,000138942,2014-12-15,7:46 PM,Derailment,0,CHELSEA,MA,32,3,Dusk,Cloudy,Yard,Light loco(s),9,5000,0,10758,T311,42.399617,-71.066135,37.1,36.1,39.4
KNWA,231110001,2023-11-10,1:15 AM,Derailment,0,CHELYAN,WV,52,4,Dark,Clear,Main,Freight Train,6,53179,129420,182599,E64C,38.19937,-81.49516,63.1,45.8,41.9
NYSW,150528B,2015-05-28,5:25 AM,Derailment,0,CHENANGO FORKS,NY,65,1,Dawn,Cloudy,Main,Freight Train,10,0,1914395,1914395,M405,42.237959,-75.848656,71.5,67.1,66.5
BNSF,NW0118103,2018-01-12,1:12 AM,Derailment,0,CHENEY,WA,32,4,Dark,Cloudy,Yard,Freight Train,7,3800,9000,12800,H607,47.482519,-117.580748,32.3,33.6,37.1
UP,1021GC025,2021-10-10,8:16 PM,Fire/violent rupture,0,CHENEYVILLE,LA,75,4,Dark,Cloudy,Main,Freight Train,20,13588,0,13588,E74L,31.015912,-92.301783,72.9,74.5,77.6
UP,1021GC019,2021-10-10,3:46 PM,Hwy-rail crossing,0,CHENEYVILLE,LA,84,2,Day,Cloudy,Main,Freight Train,40,13588,150,13738,M302,31.005564,-92.280901,72.9,74.5,77.6
BNSF,HL0524116,2024-05-21,9:07 AM,Derailment,0,CHEROKEE,KS,80,2,Day,Cloudy,Main,Spec. MoW Equip.,0,500000,0,500000,H993,37.336354,-94.820657,73.5,74.7,63.3
SKOL,221219001,2022-12-19,8:00 AM,Derailment,0,CHEROKEE,KS,42,2,Day,Clear,Siding,Freight Train,6,13207,6100,19307,H504,37.351667,-94.795939,31.3,39.3,32
CSX,000143104,2015-03-13,4:04 PM,Derailment,0,CHERRY RUN,WV,51,2,Day,Cloudy,Main,Freight Train,39,24547,0,24547,M101,39.600758,-78.005186,46.3,41.8,45.8
SKOL,220504005,2022-05-04,7:00 PM,Derailment,0,CHERRYVALE,KS,56,2,Day,Rain,Yard,Yard/switching,6,32000,2500,34500,H303,37.327635,-95.531652,52.7,53.2,59.6
SKOL,IN190922,2019-09-22,7:30 PM,Derailment,0,CHERRYVALE,KS,87,3,Dusk,Clear,Main,Freight Train,10,23000,105600,128600,H505,37.272763,-95.548544,76.1,74.8,70.7
SKOL,240614005,2024-06-14,9:45 PM,Derailment,0,CHERRYVALE,KS,74,4,Dark,Clear,Yard,Yard/switching,6,5010,30000,35010,M101,37.327955,-95.531455,80.4,84.3,83.2
SKOL,160114001,2016-01-14,1:00 AM,Other impacts,0,CHERRYVALE,KS,40,4,Dark,Clear,Yard,Yard/switching,6,18600,0,18600,H301,37.327926,-95.531587,34.3,45.2,37.6
SKOL,230913002,2023-09-13,4:55 AM,Derailment,0,CHERRYVALE,KS,64,4,Dark,Clear,Main,Freight Train,12,4800,37000,41800,T221,37.230348,-95.558664,68.6,66.5,69.7
SKOL,240711005,2024-07-11,3:00 PM,Derailment,0,CHERRYVALE,KS,94,2,Day,Clear,Main,Freight Train,9,517884,63000,580884,T109,37.204153,-95.567709,77.8,81.9,84.2
NS,145982,2022-07-27,7:51 PM,Derailment,0,CHESAPEAKE,VA,81,3,Dusk,Clear,Yard,Freight Train,4,54604,145474,200078,H506,36.783505,-76.272914,81.1,82.1,86
NS,146377,2022-09-03,3:45 PM,Other (describe in narrative),0,CHESAPEAKE,VA,72,2,Day,Clear,Yard,Freight Train,4,19704,20934,40638,H702,36.787323,-76.269799,77.6,77.3,76.4
NS,153389,2023-06-18,11:49 PM,Other (describe in narrative),0,CHESAPEAKE,VA,72,4,Dark,Cloudy,Yard,Freight Train,2,0,50,50,H702,36.801387,-76.26713,72,74.6,77.4
CSX,000174162,2018-01-20,4:14 AM,Hwy-rail crossing,0,CHESAPEAKE,VA,38,4,Dark,Clear,Main,Freight Train,39,13654,0,13654,M302,36.771772,-76.457383,39.2,47.7,49.1
NPB,AR20167,2016-11-23,1:06 AM,Derailment,0,CHESAPEAKE,VA,34,4,Dark,Clear,Yard,Yard/switching,4,31025,5000,36025,H506,36.822786,-76.280974,41.6,42.8,51.5
NS,113749,2015-01-09,4:45 PM,Derailment,0,CHESAPEAKE,VA,45,3,Dusk,Clear,Yard,Yard/switching,3,21850,100,21950,H020,36.801393,-76.267132,21.2,35.2,31.4
NPB,AR201907,2019-07-30,7:40 PM,Derailment,0,CHESAPEAKE,VA,72,3,Dusk,Clear,Yard,Yard/switching,5,58400,3900,62300,T314,36.816163,-76.282931,80.8,81.3,82.4
CA,CAR831724D,2024-06-17,3:20 PM,Derailment,0,CHESAPEAKE,VA,85,2,Day,Clear,Main,Freight Train,10,30000,90000,120000,T109,36.712347,-76.203939,74.2,76.1,76.3
NS,134473,2019-06-25,4:20 AM,Derailment,0,CHESAPEAKE,VA,80,1,Dawn,Clear,Main,Freight Train,50,1243728,421503,1665231,T207,36.751303,-76.436285,79.1,83,82.1
NS,113950,2015-01-21,11:15 AM,Derailment,0,CHESAPEAKE,VA,47,2,Day,Cloudy,Yard,Yard/switching,3,3000,14477,17477,T110,36.787321,-76.269801,47.5,45.7,40.5
SEPA,17514,2015-02-15,1:15 PM,Other (describe in narrative),0,CHESTER,PA,8,2,Day,Clear,Main,Passenger Train - Pulling,0,10500,0,15213,M404,39.844185,-75.371802,26,13,10.2
CSX,000163900,2016-10-28,8:22 AM,Head on collision,0,CHESTER,PA,50,2,Day,Clear,Main,Freight Train,0,93569,0,128163,H221,39.847014,-75.394248,51.5,51.9,54
CSX,000175366,2018-03-22,4:10 AM,Obstruction,0,CHESTER,SC,40,1,Dawn,Clear,Main,Maint./inspect Car,23,15700,0,18200,H997,34.733961,-81.147241,42.3,42.3,45.8
CSX,000175366,2018-03-22,4:10 AM,Obstruction,0,CHESTER,SC,40,1,Dawn,Clear,Main,Maint./inspect Car,0,2500,0,18200,H997,34.733961,-81.147241,42.3,42.3,45.8
NS,152866,2023-04-20,4:45 AM,Derailment,0,CHESTER,PA,50,1,Dawn,Clear,Siding,Freight Train,7,7200,0,27350,H706,39.821301,-75.419204,53.9,60.1,62.5
CSX,000178690,2018-09-06,4:23 PM,Hwy-rail crossing,0,CHESTER,VA,90,3,Dusk,Clear,Main,Freight Train,53,13698,8738,22436,M302,37.353203,-77.43895,80.8,80.6,79.5
CSX,000143601,2015-03-21,4:11 AM,Hwy-rail crossing,0,CHESTER,VA,37,4,Dark,Cloudy,Main,Spec. MoW Equip.,10,45516,0,45516,M399,37.380948,-77.454302,41.3,48.1,52.4
SEPA,19138,2015-08-22,6:03 AM,Other (describe in narrative),0,CHESTER,PA,73,1,Dawn,Clear,Main,Passenger Train - Pulling,30,11127,0,25362,E78L,39.842072,-75.375609,79.9,76.3,75.5
CSX,000160976,2016-06-30,5:11 PM,Hwy-rail crossing,0,CHESTER,SC,88,2,Day,Clear,Main,Freight Train,35,42980,627,43607,M303,34.739363,-81.131681,77.2,75,77.4
ATK,141786,2016-04-03,7:50 AM,Obstruction,0,CHESTER,PA,50,2,Day,Clear,Main,Passenger Train - Pulling,102,3159938,497313,3657251,H402,39.832325,-75.39609,56.5,41.9,49.3
LC,LC07032023,2023-07-03,12:06 PM,Derailment,0,CHESTER,SC,92,2,Day,Clear,Yard,Freight Train,5,15000,8000,23000,E23C,34.7076,-81.1329,81.3,80.4,81.7
UP,1220MA031,2020-12-29,10:14 AM,Derailment,0,CHESTER,IL,30,2,Day,Cloudy,Siding,Freight Train,12,24776,111668,136444,H706,37.88139,-89.785491,35.4,33,42
CSX,000163900,2016-10-28,8:22 AM,Head on collision,0,CHESTER,PA,50,2,Day,Clear,Main,Freight Train,25,32319,2275,128163,H221,39.847014,-75.394248,51.5,51.9,54
ATK,138884,2015-08-22,6:03 AM,Other (describe in narrative),0,CHESTER,PA,75,1,Dawn,Clear,Main,,0,0,14235,25362,E78L,39.842072,-75.375609,79.9,76.3,75.5
UP,0920MA008,2020-09-07,5:50 AM,Other (describe in narrative),0,CHESTER,IL,64,1,Dawn,Clear,Siding,Yard/switching,10,0,49310,49310,S104,37.881482,-89.786436,73.8,77.2,76.7
UP,0717SL014,2017-07-31,2:43 PM,Derailment,0,CHESTER,IL,85,2,Day,Clear,Yard,Yard/switching,6,30229,612,30841,T205,37.892275,-89.814189,70.9,73,75
ATK,136310,2015-02-15,1:15 PM,Other (describe in narrative),0,CHESTER,PA,8,2,Day,Clear,Main,EMU,0,0,4713,15213,T404,39.844185,-75.371802,26,13,10.2
CSX,000166734,2017-02-09,11:09 PM,Derailment,0,CHESTER,VA,48,4,Dark,Clear,Industry,Freight Train,8,10600,1884,12484,T110,37.337525,-77.306093,63.6,44.1,31.8
CMR,07252016,2016-07-25,2:15 PM,Derailment,0,CHESTERFIELD,MO,89,2,Day,Clear,Industry,Freight Train,10,13429,65838,79267,T110,38.691827,-90.500737,88.1,80,81.4
NICD,N2200003,2022-03-21,11:00 PM,Derailment,0,CHESTERTON,IN,41,4,Dark,Clear,Main,Cut of cars,5,24430,6859,31289,H307,41.645341,-87.059816,45.2,53.7,50.3
NS,134592,2019-07-04,1:40 PM,Derailment,0,CHESTERTON,IN,88,2,Day,Clear,Main,Freight Train,18,76957,168878,245835,E06C,41.611856,-87.056631,77.4,79.8,81.7
NICD,N1800003,2018-01-14,10:38 PM,Fire/violent rupture,0,CHESTERTON,IN,18,4,Dark,Snow,Main,EMU,40,500000,65000,565000,E78L,41.644552,-87.062237,14.3,10,16.7
WN,09052015,2015-09-06,10:30 PM,Derailment,0,CHETEK,WI,57,4,Dark,Clear,Industry,Light loco(s),3,90,12500,12590,T110,45.314238,-91.65499,75.7,74.8,71.7
UP,0715WH001,2015-07-01,12:50 PM,Hwy-rail crossing,0,CHETOPA,KS,86,2,Day,Clear,Main,Freight Train,49,12569,0,12569,M302,37.09061,-95.11375,79,82.8,80.1
UP,0321HL007,2021-03-16,9:45 PM,Derailment,0,CHETOPA,KS,63,4,Dark,Cloudy,Main,Freight Train,36,7572,6600,14172,E53C,37.124514,-95.124116,54.7,56.3,50
ATK,167921,2021-08-02,8:48 AM,Other (describe in narrative),0,CHEVERLY,MD,72,2,Day,Clear,Main,Passenger Train - Pulling,0,10451,4673,15124,E78L,38.918619,-76.911324,72.9,72.3,71.6
NS,153916,2023-08-13,5:00 PM,Obstruction,0,CHEWALLA,TN,85,3,Dusk,Cloudy,Main,Freight Train,35,1355618,1594700,2950318,M199,35.046648,-88.760473,78.3,78.8,81.6
UP,0416DV006,2016-04-10,1:45 AM,Fire/violent rupture,0,CHEYENNE,WY,43,4,Dark,Clear,Main,Freight Train,0,65468,150,65618,E73L,41.09418,-105.038253,53,46,40.2
UP,0324GP009,2024-03-07,12:30 PM,Other (describe in narrative),0,CHEYENNE,WY,34,2,Day,Cloudy,Main,Freight Train,5,9240,3387,12627,E27C,41.130977,-104.790865,38.9,31,23.7
UP,0415DV013,2015-04-25,1:10 AM,Derailment,0,CHEYENNE,WY,40,4,Dark,Clear,Yard,Freight Train,4,7997,4561,12558,H702,41.126609,-104.821749,49.9,49.1,40.9
UP,0823GP015,2023-08-08,8:43 AM,Derailment,0,CHEYENNE,WY,55,2,Day,Clear,Yard,Freight Train,8,5764,230996,236760,E65C,41.132591,-104.799446,60,61.3,64.9
UP,1118DV002,2018-11-10,11:15 AM,Derailment,0,CHEYENNE,WY,46,2,Day,Cloudy,Yard,Yard/switching,9,93930,40297,391108,H019,41.127812,-104.817008,25.7,35.9,21.4
UP,1118DV002,2018-11-10,11:15 AM,Derailment,0,CHEYENNE,WY,46,2,Day,Cloudy,Yard,Cut of cars,0,256881,0,391108,H019,41.127812,-104.817008,25.7,35.9,21.4
UP,0216DV015,2016-02-20,12:10 AM,Derailment,0,CHEYENNE,WY,40,4,Dark,Cloudy,Yard,Yard/switching,6,22814,14263,37077,H702,41.126609,-104.821749,41.8,43.7,31.9
UP,0420GP011,2020-04-08,11:08 PM,Derailment,0,CHEYENNE,WY,40,4,Dark,Clear,Yard,Yard/switching,8,69988,4184,74172,H303,41.132092,-104.795176,49.4,45.9,39.1
UP,1117DV003,2017-11-15,5:00 PM,Other impacts,0,CHEYENNE,WY,40,3,Dusk,Cloudy,Yard,Cut of cars,0,62332,0,113817,E35C,41.126342,-104.823228,45.3,34.3,47.8
UP,0317DV031,2017-03-17,4:09 AM,Fire/violent rupture,0,CHEYENNE,WY,41,1,Dawn,Clear,Main,Freight Train,23,31465,0,31465,E74L,41.072432,-104.941169,55.6,48.1,55
UP,0516DV005,2016-05-06,3:15 PM,Other (describe in narrative),0,CHEYENNE,WY,65,2,Day,Clear,Main,Freight Train,25,30877,0,30877,E79L,41.114498,-104.859973,60.9,60.7,45.6
UP,0217DV020,2017-02-14,2:53 AM,Derailment,0,CHEYENNE,WY,31,4,Dark,Cloudy,Main,Freight Train,19,11366,22086,33452,M405,41.127786,-104.824079,35.4,32.9,43.4
UP,0616DV007,2016-06-06,1:30 PM,Derailment,0,CHEYENNE,WY,70,2,Day,Clear,Main,Freight Train,21,882918,36835,919753,M405,41.094847,-104.918971,63.1,63.2,63.6
UP,0223GP022,2023-02-11,8:28 PM,Other impacts,0,CHEYENNE,WY,37,4,Dark,Clear,Yard,Yard/switching,3,100,3750,50351,H312,41.128799,-104.812429,27.7,38.7,36.4
UP,0323GP016,2023-03-13,4:15 PM,Derailment,0,CHEYENNE,WY,46,2,Day,Clear,Yard,Freight Train,5,172277,149146,321423,H601,41.123933,-104.834397,26.4,32.5,44.3
UP,1117DV003,2017-11-15,5:00 PM,Other impacts,0,CHEYENNE,WY,40,3,Dusk,Cloudy,Yard,Yard/switching,4,45461,6024,113817,E35C,41.126342,-104.823228,45.3,34.3,47.8
UP,0716DV010,2016-07-16,10:15 AM,Derailment,0,CHEYENNE,WY,80,2,Day,Clear,Yard,Light loco(s),8,1000,18827,19827,H702,41.128157,-104.81791,63.1,72,68.3
UP,0916DV016,2016-09-30,5:45 AM,Fire/violent rupture,0,CHEYENNE,WY,55,1,Dawn,Cloudy,Main,Freight Train,15,21267,0,21267,E73L,41.126674,-104.821529,60.5,58.4,60.3
UP,0620GP031,2020-06-30,8:30 PM,Derailment,0,CHEYENNE,WY,70,4,Dark,Cloudy,Yard,Yard/switching,4,145893,2579,148472,H504,41.123313,-104.836083,74.1,61.6,67.4
UP,1123RM017,2023-11-10,4:30 PM,Derailment,0,CHEYENNE,WY,51,2,Day,Clear,Main,Freight Train,23,442205,100963,543168,E79L,41.090389,-104.983086,31.2,34.2,41.6
UP,0321GP043,2021-03-28,3:25 PM,Derailment,0,CHEYENNE,WY,55,2,Day,Cloudy,Yard,Freight Train,6,126018,75000,201018,H503,41.125324,-104.827068,34.1,44.4,47.8
UP,0518DV017,2018-05-22,7:05 AM,Derailment,0,CHEYENNE,WY,52,2,Day,Clear,Yard,Freight Train,2,31048,12155,43203,H704,41.12755,-104.816905,55.1,58.3,59
UP,0218DV018,2018-02-12,1:40 AM,Other (describe in narrative),0,CHEYENNE,WY,6,4,Dark,Clear,Yard,Cut of cars,0,18212,0,18212,M201,41.128159,-104.816163,23.7,11.9,34.7
UP,0221GP028,2021-02-21,8:08 AM,Derailment,0,CHEYENNE,WY,21,2,Day,Clear,Yard,Yard/switching,8,31831,72000,103831,H019,41.126956,-104.821494,32,27.7,39.1
UP,0420RM020,2020-04-09,8:34 AM,Fire/violent rupture,0,CHEYENNE,WY,28,2,Day,Clear,Main,Freight Train,38,326281,0,326281,E72L,41.095133,-104.1695,45.9,39.1,52.5
UP,0223GP022,2023-02-11,8:28 PM,Other impacts,0,CHEYENNE,WY,37,4,Dark,Clear,Yard,Single Car,0,46501,0,50351,H312,41.128799,-104.812429,27.7,38.7,36.4
UP,0118DV019,2018-01-28,4:55 AM,Derailment,0,CHEYENNE,WY,31,4,Dark,Cloudy,Industry,Yard/switching,4,24419,21000,45419,H702,41.126462,-104.791849,28.5,31.6,39.3
UP,0519GP002,2019-05-02,9:40 AM,Derailment,0,CHEYENNE,WY,35,2,Day,Cloudy,Yard,Yard/switching,2,10781,1397,12178,H704,41.127276,-104.818781,34.7,40.9,48.3
UP,0419GP001,2019-04-01,1:30 AM,Other impacts,0,CHEYENNE,WY,29,4,Dark,Clear,Yard,Cut of cars,0,47221,0,74159,H310,41.129217,-104.811686,33.3,36.4,38.1
UP,0419GP001,2019-04-01,1:30 AM,Other impacts,0,CHEYENNE,WY,29,4,Dark,Clear,Yard,Yard/switching,2,20928,6010,74159,H310,41.129217,-104.811686,33.3,36.4,38.1
UP,0618DV025,2018-06-23,1:18 PM,Derailment,0,CHEYENNE,WY,75,2,Day,Cloudy,Yard,Light loco(s),5,500,48832,49332,T110,41.130725,-104.811152,64.9,63.1,55.1
UP,1123GP033,2023-11-28,7:40 AM,Derailment,0,CHEYENNE,WY,31,2,Day,Clear,Yard,Freight Train,5,159,11480,11639,T111,41.13055,-104.808537,26.3,34.9,33.1
UP,0623GP021,2023-06-18,12:05 AM,Derailment,0,CHEYENNE,WY,52,4,Dark,Clear,Yard,Freight Train,6,30513,140436,170949,T110,41.12758,-104.817912,54.9,62.8,69.6
UP,0118DV009,2018-01-17,7:34 PM,Derailment,0,CHEYENNE,WY,26,4,Dark,Clear,Yard,Freight Train,4,221923,5048,226971,T202,41.131803,-104.813719,12.8,29.8,44.5
UP,1218GP018,2018-12-07,2:34 PM,Derailment,0,CHEYENNE,WY,34,2,Day,Cloudy,Yard,Freight Train,6,17183,31440,48623,T206,41.1327,-104.798779,13.6,19.6,28.1
UP,0719GP009,2019-07-11,1:30 PM,Derailment,0,CHEYENNE,WY,90,2,Day,Clear,Yard,Freight Train,4,5125,73826,78951,T102,41.126246,-104.823388,62.5,73.9,69.7
UP,0220GP005,2020-02-04,4:28 AM,Derailment,0,CHEYENNE,WY,10,1,Dawn,Snow,Yard,Yard/switching,2,8026,8480,16506,T111,41.127445,-104.818456,16.4,6.2,11.6
BNSF,PR1119104,2019-11-04,3:03 PM,Derailment,0,CHEYENNE,WY,49,2,Day,Clear,Yard,Freight Train,4,91521,0,91521,T303,41.137693,-104.83319,41.8,36.3,41.3
UP,0419GP003,2019-04-03,6:49 AM,Derailment,0,CHEYENNE,WY,36,1,Dawn,Cloudy,Yard,Freight Train,7,192090,39579,231669,T207,41.124993,-104.828902,38.1,41.4,48
UP,1116DV012,2016-11-22,6:20 AM,Derailment,0,CHEYENNE,WY,30,1,Dawn,Snow,Yard,Freight Train,9,128054,3960,132014,T210,41.130154,-104.809318,47,33.3,31
BNSF,CH0816106,2016-08-11,10:55 AM,Derailment,0,CHICAGO,IL,84,2,Day,Clear,Yard,Freight Train,5,44965,13247,58212,H504,41.810141,-87.714406,82.1,84.1,79.2
NS,153181,2023-05-26,5:45 AM,Side collision,0,CHICAGO,IL,50,1,Dawn,Clear,Yard,Yard/switching,6,0,500,14300,H702,41.707776,-87.573432,54.3,59.2,62
NS,153181,2023-05-26,5:45 AM,Side collision,0,CHICAGO,IL,50,1,Dawn,Clear,Yard,Cut of cars,6,13800,0,14300,H702,41.707776,-87.573432,54.3,59.2,62
NS,132413,2019-01-14,7:06 AM,Other (describe in narrative),0,CHICAGO,IL,24,1,Dawn,Clear,Yard,,0,0,30980,70980,H607,41.820805,-87.673669,29.5,25.4,27.6
NIRC,2018071077,2018-10-18,12:12 PM,Raking collision,0,CHICAGO,IL,50,2,Day,Clear,Yard,Light loco(s),3,5018,5691,10709,H017,41.807902,-87.628965,46.1,46.6,49.9
NIRC,9419001592,2023-06-30,11:15 AM,Hwy-rail crossing,0,CHICAGO,IL,87,2,Day,Cloudy,Main,Commuter Train - Pushing,75,12693,0,12693,M308,41.677452,-87.66662,78.3,80.1,77.1
UP,0518PR024,2018-05-19,9:45 AM,Derailment,0,CHICAGO,IL,65,2,Day,Cloudy,Yard,Yard/switching,6,1591,58744,60335,M405,41.863455,-87.684902,58.7,61,49.2
BNSO,BNSO717110,2017-07-24,9:15 AM,Derailment,0,CHICAGO,IL,75,2,Day,Clear,Yard,Light loco(s),8,9000,0,108500,H310,41.868741,-87.637724,78.4,70.3,73.3
NS,128025,2018-01-06,11:30 AM,Derailment,0,CHICAGO,IL,10,2,Day,Cloudy,Yard,Yard/switching,5,9700,4000,13700,M405,41.756058,-87.687298,5.1,7.2,22.7
BNSF,CH0219114,2019-02-16,10:23 AM,Side collision,0,CHICAGO,IL,15,2,Day,Snow,Yard,Yard/switching,2,27079,0,47079,H306,41.823775,-87.714326,18.4,23.1,26.7
NIRC,2017070529,2017-12-27,10:40 AM,Obstruction,0,CHICAGO,IL,5,2,Day,Clear,Yard,EMU,0,21368,0,21368,H311,41.669916,-87.616194,2,2.1,9
CSX,000213930,2023-10-07,2:00 AM,Derailment,0,CHICAGO,IL,48,4,Dark,Clear,Yard,Freight Train,5,18830,0,20330,T220,41.676423,-87.738642,53.3,51.4,50.4
NS,122792,2016-11-17,9:00 PM,Derailment,0,CHICAGO,IL,45,4,Dark,Clear,Yard,Freight Train,2,1156,12659,13815,H702,41.795105,-87.635349,49,60.8,57.4
NS,122811,2016-11-18,4:34 AM,Derailment,0,CHICAGO,IL,45,1,Dawn,Clear,Yard,Freight Train,2,143500,42513,186013,H704,41.795105,-87.635349,60.8,57.4,36
NS,130220,2018-07-16,9:43 AM,Derailment,0,CHICAGO,IL,80,2,Day,Clear,Main,Freight Train,7,20313,0,72154,H508,41.72371,-87.552195,81.5,82.3,75.2
BNSO,BNSO101810,2018-10-18,2:30 PM,Raking collision,0,CHICAGO,IL,50,2,Day,Clear,Yard,Light loco(s),5,20000,0,30000,H307,41.862885,-87.638323,46.1,46.6,49.9
NIRC,9419001507,2023-05-09,6:40 AM,Other impacts,0,CHICAGO,IL,48,1,Dawn,Clear,Yard,Light loco(s),5,0,35593,35593,H306,41.89394,-87.69834,54.7,58.8,64.4
NICD,N1900001,2019-01-06,2:10 PM,Other (describe in narrative),0,CHICAGO,IL,32,2,Day,Cloudy,Main,Passenger Train - Pulling,50,18515,4884,23399,E78L,41.658198,-87.565368,40.8,38.8,46.3
CRL,CRL182306,2018-11-14,3:20 PM,Derailment,0,CHICAGO,IL,30,2,Day,Clear,Yard,Freight Train,4,18439,0,18439,E07C,41.686993,-87.557875,24.1,26.9,31.9
CSX,000175482,2018-03-27,5:30 AM,Derailment,0,CHICAGO,IL,40,1,Dawn,Cloudy,Main,Freight Train,15,1300,0,3575,E62C,41.606764,-87.612273,42.7,49,45.2
NS,129689,2018-06-02,4:50 PM,Derailment,0,CHICAGO,IL,63,3,Dusk,Clear,Yard,Cut of cars,5,11428,41662,53090,H303,41.753678,-87.693584,66.4,61.5,67.8
BNSF,CH0219104,2019-02-03,8:35 PM,Derailment,0,CHICAGO,IL,20,3,Dusk,Clear,Yard,Yard/switching,8,16478,3500,19978,T221,41.812309,-87.713179,31.3,43.4,44.6
BNSO,BNSO717110,2017-07-24,9:15 AM,Derailment,0,CHICAGO,IL,75,2,Day,Clear,Yard,Passenger Train - Pulling,0,95000,0,108500,H310,41.868741,-87.637724,78.4,70.3,73.3
NS,129187,2018-04-18,10:00 PM,Other impacts,0,CHICAGO,IL,72,4,Dark,Cloudy,Yard,Yard/switching,3,24000,0,24000,H318,41.700227,-87.566652,35.3,34.4,42.5
NS,122012,2016-09-10,2:00 AM,Derailment,0,CHICAGO,IL,70,4,Dark,Cloudy,Yard,Freight Train,3,9276,8551,17827,H702,41.795105,-87.635349,73.7,68.9,66.4
BNSF,CH1018110,2018-10-18,2:30 PM,Raking collision,0,CHICAGO,IL,50,2,Day,Clear,Yard,Light loco(s),0,10000,0,30000,H307,41.862885,-87.638323,46.1,46.6,49.9
BRC,14166,2018-03-27,5:30 AM,Derailment,0,CHICAGO,IL,50,1,Dawn,Rain,Main,,0,0,2275,3575,E62C,41.606764,-87.612273,42.7,49,45.2
CSS,CSS624181,2018-06-24,2:25 PM,Derailment,0,CHICAGO,IL,80,2,Day,Clear,Yard,Freight Train,8,8980,0,12180,M405,41.723325,-87.561378,70.2,72,70.9
NS,129341,2018-05-02,6:00 PM,Derailment,0,CHICAGO,IL,72,3,Dusk,Rain,Yard,Cut of cars,0,76950,730,77680,M105,41.796536,-87.635029,73.1,75.2,63.2
BRC,14145,2018-07-16,9:43 AM,Derailment,0,CHICAGO,IL,85,2,Day,Clear,Main,,0,0,51841,72154,H518,41.72371,-87.552195,81.5,82.3,75.2
NIRC,MRK009,2017-02-08,9:05 AM,Derailment,0,CHICAGO,IL,30,2,Day,Cloudy,Yard,Light loco(s),5,17311,55893,73204,H399,41.8936,-87.698,43.4,28.1,19
NS,153561,2023-07-07,12:30 AM,Other (describe in narrative),0,CHICAGO,IL,70,4,Dark,Clear,Yard,Light loco(s),5,17863,17788,35651,H702,41.795347,-87.635317,73.3,72.2,68.9
BNSF,CH0424110,2024-04-25,2:38 PM,Derailment,0,CHICAGO,IL,50,2,Day,Cloudy,Yard,Yard/switching,5,71736,50000,121736,M503,41.859873,-87.666963,41.4,45.8,52.2
BNSF,CH0624106,2024-06-22,11:31 PM,Raking collision,0,CHICAGO,IL,75,4,Dark,Clear,Main,Freight Train,13,4875,570,311460,H996,41.845585,-87.73885,81,84.3,75.3
NS,153665,2023-07-19,1:05 AM,Derailment,0,CHICAGO,IL,62,4,Dark,Clear,Yard,Yard/switching,4,12373,2374,14747,H303,41.694382,-87.564355,71.3,74.7,78.5
ATK,177120,2023-11-09,5:24 PM,Raking collision,0,CHICAGO,IL,60,3,Dusk,Clear,Main,Passenger Train - Pulling,15,12000,6500,18500,H999,41.87131,-87.6377,51.9,49.1,42
BRC,14781,2024-06-22,11:31 PM,Raking collision,0,CHICAGO,IL,75,4,Dark,Clear,Main,Freight Train,13,4875,150570,311460,H996,41.845585,-87.73885,81,84.3,75.3
BNSF,CH1223109,2023-12-17,9:24 AM,Derailment,0,CHICAGO,IL,45,2,Day,Clear,Yard,Yard/switching,0,500,30600,83115,H306,41.811737,-87.715909,44.3,42.3,30.5
NS,156026,2024-03-13,5:55 AM,Other (describe in narrative),0,CHICAGO,IL,40,1,Dawn,Clear,Yard,Light loco(s),5,180299,500,180799,H704,41.707776,-87.573432,59.9,57,50.6