reportingrailroadcode,accidentnumber,date,time,accidenttype,hazmatreleasedcars,station,stateabbr,temperature,visibility_code,visibility,weathercondition,tracktype,equipmenttype,trainspeed,equipmentdamagecost,trackdamagecost,totaldamagecost,primaryaccidentcausecode,latitude,longitude,prior_temp,actual_temp,following_temp
NS,155960,2024-03-07,3:20 AM,Other (describe in narrative),0,CHICAGO,IL,38,4,Dark,Cloudy,Yard,Yard/switching,5,1800,0,1800,H702,41.820802,-87.67371,42.7,43.3,44.4
NIRC,9419000636,2022-01-21,6:35 AM,Hwy-rail crossing,0,CHICAGO,IL,6,4,Dark,Cloudy,Main,Commuter Train - Pushing,70,30000,0,30000,M308,41.68935,-87.66218,13.7,18.3,25.2
NIRC,9419002215,2024-07-06,1:55 PM,Hwy-rail crossing,0,CHICAGO,IL,78,2,Day,Clear,Main,Commuter Train - Pushing,20,13681,0,13681,M308,41.73027,-87.66638,76,73.2,74.2
BRC,14781,2024-06-22,11:31 PM,Raking collision,0,CHICAGO,IL,75,4,Dark,Clear,Main,,0,0,150570,311460,H996,41.845585,-87.73885,81,84.3,75.3
BNSF,CH1223109,2023-12-17,9:24 AM,Derailment,0,CHICAGO,IL,45,2,Day,Clear,Yard,Freight Train,3,154,51861,83115,H306,41.811737,-87.715909,44.3,42.3,30.5
ATK,153159,2018-05-08,11:12 PM,Derailment,0,CHICAGO,IL,66,4,Dark,Clear,Yard,Light loco(s),13,18037,0,18037,H704,41.878195,-87.638443,61.9,70.2,71
NIRC,9419001236,2022-12-23,11:01 AM,Other impacts,0,CHICAGO,IL,-3,2,Day,Cloudy,Main,EMU,15,19029,2408,21437,E78L,41.74464,-87.59864,20.8,-4.3,6.2
NIRC,9419001189,2022-12-04,1:30 PM,Hwy-rail crossing,0,CHICAGO,IL,50,2,Day,Clear,Main,Commuter Train - Pushing,25,12557,0,12557,M302,41.73119,-87.66537,30.2,29.2,36.5
BNSF,CH0617118,2017-06-29,2:31 AM,Derailment,0,CHICAGO,IL,75,4,Dark,Cloudy,Yard,Yard/switching,7,32011,0,32011,H310,41.818678,-87.716981,69.9,74.4,74.3
NS,137954,2020-05-14,5:15 PM,Other impacts,0,CHICAGO,IL,65,3,Dusk,Clear,Yard,Light loco(s),4,4379,0,58582,H302,41.710121,-87.575543,56.5,62.1,66.7
BRC,14794,2024-08-15,7:41 AM,Rear end collision,0,CHICAGO,IL,69,1,Dawn,Cloudy,Main,Spec. MoW Equip.,6,12248,0,12248,H402,41.80571,-87.73823,76.8,73.2,76.4
BRC,14129,2018-06-24,2:25 PM,Derailment,0,CHICAGO,IL,80,2,Day,Clear,Yard,,0,0,3200,12180,M405,41.723325,-87.561378,70.2,72,70.9
NIRC,9419001418,2023-03-29,9:25 AM,Obstruction,0,CHICAGO,IL,39,2,Day,Cloudy,Main,Commuter Train - Pushing,25,23347,0,23347,M404,41.67751,-87.66652,40.5,37.4,40.6
UP,0417PR014,2017-04-12,12:53 AM,Fire/violent rupture,0,CHICAGO,IL,40,4,Dark,Clear,Main,Freight Train,20,91282,0,91282,E79L,41.887898,-87.733758,48,47.7,50.7
NIRC,9419001225,2022-12-27,9:00 PM,Obstruction,0,CHICAGO,IL,25,4,Dark,Clear,Main,EMU,21,4342,23086,27428,M404,41.766068,-87.58594,17.9,17.2,36.6
NS,137954,2020-05-14,5:15 PM,Other impacts,0,CHICAGO,IL,65,3,Dusk,Clear,Yard,Freight Train,0,53991,212,58582,H302,41.710121,-87.575543,56.5,62.1,66.7
NS,144894,2022-04-05,2:00 AM,Derailment,0,CHICAGO,IL,42,4,Dark,Clear,Yard,Yard/switching,7,16618,3035,19653,H702,41.772762,-87.617003,46.5,46.4,52
BNSF,CH0118109,2018-01-13,2:00 AM,Derailment,0,CHICAGO,IL,10,4,Dark,Clear,Yard,Light loco(s),5,30500,1200,31700,H306,41.819465,-87.71808,21.3,12.1,14.2
ATK,151952,2018-02-12,8:30 PM,Derailment,0,CHICAGO,IL,25,4,Dark,Snow,Yard,Light loco(s),4,46818,0,46818,H303,41.863228,-87.636452,20,17,25.1
NS,124545,2017-03-31,5:45 AM,Other impacts,0,CHICAGO,IL,35,1,Dawn,Rain,Industry,Freight Train,4,11000,0,11000,H306,41.820805,-87.673669,42.8,39.1,45.6
NIRC,9419000620,2022-01-13,5:33 PM,Hwy-rail crossing,0,CHICAGO,IL,37,4,Dark,Clear,Main,Commuter Train - Pushing,35,19229,0,19229,M308,41.68935,-87.66218,37.2,37,32.9
ATK,171629,2022-08-04,5:25 PM,Derailment,0,CHICAGO,IL,80,4,Dark,Clear,Main,,0,0,41452,41588,E4BC,41.878195,-87.638444,82.2,77.5,79.9
NIRC,9419000598,2021-12-22,7:07 AM,Other impacts,0,CHICAGO,IL,31,1,Dawn,Cloudy,Main,,0,0,14884,21262,E78L,41.85695,-87.61763,33.9,26.6,37.9
NS,143464,2021-11-14,11:05 PM,Other impacts,0,CHICAGO,IL,34,4,Dark,Clear,Yard,Single Car,0,7653,0,12965,H312,41.694381,-87.564354,37.8,36,33.4
NIRC,9419001248,2023-01-09,7:25 AM,Hwy-rail crossing,0,CHICAGO,IL,26,1,Dawn,Cloudy,Main,Commuter Train - Pushing,65,13230,9393,22623,M308,41.68479,-87.663826,30.3,34.1,41.3
BNSF,CH1021114,2021-10-22,9:30 PM,Derailment,0,CHICAGO,IL,61,4,Dark,Cloudy,Yard,Yard/switching,6,11500,10000,21500,H307,41.857813,-87.683973,54.2,49.3,47.8
NIRC,9419000913,2022-07-09,8:00 PM,Other impacts,0,CHICAGO,IL,79,3,Dusk,Clear,Main,Spec. MoW Equip.,15,0,21366,21366,E99C,41.77401,-87.59203,75.7,73,76.1
CSX,000154702,2015-11-25,2:15 PM,Derailment,0,CHICAGO,IL,45,2,Day,Cloudy,Yard,Freight Train,3,66457,0,93437,H525,41.76175,-87.741168,34.9,45.5,55.8
NICD,N2100030,2021-12-22,7:07 AM,Other impacts,0,CHICAGO,IL,31,1,Dawn,Cloudy,Main,Commuter Train - Pulling,20,6378,0,21262,E78L,41.85695,-87.61763,33.9,26.6,37.9
NIRC,9419000503,2021-10-15,5:52 AM,Other (describe in narrative),0,CHICAGO,IL,60,4,Dark,Clear,Main,EMU,35,18276,0,18276,H019,41.699532,-87.608975,66.4,57.6,52.6
NS,143464,2021-11-14,11:05 PM,Other impacts,0,CHICAGO,IL,34,4,Dark,Clear,Yard,Single Car,1,5012,300,12965,H312,41.694381,-87.564354,37.8,36,33.4
NIRC,MEI083,2015-07-25,8:32 PM,Other (describe in narrative),0,CHICAGO,IL,80,4,Dark,Clear,Main,EMU,15,32092,12777,44869,M599,41.767792,-87.591538,78.3,79.9,76.2
NS,144371,2022-02-13,2:30 PM,Other (describe in narrative),0,CHICAGO,IL,17,2,Day,Clear,Yard,Yard/switching,0,20563,18613,173298,H702,41.694381,-87.564354,19.5,16,20.6
BNSF,CH0917111,2017-09-22,7:40 AM,Derailment,0,CHICAGO,IL,90,1,Dawn,Clear,Yard,Yard/switching,8,16816,800,17866,H307,41.824565,-87.722356,83.6,84.5,83.3
NIRC,2017070361,2017-10-11,7:14 AM,Hwy-rail crossing,0,CHICAGO,IL,58,1,Dawn,Rain,Main,EMU,30,17713,0,17713,M308,41.765888,-87.584907,62.2,58.7,58.3
NS,137177,2020-02-14,7:20 AM,Hwy-rail crossing,0,CHICAGO,IL,1,1,Dawn,Clear,Industry,Freight Train,3,18000,0,18000,M308,41.808907,-87.655264,18.2,6,23.5
BNSF,CH0717110,2017-07-24,9:15 AM,Derailment,0,CHICAGO,IL,75,2,Day,Clear,Yard,,0,0,4500,108500,H310,41.868741,-87.637724,78.4,70.3,73.3
NIRC,2018070550,2018-02-08,6:20 PM,Other impacts,0,CHICAGO,IL,12,3,Dusk,Cloudy,Main,Commuter Train - Pushing,10,13887,0,13887,M402,41.922943,-87.80482,16.8,15.5,25.2
BRC,14242,2019-03-07,4:00 AM,Derailment,0,CHICAGO,IL,18,4,Dark,Clear,Yard,Yard/switching,5,1323,18900,20223,H702,41.767455,-87.741376,20.5,23,30.8
NS,140554,2021-02-10,6:25 AM,Derailment,0,CHICAGO,IL,6,1,Dawn,Clear,Main,Freight Train,4,403274,4652,582926,H522,41.713555,-87.534642,9.5,12.1,15
CSX,000150787,2015-08-17,3:30 PM,Derailment,0,CHICAGO,IL,81,2,Day,Cloudy,Yard,Yard/switching,10,23192,1000,24192,H306,41.793943,-87.67969,81,79.1,74.8
ATK,165591,2020-10-13,8:30 PM,Derailment,0,CHICAGO,IL,56,4,Dark,Clear,Yard,Light loco(s),2,14384,0,14384,H702,41.863695,-87.636188,59.8,57.7,62.2
BNSF,CH0818123,2018-08-30,5:51 AM,Derailment,0,CHICAGO,IL,67,1,Dawn,Clear,Yard,Freight Train,1,8773,66600,76714,H503,41.813887,-87.716841,70.6,67.6,73.3
BNSF,CH0522116,2022-05-31,9:05 PM,Side collision,0,CHICAGO,IL,80,4,Dark,Clear,Yard,Light loco(s),5,5000,0,13000,H307,41.809785,-87.714728,81.4,82.1,69.7
BNSF,CH0818123,2018-08-30,5:51 AM,Derailment,0,CHICAGO,IL,67,1,Dawn,Clear,Yard,Cut of cars,0,1341,0,76714,H503,41.813887,-87.716841,70.6,67.6,73.3
NIRC,2021072026,2021-01-07,12:38 PM,Other (describe in narrative),0,CHICAGO,IL,38,2,Day,Cloudy,Yard,Single Car,5,19000,0,19000,H305,41.670021,-87.616323,34.4,36.6,33.8
BNSF,CH0522116,2022-05-31,9:05 PM,Side collision,0,CHICAGO,IL,80,4,Dark,Clear,Yard,Cut of cars,0,8000,0,13000,H307,41.809785,-87.714728,81.4,82.1,69.7
BNSF,CH0918101,2018-09-02,2:07 PM,Derailment,0,CHICAGO,IL,80,2,Day,Clear,Yard,Freight Train,10,17986,0,17986,H503,41.811856,-87.716726,77.5,81.7,76.3
NIRC,2020071848,2020-03-10,9:17 PM,Hwy-rail crossing,0,CHICAGO,IL,35,4,Dark,Clear,Main,EMU,30,16474,9175,25649,M308,41.766202,-87.57261,53.8,40.9,40.2
NIRC,2020072020,2020-12-17,5:11 PM,Other (describe in narrative),0,CHICAGO,IL,28,4,Dark,Clear,Main,EMU,5,18926,6193,25119,E78L,41.884375,-87.624735,31.7,33,31
BRC,14752,2024-02-28,12:23 AM,Derailment,0,CHICAGO,IL,23,4,Dark,Cloudy,Yard,Yard/switching,7,15464,0,15464,T221,41.76758,-87.74278,62.8,32,32.5
NS,137193,2020-02-16,6:45 AM,Other impacts,0,CHICAGO,IL,23,1,Dawn,Cloudy,Industry,Freight Train,3,35000,0,35000,H302,41.82222,-87.654618,23.5,30.2,35.3
NIRC,MRI108,2015-12-23,9:15 AM,Derailment,0,CHICAGO,IL,0,2,Day,Rain,Yard,Light loco(s),3,15000,0,15000,H303,41.893915,-87.696867,39.2,53,40
NIRC,2020071966,2020-09-14,6:58 AM,Other (describe in narrative),0,CHICAGO,IL,65,1,Dawn,Cloudy,Main,EMU,65,15534,1953,17487,M404,41.75873,-87.589571,67,65.6,68.5
UP,0516PR013,2016-05-14,3:15 AM,Derailment,0,CHICAGO,IL,45,4,Dark,Cloudy,Yard,Yard/switching,3,258,18238,18496,H303,41.862673,-87.675254,57.8,45.3,47.7
NIRC,9419001953,2024-01-16,6:42 AM,Hwy-rail crossing,0,CHICAGO,IL,-5,1,Dawn,Cloudy,Main,Commuter Train - Pushing,63,20671,0,20671,M308,41.69214,-87.66113,-3.8,0.7,12.4
BRC,14410,2021-01-07,3:55 PM,Derailment,0,CHICAGO,IL,35,2,Day,Clear,Yard,,0,0,25000,41040,H702,41.762462,-87.726247,34.4,36.6,33.8
NS,136165,2019-11-12,5:15 AM,Other (describe in narrative),0,CHICAGO,IL,11,1,Dawn,Clear,Yard,Freight Train,6,9004,4179,13183,M101,41.702707,-87.568866,25.3,13.4,20
BNSF,CH0721116,2021-07-28,10:14 AM,Derailment,0,CHICAGO,IL,90,2,Day,Clear,Yard,Yard/switching,4,7000,6000,13000,H306,41.820392,-87.715618,80.5,82.2,79.5
BNSO,CH1115105,2015-11-13,8:32 AM,Derailment,0,CHICAGO,IL,47,1,Dawn,Clear,Yard,Light loco(s),5,50000,0,180500,H307,41.871897,-87.638174,46.7,41.4,44.2
NS,121560,2016-08-04,10:30 PM,Derailment,0,CHICAGO,IL,78,4,Dark,Clear,Yard,Freight Train,5,60000,38552,98552,H702,41.772867,-87.617149,81.4,83.1,78.5
UP,0719PR034,2019-07-25,5:45 PM,Derailment,0,CHICAGO,IL,84,2,Day,Clear,Yard,Freight Train,3,159,0,17446,H306,41.820727,-87.670097,72,74.9,76.9
IC,1068735,2021-04-28,1:25 PM,Derailment,0,CHICAGO,IL,48,2,Day,Rain,Yard,Yard/switching,3,31160,1493,32653,H317,41.812142,-87.75754,72.5,49.2,54.2
CSX,000161397,2016-07-17,1:20 AM,Derailment,0,CHICAGO,IL,78,4,Dark,Clear,Industry,Yard/switching,1,37106,125254,470393,S006,41.779543,-87.679338,69.5,74.8,78.4
UP,0820PR012,2020-08-20,11:55 PM,Other impacts,0,CHICAGO,IL,74,4,Dark,Cloudy,Yard,Freight Train,6,9187,99,14134,H307,41.86178,-87.682363,71.8,74.8,76.9
UP,0820PR012,2020-08-20,11:55 PM,Other impacts,0,CHICAGO,IL,74,4,Dark,Cloudy,Yard,Yard/switching,0,4848,0,14134,H307,41.86178,-87.682336,71.8,74.8,76.9
NS,136148,2019-11-10,6:27 PM,Other (describe in narrative),0,CHICAGO,IL,72,3,Dusk,Cloudy,Yard,Freight Train,6,0,27372,27372,H306,41.757648,-87.668042,38.1,40.5,25.3
IC,1057268,2020-12-21,1:30 PM,Other impacts,0,CHICAGO,IL,45,2,Day,Cloudy,Yard,Single Car,3,25600,0,51050,H318,41.808823,-87.765876,36.2,38.9,37.5
IC,878641,2016-02-05,8:30 AM,Derailment,0,CHICAGO,IL,30,2,Day,Snow,Yard,Yard/switching,5,17820,5838,23658,T220,41.916522,-87.781001,27.2,30,33
NICD,N2260004,2022-02-13,11:15 PM,Other impacts,0,CHICAGO,IL,16,4,Dark,Cloudy,Main,Commuter Train - Pulling,65,0,0,39710,M599,41.80062,-87.58709,19.5,16,20.6
BNSO,CH0124118,2024-01-15,5:02 PM,Derailment,0,CHICAGO,IL,2,3,Dusk,Clear,Main,Commuter Train - Pulling,5,2200,0,15366,H221,41.876038,-87.639474,-5.7,-3.8,0.7
BRC,14328,2019-12-26,1:30 PM,Raking collision,0,CHICAGO,IL,50,2,Day,Clear,Industry,Yard/switching,0,14816,0,29632,H302,41.837659,-87.73864,49.9,53.8,35.1
NS,131247,2018-10-08,9:30 PM,Derailment,0,CHICAGO,IL,72,4,Dark,Clear,Yard,Yard/switching,5,7762,3005,10767,M404,0,0,59.4,73.7,77.1
ATK,178030,2024-01-15,5:02 PM,Derailment,0,CHICAGO,IL,2,3,Dusk,Clear,Main,,0,0,13166,15366,H221,41.876038,-87.639474,-5.7,-3.8,0.7
BNSF,CH0520108,2020-05-24,8:15 AM,Derailment,0,CHICAGO,IL,72,1,Dawn,Clear,Yard,Light loco(s),5,36000,5000,41000,H704,41.819843,-87.71774,67.1,76.3,77.6
BNSO,CH1115105,2015-11-13,8:32 AM,Derailment,0,CHICAGO,IL,47,1,Dawn,Clear,Yard,Passenger Train - Pulling,0,130000,0,180500,H307,41.871897,-87.638174,46.7,41.4,44.2
CSX,000155493,2015-12-25,12:38 PM,Derailment,0,CHICAGO,IL,43,2,Day,Cloudy,Yard,Freight Train,5,15279,0,16179,H702,41.760341,-87.71559,40,39.3,42.2
CSX,000161397,2016-07-17,1:20 AM,Derailment,0,CHICAGO,IL,78,4,Dark,Clear,Industry,Cut of cars,0,308033,0,470393,S006,41.779543,-87.679338,69.5,74.8,78.4
UPME,0218CM015,2018-02-19,1:10 PM,Hwy-rail crossing,0,CHICAGO,IL,53,2,Day,Cloudy,Main,Passenger Train - Pushing,55,26660,66,26726,M308,41.985252,-87.78767,30.4,48.3,54.3
CSX,000197900,2021-05-30,11:07 AM,Derailment,0,CHICAGO,IL,72,2,Day,Clear,Yard,Freight Train,7,36569,14935,51504,E4BC,41.78679,-87.680089,53.2,57.4,63.1
NIRC,9419000697,2022-02-13,11:15 PM,Other impacts,0,CHICAGO,IL,14,4,Dark,Cloudy,Main,,0,0,39710,39710,M599,41.80062,-87.58709,19.5,16,20.6
ATK,166949,2021-04-29,12:02 PM,Derailment,0,CHICAGO,IL,54,2,Day,Clear,Yard,Yard/switching,7,10400,3028,13428,H702,41.86248,-87.63605,49.2,54.2,50.1
BNSF,CH0216115,2016-02-29,11:53 PM,Other (describe in narrative),0,CHICAGO,IL,38,4,Dark,Clear,Main,,0,0,35000,35000,H404,41.860406,-87.641066,51.4,38.6,26.6
NIRC,9419000800,2022-04-26,11:26 AM,Derailment,0,CHICAGO,IL,50,2,Day,Clear,Yard,Yard/switching,4,41635,13314,54949,T222,41.805675,-87.62938,51.3,43.7,38.7
IC,1057268,2020-12-21,1:30 PM,Other impacts,0,CHICAGO,IL,45,2,Day,Cloudy,Yard,Single Car,3,25450,0,51050,H318,41.808823,-87.765876,36.2,38.9,37.5
UP,0216PR022,2016-02-29,11:53 PM,Other (describe in narrative),0,CHICAGO,IL,28,4,Dark,Cloudy,Main,Light loco(s),10,0,0,35000,H702,41.860406,-87.641066,51.4,38.6,26.6
NIRC,2020071798,2020-01-21,5:38 PM,Hwy-rail crossing,0,CHICAGO,IL,29,4,Dark,Cloudy,Main,Commuter Train - Pulling,30,38517,0,38517,M303,41.9976,-87.764446,23.9,23.7,29.5
BNSF,CH0816111,2016-08-16,3:40 AM,Derailment,0,CHICAGO,IL,78,4,Dark,Rain,Yard,Freight Train,4,20250,0,20250,H504,41.816872,-87.716573,74.1,77.7,78.6
UP,0321PR010,2021-03-17,12:45 PM,Other impacts,0,CHICAGO,IL,39,2,Day,Cloudy,Yard,Light loco(s),3,2984,0,12116,H607,41.767983,-87.777623,35.4,36.6,39
ATK,144553,2016-10-03,12:55 AM,Derailment,0,CHICAGO,IL,59,4,Dark,Clear,Yard,Light loco(s),2,41700,0,41700,H220,41.866599,-87.635862,61.4,63.1,67
NIRC,9419002084,2024-03-25,3:23 AM,Other impacts,0,CHICAGO,IL,46,4,Dark,Clear,Yard,EMU,3,15706,5146,20852,H307,41.88437,-87.62377,40.7,54.7,47.8
BNSF,CH0416103,2016-04-11,7:54 PM,Derailment,0,CHICAGO,IL,39,3,Dusk,Clear,Main,Freight Train,5,25875,86158,112033,H504,41.843907,-87.748451,41.4,48,39.6
NIRC,9419000785,2022-04-19,10:36 AM,Other impacts,0,CHICAGO,IL,40,2,Day,Cloudy,Yard,Yard/switching,5,13455,2702,16157,H999,41.89253,-87.69494,37.8,42.6,48.2
NS,120306,2016-04-29,1:45 AM,Derailment,0,CHICAGO,IL,62,4,Dark,Rain,Yard,Yard/switching,4,147500,500,148000,H514,41.795348,-87.635316,46.4,45.7,46.3
UP,0720PR015,2020-07-14,4:35 PM,Derailment,0,CHICAGO,IL,84,2,Day,Cloudy,Yard,Yard/switching,10,35453,99,35552,H307,41.860743,-87.684427,73.5,77.2,77.7
NIRC,9419000691,2022-02-12,9:45 AM,Hwy-rail crossing,0,CHICAGO,IL,15,2,Day,Clear,Main,EMU,25,17075,3677,20752,M304,41.75731,-87.55818,37.5,19.5,16
NIRC,2019071757,2019-12-05,5:02 PM,Other (describe in narrative),0,CHICAGO,IL,38,3,Dusk,Cloudy,Main,EMU,50,23644,2601,26245,E78L,41.682232,-87.612899,37.4,38,36.1
NICD,N1600018,2016-07-28,2:59 PM,Other (describe in narrative),0,CHICAGO,IL,82,2,Day,Rain,Main,Passenger Train - Pulling,55,67605,8378,75983,M199,41.658223,-87.560496,80.7,76.6,74.3
ATK,150696,2017-11-28,10:50 PM,Derailment,0,CHICAGO,IL,37,4,Dark,Clear,Main,,0,0,240557,336481,E69C,41.8786,-87.6394,47.3,54.9,42.2
NIRC,2017070455,2017-11-09,12:01 PM,Obstruction,0,CHICAGO,IL,38,2,Day,Clear,Main,EMU,20,40000,0,40000,M404,41.766037,-87.566536,37.6,36.5,24.8
BNSF,CH0917111,2017-09-22,7:40 AM,Derailment,0,CHICAGO,IL,90,1,Dawn,Clear,Yard,Cut of cars,0,250,0,17866,H307,41.824565,-87.722356,83.6,84.5,83.3
BNSO,BNSO101910,2019-10-20,12:30 PM,Derailment,0,CHICAGO,IL,59,2,Day,Cloudy,Yard,Passenger Train - Pulling,10,10000,0,20000,H703,41.86838,-87.637716,57,54.7,58.5
NICD,N1600031,2016-12-19,6:30 AM,Other (describe in narrative),0,CHICAGO,IL,16,4,Dark,Clear,Main,Passenger Train - Pulling,60,47474,0,53061,M599,41.809522,-87.591007,7.5,5.1,23.3
UP,0819PR004,2019-08-01,10:34 AM,Other (describe in narrative),0,CHICAGO,IL,74,2,Day,Clear,Yard,Single Car,0,33246,33,33279,E21C,41.923762,-87.914768,69.3,70.8,73.8
NS,130660,2018-08-21,4:10 AM,Other impacts,0,CHICAGO,IL,70,1,Dawn,Rain,Yard,Yard/switching,4,76187,0,84978,H306,41.820356,-87.679311,74.7,72.6,70.2
BNSF,CH0620101,2020-06-03,11:10 PM,Derailment,0,CHICAGO,IL,60,4,Dark,Clear,Yard,Freight Train,8,25011,0,115011,H307,41.768046,-87.764674,80.6,76.4,77.7
UPME,1017CM001,2017-10-04,4:33 PM,Hwy-rail crossing,0,CHICAGO,IL,73,2,Day,Cloudy,Main,Commuter Train - Pulling,60,1000,12947,13947,M303,41.985252,-87.78767,72.1,69.6,65.5
NS,142470,2021-08-08,2:30 PM,Derailment,0,CHICAGO,IL,85,2,Day,Clear,Yard,Light loco(s),6,22903,756,23659,H704,41.795347,-87.635316,78.4,80.9,75.9
NS,129831,2018-06-15,8:09 AM,Derailment,0,CHICAGO,IL,79,2,Day,Clear,Yard,Freight Train,6,18598,100,18698,H513,41.781807,-87.632031,72.8,77.8,82.1
NIRC,9419000384,2021-08-05,11:06 AM,Derailment,0,CHICAGO,IL,84,2,Day,Clear,Main,Spec. MoW Equip.,5,781,15749,16530,H701,41.67414,-87.64676,75,77.1,76.6
BRC,14697,2023-10-07,2:00 AM,Derailment,0,CHICAGO,IL,48,4,Dark,Cloudy,Yard,,0,0,1500,20330,T220,41.676423,-87.738642,53.3,51.4,50.4
NS,142017,2021-06-27,6:00 PM,Derailment,0,CHICAGO,IL,72,3,Dusk,Clear,Main,Freight Train,5,23052,236,23288,E69L,41.742639,-87.575119,75.1,77,73.1
ATK,166227,2021-01-21,4:40 AM,Derailment,0,CHICAGO,IL,23,4,Dark,Clear,Siding,Passenger Train - Pulling,5,52394,0,52394,H303,41.82622,-87.70406,23.7,35.5,19
UPME,0618CM013,2018-06-27,2:53 PM,Obstruction,0,CHICAGO,IL,74,2,Day,Clear,Yard,Passenger Train - Pushing,2,300,97138,97438,H510,41.88576,-87.640649,73.8,72.8,77.1
CSX,000175250,2018-03-14,11:33 PM,Side collision,0,CHICAGO,IL,38,4,Dark,Clear,Yard,Freight Train,5,51185,0,104907,H306,41.763095,-87.725101,30,34.1,37.9
BRC,14328,2019-12-26,1:30 PM,Raking collision,0,CHICAGO,IL,50,2,Day,Clear,Industry,Cut of cars,0,14816,0,29632,H302,41.837659,-87.73864,49.9,53.8,35.1
NIRC,9419000386,2021-08-05,7:25 PM,Other (describe in narrative),0,CHICAGO,IL,83,3,Dusk,Clear,Yard,EMU,5,19199,2071,21270,H702,41.673211,-87.615135,75,77.1,76.6
NS,134862,2019-07-25,5:45 PM,Derailment,0,CHICAGO,IL,77,2,Day,Clear,Yard,,0,0,17287,17446,H306,41.820727,-87.670097,72,74.9,76.9
NS,126950,2017-10-09,3:33 PM,Derailment,0,CHICAGO,IL,72,2,Day,Clear,Yard,Freight Train,3,3425,8565,11990,H702,41.780205,-87.628943,66.4,66.6,62.2
BNSF,CH0219114,2019-02-16,10:23 AM,Side collision,0,CHICAGO,IL,15,2,Day,Snow,Yard,Light loco(s),2,12000,8000,47079,H306,41.823775,-87.714326,18.4,23.1,26.7
BNSF,CH0715110,2015-07-13,1:37 PM,Derailment,0,CHICAGO,IL,78,2,Day,Cloudy,Yard,Freight Train,3,34543,500,35043,E46L,41.819619,-87.716584,75,77.8,74.4
NS,153724,2023-07-27,3:20 AM,Side collision,0,CHICAGO,IL,73,4,Dark,Fog,Yard,Yard/switching,10,15500,50650,101300,H306,41.694382,-87.564355,81.6,83.3,82.6
CSX,000174599,2018-02-09,12:35 AM,Derailment,0,CHICAGO,IL,23,4,Dark,Snow,Yard,Freight Train,6,5381,5912,11293,M501,41.779543,-87.679338,15.5,25.2,20.1
BNSF,CH0218120,2018-02-28,3:30 AM,Derailment,0,CHICAGO,IL,35,4,Dark,Clear,Yard,Light loco(s),5,6750,10000,16750,H704,41.819484,-87.718063,51.2,48.2,39.2
BNSO,BNSO317121,2017-03-26,1:00 PM,Derailment,0,CHICAGO,IL,60,2,Day,Cloudy,Yard,Commuter Train - Pulling,8,10000,0,10750,H704,41.860583,-87.64081,43.4,53.7,47.6
NS,135769,2019-10-09,1:30 AM,Other (describe in narrative),0,CHICAGO,IL,57,4,Dark,Clear,Yard,Freight Train,3,0,40032,40032,H306,41.795105,-87.635349,59.2,61.1,63.9
NIRC,941000462,2021-09-25,11:10 AM,Hwy-rail crossing,0,CHICAGO,IL,68,2,Day,Clear,Main,Commuter Train - Pushing,77,4500,46042,50542,M302,41.72131,-87.65026,66,61.1,69.4
ATK,146864,2017-03-27,10:38 AM,Derailment,0,CHICAGO,IL,48,2,Day,Rain,Main,Passenger Train - Pulling,13,50782,461768,512550,E40C,41.868783,-87.63754,53.7,47.6,42.8
NS,130660,2018-08-21,4:10 AM,Other impacts,0,CHICAGO,IL,70,1,Dawn,Rain,Yard,Yard/switching,3,3984,4807,84978,H306,41.820356,-87.679311,74.7,72.6,70.2
NS,125387,2017-06-11,4:00 AM,Other (describe in narrative),0,CHICAGO,IL,74,1,Dawn,Cloudy,Yard,Yard/switching,3,30,35743,35773,H702,41.697633,-87.564578,78.5,82.6,84.7
UP,0819PR020,2019-08-14,12:00 PM,Other (describe in narrative),0,CHICAGO,IL,80,2,Day,Cloudy,Yard,Single Car,0,41751,0,41751,E29C,41.899778,-87.907617,75.9,72.8,71.1
BNSF,CH0117103,2017-01-12,7:11 AM,Derailment,0,CHICAGO,IL,15,1,Dawn,Cloudy,Yard,Freight Train,5,18850,136686,155536,E46C,41.774737,-88.245898,33.9,24.9,22.6
NIRC,9419000960,2022-08-04,5:25 PM,Derailment,0,CHICAGO,IL,78,2,Day,Clear,Main,Commuter Train - Pulling,15,136,0,41588,T222,41.878195,-87.638444,82.2,77.5,79.9
NS,153724,2023-07-27,3:20 AM,Side collision,0,CHICAGO,IL,73,4,Dark,Fog,Yard,Freight Train,0,35150,0,101300,H306,41.694382,-87.564355,81.6,83.3,82.6
NS,133247,2019-03-17,10:10 PM,Derailment,0,CHICAGO,IL,34,4,Dark,Clear,Yard,Freight Train,6,24534,6849,31383,M506,41.795105,-87.635349,34.8,36,36.2
CSX,000194860,2021-01-07,3:55 PM,Derailment,0,CHICAGO,IL,36,3,Dusk,Clear,Yard,Freight Train,4,16040,0,41040,H702,41.8222,-87.684043,34.4,36.6,33.8
NS,153838,2023-08-07,2:18 AM,Other (describe in narrative),0,CHICAGO,IL,68,4,Dark,Cloudy,Yard,Light loco(s),5,36699,2000,38699,H702,41.795347,-87.635317,68.8,72.6,73.9
NIRC,MEJ100,2016-11-01,11:51 AM,Hwy-rail crossing,0,CHICAGO,IL,70,2,Day,Clear,Main,EMU,30,1482,19968,21450,M302,41.765884,-87.582504,51.1,68.2,61.7
NS,132794,2019-02-10,7:55 PM,Derailment,0,CHICAGO,IL,25,3,Dusk,Clear,Main,Yard/switching,5,9306,13829,23135,H704,41.820805,-87.673669,15.8,26,30.1