reportingrailroadcode,accidentnumber,date,time,accidenttype,hazmatreleasedcars,station,stateabbr,temperature,visibility_code,visibility,weathercondition,tracktype,equipmenttype,trainspeed,equipmentdamagecost,trackdamagecost,totaldamagecost,primaryaccidentcausecode,latitude,longitude,prior_temp,actual_temp,following_temp
NS,153838,2023-08-07,2:18 AM,Other (describe in narrative),0,CHICAGO,IL,68,4,Dark,Cloudy,Yard,Light loco(s),5,0,0,38699,H702,41.795347,-87.635317,68.8,72.6,73.9
NIRC,9419001184,2022-11-26,10:10 PM,Derailment,0,CHICAGO,IL,46,4,Dark,Cloudy,Main,Commuter Train - Pushing,15,0,0,51612,T222,41.885807,-87.640783,42.5,44.4,42.7
CSX,000191390,2020-07-16,7:45 AM,Derailment,0,CHICAGO,IL,72,1,Dawn,Clear,Yard,Freight Train,8,0,0,18975,H307,41.779543,-87.679338,77.7,74.4,78.8
NS,153691,2023-07-22,1:37 AM,Other (describe in narrative),0,CHICAGO,IL,64,4,Dark,Clear,Yard,Freight Train,4,14460,11955,26415,H702,41.809672,-87.635775,73.4,73.5,74.2
UP,1018PR019,2018-10-15,2:30 PM,Other impacts,0,CHICAGO,IL,52,2,Day,Clear,Yard,Yard/switching,7,1508,0,49136,H306,41.843454,-87.636654,48.1,42.9,45.8
BNSF,CH0317121,2017-03-26,1:00 PM,Derailment,0,CHICAGO,IL,60,2,Day,Cloudy,Yard,,0,0,750,10750,H704,41.860583,-87.64081,43.4,53.7,47.6
NIRC,9419000359,2021-07-17,7:15 AM,Other impacts,0,CHICAGO,IL,78,1,Dawn,Clear,Main,Spec. MoW Equip.,15,150000,0,150000,H997,41.67504,-87.61829,69.7,72,74.3
UP,0915PR014,2015-09-23,5:20 AM,Derailment,0,CHICAGO,IL,68,4,Dark,Clear,Yard,Yard/switching,4,11353,2368,13721,H704,41.863456,-87.685674,67.6,69.4,68.2
NS,113892,2015-01-13,3:30 PM,Derailment,0,CHICAGO,IL,19,2,Day,Clear,Main,Freight Train,3,22000,500,22500,H504,41.820166,-87.664515,22.4,17.5,13.2
NIRC,MEJ121,2016-12-19,6:30 AM,Other (describe in narrative),0,CHICAGO,IL,16,4,Dark,Clear,Main,,0,0,5587,53061,M599,41.8095,-87.591,7.5,5.1,23.3
ATK,151088,2017-12-20,10:59 PM,Derailment,0,CHICAGO,IL,32,4,Dark,Cloudy,Yard,Passenger Train - Pushing,0,14031,0,14031,H307,41.863551,-87.635628,43.3,33,37.1
UP,1018PR019,2018-10-15,2:30 PM,Other impacts,0,CHICAGO,IL,52,2,Day,Clear,Yard,Cut of cars,0,46981,0,49136,H306,41.843454,-87.636654,48.1,42.9,45.8
NS,116699,2015-07-27,7:20 PM,Derailment,0,CHICAGO,IL,80,3,Dusk,Clear,Yard,Yard/switching,8,21605,250,21855,M405,41.802519,-87.634516,76.2,79.5,82.5
NS,151370,2022-11-02,2:45 PM,Other (describe in narrative),0,CHICAGO,IL,70,2,Day,Clear,Yard,Freight Train,3,4427,9393,13820,H702,41.694382,-87.564355,57.2,59.9,64.4
BNSF,CH0617117,2017-06-24,3:55 PM,Derailment,0,CHICAGO,IL,80,2,Day,Clear,Yard,Yard/switching,9,12819,2000,14819,H306,41.810397,-87.715,75.6,68.5,64.3
BRC,14255,2019-05-08,5:00 PM,Derailment,0,CHICAGO,IL,65,2,Day,Clear,Yard,,0,0,27673,72552,H702,41.763838,-87.730599,46.5,56.4,59.6
BNSF,CH1120112,2020-11-27,12:00 PM,Derailment,0,CHICAGO,IL,39,2,Day,Cloudy,Yard,Light loco(s),5,13321,300,13621,H525,41.810079,-87.71323,42.9,40.3,39.2
BNSF,CH0515102,2015-05-03,8:10 PM,Other (describe in narrative),0,CHICAGO,IL,70,3,Dusk,Clear,Main,Freight Train,8,10901,0,10901,H305,41.845592,-87.739119,65.9,68.4,65.3
ATK,173868,2022-11-26,10:10 PM,Derailment,0,CHICAGO,IL,46,4,Dark,Cloudy,Main,,0,0,51612,51612,T222,41.885807,-87.640783,42.5,44.4,42.7
BNSF,CH1115105,2015-11-13,8:32 AM,Derailment,0,CHICAGO,IL,47,1,Dawn,Clear,Yard,,0,0,500,180500,H307,41.871897,-87.638174,46.7,41.4,44.2
NIRC,MEI044,2015-06-12,1:30 PM,Hwy-rail crossing,0,CHICAGO,IL,60,2,Day,Cloudy,Main,EMU,25,75955,28009,103964,M308,41.764446,-87.564926,68.8,62.9,70.9
UP,1018PR019,2018-10-15,2:30 PM,Other impacts,0,CHICAGO,IL,52,2,Day,Clear,Yard,Cut of cars,0,647,0,49136,H306,41.843454,-87.636654,48.1,42.9,45.8
NIRC,2018070605,2018-03-09,9:12 AM,Hwy-rail crossing,0,CHICAGO,IL,33,2,Day,Clear,Main,Commuter Train - Pulling,40,37729,1179,38908,M303,41.738512,-87.599856,28.7,30.6,33.3
NS,154826,2023-11-20,6:00 AM,Obstruction,0,CHICAGO,IL,46,1,Dawn,Clear,Yard,Freight Train,4,13950,0,13950,M402,41.795347,-87.635317,45.5,46.4,42.3
ATK,136774,2015-03-23,1:04 PM,Derailment,0,CHICAGO,IL,35,2,Day,Snow,Yard,Light loco(s),2,12500,0,12500,H703,41.893237,-87.697377,33.2,30.7,32.4
NIRC,2017070273,2017-07-06,9:18 AM,Other (describe in narrative),0,CHICAGO,IL,81,2,Day,Clear,Main,DMU,10,54287,0,54287,E78L,41.884147,-87.623003,78.1,82.6,78.8
NIRC,MEI079,2015-07-25,9:00 PM,Other (describe in narrative),0,CHICAGO,IL,80,4,Dark,Clear,Main,EMU,12,290000,19661,309661,H499,41.475747,-87.351242,78.3,79.9,76.2
CSX,000191390,2020-07-16,7:45 AM,Derailment,0,CHICAGO,IL,72,1,Dawn,Clear,Yard,Cut of cars,8,18975,0,18975,H307,41.779543,-87.679338,77.7,74.4,78.8
ATK,160924,2019-08-30,11:25 PM,Other (describe in narrative),0,CHICAGO,IL,65,4,Dark,Clear,Main,Passenger Train - Pulling,0,66777,0,66777,E03L,41.881832,-87.623177,72.7,68.5,68.2
BRC,14416,2021-02-10,5:25 AM,Derailment,0,CHICAGO,IL,5,4,Dark,Snow,Main,,0,0,175000,582926,H522,41.723298,-87.548435,9.5,12.1,15
ATK,177302,2023-11-18,12:17 PM,Derailment,0,CHICAGO,IL,48,2,Day,Clear,Main,Yard/switching,13,6111,86368,92479,T222,41.87254,-87.63824,49.9,42.3,45.5
NIRC,2019071298,2019-03-14,8:47 AM,Derailment,0,CHICAGO,IL,0,2,Day,Rain,Main,Commuter Train - Pulling,18,30458,0,30458,H602,41.810372,-87.628947,49.1,53.1,37.7
UP,0919PR008,2019-09-11,8:25 PM,Derailment,0,CHICAGO,IL,79,4,Dark,Cloudy,Yard,Freight Train,7,13387,97750,111137,H702,41.860218,-87.672777,80.4,81.3,72.7
UP,0119GL018,2019-01-14,7:06 AM,Other (describe in narrative),0,CHICAGO,IL,24,1,Dawn,Cloudy,Yard,Freight Train,8,40000,0,70980,H607,41.820805,-87.673669,29.5,25.4,27.6
NIRC,MEI016,2015-02-05,9:11 PM,Other impacts,0,CHICAGO,IL,11,4,Dark,Cloudy,Yard,EMU,5,5456,30000,35456,H306,41.857907,-87.620464,20.7,9.7,22.9
CSX,000182845,2019-05-08,4:28 PM,Derailment,0,CHICAGO,IL,73,2,Day,Clear,Yard,Yard/switching,2,44879,0,72552,H702,41.763838,-87.730599,46.5,56.4,59.6
NIRC,2019071586,2019-09-13,3:18 PM,Hwy-rail crossing,0,CHICAGO,IL,73,2,Day,Clear,Main,Commuter Train - Pushing,40,210281,22081,232362,M304,41.756801,-87.687652,72.7,72.1,69.7
NIRC,9419000306,2021-06-27,5:03 PM,Hwy-rail crossing,0,CHICAGO,IL,83,2,Day,Clear,Main,Commuter Train - Pushing,76,208735,29121,237856,M308,41.69944,-87.65841,75.1,77,73.1
BNSF,CH1019112,2019-10-20,12:30 PM,Derailment,0,CHICAGO,IL,59,2,Day,Cloudy,Yard,,0,0,10000,20000,H703,41.86838,-87.637716,57,54.7,58.5
NIRC,NCI001,2015-03-09,3:16 PM,Derailment,0,CHICAGO,IL,51,2,Day,Cloudy,Main,Passenger Train - Pulling,15,34693,20057,54750,H702,41.913655,-87.719055,36.4,39.7,43.1
CRL,CRL151092,2015-05-21,1:20 AM,Derailment,0,CHICAGO,IL,45,4,Dark,Clear,Yard,Freight Train,10,50000,35000,85000,H704,41.723252,-87.572859,45.4,56.9,58.2
BNSF,CH0318117,2018-03-29,6:40 AM,Derailment,0,CHICAGO,IL,39,1,Dawn,Cloudy,Yard,Yard/switching,5,11954,1000,12954,H502,41.816605,-87.716303,45.2,43.8,40.5
UP,0420PR017,2020-04-21,10:20 AM,Obstruction,0,CHICAGO,IL,38,2,Day,Clear,Yard,Freight Train,10,76663,132,76795,H996,41.885238,-87.640424,50.9,44,47.9
NS,132834,2019-02-13,6:15 PM,Derailment,0,CHICAGO,IL,25,3,Dusk,Clear,Yard,Freight Train,3,14186,39581,53767,T217,41.757609,-87.668042,30.4,20.2,39.8
IC,985968,2019-01-29,5:30 AM,Other impacts,0,CHICAGO,IL,10,1,Dawn,Snow,Yard,Yard/switching,2,21797,64,21861,H318,41.804503,-87.780161,20.3,2.9,-16
NIRC,2019071273,2019-02-26,11:10 AM,Hwy-rail crossing,0,CHICAGO,IL,25,2,Day,Clear,Main,Commuter Train - Pulling,35,15581,2680,18261,M303,41.734894,-87.721375,15.1,21,25.1
ATK,176995,2023-10-27,1:45 PM,Raking collision,0,CHICAGO,IL,65,2,Day,Cloudy,Main,Yard/switching,10,11000,5431,16431,H999,41.87909,-87.64012,66.9,63.3,45.9
NS,117740,2015-10-11,6:30 PM,Other impacts,0,CHICAGO,IL,72,3,Dusk,Clear,Yard,Freight Train,5,22775,0,24375,H307,41.722569,-87.547237,55.3,65,66.6
NS,117740,2015-10-11,6:30 PM,Other impacts,0,CHICAGO,IL,72,3,Dusk,Clear,Yard,Yard/switching,0,800,800,24375,H307,41.722569,-87.547237,55.3,65,66.6
NS,124868,2017-04-29,2:15 PM,Derailment,0,CHICAGO,IL,45,2,Day,Clear,Yard,Light loco(s),3,60,18568,18628,H303,41.722583,-87.547189,50,44.1,44.9
BNSF,CH1215109,2015-12-14,1:50 AM,Derailment,0,CHICAGO,IL,50,4,Dark,Rain,Yard,Yard/switching,2,24500,110744,135244,T113,41.820326,-87.715551,59.8,52.2,41.7
BNSF,CH1116107,2016-11-13,3:45 AM,Derailment,0,CHICAGO,IL,40,4,Dark,Clear,Yard,Freight Train,10,10000,115928,125928,T210,41.837048,-87.775461,43.7,46.5,49.5
UP,0515PR032,2015-05-30,2:54 AM,Derailment,0,CHICAGO,IL,74,4,Dark,Cloudy,Main,Freight Train,10,5429,94120,99549,T110,41.864561,-87.689772,75.6,59.8,49.1
NIRC,9419001807,2023-10-16,3:37 PM,Other impacts,0,CHICAGO,IL,54,2,Day,Cloudy,Main,EMU,5,25093,8403,33496,T404,41.76607,-87.5893,51.9,51.6,51.2
NIRC,9419001105,2022-10-18,8:09 AM,Other impacts,0,CHICAGO,IL,37,2,Day,Clear,Main,EMU,60,33102,6242,39344,T404,41.707,-87.60722,41.7,42.4,42
UP,0415PR014,2015-04-15,5:30 PM,Derailment,0,CHICAGO,IL,55,2,Day,Cloudy,Industry,Freight Train,5,9412,1528,10940,T102,41.899158,-87.656775,56.8,54.8,53.7
NIRC,2019071447,2019-06-28,1:43 PM,Derailment,0,CHICAGO,IL,81,2,Day,Cloudy,Yard,Yard/switching,10,0,11298,11298,T113,41.859244,-87.67715,77.6,78.8,79.1
BNSF,CH1117109,2017-11-16,7:46 AM,Derailment,0,CHICAGO,IL,50,1,Dawn,Cloudy,Yard,Freight Train,4,29585,7000,36585,T112,41.819087,-87.716816,45.7,36,40.8
NICD,N2400017,2024-07-01,7:39 AM,Other impacts,0,CHICAGO,IL,87,1,Dawn,Clear,Main,Passenger Train - Pulling,5,29633,0,59515,T404,41.88051,-87.6231,66.6,66.7,75
NIRC,MEI082,2015-07-27,7:03 AM,Other (describe in narrative),0,CHICAGO,IL,73,4,Dark,Clear,Main,EMU,19,20142,3340,23482,T404,41.745364,-87.551559,76.2,79.5,82.5
NS,116300,2015-03-21,5:00 AM,Derailment,0,CHICAGO,IL,39,1,Dawn,Clear,Yard,Freight Train,3,25000,0,36780,T202,41.754297,-87.700098,43.8,41.1,33.2
NIRC,9419000703,2022-02-18,3:00 PM,Other impacts,0,CHICAGO,IL,25,2,Day,Clear,Main,EMU,15,59199,18308,77507,T404,41.77088,-87.59269,28.9,19.8,17.5
BNSF,CH0516101,2016-05-11,7:05 PM,Derailment,0,CHICAGO,IL,69,3,Dusk,Clear,Yard,Light loco(s),2,12000,250,12250,T314,41.819875,-87.71836,57.8,59.4,62.8
UP,0316PR021,2016-03-24,10:07 PM,Derailment,0,CHICAGO,IL,32,4,Dark,Cloudy,Yard,Freight Train,2,1622,51686,53308,T110,41.862673,-87.675254,41.3,36.5,36.5
BNSF,CH0716102,2016-07-06,10:20 AM,Derailment,0,CHICAGO,IL,90,2,Day,Clear,Yard,Freight Train,10,7000,148959,155959,T110,41.841002,-87.763253,78,78.3,76.9
UP,0316PR007,2016-03-05,1:49 AM,Derailment,0,CHICAGO,IL,25,4,Dark,Clear,Yard,Light loco(s),7,51829,0,52814,T402,41.757563,-87.684929,31.3,35.3,42.8
UPME,0115PR016,2015-01-26,10:39 AM,Derailment,0,CHICAGO,IL,23,2,Day,Cloudy,Yard,Yard/switching,7,22431,93835,116266,T110,41.888432,-87.725898,31.2,25,28.5
ATK,174645,2023-05-07,3:08 PM,Derailment,0,CHICAGO,IL,75,2,Day,Clear,Main,Passenger Train - Pulling,14,322680,21093,343773,T311,41.878195,-87.638443,67.9,70.6,54.7
NIRC,2019071763,2019-10-24,11:30 PM,Other impacts,0,CHICAGO,IL,45,4,Dark,Cloudy,Main,EMU,0,10463,877,11340,T404,41.68544,-87.61145,49.6,46.9,45.6
NIRC,2020071860,2020-02-22,7:03 AM,Derailment,0,CHICAGO,IL,50,1,Dawn,Clear,Main,Freight Train,0,0,10443,24056,T314,41.525043,-87.372284,25,38,43.5
BNSF,CH0916112,2016-09-22,2:45 AM,Derailment,0,CHICAGO,IL,70,4,Dark,Clear,Yard,Yard/switching,5,26078,5000,31078,T403,41.82209,-87.71474,71.4,75.1,71.8
BNSF,CH0216110,2016-02-10,10:42 AM,Derailment,0,CHICAGO,IL,19,2,Day,Clear,Yard,Freight Train,10,250,50000,50250,T111,41.84412,-87.739363,17.8,14.1,15.7
CRL,CRL192438,2019-04-06,2:50 PM,Derailment,0,CHICAGO,IL,65,2,Day,Clear,Yard,Freight Train,6,43000,51985,94985,T106,41.723096,-87.560513,46.4,52.5,59.7
NIRC,9419000540,2021-11-17,7:16 AM,Other impacts,0,CHICAGO,IL,41,1,Dawn,Clear,Main,EMU,65,22452,7503,29955,T404,41.84426,-87.6134,42.1,54.2,34.7
NIRC,MEJ066,2016-06-18,8:44 AM,Derailment,0,CHICAGO,IL,80,2,Day,Clear,Main,EMU,10,73000,15000,88000,T108,41.883983,-87.623227,73.1,76.1,80.6
BNSF,CH1018121,2018-10-31,12:00 PM,Derailment,0,CHICAGO,IL,65,2,Day,Clear,Yard,Cut of cars,4,40634,0,43894,T210,41.858284,-87.681917,54.8,52.9,49.6
ATK,174559,2023-04-28,1:40 PM,Derailment,0,CHICAGO,IL,54,2,Day,Clear,Main,Passenger Train - Pulling,14,304661,47982,352643,T311,41.878195,-87.638443,51.5,53.6,50.2
UP,0716PR015,2016-07-30,6:30 AM,Derailment,0,CHICAGO,IL,74,1,Dawn,Cloudy,Yard,Light loco(s),6,101907,21955,123862,T111,41.862681,-87.675263,74.3,73.5,73.9
UP,1019PR018,2019-10-17,10:05 AM,Derailment,0,CHICAGO,IL,49,2,Day,Cloudy,Yard,Light loco(s),7,22727,0,26425,T113,41.820805,-87.673669,48.1,47,49.5
NIRC,MEI045,2015-05-20,12:52 AM,Derailment,0,CHICAGO,IL,44,4,Dark,Clear,Main,EMU,15,77485,6683,84168,T101,41.521086,-87.371926,48.7,45.4,56.9
UP,1222PR017,2022-12-27,4:55 PM,Derailment,0,CHICAGO,IL,24,2,Day,Cloudy,Yard,Yard/switching,6,1535,10224,11759,T207,41.86129,-87.679027,17.9,17.2,36.6
NS,135867,2019-10-17,10:05 AM,Derailment,0,CHICAGO,IL,55,2,Day,Clear,Yard,Freight Train,0,0,3698,26425,T110,41.820805,-87.673669,48.1,47,49.5
CRL,CRL181985,2018-01-18,10:40 PM,Derailment,0,CHICAGO,IL,20,4,Dark,Clear,Yard,Freight Train,6,76238,40000,116238,T110,41.679234,-87.558599,14.4,25,34.4
BNSF,CH0215114,2015-02-27,7:57 PM,Derailment,0,CHICAGO,IL,5,3,Dusk,Cloudy,Yard,Freight Train,10,22934,250,23184,T314,41.81686,-87.716759,16.4,8.4,12
BNSF,CH0115115,2015-01-15,7:00 PM,Derailment,0,CHICAGO,IL,20,3,Dusk,Clear,Yard,Light loco(s),4,28000,500,28500,T399,41.826664,-87.716355,13.2,26.1,29.1
CSS,CSS000015,2021-10-15,2:58 AM,Derailment,0,CHICAGO,IL,61,4,Dark,Clear,Yard,Freight Train,8,37200,25000,62200,T110,41.669691,-87.596135,66.4,57.6,52.6
BNSF,CH0115114,2015-01-12,5:00 PM,Derailment,0,CHICAGO,IL,32,3,Dusk,Clear,Yard,Light loco(s),4,61684,0,61684,T201,41.823,-87.714,28.5,22.4,17.5
CSS,CSS000014,2021-09-17,2:18 AM,Derailment,0,CHICAGO,IL,66,4,Dark,Clear,Yard,Freight Train,8,2430,17369,19799,T311,41.672532,-87.598768,70.8,75.7,71.8
NICD,N1500008,2015-02-06,7:30 PM,Other (describe in narrative),0,CHICAGO,IL,24,4,Dark,Clear,Main,Commuter Train - Pulling,45,15192,0,23035,T404,41.77211,-87.592459,9.7,22.9,35.1
NIRC,MEI013,2015-02-06,7:30 PM,Other (describe in narrative),0,CHICAGO,IL,24,4,Dark,Clear,Main,EMU,0,0,7843,23035,T404,41.77211,-87.592459,9.7,22.9,35.1
BNSF,CH0720115,2020-07-27,1:26 AM,Derailment,0,CHICAGO,IL,80,4,Dark,Clear,Yard,Light loco(s),5,75506,33800,109306,T207,41.822057,-87.715137,85,78.8,79
ATK,136155,2015-02-02,3:15 AM,Derailment,0,CHICAGO,IL,16,4,Dark,Snow,Yard,Light loco(s),2,25000,0,25000,T399,41.893477,-87.645364,27.9,14,19.3
BRC,13545,2015-03-21,5:00 AM,Derailment,0,CHICAGO,IL,39,4,Dark,Clear,Yard,Freight Train,0,0,11780,36780,T202,41.754297,-87.700098,43.8,41.1,33.2
IC,1054285,2020-11-15,2:14 AM,Derailment,0,CHICAGO,IL,50,4,Dark,Rain,Yard,Freight Train,9,34864,3626,38490,T202,41.800673,-87.793123,38.6,44,39.4
NIRC,9419000241,2021-05-20,8:53 PM,Fire/violent rupture,0,CHICAGO,IL,78,4,Dark,Clear,Main,EMU,15,18718,2149,20867,T404,41.86845,-87.621535,69.6,76.2,76.5
NS,131264,2018-10-09,8:55 PM,Derailment,0,CHICAGO,IL,72,4,Dark,Clear,Yard,Yard/switching,7,20692,3093,23785,T207,41.710706,-87.594247,73.7,77.1,70
NS,142296,2021-07-22,1:26 AM,Derailment,0,CHICAGO,IL,72,4,Dark,Clear,Yard,Yard/switching,5,16942,5222,22164,T207,41.694381,-87.564354,70,75.4,81.9
UP,0518PR003,2018-05-06,3:16 AM,Derailment,0,CHICAGO,IL,52,4,Dark,Clear,Yard,Freight Train,6,12304,9930,22234,T202,41.886864,-87.692092,70.1,60.4,61.9
NIRC,9419000240,2021-05-20,6:05 PM,Fire/violent rupture,0,CHICAGO,IL,82,2,Day,Clear,Main,EMU,15,56150,2149,58299,T404,41.88297,-87.62301,69.6,76.2,76.5
NS,132386,2019-01-11,3:22 PM,Derailment,0,CHICAGO,IL,32,2,Day,Clear,Main,Yard/switching,4,25958,11334,37292,T207,41.814016,-87.635881,20.1,27.3,30.5
NS,129775,2018-06-10,1:13 PM,Derailment,0,CHICAGO,IL,64,2,Day,Rain,Yard,Yard/switching,5,22111,21837,43948,T110,41.756587,-87.686069,66,64.7,64.6
NIRC,2017070452,2017-11-28,10:45 PM,Derailment,0,CHICAGO,IL,37,4,Dark,Cloudy,Main,Commuter Train - Pushing,10,95924,0,336481,T399,41.8786,-87.6394,47.3,54.9,42.2
NIRC,9419001715,2023-08-28,8:29 AM,Derailment,0,CHICAGO,IL,59,2,Day,Clear,Main,Commuter Train - Pushing,20,409737,257020,666757,T314,41.86112,-87.63067,69.3,70.6,72.3
CRL,CRL212916,2021-03-17,3:15 PM,Derailment,0,CHICAGO,IL,36,2,Day,Cloudy,Yard,Freight Train,3,65000,3000,68000,T110,41.679318,-87.558527,35.4,36.6,39
NIRC,2018071177,2018-12-10,4:55 PM,Other (describe in narrative),0,CHICAGO,IL,34,4,Dark,Clear,Main,EMU,10,18799,1612,20411,T404,41.88427,-87.633011,24.8,25.1,31.3
NIRC,201707188,2017-06-06,2:14 PM,Derailment,0,CHICAGO,IL,65,2,Day,Clear,Yard,Freight Train,0,0,33386,132013,T314,41.884035,-87.623003,67.3,65,67
NIRC,2018070726,2018-04-30,8:24 AM,Derailment,0,CHICAGO,IL,0,2,Day,Clear,Yard,EMU,9,32854,5457,38311,T319,41.858024,-87.618063,45.3,61.5,73.1
BNSF,CH1018121,2018-10-31,12:00 PM,Derailment,0,CHICAGO,IL,65,2,Day,Clear,Yard,Yard/switching,0,1260,2000,43894,T210,41.858284,-87.681917,54.8,52.9,49.6
NICD,N1700013,2017-06-06,2:14 PM,Derailment,0,CHICAGO,IL,65,2,Day,Clear,Yard,Commuter Train - Pulling,10,98627,0,132013,T314,41.884035,-87.623003,67.3,65,67
NIRC,2018071136,2018-12-03,4:58 PM,Other (describe in narrative),0,CHICAGO,IL,1,4,Dark,Clear,Main,EMU,25,43390,10885,54275,T404,41.685699,-87.611879,41.4,33.4,30.5
BNSF,CH0823106,2023-08-15,2:20 PM,Derailment,0,CHICAGO,IL,78,2,Day,Clear,Industry,Light loco(s),3,17000,1500,18500,T311,41.842938,-87.678303,70.6,68.7,71.4
SCIH,2,2015-07-19,12:30 PM,Derailment,0,CHICAGO,IL,85,2,Day,Clear,Main,Freight Train,0,0,49000,66682,T202,41.723163,-87.584884,80.4,80.7,76.9
NIRC,9419001468,2023-04-19,12:00 AM,Raking collision,0,CHICAGO,IL,64,4,Dark,Clear,Main,Spec. MoW Equip.,0,0,2535,17523,T499,41.77182,-87.59243,45.8,52.2,65.5
CSX,000156805,2016-02-03,11:55 PM,Derailment,0,CHICAGO,IL,25,4,Dark,Clear,Industry,Freight Train,7,173876,0,176771,T110,41.764831,-87.810084,36.7,35,27.2
NIRC,9419001438,2023-04-11,3:44 PM,Other impacts,0,CHICAGO,IL,78,2,Day,Clear,Main,EMU,7,83026,7201,90227,T404,41.86351,-87.61958,60.6,67.1,71.8
NICD,N2000003,2020-02-22,7:03 AM,Derailment,0,CHICAGO,IL,50,2,Day,Clear,Main,Commuter Train - Pulling,9,13613,0,24056,T314,41.525043,-87.372284,25,38,43.5
UP,1118PR021,2018-11-25,5:40 PM,Derailment,0,CHICAGO,IL,35,2,Day,Cloudy,Yard,Freight Train,6,52261,61656,113917,T205,41.862686,-87.682441,44.3,37.8,28.9
NS,128634,2018-02-25,4:45 AM,Derailment,0,CHICAGO,IL,36,1,Dawn,Clear,Yard,Yard/switching,5,1263,11820,13083,T110,41.754823,-87.690338,38.8,40.1,42.6
NS,139286,2020-09-28,7:00 PM,Derailment,0,CHICAGO,IL,72,3,Dusk,Clear,Yard,Freight Train,4,3393,12638,16031,T110,41.772867,-87.617149,68.9,55.7,53.6
CSX,000209969,2023-02-21,11:45 PM,Derailment,0,CHICAGO,IL,34,4,Dark,Clear,Yard,Freight Train,8,46733,0,259696,T311,41.76554,-87.4344,38.5,33.6,34.5
NIRC,9419000557,2016-05-27,3:19 PM,Derailment,0,CHICAGO,IL,75,2,Day,Clear,Main,Commuter Train - Pushing,5,2359,10053,12412,T102,41.88765,-87.63997,74.7,74.3,75.2
NS,142679,2021-08-27,5:00 PM,Derailment,0,CHICAGO,IL,90,3,Dusk,Clear,Yard,Yard/switching,4,29222,5825,35047,T110,41.795347,-87.635316,79.1,82.5,84
BNSF,CH1121112,2021-11-27,1:51 AM,Derailment,0,CHICAGO,IL,25,4,Dark,Clear,Yard,Freight Train,5,77600,16000,93600,T207,41.814964,-87.716933,25.4,35.7,33.4
NICD,N2300007,2023-04-19,12:00 AM,Raking collision,0,CHICAGO,IL,64,4,Dark,Clear,Main,Cut of cars,0,14988,0,17523,T499,41.77182,-87.59243,45.8,52.2,65.5
NIRC,9419002216,2024-07-01,7:39 AM,Other impacts,0,CHICAGO,IL,87,1,Dawn,Clear,Main,EMU,5,0,29882,59515,T404,41.88051,-87.6231,66.6,66.7,75
ATK,168670,2021-10-12,6:48 PM,Derailment,0,CHICAGO,IL,61,4,Dark,Clear,Yard,Yard/switching,9,30446,6600,37046,T110,41.8652,-87.63626,71.5,62.3,62.5
NS,151967,2023-01-10,10:00 PM,Derailment,0,CHICAGO,IL,36,4,Dark,Clear,Yard,Yard/switching,3,3600,73041,76641,T110,41.694382,-87.564355,34.1,41.3,44.8
BRC,13686,2016-02-03,11:55 PM,Derailment,0,CHICAGO,IL,25,4,Dark,Clear,Industry,Freight Train,0,0,2895,176771,T204,41.764831,-87.810084,36.7,35,27.2
NS,141792,2021-06-06,6:45 PM,Derailment,0,CHICAGO,IL,89,3,Dusk,Clear,Yard,Yard/switching,5,11503,5904,17407,T110,41.795347,-87.635316,81.4,81.1,76
UPME,0719CM016,2019-07-27,9:49 AM,Derailment,0,CHICAGO,IL,76,2,Day,Clear,Yard,Light loco(s),5,500,17352,17852,T299,41.884832,-87.640085,76.9,80.6,81.8
NIRC,2018071092,2018-11-01,6:28 PM,Other impacts,0,CHICAGO,IL,47,4,Dark,Clear,Main,EMU,30,35356,17520,52876,T404,41.7705,-87.59272,52.9,49.6,44.3
CRL,CRL171754,2017-06-06,9:00 PM,Derailment,0,CHICAGO,IL,70,4,Dark,Clear,Yard,Freight Train,5,45244,14250,59494,T108,41.68299,-87.55832,67.3,65,67
UP,0518PR001,2018-05-01,7:15 PM,Other impacts,0,CHICAGO HTS,IL,78,3,Dusk,Clear,Yard,Yard/switching,7,284,16953,18143,H312,41.500818,-87.607343,58.4,70.5,73.7
WC,993309,2019-04-02,9:00 PM,Broken train collision,0,CHICAGO HTS,IL,41,4,Dark,Clear,Main,Freight Train,20,35000,0,47500,E30C,41.498176,-87.600195,36.4,44.1,47.1
WC,993309,2019-04-02,9:00 PM,Broken train collision,0,CHICAGO HTS,IL,41,4,Dark,Clear,Main,Freight Train,0,12500,0,47500,E30C,41.498176,-87.600195,36.4,44.1,47.1
UP,0715PR015,2015-07-27,7:30 PM,Derailment,0,CHICAGO HTS,IL,71,4,Dark,Clear,Yard,Yard/switching,5,38247,7613,45860,M405,41.500625,-87.613167,74.4,77.2,79.6
UP,0520PR002,2020-05-04,11:10 PM,Derailment,0,CHICAGO HTS,IL,39,4,Dark,Cloudy,Yard,Freight Train,4,3129,17760,20889,T399,41.509239,-87.618428,62.6,42.9,44.1
ATK,163392,2020-03-07,1:19 PM,Derailment,0,CHICAGO RIDGE,IL,51,2,Day,Clear,Main,Passenger Train - Pulling,12,219968,104500,324468,T222,41.878648,-87.642595,33.9,37.6,51.8
ATK,160579,2019-08-06,2:08 AM,Other (describe in narrative),0,CHICAGO RIDGE,IL,87,4,Dark,Clear,Yard,Yard/switching,10,97084,0,97084,E39L,41.86955,-87.63714,80.6,75.5,78.1
UP,1123TO008,2023-11-04,10:20 PM,Derailment,0,CHICO,TX,60,4,Dark,Clear,Industry,Freight Train,10,30326,188612,218938,T221,33.284165,-97.79327,56.4,61.8,66.1