reportingrailroadcode,accidentnumber,date,time,accidenttype,hazmatreleasedcars,station,stateabbr,temperature,visibility_code,visibility,weathercondition,tracktype,equipmenttype,trainspeed,equipmentdamagecost,trackdamagecost,totaldamagecost,primaryaccidentcausecode,latitude,longitude,prior_temp,actual_temp,following_temp
UP,1016FW016,2016-10-20,1:20 PM,Derailment,0,CHICO,TX,80,2,Day,Cloudy,Industry,Freight Train,9,128883,7084,135967,T001,33.280998,-97.799335,77.2,67.2,58.2
RJAL,RJAL2001,2020-09-30,2:10 PM,Other (describe in narrative),0,CHILDERSBURG,AL,76,2,Day,Clear,Yard,Yard/switching,2,15000,0,15000,H310,33.3346,-86.3547,60.7,59.9,63.8
NS,130080,2018-07-04,3:15 PM,Derailment,0,CHILDERSBURG,AL,78,2,Day,Clear,Main,Freight Train,7,60,12406,12466,T110,33.285445,-86.335701,81.3,81,81.2
NS,137250,2019-09-04,11:55 AM,Derailment,0,CHILDERSBURG,AL,93,2,Day,Clear,Industry,Freight Train,0,0,1562,21741,T110,33.280188,-86.35183,79.4,81.1,80.8
CSX,000185135,2019-09-04,11:55 AM,Derailment,0,CHILDERSBURG,AL,80,2,Day,Cloudy,Industry,Freight Train,4,20179,0,21741,T110,33.393703,-86.348413,79.4,81.1,80.8
CSX,000155469,2015-12-23,12:10 PM,Derailment,0,CHILI CENTER,NY,55,2,Day,Cloudy,Main,Freight Train,25,2900,21800,24700,E68C,43.107666,-77.809449,51.4,50.9,57.7
BNSF,CH0720203,2020-07-20,8:20 AM,Hwy-rail crossing,0,CHILLICOTHE,IA,80,1,Dawn,Clear,Main,Freight Train,60,626733,115847,742580,M308,41.092175,-92.639959,79.3,71.6,71.8
BNSF,CH0523103,2023-05-04,11:02 PM,Derailment,0,CHILLICOTHE,IA,61,4,Dark,Clear,Industry,Freight Train,4,96289,350000,446289,H701,41.090803,-92.553214,52.2,61.6,61.1
BNSF,CH1019204,2019-10-29,6:55 PM,Hwy-rail crossing,0,CHILLICOTHE,IA,37,3,Dusk,Clear,Main,Freight Train,50,20000,0,20000,M302,41.063983,-92.502764,39,31.7,32.3
BNSF,CH0415110,2015-04-21,3:55 PM,Derailment,0,CHILLICOTHE,IL,60,2,Day,Clear,Main,Freight Train,27,13572,0,13572,E33C,40.925357,-89.536053,48.6,47.8,43.5
CPKC,1002093201,2024-05-04,12:53 PM,Derailment,0,CHILLICOTHE,MO,67,2,Day,Cloudy,Main,Freight Train,20,6275,101220,107495,T214,39.728503,-93.584481,62.4,61.5,56.5
CSX,000160927,2016-06-27,7:10 PM,Other impacts,0,CHILLICOTHE,OH,85,2,Day,Clear,Yard,Cut of cars,5,42551,0,59966,H018,39.332635,-82.964854,77,77.2,73.9
CSX,000160927,2016-06-27,7:10 PM,Other impacts,0,CHILLICOTHE,OH,85,2,Day,Clear,Yard,Cut of cars,5,17415,0,59966,H018,39.332635,-82.964854,77,77.2,73.9
CSX,000180958,2019-01-24,4:00 AM,Obstruction,0,CHILLICOTHE,OH,27,4,Dark,Snow,Main,Freight Train,35,33046,0,33046,M404,39.147303,-82.865428,43.5,30.1,20.8
BNSF,CH0317105,2017-03-07,12:43 AM,Derailment,0,CHILLICOTHE,IL,53,4,Dark,Rain,Main,Freight Train,0,13108,0,13108,M105,40.930775,-89.473948,57.1,48.4,45.3
CSX,000201234,2021-11-10,1:30 PM,Derailment,0,CHILLICOTHE,OH,60,2,Day,Clear,Yard,Freight Train,5,14890,500,15390,M503,39.333944,-82.968056,52.1,52.3,54.9
BNSF,CH1116108,2016-11-21,10:25 AM,Obstruction,0,CHILLICOTHE,IL,40,2,Day,Clear,Main,Freight Train,44,500,0,100500,H402,40.929758,-89.427908,27.7,30.6,38.6
BNSF,CH1116108,2016-11-21,10:25 AM,Obstruction,0,CHILLICOTHE,IL,40,2,Day,Clear,Main,Maint./inspect Car,0,100000,0,100500,H402,40.929758,-89.427908,27.7,30.6,38.6
BNSF,CH0221120,2021-02-24,5:40 PM,Derailment,0,CHILLICOTHE,IA,5,3,Dusk,Clear,Industry,Freight Train,4,28000,0,28000,H607,41.090984,-92.552428,40.5,35.6,31
BNSF,NE0715112,2015-07-24,10:34 PM,Derailment,0,CHILLICOTHE,IA,74,4,Dark,Cloudy,Industry,Freight Train,7,356820,130000,486820,T001,41.096226,-92.543873,72.8,73.6,78.2
WC,1084372,2021-10-01,12:47 PM,Hwy-rail crossing,0,CHILTON,WI,67,2,Day,Clear,Main,Freight Train,25,43941,10100,54041,M302,44.044174,-88.16068,63,67.1,71
UP,0723ES014,2023-07-12,3:30 AM,Derailment,0,CHINA,TX,90,4,Dark,Clear,Main,Spec. MoW Equip.,10,128147,282,128429,E29C,30.048487,-94.33194,87.3,87.1,87.6
NS,124949,2017-05-05,1:39 AM,Hwy-rail crossing,0,CHINA GROVE,NC,70,4,Dark,Rain,Main,,0,0,0,25370,M302,35.601716,-80.542248,64.9,62.4,55.3
ATK,147341,2017-05-05,1:38 AM,Hwy-rail crossing,0,CHINA GROVE,NC,65,4,Dark,Rain,Main,Passenger Train - Pulling,79,25370,0,25370,M302,35.601677,-80.542279,64.9,62.4,55.3
WN,09112015,2015-09-11,10:10 AM,Side collision,0,CHIPPEWA FALLS,WI,60,2,Day,Clear,Industry,Freight Train,3,0,12400,27498,H018,44.951834,-91.369965,61.2,52.7,52.8
WN,09112015,2015-09-11,10:10 AM,Side collision,0,CHIPPEWA FALLS,WI,60,2,Day,Clear,Industry,Single Car,3,2698,12400,27498,H018,44.951834,-91.369965,61.2,52.7,52.8
WN,12222016,2016-12-22,7:30 PM,Derailment,0,CHIPPEWA FALLS,WI,31,4,Dark,Clear,Siding,Freight Train,10,9250,11580,20830,H702,44.994283,-91.38423,31.4,28.2,29.1
WN,1092015,2015-01-09,9:05 AM,Derailment,0,CHIPPEWA FALLS,WI,-3,2,Day,Cloudy,Industry,Freight Train,3,17509,90000,107509,H399,44.980798,-91.380007,2.2,-0.2,3.5
WC,1117194,2022-10-26,10:06 AM,Hwy-rail crossing,0,CHIPPEWA FALLS,WI,67,2,Day,Clear,Main,Freight Train,39,12138,0,12138,M302,44.925078,-91.489274,41.1,38.4,42.2
UP,0915TC012,2015-09-11,10:18 AM,Hwy-rail crossing,0,CHIPPEWA FALLS,WI,57,2,Day,Cloudy,Main,Work train,28,11430,0,11430,M304,44.886224,-91.42977,61.2,52.7,52.8
NS,118001,2015-10-30,5:28 PM,Derailment,0,CHOCOWINITY,NC,72,3,Dusk,Clear,Yard,Freight Train,6,25100,7500,32600,H306,35.516218,-77.106934,70.8,61.8,53.3
UP,1215WH007,2015-12-24,3:35 PM,Other (describe in narrative),0,CHOUTEAU,OK,60,2,Day,Cloudy,Main,Freight Train,25,34278,150,34428,E53C,36.160071,-95.347472,56.1,47.2,48.5
BNSF,GC0215113,2015-02-20,11:50 AM,Derailment,0,CHRIESMAN,TX,70,2,Day,Clear,Main,Spec. MoW Equip.,20,500,0,24500,H997,30.627629,-96.789934,50.6,62.4,65.6
BNSF,GC0215113,2015-02-20,11:50 AM,Derailment,0,CHRIESMAN,TX,70,2,Day,Clear,Main,Spec. MoW Equip.,0,24000,0,24500,H997,30.627629,-96.789934,50.6,62.4,65.6
NS,116590,2015-07-18,4:56 AM,Derailment,0,CHRISNEY,IN,77,1,Dawn,Clear,Industry,Freight Train,10,10795,800,11595,H702,37.973569,-87.03917,82.9,83.5,83.2
NS,143281,2021-10-27,2:15 AM,Other (describe in narrative),0,CHULA,GA,53,4,Dark,Clear,Main,Freight Train,50,130551,0,130551,E30C,31.593149,-83.581847,66.3,61,65.6
BNSF,TC1114118,2014-11-24,4:35 PM,Derailment,0,CHURCHS FERRY,ND,12,3,Dusk,Clear,Main,Work train,0,13405,200,13605,M201,48.267871,-99.195149,25.7,12.4,18.5
UP,0423SX019,2023-04-26,4:45 AM,Hwy-rail crossing,0,CIBOLO,TX,69,1,Dawn,Rain,Main,Freight Train,30,9293,11175,20468,M308,29.562563,-98.216143,68.1,75.5,70.9
ATK,163245,2020-02-25,7:11 AM,Hwy-rail crossing,0,CIBOLO,TX,44,1,Dawn,Clear,Main,Passenger Train - Pulling,74,28782,0,78782,M304,29.563143,-98.208941,65.1,54.3,46.9
UP,0220SX019,2020-02-25,7:11 AM,Hwy-rail crossing,0,CIBOLO,TX,43,1,Dawn,Clear,Main,,0,0,50000,78782,M304,29.563157,-98.208865,65.1,54.3,46.9
BNSF,CH0419110,2019-04-27,7:30 PM,Derailment,0,CICERO,IL,40,3,Dusk,Rain,Yard,Freight Train,5,1000,30000,31000,T221,41.837786,-87.768763,56.3,39,43
BNSF,CH1218113,2018-12-19,9:20 PM,Derailment,0,CICERO,IL,30,4,Dark,Clear,Yard,Light loco(s),6,35000,8000,43000,H704,41.837328,-87.77533,32.7,41.8,44.4
BNSF,CH0115104,2015-01-06,2:37 AM,Derailment,0,CICERO,IL,10,4,Dark,Clear,Main,Freight Train,8,30756,1100,31856,H503,41.844762,-87.74276,3.6,9.1,2.4
BNSF,CH0216109,2016-02-15,10:40 PM,Derailment,0,CICERO,IL,26,4,Dark,Clear,Yard,Yard/switching,9,10000,2200,12200,H704,41.840486,-87.760404,16.4,24.2,29.6
IC,1086086,2021-10-14,11:30 PM,Side collision,0,CICERO,IL,60,4,Dark,Cloudy,Industry,Single Car,2,15580,0,31280,H021,41.832883,-87.732217,62.7,66.6,57.9
BNSF,CH0221105,2021-02-05,10:10 AM,Derailment,0,CICERO,IL,5,2,Day,Clear,Yard,Light loco(s),2,17000,5000,22000,H607,41.836939,-87.770927,32.3,13.7,9.1
IC,1086086,2021-10-14,11:30 PM,Side collision,0,CICERO,IL,60,4,Dark,Cloudy,Industry,Yard/switching,2,15700,0,31280,H021,41.832883,-87.732217,62.7,66.6,57.9
BNSF,CH0721113,2021-07-24,11:49 PM,Derailment,0,CICERO,IL,80,4,Dark,Clear,Yard,Freight Train,6,52600,16000,68600,H607,41.840962,-87.754967,82.2,82.7,82.1
BNSF,CH1018117,2018-10-25,4:15 AM,Obstruction,0,CICERO,IL,45,1,Dawn,Clear,Main,Freight Train,10,0,30000,30000,M404,41.836291,-87.780452,44.2,45.3,49.3
BNSF,CH0521105,2021-05-08,10:50 PM,Derailment,0,CICERO,IL,39,4,Dark,Rain,Yard,Freight Train,4,20582,20000,45572,H704,41.837174,-87.776391,49,45.4,46
BNSF,CH0420116,2020-04-30,9:45 AM,Derailment,0,CICERO,IL,50,2,Day,Clear,Yard,Light loco(s),5,765,15154,15919,H704,41.836916,-87.774446,53.1,46.6,53.6
BNSF,CH0521105,2021-05-08,10:50 PM,Derailment,0,CICERO,IL,39,4,Dark,Rain,Yard,Cut of cars,0,4990,0,45572,H704,41.837174,-87.776391,49,45.4,46
CERR,160701006,2016-07-01,2:30 PM,Raking collision,0,CICERO,IL,72,2,Day,Clear,Industry,Freight Train,2,45000,0,45000,H302,41.81835,-87.751819,72.3,68,68
BNSF,CH0422101,2022-04-01,11:20 AM,Derailment,0,CICERO,IL,41,2,Day,Cloudy,Yard,Freight Train,10,38937,8016,46953,H514,41.844875,-87.73994,40.9,37.7,38.5
BNSF,CH0720102,2020-07-08,2:10 PM,Derailment,0,CICERO,IL,90,2,Day,Clear,Yard,Light loco(s),5,26525,2500,29025,H307,41.840535,-87.756719,85.2,82.3,84.5
BNSF,CH0923101,2023-09-04,3:45 PM,Derailment,0,CICERO,IL,88,2,Day,Clear,Yard,Light loco(s),5,10000,111369,121369,E51L,41.837906,-87.766007,81.3,82.5,82.6
IC,1139149,2023-09-21,2:00 PM,Side collision,0,CICERO,IL,60,2,Day,Rain,Yard,Single Car,0,1099,0,18099,H318,41.799414,-87.791513,70.7,70.5,71.4
IC,984243,2019-01-12,5:30 AM,Derailment,0,CICERO,IL,30,4,Dark,Cloudy,Yard,Cut of cars,0,22765,0,123308,H702,41.832447,-87.762941,27.7,30.4,29.7
IC,1139149,2023-09-21,2:00 PM,Side collision,0,CICERO,IL,60,2,Day,Rain,Yard,Yard/switching,0,17000,0,18099,H318,41.799414,-87.791513,70.7,70.5,71.4
BNSF,CH0417103,2017-04-06,10:40 AM,Derailment,0,CICERO,IL,38,2,Day,Clear,Yard,Freight Train,10,750,11396,12146,E67C,41.842507,-87.756547,43.4,42.7,44.5
IC,984243,2019-01-12,5:30 AM,Derailment,0,CICERO,IL,30,4,Dark,Cloudy,Yard,Freight Train,2,87600,12943,123308,H702,41.832447,-87.762941,27.7,30.4,29.7
BNSF,CH0215112,2015-02-23,12:30 AM,Derailment,0,CICERO,IL,4,4,Dark,Clear,Yard,Freight Train,5,20458,0,24343,H704,41.767426,-87.796281,19.4,6.3,18.6
BNSF,CH0919109,2019-09-29,12:53 AM,Derailment,0,CICERO,IL,70,4,Dark,Cloudy,Yard,Yard/switching,5,29493,0,29493,H307,41.842734,-87.754185,61.8,64.6,76
BNSF,CH1118110,2018-11-26,4:45 PM,Derailment,0,CICERO,IL,20,2,Day,Snow,Yard,Freight Train,4,87250,500,87750,T207,41.844054,-87.745644,38.1,28.9,22.3
BNSF,CH0216103,2016-02-12,10:40 AM,Derailment,0,CICERO,IL,20,2,Day,Clear,Main,Yard/switching,7,3200,0,92136,T001,41.77057,-87.789096,16.1,19.5,11.3
BNSF,CH0721110,2021-07-15,12:00 PM,Derailment,0,CICERO,IL,75,2,Day,Cloudy,Yard,Light loco(s),4,17000,500,17500,T110,41.837925,-87.765395,77.6,74.9,70
IC,959062,2018-05-12,7:45 PM,Derailment,0,CICERO,IL,51,3,Dusk,Clear,Yard,Freight Train,10,135937,16601,152538,T308,41.832625,-87.753493,51.4,48.5,55
BRC,14141,2016-02-12,10:40 AM,Derailment,0,CICERO,IL,20,2,Day,Clear,Main,Freight Train,0,0,88936,92136,T001,41.77057,-87.789096,16.1,19.5,11.3
BNSF,KS0316103,2016-03-14,12:02 AM,Derailment,0,CIMARRON,KS,46,4,Dark,Cloudy,Main,,0,0,363000,3147355,M506,37.808482,-100.381272,56.6,57.4,49.5
ATK,141515,2016-03-14,12:02 AM,Derailment,0,CIMARRON,KS,46,4,Dark,Cloudy,Main,Passenger Train - Pulling,60,2784355,0,3147355,M506,37.808482,-100.381272,56.6,57.4,49.5
CSX,000198712,2021-07-06,11:15 PM,Derailment,0,CINCINNATI,OH,78,4,Dark,Cloudy,Main,Freight Train,9,7734,26884,34618,H995,39.103882,-84.544236,78.7,79.2,77.4
CSX,000164048,2016-11-02,10:45 AM,Other impacts,0,CINCINNATI,OH,75,2,Day,Cloudy,Yard,Single Car,6,4669,50,10719,S016,39.103522,-84.537231,62.6,64.4,64
CSX,000195204,2021-01-24,1:20 AM,Derailment,0,CINCINNATI,OH,32,4,Dark,Clear,Yard,Yard/switching,10,44277,12046,56323,S006,39.108303,-84.538432,24.1,31,33.2
CSX,000214363,2023-11-01,9:07 PM,Other impacts,0,CINCINNATI,OH,52,4,Dark,Clear,Yard,Single Car,10,7515,0,20278,M407,39.149507,-84.544044,37.1,37.8,38.9
CSX,000214363,2023-11-01,9:07 PM,Other impacts,0,CINCINNATI,OH,52,4,Dark,Clear,Yard,Single Car,10,12763,0,20278,M407,39.149507,-84.544044,37.1,37.8,38.9
CSX,000195441,2021-02-03,2:54 AM,Derailment,0,CINCINNATI,OH,24,4,Dark,Clear,Yard,Yard/switching,10,18030,5795,23825,M411,37.850351,-84.256836,28.2,29.1,30.6
CSX,000192437,2020-09-03,1:45 PM,Side collision,0,CINCINNATI,OH,81,2,Day,Clear,Yard,Yard/switching,6,18610,0,30786,H301,37.850351,-84.256836,76.6,76.1,73.4
CSX,000195693,2021-02-14,8:40 AM,Derailment,0,CINCINNATI,OH,21,2,Day,Snow,Yard,Freight Train,6,21784,7852,29636,E40C,39.108303,-84.538432,26.3,24.8,20.7
CSX,000185052,2019-08-28,4:19 PM,Side collision,0,CINCINNATI,OH,84,2,Day,Clear,Yard,Yard/switching,7,0,0,20766,H316,39.124551,-84.542521,72.5,70.1,68.1
CSX,000210750,2023-04-12,12:25 AM,Side collision,0,CINCINNATI,OH,50,4,Dark,Clear,Yard,Freight Train,5,88751,0,92299,H307,39.136408,-84.542399,55.7,60.7,62.3
CSX,000164048,2016-11-02,10:45 AM,Other impacts,0,CINCINNATI,OH,75,2,Day,Cloudy,Yard,Single Car,0,6000,0,10719,S016,39.103522,-84.537231,62.6,64.4,64
CSX,000209376,2023-01-19,4:30 PM,Other impacts,0,CINCINNATI,OH,40,3,Dusk,Rain,Yard,Single Car,10,141,0,29141,M105,39.136408,-84.542399,42.7,52.1,36
CSX,000159599,2016-05-08,2:30 AM,Derailment,0,CINCINNATI,OH,56,4,Dark,Cloudy,Yard,Cut of cars,4,18820,500,19320,M411,39.104289,-84.538797,61.8,53,56.9
CSX,000185052,2019-08-28,4:19 PM,Side collision,0,CINCINNATI,OH,84,2,Day,Clear,Yard,Single Car,0,20766,0,20766,H316,39.124551,-84.542521,72.5,70.1,68.1
CSX,000209376,2023-01-19,4:30 PM,Other impacts,0,CINCINNATI,OH,40,3,Dusk,Rain,Yard,Single Car,10,29000,0,29141,M105,39.136408,-84.542399,42.7,52.1,36
CSX,000217532,2024-04-20,8:10 PM,Derailment,0,CINCINNATI,OH,52,3,Dusk,Clear,Main,Freight Train,30,325965,96360,422325,E51C,39.215098,-84.467181,60.4,52.5,45.2
CSX,000218104,2024-05-16,6:15 PM,Other impacts,0,CINCINNATI,OH,70,3,Dusk,Clear,Yard,Cut of cars,0,10166,1340,132671,H306,39.169004,-84.512104,67.4,67.7,68
CSX,000199752,2021-08-28,4:30 PM,Derailment,0,CINCINNATI,OH,85,2,Day,Cloudy,Main,Freight Train,1,7973,3952,11925,H503,39.097689,-84.529052,76.6,78.5,79.9
CSX,000206038,2022-07-10,11:30 PM,Derailment,0,CINCINNATI,OH,83,4,Dark,Clear,Yard,Yard/switching,3,42409,7780,50189,H702,39.136408,-84.542399,73,74.6,76.4
CSX,000189137,2020-03-16,7:15 AM,Side collision,0,CINCINNATI,OH,40,4,Dark,Clear,Yard,Single Car,0,0,0,14572,S014,39.124551,-84.542521,39.3,43.4,45.5
CSX,000218104,2024-05-16,6:15 PM,Other impacts,0,CINCINNATI,OH,70,3,Dusk,Clear,Yard,Yard/switching,6,121165,0,132671,H306,39.169004,-84.512104,67.4,67.7,68
CSX,000207835,2022-10-16,3:00 PM,Derailment,0,CINCINNATI,OH,70,2,Day,Clear,Yard,Yard/switching,3,36351,2004,38355,M503,39.169004,-84.512104,55.3,54.4,46.9
CSX,000188427,2020-02-13,8:47 AM,Derailment,0,CINCINNATI,OH,33,2,Day,Cloudy,Yard,Yard/switching,6,147004,3000,150004,E40C,39.124551,-84.542521,34,34,19.3
CSX,000189137,2020-03-16,7:15 AM,Side collision,0,CINCINNATI,OH,40,4,Dark,Clear,Yard,Yard/switching,9,14572,0,14572,S014,39.124551,-84.542521,39.3,43.4,45.5
CSX,000200106,2021-09-14,9:20 AM,Other impacts,0,CINCINNATI,OH,72,2,Day,Clear,Yard,Cut of cars,4,67113,3006,285980,H318,39.4405,-84.5222,75.4,76.2,72.9
NS,156020,2024-03-12,5:45 PM,Derailment,0,CINCINNATI,OH,65,3,Dusk,Clear,Yard,Freight Train,4,3750,13875,17625,H507,39.169243,-84.474701,41.9,51.7,56.2
CSX,000160297,2016-06-05,9:24 AM,Side collision,0,CINCINNATI,OH,82,2,Day,Cloudy,Yard,Yard/switching,0,55076,0,131576,H607,39.104289,-84.538797,71,72.4,72.6
CSX,000206782,2022-08-20,1:25 AM,Other impacts,0,CINCINNATI,OH,70,4,Dark,Clear,Yard,Single Car,2,28086,0,28086,M204,39.137604,-84.543604,72.3,71.9,71.4
CSX,000138698,2014-12-10,11:28 AM,Derailment,0,CINCINNATI,OH,41,2,Day,Cloudy,Yard,Yard/switching,7,50055,12000,62055,E07C,39.102276,-84.542438,40,35.3,33.6
NS,133848,2019-05-06,6:35 PM,Derailment,0,CINCINNATI,OH,69,3,Dusk,Clear,Yard,Yard/switching,3,12855,0,12855,H021,39.102493,-84.540065,59.8,61.2,65.1
CIND,CIN359017D,2017-07-12,8:15 AM,Derailment,0,CINCINNATI,OH,90,2,Day,Clear,Main,Freight Train,5,20758,1300,22058,H704,39.088436,-84.565052,75,78.5,78.8
NS,142472,2021-08-08,5:15 PM,Derailment,0,CINCINNATI,OH,90,3,Dusk,Clear,Yard,Single Car,0,0,0,13336,H503,39.105834,-84.539912,76,76.8,74
CSX,000197988,2021-06-02,2:00 AM,Other impacts,0,CINCINNATI,OH,63,4,Dark,Rain,Yard,Cut of cars,13,69004,0,69004,M407,39.13756,-84.54361,64.6,64.3,66
NS,151513,2022-11-20,6:04 AM,Other (describe in narrative),0,CINCINNATI,OH,24,1,Dawn,Clear,Yard,Freight Train,5,5588,23245,45184,H702,39.106123,-84.539969,27.4,26,31.2
CSX,000206874,2022-08-25,4:46 PM,Derailment,0,CINCINNATI,OH,80,3,Dusk,Clear,Main,,0,0,1884,13830,E46C,39.150736,-84.542575,70,72.4,73.8
CSX,000198066,2021-06-07,8:40 AM,Other impacts,0,CINCINNATI,OH,78,2,Day,Rain,Yard,Single Car,19,30721,0,60653,M407,39.136434,-84.542418,71.6,73.7,73.7
CSX,000198066,2021-06-07,8:40 AM,Other impacts,0,CINCINNATI,OH,78,2,Day,Rain,Yard,Single Car,18,29932,0,60653,M407,39.136434,-84.542418,71.6,73.7,73.7
NS,135722,2019-10-02,1:47 PM,Other impacts,0,CINCINNATI,OH,92,2,Day,Clear,Yard,Freight Train,8,5429,0,25429,H318,39.105024,-84.539754,78.2,78.7,77.2
CSX,000185069,2019-08-31,12:00 AM,Other impacts,0,CINCINNATI,OH,84,4,Dark,Clear,Yard,Light loco(s),4,11449,0,11449,H302,39.124551,-84.542521,73.1,70.5,71.8
CSX,000185069,2019-08-31,12:00 AM,Other impacts,0,CINCINNATI,OH,84,4,Dark,Clear,Yard,Cut of cars,0,0,0,11449,H302,39.124551,-84.542521,73.1,70.5,71.8
CSX,000211017,2023-04-27,9:45 AM,Derailment,0,CINCINNATI,OH,57,2,Day,Cloudy,Yard,Yard/switching,3,32562,944,33506,H702,39.136431,-84.542413,51.8,52.9,55.3
NS,151513,2022-11-20,6:04 AM,Other (describe in narrative),0,CINCINNATI,OH,24,1,Dawn,Clear,Yard,Freight Train,5,5588,10763,45184,H702,39.106123,-84.539969,27.4,26,31.2
NS,142472,2021-08-08,5:15 PM,Derailment,0,CINCINNATI,OH,90,3,Dusk,Clear,Yard,Single Car,0,0,0,13336,H503,39.105834,-84.539912,76,76.8,74
CIND,CIN381317D,2017-07-28,2:30 AM,Derailment,0,CINCINNATI,OH,85,4,Dark,Rain,Main,Freight Train,7,21186,18227,39413,T221,39.101833,-84.544663,76.8,76.2,71
CSX,000210750,2023-04-12,12:25 AM,Side collision,0,CINCINNATI,OH,50,4,Dark,Clear,Yard,Yard/switching,5,3548,0,92299,H307,39.136408,-84.542399,55.7,60.7,62.3
CSX,000192192,2020-08-23,6:50 PM,Side collision,0,CINCINNATI,OH,78,2,Day,Clear,Yard,Cut of cars,1,125,0,37544,H399,39.124551,-84.542521,73,74.2,76.5
CSX,000192192,2020-08-23,6:50 PM,Side collision,0,CINCINNATI,OH,78,2,Day,Clear,Yard,Yard/switching,5,37419,0,37544,H399,39.124551,-84.542521,73,74.2,76.5
IORY,IOR172922R,2022-08-25,4:46 PM,Derailment,0,CINCINNATI,OH,80,2,Day,Clear,Main,Freight Train,7,11946,0,13830,E46C,39.150736,-84.542575,70,72.4,73.8
NS,135722,2019-10-02,1:47 PM,Other impacts,0,CINCINNATI,OH,92,2,Day,Clear,Yard,Cut of cars,2,20000,0,25429,H318,39.105024,-84.539754,78.2,78.7,77.2
CSX,000207251,2022-09-13,10:39 PM,Derailment,0,CINCINNATI,OH,70,4,Dark,Clear,Yard,Yard/switching,7,79245,1024,80269,H599,39.142302,-84.544119,66.4,65,67.4
NS,142472,2021-08-08,5:15 PM,Derailment,0,CINCINNATI,OH,90,3,Dusk,Clear,Yard,Single Car,2,0,13336,13336,H503,39.105834,-84.539912,76,76.8,74
NS,152614,2023-03-22,7:19 AM,Other (describe in narrative),0,CINCINNATI,OH,45,1,Dawn,Rain,Yard,Freight Train,5,6620,10790,17410,H702,39.110448,-84.540813,42.8,48.9,62.1
NS,123403,2017-01-03,8:45 PM,Derailment,0,CINCINNATI,OH,72,4,Dark,Rain,Yard,Yard/switching,4,14020,0,16634,H702,39.141446,-84.544144,48.7,53.2,30.3
CSX,000160297,2016-06-05,9:24 AM,Side collision,0,CINCINNATI,OH,82,2,Day,Cloudy,Yard,Yard/switching,4,75000,1500,131576,H607,39.104289,-84.538797,71,72.4,72.6
NS,123403,2017-01-03,8:45 PM,Derailment,0,CINCINNATI,OH,72,4,Dark,Rain,Yard,Freight Train,0,400,2214,16634,H702,39.141446,-84.544144,48.7,53.2,30.3
CSX,000139288,2014-12-24,2:23 PM,Derailment,0,CINCINNATI,OH,45,2,Day,Rain,Yard,Yard/switching,9,20934,2000,22934,H307,39.102276,-84.542438,50.3,48.4,37.6
CSX,000155694,2016-01-04,4:30 PM,Other impacts,0,CINCINNATI,OH,30,3,Dusk,Clear,Yard,Cut of cars,18,32166,0,32166,M407,39.104322,-84.538947,32.6,30.8,24
CSX,000207722,2022-10-11,2:30 AM,Derailment,0,CINCINNATI,OH,41,4,Dark,Clear,Yard,Yard/switching,7,83616,5588,89204,E24C,39.136408,-84.542399,53.1,56.2,62.7
CSX,000200106,2021-09-14,9:20 AM,Other impacts,0,CINCINNATI,OH,72,2,Day,Clear,Yard,Yard/switching,4,215861,0,285980,H318,39.4405,-84.5222,75.4,76.2,72.9
CSX,000142433,2015-03-04,6:10 PM,Derailment,0,CINCINNATI,OH,28,3,Dusk,Snow,Yard,Yard/switching,6,27221,3140,30361,M411,39.104323,-84.538947,35.7,34.1,19.9
CSX,000152539,2015-09-28,2:06 PM,Other impacts,0,CINCINNATI,OH,80,2,Day,Clear,Yard,Single Car,13,12229,0,13311,S016,39.104323,-84.538947,69.6,70.3,69.1
CSX,000178657,2018-09-08,1:22 PM,Other impacts,0,CINCINNATI,OH,68,2,Day,Rain,Yard,Cut of cars,13,25600,0,25600,S014,39.124551,-84.542521,75.1,67.1,60.8
CSX,000180176,2018-12-05,5:45 AM,Other impacts,0,CINCINNATI,OH,30,1,Dawn,Snow,Yard,Cut of cars,17,19500,0,19500,M407,39.124551,-84.542521,34.9,31.1,33.2
NS,139134,2020-09-12,12:09 PM,Derailment,0,CINCINNATI,OH,82,2,Day,Clear,Yard,Freight Train,4,33400,72994,106394,H525,39.103146,-84.539738,69.9,71,74.5
IORY,IOR462720O,2020-06-23,12:30 PM,Derailment,0,CINCINNATI,OH,80,2,Day,Cloudy,Main,,0,0,18945,238774,E40C,39.248746,-84.81562,75.7,73.7,70.6
RASX,FRAR631,2015-11-13,5:25 PM,Raking collision,0,CINCINNATI,OH,72,3,Dusk,Clear,Yard,Yard/switching,2,85000,0,85000,H302,39.178079,-84.50046,52.4,46.4,39.9
CSX,000208915,2022-12-20,7:50 PM,Derailment,0,CINCINNATI,OH,28,3,Dusk,Clear,Yard,Yard/switching,7,207410,190310,397720,E04C,39.136408,-84.542399,26.1,31.7,31
CSX,000197208,2021-04-24,10:45 PM,Side collision,0,CINCINNATI,OH,45,4,Dark,Cloudy,Yard,Yard/switching,5,2765,0,41536,H018,39.108303,-84.538432,45.5,48.6,51.8