reportingrailroadcode,accidentnumber,date,time,accidenttype,hazmatreleasedcars,station,stateabbr,temperature,visibility_code,visibility,weathercondition,tracktype,equipmenttype,trainspeed,equipmentdamagecost,trackdamagecost,totaldamagecost,primaryaccidentcausecode,latitude,longitude,prior_temp,actual_temp,following_temp
CSX,000174642,2018-01-24,9:04 AM,Other (describe in narrative),0,CINCINNATI,OH,31,2,Day,Snow,Yard,Single Car,16,39433,0,39433,M407,39.124551,-84.542521,40.8,31.9,32.3
CSX,000189994,2020-05-01,7:56 PM,Side collision,0,CINCINNATI,OH,59,3,Dusk,Cloudy,Yard,Yard/switching,0,34000,50,49350,H307,39.168057,-84.512297,49.8,54.5,65.9
CSX,000177302,2018-06-29,4:25 AM,Other impacts,0,CINCINNATI,OH,67,1,Dawn,Clear,Yard,Single Car,14,11978,0,11978,M407,39.111198,-84.544067,76.9,78.5,80.3
CSX,000182962,2019-05-14,11:30 PM,Side collision,0,CINCINNATI,OH,43,4,Dark,Clear,Yard,Freight Train,7,8527,0,23145,H607,39.124551,-84.542521,52,55.5,58.2
NS,121345,2016-07-21,2:45 PM,Derailment,0,CINCINNATI,OH,95,2,Day,Clear,Yard,Freight Train,5,34186,18607,52793,H702,39.102514,-84.54005,77.8,79.2,79.1
CSX,000151331,2015-08-26,4:48 AM,Side collision,0,CINCINNATI,OH,62,4,Dark,Clear,Yard,Cut of cars,0,0,0,11507,S016,39.104323,-84.542438,63.6,65.6,66.5
CSX,000177302,2018-06-29,4:25 AM,Other impacts,0,CINCINNATI,OH,67,1,Dawn,Clear,Yard,Single Car,0,0,0,11978,M407,39.111198,-84.544067,76.9,78.5,80.3
CSX,000192437,2020-09-03,1:45 PM,Side collision,0,CINCINNATI,OH,81,2,Day,Clear,Yard,Single Car,6,12176,0,30786,H301,37.850351,-84.256836,76.6,76.1,73.4
CSX,000208894,2022-12-20,3:50 AM,Derailment,0,CINCINNATI,OH,28,4,Dark,Cloudy,Yard,Freight Train,7,69700,6118,75818,T220,39.136408,-84.542399,26.1,31.7,31
CSX,000197208,2021-04-24,10:45 PM,Side collision,0,CINCINNATI,OH,45,4,Dark,Cloudy,Yard,Single Car,2,38771,0,41536,H018,39.108303,-84.538432,45.5,48.6,51.8
CSX,000151018,2015-08-23,10:23 AM,Derailment,0,CINCINNATI,OH,82,2,Day,Clear,Yard,Yard/switching,15,8722,2600,11322,S016,39.104323,-84.538947,67.6,72.5,68.9
CSX,000189994,2020-05-01,7:56 PM,Side collision,0,CINCINNATI,OH,59,3,Dusk,Cloudy,Yard,Freight Train,3,15300,0,49350,H307,39.168057,-84.512297,49.8,54.5,65.9
CSX,000182962,2019-05-14,11:30 PM,Side collision,0,CINCINNATI,OH,43,4,Dark,Clear,Yard,Yard/switching,10,1466,13152,23145,H607,39.124551,-84.542521,52,55.5,58.2
CSX,000185133,2019-08-28,2:00 PM,Other impacts,0,CINCINNATI,OH,79,2,Day,Cloudy,Yard,Single Car,0,29565,0,29565,S014,39.124551,-84.542521,72.5,70.1,68.1
NS,131787,2018-11-24,12:40 PM,Other (describe in narrative),0,CINCINNATI,OH,45,2,Day,Clear,Main,Freight Train,4,7474,66826,74300,H306,39.101262,-84.540861,40.9,48,45.4
CSX,000175940,2018-04-21,4:27 AM,Other impacts,0,CINCINNATI,OH,68,1,Dawn,Clear,Yard,Single Car,6,1171,0,16286,S014,37.850351,-84.256836,47.6,49.7,54.9
IORY,IOR351717D,2017-06-30,3:00 PM,Derailment,0,CINCINNATI,OH,87,2,Day,Clear,Main,Freight Train,3,35000,5000,40000,E24C,39.172201,-84.482387,74.4,77.2,75.6
CSX,000152539,2015-09-28,2:06 PM,Other impacts,0,CINCINNATI,OH,80,2,Day,Clear,Yard,Cut of cars,0,1082,0,13311,S016,39.104323,-84.538947,69.6,70.3,69.1
NS,140891,2021-03-11,7:00 AM,Raking collision,0,CINCINNATI,OH,63,1,Dawn,Clear,Yard,Cut of cars,0,32902,4594,45496,H306,39.105834,-84.539912,55,61.2,54
CSX,000192869,2020-09-25,7:20 PM,Derailment,0,CINCINNATI,OH,70,3,Dusk,Clear,Industry,Yard/switching,4,289626,100,289726,H599,39.186286,-84.493804,64.8,65.3,67
CSX,000175940,2018-04-21,4:27 AM,Other impacts,0,CINCINNATI,OH,68,1,Dawn,Clear,Yard,Single Car,6,15015,100,16286,S014,37.850351,-84.256836,47.6,49.7,54.9
CSX,000177046,2018-06-17,7:28 AM,Other impacts,0,CINCINNATI,OH,85,1,Dawn,Clear,Yard,Cut of cars,14,40109,6982,47091,E09C,39.124551,-84.542521,77.6,81.6,83.4
CSX,000151331,2015-08-26,4:48 AM,Side collision,0,CINCINNATI,OH,62,4,Dark,Clear,Yard,Single Car,6,11507,0,11507,S016,39.104323,-84.542438,63.6,65.6,66.5
CIND,CIN462620R,2020-06-23,12:30 PM,Derailment,0,CINCINNATI,OH,80,2,Day,Cloudy,Main,Freight Train,10,219829,0,238774,E40C,39.248746,-84.81562,75.7,73.7,70.6
CSX,000156726,2016-02-02,1:00 AM,Other impacts,0,CINCINNATI,OH,35,4,Dark,Clear,Yard,Cut of cars,11,45126,0,45126,M407,39.104322,-84.538947,45,44.8,53.4
CSX,000190945,2020-06-22,4:15 AM,Derailment,0,CINCINNATI,OH,85,4,Dark,Clear,Yard,Yard/switching,6,106502,336776,443278,M411,39.111198,-84.544067,74.2,75.7,73.7
CSX,000187336,2019-12-22,5:15 AM,Derailment,0,CINCINNATI,OH,32,4,Dark,Clear,Main,Freight Train,24,491306,75263,566569,E29C,39.093676,-84.650368,36.2,35.7,38.9
CSX,000188525,2020-02-19,8:44 AM,Derailment,0,CINCINNATI,OH,25,2,Day,Clear,Yard,Cut of cars,0,84949,0,625123,T207,39.125335,-84.540044,48.2,34.9,29.7
NS,151755,2022-12-19,11:34 PM,Derailment,0,CINCINNATI,OH,31,4,Dark,Clear,Yard,Freight Train,9,79000,27245,106245,T202,39.177988,-84.48464,28.2,26.1,31.7
CSX,000162687,2016-09-06,2:45 AM,Derailment,0,CINCINNATI,OH,76,4,Dark,Cloudy,Yard,Yard/switching,7,17881,4056,21937,T207,39.104289,-84.538797,72.7,76.6,77.6
NS,119302,2016-02-10,3:45 AM,Derailment,1,CINCINNATI,OH,14,4,Dark,Snow,Yard,Freight Train,8,189954,0,195704,T207,39.143378,-84.543969,22.6,17,19.1
CSX,000201310,2021-11-15,7:14 AM,Derailment,0,CINCINNATI,OH,37,1,Dawn,Clear,Yard,Freight Train,10,97349,11601,108950,T207,39.149146,-84.544457,37.1,37.5,42.9
CSX,000219207,2024-07-11,2:25 AM,Derailment,0,CINCINNATI,OH,68,4,Dark,Cloudy,Yard,Yard/switching,5,91143,11806,102949,T202,39.11178,-84.53847,74.4,76.5,77.6
CSX,000181808,2019-03-13,9:56 PM,Derailment,0,CINCINNATI,OH,60,4,Dark,Clear,Yard,Yard/switching,3,72217,14296,86513,T102,37.850351,-84.256836,38.6,52.3,62.8
CSX,000174443,2016-02-10,3:45 AM,Derailment,0,CINCINNATI,OH,17,4,Dark,Cloudy,Main,Freight Train,0,0,5750,195704,T207,39.137486,-84.546277,22.6,17,19.1
CSX,000188525,2020-02-19,8:44 AM,Derailment,0,CINCINNATI,OH,25,2,Day,Clear,Yard,Yard/switching,6,407771,0,625123,T207,39.125335,-84.540044,48.2,34.9,29.7
CSX,000165530,2016-12-29,4:30 AM,Derailment,0,CINCINNATI,OH,31,1,Dawn,Cloudy,Yard,Freight Train,7,12623,1008,13631,T207,39.104289,-84.538797,36.5,40.2,33.4
NS,131802,2018-11-25,11:35 PM,Derailment,0,CINCINNATI,OH,48,4,Dark,Rain,Yard,Freight Train,7,14543,5035,19578,T110,39.103864,-84.5396,48,45.4,38.7
CSX,000174744,2018-02-14,7:31 PM,Derailment,0,CINCINNATI,OH,65,3,Dusk,Cloudy,Yard,Yard/switching,7,41266,1000,42266,T207,39.124551,-84.542521,32.8,49.6,62.7
CSX,000175385,2018-03-23,9:20 AM,Derailment,0,CINCINNATI,OH,49,2,Day,Clear,Yard,Freight Train,3,51481,31442,82923,T207,39.124551,-84.542521,33.5,37.6,33.4
CSX,000211908,2023-06-21,8:45 PM,Derailment,0,CINCINNATI,OH,70,4,Dark,Clear,Yard,Freight Train,7,102040,5536,107576,T205,39.136408,-84.542399,70.5,74,67.1
CSX,000188525,2020-02-19,8:44 AM,Derailment,0,CINCINNATI,OH,25,2,Day,Clear,Yard,Cut of cars,0,21403,111000,625123,T207,39.125335,-84.540044,48.2,34.9,29.7
CSX,000165580,2017-01-01,12:50 AM,Derailment,0,CINCINNATI,OH,30,4,Dark,Cloudy,Yard,Yard/switching,10,51085,1944,53029,T319,39.104289,-84.538797,38.3,38.5,48.7
UP,0823TO012,2023-08-05,4:32 PM,Derailment,0,CISCO,TX,104,2,Day,Clear,Main,Freight Train,40,641575,200823,842398,E07C,32.392272,-98.972215,94.6,96.1,95.2
ATK,172958,2022-12-04,10:36 AM,Obstruction,0,CISCO,UT,42,2,Day,Cloudy,Main,Passenger Train - Pulling,68,12151,0,12151,M403,39.024742,-109.219154,31.7,33.6,35
NS,125384,2017-06-10,6:12 AM,Derailment,0,CITY SPRINGS,NY,66,1,Dawn,Clear,Main,Freight Train,1,3440,0,60551,T318,42.842336,-78.177561,63.6,67.5,70.9
UP,0121PN009,2021-01-13,1:59 AM,Obstruction,0,CLACKAMAS,OR,57,4,Dark,Rain,Main,Freight Train,35,0,82640,82640,M404,45.422542,-122.571298,54.3,49.8,46.8
CVLY,04032020,2020-04-03,7:30 AM,Derailment,0,CLACKAMAS,OR,40,1,Dawn,Clear,Main,Freight Train,8,0,13450,13450,T110,45.251407,-122.341273,44.6,43.3,45.7
CVLY,04142020,2020-04-14,6:30 AM,Derailment,0,CLACKAMAS,OR,45,1,Dawn,Clear,Main,Freight Train,3,0,13500,13500,T110,45.25154,-122.341693,53.1,54.8,55.1
URR,21112,2021-09-21,10:15 AM,Derailment,0,CLAIRTON,PA,74,2,Day,Cloudy,Yard,Yard/switching,5,64370,50000,114370,E65C,40.296917,-79.868699,71,70.7,70.8
WE,170127,2017-11-13,12:45 AM,Derailment,0,CLAIRTON,PA,30,4,Dark,Rain,Yard,Yard/switching,5,23763,4360,28123,H702,40.299783,-79.880895,38,39.7,39.8
URR,7401,2017-01-07,8:10 PM,Derailment,0,CLAIRTON,PA,10,4,Dark,Cloudy,Industry,Yard/switching,7,8800,10399,19199,T319,40.3023,-79.876659,12.6,11.5,10.6
URR,TA6405,2016-04-26,12:50 PM,Derailment,0,CLAIRTON,PA,75,2,Day,Clear,Yard,Yard/switching,8,50000,32000,82000,T110,40.299524,-79.87055,64.7,67.2,54.1
WE,180043,2018-04-10,8:35 AM,Derailment,0,CLAIRTON,PA,40,2,Day,Clear,Yard,Freight Train,6,1766,86566,88332,T110,40.297483,-79.897253,30.8,34.8,43.5
WE,200077,2020-10-03,1:30 AM,Derailment,0,CLAIRTON,PA,45,4,Dark,Clear,Yard,Yard/switching,10,600,11698,12298,T110,40.292292,-79.881715,49.3,48.5,52.9
GLC,GLC121415,2015-12-14,12:40 PM,Derailment,0,CLARE,MI,56,2,Day,Rain,Yard,Freight Train,7,6658,14764,21422,H702,43.823346,-84.778639,49.1,53.2,40.4
ATK,162792,2020-01-16,5:48 PM,Obstruction,0,CLAREMONT,NH,29,3,Dusk,Cloudy,Main,Passenger Train - Pulling,66,11688,0,11688,M404,43.370403,-72.377792,36.4,30.4,9.7
NECR,NEC347220A,2020-01-16,5:48 PM,Obstruction,0,CLAREMONT,NH,29,3,Dusk,Snow,Main,,0,0,0,11688,E79L,43.370403,-72.377792,36.4,30.4,9.7
ATK,162555,2019-12-30,12:20 PM,Obstruction,0,CLAREMONT,NH,32,2,Day,Rain,Main,Passenger Train - Pulling,46,19945,0,19945,M404,43.314037,-72.380295,30.4,29.3,30.5
NECR,NEC394619A,2019-12-30,12:20 PM,Obstruction,0,CLAREMONT,NH,32,2,Day,Rain,Main,,0,0,0,19945,M404,43.314037,-72.380295,30.4,29.3,30.5
NS,140960,2021-03-18,10:00 PM,Derailment,0,CLAREMONT,NC,52,4,Dark,Rain,Main,Freight Train,8,33,15153,15186,T314,35.711527,-81.155309,47.9,51.8,50.5
BNSF,HL0223103,2023-02-03,8:55 AM,Derailment,0,CLAREMORE,OK,23,1,Dawn,Clear,Industry,Freight Train,4,107520,14000,121520,T110,36.232089,-95.714397,31.3,32.4,44.2
POCA,110215,2015-11-02,3:45 PM,Derailment,0,CLAREMORE,OK,70,2,Day,Clear,Yard,Yard/switching,4,13500,13900,27400,T108,36.244163,-95.738765,53.3,57.7,58.9
UP,0316WH008,2016-03-21,6:00 AM,Derailment,0,CLAREMORE,OK,30,4,Dark,Clear,Main,Freight Train,34,11760,6600,18360,T108,36.320637,-95.613253,39.3,47,59.9
UP,0121GL026,2021-01-26,3:01 AM,Fire/violent rupture,0,CLARENCE,IA,22,4,Dark,Snow,Main,Freight Train,30,54993,0,54993,M406,41.885162,-91.03198,23.2,21.3,13.3
KCS,21121401,2021-12-14,9:00 AM,Hwy-rail crossing,0,CLARENCE,LA,67,2,Day,Clear,Main,Freight Train,47,15280,18990,34270,M304,31.82098,-93.03046,49.2,66.9,70.7
BNSF,RD1023206,2023-10-18,3:10 PM,Hwy-rail crossing,0,CLARENDON,TX,76,2,Day,Clear,Main,Freight Train,60,0,25000,25000,M308,34.93946,-100.887247,63.4,63.6,66.2
BNSF,CH0522201,2022-05-11,8:16 AM,Hwy-rail crossing,0,CLARENDON HILLS,IL,82,1,Dawn,Clear,Main,,0,0,100000,250000,M302,41.797006,-87.954674,79.3,82.1,83.5
BNSO,SO0522201,2022-05-11,8:16 AM,Hwy-rail crossing,0,CLARENDON HILLS,IL,82,1,Dawn,Clear,Main,Passenger Train - Pushing,61,150000,0,250000,M302,41.797006,-87.954674,79.3,82.1,83.5
AZCR,AZCR022520,2020-02-17,11:10 AM,Derailment,0,CLARKDALE,AZ,43,2,Day,Clear,Main,Freight Train,10,6000,32000,38000,T110,34.881528,-112.174111,47.2,47.9,46.9
BNSF,HL0717203,2017-07-26,2:08 PM,Hwy-rail crossing,0,CLARKEDALE,AR,94,2,Day,Clear,Main,Freight Train,49,2500,11000,13500,M308,35.309344,-90.235957,83.7,84.1,82.7
CSX,000181608,2019-02-27,5:29 PM,Derailment,0,CLARKS HILL,SC,61,3,Dusk,Clear,Main,Freight Train,9,21480,525,22005,E22C,33.663258,-82.168189,56.8,61.4,60.3
PAL,2017APR1X,2017-04-12,11:02 AM,Hwy-rail crossing,0,CLARKSON,KY,70,2,Day,Clear,Main,Light loco(s),35,30000,59000,89000,M308,37.496154,-86.223061,61.5,59.3,63.9
LIRC,0103201901,2019-01-03,12:38 AM,Hwy-rail crossing,0,CLARKSVILLE,IN,41,4,Dark,Clear,Main,,0,0,25000,33493,M399,38.341978,-85.747525,43.2,40,42.2
BB,2017T102,2017-01-09,5:30 AM,Derailment,0,CLARKSVILLE,VA,24,4,Dark,Clear,Main,Freight Train,4,17287,28444,45731,M204,36.600725,-78.551958,17.4,16.1,30.4
CSX,000180640,2019-01-03,12:38 AM,Hwy-rail crossing,0,CLARKSVILLE,IN,41,4,Dark,Clear,Main,Freight Train,41,8493,0,33493,M399,38.341978,-85.747525,43.2,40,42.2
BNSF,HL0720102,2020-07-04,2:57 AM,Derailment,0,CLARKSVILLE,MO,75,4,Dark,Clear,Main,Freight Train,8,585299,780000,1365299,T001,39.415804,-90.980218,78.8,80.6,80.7
IANR,CLD0424182,2018-04-24,10:05 PM,Derailment,0,CLARKSVILLE,IA,50,4,Dark,Clear,Yard,Freight Train,5,11548,4376,15924,T102,42.780147,-92.673675,54,56.2,49.9
CSX,000163271,2016-10-01,11:47 PM,Derailment,0,CLARKTON,NC,56,4,Dark,Clear,Siding,Light loco(s),4,200000,96,200096,T314,34.617043,-79.009876,73.7,72.5,71.7
UP,0515NP019,2015-05-25,2:00 PM,Derailment,0,CLATONIA,NE,71,2,Day,Clear,Main,Freight Train,10,9268,60494,69762,T001,40.436368,-96.87573,63.7,66.4,64.7
BNSF,TX1115113,2015-11-27,6:25 AM,Derailment,0,CLAUDE,TX,23,1,Dawn,Snow,Main,Freight Train,14,3000,57528,60528,S011,35.086071,-101.29336,40.2,25.2,25.9
GC,GCR270318,2018-09-10,4:00 PM,Derailment,0,CLAXTON,GA,92,2,Day,Clear,Siding,Freight Train,3,15666,4153,19819,E4BC,32.143464,-81.735503,78.7,79,79.1
ATK,140753,2015-12-11,7:00 AM,Other (describe in narrative),0,CLAYMONT,DE,60,1,Dawn,Clear,Industry,,0,0,23000,23200,H022,39.753214,-75.504967,51.6,50.1,55.8
CRSH,122355,2016-10-07,5:20 PM,Derailment,0,CLAYMONT,DE,77,3,Dusk,Clear,Industry,Yard/switching,5,17336,1800,19136,T314,39.806412,-75.428708,63.7,63.6,63.8
CP,1000428537,2016-07-22,11:49 AM,Obstruction,0,CLAYTON,IA,85,2,Day,Rain,Main,Freight Train,25,28507,227,28734,M101,42.925545,-91.165638,83.5,78.2,72.7
BNSF,KS1019101,2019-10-04,2:56 PM,Derailment,0,CLAYTON,NM,65,2,Day,Clear,Siding,Freight Train,10,15127,0,15127,H503,36.485062,-103.302351,50.6,57.3,58
CP,1000867420,2018-10-31,7:39 PM,Derailment,0,CLAYTON,IA,45,3,Dusk,Clear,Industry,Yard/switching,10,26184,7988,34172,T110,42.89321,-91.130748,50.1,47.7,42.1
RJCP,RJCP0002,2016-11-14,1:15 PM,Derailment,0,CLEARFIELD,PA,55,2,Day,Clear,Industry,Freight Train,7,11200,7500,18700,M507,41.002336,-78.397912,39.7,39,40.9
UP,0616UT008,2016-06-13,10:30 AM,Derailment,0,CLEARFIELD,UT,70,2,Day,Clear,Yard,Freight Train,5,1109,109000,110109,E07C,41.108631,-112.024699,62.5,62.5,66.6
UP,0217UT013,2017-02-21,3:54 PM,Derailment,0,CLEARFIELD,UT,57,2,Day,Cloudy,Industry,Freight Train,5,6052,33363,39415,M101,41.092855,-112.025044,46.7,48.5,34.1
UP,0822RM018,2022-08-23,3:00 PM,Derailment,0,CLEARFIELD,UT,90,2,Day,Clear,Industry,Yard/switching,4,14788,0,14788,M501,41.094287,-112.031597,77,78.2,76.9
BNSF,PR0624106,2024-06-24,5:40 PM,Derailment,0,CLEARMONT,WY,96,3,Dusk,Clear,Main,Freight Train,26,888922,444000,1332922,M505,44.685837,-106.352644,78.3,77.2,72.7
FWWR,22080101,2022-08-01,9:05 PM,Other impacts,0,CLEBURNE,TX,91,4,Dark,Clear,Main,Yard/switching,10,18106,0,18106,H399,32.37679,-97.40253,91.4,90,91.3
BNSF,RD0621122,2021-06-28,4:55 AM,Derailment,0,CLEBURNE,TX,80,1,Dawn,Clear,Main,Freight Train,8,4753,44500,49253,H505,32.344651,-97.380099,82,77.3,79.4
BNSF,RD1120112,2020-11-16,9:50 PM,Derailment,0,CLEBURNE,TX,55,4,Dark,Clear,Yard,Freight Train,8,117067,396929,544458,H504,32.35175,-97.382456,57.3,54.5,57.7
BNSF,RD1120112,2020-11-16,9:50 PM,Derailment,0,CLEBURNE,TX,55,4,Dark,Clear,Yard,Cut of cars,0,30462,0,544458,H504,32.35175,-97.382456,57.3,54.5,57.7
BNSF,RD0820112,2020-08-10,8:20 PM,Derailment,0,CLEBURNE,TX,92,3,Dusk,Clear,Yard,Freight Train,8,66530,6000,72530,H503,32.353229,-97.382633,88.4,88.7,89.3
BNSF,TX0715109,2015-07-28,7:55 PM,Derailment,0,CLEBURNE,TX,100,3,Dusk,Clear,Yard,Freight Train,6,85000,461274,546274,H503,32.354011,-97.38265,87.3,86.7,87.5
BNSF,RD0718132,2018-07-23,1:48 PM,Derailment,0,CLEBURNE,TX,108,2,Day,Clear,Yard,Freight Train,8,24357,8000,32357,T108,32.357982,-97.383949,93,93,88.7
FWWR,23112001,2023-11-20,5:00 PM,Derailment,0,CLEBURNE,TX,65,2,Day,Clear,Yard,Yard/switching,9,300000,6724,306724,T110,32.400404,-97.431967,59.2,65.1,51.3
CSX,000159870,2016-05-18,5:55 AM,Derailment,0,CLEVELAND,OH,54,1,Dawn,Clear,Yard,Light loco(s),4,756,10363,11119,H702,41.571339,-81.55684,55.8,54.9,56.2
CSX,000191519,2020-07-20,1:00 AM,Other impacts,0,CLEVELAND,OH,75,4,Dark,Clear,Yard,Cut of cars,6,14212,0,14212,M105,41.571338,-81.55684,83.3,78.2,77.9
NS,131415,2018-10-23,1:40 PM,Other impacts,0,CLEVELAND,OH,54,2,Day,Cloudy,Yard,Yard/switching,5,10978,315,22084,H099,41.422254,-81.798126,46.1,49.5,46.5
CSX,000211355,2023-05-17,5:38 AM,Other impacts,0,CLEVELAND,OH,45,4,Dark,Clear,Industry,Single Car,0,54119,0,104009,H302,41.557718,-81.58725,59.9,50.6,50
CSX,000211355,2023-05-17,5:38 AM,Other impacts,0,CLEVELAND,OH,45,4,Dark,Clear,Industry,Yard/switching,5,49890,0,104009,H302,41.557718,-81.58725,59.9,50.6,50
CSX,000177148,2018-06-22,12:15 PM,Derailment,0,CLEVELAND,OH,70,2,Day,Cloudy,Yard,Yard/switching,4,10669,1488,12157,H702,41.571338,-81.55684,67.6,69.6,70.4
CSX,000205832,2022-06-28,7:11 PM,Side collision,0,CLEVELAND,OH,72,3,Dusk,Clear,Yard,Yard/switching,5,87229,17990,164825,H318,41.570296,-81.556448,71.7,68.3,72
CSX,000205832,2022-06-28,7:11 PM,Side collision,0,CLEVELAND,OH,72,3,Dusk,Clear,Yard,Single Car,5,59606,0,164825,H318,41.570296,-81.556448,71.7,68.3,72
CWRO,201660,2016-09-07,11:00 AM,Derailment,0,CLEVELAND,OH,85,2,Day,Clear,Industry,Yard/switching,8,5000,25000,30000,M204,41.275924,-81.401627,80,83.2,81.4
CWRO,201925,2019-05-22,11:50 AM,Derailment,0,CLEVELAND,OH,72,2,Day,Cloudy,Industry,Yard/switching,5,11500,8500,20000,H704,41.4667,-81.6758,52.3,64.1,68.9
CSX,000199472,2021-08-12,9:32 PM,Other impacts,0,CLEVELAND,OH,81,4,Dark,Cloudy,Industry,Cut of cars,2,32988,0,42588,H020,41.472879,-81.679302,78.7,79.9,79.1
CSX,000212286,2023-07-13,9:10 AM,Derailment,0,CLEVELAND,OH,72,2,Day,Cloudy,Yard,Freight Train,10,7742,100447,108189,E4BC,41.556216,-81.590608,74.3,72.1,73.6
CSX,000194370,2020-12-10,8:08 PM,Derailment,0,CLEVELAND,OH,34,4,Dark,Cloudy,Yard,Freight Train,5,14407,400,14807,E34C,41.563675,-81.573653,39,45,48.5
CSX,000206536,2022-08-05,3:43 AM,Derailment,0,CLEVELAND,OH,80,4,Dark,Clear,Yard,Yard/switching,4,10131,10752,20883,M204,41.556216,-81.590608,78.3,79.1,79.3
CSX,000205288,2022-05-31,7:25 PM,Other impacts,0,CLEVELAND,OH,80,3,Dusk,Clear,Yard,Cut of cars,12,60000,0,246000,H318,41.563361,-81.573775,79.7,83.1,77.4
CSX,000155246,2015-12-16,2:32 PM,Derailment,0,CLEVELAND,OH,58,2,Day,Cloudy,Yard,Freight Train,8,15899,1050,16949,H702,41.571339,-81.556841,46.2,49.4,44.3
CSX,000186347,2019-10-31,9:30 PM,Other impacts,0,CLEVELAND,OH,37,4,Dark,Sleet,Yard,Yard/switching,0,10719,0,11141,M105,41.571338,-81.55684,56,55.8,38.3
CWRO,201514,2015-02-10,11:13 AM,Derailment,0,CLEVELAND,OH,20,2,Day,Cloudy,Industry,Yard/switching,2,7500,6000,13500,H701,41.28,-81.8,19.1,19.9,27.5
NS,141499,2021-05-10,2:16 AM,Other (describe in narrative),0,CLEVELAND,OH,36,4,Dark,Cloudy,Yard,Freight Train,5,16694,74078,90772,H704,41.428567,-81.816167,44.3,50.2,49.8
CSX,000155556,2015-12-28,2:05 PM,Derailment,0,CLEVELAND,OH,37,2,Day,Rain,Yard,Freight Train,8,213642,5060,218702,T220,41.575262,-81.548488,46.6,37.4,45.2
CSX,000199472,2021-08-12,9:32 PM,Other impacts,0,CLEVELAND,OH,81,4,Dark,Cloudy,Industry,Single Car,2,9600,0,42588,H020,41.472879,-81.679302,78.7,79.9,79.1
CSX,000212280,2023-07-08,5:56 AM,Hwy-rail crossing,0,CLEVELAND,OH,65,1,Dawn,Clear,Main,,0,0,0,15185,M308,41.519808,-81.667144,73.5,71.7,71.6
CSX,000186347,2019-10-31,9:30 PM,Other impacts,0,CLEVELAND,OH,37,4,Dark,Sleet,Yard,Single Car,3,397,25,11141,M105,41.571338,-81.55684,56,55.8,38.3
CSX,000213534,2023-09-18,8:40 AM,Derailment,0,CLEVELAND,OH,70,2,Day,Cloudy,Yard,Yard/switching,4,26165,96172,122337,T220,41.570296,-81.556448,66.6,66.9,66
CSX,000198103,2021-06-08,11:55 AM,Derailment,0,CLEVELAND,OH,82,2,Day,Clear,Yard,Freight Train,6,37724,7150,44874,M405,41.571338,-81.55684,79.4,76.4,76.2
NS,135690,2019-10-02,10:48 AM,Other (describe in narrative),0,CLEVELAND,OH,71,2,Day,Cloudy,Yard,Yard/switching,6,15181,27030,42211,H607,41.428763,-81.816004,78.9,74.1,67.2
CWRO,202376,2023-09-11,2:53 AM,Derailment,0,CLEVELAND,OH,67,4,Dark,Clear,Industry,Yard/switching,10,5000,36000,41000,H503,41.466135,-81.676756,68.2,69.1,67.9
CSX,000205288,2022-05-31,7:25 PM,Other impacts,0,CLEVELAND,OH,80,3,Dusk,Clear,Yard,Freight Train,0,185000,1000,246000,H318,41.563361,-81.573775,79.7,83.1,77.4
NS,131415,2018-10-23,1:40 PM,Other impacts,0,CLEVELAND,OH,54,2,Day,Cloudy,Yard,Yard/switching,2,10791,0,22084,H099,41.422254,-81.798126,46.1,49.5,46.5
CWRO,201646,2016-07-24,9:30 AM,Derailment,0,CLEVELAND,OH,82,2,Day,Clear,Industry,Yard/switching,5,15000,5000,20000,M405,41.275699,-81.403677,81.3,81.1,82.1
CSX,000208757,2022-12-11,9:06 AM,Side collision,0,CLEVELAND,OH,37,2,Day,Cloudy,Yard,Yard/switching,10,7243,42132,118436,H306,41.570296,-81.556448,38.9,40.3,38.2
CSX,000201135,2021-11-03,9:40 AM,Derailment,0,CLEVELAND,OH,42,2,Day,Clear,Yard,Single Car,0,12878,0,12878,E29C,41.571338,-81.55684,44.1,43.3,41.5
BNSF,RD0617125,2017-06-26,1:27 PM,Derailment,0,CLEVELAND,TX,89,2,Day,Clear,Main,Freight Train,49,16664,23000,39664,M404,30.425432,-94.898681,78.1,77.3,77.3
NS,152485,2023-03-07,1:15 AM,Hwy-rail crossing,0,CLEVELAND,OH,34,4,Dark,Clear,Industry,Freight Train,9,35810,0,35810,M308,41.465472,-81.676703,41.3,35.9,35.1
CWRO,201783,2017-12-28,4:30 PM,Raking collision,0,CLEVELAND,OH,15,2,Day,Cloudy,Industry,Yard/switching,5,20000,250,20250,H401,41.467258,-81.676253,11.9,14.3,16.3
CSX,000144737,2015-04-07,11:45 PM,Derailment,0,CLEVELAND,OH,45,4,Dark,Rain,Yard,Freight Train,5,24125,6000,30125,M405,41.568365,-81.563248,49.7,42,39.2
CWRO,201667,2016-10-09,7:30 PM,Derailment,0,CLEVELAND,OH,60,3,Dusk,Clear,Industry,Yard/switching,5,10000,50000,60000,T214,41.281195,-81.400597,61.4,56,54.8
CWRO,08192024,2024-08-19,4:30 PM,Derailment,0,CLEVELAND,OH,69,2,Day,Clear,Industry,Yard/switching,7,5000,11600,16600,H505,41.465331,-81.543286,73.4,69.4,66