reportingrailroadcode,accidentnumber,date,time,accidenttype,hazmatreleasedcars,station,stateabbr,temperature,visibility_code,visibility,weathercondition,tracktype,equipmenttype,trainspeed,equipmentdamagecost,trackdamagecost,totaldamagecost,primaryaccidentcausecode,latitude,longitude,prior_temp,actual_temp,following_temp
CWRO,201781,2017-11-21,8:25 PM,Derailment,0,CLEVELAND,OH,34,4,Dark,Clear,Industry,Yard/switching,3,12000,1500,13500,E07C,41.470166,-81.667138,38.6,46.7,35.1
NS,131029,2018-09-20,11:55 AM,Derailment,0,CLEVELAND,OH,72,2,Day,Clear,Yard,Yard/switching,6,37000,250,37250,H306,41.453135,-81.685041,70,73.2,80.7
CSX,000206913,2022-08-27,9:05 AM,Derailment,0,CLEVELAND,OH,75,2,Day,Clear,Yard,Yard/switching,8,22415,144,22559,H202,41.570296,-81.556448,74.8,71.6,76.1
CSX,000196889,2021-04-08,1:05 PM,Derailment,0,CLEVELAND,OH,75,2,Day,Cloudy,Yard,Yard/switching,9,35165,5000,40165,H019,41.563675,-81.573653,66.1,70.5,68.2
CSX,000189580,2020-04-02,10:30 AM,Other impacts,0,CLEVELAND,OH,51,2,Day,Clear,Yard,Cut of cars,6,12265,0,12265,H312,41.571338,-81.55684,42.7,45,45.1
CSX,000191080,2020-06-27,7:39 AM,Derailment,0,CLEVELAND,OH,70,1,Dawn,Clear,Yard,Freight Train,2,33777,56400,90177,H525,41.571338,-81.55684,75,74.3,74.3
ATK,175429,2023-07-08,5:56 AM,Hwy-rail crossing,0,CLEVELAND,OH,65,1,Dawn,Clear,Main,Passenger Train - Pulling,50,15185,0,15185,M308,41.519808,-81.667144,73.5,71.7,71.6
CSX,000208757,2022-12-11,9:06 AM,Side collision,0,CLEVELAND,OH,37,2,Day,Cloudy,Yard,Freight Train,5,69061,0,118436,H306,41.570296,-81.556448,38.9,40.3,38.2
CSX,000178591,2018-09-05,1:49 PM,Derailment,0,CLEVELAND,OH,93,2,Day,Clear,Yard,Freight Train,4,36732,56888,93620,H525,41.571338,-81.55684,80.2,83.4,76.4
CWRO,201812,2018-02-20,11:55 AM,Derailment,0,CLEVELAND,OH,65,2,Day,Clear,Industry,Yard/switching,5,5000,7000,12000,T222,41.453544,-81.67415,49.5,67.8,45.7
NS,123856,2017-02-06,2:52 AM,Other (describe in narrative),0,CLEVELAND,OH,25,4,Dark,Cloudy,Main,Freight Train,11,15000,0,15000,E21C,41.428763,-81.816004,34.8,37.7,53.2
NSR,NSR212877,2021-01-13,8:45 AM,Derailment,0,CLEVELAND,OH,40,2,Day,Clear,Yard,Freight Train,6,165000,26000,191000,M204,41.444684,-81.642786,30.6,39.6,44
NS,138923,2020-08-21,4:00 PM,Derailment,0,CLEVELAND,NC,76,3,Dusk,Cloudy,Yard,Freight Train,10,582,11175,11757,T110,35.724099,-80.639245,73.6,72.7,74.8
CWRO,201727,2017-04-12,10:25 PM,Derailment,0,CLEVELAND,OH,49,4,Dark,Clear,Industry,Yard/switching,3,7500,8000,15500,T101,41.463359,-81.676126,59.3,47.9,47.1
CWRO,201680,2016-12-11,3:45 PM,Derailment,0,CLEVELAND,OH,30,2,Day,Cloudy,Industry,Yard/switching,10,30000,1500,31500,T106,41.464336,-81.677548,25.9,28.5,35.1
CWRO,201919,2019-05-04,5:35 AM,Derailment,0,CLEVELAND,OH,46,4,Dark,Clear,Industry,Yard/switching,4,12000,1500,13500,T203,41.4623,-81.6729,50.6,46.8,50.5
CSX,000167102,2017-02-27,5:24 PM,Derailment,0,CLEVELAND,OH,42,3,Dusk,Cloudy,Yard,Yard/switching,7,24270,1176,25446,T311,41.571339,-81.55684,33.5,44,51.8
CSX,000194270,2020-12-04,7:31 PM,Derailment,0,CLEVELAND,OH,40,3,Dusk,Cloudy,Yard,Freight Train,2,13023,263,13286,T101,41.571338,-81.55684,37.1,43.1,39.6
CWRO,201819,2018-04-01,12:30 PM,Derailment,0,CLEVELAND,OH,37,2,Day,Clear,Industry,Yard/switching,5,20000,7000,27000,T399,41.4647,-81.6713,43.6,36.4,35.1
NS,156024,2024-03-12,4:00 PM,Derailment,0,CLEVELAND,OH,56,3,Dusk,Clear,Yard,Freight Train,10,5450,21022,26472,T110,41.463151,-81.677747,43.7,58.2,58.8
CWRO,201841,2018-08-31,9:00 AM,Derailment,0,CLEVELAND,OH,70,2,Day,Clear,Industry,Yard/switching,4,8000,6000,14000,T113,41.4684,-81.6761,71.2,70.4,77.8
CSX,000198545,2021-06-30,6:20 AM,Derailment,0,CLEVELAND,OH,80,2,Day,Clear,Yard,Yard/switching,7,34618,12091,46709,T210,41.571338,-81.55684,81.1,76.1,73.3
CWRO,201512,2015-02-07,12:15 PM,Derailment,0,CLEVELAND,OH,35,2,Day,Clear,Industry,Yard/switching,7,5000,15000,20000,T103,41.28,-81.8,21.4,35.8,41.1
KCS,21082501,2021-08-25,6:15 PM,Derailment,0,CLEVELAND,MO,95,2,Day,Clear,Main,Freight Train,38,1407264,507994,1915258,T109,38.708316,-94.597583,83,82.8,84.4
NS,113358,2014-12-09,10:00 AM,Derailment,0,CLEVELAND,NC,42,2,Day,Clear,Yard,Freight Train,6,1275,20742,22017,T206,35.739213,-80.628711,36.7,41.7,39.3
NS,137232,2020-02-19,7:33 PM,Derailment,0,CLEVELAND,OH,25,3,Dusk,Cloudy,Industry,Freight Train,5,15000,0,15000,T207,41.502485,-81.702652,40.8,29.7,24.5
CWRO,201927,2019-05-19,11:00 AM,Derailment,0,CLEVELAND,OH,80,2,Day,Clear,Industry,Yard/switching,5,4000,9000,13000,T314,41.4612,-81.6732,59.7,74.3,60.2
CWRO,201930,2019-06-10,3:20 PM,Derailment,0,CLEVELAND,OH,65,2,Day,Cloudy,Industry,Yard/switching,3,6000,7500,13500,T402,41.4576,-81.674,75.9,67.6,64.6
CWRO,201972,2019-12-15,8:35 AM,Derailment,0,CLEVELAND,OH,31,2,Day,Cloudy,Industry,Yard/switching,1,8000,6000,14000,T001,41.469,-81.6759,38.8,33.2,33.5
CWRO,201869,2018-12-14,7:35 PM,Derailment,0,CLEVELAND,OH,35,4,Dark,Clear,Industry,Yard/switching,5,5000,7500,12500,T110,41.4665,-81.6756,38.7,45.2,39.4
BNSF,RD1119105,2019-11-08,4:19 AM,Derailment,0,CLEVELAND,TX,55,1,Dawn,Cloudy,Siding,Freight Train,10,588281,15000,603281,T111,30.451706,-94.844275,60.4,50,48.3
CWRO,201520,2015-03-08,4:00 AM,Derailment,0,CLEVELAND,OH,33,4,Dark,Clear,Industry,Yard/switching,3,7000,10000,17000,T299,41.28,-81.8,31.4,35.2,37.5
CWRO,201622,2016-03-30,11:45 AM,Derailment,0,CLEVELAND,OH,40,2,Day,Clear,Industry,Yard/switching,10,7500,7500,15000,T314,41.2828,-81.404,40.3,51.6,61.7
CIND,CIN838521O,2021-06-18,8:00 PM,Derailment,0,CLEVES,OH,73,2,Day,Cloudy,Main,,0,0,33744,120206,M204,39.169722,-84.774444,71.4,73.8,71.9
IORY,IOR807321D,2021-06-18,8:00 PM,Derailment,0,CLEVES,OH,73,2,Day,Cloudy,Main,Freight Train,9,86462,0,120206,M204,39.169722,-84.774444,71.4,73.8,71.9
IORY,IOR162122D,2022-08-11,11:30 PM,Derailment,0,CLEVES,OH,65,4,Dark,Clear,Main,Freight Train,9,74400,0,97200,T314,39.169739,-84.774531,75.5,72.6,69.2
CIND,CIN162222O,2022-08-11,11:30 PM,Derailment,0,CLEVES,OH,65,4,Dark,Clear,Main,Freight Train,0,0,22800,97200,T314,39.169739,-84.774531,75.5,72.6,69.2
SCXF,20221128C,2022-11-28,2:45 AM,Hwy-rail crossing,0,CLEWISTON,FL,74,4,Dark,Fog,Main,Freight Train,20,500000,150000,650000,M306,26.75407,-80.95923,77.3,72.2,69.4
SCXF,20200827D,2020-08-27,10:15 AM,Derailment,0,CLEWISTON,FL,95,2,Day,Clear,Siding,Freight Train,10,23000,2500,25500,H303,26.690727,-80.879942,82.1,80.9,82.1
AZER,AZE345220D,2020-02-24,8:20 PM,Derailment,0,CLIFTON,AZ,58,4,Dark,Clear,Main,Freight Train,10,118449,11164,129613,M204,32.881616,-109.203498,49.7,50.6,49.6
AZER,AZE205519D,2019-10-11,2:00 PM,Derailment,0,CLIFTON,AZ,80,2,Day,Clear,Main,Freight Train,10,63339,15776,79115,E4BC,33.01892,-109.29657,72,64.7,65.8
AZER,AZE755524D,2024-04-04,9:15 AM,Derailment,0,CLIFTON,AZ,74,2,Day,Clear,Main,Freight Train,12,36416,37438,73854,M204,32.881745,-109.205758,57.5,63.2,62.9
AZER,AZE787524D,2024-05-07,7:00 AM,Derailment,0,CLIFTON,AZ,50,1,Dawn,Clear,Main,Freight Train,10,64484,145711,210195,E40C,32.879802,-109.201345,69.1,68.9,73
AZER,AZE899724D,2024-08-16,3:00 PM,Derailment,0,CLIFTON,AZ,98,2,Day,Clear,Main,Freight Train,4,0,25894,25894,M405,33.050812,-109.295662,92,93,86.5
UP,0521RM006,2021-05-05,12:44 PM,Hwy-rail crossing,0,CLIFTON,CO,66,2,Day,Clear,Main,,0,0,0,17652,M303,39.093298,-108.42697,53.8,61.1,64.2
ATK,166990,2021-05-05,12:44 PM,Hwy-rail crossing,0,CLIFTON,CO,60,2,Day,Clear,Main,Passenger Train - Pulling,78,17652,0,17652,M303,39.092441,-108.430581,53.8,61.1,64.2
AZER,AZE235622D,2022-11-01,9:00 AM,Derailment,0,CLIFTON,AZ,62,2,Day,Cloudy,Main,Freight Train,8,14000,97995,111995,T204,32.940074,-109.252158,56.6,57.6,59.3
IC,1148829,2024-04-26,11:45 AM,Derailment,0,CLIFTON,IL,58,2,Day,Rain,Industry,Freight Train,10,25100,9500,34600,T205,40.935838,-87.934402,45.2,50.8,67.9
ATK,160159,2019-07-19,2:43 PM,Fire/violent rupture,0,CLIFTON FORGE,VA,85,2,Day,Clear,Main,Passenger Train - Pulling,0,12615,0,12615,M406,37.813453,-79.818864,72.1,75.1,77.4
CSX,000163861,2016-10-26,3:26 PM,Other impacts,0,CLIFTON FORGE,VA,62,2,Day,Clear,Main,Cut of cars,0,12126,0,64941,H302,37.813794,-79.828813,44.9,46,53.1
CSX,000218966,2024-06-28,9:17 PM,Derailment,0,CLIFTON FORGE,VA,78,4,Dark,Clear,Yard,Yard/switching,10,89774,1809,91583,H504,37.811388,-79.835301,70,69.7,73.7
CSX,000218422,2024-05-30,11:55 PM,Other impacts,0,CLIFTON FORGE,VA,49,4,Dark,Clear,Yard,Yard/switching,4,3000,0,52000,H309,37.811388,-79.835301,58.9,57.4,57.7
CSX,000186707,2019-11-19,3:09 AM,Derailment,0,CLIFTON FORGE,VA,36,4,Dark,Fog,Yard,Freight Train,10,19000,500,19500,M405,37.813036,-79.818732,36.9,34.7,35.8
CSX,000173642,2017-12-23,5:35 PM,Derailment,0,CLIFTON FORGE,VA,50,3,Dusk,Cloudy,Main,Freight Train,7,112599,4832,117431,H518,37.790369,-79.868489,43.8,46.9,31.8
CSX,000218422,2024-05-30,11:55 PM,Other impacts,0,CLIFTON FORGE,VA,49,4,Dark,Clear,Yard,Cut of cars,4,49000,0,52000,H309,37.811388,-79.835301,58.9,57.4,57.7
CSX,000163861,2016-10-26,3:26 PM,Other impacts,0,CLIFTON FORGE,VA,62,2,Day,Clear,Main,Freight Train,3,52815,0,64941,H302,37.813794,-79.828813,44.9,46,53.1
CSX,000206082,2022-07-13,1:35 AM,Derailment,0,CLIFTON FORGE,VA,67,4,Dark,Cloudy,Yard,Freight Train,7,29244,96,29340,H305,37.811388,-79.835301,70.9,74.7,73.4
CSX,000187114,2019-07-19,2:43 PM,Fire/violent rupture,0,CLIFTON FORGE,VA,85,2,Day,Clear,Main,,0,0,0,12615,M406,37.812251,-79.83193,72.1,75.1,77.4
CSX,000202127,2021-12-30,12:28 PM,Derailment,0,CLIFTON FORGE,VA,54,2,Day,Clear,Yard,Freight Train,7,48111,2397,50508,T110,37.811388,-79.835301,56.1,54,49.2
CSX,000174515,2018-01-28,12:11 AM,Derailment,0,CLIFTON FORGE,VA,36,4,Dark,Cloudy,Yard,Freight Train,1,11432,820,12252,T206,37.813678,-79.820349,42.1,44.4,33.1
CSX,000157776,2016-03-04,10:26 PM,Derailment,0,CLIFTON FORGE,VA,30,4,Dark,Clear,Yard,Yard/switching,4,10543,1356,11899,T110,37.81137,-79.835289,26.9,33.6,32.9
CSX,000195026,2021-01-15,12:00 AM,Obstruction,0,CLINCHCO,VA,35,4,Dark,Rain,Main,Freight Train,24,28574,2500,31074,M404,37.156561,-82.373066,33.2,35.2,29.3
UP,0216SA020,2016-02-19,4:44 AM,Derailment,0,CLINE,TX,61,4,Dark,Clear,Industry,Freight Train,2,36979,0,36979,H303,29.169668,-100.035862,65.1,66.2,70.2
UP,0916SA016,2016-09-25,5:20 PM,Derailment,0,CLINE,TX,75,3,Dusk,Clear,Industry,Freight Train,4,71765,766,72531,T402,29.17622,-100.032392,81.7,73.8,70.9
UP,0419ST016,2019-04-07,4:02 PM,Hwy-rail crossing,0,CLINT,TX,74,2,Day,Clear,Main,,0,0,300,15333,M308,31.58988,-106.226358,64.7,68.4,71.2
ATK,158360,2019-04-07,4:02 PM,Hwy-rail crossing,0,CLINT,TX,75,2,Day,Clear,Main,Passenger Train - Pulling,70,15033,0,15333,M308,31.58988,-106.226358,64.7,68.4,71.2
UP,0219GL022,2019-02-10,12:05 AM,Derailment,0,CLINTON,IA,22,4,Dark,Cloudy,Yard,Freight Train,8,120717,8875,129592,H303,41.817972,-90.217247,12.5,24.9,28.4
UP,1214CB011,2014-12-17,7:30 PM,Side collision,0,CLINTON,IA,23,4,Dark,Clear,Yard,Yard/switching,10,22582,1056,24653,H602,41.8131,-90.231002,34.6,21.6,18.8
UP,1214CB011,2014-12-17,7:30 PM,Side collision,0,CLINTON,IA,23,4,Dark,Clear,Yard,Yard/switching,2,1015,0,24653,H602,41.8131,-90.231002,34.6,21.6,18.8
UP,1218GL055,2018-12-30,7:50 AM,Derailment,0,CLINTON,IA,18,2,Day,Clear,Yard,Freight Train,7,17340,16714,34054,E46C,41.817972,-90.217247,23.5,26.6,33.8
UP,0215CB009,2015-02-26,11:30 AM,Derailment,0,CLINTON,IA,12,2,Day,Cloudy,Yard,Yard/switching,5,32107,1728,33835,T220,41.808937,-90.24243,15.2,7.5,-5.5
UP,0723GL043,2023-07-30,8:17 AM,Other impacts,0,CLINTON,IA,67,2,Day,Clear,Yard,Yard/switching,3,4622,18903,535586,H306,41.817544,-90.218288,74.1,72.1,73.3
UP,0723GL043,2023-07-30,8:17 AM,Other impacts,0,CLINTON,IA,67,2,Day,Clear,Yard,Freight Train,3,512061,0,535586,H306,41.817544,-90.218288,74.1,72.1,73.3
NS,139730,2020-11-13,10:35 AM,Hwy-rail crossing,0,CLINTON,TN,72,2,Day,Clear,Main,Freight Train,19,1016,20000,21016,M303,36.099897,-84.141818,59.4,53.5,50.9
CP,1001643235,2022-02-08,2:45 PM,Other impacts,0,CLINTON,IA,47,2,Day,Clear,Yard,Yard/switching,4,227849,0,235845,H302,41.82866,-90.19955,15.9,29.8,33.9
CP,1001643235,2022-02-08,2:45 PM,Other impacts,0,CLINTON,IA,47,2,Day,Clear,Yard,Cut of cars,0,7996,0,235845,H302,41.82866,-90.19955,15.9,29.8,33.9
UP,0422GL009,2022-04-06,8:00 AM,Derailment,0,CLINTON,IA,44,2,Day,Cloudy,Main,Freight Train,32,93648,443000,919032,E61C,41.800108,-90.333527,45.1,46,39.6
UP,0422GL009,2022-04-06,8:00 AM,Derailment,0,CLINTON,IA,44,2,Day,Cloudy,Main,Freight Train,0,382384,0,919032,E61C,41.800108,-90.333527,45.1,46,39.6
IC,1047373,2020-09-07,12:15 PM,Derailment,0,CLINTON,IL,75,2,Day,Cloudy,Industry,Yard/switching,6,2541,16414,18955,H303,40.154908,-88.956692,72,75.8,68.3
NS,126898,2017-10-04,12:40 PM,Other impacts,0,CLINTON,NJ,71,2,Day,Clear,Main,Spec. MoW Equip.,10,13365,0,13365,H997,40.606847,-74.914284,56.6,59,69.4
UP,0216CB014,2016-02-21,7:34 PM,Derailment,0,CLINTON,IA,39,4,Dark,Clear,Yard,Freight Train,9,43507,57622,120177,T221,41.806852,-90.248152,42.7,36.6,32.8
UP,0216CB014,2016-02-21,7:34 PM,Derailment,0,CLINTON,IA,39,4,Dark,Clear,Yard,Cut of cars,0,19048,0,120177,T221,41.806852,-90.248152,42.7,36.6,32.8
IC,863187,2015-08-23,8:05 AM,Other (describe in narrative),0,CLINTON,KY,90,2,Day,Cloudy,Main,Freight Train,4,15675,25,15700,H018,36.585095,-88.943249,71.8,76.2,67.5
IC,1125643,2023-01-03,3:26 AM,Obstruction,0,CLINTON,KY,62,4,Dark,Rain,Main,,0,0,0,13260,M404,36.6673,-88.9934,63.4,63.4,48.6
ATK,173303,2023-01-03,3:26 AM,Obstruction,0,CLINTON,KY,62,4,Dark,Rain,Main,Passenger Train - Pulling,80,13260,0,13260,M404,36.648405,-88.997498,63.4,63.4,48.6
UP,0820GL024,2020-08-21,11:05 AM,Derailment,0,CLINTON,IA,77,2,Day,Clear,Industry,Freight Train,10,37843,400,38243,T113,41.818517,-90.216492,69.2,70.1,71.8
UP,1118PR017,2018-11-20,7:00 PM,Derailment,0,CLINTON,IA,28,3,Dusk,Clear,Yard,Cut of cars,0,12,0,26014,T207,41.817576,-90.218101,26.5,27.4,29.9
GNBC,G11302019,2019-11-30,12:53 PM,Other impacts,0,CLINTON,OK,55,2,Day,Clear,Industry,Freight Train,3,0,68500,68500,T499,35.48473,-98.97464,42.3,46.7,39.6
GNBC,11302020G,2020-11-30,12:53 PM,Other impacts,0,CLINTON,OK,55,2,Day,Clear,Industry,Freight Train,3,0,68500,68500,T499,35.48473,-98.97464,41.4,33.9,39.2
UP,0123GL009,2023-01-01,9:05 AM,Derailment,0,CLINTON,IA,29,2,Day,Fog,Yard,Yard/switching,4,3365,30000,33365,T202,41.812352,-90.231761,28.2,34,35.1
UP,1118PR017,2018-11-20,7:00 PM,Derailment,0,CLINTON,IA,28,3,Dusk,Clear,Yard,Yard/switching,4,19402,6600,26014,T207,41.817576,-90.218101,26.5,27.4,29.9
UP,0622GL005,2022-06-10,8:10 AM,Derailment,0,CLINTON,IA,67,2,Day,Cloudy,Yard,Freight Train,3,40703,88640,129343,T202,41.813111,-90.229879,66.9,64.4,66.3
CP,1000399969,2016-05-22,3:32 PM,Derailment,0,CLINTON,IA,83,2,Day,Clear,Main,Freight Train,29,670636,301200,971836,T109,41.990879,-90.163639,63.4,67.9,71.4
UP,0316CB007,2016-03-27,3:45 PM,Derailment,0,CLINTON,IA,40,2,Day,Cloudy,Yard,Yard/switching,4,2201,268084,270285,T207,41.81155,-90.235174,43.5,42,45.8
UP,0415CB001,2015-04-07,7:35 PM,Derailment,0,CLINTON,IA,48,3,Dusk,Cloudy,Yard,Yard/switching,9,11657,3479,15136,T309,41.820277,-90.212614,52.3,46,48.5
UP,0115CB009,2015-01-16,9:35 PM,Derailment,0,CLINTON,IA,32,4,Dark,Cloudy,Yard,Yard/switching,7,415,30950,31365,T199,41.812238,-90.233387,25.6,26,37.4
UP,1215CB012,2015-12-20,4:45 PM,Derailment,0,CLINTON,IA,42,4,Dark,Cloudy,Yard,Yard/switching,6,155,12424,12579,T206,41.80746,-90.246472,22.2,41.4,43.3
UP,1014CB016,2014-10-29,4:15 AM,Derailment,0,CLINTON,IA,45,4,Dark,Cloudy,Yard,Freight Train,8,13538,118521,132059,T315,41.807474,-90.24656,51.6,43.4,41
CSX,000176386,2018-05-13,4:44 PM,Derailment,0,CLINTON,SC,94,2,Day,Clear,Main,Freight Train,30,132368,97342,229710,T109,34.472962,-81.77248,75.7,77,77.2
UP,0423GL035,2023-04-21,10:03 PM,Derailment,0,CLINTON,IA,42,4,Dark,Cloudy,Yard,Cut of cars,0,105405,0,370935,T202,41.815368,-90.224405,55.4,45.4,36.9
UP,0423GL035,2023-04-21,10:03 PM,Derailment,0,CLINTON,IA,42,4,Dark,Cloudy,Yard,Freight Train,7,258430,7100,370935,T202,41.815368,-90.224405,55.4,45.4,36.9
CSX,000157216,2016-02-19,7:20 AM,Derailment,0,CLINTON,TN,38,2,Day,Clear,Industry,Freight Train,4,326435,50000,376435,T110,36.01974,-84.162292,40.6,48.8,54.8
GNBC,G06012024,2024-06-01,8:58 AM,Derailment,0,CLINTON,OK,88,2,Day,Clear,Yard,Freight Train,10,47500,31700,79200,T314,35.52571,-98.96374,71.2,75,71.3
UP,1119GL027,2019-11-21,3:31 PM,Derailment,0,CLINTON,IA,41,2,Day,Cloudy,Yard,Yard/switching,2,10895,47960,58855,T207,41.816039,-90.221677,41,44.2,30.3
GNBC,11032017,2017-11-03,5:34 PM,Hwy-rail crossing,0,CLINTON SHERMAN AFB,OK,60,3,Dusk,Clear,Industry,Yard/switching,4,50000,0,50000,M302,35.455953,-98.981542,54.9,52.5,58.2
BNSF,TC1221206,2021-12-27,12:22 PM,Hwy-rail crossing,0,CLOQUET,MN,20,2,Day,Snow,Main,Freight Train,30,5000,25000,30000,M302,46.723747,-92.44062,17.4,16.8,8.2
BNSF,TC0118111,2018-01-17,7:30 PM,Derailment,0,CLOQUET,MN,29,3,Dusk,Clear,Yard,Freight Train,9,1500,41070,42570,H703,46.723712,-92.44134,3.4,13.8,28.9
NS,121139,2016-07-06,11:30 AM,Other impacts,0,CLOVER,VA,90,2,Day,Clear,Industry,Light loco(s),0,40968,0,41088,H017,36.855082,-78.718856,78.1,78,79
NS,121139,2016-07-06,11:30 AM,Other impacts,0,CLOVER,VA,90,2,Day,Clear,Industry,Light loco(s),10,120,0,41088,H017,36.855082,-78.718856,78.1,78,79
CSX,000219441,2024-07-20,12:00 AM,Derailment,0,CLOVERDALE,IN,79,4,Dark,Clear,Industry,Single Car,2,51328,3900,55228,M501,39.514092,-86.797308,69,71.3,72.6
NS,113676,2015-01-05,5:40 PM,Derailment,0,CLOVERDALE,VA,30,3,Dusk,Clear,Siding,Freight Train,4,2000,24854,26854,T110,37.37359,-79.903305,49.9,36,32.9
BNSF,SW0323112,2023-03-29,6:30 AM,Derailment,0,CLOVIS,NM,40,1,Dawn,Clear,Yard,Yard/switching,5,22061,33960,56021,H307,34.398023,-103.219917,38.1,51.7,58
BNSF,SW0415108,2015-04-17,5:30 PM,Other impacts,0,CLOVIS,NM,66,3,Dusk,Clear,Yard,Yard/switching,2,16850,0,16850,H018,34.397933,-103.213051,61.6,54.6,54.1
BNSF,SW1020102,2020-10-06,7:05 AM,Derailment,0,CLOVIS,NM,55,1,Dawn,Clear,Yard,Yard/switching,8,15754,1000,16754,E39C,34.396577,-103.197564,66.1,68.8,69.7
BNSF,SW0420108,2020-04-14,2:30 PM,Derailment,0,CLOVIS,NM,70,2,Day,Clear,Yard,Freight Train,5,12000,44000,56000,E4BC,34.397489,-103.21638,31.6,31.5,46
BNSF,SW0422101,2022-04-01,12:14 PM,Derailment,0,CLOVIS,NM,65,2,Day,Clear,Yard,Yard/switching,8,900,15136,16036,H209,34.396747,-103.205955,43.8,53,54.5
BNSF,SW0215112,2015-02-27,11:13 PM,Other impacts,0,CLOVIS,NM,22,4,Dark,Snow,Yard,Yard/switching,10,13356,0,13356,H307,34.398587,-103.223522,24.4,13.2,18.8
BNSF,SW0719105,2019-07-25,5:04 AM,Derailment,0,CLOVIS,NM,68,1,Dawn,Clear,Yard,Yard/switching,7,21000,82000,103000,H607,34.396688,-103.195564,74.7,77.4,77.9
BNSF,SW0118102,2018-01-07,5:16 PM,Side collision,0,CLOVIS,NM,48,3,Dusk,Clear,Main,Freight Train,18,108,0,43108,H220,34.398606,-103.223721,42.1,47.1,42.6
BNSF,SW0522102,2022-05-21,8:45 AM,Derailment,0,CLOVIS,NM,75,1,Dawn,Clear,Yard,Light loco(s),10,300,12580,12880,H607,34.395655,-103.215556,72.7,54.3,53.6
BNSF,SW0321105,2021-03-13,8:45 PM,Derailment,0,CLOVIS,NM,55,3,Dusk,Clear,Yard,Yard/switching,8,9489,13500,32478,H306,34.39651,-103.19772,58.3,56.7,44.9
BNSF,SW1218103,2018-12-08,6:45 AM,Derailment,0,CLOVIS,NM,27,1,Dawn,Clear,Yard,Freight Train,6,1165,43698,44863,H607,34.395741,-103.179479,31.7,32.5,33.6
BNSF,SW0118102,2018-01-07,5:16 PM,Side collision,0,CLOVIS,NM,48,3,Dusk,Clear,Main,Freight Train,26,20000,23000,43108,H220,34.398606,-103.223721,42.1,47.1,42.6
BNSF,SW0321105,2021-03-13,8:45 PM,Derailment,0,CLOVIS,NM,55,3,Dusk,Clear,Yard,Yard/switching,7,9489,0,32478,H306,34.39651,-103.19772,58.3,56.7,44.9
BNSF,SW0116101,2016-01-16,3:45 PM,Derailment,0,CLOVIS,NM,60,2,Day,Clear,Yard,Freight Train,7,63661,680151,743812,H607,34.397991,-103.219643,39.5,33.5,37.3
BNSF,SW0522101,2022-05-14,6:15 PM,Other (describe in narrative),0,CLOVIS,NM,80,3,Dusk,Cloudy,Yard,Freight Train,5,0,21470,21470,H607,34.398692,-103.231539,69.2,73.9,79
BNSF,SW1023103,2023-10-14,1:15 AM,Derailment,0,CLOVIS,NM,68,4,Dark,Clear,Yard,Freight Train,8,12665,6000,18665,H505,34.396065,-103.200647,52.1,47.4,50.5
BNSF,SW0818102,2018-08-05,11:38 AM,Derailment,0,CLOVIS,NM,90,2,Day,Clear,Yard,Freight Train,6,12276,1300,13576,H307,34.401193,-103.265946,78.2,77.8,76.1
BNSF,SW0618201,2018-06-04,3:38 PM,Hwy-rail crossing,0,CLOVIS,NM,95,2,Day,Clear,Main,Freight Train,25,30000,513585,543585,M302,34.332271,-103.223434,66.7,70.3,78.8
BNSF,SW0722104,2022-07-15,12:06 PM,Derailment,0,CLOVIS,NM,97,2,Day,Clear,Yard,Yard/switching,8,24702,238388,263090,H525,34.399032,-103.230528,83.2,83.8,83.4
BNSF,SW1214103,2014-12-09,11:50 AM,Derailment,0,CLOVIS,NM,54,2,Day,Clear,Yard,Yard/switching,8,11900,156969,168869,H607,34.4125,-103.204611,47.2,45.9,49.5
BNSF,SW0324203,2024-03-17,9:57 AM,Hwy-rail crossing,0,CLOVIS,NM,45,2,Day,Rain,Main,Single Car,25,30470,0,30470,M399,34.39582,-103.17827,42.9,45.2,44.9
BNSF,SW1019101,2019-10-02,7:03 AM,Derailment,0,CLOVIS,NM,65,1,Dawn,Rain,Yard,Freight Train,5,26037,2000,28037,T221,34.394623,-103.211333,65.5,68.7,57.2
BNSF,SW1120102,2020-11-18,1:55 AM,Derailment,0,CLOVIS,NM,50,4,Dark,Clear,Yard,Yard/switching,6,28000,3000,31000,H008,34.396763,-103.197753,50.4,56.8,62.8
BNSF,SW0721108,2021-07-26,8:10 AM,Obstruction,0,CLOVIS,NM,80,1,Dawn,Clear,Main,Freight Train,14,1850,11152,13002,M402,34.361567,-103.223179,76.7,71.2,75.4
BNSF,SW0718103,2018-07-07,9:38 AM,Derailment,0,CLOVIS,NM,75,2,Day,Clear,Yard,Yard/switching,6,24982,36000,60982,H307,34.398524,-103.225133,73.8,72.7,74.5
BNSF,SW0124111,2024-01-21,1:45 PM,Derailment,0,CLOVIS,NM,41,2,Day,Cloudy,Yard,Yard/switching,5,11375,10527,21902,H503,34.39678,-103.200781,25.1,31.4,41.3
BNSF,SW0621102,2021-06-08,2:50 PM,Derailment,0,CLOVIS,NM,103,2,Day,Clear,Yard,Freight Train,2,2482,24000,26482,T108,34.397463,-103.214132,78.5,80.7,81.8