reportingrailroadcode,accidentnumber,date,time,accidenttype,hazmatreleasedcars,station,stateabbr,temperature,visibility_code,visibility,weathercondition,tracktype,equipmenttype,trainspeed,equipmentdamagecost,trackdamagecost,totaldamagecost,primaryaccidentcausecode,latitude,longitude,prior_temp,actual_temp,following_temp
BNSF,SW0720104,2020-07-12,2:50 PM,Derailment,0,CLOVIS,NM,110,2,Day,Clear,Yard,Freight Train,5,15000,16000,31000,T001,34.397653,-103.216603,89.4,88.3,89.4
BNSF,SW0120102,2020-01-18,7:36 AM,Derailment,0,CLOVIS,NM,45,1,Dawn,Clear,Yard,Yard/switching,10,21044,40000,61044,T001,34.394411,-103.210435,37.1,34.5,32.6
BNSF,SW0724102,2024-07-06,9:45 AM,Derailment,0,CLOVIS,NM,72,2,Day,Clear,Yard,Freight Train,6,5858,42277,48135,T314,34.397891,-103.218463,74.7,77.3,80.5
BNSF,SW0418102,2018-04-09,9:55 PM,Derailment,0,CLOVIS,NM,45,4,Dark,Clear,Yard,Freight Train,8,45000,100000,145000,T207,34.395421,-103.20672,55.7,50.2,54.6
BNSF,SW0623103,2023-06-08,10:36 PM,Derailment,0,CLOVIS,NM,55,4,Dark,Rain,Yard,Yard/switching,6,5393,6707,12100,T110,34.394191,-103.209292,67,70.6,72.5
UP,0422GC011,2022-04-08,6:00 PM,Derailment,0,CLUTE,TX,77,3,Dusk,Clear,Yard,Yard/switching,3,35456,34772,70228,E24C,29.014439,-95.389932,64.9,61.2,63.5
ATK,159918,2019-07-07,4:41 PM,Obstruction,0,CLYDE,NY,81,2,Day,Clear,Main,Passenger Train - Pulling,79,12875,0,12875,M402,43.066362,-76.790451,76.2,69.9,67.2
UP,0620TO016,2020-06-05,10:13 AM,Derailment,0,COAHOMA,TX,82,2,Day,Clear,Main,Freight Train,30,240379,1853478,2093857,E04C,32.300258,-101.282616,84.3,84.4,84
UP,0917FW006,2017-09-13,11:05 AM,Hwy-rail crossing,0,COAHOMA,TX,89,2,Day,Clear,Main,Freight Train,39,46708,33,46741,M302,32.298737,-101.289386,76.5,82.2,84.6
BNSF,CH1016201,2016-10-06,9:40 AM,Hwy-rail crossing,0,COAL CITY,IL,64,2,Day,Rain,Main,Freight Train,62,500,20000,20500,M302,41.25731,-88.355648,69.9,66.3,61
NS,137241,2020-02-20,12:45 PM,Obstruction,0,COALING,AL,44,2,Day,Rain,Main,Spec. MoW Equip.,5,42101,0,42101,H997,33.163624,-87.350335,51.4,45.5,38.6
NS,138569,2020-07-18,3:10 PM,Derailment,0,COALING,AL,94,2,Day,Clear,Main,Freight Train,39,884995,296804,1181799,H508,33.158907,-87.310808,83.7,84.4,84.1
UP,0821ES036,2021-08-17,3:30 PM,Obstruction,0,COALVILLE,UT,84,2,Day,Clear,Main,Spec. MoW Equip.,10,35519,0,35519,H199,41.198024,-111.11361,77.4,76.8,58.3
UP,0821ES036,2021-08-17,3:30 PM,Obstruction,0,COALVILLE,UT,84,2,Day,Clear,Main,Spec. MoW Equip.,0,0,0,35519,H199,41.198024,-111.11361,77.4,76.8,58.3
UP,0123RM001,2023-01-01,5:46 PM,Obstruction,0,COALVILLE,UT,30,2,Day,Cloudy,Main,Freight Train,0,1651,5000,19632,M402,41.039178,-111.328053,37.3,30.5,27.1
UP,1218RM018,2018-12-09,2:01 PM,Fire/violent rupture,0,COALVILLE,UT,30,2,Day,Clear,Main,Freight Train,32,13532,0,13532,M406,40.975658,-111.431919,30.8,28,26.6
UP,0123RM001,2023-01-01,5:46 PM,Obstruction,0,COALVILLE,UT,30,2,Day,Cloudy,Main,Freight Train,26,12981,0,19632,M402,41.039178,-111.328053,37.3,30.5,27.1
ATK,144604,2016-10-11,12:27 AM,Other (describe in narrative),0,COATESVILLE,PA,35,4,Dark,Clear,Main,Passenger Train - Pulling,90,13557,9235,22792,E00L,39.9929,-75.7452,51.6,51,53.7
ATK,173137,2022-12-15,1:27 PM,Obstruction,0,COATESVILLE,PA,34,2,Day,Rain,Main,Passenger Train - Pulling,87,20725,0,20725,H997,39.98707,-75.81618,29.1,34.9,41
ESPN,ESPN820221,2022-08-17,12:00 PM,Derailment,0,COATESVILLE,PA,85,2,Day,Cloudy,Main,Freight Train,10,287566,94143,381709,E40C,39.944167,-75.775833,69.1,68.1,70.4
ATK,143714,2016-08-09,5:30 PM,Other (describe in narrative),0,COATESVILLE,PA,84,2,Day,Clear,Main,EMU,0,0,13287,13287,T404,39.98872,-75.806355,74.1,74,79.6
SEPA,21769,2016-08-09,5:30 PM,Other (describe in narrative),0,COATESVILLE,PA,84,2,Day,Clear,Main,Passenger Train - Pulling,0,0,0,13287,T404,39.98872,-75.806355,74.1,74,79.6
NS,125552,2017-06-23,11:30 AM,Derailment,0,COATESVILLE,PA,84,2,Day,Clear,Industry,Freight Train,4,11387,2703,14090,T314,39.987802,-75.812706,75.4,77,75.6
NS,126358,2017-08-23,3:00 PM,Derailment,0,COATSVILLE,PA,80,2,Day,Clear,Industry,Freight Train,9,2700,8989,11689,T222,39.973147,-75.821778,77.9,72.7,67.7
CP,1000252976,2015-08-14,9:35 AM,Hwy-rail crossing,0,COBDEN,MN,77,2,Day,Clear,Main,Freight Train,38,48387,225,48612,M304,44.288055,-94.84647,74.1,77.8,77
UP,0418ST013,2018-04-18,5:56 AM,Obstruction,0,COCHISE,AZ,70,1,Dawn,Clear,Main,Freight Train,65,35062,132,35194,M404,32.085077,-109.94346,64.9,62.6,67.1
FEC,D67102317,2017-10-23,1:17 AM,Derailment,0,COCOA,FL,80,4,Dark,Cloudy,Yard,Yard/switching,9,2750,8429,11179,M405,28.40352,-80.757578,81.5,81.2,75.9
FEC,X32112017,2017-11-20,11:34 AM,Hwy-rail crossing,0,COCOA,FL,80,2,Day,Clear,Main,Freight Train,48,50000,299097,349097,M308,28.404486,-80.755401,70.1,70.2,72.1
FEC,D31050123,2023-05-01,10:15 AM,Derailment,0,COCOA,FL,80,2,Day,Clear,Industry,Yard/switching,9,5242,14951,20193,T205,28.275689,-80.694389,77,74.1,76.8
BNSF,NW0517100,2017-05-01,6:16 AM,Derailment,0,COCOLALLA,ID,42,1,Dawn,Cloudy,Main,Freight Train,37,1526199,995770,2521969,E61C,48.070259,-116.636764,52.1,44,47.7
NS,123743,2017-01-29,11:50 AM,Derailment,0,COE,IN,40,2,Day,Clear,Main,Freight Train,36,26152,12631,38783,E22C,38.353997,-87.285295,32.2,32.3,32.2
NS,154406,2023-10-04,9:10 AM,Derailment,0,COEBURN,VA,62,2,Day,Clear,Main,Spec. MoW Equip.,10,20000,0,20000,M599,36.946056,-82.409816,65.6,66,64.2
UP,0120HL032,2020-01-22,1:00 PM,Derailment,0,COFFEYVILLE,KS,35,2,Day,Cloudy,Yard,Yard/switching,8,185436,101314,286750,T221,37.028153,-95.624397,28.1,35.1,39.1
UP,1019HL029,2019-10-19,3:40 PM,Derailment,0,COFFEYVILLE,KS,71,2,Day,Clear,Yard,Yard/switching,4,214719,2325,217044,H511,37.030292,-95.628655,58.5,59.6,60.3
UP,0518KC024,2018-05-30,5:15 PM,Derailment,0,COFFEYVILLE,KS,90,2,Day,Clear,Yard,Yard/switching,3,11078,474,11552,H525,37.029714,-95.625066,80.4,76.7,80
UP,0722HL013,2022-07-08,7:46 PM,Derailment,0,COFFEYVILLE,KS,94,3,Dusk,Clear,Yard,Freight Train,0,63306,50,63356,H505,37.030424,-95.630984,91.3,89.6,82.7
UP,0623HL017,2023-06-23,4:37 AM,Derailment,0,COFFEYVILLE,KS,70,1,Dawn,Cloudy,Yard,Freight Train,3,64318,533,64851,H505,37.017895,-95.625138,79.9,80.3,82.4
UP,1021HL031,2021-10-28,4:10 AM,Derailment,0,COFFEYVILLE,KS,53,1,Dawn,Rain,Siding,Freight Train,12,116085,31248,147333,H503,37.029827,-95.625517,61.1,52.5,52.6
UP,1219HL019,2019-12-23,6:00 PM,Derailment,0,COFFEYVILLE,KS,50,3,Dusk,Clear,Yard,Yard/switching,3,86734,57816,144550,H704,37.022345,-95.624567,34.5,40.4,49
UP,1121HL003,2021-11-09,12:45 PM,Derailment,0,COFFEYVILLE,KS,68,2,Day,Cloudy,Main,Freight Train,2,71678,600,72278,H505,37.03297,-95.653481,61.6,62.4,63.2
SKOL,210528001,2021-05-28,11:00 AM,Derailment,0,COFFEYVILLE,KS,65,2,Day,Clear,Industry,,0,0,38000,38954,H505,37.07951,-95.602223,71,61.6,55.6
UP,0523HL014,2023-05-15,7:05 PM,Derailment,0,COFFEYVILLE,KS,69,3,Dusk,Cloudy,Industry,Yard/switching,5,800,0,28200,T220,37.036778,-95.613542,73.1,70.2,62.1
SKOL,160106002,2016-01-06,4:00 AM,Derailment,0,COFFEYVILLE,KS,33,4,Dark,Clear,Yard,Yard/switching,10,156019,2700,158719,T212,37.025948,-95.616739,29.2,37.5,46
UP,0521HL020,2021-05-28,11:03 AM,Derailment,0,COFFEYVILLE,KS,64,2,Day,Clear,Industry,Yard/switching,3,954,0,38954,H505,37.07951,-95.602223,71,61.6,55.6
UP,0922HL014,2022-09-17,12:54 AM,Other impacts,0,COFFEYVILLE,KS,77,4,Dark,Clear,Yard,Single Car,0,0,0,18881,H312,37.029682,-95.623167,76.9,82.5,86
SKOL,220803002,2022-08-03,2:00 AM,Hwy-rail crossing,0,COFFEYVILLE,KS,97,4,Dark,Clear,Industry,Yard/switching,12,5000,11500,16500,M399,37.030329,-95.615852,88.7,90.6,85.1
UP,0615WH008,2015-06-13,4:30 AM,Derailment,0,COFFEYVILLE,KS,68,4,Dark,Rain,Yard,Freight Train,8,9198,7230,16428,H307,37.017893,-95.625234,77.2,73.7,76.1
UP,1022HL005,2022-10-11,7:35 PM,Derailment,0,COFFEYVILLE,KS,73,3,Dusk,Clear,Yard,Freight Train,7,38665,300,38965,H525,37.030097,-95.625929,66.5,68.8,67.9
UP,1022HL001,2022-10-02,10:45 PM,Derailment,0,COFFEYVILLE,KS,63,4,Dark,Clear,Yard,Cut of cars,0,5690,0,70702,H306,37.027379,-95.624239,63.8,65.8,67
UP,0618KC017,2018-06-16,11:50 AM,Derailment,0,COFFEYVILLE,KS,90,2,Day,Clear,Yard,Freight Train,1,84375,297,84672,M405,37.030255,-95.628848,83.2,82.9,83.3
UP,0922HL014,2022-09-17,12:54 AM,Other impacts,0,COFFEYVILLE,KS,77,4,Dark,Clear,Yard,Yard/switching,4,18681,200,18881,H312,37.029682,-95.623167,76.9,82.5,86
UP,0521HL016,2021-05-26,8:18 AM,Other impacts,0,COFFEYVILLE,KS,67,2,Day,Cloudy,Yard,Yard/switching,3,0,0,19663,H312,37.019368,-95.624775,69.9,73.7,71
UP,0521HL016,2021-05-26,8:18 AM,Other impacts,0,COFFEYVILLE,KS,67,2,Day,Cloudy,Yard,Cut of cars,5,19663,0,19663,H312,37.019368,-95.624775,69.9,73.7,71
SKOL,230515003,2023-05-15,7:00 PM,Derailment,0,COFFEYVILLE,KS,72,2,Day,Clear,Industry,,0,0,27400,28200,H599,37.03022,-95.610998,73.1,70.2,62.1
UP,0222HL012,2022-02-23,10:15 AM,Derailment,0,COFFEYVILLE,KS,12,2,Day,Snow,Yard,Yard/switching,3,57354,198,57552,H525,37.029811,-95.625223,25.6,13.8,19.9
UP,0423HL009,2023-04-11,8:50 AM,Derailment,0,COFFEYVILLE,KS,53,2,Day,Clear,Main,Freight Train,17,132792,234800,367592,E47C,37.02874,-95.624575,61.8,62.9,64.6
UP,0422HL013,2022-04-21,10:23 AM,Derailment,0,COFFEYVILLE,KS,67,2,Day,Rain,Yard,Yard/switching,8,47930,99,48029,H505,37.030181,-95.626515,60.6,68.5,74.7
UP,0520HL010,2020-05-19,6:40 AM,Derailment,0,COFFEYVILLE,KS,50,1,Dawn,Cloudy,Yard,Freight Train,5,28626,33,28659,H525,37.017888,-95.625097,60.8,59.8,62.4
UP,0923HL001,2023-09-04,12:18 AM,Derailment,0,COFFEYVILLE,KS,82,4,Dark,Cloudy,Siding,Freight Train,2,127046,0,127046,H514,37.03297,-95.653481,79.2,84.6,86.3
UP,0520HL007,2020-05-18,11:51 AM,Derailment,0,COFFEYVILLE,KS,60,2,Day,Cloudy,Siding,Freight Train,4,42086,490,42576,H607,37.030305,-95.628845,65.6,60.8,59.8
SKOL,161025001,2016-10-25,2:45 PM,Derailment,0,COFFEYVILLE,KS,80,2,Day,Clear,Yard,Freight Train,0,0,30270,42019,T108,37.030211,-95.606538,62.6,67.3,66.9
UP,0619HL033,2019-06-25,9:23 AM,Derailment,0,COFFEYVILLE,KS,74,2,Day,Clear,Yard,Freight Train,1,28942,990,29932,T205,37.030413,-95.630627,72.7,75.4,78.5
UP,1219HL018,2019-12-18,11:05 PM,Derailment,0,COFFEYVILLE,KS,32,4,Dark,Clear,Yard,Freight Train,3,21240,146152,167392,T101,37.029714,-95.625066,27,31.4,40
UP,0115WH004,2015-01-12,8:45 AM,Derailment,0,COFFEYVILLE,KS,23,2,Day,Cloudy,Yard,Yard/switching,5,26470,0,27510,T101,37.031068,-95.615765,33.9,31.3,22.7
UP,0324HL025,2024-03-27,9:37 AM,Derailment,0,COFFEYVILLE,KS,33,2,Day,Clear,Yard,Yard/switching,9,4664,59080,63744,T210,37.030544,-95.625562,38.4,40.1,48.1
SKOL,D520215,2015-01-12,9:00 AM,Derailment,0,COFFEYVILLE,KS,25,2,Day,Clear,Yard,Freight Train,0,0,1040,27510,T101,37.031068,-95.615765,33.9,31.3,22.7
UP,0322HL007,2022-03-10,12:30 AM,Derailment,0,COFFEYVILLE,KS,38,4,Dark,Cloudy,Yard,Freight Train,4,87712,200,87912,T202,37.027544,-95.624328,38.9,33.9,27.3
UP,1016WH003,2016-10-25,2:45 PM,Derailment,0,COFFEYVILLE,KS,75,2,Day,Clear,Yard,Freight Train,10,11749,0,42019,T108,37.030211,-95.606538,62.6,67.3,66.9
MBTA,7068,2017-09-09,11:42 PM,Other (describe in narrative),0,COHASSET,MA,60,4,Dark,Rain,Main,Passenger Train - Pulling,45,28043,0,28043,M404,42.230729,-70.796242,64.1,60.5,61.6
MBTA,202328,2023-03-14,3:58 PM,Obstruction,0,COHASSET,MA,36,2,Day,Rain,Main,Passenger Train - Pushing,55,88252,0,88252,M404,42.245116,-70.846329,39.1,38.8,38
UP,0315PC006,2015-03-29,5:26 AM,Derailment,0,COKEVILLE,WY,25,1,Dawn,Clear,Main,Freight Train,13,90525,206174,296699,H525,42.024589,-110.946591,44.7,39.9,43.3
UP,0716PC004,2016-07-09,12:15 AM,Derailment,0,COKEVILLE,WY,48,4,Dark,Clear,Main,Freight Train,19,156620,42488,199108,E51C,41.907746,-110.968304,63.3,63.8,58.7
UP,1016DV013,2016-10-23,10:47 AM,Derailment,0,COLBY,KS,70,2,Day,Cloudy,Industry,Freight Train,8,52164,61290,113454,T210,39.36173,-101.009725,57.8,54.7,52.2
LI,75516,2021-09-01,11:50 PM,Obstruction,0,COLD SPRING HARBOR,NY,65,4,Dark,Rain,Main,Passenger Train - Pulling,40,53455,0,53455,M404,40.837717,-73.449304,77.6,71.3,68.1
LI,75012,2021-06-17,2:41 PM,Obstruction,0,COLD SPRING HARBOR,NY,74,2,Day,Clear,Main,Maint./inspect Car,40,42428,0,45836,H605,40.838599,-73.447141,69.4,67,70.1
TXPF,04262016,2016-04-26,11:20 PM,Other impacts,0,COLEMAN,TX,59,4,Dark,Rain,Yard,Freight Train,0,130000,0,260000,H099,31.771928,-99.400045,74.2,72.1,66.7
TXPF,04262016,2016-04-26,11:20 PM,Other impacts,0,COLEMAN,TX,59,4,Dark,Rain,Yard,Light loco(s),12,130000,0,260000,H099,31.771928,-99.400045,74.2,72.1,66.7
TXPF,06222015,2015-06-22,12:52 AM,Derailment,0,COLEMAN,TX,75,4,Dark,Clear,Yard,Yard/switching,5,160000,1900,161900,H303,31.772081,-99.398881,79.8,79.4,80.4
BNSF,RD1116121,2016-11-27,2:45 AM,Derailment,0,COLEMAN,TX,51,4,Dark,Clear,Yard,Freight Train,10,86398,0,89215,H307,31.776702,-99.374189,53.1,62.7,62
TXPF,11272016,2016-11-27,2:45 AM,Derailment,0,COLEMAN,TX,51,4,Dark,Clear,Yard,,0,0,2817,89215,H307,31.776702,-99.374189,53.1,62.7,62
BNSF,GC0115110,2015-01-27,10:55 PM,Derailment,0,COLEMAN,TX,50,4,Dark,Clear,Yard,Freight Train,0,0,5000,52091,T202,31.775404,-99.367126,54.4,60,62.9
FWWR,15012701,2015-01-27,10:55 PM,Derailment,0,COLEMAN,TX,50,4,Dark,Clear,Yard,Freight Train,10,47091,0,52091,T202,31.775404,-99.367126,54.4,60,62.9
KCS,15033102,2015-03-31,7:30 AM,Hwy-rail crossing,0,COLFAX,LA,70,2,Day,Clear,Main,Spec. MoW Equip.,5,11718,0,11718,M302,31.53294,-92.71737,69,71.5,71.5
PCC,220513005,2022-05-13,1:00 PM,Derailment,0,COLFAX,WA,65,2,Day,Clear,Main,Freight Train,10,300521,125000,425521,T110,46.764343,-118.009253,45.5,44.1,48.8
UP,0817HO038,2017-08-25,8:44 PM,Hwy-rail crossing,0,COLLEGE STATION,TX,80,4,Dark,Rain,Main,Freight Train,29,6773,96831,103604,M304,30.57858,-96.319696,81.4,80.4,75.4
UP,0723HO042,2023-07-31,2:30 PM,Derailment,0,COLLEGE STATION,TX,103,2,Day,Clear,Main,Freight Train,21,325016,94036,419052,E40C,30.616026,-96.34923,90.4,92.2,92.9
UP,1022HO015,2022-10-14,9:59 PM,Hwy-rail crossing,0,COLLEGE STATION,TX,79,4,Dark,Clear,Main,Freight Train,24,2604,23033,25637,M304,30.535456,-96.302008,78.5,75.8,78.9
UP,1221HO010,2021-12-13,8:05 AM,Hwy-rail crossing,0,COLLEGE STATION,TX,51,2,Day,Cloudy,Main,Freight Train,50,6415,10986,17401,M302,30.537176,-96.301959,48.3,55.8,71.6
NS,151770,2022-12-20,12:30 PM,Hwy-rail crossing,0,COLLEGEDALE,TN,45,2,Day,Cloudy,Main,Freight Train,30,1243923,30867,1274790,M303,35.052353,-85.044243,36.2,42.9,42.4
WE,150022,2015-02-04,8:13 AM,Derailment,0,COLLINS,OH,15,2,Day,Snow,Yard,Freight Train,4,2301,12068,14369,H704,41.207678,-82.481048,15.1,29.5,9.1
WE,170079,2017-06-24,10:00 PM,Derailment,0,COLLINS,OH,66,4,Dark,Clear,Main,Yard/switching,8,109500,121129,230629,E64C,41.191428,-82.425911,72.5,69.9,65.7
WE,150048,2015-03-28,9:38 AM,Derailment,0,COLLINS,OH,20,2,Day,Clear,Yard,Yard/switching,9,240249,26771,267020,T210,41.211986,-82.495861,26.9,20.4,31.4
ALM,ALM053116D,2016-08-12,11:48 AM,Derailment,0,COLLINSTON,LA,92,2,Day,Clear,Yard,Freight Train,7,30300,38050,68350,E46C,32.690328,-91.870598,82.5,81.8,74.9
NS,139819,2020-11-24,4:04 AM,Derailment,0,COLLINSVILLE,OH,37,1,Dawn,Clear,Siding,Freight Train,18,612368,71152,683520,T207,39.501331,-84.583292,39.9,40.8,50.4
UP,0515DV005,2015-05-09,8:04 PM,Derailment,0,COLLYER,KS,65,2,Day,Cloudy,Siding,Cut of cars,0,194862,100,194962,M105,39.028975,-100.13762,58.2,58.7,51.9
UP,1019GL003,2019-10-04,5:27 PM,Derailment,0,COLO,IA,58,2,Day,Clear,Main,Freight Train,40,3785,353768,357553,E61C,42.019072,-93.324821,51,49.7,55
UP,0323GL025,2023-03-25,2:07 PM,Derailment,0,COLO,IA,51,2,Day,Cloudy,Main,Freight Train,5,16150,0,16150,E35C,42.018805,-93.243118,37.9,42.4,34
TCWR,TCW073017,2017-07-30,2:00 PM,Derailment,0,COLOGNE,MN,80,2,Day,Clear,Main,Freight Train,0,600000,50000,650000,E4BC,44.7689,-93.7806,72.6,73.1,74.6
NS,121296,2016-07-18,3:40 AM,Derailment,0,COLONIAL HEIGHTS,VA,78,4,Dark,Clear,Yard,Light loco(s),3,20570,75,20645,H702,37.258693,-77.343442,78.9,82.7,77.2
UP,0620TO045,2020-06-30,6:59 PM,Derailment,0,COLORADO CITY,TX,93,3,Dusk,Rain,Main,Freight Train,47,2700878,163504,2864382,M105,32.387578,-100.822233,88.1,85.9,85.3
UP,0217DV006,2017-02-01,8:20 PM,Derailment,0,COLORADO SPGS,CO,25,4,Dark,Cloudy,Yard,Freight Train,5,3334,19395,22729,M405,38.794983,-104.781284,49.3,31.1,17.5
BNSF,PR1023104,2023-10-09,4:58 PM,Derailment,0,COLORADO SPGS,CO,70,3,Dusk,Clear,Yard,Freight Train,0,0,80818,527218,T399,38.79482,-104.781154,58.2,59.2,60.6
BNSF,PR0415106,2015-04-12,11:38 PM,Derailment,0,COLORADO SPGS,CO,45,4,Dark,Clear,Main,Freight Train,24,182892,0,731224,T299,38.821478,-104.830133,51.2,55.9,46.8
UP,0415DV007,2015-04-12,11:15 PM,Derailment,0,COLORADO SPGS,CO,35,4,Dark,Clear,Main,Freight Train,0,0,548332,731224,T299,38.821478,-104.830133,51.2,55.9,46.8
BNSF,PR0819106,2019-08-14,10:06 AM,Derailment,0,COLORADO SPGS,CO,80,2,Day,Clear,Main,Freight Train,22,9296,2036000,2045296,T102,38.951901,-104.831909,71.5,64.8,73.8
UP,1022GP027,2022-10-31,1:15 PM,Derailment,0,COLORADO SPRINGS,CO,61,2,Day,Clear,Industry,Single Car,10,110232,6392,116624,M504,38.85513,-104.832153,46,47.6,52.5
UP,1023GP010,2023-10-09,4:58 PM,Derailment,0,COLORADO SPRINGS,CO,70,2,Day,Clear,Yard,Freight Train,6,298661,147739,527218,T399,38.794897,-104.78121,58.2,59.2,60.6
GSWR,GSW037222,2022-10-04,12:50 PM,Other (describe in narrative),0,COLQUITT,GA,70,2,Day,Clear,Industry,Cut of cars,5,17291,0,17291,H018,31.175023,-84.723074,67.9,64.8,66.8
NS,143113,2021-10-10,11:00 PM,Other (describe in narrative),0,COLUMBIA,SC,66,4,Dark,Clear,Yard,Yard/switching,8,24766,92470,117236,H306,33.964143,-80.985305,73.3,73.6,69.5
NS,137087,2020-02-07,12:57 PM,Obstruction,0,COLUMBIA,SC,60,2,Day,Clear,Main,Freight Train,38,318850,404264,723114,M404,34.070457,-81.081917,65.7,50.5,39.4
NS,139997,2020-12-13,2:30 AM,Other impacts,0,COLUMBIA,SC,50,4,Dark,Cloudy,Yard,Yard/switching,3,4900,0,67926,H306,33.96799,-80.99269,55.1,62.5,58.8
NS,142485,2021-08-10,12:35 AM,Other (describe in narrative),0,COLUMBIA,SC,81,4,Dark,Clear,Yard,Yard/switching,4,380,75127,75507,H702,33.985296,-81.039106,81.3,81.6,79.9
CSX,000147962,2015-06-17,3:24 PM,Hwy-rail crossing,0,COLUMBIA,SC,100,2,Day,Clear,Main,Freight Train,41,14185,0,14185,M302,34.027589,-81.117714,87.9,88.6,85.2
NS,143717,2021-12-10,11:00 AM,Derailment,0,COLUMBIA,SC,50,2,Day,Rain,Yard,Yard/switching,9,9028,5114,14142,E47C,33.985296,-81.039106,45.2,49,63.8
NS,151852,2022-12-27,3:15 AM,Side collision,0,COLUMBIA,SC,51,4,Dark,Clear,Yard,Freight Train,6,14230,0,14230,H302,33.985296,-81.039107,28.5,35.3,38.4
NS,151621,2022-12-03,2:05 PM,Other impacts,0,COLUMBIA,SC,72,2,Day,Cloudy,Yard,Single Car,0,1000,0,30416,H312,33.985296,-81.039107,46.2,59.7,57.6
NS,151621,2022-12-03,2:05 PM,Other impacts,0,COLUMBIA,SC,72,2,Day,Cloudy,Yard,Single Car,0,1000,0,30416,H312,33.985296,-81.039107,46.2,59.7,57.6
NS,154448,2023-10-09,1:36 PM,Other (describe in narrative),0,COLUMBIA,SC,88,2,Day,Clear,Yard,Yard/switching,5,4768,22960,27728,H702,33.985296,-81.039107,57.3,57.9,64.8
NS,151621,2022-12-03,2:05 PM,Other impacts,0,COLUMBIA,SC,72,2,Day,Cloudy,Yard,Single Car,5,25539,2877,30416,H312,33.985296,-81.039107,46.2,59.7,57.6
NS,151991,2023-01-12,6:25 PM,Other (describe in narrative),0,COLUMBIA,SC,60,3,Dusk,Rain,Yard,Yard/switching,5,326,15273,15599,H307,33.985296,-81.039107,49.9,60.5,53
NS,151304,2022-10-28,11:07 AM,Other impacts,0,COLUMBIA,SC,81,2,Day,Clear,Yard,Single Car,0,28269,0,28269,H312,33.985296,-81.039107,62.9,64.1,60.6
NS,142996,2021-09-30,5:00 AM,Derailment,0,COLUMBIA,SC,70,1,Dawn,Clear,Yard,Yard/switching,9,136132,38141,174273,E99C,33.985296,-81.039106,73.9,76.2,75.4
NS,139997,2020-12-13,2:30 AM,Other impacts,0,COLUMBIA,SC,50,4,Dark,Cloudy,Yard,Cut of cars,0,24100,38926,67926,H306,33.96799,-80.99269,55.1,62.5,58.8
NS,145840,2022-07-11,8:14 AM,Obstruction,0,COLUMBIA,SC,72,2,Day,Clear,Main,Freight Train,35,652227,1889,654116,M501,33.985296,-81.039106,78.3,75.6,79.4
NS,142957,2021-09-15,3:42 PM,Other impacts,0,COLUMBIA,SC,72,2,Day,Clear,Yard,Single Car,3,15336,0,15336,H312,33.964143,-80.985305,75.8,75.6,74.4
NS,124543,2017-03-31,8:05 AM,Derailment,0,COLUMBIA,SC,67,2,Day,Rain,Yard,Yard/switching,5,6156,15453,21609,H702,33.985333,-81.039083,68.3,71.4,66.2
NS,151304,2022-10-28,11:07 AM,Other impacts,0,COLUMBIA,SC,81,2,Day,Clear,Yard,Yard/switching,1,0,0,28269,H312,33.985296,-81.039107,62.9,64.1,60.6
NS,132521,2019-01-21,5:09 AM,Other impacts,0,COLUMBIA,SC,40,1,Dawn,Clear,Yard,Freight Train,10,53717,2919,56636,H306,33.972536,-81.001444,49.2,34.4,37.1
NS,155172,2023-12-28,9:21 AM,Derailment,0,COLUMBIA,SC,50,2,Day,Clear,Yard,Freight Train,7,35000,36083,71083,T207,33.985296,-81.039107,59.3,50.3,42.3
NS,129932,2018-06-23,6:50 AM,Derailment,0,COLUMBIA,SC,85,1,Dawn,Clear,Yard,Freight Train,7,62,10858,10920,T311,33.985333,-81.039083,85.7,81.9,85
NS,130122,2018-07-07,3:37 AM,Derailment,0,COLUMBIA,SC,72,4,Dark,Clear,Yard,Freight Train,5,9258,52600,61858,T207,33.985333,-81.039083,82.9,78.5,80.1
NS,141788,2021-06-06,5:45 AM,Derailment,0,COLUMBIA,SC,72,1,Dawn,Clear,Yard,Yard/switching,6,2780,30028,32808,T207,33.985296,-81.039106,77.1,76.8,78.2
CFE,CFE649718D,2018-05-03,5:48 AM,Derailment,0,COLUMBIA CITY,IN,72,4,Dark,Rain,Siding,Freight Train,4,11487,10100,21587,T103,41.118146,-85.356937,72.4,67.9,65
CSX,000196697,2021-03-30,12:00 PM,Hwy-rail crossing,0,COLUMBIA STATION,OH,60,2,Day,Clear,Main,Freight Train,40,14897,10018,24915,M304,41.313582,-81.983704,41.5,58.8,49.8
CSX,000202036,2021-12-23,10:22 PM,Derailment,0,COLUMBIA STATION,OH,36,4,Dark,Cloudy,Industry,Freight Train,7,60743,1096,61839,T110,41.311591,-81.987404,31.1,31.8,49.6
ATK,163211,2020-02-23,1:12 AM,Hwy-rail crossing,0,COLUMBIANA,OH,36,4,Dark,Clear,Main,Passenger Train - Pulling,62,10856,0,10856,M302,40.883004,-80.693845,33,39.3,44.2
NS,145093,2022-04-27,2:08 AM,Derailment,0,COLUMBIANA,OH,39,4,Dark,Cloudy,Industry,Freight Train,3,3800,12581,16381,H306,40.883719,-80.698913,49.1,36.4,38.8