reportingrailroadcode,accidentnumber,date,time,accidenttype,hazmatreleasedcars,station,stateabbr,temperature,visibility_code,visibility,weathercondition,tracktype,equipmenttype,trainspeed,equipmentdamagecost,trackdamagecost,totaldamagecost,primaryaccidentcausecode,latitude,longitude,prior_temp,actual_temp,following_temp
NS,137263,2020-02-23,1:12 AM,Hwy-rail crossing,0,COLUMBIANA,OH,26,4,Dark,Clear,Main,,0,0,0,10856,M302,40.882832,-80.692072,33,39.3,44.2
UP,0121GL020,2021-01-24,9:15 PM,Derailment,0,COLUMBUS,NE,26,4,Dark,Cloudy,Yard,Yard/switching,6,27183,2675,29858,H307,41.426807,-97.377392,24.7,26.6,22
NS,151999,2023-01-14,4:20 AM,Other impacts,0,COLUMBUS,OH,25,1,Dawn,Clear,Yard,Single Car,8,0,4477,53270,H312,39.895413,-82.948737,32.3,25.9,26.2
LIRC,0603202001,2020-06-03,12:35 PM,Hwy-rail crossing,0,COLUMBUS,IN,85,2,Day,Clear,Main,,0,0,55000,56271,M308,39.253209,-85.940433,75.6,78.3,76.3
NS,120859,2016-06-13,9:15 PM,Derailment,0,COLUMBUS,GA,80,4,Dark,Clear,Yard,Yard/switching,5,24469,1863,26332,H702,32.465828,-84.982415,83.2,85.4,83.8
CSX,000194745,2021-01-01,7:35 PM,Derailment,0,COLUMBUS,OH,48,4,Dark,Cloudy,Yard,Yard/switching,5,29899,48,29947,M599,39.972333,-83.021122,31.6,36.7,40.1
NS,123736,2017-01-28,1:25 AM,Derailment,0,COLUMBUS,GA,42,4,Dark,Clear,Yard,Yard/switching,3,17292,6518,23810,M404,32.465828,-84.982415,41.8,41.1,44.2
CSX,000155474,2015-12-24,1:37 AM,Derailment,0,COLUMBUS,OH,50,4,Dark,Rain,Yard,Yard/switching,6,16415,1100,17515,H704,39.972334,-83.021122,57.3,51.5,48.4
NS,113994,2015-01-23,5:41 AM,Derailment,0,COLUMBUS,GA,40,1,Dawn,Rain,Yard,Yard/switching,3,25441,0,25441,M404,32.465828,-84.982415,51.7,49.6,45.7
NS,127549,2017-11-27,11:15 AM,Hwy-rail crossing,0,COLUMBUS,GA,55,2,Day,Clear,Main,Spec. MoW Equip.,5,30000,0,30000,H997,32.549398,-84.60253,55,49.1,54.9
NS,151999,2023-01-14,4:20 AM,Other impacts,0,COLUMBUS,OH,25,1,Dawn,Clear,Yard,Single Car,0,48793,0,53270,H312,39.895413,-82.948737,32.3,25.9,26.2
CSX,000209300,2023-01-15,7:45 PM,Other impacts,0,COLUMBUS,OH,30,3,Dusk,Clear,Yard,Yard/switching,4,15013,0,15013,M599,39.972311,-83.021134,25.9,26.2,34.5
UP,0517CB005,2017-05-08,5:30 AM,Obstruction,0,COLUMBUS,NE,60,1,Dawn,Clear,Main,Freight Train,50,60,46708,46768,M402,41.409883,-97.443956,70.9,75.5,66.5
CSX,000210346,2023-03-16,2:10 PM,Derailment,0,COLUMBUS,OH,61,2,Day,Clear,Yard,Cut of cars,4,54305,542,54847,M599,39.899996,-82.967933,34.4,45.9,43.5
UP,0518NP040,2018-05-28,3:54 PM,Fire/violent rupture,0,COLUMBUS,NE,93,2,Day,Clear,Main,Freight Train,35,269718,0,269718,E74L,41.429073,-97.342,84.5,78.4,71.6
MRL,2014181,2014-12-31,7:45 PM,Derailment,0,COLUMBUS,MT,8,4,Dark,Clear,Siding,Freight Train,7,8600,4000,12600,H306,45.636108,-109.250408,-0.8,7.9,19.4
BNSF,HL0818125,2018-08-30,10:35 PM,Derailment,0,COLUMBUS,KS,70,4,Dark,Clear,Yard,Freight Train,7,24000,15000,39000,H307,37.177671,-94.836475,77.4,71.1,78.9
UP,0117CB002,2017-01-07,4:56 PM,Derailment,0,COLUMBUS,NE,9,2,Day,Clear,Yard,Freight Train,3,35994,18641,54635,E48C,41.427644,-97.363699,5.1,9.1,18.3
NS,135729,2019-10-05,2:35 AM,Other impacts,0,COLUMBUS,OH,64,4,Dark,Clear,Yard,Cut of cars,3,0,2000,41297,H399,39.916496,-82.946988,59,58.3,66
CSX,000203187,2022-02-18,9:46 PM,Other (describe in narrative),0,COLUMBUS,OH,28,4,Dark,Cloudy,Yard,Yard/switching,7,23378,2996,26374,M599,39.972311,-83.021134,49.5,26.5,25.8
CSX,000194161,2020-11-28,7:15 AM,Other impacts,0,COLUMBUS,OH,50,1,Dawn,Clear,Yard,Cut of cars,0,37247,0,40747,M599,39.972333,-83.021122,47.5,39.7,40.2
CSX,000209925,2023-02-20,1:15 PM,Other impacts,0,COLUMBUS,OH,55,2,Day,Clear,Yard,Cut of cars,5,25544,0,32792,M204,39.972334,-83.021147,46,47.6,44.4
CSX,000209925,2023-02-20,1:15 PM,Other impacts,0,COLUMBUS,OH,55,2,Day,Clear,Yard,Cut of cars,2,7248,0,32792,M204,39.972334,-83.021147,46,47.6,44.4
CSX,000216871,2024-03-20,12:20 AM,Derailment,0,COLUMBUS,OH,45,4,Dark,Clear,Industry,Yard/switching,4,38828,2003,40831,M506,39.972311,-83.021134,38.4,43.9,32
CSX,000208472,2022-11-22,7:08 AM,Derailment,0,COLUMBUS,OH,28,1,Dawn,Cloudy,Yard,Cut of cars,0,4550,137008,347934,E64C,39.972311,-83.021134,33,38.9,40.6
CSX,000208347,2022-11-14,1:10 PM,Derailment,0,COLUMBUS,OH,46,2,Day,Clear,Yard,Yard/switching,7,14500,6132,20632,H702,39.907802,-82.977978,35.3,35.9,36.5
NS,135729,2019-10-05,2:35 AM,Other impacts,0,COLUMBUS,OH,64,4,Dark,Clear,Yard,Cut of cars,0,39297,0,41297,H399,39.916496,-82.946988,59,58.3,66
NS,135021,2019-08-03,8:00 PM,Other impacts,0,COLUMBUS,OH,72,4,Dark,Clear,Yard,Yard/switching,1,18000,0,18000,E29C,39.907872,-82.947703,75.5,74.1,74.8
NCRC,OP11062016,2016-11-06,3:00 AM,Other impacts,0,COLUMBUS,NE,30,4,Dark,Clear,Siding,Cut of cars,0,20000,2525,22525,M599,41.501,-97.346,54.3,57.9,53.2
NS,151165,2022-10-14,2:41 PM,Derailment,0,COLUMBUS,OH,65,2,Day,Clear,Main,Freight Train,4,101800,76910,178710,H504,39.917678,-82.94689,56.5,51.5,53.4
CSX,000194161,2020-11-28,7:15 AM,Other impacts,0,COLUMBUS,OH,50,1,Dawn,Clear,Yard,Yard/switching,4,3500,0,40747,M599,39.972333,-83.021122,47.5,39.7,40.2
UP,0920GL020,2020-09-16,9:50 AM,Other impacts,0,COLUMBUS,NE,62,2,Day,Clear,Yard,Cut of cars,0,265752,0,427722,H702,41.427644,-97.363699,67.8,62.6,57.4
UP,1217NP001,2017-12-04,4:00 PM,Derailment,0,COLUMBUS,NE,38,2,Day,Cloudy,Yard,Yard/switching,5,20564,70413,90977,E40C,41.42781,-97.364708,43.4,39.4,34.4
UP,0521GL003,2021-05-05,3:00 AM,Derailment,0,COLUMBUS,NE,37,4,Dark,Cloudy,Yard,Yard/switching,5,14995,47878,62873,H307,41.426969,-97.379608,51.8,49.5,51.7
NS,141058,2021-03-28,4:20 PM,Derailment,0,COLUMBUS,OH,45,3,Dusk,Rain,Yard,Freight Train,5,23709,4708,28417,H504,39.916385,-82.946997,56.2,49.3,42
CSX,000155865,2016-01-10,12:20 PM,Derailment,0,COLUMBUS,OH,19,2,Day,Snow,Yard,Yard/switching,7,290961,25000,315961,H702,39.970628,-83.015089,47.1,33.1,15.5
NS,114726,2015-03-07,4:25 PM,Derailment,0,COLUMBUS,GA,48,3,Dusk,Clear,Yard,Yard/switching,7,17400,4799,23349,H601,32.465828,-84.982415,40.1,47.9,52.6
NS,114726,2015-03-07,4:25 PM,Derailment,0,COLUMBUS,GA,48,3,Dusk,Clear,Yard,Cut of cars,0,1150,0,23349,H601,32.465828,-84.982415,40.1,47.9,52.6
CSX,000150858,2015-08-19,11:09 AM,Side collision,0,COLUMBUS,OH,86,2,Day,Clear,Industry,Cut of cars,0,34555,0,110211,H302,39.892803,-82.958421,74.9,75.8,70.8
CSX,000148458,2015-06-28,9:38 AM,Derailment,0,COLUMBUS,OH,65,2,Day,Cloudy,Yard,Yard/switching,4,15000,50,15050,H306,39.970629,-83.015089,65.9,65.2,63.1
BNSF,HL1020124,2020-10-30,2:08 PM,Derailment,0,COLUMBUS,KS,70,2,Day,Clear,Yard,Freight Train,4,5626,80194,85820,H307,37.177676,-94.836471,44.1,45.3,53
CSX,000208945,2022-12-22,2:07 PM,Derailment,0,COLUMBUS,OH,44,2,Day,Rain,Yard,Yard/switching,7,19180,5130,24310,H702,39.912747,-82.984333,30.6,40.8,1.2
CSX,000216218,2024-02-15,12:24 PM,Other (describe in narrative),0,COLUMBUS,OH,46,2,Day,Cloudy,Main,Yard/switching,8,18118,45970,64088,H702,39.972311,-83.021134,36.1,38.3,30.5
NS,123850,2017-02-05,5:10 PM,Derailment,0,COLUMBUS,OH,46,3,Dusk,Clear,Yard,Freight Train,5,21108,300,21408,M404,39.907872,-82.947703,21.5,36.4,39.8
CSX,000194123,2020-11-28,3:40 AM,Other impacts,0,COLUMBUS,OH,45,4,Dark,Clear,Yard,Cut of cars,6,34500,0,34500,H312,39.972333,-83.021122,47.5,39.7,40.2
UP,0424GL031,2024-04-28,3:35 PM,Derailment,0,COLUMBUS,NE,61,2,Day,Cloudy,Yard,Freight Train,4,26902,26645,53547,H307,41.426872,-97.375681,55.6,55.2,54
CSX,000208472,2022-11-22,7:08 AM,Derailment,0,COLUMBUS,OH,28,1,Dawn,Cloudy,Yard,Freight Train,0,46206,0,347934,E64C,39.972311,-83.021134,33,38.9,40.6
CSX,000208472,2022-11-22,7:08 AM,Derailment,0,COLUMBUS,OH,28,1,Dawn,Cloudy,Yard,Freight Train,9,160170,0,347934,E64C,39.972311,-83.021134,33,38.9,40.6
UP,1120GL003,2020-11-06,6:35 PM,Derailment,0,COLUMBUS,NE,68,3,Dusk,Cloudy,Yard,Freight Train,4,14734,30588,45322,H523,41.427635,-97.365302,54.1,56.8,64.5
CSX,000150858,2015-08-19,11:09 AM,Side collision,0,COLUMBUS,OH,86,2,Day,Clear,Industry,Yard/switching,5,75656,0,110211,H302,39.892803,-82.958421,74.9,75.8,70.8
UP,0521GL001,2021-05-01,3:50 PM,Derailment,0,COLUMBUS,NE,87,2,Day,Clear,Yard,Freight Train,10,1744,126589,128333,E64C,41.42771,-97.368737,64.2,74.6,70.5
UP,0920GL020,2020-09-16,9:50 AM,Other impacts,0,COLUMBUS,NE,62,2,Day,Clear,Yard,Freight Train,4,147167,14803,427722,H702,41.427644,-97.363699,67.8,62.6,57.4
CSX,000190634,2020-06-03,12:35 PM,Hwy-rail crossing,0,COLUMBUS,IN,84,2,Day,Cloudy,Main,Freight Train,46,1271,0,56271,M302,39.253209,-85.940433,75.6,78.3,76.3
UP,0122GL011,2022-01-19,7:40 PM,Other (describe in narrative),0,COLUMBUS,NE,6,3,Dusk,Cloudy,Yard,Yard/switching,3,11552,0,11552,H523,41.427454,-97.368721,37,11.7,3.9
NS,134248,2019-06-08,1:45 PM,Other (describe in narrative),0,COLUMBUS,GA,77,2,Day,Rain,Yard,Freight Train,2,16500,0,16500,H704,32.465828,-84.982415,76.9,74.3,75.1
CSX,000207988,2022-10-25,11:10 AM,Derailment,0,COLUMBUS,OH,71,2,Day,Clear,Yard,Yard/switching,5,53617,1986,55603,H018,39.972311,-83.021134,61.1,65.5,55.1
SKOL,180426004,2018-04-26,4:00 PM,Derailment,0,COLUMBUS,KS,72,2,Day,Clear,Yard,Work train,4,15000,8100,23100,H704,37.177676,-94.949383,54.6,54.5,59.3
NS,134255,2019-06-09,9:00 PM,Other (describe in narrative),0,COLUMBUS,GA,72,4,Dark,Rain,Yard,Freight Train,5,0,12444,12444,H306,32.465828,-84.982415,74.3,75.1,76.2
UP,0518NP029,2018-05-21,3:02 PM,Derailment,0,COLUMBUS,NE,74,2,Day,Clear,Yard,Freight Train,4,154130,20025,174155,T102,41.42781,-97.364708,53.6,62.4,74.7
UP,0823GL030,2023-08-14,10:02 AM,Derailment,0,COLUMBUS,NE,64,2,Day,Cloudy,Yard,Freight Train,1,29679,537556,567235,T314,41.428112,-97.366727,69,64.7,66.5
UP,1018NP019,2018-10-16,2:30 PM,Derailment,0,COLUMBUS,NE,70,2,Day,Clear,Yard,Freight Train,7,4732,12980,17712,T319,41.42771,-97.368737,36.6,47,48.7
CUOH,CUO550323R,2023-09-27,1:30 PM,Derailment,0,COLUMBUS,OH,70,2,Day,Cloudy,Yard,Freight Train,10,30000,0,56218,T101,39.9089,-82.98063,66.9,65.7,64.8
CSX,000213783,2023-09-27,1:30 PM,Derailment,0,COLUMBUS,OH,66,2,Day,Cloudy,Yard,Cut of cars,0,4992,21226,56218,T101,39.972311,-83.021134,66.9,65.7,64.8
UP,0220GL009,2020-02-05,4:45 PM,Derailment,0,COLUMBUS,NE,30,2,Day,Cloudy,Yard,Freight Train,6,10668,4260,14928,T319,41.427572,-97.363903,23.4,23.8,28.5
MRL,2018129,2018-09-25,11:12 PM,Derailment,0,COLUMBUS,MT,38,4,Dark,Clear,Main,Freight Train,37,2500000,275000,2775000,T207,45.63948,-109.2644,49.7,50.2,54.7
CAGY,CAG518019,2019-11-26,4:45 AM,Derailment,0,COLUMBUS,MS,45,4,Dark,Clear,Industry,Freight Train,10,25000,10000,35000,T102,33.436653,-88.563147,47.1,59.2,60.2
AGR,AGR781615,2015-10-29,12:40 PM,Derailment,0,COLUMBUS,MS,70,2,Day,Clear,Main,Freight Train,7,500,11391,11891,T399,33.430224,-88.377462,68,64.6,57.3
UP,1123GL012,2023-11-18,1:58 PM,Derailment,0,COLUMBUS,NE,64,2,Day,Clear,Yard,Light loco(s),3,250,12706,12956,T319,41.426737,-97.382072,37.6,42.4,43.3
GSWR,GSW327918,2018-12-21,10:20 PM,Derailment,0,COLUMBUS,GA,44,4,Dark,Clear,Yard,Light loco(s),8,0,25467,25467,T110,32.461933,-84.977425,53.8,48.4,45.3
NS,153352,2023-06-14,7:00 PM,Derailment,0,COLUMBUS,GA,50,3,Dusk,Rain,Yard,Freight Train,3,1600,10400,12000,T207,32.470338,-84.984086,74.7,70.7,70
NS,129350,2018-05-03,12:01 PM,Derailment,0,COLUMBUS,OH,79,2,Day,Clear,Yard,Freight Train,4,28800,38584,67384,T207,39.916218,-82.947011,71.8,73.5,70.8
CSX,000210059,2023-02-27,12:34 AM,Derailment,0,COLUMBUS,OH,40,4,Dark,Clear,Yard,Freight Train,5,30388,342088,372476,T207,39.915086,-82.987325,40.5,47.3,44
CSX,000185085,2019-09-02,5:40 AM,Derailment,0,COLUMBUS,OH,65,1,Dawn,Clear,Yard,Yard/switching,6,15093,250,15343,T101,39.905375,-82.974797,67.9,69.6,71.7
UP,0823GL001,2023-08-01,8:38 AM,Derailment,0,COLUMBUS,NE,70,2,Day,Cloudy,Yard,Freight Train,8,7451,26440,33891,T314,41.427597,-97.365298,72.9,73.2,75.7
CPKC,1001924178,2023-07-04,1:53 PM,Derailment,0,COLUMBUS,WI,90,2,Day,Clear,Main,Freight Train,46,481495,73498,554993,T109,43.499988,-89.346853,75.6,78.1,74.2
UP,1215CB002,2015-12-02,10:00 AM,Derailment,0,COLUMBUS,NE,28,2,Day,Cloudy,Yard,Freight Train,5,41202,175870,217072,T203,41.424793,-97.401554,28,30.1,25.3
CSX,000199508,2021-08-16,6:51 PM,Hwy-rail crossing,0,COLUMBUS GROVE,OH,83,3,Dusk,Clear,Main,Freight Train,27,2000,34471,36471,M304,40.919966,-84.059024,67.5,69.7,72.8
CP,1001024408,2019-07-05,6:18 AM,Hwy-rail crossing,0,COLUMBUS JCTN,IA,75,1,Dawn,Clear,Main,Freight Train,28,5395,7760,13155,M399,41.280736,-91.355685,80.4,81.2,78.9
UP,0615HO018,2015-06-11,8:45 AM,Hwy-rail crossing,0,COMBES,TX,83,2,Day,Cloudy,Main,Freight Train,38,17587,0,17587,M303,26.295752,-97.765302,82.7,84.3,85
FOXY,230110004,2023-01-10,5:50 PM,Derailment,0,COMBINED LOCKS,WI,37,4,Dark,Clear,Industry,Yard/switching,8,6800,6164,12964,T113,44.27109,-88.316138,25.2,35.1,34.2
NS,131444,2018-10-26,4:20 PM,Derailment,0,COMMERCE,GA,50,3,Dusk,Rain,Main,Freight Train,6,5954,6360,12314,H704,34.173025,-83.432996,51.8,47.3,53.2
NS,121078,2016-07-01,5:50 PM,Derailment,0,COMMERCE,GA,85,3,Dusk,Clear,Siding,Freight Train,4,33814,6852,40666,H303,34.166213,-83.432119,77.3,80,81.7
NS,153831,2023-08-06,12:30 PM,Derailment,0,COMMERCE,GA,94,2,Day,Cloudy,Industry,Light loco(s),0,2000,14697,16697,H017,34.173078,-83.433033,80.8,76.7,75.2
UP,1017DV028,2017-10-31,1:45 PM,Other impacts,0,COMMERCE CITY,CO,45,2,Day,Cloudy,Industry,Yard/switching,2,11681,99,11780,H302,39.812462,-104.936039,30.7,37.3,56.3
UP,1017DV028,2017-10-31,1:45 PM,Other impacts,0,COMMERCE CITY,CO,45,2,Day,Cloudy,Industry,Single Car,0,0,0,11780,H302,39.812462,-104.936039,30.7,37.3,56.3
UP,0623GP035,2023-06-15,10:50 PM,Derailment,0,COMMERCE CITY,CO,73,4,Dark,Cloudy,Yard,,0,0,165,237083,H307,39.806136,-104.940649,61.6,62.4,54.2
BNSF,PR1214118,2014-12-27,11:55 AM,Derailment,0,COMMERCE CITY,CO,27,2,Day,Clear,Yard,Freight Train,7,60790,10000,70790,H307,39.856969,-104.881581,15.1,14.6,20.8
BNSF,PR0323110,2023-03-24,10:40 PM,Derailment,0,COMMERCE CITY,CO,35,4,Dark,Clear,Main,Freight Train,35,53057,21388,74445,E33C,39.804811,-104.942345,38.2,36.8,29.2
DRIR,070421,2021-07-04,2:00 PM,Other (describe in narrative),0,COMMERCE CITY,CO,90,2,Day,Clear,Industry,Cut of cars,0,200000,0,200000,M406,39.794649,-104.934559,74.3,73.3,72.1
BNSF,PR0623108,2023-06-15,10:50 PM,Derailment,0,COMMERCE CITY,CO,58,4,Dark,Rain,Yard,Freight Train,6,236918,0,237083,H307,39.800009,-104.949022,61.6,62.4,54.2
BNSF,PR0220113,2020-02-29,6:30 AM,Other impacts,0,COMMERCE CITY,CO,34,1,Dawn,Clear,Industry,Freight Train,4,38044,0,38044,H306,39.810449,-104.935861,41.7,42.4,35.6
BNSF,PR0721106,2021-07-18,10:32 PM,Derailment,0,COMMERCE CITY,CO,74,4,Dark,Clear,Yard,Light loco(s),1,10000,3550,13550,H607,39.799917,-104.948851,74.6,75,76.9
UP,0918DV019,2018-09-22,2:34 PM,Fire/violent rupture,0,COMMERCE CITY,CO,90,2,Day,Clear,Main,Freight Train,10,38367,0,38367,E73L,39.796479,-104.95343,61.6,67.4,70.1
BNSF,PR0316115,2016-03-28,2:00 PM,Other (describe in narrative),0,COMMERCE CITY,CO,50,2,Day,Clear,Yard,Spec. MoW Equip.,4,18000,0,18000,H997,39.806758,-104.939511,34.1,46.5,45.6
UP,0615DV004,2015-06-09,1:50 PM,Derailment,0,COMMERCE CITY,CO,90,2,Day,Clear,Industry,Freight Train,10,191395,205093,396488,T110,39.86983,-105.000365,65.7,70.5,65.5
BNSF,PR0215105,2015-02-17,3:15 PM,Derailment,0,COMMERCE CITY,CO,35,2,Day,Clear,Yard,Yard/switching,10,20903,66416,87319,T201,39.807736,-104.937524,25.7,22.4,30.2
UP,0720GP033,2020-07-09,9:30 AM,Derailment,1,COMMERCE CITY,CO,74,2,Day,Clear,Yard,Yard/switching,5,655955,0,690955,T202,39.77304,-104.987819,79.1,77.5,80.2
BNSF,PR1017107,2017-10-10,10:50 AM,Derailment,0,COMMERCE CITY,CO,50,2,Day,Clear,Yard,Yard/switching,6,27253,46000,73253,T110,39.801539,-104.937838,32.2,40.3,52.2
BNSF,PR0120115,2020-01-24,6:00 PM,Derailment,0,COMMERCE CITY,CO,30,3,Dusk,Clear,Yard,Yard/switching,4,31069,10000,41069,T111,39.805631,-104.93772,32.3,38,39.7
RJCP,RJCP2001,2020-01-28,3:50 PM,Derailment,0,COMMODORE,PA,35,2,Day,Cloudy,Main,Freight Train,10,33000,33560,66560,T221,40.725891,-78.924459,30.6,30.1,27.4
RJCP,RJCP2002,2020-11-25,8:45 AM,Derailment,0,COMMODORE,PA,40,2,Day,Cloudy,Main,Freight Train,10,151000,95000,246000,T212,40.675004,-78.96277,35.6,42.5,48.7
RJCP,RJCP1904,2019-03-26,3:45 PM,Derailment,0,COMMODORE,PA,50,2,Day,Clear,Main,Freight Train,9,22000,23700,45700,T221,40.723801,-78.423051,40.4,32.7,36.5
FWWR,22043001,2022-04-30,11:20 AM,Derailment,0,COMYN,TX,80,2,Day,Clear,Main,Freight Train,20,46530,47365,93895,T110,32.06961,-98.4525,75.3,74.4,72.4
MBTA,YR202191,2021-11-10,6:14 PM,Fire/violent rupture,0,CONCORD,MA,52,4,Dark,Clear,Main,Passenger Train - Pulling,0,12830,0,12830,M399,42.456922,-71.394016,49.7,51.6,43.8
KYLE,KYL935119D,2019-02-01,6:50 AM,Derailment,0,CONCORDIA,KS,40,1,Dawn,Cloudy,Main,Freight Train,2,7000,50000,57000,T314,39.573819,-97.659462,19.6,35.9,49.6
KYLE,KYL144319D,2019-08-10,5:33 PM,Derailment,0,CONCORDIA,KS,87,2,Day,Clear,Main,Freight Train,4,35000,100000,135000,T099,39.57388,-97.661004,77.3,79.5,80.2
CSX,000170337,2017-07-19,12:27 AM,Derailment,0,CONFLUENCE,PA,68,4,Dark,Clear,Main,Freight Train,18,141223,11774,152997,H503,39.809452,-79.317079,75.3,76.4,76.5
BNSF,SW0724107,2024-07-13,4:45 PM,Derailment,0,CONGRESS,AZ,105,2,Day,Clear,Yard,Freight Train,8,154500,83861,238361,T108,34.151326,-112.843942,81.7,83.4,78
NS,151347,2022-11-01,11:40 PM,Hwy-rail crossing,0,CONLEY,GA,56,4,Dark,Cloudy,Main,Freight Train,8,0,15219,15219,M303,33.666716,-84.330462,64.1,61.8,64.1
NS,136044,2019-11-01,2:00 PM,Derailment,0,CONNEAUT LAKE,PA,37,2,Day,Clear,Industry,Freight Train,5,600,14258,14858,T221,41.563035,-80.33043,56.6,33.2,36
BNSF,NW0515118,2015-05-24,1:35 AM,Broken train collision,0,CONNELL,WA,46,4,Dark,Clear,Main,Freight Train,31,15100,0,15100,E33C,46.600741,-118.952505,69,69.8,67
BNSF,NW0517116,2017-05-29,2:40 PM,Other (describe in narrative),0,CONNELL,WA,96,2,Day,Clear,Main,Freight Train,7,0,23718,23718,H705,46.632566,-118.902454,72.2,75,75.3
CBRW,18120201,2018-12-02,5:00 PM,Derailment,0,CONNELL,WA,33,4,Dark,Fog,Yard,Freight Train,8,0,0,83101,T204,46.66319,-118.862875,37.8,37.6,33.5
BNSF,NW1218102,2018-12-02,5:00 PM,Derailment,0,CONNELL,WA,33,3,Dusk,Fog,Yard,Freight Train,8,26101,57000,83101,T204,46.66319,-118.862875,37.8,37.6,33.5
CSX,000213315,2023-09-07,4:00 AM,Side collision,0,CONNELLSVILLE,PA,70,4,Dark,Cloudy,Yard,Yard/switching,0,13418,464,166624,H307,40.015481,-79.591584,76.1,72.3,71.4
CSX,000150129,2015-08-03,2:14 AM,Derailment,0,CONNELLSVILLE,PA,69,4,Dark,Clear,Yard,Cut of cars,4,9527,0,16510,H020,40.017944,-79.592194,73.8,73.3,73.9
CSX,000150129,2015-08-03,2:14 AM,Derailment,0,CONNELLSVILLE,PA,69,4,Dark,Clear,Yard,Freight Train,4,6783,200,16510,H020,40.017944,-79.592194,73.8,73.3,73.9
CSX,000200303,2021-09-24,8:43 PM,Derailment,0,CONNELLSVILLE,PA,66,3,Dusk,Clear,Yard,Freight Train,8,12477,754,13231,H605,40.015496,-79.591663,56.5,57.6,57.3
CSX,000213315,2023-09-07,4:00 AM,Side collision,0,CONNELLSVILLE,PA,70,4,Dark,Cloudy,Yard,Yard/switching,7,152742,0,166624,H307,40.015481,-79.591584,76.1,72.3,71.4
CSX,000189114,2020-03-14,7:45 PM,Derailment,0,CONNELLSVILLE,PA,37,3,Dusk,Snow,Yard,Freight Train,7,13117,200,13317,H702,40.015496,-79.591663,53.5,37.5,36.9
CSX,000173412,2017-12-13,10:55 AM,Side collision,0,CONNELLSVILLE,PA,23,2,Day,Cloudy,Yard,Freight Train,0,36449,100,41627,H399,40.015496,-79.591663,28.1,18.6,25.5
CSX,000173412,2017-12-13,10:55 AM,Side collision,0,CONNELLSVILLE,PA,23,2,Day,Cloudy,Yard,Yard/switching,10,5078,0,41627,H399,40.015496,-79.591663,28.1,18.6,25.5
CSX,000173714,2018-01-01,3:25 AM,Derailment,0,CONNELLSVILLE,PA,-8,4,Dark,Clear,Main,Freight Train,0,22875,15770,58477,T399,40.015496,-79.591663,7.4,4.9,7.1
CSX,000173714,2018-01-01,3:25 AM,Derailment,0,CONNELLSVILLE,PA,-8,4,Dark,Clear,Main,Freight Train,4,19832,0,58477,T399,40.015496,-79.591663,7.4,4.9,7.1
CSX,000194723,2020-12-30,4:55 PM,Obstruction,0,CONNERSVILLE,IN,41,3,Dusk,Cloudy,Main,Maint./inspect Car,47,80277,0,80277,H997,39.658925,-85.2172,30.4,40.9,29.3
CSX,000194723,2020-12-30,4:55 PM,Obstruction,0,CONNERSVILLE,IN,41,3,Dusk,Cloudy,Main,Freight Train,0,0,0,80277,H997,39.658925,-85.2172,30.4,40.9,29.3
BNSF,MT0820101,2020-08-17,3:30 PM,Derailment,0,CONRAD,MT,94,2,Day,Clear,Main,Freight Train,24,402912,170000,572912,T102,48.138834,-111.974203,72.9,76.9,74.5
BNSF,MT0522108,2022-05-26,6:57 PM,Derailment,0,CONRAD,MT,70,3,Dusk,Clear,Main,Freight Train,22,9386,107000,116386,T109,48.115824,-111.938424,54.5,58.9,59.7
WC,1117912,2022-11-03,9:58 PM,Hwy-rail crossing,0,CONRATH,WI,40,4,Dark,Cloudy,Main,Freight Train,46,25000,0,25000,M302,45.395223,-91.048584,59,59,45.1
BNSF,RD0219124,2019-02-22,10:30 PM,Derailment,0,CONROE,TX,64,4,Dark,Fog,Yard,Freight Train,5,1500,11030,12530,H702,30.310153,-95.454175,49.6,57.1,66.9
UP,1222HO035,2022-12-30,9:08 AM,Derailment,0,CONROE,TX,60,2,Day,Clear,Industry,Freight Train,5,20694,0,20694,M101,30.18939,-95.443764,67.9,61.3,61
BNSF,RD0519115,2019-05-16,4:00 PM,Derailment,0,CONROE,TX,81,2,Day,Clear,Yard,Freight Train,5,15587,5000,20587,H702,30.313457,-95.445989,74.5,73.4,74.9
BNSF,GC0515113,2015-05-23,9:35 PM,Derailment,0,CONROE,TX,75,4,Dark,Cloudy,Yard,Freight Train,5,1900,45000,46900,T001,30.310268,-95.453639,70.1,76.4,74.8
NS,117178,2015-08-31,9:05 AM,Derailment,0,CONSTITUTION,GA,76,2,Day,Cloudy,Main,Freight Train,35,540057,340565,880622,T204,33.671295,-84.329898,71.5,72.8,77.8
IC,937377,2017-09-28,9:50 PM,Side collision,0,CONVENT,LA,80,4,Dark,Clear,Industry,Freight Train,0,129200,0,138206,H307,30.050242,-90.830515,80.1,80.9,80.6
IC,937377,2017-09-28,9:50 PM,Side collision,0,CONVENT,LA,80,4,Dark,Clear,Industry,Freight Train,4,6000,3006,138206,H307,30.050242,-90.830515,80.1,80.9,80.6
IC,949113,2018-02-05,2:55 AM,Derailment,0,CONVENT,LA,46,4,Dark,Clear,Industry,Freight Train,0,34700,0,96541,H703,30.048077,-90.829602,64.4,56.3,64.3
IC,1116190,2022-10-13,6:50 PM,Derailment,0,CONVENT,LA,85,4,Dark,Clear,Industry,Freight Train,3,36000,0,36000,S011,30.042845,-90.827293,76.3,76.6,70.6