reportingrailroadcode,accidentnumber,date,time,accidenttype,hazmatreleasedcars,station,stateabbr,temperature,visibility_code,visibility,weathercondition,tracktype,equipmenttype,trainspeed,equipmentdamagecost,trackdamagecost,totaldamagecost,primaryaccidentcausecode,latitude,longitude,prior_temp,actual_temp,following_temp
IC,945949,2018-01-03,10:30 AM,Other (describe in narrative),0,CONVENT,LA,59,2,Day,Cloudy,Industry,Freight Train,5,26876,0,26876,M501,30.045161,-90.831705,29.9,35.6,36.6
IC,949113,2018-02-05,2:55 AM,Derailment,0,CONVENT,LA,46,4,Dark,Clear,Industry,Freight Train,4,58041,3800,96541,H703,30.048077,-90.829602,64.4,56.3,64.3
IC,973922,2018-09-20,3:20 AM,Derailment,0,CONVENT,LA,80,4,Dark,Clear,Main,Freight Train,4,21150,1970,23120,M506,30.052928,-90.831935,83.6,81.1,80.7
IC,1084882,2021-10-06,3:31 PM,Obstruction,0,CONVENT,LA,70,2,Day,Clear,Main,Freight Train,16,50114,20509,70623,H211,30.054025,-90.832788,75.3,75.6,76.6
IC,890330,2016-06-03,7:12 AM,Derailment,0,CONVENT,LA,82,2,Day,Clear,Industry,Freight Train,5,174000,9040,183040,T221,30.048187,-90.829634,79.6,78.6,76
IC,1145584,2024-02-28,5:30 AM,Derailment,0,CONVENT,LA,73,4,Dark,Clear,Industry,Freight Train,5,67796,10000,77796,T299,30.074329,-90.873774,72.8,70.3,56.8
IC,978717,2018-11-12,7:45 AM,Derailment,0,CONVENT,LA,62,2,Day,Rain,Industry,Freight Train,1,15570,0,48030,T111,30.047592,-90.829417,54.4,58.7,44
IC,836949,2015-01-07,1:40 AM,Derailment,0,CONVENT,LA,41,4,Dark,Clear,Industry,Freight Train,4,128716,5261,133977,T309,30.048791,-90.833347,47.4,46.8,31
IC,1075786,2021-07-06,11:35 AM,Derailment,0,CONVENT,LA,79,2,Day,Rain,Industry,Freight Train,5,10050,3668,13718,T111,30.053022,-90.834555,80.1,79.1,80.4
IC,978717,2018-11-12,7:45 AM,Derailment,0,CONVENT,LA,62,2,Day,Rain,Industry,Freight Train,5,28460,4000,48030,T111,30.047592,-90.829417,54.4,58.7,44
KCS,17092702,2017-09-27,11:20 AM,Derailment,0,CONVERSE,LA,90,2,Day,Clear,Main,Spec. MoW Equip.,2,25000,0,25000,M299,31.761355,-93.696665,77.1,79,79.8
NS,145383,2022-05-27,5:45 PM,Other impacts,0,CONWAY,PA,72,3,Dusk,Clear,Yard,Single Car,0,80666,0,81129,M411,40.672361,-80.251826,66.6,65.2,62.1
NS,127439,2017-11-16,11:00 AM,Derailment,0,CONWAY,PA,45,2,Day,Clear,Yard,Yard/switching,7,3675,13136,16811,M411,40.672356,-80.251823,38.7,41.5,37.8
NS,128345,2018-01-31,7:00 AM,Other (describe in narrative),0,CONWAY,PA,14,1,Dawn,Cloudy,Yard,Light loco(s),4,14932,1500,16432,H702,40.672356,-80.251823,18.8,25.6,40.1
NS,126397,2017-08-26,6:15 PM,Derailment,0,CONWAY,PA,70,3,Dusk,Clear,Yard,Yard/switching,4,37460,40328,77788,H704,40.672356,-80.251823,61.1,62.5,66.1
NS,156437,2024-04-21,9:48 AM,Other impacts,0,CONWAY,PA,47,2,Day,Cloudy,Yard,Single Car,7,8700,0,23100,S016,40.672362,-80.251826,51.2,41.5,47.2
NS,154421,2023-10-05,8:30 PM,Other (describe in narrative),0,CONWAY,PA,70,4,Dark,Clear,Yard,Yard/switching,2,16717,11944,28661,H702,40.658932,-80.243439,69.5,69.9,65.4
GRS,20200309W2,2020-03-09,11:15 AM,Obstruction,0,CONWAY,MA,66,2,Day,Clear,Main,Spec. MoW Equip.,15,200000,0,235000,H993,42.55696,-72.677904,38.3,50.2,55
NS,145001,2022-04-18,4:10 AM,Side collision,0,CONWAY,PA,35,1,Dawn,Clear,Yard,Freight Train,4,18700,0,22326,H307,40.672361,-80.251826,38.4,36.8,35.4
NS,133249,2019-03-18,4:40 AM,Derailment,0,CONWAY,PA,30,1,Dawn,Cloudy,Yard,Yard/switching,4,600,16393,16993,S006,40.672356,-80.251823,33.6,34,35.4
NS,128988,2018-03-27,9:30 PM,Other (describe in narrative),0,CONWAY,PA,50,4,Dark,Rain,Yard,Yard/switching,2,42113,4376,46489,H702,40.672356,-80.251823,39.3,41.8,52.2
NS,136048,2019-11-02,1:00 AM,Other impacts,0,CONWAY,PA,30,4,Dark,Clear,Yard,Cut of cars,0,10300,0,17374,H309,40.666555,-80.249177,36.1,37.1,39.8
NS,140930,2021-03-15,5:16 PM,Derailment,0,CONWAY,PA,45,3,Dusk,Clear,Yard,Cut of cars,3,5286,6706,11992,M411,40.672361,-80.251826,40.1,31.8,46.5
NS,129368,2018-05-05,2:27 PM,Side collision,0,CONWAY,PA,72,2,Day,Cloudy,Yard,Yard/switching,2,300,0,15028,H399,40.672356,-80.251823,69,60.6,57.9
NS,121366,2016-07-23,9:00 AM,Derailment,0,CONWAY,PA,86,2,Day,Cloudy,Yard,Yard/switching,4,135948,2679,138627,H702,40.672356,-80.251823,77.7,79.1,76
NS,141294,2021-04-20,9:45 AM,Derailment,0,CONWAY,PA,64,2,Day,Clear,Yard,Light loco(s),5,27742,50,27792,S011,40.672361,-80.251826,52.9,51.4,35.1
NS,134447,2019-06-22,11:25 AM,Derailment,0,CONWAY,PA,74,2,Day,Clear,Yard,Yard/switching,5,7150,8936,16086,E89C,40.672356,-80.251823,66.4,64.6,67.9
NS,134848,2019-07-25,1:15 AM,Other (describe in narrative),0,CONWAY,PA,57,4,Dark,Clear,Yard,Yard/switching,5,3050,19419,22469,H702,40.672356,-80.251823,65.8,68.7,71.7
NS,145383,2022-05-27,5:45 PM,Other impacts,0,CONWAY,PA,72,3,Dusk,Clear,Yard,Single Car,3,250,213,81129,M411,40.672361,-80.251826,66.6,65.2,62.1
NS,154547,2023-10-20,6:30 PM,Derailment,0,CONWAY,PA,55,3,Dusk,Cloudy,Yard,Work train,0,0,33646,33646,S011,40.672362,-80.251826,53.8,54.9,50.8
NS,113757,2015-01-09,10:20 PM,Derailment,0,CONWAY,PA,10,4,Dark,Clear,Yard,Yard/switching,3,8600,4040,12640,E04C,40.672361,-80.251826,5.6,16.3,7.2
NS,140624,2021-02-16,1:25 PM,Other impacts,0,CONWAY,PA,25,2,Day,Snow,Yard,Single Car,0,3000,0,17736,M411,40.672361,-80.251826,26.4,24.9,17.5
NS,142825,2021-09-12,11:30 PM,Other impacts,0,CONWAY,PA,72,4,Dark,Clear,Yard,Cut of cars,0,10900,0,57438,H312,40.672361,-80.251826,63.4,72.3,73.2
NS,154856,2023-11-22,10:00 PM,Side collision,0,CONWAY,PA,45,4,Dark,Clear,Yard,Cut of cars,6,25000,0,25000,H702,40.672362,-80.251826,42.5,42.9,39.8
NS,140282,2021-01-17,12:05 AM,Side collision,0,CONWAY,PA,30,4,Dark,Snow,Yard,Cut of cars,0,49384,0,59532,E30C,40.672361,-80.251826,29.1,32.3,30
NS,123949,2017-02-13,8:53 AM,Derailment,0,CONWAY,PA,32,2,Day,Cloudy,Yard,Yard/switching,4,33675,2564,36239,S006,40.672356,-80.251823,45.6,32.3,37.3
NS,145001,2022-04-18,4:10 AM,Side collision,0,CONWAY,PA,35,1,Dawn,Clear,Yard,Yard/switching,3,3626,0,22326,H307,40.672361,-80.251826,38.4,36.8,35.4
NS,130467,2018-08-06,2:15 AM,Other impacts,0,CONWAY,PA,72,4,Dark,Clear,Yard,Freight Train,0,50,0,35557,H306,40.672356,-80.251823,75.2,78,76.8
NS,124279,2017-03-12,10:30 AM,Other impacts,0,CONWAY,PA,23,2,Day,Clear,Yard,Yard/switching,5,35000,0,35000,M206,40.672356,-80.251823,20.1,21,27.9
NS,129656,2018-05-26,3:05 PM,Other impacts,0,CONWAY,PA,70,2,Day,Clear,Yard,Single Car,0,9000,0,21000,S007,40.672356,-80.251823,71,73.4,72.7
NS,115521,2015-05-04,9:55 PM,Derailment,0,CONWAY,PA,68,4,Dark,Rain,Yard,Yard/switching,3,13624,668,14292,H704,40.672361,-80.251826,63.3,66.6,64.9
NS,129656,2018-05-26,3:05 PM,Other impacts,0,CONWAY,PA,70,2,Day,Clear,Yard,Yard/switching,3,12000,0,21000,S007,40.672356,-80.251823,71,73.4,72.7
NS,146198,2022-08-13,2:45 PM,Derailment,0,CONWAY,PA,75,2,Day,Clear,Yard,Yard/switching,5,5117,24318,29435,M204,40.672361,-80.251826,68,65.6,66.1
NS,124956,2017-05-05,8:45 AM,Derailment,0,CONWAY,PA,60,2,Day,Cloudy,Yard,Single Car,0,735,0,50877,E29C,40.672356,-80.251823,54.3,56.9,44.7
NS,138507,2020-07-13,4:00 AM,Side collision,0,CONWAY,PA,72,1,Dawn,Clear,Yard,Light loco(s),2,1015,0,223750,H305,40.672361,-80.251826,71.8,70.8,70.8
NS,130926,2018-09-13,6:20 AM,Derailment,0,CONWAY,PA,67,1,Dawn,Cloudy,Yard,Yard/switching,3,1400,25789,27189,S006,40.672356,-80.251823,66.8,73.2,73.7
NS,121275,2016-07-15,9:15 AM,Derailment,0,CONWAY,PA,85,2,Day,Clear,Yard,Light loco(s),4,11675,8495,20170,H306,40.672356,-80.251823,76.8,75.9,73.5
NS,152661,2023-03-25,6:30 AM,Derailment,0,CONWAY,PA,40,1,Dawn,Rain,Yard,Light loco(s),1,80703,450,81153,H017,40.672362,-80.251826,41.5,52.1,46.8
NS,136048,2019-11-02,1:00 AM,Other impacts,0,CONWAY,PA,30,4,Dark,Clear,Yard,Cut of cars,4,5000,2074,17374,H309,40.666555,-80.249177,36.1,37.1,39.8
NS,138650,2020-07-26,7:50 PM,Raking collision,0,CONWAY,PA,80,3,Dusk,Clear,Yard,Yard/switching,1,795,0,62272,H306,40.672356,-80.251823,76,77.5,78.6
NS,124956,2017-05-05,8:45 AM,Derailment,0,CONWAY,PA,60,2,Day,Cloudy,Yard,Yard/switching,2,27896,19156,50877,E29C,40.672356,-80.251823,54.3,56.9,44.7
NS,133160,2019-03-10,5:45 PM,Derailment,0,CONWAY,PA,72,3,Dusk,Clear,Yard,Light loco(s),5,9945,1791,11736,H306,40.672356,-80.251823,34.8,48.6,38.8
NS,123871,2017-02-06,7:58 PM,Derailment,0,CONWAY,PA,40,3,Dusk,Clear,Yard,Light loco(s),5,11729,5405,17134,H702,40.672356,-80.251823,36.1,39.5,53.4
NS,153963,2023-08-11,3:15 AM,Other impacts,0,CONWAY,PA,78,4,Dark,Clear,Yard,Light loco(s),2,17269,0,17308,H302,40.672362,-80.251826,71.9,72.8,72.9
NS,146482,2022-09-14,9:14 PM,Derailment,0,CONWAY,PA,72,4,Dark,Clear,Yard,Yard/switching,3,65714,115838,181552,H505,40.672361,-80.251826,59.6,62.5,64.1
NS,138507,2020-07-13,4:00 AM,Side collision,0,CONWAY,PA,72,1,Dawn,Clear,Yard,Freight Train,5,221309,1426,223750,H305,40.672361,-80.251826,71.8,70.8,70.8
NS,114731,2015-03-08,1:55 PM,Other impacts,0,CONWAY,PA,39,2,Day,Clear,Yard,Yard/switching,6,10400,1111,13665,H702,40.672361,-80.251826,27.8,39.2,42.6
NS,153963,2023-08-11,3:15 AM,Other impacts,0,CONWAY,PA,78,4,Dark,Clear,Yard,Light loco(s),0,39,0,17308,H302,40.672362,-80.251826,71.9,72.8,72.9
NS,139689,2020-11-09,10:00 PM,Other impacts,0,CONWAY,PA,48,4,Dark,Clear,Yard,Single Car,3,0,11562,44065,M411,40.672356,-80.251823,54.5,56.6,63.6
NS,114731,2015-03-08,1:55 PM,Other impacts,0,CONWAY,PA,39,2,Day,Clear,Yard,Yard/switching,4,2154,0,13665,H702,40.672361,-80.251826,27.8,39.2,42.6
NS,139689,2020-11-09,10:00 PM,Other impacts,0,CONWAY,PA,48,4,Dark,Clear,Yard,Cut of cars,0,32503,0,44065,M411,40.672356,-80.251823,54.5,56.6,63.6
NS,143911,2022-01-03,6:44 AM,Derailment,0,CONWAY,PA,22,1,Dawn,Clear,Yard,Yard/switching,3,63446,6200,69646,M101,40.672361,-80.251826,35.4,23.7,27.7
NS,151697,2022-12-12,12:55 AM,Derailment,0,CONWAY,PA,33,4,Dark,Clear,Yard,Yard/switching,5,34600,8360,42960,T221,40.672362,-80.251826,39.4,34.4,31.9
NS,153549,2023-07-07,9:45 AM,Derailment,0,CONWAY,PA,84,2,Day,Clear,Yard,Single Car,3,25550,5342,30892,E30C,40.672362,-80.251826,76.6,73.9,72.4
NS,140624,2021-02-16,1:25 PM,Other impacts,0,CONWAY,PA,25,2,Day,Snow,Yard,Single Car,5,4000,10736,17736,M411,40.672361,-80.251826,26.4,24.9,17.5
NS,127615,2017-12-02,3:08 PM,Derailment,0,CONWAY,PA,45,2,Day,Clear,Yard,Yard/switching,2,18967,40264,59231,H306,40.672356,-80.251823,38.2,35,40
NS,116612,2015-07-20,10:15 PM,Derailment,0,CONWAY,PA,72,4,Dark,Cloudy,Yard,Light loco(s),4,12751,1051,13802,H702,40.672361,-80.251826,79.3,76.5,73.9
NS,129447,2018-05-13,1:15 PM,Derailment,0,CONWAY,PA,77,2,Day,Cloudy,Yard,Light loco(s),1,26866,0,26866,H306,40.672356,-80.251823,62.9,62.9,66
NS,151900,2023-01-03,3:00 AM,Other (describe in narrative),0,CONWAY,PA,40,4,Dark,Rain,Yard,Yard/switching,2,8910,17037,25947,H702,40.672362,-80.251826,48.8,56,56.6
NS,129368,2018-05-05,2:27 PM,Side collision,0,CONWAY,PA,72,2,Day,Cloudy,Yard,Single Car,0,14728,0,15028,H399,40.672356,-80.251823,69,60.6,57.9
NS,153196,2023-05-27,7:50 PM,Side collision,0,CONWAY,PA,58,3,Dusk,Clear,Yard,Freight Train,5,105388,13,117957,H306,40.672362,-80.251826,59.5,63.2,65
NS,127802,2017-12-18,12:10 AM,Derailment,0,CONWAY,PA,35,4,Dark,Clear,Yard,Light loco(s),2,12593,0,12593,H303,40.672356,-80.251823,36.9,40.8,47.3
NS,133309,2019-03-21,11:30 PM,Other impacts,0,CONWAY,PA,50,4,Dark,Clear,Yard,Yard/switching,7,1000,9727,10727,M411,40.672356,-80.251823,40.4,45,36
NS,156596,2024-05-05,6:00 AM,Derailment,0,CONWAY,PA,58,1,Dawn,Rain,Yard,Freight Train,0,591,0,25476,M409,40.672362,-80.251826,61.4,63.6,66
NS,124956,2017-05-05,8:45 AM,Derailment,0,CONWAY,PA,60,2,Day,Cloudy,Yard,Cut of cars,0,3090,0,50877,E29C,40.672356,-80.251823,54.3,56.9,44.7
NS,156437,2024-04-21,9:48 AM,Other impacts,0,CONWAY,PA,47,2,Day,Cloudy,Yard,Single Car,0,14400,0,23100,S016,40.672362,-80.251826,51.2,41.5,47.2
NS,156596,2024-05-05,6:00 AM,Derailment,0,CONWAY,PA,58,1,Dawn,Rain,Yard,Yard/switching,5,18385,6500,25476,M409,40.672362,-80.251826,61.4,63.6,66
GRS,20200309W2,2020-03-09,11:15 AM,Obstruction,0,CONWAY,MA,66,2,Day,Clear,Main,Spec. MoW Equip.,0,35000,0,235000,H993,42.55696,-72.677904,38.3,50.2,55
NS,138650,2020-07-26,7:50 PM,Raking collision,0,CONWAY,PA,80,3,Dusk,Clear,Yard,Yard/switching,4,61477,0,62272,H306,40.672356,-80.251823,76,77.5,78.6
NS,135342,2019-08-31,11:00 PM,Derailment,0,CONWAY,PA,68,4,Dark,Clear,Yard,Light loco(s),3,22172,11875,34047,H303,40.672356,-80.251823,71.9,67.9,67.7
NS,139161,2020-09-15,6:57 AM,Other impacts,0,CONWAY,PA,66,1,Dawn,Clear,Yard,Single Car,7,300,0,32205,M411,40.672356,-80.251823,62.9,55.2,59.3
NS,113641,2015-01-02,6:30 AM,Other impacts,0,CONWAY,PA,25,1,Dawn,Clear,Yard,Yard/switching,5,102548,0,102548,M408,40.672361,-80.251826,26.5,30.6,36.3
NS,120988,2016-06-24,2:15 AM,Derailment,0,CONWAY,PA,64,4,Dark,Cloudy,Yard,Yard/switching,4,12240,100,12340,H504,40.672361,-80.251826,69.1,72.4,74.8
NS,131221,2018-10-06,10:00 AM,Derailment,0,CONWAY,PA,79,2,Day,Clear,Yard,Freight Train,5,7150,11169,18319,E40C,40.672356,-80.251823,58.4,70.2,72.6
NS,130467,2018-08-06,2:15 AM,Other impacts,0,CONWAY,PA,72,4,Dark,Clear,Yard,Freight Train,0,1250,0,35557,H306,40.672356,-80.251823,75.2,78,76.8
NS,130467,2018-08-06,2:15 AM,Other impacts,0,CONWAY,PA,72,4,Dark,Clear,Yard,Yard/switching,4,20641,13616,35557,H306,40.672356,-80.251823,75.2,78,76.8
NS,153196,2023-05-27,7:50 PM,Side collision,0,CONWAY,PA,58,3,Dusk,Clear,Yard,Yard/switching,2,12556,0,117957,H306,40.672362,-80.251826,59.5,63.2,65
NS,130124,2018-07-07,4:30 PM,Derailment,0,CONWAY,PA,80,3,Dusk,Clear,Yard,Freight Train,9,4745,23461,28206,H521,40.672356,-80.251823,72.2,66.9,69.3
NS,142825,2021-09-12,11:30 PM,Other impacts,0,CONWAY,PA,72,4,Dark,Clear,Yard,Single Car,5,35000,11538,57438,H312,40.672361,-80.251826,63.4,72.3,73.2
NS,120150,2016-04-15,8:30 AM,Derailment,0,CONWAY,PA,59,2,Day,Clear,Yard,Yard/switching,8,32738,1672,34410,H306,40.672361,-80.251826,51.1,56.8,59.6
NS,124654,2017-04-09,8:14 AM,Other impacts,0,CONWAY,PA,65,2,Day,Clear,Yard,Cut of cars,4,13933,0,13933,E99C,40.672356,-80.251823,43.1,54,67.8
NS,139161,2020-09-15,6:57 AM,Other impacts,0,CONWAY,PA,66,1,Dawn,Clear,Yard,Single Car,0,31905,0,32205,M411,40.672356,-80.251823,62.9,55.2,59.3
NS,140282,2021-01-17,12:05 AM,Side collision,0,CONWAY,PA,30,4,Dark,Snow,Yard,Yard/switching,1,10148,0,59532,E30C,40.672361,-80.251826,29.1,32.3,30
UP,0416WH001,2016-04-05,3:20 AM,Hwy-rail crossing,0,CONWAY,AR,50,4,Dark,Clear,Main,Freight Train,40,42354,364,42718,M304,35.011519,-92.41453,63.8,60,63.5
UP,0817LK006,2017-08-07,3:29 PM,Hwy-rail crossing,0,CONWAY,AR,82,2,Day,Cloudy,Main,Freight Train,44,12580,100,12680,M302,35.011567,-92.414516,75.3,74,75.8
NS,123547,2017-01-13,12:23 PM,Derailment,0,CONWAY,PA,33,2,Day,Clear,Yard,Yard/switching,5,38601,17190,55791,T110,40.672356,-80.251823,56.4,31.8,31
NS,113709,2015-01-07,5:00 PM,Derailment,0,CONWAY,PA,10,3,Dusk,Cloudy,Yard,Light loco(s),8,12515,2933,15448,T316,40.672361,-80.251826,15.5,9.6,5.6
NS,138937,2020-08-23,4:15 AM,Derailment,0,CONWAY,PA,63,1,Dawn,Cloudy,Yard,Freight Train,6,7500,4256,11756,T311,40.658978,-80.243482,75.6,74.6,77.2
NS,134486,2019-06-25,7:45 PM,Derailment,0,CONWAY,PA,72,3,Dusk,Clear,Yard,Yard/switching,10,6700,89110,95810,T207,40.672356,-80.251823,72,72.8,75.1
NS,139444,2020-10-16,6:30 PM,Derailment,0,CONWAY,PA,52,3,Dusk,Clear,Yard,Yard/switching,10,283361,239166,522527,T207,40.672356,-80.251823,59.8,47.6,44.2
NS,133047,2019-03-02,3:05 AM,Derailment,0,CONWAY,PA,32,4,Dark,Cloudy,Yard,Yard/switching,4,3500,7400,10900,T207,40.672356,-80.251823,30.5,33.6,28.6
NS,139524,2020-10-24,6:45 PM,Derailment,0,CONWAY,PA,50,3,Dusk,Clear,Yard,Freight Train,6,180596,3814,184410,T207,40.672356,-80.251823,66.3,50.3,44.2
NS,146512,2022-09-18,5:20 PM,Derailment,0,CONWAY,PA,77,3,Dusk,Clear,Yard,Light loco(s),5,132,11807,11939,T311,40.672361,-80.251826,66.9,69.6,67.6
NS,132276,2019-01-03,10:00 AM,Derailment,0,CONWAY,PA,35,2,Day,Cloudy,Yard,Yard/switching,2,2000,10247,12247,T110,40.672356,-80.251823,36.4,33.6,33.8
NS,137096,2020-02-08,12:52 AM,Derailment,0,CONWAY,PA,26,4,Dark,Clear,Yard,Freight Train,4,755172,42105,797277,T110,40.672356,-80.251823,28.4,27.3,32.3
NS,136495,2019-12-13,9:50 AM,Derailment,0,CONWAY,PA,38,2,Day,Cloudy,Yard,Yard/switching,10,23600,32114,55714,T311,40.672356,-80.251823,25.4,33.9,37
NS,154913,2023-11-30,9:30 PM,Derailment,0,CONWAY,PA,20,4,Dark,Clear,Yard,Yard/switching,2,0,200,200,T314,40.672362,-80.251826,26.3,41.8,46.8
NS,137381,2020-03-04,6:20 AM,Derailment,0,CONWAY,PA,46,1,Dawn,Cloudy,Yard,Freight Train,5,350,13660,14010,T110,40.672356,-80.251823,47.9,41.2,37.7
CSX,000198856,2021-07-16,4:01 AM,Hwy-rail crossing,0,CONYERS,GA,74,1,Dawn,Cloudy,Main,Freight Train,47,8500,8972,17472,M304,33.673441,-84.028969,80,79.4,78.4
CSX,000210771,2023-04-11,8:14 PM,Hwy-rail crossing,0,CONYERS,GA,65,4,Dark,Clear,Main,Freight Train,40,9902,63359,73261,M302,33.664396,-84.015459,53.6,55.5,60.1
BNSF,CH0816121,2016-08-16,3:30 PM,Obstruction,0,COOK,IL,85,2,Day,Cloudy,Main,,0,0,0,45528,M404,37.37412,-88.955361,74.1,77.7,78.5
UP,0518SA017,2018-05-19,1:05 PM,Hwy-rail crossing,0,COOKS POINT,TX,91,2,Day,Clear,Main,Freight Train,51,10899,200,11099,M304,30.577725,-96.613732,80.5,81,74.1
UP,0616SA016,2016-06-18,8:45 PM,Hwy-rail crossing,0,COOKS POINT,TX,89,2,Day,Clear,Main,Freight Train,47,544434,238810,783244,M302,30.577731,-96.61377,83.3,83.3,81.2
BNSF,KS1118113,2018-11-21,9:15 AM,Derailment,0,COOLIDGE,KS,33,2,Day,Clear,Industry,Single Car,1,28812,150,28962,H022,38.03877,-102.008985,34.8,38.9,40.3
UP,0222LA035,2022-02-21,11:35 AM,Derailment,1,COOLIDGE,AZ,61,2,Day,Clear,Main,Freight Train,4,648178,237682,885860,H519,32.885643,-111.510657,59.2,56.3,55.9
UP,0717ST019,2017-07-19,3:28 PM,Derailment,0,COOLIDGE,AZ,95,2,Day,Fog,Industry,Freight Train,2,79560,1269,80829,T206,32.92087,-111.510429,85,87.3,89.1
BNSF,TC1217101,2017-12-04,5:30 PM,Obstruction,0,COON RAPIDS,MN,35,3,Dusk,Cloudy,Main,,0,0,0,30000,M402,45.156683,-93.302998,38.9,48.2,19.8
NSCR,NS2017001,2017-12-04,5:30 PM,Obstruction,0,COON RAPIDS,MN,20,4,Dark,Cloudy,Main,Commuter Train - Pushing,79,30000,0,30000,M402,45.156683,-93.302998,38.9,48.2,19.8
CVR,CVR072018D,2018-07-20,4:30 PM,Derailment,0,COPELAND,KS,103,2,Day,Clear,Main,Freight Train,10,190600,17830,208430,T109,37.555,-100.587222,82.2,83.3,80.6
CVR,CVR061717D,2017-06-17,4:05 PM,Derailment,0,COPELAND,KS,102,2,Day,Clear,Main,Freight Train,10,60000,50000,110000,T109,37.550272,-100.605122,80.2,83.2,73
KCS,18092101,2018-09-21,11:15 PM,Derailment,0,COPEVILLE,TX,80,4,Dark,Rain,Main,Freight Train,23,572449,206367,778816,T002,33.126576,-96.392778,80.9,77.7,73.6
FWWR,15052901,2015-05-29,1:00 PM,Derailment,0,COPPELL,TX,77,2,Day,Cloudy,Main,Freight Train,23,60630,141845,202475,M103,32.97654,-96.99181,78.1,70.7,70.5
CSX,000205637,2022-06-18,11:29 AM,Derailment,0,CORBIN,KY,75,2,Day,Clear,Main,Freight Train,8,3570,8796,12366,H503,36.950771,-84.095858,78.1,72,66.5
CSX,000174413,2018-01-31,2:28 AM,Derailment,0,CORBIN,KY,18,4,Dark,Clear,Yard,Yard/switching,5,59264,1000,60264,E46C,36.95077,-84.095867,27.8,36.8,43.6
CSX,000175129,2018-03-09,3:13 AM,Derailment,0,CORDELE,GA,30,4,Dark,Clear,Yard,Freight Train,3,12862,510,13372,H522,32.000257,-83.813969,48.9,50.4,57.8
HOG,HOG086617,2017-08-06,8:30 AM,Derailment,0,CORDELE,GA,90,2,Day,Clear,Yard,Work train,7,18600,5462,24062,H599,31.96755,-83.742915,83.3,86.3,86.8
CSX,000159442,2016-05-02,1:28 AM,Side collision,0,CORDELE,GA,58,4,Dark,Clear,Siding,Cut of cars,0,1119,50,39051,H302,31.967454,-83.769007,80.7,77.7,76.1
CSX,000159442,2016-05-02,1:28 AM,Side collision,0,CORDELE,GA,58,4,Dark,Clear,Siding,Freight Train,5,37882,0,39051,H302,31.967454,-83.769007,80.7,77.7,76.1
CSX,000157544,2016-02-26,9:05 AM,Derailment,0,CORDELE,GA,65,2,Day,Clear,Main,Freight Train,47,15495,187840,203335,T202,31.937497,-83.687227,51.8,47.6,47.7
CSX,000211864,2023-06-19,11:50 AM,Derailment,0,CORFU,NY,80,2,Day,Clear,Main,Freight Train,55,88446,100,88546,H993,42.950068,-78.444878,65.5,69.3,72.3
KCS,20090501,2020-09-05,4:35 PM,Derailment,0,CORINTH,MS,88,2,Day,Clear,Main,Light loco(s),10,17182,450,17632,E46L,34.922181,-88.518685,77.6,71.7,74
KCS,19121701,2019-12-17,6:10 PM,Derailment,0,CORINTH,MS,36,4,Dark,Clear,Yard,Freight Train,2,9120,0,24036,H505,34.931006,-88.502853,59.4,35.1,34.4
NS,139201,2020-09-19,3:30 PM,Derailment,0,CORINTH,MS,70,2,Day,Clear,Main,,0,0,1502,1502,H704,34.931006,-88.502853,69.4,63.2,67.4
NS,144983,2022-04-14,10:45 PM,Other impacts,0,CORINTH,MS,49,4,Dark,Clear,Yard,,0,0,92822,92822,H312,34.939615,-88.511966,70.9,57.4,61.9
NS,136549,2019-12-17,6:10 PM,Derailment,0,CORINTH,MS,36,3,Dusk,Clear,Yard,,0,0,14916,24036,H524,34.931006,-88.502853,59.4,35.1,34.4
NS,134566,2019-07-02,5:45 PM,Derailment,0,CORINTH,MS,86,3,Dusk,Clear,Yard,,0,0,9171,11740,H524,34.934146,-88.506226,80.9,81.5,79.4
KCS,19070203,2019-07-02,5:45 PM,Derailment,0,CORINTH,MS,86,3,Dusk,Clear,Yard,Freight Train,5,2569,0,11740,H505,34.934146,-88.506226,80.9,81.5,79.4
NS,123091,2016-12-10,10:30 AM,Derailment,0,CORINTH,MS,35,2,Day,Clear,Yard,Freight Train,3,86133,12197,98330,T110,34.931006,-88.502853,28.3,30.4,44.4
WTNN,221,2022-04-14,10:45 PM,Derailment,0,CORINTH,MS,52,4,Dark,Clear,Siding,Freight Train,4,0,0,92822,T402,34.939272,-88.511924,70.9,57.4,61.9
CSX,000177077,2018-06-17,4:15 PM,Derailment,0,CORNERSVILLE,TN,85,2,Day,Clear,Siding,Freight Train,0,44881,79528,546157,T213,35.34072,-86.845115,79.6,79.7,78.2
CSX,000179097,2018-10-02,9:50 AM,Rear end collision,0,CORNERSVILLE,TN,65,2,Day,Clear,Main,Freight Train,0,49283,64,51505,H994,35.331665,-86.844092,73.1,73.5,75.1
CSX,000179097,2018-10-02,9:50 AM,Rear end collision,0,CORNERSVILLE,TN,65,2,Day,Clear,Main,Freight Train,15,2158,0,51505,H994,35.331665,-86.844092,73.1,73.5,75.1
CSX,000177077,2018-06-17,4:15 PM,Derailment,0,CORNERSVILLE,TN,85,2,Day,Clear,Siding,Freight Train,11,421748,0,546157,T213,35.34072,-86.845115,79.6,79.7,78.2