reportingrailroadcode,accidentnumber,date,time,accidenttype,hazmatreleasedcars,station,stateabbr,temperature,visibility_code,visibility,weathercondition,tracktype,equipmenttype,trainspeed,equipmentdamagecost,trackdamagecost,totaldamagecost,primaryaccidentcausecode,latitude,longitude,prior_temp,actual_temp,following_temp
UP,0816LK032,2016-08-31,6:45 AM,Hwy-rail crossing,0,CORNING,AR,80,1,Dawn,Clear,Main,Freight Train,40,1218,161023,162241,M303,36.407885,-90.579824,82.4,79.8,75.4
ATK,140625,2016-01-01,1:38 PM,Other (describe in narrative),0,CORNWELLS HEIGHTS,PA,40,2,Day,Cloudy,Main,Passenger Train - Pulling,0,10000,1000,11000,E78L,40.093377,-74.907995,47.5,39,35.8
ATK,140629,2016-01-04,5:37 PM,Other (describe in narrative),0,CORNWELLS HEIGHTS,PA,23,4,Dark,Clear,Main,Passenger Train - Pulling,60,10000,6000,16000,T404,40.285313,-74.800621,36.2,27.5,19.7
UP,0417HO003,2017-04-05,4:30 AM,Derailment,0,CORPUS CHRISTI,TX,60,4,Dark,Cloudy,Industry,Freight Train,4,68219,10000,78219,T222,27.815778,-97.468878,75.5,72.8,67
KCS,21051103,2021-05-11,3:45 PM,Derailment,0,CORPUS CHRISTI,TX,84,2,Day,Clear,Yard,Freight Train,6,21195,50036,71231,T221,27.785477,-97.52923,80.8,81.4,73.5
UP,0419GC039,2019-04-19,6:50 PM,Other impacts,0,CORPUS CHRISTI,TX,81,3,Dusk,Clear,Industry,Yard/switching,8,1500,3511,35446,H307,27.815856,-97.469356,73.8,70.3,69.9
TCBR,221126003,2022-11-26,4:35 PM,Derailment,0,CORPUS CHRISTI,TX,75,2,Day,Clear,Yard,Yard/switching,9,11458,183,11641,E24C,27.82388,-97.45237,62.5,59.3,62.1
UP,0919GC037,2019-09-18,8:35 AM,Derailment,0,CORPUS CHRISTI,TX,80,2,Day,Cloudy,Yard,,0,0,28208,31208,H702,27.834412,-97.510648,83.3,86,86.9
CCPN,CCP861021,2021-10-21,6:05 PM,Side collision,0,CORPUS CHRISTI,TX,79,2,Day,Clear,Yard,Yard/switching,4,60000,0,60000,H307,27.816262,-97.415714,76.9,76.8,77
UP,1221GC016,2021-12-18,3:00 PM,Derailment,0,CORPUS CHRISTI,TX,66,2,Day,Cloudy,Yard,,0,0,11845,21543,H523,27.806136,-97.405868,74.7,69.1,50.8
UP,0721GC014,2021-07-14,1:50 AM,Other impacts,0,CORPUS CHRISTI,TX,79,4,Dark,Clear,Yard,Yard/switching,4,0,198,105779,H310,27.834079,-97.510046,82.5,83.1,83.9
CCPN,CCP889621,2021-12-18,3:00 PM,Derailment,0,CORPUS CHRISTI,TX,66,2,Day,Cloudy,Yard,Yard/switching,5,9698,0,21543,T217,27.806136,-97.405868,74.7,69.1,50.8
UP,0420GC003,2020-04-01,7:46 PM,Derailment,0,CORPUS CHRISTI,TX,74,3,Dusk,Cloudy,Industry,Yard/switching,4,11994,1873,13867,T211,27.821852,-97.487779,75.6,70.6,73.4
UP,1123HO028,2023-11-28,12:15 PM,Derailment,0,CORPUS CHRISTI,TX,70,2,Day,Cloudy,Main,Freight Train,10,16108,49650,65758,M204,27.83637,-97.513056,54.4,57.8,65.1
UP,0419GC039,2019-04-19,6:50 PM,Other impacts,0,CORPUS CHRISTI,TX,81,3,Dusk,Clear,Industry,Cut of cars,0,30435,0,35446,H307,27.815856,-97.469356,73.8,70.3,69.9
CCPN,CCP510219,2019-08-30,4:00 PM,Derailment,0,CORPUS CHRISTI,TX,93,2,Day,Clear,Yard,,0,0,8000,189899,H702,27.8457,-97.524835,85.7,85.4,85.7
UP,0721GC014,2021-07-14,1:50 AM,Other impacts,0,CORPUS CHRISTI,TX,79,4,Dark,Clear,Yard,Single Car,3,105581,0,105779,H310,27.834079,-97.510046,82.5,83.1,83.9
BNSF,RD0819138,2019-08-30,4:00 PM,Derailment,0,CORPUS CHRISTI,TX,93,2,Day,Clear,Yard,Freight Train,4,181899,0,189899,H702,27.806023,-97.405567,85.7,85.4,85.7
UP,0115HO029,2015-01-21,11:50 AM,Derailment,0,CORPUS CHRISTI,TX,70,2,Day,Cloudy,Yard,Yard/switching,4,15297,883,16180,H607,27.82589,-97.497255,58.6,64,58.7
CCPN,CCP483019,2019-09-18,8:35 AM,Derailment,0,CORPUS CHRISTI,TX,85,2,Day,Clear,Yard,Work train,5,3000,0,31208,T319,27.834412,-97.510648,83.3,86,86.9
UP,0719GC004,2019-07-03,2:50 PM,Derailment,0,CORPUS CHRISTI,TX,99,2,Day,Cloudy,Industry,Yard/switching,6,222995,99,223094,T111,27.816,-97.49531,83.7,84.6,85
KCS,15011502,2015-01-15,3:45 PM,Derailment,0,CORPUS CHRISTI,TX,52,2,Day,Clear,Yard,Freight Train,5,1581,27853,29434,T110,27.81004,-97.4563,44,45.3,48.7
KCS,15012301,2015-01-23,3:45 PM,Derailment,0,CORPUS CHRISTI,TX,52,2,Day,Clear,Yard,Yard/switching,5,1250,12966,14216,T001,27.862381,-97.616772,58.7,45.8,48.2
UP,0716HO048,2016-07-29,3:10 PM,Derailment,0,CORPUS CHRISTI,TX,90,2,Day,Clear,Yard,Light loco(s),0,0,0,49030,T319,27.840446,-97.520245,86.7,86.1,86.2
KCS,17100101,2017-10-01,1:20 AM,Derailment,0,CORPUS CHRISTI,TX,80,4,Dark,Clear,Main,Freight Train,12,5989,35960,41949,T310,27.784849,-97.585822,80.5,81.2,81.9
UP,0716HO048,2016-07-29,3:10 PM,Derailment,0,CORPUS CHRISTI,TX,90,2,Day,Clear,Yard,Freight Train,3,48780,250,49030,T319,27.840446,-97.520245,86.7,86.1,86.2
UP,0515LV012,2015-05-21,4:30 PM,Hwy-rail crossing,0,CORRIGAN,TX,70,2,Day,Cloudy,Main,Freight Train,44,121,81950,82071,M303,30.996953,-94.827774,80,71.4,69.5
BNSF,RD1019110,2019-10-21,10:30 AM,Rear end collision,0,CORSICANA,TX,83,2,Day,Clear,Main,Spec. MoW Equip.,10,250,0,18250,H402,32.099609,-96.461984,72.8,67.6,60.3
UP,1223TO034,2023-12-29,5:20 PM,Hwy-rail crossing,0,CORSICANA,TX,55,2,Day,Clear,Main,Freight Train,47,109,107483,107592,M302,32.005235,-96.437173,43,42.4,47.5
BNSF,RD1019110,2019-10-21,10:30 AM,Rear end collision,0,CORSICANA,TX,83,2,Day,Clear,Main,Spec. MoW Equip.,0,18000,0,18250,H402,32.099609,-96.461984,72.8,67.6,60.3
UP,0623TO022,2023-06-21,5:17 PM,Derailment,0,CORSICANA,TX,90,2,Day,Rain,Main,Freight Train,16,1151217,429104,1580321,M105,32.107658,-96.36924,88.2,84.8,83
BNSF,RD0920202,2020-09-24,4:31 PM,Hwy-rail crossing,0,CORSICANA,TX,70,2,Day,Cloudy,Main,Spec. MoW Equip.,3,40000,0,40000,M302,32.088614,-96.454496,68.9,68,69.4
UP,0215FW001,2015-02-01,1:59 AM,Derailment,0,CORSICANA,TX,55,4,Dark,Rain,Siding,Freight Train,9,11435,59321,70756,T220,32.073221,-96.463132,51.9,56.2,35.5
UP,1015FW016,2015-10-24,3:05 AM,Derailment,0,CORSICANA,TX,65,4,Dark,Rain,Main,Freight Train,20,3755057,486124,4241181,M103,32.150404,-96.477455,71,66.4,60.5
UP,0815FW022,2015-08-18,2:14 PM,Derailment,0,CORSICANA,TX,92,2,Day,Clear,Industry,Freight Train,5,500,61447,61947,T101,32.099873,-96.404282,84.6,86.6,84.7
BNSF,TC0524106,2024-05-21,9:40 AM,Derailment,0,CORSON,SD,50,2,Day,Clear,Industry,Light loco(s),5,1818,50000,51818,T111,43.620601,-96.57364,56.6,59.2,58.2
BNSF,TC0719108,2019-07-12,6:25 AM,Derailment,0,CORSON,SD,74,1,Dawn,Clear,Main,Freight Train,5,136311,453000,589311,T001,43.601773,-96.59129,74.3,77.7,78.7
NYSW,220717ND1,2022-07-17,4:27 PM,Derailment,0,CORTLAND,NY,84,2,Day,Clear,Siding,Freight Train,7,37685,0,37685,H306,42.588777,-76.1355,68.4,72.4,70.2
PNWR,PNW336923D,2023-02-23,9:15 PM,Derailment,0,CORVALLIS,OR,23,4,Dark,Cloudy,Main,Freight Train,24,87150,41081,128231,T220,44.599674,-123.235191,35.9,32.9,29.5
BNSF,TC1017110,2017-10-05,2:39 AM,Rear end collision,0,COTTAGE GROVE,MN,45,4,Dark,Cloudy,Main,Freight Train,0,17140,0,32167,H605,44.798203,-92.917262,51.8,54.6,53.9
CP,1000630587,2017-10-05,2:39 AM,Rear end collision,0,COTTAGE GROVE,MN,45,4,Dark,Cloudy,Main,Freight Train,17,15000,27,32167,H605,44.78323,-92.889224,51.8,54.6,53.9
CORP,COR652814D,2014-11-12,3:19 AM,Derailment,0,COTTAGE GROVE,OR,30,4,Dark,Clear,Main,Freight Train,17,95000,55000,150000,T207,43.753698,-123.155593,43.6,37.9,36
CORP,COR675415D,2015-01-02,7:52 AM,Derailment,0,COTTAGE GROVE,OR,22,4,Dark,Clear,Main,Freight Train,10,10000,49000,59000,T207,43.739616,-123.185738,28.2,31.8,36.7
MNA,MNA782915D,2015-08-07,11:30 AM,Derailment,0,COTTER,AR,91,2,Day,Clear,Main,Freight Train,5,5000,169000,174000,E07C,36.274851,-92.56026,78.5,81,80.7
WC,894019,2016-07-07,10:15 AM,Rear end collision,0,COTTON,MN,60,2,Day,Rain,Main,Maint./inspect Car,25,3600,0,37024,H997,47.021639,-92.340944,68.7,63.2,62.8
WC,894019,2016-07-07,10:15 AM,Rear end collision,0,COTTON,MN,60,2,Day,Rain,Main,Maint./inspect Car,0,33424,0,37024,H997,47.021639,-92.340944,68.7,63.2,62.8
WC,1073862,2021-06-16,3:10 PM,Derailment,0,COTTON,MN,79,2,Day,Clear,Siding,Freight Train,10,21395,173495,194890,T109,47.113083,-92.353129,61.6,63.6,71
WC,841815,2015-02-25,2:53 AM,Derailment,0,COTTON,MN,-11,4,Dark,Clear,Main,Freight Train,24,770019,339954,1109973,T207,47.081564,-92.348875,16.4,-0.2,-3.2
LAS,190313002,2019-03-13,11:45 AM,Other (describe in narrative),0,COTTON VALLEY,LA,62,2,Day,Rain,Main,Freight Train,0,20000,0,20000,H018,32.800516,-93.409845,61,61.7,64.1
BAYL,BAY896724D,2024-08-12,1:00 PM,Derailment,0,COTTONDALE,FL,95,2,Day,Clear,Siding,Freight Train,7,3000,11250,14250,H703,30.77863,-85.380021,85,84.1,85.6
BAYL,BAY896724D,2024-02-12,1:00 PM,Derailment,0,COTTONDALE,FL,95,2,Day,Clear,Siding,Freight Train,7,3000,11250,14250,H703,30.77863,-85.380021,67.1,66.6,52.4
BNSF,TC0616103,2016-06-10,6:30 PM,Derailment,0,COTTONWOOD,MN,94,3,Dusk,Clear,Main,Freight Train,42,1309159,1168286,2477445,T109,44.621915,-95.66442,78.8,82.4,81.7
UP,0317SA012,2017-03-12,1:24 PM,Hwy-rail crossing,0,COTULLA,TX,64,2,Day,Cloudy,Main,Freight Train,59,15000,0,15000,M302,28.602183,-99.189647,70.2,62.3,59.5
UP,1117SA022,2017-11-28,9:50 PM,Hwy-rail crossing,0,COTULLA,TX,68,4,Dark,Clear,Main,Freight Train,45,299099,35329,334428,M302,28.602268,-99.189621,65.7,67.8,63
UP,0116SA004,2016-01-09,10:46 AM,Hwy-rail crossing,0,COTULLA,TX,55,2,Day,Clear,Main,Freight Train,57,12102,0,12102,M303,28.623944,-99.183095,59.2,55.7,44.8
UP,0315SA002,2015-03-07,9:43 PM,Hwy-rail crossing,0,COTULLA,TX,55,4,Dark,Cloudy,Main,Freight Train,41,67248,685,67933,M302,28.556288,-99.203446,43.9,55.3,55.5
UP,0922SX030,2022-09-25,1:04 PM,Derailment,0,COTULLA,TX,92,2,Day,Clear,Main,Freight Train,44,521669,403363,925032,E68C,28.381408,-99.260425,82.8,84.7,84.9
UP,1214SA014,2014-12-29,11:20 PM,Hwy-rail crossing,0,COTULLA,TX,49,4,Dark,Cloudy,Main,Freight Train,51,21475,264,21739,M308,28.602179,-99.189637,44.8,46,48.8
GRD,20002,2020-03-06,5:04 AM,Derailment,0,COTULLA,TX,50,1,Dawn,Clear,Yard,Freight Train,3,0,54476,102507,T108,28.517742,-99.217776,62.5,64.3,64.1
UP,0320SX008,2020-03-06,5:04 AM,Derailment,0,COTULLA,TX,50,1,Dawn,Clear,Yard,Freight Train,3,47303,728,102507,T108,28.517742,-99.217776,62.5,64.3,64.1
UP,0515CB003,2015-05-08,1:00 AM,Obstruction,0,COUNCIL BLUFFS,IA,60,4,Dark,Cloudy,Main,Freight Train,0,10212,750,10962,M101,41.294165,-95.859581,68.2,56.7,60.7
UP,1220GL019,2020-12-25,2:58 PM,Derailment,0,COUNCIL BLUFFS,IA,29,2,Day,Clear,Main,Freight Train,7,213462,247542,461004,H701,41.294021,-95.859602,9.9,16.8,28.3
UP,0920GL006,2020-09-10,8:44 AM,Other impacts,0,COUNCIL BLUFFS,IA,46,2,Day,Rain,Yard,Yard/switching,2,96479,264,97088,H018,41.248206,-95.875483,46.2,49.7,55.6
UP,1220GL004,2020-12-10,1:12 AM,Derailment,0,COUNCIL BLUFFS,IA,39,4,Dark,Cloudy,Yard,Yard/switching,7,223856,57270,281126,H508,41.241835,-95.875618,45.6,39.2,35.8
IAIS,2021041,2021-08-15,8:17 AM,Derailment,0,COUNCIL BLUFFS,IA,63,2,Day,Clear,Yard,,0,0,0,70302,H514,41.250945,-95.871716,72.9,72.9,74.6
UP,0920GL006,2020-09-10,8:44 AM,Other impacts,0,COUNCIL BLUFFS,IA,46,2,Day,Rain,Yard,Single Car,0,345,0,97088,H018,41.248206,-95.875483,46.2,49.7,55.6
UP,0724GL008,2024-07-08,11:59 AM,Other impacts,0,COUNCIL BLUFFS,IA,73,2,Day,Cloudy,Yard,Cut of cars,4,36380,0,39221,M408,41.248446,-95.875681,70.6,72.1,75.5
UP,0724GL008,2024-07-08,11:59 AM,Other impacts,0,COUNCIL BLUFFS,IA,73,2,Day,Cloudy,Yard,Yard/switching,0,2841,0,39221,M408,41.248446,-95.875681,70.6,72.1,75.5
UP,0916CB010,2016-09-28,4:50 AM,Derailment,0,COUNCIL BLUFFS,IA,50,4,Dark,Clear,Yard,Yard/switching,4,20526,50356,70882,E64C,41.250495,-95.88318,63.3,55.7,57.1
UP,0620GL008,2020-06-10,3:35 PM,Derailment,0,COUNCIL BLUFFS,IA,73,2,Day,Clear,Yard,Freight Train,3,9229,1680,10909,H525,41.248838,-95.883617,77.2,65.5,72.4
UP,1218GP032,2018-12-15,10:20 PM,Derailment,0,COUNCIL BLUFFS,IA,39,4,Dark,Cloudy,Yard,Freight Train,7,29368,27846,57214,T220,41.266281,-95.860507,27.9,30.5,35.3
UP,0516CB011,2016-05-28,6:00 PM,Derailment,0,COUNCIL BLUFFS,IA,79,2,Day,Clear,Yard,Yard/switching,6,3424,8420,11844,M507,41.250065,-95.892912,68.4,66,70.4
UP,0516CB007,2016-05-19,2:30 AM,Derailment,0,COUNCIL BLUFFS,IA,48,4,Dark,Clear,Yard,Freight Train,5,14289,0,14289,H504,41.249886,-95.894069,59.2,60.2,59.8
UP,1215CB001,2015-12-01,6:30 PM,Derailment,0,COUNCIL BLUFFS,IA,32,3,Dusk,Snow,Yard,Freight Train,8,26405,251865,278270,H503,41.240575,-95.876156,32.6,29.9,33.1
UP,0923GL018,2023-09-18,9:00 PM,Derailment,0,COUNCIL BLUFFS,IA,70,4,Dark,Clear,Yard,Yard/switching,9,64013,4532,68545,H607,41.250072,-95.881372,62.3,69.5,74.1
UP,0823GL020,2023-08-10,3:16 PM,Derailment,0,COUNCIL BLUFFS,IA,82,2,Day,Clear,Yard,Yard/switching,3,5097,1524,6621,M405,41.246533,-95.874074,72.8,74.9,78
UP,0523GL027,2023-05-27,5:01 PM,Derailment,0,COUNCIL BLUFFS,IA,79,2,Day,Cloudy,Yard,Freight Train,4,168151,2225,170376,H503,41.239976,-95.867761,69.7,67.9,70.9
UP,0823GL015,2023-08-08,9:30 PM,Derailment,0,COUNCIL BLUFFS,IA,77,4,Dark,Clear,Main,Freight Train,3,6109,7334,13443,H508,41.286824,-95.860132,71.5,73.8,72.8
UP,0823GL029,2023-08-12,3:30 PM,Derailment,0,COUNCIL BLUFFS,IA,84,2,Day,Clear,Yard,Freight Train,4,9122,2770,11892,E49C,41.275945,-95.86064,78,76.3,71
UP,1021GL014,2021-10-11,3:30 PM,Derailment,0,COUNCIL BLUFFS,IA,72,2,Day,Clear,Yard,Yard/switching,10,26001,1516,27517,M409,41.249998,-95.888691,63,60.4,61.4
UP,0621GL018,2021-06-15,2:30 PM,Other impacts,0,COUNCIL BLUFFS,IA,90,2,Day,Clear,Yard,Yard/switching,4,1860,13340,16965,H312,41.246328,-95.875064,80.6,80.5,82.5
UP,0323GL015,2023-03-17,5:40 AM,Derailment,0,COUNCIL BLUFFS,IA,21,1,Dawn,Clear,Yard,Yard/switching,5,31440,2453,33893,H307,41.242498,-95.878082,36.8,25.6,17.3
UP,0621GL018,2021-06-15,2:30 PM,Other impacts,0,COUNCIL BLUFFS,IA,90,2,Day,Clear,Yard,Cut of cars,0,1765,0,16965,H312,41.246328,-95.875064,80.6,80.5,82.5
IAIS,2021041,2021-08-15,8:17 AM,Derailment,0,COUNCIL BLUFFS,IA,63,2,Day,Clear,Yard,,0,0,0,70302,H514,41.250945,-95.871716,72.9,72.9,74.6
IAIS,2018027,2018-10-13,3:00 AM,Derailment,0,COUNCIL BLUFFS,IA,39,4,Dark,Clear,Yard,,0,0,5121,433665,E4BC,41.250042,-95.867026,41.7,49.6,38
UP,0822GL002,2022-08-04,8:07 PM,Derailment,0,COUNCIL BLUFFS,IA,82,4,Dark,Clear,Yard,Freight Train,2,40754,3332,44086,M501,41.253475,-95.861885,85.6,76.4,80
UP,1221GL011,2021-12-09,1:12 AM,Other impacts,0,COUNCIL BLUFFS,IA,41,4,Dark,Cloudy,Yard,Cut of cars,3,106345,0,248349,H018,41.249019,-95.886187,32.1,45.4,35.4
UP,0717NP034,2017-07-31,9:06 PM,Derailment,0,COUNCIL BLUFFS,IA,85,2,Day,Clear,Yard,Cut of cars,0,8868,1854,10722,H312,41.250297,-95.886002,73.8,73.1,75.5
UP,1221GL011,2021-12-09,1:12 AM,Other impacts,0,COUNCIL BLUFFS,IA,41,4,Dark,Cloudy,Yard,Freight Train,0,140244,1760,248349,H018,41.249019,-95.886187,32.1,45.4,35.4
UP,1116CB006,2016-11-11,10:20 PM,Other impacts,0,COUNCIL BLUFFS,IA,35,4,Dark,Clear,Yard,Yard/switching,2,128123,0,134045,H312,41.244499,-95.874041,52.3,44.8,42.1
UP,1116CB006,2016-11-11,10:20 PM,Other impacts,0,COUNCIL BLUFFS,IA,35,4,Dark,Clear,Yard,Single Car,0,4544,1117,134045,H312,41.244499,-95.874041,52.3,44.8,42.1
UP,0721GL019,2021-07-18,9:00 AM,Derailment,0,COUNCIL BLUFFS,IA,72,2,Day,Clear,Yard,Freight Train,4,13456,1059,14515,E27C,41.249888,-95.892931,75,74.4,74.1
UP,1217NP009,2017-12-15,11:50 AM,Derailment,0,COUNCIL BLUFFS,IA,45,2,Day,Clear,Main,Yard/switching,10,19216,45416,64632,E04C,41.285429,-95.860234,36.5,38.1,39.2
UP,1219GL002,2019-12-01,1:00 AM,Derailment,0,COUNCIL BLUFFS,IA,36,4,Dark,Cloudy,Yard,Freight Train,8,80266,16462,96728,H702,41.247527,-95.884669,40.7,29.8,28.3
UP,0621GL031,2021-06-28,1:30 PM,Other impacts,0,COUNCIL BLUFFS,IA,82,2,Day,Cloudy,Yard,Light loco(s),4,17651,178550,238288,H306,41.248819,-95.875949,73,73.8,74.6
UP,0821GL013,2021-08-15,8:17 AM,Derailment,0,COUNCIL BLUFFS,IA,63,2,Day,Clear,Yard,Freight Train,7,46302,24000,70302,H514,41.250945,-95.871716,72.9,72.9,74.6
IAIS,2020007,2020-02-23,9:25 PM,Derailment,0,COUNCIL BLUFFS,IA,1,4,Dark,Clear,Yard,Yard/switching,9,42200,30529,72729,E64C,41.234505,-95.836747,40.5,42.8,37.2
UP,0621GL031,2021-06-28,1:30 PM,Other impacts,0,COUNCIL BLUFFS,IA,82,2,Day,Cloudy,Yard,Yard/switching,5,42087,0,238288,H306,41.248819,-95.875949,73,73.8,74.6
CC,888489,2016-05-15,11:28 AM,Other impacts,0,COUNCIL BLUFFS,IA,64,2,Day,Clear,Yard,Yard/switching,7,24252,240,24492,H312,41.27155,-95.863152,49,55,52.7
UP,0620GL019,2020-06-27,7:30 AM,Derailment,0,COUNCIL BLUFFS,IA,70,2,Day,Cloudy,Yard,Yard/switching,5,18168,13030,31198,H703,41.246608,-95.875148,81.4,77.9,78.7
CC,1067153,2021-04-12,10:25 AM,Derailment,0,COUNCIL BLUFFS,IA,55,2,Day,Clear,Yard,Yard/switching,9,126522,5594,132116,T220,41.284387,-95.863587,51.9,48.7,44.8
UP,1020GL016,2020-10-14,3:05 AM,Derailment,0,COUNCIL BLUFFS,IA,52,4,Dark,Clear,Yard,Freight Train,4,20883,697,21580,H503,41.243976,-95.86585,58.4,61.5,46.7
UP,0916CB002,2016-09-03,9:38 AM,Derailment,0,COUNCIL BLUFFS,IA,70,2,Day,Clear,Yard,Yard/switching,6,6705,70755,77460,E29C,41.250126,-95.884302,66.8,67.3,70.7
UP,0720GL002,2020-07-02,9:30 PM,Derailment,0,COUNCIL BLUFFS,IA,79,4,Dark,Clear,Yard,Yard/switching,10,16290,12442,28732,H702,41.25009,-95.886772,77,78.3,80
IAIS,2020011,2020-04-04,12:45 PM,Derailment,0,COUNCIL BLUFFS,IA,48,2,Day,Clear,Yard,Yard/switching,10,8034,18315,26349,T314,41.234505,-95.836747,26.8,36.3,45.8
UP,0420ES045,2020-04-21,12:45 PM,Derailment,0,COUNCIL BLUFFS,IA,57,2,Day,Clear,Yard,Spec. MoW Equip.,4,18548,33,18581,T499,41.249827,-95.898696,56.5,55.6,65.9
UP,1118NP036,2018-11-28,3:25 AM,Derailment,0,COUNCIL BLUFFS,IA,21,4,Dark,Cloudy,Industry,Freight Train,4,45085,24050,69135,T202,41.240006,-95.907002,17.9,25,28.1
UP,1018NP012,2018-10-13,3:00 AM,Derailment,0,COUNCIL BLUFFS,IA,50,4,Dark,Clear,Yard,Freight Train,4,75281,353263,433665,T319,41.250042,-95.867026,41.7,49.6,38
UP,0522GL011,2022-05-07,6:15 AM,Derailment,0,COUNCIL BLUFFS,IA,50,1,Dawn,Clear,Yard,Freight Train,5,63505,1290,64795,T207,41.250089,-95.883353,59.2,62.7,62.7
UP,0522GL033,2022-05-20,9:30 PM,Derailment,0,COUNCIL BLUFFS,IA,59,4,Dark,Cloudy,Yard,Freight Train,8,5078,70718,75796,T309,41.244928,-95.881493,77.4,61.2,51.7
IAIS,2017019,2017-06-01,1:45 PM,Derailment,0,COUNCIL BLUFFS,IA,84,2,Day,Clear,Yard,Freight Train,4,3179,18217,21396,T314,41.232487,-95.834718,64.4,70,76.7
BNSF,HL0117103,2017-01-04,8:19 AM,Derailment,0,COUNCIL BLUFFS,IA,14,1,Dawn,Cloudy,Industry,Light loco(s),5,43566,500,44066,T319,41.189498,-95.83425,18.5,8.9,7
UP,1115CB010,2015-11-28,11:15 AM,Derailment,0,COUNCIL BLUFFS,IA,20,2,Day,Clear,Yard,Yard/switching,2,14166,2532,16698,T202,41.249925,-95.878112,22.5,27.7,31.8
UP,0520GL020,2020-05-24,3:18 AM,Derailment,0,COUNCIL BLUFFS,IA,68,4,Dark,Clear,Yard,Freight Train,8,76953,6788,83741,T314,41.250454,-95.875779,68.6,69.6,65.3
BNSF,KS0422201,2022-04-21,8:00 AM,Hwy-rail crossing,0,COURTLAND,KS,58,1,Dawn,Fog,Main,Freight Train,17,69752,6511,76263,M302,39.798879,-97.911499,61.1,61.6,75.7
KYLE,KYL218819D,2019-10-22,12:45 AM,Other (describe in narrative),0,COURTLAND,KS,50,4,Dark,Clear,Yard,Freight Train,5,25000,750,25750,H306,39.780567,-97.893778,49.5,50,56.2
UP,0521GC019,2021-05-09,8:38 AM,Hwy-rail crossing,0,COUSHATTA,LA,74,2,Day,Cloudy,Main,Freight Train,43,37414,15000,52414,M304,31.980082,-93.363477,72.6,74.7,66.5
CPKC,24041006,2024-04-10,12:00 PM,Hwy-rail crossing,0,COUSHATTA,LA,75,2,Day,Rain,Main,Freight Train,47,13184,0,13184,M304,32.12469,-93.43377,66.2,64.5,63.8
UP,1017LV029,2017-10-31,10:30 PM,Hwy-rail crossing,0,COUSHATTA,LA,65,4,Dark,Rain,Main,Freight Train,10,1648,69180,70828,M304,31.980082,-93.363477,56.5,55.8,64.1
CSX,000172282,2017-10-18,10:19 AM,Other impacts,0,COVINGTON,VA,70,2,Day,Clear,Industry,Yard/switching,2,33455,1078,34533,H607,37.798252,-79.996578,44.8,50.6,54.2
CSX,000191969,2020-08-12,9:45 PM,Derailment,0,COVINGTON,VA,80,4,Dark,Rain,Industry,Yard/switching,11,43477,1000,44477,H307,37.791663,-79.993417,74.6,73.9,71
CSX,000142408,2015-02-25,3:00 AM,Derailment,0,COVINGTON,VA,31,4,Dark,Cloudy,Industry,Yard/switching,4,15118,50,15168,M101,37.786656,-79.992132,15.3,25.2,26.8
CSX,000140487,2015-01-23,1:15 AM,Derailment,0,COVINGTON,VA,34,4,Dark,Cloudy,Yard,Yard/switching,4,21000,1000,22000,H702,37.791852,-79.993359,32.2,29.4,30.3
CSX,000153804,2015-10-30,7:24 PM,Side collision,0,COVINGTON,VA,43,4,Dark,Clear,Yard,Cut of cars,7,14672,0,219470,H306,37.786656,-79.992132,54.5,42.7,41.6
CSX,000209047,2023-01-01,10:43 PM,Derailment,0,COVINGTON,VA,56,4,Dark,Cloudy,Yard,Yard/switching,12,11995,7611,19606,H601,37.79175,-79.993501,51,50.2,51.3
CSX,000153804,2015-10-30,7:24 PM,Side collision,0,COVINGTON,VA,43,4,Dark,Clear,Yard,Yard/switching,7,171695,1200,219470,H306,37.786656,-79.992132,54.5,42.7,41.6
CSX,000153804,2015-10-30,7:24 PM,Side collision,0,COVINGTON,VA,43,4,Dark,Clear,Yard,Single Car,7,31903,0,219470,H306,37.786656,-79.992132,54.5,42.7,41.6
CSX,000173022,2017-11-22,3:23 PM,Other impacts,0,COVINGTON,KY,37,2,Day,Cloudy,Siding,Yard/switching,3,0,0,21433,H018,39.041379,-84.51542,44,33.4,32.3
BNSF,RD1019101,2019-10-02,12:28 AM,Derailment,0,COVINGTON,OK,78,4,Dark,Clear,Main,Freight Train,21,252467,30000,282467,M201,36.27169,-97.501206,81.1,80.3,60.3
CSX,000212776,2023-08-07,8:03 AM,Derailment,0,COVINGTON,KY,80,2,Day,Clear,Main,Freight Train,5,5530,6278,11808,M204,39.051123,-84.499251,79.1,73.9,73
CSX,000173022,2017-11-22,3:23 PM,Other impacts,0,COVINGTON,KY,37,2,Day,Cloudy,Siding,Single Car,3,21433,0,21433,H018,39.041379,-84.51542,44,33.4,32.3
CSX,000174592,2018-02-07,3:58 AM,Derailment,0,COVINGTON,VA,45,4,Dark,Rain,Yard,Freight Train,5,24340,17800,42140,T111,37.800941,-79.86877,30.1,33.6,25.4
BNSF,PR1019110,2019-10-14,4:01 AM,Derailment,0,COWLES,NE,36,1,Dawn,Clear,Main,Freight Train,9,176789,40000,216789,T212,40.237534,-98.446352,44.4,54.6,50.7
BNSF,PR1019114,2019-10-28,1:43 AM,Derailment,0,COWLES,NE,30,4,Dark,Clear,Main,Freight Train,8,190248,35000,225248,H993,40.230432,-98.444985,38.2,28.2,28
BNSF,PR1019101,2019-10-01,3:26 PM,Derailment,0,COWLEY,WY,30,2,Day,Rain,Industry,Light loco(s),5,30000,0,30000,T002,44.846653,-108.438492,38.3,34.6,37.9