reportingrailroadcode,accidentnumber,date,time,accidenttype,hazmatreleasedcars,station,stateabbr,temperature,visibility_code,visibility,weathercondition,tracktype,equipmenttype,trainspeed,equipmentdamagecost,trackdamagecost,totaldamagecost,primaryaccidentcausecode,latitude,longitude,prior_temp,actual_temp,following_temp
UP,0218NP003,2018-02-02,1:48 AM,Derailment,0,COZAD,NE,15,4,Dark,Clear,Main,Freight Train,30,30898,689914,720812,E06C,40.891299,-100.081374,23.8,31.7,40.4
UP,0516DV016,2016-05-31,5:50 PM,Derailment,0,CRAIG,CO,55,2,Day,Clear,Yard,Freight Train,7,55847,3000,58847,M503,40.510597,-107.537097,55.3,55.4,55.7
UP,0619RM030,2019-06-24,6:31 AM,Derailment,0,CRAIG,CO,46,1,Dawn,Cloudy,Industry,Freight Train,13,398394,21936,420330,T207,40.497439,-107.569634,50.5,59.8,63.3
NS,134298,2019-06-12,1:10 AM,Derailment,0,CRAMERTON,NC,63,4,Dark,Clear,Main,Freight Train,41,5000,18489,23489,E39C,35.239384,-81.077071,76.1,66.1,69.7
CRSH,119304,2016-02-09,4:48 PM,Derailment,0,CRANBURY,NJ,35,3,Dusk,Clear,Industry,Freight Train,6,16062,500,16562,T110,40.315677,-74.501518,36.5,31.2,32
MNA,MNA411919,2019-05-17,3:25 AM,Derailment,0,CRANE,MO,62,4,Dark,Clear,Main,Freight Train,8,2997,24330,27327,E53C,36.880109,-93.555373,74.3,73.3,67.8
NJTR,201502061,2015-01-16,7:33 PM,Other (describe in narrative),0,CRANFORD,NJ,32,4,Dark,Clear,Main,Commuter Train - Pulling,15,13100,0,13100,H599,40.65793,-74.28572,29.1,30.2,22.3
BNSF,PR0815100,2015-08-01,5:35 PM,Other (describe in narrative),0,CRAWFORD,NE,82,3,Dusk,Clear,Main,Freight Train,39,0,97000,97000,H604,42.7231,-103.427059,73.5,76.4,77.1
CSX,000210794,2023-04-13,10:42 PM,Hwy-rail crossing,0,CRAWFORDSVILLE,IN,65,4,Dark,Clear,Main,,0,0,9533,103533,M308,40.011175,-86.828397,65.8,64.8,64.9
ATK,174387,2023-04-13,10:42 PM,Hwy-rail crossing,0,CRAWFORDSVILLE,IN,65,4,Dark,Clear,Main,Passenger Train - Pulling,57,94000,0,103533,M308,40.011175,-86.828397,65.8,64.8,64.9
CSX,000182736,2019-05-01,3:03 PM,Hwy-rail crossing,0,CRAWFORDSVILLE,IN,70,2,Day,Rain,Main,Maint./inspect Car,33,15000,0,15000,M399,40.011175,-86.828397,54.9,64.2,61.1
UP,0915LK024,2015-09-12,3:00 AM,Fire/violent rupture,0,CRAWFORDSVILLE,AR,77,4,Dark,Clear,Main,Freight Train,0,13580,0,13580,E99L,35.22662,-90.334282,73.7,64.6,61.6
UP,0317LK017,2017-03-12,8:00 PM,Derailment,0,CRAWFORDSVILLE,AR,35,4,Dark,Clear,Yard,Yard/switching,5,540,15098,15638,T112,35.20642,-90.286938,39.6,39.7,39.7
NS,152398,2023-02-09,7:00 PM,Side collision,0,CREIGHTON,PA,68,3,Dusk,Cloudy,Yard,Light loco(s),3,60,0,104707,H302,40.592418,-79.770673,41,55.3,40.2
NS,152398,2023-02-09,7:00 PM,Side collision,0,CREIGHTON,PA,68,3,Dusk,Cloudy,Yard,Light loco(s),3,104647,0,104707,H302,40.592418,-79.770673,41,55.3,40.2
IC,906029,2016-11-10,5:45 AM,Derailment,0,CRENSHAW,MS,38,4,Dark,Clear,Main,Freight Train,36,661660,1648713,2310373,E61C,34.50367,-90.195697,56,49.2,53.6
UP,0321PN025,2021-03-30,12:36 PM,Fire/violent rupture,0,CRESCENT,OR,22,2,Day,Clear,Main,Freight Train,35,14464,0,14464,M406,43.512473,-121.973066,31.8,31.7,41.4
NS,113597,2014-12-27,8:55 AM,Derailment,0,CRESSON,PA,38,2,Day,Cloudy,Main,Freight Train,4,56000,242271,298271,H503,40.460621,-78.592945,37.2,44.9,40.4
FWWR,16040601,2016-04-06,8:00 PM,Derailment,0,CRESSON,TX,59,3,Dusk,Clear,Main,Freight Train,8,200000,0,200000,H525,32.532636,-97.617802,70.1,67.4,67.6
NS,137359,2020-03-03,1:00 AM,Derailment,0,CRESSON,PA,21,4,Dark,Clear,Main,Freight Train,6,13500,1996,15496,H506,40.461853,-78.591971,46.6,46.5,41.9
FWWR,22090201,2022-09-02,8:25 PM,Derailment,0,CRESSON,TX,80,2,Day,Cloudy,Yard,Yard/switching,1,5934,8367,14301,H303,32.53373,-97.61868,75.1,75.7,80.4
NS,136864,2020-01-17,5:00 AM,Derailment,0,CRESSON,PA,14,1,Dawn,Clear,Main,Freight Train,7,230353,44952,275305,T311,40.447833,-78.605282,36.3,21.2,27.1
NS,134120,2019-05-30,1:30 AM,Derailment,0,CRESSON,PA,64,4,Dark,Clear,Yard,Light loco(s),3,25973,1000,26973,T314,40.461853,-78.591971,68.5,66.7,65.5
UP,0416DV005,2016-04-05,11:00 AM,Other (describe in narrative),0,CRESTON,WY,35,2,Day,Clear,Main,Freight Train,50,2937,18789,21726,E61C,41.703053,-107.894662,48.3,40.9,44.3
EWG,EWG201803,2018-03-06,12:30 AM,Derailment,0,CRESTON,WA,27,4,Dark,Cloudy,Industry,Freight Train,2,6000,35000,41000,T220,47.757867,-118.525248,32.7,34.7,34.5
BNSF,HL0220101,2020-02-03,1:54 AM,Derailment,0,CRESTON,IA,32,4,Dark,Clear,Yard,Freight Train,6,143829,5500,149329,T111,41.056456,-94.362531,40.7,32.4,23.9
BNSF,HL0219119,2019-02-23,9:00 AM,Fire/violent rupture,0,CRESTON,IA,34,2,Day,Fog,Yard,Freight Train,7,74917,162707,237624,T207,41.05678,-94.353589,25.9,32.5,13.8
BNSF,HL0321116,2021-03-24,9:10 AM,Derailment,0,CRESTON,IA,40,2,Day,Rain,Yard,Freight Train,5,1473,130705,132178,T110,41.05663,-94.354578,49.8,43.3,40
EWG,EWG201702,2017-02-07,1:10 AM,Derailment,0,CRESTON,WA,18,4,Dark,Snow,Main,Freight Train,6,250000,26500,276500,T002,47.702348,-118.432096,30.7,24.4,23.7
TZPR,TZP191619O,2019-09-29,6:45 PM,Derailment,0,CREVE COEUR,IL,84,3,Dusk,Clear,Main,,0,0,49971,50607,E46C,40.658655,-89.604622,68.3,70.2,76.3
UP,0919PR020,2019-09-29,6:45 PM,Derailment,0,CREVE COEUR,IL,69,3,Dusk,Cloudy,Main,Freight Train,9,636,0,50607,T319,40.658655,-89.604622,68.3,70.2,76.3
IAIS,2019019,2019-04-15,5:25 AM,Derailment,0,CREVE COEUR,IL,42,1,Dawn,Clear,Yard,Freight Train,8,65000,0,105710,T111,40.661102,-89.595535,36.2,42.6,61.6
TZPR,TZP021719O,2019-04-15,5:25 AM,Derailment,0,CREVE COEUR,IL,42,1,Dawn,Clear,Yard,Freight Train,0,0,40710,105710,T111,40.661102,-89.595535,36.2,42.6,61.6
NS,155281,2024-01-09,8:40 AM,Other (describe in narrative),0,CREWE,VA,59,2,Day,Rain,Yard,Yard/switching,4,2363,11636,13999,H702,37.178052,-78.131442,37.1,46.9,44.2
NS,157479,2024-07-25,4:45 AM,Side collision,0,CREWE,VA,72,1,Dawn,Rain,Yard,Yard/switching,8,133990,28840,164030,H309,37.178052,-78.131442,76.8,74.7,73.4
NS,152658,2023-03-29,2:27 AM,Side collision,0,CREWE,VA,40,4,Dark,Rain,Yard,Yard/switching,5,5900,4111,23346,H306,37.178052,-78.131442,51.5,47.7,48.3
NS,157479,2024-07-25,4:45 AM,Side collision,0,CREWE,VA,72,1,Dawn,Rain,Yard,Cut of cars,4,400,0,164030,H309,37.178052,-78.131442,76.8,74.7,73.4
NS,157182,2024-06-27,4:47 AM,Other impacts,0,CREWE,VA,75,1,Dawn,Clear,Yard,Yard/switching,8,10700,12000,22700,M599,37.183718,-78.137691,84.3,76.9,75.5
NS,131065,2018-09-24,7:32 PM,Other (describe in narrative),0,CREWE,VA,70,3,Dusk,Cloudy,Yard,Yard/switching,8,7633,3503,11136,H702,37.186981,-78.143596,61.2,64.6,72.4
NS,152658,2023-03-29,2:27 AM,Side collision,0,CREWE,VA,40,4,Dark,Rain,Yard,Work train,0,13335,0,23346,H306,37.178052,-78.131442,51.5,47.7,48.3
NS,116756,2015-07-31,2:30 AM,Derailment,0,CREWE,VA,74,4,Dark,Cloudy,Yard,Yard/switching,10,26888,100,26988,H702,37.18768,-78.145131,79.8,78.5,77.3
NS,131077,2018-09-25,8:10 PM,Other (describe in narrative),0,CREWE,VA,72,4,Dark,Clear,Yard,Freight Train,0,1923,0,23884,H305,37.186981,-78.143596,64.6,72.4,73.5
NS,131077,2018-09-25,8:10 PM,Other (describe in narrative),0,CREWE,VA,72,4,Dark,Clear,Yard,Yard/switching,7,4442,17519,23884,H305,37.186981,-78.143596,64.6,72.4,73.5
NS,157479,2024-07-25,4:45 AM,Side collision,0,CREWE,VA,72,1,Dawn,Rain,Yard,Cut of cars,0,800,0,164030,H309,37.178052,-78.131442,76.8,74.7,73.4
NS,117348,2015-09-13,4:25 PM,Derailment,0,CREWE,VA,70,3,Dusk,Clear,Yard,Yard/switching,6,24600,1000,25600,H702,37.178052,-78.131442,70.3,65,60.6
NS,142541,2021-08-15,6:40 PM,Derailment,0,CRIMORA,VA,74,3,Dusk,Cloudy,Main,Freight Train,35,82512,244982,327494,T221,38.200957,-78.839419,75.3,70.6,73.3
CSX,000219710,2024-08-01,7:00 PM,Derailment,0,CRITES,WV,84,3,Dusk,Clear,Main,Freight Train,8,82816,0,82816,T220,38.348712,-82.267976,76.4,74.8,75.4
ELS,19002,2019-02-11,6:50 PM,Derailment,0,CRIVITZ,WI,20,4,Dark,Snow,Main,Freight Train,23,120000,10000,130000,T202,45.2325,-88.0076,14.2,22.2,22
ELS,16001,2016-01-13,10:15 AM,Derailment,0,CRIVITZ,WI,-1,2,Day,Cloudy,Main,Freight Train,10,30000,10000,40000,T110,45.21019,-88.01096,7.4,2.6,19.2
UP,1118HO011,2018-11-12,10:50 AM,Derailment,0,CROCKETT,TX,48,2,Day,Cloudy,Industry,Yard/switching,6,9936,4030,13966,T311,31.362785,-95.476919,46.5,44.6,35.1
UP,0918HO023,2018-09-14,1:03 PM,Derailment,0,CROCKETT,TX,87,2,Day,Cloudy,Yard,Freight Train,6,19808,2493,22301,T001,31.361261,-95.475925,75.7,76.2,79.9
UP,0618HO001,2018-06-01,12:58 PM,Derailment,0,CROCKETT,TX,89,2,Day,Clear,Industry,Freight Train,5,9827,8470,18297,T102,31.362544,-95.476703,82.1,82.5,83
MNN,MNN8032021,2021-08-03,1:50 PM,Derailment,0,CROOKSTON,MN,90,2,Day,Clear,Yard,Freight Train,0,0,40000,112000,T109,47.746272,-96.601327,68.6,72.7,71.3
BNSF,TC0221107,2021-02-08,8:13 PM,Derailment,0,CROOKSTON,MN,-10,3,Dusk,Clear,Main,Freight Train,34,760091,87666,847757,T207,47.867785,-96.613881,-16.8,-13.6,-9.3
MNN,MNN522024,2024-05-02,5:35 PM,Derailment,0,CROOKSTON,MN,54,2,Day,Cloudy,Yard,Freight Train,8,10000,25000,35000,T110,47.7513,-96.61765,50.9,49.7,49.3
BNSF,TC0821102,2021-08-03,1:50 PM,Derailment,0,CROOKSTON,MN,90,2,Day,Clear,Yard,Freight Train,5,72000,0,112000,T109,47.746272,-96.601316,68.6,72.7,71.3
DMVW,DE920CRO,2017-09-20,5:20 PM,Derailment,0,CROSBY,ND,61,2,Day,Clear,Main,Freight Train,9,27036,14000,41036,T221,48.912478,-103.300955,57.8,52.1,50.9
KCS,21081001,2021-08-10,1:40 PM,Derailment,0,CROSBY,TX,97,2,Day,Cloudy,Siding,Freight Train,27,224175,0,395842,T102,29.916486,-95.059667,87.3,87.4,85.6
UP,0821HO015,2021-08-10,1:40 PM,Derailment,0,CROSBY,TX,91,2,Day,Clear,Main,Freight Train,0,0,171667,395842,T102,29.916486,-95.059667,87.3,87.4,85.6
PR,2015090310,2015-09-18,10:55 PM,Other (describe in narrative),0,CROSS,SC,80,4,Dark,Clear,Industry,Freight Train,4,41507,0,41507,M599,33.241597,-79.986447,73.5,75.4,77.1
CSX,000211971,2023-06-21,5:00 PM,Obstruction,0,CROSS HILL,SC,70,3,Dusk,Rain,Main,Freight Train,20,31340,0,31340,M404,34.290202,-81.986756,72.4,69.6,66.7
MNCW,75627,2021-09-27,7:50 PM,Other impacts,0,CROTON ON HUDSON,NY,71,4,Dark,Cloudy,Yard,EMU,1,49938,0,74907,M507,41.194062,-73.885143,62.3,66.1,65.3
MNCW,74122,2021-02-10,11:40 AM,Fire/violent rupture,0,CROTON ON HUDSON,NY,32,2,Day,Clear,Yard,Commuter Train - Pushing,10,112468,0,112468,M507,41.188695,-73.882535,23.8,24.6,25.5
MNCW,73705,2020-12-04,11:45 AM,Other impacts,0,CROTON ON HUDSON,NY,45,2,Day,Cloudy,Yard,EMU,0,24969,0,49938,H399,41.195398,-73.885922,39.4,45.2,40.5
MNCW,2019169,2019-11-13,3:58 AM,Other impacts,0,CROTON ON HUDSON,NY,22,4,Dark,Clear,Yard,EMU,1,24000,0,25000,E31C,41.195724,-73.886481,38.5,25.2,31.6
MNCW,2019169,2019-11-13,3:58 AM,Other impacts,0,CROTON ON HUDSON,NY,22,4,Dark,Clear,Yard,EMU,0,1000,0,25000,E31C,41.195724,-73.886481,38.5,25.2,31.6
MNCW,73705,2020-12-04,11:45 AM,Other impacts,0,CROTON ON HUDSON,NY,45,2,Day,Cloudy,Yard,EMU,2,24969,0,49938,H399,41.195398,-73.885922,39.4,45.2,40.5
MNCW,79810,2023-05-24,11:10 AM,Other impacts,0,CROTON ON HUDSON,NY,70,2,Day,Clear,Yard,EMU,2,14034,0,14034,M507,41.19457,-73.885356,59,60,56.7
MNCW,73468,2020-10-06,8:15 PM,Other impacts,0,CROTON ON HUDSON,NY,65,4,Dark,Clear,Yard,Cut of cars,0,2158,0,32926,E39C,41.194932,-73.885425,57,58.8,61.9
MNCW,75627,2021-09-27,7:50 PM,Other impacts,0,CROTON ON HUDSON,NY,71,4,Dark,Cloudy,Yard,EMU,0,24969,0,74907,M507,41.194062,-73.885143,62.3,66.1,65.3
MNCW,2019131,2019-08-26,7:22 PM,Other impacts,0,CROTON ON HUDSON,NY,62,3,Dusk,Clear,Yard,Cut of cars,0,7865,0,15581,E29C,41.192472,-73.885571,66.6,63.6,64.2
MNCW,74145,2021-02-21,1:30 AM,Other impacts,0,CROTON ON HUDSON,NY,25,4,Dark,Clear,Yard,DMU,1,26060,0,26060,E31C,41.19247,-73.885526,28.9,25.4,31.8
MNCW,74145,2021-02-21,1:30 AM,Other impacts,0,CROTON ON HUDSON,NY,25,4,Dark,Clear,Yard,DMU,0,0,0,26060,E31C,41.19247,-73.885526,28.9,25.4,31.8
MNCW,2019131,2019-08-26,7:22 PM,Other impacts,0,CROTON ON HUDSON,NY,62,3,Dusk,Clear,Yard,Yard/switching,3,7716,0,15581,E29C,41.192472,-73.885571,66.6,63.6,64.2
MNCW,20344,2018-06-01,1:50 AM,Derailment,0,CROTON ON HUDSON,NY,66,4,Dark,Cloudy,Yard,Cut of cars,8,51637,4742,56379,H607,41.190675,-73.885385,64.3,70.2,76.3
MNCW,2018022130,2018-02-21,11:53 AM,Obstruction,0,CROTON ON HUDSON,NY,32,2,Day,Clear,Yard,Spec. MoW Equip.,1,2500,9432,11932,H997,41.18649,-73.88122,52.4,62.8,41.8
MNCW,2018032750,2018-03-27,2:52 AM,Other impacts,0,CROTON ON HUDSON,NY,42,4,Dark,Clear,Yard,Cut of cars,1,24085,0,24085,E31C,41.118715,-73.882715,36.3,36,43.4
MNCW,81649,2024-01-15,7:30 PM,Derailment,0,CROTON ON HUDSON,NY,28,4,Dark,Clear,Yard,Yard/switching,9,28127,0,28127,H702,41.189121,-73.883215,32.6,24.8,25.4
MNCW,80430,2023-08-08,1:00 AM,Other impacts,0,CROTON ON HUDSON,NY,69,4,Dark,Cloudy,Yard,EMU,1,28560,0,28560,H999,41.187384,-73.881533,73.6,73.3,75.2
MNCW,73468,2020-10-06,8:15 PM,Other impacts,0,CROTON ON HUDSON,NY,65,4,Dark,Clear,Yard,Cut of cars,2,30768,0,32926,E39C,41.194932,-73.885425,57,58.8,61.9
MNCW,2018081500,2018-08-15,1:30 AM,Obstruction,0,CROTON ON HUDSON,NY,0,4,Dark,Clear,Yard,Cut of cars,7,11512,0,11512,M402,41.197235,-73.886325,73.7,76.7,79.1
MNCW,78047,2022-09-20,9:08 PM,Other impacts,0,CROTON ON HUDSON,NY,61,4,Dark,Clear,Yard,EMU,1,41210,0,41210,H399,41.191674,-73.884743,73.2,69.6,67.5
MNCW,78130,2021-07-29,7:44 AM,Fire/violent rupture,0,CROTON ON HUDSON,NY,70,2,Day,Cloudy,Main,,0,0,0,23016,M406,41.18972,-73.88257,72.3,70.8,72.7
ATK,167896,2021-07-29,7:44 AM,Other (describe in narrative),0,CROTON ON HUDSON,NY,70,2,Day,Cloudy,Main,Passenger Train - Pulling,0,23016,0,23016,M406,41.18972,-73.88257,72.3,70.8,72.7
MNCW,2017032812,2017-03-28,12:41 AM,Other impacts,0,CROTON ON HUDSON,NY,34,4,Dark,Clear,Yard,Cut of cars,8,17651,0,17651,H306,41.196305,-73.886068,41.5,42.4,46.9
MNCW,76074,2021-12-03,4:08 PM,Derailment,0,CROTON ON HUDSON,NY,44,2,Day,Cloudy,Yard,Commuter Train - Pulling,10,83556,253669,337225,T110,41.186217,-73.881058,49.5,40.9,37.8
BNSF,RD0617204,2017-06-09,4:00 PM,Hwy-rail crossing,0,CROWLEY,TX,75,2,Day,Clear,Main,Freight Train,45,1000,22000,23000,M302,32.552953,-97.364686,76.8,73,78.6
BNSF,TX1115201,2015-11-12,5:15 PM,Hwy-rail crossing,0,CROWLEY,TX,49,3,Dusk,Cloudy,Main,Freight Train,21,200,50000,50200,M302,32.552953,-97.364686,72.3,55.6,53.2
FWWR,16011401,2016-01-14,8:00 AM,Derailment,0,CROWLEY,TX,44,2,Day,Clear,Main,Freight Train,0,1894218,483125,2377343,T202,32.673055,-97.460277,50.6,54,52.3
CP,1000806360,2018-07-16,1:10 PM,Obstruction,0,CROWN POINT,NY,92,2,Day,Clear,Main,,0,0,108,26785,E79L,43.961136,-73.41357,76.6,76.3,73.8
ATK,154300,2018-07-16,1:10 PM,Obstruction,0,CROWN POINT,NY,92,2,Day,Clear,Main,Passenger Train - Pulling,49,26677,0,26785,T499,43.961136,-73.41346,76.6,76.3,73.8
SEPA,32457,2019-03-02,3:28 PM,Fire/violent rupture,0,CROYDON,PA,37,2,Day,Cloudy,Main,EMU,0,13000,0,13000,E71L,40.093559,-74.906799,33.3,37.2,38.3
ATK,157867,2019-03-02,3:28 PM,Fire/violent rupture,0,CROYDON,PA,37,2,Day,Cloudy,Main,,0,0,0,13000,E71L,40.093559,-74.906799,33.3,37.2,38.3
ATK,159053,2019-05-17,4:50 PM,Other (describe in narrative),0,CROYDON,PA,78,2,Day,Cloudy,Main,Passenger Train - Pulling,0,10633,2815,13448,E78L,40.09257,-74.914121,65.4,70.2,69
ATK,155420,2018-09-21,5:17 PM,Other (describe in narrative),0,CROYDON,PA,80,2,Day,Clear,Main,Passenger Train - Pulling,110,23000,6000,29000,T404,40.097844,-74.876693,70.4,71.4,71.4
BB,2018T101,2018-01-31,11:16 AM,Hwy-rail crossing,0,CROZET,VA,33,2,Day,Clear,Main,,0,0,244000,284491,M308,38.077334,-78.716741,28.9,30.3,43.9
ATK,151771,2018-01-31,11:16 AM,Hwy-rail crossing,0,CROZET,VA,33,2,Day,Clear,Main,Passenger Train - Pulling,61,40491,0,284491,M308,38.077334,-78.716741,28.9,30.3,43.9
ATK,144521,2016-10-05,9:31 AM,Hwy-rail crossing,0,CRUGER,MS,70,2,Day,Clear,Main,Passenger Train - Pulling,79,120613,0,120638,M302,33.278488,-90.222153,73.6,77.9,73.1
IC,902836,2016-10-05,9:31 AM,Hwy-rail crossing,0,CRUGER,MS,70,2,Day,Clear,Main,,0,0,25,120638,M302,33.278488,-90.222153,73.6,77.9,73.1
NS,129346,2018-05-02,11:22 PM,Derailment,0,CRUM LYNNE,PA,62,4,Dark,Clear,Main,Freight Train,17,5231,0,2728864,E85C,39.860785,-75.338189,62.1,73.1,77.5
ATK,153073,2018-05-02,11:12 PM,Derailment,0,CRUM LYNNE,PA,70,4,Dark,Clear,Main,,0,0,2723633,2728864,E85C,39.860785,-75.338189,62.1,73.1,77.5
DN,DN00673142,2021-10-09,11:15 PM,Derailment,0,CRYSTAL,ND,50,4,Dark,Rain,Main,Freight Train,8,226815,35000,261815,T001,48.60243,-97.668893,56.6,52.1,52.6
BNSF,HL0822113,2022-08-16,12:05 PM,Other (describe in narrative),0,CRYSTAL CITY,MO,85,2,Day,Clear,Main,Freight Train,2,0,27000,27000,H702,38.210323,-90.354591,72.6,70.3,71.9
BNSF,HL0821106,2021-08-10,3:31 PM,Derailment,0,CRYSTAL CITY,MO,90,2,Day,Rain,Industry,Freight Train,4,16301,10000,26301,T110,38.133324,-90.26744,80.1,82,84.9
UPME,0224CM004,2024-02-24,9:53 AM,Derailment,0,CRYSTAL LAKE,IL,21,2,Day,Clear,Main,Commuter Train - Pulling,12,250,47032,47282,H702,42.240735,-88.310581,38.3,26.9,44.2
UPME,0220CM002,2020-02-03,11:58 PM,Derailment,0,CRYSTAL LAKE,IL,34,4,Dark,Cloudy,Yard,Commuter Train - Pulling,0,4438,0,38917,H303,42.24521,-88.318865,41.8,35.8,33.1
UP,0723ES010,2023-07-05,2:45 PM,Obstruction,0,CRYSTAL LAKE,IL,91,2,Day,Clear,Main,Spec. MoW Equip.,3,43808,0,43808,H997,42.229211,-88.287893,78.2,77.4,72.3
UP,0723ES010,2023-07-05,2:45 PM,Obstruction,0,CRYSTAL LAKE,IL,91,2,Day,Clear,Main,Spec. MoW Equip.,3,0,0,43808,H997,42.229211,-88.287893,78.2,77.4,72.3
NS,119546,2016-02-29,6:05 PM,Derailment,0,CRYSTAL VALLEY,GA,57,3,Dusk,Clear,Industry,Yard/switching,4,12928,500,13428,T312,32.405404,-84.855749,51.4,57.7,60.5
BNSF,MT0215108,2015-02-23,11:50 PM,Derailment,0,CULBERTSON,MT,10,4,Dark,Cloudy,Industry,Freight Train,8,119329,500,119829,H307,48.142773,-104.517647,0.4,22.7,34
BNSF,MT1214103,2014-12-13,6:43 AM,Derailment,0,CULBERTSON,MT,20,1,Dawn,Clear,Main,Freight Train,54,73372,1000,74372,E69C,48.135224,-104.586408,33.1,35.1,31.1
BNSF,MT0621101,2021-06-15,12:30 PM,Derailment,0,CULBERTSON,MT,95,2,Day,Clear,Industry,Light loco(s),6,1000,35000,36000,T111,48.142769,-104.517061,73.7,79.2,74.3
BNSF,MT0715105,2015-07-16,5:54 PM,Derailment,5,CULBERTSON,MT,84,3,Dusk,Clear,Main,Freight Train,44,1831011,916857,2747868,T109,48.143765,-104.380785,72.2,74.1,65.6
NS,125296,2017-06-02,10:34 AM,Hwy-rail crossing,0,CULPEPER,VA,77,2,Day,Clear,Main,,0,0,0,26011,M302,38.493656,-77.920615,69.7,67.2,68.5
ATK,147750,2017-06-02,10:34 AM,Hwy-rail crossing,0,CULPEPER,VA,77,2,Day,Clear,Main,Passenger Train - Pulling,79,26011,0,26011,M302,38.493681,-77.920571,69.7,67.2,68.5
BNSF,NW0715103,2015-07-08,6:40 AM,Derailment,0,CULVER,OR,50,1,Dawn,Clear,Main,Freight Train,50,5000,490962,495962,E61C,44.5169,-121.21604,73.5,72.4,71.1
CSX,000189998,2020-05-02,2:38 AM,Broken train collision,0,CUMBERLAND,MD,48,4,Dark,Cloudy,Yard,Spec. MoW Equip.,0,82612,1000,383999,E30C,39.644504,-78.760839,52.7,58.7,64.9
CSX,000189998,2020-05-02,2:38 AM,Broken train collision,0,CUMBERLAND,MD,48,4,Dark,Cloudy,Yard,Cut of cars,0,197007,0,383999,E30C,39.644504,-78.760839,52.7,58.7,64.9
CSX,000163140,2016-09-24,6:30 PM,Derailment,0,CUMBERLAND,MD,70,3,Dusk,Cloudy,Yard,Freight Train,5,68096,2196,70292,E4AC,39.644504,-78.760839,67.4,66,62.4
CSX,000189998,2020-05-02,2:38 AM,Broken train collision,0,CUMBERLAND,MD,48,4,Dark,Cloudy,Yard,Cut of cars,0,103380,0,383999,E30C,39.644504,-78.760839,52.7,58.7,64.9
CSX,000216015,2024-02-06,7:43 AM,Derailment,0,CUMBERLAND,MD,28,1,Dawn,Clear,Yard,Yard/switching,10,28037,28170,56207,M405,39.644507,-78.760868,35.4,32,33.5
CSX,000207577,2022-10-01,6:20 AM,Derailment,0,CUMBERLAND,MD,50,1,Dawn,Rain,Yard,Yard/switching,4,30590,112,30702,E30C,39.644507,-78.760868,48.5,49.6,51.5
CSX,000207884,2022-10-18,1:07 PM,Derailment,0,CUMBERLAND,MD,49,2,Day,Clear,Yard,Yard/switching,2,138661,195448,334109,E30C,39.644507,-78.760868,52.3,42.3,42.4
CSX,000195824,2021-02-21,6:28 PM,Derailment,0,CUMBERLAND,MD,30,3,Dusk,Clear,Yard,Yard/switching,10,1549658,26000,1575658,M405,39.644504,-78.760839,22.7,23.3,34.7
CSX,000191875,2020-08-09,10:56 AM,Derailment,0,CUMBERLAND,MD,87,2,Day,Clear,Yard,Yard/switching,5,69209,500,69709,E34C,39.644504,-78.760839,73.8,75.4,75.4
CSX,000179778,2018-11-10,7:05 AM,Hwy-rail crossing,0,CUMBERLAND,MD,36,1,Dawn,Clear,Main,Light loco(s),10,400,15520,15920,M303,39.655983,-78.766153,40,34.9,31.8
CSX,000191293,2020-07-10,10:04 PM,Other impacts,0,CUMBERLAND,MD,72,4,Dark,Cloudy,Yard,Cut of cars,0,250017,0,250517,H307,39.644504,-78.760839,78.6,77.9,75.3
CSX,000189998,2020-05-02,2:38 AM,Broken train collision,0,CUMBERLAND,MD,48,4,Dark,Cloudy,Yard,Single Car,4,0,0,383999,E30C,39.644504,-78.760839,52.7,58.7,64.9
CSX,000189998,2020-05-02,2:38 AM,Broken train collision,0,CUMBERLAND,MD,48,4,Dark,Cloudy,Yard,Yard/switching,7,0,0,383999,E30C,39.644504,-78.760839,52.7,58.7,64.9
CSX,000191293,2020-07-10,10:04 PM,Other impacts,0,CUMBERLAND,MD,72,4,Dark,Cloudy,Yard,Yard/switching,10,0,500,250517,H307,39.644504,-78.760839,78.6,77.9,75.3
CSX,000182476,2019-04-19,12:30 PM,Other impacts,0,CUMBERLAND,MD,70,2,Day,Rain,Yard,Cut of cars,4,3431,0,15811,H018,39.644504,-78.760839,63.1,66.5,64.4
CSX,000182476,2019-04-19,12:30 PM,Other impacts,0,CUMBERLAND,MD,70,2,Day,Rain,Yard,Yard/switching,4,12380,0,15811,H018,39.644504,-78.760839,63.1,66.5,64.4
CSX,000171060,2017-08-19,10:30 AM,Other impacts,0,CUMBERLAND,MD,75,2,Day,Clear,Main,Freight Train,10,23132,0,23132,H508,39.65203,-78.770942,77.3,73.4,71.8
CSX,000169140,2017-05-24,8:20 PM,Derailment,0,CUMBERLAND,MD,59,4,Dark,Rain,Yard,Yard/switching,5,24390,0,24390,E34C,39.638815,-78.766831,58.1,59,60
CSX,000173606,2017-12-21,3:30 PM,Other impacts,0,CUMBERLAND,MD,41,2,Day,Clear,Yard,Yard/switching,10,56398,64,116462,H997,39.644504,-78.760839,43.6,34.8,39.2
CSX,000163352,2016-10-05,11:55 AM,Derailment,0,CUMBERLAND,MD,65,2,Day,Cloudy,Yard,Cut of cars,4,17857,106,17963,M411,39.644504,-78.760839,60.5,59.9,54.8
CSX,000158914,2016-04-11,6:00 AM,Derailment,0,CUMBERLAND,MD,42,4,Dark,Rain,Yard,Cut of cars,3,50674,0,50674,M411,39.628223,-78.742531,33.5,53,47.7