reportingrailroadcode,accidentnumber,date,time,accidenttype,hazmatreleasedcars,station,stateabbr,temperature,visibility_code,visibility,weathercondition,tracktype,equipmenttype,trainspeed,equipmentdamagecost,trackdamagecost,totaldamagecost,primaryaccidentcausecode,latitude,longitude,prior_temp,actual_temp,following_temp
CSX,000175758,2018-04-11,3:05 AM,Other impacts,0,CUMBERLAND,MD,36,4,Dark,Cloudy,Yard,Cut of cars,4,20826,0,20826,H318,39.644504,-78.760839,41.3,46.4,58.1
CSX,000176587,2018-05-24,1:10 AM,Derailment,0,CUMBERLAND,MD,77,4,Dark,Clear,Yard,Yard/switching,9,53413,1000,54413,E46C,39.629594,-78.747503,70.5,67.3,71.3
CSX,000157256,2016-02-20,12:26 PM,Side collision,0,CUMBERLAND,MD,64,2,Day,Clear,Yard,Yard/switching,5,13298,0,13491,H307,39.644504,-78.760839,30.4,53.8,45.3
CSX,000155992,2016-01-11,3:00 AM,Derailment,0,CUMBERLAND,MD,20,4,Dark,Cloudy,Yard,Yard/switching,4,19903,460,20363,H399,39.644504,-78.760839,40.8,26.8,26.4
CSX,000157256,2016-02-20,12:26 PM,Side collision,0,CUMBERLAND,MD,64,2,Day,Clear,Yard,Yard/switching,0,193,0,13491,H307,39.644504,-78.760839,30.4,53.8,45.3
CSX,000166517,2017-02-04,1:00 PM,Derailment,0,CUMBERLAND,MD,38,2,Day,Clear,Yard,Freight Train,5,32480,7780,40260,H702,39.629178,-78.745833,21.2,20.8,33.7
CSX,000173606,2017-12-21,3:30 PM,Other impacts,0,CUMBERLAND,MD,41,2,Day,Clear,Yard,Spec. MoW Equip.,2,60000,0,116462,H997,39.644504,-78.760839,43.6,34.8,39.2
CSX,000148856,2015-07-06,10:30 PM,Broken train collision,0,CUMBERLAND,MD,70,4,Dark,Rain,Yard,Yard/switching,4,22672,150,22822,S102,39.626607,-78.738852,69,74,77.6
CSX,000148856,2015-07-06,10:30 PM,Broken train collision,0,CUMBERLAND,MD,70,4,Dark,Rain,Yard,Cut of cars,0,0,0,22822,S102,39.626607,-78.738852,69,74,77.6
CSX,000217791,2024-05-03,10:00 PM,Side collision,0,CUMBERLAND,MD,55,4,Dark,Rain,Yard,Yard/switching,4,175913,0,183063,H702,39.644507,-78.760868,70.1,66.8,55
CSX,000148631,2015-06-30,8:00 PM,Derailment,0,CUMBERLAND,MD,72,4,Dark,Clear,Yard,Single Car,5,11334,6781,18115,M204,39.645924,-78.759692,67.9,74.2,72.9
CSX,000217361,2024-04-13,1:55 PM,Side collision,0,CUMBERLAND,MD,65,2,Day,Clear,Yard,Yard/switching,5,263168,0,281269,H306,39.644507,-78.760868,55.5,54.2,65.1
CSX,000151727,2015-09-03,1:00 PM,Other impacts,0,CUMBERLAND,MD,90,2,Day,Clear,Yard,Cut of cars,4,24000,0,40642,M599,39.649746,-78.758058,71.5,72,70.8
CSX,000217361,2024-04-13,1:55 PM,Side collision,0,CUMBERLAND,MD,65,2,Day,Clear,Yard,Light loco(s),10,17224,877,281269,H306,39.644507,-78.760868,55.5,54.2,65.1
CSX,000151727,2015-09-03,1:00 PM,Other impacts,0,CUMBERLAND,MD,90,2,Day,Clear,Yard,Cut of cars,4,16642,0,40642,M599,39.649746,-78.758058,71.5,72,70.8
CSX,000217791,2024-05-03,10:00 PM,Side collision,0,CUMBERLAND,MD,55,4,Dark,Rain,Yard,Yard/switching,4,6923,227,183063,H702,39.644507,-78.760868,70.1,66.8,55
CSX,000151009,2015-08-22,5:13 AM,Derailment,0,CUMBERLAND,MD,61,4,Dark,Clear,Yard,Cut of cars,4,10549,502,11051,M404,39.645924,-78.759692,64.8,63.1,67
CSX,000156714,2016-02-01,12:00 PM,Other impacts,0,CUMBERLAND,MD,45,2,Day,Rain,Yard,Cut of cars,4,10876,628,12174,H318,39.630056,-78.751449,44.1,42.1,36.6
CSX,000211994,2023-06-27,1:18 PM,Derailment,0,CUMBERLAND,MD,78,2,Day,Cloudy,Yard,Freight Train,5,42466,1438,43904,M599,39.644507,-78.760868,71.3,68.3,69.2
CSX,000211283,2023-05-12,9:30 AM,Derailment,0,CUMBERLAND,MD,65,2,Day,Clear,Yard,Yard/switching,2,12400,112,12512,H504,39.64453,-78.760879,60.9,66.8,62.2
CSX,000166388,2017-01-29,5:15 AM,Broken train collision,0,CUMBERLAND,MD,26,4,Dark,Cloudy,Yard,Yard/switching,4,48018,0,55616,E30C,39.630276,-78.753443,29.5,28.1,23.1
CSX,000170060,2017-07-06,5:50 PM,Derailment,0,CUMBERLAND,MD,73,3,Dusk,Clear,Yard,Yard/switching,7,81994,15000,96994,H503,39.625216,-78.736373,75,71.8,74
CSX,000194124,2020-11-27,1:45 PM,Side collision,0,CUMBERLAND,MD,58,2,Day,Clear,Yard,Single Car,8,6811,0,32680,E08C,39.600571,-78.74039,51.4,50,45.8
CSX,000166174,2017-01-21,6:00 PM,Other impacts,0,CUMBERLAND,MD,35,3,Dusk,Clear,Yard,Cut of cars,8,30310,0,30310,M411,39.644504,-78.760839,39,47.2,45.4
CSX,000163095,2016-09-24,12:35 AM,Side collision,0,CUMBERLAND,MD,68,4,Dark,Clear,Yard,Cut of cars,4,1232,125,45326,T305,39.644504,-78.760839,67.4,66,62.4
CSX,000163095,2016-09-24,12:35 AM,Side collision,0,CUMBERLAND,MD,68,4,Dark,Clear,Yard,Yard/switching,8,43969,0,45326,T305,39.644504,-78.760839,67.4,66,62.4
CSX,000192994,2020-10-03,12:40 AM,Derailment,0,CUMBERLAND,MD,39,4,Dark,Clear,Yard,Freight Train,5,55145,5000,60145,T207,39.644504,-78.760839,52,48,49.4
CSX,000151186,2015-08-24,9:45 PM,Side collision,0,CUMBERLAND,MD,78,4,Dark,Clear,Yard,Cut of cars,2,50880,0,74187,T305,39.630491,-78.755438,67,74.1,69.5
CSX,000208428,2022-11-20,3:39 AM,Derailment,0,CUMBERLAND,MD,27,4,Dark,Clear,Yard,Freight Train,9,61115,1501,62616,T315,39.644507,-78.760868,30.6,29.3,32.8
CSX,000151186,2015-08-24,9:45 PM,Side collision,0,CUMBERLAND,MD,78,4,Dark,Clear,Yard,Yard/switching,4,23257,50,74187,T305,39.630491,-78.755438,67,74.1,69.5
CSX,000181877,2019-03-14,3:29 PM,Derailment,0,CUMBERLAND,MD,59,3,Dusk,Clear,Yard,Yard/switching,4,107024,980,108004,T001,39.644504,-78.760839,39.9,53.9,63.8
KCS,22092701,2022-09-27,3:20 PM,Hwy-rail crossing,0,CURRYVILLE,MO,75,2,Day,Clear,Main,Freight Train,38,11915,5000,16915,M302,39.338972,-91.413865,57.4,56.4,51.5
KCS,15091003,2015-09-10,2:00 PM,Obstruction,0,CURRYVILLE,MO,88,2,Day,Clear,Main,Spec. MoW Equip.,0,53650,0,72536,H099,39.343239,-91.364782,74.1,73.4,66
KCS,15091003,2015-09-10,2:00 PM,Obstruction,0,CURRYVILLE,MO,88,2,Day,Clear,Main,Spec. MoW Equip.,20,18886,0,72536,H099,39.343239,-91.364782,74.1,73.4,66
UP,0520MA040,2020-05-26,10:18 AM,Fire/violent rupture,0,CURTIS,AR,68,2,Day,Cloudy,Main,Freight Train,40,27551,0,27551,E72L,33.94321,-93.130291,75,71.7,70.8
CSX,000181006,2019-01-27,9:00 AM,Side collision,0,CURTIS BAY,MD,39,2,Day,Clear,Yard,Cut of cars,0,812,0,14267,H307,39.233062,-76.58872,29.1,35.8,31.3
CSX,000181006,2019-01-27,9:00 AM,Side collision,0,CURTIS BAY,MD,39,2,Day,Clear,Yard,Yard/switching,2,13455,0,14267,H307,39.233062,-76.58872,29.1,35.8,31.3
CSX,000212881,2023-08-11,1:51 AM,Other impacts,0,CURTIS BAY,MD,75,4,Dark,Clear,Yard,Yard/switching,4,10412,0,13784,H018,39.218816,-76.584115,76.7,78.2,81.3
CSX,000211445,2023-05-24,8:22 AM,Side collision,0,CURTIS BAY,MD,70,2,Day,Clear,Yard,Yard/switching,7,23807,0,36430,H306,39.241171,-76.604186,66.2,66.9,64
CSX,000212881,2023-08-11,1:51 AM,Other impacts,0,CURTIS BAY,MD,75,4,Dark,Clear,Yard,Single Car,3,1844,1528,13784,H018,39.218816,-76.584115,76.7,78.2,81.3
CSX,000211445,2023-05-24,8:22 AM,Side collision,0,CURTIS BAY,MD,70,2,Day,Clear,Yard,Light loco(s),0,11613,1010,36430,H306,39.241171,-76.604186,66.2,66.9,64
BNSF,MT0224109,2024-02-19,3:59 AM,Derailment,0,CUSHMAN,MT,37,4,Dark,Clear,Main,Freight Train,39,780688,30126,810814,T204,46.413582,-109.384895,28.7,36.4,41.6
BNSF,NW1220113,2020-12-22,11:40 AM,Derailment,3,CUSTER,WA,30,2,Day,Fog,Yard,Freight Train,7,1099108,100000,1199108,M502,48.916498,-122.639699,37.6,32.5,31.2
BNSF,NW0621103,2021-06-06,1:10 AM,Other impacts,0,CUSTER,WA,50,4,Dark,Cloudy,Industry,Freight Train,2,350,12474,12824,H510,48.834113,-122.704665,56.9,51.9,52.5
BNSF,NW0624102,2024-06-04,5:30 PM,Derailment,0,CUSTER,WA,50,3,Dusk,Clear,Yard,Yard/switching,5,125618,229949,355567,H307,48.925391,-122.653154,54.5,55.4,54.6
BNSF,MT0722102,2022-07-05,4:19 PM,Other (describe in narrative),0,CUSTER,MT,81,2,Day,Clear,Main,Freight Train,39,0,20000,20000,H202,46.131635,-107.555007,70.7,71.9,74.4
BNSF,MT0818101,2018-08-02,2:35 PM,Derailment,0,CUT BANK,MT,86,2,Day,Clear,Main,Freight Train,18,81654,440000,521654,T109,48.640855,-112.345631,73.7,73.6,66.6
BNSF,RD1023208,2023-10-27,1:39 PM,Hwy-rail crossing,0,CUT SHOOT,TX,85,2,Day,Cloudy,Main,Freight Train,40,42832,0,42832,M302,30.31344,-95.209512,75.9,76.6,77
GSWR,GSW871916,2016-04-27,5:20 PM,Derailment,0,CUTHBERT,GA,78,2,Day,Cloudy,Siding,Freight Train,4,29002,1000,30002,H306,31.763166,-84.738947,71.9,72.4,74.1
UP,1016SL012,2016-10-27,7:40 AM,Derailment,0,CUTLER,IL,65,2,Day,Cloudy,Industry,Freight Train,9,11810,1073,12883,T206,38.02307,-89.59348,59.1,55.2,59.1
CSX,000180871,2019-01-20,7:20 PM,Hwy-rail crossing,0,CUYAHOGA FALLS,OH,7,4,Dark,Snow,Main,Freight Train,38,10622,11959,22581,M302,41.142741,-81.469872,28.8,15.9,7.7
CSX,000164889,2016-12-05,9:51 AM,Derailment,0,CUYAHOGA HTS,OH,38,2,Day,Cloudy,Main,Cut of cars,6,0,0,13044,H302,41.4353,-81.647115,38.6,38.2,37.8
CSX,000164889,2016-12-05,9:51 AM,Derailment,0,CUYAHOGA HTS,OH,38,2,Day,Cloudy,Main,Yard/switching,6,13044,0,13044,H302,41.4353,-81.647115,38.6,38.2,37.8
CSX,000210448,2023-03-22,2:00 PM,Fire/violent rupture,0,CYNTHIANA,KY,60,2,Day,Cloudy,Main,Freight Train,32,396243,0,396243,E73L,38.39113,-84.294831,44.9,49,64.5
UP,0816SL014,2016-08-16,3:30 PM,Obstruction,0,CYPRESS,IL,85,2,Day,Cloudy,Main,Freight Train,35,45528,0,45528,M404,37.37412,-88.955361,76.1,73.3,74.8
UP,0315LV010,2015-03-20,2:50 AM,Obstruction,0,CYPRESS,LA,60,4,Dark,Fog,Main,Freight Train,40,3297,8310,11607,M402,31.620284,-93.042102,67.4,70.4,59.7
SLWC,210311001,2021-03-11,12:30 PM,Fire/violent rupture,0,CYRIL,OK,50,2,Day,Rain,Main,Light loco(s),10,30000,0,30000,M406,34.884048,-98.20699,69.4,57.3,61
SLWC,190314001,2019-03-14,6:30 AM,Derailment,0,CYRIL,OK,55,1,Dawn,Clear,Industry,Freight Train,5,40000,1652,41652,T220,34.896889,-98.196,62.6,49.6,45.2
SLWC,230328004,2023-03-28,5:55 AM,Derailment,0,CYRIL,OK,35,4,Dark,Clear,Yard,Freight Train,4,5770,8952,14722,E64C,34.897686,-98.195285,45.9,45.3,50.5
SLWC,230224004,2023-02-24,5:45 AM,Derailment,0,CYRIL,OK,27,1,Dawn,Clear,Yard,Freight Train,8,16013,60000,76013,T110,34.897686,-98.195285,31.8,28.3,34.8
CSX,000174346,2018-01-29,6:45 AM,Derailment,0,DACULA,GA,55,1,Dawn,Cloudy,Industry,Freight Train,8,112505,0,180505,H008,33.983919,-83.928137,51.6,51.5,37.5
CSX,000174346,2018-01-29,6:45 AM,Derailment,0,DACULA,GA,55,1,Dawn,Cloudy,Industry,Light loco(s),0,68000,0,180505,H008,33.983919,-83.928137,51.6,51.5,37.5
CSX,000160864,2016-06-27,10:25 AM,Hwy-rail crossing,0,DADE CITY,FL,85,2,Day,Clear,Main,Freight Train,40,26135,146,26281,M308,28.371851,-82.182176,73.3,74.3,77.2
NS,122880,2016-11-24,4:00 PM,Other (describe in narrative),0,DADEVILLE,AL,60,3,Dusk,Clear,Industry,Cut of cars,0,33938,1500,35438,M406,32.849677,-85.75463,56.7,64.1,59.5
CP,1000811923,2018-08-05,9:40 PM,Derailment,0,DAKOTA,MN,64,4,Dark,Rain,Siding,Freight Train,20,41458,1556,43014,H999,43.864316,-91.310602,77.3,76.6,73.2
BNSF,TC0621204,2021-06-29,5:53 AM,Hwy-rail crossing,0,DAKOTA CITY,NE,60,1,Dawn,Fog,Main,Freight Train,39,111597,0,111597,M302,42.37905,-96.4493,72.5,73.2,73.1
BNSF,TC0418111,2018-04-19,4:20 AM,Derailment,0,DAKOTA CITY,NE,30,1,Dawn,Clear,Industry,Yard/switching,4,14364,1000,15364,T217,42.434379,-96.422027,34.3,39.6,43.2
UP,0123HL017,2023-01-24,5:30 PM,Derailment,0,DALHART,TX,32,2,Day,Clear,Yard,Freight Train,4,64372,1965,76590,T212,36.105629,-102.456464,32.1,30.5,30.6
UP,0523HL030,2023-05-24,3:00 AM,Derailment,0,DALHART,TX,58,4,Dark,Cloudy,Yard,Freight Train,4,11506,4897,16403,H704,36.078315,-102.501891,61.4,65.1,64
UP,0123HL017,2023-01-24,5:30 PM,Derailment,0,DALHART,TX,32,2,Day,Clear,Yard,Cut of cars,0,10253,0,76590,T212,36.105629,-102.456464,32.1,30.5,30.6
UP,0920HL019,2020-09-26,2:07 PM,Hwy-rail crossing,0,DALHART,TX,100,2,Day,Clear,Main,Freight Train,57,27939,1189,29128,M308,36.235514,-102.238034,73.2,76.6,64.6
UP,1222HL004,2022-12-04,11:00 AM,Derailment,0,DALHART,TX,54,2,Day,Clear,Yard,Freight Train,0,836,0,444707,H523,36.080031,-102.499355,34,47.9,54.8
UP,1023HL002,2023-10-03,10:00 AM,Hwy-rail crossing,0,DALHART,TX,62,2,Day,Clear,Main,Freight Train,60,15716,630,16346,M304,36.235514,-102.238034,68.1,67.9,60.3
UP,1222HL004,2022-12-04,11:00 AM,Derailment,0,DALHART,TX,54,2,Day,Clear,Yard,Freight Train,10,330876,112995,444707,H523,36.080031,-102.499355,34,47.9,54.8
UP,0915KC017,2015-09-26,1:40 PM,Hwy-rail crossing,0,DALHART,TX,85,2,Day,Clear,Main,Freight Train,58,15000,33,15033,M302,36.210288,-102.28057,68.4,65.8,66.8
NS,115672,2015-05-15,8:30 PM,Derailment,0,DALLAS,GA,60,4,Dark,Clear,Main,Freight Train,17,3000,34467,37467,E47C,33.929772,-84.856957,69.9,73.1,74.3
BNSF,TX0716101,2016-07-02,11:15 AM,Derailment,0,DALLAS,TX,88,2,Day,Clear,Main,Freight Train,6,319014,391755,710769,E61C,32.750539,-96.777303,86.7,87.6,87.9
UP,0723TO050,2023-07-30,5:00 PM,Fire/violent rupture,0,DALLAS,TX,102,2,Day,Clear,Main,Yard/switching,10,0,58560,58560,E79L,32.732933,-96.755851,91.1,91.9,93.4
BNSF,RD1219114,2019-12-06,10:20 PM,Other impacts,0,DALLAS,TX,48,4,Dark,Clear,Industry,,0,0,19500,126161,H302,32.75506,-96.778976,62.8,58.7,51.5
UP,0620TO008,2020-06-04,12:45 PM,Other impacts,0,DALLAS,TX,89,2,Day,Cloudy,Yard,Freight Train,5,18448,165,32706,H021,32.710549,-96.74807,83.9,85,86.8
UP,0624TO005,2024-06-06,1:52 AM,Derailment,0,DALLAS,TX,74,4,Dark,Clear,Main,Freight Train,8,124887,48575,173462,H526,32.773596,-96.841402,78.5,81.5,84.4
UP,0422TO031,2022-04-27,6:19 PM,Derailment,0,DALLAS,TX,74,3,Dusk,Cloudy,Main,Freight Train,6,7887,5847,13734,H607,32.723269,-96.754101,62.4,65.7,71.4
UP,0122TO012,2022-01-10,8:56 PM,Other impacts,0,DALLAS,TX,44,4,Dark,Cloudy,Yard,Yard/switching,2,35086,0,41044,H312,32.714048,-96.750151,51.4,42.1,44.2
UP,1221TO020,2021-12-14,10:35 AM,Other impacts,0,DALLAS,TX,62,2,Day,Fog,Yard,Yard/switching,4,58565,7100,75457,H020,32.714821,-96.750628,52.9,62.5,72.7
UP,0722TO028,2022-07-14,6:21 PM,Other impacts,0,DALLAS,TX,90,3,Dusk,Clear,Main,Cut of cars,0,116507,0,471341,M501,32.694678,-96.738506,93.4,86.5,87.3
UP,0219TO022,2019-02-17,7:30 AM,Derailment,0,DALLAS,TX,41,2,Day,Cloudy,Main,Freight Train,5,4893,105888,110781,E61C,32.72469,-96.754359,38,45.5,40.1
UP,1222TO003,2022-12-03,6:10 AM,Other impacts,0,DALLAS,TX,50,1,Dawn,Cloudy,Yard,Cut of cars,5,1315,0,151315,H318,32.708482,-96.746824,56.6,53.5,51.1
UP,0624TO006,2024-06-06,2:02 AM,Other impacts,0,DALLAS,TX,71,4,Dark,Clear,Main,Freight Train,20,143328,442615,595422,M404,32.77356,-96.841396,78.5,81.5,84.4
DGNO,DGN766521,2021-04-16,10:15 AM,Other (describe in narrative),0,DALLAS,TX,55,2,Day,Cloudy,Main,Freight Train,15,500,0,52500,E7AL,32.814077,-96.897655,59.2,58.4,54.6
UP,0721TO023,2021-07-19,6:30 PM,Other impacts,0,DALLAS,TX,80,3,Dusk,Cloudy,Yard,Yard/switching,4,6321,2640,13183,H301,32.71511,-96.750711,86,80.7,80.9
UP,1121TO012,2021-11-12,8:50 PM,Other impacts,0,DALLAS,TX,52,4,Dark,Clear,Yard,Yard/switching,5,8809,0,37714,H318,32.709086,-96.747285,57.3,55.3,50.2
UP,0122TO012,2022-01-10,8:56 PM,Other impacts,0,DALLAS,TX,44,4,Dark,Cloudy,Yard,Single Car,0,5958,0,41044,H312,32.714048,-96.750151,51.4,42.1,44.2
DGNO,DGN546620,2020-01-24,12:45 AM,Derailment,0,DALLAS,TX,40,4,Dark,Clear,Industry,Freight Train,3,11750,8000,19750,E41C,32.825122,-96.886153,49.3,48.8,53.6
DGNO,DGN994722,2022-07-20,6:51 PM,Derailment,0,DALLAS,TX,107,3,Dusk,Clear,Main,Freight Train,10,15000,0,36550,M404,32.771906,-96.804213,94.8,93.9,92.5
DGNO,610118D,2018-03-21,12:30 AM,Other impacts,0,DALLAS,TX,52,4,Dark,Clear,Yard,Cut of cars,0,26000,0,26000,H312,32.774218,-96.853422,54.6,59,65.8
UP,0722TO007,2022-07-04,8:45 PM,Derailment,0,DALLAS,TX,95,4,Dark,Clear,Yard,Yard/switching,5,1144,24150,25294,H704,32.723695,-96.754179,89.3,90.1,90.5
UP,1219TO010,2019-12-06,10:20 PM,Other impacts,0,DALLAS,TX,52,4,Dark,Clear,Industry,Single Car,0,10263,0,126161,H302,32.75506,-96.778976,62.8,58.7,51.5
UP,1221TO020,2021-12-14,10:35 AM,Other impacts,0,DALLAS,TX,62,2,Day,Fog,Yard,Cut of cars,2,9792,0,75457,H020,32.714821,-96.750628,52.9,62.5,72.7
UP,0722TO044,2022-07-20,6:51 PM,Derailment,0,DALLAS,TX,107,3,Dusk,Clear,Main,Freight Train,9,0,21550,36550,M404,32.771906,-96.804213,94.8,93.9,92.5
UP,0721TO023,2021-07-19,6:30 PM,Other impacts,0,DALLAS,TX,80,3,Dusk,Cloudy,Yard,Yard/switching,5,4222,0,13183,H301,32.71511,-96.750711,86,80.7,80.9
UP,0620TO008,2020-06-04,12:45 PM,Other impacts,0,DALLAS,TX,89,2,Day,Cloudy,Yard,Cut of cars,10,14093,0,32706,H021,32.710549,-96.74807,83.9,85,86.8
DGNO,DGN905622,2022-01-17,3:00 PM,Fire/violent rupture,0,DALLAS,TX,40,2,Day,Clear,Main,Freight Train,5,18000,0,18000,E73L,32.757158,-96.782509,37.4,46.8,57.7
UP,1219TO010,2019-12-06,10:20 PM,Other impacts,0,DALLAS,TX,52,4,Dark,Clear,Industry,Yard/switching,2,96398,0,126161,H302,32.75506,-96.778976,62.8,58.7,51.5
UP,1219TO010,2019-12-06,10:20 PM,Other impacts,0,DALLAS,TX,52,4,Dark,Clear,Industry,Yard/switching,2,96398,0,126161,H302,32.75506,-96.778976,62.8,58.7,51.5
DGNO,DGN428619,2019-06-17,8:00 PM,Other (describe in narrative),0,DALLAS,TX,72,3,Dusk,Clear,Yard,Yard/switching,3,380000,0,380000,E73L,32.813396,-96.873602,72.2,75.5,82.4
UP,1218TO019,2018-12-12,11:15 PM,Derailment,0,DALLAS,TX,61,4,Dark,Rain,Main,,0,0,156057,160557,E59C,32.771818,-96.804058,48.9,55.9,57.9
UP,0624TO006,2024-06-06,2:02 AM,Other impacts,0,DALLAS,TX,71,4,Dark,Clear,Main,Cut of cars,0,9479,0,595422,M404,32.77356,-96.841396,78.5,81.5,84.4
UP,0122TO016,2022-01-17,3:00 PM,Fire/violent rupture,0,DALLAS,TX,62,2,Day,Clear,Main,,0,0,0,18000,E73L,32.757158,-96.782509,37.4,46.8,57.7
UP,1119TO011,2019-11-13,11:20 PM,Other (describe in narrative),0,DALLAS,TX,40,4,Dark,Clear,Main,Yard/switching,7,0,50692,50692,H403,32.694417,-96.738354,30.1,36.5,47.3
DGNO,732918R,2018-05-25,1:00 PM,Derailment,0,DALLAS,TX,91,2,Day,Clear,Yard,Freight Train,4,4500,0,25763,M599,32.856794,-96.672081,81.3,81.1,83.3
UP,0620TO027,2020-06-14,7:25 AM,Derailment,0,DALLAS,TX,73,2,Day,Clear,Yard,Light loco(s),2,37241,273,37514,H017,32.713689,-96.750262,82.3,83.2,85
TRE,20023,2021-04-16,10:15 AM,Other (describe in narrative),0,DALLAS,TX,55,2,Day,Cloudy,Main,,0,0,52000,52500,E6AL,32.814077,-96.897655,59.2,58.4,54.6
UP,1121TO012,2021-11-12,8:50 PM,Other impacts,0,DALLAS,TX,52,4,Dark,Clear,Yard,Cut of cars,7,28905,0,37714,H318,32.709086,-96.747285,57.3,55.3,50.2
UP,1222TO003,2022-12-03,6:10 AM,Other impacts,0,DALLAS,TX,50,1,Dawn,Cloudy,Yard,Yard/switching,4,150000,0,151315,H318,32.708482,-96.746824,56.6,53.5,51.1
UP,0722TO028,2022-07-14,6:21 PM,Other impacts,0,DALLAS,TX,90,3,Dusk,Clear,Main,Yard/switching,14,220964,133870,471341,M501,32.694678,-96.738506,93.4,86.5,87.3
TRE,16010,2016-09-08,2:18 PM,Hwy-rail crossing,0,DALLAS,TX,95,2,Day,Clear,Main,,0,0,6300,25368,M302,32.805619,-96.829774,85.8,86.2,85.6
ATK,144149,2016-09-08,2:18 PM,Hwy-rail crossing,0,DALLAS,TX,95,2,Day,Clear,Main,Passenger Train - Pulling,57,19068,0,25368,M302,32.805619,-96.829774,85.8,86.2,85.6
UP,1214FW033,2014-12-29,8:37 PM,Side collision,0,DALLAS,TX,41,4,Dark,Clear,Yard,Freight Train,1,2408,0,17671,H991,32.695677,-96.739146,39.6,40.7,42.7
DGNO,DGN482917S,2017-11-08,10:15 AM,Other impacts,0,DALLAS,TX,43,2,Day,Cloudy,Yard,Light loco(s),8,400,0,25000,H302,32.832945,-96.8364,55.9,47.4,48.8
UP,1214FW033,2014-12-29,8:37 PM,Side collision,0,DALLAS,TX,41,4,Dark,Clear,Yard,Freight Train,2,15263,0,17671,H991,32.695677,-96.739146,39.6,40.7,42.7
UP,0215FW023,2015-02-25,7:40 AM,Side collision,0,DALLAS,TX,34,2,Day,Snow,Yard,Yard/switching,7,36123,1617,96320,H306,32.717814,-96.751964,30.5,38,34.7
KCS,18052503,2018-05-25,1:00 PM,Derailment,0,DALLAS,TX,91,2,Day,Clear,Yard,,0,0,21263,25763,H399,32.856794,-96.672081,81.3,81.1,83.3
UP,0215FW023,2015-02-25,7:40 AM,Side collision,0,DALLAS,TX,34,2,Day,Snow,Yard,Freight Train,5,58580,0,96320,H306,32.717814,-96.751964,30.5,38,34.7
DGNO,DGN482917S,2017-11-08,10:15 AM,Other impacts,0,DALLAS,TX,43,2,Day,Cloudy,Yard,Cut of cars,0,24600,0,25000,H302,32.832945,-96.8364,55.9,47.4,48.8
BNSF,RD0317123,2017-03-29,11:20 AM,Derailment,0,DALLAS,TX,69,2,Day,Clear,Industry,Freight Train,6,12999,14700,27699,H704,32.888311,-96.912741,70.8,69.4,64.1
UP,0918FW018,2018-09-16,9:45 AM,Derailment,0,DALLAS,TX,84,2,Day,Clear,Siding,Yard/switching,5,51201,141916,193117,T110,32.702193,-96.742942,80.2,82.6,84.8
DGNO,883718D,2018-12-12,11:15 PM,Derailment,0,DALLAS,TX,61,4,Dark,Rain,Yard,Freight Train,3,2500,2000,160557,T110,32.760555,-96.786948,48.9,55.9,57.9
DGNO,DGN504919,2019-11-02,2:18 PM,Derailment,0,DALLAS,TX,65,2,Day,Clear,Main,Freight Train,13,8500,0,90160,T110,32.738593,-96.759657,45.8,48.9,53.4
DGNO,DGN412919,2019-05-20,6:21 PM,Derailment,0,DALLAS,TX,85,2,Day,Clear,Yard,Freight Train,13,114500,189000,303500,T110,32.795273,-96.730881,77.7,79.6,75.9
DGNO,DGN341319,2019-01-17,9:20 AM,Derailment,0,DALLAS,TX,53,2,Day,Clear,Industry,Freight Train,5,23535,0,23535,T101,32.493985,-96.531898,52.5,53.9,54.5
DGNO,DGN707621R,2021-02-25,11:48 AM,Derailment,0,DALLAS,TX,52,2,Day,Cloudy,Main,Freight Train,10,7337,0,75624,T403,32.77964,-96.810823,64.5,50.9,52
UP,0819TO002,2019-08-02,1:00 AM,Derailment,0,DALLAS,TX,81,4,Dark,Clear,Yard,Yard/switching,3,12356,1320,13676,T314,32.703321,-96.743792,86.8,86.9,82.6
UP,0221TO029,2021-02-25,11:48 AM,Derailment,0,DALLAS,TX,52,2,Day,Cloudy,Main,Freight Train,0,0,68287,75624,T403,32.77964,-96.810823,64.5,50.9,52
UP,0819TO026,2019-08-18,1:37 AM,Derailment,0,DALLAS,TX,87,4,Dark,Clear,Main,Freight Train,13,5124,62406,67530,T314,32.775566,-96.883173,89.6,89.7,90.3
DGNO,DGN372519,2019-02-12,4:10 PM,Derailment,0,DALLAS,TX,50,2,Day,Clear,Yard,Freight Train,7,100000,0,100000,T111,32.761056,-96.789934,52.5,49.8,50.1
UP,0219TO011,2019-02-09,2:30 PM,Derailment,0,DALLAS,TX,34,2,Day,Rain,Yard,Yard/switching,8,38365,126437,164802,T206,32.702178,-96.742966,31.4,36.2,40
UP,0219TO014,2019-02-12,4:10 PM,Derailment,0,DALLAS,TX,57,2,Day,Clear,Yard,Freight Train,0,0,87015,87015,T111,32.76157,-96.790938,52.5,49.8,50.1
UP,1119TO001,2019-11-02,2:18 PM,Derailment,0,DALLAS,TX,60,2,Day,Clear,Main,Freight Train,0,0,81660,90160,T110,32.738658,-96.759946,45.8,48.9,53.4
DGNO,DGN406819,2019-05-11,3:15 PM,Derailment,0,DALLAS,TX,66,2,Day,Clear,Yard,Yard/switching,6,40000,7500,47500,T299,32.813063,-96.896105,55.6,59.5,66.9