reportingrailroadcode,accidentnumber,date,time,accidenttype,hazmatreleasedcars,station,stateabbr,temperature,visibility_code,visibility,weathercondition,tracktype,equipmenttype,trainspeed,equipmentdamagecost,trackdamagecost,totaldamagecost,primaryaccidentcausecode,latitude,longitude,prior_temp,actual_temp,following_temp
DGNO,DGN883718,2018-12-12,11:15 PM,Derailment,0,DALLAS,TX,60,4,Dark,Cloudy,Yard,Freight Train,3,2500,429392,431892,T110,32.760555,-96.786948,48.9,55.9,57.9
DGNO,DGN023722,2022-09-12,8:50 AM,Derailment,0,DALLAS,TX,72,2,Day,Clear,Industry,Yard/switching,4,27500,30000,57500,T110,32.863191,-96.876989,75.6,75.5,77.8
UP,0115FW023,2015-01-15,10:15 PM,Derailment,0,DALLAS,TX,40,4,Dark,Clear,Yard,Yard/switching,4,19680,2184,21864,T204,32.708686,-96.746695,39.5,43.7,48.1
DGNO,DGN966422,2022-05-22,5:30 PM,Derailment,0,DALLAS,TX,65,2,Day,Clear,Yard,Yard/switching,10,30000,600,30600,T101,32.7744,-96.875563,78.5,65,68.7
DGNO,DGN600320,2020-05-19,9:30 AM,Derailment,0,DALLAS,TX,86,2,Day,Clear,Industry,Freight Train,4,500,18500,19000,T110,32.811324,-96.876797,77,80.8,74.8
DGNO,DGN002822,2022-08-02,8:40 PM,Derailment,0,DALLAS,TX,99,4,Dark,Clear,Yard,Yard/switching,9,13000,7850,20850,T101,32.77425,-96.853537,90.9,91.8,92.1
DGNO,964316D,2016-05-04,11:45 AM,Derailment,0,DALLAS,TX,79,2,Day,Clear,Industry,Yard/switching,6,15000,4000,19000,T110,32.773941,-96.872835,61.8,69.1,70.5
UP,1214FW028,2014-12-27,8:00 AM,Derailment,0,DALLAS,TX,45,2,Day,Cloudy,Yard,Yard/switching,5,478,19997,20475,T110,32.721828,-96.753887,58.8,44.3,39.6
UP,0615FW029,2015-06-19,7:45 AM,Derailment,0,DALLAS,TX,80,2,Day,Clear,Yard,Yard/switching,3,12302,270,12572,T205,32.715206,-96.750459,83.5,83.7,81
UP,0315FW020,2015-03-22,6:25 PM,Derailment,0,DALLAS,TX,66,2,Day,Clear,Industry,Freight Train,1,55895,10550,66445,T108,32.708686,-96.746695,57.2,58.6,62.8
UP,1214FW017,2014-12-18,5:00 AM,Derailment,0,DALLAS,TX,45,4,Dark,Clear,Industry,Light loco(s),4,14400,19997,34397,T110,32.721828,-96.753887,44.1,45.9,47.8
UP,0415FW011,2015-04-15,9:55 AM,Derailment,0,DALLAS,TX,63,2,Day,Clear,Yard,Yard/switching,8,100973,186739,287712,T113,32.701306,-96.742338,58.5,64.3,68.2
NS,135584,2019-09-22,5:30 PM,Derailment,0,DALTON,GA,85,3,Dusk,Clear,Yard,Light loco(s),5,25974,400,26374,H702,34.772806,-84.966889,73,73.9,75.5
IC,929941,2017-07-20,6:37 PM,Hwy-rail crossing,0,DALTON CITY,IL,85,2,Day,Clear,Main,Freight Train,40,48500,540,49040,M302,39.696785,-88.790733,81.3,83,85
UP,0817HO001,2017-08-02,11:00 AM,Hwy-rail crossing,0,DANBURY,TX,89,2,Day,Clear,Main,Freight Train,30,3962,16191,20153,M303,29.214576,-95.360485,82.7,79.5,79.9
CSX,000193600,2020-11-03,2:09 AM,Derailment,0,DANESE,WV,26,4,Dark,Clear,Main,Freight Train,27,160363,20473,180836,T207,37.834947,-81.042685,33.8,42.6,50.6
IC,917954,2017-04-02,10:06 AM,Hwy-rail crossing,0,DANFORTH,IL,50,2,Day,Clear,Main,,0,0,540,34658,M302,40.795978,-87.98767,47.2,51.1,54.6
EMRY,73103,2017-10-04,7:30 PM,Hwy-rail crossing,0,DANFORTH,ME,64,4,Dark,Rain,Main,Freight Train,24,30000,50000,80000,M302,45.605588,-67.804791,46.1,59.5,61
ATK,146896,2017-04-02,10:06 AM,Hwy-rail crossing,0,DANFORTH,IL,50,2,Day,Clear,Main,Passenger Train - Pulling,70,34118,0,34658,M302,40.795978,-87.98767,47.2,51.1,54.6
FEC,X47082824,2024-08-28,12:10 PM,Hwy-rail crossing,0,DANIA BEACH,FL,90,2,Day,Clear,Main,,0,0,402,20929,M308,26.054039,-80.145812,86.2,84.8,80.9
BLF,20245270,2024-08-28,12:10 PM,Hwy-rail crossing,0,DANIA BEACH,FL,90,2,Day,Clear,Main,Passenger Train - Pulling,60,20527,0,20929,M308,26.054039,-80.145812,86.2,84.8,80.9
FEC,D52090616,2016-09-06,5:25 PM,Derailment,0,DANIA BEACH,FL,86,2,Day,Clear,Industry,Freight Train,10,25275,10850,36125,H522,26.083503,-80.129257,81.3,78.7,81.5
TCWR,TCW082316A,2016-08-23,10:40 PM,Derailment,0,DANUBE,MN,65,4,Dark,Rain,Industry,Yard/switching,5,6657,17940,24597,H702,44.79377,-95.100868,70,71.9,69.2
NS,151440,2022-11-10,10:00 PM,Derailment,0,DANVILLE,KY,45,4,Dark,Cloudy,Yard,Freight Train,10,397771,37002,877945,M505,37.62667,-84.78373,53.4,55.3,57.1
NS,151440,2022-11-10,10:00 PM,Derailment,0,DANVILLE,KY,45,4,Dark,Cloudy,Yard,Freight Train,10,366668,76504,877945,H504,37.62667,-84.78373,53.4,55.3,57.1
NS,153240,2023-06-01,3:30 AM,Derailment,0,DANVILLE,KY,70,4,Dark,Clear,Yard,Freight Train,5,12100,1949,14049,H303,37.637861,-84.781619,71.5,71.8,73
CSX,000213814,2023-09-30,5:30 AM,Derailment,0,DANVILLE,IL,55,1,Dawn,Clear,Main,Freight Train,5,12041,32653,44694,H702,40.115673,-87.540398,65,68.9,70
BNSF,NE1115201,2015-11-09,8:00 AM,Hwy-rail crossing,0,DANVILLE,IA,35,1,Dawn,Clear,Main,Freight Train,48,1051057,270000,1321057,M302,40.88139,-91.33368,42.4,42.8,47.5
NS,141649,2021-05-24,8:00 PM,Derailment,0,DANVILLE,KY,72,4,Dark,Clear,Yard,Freight Train,2,27647,26765,54412,H506,37.636483,-84.781071,73.2,73.8,74.7
NS,141874,2021-06-14,6:20 AM,Other (describe in narrative),0,DANVILLE,VA,70,1,Dawn,Clear,Yard,Single Car,0,14400,605,15005,H020,36.589449,-79.37836,74.9,76.9,76.5
NS,118546,2015-12-11,10:10 PM,Derailment,0,DANVILLE,VA,50,4,Dark,Clear,Main,Freight Train,42,35200,2500,37700,E33C,36.624358,-79.368693,52,56.8,60.7
NS,124590,2017-04-04,12:11 PM,Derailment,0,DANVILLE,KY,70,2,Day,Clear,Main,Freight Train,13,82330,9352,91682,H524,37.620948,-84.788665,61.8,61.7,61.5
NS,142683,2021-08-28,6:15 AM,Other (describe in narrative),1,DANVILLE,KY,72,1,Dawn,Clear,Yard,Freight Train,5,60636,0,85235,H702,37.641092,-84.783207,74,76.9,76.2
NS,143611,2021-12-01,3:00 AM,Side collision,0,DANVILLE,KY,34,4,Dark,Clear,Yard,Freight Train,0,39775,800,41575,H021,37.625456,-84.784591,43.2,46.1,58.1
CSX,000159804,2016-05-16,6:30 AM,Derailment,0,DANVILLE,IL,42,1,Dawn,Cloudy,Yard,Yard/switching,4,13136,50,13186,H318,40.140715,-87.614975,46.7,52.9,53.4
CSX,000164860,2016-12-02,1:55 PM,Derailment,0,DANVILLE,IL,42,2,Day,Clear,Yard,Freight Train,6,17992,150,18142,H702,40.140715,-87.614975,36.6,37.1,33.9
NS,123582,2017-01-16,8:40 AM,Obstruction,0,DANVILLE,KY,48,2,Day,Cloudy,Main,Freight Train,35,10572,1000,11572,M404,37.597857,-84.797832,38.5,50.7,57
NS,125551,2017-06-23,7:00 AM,Derailment,0,DANVILLE,KY,81,1,Dawn,Cloudy,Yard,Freight Train,2,3467,8055,11522,H504,37.654079,-84.787139,70.1,73.9,71.4
CSX,000166181,2017-01-23,11:36 AM,Rear end collision,0,DANVILLE,IL,41,2,Day,Cloudy,Main,Freight Train,0,34363,628,136758,H605,40.182306,-87.619518,44.9,39,38.1
CSX,000166181,2017-01-23,11:36 AM,Rear end collision,0,DANVILLE,IL,41,2,Day,Cloudy,Main,Freight Train,12,101767,0,136758,H605,40.182306,-87.619518,44.9,39,38.1
NS,153597,2023-07-11,5:30 AM,Derailment,0,DANVILLE,KY,58,1,Dawn,Clear,Yard,Work train,4,1054,13887,14941,H508,37.668068,-84.782202,70.7,72.7,74.3
NS,125008,2017-05-10,1:35 PM,Other impacts,0,DANVILLE,KY,76,2,Day,Clear,Yard,Light loco(s),10,9000,0,51172,H017,37.682407,-84.781725,65.6,72,69.6
CSX,000194740,2020-12-31,12:03 AM,Derailment,0,DANVILLE,IN,28,4,Dark,Cloudy,Main,Freight Train,27,14200,101267,115467,E06C,39.732039,-86.601452,37.7,26.6,34.3
NS,132005,2018-10-31,7:18 PM,Raking collision,0,DANVILLE,KY,65,3,Dusk,Clear,Yard,Freight Train,2,13894,0,13894,H302,37.682407,-84.781725,51.4,60.9,61.3
NS,156062,2024-03-16,3:30 AM,Other (describe in narrative),0,DANVILLE,KY,37,4,Dark,Fog,Yard,Freight Train,1,27400,500,27900,H702,37.637861,-84.781619,57,49.9,49.2
NS,155508,2024-01-22,9:45 AM,Derailment,0,DANVILLE,KY,28,2,Day,Clear,Yard,Freight Train,3,19000,0,19000,H507,37.635015,-84.780807,9,28.4,43.4
CSX,000189993,2020-04-30,3:51 PM,Obstruction,0,DANVILLE,WV,62,2,Day,Rain,Main,Freight Train,18,32722,0,32722,M404,38.015263,-81.827944,64,51.4,48.5
BNSF,NE0816108,2016-08-29,2:15 PM,Derailment,0,DANVILLE,IA,88,2,Day,Clear,Main,Freight Train,53,28983,0,28983,T109,40.87916,-91.330702,77.9,77.1,75.4
CSX,000197214,2021-04-25,1:10 AM,Derailment,0,DANVILLE,IL,47,4,Dark,Clear,Yard,Freight Train,8,66081,19658,85739,T207,40.136299,-87.607441,51.5,48.6,60.4
NS,144661,2022-03-10,6:50 PM,Derailment,0,DANVILLE,VA,49,3,Dusk,Cloudy,Yard,Light loco(s),4,9820,2140,11960,T110,36.594755,-79.372958,46.3,44.5,46
CSX,000138616,2014-12-06,7:45 PM,Derailment,0,DANVILLE,WV,41,4,Dark,Cloudy,Industry,Freight Train,4,115365,16000,131365,T207,38.130237,-81.840879,47.1,48.4,37.3
ATK,136161,2015-02-03,4:45 PM,Other (describe in narrative),0,DARBY,PA,22,2,Day,Clear,Main,Passenger Train - Pulling,110,9502,3968,13470,E77L,39.893555,-75.296474,33.8,24.2,35.6
ATK,148135,2017-06-27,1:40 PM,Obstruction,0,DARIEN,CT,78,2,Day,Clear,Main,Passenger Train - Pulling,19,54306,0,58306,H999,41.077191,-73.468686,69.1,67,67.4
MNCW,2017062718,2017-06-27,1:40 PM,Obstruction,0,DARIEN,CT,78,2,Day,Clear,Main,Spec. MoW Equip.,0,4000,0,58306,H999,41.077191,-73.468686,69.1,67,67.4
SCRF,SCR752721,2021-03-22,11:22 AM,Hwy-rail crossing,0,DARLINGTON,SC,65,2,Day,Clear,Industry,Freight Train,10,152500,15000,167500,M308,34.268979,-79.817116,54.2,58.9,59.1
SCRF,SCR108317,2017-09-24,1:30 PM,Derailment,0,DARLINGTON,SC,79,2,Day,Clear,Main,Freight Train,13,62000,87611,149611,M204,34.372913,-79.933274,75.1,73.2,73.4
UP,0117ST001,2017-01-04,7:40 AM,Hwy-rail crossing,0,DATELAND,AZ,52,2,Day,Clear,Main,Freight Train,62,47389,301412,348801,M304,32.823754,-113.442062,54.5,55,57.2
UP,0415ST014,2015-04-13,10:05 PM,Obstruction,0,DATELAND,AZ,65,4,Dark,Clear,Main,Freight Train,50,10924,66,10990,M402,32.835244,-113.353898,73.6,77.4,80.5
UP,1217ST001,2017-12-01,11:35 AM,Hwy-rail crossing,0,DATELAND,AZ,75,2,Day,Clear,Main,Freight Train,60,90741,1150,91891,M303,32.823798,-113.441719,65.6,65.9,69.2
UP,0115ST007,2015-01-13,6:29 PM,Hwy-rail crossing,0,DATELAND,AZ,61,4,Dark,Clear,Main,Freight Train,62,12821,100,12921,M302,32.835572,-113.351376,61.5,60.1,56.6
UP,0415ST005,2015-04-06,12:35 PM,Hwy-rail crossing,0,DATELAND,AZ,85,2,Day,Clear,Main,Freight Train,64,113443,100,113543,M302,32.757849,-113.64094,76.3,71.6,68.6
UP,0418ST008,2018-04-12,8:01 AM,Hwy-rail crossing,0,DATELAND,AZ,70,2,Day,Clear,Main,Freight Train,35,53352,1260,54612,M308,32.823911,-113.440854,81.1,76.6,65.7
NS,115910,2015-06-03,1:13 AM,Derailment,0,DAUPHIN,PA,59,4,Dark,Clear,Yard,Yard/switching,8,15600,1460,17060,T311,40.357369,-76.939441,57.4,61,61.4
CPKC,1001921638,2023-06-27,7:45 PM,Derailment,0,DAVENPORT,IA,85,3,Dusk,Clear,Main,Freight Train,11,51946,11607,63553,H601,41.499763,-90.62325,71.6,71.7,72.5
WER,020120D,2020-02-01,2:30 AM,Derailment,0,DAVENPORT,WA,32,4,Dark,Clear,Yard,Freight Train,10,7040,5800,12840,T213,47.654,-118.15,47.3,46.5,30.1
EWG,EWG201706,2017-08-05,7:51 PM,Derailment,0,DAVENPORT,WA,80,2,Day,Clear,Main,Freight Train,9,72000,140000,212000,E4BC,47.687942,-118.0279,78.5,75.6,77.5
EWG,EWG201704,2017-06-21,1:30 AM,Derailment,0,DAVENPORT,WA,58,4,Dark,Clear,Main,Freight Train,10,0,140000,140000,E46C,47.685776,-118.022439,73.1,64.7,64.6
UP,0515NP004,2015-05-06,5:26 PM,Derailment,0,DAVENPORT,NE,68,2,Day,Cloudy,Main,Freight Train,38,214494,14300,228794,M105,40.298967,-97.733766,66.4,63,65.4
SLWC,240330001,2024-03-30,2:30 PM,Derailment,0,DAVENPORT,OK,69,2,Day,Clear,Main,Freight Train,27,1101000,150000,1251000,T204,35.724586,-96.721464,64.2,67.2,68.2
WER,WER000003,2021-11-19,1:50 PM,Derailment,0,DAVENPORT,WA,35,2,Day,Clear,Main,Freight Train,10,108000,14241,122241,T202,47.646757,-118.147208,31,32.5,32.8
BNSF,RD0923122,2023-09-14,6:20 AM,Derailment,0,DAVIS,OK,80,1,Dawn,Cloudy,Industry,Freight Train,10,8933,20000,28933,M203,34.492751,-97.116991,70.7,70.7,72.5
BNSF,RD1216200,2016-12-15,6:59 PM,Hwy-rail crossing,0,DAVIS,OK,38,3,Dusk,Rain,Main,Freight Train,48,200,114783,114983,M302,34.46713,-97.108398,35.2,31.9,48.6
BNSF,RD0418109,2018-04-09,6:49 AM,Derailment,0,DAVIS,OK,50,1,Dawn,Clear,Main,Freight Train,31,2290,21500,23790,E09C,34.48948,-97.11535,39.9,53.7,54.4
BNSF,RD0620131,2020-06-26,3:25 AM,Obstruction,0,DAVIS,OK,80,4,Dark,Clear,Main,Freight Train,38,800,30000,30800,M402,34.491996,-97.116565,77.1,79.8,80.7
BNSF,RD0521106,2021-05-07,7:15 AM,Derailment,0,DAVIS,OK,75,1,Dawn,Clear,Industry,Freight Train,5,13893,1500,15393,T311,34.490392,-97.120407,66.1,67,73.6
NS,139183,2020-09-17,11:30 AM,Derailment,0,DAVISBORO,GA,72,2,Day,Rain,Main,Freight Train,40,864203,726707,1590910,T002,32.971537,-82.662391,71.4,75.9,73.4
ATK,146573,2017-03-02,7:05 AM,Other (describe in narrative),0,DAVISVILLE,RI,50,4,Dark,Clear,Main,Passenger Train - Pulling,0,34759,0,34759,E78L,41.635648,-71.463605,51.5,45.4,30.8
NS,133700,2019-04-25,11:45 AM,Derailment,0,DAVY,WV,70,2,Day,Clear,Main,Freight Train,35,18692,35553,54245,E85C,37.453563,-81.70575,64.8,65.2,52.1
BNSF,TC0120107,2020-01-06,11:49 AM,Derailment,0,DAWSON,MN,10,2,Day,Clear,Main,Freight Train,9,16537,0,16537,M101,44.930041,-96.053287,33.2,30,17.1
BNSF,HL0923202,2023-09-13,1:17 AM,Hwy-rail crossing,0,DAWSON,NE,69,4,Dark,Clear,Main,Freight Train,30,1000,57520,58520,M308,40.12655,-95.83064,63.5,63.7,66.9
BNSF,TC0622204,2022-06-28,9:20 PM,Hwy-rail crossing,0,DAWSON,ND,67,4,Dark,Clear,Main,Passenger Train - Pulling,59,15000,500,15500,M302,46.864077,-99.826582,69.7,66.2,71.3
BNSF,GC0416110,2016-04-23,3:00 PM,Derailment,0,DAYTON,TX,80,2,Day,Clear,Main,Yard/switching,5,6035,0,157727,H607,29.989019,-94.908544,70.7,68.8,66.7
BNSF,RD1017104,2017-10-03,4:00 AM,Derailment,0,DAYTON,TX,80,1,Dawn,Cloudy,Yard,Freight Train,3,108882,11000,119882,H702,29.99425,-94.907496,78,78.8,78.8
UP,0416HO042,2016-04-23,3:00 PM,Derailment,0,DAYTON,TX,80,2,Day,Clear,Main,,0,0,151692,157727,H607,29.993233,-94.90747,70.7,68.8,66.7
UP,0717HO038,2017-07-21,10:00 PM,Obstruction,0,DAYTON,TX,85,4,Dark,Clear,Yard,Single Car,0,17720,0,17720,M404,30.004966,-94.904289,85.4,84.1,82.9
BNSF,GC0716110,2016-07-20,6:45 AM,Derailment,0,DAYTON,TX,96,1,Dawn,Clear,Main,Yard/switching,12,85264,0,214316,H503,29.983803,-94.909916,81.7,84,86.1
UP,1219GC013,2019-12-17,1:20 PM,Hwy-rail crossing,0,DAYTON,TX,50,2,Day,Clear,Main,,0,0,249,45311,M302,30.059172,-94.992737,62.5,44,42.2
UP,0815PC009,2015-08-27,8:27 AM,Hwy-rail crossing,0,DAYTON,ID,75,2,Day,Clear,Main,Freight Train,50,0,30250,30250,M301,42.107598,-111.976837,72,69.8,71.4
BNSF,RD0424110,2024-04-10,1:08 AM,Derailment,0,DAYTON,TX,65,4,Dark,Rain,Siding,Yard/switching,9,21511,0,25775,H607,29.933747,-94.915369,75.2,69,68.8
UP,0316HO010,2016-03-08,9:00 PM,Hwy-rail crossing,0,DAYTON,TX,60,4,Dark,Rain,Main,Freight Train,28,271,18920,19191,M308,30.040348,-94.897718,67.5,70.6,67.8
BNSF,RD1219122,2019-12-24,5:15 PM,Derailment,0,DAYTON,TX,70,3,Dusk,Clear,Yard,Yard/switching,6,12349,43349,55698,H306,29.994818,-94.910286,51.6,54.8,56.4
BNSF,RD0218117,2018-02-16,3:31 AM,Derailment,0,DAYTON,TX,68,4,Dark,Clear,Yard,Yard/switching,8,15837,0,15837,H312,30.005586,-94.906877,71.5,70.6,64.6
BNSF,RD0919108,2019-09-12,4:10 PM,Derailment,0,DAYTON,TX,92,2,Day,Cloudy,Yard,Yard/switching,10,76521,0,175295,H607,29.993007,-94.907519,80.3,80.7,81.3
BNSF,RD0519104,2019-05-04,1:25 AM,Derailment,0,DAYTON,TX,72,4,Dark,Cloudy,Yard,Yard/switching,8,80813,97400,178213,T221,30.006308,-94.90465,72.5,74.4,73.3
BNSF,RD0817108,2017-08-06,2:00 PM,Other impacts,0,DAYTON,TX,90,2,Day,Clear,Yard,Yard/switching,5,37179,0,37179,H318,30.009129,-94.904935,81.1,82.3,79.3
BNSF,RD1023102,2023-10-02,4:12 AM,Other (describe in narrative),0,DAYTON,TX,90,1,Dawn,Clear,Yard,Yard/switching,5,156465,2000,158465,H307,30.006429,-94.90652,81.4,80.5,75.9
BNSF,RD0322116,2022-03-16,10:15 AM,Derailment,0,DAYTON,TX,75,2,Day,Clear,Yard,Yard/switching,5,7244,17753,24997,H307,30.013413,-94.902601,63.2,62.5,63.9
UP,0922HO033,2022-09-25,2:30 PM,Other impacts,0,DAYTON,TX,96,2,Day,Clear,Yard,Yard/switching,4,951998,1500,961325,H307,30.012524,-94.902256,82.8,83.4,83.4
BNSF,RD0623107,2023-06-09,12:11 PM,Derailment,0,DAYTON,TX,88,2,Day,Clear,Yard,Yard/switching,7,4462,10468,14930,H703,29.995257,-94.907385,76.4,79.7,82.3
BNSF,RD1023109,2023-10-04,2:30 AM,Derailment,0,DAYTON,TX,77,4,Dark,Clear,Yard,Light loco(s),4,154,12337,12491,H307,29.999932,-94.907477,75.9,80.4,75.5
BNSF,RD0222118,2022-02-22,1:05 AM,Head on collision,0,DAYTON,TX,73,4,Dark,Clear,Yard,Freight Train,1,50000,0,350000,H607,30.013433,-94.902589,72.4,73.3,49.7
UP,0824HO053,2024-08-23,11:00 PM,Other impacts,0,DAYTON,TX,79,4,Dark,Clear,Yard,Yard/switching,0,11392,0,12691,E29C,30.013805,-94.901911,87,86.8,84.7
UP,0219GC058,2019-02-26,11:04 PM,Other (describe in narrative),0,DAYTON,TX,60,4,Dark,Rain,Industry,Cut of cars,0,17691,0,17691,M201,30.010723,-94.902741,52.2,56.6,63.9
BNSF,RD0621117,2021-06-23,12:37 AM,Derailment,0,DAYTON,TX,80,4,Dark,Clear,Yard,Yard/switching,9,5858,6457,12315,T222,30.001449,-94.907351,81.7,83.3,84.5
BNSF,RD0722115,2022-07-18,1:00 PM,Derailment,0,DAYTON,TX,98,2,Day,Clear,Yard,Yard/switching,3,46053,9800,55853,H503,29.995105,-94.907377,87.2,88,88.4
UP,0921HO025,2021-09-10,9:31 PM,Derailment,0,DAYTON,TX,77,4,Dark,Cloudy,Main,,0,0,3500,40515,H518,29.993758,-94.90724,79.3,76.2,74.8
BNSF,RD0620121,2020-06-16,6:31 PM,Side collision,0,DAYTON,TX,90,3,Dusk,Clear,Yard,Yard/switching,4,5919,0,16957,H602,29.995316,-94.907369,81.1,80.9,80.3
BNSF,RD0119101,2019-01-02,6:30 PM,Derailment,0,DAYTON,TX,50,3,Dusk,Rain,Yard,Yard/switching,3,9204,4500,13704,H306,29.994781,-94.91025,52.5,52.2,48.8
BNSF,RD0124102,2024-01-04,9:45 PM,Other impacts,0,DAYTON,TX,55,4,Dark,Clear,Main,Yard/switching,8,7000,0,12484,H607,30.015354,-94.901511,49.3,49.5,51.6
BNSF,RD1118124,2018-11-15,2:30 AM,Head on collision,0,DAYTON,TX,34,4,Dark,Clear,Yard,Yard/switching,0,500,0,15600,H306,30.012916,-94.902391,39.3,43.2,51
BNSF,RD0217109,2017-02-14,3:59 AM,Derailment,0,DAYTON,TX,65,4,Dark,Cloudy,Yard,Freight Train,9,8890,4500,13390,H019,30.012222,-94.903109,68.5,60.4,52.3
UP,0623HO013,2023-06-10,2:45 AM,Derailment,0,DAYTON,TX,77,4,Dark,Clear,Siding,Freight Train,5,19601,4640,24241,H702,29.928062,-94.914827,79.7,82.3,81.4
BNSF,RD0519106,2019-05-04,5:01 PM,Side collision,0,DAYTON,TX,62,3,Dusk,Clear,Yard,Yard/switching,8,20750,0,41295,H318,29.994236,-94.907496,72.5,74.4,73.3
BNSF,RD0222118,2022-02-22,1:05 AM,Head on collision,0,DAYTON,TX,73,4,Dark,Clear,Yard,Yard/switching,8,300000,0,350000,H607,30.013433,-94.902589,72.4,73.3,49.7
UP,0121HO011,2021-01-10,8:45 PM,Derailment,0,DAYTON,TX,35,4,Dark,Sleet,Industry,Freight Train,3,26874,48361,75235,H607,29.997021,-94.906362,43.3,38.7,37.5
BNSF,RD0821107,2021-08-09,12:25 PM,Side collision,0,DAYTON,TX,90,2,Day,Clear,Yard,Light loco(s),0,20000,0,34700,H318,30.014036,-94.902191,84.8,85.6,84.7
BNSF,RD0819112,2019-08-09,8:40 AM,Other impacts,0,DAYTON,TX,90,1,Dawn,Clear,Yard,Yard/switching,10,28511,0,28511,H318,30.009128,-94.904929,85.6,86.5,85.8
BNSF,RD0624132,2024-06-30,9:16 AM,Derailment,0,DAYTON,TX,85,2,Day,Clear,Yard,Yard/switching,8,11624,10500,22124,H703,30.013368,-94.902314,87.4,86.3,86.3
UP,1119HO020,2019-11-19,9:30 PM,Other impacts,0,DAYTON,TX,60,4,Dark,Clear,Industry,Yard/switching,2,4973,0,45123,H306,30.013532,-94.901626,56,59.8,66.8
BNSF,RD0724108,2024-07-09,1:00 AM,Derailment,0,DAYTON,TX,85,4,Dark,Clear,Yard,Yard/switching,7,53851,0,53851,M505,30.000366,-94.908179,78.8,84.3,84.8
BNSF,RD0619117,2019-06-19,2:20 AM,Derailment,0,DAYTON,TX,75,4,Dark,Clear,Main,Yard/switching,8,24306,0,630790,H607,29.992808,-94.907562,82,84.4,85.2
UP,0824HO053,2024-08-23,11:00 PM,Other impacts,0,DAYTON,TX,79,4,Dark,Clear,Yard,Single Car,0,1299,0,12691,E29C,30.013805,-94.901911,87,86.8,84.7
ATK,160879,2019-08-30,3:52 PM,Hwy-rail crossing,0,DAYTON,TX,92,2,Day,Clear,Main,Passenger Train - Pulling,60,103926,0,107906,M304,30.059207,-94.992626,81.9,81.8,81.9
UP,1119HO020,2019-11-19,9:30 PM,Other impacts,0,DAYTON,TX,60,4,Dark,Clear,Industry,Yard/switching,5,40000,150,45123,H306,30.013532,-94.901626,56,59.8,66.8
UP,0519HO001,2019-05-22,6:08 PM,Other (describe in narrative),0,DAYTON,TX,84,3,Dusk,Cloudy,Yard,Single Car,0,11539,0,11539,M507,29.875679,-94.908759,82,82.6,81.4
BNSF,RD0919102,2019-09-04,9:45 PM,Derailment,0,DAYTON,TX,80,4,Dark,Clear,Yard,Yard/switching,6,51145,5000,56145,E46C,29.997069,-94.90718,83.4,84.5,84.2
BNSF,RD0518112,2018-05-13,9:01 AM,Other impacts,0,DAYTON,TX,85,2,Day,Clear,Yard,Yard/switching,15,53941,0,53941,H318,30.004484,-94.905781,79.3,79.5,78.3
BNSF,RD1118125,2018-11-15,4:35 AM,Derailment,0,DAYTON,TX,34,1,Dawn,Clear,Yard,Yard/switching,5,12000,2500,14500,H318,29.996208,-94.90736,39.3,43.2,51
BNSF,RD0519106,2019-05-04,5:01 PM,Side collision,0,DAYTON,TX,62,3,Dusk,Clear,Yard,Yard/switching,0,20545,0,41295,H318,29.994236,-94.907496,72.5,74.4,73.3
BNSF,RD0620121,2020-06-16,6:31 PM,Side collision,0,DAYTON,TX,90,3,Dusk,Clear,Yard,Yard/switching,4,11038,0,16957,H602,29.995316,-94.907369,81.1,80.9,80.3
BNSF,RD0320112,2020-03-13,1:30 PM,Side collision,0,DAYTON,TX,75,2,Day,Clear,Yard,Yard/switching,4,25782,0,26658,H318,30.01322,-94.902654,72.9,73.3,73.4
BNSF,RD1222118,2022-12-15,1:15 PM,Derailment,0,DAYTON,TX,60,2,Day,Clear,Yard,Yard/switching,3,8695,2646,11341,H312,29.999854,-94.905858,61.9,52.1,51.8
UP,0619GC024,2019-06-19,2:20 AM,Derailment,0,DAYTON,TX,77,4,Dark,Clear,Main,,0,0,606484,630790,H607,30.002861,-94.904855,82,84.4,85.2
UP,0124HO006,2024-01-04,9:45 PM,Other impacts,0,DAYTON,TX,53,4,Dark,Cloudy,Main,Cut of cars,0,5484,0,12484,H995,29.988651,-94.908625,49.3,49.5,51.6
UP,0424HO013,2024-04-10,1:08 AM,Derailment,0,DAYTON,TX,65,4,Dark,Rain,Siding,,0,0,4264,25775,H607,29.933747,-94.915369,75.2,69,68.8
UP,0922HO033,2022-09-25,2:30 PM,Other impacts,0,DAYTON,TX,96,2,Day,Clear,Yard,Light loco(s),4,7827,0,961325,H307,30.012524,-94.902256,82.8,83.4,83.4
BNSF,RD0120106,2020-01-10,5:00 AM,Derailment,0,DAYTON,TX,64,1,Dawn,Cloudy,Yard,Yard/switching,5,10416,2500,12916,H312,30.012288,-94.902513,67.4,72.5,52.7
UP,0821HO037,2021-08-25,7:10 PM,Derailment,0,DAYTON,TX,90,3,Dusk,Clear,Yard,Yard/switching,10,818,3820,13985,H306,30.016042,-94.901166,84.1,84.3,83.2