reportingrailroadcode,accidentnumber,date,time,accidenttype,hazmatreleasedcars,station,stateabbr,temperature,visibility_code,visibility,weathercondition,tracktype,equipmenttype,trainspeed,equipmentdamagecost,trackdamagecost,totaldamagecost,primaryaccidentcausecode,latitude,longitude,prior_temp,actual_temp,following_temp
BNSF,RD0419130,2019-04-22,9:01 PM,Other impacts,0,DAYTON,TX,70,4,Dark,Clear,Yard,Yard/switching,8,11750,0,11750,H318,30.012297,-94.90314,66.8,69.9,70.7
UP,1122HO024,2022-11-22,8:59 AM,Hwy-rail crossing,0,DAYTON,TX,47,2,Day,Cloudy,Main,Freight Train,39,7492,153704,161196,M304,30.109056,-94.860217,46.3,51.4,59.3
BNSF,RD1118124,2018-11-15,2:30 AM,Head on collision,0,DAYTON,TX,34,4,Dark,Clear,Yard,Yard/switching,7,12600,2500,15600,H306,30.012916,-94.902391,39.3,43.2,51
BNSF,RD0821107,2021-08-09,12:25 PM,Side collision,0,DAYTON,TX,90,2,Day,Clear,Yard,Yard/switching,6,13200,1500,34700,H318,30.014036,-94.902191,84.8,85.6,84.7
UP,0618HO038,2018-06-25,2:00 PM,Derailment,0,DAYTON,TX,92,2,Day,Clear,Yard,Freight Train,8,75319,53849,129168,H306,30.029822,-94.911294,84.1,82.4,83.5
BNSF,RD0921132,2021-09-30,7:04 PM,Derailment,0,DAYTON,TX,73,3,Dusk,Cloudy,Yard,Freight Train,7,17823,13153,30976,H019,30.00225,-94.907183,75.4,76.4,74.7
BNSF,RD0320112,2020-03-13,1:30 PM,Side collision,0,DAYTON,TX,75,2,Day,Clear,Yard,Yard/switching,0,876,0,26658,H318,30.01322,-94.902654,72.9,73.3,73.4
UP,0919HO014,2019-09-12,4:10 PM,Derailment,0,DAYTON,TX,91,2,Day,Clear,Main,,0,0,98774,175295,H303,29.995177,-94.906859,80.3,80.7,81.3
BNSF,RD0218102,2018-02-06,6:00 AM,Derailment,0,DAYTON,TX,60,1,Dawn,Fog,Yard,Yard/switching,4,16548,2000,18548,H312,30.004962,-94.907293,55.1,64.7,45.2
ATK,162381,2019-12-17,1:20 PM,Hwy-rail crossing,0,DAYTON,TX,48,2,Day,Clear,Main,Passenger Train - Pulling,58,45062,0,45311,M302,30.059172,-94.992737,62.5,44,42.2
BNSF,RD0921111,2021-09-10,9:31 PM,Derailment,0,DAYTON,TX,90,4,Dark,Clear,Main,Yard/switching,8,37015,0,40515,H518,29.993758,-94.90724,79.3,76.2,74.8
BNSF,GC0515114,2015-05-19,12:35 PM,Other impacts,0,DAYTON,TX,82,2,Day,Cloudy,Yard,Yard/switching,7,27430,0,27430,H318,29.997197,-94.907396,77.5,77.3,78
BNSF,RD1216109,2016-12-15,10:16 PM,Derailment,0,DAYTON,TX,48,4,Dark,Clear,Yard,Yard/switching,6,22000,19100,41100,H702,30.003799,-94.907877,59.6,50,59
CSX,000171438,2017-09-04,12:53 AM,Hwy-rail crossing,0,DAYTON,KY,65,4,Dark,Clear,Main,,0,0,0,14256,M302,39.108019,-84.476711,66.7,72.2,71.1
UP,0815HO027,2015-08-22,12:30 AM,Derailment,0,DAYTON,TX,80,4,Dark,Cloudy,Yard,Yard/switching,4,6103,15381,21484,H312,30.011496,-94.901988,78.1,82.7,84.8
UP,0215HO027,2015-02-16,7:14 PM,Derailment,0,DAYTON,TX,50,4,Dark,Clear,Main,,0,0,5814,75915,H607,29.99093,-94.908058,61.4,52.6,40.6
UP,1216HO014,2016-12-08,1:05 AM,Derailment,0,DAYTON,TX,55,4,Dark,Rain,Yard,Yard/switching,10,440387,57,743411,H306,30.00066,-94.905068,53.2,48.2,42.9
BNSF,RD0917114,2017-09-18,1:10 AM,Derailment,0,DAYTON,TX,76,4,Dark,Cloudy,Yard,Yard/switching,7,23884,4000,27884,H318,30.008951,-94.905034,79.3,79.8,82
BNSF,RD0618108,2018-06-10,12:37 PM,Derailment,0,DAYTON,TX,90,2,Day,Clear,Yard,Yard/switching,4,363978,32000,395978,H607,30.012198,-94.903116,80.3,83.7,84.1
BNSF,GC0415105,2015-04-11,6:05 PM,Other (describe in narrative),0,DAYTON,TX,75,2,Day,Cloudy,Yard,Freight Train,4,18000,0,18000,H318,30.004875,-94.905555,67.4,68.7,71.9
BNSF,GC0215111,2015-02-16,7:14 PM,Derailment,0,DAYTON,TX,37,3,Dusk,Rain,Main,Yard/switching,7,70101,0,75915,H607,29.99093,-94.908058,61.4,52.6,40.6
UP,1216HO014,2016-12-08,1:05 AM,Derailment,0,DAYTON,TX,55,4,Dark,Rain,Yard,Cut of cars,0,302967,0,743411,H306,30.00066,-94.905068,53.2,48.2,42.9
UP,1115HO019,2015-11-08,12:00 AM,Derailment,0,DAYTON,TX,60,4,Dark,Cloudy,Yard,Single Car,0,14268,1219,16448,H302,30.004833,-94.903778,65.1,59.9,60.2
UP,1115HO019,2015-11-08,12:00 AM,Derailment,0,DAYTON,TX,60,4,Dark,Cloudy,Yard,Freight Train,4,961,0,16448,H302,30.004833,-94.903778,65.1,59.9,60.2
ATK,149471,2017-09-04,12:53 AM,Hwy-rail crossing,0,DAYTON,KY,65,4,Dark,Clear,Main,Passenger Train - Pulling,34,14256,0,14256,M302,39.107775,-84.476889,66.7,72.2,71.1
BNSF,RD0817109,2017-08-07,4:29 AM,Derailment,0,DAYTON,TX,84,1,Dawn,Cloudy,Yard,Yard/switching,10,30500,9994,40494,E64L,30.013512,-94.902417,82.3,79.3,78.1
UP,0716HO034,2016-07-20,6:45 AM,Derailment,0,DAYTON,TX,85,1,Dawn,Clear,Main,,0,0,129052,214316,H503,29.983803,-94.909916,81.7,84,86.1
BNSF,RD0117109,2017-01-17,10:15 PM,Derailment,0,DAYTON,TX,61,4,Dark,Rain,Yard,Yard/switching,10,5137,10000,15137,H312,30.003834,-94.907854,71.9,63,63.6
NS,132579,2019-01-24,1:00 PM,Derailment,0,DAYTON,IN,23,2,Day,Cloudy,Yard,Yard/switching,7,175219,18456,193675,H306,40.374141,-86.82063,33.8,20.4,9.4
NS,131547,2018-11-04,5:49 PM,Derailment,0,DAYTON,IN,41,3,Dusk,Rain,Industry,Yard/switching,1,108807,3193,112000,H524,40.374507,-86.835774,42.3,51.1,48.6
NS,123520,2017-01-11,2:11 PM,Hwy-rail crossing,0,DAYTON,OH,52,2,Day,Rain,Main,Freight Train,27,241,11313,11554,M303,39.742761,-84.208542,41.1,44.6,53.3
NS,131169,2018-10-03,6:00 PM,Derailment,0,DAYTON,IN,70,3,Dusk,Clear,Yard,Yard/switching,6,141885,5123,147008,E30C,40.374415,-86.831992,70.3,74.2,67.8
NS,141044,2021-03-27,9:45 AM,Derailment,1,DAYTON,IN,72,2,Day,Cloudy,Yard,Yard/switching,10,385830,25905,411735,T110,40.374233,-86.824428,47.7,57.2,46.2
NS,138602,2020-07-22,3:45 AM,Derailment,0,DAYTON,IN,70,4,Dark,Cloudy,Yard,Freight Train,8,95499,800,96299,T110,40.374415,-86.831992,75.8,76.9,76.9
NS,134260,2019-06-10,4:20 AM,Derailment,0,DAYTON,IN,72,1,Dawn,Rain,Yard,Freight Train,7,34143,17982,52125,T110,40.374415,-86.831992,70.3,67.9,65.4
NS,140150,2021-01-03,9:45 AM,Derailment,0,DAYTON,IN,34,2,Day,Cloudy,Yard,Yard/switching,4,22977,8240,31217,T207,40.374001,-86.814948,34.9,33.4,32.1
NS,122670,2016-11-05,8:55 AM,Derailment,0,DAYTON,IN,43,2,Day,Clear,Yard,Yard/switching,10,5567,5289,10856,T207,40.373862,-86.809256,49.4,47.2,50
NS,143251,2021-10-24,2:20 PM,Derailment,0,DAYTON,IN,50,2,Day,Rain,Yard,Yard/switching,2,12900,200,13100,T207,40.374001,-86.814936,49.8,51.5,51.2
NS,123081,2016-12-09,10:55 AM,Derailment,0,DAYTON,IN,26,2,Day,Clear,Yard,Yard/switching,8,8094,17948,26042,T207,40.374461,-86.833886,22.1,23.7,24.5
NS,122474,2016-10-19,8:06 PM,Derailment,0,DAYTON,IN,60,4,Dark,Rain,Yard,Yard/switching,8,400,10236,10636,T110,40.374416,-86.832023,72.4,59.5,55.6
BNSF,RD0819118,2019-08-14,11:30 PM,Derailment,0,DAYTON,TX,85,4,Dark,Clear,Yard,Yard/switching,5,27243,5000,32243,T319,30.006363,-94.90656,87.2,85.2,83.8
BNSF,RD0719101,2019-07-02,10:30 AM,Derailment,0,DAYTON,TX,90,2,Day,Clear,Yard,Yard/switching,6,27983,143000,170983,T313,29.999171,-94.907393,81.7,79.8,79.7
BNSF,RD0218123,2018-02-24,6:45 PM,Derailment,0,DAYTON,TX,71,3,Dusk,Clear,Yard,Yard/switching,10,250,29498,29748,T311,30.007626,-94.905686,68.3,74.4,59
UP,0515HO004,2015-05-03,12:30 AM,Derailment,0,DAYTON,TX,80,4,Dark,Clear,Yard,Freight Train,4,22790,0,22790,T102,30.004833,-94.903778,69.3,69.7,71.6
UP,0116HO007,2016-01-01,10:00 PM,Derailment,0,DAYTON,TX,48,4,Dark,Clear,Main,Freight Train,0,0,424905,602657,T108,30.036073,-94.903168,50.3,46.5,46.7
BNSF,GC0915103,2015-09-19,10:15 PM,Derailment,0,DAYTON,TX,80,4,Dark,Clear,Yard,Yard/switching,0,13100,0,219565,T309,30.013854,-94.902519,78.7,78.2,79.1
BNSF,RD1117102,2017-11-03,9:45 PM,Derailment,0,DAYTON,TX,72,4,Dark,Clear,Yard,Yard/switching,7,750,73800,74550,T001,30.006324,-94.906579,78.1,78.1,76.5
BNSF,RD1122114,2022-11-14,7:30 AM,Derailment,0,DAYTON,TX,55,1,Dawn,Clear,Yard,Yard/switching,10,20478,6500,26978,T001,29.997082,-94.90741,48.1,51.8,47.9
BNSF,GC1115103,2015-11-04,8:30 AM,Derailment,0,DAYTON,TX,75,2,Day,Clear,Main,Yard/switching,9,17300,0,155792,T102,29.994569,-94.907461,65.3,69.3,75.5
BNSF,GC0316115,2016-03-25,7:30 PM,Derailment,0,DAYTON,TX,64,3,Dusk,Clear,Yard,Yard/switching,10,3000,56408,59408,T314,30.00691,-94.9063,61.7,56.1,60.5
UP,1115HO010,2015-11-04,8:30 AM,Derailment,0,DAYTON,TX,78,2,Day,Cloudy,Main,Freight Train,0,0,138492,155792,T102,29.99093,-94.908058,65.3,69.3,75.5
BNSF,GC0915103,2015-09-19,10:15 PM,Derailment,0,DAYTON,TX,80,4,Dark,Clear,Yard,Freight Train,7,66662,54000,219565,T309,30.013854,-94.902519,78.7,78.2,79.1
UP,0415HO028,2015-04-15,6:05 PM,Derailment,0,DAYTON,TX,78,2,Day,Clear,Yard,Light loco(s),2,750,15248,15998,T110,30.004933,-94.904222,70.1,69.1,70.2
BNSF,GC0515107,2015-05-13,1:00 PM,Derailment,0,DAYTON,TX,82,2,Day,Cloudy,Yard,Yard/switching,7,21594,14800,36394,T001,30.016422,-94.90128,71.3,72.7,76.5
UP,0915HO031,2015-09-19,10:15 PM,Derailment,0,DAYTON,TX,75,4,Dark,Cloudy,Yard,Freight Train,0,0,85803,219565,T309,30.013855,-94.90252,78.7,78.2,79.1
BNSF,GC0116100,2016-01-01,10:00 PM,Derailment,0,DAYTON,TX,50,4,Dark,Cloudy,Siding,Freight Train,16,177752,0,602657,T108,30.047391,-94.888271,50.3,46.5,46.7
UP,0323RM062,2023-03-16,12:00 AM,Obstruction,0,DE BEQUE,CO,37,4,Dark,Rain,Main,,0,0,0,0,M404,39.24026,-108.266649,46.9,37.2,32.2
UP,0619RM028,2019-06-22,12:31 AM,Fire/violent rupture,0,DE BEQUE,CO,49,4,Dark,Rain,Main,,0,0,0,53000,E73L,39.332519,-108.209268,56.8,55.3,56.7
BNSF,PR0619110,2019-06-22,12:31 AM,Fire/violent rupture,0,DE BEQUE,CO,51,4,Dark,Clear,Main,Freight Train,40,53000,0,53000,E73L,39.330317,-108.214082,56.8,55.3,56.7
FWWR,15111601,2015-11-16,12:20 PM,Derailment,0,DE LEON,TX,68,2,Day,Cloudy,Main,Freight Train,19,18000,27770,45770,T215,32.089849,-98.49309,56.3,67,58.6
KCS,19083101,2019-08-31,3:22 AM,Other (describe in narrative),0,DE QUEEN,AR,72,4,Dark,Clear,Main,Freight Train,5,0,11985,11985,H702,34.040334,-94.336335,78.2,79.5,80.9
DQE,ID2100060,2021-05-11,4:51 PM,Derailment,0,DE QUEEN,AR,57,2,Day,Rain,Main,Freight Train,13,94449,84200,178649,E53C,34.03108,-94.30567,59.5,57,60.9
UP,0719GC051,2019-07-31,9:08 AM,Hwy-rail crossing,0,DE QUINCY,LA,75,2,Day,Cloudy,Main,Freight Train,34,55713,206730,262443,M303,30.446065,-93.427141,74.6,70.1,69.1
KCS,19041101,2019-04-11,8:48 AM,Obstruction,0,DE QUINCY,LA,75,2,Day,Clear,Main,Freight Train,33,25859,0,25859,M402,30.45344,-93.434271,33.3,36.1,36.5
TIBR,200224005,2020-02-24,9:00 PM,Derailment,0,DE RIDDER,LA,45,4,Dark,Clear,Main,Freight Train,4,0,15000,15000,T001,30.836556,-93.287528,50.4,46.7,45
KCS,16032901,2016-03-29,12:01 AM,Derailment,0,DE RIDDER,LA,58,4,Dark,Clear,Industry,Yard/switching,5,7066,16445,23511,T102,30.864554,-93.365916,48.4,46.3,48.7
RCPE,RCP147516D,2016-11-28,10:00 AM,Derailment,0,DE SMET,SD,36,2,Day,Snow,Main,Freight Train,3,27500,1000,28500,H503,44.389099,-97.558122,34.2,34.2,30.9
ATK,180531,2024-06-05,1:52 PM,Hwy-rail crossing,0,DE SOTO,IL,68,2,Day,Clear,Main,Passenger Train - Pulling,66,39242,0,39242,M302,37.781215,-89.222927,75.8,74.3,74.6
IC,1151211,2024-06-05,1:52 PM,Hwy-rail crossing,0,DE SOTO,IL,76,2,Day,Cloudy,Main,Passenger Train - Pulling,0,0,0,39242,M302,37.793213,-89.224312,75.8,74.3,74.6
IC,924442,2017-05-31,2:20 PM,Hwy-rail crossing,0,DE SOTO,IL,85,2,Day,Clear,Main,,0,0,1011,19844,M304,37.781215,-89.222927,70.2,70.8,73.4
IC,940596,2017-11-01,11:50 AM,Hwy-rail crossing,0,DE SOTO,IL,46,2,Day,Rain,Main,,0,0,26429,61539,M302,37.781215,-89.222927,40.1,46.2,69
ATK,150225,2017-11-01,11:50 AM,Hwy-rail crossing,0,DE SOTO,IL,46,2,Day,Rain,Main,Passenger Train - Pulling,78,35110,0,61539,M302,37.781215,-89.222927,40.1,46.2,69
UP,0919ME008,2019-09-09,1:00 PM,Other (describe in narrative),0,DE SOTO,MO,88,2,Day,Clear,Yard,Light loco(s),1,0,11234,11234,H702,38.14504,-90.551002,70.6,78.3,80.1
ATK,147710,2017-05-31,2:20 PM,Hwy-rail crossing,0,DE SOTO,IL,85,2,Day,Clear,Main,Passenger Train - Pulling,77,18833,0,19844,M304,37.781215,-89.222927,70.2,70.8,73.4
BNSF,CH0423114,2023-04-27,12:37 PM,Derailment,0,DE SOTO,WI,65,2,Day,Clear,Main,Freight Train,60,1407075,3090440,4497515,T002,43.409721,-91.193793,43.6,53.2,57.1
UP,1023GL025,2023-10-23,10:50 PM,Obstruction,0,DE WITT,IA,62,4,Dark,Clear,Main,Freight Train,30,0,28594,28594,M402,41.815345,-90.512491,46.3,58,69.5
UP,1118PR008,2018-11-09,4:38 PM,Derailment,0,DE WITT,IA,28,2,Day,Cloudy,Main,Freight Train,35,457657,839212,1296869,E53C,41.824521,-90.62754,31.1,26.6,22.7
UP,0322GL028,2022-03-19,4:44 AM,Other (describe in narrative),0,DE WITT,IA,35,1,Dawn,Snow,Main,Freight Train,50,12027,0,12027,E27C,41.812694,-90.445293,42.1,40.4,47.1
UP,0223GL030,2023-02-24,12:12 PM,Derailment,0,DE WITT,IA,24,2,Day,Cloudy,Industry,Freight Train,10,7608,50838,58446,T110,41.81201,-90.549567,29.8,21.5,31
UP,0318NP005,2018-03-03,2:30 AM,Derailment,0,DE WITT,NE,48,4,Dark,Clear,Main,Freight Train,10,102601,64240,166841,T101,40.373627,-96.92042,45.7,57.3,58
CSX,000187589,2019-12-28,8:41 PM,Derailment,0,DEARBORN,MI,37,4,Dark,Cloudy,Yard,Light loco(s),10,32241,200,32441,H306,42.296851,-83.145398,46.3,35.8,43.6
CRSH,146821,2024-01-26,12:40 AM,Derailment,0,DEARBORN,MI,38,4,Dark,Rain,Yard,Freight Train,5,24841,0,25223,H704,42.301966,-83.148509,38.1,39.2,37.8
CSX,000177377,2018-07-03,9:35 PM,Derailment,0,DEARBORN,MI,80,4,Dark,Clear,Yard,Cut of cars,5,4455,0,88876,H020,42.296851,-83.145398,82.6,79.7,82.7
CSX,000207348,2022-09-19,6:00 PM,Other impacts,0,DEARBORN,MI,75,3,Dusk,Cloudy,Yard,Yard/switching,6,11351,2746,15789,H302,42.305451,-83.151687,75.8,75.1,68.8
CSX,000177377,2018-07-03,9:35 PM,Derailment,0,DEARBORN,MI,80,4,Dark,Clear,Yard,Yard/switching,6,84421,0,88876,H020,42.296851,-83.145398,82.6,79.7,82.7
CSX,000207348,2022-09-19,6:00 PM,Other impacts,0,DEARBORN,MI,75,3,Dusk,Cloudy,Yard,Cut of cars,0,1692,0,15789,H302,42.305451,-83.151687,75.8,75.1,68.8
CSX,000198461,2021-06-24,3:15 PM,Side collision,0,DEARBORN,MI,82,2,Day,Clear,Yard,Freight Train,4,65273,0,66312,H306,42.302762,-83.149685,63.8,73.8,72.9
GTW,863666,2015-08-27,10:02 PM,Derailment,0,DEARBORN,MI,58,4,Dark,Cloudy,Yard,Freight Train,7,96289,18925,115214,M503,42.294759,-83.18451,62.4,62.3,63.9
CSX,000193469,2020-10-28,4:01 AM,Rear end collision,0,DEARBORN,MI,41,1,Dawn,Cloudy,Main,Freight Train,4,50709,1000,51709,H306,42.322359,-83.163724,40.5,45.3,45.6
CSX,000193469,2020-10-28,4:01 AM,Rear end collision,0,DEARBORN,MI,41,1,Dawn,Cloudy,Main,Freight Train,0,0,0,51709,H306,42.322359,-83.163724,40.5,45.3,45.6
CSX,000198461,2021-06-24,3:15 PM,Side collision,0,DEARBORN,MI,82,2,Day,Clear,Yard,Yard/switching,3,539,500,66312,H306,42.302762,-83.149685,63.8,73.8,72.9
CSX,000138052,2014-11-24,6:24 PM,Derailment,0,DEARBORN,MI,33,3,Dusk,Clear,Yard,Yard/switching,4,30805,1000,31805,H312,42.303435,-83.150096,48.4,48.2,32.5
CSX,000181854,2019-03-16,12:59 PM,Derailment,0,DEARBORN,MI,37,2,Day,Clear,Yard,Freight Train,5,21276,2024,23300,T111,42.293023,-83.140079,41.5,33.6,30
CSX,000185942,2019-10-11,8:33 PM,Derailment,0,DEARBORN,MI,57,4,Dark,Rain,Yard,Yard/switching,4,132449,35600,168049,T202,42.302762,-83.149685,59.2,64.1,46.2
CSX,000172164,2017-10-12,10:30 PM,Derailment,0,DEARBORN,MI,52,4,Dark,Cloudy,Yard,Yard/switching,7,24383,1500,25883,T311,42.310679,-83.155391,54.1,53.4,61.5
CSX,000186349,2019-11-01,1:06 AM,Derailment,0,DEARBORN,MI,34,4,Dark,Cloudy,Yard,Freight Train,6,48112,18300,66412,T207,42.312026,-83.156324,45.1,37.5,40.7
CFRC,23284,2023-10-11,11:47 AM,Fire/violent rupture,0,DEBARY,FL,80,2,Day,Clear,Main,Spec. MoW Equip.,3,0,15250,20500,M406,28.859821,-81.324054,73.1,76.4,80.9
CFRC,23284,2023-10-11,11:47 AM,Fire/violent rupture,0,DEBARY,FL,80,2,Day,Clear,Main,Spec. MoW Equip.,3,0,5250,20500,M406,28.859821,-81.324054,73.1,76.4,80.9
CSX,000184579,2019-08-05,1:15 PM,Other impacts,0,DECATUR,AL,80,2,Day,Clear,Yard,Yard/switching,5,11860,0,11860,H401,34.58851,-86.985257,77.1,76,78.6
NS,139692,2020-11-10,8:45 AM,Other (describe in narrative),0,DECATUR,AL,72,2,Day,Cloudy,Yard,Freight Train,5,14494,40438,240206,E30C,34.615477,-86.983764,69.5,69.1,66.6
CSX,000188494,2020-02-18,4:38 AM,Other impacts,0,DECATUR,AL,70,4,Dark,Cloudy,Yard,Cut of cars,4,14898,0,21982,H302,34.58851,-86.985257,48.7,55.7,46.3
NS,144602,2022-03-05,9:10 AM,Other impacts,0,DECATUR,IL,53,2,Day,Clear,Yard,Cut of cars,0,14410,0,20124,H312,39.853228,-88.914282,38.9,59.5,46.6
NS,138750,2020-08-04,4:00 PM,Other impacts,0,DECATUR,AL,88,3,Dusk,Clear,Yard,Single Car,0,93137,0,106822,H312,34.615477,-86.983764,76.7,76.9,77
NS,135566,2019-09-20,6:20 AM,Derailment,0,DECATUR,IL,72,1,Dawn,Clear,Yard,Yard/switching,4,7525,78825,86350,H318,39.858895,-88.896691,71.6,76.4,75.7
NS,122858,2016-11-22,5:20 PM,Derailment,0,DECATUR,IL,42,3,Dusk,Cloudy,Yard,Yard/switching,7,3285,0,44453,H210,39.858895,-88.896691,31.7,39.8,45.2
NS,120179,2016-04-18,9:05 AM,Derailment,0,DECATUR,IL,58,2,Day,Clear,Yard,Yard/switching,7,7500,3722,11222,E04C,39.852182,-88.918343,65.2,66.4,66
NS,118756,2016-01-01,6:15 PM,Derailment,0,DECATUR,IL,28,3,Dusk,Clear,Industry,Yard/switching,2,38564,0,38564,M101,39.863245,-88.918453,29.4,29.1,32.7
NS,132393,2019-01-12,10:00 PM,Derailment,0,DECATUR,IL,28,4,Dark,Snow,Yard,Yard/switching,6,29018,0,29018,M101,39.858401,-88.898396,25.7,29.9,26
NS,129277,2018-04-27,9:10 AM,Derailment,0,DECATUR,IL,58,2,Day,Clear,Yard,Yard/switching,4,3086,14337,17423,M405,39.858401,-88.898396,52.4,59.5,48.5
NS,156421,2024-04-19,9:55 AM,Other (describe in narrative),0,DECATUR,IL,51,2,Day,Clear,Yard,Yard/switching,2,14500,500,15000,H702,39.858407,-88.898385,59.4,51,45.5
NS,155879,2024-02-27,6:55 PM,Derailment,0,DECATUR,IL,60,3,Dusk,Clear,Yard,Freight Train,3,34223,43128,77351,H601,39.861739,-88.886505,56.8,65.4,28.3
BNSF,RD0317113,2017-03-15,1:45 PM,Other (describe in narrative),0,DECATUR,TX,69,2,Day,Clear,Main,Light loco(s),7,0,11000,11000,H702,33.220402,-97.571376,47.1,50.1,61
NS,154499,2023-10-14,5:10 PM,Raking collision,0,DECATUR,IL,54,3,Dusk,Clear,Yard,Yard/switching,3,28473,0,29033,H318,39.856675,-88.902202,61.9,54.4,51
IC,1151290,2024-06-10,4:00 PM,Other impacts,0,DECATUR,IL,75,2,Day,Clear,Yard,Freight Train,3,757634,5031,968945,H702,39.848305,-88.945335,69.9,65.1,65.9
NS,152688,2023-03-31,11:15 AM,Derailment,0,DECATUR,IL,55,2,Day,Clear,Yard,Cut of cars,0,2780,0,56946,T211,39.862136,-88.884787,48.2,62.6,44.1
NS,144807,2022-03-27,12:35 PM,Derailment,0,DECATUR,IL,39,2,Day,Cloudy,Yard,Freight Train,1,11946,350,12296,H702,39.862857,-88.928398,36.5,33.7,33.8
NS,146119,2022-08-08,11:45 PM,Derailment,0,DECATUR,IL,72,4,Dark,Rain,Yard,Yard/switching,3,56068,450,56518,E07C,39.859514,-88.894301,82.7,80.1,71.3
NS,139958,2020-12-09,1:00 AM,Side collision,0,DECATUR,IL,35,4,Dark,Clear,Yard,Freight Train,4,19298,0,103344,H702,39.852179,-88.918354,34.9,43.1,42.6
NS,139958,2020-12-09,1:00 AM,Side collision,0,DECATUR,IL,35,4,Dark,Clear,Yard,Yard/switching,6,84046,0,103344,H702,39.852179,-88.918354,34.9,43.1,42.6
NS,144399,2022-02-16,6:00 PM,Derailment,0,DECATUR,IL,38,3,Dusk,Clear,Industry,Yard/switching,3,18351,0,18351,M101,39.862857,-88.928398,33.6,50.6,32.2
IC,1091496,2022-01-02,12:40 AM,Derailment,0,DECATUR,IL,24,4,Dark,Snow,Industry,Freight Train,10,100000,4000,104000,T220,39.854748,-88.945388,35.8,21.7,18.5
NS,113353,2014-12-09,4:00 AM,Derailment,0,DECATUR,IL,32,1,Dawn,Clear,Yard,Yard/switching,8,8195,27118,35313,H306,39.853225,-88.914291,37.6,34.4,33.5
NS,143513,2021-11-19,2:40 PM,Other impacts,0,DECATUR,IL,40,2,Day,Clear,Yard,Single Car,0,1329,0,11356,H312,39.852182,-88.918343,37.8,32,43.5
NS,127583,2017-11-30,9:22 AM,Derailment,0,DECATUR,IL,42,2,Day,Clear,Yard,Yard/switching,8,16309,8605,24914,M405,39.858401,-88.898396,43.7,45.7,37.6
NS,136796,2020-01-10,12:45 PM,Derailment,0,DECATUR,IL,40,2,Day,Rain,Yard,Yard/switching,8,4600,108899,113499,E04C,39.852179,-88.918354,45.3,54,38.4
NS,137357,2020-03-02,8:00 PM,Other impacts,0,DECATUR,IL,45,4,Dark,Clear,Yard,Cut of cars,4,102963,0,278603,H018,39.862598,-88.881305,48.3,46.4,44.8
NS,139259,2020-09-25,6:38 PM,Hwy-rail crossing,0,DECATUR,IL,78,3,Dusk,Clear,Yard,Yard/switching,4,32000,0,32000,M302,39.863309,-88.900325,65.1,64.1,70.1
NS,143513,2021-11-19,2:40 PM,Other impacts,0,DECATUR,IL,40,2,Day,Clear,Yard,Single Car,3,2072,7649,11356,H312,39.852182,-88.918343,37.8,32,43.5
NS,137460,2020-03-11,5:34 PM,Other impacts,0,DECATUR,IL,45,3,Dusk,Clear,Yard,Cut of cars,2,21052,0,66088,H309,39.848104,-88.939046,42.4,42.2,48
NS,137460,2020-03-11,5:34 PM,Other impacts,0,DECATUR,IL,45,3,Dusk,Clear,Yard,Cut of cars,0,45036,0,66088,H309,39.848104,-88.939046,42.4,42.2,48
NS,137357,2020-03-02,8:00 PM,Other impacts,0,DECATUR,IL,45,4,Dark,Clear,Yard,Yard/switching,4,174213,1427,278603,H018,39.862598,-88.881305,48.3,46.4,44.8
IC,1151290,2024-06-10,4:00 PM,Other impacts,0,DECATUR,IL,75,2,Day,Clear,Yard,Freight Train,0,206280,0,968945,H702,39.848305,-88.945335,69.9,65.1,65.9
NS,143513,2021-11-19,2:40 PM,Other impacts,0,DECATUR,IL,40,2,Day,Clear,Yard,Single Car,0,306,0,11356,H312,39.852182,-88.918343,37.8,32,43.5
CFE,CFE729824D,2024-03-09,8:20 PM,Derailment,0,DECATUR,IN,40,4,Dark,Cloudy,Main,Freight Train,5,150000,6219,156219,H303,40.830647,-84.930756,48,42.1,34.4
CSX,000155702,2016-01-03,10:22 AM,Derailment,0,DECATUR,AL,45,2,Day,Cloudy,Industry,Yard/switching,5,133743,0,133743,M404,34.614947,-86.984469,36,37.9,32.1
IC,914208,2017-02-21,11:35 PM,Other impacts,0,DECATUR,IL,53,4,Dark,Clear,Yard,Cut of cars,5,1000,0,36000,H020,39.855992,-88.945291,58.8,57.9,57.6
NS,121364,2016-07-23,2:25 AM,Derailment,0,DECATUR,IL,75,4,Dark,Clear,Yard,Yard/switching,7,29056,28642,57698,H702,39.852182,-88.918343,79.8,82.6,85.1
NS,141137,2021-04-05,1:25 PM,Derailment,0,DECATUR,IL,64,2,Day,Clear,Yard,Yard/switching,4,11300,15135,26435,H524,39.858406,-88.898384,61.2,65.7,68
ATK,147885,2017-06-13,9:00 AM,Obstruction,0,DECATUR,MI,79,2,Day,Clear,Main,Spec. MoW Equip.,0,25000,0,25000,H699,42.108098,-85.974457,81.9,78.1,78
NS,140101,2020-12-24,1:30 AM,Other impacts,0,DECATUR,IL,20,4,Dark,Clear,Yard,Cut of cars,0,2000,0,15768,H312,39.848104,-88.939046,47.4,18.1,13.7
NS,140101,2020-12-24,1:30 AM,Other impacts,0,DECATUR,IL,20,4,Dark,Clear,Yard,Yard/switching,2,10200,3568,15768,H312,39.848104,-88.939046,47.4,18.1,13.7