reportingrailroadcode,accidentnumber,date,time,accidenttype,hazmatreleasedcars,station,stateabbr,temperature,visibility_code,visibility,weathercondition,tracktype,equipmenttype,trainspeed,equipmentdamagecost,trackdamagecost,totaldamagecost,primaryaccidentcausecode,latitude,longitude,prior_temp,actual_temp,following_temp
NS,136457,2019-12-09,11:30 AM,Other impacts,0,DECATUR,IL,35,2,Day,Clear,Yard,Single Car,0,26000,0,38402,H312,39.853753,-88.912251,43.8,43.6,22.9
NS,123133,2016-12-13,11:35 AM,Derailment,0,DECATUR,IL,23,2,Day,Cloudy,Yard,Yard/switching,6,11609,0,11609,M204,39.851597,-88.92466,28.2,24.4,15.1
NS,140598,2021-02-14,10:15 AM,Other impacts,0,DECATUR,IL,0,2,Day,Snow,Yard,Single Car,0,16635,0,18428,H318,39.854801,-88.908191,7.4,0.9,3.9
CSX,000151906,2015-09-07,4:47 PM,Derailment,0,DECATUR,AL,85,3,Dusk,Cloudy,Yard,Light loco(s),3,1800,8876,10676,H702,34.579184,-86.983705,77.5,76.7,76.5
NS,126752,2017-09-23,12:40 PM,Derailment,0,DECATUR,IL,92,2,Day,Clear,Yard,Yard/switching,3,13536,200,13736,H312,39.852179,-88.918354,79.8,78.6,75.6
NS,140720,2021-02-23,10:40 AM,Other (describe in narrative),0,DECATUR,IL,48,2,Day,Clear,Yard,Yard/switching,2,28500,980,29480,H702,39.858895,-88.896691,37.9,46.3,44.3
NS,140598,2021-02-14,10:15 AM,Other impacts,0,DECATUR,IL,0,2,Day,Snow,Yard,Single Car,2,1793,0,18428,H318,39.854801,-88.908191,7.4,0.9,3.9
CSX,000144833,2015-04-06,12:00 PM,Side collision,0,DECATUR,AL,65,2,Day,Clear,Yard,Yard/switching,7,3561,0,42291,H302,34.615037,-86.984354,54.4,61.9,67.9
NS,137077,2020-02-06,11:24 PM,Derailment,0,DECATUR,IL,24,4,Dark,Snow,Yard,Yard/switching,4,15000,1394,16394,M101,39.852179,-88.918354,29.9,27.4,29.7
NS,136457,2019-12-09,11:30 AM,Other impacts,0,DECATUR,IL,35,2,Day,Clear,Yard,Single Car,3,9800,2602,38402,H312,39.853753,-88.912251,43.8,43.6,22.9
CSX,000144833,2015-04-06,12:00 PM,Side collision,0,DECATUR,AL,65,2,Day,Clear,Yard,Cut of cars,0,38730,0,42291,H302,34.615037,-86.984354,54.4,61.9,67.9
NS,133985,2019-05-18,10:00 PM,Other impacts,0,DECATUR,IL,63,4,Dark,Clear,Yard,Yard/switching,2,13984,11544,26724,H312,39.847592,-88.947449,75,75.7,70.2
ATK,166260,2021-01-22,12:21 PM,Fire/violent rupture,0,DECATUR,MI,24,4,Dark,Snow,Main,Passenger Train - Pulling,81,27024,0,27024,E79L,42.126043,-85.936292,35.6,24.6,23.7
NS,145320,2022-05-20,10:40 PM,Other (describe in narrative),0,DECATUR,IL,60,4,Dark,Clear,Yard,Yard/switching,9,59123,20787,79910,H702,39.851597,-88.92466,70.3,76.6,61.4
NS,146273,2022-08-23,4:15 PM,Side collision,0,DECATUR,IL,82,3,Dusk,Clear,Yard,Yard/switching,4,85000,0,87000,H318,39.858406,-88.898384,72,70.8,70.4
NS,146273,2022-08-23,4:15 PM,Side collision,0,DECATUR,IL,82,3,Dusk,Clear,Yard,Single Car,0,2000,0,87000,H318,39.858406,-88.898384,72,70.8,70.4
NS,131995,2018-12-10,4:55 AM,Derailment,0,DECATUR,IL,13,1,Dawn,Fog,Yard,Freight Train,4,12496,816,13312,H704,39.852179,-88.918354,21.6,22.7,32.3
NS,132957,2019-02-23,2:30 PM,Other impacts,0,DECATUR,IL,46,2,Day,Clear,Yard,Yard/switching,3,5967,6725,13805,H312,39.854801,-88.908191,33.9,43,33.6
NS,152880,2023-04-21,3:15 PM,Other impacts,0,DECATUR,AL,70,2,Day,Cloudy,Yard,Cut of cars,4,25500,1534,65321,E30C,34.61234,-87.023428,68.9,67,58.6
NS,132957,2019-02-23,2:30 PM,Other impacts,0,DECATUR,IL,46,2,Day,Clear,Yard,Single Car,0,1113,0,13805,H312,39.854801,-88.908191,33.9,43,33.6
NS,133985,2019-05-18,10:00 PM,Other impacts,0,DECATUR,IL,63,4,Dark,Clear,Yard,Single Car,0,1196,0,26724,H312,39.847592,-88.947449,75,75.7,70.2
NS,154879,2023-11-24,8:45 AM,Other (describe in narrative),0,DECATUR,AL,55,2,Day,Cloudy,Yard,Freight Train,3,2500,12000,14500,H702,34.61547,-86.983774,41,50.7,48.2
IC,914208,2017-02-21,11:35 PM,Other impacts,0,DECATUR,IL,53,4,Dark,Clear,Yard,Yard/switching,0,35000,0,36000,H020,39.855992,-88.945291,58.8,57.9,57.6
CSX,000214983,2023-12-08,12:09 PM,Derailment,0,DECATUR,AL,72,2,Day,Clear,Industry,Yard/switching,3,35163,0,35163,H306,34.614919,-86.984423,44.2,52.3,63.7
NS,135596,2019-09-23,3:44 PM,Other (describe in narrative),0,DECATUR,IL,72,2,Day,Clear,Yard,Freight Train,8,8165,51045,59210,H525,39.861869,-88.885992,75.2,68.2,65.3
CSX,000207736,2022-10-11,11:12 AM,Other impacts,0,DECATUR,AL,73,2,Day,Clear,Yard,Single Car,4,18624,96,21000,H318,34.588496,-86.985263,55.5,59.8,66.2
NS,155636,2024-01-31,4:30 PM,Side collision,0,DECATUR,AL,35,3,Dusk,Clear,Yard,Freight Train,9,50000,0,61500,H018,34.61547,-86.983774,45.7,41,41.4
CSX,000193610,2020-11-04,2:28 PM,Derailment,0,DECATUR,AL,60,2,Day,Clear,Yard,Yard/switching,4,36401,1252,37653,M503,34.58851,-86.985257,46.3,50.8,53.1
NS,145068,2022-04-23,10:25 PM,Side collision,0,DECATUR,IL,75,4,Dark,Clear,Yard,Yard/switching,4,130,450,15665,H306,39.852182,-88.918343,67.1,72.9,68.5
NS,152880,2023-04-21,3:15 PM,Other impacts,0,DECATUR,AL,70,2,Day,Cloudy,Yard,Cut of cars,4,25500,0,65321,E30C,34.61234,-87.023428,68.9,67,58.6
NS,139783,2020-11-18,1:30 PM,Derailment,0,DECATUR,AL,68,2,Day,Clear,Yard,,0,0,10820,10820,H303,34.613682,-86.986609,45.9,45.4,51.5
ATK,147885,2017-06-13,9:00 AM,Obstruction,0,DECATUR,MI,79,2,Day,Clear,Main,Maint./inspect Car,5,0,0,25000,H699,42.108098,-85.974457,81.9,78.1,78
CSX,000207736,2022-10-11,11:12 AM,Other impacts,0,DECATUR,AL,73,2,Day,Clear,Yard,Single Car,4,2280,0,21000,H318,34.588496,-86.985263,55.5,59.8,66.2
NS,155636,2024-01-31,4:30 PM,Side collision,0,DECATUR,AL,35,3,Dusk,Clear,Yard,Cut of cars,6,11500,0,61500,H018,34.61547,-86.983774,45.7,41,41.4
NS,152352,2023-02-20,12:20 PM,Other (describe in narrative),0,DECATUR,IL,55,2,Day,Clear,Yard,Freight Train,3,15730,2108,17838,H702,39.858407,-88.898385,46.1,44.5,42.1
NS,157578,2024-08-01,11:15 PM,Derailment,0,DECATUR,AL,71,4,Dark,Clear,Industry,Freight Train,5,14700,5500,20200,M505,34.61547,-86.983774,84.6,86.1,84.2
NS,152688,2023-03-31,11:15 AM,Derailment,0,DECATUR,IL,55,2,Day,Clear,Yard,Freight Train,5,42765,11401,56946,T211,39.862136,-88.884787,48.2,62.6,44.1
NS,152880,2023-04-21,3:15 PM,Other impacts,0,DECATUR,AL,70,2,Day,Cloudy,Yard,Cut of cars,0,12787,0,65321,E30C,34.61234,-87.023428,68.9,67,58.6
NS,139692,2020-11-10,8:45 AM,Other (describe in narrative),0,DECATUR,AL,72,2,Day,Cloudy,Yard,Cut of cars,0,184274,0,240206,E30C,34.615477,-86.983764,69.5,69.1,66.6
NS,144602,2022-03-05,9:10 AM,Other impacts,0,DECATUR,IL,53,2,Day,Clear,Yard,Cut of cars,6,5635,79,20124,H312,39.853228,-88.914282,38.9,59.5,46.6
NS,153159,2023-05-24,7:09 AM,Other (describe in narrative),0,DECATUR,IL,75,1,Dawn,Clear,Yard,Light loco(s),5,13200,1470,14670,H702,39.862136,-88.884787,70.7,72.6,64.1
NS,145068,2022-04-23,10:25 PM,Side collision,0,DECATUR,IL,75,4,Dark,Clear,Yard,Cut of cars,4,15085,0,15665,H306,39.852182,-88.918343,67.1,72.9,68.5
NS,122858,2016-11-22,5:20 PM,Derailment,0,DECATUR,IL,42,3,Dusk,Cloudy,Yard,Yard/switching,3,40868,300,44453,H210,39.858895,-88.896691,31.7,39.8,45.2
NS,131375,2018-10-18,7:01 PM,Other impacts,0,DECATUR,AL,64,3,Dusk,Clear,Industry,Yard/switching,2,6055,7729,13784,H020,34.60842,-87.032088,59.1,56.5,60.7
CSX,000184579,2019-08-05,1:15 PM,Other impacts,0,DECATUR,AL,80,2,Day,Clear,Yard,Single Car,0,0,0,11860,H401,34.58851,-86.985257,77.1,76,78.6
NS,139692,2020-11-10,8:45 AM,Other (describe in narrative),0,DECATUR,AL,72,2,Day,Cloudy,Yard,Cut of cars,5,1000,0,240206,E30C,34.615477,-86.983764,69.5,69.1,66.6
NS,115180,2015-04-08,6:30 PM,Derailment,0,DECATUR,IL,64,3,Dusk,Cloudy,Yard,Yard/switching,4,36378,30459,66837,H508,39.851845,-88.920433,60.7,67,68.7
NS,138750,2020-08-04,4:00 PM,Other impacts,0,DECATUR,AL,88,3,Dusk,Clear,Yard,Single Car,5,13685,0,106822,H312,34.615477,-86.983764,76.7,76.9,77
CSX,000180005,2018-11-05,12:00 AM,Other impacts,0,DECATUR,AL,55,4,Dark,Clear,Yard,Cut of cars,0,28146,164,28310,H307,34.614947,-86.984469,55.4,59.4,60.8
NS,136562,2019-12-18,1:22 PM,Derailment,0,DECATUR,IL,21,2,Day,Clear,Yard,Yard/switching,9,2000,10000,12000,T110,39.851221,-88.926746,22.4,19.4,25.3
DREI,240612002,2024-06-12,7:40 AM,Derailment,0,DECATUR,IL,72,1,Dawn,Clear,Yard,Yard/switching,2,10251,3852,14103,T319,39.847532,-88.934312,65.9,77.2,80.8
NS,144293,2022-02-07,1:45 AM,Derailment,0,DECATUR,IL,9,4,Dark,Clear,Yard,Cut of cars,8,18121,5136,23257,T201,39.856674,-88.902201,25.1,19.3,30.7
DT,09292015,2015-09-29,11:40 AM,Derailment,0,DECATUR,IL,80,2,Day,Cloudy,Main,Freight Train,5,3500,20000,23500,T202,39.890456,-88.914481,71.3,67.1,60.4
NS,133913,2019-05-11,7:45 PM,Derailment,0,DECATUR,IL,32,3,Dusk,Cloudy,Industry,Yard/switching,2,565,0,565,T110,39.862598,-88.881305,51.1,47.7,47.4
NS,144589,2022-03-04,6:00 AM,Derailment,0,DECATUR,IL,30,1,Dawn,Clear,Yard,Yard/switching,8,17485,898,18383,T110,39.852182,-88.918343,36,38.9,59.5
CSX,000166718,2017-02-09,8:02 AM,Derailment,0,DECATUR,AL,38,2,Day,Cloudy,Yard,Yard/switching,8,18278,1776,20054,T110,34.58851,-86.985257,58.6,39.1,45
NS,136030,2019-10-31,11:55 PM,Derailment,0,DECATUR,IL,25,4,Dark,Clear,Yard,Yard/switching,3,2026,20923,22949,T110,39.851775,-88.92255,39.9,31.6,36.3
CFE,CFE645820D,2020-12-18,2:15 AM,Derailment,0,DECATUR,IN,28,4,Dark,Clear,Yard,Freight Train,10,66000,8500,74500,T299,40.874553,-84.950239,28.5,28.9,35.7
NS,124512,2017-03-29,9:12 AM,Derailment,0,DECATUR,IL,50,2,Day,Cloudy,Yard,Yard/switching,6,10790,800,11590,T303,39.858401,-88.898396,50.6,49.7,55.7
CSX,000177670,2018-07-17,6:25 PM,Derailment,0,DECATUR,AL,88,2,Day,Clear,Yard,Freight Train,8,107168,570,107738,T206,34.58851,-86.985257,76.9,77.5,80.2
NS,113889,2015-01-17,8:00 PM,Derailment,0,DECATUR,IL,39,4,Dark,Clear,Yard,Yard/switching,3,200,13534,13734,T110,39.854799,-88.908197,34.4,40.7,38.4
CSX,000156554,2016-01-27,7:50 AM,Derailment,0,DECATUR,AL,25,1,Dawn,Clear,Yard,Yard/switching,8,23033,100,23133,T207,34.58851,-86.985257,47.3,35.8,38.1
NS,137015,2020-02-01,12:40 PM,Other (describe in narrative),0,DECATUR,IL,35,2,Day,Clear,Yard,Yard/switching,10,26095,3592,29687,T399,39.859336,-88.894984,34.7,35.8,45.4
NS,136032,2019-11-01,2:08 AM,Derailment,0,DECATUR,IL,28,4,Dark,Clear,Yard,Yard/switching,7,12071,28220,40291,T110,39.852179,-88.918354,31.6,36.3,40.2
NS,113271,2014-12-03,9:50 PM,Derailment,0,DECATUR,IL,40,4,Dark,Clear,Industry,Yard/switching,6,13000,0,13000,T210,39.86345,-88.89855,29.1,33.2,31.7
NS,136029,2019-10-31,11:00 PM,Derailment,0,DECATUR,IL,26,4,Dark,Clear,Yard,Yard/switching,9,3087,23907,26994,T110,39.858401,-88.898396,39.9,31.6,36.3
NS,142247,2021-07-18,4:05 PM,Derailment,0,DECATUR,IL,82,3,Dusk,Clear,Yard,Yard/switching,7,61514,6942,68456,T110,39.858406,-88.898384,71.7,72.2,73.1
NS,124746,2017-04-18,4:50 AM,Derailment,0,DECATUR,IL,58,1,Dawn,Clear,Industry,Yard/switching,4,13585,0,13585,T110,39.858895,-88.896691,59.4,61.6,71
NS,130200,2018-07-14,3:40 PM,Derailment,0,DECATUR,IL,75,2,Day,Cloudy,Yard,Yard/switching,8,217165,19657,236822,T110,39.858401,-88.898396,76.6,73.8,77.2
NS,135911,2019-10-22,12:25 PM,Derailment,0,DECATUR,IL,50,2,Day,Cloudy,Industry,Yard/switching,2,33,0,33,T110,39.863387,-88.908502,60.2,51.4,53.9
NS,121817,2016-08-25,11:50 AM,Derailment,0,DECATUR,IL,85,2,Day,Clear,Yard,Yard/switching,4,20963,2922,23885,T102,39.851597,-88.92466,79.4,78.6,75.9
NS,153700,2023-07-23,11:55 AM,Derailment,0,DECATUR,IL,81,2,Day,Clear,Yard,Yard/switching,8,200470,53177,253647,T101,39.858407,-88.898385,72.8,75.3,76.7
NS,126073,2017-08-03,12:50 PM,Derailment,0,DECATUR,IL,82,2,Day,Cloudy,Industry,Yard/switching,3,13282,500,13782,T110,39.858401,-88.898396,73,75.3,64.9
NS,146190,2022-08-15,2:35 PM,Derailment,0,DECATUR,IL,83,2,Day,Clear,Yard,Yard/switching,2,17728,198,17926,T110,39.848098,-88.939068,74.4,71.3,70.3
NS,152560,2023-03-16,7:10 PM,Derailment,0,DECATUR,IL,32,4,Dark,Rain,Yard,Yard/switching,5,56937,7689,64626,T314,39.852182,-88.918343,38.7,46.9,34.2
NS,152099,2023-01-26,5:45 AM,Derailment,0,DECATUR,IL,25,1,Dawn,Snow,Yard,Freight Train,10,2137,20671,22808,T110,39.851597,-88.92466,33.7,24.8,31.4
NS,144070,2022-01-19,5:45 AM,Derailment,0,DECATUR,IL,32,1,Dawn,Cloudy,Yard,Freight Train,7,21850,6040,27890,T110,39.852182,-88.918343,36.1,26.3,12.1
NS,143806,2021-12-20,5:45 PM,Derailment,0,DECATUR,IL,39,3,Dusk,Clear,Yard,Yard/switching,7,5987,9500,15487,T110,39.848098,-88.939068,30,33.1,33.7
NS,140939,2021-03-16,4:45 PM,Derailment,0,DECATUR,IL,45,3,Dusk,Cloudy,Yard,Yard/switching,9,9168,8505,17673,T110,39.858406,-88.898384,38.2,41.1,44.3
NS,133055,2019-03-01,4:40 PM,Derailment,0,DECATUR,IL,32,3,Dusk,Clear,Yard,Yard/switching,6,17909,6130,24039,T110,39.858401,-88.898396,24.2,30.7,32.6
BNSF,PR0117110,2017-01-14,4:30 AM,Derailment,0,DECKER,MT,-6,1,Dawn,Clear,Industry,Freight Train,8,173718,161000,334718,E66C,45.004083,-106.824782,4.9,7.7,13
BNSF,PR0515113,2015-05-22,1:35 PM,Derailment,0,DECKER,MT,58,2,Day,Cloudy,Main,Freight Train,9,301235,579798,1004385,T101,45.028897,-106.818955,50,52.9,50.1
BNSF,PR0515113,2015-05-22,1:35 PM,Derailment,0,DECKER,MT,58,2,Day,Cloudy,Main,Cut of cars,0,123352,0,1004385,T101,45.028897,-106.818955,50,52.9,50.1
PTRA,2016000041,2016-11-19,5:15 AM,Raking collision,0,DEER PARK,TX,50,4,Dark,Cloudy,Siding,Freight Train,4,45000,0,45000,H306,29.720703,-95.122968,69.9,54.9,52.8
PSCG,IT34290,2023-01-24,2:45 PM,Derailment,0,DEER PARK,TX,80,2,Day,Rain,Industry,Cut of cars,0,160000,0,160000,M102,29.4317,-95.0509,50,54.2,46.9
PTRA,2020000003,2020-02-17,7:00 PM,Derailment,0,DEER PARK,TX,65,4,Dark,Cloudy,Industry,Freight Train,8,40000,1500,41500,H702,29.720612,-95.141468,64.5,69.6,72.2
UP,0220HO019,2020-02-17,7:44 AM,Derailment,0,DEER PARK,TX,63,2,Day,Cloudy,Yard,Yard/switching,2,5266,7400,12666,S104,29.683924,-95.038939,64.5,69.6,72.2
PTRA,2018000021,2018-04-16,6:00 PM,Derailment,0,DEER PARK,TX,70,3,Dusk,Clear,Main,Freight Train,5,8000,7000,15000,E46C,29.720776,-95.115726,57.8,63.2,69.9
WATX,201108003,2020-11-08,9:00 PM,Other impacts,0,DEER PARK,TX,72,4,Dark,Clear,Yard,Yard/switching,5,12000,0,12000,H702,29.722482,-95.10318,69.5,71.3,75.6
UP,0324HO007,2024-03-04,8:36 AM,Derailment,0,DEER PARK,TX,67,2,Day,Cloudy,Siding,Freight Train,4,27667,264,27931,H306,29.706629,-95.102665,69.1,73.2,73.8
UP,1218GC084,2018-12-31,1:20 AM,Derailment,0,DEER PARK,TX,53,4,Dark,Fog,Yard,Yard/switching,4,14883,8387,23270,S007,29.707436,-95.105327,47.5,51.4,55.2
PTRA,2015000049,2015-11-09,1:45 PM,Derailment,0,DEER PARK,TX,75,2,Day,Clear,Industry,Freight Train,2,1000,15000,16000,H399,29.748029,-95.092201,62.2,64.1,69
PTRA,2022000011,2022-03-02,5:50 PM,Derailment,0,DEER PARK,TX,70,2,Day,Clear,Industry,Freight Train,7,115000,2500,117500,H303,29.72052,-95.15513,56.2,59,63.7
PTRA,2018000004,2018-01-23,2:45 AM,Derailment,0,DEER PARK,TX,40,4,Dark,Cloudy,Industry,Freight Train,5,3000,8000,11000,T110,29.725314,-95.168137,62.3,52.6,51.6
PTRA,2017000019,2017-06-07,12:30 PM,Derailment,0,DEER PARK,TX,85,2,Day,Clear,Industry,Freight Train,8,32000,9000,41000,T111,29.737256,-95.092396,79.1,82.6,80.3
UP,0415HO039,2015-04-20,5:08 AM,Derailment,0,DEER PARK,TX,60,4,Dark,Clear,Yard,Yard/switching,2,47622,4093,51715,T204,29.686408,-95.038461,72.2,67.2,69.2
PTRA,2016000016,2016-04-23,4:30 PM,Derailment,0,DEER PARK,TX,75,2,Day,Clear,Yard,Yard/switching,3,29000,1500,30500,T311,29.744174,-95.091957,73.2,72.3,69
ATK,169752,2022-02-10,6:45 PM,Obstruction,0,DEERFIELD,IL,30,4,Dark,Clear,Main,Passenger Train - Pulling,0,11450,0,11450,M402,42.147923,-87.838683,37.3,30.5,37.7
NIRC,9419000694,2022-02-10,6:45 PM,Obstruction,0,DEERFIELD,IL,30,4,Dark,Clear,Main,,0,0,0,11450,M402,42.147923,-87.838683,37.3,30.5,37.7
GRS,20141230M1,2014-12-30,1:00 AM,Derailment,0,DEERFIELD,MA,20,4,Dark,Clear,Yard,Yard/switching,5,7940,25000,32940,T110,42.564389,-72.559063,33,22.4,16.9
GRS,20151002M1,2015-10-02,8:05 AM,Derailment,0,DEERFIELD,MA,60,2,Day,Clear,Yard,Freight Train,4,16150,9074,25224,T110,42.563614,-72.560395,54.3,49.9,49.3
GRS,20221120B2,2022-11-20,5:45 AM,Derailment,0,DEERFIELD,MA,26,1,Dawn,Clear,Yard,Freight Train,3,27058,1000,28058,T299,42.563853,-72.560729,29.5,28.3,28.6
SFRV,081418,2018-08-14,3:04 PM,Derailment,0,DEERFIELD BEACH,FL,98,2,Day,Clear,Main,Passenger Train - Pulling,5,20000,42988,62988,H702,26.30472,-80.126313,83.4,84.7,86.2
FEC,X24082418,2018-08-24,8:45 AM,Hwy-rail crossing,0,DEERFIELD BEACH,FL,80,2,Day,Clear,Main,Freight Train,51,7586,12524,20110,M304,26.317934,-80.09074,85.2,85.5,80.4
CSX,000140359,2015-01-19,9:00 AM,Hwy-rail crossing,0,DEERFIELD BEACH,FL,70,2,Day,Clear,Main,,0,0,334,15026,M302,26.290476,-80.130835,69.9,66.9,71.8
BLF,20231544,2023-02-15,3:15 PM,Hwy-rail crossing,0,DEERFIELD BEACH,FL,80,2,Day,Clear,Main,Passenger Train - Pulling,79,16160,0,16571,M308,26.289979,-80.109263,66.8,75.7,77.3
FEC,X30082519,2019-08-25,11:25 AM,Hwy-rail crossing,0,DEERFIELD BEACH,FL,80,2,Day,Clear,Main,,0,0,707,41164,M308,26.161795,-80.065207,83.4,84.7,83.5
FEC,X30101618,2018-10-16,12:04 PM,Hwy-rail crossing,0,DEERFIELD BEACH,FL,93,2,Day,Clear,Main,,0,0,27490,63588,M304,26.271299,-80.114899,84.4,84.5,84.1
BLF,20180311,2018-10-16,12:04 PM,Hwy-rail crossing,0,DEERFIELD BEACH,FL,93,2,Day,Clear,Main,Passenger Train - Pulling,79,36098,0,63588,M304,26.271299,-80.114899,84.4,84.5,84.1
BLF,20190332,2019-08-25,11:25 AM,Hwy-rail crossing,0,DEERFIELD BEACH,FL,80,2,Day,Clear,Main,Passenger Train - Pulling,78,40457,0,41164,M308,26.161795,-80.065207,83.4,84.7,83.5
BLF,20200079,2020-02-24,8:38 AM,Other impacts,0,DEERFIELD BEACH,FL,79,2,Day,Clear,Main,Passenger Train - Pulling,79,11421,0,11421,M402,26.347872,-80.088537,70.7,73.8,77.1
BLF,20180064,2018-03-10,8:05 PM,Hwy-rail crossing,0,DEERFIELD BEACH,FL,75,4,Dark,Rain,Main,Passenger Train - Pulling,77,20812,0,21012,M303,26.304833,-80.105029,61.1,68.2,77.9
FEC,X21042623,2023-04-26,8:05 PM,Hwy-rail crossing,0,DEERFIELD BEACH,FL,78,3,Dusk,Clear,Main,,0,0,35847,47311,M308,26.304844,-80.105038,77.5,77.4,80.1
BLF,20232041,2023-04-26,8:05 PM,Hwy-rail crossing,0,DEERFIELD BEACH,FL,78,3,Dusk,Clear,Main,Passenger Train - Pulling,60,11464,0,47311,M308,26.304844,-80.105038,77.5,77.4,80.1
SFRV,011915,2015-01-19,9:00 AM,Hwy-rail crossing,0,DEERFIELD BEACH,FL,70,2,Day,Clear,Main,Commuter Train - Pushing,40,14692,0,15026,M302,26.290476,-80.130835,69.9,66.9,71.8
SFRV,08192020,2020-08-19,1:28 PM,Fire/violent rupture,0,DEERFIELD BEACH,FL,85,2,Day,Clear,Main,Commuter Train - Pulling,0,500000,0,500000,E74L,26.190225,-80.072497,84.9,82.1,83.3
FEC,X09021523,2023-02-15,3:15 PM,Hwy-rail crossing,0,DEERFIELD BEACH,FL,80,2,Day,Clear,Main,,0,0,411,16571,M308,26.289979,-80.109263,66.8,75.7,77.3
FEC,T10022420,2020-02-24,8:38 AM,Other impacts,0,DEERFIELD BEACH,FL,79,2,Day,Clear,Main,,0,0,0,11421,M402,26.347872,-80.085374,70.7,73.8,77.1
FEC,X10031018,2018-03-10,8:05 PM,Hwy-rail crossing,0,DEERFIELD BEACH,FL,75,4,Dark,Rain,Main,,0,0,200,21012,M303,26.304833,-80.105029,61.1,68.2,77.9
CSX,000205417,2022-06-07,1:05 PM,Derailment,0,DEFIANCE,OH,72,2,Day,Clear,Yard,Yard/switching,5,36349,390,36739,H702,41.279302,-84.308889,72.8,69.4,62.2
CSX,000146138,2015-05-13,8:50 AM,Hwy-rail crossing,0,DEFIANCE,OH,50,2,Day,Clear,Main,Light loco(s),47,37111,0,37111,M304,41.278631,-84.474307,55.2,52.6,53.3
CSX,000184365,2019-07-26,12:11 AM,Obstruction,0,DEFIANCE,OH,64,4,Dark,Clear,Main,Freight Train,57,0,60258,60258,M402,41.279636,-84.341677,70.8,73,75.8
SLWC,180312002,2018-03-12,12:38 AM,Obstruction,0,DEL CITY,OK,45,4,Dark,Clear,Yard,,0,0,5000,39799,H607,35.471935,-97.444346,48.5,41,45.1
BNSF,RD0518118,2018-05-16,10:00 PM,Derailment,0,DEL CITY,OK,75,4,Dark,Clear,Main,Freight Train,10,10000,0,314410,T401,35.498331,-97.184447,70.1,71.9,73.8
UP,0318KC032,2018-03-12,12:38 AM,Derailment,0,DEL CITY,OK,37,4,Dark,Cloudy,Yard,Freight Train,0,0,698,39799,T319,35.471935,-97.444346,48.5,41,45.1
BNSF,RD0318118,2018-03-12,12:38 AM,Derailment,0,DEL CITY,OK,37,4,Dark,Cloudy,Yard,Freight Train,5,34101,0,39799,T319,35.471935,-97.444346,48.5,41,45.1
UP,0223SX020,2023-02-27,4:50 AM,Hwy-rail crossing,0,DEL RIO,TX,61,1,Dawn,Clear,Main,Freight Train,35,25542,99,25641,M302,29.366882,-100.847213,71.6,71.5,71.2
UP,0721SX006,2021-07-07,9:50 AM,Hwy-rail crossing,0,DEL RIO,TX,77,2,Day,Clear,Main,Freight Train,40,3979,185004,188983,M302,29.355845,-100.922439,82.2,84.6,84.8
UP,1018SA013,2018-10-15,7:55 AM,Hwy-rail crossing,0,DEL RIO,TX,62,2,Day,Rain,Main,Freight Train,30,724,88132,88856,M302,29.362813,-100.978318,77.9,48.6,46.5
UP,0918SA007,2018-09-15,2:15 PM,Hwy-rail crossing,0,DEL RIO,TX,84,2,Day,Cloudy,Main,Freight Train,24,45006,48485,93491,M302,29.355836,-100.930517,79.2,76.9,73.9
CFRC,20086,2020-03-26,4:14 PM,Derailment,0,DELAND,FL,82,2,Day,Clear,Main,,0,0,260100,1547440,M507,29.002603,-81.347165,75.1,74.8,77.7
CFRC,24066,2024-03-06,3:12 PM,Derailment,0,DELAND,FL,83,2,Day,Clear,Industry,Spec. MoW Equip.,8,14795,250,15045,H303,28.976684,-81.332173,69.9,73.7,69
ATK,163653,2020-03-26,4:00 PM,Derailment,0,DELAND,FL,82,2,Day,Clear,Main,Passenger Train - Pulling,48,1287340,0,1547440,T109,29.002603,-81.347165,75.1,74.8,77.7
NS,152128,2023-01-27,10:52 AM,Derailment,0,DELAWARE,OH,37,2,Day,Clear,Main,Freight Train,4,1188629,96685,1285314,H503,40.262518,-83.035287,30.7,28.2,37
DL,160602,2016-06-28,4:15 PM,Derailment,0,DELAWARE WATER GAP,PA,71,2,Day,Clear,Yard,Freight Train,5,10000,27545,37545,T312,40.951166,-75.117098,69,70.4,67.1
KCS,17092801,2017-09-28,10:41 AM,Hwy-rail crossing,0,DELHI,LA,77,2,Day,Clear,Main,Freight Train,53,6472,11938,18410,M304,32.4572,-91.49893,78.8,77.4,73.3
KCS,18101001,2018-10-10,1:36 PM,Hwy-rail crossing,0,DELHI,LA,70,2,Day,Cloudy,Main,Freight Train,48,8164,23128,31292,M304,32.44525,-91.41029,78.2,72.8,64.5
UP,0222ES035,2022-02-15,10:35 AM,Obstruction,0,DELIA,KS,52,2,Day,Clear,Main,Spec. MoW Equip.,2,9695,0,31695,H993,39.233229,-95.957052,36.5,48.9,53.7
UP,0222ES035,2022-02-15,10:35 AM,Obstruction,0,DELIA,KS,52,2,Day,Clear,Main,Spec. MoW Equip.,5,22000,0,31695,H993,39.233229,-95.957052,36.5,48.9,53.7