reportingrailroadcode,accidentnumber,date,time,accidenttype,hazmatreleasedcars,station,stateabbr,temperature,visibility_code,visibility,weathercondition,tracktype,equipmenttype,trainspeed,equipmentdamagecost,trackdamagecost,totaldamagecost,primaryaccidentcausecode,latitude,longitude,prior_temp,actual_temp,following_temp
DCR,230617DCR,2023-06-17,10:40 AM,Derailment,0,DELMAR,MD,73,2,Day,Clear,Yard,Freight Train,10,40800,18700,59500,T319,38.445223,-75.581678,72.1,71.9,72.3
CFE,CFE319723O,2023-02-03,7:45 AM,Derailment,0,DELPHOS,OH,14,1,Dawn,Clear,Siding,Cut of cars,3,20000,2965,22965,M504,40.842456,-84.351233,28,16.6,26.8
CFE,CFE335123D,2023-02-19,12:15 AM,Derailment,0,DELPHOS,OH,45,4,Dark,Cloudy,Industry,Freight Train,6,18000,1346,19346,T217,40.841381,-84.346306,32.7,44.5,42.8
KYLE,KYL640923D,2023-12-18,7:55 PM,Derailment,0,DELPHOS,KS,32,4,Dark,Clear,Main,Freight Train,10,10000,15000,25000,E40C,39.269135,-97.769294,39.9,34.5,41.9
KYLE,KYL64320A,2020-12-18,5:30 AM,Other (describe in narrative),0,DELPHOS,KS,35,4,Dark,Clear,Main,Freight Train,5,0,30000,30000,T401,39.26951,-97.769562,35.9,42.5,33
SNJX,1162015,2015-01-16,3:56 PM,Hwy-rail crossing,0,DELRAN,NJ,39,2,Day,Clear,Main,DMU,50,15468,1893,17361,M308,40.033824,-74.968804,31,33.7,24.8
FEC,D73123116,2016-12-31,3:23 AM,Obstruction,0,DELRAY BEACH,FL,70,4,Dark,Clear,Main,Freight Train,52,3673,15564,19237,M402,26.439439,-80.073854,62,65.5,75.7
BLF,20231497,2023-02-08,8:06 PM,Hwy-rail crossing,0,DELRAY BEACH,FL,71,4,Dark,Clear,Main,Passenger Train - Pulling,71,34171,0,50799,M308,26.425325,-80.076109,73.2,75.1,76.6
FEC,X07020823,2023-02-08,8:06 PM,Hwy-rail crossing,0,DELRAY BEACH,FL,71,4,Dark,Clear,Main,,0,0,16628,50799,M308,26.425325,-80.076109,73.2,75.1,76.6
BLF,20210116,2021-11-23,9:56 AM,Hwy-rail crossing,0,DELRAY BEACH,FL,73,2,Day,Clear,Main,Passenger Train - Pulling,79,10955,0,11208,M308,26.461654,-80.070318,73.6,65.4,66.9
FEC,X21112321,2021-11-23,9:56 AM,Hwy-rail crossing,0,DELRAY BEACH,FL,73,2,Day,Clear,Main,,0,0,253,11208,M308,26.461654,-80.070318,73.6,65.4,66.9
IORY,IOR345323D,2023-03-03,8:15 PM,Derailment,0,DELTA,OH,37,4,Dark,Clear,Main,Freight Train,5,40000,7850,47850,E53C,41.570622,-84.032784,40.7,35.5,39.2
UP,1216UT004,2016-12-04,2:15 PM,Derailment,0,DELTA,UT,45,2,Day,Clear,Siding,Freight Train,0,3500,112753,116253,E60C,39.388238,-112.555176,23.8,28.4,31
UP,1019RM030,2019-10-26,2:00 PM,Derailment,0,DELTA,UT,64,2,Day,Clear,Siding,Freight Train,14,2943,136873,139816,E60C,39.339876,-112.59577,41.6,47.1,32.5
UP,0624RM006,2024-06-05,9:45 PM,Derailment,0,DELTA,UT,83,4,Dark,Clear,Industry,Yard/switching,5,223989,0,223989,T299,39.511811,-112.592098,66.3,71.1,78.5
GTW,1115267,2022-08-29,4:30 PM,Obstruction,0,DELTA TOWNSHIP,MI,70,2,Day,,Main,Freight Train,10,0,17000,17000,M402,42.661525,-84.696315,74,73.9,71.2
UP,0616ST009,2016-06-16,9:13 PM,Hwy-rail crossing,0,DEMING,NM,72,4,Dark,Clear,Main,Freight Train,48,8835,47318,56153,M304,32.265727,-107.804308,78.8,79.7,80.9
UP,0415ST023,2015-04-18,1:29 PM,Obstruction,0,DEMING,NM,71,2,Day,Clear,Yard,Spec. MoW Equip.,3,20000,16500,36500,H997,32.278886,-107.70631,51.4,56.7,62.2
SW,SWW082119D,2019-08-21,9:25 AM,Derailment,0,DEMING,NM,85,2,Day,Clear,Yard,Freight Train,10,3211,7860,11071,T110,32.271947,-107.75755,82.5,80.6,78.1
CSX,000149792,2015-07-27,10:01 AM,Hwy-rail crossing,0,DEMOCRAT,KY,80,2,Day,Clear,Main,Freight Train,23,11229,1953,13182,M302,37.22223,-82.856246,75.9,76.5,78
NS,124652,2017-04-09,2:45 PM,Derailment,0,DEMOPOLIS,AL,80,2,Day,Clear,Yard,Freight Train,9,2750,26302,29052,T102,32.498339,-87.887092,54.7,60.8,64.4
NS,124933,2017-05-04,11:45 AM,Derailment,0,DEMOPOLIS,AL,72,2,Day,Clear,Industry,Freight Train,4,12250,0,12250,T210,32.449296,-87.964315,68.5,60.9,54.6
ARR,2024010,2024-01-13,7:30 AM,Derailment,0,DENALI,AK,-10,4,Dark,Clear,Main,Freight Train,26,11163,111163,122326,E71L,62.593399,-150.0323,10.7,9.9,9.9
UP,1018TC015,2018-10-24,6:40 AM,Hwy-rail crossing,0,DENISON,IA,35,1,Dawn,Clear,Main,Freight Train,44,5158,95139,100297,M303,41.999067,-95.381358,40.8,45.7,47.7
UP,0720TO036,2020-07-29,3:45 PM,Derailment,0,DENISON,TX,88,2,Day,Clear,Yard,Yard/switching,3,46557,0,46557,E29C,33.770998,-96.59161,79.7,82.8,84.6
UP,0223TO016,2023-02-11,1:45 AM,Derailment,0,DENISON,TX,34,4,Dark,Cloudy,Main,Freight Train,8,155117,26355,181472,E27C,33.772085,-96.56365,39.7,40.4,47.6
UP,1222TO018,2022-12-12,11:30 PM,Derailment,0,DENISON,TX,56,4,Dark,Rain,Main,Freight Train,29,89228,87538,176766,E39C,33.775452,-96.619039,49.9,53.9,58.7
DGNO,TNE921822,2022-02-22,5:27 PM,Derailment,0,DENISON,TX,42,2,Day,Clear,Yard,Freight Train,10,417033,141547,558580,T220,33.758132,-96.559804,64.7,44.3,23.2
UP,0324TO005,2024-03-04,7:10 AM,Obstruction,0,DENISON,TX,67,2,Day,Cloudy,Main,Freight Train,10,0,28960,28960,M206,33.7717,-96.568,68.4,71.3,61
UP,0921TO009,2021-09-06,6:15 PM,Derailment,0,DENISON,TX,90,3,Dusk,Clear,Yard,Yard/switching,7,11380,8370,19750,E05C,33.769858,-96.603269,81.1,80.2,80.3
UP,1115FW013,2015-11-13,8:00 PM,Derailment,0,DENISON,TX,45,4,Dark,Clear,Yard,Yard/switching,8,20953,87,21040,M507,33.771191,-96.596763,54.7,54.6,54.7
UP,0322GL016,2022-03-10,1:29 PM,Hwy-rail crossing,0,DENISON,IA,23,2,Day,Cloudy,Main,Freight Train,67,1651816,1297959,2949775,M303,42.010553,-95.355366,22,21.3,16.4
BNSF,RD0317115,2017-03-17,6:36 AM,Derailment,0,DENISON,TX,65,1,Dawn,Cloudy,Main,Freight Train,14,11652,800,12452,E4TC,33.780821,-96.520301,58.4,69.3,68.9
DGNO,TNE048122,2022-10-26,7:45 AM,Derailment,0,DENISON,TX,44,1,Dawn,Clear,Yard,Yard/switching,6,10000,42383,52383,T110,33.754408,-96.534238,57,57,59.5
UP,0115FW018,2015-01-16,12:00 PM,Derailment,0,DENISON,TX,57,2,Day,Cloudy,Yard,Work train,9,9554,6485,16039,T108,33.772216,-96.586244,41.6,45,50.6
UP,0116FW023,2016-01-23,12:40 PM,Hwy-rail crossing,0,DENTON,TX,48,2,Day,Clear,Main,Freight Train,43,15188,576,15764,M304,33.138878,-97.175228,37.1,36.2,48.3
UP,1217FW015,2017-12-13,8:25 AM,Hwy-rail crossing,0,DENTON,TX,62,2,Day,Clear,Main,Freight Train,29,489,22501,22990,M303,33.212391,-97.127837,46.4,50.7,45.8
RTDC,131119,2020-02-24,4:59 AM,Side collision,0,DENVER,CO,38,4,Dark,Clear,Yard,EMU,3,250,0,15250,M405,39.78982,-104.99592,35.6,32.2,21.6
DRIR,07211501,2015-07-20,9:00 AM,Other impacts,0,DENVER,CO,72,2,Day,Clear,Yard,Yard/switching,5,30000,0,30000,H399,39.780428,-104.915436,67.5,69.2,67.3
BNSF,PR0516107,2016-05-19,11:55 AM,Derailment,0,DENVER,CO,60,2,Day,Clear,Yard,Yard/switching,4,23169,1200,24369,H312,39.774943,-104.983278,50.8,58.1,64.6
UP,0215DV015,2015-02-19,10:30 AM,Derailment,0,DENVER,CO,50,2,Day,Clear,Yard,Yard/switching,8,44774,200,44974,H702,39.771479,-104.971455,30.2,45.2,39.1
BNSF,PR0215110,2015-02-24,9:30 PM,Derailment,0,DENVER,CO,30,4,Dark,Clear,Yard,Yard/switching,5,31121,11000,42121,H307,39.782671,-104.997538,11.7,25.6,30.5
BNSF,PR0917111,2017-09-18,7:15 AM,Derailment,0,DENVER,CO,65,1,Dawn,Clear,Yard,Yard/switching,4,14118,400,14518,H318,39.769465,-104.990922,58.4,65.4,67.9
UP,0718DV002,2018-07-03,3:43 AM,Derailment,0,DENVER,CO,68,4,Dark,Cloudy,Yard,Yard/switching,8,72169,121642,227472,T220,39.78618,-104.998584,77.4,77.3,75.1
UP,0216DV014,2016-02-19,9:15 PM,Derailment,0,DENVER,CO,45,4,Dark,Clear,Yard,Freight Train,4,12265,71557,83822,H503,39.772291,-104.972184,57.5,48.7,47
BNSF,PR1116105,2016-11-08,6:15 PM,Derailment,0,DENVER,CO,60,3,Dusk,Clear,Yard,Freight Train,8,29294,3600,52379,H525,39.767371,-104.992122,49,47.9,52.4
BNSF,PR1115114,2015-11-30,4:58 PM,Other impacts,0,DENVER,CO,30,2,Day,Snow,Yard,Yard/switching,10,250,18449,18949,H021,39.777057,-104.997219,20.9,22.1,28.3
BNSF,PR0715108,2015-07-21,6:45 PM,Derailment,0,DENVER,CO,85,3,Dusk,Clear,Yard,Yard/switching,5,8510,5000,13510,E25C,39.773521,-104.983628,69.2,67.3,72.2
UP,0723GP009,2023-07-11,12:30 PM,Derailment,0,DENVER,CO,91,2,Day,Clear,Yard,Yard/switching,3,12960,87210,100170,S104,39.770304,-104.974899,74.5,77.6,75.5
UP,0119RM062,2019-01-08,12:35 PM,Other (describe in narrative),0,DENVER,CO,43,2,Day,Clear,Yard,Single Car,0,12790,0,12790,M201,39.79953,-104.999837,38.4,33.7,34.2
BNSF,PR0424110,2024-04-29,7:10 AM,Derailment,0,DENVER,CO,41,1,Dawn,Clear,Yard,Yard/switching,4,15554,3467,19021,H312,39.773068,-104.986675,45.7,52.6,56.4
BNSF,PR0715106,2015-07-16,5:40 AM,Derailment,0,DENVER,CO,60,1,Dawn,Clear,Yard,Light loco(s),3,5000,18000,57900,H306,39.759815,-104.994268,69.2,71.6,74.5
UP,0317DV033,2017-03-20,1:10 PM,Derailment,0,DENVER,CO,80,2,Day,Cloudy,Yard,Yard/switching,4,1809,39863,41672,E39C,39.77545,-104.962736,63,62.5,51.3
BNSF,PR1115114,2015-11-30,4:58 PM,Other impacts,0,DENVER,CO,30,2,Day,Snow,Yard,Freight Train,0,250,0,18949,H021,39.777057,-104.997219,20.9,22.1,28.3
BNSF,PR0119131,2019-01-30,7:46 PM,Fire/violent rupture,0,DENVER,CO,19,4,Dark,Cloudy,Main,,0,0,0,19247,E74L,39.768453,-104.990015,17.2,29.8,34.1
BNSF,PR0423107,2023-04-13,3:38 AM,Derailment,0,DENVER,CO,65,4,Dark,Clear,Yard,Yard/switching,3,1000,27816,28816,H607,39.771398,-104.997551,66.9,64.7,39
UP,1017DV001,2017-10-01,8:20 PM,Derailment,0,DENVER,CO,50,4,Dark,Rain,Yard,Yard/switching,7,4758,47221,51979,E07C,39.784,-104.958166,56.6,56.7,42.7
BNSF,PR0119120,2019-01-22,8:15 PM,Derailment,0,DENVER,CO,23,3,Dusk,Clear,Yard,Yard/switching,4,50600,0,91453,H702,39.775628,-104.981877,40.9,21.9,28.3
BNSF,PR0324107,2024-03-25,7:00 AM,Derailment,0,DENVER,CO,39,1,Dawn,Snow,Main,Light loco(s),7,154,20000,20154,H305,39.766,-104.992295,38.3,21.3,28.9
UP,0215DV017,2015-02-27,2:13 AM,Derailment,0,DENVER,CO,8,4,Dark,Snow,Yard,Light loco(s),7,55647,200,55847,H702,39.770904,-104.973203,12.4,9.3,11.9
RTDC,112499,2019-08-14,9:43 PM,Hwy-rail crossing,0,DENVER,CO,71,4,Dark,Clear,Main,EMU,37,25000,0,25000,M308,39.772035,-104.903477,74.7,73.7,77.9
UP,0717DV005,2017-07-05,6:35 PM,Derailment,0,DENVER,CO,93,2,Day,Clear,Main,,0,0,67239,68239,H994,39.803335,-105.017227,76.1,79.3,79.4
BNSF,PR1116105,2016-11-08,6:15 PM,Derailment,0,DENVER,CO,60,3,Dusk,Clear,Yard,Cut of cars,0,19485,0,52379,H525,39.767371,-104.992122,49,47.9,52.4
BNSF,PR0916109,2016-09-18,1:41 AM,Derailment,0,DENVER,CO,65,4,Dark,Clear,Yard,Yard/switching,3,12700,1500,14200,H312,39.77229,-104.987837,61.5,69.1,71.9
UP,0723GP002,2023-07-03,9:00 AM,Derailment,0,DENVER,CO,70,2,Day,Clear,Yard,Yard/switching,5,477,30130,30607,H306,39.785936,-104.999101,70.6,72.3,67
BNSF,PR1021110,2021-10-18,11:21 PM,Side collision,0,DENVER,CO,48,4,Dark,Clear,Yard,Light loco(s),7,19200,0,59064,H607,39.763572,-104.993317,55.6,59.6,46.6
BNSF,PR0222118,2022-02-21,2:15 PM,Derailment,0,DENVER,CO,29,2,Day,Cloudy,Yard,Yard/switching,4,20667,8350,29017,M203,39.774675,-104.984378,45.6,30,1.9
UP,0618DV004,2018-06-04,3:50 AM,Other impacts,0,DENVER,CO,58,4,Dark,Clear,Yard,Yard/switching,0,49040,0,52413,H318,39.76984,-104.976857,64.4,72.9,78.7
RTDC,245230,2023-03-30,2:29 AM,Other (describe in narrative),0,DENVER,CO,21,4,Dark,Clear,Main,EMU,15,0,22544,22544,H605,39.783406,-104.996813,34.7,44.5,40.5
BNSF,PR1117108,2017-11-12,8:00 AM,Side collision,0,DENVER,CO,40,1,Dawn,Clear,Yard,Light loco(s),0,15300,0,56100,H307,39.765969,-104.99239,42.2,41.4,52.8
BNSF,PR0616106,2016-06-13,4:00 PM,Derailment,0,DENVER,CO,80,2,Day,Rain,Industry,Light loco(s),7,5000,5725,10725,H607,39.798386,-104.997574,69.9,62.2,65.5
BNSF,PR0915109,2015-09-18,12:30 AM,Other (describe in narrative),0,DENVER,CO,65,4,Dark,Clear,Yard,Yard/switching,4,11588,0,11588,H318,39.775555,-104.981191,65.5,58.8,62.2
BNSF,PR1117108,2017-11-12,8:00 AM,Side collision,0,DENVER,CO,40,1,Dawn,Clear,Yard,Light loco(s),6,40800,0,56100,H307,39.765969,-104.99239,42.2,41.4,52.8
BNSF,PR0119120,2019-01-22,8:15 PM,Derailment,0,DENVER,CO,23,3,Dusk,Clear,Yard,Cut of cars,0,40853,0,91453,H702,39.775628,-104.981877,40.9,21.9,28.3
UP,0415DV005,2015-04-15,4:46 AM,Derailment,0,DENVER,CO,40,4,Dark,Clear,Yard,Yard/switching,4,13632,348,13980,M409,39.766413,-104.997707,57.7,51.6,33.2
UP,1017DV010,2017-10-10,10:30 AM,Derailment,0,DENVER,CO,50,2,Day,Clear,Yard,Yard/switching,4,6883,4584,11467,E07C,39.785699,-104.998485,31.9,39.9,52.3
BNSF,PR0617110,2017-06-13,11:45 PM,Derailment,0,DENVER,CO,65,4,Dark,Clear,Yard,Yard/switching,0,7034,0,15868,H309,39.768357,-104.991527,73.6,65.7,69.5
UP,1121GP005,2021-11-03,5:45 PM,Other impacts,0,DENVER,CO,58,2,Day,Clear,Main,Light loco(s),8,14176,300,14576,H302,39.771049,-104.894157,37.4,44.6,49.7
BNSF,PR0915112,2015-09-23,5:10 PM,Raking collision,0,DENVER,CO,85,2,Day,Clear,Yard,Yard/switching,5,14497,250,16947,H306,39.775888,-104.980917,67.1,66.6,66.6
UP,0823GP052,2023-08-21,12:00 PM,Other impacts,0,DENVER,CO,91,2,Day,Clear,Yard,Single Car,0,30878,0,30878,H312,39.781064,-104.997859,75.5,82.3,82.1
BNSF,PR0915112,2015-09-23,5:10 PM,Raking collision,0,DENVER,CO,85,2,Day,Clear,Yard,Light loco(s),5,2200,0,16947,H306,39.775888,-104.980917,67.1,66.6,66.6
UP,0518DV021,2018-05-27,4:00 AM,Derailment,0,DENVER,CO,73,4,Dark,Clear,Yard,Light loco(s),0,55375,0,215748,H524,39.793133,-104.998014,74.5,72,58.7
BNSF,PR0624110,2024-06-28,11:03 AM,Derailment,0,DENVER,CO,85,2,Day,Clear,Yard,Freight Train,4,13984,8549,22533,H307,39.755735,-105.003186,76.3,78.1,69
BNSF,PR0916116,2016-09-30,1:00 PM,Derailment,0,DENVER,CO,73,2,Day,Clear,Yard,Freight Train,8,3253,26000,29253,M401,39.771806,-104.989171,66,62.8,62.8
BNSF,PR0118109,2018-01-15,3:51 PM,Derailment,0,DENVER,CO,25,2,Day,Cloudy,Yard,Yard/switching,5,37439,5000,42439,T211,39.775503,-104.983475,36,17.1,16.9
BNSF,PR0824105,2024-08-18,10:31 PM,Derailment,0,DENVER,CO,72,4,Dark,Clear,Yard,Freight Train,5,13600,5862,19462,H307,39.764067,-104.992905,81.1,77.9,74.1
UP,0719GP024,2019-07-21,12:00 PM,Other impacts,0,DENVER,CO,78,2,Day,Clear,Yard,Single Car,0,34989,0,34989,H318,39.786038,-104.998437,75,71.3,69.8
BNSF,PR0917106,2017-09-12,3:36 AM,Derailment,0,DENVER,CO,65,4,Dark,Clear,Yard,Yard/switching,5,12187,300,12487,H312,39.768807,-104.99155,71.8,72.7,74
BNSF,PR0222108,2022-02-12,7:22 AM,Derailment,0,DENVER,CO,16,1,Dawn,Cloudy,Yard,Freight Train,4,170343,148350,318693,H505,39.762362,-104.996187,31.8,25.1,38.3
UP,0719GP024,2019-07-21,12:00 PM,Other impacts,0,DENVER,CO,78,2,Day,Clear,Yard,Yard/switching,4,0,0,34989,H318,39.786038,-104.998437,75,71.3,69.8
UP,0518DV021,2018-05-27,4:00 AM,Derailment,0,DENVER,CO,73,4,Dark,Clear,Yard,Yard/switching,5,105728,54645,215748,H524,39.793133,-104.998014,74.5,72,58.7
UP,0718DV002,2018-07-03,3:43 AM,Derailment,0,DENVER,CO,68,4,Dark,Cloudy,Yard,Cut of cars,0,33661,0,227472,T220,39.78618,-104.998584,77.4,77.3,75.1
UP,0823GP038,2023-08-27,3:50 AM,Derailment,0,DENVER,CO,62,4,Dark,Clear,Yard,Light loco(s),5,8562,6096,14658,H307,39.78554,-104.998921,65.8,68.8,64.5
BNSF,PR0617110,2017-06-13,11:45 PM,Derailment,0,DENVER,CO,65,4,Dark,Clear,Yard,Yard/switching,4,7034,1800,15868,H309,39.768357,-104.991527,73.6,65.7,69.5
UP,0224GP016,2024-02-12,7:00 AM,Derailment,0,DENVER,CO,27,2,Day,Clear,Yard,Yard/switching,4,34426,0,34426,H318,39.768823,-104.863226,25.5,34.9,39.9
UP,0618DV004,2018-06-04,3:50 AM,Other impacts,0,DENVER,CO,58,4,Dark,Clear,Yard,Yard/switching,7,958,2415,52413,H318,39.76984,-104.976857,64.4,72.9,78.7
UP,1118DV009,2018-11-22,9:35 PM,Derailment,0,DENVER,CO,46,4,Dark,Clear,Yard,Yard/switching,2,5798,134934,140732,H524,39.775188,-104.961549,42.4,45.1,42.7
BNSF,PR0524114,2024-05-25,10:55 AM,Other (describe in narrative),0,DENVER,CO,60,2,Day,Clear,Yard,Yard/switching,6,0,22600,22600,H018,39.771896,-104.99739,55.8,59,60.9
UP,0216DV019,2016-02-29,6:30 PM,Derailment,0,DENVER,CO,45,4,Dark,Clear,Yard,Yard/switching,4,14921,52873,67794,H702,39.762804,-104.986365,49.1,46.9,40.8
BNSF,PR0119103,2019-01-02,8:45 PM,Derailment,0,DENVER,CO,24,3,Dusk,Clear,Yard,Yard/switching,6,64520,5000,69520,H503,39.76233,-104.995541,4.3,21.8,34.4
BNSF,PR0319104,2019-03-14,2:45 AM,Derailment,0,DENVER,CO,16,4,Dark,Snow,Yard,Light loco(s),4,5000,6500,11500,M101,39.762693,-104.994213,32.7,26.5,27.5
UP,1223GP028,2023-12-31,3:09 AM,Derailment,0,DENVER,CO,30,4,Dark,Clear,Yard,Yard/switching,5,200,15840,16040,H306,39.775245,-104.965905,38.3,31.5,36
RTDC,269263,2023-12-10,2:36 PM,Obstruction,0,DENVER,CO,36,2,Day,Clear,Yard,EMU,3,26000,50000,76000,H607,39.786697,-104.99619,25.9,37.7,40.4
BNSF,PR1223107,2023-12-10,8:53 PM,Derailment,0,DENVER,CO,38,3,Dusk,Clear,Yard,Light loco(s),5,250,17493,17743,H307,39.764462,-104.992767,25.9,37.7,40.4
RTDZ,A111182023,2023-11-18,2:25 AM,Side collision,0,DENVER,CO,36,4,Dark,Clear,Main,EMU,35,1000,1000,2000,M304,39.73686,-105.000261,46.3,45.1,44
UP,1121GP005,2021-11-03,5:45 PM,Other impacts,0,DENVER,CO,58,2,Day,Clear,Main,Single Car,0,100,0,14576,H302,39.771049,-104.894157,37.4,44.6,49.7
BNSF,PR0123115,2023-01-27,3:15 AM,Derailment,0,DENVER,CO,45,4,Dark,Clear,Yard,Light loco(s),6,19000,4980,23980,H307,39.76376,-104.993048,26.4,33.6,21.2
BNSF,PR1123109,2023-11-21,1:36 AM,Other (describe in narrative),0,DENVER,CO,30,4,Dark,Clear,Yard,Yard/switching,4,12388,0,12388,H302,39.768756,-104.991322,39.2,39.3,50.1
BNSF,PR0223112,2023-02-25,3:10 PM,Derailment,0,DENVER,CO,52,2,Day,Clear,Yard,Freight Train,5,33875,17737,51612,M405,39.768007,-104.991825,17.3,40.4,46.7
BNSF,PR0422113,2022-04-28,10:30 AM,Derailment,0,DENVER,CO,59,2,Day,Clear,Yard,Freight Train,4,7177,6000,13177,T220,39.77601,-104.981085,57.3,61.8,53.6
BNSF,PR0722105,2022-07-14,7:34 AM,Derailment,0,DENVER,CO,76,1,Dawn,Clear,Yard,Freight Train,6,20145,3500,23645,H525,39.762188,-104.995325,79.5,79.6,78.2
UP,0420GP010,2020-04-08,7:18 PM,Derailment,0,DENVER,CO,69,3,Dusk,Clear,Yard,Yard/switching,9,28367,62467,90834,H019,39.797369,-104.998276,57.8,54.3,45.4
BNSF,PR0322103,2022-03-06,3:00 AM,Derailment,0,DENVER,CO,8,4,Dark,Cloudy,Yard,Light loco(s),3,37300,4393,41693,H307,39.762841,-104.993991,29.1,18.8,18.2
BNSF,PR0722101,2022-07-04,4:08 AM,Derailment,0,DENVER,CO,70,1,Dawn,Clear,Yard,Yard/switching,4,16000,1800,17800,H703,39.775636,-104.981031,75,78.2,73.4
BNSF,PR1021110,2021-10-18,11:21 PM,Side collision,0,DENVER,CO,48,4,Dark,Clear,Yard,Freight Train,4,39864,0,59064,H607,39.763572,-104.993317,55.6,59.6,46.6
UP,0620GP016,2020-06-18,6:26 AM,Derailment,0,DENVER,CO,54,1,Dawn,Clear,Yard,Light loco(s),2,18870,132,19002,T221,39.787388,-104.999236,76.3,60.5,58.8
UP,0920GP014,2020-09-16,2:16 PM,Obstruction,0,DENVER,CO,73,2,Day,Clear,Yard,Freight Train,8,318,41740,42058,M404,39.793819,-104.999065,71.1,63,67.7
UP,0521GP023,2021-05-25,2:40 AM,Other impacts,0,DENVER,CO,55,4,Dark,Clear,Yard,Single Car,1,26599,0,33997,H018,39.788168,-104.998484,57.8,61.4,65.3
BNSF,PR0920108,2020-09-17,3:15 PM,Derailment,0,DENVER,CO,85,2,Day,Clear,Yard,Yard/switching,1,20359,1400,21759,H523,39.762436,-104.995006,63,67.7,67.8
UP,0321GP007,2021-03-06,5:45 AM,Derailment,0,DENVER,CO,30,1,Dawn,Clear,Yard,Light loco(s),3,12843,1456,14299,H703,39.798312,-104.998511,41.3,49,53.5
UP,0420GP031,2020-04-28,5:13 PM,Derailment,0,DENVER,CO,76,2,Day,Clear,Yard,Yard/switching,5,9577,1424,11001,M409,39.796686,-104.99807,61,59.5,54.5
UP,0421GP040,2021-04-26,9:00 PM,Derailment,0,DENVER,CO,63,4,Dark,Clear,Yard,Yard/switching,5,632,23128,23760,H307,39.801233,-105.001345,60.9,63.1,48.6
BNSF,PR0222115,2022-02-18,5:30 PM,Side collision,0,DENVER,CO,27,3,Dusk,Clear,Yard,Yard/switching,4,11705,0,73251,H307,39.764033,-104.993076,20.2,32.9,40.9
RTDC,131827,2020-03-04,11:37 AM,Raking collision,0,DENVER,CO,60,2,Day,Clear,Main,EMU,40,15000,135,15135,M404,39.771876,-104.902321,42.4,47,39.2
UP,1121GP032,2021-11-17,7:08 PM,Derailment,0,DENVER,CO,32,3,Dusk,Clear,Yard,Yard/switching,7,72355,396575,468930,H306,39.795507,-104.998901,58.3,28.5,33.7
BNSF,PR0520113,2020-05-21,6:00 PM,Derailment,0,DENVER,CO,80,3,Dusk,Cloudy,Yard,Yard/switching,5,31809,30000,61809,H601,39.770705,-104.989427,72,60.2,65.8
BNSF,PR0722109,2022-07-22,10:45 AM,Derailment,0,DENVER,CO,96,2,Day,Clear,Yard,Yard/switching,4,6984,321000,327984,H312,39.768625,-104.991588,79,80.6,78.6
BNSF,PR0222115,2022-02-18,5:30 PM,Side collision,0,DENVER,CO,27,3,Dusk,Clear,Yard,Freight Train,10,20046,41500,73251,H307,39.764033,-104.993076,20.2,32.9,40.9
UP,0521GP023,2021-05-25,2:40 AM,Other impacts,0,DENVER,CO,55,4,Dark,Clear,Yard,Yard/switching,4,7332,66,33997,H018,39.788168,-104.998484,57.8,61.4,65.3
BNSF,PR1122110,2022-11-27,7:01 PM,Derailment,0,DENVER,CO,45,3,Dusk,Clear,Yard,Yard/switching,3,21393,21500,42893,E30C,39.769248,-104.990273,42.2,37.2,40.5
UP,0419GP037,2019-04-16,11:14 AM,Derailment,0,DENVER,CO,46,2,Day,Cloudy,Yard,Yard/switching,4,3668,37381,41049,H315,39.787458,-104.998582,57.5,50.8,50.3
ATK,158679,2019-01-30,7:46 PM,Fire/violent rupture,0,DENVER,CO,19,4,Dark,Cloudy,Main,Passenger Train - Pulling,9,19247,0,19247,E74L,39.768453,-104.990015,17.2,29.8,34.1
BNSF,PR0719105,2019-07-08,11:30 AM,Side collision,0,DENVER,CO,80,2,Day,Clear,Yard,Freight Train,0,108480,0,110523,H702,39.775752,-104.980868,71.7,70.5,72.7
BNSF,PR0719105,2019-07-08,11:30 AM,Side collision,0,DENVER,CO,80,2,Day,Clear,Yard,Yard/switching,3,2043,0,110523,H702,39.775752,-104.980868,71.7,70.5,72.7
RTDC,30066,2016-12-03,5:53 PM,Derailment,0,DENVER,CO,31,4,Dark,Clear,Yard,EMU,3,26755,200,26955,H607,39.794911,-104.999134,25.4,27.3,34
BNSF,PR0717118,2017-07-05,6:35 PM,Derailment,0,DENVER,CO,75,3,Dusk,Clear,Main,Freight Train,8,1000,0,68239,H994,39.803335,-105.017227,76.1,79.3,79.4
BNSF,PR0417103,2017-04-06,7:24 PM,Derailment,0,DENVER,CO,54,3,Dusk,Cloudy,Yard,,0,0,8207,52895,H307,39.763887,-104.99286,38,48.6,61.1
RTDC,14582,2016-07-03,3:39 PM,Other impacts,0,DENVER,CO,87,2,Day,Clear,Yard,EMU,3,20515,0,20515,H509,39.789985,-104.995987,66,70.6,75.4
BNSF,PR0817106,2017-08-06,3:49 PM,Derailment,0,DENVER,CO,77,2,Day,Cloudy,Yard,Yard/switching,4,2123,0,18685,H318,39.775915,-104.981068,68,62.9,59.4
BNSF,PR0817106,2017-08-06,3:49 PM,Derailment,0,DENVER,CO,77,2,Day,Cloudy,Yard,Yard/switching,4,13262,3300,18685,H318,39.775915,-104.981068,68,62.9,59.4