reportingrailroadcode,accidentnumber,date,time,accidenttype,hazmatreleasedcars,station,stateabbr,temperature,visibility_code,visibility,weathercondition,tracktype,equipmenttype,trainspeed,equipmentdamagecost,trackdamagecost,totaldamagecost,primaryaccidentcausecode,latitude,longitude,prior_temp,actual_temp,following_temp
RTDC,16865,2016-07-25,10:43 PM,Derailment,0,DENVER,CO,57,4,Dark,Clear,Yard,EMU,14,25841,1000,26841,H607,39.789985,-104.995987,76.1,75.3,79
UP,0317DV004,2017-03-05,6:35 PM,Derailment,0,DENVER,CO,56,4,Dark,Clear,Yard,Yard/switching,4,17840,99983,117823,M201,39.795262,-104.998067,50.4,54.2,36.7
UP,0517DV024,2017-05-25,5:00 AM,Derailment,0,DENVER,CO,60,4,Dark,Clear,Yard,Yard/switching,9,17099,5980,23079,M204,39.78689,-104.99872,62.8,63.6,56.2
ATK,146968,2017-04-06,7:24 PM,Derailment,0,DENVER,CO,59,3,Dusk,Cloudy,Yard,Passenger Train - Pulling,5,44688,0,52895,H702,39.759021,-104.992486,38,48.6,61.1
UP,0616DV010,2016-06-16,12:38 AM,Side collision,0,DENVER,CO,60,4,Dark,Clear,Yard,Light loco(s),0,25418,0,36267,H302,39.80385,-104.962583,71.5,74.7,72.9
BNSF,PR0716102,2016-07-08,9:30 AM,Other impacts,0,DENVER,CO,80,2,Day,Clear,Yard,Freight Train,0,140315,0,152952,H607,39.779313,-104.976035,74.2,74.3,79.1
UP,0416DV001,2016-04-01,1:00 AM,Derailment,0,DENVER,CO,30,4,Dark,Cloudy,Yard,Freight Train,7,12712,3644,16356,S103,39.771368,-104.973377,31.6,35.4,47.4
BNSF,PR0418113,2018-04-19,6:05 PM,Derailment,0,DENVER,CO,53,3,Dusk,Clear,Yard,Yard/switching,8,11015,5000,16015,H503,39.768449,-104.991831,41.5,48.8,45.6
BNSF,PR0716102,2016-07-08,9:30 AM,Other impacts,0,DENVER,CO,80,2,Day,Clear,Yard,Yard/switching,9,12000,637,152952,H607,39.779313,-104.976035,74.2,74.3,79.1
UP,0318DV003,2018-03-04,10:30 AM,Other impacts,0,DENVER,CO,60,2,Day,Clear,Yard,Yard/switching,3,26108,4792,214825,H318,39.773791,-104.970344,54.6,50.1,31.8
BNSF,PR0816110,2016-08-15,8:30 PM,Derailment,0,DENVER,CO,85,3,Dusk,Clear,Yard,Yard/switching,10,11219,2080,13299,H703,39.784291,-104.98013,73.4,74.9,71.4
DRIR,03282002,2020-03-28,9:15 AM,Derailment,0,DENVER,CO,35,2,Day,Clear,Yard,,0,0,30000,62212,H503,39.782076,-104.97395,35.5,36.7,40.1
UP,0318DV003,2018-03-04,10:30 AM,Other impacts,0,DENVER,CO,60,2,Day,Clear,Yard,Yard/switching,0,183925,0,214825,H318,39.773791,-104.970344,54.6,50.1,31.8
RTDC,2015001,2015-07-16,4:25 AM,Derailment,0,DENVER,CO,65,1,Dawn,Clear,Main,,0,0,34900,57900,H306,39.758937,-104.994749,69.2,71.6,74.5
UP,0315DV030,2015-03-23,12:00 AM,Derailment,0,DENVER,CO,50,4,Dark,Clear,Yard,Light loco(s),1,87680,1190,88870,T111,39.788851,-104.954164,55.1,53.1,49.5
UP,0315DV023,2015-03-25,6:30 PM,Derailment,0,DENVER,CO,39,3,Dusk,Clear,Yard,Freight Train,4,10030,31062,41092,T110,39.768382,-104.85856,49.5,37.1,44.6
BNSF,PR0320115,2020-03-28,9:15 AM,Derailment,0,DENVER,CO,42,2,Day,Clear,Yard,Yard/switching,9,32212,0,62212,T205,39.782076,-104.97395,35.5,36.7,40.1
RTDC,165238,2021-02-03,10:42 AM,Other impacts,0,DENVER,CO,60,2,Day,Clear,Main,EMU,48,0,11648,11648,T404,39.771845,-104.901809,46.1,46.2,29.5
BNSF,PR1021118,2021-10-26,8:21 PM,Derailment,0,DENVER,CO,45,3,Dusk,Clear,Yard,Yard/switching,4,66184,790,66974,T206,39.768829,-104.99143,58.1,57,43.6
BNSF,PR1216115,2016-12-24,2:50 AM,Derailment,0,DENVER,CO,38,4,Dark,Clear,Yard,Yard/switching,5,13412,5500,18912,T110,39.76851,-104.99047,38.1,42.9,36.1
BNSF,PR1219106,2019-12-12,7:30 PM,Derailment,0,DENVER,CO,24,3,Dusk,Cloudy,Yard,Yard/switching,4,4509,9300,13809,T319,39.783373,-104.997718,37.5,40.3,37.1
UP,1220ME019,2020-12-29,8:21 AM,Derailment,0,DENVER,CO,24,2,Day,Cloudy,Yard,Light loco(s),5,14343,3292,17635,T314,39.785117,-104.998809,27.7,26,26.6
BNSF,PR0620106,2020-06-13,11:30 PM,Derailment,0,DENVER,CO,60,4,Dark,Clear,Yard,Freight Train,1,34179,30000,64179,T111,39.766456,-104.992441,73.2,72.2,77
BNSF,PR0222114,2022-02-18,4:35 AM,Derailment,0,DENVER,CO,15,1,Dawn,Snow,Yard,Yard/switching,3,21002,9200,30202,T113,39.774799,-104.982132,20.2,32.9,40.9
BNSF,PR0816112,2016-08-18,5:50 PM,Derailment,0,DENVER,CO,76,3,Dusk,Clear,Yard,Light loco(s),8,15000,650,15650,T399,39.779304,-104.976061,73.4,69.9,60.6
BNSF,PR1114110,2014-11-11,5:00 PM,Derailment,0,DENVER,CO,10,3,Dusk,Snow,Yard,Yard/switching,10,8733,6000,14733,T316,39.766012,-104.992275,34.2,11.3,0.4
BNSF,PR0819111,2019-08-27,7:00 AM,Derailment,0,DENVER,CO,65,1,Dawn,Clear,Yard,Yard/switching,7,5619,35000,40619,T101,39.769082,-104.989572,70.1,65.7,72.6
BNSF,PR0720102,2020-07-09,9:30 AM,Derailment,0,DENVER,CO,74,2,Day,Clear,Yard,Freight Train,0,0,35000,690955,T202,39.77304,-104.987819,79.2,77.5,80.5
RTDC,131053,2020-02-22,10:41 AM,Raking collision,0,DENVER,CO,43,2,Day,Clear,Main,EMU,14,15000,200,15200,T403,39.767531,-104.787623,34,42.3,35.6
RTDC,161792,2020-12-10,3:35 AM,Other impacts,0,DENVER,CO,37,4,Dark,Cloudy,Main,EMU,10,37709,7459,45168,T404,39.752651,-105.001686,44.9,33.8,23.1
UP,1216DV016,2016-12-23,12:45 AM,Derailment,0,DENVER,CO,29,4,Dark,Clear,Yard,Light loco(s),4,17378,2190,19568,T113,39.784046,-104.997879,31,38.1,42.9
UP,0422GP012,2022-04-15,3:00 AM,Derailment,0,DENVER,CO,46,4,Dark,Cloudy,Yard,Freight Train,6,954,100182,101136,T207,39.774039,-104.866719,40.1,48.7,41.3
NJTR,202008289,2020-08-20,8:11 PM,Hwy-rail crossing,0,DENVILLE,NJ,78,4,Dark,Clear,Main,Commuter Train - Pulling,45,2112,29929,32041,M303,40.875581,-74.482078,69,68.3,73.1
NJTR,202106241,2021-06-05,12:08 PM,Other (describe in narrative),0,DENVILLE,NJ,90,2,Day,Clear,Main,Commuter Train - Pulling,55,16538,0,16538,M199,40.884241,-74.542749,70,76.9,80.8
NJTR,201805224,2018-05-06,9:17 PM,Other (describe in narrative),0,DENVILLE,NJ,60,4,Dark,Cloudy,Main,Commuter Train - Pulling,50,12698,1264,13962,T404,40.879747,-74.52408,67.5,59.5,60.9
NJTR,202206236,2022-05-22,5:05 PM,Other (describe in narrative),0,DENVILLE,NJ,93,2,Day,Clear,Main,Commuter Train - Pulling,50,13279,0,13279,T404,40.883783,-74.483664,77.6,79.4,68.3
NS,124554,2017-04-01,3:53 AM,Rear end collision,0,DEPAUW,IN,42,4,Dark,Cloudy,Main,Freight Train,11,30,7943,67973,H222,38.336355,-86.243072,53.6,47.7,55.2
NS,124554,2017-04-01,3:53 AM,Rear end collision,0,DEPAUW,IN,42,4,Dark,Cloudy,Main,Freight Train,0,60000,0,67973,H222,38.336355,-86.243072,53.6,47.7,55.2
NS,137947,2020-05-14,2:25 AM,Derailment,0,DEPEW,NY,40,4,Dark,Clear,Yard,Yard/switching,4,8901,4000,12901,H506,42.904361,-78.725306,42.7,53.3,60.7
NYSW,180808CY01,2018-08-09,2:01 AM,Derailment,0,DEPOSIT,NY,72,4,Dark,Rain,Main,Freight Train,24,2799195,171490,2970685,T002,42.008519,-75.395243,71,71.3,69
BNSF,MT0223106,2023-02-24,3:36 AM,Derailment,0,DES LACS,ND,-24,4,Dark,Clear,Main,Freight Train,48,807826,243814,1051640,H019,48.248124,-101.494031,-10.3,-11.2,2.8
BNSF,MT0522101,2022-05-01,12:06 AM,Derailment,0,DES LACS,ND,38,4,Dark,Cloudy,Main,Freight Train,55,1000000,280000,1280000,T002,48.2478,-101.471088,44,44.8,40.9
IAIS,202329,2023-07-06,11:30 AM,Derailment,0,DES MOINES,IA,75,2,Day,Clear,Yard,,0,0,68785,137570,E07C,41.585291,-93.54287,73.7,67.8,62.6
UP,0915TC005,2015-09-05,3:45 PM,Derailment,0,DES MOINES,IA,90,2,Day,Cloudy,Yard,Freight Train,8,33983,2775,36758,T221,41.630135,-93.593645,80.7,81.8,82.5
UP,0920GL007,2020-09-11,2:15 AM,Derailment,0,DES MOINES,IA,54,4,Dark,Cloudy,Main,Yard/switching,10,1759,41074,42833,E89C,41.586697,-93.548048,50.8,56.3,61.1
IAIS,2020022,2020-07-16,10:45 AM,Hwy-rail crossing,0,DES MOINES,IA,75,2,Day,Clear,Main,Freight Train,23,20000,0,20000,M302,41.572601,-93.66547,69.8,72.8,80.3
UP,0315TC011,2015-03-31,6:32 AM,Derailment,0,DES MOINES,IA,45,1,Dawn,Clear,Yard,Freight Train,5,25788,5687,31475,H704,41.618299,-93.582751,55.6,60.1,66.8
NS,132740,2019-02-04,8:10 PM,Derailment,0,DES MOINES,IA,17,4,Dark,Clear,Yard,,0,0,11819,57437,H702,40.374415,-86.831992,46.4,24.5,14
UP,0620GL004,2020-06-07,8:00 AM,Derailment,0,DES MOINES,IA,72,2,Day,Clear,Yard,Freight Train,2,10601,31371,41972,H702,41.589068,-93.568263,78,80,81.4
UP,0219GL065,2019-02-25,2:45 AM,Derailment,0,DES MOINES,IA,1,4,Dark,Cloudy,Yard,Light loco(s),3,18870,233,19103,M101,41.588834,-93.570943,14.4,5.7,12.2
UP,0219GL004,2019-02-04,8:10 PM,Derailment,0,DES MOINES,IA,16,4,Dark,Clear,Yard,Yard/switching,4,16810,0,57437,H702,41.587092,-93.591108,46.4,24.5,14
UP,1217TC001,2017-12-01,6:28 AM,Derailment,0,DES MOINES,IA,30,4,Dark,Cloudy,Yard,Cut of cars,0,6681,0,14464,H312,41.589212,-93.561988,43.2,41.1,42.4
UP,1217TC001,2017-12-01,6:28 AM,Derailment,0,DES MOINES,IA,30,4,Dark,Cloudy,Yard,Yard/switching,4,431,7352,14464,H312,41.589212,-93.561988,43.2,41.1,42.4
UP,0316TC007,2016-03-11,6:05 PM,Derailment,0,DES MOINES,IA,61,3,Dusk,Cloudy,Yard,Yard/switching,7,278,21995,22273,E99C,41.590253,-93.578022,48.2,52.8,49.7
UP,0723GL007,2023-07-06,11:30 AM,Derailment,0,DES MOINES,IA,70,2,Day,Clear,Yard,Yard/switching,10,15791,68875,84666,E07C,41.585291,-93.54287,73.7,67.8,62.6
UP,0623GL014,2023-06-14,7:45 PM,Obstruction,0,DES MOINES,IA,87,3,Dusk,Clear,Yard,Yard/switching,1,0,48800,48800,M402,41.590358,-93.572249,71.9,75.7,76.4
UP,0724GL005,2024-07-06,5:24 AM,Other impacts,0,DES MOINES,IA,61,1,Dawn,Clear,Yard,Yard/switching,5,12864,0,20721,H318,41.589444,-93.570348,69.8,73.4,73.4
UP,0618TC005,2018-06-04,11:30 PM,Derailment,0,DES MOINES,IA,66,4,Dark,Clear,Yard,Freight Train,5,26473,34566,61039,H702,41.622666,-93.583035,70.9,69.7,76.1
UP,0222GL014,2022-02-16,7:02 AM,Other impacts,0,DES MOINES,IA,46,2,Day,Cloudy,Yard,Yard/switching,4,9999,0,72627,H318,41.58919,-93.569015,35.1,37.6,16
UP,0124GL025,2024-01-16,3:37 PM,Other impacts,0,DES MOINES,IA,2,2,Day,Cloudy,Yard,Yard/switching,5,1701,0,1801,M599,41.588827,-93.559448,-7.2,-1.7,13.4
UP,0123GL039,2023-01-22,1:30 PM,Other (describe in narrative),0,DES MOINES,IA,23,2,Day,Cloudy,Yard,Yard/switching,4,109857,0,109857,E21C,41.589518,-93.566562,29,21.5,20.9
UP,0124GL025,2024-01-16,3:37 PM,Other impacts,0,DES MOINES,IA,2,2,Day,Cloudy,Yard,Single Car,5,100,0,1801,M599,41.588827,-93.559448,-7.2,-1.7,13.4
UP,0222GL014,2022-02-16,7:02 AM,Other impacts,0,DES MOINES,IA,46,2,Day,Cloudy,Yard,Yard/switching,3,62595,33,72627,H318,41.58919,-93.569015,35.1,37.6,16
UP,0618TC003,2018-06-01,10:35 PM,Derailment,0,DES MOINES,IA,81,4,Dark,Cloudy,Yard,Yard/switching,6,33380,10288,43668,E64C,41.58968,-93.57182,79.3,81.6,73.4
UP,0724GL005,2024-07-06,5:24 AM,Other impacts,0,DES MOINES,IA,61,1,Dawn,Clear,Yard,Single Car,3,7857,0,20721,H318,41.589444,-93.570348,69.8,73.4,73.4
IAIS,202329,2023-07-06,11:30 AM,Derailment,0,DES MOINES,IA,75,2,Day,Clear,Yard,,0,0,68785,137570,E07C,41.585291,-93.54287,73.7,67.8,62.6
UP,0719GL044,2019-07-30,6:10 PM,Derailment,0,DES MOINES,IA,75,3,Dusk,Cloudy,Yard,Freight Train,7,47876,96246,169609,M405,41.609528,-93.583164,74.8,69.9,67.2
UP,0719GL044,2019-07-30,6:10 PM,Derailment,0,DES MOINES,IA,75,3,Dusk,Cloudy,Yard,Cut of cars,0,25487,0,169609,M405,41.609528,-93.583164,74.8,69.9,67.2
UP,0419GL027,2019-04-15,3:00 AM,Derailment,0,DES MOINES,IA,30,4,Dark,Cloudy,Yard,Yard/switching,4,5848,5266,11114,E69C,41.590136,-93.57435,41,54.3,64
UP,0322GL001,2022-03-01,12:30 AM,Derailment,0,DES MOINES,IA,46,4,Dark,Cloudy,Yard,Yard/switching,10,659,92800,93459,T221,41.589572,-93.562562,44.5,47.9,48
UP,0421GL021,2021-04-30,7:15 PM,Derailment,0,DES MOINES,IA,72,3,Dusk,Cloudy,Industry,Yard/switching,1,17758,150,17908,S012,41.590803,-93.554447,62.3,62,73.4
NS,151858,2022-12-29,12:00 AM,Other impacts,0,DES MOINES,MO,38,4,Dark,Clear,Yard,Single Car,0,11558,0,16043,H302,39.446489,-92.435279,47.1,34.4,32.2
NS,151858,2022-12-29,12:00 AM,Other impacts,0,DES MOINES,MO,38,4,Dark,Clear,Yard,Single Car,2,4485,0,16043,H302,39.446489,-92.435279,47.1,34.4,32.2
IAIS,2022041,2022-09-25,4:00 AM,Derailment,0,DES MOINES,IA,76,4,Dark,Clear,Main,Yard/switching,10,600000,700000,1952971,H599,41.5874,-93.589756,66.2,63.8,58
UP,1221GL026,2021-12-24,6:40 PM,Derailment,0,DES MOINES,IA,48,3,Dusk,Cloudy,Yard,Freight Train,2,134037,38296,172333,E64C,41.605313,-93.58309,40,46.9,37.6
UP,0318TC011,2018-03-08,10:00 PM,Derailment,0,DES MOINES,IA,28,4,Dark,Cloudy,Yard,Yard/switching,5,1060,11910,12970,M507,41.620546,-93.590281,26.8,25.7,29.8
IAIS,2019006,2019-02-04,8:10 PM,Derailment,0,DES MOINES,IA,15,4,Dark,Cloudy,Main,,0,0,28808,57437,H702,41.587092,-93.591108,46.4,24.5,14
UP,0121GL017,2021-01-20,3:00 PM,Derailment,0,DES MOINES,IA,45,2,Day,Clear,Yard,Light loco(s),7,1680,22800,24480,H702,41.589415,-93.561638,27.3,28.3,34.8
UP,0618TC006,2018-06-05,2:00 AM,Derailment,0,DES MOINES,IA,80,4,Dark,Clear,Yard,Cut of cars,0,5274,29224,34498,T207,41.61173,-93.58351,69.7,76.1,75.3
UP,1018TC011,2018-10-15,7:25 PM,Derailment,0,DES MOINES,IA,40,3,Dusk,Cloudy,Main,Freight Train,9,407265,76012,483277,T001,41.56621,-93.573189,39,38.4,46.8
UP,1018TC010,2018-10-11,7:50 PM,Derailment,0,DES MOINES,IA,43,3,Dusk,Cloudy,Main,Freight Train,17,2957,40878,43835,T001,41.568705,-93.576687,53.4,40.4,39.8
UP,0819GL011,2019-08-05,5:00 PM,Derailment,0,DES MOINES,IA,88,2,Day,Cloudy,Yard,Yard/switching,8,14159,119210,133369,T110,41.609539,-93.583726,76.2,78,76.3
UP,1022GL013,2022-10-14,6:17 AM,Derailment,0,DES MOINES,IA,34,1,Dawn,Clear,Yard,Yard/switching,9,29807,53850,83657,T207,41.589552,-93.570342,46.9,43.6,47
UP,0922GL028,2022-09-25,3:30 AM,Derailment,0,DES MOINES,IA,54,4,Dark,Clear,Main,Yard/switching,3,652971,0,1952971,T207,41.5874,-93.589756,66.2,63.8,58
UP,0316TC004,2016-03-11,8:50 AM,Derailment,0,DES MOINES,IA,60,2,Day,Cloudy,Yard,Yard/switching,8,27065,5616,32681,T111,41.590525,-93.580522,48.2,52.8,49.7
UP,1215TC007,2015-12-28,8:20 PM,Derailment,0,DES MOINES,IA,25,4,Dark,Snow,Yard,Yard/switching,4,4734,32252,36986,T111,41.591133,-93.581375,26,25.5,24.1
UP,1015TC006,2015-10-20,7:00 PM,Derailment,0,DES MOINES,IA,62,4,Dark,Cloudy,Industry,Yard/switching,5,250,18120,18370,T110,41.621293,-93.58851,66.2,64,62.6
UP,0723GL020,2023-07-15,7:08 AM,Derailment,0,DES MOINES,IA,68,2,Day,Clear,Yard,Light loco(s),4,12843,880,13723,T111,41.589101,-93.572291,76.8,75.6,73.1
IAIS,2019049,2019-11-21,6:05 AM,Derailment,0,DES MOINES,IA,53,4,Dark,Rain,Yard,Yard/switching,9,1600,13354,14954,T110,41.625644,-93.752507,49.6,41.5,26.4
IC,1091794,2022-01-05,10:00 PM,Derailment,0,DESTREHAN,LA,57,4,Dark,Clear,Yard,Yard/switching,3,22362,15000,37362,H703,29.955872,-90.371299,47,59.1,60.7
IC,1003612,2019-06-27,6:00 AM,Derailment,0,DESTREHAN,LA,85,4,Dark,Cloudy,Industry,Freight Train,5,173200,40000,213200,T222,29.950272,-90.345678,85.7,87,82.2
IC,1140339,2023-10-20,11:20 PM,Side collision,0,DESTREHAN,LA,55,4,Dark,Clear,Main,Freight Train,3,13000,0,18834,H607,29.953389,-90.366465,71,74.9,74.2
IC,1140339,2023-10-20,11:20 PM,Side collision,0,DESTREHAN,LA,55,4,Dark,Clear,Main,Freight Train,3,5834,0,18834,H607,29.952389,-90.366465,71,74.9,74.2
IC,1093938,2022-02-05,4:05 AM,Derailment,0,DESTREHAN,LA,50,4,Dark,Clear,Yard,Yard/switching,5,62244,24508,86752,T201,30.192207,-91.00034,39.4,40.5,44.3
CRSH,127835,2017-12-19,7:00 PM,Derailment,0,DETROIT,MI,42,3,Dusk,Cloudy,Yard,Cut of cars,0,0,150,31131,H306,42.320846,-83.12976,38.2,42.2,31.5
CRSH,134743,2019-07-17,1:10 AM,Derailment,0,DETROIT,MI,74,4,Dark,Rain,Yard,Cut of cars,0,5139,0,84586,H503,42.322154,-83.122509,76.7,78.3,77.5
GTW,1152289,2024-07-02,3:57 AM,Derailment,0,DETROIT,MI,60,4,Dark,Clear,Main,Freight Train,8,8300,0,8300,M507,42.336388,-83.09983,65.2,70.5,79.4
CRSH,146883,2024-07-02,3:57 AM,Derailment,0,DETROIT,MI,60,4,Dark,Clear,Main,,0,0,41123,41123,E46C,42.336388,-83.09983,65.2,70.5,79.4
GTW,1021157,2019-12-12,9:38 AM,Derailment,0,DETROIT,MI,38,2,Day,Clear,Main,Freight Train,10,207823,0,273194,E00C,42.326713,-83.098053,21.3,25.7,33.5
CSX,000215782,2024-01-26,12:40 AM,Derailment,0,DETROIT,MI,38,4,Dark,Rain,Yard,,0,0,382,25223,H704,42.318204,-83.069185,38.4,39.6,38.1
CRSH,131495,2018-10-30,9:40 AM,Raking collision,0,DETROIT,MI,49,2,Day,Cloudy,Yard,Yard/switching,2,53957,0,57544,H702,42.383796,-82.974525,45,45.6,53.3
CRSH,131495,2018-10-30,9:40 AM,Raking collision,0,DETROIT,MI,49,2,Day,Cloudy,Yard,Yard/switching,5,3387,200,57544,H702,42.383796,-82.974525,45,45.6,53.3
GTW,956107,2018-04-18,8:20 PM,Derailment,0,DETROIT,MI,41,4,Dark,Clear,Main,Freight Train,10,32680,0,33680,E00C,42.327039,-83.098266,32.3,35.3,40.5
CRSH,146716,2023-01-31,11:35 PM,Derailment,0,DETROIT,MI,14,4,Dark,Cloudy,Main,,0,0,5215,241247,E00C,42.326845,-83.097548,25.6,13.6,17.8
CRSH,146801,2023-10-16,8:15 AM,Other impacts,0,DETROIT,MI,50,2,Day,Clear,Industry,Cut of cars,5,28544,0,49750,M501,42.384461,-83.033671,50.8,50.8,50.6
CRSH,146743,2023-04-18,12:14 AM,Derailment,0,DETROIT,MI,35,4,Dark,Snow,Yard,Freight Train,5,3347,14672,18019,H702,42.323709,-83.116347,40.7,40.4,44.1
CRSH,146772,2023-07-24,12:45 AM,Other impacts,0,DETROIT,MI,72,4,Dark,Clear,Yard,Single Car,2,32284,0,36609,H318,42.402191,-83.041074,71.5,74,76.8
CRSH,146772,2023-07-24,12:45 AM,Other impacts,0,DETROIT,MI,72,4,Dark,Clear,Yard,Yard/switching,5,4325,0,36609,H318,42.402191,-83.041074,71.5,74,76.8
CRSH,146801,2023-10-16,8:15 AM,Other impacts,0,DETROIT,MI,50,2,Day,Clear,Main,Freight Train,5,21206,0,49750,M501,42.384461,-83.033671,50.8,50.8,50.6
NS,156676,2024-05-12,2:30 AM,Side collision,0,DETROIT,MI,60,4,Dark,Clear,Yard,Freight Train,3,26000,0,57530,H702,42.282906,-83.154444,54.7,57.5,70.6
CRSH,129192,2018-04-18,8:20 PM,Derailment,0,DETROIT,MI,41,4,Dark,Clear,Main,,0,0,1000,33680,E00C,42.327039,-83.098266,32.3,35.3,40.5
CRSH,128351,2018-02-01,3:40 AM,Derailment,0,DETROIT,MI,36,4,Dark,Cloudy,Yard,Cut of cars,0,13816,500,80865,H306,42.322147,-83.127207,31.1,29.7,14.5
CRSH,146703,2023-01-11,7:56 PM,Derailment,0,DETROIT,MI,41,3,Dusk,Clear,Main,Freight Train,5,3423,45696,49119,H514,42.392408,-83.047721,34.2,37.9,40.5
GTW,1124027,2023-01-31,11:45 PM,Derailment,0,DETROIT,MI,12,4,Dark,Clear,Main,Freight Train,10,222602,13430,241247,E00C,42.324539,-83.108826,25.6,13.6,17.8
DC,06,2019-04-08,10:20 PM,Derailment,0,DETROIT,MI,42,4,Dark,Clear,Main,Freight Train,6,15266,3979,19245,M299,42.267745,-83.123791,52.2,62.4,56.4
CSX,000190008,2020-05-03,9:40 PM,Derailment,0,DETROIT,MI,66,4,Dark,Cloudy,Yard,Freight Train,3,5842,3468,149942,H702,42.326655,-83.09746,63.2,65.3,47.3
CRSH,137873,2020-05-03,9:40 PM,Derailment,0,DETROIT,MI,52,4,Dark,Cloudy,Yard,,0,0,140632,149942,H702,42.320592,-83.134192,63.2,65.3,47.3
CRSH,140879,2021-03-09,9:25 PM,Derailment,0,DETROIT,MI,45,4,Dark,Clear,Yard,Light loco(s),3,0,23000,23000,H704,42.316197,-83.113799,46.8,45.6,54.3
NS,156676,2024-05-12,2:30 AM,Side collision,0,DETROIT,MI,60,4,Dark,Clear,Yard,Freight Train,4,1500,30030,57530,H702,42.282906,-83.154444,54.7,57.5,70.6
NS,132323,2019-01-07,1:30 AM,Derailment,0,DETROIT,MI,33,4,Dark,Cloudy,Yard,Cut of cars,9,13675,20313,33988,E49C,42.28279,-83.154903,36.7,38.1,45.1
CRSH,128351,2018-02-01,3:40 AM,Derailment,0,DETROIT,MI,36,4,Dark,Cloudy,Yard,Freight Train,7,60549,6000,80865,H306,42.322147,-83.127207,31.1,29.7,14.5
NS,133393,2019-03-30,5:45 PM,Other impacts,0,DETROIT,MI,35,3,Dusk,Cloudy,Main,Freight Train,5,50302,0,50302,H302,42.320865,-83.130504,44.4,39.5,29
CRSH,127835,2017-12-19,7:00 PM,Derailment,0,DETROIT,MI,42,3,Dusk,Cloudy,Yard,Yard/switching,5,30981,0,31131,H306,42.320846,-83.12976,38.2,42.2,31.5
CRSH,136482,2019-12-12,9:38 AM,Derailment,0,DETROIT,MI,38,2,Day,Clear,Main,,0,0,65371,273194,E00C,42.326713,-83.098053,21.3,25.7,33.5
CRSH,133396,2019-03-30,5:45 PM,Other impacts,0,DETROIT,MI,35,3,Dusk,Rain,Yard,,0,0,0,50302,H302,42.320865,-83.130504,44.4,39.5,29
NS,133222,2019-03-14,2:10 PM,Derailment,0,DETROIT,MI,40,2,Day,Cloudy,Siding,Freight Train,6,2655,46800,49455,T110,42.303844,-83.102769,40.5,51.6,41.6
CRSH,142776,2021-09-05,7:18 PM,Derailment,0,DETROIT,MI,76,3,Dusk,Clear,Yard,Freight Train,0,0,18929,18929,T309,42.316272,-83.113828,69.7,72.1,68.8
CRSH,142851,2021-09-14,7:06 PM,Derailment,0,DETROIT,MI,75,3,Dusk,Cloudy,Yard,Yard/switching,5,380,19286,19666,T314,42.316272,-83.113828,68.9,75.4,69.8
NS,135536,2019-09-18,1:00 AM,Derailment,0,DETROIT,MI,65,4,Dark,Clear,Yard,Freight Train,6,600,24430,25030,T311,42.293425,-83.128862,67.3,66.6,66.6
CRSH,146818,2024-01-14,1:36 AM,Derailment,0,DETROIT,MI,6,4,Dark,Snow,Yard,Freight Train,5,3287,20403,23690,T110,42.324311,-83.113727,29.3,8.6,4.9
CRSH,146819,2024-01-20,2:20 AM,Derailment,0,DETROIT,MI,9,4,Dark,Clear,Yard,Yard/switching,6,2031,17658,19689,T204,42.320527,-83.135468,19.1,12.9,18.9
CSX,000213265,2023-09-02,1:45 PM,Derailment,0,DETROIT,MI,90,2,Day,Clear,Industry,Freight Train,8,1896,580,15810,T110,42.295128,-83.127267,66,71.3,78
NS,154100,2023-09-02,1:40 PM,Derailment,0,DETROIT,MI,80,2,Day,Clear,Yard,Freight Train,0,0,13334,15810,T110,42.295628,-83.127446,66,71.3,78
BNSF,TC1122106,2022-11-14,4:20 PM,Other (describe in narrative),0,DETROIT LAKES,MN,24,2,Day,Cloudy,Main,Freight Train,42,10000,423941,433941,E62C,46.81074,-95.82507,21.2,22.8,24
UP,0517HO027,2017-05-12,2:12 PM,Derailment,0,DEVERS,TX,78,2,Day,Clear,Main,Freight Train,27,9060,6672,15732,E52C,30.034482,-94.620492,76.4,75.2,72.1
UP,1220SX013,2020-12-10,3:37 AM,Fire/violent rupture,0,DEVINE,TX,40,4,Dark,Clear,Main,Freight Train,50,326281,0,326281,M406,29.124367,-98.914776,57.2,58,65.6
BNSF,PR0715115,2015-07-29,5:57 PM,Derailment,0,DEWEY,SD,73,3,Dusk,Clear,Main,Freight Train,18,594630,298949,893579,T109,43.518915,-104.035073,70.3,71.9,72.6
UP,0219MA011,2019-02-07,9:04 AM,Derailment,0,DEXTER,MO,66,2,Day,Rain,Main,Freight Train,20,610116,183870,793986,M105,36.794431,-89.961852,56.7,51,26.2
BNSF,SW0624204,2024-06-17,10:28 AM,Hwy-rail crossing,0,DEXTER,NM,93,2,Day,Clear,Main,Freight Train,49,10000,51500,61500,M302,33.19585,-104.37103,89.8,90.1,89.3
UP,0816SL004,2016-08-04,6:00 AM,Fire/violent rupture,0,DEXTER,MO,75,1,Dawn,Clear,Main,Freight Train,5,18251,0,18251,E71L,36.723571,-90.423361,81.2,83.9,84.1