reportingrailroadcode,accidentnumber,date,time,accidenttype,hazmatreleasedcars,station,stateabbr,temperature,visibility_code,visibility,weathercondition,tracktype,equipmenttype,trainspeed,equipmentdamagecost,trackdamagecost,totaldamagecost,primaryaccidentcausecode,latitude,longitude,prior_temp,actual_temp,following_temp
BNSF,SW0718111,2018-07-21,12:20 PM,Derailment,0,DEXTER,NM,105,2,Day,Clear,Siding,Freight Train,10,20000,200000,220000,T111,33.256375,-104.415237,89.1,87.7,88.6
BNSF,CH0118104,2018-01-11,11:30 PM,Derailment,0,DIAMOND BLUFF,WI,-20,4,Dark,Clear,Main,Freight Train,3,500,42307,42807,H705,44.619907,-92.56954,35.9,17,-3.9
BNSF,CH0216200,2016-02-12,12:30 PM,Hwy-rail crossing,0,DIAMOND BLUFF,WI,12,2,Day,Clear,Main,Freight Train,40,500,13000,13500,M302,44.648402,-92.623935,8.5,9.6,1.8
UP,1023ES035,2023-10-21,5:44 AM,Obstruction,0,DIBOLL,TX,51,1,Dawn,Clear,Main,Spec. MoW Equip.,29,21833,0,56363,H602,31.138002,-94.812409,70.3,70.3,73.4
UP,1023ES035,2023-10-21,5:44 AM,Obstruction,0,DIBOLL,TX,51,1,Dawn,Clear,Main,Spec. MoW Equip.,0,34530,0,56363,H602,31.138002,-94.812409,70.3,70.3,73.4
BNSF,MT1018106,2018-10-17,2:10 AM,Derailment,0,DICKINSON,ND,45,4,Dark,Clear,Yard,Freight Train,10,26400,30000,56400,H704,46.877309,-102.79471,46.4,47.3,50.7
BNSF,MT0115102,2015-01-10,9:30 PM,Derailment,0,DICKINSON,ND,7,4,Dark,Cloudy,Yard,Freight Train,5,27273,1700,28973,H702,46.876093,-102.816002,-1.7,8.7,6.9
DL,190401,2019-04-09,12:00 PM,Derailment,0,DICKSON CITY,PA,67,2,Day,Cloudy,Main,Freight Train,10,165069,165764,330833,T110,41.462667,-75.617336,62.6,58.2,45.1
DL,171001,2017-10-27,3:57 PM,Derailment,0,DICKSON CITY,PA,65,2,Day,Clear,Main,Freight Train,10,273256,169685,442941,T110,41.446597,-75.642556,45.9,47.9,57.4
IC,1061729,2021-02-16,10:14 PM,Derailment,0,DIETERICH,IL,3,4,Dark,Clear,Main,Freight Train,30,395552,150000,545552,T219,39.047211,-88.327064,6.2,5.8,11
BNSF,HL0921202,2021-09-02,12:10 PM,Hwy-rail crossing,0,DIGGINS,MO,82,2,Day,Cloudy,Main,Freight Train,38,32000,16500,48500,M302,37.168915,-92.827409,75,74.8,76.8
CORP,COR113016D,2016-10-18,7:05 AM,Derailment,0,DILLARD,OR,58,1,Dawn,Cloudy,Yard,Freight Train,9,8249,40676,48925,T110,43.094722,-123.425277,53.1,53.1,53.6
UP,1018SA025,2018-10-24,10:36 PM,Obstruction,0,DILLEY,TX,68,4,Dark,Cloudy,Main,Freight Train,59,47673,165,47838,M402,28.59616,-99.191458,55.3,58.5,64.4
ATK,170958,2022-06-14,12:25 AM,Obstruction,0,DILLON,SC,70,4,Dark,Clear,Main,Passenger Train - Pulling,70,25014,0,25014,M503,34.403367,-79.382721,82,81.9,82.1
CSX,000205592,2022-06-14,12:25 PM,Obstruction,0,DILLON,SC,84,2,Day,Clear,Main,,0,0,0,25014,M503,34.403367,-79.382721,82,81.9,82.1
UP,0816PC002,2016-08-10,1:05 PM,Other (describe in narrative),0,DILLON,MT,76,2,Day,Clear,Main,Spec. MoW Equip.,25,47000,0,47000,H997,45.527067,-112.702598,61.9,57.5,60.5
WE,200035,2020-04-21,8:30 PM,Other (describe in narrative),0,DILLONVALE,OH,39,4,Dark,Rain,Main,Cut of cars,0,34632,0,34632,M199,40.192868,-80.795118,49.3,46.9,38.6
BNSF,TC1019104,2019-10-09,7:50 AM,Derailment,0,DILWORTH,MN,45,1,Dawn,Clear,Yard,Light loco(s),5,15000,3000,18000,H607,46.874131,-96.704465,60,56.1,37.8
BNSF,TC0123109,2023-01-17,5:30 PM,Derailment,0,DILWORTH,MN,15,3,Dusk,Clear,Yard,Light loco(s),5,1000,18000,19000,H307,46.873964,-96.687819,25,15.6,17.1
BNSF,TC0622105,2022-06-23,1:00 AM,Other (describe in narrative),0,DILWORTH,MN,75,4,Dark,Clear,Main,Light loco(s),6,0,27000,27000,H702,46.874001,-96.650592,72.5,80.4,80.5
BNSF,TC0917101,2017-09-03,11:45 PM,Derailment,0,DILWORTH,MN,55,4,Dark,Clear,Yard,Freight Train,5,58071,50000,108071,H607,46.874082,-96.653409,68.4,70.2,60.5
BNSF,TC1223106,2023-12-15,8:16 AM,Derailment,0,DILWORTH,MN,39,1,Dawn,Clear,Yard,Yard/switching,4,9411,3909,13320,H607,46.87415,-96.661456,38,39.2,32.2
BNSF,TC0923108,2023-09-26,10:16 PM,Derailment,0,DILWORTH,MN,59,4,Dark,Clear,Yard,Freight Train,4,4805,6935,11740,H607,46.874127,-96.70343,60.9,62.8,62.9
BNSF,TC0623104,2023-06-23,4:25 AM,Derailment,0,DILWORTH,MN,65,1,Dawn,Clear,Yard,Yard/switching,5,29944,2518,32462,H607,46.874135,-96.70448,72,65.5,68.2
BNSF,TC0420103,2020-04-12,5:00 PM,Derailment,0,DILWORTH,MN,48,3,Dusk,Clear,Yard,Yard/switching,4,30186,3000,33186,H607,46.874161,-96.661312,36.9,30.8,25.4
BNSF,TC0918103,2018-09-07,9:55 PM,Derailment,0,DILWORTH,MN,65,4,Dark,Clear,Yard,Yard/switching,4,13158,5000,18158,H607,46.874166,-96.681755,59.1,65.1,64.7
BNSF,TC1218111,2018-12-13,5:40 AM,Derailment,0,DILWORTH,MN,25,1,Dawn,Fog,Yard,Yard/switching,4,40000,10000,50000,H607,46.87448,-96.678959,26.7,28.5,28
BNSF,TC0818111,2018-08-29,4:09 AM,Derailment,0,DILWORTH,MN,53,1,Dawn,Clear,Yard,Yard/switching,3,11048,0,11048,H018,46.874217,-96.681122,55.2,58.8,67
BNSF,TC1215117,2015-12-16,6:45 AM,Derailment,0,DILWORTH,MN,5,1,Dawn,Clear,Yard,Freight Train,9,36968,181618,218586,H703,46.874122,-96.70449,28.1,23.4,19
UP,0919SX024,2019-09-21,4:00 PM,Derailment,0,DIME BOX,TX,93,2,Day,Rain,Main,Freight Train,0,0,433674,495098,T108,30.31907,-96.849738,83.3,83.2,82.1
BNSF,RD0919120,2019-09-21,4:00 PM,Derailment,0,DIME BOX,TX,95,2,Day,Clear,Main,Freight Train,40,61424,0,495098,T108,30.307552,-96.856346,83.3,83.2,82.1
UP,0816SA011,2016-08-19,6:49 AM,Derailment,0,DIME BOX,TX,76,1,Dawn,Clear,Main,Freight Train,0,0,100534,2048231,T001,30.33895,-96.837445,76.6,80.7,78.8
LBWR,171006002,2017-10-06,10:15 AM,Derailment,0,DIMMITT,TX,70,2,Day,Clear,Industry,Freight Train,4,0,14152,14152,T111,34.5257,-102.2866,68,70.4,60.3
NS,144830,2022-03-29,8:10 PM,Derailment,0,DISPUTANTA,VA,43,4,Dark,Clear,Industry,Freight Train,10,25428,0,25428,T207,37.084726,-77.168717,38.6,35.7,51.1
NS,129658,2018-05-31,10:30 AM,Obstruction,0,DIX,IL,80,2,Day,Cloudy,Main,Freight Train,28,14251,0,14251,M404,38.419803,-88.942258,78.2,76.1,78.8
UP,0717NP005,2017-07-06,7:27 AM,Hwy-rail crossing,0,DIX,NE,89,2,Day,Clear,Main,Freight Train,46,15431,44608,60039,M302,41.238953,-103.528069,79.3,80.6,73.6
IHB,2259,2016-11-01,1:39 AM,Other impacts,0,DIXMOOR,IL,60,4,Dark,Clear,Yard,Yard/switching,3,0,0,63000,H607,41.638988,-87.670159,50.6,66.7,62.1
IAIS,2016051,2016-11-01,1:39 AM,Other impacts,0,DIXMOOR,IL,60,4,Dark,Clear,Yard,Yard/switching,4,63000,0,63000,H607,41.638988,-87.670159,50.6,66.7,62.1
UP,1220PR015,2020-12-24,12:44 AM,Derailment,1,DIXON,IL,17,4,Dark,Cloudy,Main,Freight Train,41,2117311,366980,2484291,H519,41.823713,-89.521461,42.4,11.8,13.3
MRL,2018033,2018-03-05,7:15 PM,Derailment,0,DIXON,MT,26,4,Dark,Cloudy,Main,Yard/switching,10,12078,0,12078,E52C,47.912002,-114.295643,30.1,29.2,33.5
BNSF,RD0523110,2023-05-13,11:53 PM,Derailment,0,DOBBIN,TX,72,4,Dark,Rain,Main,Freight Train,37,1658378,1049003,2707381,M103,30.474093,-95.795374,81.7,75.4,74.5
NS,121983,2016-09-08,8:40 AM,Derailment,0,DOCK JUNCTION,GA,84,2,Day,Clear,Main,Light loco(s),2,14,0,40160,T311,31.184759,-81.500242,76,78.7,78.6
BNSF,KS1019104,2019-10-07,10:10 PM,Derailment,0,DODGE CITY,KS,51,4,Dark,Clear,Yard,Yard/switching,9,33402,3000,36402,T212,37.751856,-100.010086,56.3,55.7,60.9
BNSF,KS0418108,2018-04-12,6:00 PM,Other impacts,0,DODGE CITY,KS,65,3,Dusk,Clear,Yard,Freight Train,3,14956,3000,17956,H020,37.751879,-100.010507,66.2,70.5,52.7
BNSF,KS0418107,2018-04-10,8:00 PM,Derailment,0,DODGE CITY,KS,55,3,Dusk,Clear,Yard,,0,0,12500,13300,E67L,37.751642,-100.006814,46.4,53.8,66.2
BNSF,KS0724108,2024-07-22,11:10 AM,Derailment,0,DODGE CITY,KS,90,2,Day,Clear,Yard,Yard/switching,4,286342,100954,387296,H020,37.751568,-100.005357,71.9,70.5,72.5
BNSF,KS1018108,2018-10-10,7:45 PM,Derailment,0,DODGE CITY,KS,46,3,Dusk,Clear,Yard,Yard/switching,6,12845,1500,14345,H318,37.750831,-99.994057,45.6,43,41.7
BNSF,KS0524104,2024-05-14,8:40 PM,Derailment,0,DODGE CITY,KS,71,3,Dusk,Clear,Main,Freight Train,4,256290,331302,587592,H503,37.752246,-100.01662,59.5,66.5,67.5
BNSF,KS0818108,2018-08-23,7:00 PM,Other impacts,0,DODGE CITY,KS,91,3,Dusk,Clear,Yard,Yard/switching,3,10900,0,10900,H318,37.750776,-99.995129,65.5,78.2,79.1
ATK,175174,2023-06-17,5:11 AM,Hwy-rail crossing,0,DODGE CITY,KS,66,4,Dark,Clear,Main,Passenger Train - Pulling,60,24670,0,24670,M308,37.774944,-99.905899,69.9,68.3,69.7
BNSF,KS0422104,2022-04-19,5:18 PM,Derailment,0,DODGE CITY,KS,58,3,Dusk,Clear,Yard,Freight Train,6,34769,2500,37269,M501,37.751202,-100.003097,47.1,51.2,63.7
BNSF,KS0121115,2021-01-29,2:35 AM,Derailment,0,DODGE CITY,KS,34,4,Dark,Cloudy,Yard,Freight Train,10,150556,28000,178556,T202,37.75214,-100.024078,28.8,40.8,39.8
BNSF,KS0723102,2023-07-09,12:40 PM,Derailment,0,DODGE CITY,KS,90,2,Day,Clear,Main,Freight Train,9,46361,56576,102937,T001,37.75277,-100.027595,70,67.4,73.7
BNSF,KS1221117,2021-12-24,7:10 AM,Derailment,0,DODGE CITY,KS,58,1,Dawn,Clear,Yard,Freight Train,5,23705,163000,186705,T314,37.750883,-99.993024,45.8,60.1,42.4
BNSF,KS1215100,2015-12-03,9:00 AM,Derailment,0,DODGE CITY,KS,38,2,Day,Clear,Yard,Yard/switching,4,1835,115000,116835,T319,37.751228,-99.995681,36,35.3,41.5
CVR,CVR041018D,2018-04-10,8:00 PM,Derailment,0,DODGE CITY,KS,50,4,Dark,Clear,Yard,Freight Train,5,800,0,13300,T314,37.751642,-100.006814,46.4,53.8,66.2
LAS,240401007,2024-04-01,9:45 PM,Other impacts,0,DODSON,LA,65,4,Dark,Clear,Main,Cut of cars,15,44000,0,44000,H025,32.112109,-92.683339,67.7,73.3,71.2
LAS,240401007,2024-04-01,9:45 PM,Other impacts,0,DODSON,LA,65,4,Dark,Clear,Main,Cut of cars,0,0,0,44000,H025,32.112109,-92.683339,67.7,73.3,71.2
UP,1121PR008,2021-11-12,6:09 AM,Derailment,0,DOLTON,IL,40,1,Dawn,Clear,Yard,Yard/switching,4,11662,0,11662,H307,41.62004,-87.611971,49.4,37.8,37
UP,0221PR023,2021-02-12,8:43 PM,Derailment,0,DOLTON,IL,16,4,Dark,Cloudy,Yard,Light loco(s),3,7462,8345,15807,M101,41.624301,-87.614124,16.1,16.1,8.9
UP,0721PR004,2021-07-13,11:09 PM,Derailment,0,DOLTON,IL,72,4,Dark,Cloudy,Yard,Freight Train,7,45595,21560,67155,H514,41.631924,-87.612243,69.8,72.8,75.6
UP,0621PR021,2021-06-22,10:30 PM,Other impacts,0,DOLTON,IL,60,4,Dark,Cloudy,Yard,Cut of cars,0,56653,0,80840,H318,41.616239,-87.610539,67.6,63.8,68.6
UP,0918PR016,2018-09-15,7:28 AM,Derailment,0,DOLTON,IL,72,2,Day,Cloudy,Yard,Light loco(s),8,2500,20768,23268,M404,41.618068,-87.611015,70.9,70.5,75.5
UP,0421PR009,2021-04-29,6:15 PM,Derailment,0,DOLTON,IL,62,3,Dusk,Cloudy,Yard,Yard/switching,5,3434,20008,23442,H307,41.62004,-87.611971,49.7,51.8,47.8
CSX,000199754,2021-08-28,8:20 AM,Derailment,0,DOLTON,IL,75,2,Day,Clear,Main,Freight Train,8,195738,16206,211944,E24C,41.644281,-87.61698,80.2,81.1,79.2
UP,0621PR021,2021-06-22,10:30 PM,Other impacts,0,DOLTON,IL,60,4,Dark,Cloudy,Yard,Yard/switching,6,18727,5460,80840,H318,41.616239,-87.610539,67.6,63.8,68.6
CSX,000144419,2015-04-06,11:40 AM,Other impacts,0,DOLTON,IL,57,2,Day,Clear,Yard,Yard/switching,2,29875,0,60750,M501,41.643124,-87.615776,54.3,50.8,43.6
UP,0319GL047,2019-03-15,12:10 PM,Derailment,0,DOLTON,IL,39,2,Day,Clear,Yard,Freight Train,5,17528,7594,25122,T221,41.617461,-87.61089,52.7,37,34.4
UP,0920PR021,2020-09-27,7:01 AM,Derailment,0,DOLTON,IL,65,1,Dawn,Clear,Yard,Freight Train,5,1437,16651,18088,H511,41.620952,-87.612162,67.5,68.6,54.8
UP,0122PR001,2022-01-03,12:20 PM,Derailment,0,DOLTON,IL,18,2,Day,Clear,Yard,Yard/switching,6,714,28748,29462,T201,41.620494,-87.612087,24.8,15.3,28.2
UP,0721PR003,2021-07-08,11:59 AM,Derailment,0,DOLTON,IL,66,2,Day,Cloudy,Yard,Freight Train,2,34401,22880,57281,T205,41.630513,-87.612239,77.4,65.9,66.5
KCS,16042302,2016-04-23,6:50 AM,Derailment,0,DOMINO,TX,70,1,Dawn,Clear,Industry,Yard/switching,8,0,19675,19675,H702,33.25178,-94.110019,67.3,68.4,70.5
BNSF,SW0517203,2017-05-16,3:30 PM,Hwy-rail crossing,0,DONA ANA,NM,86,2,Day,Rain,Main,Maint./inspect Car,44,11000,0,11000,M302,32.38423,-106.82612,73.8,65.3,64.4
UP,1221GC029,2021-12-31,11:50 PM,Derailment,0,DONALDSONVILLE,LA,75,4,Dark,Clear,Industry,Freight Train,5,16682,2028,18710,H303,30.08018,-90.962897,76.4,77.6,78.8
UP,0220GC027,2020-02-23,11:45 PM,Derailment,0,DONALDSONVILLE,LA,56,4,Dark,Cloudy,Yard,Yard/switching,6,15470,66,15536,H306,30.09091,-90.990479,48.7,57.9,65.3
BNSF,RD1022115,2022-10-17,3:30 AM,Derailment,0,DONIE,TX,65,4,Dark,Cloudy,Industry,Freight Train,3,183979,40000,223979,E64C,31.425819,-96.232329,72.1,65.7,54.1
BNSF,RD0519116,2019-05-16,1:30 PM,Derailment,0,DONIE,TX,88,2,Day,Clear,Industry,Freight Train,5,22000,0,22000,T205,31.438247,-96.212762,73,73.6,74.8
BNSF,RD0922105,2022-09-07,9:00 PM,Derailment,0,DONIE,TX,82,4,Dark,Cloudy,Industry,Freight Train,5,775,19000,19775,T110,31.424939,-96.262616,81.6,81.1,79.7
RVSC,RV18019,2018-06-11,6:11 PM,Derailment,0,DONNA,TX,95,2,Day,Clear,Main,Freight Train,8,30000,21200,51200,T316,26.176902,-98.084738,88.2,88.4,89.1
BNSF,TC0618105,2018-06-22,4:35 AM,Derailment,10,DOON,IA,59,1,Dawn,Cloudy,Main,Freight Train,47,1840369,600000,2440369,M103,43.258377,-96.234582,63.2,66.3,67.5
BNSF,TC0222101,2022-02-02,3:00 AM,Fire/violent rupture,0,DOON,IA,10,4,Dark,Clear,Main,Freight Train,45,91399,0,91399,M406,43.286282,-96.247539,22.3,3.1,0.1
BNSF,HL0819112,2019-08-12,11:25 AM,Obstruction,0,DORA,AL,95,2,Day,Clear,Main,Freight Train,35,0,34577,34577,M404,33.724565,-87.089941,83.7,85,87.2
BNSF,SF0416202,2016-04-20,7:45 AM,Hwy-rail crossing,0,DORA,AL,78,1,Dawn,Clear,Main,Freight Train,34,35783,0,35783,M302,33.700178,-87.081798,65.4,70.8,65.7
NS,120161,2016-04-16,12:15 PM,Side collision,0,DORAVILLE,GA,65,2,Day,Cloudy,Yard,Freight Train,0,1320,0,30929,H307,33.899959,-84.285001,59,62.6,60.1
NS,120161,2016-04-16,12:15 PM,Side collision,0,DORAVILLE,GA,65,2,Day,Cloudy,Yard,Freight Train,1,29609,0,30929,H307,33.899959,-84.285001,59,62.6,60.1
NS,132985,2019-02-25,10:15 AM,Derailment,0,DORAVILLE,GA,68,2,Day,Clear,Yard,Freight Train,5,51165,0,51165,E30C,33.923529,-84.251853,53.4,48.4,53.1
NS,135467,2019-09-12,4:50 PM,Other (describe in narrative),0,DORAVILLE,GA,95,3,Dusk,Cloudy,Yard,Freight Train,2,25058,0,25058,H306,33.923529,-84.251853,79.3,80.9,80.7
NS,128911,2018-03-20,9:15 PM,Derailment,0,DORAVILLE,GA,47,4,Dark,Clear,Industry,Light loco(s),5,14834,200,15034,T110,33.919751,-84.257165,58,57.5,41.7
NS,136936,2020-01-25,11:00 AM,Derailment,0,DORAVILLE,GA,43,2,Day,Clear,Yard,Freight Train,4,2219,13270,15489,T207,33.90473,-84.278294,43.7,39.7,40.8
UP,1216DV013,2016-12-18,5:55 AM,Derailment,0,DORRANCE,KS,-16,1,Dawn,Cloudy,Main,Freight Train,36,1871040,195218,2066258,T221,38.836756,-98.540421,7.9,0.4,15.2
BB,2020D0521,2020-05-21,4:30 PM,Derailment,0,DOSWELL,VA,62,2,Day,Rain,Main,Freight Train,10,17000,2500,19500,M101,37.888579,-77.514855,54.6,60.4,70.8
ATK,181807,2024-08-24,10:24 PM,Hwy-rail crossing,0,DOSWELL,VA,64,4,Dark,Clear,Main,Passenger Train - Pulling,65,20000,0,20000,M308,37.86008,-77.458248,68.7,70.5,72.3
CSX,000220189,2024-08-24,10:31 PM,Hwy-rail crossing,0,DOSWELL,VA,78,4,Dark,Clear,Main,,0,0,116,116,M308,37.86008,-77.458248,68.7,70.5,72.3
BB,2019T0226,2019-02-26,8:45 AM,Raking collision,0,DOSWELL,VA,45,2,Day,Clear,Industry,Freight Train,5,22000,0,22000,H307,37.88662,-77.513964,46.9,45.3,40.4
BAYL,BAY890424L,2024-08-06,10:40 AM,Other impacts,0,DOTHAN,AL,86,2,Day,Clear,Yard,Light loco(s),12,28000,0,28000,H306,31.216136,-85.384322,80.8,83.6,85.7
BAYL,BAY890524L,2024-08-06,10:40 AM,Other impacts,0,DOTHAN,AL,86,2,Day,Clear,Yard,Cut of cars,0,0,0,0,H306,31.216136,-85.384322,80.8,83.6,85.7
BAYL,BAY748024D,2024-03-28,1:00 PM,Derailment,0,DOTHAN,AL,82,2,Day,Clear,Yard,Yard/switching,5,3000,9000,12000,H503,31.22534,-85.374522,66.7,61,59.1
BAYL,BAY723721,2021-01-28,12:30 AM,Other impacts,0,DOTHAN,AL,48,4,Dark,Clear,Yard,Yard/switching,5,130823,3000,133823,H020,31.228435,-85.380698,60.4,46.2,44.1
CSX,000208713,2022-12-06,4:25 AM,Derailment,0,DOTHAN,AL,59,4,Dark,Clear,Yard,Freight Train,9,40248,0,113272,T211,31.230753,-85.387194,64.4,69.2,70.2
CSX,000208713,2022-12-06,4:25 AM,Derailment,0,DOTHAN,AL,59,4,Dark,Clear,Yard,Cut of cars,0,43788,29236,113272,T211,31.230753,-85.387194,64.4,69.2,70.2
CSX,000195564,2021-01-28,12:30 AM,Other impacts,0,DOTHAN,AL,48,4,Dark,Clear,Yard,Cut of cars,5,0,0,133823,H020,31.228435,-85.380698,60.4,46.2,44.1
CSX,000204768,2022-05-06,9:35 PM,Hwy-rail crossing,0,DOTHAN,AL,65,4,Dark,Clear,Main,Freight Train,0,13498,958,14456,M302,31.217162,-85.3503,78.9,76,72.5
CSX,000162536,2016-08-31,11:12 AM,Hwy-rail crossing,0,DOUGLAS,GA,89,2,Day,Cloudy,Main,Freight Train,58,18193,146,18339,M304,31.531196,-82.9153,79.5,77.1,77.6
CSX,000202962,2022-02-07,12:55 PM,Hwy-rail crossing,0,DOUGLAS,GA,50,2,Day,Cloudy,Main,Freight Train,54,912988,163613,1076601,M304,31.5053,-82.83939,43,43.6,46.4
UP,0321GP040,2021-03-24,4:50 AM,Derailment,0,DOUGLAS,WY,40,1,Dawn,Clear,Main,Freight Train,25,38271,0,113271,E44C,43.045887,-105.26929,33.4,28.1,34
UP,0218NP011,2018-02-07,10:30 AM,Derailment,0,DOUGLAS,WY,44,2,Day,Clear,Main,Freight Train,13,27567,0,235317,E53C,43.025421,-105.264582,23.6,31.5,40.5
UP,0922GP020,2022-09-23,1:00 PM,Derailment,0,DOUGLAS,WY,67,2,Day,Clear,Yard,Freight Train,8,89080,76777,165857,T221,43.234551,-105.26334,55.3,59.1,56
UP,0818NP013,2018-08-06,8:35 PM,Fire/violent rupture,0,DOUGLAS,WY,65,4,Dark,Clear,Yard,Freight Train,0,19768,0,19768,E99L,43.226704,-105.262466,66.4,64.2,67.4
CSX,000176169,2018-05-03,7:57 PM,Hwy-rail crossing,0,DOUGLAS,GA,82,3,Dusk,Clear,Main,Freight Train,58,45918,97,46015,M302,31.531196,-82.9153,69.5,69.6,71.2
CSX,000181433,2019-02-18,3:25 PM,Hwy-rail crossing,0,DOUGLAS,GA,65,2,Day,Cloudy,Main,Freight Train,59,42897,97,42994,M302,31.531885,-82.916571,69.2,62.3,55.7
UP,0818NP058,2018-08-30,6:00 PM,Derailment,0,DOUGLAS,WY,80,3,Dusk,Clear,Industry,Freight Train,2,18682,250,18932,T111,43.485,-105.269964,62.6,68.1,69.6
ATK,168531,2021-10-03,11:40 AM,Hwy-rail crossing,0,DOVER,FL,86,2,Day,Cloudy,Main,Passenger Train - Pulling,79,26513,0,26513,M308,27.997215,-82.207401,80.1,78.1,78.5
NJTR,202302044,2023-01-18,12:26 AM,Derailment,0,DOVER,NJ,28,4,Dark,Clear,Yard,Yard/switching,5,53247,25976,79223,H704,40.883627,-74.548901,37.9,46,38.9
NJTR,202401011,2023-12-31,10:00 PM,Derailment,0,DOVER,NJ,40,4,Dark,Clear,Yard,Commuter Train - Pulling,5,15000,0,15000,H704,40.883674,-74.552475,39.9,39.8,38.8
NJTR,202002095,2020-01-26,4:48 PM,Other impacts,0,DOVER,NJ,41,2,Day,Cloudy,Yard,Light loco(s),0,71942,0,140596,H607,40.883684,-74.550164,40.1,37.5,39
NJTR,202406284,2024-05-05,9:42 PM,Obstruction,0,DOVER,NJ,50,4,Dark,Rain,Yard,Light loco(s),9,15425,0,15425,H607,40.883518,-74.54952,53.4,50.5,60.4
NJTR,202406301,2024-06-08,2:08 PM,Derailment,0,DOVER,NJ,74,2,Day,Clear,Yard,Passenger Train - Pulling,7,95624,0,95624,H303,40.884069,-74.548911,71.3,66.9,65.7
NJTR,202201012,2021-12-18,8:15 PM,Derailment,0,DOVER,NJ,45,4,Dark,Rain,Yard,Yard/switching,4,81477,13887,95364,M505,40.883673,-74.551139,52,41.2,36.6
NJTR,202105176,2021-04-30,11:50 PM,Derailment,0,DOVER,NJ,65,4,Dark,Clear,Yard,Yard/switching,4,49943,22379,72322,H704,40.884286,-74.547193,69,61.4,51.5
GRS,20141205P1,2014-12-05,8:01 PM,Hwy-rail crossing,0,DOVER,NH,32,4,Dark,Clear,Main,,0,0,17687,77358,M302,43.199286,-70.874804,32.5,24.2,32.8
ATK,135475,2014-12-05,8:01 PM,Hwy-rail crossing,0,DOVER,NH,32,4,Dark,Clear,Main,Passenger Train - Pulling,10,59671,0,77358,M302,43.199286,-70.874804,32.5,24.2,32.8
CSX,000200444,2021-10-03,11:40 AM,Hwy-rail crossing,0,DOVER,FL,87,2,Day,Clear,Main,,0,0,0,26513,M308,27.997215,-82.207401,80.1,78.1,78.5
NJTR,201412720,2014-12-20,5:32 PM,Derailment,0,DOVER,NJ,40,4,Dark,Clear,Yard,Yard/switching,9,55800,0,55800,T113,40.884185,-74.548002,33.5,30.2,31.9
MNCW,82870,2024-06-27,9:05 PM,Hwy-rail crossing,0,DOVER PLAINS,NY,74,4,Dark,Clear,Main,Commuter Train - Pulling,45,30573,0,30573,M302,41.740996,-73.576519,78.4,72.1,66
MNCW,82863,2024-06-26,9:40 PM,Obstruction,0,DOVER PLAINS,NY,83,4,Dark,Cloudy,Main,Commuter Train - Pushing,70,35000,0,35000,M404,41.699046,-73.588066,74.5,78.4,72.1
ATK,171545,2022-08-03,5:45 PM,Obstruction,0,DOWAGIAC,MI,72,2,Day,Rain,Main,Passenger Train - Pulling,84,19421,0,19421,M404,42.022954,-86.067707,75.4,78.1,76.4
ATK,158574,2019-04-21,6:55 PM,Fire/violent rupture,0,DOWAGIAC,MI,0,3,Dusk,Clear,Main,Passenger Train - Pulling,0,14665,0,14665,M406,41.98083,-86.10889,45.6,53.7,64.6
ATK,180941,2024-07-01,9:35 AM,Obstruction,0,DOWNINGTOWN,PA,0,2,Day,Clear,Main,Passenger Train - Pulling,45,18462,0,18462,M404,39.999533,-75.720337,77,69.8,72.4
ATK,143723,2016-08-09,5:45 PM,Other (describe in narrative),0,DOWNINGTOWN,PA,85,2,Day,Clear,Main,Passenger Train - Pulling,90,17914,13287,31201,T404,40.000674,-75.715607,74.3,74.2,80.2
ATK,165617,2020-10-16,6:55 PM,Other (describe in narrative),0,DOWNINGTOWN,PA,51,3,Dusk,Rain,Main,Passenger Train - Pulling,90,18569,5346,23915,T404,39.982841,-75.83021,61.7,54.3,48.2
SEPA,SEPA082321,2021-08-23,11:25 AM,Other (describe in narrative),0,DOYLESTOWN,PA,85,2,Day,Clear,Main,EMU,45,0,20355,20355,T404,40.290841,-75.198524,73.8,76.9,80
SEPA,SEPA090121,2021-09-01,5:40 PM,Other (describe in narrative),0,DOYLESTOWN,PA,75,2,Day,Rain,Main,EMU,30,0,19135,19135,T404,40.298863,-75.141667,77,69.2,67.9
UP,1216ST009,2016-12-15,2:45 PM,Fire/violent rupture,0,DRAGOON,AZ,75,2,Day,Clear,Main,Freight Train,15,25065,0,25065,E74L,32.039181,-109.97453,57,60.8,62.3
UP,0715SL003,2015-07-10,5:07 AM,Fire/violent rupture,0,DRESDEN,MO,70,4,Dark,Cloudy,Main,Freight Train,35,51240,0,51240,E79L,38.725099,-93.281683,67.6,73.9,81.9
WC,973578,2018-09-20,6:15 PM,Derailment,0,DRESSER,WI,41,3,Dusk,Rain,Main,,0,0,77899,82023,H522,45.352731,-92.635236,59.4,61,53.9
CP,1000840201,2018-09-20,6:15 PM,Derailment,0,DRESSER,WI,41,3,Dusk,Rain,Main,Freight Train,5,4124,0,82023,H522,45.352731,-92.635236,59.4,61,53.9
ATK,150985,2017-12-18,7:33 AM,Derailment,0,DU PONT,WA,48,1,Dawn,Rain,Main,Passenger Train - Pulling,78,25406000,0,25831000,H604,47.082418,-122.675154,34.4,35.1,36.9
SCR,SCR171218,2017-12-18,7:33 AM,Derailment,0,DU PONT,WA,48,1,Dawn,Rain,Main,,0,0,425000,25831000,H604,47.082418,-122.675154,34.4,35.1,36.9