reportingrailroadcode,accidentnumber,date,time,accidenttype,hazmatreleasedcars,station,stateabbr,temperature,visibility_code,visibility,weathercondition,tracktype,equipmenttype,trainspeed,equipmentdamagecost,trackdamagecost,totaldamagecost,primaryaccidentcausecode,latitude,longitude,prior_temp,actual_temp,following_temp
NS,116523,2015-07-14,3:50 PM,Rear end collision,0,DUBLIN,VA,83,2,Day,Clear,Main,Freight Train,0,466645,318685,1946689,H222,37.126029,-80.648965,73.4,72,71.7
NS,116523,2015-07-14,3:50 PM,Rear end collision,0,DUBLIN,VA,83,2,Day,Clear,Main,Freight Train,30,1161359,0,1946689,H222,37.126029,-80.648965,73.4,72,71.7
FWWR,23053101,2023-05-31,2:20 PM,Hwy-rail crossing,0,DUBLIN,TX,57,2,Day,Clear,Main,Light loco(s),41,15062,32992,48054,M308,32.12118,-98.27411,74.3,76.3,76.5
FWWR,16012101,2016-01-21,4:00 PM,Derailment,0,DUBLIN,TX,45,2,Day,Clear,Siding,Freight Train,4,185214,22971,208185,E64C,32.098998,-98.318012,41.3,44.5,37.8
FWWR,20112401,2020-11-24,10:30 AM,Derailment,0,DUBLIN,TX,57,2,Day,Fog,Yard,Yard/switching,8,9470,12979,22449,T210,32.088666,-98.336128,50.8,66.1,53
UP,1218RM028,2018-12-14,1:00 PM,Derailment,0,DUBOIS,ID,22,2,Day,Cloudy,Main,Freight Train,9,36934,13092,50026,H702,44.179079,-112.227561,17.1,13.4,25.5
CC,857184,2015-06-30,12:00 PM,Derailment,0,DUBUQUE,IA,71,2,Day,Cloudy,Yard,Freight Train,8,19142,33675,52817,H704,42.490544,-90.660193,67.2,67,62.2
CP,1000508666,2017-02-05,5:22 AM,Derailment,0,DUBUQUE,IA,26,4,Dark,Cloudy,Main,Freight Train,34,816281,12388,828669,T220,42.458719,-90.581507,21.8,26.6,33.7
CPKC,1002026695,2024-01-12,12:45 AM,Other impacts,0,DUBUQUE,IA,26,4,Dark,Snow,Yard,Freight Train,3,345,0,36300,H306,42.516681,-90.660096,23.3,27.2,9
CPKC,1002026695,2024-01-12,12:45 AM,Other impacts,0,DUBUQUE,IA,26,4,Dark,Snow,Siding,Cut of cars,0,35955,0,36300,H306,42.516681,-90.660096,23.3,27.2,9
CP,1001783636,2022-10-21,10:10 PM,Derailment,0,DUBUQUE,IA,47,4,Dark,Clear,Siding,Freight Train,10,249135,2074,251209,T210,42.493811,-90.662004,44.2,55.4,64.4
NS,138261,2020-06-17,9:20 AM,Hwy-rail crossing,0,DULUTH,GA,68,2,Day,Clear,Main,Freight Train,46,762385,271945,1034330,M303,33.98658,-84.1542,64.4,64.9,69.4
BNSF,TC0617103,2017-06-05,1:00 PM,Derailment,0,DULUTH,MN,56,2,Day,Clear,Yard,Yard/switching,4,900,23077,23977,H607,46.765836,-92.118084,61.8,55,56.4
WC,1076053,2021-07-07,7:30 AM,Obstruction,0,DULUTH,MN,70,1,Dawn,Clear,Yard,Spec. MoW Equip.,0,20140,0,20140,H210,46.659087,-92.215867,62.3,57.7,56.5
WC,1076053,2021-07-07,7:30 AM,Obstruction,0,DULUTH,MN,70,1,Dawn,Clear,Yard,Maint./inspect Car,4,0,0,20140,H210,46.659087,-92.215586,62.3,57.7,56.5
BNSF,TC0120111,2020-01-07,8:00 PM,Derailment,0,DULUTH,MN,9,3,Dusk,Snow,Yard,Yard/switching,10,13965,1000,15600,H703,46.728585,-92.166863,25.1,15.5,0.4
BNSF,TC0120111,2020-01-07,8:00 PM,Derailment,0,DULUTH,MN,9,3,Dusk,Snow,Yard,Single Car,0,635,0,15600,H703,46.728585,-92.166863,25.1,15.5,0.4
BNSF,TC0624108,2024-06-12,11:12 AM,Derailment,0,DULUTH,MN,71,2,Day,Cloudy,Yard,Freight Train,7,11700,68385,80085,H997,46.771211,-92.114623,52.9,64.6,67
WC,1069792,2021-05-06,11:00 AM,Fire/violent rupture,0,DULUTH,MN,60,2,Day,Clear,Main,Light loco(s),12,32258,0,32258,E74L,46.780608,-92.289065,45.9,47.3,42.7
NSSR,2401,2024-08-21,10:00 PM,Derailment,0,DULUTH,MN,77,4,Dark,Clear,Yard,Passenger Train - Pushing,6,54000,0,54000,M503,46.778053,-92.107133,61.1,63,64
BNSF,TC1023102,2023-10-03,5:15 PM,Derailment,0,DULUTH,MN,65,3,Dusk,Clear,Yard,Yard/switching,5,2697,47832,50529,E67C,46.767081,-92.118836,67,71,61.9
WC,1099647,2022-04-12,9:00 PM,Derailment,0,DULUTH,MN,33,4,Dark,Rain,Yard,Freight Train,5,7536,166267,173803,H307,46.752482,-92.135547,40.5,36,34.6
BNSF,TC0716106,2016-07-12,8:40 PM,Derailment,0,DULUTH,MN,75,4,Dark,Clear,Yard,Freight Train,0,0,1500,22309,T001,46.765371,-92.117344,62.8,72.6,70.5
BNSF,TC1123101,2023-11-08,11:00 AM,Derailment,0,DULUTH,MN,38,2,Day,Cloudy,Industry,Yard/switching,10,10400,70000,80400,T110,46.769372,-92.112548,35.7,39,36.1
CP,1000423021,2016-07-12,8:40 PM,Derailment,0,DULUTH,MN,75,3,Dusk,Cloudy,Yard,Yard/switching,2,20809,0,22309,T001,46.765371,-92.11718,62.8,72.6,70.5
BNSF,TC0915113,2015-09-23,10:25 AM,Derailment,0,DULUTH,MN,52,2,Day,Rain,Industry,Yard/switching,6,9000,6000,15000,T110,46.760954,-92.106766,62.5,52.5,54.6
BNSF,TC0916117,2016-09-24,6:55 PM,Derailment,0,DULUTH,MN,58,3,Dusk,Clear,Industry,Yard/switching,9,32588,5000,37588,T314,46.747102,-92.143599,57.5,58.9,61.3
WC,902409,2016-09-30,2:35 PM,Derailment,0,DULUTH,MN,55,2,Day,Clear,Industry,Freight Train,5,9600,45000,54600,T314,46.747335,-92.143225,54.9,53.7,55.7
WC,1103644,2022-05-24,2:30 AM,Derailment,0,DULUTH,MN,47,4,Dark,Clear,Yard,Yard/switching,5,200,240133,240333,T113,46.753976,-92.173299,52.3,53.8,45.6
BNSF,KS1120115,2020-11-30,1:30 AM,Derailment,0,DUMAS,TX,28,4,Dark,Clear,Yard,Freight Train,6,34340,0,34340,H312,36.023582,-101.996023,34.4,33.7,38.8
BNSF,KS0821110,2021-08-19,2:58 PM,Derailment,0,DUMAS,TX,95,2,Day,Clear,Yard,Freight Train,9,267247,9000,276247,H307,36.038102,-102.004388,75,80.1,81.7
TXNW,BNSF201130,2020-11-30,1:30 AM,Derailment,0,DUMAS,TX,28,4,Dark,Clear,Yard,,0,0,0,34340,H312,36.023582,-101.996023,34.4,33.7,38.8
AZER,AZE389320D,2020-04-14,11:30 AM,Derailment,0,DUNCAN,AZ,75,2,Day,Clear,Main,Freight Train,11,10791,5997,16788,M204,32.881616,-109.203498,61.8,59.5,59.3
NS,156580,2024-05-04,3:20 AM,Hwy-rail crossing,0,DUNCAN,IN,65,4,Dark,Clear,Main,Freight Train,30,20000,20000,40000,M302,38.293779,-85.972354,69.1,71.7,71.4
UP,0117WH003,2017-01-06,5:38 PM,Hwy-rail crossing,0,DUNCAN,OK,16,2,Day,Clear,Main,Freight Train,37,24522,0,24522,M306,34.448961,-97.958353,26.2,17.6,19.3
UP,0615CB013,2015-06-21,12:35 AM,Hwy-rail crossing,1,DUNCAN,NE,70,4,Dark,Clear,Main,Freight Train,60,365737,161270,527007,M302,41.352156,-97.579344,77.5,74.7,78.8
BNSF,TX0116102,2016-01-05,11:00 AM,Derailment,0,DUNCANVILLE,TX,40,2,Day,Clear,Yard,Cut of cars,4,63966,3500,67466,H020,32.689452,-96.904955,41.4,37.8,44.2
CC,1097381,2022-03-18,3:00 PM,Derailment,0,DUNCOMBE,IA,37,2,Day,Cloudy,Yard,Freight Train,5,31000,3968,34968,M405,42.47195,-94.018543,43,38.7,40.9
CSX,000202133,2021-12-30,11:42 PM,Derailment,0,DUNDALK,MD,38,4,Dark,Clear,Yard,Freight Train,4,8900,7971,16871,H702,39.254196,-76.497296,46.9,48.1,50
NS,133283,2019-03-20,4:34 AM,Derailment,0,DUNEAN,SC,36,1,Dawn,Clear,Siding,Light loco(s),1,12279,0,12279,H607,34.788584,-82.425873,45.9,49.2,51.8
BNSF,SF0515112,2015-05-30,8:45 AM,Derailment,0,DUNFERMLINE,IL,74,1,Dawn,Rain,Yard,Freight Train,8,20155,658007,678162,T111,40.505756,-90.029843,74.2,65.3,54
IANR,DUD1124162,2016-11-24,6:15 PM,Other impacts,0,DUNKERTON,IA,40,4,Dark,Cloudy,Industry,Freight Train,5,57500,1025,58525,H318,42.56732,-92.172393,37.5,35.9,36.2
IANR,DUD0326202,2020-03-26,11:05 PM,Derailment,0,DUNKERTON,IA,40,4,Dark,Cloudy,Industry,Freight Train,7,20629,27628,48257,T111,42.568229,-92.167353,42.2,45.4,46.8
NS,144587,2022-03-03,8:50 AM,Derailment,0,DUNKIRK,NY,24,2,Day,Clear,Main,Freight Train,38,24250,750,25000,E34C,42.490206,-79.305933,32.5,23.1,22.3
NS,122894,2016-11-26,5:25 PM,Hwy-rail crossing,0,DUNKIRK,NY,36,3,Dusk,Sleet,Main,Freight Train,45,12257,760,13017,M303,42.496805,-79.285562,41.9,38.8,39.5
CSX,000201365,2021-11-17,6:10 AM,Hwy-rail crossing,0,DUNN,NC,45,1,Dawn,Clear,Main,Freight Train,20,26449,95,84572,M302,35.309155,-78.609677,47,56.9,62.1
CSX,000201365,2021-11-17,6:10 AM,Hwy-rail crossing,0,DUNN,NC,45,1,Dawn,Clear,Main,Passenger Train - Pulling,60,58028,0,84572,M302,35.309155,-78.609677,47,56.9,62.1
BNSF,PR0721203,2021-07-30,8:14 AM,Hwy-rail crossing,0,DUNNING,NE,80,1,Dawn,Clear,Main,Freight Train,49,31000,4500,35500,M302,41.743023,-100.013689,77.4,77.1,70.8
CSX,000178963,2018-09-25,12:20 PM,Derailment,0,DUO,WV,82,2,Day,Cloudy,Industry,Freight Train,7,86376,8000,94376,T221,38.08642,-80.590334,60.9,66.6,66.8
UP,0518SL007,2018-05-07,11:50 PM,Derailment,0,DUPO,IL,60,4,Dark,Clear,Yard,Yard/switching,7,116462,2584,119046,H601,38.518758,-90.211898,68.1,66.4,66.7
UP,0118SL001,2018-01-09,3:45 AM,Other (describe in narrative),0,DUPO,IL,34,4,Dark,Clear,Yard,Freight Train,6,0,11792,11792,H702,38.539345,-90.201775,35.6,34.3,49.2
UP,0124MA024,2024-01-19,4:30 PM,Derailment,0,DUPO,IL,4,2,Day,Cloudy,Yard,Freight Train,10,177833,4600,182433,H303,38.49603,-90.222124,31.7,15,10
UP,0122MA036,2022-01-30,2:05 AM,Derailment,0,DUPO,IL,24,4,Dark,Clear,Yard,Freight Train,9,25193,176,25369,H503,38.52859,-90.209345,24.2,31.2,36.3
UP,0623MA036,2023-06-27,10:41 AM,Derailment,0,DUPO,IL,80,2,Day,Clear,Yard,Yard/switching,4,36158,0,36158,E29C,38.510739,-90.215416,79.8,77.4,78.8
UP,0919MA023,2019-09-10,12:30 PM,Broken train collision,0,DUPO,IL,90,2,Day,Clear,Yard,Cut of cars,1,210000,0,821225,H503,38.528708,-90.209247,77.1,80.5,80.8
UP,0919MA023,2019-09-10,12:30 PM,Broken train collision,1,DUPO,IL,90,2,Day,Clear,Yard,Yard/switching,11,506505,104720,821225,H503,38.528708,-90.209247,77.1,80.5,80.8
UP,0623MA042,2023-06-30,2:35 AM,Derailment,0,DUPO,IL,76,4,Dark,Clear,Yard,Yard/switching,2,36158,0,36158,M405,38.513807,-90.215113,82.7,83,77.9
UP,0922MA024,2022-09-18,5:45 AM,Derailment,0,DUPO,IL,66,1,Dawn,Clear,Yard,Freight Train,8,14747,16720,31467,H522,38.528708,-90.209247,74.7,75,81.5
UP,0819MA030,2019-08-16,9:57 AM,Derailment,0,DUPO,IL,72,2,Day,Cloudy,Yard,Freight Train,16,21113,700,21813,H703,38.523314,-90.21209,75,75.6,78.9
UP,0822MA035,2022-08-26,9:00 PM,Other (describe in narrative),0,DUPO,IL,74,4,Dark,Clear,Yard,Yard/switching,4,0,16320,16320,H318,38.509492,-90.216356,75.9,77.6,77.4
UP,0315SL017,2015-03-27,11:30 PM,Derailment,0,DUPO,IL,40,4,Dark,Cloudy,Yard,Freight Train,7,14782,300,15082,H306,38.519389,-90.21352,44,37.2,35.9
UP,0419MA045,2019-04-17,11:30 PM,Derailment,0,DUPO,IL,67,4,Dark,Rain,Yard,Light loco(s),6,18620,1250,19870,H202,38.519919,-90.213242,66.7,69.6,56.6
UP,0822MA034,2022-08-26,10:12 PM,Derailment,0,DUPO,IL,81,4,Dark,Clear,Yard,Freight Train,3,23541,7960,31501,E64C,38.520892,-90.210449,75.9,77.6,77.4
UP,0620MA012,2020-06-06,4:17 PM,Derailment,0,DUPO,IL,94,2,Day,Clear,Yard,Freight Train,9,36235,22000,58235,T109,38.53049,-90.208189,76.9,81.9,81.5
UP,0121MA037,2021-01-30,3:30 AM,Derailment,0,DUPO,IL,34,4,Dark,Cloudy,Yard,Freight Train,10,231327,11400,242727,T309,38.504156,-90.218331,28.2,38.2,37.1
URR,9104,2019-03-17,5:30 PM,Derailment,0,DUQUESNE,PA,42,2,Day,Clear,Main,Freight Train,9,9000,18800,27800,M405,40.386922,-79.855151,35,34,35.1
NS,153907,2023-08-12,3:20 AM,Derailment,0,DUQUESNE,PA,69,4,Dark,Rain,Main,Freight Train,8,346645,5255,351900,E00C,40.384117,-79.854593,73.1,74,74.1
URR,8104,2018-02-10,2:24 AM,Derailment,0,DUQUESNE,PA,34,4,Dark,Cloudy,Main,Freight Train,7,4847,7270,12117,H503,40.374715,-79.860253,28.2,42.6,43.1
URR,20101,2020-01-23,11:02 PM,Derailment,0,DUQUESNE,PA,39,4,Dark,Cloudy,Yard,Yard/switching,5,3006,11361,14367,M203,40.377061,-79.853531,24,34.3,41.6
URR,6109,2016-06-26,6:00 PM,Derailment,0,DUQUESNE,PA,80,2,Day,Clear,Main,Freight Train,17,2800,27500,30300,M405,40.368291,-79.875758,74.8,76.7,77.2
URR,9108,2019-06-06,11:02 AM,Derailment,0,DUQUESNE,PA,72,2,Day,Clear,Yard,Yard/switching,7,50000,58000,108000,T308,40.376791,-79.852853,65.9,69.4,68.1
GLC,062724,2024-06-27,8:45 AM,Derailment,0,DURAND,MI,70,2,Day,Cloudy,Yard,Freight Train,10,3000,500,3500,T212,42.9196,-84.002709,73.3,64.3,63.7
HESR,HES061019D,2019-05-29,4:30 PM,Derailment,0,DURAND,MI,67,2,Day,Cloudy,Yard,Yard/switching,9,29916,31914,61830,E23C,42.920475,-84.004383,60.6,58.5,61.2
HESR,HES869518D,2018-11-29,1:00 AM,Derailment,0,DURAND,MI,28,4,Dark,Cloudy,Yard,Yard/switching,6,6090,75000,81090,T221,42.916594,-83.997033,26,26.8,31.1
GTW,869813,2015-10-30,12:30 AM,Derailment,0,DURAND,MI,44,4,Dark,Clear,Main,Freight Train,40,275578,151993,427571,E07C,42.909593,-83.98323,43.6,46.8,47.2
DSNG,1717,2017-06-17,5:12 PM,Side collision,0,DURANGO,CO,94,2,Day,Clear,Main,Passenger Train - Pulling,12,27000,1000,28000,T111,37.275,-107.8794,68.6,72.1,75.4
KRR,KRR330617G,2017-06-14,4:35 AM,Hwy-rail crossing,0,DURANT,OK,71,4,Dark,Cloudy,Main,Freight Train,24,7000,7000,14000,M304,33.995702,-96.401292,82.1,82.3,82.1
IAIS,2022017,2022-05-13,7:20 AM,Hwy-rail crossing,0,DURANT,IA,69,1,Dawn,Clear,Main,Freight Train,34,75000,0,75000,M308,41.598267,-90.899814,85.3,80.1,74.7
IAIS,2017008,2017-02-07,11:55 AM,Hwy-rail crossing,0,DURANT,IA,34,2,Day,Cloudy,Main,Freight Train,38,39000,0,39000,M302,41.601612,-90.940971,37.6,37.8,22.8
ATK,171572,2022-08-04,3:27 PM,Hwy-rail crossing,0,DURHAM,NC,93,2,Day,Clear,Main,Passenger Train - Pulling,68,16530,0,17424,M303,35.938319,-78.849327,82,83.6,83.3
NS,128055,2018-01-08,8:15 PM,Hwy-rail crossing,0,DURHAM,NC,41,4,Dark,Clear,Main,,0,0,25268,25268,M399,35.901563,-78.85252,16.4,31.1,45.6
NS,124040,2017-02-20,1:41 PM,Other impacts,0,DURHAM,NC,67,2,Day,Clear,Industry,Cut of cars,0,6300,0,33900,H302,35.979893,-78.879412,58.4,56.4,54
NS,138676,2020-07-28,7:59 AM,Derailment,0,DURHAM,NC,88,1,Dawn,Clear,Yard,Freight Train,2,36600,16415,53015,H306,35.956563,-78.853431,84.3,81.4,77.8
ATK,151371,2018-01-08,8:15 PM,Hwy-rail crossing,0,DURHAM,NC,41,4,Dark,Clear,Main,Passenger Train - Pulling,66,0,0,25268,M302,35.901563,-78.85252,16.4,31.1,45.6
NS,124040,2017-02-20,1:41 PM,Other impacts,0,DURHAM,NC,67,2,Day,Clear,Industry,Freight Train,4,27600,0,33900,H302,35.979893,-78.879412,58.4,56.4,54
NS,145868,2022-07-16,6:55 PM,Hwy-rail crossing,0,DURHAM,NC,85,3,Dusk,Clear,Main,,0,0,0,0,M308,36.027509,-78.970215,77.5,76.1,80
NS,152341,2023-02-18,1:10 PM,Other impacts,0,DURHAM,NC,58,2,Day,Clear,Yard,Single Car,8,150,0,15667,H312,35.994763,-78.902309,60.2,40.6,46.9
NS,156637,2024-05-08,10:10 AM,Derailment,0,DURHAM,NC,77,2,Day,Cloudy,Industry,Light loco(s),6,12400,0,12400,M101,35.982604,-78.885846,74.3,77,72.2
NS,146078,2022-08-04,3:45 PM,Hwy-rail crossing,0,DURHAM,NC,90,2,Day,Clear,Main,,0,0,894,17424,M303,35.972452,-78.866814,82,83.6,83.3
NS,152341,2023-02-18,1:10 PM,Other impacts,0,DURHAM,NC,58,2,Day,Clear,Yard,Single Car,0,15000,517,15667,H312,35.994763,-78.902309,60.2,40.6,46.9
ATK,178843,2024-03-14,8:21 PM,Hwy-rail crossing,0,DURHAM,NC,74,4,Dark,Clear,Main,Passenger Train - Pulling,54,73575,0,81558,M308,35.979855,-78.879213,59.7,63.5,65.2
NS,156508,2024-03-14,8:21 PM,Hwy-rail crossing,0,DURHAM,NC,72,4,Dark,Clear,Main,,0,0,7983,81558,M308,35.979855,-78.879214,59.7,63.5,65.2
UP,0121PN003,2021-01-04,9:19 PM,Derailment,0,DURKEE,OR,39,4,Dark,Cloudy,Main,Freight Train,19,492436,214896,707332,H503,44.633657,-117.524475,41.3,40,36.6
UP,0724PN040,2024-07-30,8:29 AM,Derailment,0,DURKEE,OR,63,2,Day,Cloudy,Main,Freight Train,6,132056,0,132056,H519,44.629773,-117.5101,72.5,70.1,73.9
RBMN,L09202301,2023-09-20,3:25 PM,Derailment,0,DURYEA,PA,71,2,Day,Clear,Yard,Freight Train,7,4913,20598,25511,T311,41.362605,-75.80347,59.4,58.8,57.5
BNSF,RD1120201,2020-11-03,5:42 PM,Hwy-rail crossing,0,DUSON,LA,69,3,Dusk,Clear,Main,,0,0,0,82059,M302,30.235233,-92.150476,55.4,55.5,58.6
ATK,165746,2020-11-03,5:40 PM,Hwy-rail crossing,0,DUSON,LA,61,2,Day,Clear,Main,Passenger Train - Pulling,70,82059,0,82059,M302,30.235233,-92.150476,55.4,55.5,58.6
CSX,000217094,2024-03-28,10:50 PM,Fire/violent rupture,0,DWALE,KY,50,4,Dark,Cloudy,Main,Freight Train,23,75000,0,75000,H515,37.629164,-82.724025,53.8,45.2,54.8
RRVW,92616GCDWI,2016-09-26,10:15 AM,Hwy-rail crossing,0,DWIGHT,ND,50,2,Day,Clear,Main,Freight Train,25,39514,9200,48714,M302,46.311391,-96.74961,57.4,53.9,50.5
UP,0119MA015,2019-01-15,9:35 PM,Obstruction,0,DWIGHT,IL,36,4,Dark,Clear,Main,Freight Train,60,0,20300,20300,M402,41.098419,-88.420541,17.5,28,32.7
BNSF,PR1018105,2018-10-09,8:29 AM,Derailment,0,DWYER,WY,34,1,Dawn,Clear,Main,Freight Train,23,411430,280000,691430,T207,42.241834,-104.956708,35,35.3,32.8
IC,885966,2016-03-13,5:38 AM,Obstruction,0,DYERSBURG,TN,60,4,Dark,Cloudy,Main,,0,0,0,20389,M404,35.97495,-89.386482,59.6,63.6,60.9
IC,1004969,2019-07-10,9:30 AM,Hwy-rail crossing,0,DYERSBURG,TN,90,2,Day,Clear,Industry,Freight Train,7,53000,0,53000,M308,36.051104,-89.344233,83.3,80.4,80.2
TKEN,202102,2021-08-19,5:19 PM,Hwy-rail crossing,0,DYERSBURG,TN,92,2,Day,Clear,Main,Spec. MoW Equip.,0,59000,0,59000,M302,36.03335,-89.44135,74.5,78.1,77.4
GNBC,G12062014,2014-12-06,11:16 AM,Hwy-rail crossing,0,EAGLE CITY,OK,40,2,Day,Fog,Main,Freight Train,21,92000,0,92000,M302,35.860779,-98.621713,47.3,39.2,43.9
UP,0316TC012,2016-03-24,11:40 PM,Other (describe in narrative),0,EAGLE GROVE,IA,34,4,Dark,Clear,Yard,Yard/switching,4,0,62484,62484,H702,42.676726,-93.917581,38.6,31.5,37.4
UP,0316TC011,2016-03-25,4:09 AM,Derailment,0,EAGLE GROVE,IA,34,4,Dark,Clear,Yard,Freight Train,4,17804,32960,50764,H704,42.676726,-93.917581,31.5,37.4,43.8
UP,1123GL005,2023-11-07,10:06 AM,Other impacts,0,EAGLE GROVE,IA,45,2,Day,Cloudy,Yard,Cut of cars,4,43662,0,113627,H020,42.676465,-93.917016,53,44.8,48.5
UP,1123GL005,2023-11-07,10:06 AM,Other impacts,0,EAGLE GROVE,IA,45,2,Day,Cloudy,Yard,Yard/switching,6,66020,3945,113627,H020,42.676465,-93.917016,53,44.8,48.5
UP,0622GL022,2022-06-22,4:50 PM,Derailment,0,EAGLE GROVE,IA,85,2,Day,Clear,Main,Freight Train,10,3733,245584,249317,E51C,42.657904,-93.900423,81.7,74.5,77.5
UP,0820GL001,2020-08-01,12:41 PM,Other impacts,0,EAGLE GROVE,IA,79,2,Day,Cloudy,Yard,Cut of cars,2,4522,0,14553,E08C,42.676897,-93.917793,69.7,68.9,68.7
UP,0820GL001,2020-08-01,12:41 PM,Other impacts,0,EAGLE GROVE,IA,79,2,Day,Cloudy,Yard,Yard/switching,5,10031,0,14553,E08C,42.676897,-93.917793,69.7,68.9,68.7
UP,0616TC007,2016-06-19,12:45 PM,Other impacts,0,EAGLE GROVE,IA,90,2,Day,Clear,Yard,Yard/switching,8,32,67484,68385,H021,42.675897,-93.916217,76.3,79,76.6
UP,1019GL006,2019-10-07,11:50 AM,Other impacts,0,EAGLE GROVE,IA,60,2,Day,Clear,Yard,Single Car,0,56824,0,57585,H020,42.675265,-93.91461,52.1,53.5,57.6
UP,0616TC007,2016-06-19,12:45 PM,Other impacts,0,EAGLE GROVE,IA,90,2,Day,Clear,Yard,Single Car,1,869,0,68385,H021,42.675897,-93.916217,76.3,79,76.6
UP,1019GL006,2019-10-07,11:50 AM,Other impacts,0,EAGLE GROVE,IA,60,2,Day,Clear,Yard,Yard/switching,2,728,33,57585,H020,42.675265,-93.91461,52.1,53.5,57.6
UP,0121HO002,2021-01-04,10:07 PM,Side collision,0,EAGLE LAKE,TX,54,4,Dark,Clear,Main,Freight Train,4,409956,60729,476594,H306,29.583237,-96.327119,53.6,56.8,58.6
UP,0121HO002,2021-01-04,10:07 PM,Side collision,0,EAGLE LAKE,TX,54,4,Dark,Clear,Main,Freight Train,0,5909,0,476594,H306,29.583237,-96.327119,53.6,56.8,58.6
UP,0823HO023,2023-08-22,2:52 PM,Hwy-rail crossing,0,EAGLE LAKE,TX,98,2,Day,Cloudy,Main,Freight Train,37,6139,185138,191277,M303,29.568191,-96.271217,91,87.9,90
UP,1215HO049,2015-12-30,2:28 PM,Hwy-rail crossing,0,EAGLE LAKE,TX,58,2,Day,Cloudy,Main,Freight Train,44,7239,25250,32489,M304,29.580085,-96.321059,45.4,50.5,50.1
UP,0324HO018,2024-03-17,10:30 AM,Derailment,0,EAGLE LAKE,TX,68,2,Day,Cloudy,Yard,Freight Train,10,20944,38441,59385,T111,29.609013,-96.354378,68.7,66.7,59.8
UP,1215HO048,2015-12-29,9:00 PM,Derailment,0,EAGLE LAKE,TX,40,4,Dark,Cloudy,Industry,Freight Train,6,11403,8570,19973,T110,29.534618,-96.426704,43,45.4,50.5
BNSF,RD1117117,2017-11-17,10:10 AM,Derailment,0,EAGLE PASS,TX,70,2,Day,Clear,Yard,Freight Train,10,1500,0,11148,H607,28.779359,-100.47076,66.4,69.6,69.4
UP,0321SX019,2021-03-22,2:55 PM,Other impacts,0,EAGLE PASS,TX,73,2,Day,Cloudy,Yard,Freight Train,0,7428,0,94147,M404,28.757193,-100.487812,64.9,69.7,70.5
UP,0121SX029,2021-01-31,11:10 PM,Derailment,0,EAGLE PASS,TX,51,4,Dark,Clear,Yard,,0,0,12100,12100,H307,28.839904,-100.433805,65.6,60.2,54.1
UP,0816SA006,2016-08-03,5:00 AM,Derailment,0,EAGLE PASS,TX,85,4,Dark,Clear,Yard,Freight Train,6,5342,121488,126830,T212,28.697257,-100.501567,89.2,89.4,90.1
BNSF,RD0121124,2021-01-31,11:10 PM,Derailment,0,EAGLE PASS,TX,58,4,Dark,Clear,Yard,Freight Train,4,26910,1500,28410,H307,28.839904,-100.433805,65.6,60.2,54.1
UP,0224SX001,2024-02-01,10:43 PM,Derailment,0,EAGLE PASS,TX,66,4,Dark,Clear,Yard,Freight Train,8,17554,30620,48174,H607,28.787883,-100.470691,57.3,65.7,66.3
UP,0418SA024,2018-04-20,10:30 AM,Derailment,0,EAGLE PASS,TX,62,2,Day,Rain,Main,Yard/switching,8,56547,5621,62168,H706,28.73704,-100.491399,67.4,68.1,74.7
UP,0321SX019,2021-03-22,2:55 PM,Other impacts,0,EAGLE PASS,TX,73,2,Day,Cloudy,Yard,Freight Train,8,86719,0,94147,M404,28.757193,-100.487812,64.9,69.7,70.5
BNSF,RD0123106,2023-01-12,2:38 AM,Derailment,0,EAGLE PASS,TX,60,4,Dark,Clear,Yard,Freight Train,9,14025,0,17425,H307,28.779884,-100.470805,67.2,59.8,50.7
UP,0919SX018,2019-09-15,10:25 PM,Fire/violent rupture,0,EAGLE PASS,TX,83,4,Dark,Cloudy,Main,Freight Train,36,973650,43323,1016973,M406,28.895933,-100.424704,83.1,83.5,84
UP,0123SX012,2023-01-12,2:38 AM,Derailment,0,EAGLE PASS,TX,66,4,Dark,Clear,Yard,,0,0,3400,17425,H307,28.839634,-100.433873,67.2,59.8,50.7
UP,0521SX016,2021-05-19,7:17 PM,Derailment,0,EAGLE PASS,TX,75,3,Dusk,Cloudy,Yard,Yard/switching,3,22011,11127,33138,H504,28.762431,-100.483517,75.6,72.6,75.4
UP,0815SA023,2015-08-30,7:38 PM,Derailment,0,EAGLE PASS,TX,95,2,Day,Clear,Yard,Work train,5,18969,1158,20127,H303,28.839007,-100.434043,83.5,83.5,84.8
UP,1117SA018,2017-11-17,10:10 AM,Derailment,0,EAGLE PASS,TX,80,2,Day,Cloudy,Yard,,0,0,9648,11148,H607,28.779359,-100.47076,66.4,69.6,69.4
UP,0316SA004,2016-03-08,5:30 PM,Derailment,0,EAGLE PASS,TX,78,2,Day,Cloudy,Yard,Freight Train,4,12106,130215,142321,H523,28.697253,-100.501557,72.6,76.5,62.6
UP,0224SX016,2024-02-20,4:10 AM,Derailment,0,EAGLE PASS,TX,54,1,Dawn,Clear,Yard,Freight Train,5,60451,23950,84401,H524,28.7801,-100.470948,56.4,63.4,69.1
DQE,ID220080,2022-07-11,3:59 PM,Derailment,0,EAGLETOWN,OK,88,2,Day,Clear,Main,Freight Train,25,1200200,118060,1318260,E07C,34.02159,-94.47425,86.5,83.7,86.2
DQE,ID150033,2015-04-15,10:51 PM,Derailment,0,EAGLETOWN,OK,55,4,Dark,Clear,Main,Freight Train,18,200474,702866,903340,T207,34.033687,-94.589069,60.5,61.3,64.3