reportingrailroadcode,accidentnumber,date,time,accidenttype,hazmatreleasedcars,station,stateabbr,temperature,visibility_code,visibility,weathercondition,tracktype,equipmenttype,trainspeed,equipmentdamagecost,trackdamagecost,totaldamagecost,primaryaccidentcausecode,latitude,longitude,prior_temp,actual_temp,following_temp
UP,0720MA037,2020-07-24,12:35 AM,Derailment,0,EARLE,AR,76,4,Dark,Cloudy,Main,Freight Train,48,1344788,170107,1514895,T221,35.273429,-90.442598,81.1,82.3,81.9
BNSF,NE0715113,2015-07-24,3:00 PM,Derailment,0,EARLING,IA,95,2,Day,Cloudy,Main,Freight Train,8,135000,79000,214000,T101,41.774821,-95.414894,72.6,80,76.5
BPRR,BPR425220D,2020-05-18,10:50 PM,Derailment,0,EAST AURORA,NY,59,4,Dark,Cloudy,Main,Freight Train,34,500000,15195,515195,H703,42.767747,-78.612194,55.6,56.7,61.4
NS,118087,2015-11-05,3:46 PM,Hwy-rail crossing,0,EAST BANGOR,PA,72,2,Day,Clear,Main,Freight Train,23,632,18360,18992,M302,40.877526,-75.195931,55.7,59.8,65.4
UP,0916HO018,2016-09-13,1:05 AM,Hwy-rail crossing,0,EAST BERNARD,TX,73,4,Dark,Clear,Main,Freight Train,46,91,89665,89756,M308,29.540489,-95.989313,80.1,79.9,80.9
CSX,000154785,2015-11-29,11:00 PM,Derailment,0,EAST BERNSTADT,KY,45,4,Dark,Rain,Main,Freight Train,24,45811,10000,55811,M101,37.21372,-84.137612,57,54.6,52.5
EBSR,032015,2015-03-20,7:05 PM,Derailment,0,EAST BROOKFIELD,MA,25,3,Dusk,Clear,Yard,Light loco(s),7,20000,5000,25000,H303,42.225697,-72.032013,22.4,23.6,32.2
NS,140249,2021-01-13,6:45 PM,Derailment,0,EAST CANTON,OH,34,3,Dusk,Clear,Yard,Yard/switching,5,12047,0,12047,H306,40.818929,-81.313846,27.2,34.2,40.5
NS,122859,2016-11-22,12:30 PM,Derailment,1,EAST CANTON,OH,40,2,Day,Clear,Yard,Yard/switching,4,44000,154130,198130,H312,40.818952,-81.313794,30,29.5,34.1
NS,144953,2022-04-12,8:55 AM,Other (describe in narrative),0,EAST CANTON,OH,65,2,Day,Clear,Yard,Yard/switching,8,127495,10284,137779,H702,40.818929,-81.313846,50.5,58.5,66.2
NS,143295,2021-10-27,11:55 PM,Side collision,0,EAST CANTON,OH,63,4,Dark,Cloudy,Yard,Freight Train,4,5000,0,66101,H020,40.818929,-81.313846,48.7,51.2,55.9
NS,143295,2021-10-27,11:55 PM,Side collision,0,EAST CANTON,OH,63,4,Dark,Cloudy,Yard,Cut of cars,4,61101,0,66101,H020,40.818929,-81.313846,48.7,51.2,55.9
NS,123686,2017-01-24,11:00 AM,Derailment,0,EAST CANTON,OH,39,2,Day,Clear,Yard,Yard/switching,4,3550,30857,34407,T207,40.818952,-81.313794,47.6,39.3,42.8
UP,0422ES015,2022-04-08,1:30 PM,Derailment,0,EAST CARBON,UT,59,2,Day,Clear,Industry,Maint./inspect Car,15,36198,0,36198,H997,39.534697,-110.508891,49.5,50.6,51.9
IHB,2774,2022-08-15,2:24 AM,Side collision,0,EAST CHICAGO,IN,72,4,Dark,Clear,Main,Freight Train,0,54505,0,58023,H221,41.651286,-87.452489,69.8,70.8,71.4
IHB,2209,2016-04-29,11:36 AM,Other impacts,0,EAST CHICAGO,IN,50,2,Day,Cloudy,Yard,Yard/switching,4,13476,0,13476,H018,41.644067,-87.459182,47.9,45.7,46.7
IHB,2303,2017-04-05,2:15 AM,Other impacts,0,EAST CHICAGO,IN,45,4,Dark,Cloudy,Yard,Cut of cars,5,28561,0,28561,H318,41.64065,-87.45893,47.8,42.5,41.6
IHB,2032,2014-11-24,6:30 AM,Derailment,0,EAST CHICAGO,IN,49,4,Dark,Rain,Yard,Freight Train,6,4109,6636,10745,H522,41.693202,-87.454764,50.4,38,25.2
IHB,2165,2015-12-10,5:00 PM,Side collision,0,EAST CHICAGO,IN,53,4,Dark,Clear,Yard,Yard/switching,4,0,0,540865,H318,41.632777,-87.457777,46.3,48.8,48
CSX,000212341,2023-07-15,1:15 PM,Derailment,0,EAST CHICAGO,IN,85,2,Day,Cloudy,Yard,Yard/switching,4,6022,6554,12576,E64C,41.630629,-87.466931,76.2,74.4,72.2
IHB,2114,2015-06-25,5:00 PM,Other impacts,0,EAST CHICAGO,IN,61,2,Day,Clear,Yard,Yard/switching,1,48238,0,48238,H018,41.632617,-87.460031,69.6,70.5,63.7
IHB,2109,2015-06-08,10:45 AM,Derailment,0,EAST CHICAGO,IN,71,2,Day,Clear,Yard,Yard/switching,4,14182,8870,23052,H312,41.639328,-87.458843,66.3,71.2,70
NS,146199,2022-08-15,3:24 AM,Side collision,0,EAST CHICAGO,IN,72,4,Dark,Clear,Main,Freight Train,7,3518,0,58023,H221,41.518572,-87.466415,69.8,70.8,71.4
IHB,2165,2015-12-10,5:00 PM,Side collision,0,EAST CHICAGO,IN,53,4,Dark,Clear,Yard,Yard/switching,4,538542,2323,540865,H318,41.632777,-87.457777,46.3,48.8,48
IHB,2573,2020-01-08,10:40 AM,Derailment,0,EAST CHICAGO,IN,31,2,Day,Clear,Yard,Yard/switching,6,22500,3500,26000,T220,41.654155,-87.442514,32.9,22.3,39
IHB,2618,2020-07-23,7:00 AM,Derailment,0,EAST CHICAGO,IN,74,1,Dawn,Clear,Yard,,0,0,16040,16040,H602,41.650642,-87.437414,76.4,72.8,74.1
IHB,2477,2018-12-22,2:30 AM,Derailment,0,EAST CHICAGO,IN,30,4,Dark,Cloudy,Yard,,0,0,13723,13723,H503,41.650507,-87.43791,34.2,31.9,34.1
NS,128983,2018-03-27,5:30 AM,Derailment,0,EAST CHICAGO,IN,50,1,Dawn,Rain,Main,,0,0,12162,12162,E61C,41.6658,-87.460649,41.8,48.6,45.1
NS,137746,2020-04-16,6:18 AM,Derailment,0,EAST CHICAGO,IN,31,1,Dawn,Clear,Main,Freight Train,25,15138,41764,56902,E52C,41.655046,-87.445042,32.5,36.4,34.7
IHB,2170,2016-01-17,6:30 PM,Other (describe in narrative),0,EAST CHICAGO,IN,2,4,Dark,Cloudy,Yard,Yard/switching,8,64502,885,65387,H702,41.651438,-87.438889,28.3,6.4,3.5
WC,1028505,2020-02-26,6:19 PM,Derailment,0,EAST CHICAGO,IN,29,4,Dark,Cloudy,Main,Freight Train,0,0,300000,2962453,T201,41.629719,-87.394904,34.6,29.6,26.2
IHB,2098,2015-05-03,12:45 PM,Derailment,0,EAST CHICAGO,IN,64,2,Day,Clear,Yard,Freight Train,4,16323,7056,23379,T205,41.698294,-87.45758,62.3,68.1,64.2
IHB,2588,2020-02-26,6:19 PM,Derailment,0,EAST CHICAGO,IN,29,3,Dusk,Snow,Main,Freight Train,0,0,3000,2962453,T201,41.630078,-87.431968,34.6,29.6,26.2
IHB,2814,2023-03-03,5:55 PM,Side collision,0,EAST CHICAGO,IN,34,2,Day,Sleet,Yard,Cut of cars,0,38654,869,45925,T315,41.645134,-87.429494,35.2,34.8,36.3
NICD,N2200001,2022-01-03,6:27 AM,Other (describe in narrative),0,EAST CHICAGO,IN,20,4,Dark,Snow,Main,Commuter Train - Pulling,50,12363,5640,18003,T404,41.610858,-87.477112,24.8,14.7,27.7
IHB,2814,2023-03-03,5:55 PM,Side collision,0,EAST CHICAGO,IN,34,2,Day,Sleet,Yard,Freight Train,7,5533,869,45925,T315,41.645134,-87.429494,35.2,34.8,36.3
IHB,2203,2016-04-07,6:32 AM,Derailment,0,EAST CHICAGO,IN,0,1,Dawn,Sleet,Siding,Freight Train,5,4092,8325,12417,T314,41.633365,-87.459299,46.2,39,36.5
IHB,2265,2016-11-18,8:00 PM,Derailment,0,EAST CHICAGO,IN,50,4,Dark,Cloudy,Industry,Freight Train,3,522,13690,14212,T199,41.632231,-87.456689,59.6,57,36
NICD,N1800027,2018-12-21,11:40 PM,Other impacts,0,EAST CHICAGO,IN,32,4,Dark,Clear,Main,Passenger Train - Pulling,70,31902,12191,44093,T499,41.649594,-87.436542,44.3,34.2,31.9
GC,GCR933416D,2016-03-31,2:10 PM,Derailment,0,EAST DUBLIN,GA,78,2,Day,Cloudy,Main,Freight Train,20,5200,34490,39690,E46C,32.459461,-82.708522,59.4,68,66.8
BNSF,CH1015101,2015-10-02,3:55 AM,Derailment,0,EAST DUBUQUE,IL,44,4,Dark,Clear,Main,Freight Train,10,15000,2500,17500,H607,42.489866,-90.641108,51.2,50.8,49
IC,933635,2017-08-23,1:45 AM,Derailment,0,EAST HAZELCREST,IL,59,4,Dark,Clear,Yard,Freight Train,4,33200,1400,34600,H702,41.59929,-87.646265,72.8,66.4,63.7
IC,988606,2019-02-21,6:20 PM,Other impacts,0,EAST HAZELCREST,IL,30,4,Dark,Cloudy,Yard,Freight Train,5,15500,585,43685,H020,41.581991,-87.6577,32.6,31,31.3
NIRC,2019071271,2019-02-21,6:20 PM,Other impacts,0,EAST HAZELCREST,IL,30,4,Dark,Cloudy,Yard,,0,0,27600,43685,H020,41.581991,-87.6577,32.6,31,31.3
NS,151299,2022-10-28,12:56 AM,Derailment,0,EAST JULIETTE,GA,53,4,Dark,Cloudy,Industry,Freight Train,3,20000,0,20000,E85C,33.081675,-83.779805,59.4,62.9,61
GTW,1090370,2021-12-11,11:53 AM,Obstruction,0,EAST LANSING,MI,48,2,Day,Cloudy,Main,Freight Train,12,152,32000,32152,M105,42.72109,-84.46226,40.9,45.9,38.5
LRS,01,2017-06-16,8:30 AM,Other impacts,0,EAST LAURINBURG,NC,78,2,Day,Clear,Siding,Light loco(s),20,70000,0,70000,H515,34.766662,-79.438193,78.5,77.9,77.8
NS,140191,2021-01-01,12:30 PM,Derailment,0,EAST MOUNT CARMEL,IN,44,2,Day,Cloudy,Industry,Freight Train,1,12017,0,12017,M101,38.364957,-87.787158,29.7,38.6,36
NJTR,201604225,2016-04-11,7:20 AM,Other (describe in narrative),0,EAST ORANGE,NJ,54,2,Day,Clear,Main,EMU,40,16932,4408,21340,T404,40.757596,-74.200207,40.8,53.1,54.2
NS,152207,2023-02-03,8:54 PM,Derailment,8,EAST PALESTINE,OH,10,4,Dark,Clear,Main,Freight Train,42,3426467,2807653,6234120,E53C,40.835793,-80.526399,26.1,13.5,17.5
TPW,TPW694315R,2015-02-15,2:55 PM,Derailment,0,EAST PEORIA,IL,12,2,Day,Clear,Siding,Yard/switching,5,30000,4000,34000,M101,40.666149,-89.580097,18.4,9.4,16.4
TPW,TPW587823D,2023-10-30,11:15 AM,Derailment,0,EAST PEORIA,IL,40,2,Day,Cloudy,Yard,Yard/switching,11,109854,15822,125676,M204,40.66734,-89.55916,41.4,34.9,32.3
TPW,TPW180317D,2017-01-06,1:59 PM,Derailment,1,EAST PEORIA,IL,9,2,Day,Clear,Main,Freight Train,9,40000,50000,90000,T314,40.670626,-89.539145,10.5,3.4,10.8
NS,156015,2024-03-12,10:00 AM,Derailment,0,EAST PETERSBURG,PA,60,2,Day,Clear,Industry,Freight Train,8,8000,6965,14965,T315,40.093788,-76.35999,44.2,52.1,55.9
NS,128390,2018-02-04,4:50 PM,Derailment,0,EAST POINT,GA,55,3,Dusk,Clear,Yard,Yard/switching,4,7624,14944,22568,H306,33.677828,-84.43927,39.3,41.9,43.5
NS,133339,2019-03-25,3:30 AM,Other impacts,0,EAST POINT,GA,55,4,Dark,Cloudy,Yard,Yard/switching,6,6096,24014,30260,H312,33.677828,-84.43927,61.1,60.8,55.6
NS,133339,2019-03-25,3:30 AM,Other impacts,0,EAST POINT,GA,55,4,Dark,Cloudy,Yard,Single Car,0,150,0,30260,H312,33.677828,-84.43927,61.1,60.8,55.6
NS,143307,2021-10-29,12:45 PM,Derailment,0,EAST POINT,GA,60,2,Day,Cloudy,Yard,Freight Train,7,10850,1910,12760,H307,33.67904,-84.439508,57.1,53.8,53.7
NS,152597,2023-03-21,7:40 AM,Other (describe in narrative),0,EAST POINT,GA,40,1,Dawn,Clear,Yard,Yard/switching,3,37500,1417,38917,H702,33.679041,-84.439508,41,49.2,56.7
NS,151953,2023-01-08,11:15 PM,Derailment,0,EAST POINT,GA,56,4,Dark,Clear,Yard,Freight Train,4,5840,17117,22957,H306,33.679041,-84.439508,51,55.3,48.5
NS,151300,2022-10-28,4:00 AM,Other (describe in narrative),0,EAST POINT,GA,55,1,Dawn,Clear,Yard,Freight Train,4,23532,4211,27743,H307,33.679041,-84.439508,58.5,61.3,59.1
NS,115876,2015-05-31,2:20 PM,Derailment,0,EAST POINT,GA,75,2,Day,Clear,Yard,Yard/switching,3,10550,3025,13575,H312,33.689885,-84.436434,76,74.6,72.6
CSX,000168943,2017-05-17,4:27 PM,Hwy-rail crossing,0,EAST POINT,GA,88,2,Day,Clear,Main,Freight Train,30,10611,589,11200,M308,33.649104,-84.520758,78.5,78.5,80.1
NS,146121,2022-08-09,2:30 AM,Derailment,0,EAST POINT,GA,64,4,Dark,Clear,Yard,Freight Train,7,4582,27229,31811,T110,33.67904,-84.439508,78.6,77.1,76.5
NS,126623,2017-09-14,2:50 PM,Derailment,0,EAST POINT,GA,78,2,Day,Clear,Industry,Freight Train,3,900,54063,54963,T110,33.682218,-84.440133,66.7,71.4,74.1
NS,124250,2017-03-09,11:45 AM,Derailment,0,EAST POINT,GA,72,2,Day,Clear,Yard,Light loco(s),5,120,10925,11045,T110,33.677828,-84.43927,59.4,60.3,60.5
NS,121783,2016-08-22,8:00 AM,Derailment,0,EAST POINT,GA,72,2,Day,Clear,Yard,Light loco(s),6,12455,400,12855,T110,33.677863,-84.439277,78,79.3,82
NS,138679,2020-07-28,6:40 AM,Derailment,0,EAST POINT,GA,72,1,Dawn,Clear,Yard,Yard/switching,3,1200,10996,12196,T207,33.677828,-84.43927,83.3,81.3,78.3
CSX,000149531,2015-07-22,6:27 AM,Hwy-rail crossing,0,EAST RIDGE,TN,78,1,Dawn,Clear,Main,Freight Train,33,1318,18100,19418,M399,35.002781,-85.181763,82.7,77.8,77.9
CSX,000163137,2016-09-26,4:00 AM,Derailment,0,EAST SAINT LOUIS,IL,63,4,Dark,Rain,Yard,Freight Train,5,11251,1141,12392,T217,38.642253,-90.098853,78.4,66,65.5
CSX,000164388,2016-11-16,3:45 AM,Derailment,0,EAST SAINT LOUIS,IL,45,4,Dark,Clear,Yard,Freight Train,5,33474,435,33909,E41C,38.642253,-90.098853,50.7,54.7,65.4
CSX,000165255,2016-12-18,12:50 PM,Derailment,0,EAST SAINT LOUIS,IL,15,2,Day,Snow,Yard,Freight Train,3,22391,1080,23471,T207,38.642253,-90.098853,31.2,11.1,12.4
ALS,20220603,2022-06-03,11:59 AM,Derailment,0,EAST ST LOUIS,IL,79,2,Day,Clear,Main,Freight Train,7,10100,37490,85014,H514,38.597109,-90.155075,70.1,68.8,72.8
ALS,20150325,2015-03-25,9:30 PM,Derailment,0,EAST ST LOUIS,IL,55,4,Dark,Rain,Yard,Cut of cars,4,10250,8531,18781,M408,38.595088,-90.147473,39.2,51.9,44
UP,0615SL011,2015-06-28,4:15 PM,Derailment,0,EAST ST LOUIS,IL,85,2,Day,Clear,Yard,Freight Train,9,69336,0,310354,S011,38.588576,-90.127867,73.2,73.3,75.9
ALS,0623AS002,2023-06-05,6:35 AM,Derailment,0,EAST ST LOUIS,IL,82,1,Dawn,Clear,Yard,Freight Train,4,17750,15860,33610,M204,38.594599,-90.146496,76.6,72.3,72.5
ALS,200903,2020-09-03,6:30 PM,Derailment,0,EAST ST LOUIS,IL,78,2,Day,Clear,Yard,Yard/switching,7,112000,2200,114200,M401,38.597521,-90.155205,72.9,77,69.4
KCS,18072502,2018-07-25,4:45 PM,Derailment,0,EAST ST LOUIS,IL,85,2,Day,Clear,Yard,Cut of cars,0,0,0,30197,H702,38.589705,-90.149426,77.5,77.1,74
ALS,22220819,2022-08-19,8:30 PM,Derailment,0,EAST ST LOUIS,IL,80,4,Dark,Clear,Yard,Freight Train,4,57900,4550,62450,H703,38.585799,-90.132056,72.1,73.7,76.1
KCS,18072502,2018-07-25,4:45 PM,Derailment,0,EAST ST LOUIS,IL,85,2,Day,Clear,Yard,Yard/switching,6,16278,13919,30197,H702,38.589705,-90.149426,77.5,77.1,74
ALS,20180124,2018-01-24,6:00 PM,Derailment,0,EAST ST LOUIS,IL,43,3,Dusk,Cloudy,Yard,Light loco(s),4,11352,1915,13267,S011,38.597013,-9.148466,35.9,33.2,44.4
ALS,20181211,2018-12-11,9:15 PM,Raking collision,0,EAST ST LOUIS,IL,42,4,Dark,Clear,Yard,Yard/switching,4,9200,2023,11223,S006,38.588483,-90.140672,26,35.9,45.1
ALS,0724AS001,2024-07-02,9:30 PM,Derailment,0,EAST ST LOUIS,IL,83,4,Dark,Clear,Yard,Yard/switching,4,14125,1969,16094,H607,38.577226,-90.133725,71.2,78.4,79
ALS,2102223,2021-02-23,7:16 PM,Derailment,0,EAST ST LOUIS,IL,43,3,Dusk,Clear,Yard,,0,0,800,45439,H518,38.583576,-90.135511,44.6,51.5,49.6
TRRA,19006,2019-03-15,9:30 PM,Derailment,0,EAST ST LOUIS,IL,39,4,Dark,Clear,Main,,0,0,14043,19441,E00C,38.597001,-90.155685,56.8,43.8,41.2
ALS,20180930,2018-09-30,3:05 AM,Derailment,0,EAST ST LOUIS,IL,56,4,Dark,Cloudy,Yard,Yard/switching,0,22500,9080,31580,H307,38.58461,-90.133222,60.8,68.6,71.4
ALS,20180914,2018-09-14,4:45 PM,Raking collision,0,EAST ST LOUIS,IL,88,2,Day,Clear,Yard,Cut of cars,4,16000,575,16575,S006,38.58962,-90.139801,73,76.3,77
ALS,20180817,2018-08-17,1:15 PM,Derailment,0,EAST ST LOUIS,IL,91,2,Day,Clear,Yard,Yard/switching,4,22850,15744,38594,H999,38.588555,-90.135731,80.4,80.5,77.6
ALS,0724AS003,2024-07-06,11:00 PM,Derailment,0,EAST ST LOUIS,IL,74,4,Dark,Clear,Yard,Yard/switching,2,13244,1000,14244,H523,38.599062,-90.152938,78.9,77.3,78.9
ALS,0424AS011,2024-04-18,2:05 AM,Derailment,0,EAST ST LOUIS,IL,59,4,Dark,Clear,Yard,Light loco(s),0,603,0,20468,H506,38.599206,-90.152492,72.7,65.8,53.8
ALS,20171217,2017-12-17,11:30 AM,Derailment,0,EAST ST LOUIS,IL,52,2,Day,Clear,Yard,Yard/switching,7,80695,477986,558681,M405,38.598795,-90.153313,45.4,47,46.6
ALS,0724AS010,2024-07-20,6:35 AM,Derailment,0,EAST ST LOUIS,IL,64,1,Dawn,Clear,Yard,,0,0,5457,21667,H518,38.594954,-90.156142,72,72.9,75
ALS,0324AS019,2024-03-29,2:20 AM,Derailment,0,EAST ST LOUIS,IL,46,4,Dark,Clear,Yard,Yard/switching,4,119301,33,119334,M405,38.596774,-90.146889,48.5,60.7,69.5
TRRA,24005OR,2024-02-25,9:13 AM,Derailment,0,EAST ST LOUIS,IL,50,2,Day,Clear,Yard,Freight Train,0,0,9233,16877,H503,38.597017,-90.162255,41.2,52.6,58.2
UP,0724MA034,2024-07-20,5:53 AM,Derailment,0,EAST ST LOUIS,IL,73,1,Dawn,Clear,Main,Freight Train,6,10553,0,21667,H518,38.594655,-90.156754,72,72.9,75
UP,0723MA005,2023-07-01,11:26 AM,Derailment,0,EAST ST LOUIS,IL,83,2,Day,Clear,Yard,Freight Train,4,52520,0,71976,H503,38.583865,-90.13557,83,77.9,75.1
UP,0224MA027,2024-02-21,3:40 PM,Derailment,0,EAST ST LOUIS,IL,72,2,Day,Clear,Main,,0,0,58,156053,H503,38.596596,-90.155987,46.7,56.2,56.6
ALS,0324AS018,2024-03-27,10:15 PM,Derailment,0,EAST ST LOUIS,IL,41,4,Dark,Clear,Yard,Yard/switching,10,58436,33,58469,M405,38.59291,-90.147623,45.7,43.3,48.5
ALS,20190728,2019-07-28,3:45 PM,Derailment,0,EAST ST LOUIS,IL,69,2,Day,Clear,Yard,Yard/switching,4,32500,48300,80800,H506,38.598286,-90.152894,78.7,80.1,77.2
ALS,20190328,2019-03-28,6:03 PM,Derailment,0,EAST ST LOUIS,IL,61,3,Dusk,Cloudy,Yard,,0,0,2135,15747,H526,38.589612,-90.138829,48.5,58.4,58.4
ALS,0223AS006,2023-02-14,5:10 PM,Derailment,0,EAST ST LOUIS,IL,50,2,Day,Cloudy,Yard,Light loco(s),4,30000,1900,31900,H303,38.650754,-90.162255,47.7,49.3,52.2
ALS,20190623,2019-06-23,9:45 AM,Other impacts,0,EAST ST LOUIS,IL,74,2,Day,Rain,Yard,Freight Train,4,10600,10600,28505,H701,38.587699,-90.135196,71.3,72.3,74.2
ALS,0323AS003,2023-03-05,4:15 PM,Other impacts,0,EAST ST LOUIS,IL,31,2,Day,Clear,Yard,Yard/switching,4,47500,50,147312,H307,38.395821,-90.146091,44.5,50.1,58.9
ALS,1122AS005,2022-11-21,10:37 PM,Derailment,0,EAST ST LOUIS,IL,45,4,Dark,Clear,Yard,Yard/switching,5,48800,0,48800,H523,38.59386,-90.15131,29.8,38.7,40.9
ALS,20180104,2018-01-04,4:00 AM,Derailment,0,EAST ST LOUIS,IL,7,4,Dark,Clear,Main,Light loco(s),4,300,45170,45470,S011,38.599489,-90.1498,19.9,11.9,15.4
TRRA,22019OR,2022-06-03,11:59 AM,Derailment,0,EAST ST LOUIS,IL,80,2,Day,Clear,Main,,0,0,37424,85014,H514,38.597109,-90.155075,70.1,68.8,72.8
ALS,20220721,2022-07-21,5:19 PM,Derailment,0,EAST ST LOUIS,IL,102,2,Day,Clear,Yard,,0,0,39917,69700,H306,38.583059,-90.135795,86,83.1,84.3
ALS,20220726,2022-07-26,3:45 AM,Derailment,0,EAST ST LOUIS,IL,76,4,Dark,Rain,Yard,Yard/switching,4,18000,49500,67500,S011,38.598591,-90.149421,77.1,71.6,76.8
ALS,20160718,2016-07-18,2:30 AM,Raking collision,0,EAST ST LOUIS,IL,78,4,Dark,Clear,Yard,Yard/switching,4,133600,76,133676,H607,38.5994,-90.152508,83.2,85.5,82.9
ALS,220955,2022-09-05,7:20 AM,Derailment,0,EAST ST LOUIS,IL,78,1,Dawn,Clear,Yard,Yard/switching,4,33000,9100,42100,M405,38.587058,-90.133528,71.6,72.9,73
ALS,20220304,2022-03-04,8:15 PM,Derailment,0,EAST ST LOUIS,IL,54,4,Dark,Clear,Yard,Yard/switching,4,4000,62300,66300,S099,38.589002,-90.137388,45.6,46.6,61.8
ALS,20210821,2021-08-21,4:14 AM,Derailment,0,EAST ST LOUIS,IL,75,1,Dawn,Cloudy,Yard,,0,0,100,25290,H514,38.582915,-90.13585,79,79.8,79.2
ALS,20170308,2017-03-08,6:25 PM,Derailment,0,EAST ST LOUIS,IL,50,3,Dusk,Clear,Yard,Yard/switching,3,10405,910,11315,M405,38.598024,-90.153108,53.5,53.6,58.1
CSX,000160673,2016-06-19,1:30 PM,Derailment,0,EAST ST LOUIS,IL,93,2,Day,Clear,Yard,Freight Train,10,27248,7150,34398,E24C,38.642253,-90.098853,79.7,81,84.5
ALS,20220104,2022-01-04,2:00 PM,Derailment,0,EAST ST LOUIS,IL,38,2,Day,Clear,Yard,Yard/switching,4,35000,10000,45000,M405,38.594811,-90.147741,22,30.8,29.7
ALS,0123AS020,2023-01-01,6:50 AM,Derailment,0,EAST ST LOUIS,IL,60,1,Dawn,Clear,Yard,Yard/switching,7,29200,1738,30938,H306,38.584204,-90.134442,41.6,54,56
ALS,202202022,2022-02-02,2:55 PM,Derailment,0,EAST ST LOUIS,IL,22,2,Day,Clear,Yard,Light loco(s),3,28902,5560,34462,M101,38.587515,-90.134987,45.9,24.7,18.3
ALS,20210123,2021-01-23,6:15 AM,Derailment,0,EAST ST LOUIS,IL,19,4,Dark,Clear,Yard,Yard/switching,4,7314,14200,21514,M599,38.588833,-90.136453,31.5,28.8,37.1
ALS,20220203,2022-02-03,8:15 PM,Derailment,0,EAST ST LOUIS,IL,19,4,Dark,Clear,Yard,Yard/switching,4,850,36653,37503,M101,38.587241,-90.134051,24.7,18.3,19.7
ALS,20170822,2017-08-22,2:15 AM,Derailment,0,EAST ST LOUIS,IL,78,4,Dark,Clear,Yard,Yard/switching,3,1350,14689,16039,M405,38.586949,-90.133437,82.9,78.3,70.5
ALS,200708,2020-07-08,1:15 AM,Derailment,0,EAST ST LOUIS,IL,77,4,Dark,Cloudy,Main,Yard/switching,6,230,0,15891,H503,38.640651,-90.154851,82.3,80.9,83.1
ALS,20191221,2019-12-21,11:00 AM,Raking collision,0,EAST ST LOUIS,IL,36,2,Day,Clear,Yard,Yard/switching,7,19650,755,20405,H702,38.596764,-90.152321,32.4,34.1,35.2
UP,1021MA015,2021-10-12,3:00 PM,Derailment,0,EAST ST LOUIS,IL,77,2,Day,Clear,Yard,Freight Train,8,32527,0,49709,H503,38.582947,-90.135811,69.8,64.4,68.5
TRRA,21016OR,2021-02-26,12:40 PM,Derailment,0,EAST ST LOUIS,IL,49,2,Day,Cloudy,Main,,0,0,19087,19087,H523,38.595744,-90.156341,39.3,40.5,47.4
ALS,201126,2020-11-26,6:20 PM,Derailment,0,EAST ST LOUIS,IL,45,3,Dusk,Clear,Yard,Yard/switching,4,8500,11113,19613,H525,38.587569,-90.129171,50.2,45.3,44.1
ALS,201031,2020-10-31,1:30 PM,Derailment,0,EAST ST LOUIS,IL,58,2,Day,Clear,Yard,Yard/switching,7,177597,48875,226472,T220,38.584207,-90.133406,42.7,48.9,47.2
ALS,201024,2020-10-24,6:36 AM,Derailment,0,EAST ST LOUIS,IL,48,1,Dawn,Clear,Yard,,0,0,3450,19723,H210,38.584207,-90.133406,55.1,46.2,48.1
KCS,22012901,2022-01-29,7:30 PM,Derailment,0,EAST ST LOUIS,IL,19,4,Dark,Clear,Yard,Yard/switching,7,33764,17587,51351,E33C,38.58862,-90.147863,25.4,24.3,31.2
KCS,21020802,2021-02-08,8:30 PM,Derailment,0,EAST ST LOUIS,IL,20,4,Dark,Snow,Main,Freight Train,7,1892,191,2083,T212,38.597397,-90.158261,12.7,20.5,17
CSX,000162507,2016-08-30,1:00 PM,Derailment,0,EAST ST LOUIS,IL,90,2,Day,Clear,Yard,Yard/switching,4,21939,2586,24525,H306,38.642253,-90.098853,82.5,77.6,75.9
ALS,20160117,2016-01-17,2:45 PM,Derailment,0,EAST ST LOUIS,IL,18,2,Day,Clear,Yard,Cut of cars,6,4050,8427,12477,M411,38.589614,-90.140266,29.9,17.7,11.6
UP,0722MA003,2022-07-01,2:40 PM,Derailment,0,EAST ST LOUIS,IL,95,2,Day,Clear,Yard,Freight Train,4,27594,0,27594,H525,38.585989,-90.132105,78.9,84.5,75.9
UP,1015SL013,2015-10-20,8:15 PM,Derailment,0,EAST ST LOUIS,IL,65,4,Dark,Cloudy,Yard,Freight Train,3,65243,0,214259,H503,38.582855,-90.135948,59,63.7,69.1
ALS,0124AS009,2024-01-24,9:26 AM,Derailment,0,EAST ST LOUIS,IL,43,2,Day,Clear,Yard,Yard/switching,8,876,46217,47093,S011,38.584256,-90.134056,41.5,44.5,41.2
TRRA,21008OR,2021-02-08,8:30 PM,Derailment,0,EAST ST LOUIS,IL,8,4,Dark,Clear,Main,,0,0,22784,22784,T212,38.597397,-90.158261,12.7,20.5,17
ALS,202004042,2020-04-04,10:30 AM,Derailment,0,EAST ST LOUIS,IL,39,2,Day,Cloudy,Yard,Yard/switching,5,47150,87225,134375,H504,38.539115,-90.152641,60.6,41.2,47.7
ALS,20180420,2018-04-20,6:15 AM,Other impacts,0,EAST ST LOUIS,IL,50,1,Dawn,Clear,Yard,Yard/switching,9,25900,1150,27050,M407,38.595705,-90.147813,44.3,48.8,54.8
UP,0117SL006,2017-01-01,2:20 AM,Derailment,0,EAST ST LOUIS,IL,29,4,Dark,Cloudy,Yard,Freight Train,7,24096,0,72695,M405,38.586939,-90.130196,45.6,32.8,45.6