reportingrailroadcode,accidentnumber,date,time,accidenttype,hazmatreleasedcars,station,stateabbr,temperature,visibility_code,visibility,weathercondition,tracktype,equipmenttype,trainspeed,equipmentdamagecost,trackdamagecost,totaldamagecost,primaryaccidentcausecode,latitude,longitude,prior_temp,actual_temp,following_temp
ALS,200703,2020-07-03,6:15 AM,Derailment,0,EAST ST LOUIS,IL,90,1,Dawn,Clear,Yard,Yard/switching,4,600,11058,11658,H503,38.589384,-90.140683,78.6,81.8,81.1
UP,1020MA029,2020-10-24,6:36 AM,Derailment,0,EAST ST LOUIS,IL,43,1,Dawn,Cloudy,Yard,Freight Train,5,16273,0,19723,H210,38.584207,-90.133406,55.1,46.2,48.1
TRRA,20020,2020-07-08,1:10 AM,Derailment,0,EAST ST LOUIS,IL,77,4,Dark,Cloudy,Main,,0,0,15661,15891,H503,38.640651,-90.154851,82.3,80.9,83.1
ALS,20160901,2016-09-01,9:30 AM,Other impacts,0,EAST ST LOUIS,IL,75,2,Day,Clear,Yard,Yard/switching,7,16700,76,16776,H312,38.586863,-90.13285,75.9,72.3,69.9
ALS,0224AS014,2024-02-25,9:13 AM,Derailment,0,EAST ST LOUIS,IL,50,2,Day,Clear,Yard,Freight Train,7,7644,0,16877,H503,38.597017,-90.162255,41.2,52.6,58.2
ALS,200712,2020-07-12,9:45 PM,Derailment,0,EAST ST LOUIS,IL,85,4,Dark,Clear,Yard,Yard/switching,7,31250,7800,39050,H504,38.599762,-90.151863,82.7,80.7,77.6
TRRA,23036OR,2023-07-19,3:50 AM,Derailment,0,EAST ST LOUIS,IL,72,4,Dark,Clear,Main,,0,0,45548,52948,H501,38.59508,-90.143326,75.3,78.6,81.1
ALS,20170107,2017-01-07,4:15 PM,Derailment,0,EAST ST LOUIS,IL,15,2,Day,Clear,Yard,Yard/switching,5,30225,8875,39100,M405,38.586784,-90.130256,12.2,13,18.6
ALS,0723AS015,2023-07-19,3:49 AM,Derailment,0,EAST ST LOUIS,IL,69,4,Dark,Clear,Main,Freight Train,6,7400,0,52948,H501,38.597256,-90.155675,75.3,78.6,81.1
UP,0919MA013,2019-09-05,11:56 AM,Derailment,0,EAST ST LOUIS,IL,76,2,Day,Clear,Yard,Freight Train,4,23996,0,50451,E66C,38.583389,-90.135504,76.8,70.3,75.9
ALS,20170101,2017-01-01,2:20 AM,Derailment,0,EAST ST LOUIS,IL,29,4,Dark,Cloudy,Yard,,0,0,48599,72695,M405,38.586939,-90.130196,45.6,32.8,45.6
UP,0821MA031,2021-08-21,4:14 AM,Derailment,0,EAST ST LOUIS,IL,75,1,Dawn,Cloudy,Yard,Freight Train,1,25190,0,25290,H514,38.582915,-90.13585,79,79.8,79.2
UP,0722MA045,2022-07-22,12:56 AM,Derailment,0,EAST ST LOUIS,IL,78,4,Dark,Clear,Main,Freight Train,11,187,0,199738,M204,38.610206,-90.166951,83.1,84.3,88.3
ALS,0723AS017,2023-07-19,8:00 AM,Derailment,0,EAST ST LOUIS,IL,80,2,Day,Clear,Yard,Yard/switching,10,5700,19100,24800,H507,38.583498,-90.13914,75.3,78.6,81.1
ALS,20211104,2021-11-04,10:48 PM,Derailment,0,EAST ST LOUIS,IL,39,4,Dark,Clear,Yard,Yard/switching,4,15250,5100,20350,M405,38.587421,-90.134841,38.8,38,38.8
ALS,20211012,2021-10-12,3:00 PM,Derailment,0,EAST ST LOUIS,IL,72,2,Day,Clear,Yard,,0,0,17182,49709,H526,38.582947,-90.135811,69.8,64.4,68.5
ALS,20190803,2019-08-03,2:53 AM,Derailment,0,EAST ST LOUIS,IL,70,4,Dark,Clear,Yard,,0,0,99,25185,H525,38.586133,-90.132147,74.4,77.6,77
ALS,20170621,2017-06-21,4:30 PM,Raking collision,0,EAST ST LOUIS,IL,92,2,Day,Clear,Yard,Cut of cars,3,13130,86,13216,M408,39.596277,-98.147175,78.7,83.8,79.4
UP,0722MA044,2022-07-21,5:19 PM,Other impacts,0,EAST ST LOUIS,IL,95,2,Day,Cloudy,Yard,Freight Train,2,29783,0,69700,H306,38.58877,-90.142263,86,83.1,84.3
ALS,20161220,2016-12-30,9:34 PM,Derailment,0,EAST ST LOUIS,IL,43,4,Dark,Cloudy,Yard,Light loco(s),4,0,11544,11544,H607,38.599561,-90.149926,42,40.5,45.6
ALS,20191122,2019-11-22,5:30 AM,Derailment,0,EAST ST LOUIS,IL,35,1,Dawn,Clear,Yard,Yard/switching,4,5000,7921,12921,M411,38.595712,-90.147437,63.8,40.7,36.9
ALS,0723AS001,2023-07-01,11:26 AM,Derailment,0,EAST ST LOUIS,IL,83,2,Day,Clear,Yard,,0,0,19456,71976,H503,38.583865,-90.13557,83,77.9,75.1
UP,0221MA045,2021-02-23,7:16 PM,Derailment,0,EAST ST LOUIS,IL,43,3,Dusk,Clear,Yard,Freight Train,3,44639,0,45439,H518,38.583576,-90.135511,44.6,51.5,49.6
ALS,20210923,2021-09-23,11:25 PM,Derailment,0,EAST ST LOUIS,IL,50,4,Dark,Clear,Yard,Yard/switching,4,6000,27362,33362,M405,38.585242,-90.136444,61.7,58,63.7
UP,0822MA028,2022-08-19,8:30 PM,Derailment,0,EAST ST LOUIS,IL,77,4,Dark,Clear,Yard,Freight Train,2,86404,0,86404,H503,38.598093,-90.147513,72.1,73.7,76.1
ALS,201909051,2019-09-05,11:56 AM,Derailment,0,EAST ST LOUIS,IL,79,2,Day,Clear,Yard,,0,0,26455,50451,E66C,38.583389,-90.135504,76.8,70.3,75.9
UP,0819MA041,2019-08-23,9:32 PM,Derailment,0,EAST ST LOUIS,IL,71,4,Dark,Clear,Yard,Freight Train,4,17803,0,18003,E09C,38.582529,-90.136418,73,73.9,70.1
ALS,20210822,2021-08-22,9:00 AM,Derailment,0,EAST ST LOUIS,IL,74,2,Day,Clear,Yard,Light loco(s),4,7000,6225,13225,H701,38.590236,-90.139259,79.8,79.2,77.1
UP,0819MA006,2019-08-03,2:53 AM,Derailment,0,EAST ST LOUIS,IL,70,4,Dark,Clear,Yard,Freight Train,3,25086,0,25185,H525,38.586133,-90.132147,74.4,77.6,77
ALS,20210820,2021-08-20,9:50 AM,Derailment,0,EAST ST LOUIS,IL,88,2,Day,Clear,Yard,Yard/switching,4,209012,12852,221864,H018,38.596875,-90.146534,76.2,79,79.8
UP,0121MA035,2021-01-27,2:08 AM,Derailment,0,EAST ST LOUIS,IL,30,4,Dark,Cloudy,Yard,,0,0,4220,19220,H503,38.59563,-90.155866,35.5,28.9,22
ALS,20200329,2020-03-29,12:15 AM,Derailment,0,EAST ST LOUIS,IL,70,4,Dark,Cloudy,Yard,Yard/switching,7,93000,432,93432,H504,38.622929,-90.154938,69.5,59.4,54.1
ALS,20220414,2022-04-14,7:50 AM,Raking collision,0,EAST ST LOUIS,IL,49,1,Dawn,Clear,Yard,Yard/switching,4,95500,33,95533,H307,38.598194,-90.148401,61,48.9,54.1
ALS,20151020,2015-10-20,8:15 PM,Derailment,0,EAST ST LOUIS,IL,65,4,Dark,Cloudy,Yard,,0,0,149016,214259,H503,38.582855,-90.135948,59,63.7,69.1
ALS,210620,2021-06-20,10:15 AM,Derailment,0,EAST ST LOUIS,IL,85,2,Day,Clear,Yard,Yard/switching,4,45000,5200,50200,S007,38.587495,-90.134623,81.6,82.8,70.2
TRRA,22029OR,2022-07-22,12:50 AM,Derailment,0,EAST ST LOUIS,IL,84,4,Dark,Clear,Main,,0,0,199551,199738,M204,38.613853,-90.180437,83.1,84.3,88.3
UP,0319MA043,2019-03-28,6:03 PM,Derailment,0,EAST ST LOUIS,IL,61,3,Dusk,Cloudy,Yard,Freight Train,2,13612,0,15747,H526,38.589612,-90.138829,48.5,58.4,58.4
TRRA,24023OR,2024-07-20,6:35 AM,Derailment,0,EAST ST LOUIS,IL,65,2,Day,Clear,Main,,0,0,5657,21667,H518,38.595555,-90.156111,72,72.9,75
UP,0722MA002,2022-07-01,6:48 PM,Derailment,0,EAST ST LOUIS,IL,93,3,Dusk,Clear,Yard,Freight Train,2,287188,0,287188,H514,38.583442,-90.135103,78.9,84.5,75.9
TRRA,23052I,2023-11-13,2:00 AM,Derailment,0,EAST ST LOUIS,IL,65,4,Dark,Clear,Industry,Yard/switching,3,274,43308,43582,M404,38.623111,-90.176737,48.6,47.8,45.9
ALS,0423AS008,2023-04-13,5:05 AM,Derailment,0,EAST ST LOUIS,IL,55,1,Dawn,Clear,Yard,Light loco(s),5,1680,3033,4713,S014,38.585394,-90.162255,66,63.7,67.1
UP,0221MA053,2021-02-26,12:40 PM,Derailment,0,EAST ST LOUIS,IL,49,2,Day,Cloudy,Main,,0,0,0,19087,H523,38.566948,-90.178067,39.3,40.5,47.4
ALS,0323AS003,2023-03-05,4:15 PM,Other impacts,0,EAST ST LOUIS,IL,62,2,Day,Clear,Yard,Cut of cars,7,80700,19062,147312,M407,38.594466,-90.146386,44.5,50.1,58.9
TRRA,21005OR,2021-01-27,2:08 AM,Derailment,0,EAST ST LOUIS,IL,30,4,Dark,Clear,Main,,0,0,58296,58296,H503,38.595624,-90.155882,35.5,28.9,22
ALS,20190823,2019-08-23,9:32 PM,Derailment,0,EAST ST LOUIS,IL,91,2,Day,Clear,Yard,,0,0,200,18003,E09C,38.582529,-90.136418,73,73.9,70.1
ALS,20150805,2015-08-05,2:30 AM,Raking collision,0,EAST ST LOUIS,IL,65,4,Dark,Clear,Yard,Cut of cars,4,15750,0,15750,S016,38.58925,-90.140482,81.3,76.1,76.9
ALS,20150601,2015-06-01,9:30 PM,Raking collision,0,EAST ST LOUIS,IL,60,4,Dark,Cloudy,Yard,Cut of cars,4,12000,28,12028,S011,38.58925,-90.140482,58.1,61.2,65
ALS,0323AS005,2023-03-14,8:30 AM,Side collision,0,EAST ST LOUIS,IL,31,2,Day,Clear,Yard,Yard/switching,4,47500,50,47550,H307,38.595821,-90.146091,32.7,34.7,41
UP,0622MA003,2022-06-03,11:55 AM,Derailment,0,EAST ST LOUIS,IL,79,2,Day,Clear,Main,Yard/switching,8,0,66,66,H514,38.59715,-90.15564,70.1,68.8,72.8
ALS,220911,2022-09-11,4:15 PM,Derailment,0,EAST ST LOUIS,IL,70,2,Day,Clear,Yard,Yard/switching,4,5800,9050,14850,M411,38.5954,-90.14707,73.1,67.6,65.9
UP,0623MA027,2023-06-20,4:45 AM,Derailment,0,EAST ST LOUIS,IL,64,1,Dawn,Clear,Yard,Freight Train,4,66100,0,140552,E4AC,38.584482,-90.133085,75.8,77.9,77.8
ALS,220906,2022-09-06,5:30 PM,Derailment,0,EAST ST LOUIS,IL,78,2,Day,Clear,Yard,Light loco(s),4,34000,3400,37400,S011,38.59807,-90.14924,72.9,73,72.5
ALS,20150628,2015-06-28,4:15 PM,Derailment,0,EAST ST LOUIS,IL,87,2,Day,Clear,Yard,,0,0,241018,310354,S011,38.588576,-90.127867,73.2,73.3,75.9
ALS,20150901,2015-09-01,12:00 AM,Derailment,0,EAST ST LOUIS,IL,75,4,Dark,Clear,Yard,Yard/switching,7,26350,668,27018,H503,38.583509,-90.135516,79.2,80.6,80.9
TRRA,21003,2021-01-21,11:48 PM,Derailment,0,EAST ST LOUIS,IL,28,4,Dark,Clear,Yard,,0,0,15226,32226,H503,38.640734,-90.154834,36,41.3,31.5
UP,0619MA046,2019-06-23,9:45 AM,Other impacts,0,EAST ST LOUIS,IL,73,2,Day,Cloudy,Yard,Freight Train,7,7305,0,28505,H701,38.587699,-90.135196,71.3,72.3,74.2
ALS,20150202,2015-02-02,11:00 PM,Raking collision,0,EAST ST LOUIS,IL,30,4,Dark,Clear,Yard,Cut of cars,4,18300,58,18358,M408,38.596145,-90.147392,37.2,23,33.4
ALS,20150416,2015-04-16,6:15 PM,Derailment,0,EAST ST LOUIS,IL,70,3,Dusk,Clear,Yard,Yard/switching,4,37000,3179,40179,M405,38.582142,-90.143714,60.4,64.8,67.1
ALS,20191104,2019-11-04,3:45 AM,Derailment,0,EAST ST LOUIS,IL,40,4,Dark,Clear,Yard,,0,0,26208,27267,H505,38.600105,-90.152614,42.8,48.8,45.4
ALS,20171011,2017-10-11,1:00 PM,Derailment,0,EAST ST LOUIS,IL,60,2,Day,Cloudy,Yard,Yard/switching,2,9600,33107,42707,M405,38.58687,-90.133203,70.6,56.7,58.1
TRRA,21002I,2021-01-20,5:03 AM,Derailment,0,EAST ST LOUIS,IL,24,4,Dark,Clear,Industry,Yard/switching,2,20431,33095,53526,H306,38.614831,-90.179729,34.8,36,41.3
UP,0319MA023,2019-03-15,9:30 PM,Derailment,0,EAST ST LOUIS,IL,44,4,Dark,Clear,Main,Freight Train,5,5398,0,19441,E00C,38.597001,-90.155685,56.8,43.8,41.2
ALS,0423AS010,2023-04-13,1:30 PM,Raking collision,0,EAST ST LOUIS,IL,65,2,Day,Clear,Yard,Yard/switching,5,591,33,624,H99E,38.596331,-90.162255,66,63.7,67.1
ALS,201811262,2018-11-26,1:45 AM,Derailment,0,EAST ST LOUIS,IL,30,4,Dark,Sleet,Yard,Yard/switching,2,16500,2237,18737,M405,38.890603,-90.184276,49.3,28.2,23.1
ALS,0723AS012,2023-07-16,7:40 PM,Derailment,0,EAST ST LOUIS,IL,88,3,Dusk,Clear,Yard,Freight Train,0,0,600,25575,T403,38.583964,-90.135609,77.2,75.9,75.4
TRRA,19017,2019-08-08,1:25 PM,Derailment,0,EAST ST LOUIS,IL,85,2,Day,Cloudy,Main,Freight Train,0,0,7847,39441,T199,38.60279,-90.152727,77.3,77.4,79.9
ALS,20210226,2021-02-26,12:40 PM,Derailment,0,EAST ST LOUIS,IL,49,2,Day,Clear,Yard,Freight Train,4,8500,1035,9535,T316,38.595744,-90.156341,39.3,40.5,47.4
ALS,20190912,2019-09-12,11:40 AM,Derailment,0,EAST ST LOUIS,IL,92,2,Day,Clear,Yard,Freight Train,0,0,1802,111459,T403,38.586101,-90.113267,80.8,80.8,76.5
ALS,20191119,2019-11-19,3:30 PM,Derailment,0,EAST ST LOUIS,IL,51,2,Day,Clear,Main,Freight Train,8,37000,836,54977,T314,38.600105,-90.152614,45.8,47,46.2
UP,0723MA026,2023-07-16,7:39 PM,Derailment,0,EAST ST LOUIS,IL,79,3,Dusk,Clear,Yard,Freight Train,2,24975,0,25575,T403,38.583865,-90.13557,77.2,75.9,75.4
CSX,000158236,2016-03-17,6:10 AM,Derailment,0,EAST ST LOUIS,IL,60,1,Dawn,Clear,Yard,Freight Train,0,0,500,13387,T207,38.637647,-90.131042,57.2,54,44.7
ALS,20171027,2017-10-27,4:30 PM,Derailment,0,EAST ST LOUIS,IL,49,2,Day,Clear,Yard,Yard/switching,4,6100,14440,20540,T319,37.598502,-89.148108,59.2,47.9,40.6
UP,1023MA016,2023-10-09,3:52 PM,Derailment,0,EAST ST LOUIS,IL,67,2,Day,Clear,Yard,Freight Train,5,12421,0,12421,T108,38.583865,-90.13557,54.7,54.6,52
ALS,220824,2022-08-24,3:00 PM,Derailment,0,EAST ST LOUIS,IL,75,2,Day,Clear,Yard,Yard/switching,3,23500,5740,29240,T202,38.596931,-90.148401,72.7,72.9,76
UP,0919MA026,2019-09-12,11:40 AM,Derailment,0,EAST ST LOUIS,IL,85,2,Day,Clear,Yard,Freight Train,5,109657,0,111459,T403,38.586101,-90.113267,80.8,80.8,76.5
ALS,20151101,2015-11-01,3:00 PM,Derailment,0,EAST ST LOUIS,IL,70,2,Day,Clear,Yard,Yard/switching,4,22425,66485,88910,T299,38.59659,-90.14821,56,56.2,53.4
TRRA,20029OR,2020-10-19,11:20 AM,Derailment,0,EAST ST LOUIS,IL,45,2,Day,Clear,Main,Freight Train,0,0,29161,34604,T110,38.630235,-90.161688,55.6,45.7,51.3
ALS,20190429,2019-04-29,7:30 PM,Derailment,0,EAST ST LOUIS,IL,71,3,Dusk,Clear,Yard,Freight Train,0,0,18749,75463,T001,38.58695,-90.130128,48.6,62.2,64.3
TRRA,19028,2019-11-11,3:30 PM,Derailment,0,EAST ST LOUIS,IL,51,2,Day,Clear,Main,Freight Train,0,0,17141,54977,T314,38.600105,-90.152614,50.9,32.1,15.6
UP,0719MA007,2019-07-06,9:15 PM,Derailment,0,EAST ST LOUIS,IL,84,4,Dark,Clear,Yard,Freight Train,5,12986,7988,76427,T310,38.582468,-90.136583,79.2,81.8,81.4
UP,1119MA009,2019-11-04,3:45 AM,Derailment,0,EAST ST LOUIS,IL,48,4,Dark,Clear,Yard,Freight Train,2,1059,0,27267,T108,38.600105,-90.152614,42.8,48.8,45.4
UP,0121MA007,2021-01-11,3:00 PM,Derailment,0,EAST ST LOUIS,IL,35,2,Day,Clear,Yard,Freight Train,3,6592,0,40497,T403,38.582962,-90.135788,28.7,28.9,36
ALS,20170711,2017-07-11,12:48 PM,Derailment,0,EAST ST LOUIS,IL,93,2,Day,Clear,Yard,Yard/switching,3,29035,12621,41656,T199,38.590374,-90.138593,86.1,87.9,87
ALS,20190715,2019-07-15,8:00 PM,Derailment,0,EAST ST LOUIS,IL,80,4,Dark,Cloudy,Yard,Yard/switching,4,8250,7785,16035,T199,38.593481,-90.147497,80.7,73.1,77.8
UP,0421MA009,2021-04-06,12:39 PM,Derailment,0,EAST ST LOUIS,IL,77,2,Day,Clear,Main,Freight Train,10,72891,0,98876,T308,38.372377,-90.10615,65.6,69.5,67.8
TRRA,21020,2021-04-06,12:39 PM,Derailment,0,EAST ST LOUIS,IL,66,2,Day,Clear,Main,Freight Train,0,0,25985,98876,T399,38.372377,-90.10615,65.6,69.5,67.8
KCS,19121801,2019-12-18,8:15 AM,Derailment,0,EAST ST LOUIS,IL,20,2,Day,Cloudy,Industry,Yard/switching,5,12249,24490,36739,T207,38.61954,-90.171285,26.7,23.6,30
TRRA,19010,2019-05-09,8:25 PM,Derailment,0,EAST ST LOUIS,IL,60,4,Dark,Clear,Yard,Freight Train,4,19887,6512,26399,T199,38.597044,-90.155714,71.2,62,52.4
UP,0419MA080,2019-04-29,7:30 PM,Derailment,0,EAST ST LOUIS,IL,71,3,Dusk,Clear,Yard,Freight Train,5,56714,0,75463,T001,38.58695,-90.130128,48.6,62.2,64.3
ALS,20170715,2017-07-15,2:18 AM,Derailment,0,EAST ST LOUIS,IL,85,4,Dark,Clear,Yard,Yard/switching,3,39830,68476,108306,T199,38.326721,-90.132214,80.6,78,79.3
ALS,20210122,2021-01-11,2:45 AM,Derailment,0,EAST ST LOUIS,IL,32,4,Dark,Clear,Yard,Freight Train,0,0,33905,40497,T403,38.582962,-90.135788,28.7,28.9,36
UP,0819MA018,2019-08-08,1:25 PM,Derailment,0,EAST ST LOUIS,IL,85,2,Day,Cloudy,Yard,Freight Train,3,22205,0,39441,T199,38.591849,-90.139229,77.3,77.4,79.9
IC,1060722,2021-01-27,2:08 AM,Derailment,0,EAST ST LOUIS,IL,30,4,Dark,Cloudy,Main,Freight Train,10,15000,0,77516,T111,38.558008,-90.110739,35.5,28.9,22
UP,1220MA033,2020-12-31,4:36 AM,Derailment,0,EAST ST LOUIS,IL,26,1,Dawn,Fog,Yard,Freight Train,1,22864,0,23164,T403,38.583109,-90.135623,39.2,29.4,33
ALS,0623AS003,2023-06-06,12:00 PM,Derailment,0,EAST ST LOUIS,IL,86,2,Day,Clear,Yard,Yard/switching,2,9400,13956,23356,T403,38.587075,-90.133627,72.3,72.5,71
ALS,0324AS020,2024-03-30,12:00 PM,Derailment,0,EAST ST LOUIS,IL,70,2,Day,Clear,Main,Freight Train,10,30393,0,48035,T403,38.650754,-90.162255,60.7,69.5,67.8
TRRA,24004OR,2024-02-21,3:40 PM,Derailment,0,EAST ST LOUIS,IL,72,2,Day,Clear,Main,Freight Train,0,0,128468,156053,T403,38.596596,-90.155987,46.7,56.2,56.6
UP,1121MA024,2021-11-15,4:59 AM,Derailment,0,EAST ST LOUIS,IL,30,1,Dawn,Cloudy,Yard,Freight Train,9,19571,0,21686,T204,38.583182,-90.135585,41.4,43.9,53.8
ALS,0224AS011,2024-02-21,3:40 PM,Derailment,0,EAST ST LOUIS,IL,72,2,Day,Clear,Main,Freight Train,10,27527,0,156053,T403,38.597132,-90.155073,46.7,56.2,56.6
ALS,0324AS013,2024-03-23,5:00 PM,Derailment,0,EAST ST LOUIS,IL,51,2,Day,Clear,Yard,Yard/switching,4,10193,4248,14441,T403,38.586539,-90.139612,48.3,43.1,51.1
UP,0722MA028,2022-07-13,8:46 AM,Derailment,0,EAST ST LOUIS,IL,76,2,Day,Clear,Yard,Freight Train,2,17390,0,17390,T403,38.59604,-90.15354,81.4,77.5,80.1
ALS,0524AS006,2024-05-25,9:28 PM,Derailment,0,EAST ST LOUIS,IL,70,4,Dark,Cloudy,Yard,Yard/switching,2,10714,1830,12544,T403,38.584195,-90.134912,75,71.8,71.6
TRRA,24009OR,2024-03-30,12:00 PM,Derailment,0,EAST ST LOUIS,IL,45,2,Day,Clear,Main,Freight Train,0,0,17642,48035,T403,38.596944,-90.155277,60.7,69.5,67.8
ALS,20211119,2021-11-19,6:30 AM,Derailment,0,EAST ST LOUIS,IL,37,1,Dawn,Clear,Yard,Yard/switching,4,8550,23000,31550,T403,38.590024,-90.139155,41.3,35.1,48.4
ALS,20211003,2021-10-03,3:40 PM,Derailment,0,EAST ST LOUIS,IL,71,2,Day,Cloudy,Yard,Freight Train,0,0,99,19117,T403,38.59603,-90.147513,71.1,68.9,67.4
ALS,201331,2020-12-31,4:36 AM,Derailment,0,EAST ST LOUIS,IL,37,4,Dark,Clear,Yard,Freight Train,0,0,300,23164,T403,38.5831,-90.135623,39.2,29.4,33
ALS,20211115,2021-11-15,4:59 AM,Derailment,0,EAST ST LOUIS,IL,38,1,Dawn,Clear,Yard,Freight Train,0,0,2115,21686,T204,38.583182,-90.135585,41.4,43.9,53.8
ALS,20190706,2019-07-06,9:15 PM,Derailment,0,EAST ST LOUIS,IL,85,4,Dark,Clear,Yard,Freight Train,0,0,55453,76427,T310,38.582468,-90.136583,79.2,81.8,81.4
ALS,20190509,2019-05-09,8:25 PM,Derailment,0,EAST ST LOUIS,IL,60,4,Dark,Clear,Yard,Freight Train,0,0,0,26399,T199,38.597044,-90.155714,71.2,62,52.4
UP,1021MA003,2021-10-03,3:40 PM,Derailment,0,EAST ST LOUIS,IL,71,2,Day,Cloudy,Yard,Freight Train,3,19018,0,19117,T403,38.59603,-90.147513,71.1,68.9,67.4
ALS,20190808,2019-08-08,1:25 PM,Derailment,0,EAST ST LOUIS,IL,91,2,Day,Clear,Yard,Freight Train,0,0,9389,39441,T199,38.59891,-90.148268,77.3,77.4,79.9
CSX,000143818,2015-03-28,2:58 AM,Side collision,0,EAST SYRACUSE,NY,20,4,Dark,Clear,Yard,Light loco(s),5,17517,2628,35284,H307,43.073848,-76.172717,33.1,21.5,28.7
CSX,000143818,2015-03-28,2:58 AM,Side collision,0,EAST SYRACUSE,NY,20,4,Dark,Clear,Yard,Freight Train,5,15139,0,35284,H307,43.073848,-76.172717,33.1,21.5,28.7
CSX,000205821,2022-06-27,11:31 AM,Derailment,0,EAST SYRACUSE,NY,80,2,Day,Clear,Yard,Yard/switching,4,47367,96,47463,H312,43.067062,-76.048431,75.9,69.4,64
CSX,000171722,2017-09-19,7:15 AM,Derailment,0,EAST SYRACUSE,NY,75,2,Day,Clear,Yard,Freight Train,4,47024,7312,54336,E21C,43.067112,-76.048421,71.5,69.4,68.1
CSX,000207711,2022-10-08,10:00 PM,Obstruction,0,EAST SYRACUSE,NY,55,4,Dark,Cloudy,Yard,Yard/switching,4,22952,0,22952,H309,43.067062,-76.048431,55.3,46.5,52.5
CSX,000196145,2021-03-07,9:10 PM,Derailment,0,EAST SYRACUSE,NY,8,4,Dark,Cloudy,Yard,Yard/switching,7,36479,500,36979,T221,43.067112,-76.048421,21,20.7,24.7
CSX,000176766,2018-06-03,11:30 PM,Derailment,0,EAST SYRACUSE,NY,59,4,Dark,Cloudy,Yard,Freight Train,10,27551,7324,34875,E46C,43.067112,-76.048421,66.1,60.6,60
CSX,000176897,2018-06-09,6:40 PM,Derailment,0,EAST SYRACUSE,NY,70,3,Dusk,Clear,Yard,Yard/switching,7,160798,9531,170329,E35C,43.067112,-76.048421,65.9,63,65.7
CSX,000191361,2020-07-15,1:45 PM,Derailment,0,EAST SYRACUSE,NY,85,2,Day,Clear,Yard,Freight Train,11,56062,500,56562,E64C,43.067112,-76.048421,72.9,75,73.9
CSX,000215134,2023-12-18,7:30 AM,Derailment,0,EAST SYRACUSE,NY,40,1,Dawn,Rain,Yard,Freight Train,3,10964,22610,33574,M405,43.067062,-76.048431,45.2,44.4,30.5
CSX,000150715,2015-08-16,2:20 AM,Derailment,0,EAST SYRACUSE,NY,65,4,Dark,Clear,Yard,Yard/switching,5,37116,907,38023,H523,43.067106,-76.048455,73.9,75.8,77.7
CSX,000216789,2024-03-18,12:30 AM,Other (describe in narrative),0,EAST SYRACUSE,NY,35,4,Dark,Cloudy,Yard,Yard/switching,5,102348,21800,124148,H702,43.067062,-76.048431,44.4,34.9,33.6
CSX,000171832,2017-09-25,7:15 PM,Derailment,0,EAST SYRACUSE,NY,80,3,Dusk,Clear,Yard,Yard/switching,7,53345,7928,61273,T110,43.067112,-76.048421,73.3,74,73.8
CSX,000196468,2021-03-20,3:40 AM,Derailment,0,EAST SYRACUSE,NY,21,4,Dark,Clear,Yard,Freight Train,12,29112,4000,33112,T207,43.067112,-76.048421,29.3,38.5,44.9
CSX,000149084,2015-07-13,6:50 AM,Derailment,0,EAST SYRACUSE,NY,70,1,Dawn,Clear,Yard,Freight Train,6,38289,100,38389,T314,43.070768,-76.029307,72.9,75.7,72.7
VTR,1482,2019-01-26,9:20 AM,Hwy-rail crossing,0,EAST WALLINGFORD,VT,20,2,Day,Cloudy,Main,Freight Train,20,100000,0,100000,M302,43.449579,-72.877539,26.6,16.7,23.3
BNSF,NW0820201,2020-08-27,9:15 AM,Hwy-rail crossing,0,EAST WENATCHEE,WA,90,2,Day,Clear,Main,Freight Train,55,10000,200000,210000,M302,47.34894,-120.09704,72.9,73.5,73.3
BNSF,NW0616112,2016-06-30,2:55 AM,Derailment,0,EAST WENATCHEE,WA,68,4,Dark,Clear,Main,Freight Train,55,3000,21200,24200,T201,47.255289,-120.087787,81.7,78.5,76.3
HRT,01121701,2017-01-12,12:50 PM,Derailment,0,EASTANOLLEE,GA,60,2,Day,Clear,Main,Freight Train,17,1000,10000,11000,T210,34.520594,-83.266611,50.1,58.6,63
UP,0616FW014,2016-06-16,10:26 AM,Fire/violent rupture,0,EASTLAND,TX,84,2,Day,Clear,Main,Freight Train,30,25714,0,25714,E73L,32.406676,-98.821806,85.5,86.5,86
MNR,111,2014-12-03,2:10 PM,Other (describe in narrative),0,EASTON,ME,10,2,Day,Clear,Main,Freight Train,1,50000,0,50000,H021,46.66338,-67.905371,9.8,25.7,20.7
CSX,000170099,2017-07-09,5:20 AM,Derailment,0,EASTOVER,SC,69,4,Dark,Clear,Industry,Cut of cars,5,0,0,20132,M101,33.843062,-80.631179,81.2,79.4,77.5
CSX,000170099,2017-07-09,5:20 AM,Derailment,0,EASTOVER,SC,69,4,Dark,Clear,Industry,Freight Train,5,20000,132,20132,M101,33.843062,-80.631179,81.2,79.4,77.5
CSX,000165015,2016-12-07,11:18 PM,Derailment,0,EASTOVER,SC,41,4,Dark,Clear,Industry,Freight Train,5,74377,2392,76769,T205,33.867711,-80.661694,51.1,51.5,51.9
LI,79684,2023-05-08,6:30 PM,Hwy-rail crossing,0,EASTPORT,NY,61,2,Day,Cloudy,Main,Passenger Train - Pulling,60,16552,0,16552,M399,40.822919,-72.714692,59.4,63.4,54.9
CCET,CCET0124,2024-07-11,4:51 PM,Derailment,0,EASTWOOD,OH,91,1,Dawn,Clear,Main,Freight Train,10,100000,100000,200000,T110,39.046098,-83.972634,73.6,75.9,77.2
UP,0718DV010,2018-07-12,5:45 AM,Hwy-rail crossing,0,EATON,CO,75,1,Dawn,Clear,Main,Freight Train,54,53720,99,53819,M308,40.495501,-104.702051,78.5,72.1,74.3