reportingrailroadcode,accidentnumber,date,time,accidenttype,hazmatreleasedcars,station,stateabbr,temperature,visibility_code,visibility,weathercondition,tracktype,equipmenttype,trainspeed,equipmentdamagecost,trackdamagecost,totaldamagecost,primaryaccidentcausecode,latitude,longitude,prior_temp,actual_temp,following_temp
UP,0317DV040,2017-03-29,3:00 PM,Derailment,0,EATON,CO,59,2,Day,Clear,Industry,Yard/switching,5,750,14256,15006,T220,40.52179,-104.708047,44.3,46.5,47.5
UP,0918DV009,2018-09-02,12:30 PM,Derailment,0,EATON,CO,55,2,Day,Clear,Industry,Yard/switching,5,70000,18150,88150,M501,40.526384,-104.705879,68.9,66,67.9
UP,0817DV028,2017-08-30,3:30 AM,Derailment,0,EATON,CO,59,4,Dark,Clear,Industry,Freight Train,4,21509,150,21659,T205,40.523003,-104.7081,71.4,70.3,68.5
UP,1116DV007,2016-11-15,1:30 PM,Derailment,0,EATON,CO,72,2,Day,Clear,Industry,Freight Train,4,1508,44099,45607,T108,40.531105,-104.711625,46,50.7,54
UP,0918TC005,2018-09-05,5:51 AM,Hwy-rail crossing,0,EAU CLAIRE,WI,71,1,Dawn,Rain,Main,Freight Train,23,25957,132,26089,M308,44.867788,-91.451994,70.8,64.6,58.5
UP,1016UT004,2016-10-10,5:54 PM,Fire/violent rupture,0,ECHO,UT,67,2,Day,Clear,Main,Freight Train,30,51363,0,51363,E73L,41.089647,-111.22821,56.6,60.6,59.2
UP,0216UT012,2016-02-21,6:36 PM,Fire/violent rupture,0,ECHO,UT,40,3,Dusk,Clear,Main,Freight Train,25,29031,0,29031,E73L,40.982555,-111.419265,37.4,34.5,33.5
NS,134796,2019-07-20,5:45 PM,Derailment,0,ECKMAN,WV,93,3,Dusk,Clear,Main,Freight Train,4,857247,55523,912770,H503,37.405864,-81.463518,75.4,77.5,75.6
NS,114805,2015-03-12,11:00 PM,Derailment,0,ECKMAN,WV,60,4,Dark,Clear,Yard,Freight Train,9,120,20873,20993,H702,37.409371,-81.460963,55,50.5,47.3
NS,138351,2020-06-26,7:50 PM,Derailment,0,ECONOMY,PA,72,3,Dusk,Cloudy,Yard,Freight Train,8,6100,25500,31600,H524,40.65311,-80.238613,66.7,71.5,72.2
ATK,166976,2021-05-03,8:40 PM,Obstruction,0,EDDYSTONE,PA,75,4,Dark,Rain,Main,Passenger Train - Pulling,109,30584,0,30584,M404,39.860785,-75.33819,68.8,65.7,68.2
PNWR,PNW737118D,2018-07-25,11:30 PM,Derailment,0,EDDYVILLE,OR,70,4,Dark,Clear,Main,Freight Train,15,282000,50866,332866,M599,44.651263,-123.621388,65.1,66.7,62.4
PNWR,PNW715315D,2015-03-26,1:40 AM,Derailment,0,EDDYVILLE,OR,45,4,Dark,Clear,Main,Freight Train,10,16000,1500,17500,T101,44.648739,-123.649753,54,52.8,52.2
BNSF,CH1217111,2017-12-25,4:13 AM,Derailment,0,EDELSTEIN,IL,10,1,Dawn,Clear,Main,Freight Train,45,10000,23000,33000,E66C,40.93511,-89.6503,20.3,12.7,1.7
EIRR,220714002,2022-07-14,4:06 AM,Other impacts,0,EDEN,ID,62,4,Dark,Clear,Main,Yard/switching,5,15450,0,30900,H021,42.610871,-114.210414,83.5,80.2,83.2
EIRR,220714002,2022-07-14,4:06 AM,Other impacts,0,EDEN,ID,62,4,Dark,Clear,Industry,Single Car,5,15450,0,30900,H021,42.610871,-114.210414,83.5,80.2,83.2
BNSF,PR0319114,2019-03-19,6:15 PM,Obstruction,0,EDGAR,MT,42,3,Dusk,Clear,Main,Freight Train,22,220000,0,220000,M404,45.486636,-108.849789,33.2,35.9,41.3
UP,0520GP022,2020-05-24,6:33 PM,Derailment,0,EDGAR,NE,74,3,Dusk,Rain,Main,Freight Train,36,485563,24084,509647,M102,40.338442,-97.887022,67.5,68.9,60.2
BNSF,PR0119125,2019-01-28,4:00 AM,Derailment,0,EDGEMONT,SD,15,1,Dawn,Clear,Yard,Freight Train,1,16081,100000,116081,H607,43.287853,-103.826451,35.6,18.8,10.7
BNSF,PR0115106,2015-01-09,5:05 PM,Rear end collision,0,EDGEMONT,SD,18,3,Dusk,Clear,Yard,Light loco(s),0,30000,500,60500,H018,43.298756,-103.823242,25.4,6.3,27.6
BNSF,PR1120102,2020-11-07,4:42 PM,Derailment,0,EDGEMONT,SD,45,2,Day,Clear,Main,Freight Train,1,13226,500,13726,H503,43.329835,-103.850887,57.2,55.4,43.3
BNSF,PR0115106,2015-01-09,5:05 PM,Rear end collision,0,EDGEMONT,SD,18,3,Dusk,Clear,Yard,Yard/switching,10,30000,0,60500,H018,43.298756,-103.823242,25.4,6.3,27.6
BNSF,KS0619110,2019-06-18,11:00 AM,Derailment,0,EDGERTON,KS,80,2,Day,Clear,Yard,,0,0,7000,7000,H508,38.789707,-94.961462,74.4,70.6,69.6
BNSF,KS0719201,2019-07-03,10:30 PM,Hwy-rail crossing,0,EDGERTON,KS,80,4,Dark,Clear,Main,Freight Train,60,1250,125000,126250,M302,38.753145,-95.013348,80.6,77.6,73.6
ITSL,ITSL212,2021-02-04,11:30 PM,Derailment,0,EDGERTON,KS,21,4,Dark,Clear,Yard,Yard/switching,14,187000,0,187000,H607,38.788947,-94.958525,42.4,35.5,30.8
NS,154912,2023-11-30,3:47 PM,Hwy-rail crossing,0,EDGERTON,OH,52,2,Day,Clear,Main,Freight Train,50,2793,941,3734,M303,41.077688,-84.803347,28.5,41.4,43.4
BNSF,KS0122113,2022-01-20,7:08 PM,Derailment,0,EDGERTON,KS,15,3,Dusk,Cloudy,Industry,Freight Train,6,134886,0,134886,T307,38.782365,-94.977459,24.7,11.1,14.4
CFRC,16269,2016-09-25,10:16 PM,Obstruction,0,EDGEWOOD,FL,85,4,Dark,Clear,Main,,0,0,0,12961,M402,28.471906,-81.369879,82.2,81.5,77.1
UP,0521ES023,2021-05-13,11:50 AM,Derailment,0,EDGEWOOD,TX,68,2,Day,Clear,Main,Spec. MoW Equip.,0,24610,0,24610,M501,32.694283,-95.858671,58,64.1,63.9
ATK,160104,2019-07-16,2:49 PM,Other (describe in narrative),0,EDGEWOOD,MD,94,2,Day,Clear,Main,Passenger Train - Pulling,124,10409,4406,14815,E78L,39.421208,-76.28017,79.6,82.6,83.4
ATK,137920,2015-06-22,1:00 AM,Obstruction,0,EDGEWOOD,MD,73,4,Dark,Clear,Main,Spec. MoW Equip.,0,100000,0,140000,H699,39.416079,-76.292834,81.4,81.4,81.7
ATK,137920,2015-06-22,1:00 AM,Obstruction,0,EDGEWOOD,MD,73,4,Dark,Clear,Main,Spec. MoW Equip.,29,40000,0,140000,H699,39.416079,-76.292834,81.4,81.4,81.7
NS,153859,2023-08-09,6:00 AM,Derailment,0,EDGEWORTH,PA,65,1,Dawn,Clear,Industry,Freight Train,4,43000,0,43000,H306,40.553168,-80.202253,71.4,73.5,72.7
LIRC,1106201701,2017-11-06,12:35 PM,Hwy-rail crossing,0,EDINBURG,IN,50,2,Day,Cloudy,Main,Freight Train,45,782,45000,45782,M302,39.3543,-85.9628,65.4,49.8,45.9
LIRC,0306202001,2020-03-06,4:10 PM,Hwy-rail crossing,0,EDINBURG,IN,37,2,Day,Cloudy,Main,Freight Train,48,1100,11000,12100,M308,39.3466,-85.9627,43.9,36,35
CSX,000159582,2016-05-06,7:48 AM,Hwy-rail crossing,0,EDISON,OH,55,2,Day,Clear,Main,Freight Train,59,28713,0,28713,M304,40.589077,-82.849188,49,55.8,58.6
RCRY,201801,2018-05-29,5:00 PM,Raking collision,0,EDISON,NJ,81,2,Day,Clear,Yard,Yard/switching,5,36000,40000,76000,H018,40.50635,-74.339035,61.7,75.3,66.4
RCRY,202201,2022-03-15,12:00 PM,Derailment,0,EDISON,NJ,60,2,Day,Clear,Yard,Yard/switching,7,5700,12000,17700,H306,40.496787,-74.33681,43.4,53.2,55
NJTR,202208328,2022-08-07,1:12 PM,Other (describe in narrative),0,EDISON,NJ,93,2,Day,Clear,Main,EMU,54,12575,0,20314,T404,40.520987,-74.408179,83.2,84.8,86.6
BNSF,PR0123109,2023-01-12,1:40 PM,Derailment,0,EDISON,NE,35,2,Day,Clear,Industry,Freight Train,10,22456,18371,40827,T111,40.279622,-99.776105,33.9,31,26.9
ATK,172440,2022-08-07,1:12 PM,Other (describe in narrative),0,EDISON,NJ,93,2,Day,Clear,Main,EMU,0,0,7739,20314,T404,40.520987,-74.408179,83.2,84.8,86.6
BNSF,RD0718204,2018-07-05,5:17 PM,Hwy-rail crossing,0,EDMOND,OK,93,3,Dusk,Clear,Main,Freight Train,54,11000,0,11000,M302,35.614707,-97.495946,81.9,83.5,83.5
BNSF,TX0315108,2015-03-23,4:15 PM,Derailment,0,EDMOND,OK,65,2,Day,Clear,Industry,Freight Train,1,12345,0,12345,H702,35.613805,-97.496696,60.3,63.3,67.9
KCS,14110802,2014-11-08,1:50 PM,Derailment,0,EDNA,TX,74,2,Day,Clear,Main,Freight Train,47,5576,139436,145012,T102,28.952967,-96.696725,59.6,63.4,59.7
KCS,21090901,2021-09-09,2:50 PM,Derailment,0,EDNA,TX,90,2,Day,Clear,Main,Freight Train,20,5603,20485,26088,T001,28.969594,-96.660875,82.7,82.8,82.4
UP,0820SX018,2020-08-29,1:33 PM,Hwy-rail crossing,0,EDROY,TX,95,2,Day,Clear,Main,Freight Train,20,11453,278,11731,M302,27.974937,-97.686302,89,87.6,87.4
KCS,18042401,2018-04-24,4:44 AM,Derailment,0,EDWARDS,MS,60,4,Dark,Clear,Main,Freight Train,50,10320,861255,871575,E62C,32.347846,-90.456495,57.8,62.8,65.5
NS,128133,2018-01-15,8:25 AM,Derailment,0,EGGLESTON,VA,35,2,Day,Clear,Main,Freight Train,25,88338,32033,120371,E06C,37.275157,-80.612331,17.9,22.2,30.5
NS,122815,2016-11-18,9:09 PM,Other (describe in narrative),0,EHRENFELD,PA,45,4,Dark,Clear,Yard,Light loco(s),0,70000,0,70000,E74L,40.369466,-78.780891,45.4,56.5,45.1
ARR,2023202,2023-11-26,4:15 PM,Other (describe in narrative),0,EIELSON,AK,12,4,Dark,Clear,Yard,Yard/switching,9,0,0,0,M308,64.828,-147.663,8.6,13.2,17.8
ARR,2023202,2023-11-26,4:15 PM,Other (describe in narrative),0,EIELSON,AK,12,4,Dark,Clear,Yard,Yard/switching,9,0,0,0,M308,64.828,-147.663,8.6,13.2,17.8
EDW,AI20181,2018-09-07,9:00 AM,Derailment,0,EL DORADO,AR,90,2,Day,Clear,Industry,Freight Train,5,9291,9700,18991,M599,33.194167,-92.705555,76.8,77.7,75.5
UP,0422HL011,2022-04-19,9:59 AM,Other impacts,0,EL DORADO,KS,52,2,Day,Cloudy,Yard,Single Car,5,5138,0,39150,H020,37.820601,-96.841276,46.3,50.3,63.7
UP,0422HL011,2022-04-19,9:59 AM,Other impacts,0,EL DORADO,KS,52,2,Day,Cloudy,Yard,Yard/switching,1,34012,0,39150,H020,37.820601,-96.841276,46.3,50.3,63.7
BNSF,KS0716106,2016-07-25,8:06 PM,Derailment,0,EL DORADO,KS,100,3,Dusk,Clear,Industry,Freight Train,10,12685,1500,14185,T316,37.792708,-96.868742,87.7,78.4,78.9
BNSF,RD0417126,2017-04-29,6:34 PM,Derailment,0,EL DORADO AFS,TX,45,3,Dusk,Rain,Yard,Yard/switching,5,37508,2932,40440,H702,33.448488,-101.648155,59.3,45.2,43.9
BNSF,SW0919111,2019-09-26,11:59 AM,Other impacts,0,EL MIRAGE,AZ,65,2,Day,Clear,Industry,Freight Train,3,0,25000,25000,H307,33.566476,-112.380456,77.7,75.8,76.5
BNSF,SW0623106,2023-06-16,4:48 AM,Derailment,0,EL PASO,TX,75,1,Dawn,Clear,Yard,Yard/switching,5,17280,0,47730,H702,31.75536,-106.495723,88.3,89.9,88.1
UP,1117ST026,2017-11-21,10:22 PM,Other impacts,0,EL PASO,TX,64,4,Dark,Clear,Yard,Single Car,0,133,0,85242,H018,31.747598,-106.38149,52.4,59.2,55.2
UP,0819ST014,2019-08-12,12:35 PM,Derailment,0,EL PASO,TX,90,2,Day,Clear,Yard,Light loco(s),4,65861,8883,74744,H704,31.756676,-106.391597,84.8,88.2,88.4
UP,0817ST005,2017-08-05,5:30 AM,Other impacts,0,EL PASO,TX,80,4,Dark,Clear,Industry,Freight Train,5,9641,0,14319,H607,31.768164,-106.39313,83.4,84.2,84.6
UP,0817ST005,2017-08-05,5:30 AM,Other impacts,0,EL PASO,TX,80,4,Dark,Clear,Industry,Freight Train,10,4645,33,14319,H607,31.768164,-106.39313,83.4,84.2,84.6
UP,0718ST022,2018-07-30,11:50 AM,Derailment,0,EL PASO,TX,92,2,Day,Clear,Main,Freight Train,9,5737,5140,53857,H994,31.764452,-106.482028,88.5,87.3,83
UP,0216ST007,2016-02-15,5:31 PM,Side collision,0,EL PASO,TX,75,3,Dusk,Clear,Yard,Yard/switching,4,18592,99,67493,H306,31.747857,-106.381681,59.1,59,57.2
UP,0216ST007,2016-02-15,5:31 PM,Side collision,0,EL PASO,TX,75,3,Dusk,Clear,Yard,Yard/switching,4,48802,0,67493,H306,31.747857,-106.381681,59.1,59,57.2
UP,0521TO031,2021-05-30,4:07 PM,Derailment,0,EL PASO,TX,91,2,Day,Clear,Main,Freight Train,9,434811,201770,636581,H518,31.771409,-106.472655,81.6,81.1,79.4
UP,0718ST022,2018-07-30,11:50 AM,Derailment,0,EL PASO,TX,92,2,Day,Clear,Main,Freight Train,0,42980,0,53857,H994,31.764452,-106.482028,88.5,87.3,83
UP,1221TO033,2021-12-22,5:00 AM,Other impacts,0,EL PASO,TX,42,1,Dawn,Clear,Yard,Yard/switching,4,11717,0,19607,H310,31.753551,-106.388489,45.3,51.7,55.7
UP,1122TO029,2022-11-27,12:41 AM,Other impacts,0,EL PASO,TX,53,4,Dark,Clear,Main,Yard/switching,8,15231,37945,144672,H607,31.738096,-106.370813,49.8,55.7,54.8
UP,0821TO003,2021-08-02,6:01 PM,Other impacts,0,EL PASO,TX,88,3,Dusk,Clear,Main,Single Car,5,272,0,82520,H312,31.767404,-106.478304,80.5,78.8,80.4
BNSF,SW0522105,2022-05-28,5:50 AM,Derailment,0,EL PASO,TX,75,1,Dawn,Clear,Yard,Yard/switching,5,35000,10000,45000,H607,31.755289,-106.495677,85.7,88.8,84
UP,0520ST016,2020-05-30,7:00 AM,Other impacts,0,EL PASO,TX,72,2,Day,Clear,Yard,Freight Train,5,6543,0,14209,H306,31.742197,-106.375514,82.7,82.3,80.8
UP,0422TO033,2022-04-27,1:30 AM,Derailment,0,EL PASO,TX,69,4,Dark,Clear,Main,Freight Train,4,358465,390706,749171,H502,31.775408,-106.462789,67.2,75.1,77.5
UP,0618ST002,2018-06-01,1:30 PM,Derailment,0,EL PASO,TX,99,2,Day,Clear,Yard,Yard/switching,4,60835,25720,86555,H523,31.754534,-106.387518,87.3,90.1,88.2
BNSF,SW0819106,2019-08-09,1:30 PM,Derailment,0,EL PASO,TX,100,2,Day,Clear,Yard,Freight Train,9,5100,7500,12600,E07C,31.770959,-106.512695,87.1,87.8,80.3
BNSF,SW0419108,2019-04-18,11:55 PM,Rear end collision,0,EL PASO,TX,55,4,Dark,Clear,Yard,Yard/switching,0,42000,208000,563731,H702,31.80735,-106.548796,61.8,64.5,68.1
UP,1019ST025,2019-10-25,7:16 AM,Derailment,0,EL PASO,TX,37,2,Day,Clear,Main,Freight Train,4,4202,26784,30986,H508,31.771124,-106.473036,55.2,45.9,53
UP,0324TO010,2024-03-07,1:30 PM,Other impacts,0,EL PASO,TX,68,2,Day,Cloudy,Yard,Single Car,2,251,0,512,M105,31.753367,-106.388664,63.6,61.9,53.5
UP,0520ST016,2020-05-30,7:00 AM,Other impacts,0,EL PASO,TX,72,2,Day,Clear,Yard,Yard/switching,4,6666,1000,14209,H306,31.742197,-106.375514,82.7,82.3,80.8
UP,0823TO051,2023-08-29,12:50 PM,Derailment,0,EL PASO,TX,83,2,Day,Clear,Main,Freight Train,17,326065,1335897,1661962,T222,31.771159,-106.473062,85.6,80.5,83.2
UP,0324TO010,2024-03-07,1:30 PM,Other impacts,0,EL PASO,TX,68,2,Day,Cloudy,Yard,Yard/switching,3,261,0,512,M105,31.753367,-106.388664,63.6,61.9,53.5
UP,0721TO010,2021-07-08,12:50 AM,Derailment,0,EL PASO,TX,81,4,Dark,Clear,Yard,Freight Train,4,51274,176605,227879,E29C,31.770452,-106.47258,80.7,82.1,85.7
BNSF,SW1019107,2019-10-12,11:44 AM,Derailment,0,EL PASO,TX,75,2,Day,Clear,Yard,Light loco(s),2,1000,10141,11141,H307,31.752032,-106.490858,57.6,58.4,66.4
UP,0819ST016,2019-08-12,3:00 PM,Hwy-rail crossing,0,EL PASO,TX,96,2,Day,Clear,Main,Freight Train,40,3876,148698,152574,M304,31.712789,-106.341147,84.8,88.2,88.4
UP,1122TO029,2022-11-27,12:41 AM,Other impacts,0,EL PASO,TX,53,4,Dark,Clear,Main,Freight Train,8,91496,0,144672,H607,31.738096,-106.370813,49.8,55.7,54.8
UP,0224TO009,2024-02-05,6:11 PM,Derailment,0,EL PASO,TX,65,3,Dusk,Clear,Yard,Yard/switching,4,97485,69955,167440,H504,31.743527,-106.376642,49.9,50.6,52.6
UP,1117ST026,2017-11-21,10:22 PM,Other impacts,0,EL PASO,TX,64,4,Dark,Clear,Yard,Yard/switching,6,85109,0,85242,H018,31.747598,-106.38149,52.4,59.2,55.2
UP,0119ST061,2019-01-27,3:54 PM,Derailment,0,EL PASO,TX,58,2,Day,Clear,Yard,Cut of cars,0,43820,0,251279,H305,31.756693,-106.392625,44.8,45.5,50.7
UP,1219ST004,2019-12-14,10:30 AM,Derailment,0,EL PASO,TX,61,2,Day,Clear,Yard,Yard/switching,4,10996,0,10996,H318,31.747912,-106.38198,53.9,61,62.4
BNSF,SW0419108,2019-04-18,11:55 PM,Rear end collision,0,EL PASO,TX,55,4,Dark,Clear,Yard,Freight Train,10,313731,0,563731,H702,31.80735,-106.548796,61.8,64.5,68.1
UP,1118ST023,2018-11-17,5:00 AM,Fire/violent rupture,0,EL PASO,TX,60,1,Dawn,Clear,Main,Freight Train,20,83512,0,83512,E73L,31.775635,-106.46144,46.4,50.9,50.9
UP,1221TO033,2021-12-22,5:00 AM,Other impacts,0,EL PASO,TX,42,1,Dawn,Clear,Yard,Single Car,5,7890,0,19607,H310,31.753551,-106.388489,45.3,51.7,55.7
UP,0722TO024,2022-07-14,9:00 AM,Derailment,0,EL PASO,TX,81,2,Day,Clear,Yard,Yard/switching,4,42194,100,42294,M401,31.753525,-106.388515,87.5,87.5,89.3
UP,0822TO041,2022-08-29,9:15 PM,Derailment,0,EL PASO,TX,81,4,Dark,Clear,Yard,Freight Train,5,60882,15246,76128,H305,31.742305,-106.375433,82.7,82.1,76.2
BNSF,SW0323108,2023-03-22,12:45 PM,Derailment,0,EL PASO,TX,74,2,Day,Clear,Industry,Yard/switching,3,10472,1500,11972,H307,31.83259,-106.57115,66.6,68,61.7
UP,0622TO003,2022-06-06,3:40 PM,Derailment,0,EL PASO,TX,97,2,Day,Clear,Yard,Freight Train,3,20391,2112,22503,H702,31.744815,-106.377793,87.4,89.5,91.6
UP,0820TO015,2020-08-17,3:10 PM,Derailment,0,EL PASO,TX,93,2,Day,Cloudy,Yard,Yard/switching,6,23097,133318,156415,M405,31.769644,-106.46901,88.2,84.1,83.9
UP,0718ST014,2018-07-21,2:51 AM,Derailment,0,EL PASO,TX,75,4,Dark,Clear,Yard,Yard/switching,1,10724,16250,26974,E07C,31.753525,-106.388515,91.2,90.1,92.4
UP,0719ST035,2019-07-02,8:50 AM,Other (describe in narrative),0,EL PASO,TX,74,2,Day,Clear,Yard,Passenger Train - Pulling,0,11482,0,11482,M507,31.753956,-106.388079,87.5,87.4,89
UP,0119ST061,2019-01-27,3:54 PM,Derailment,0,EL PASO,TX,58,2,Day,Clear,Yard,Yard/switching,7,140699,66760,251279,H305,31.756693,-106.392625,44.8,45.5,50.7
UP,0821TO003,2021-08-02,6:01 PM,Other impacts,0,EL PASO,TX,88,3,Dusk,Clear,Main,Freight Train,6,7758,74490,82520,H312,31.767404,-106.478304,80.5,78.8,80.4
UP,0219ST010,2019-02-09,10:30 AM,Other (describe in narrative),0,EL PASO,TX,39,2,Day,Cloudy,Yard,Yard/switching,4,35979,0,35979,E21C,31.75358,-106.388462,40.5,45.5,49.5
UP,0424TO033,2024-04-29,3:40 AM,Derailment,0,EL PASO,TX,69,4,Dark,Clear,Industry,Yard/switching,5,12973,3520,16493,H306,31.778227,-106.396816,67.7,71.6,75.7
UP,0122TO010,2022-01-09,5:08 PM,Derailment,0,EL PASO,TX,53,2,Day,Clear,Main,Freight Train,5,164358,121850,286208,H702,31.770094,-106.474311,59.5,48.6,42.4
UP,0219ST031,2019-02-26,4:50 AM,Derailment,0,EL PASO,TX,48,1,Dawn,Clear,Yard,Light loco(s),9,73409,1688,75097,H607,31.771159,-106.473062,52.6,56.8,59.3
BNSF,SW0623106,2023-06-16,4:48 AM,Derailment,0,EL PASO,TX,75,1,Dawn,Clear,Yard,Freight Train,0,30450,0,47730,H702,31.75536,-106.495723,88.3,89.9,88.1
UP,0721TO037,2021-07-30,2:00 AM,Derailment,0,EL PASO,TX,75,4,Dark,Clear,Main,,0,0,148317,183317,E64C,31.758044,-106.496454,80.5,80.9,81.4
UP,1216ST013,2016-12-26,3:50 AM,Derailment,0,EL PASO,TX,36,4,Dark,Clear,Yard,Freight Train,4,14760,250,15010,H307,31.762909,-106.399943,45.6,40.7,44.1
UP,0618ST009,2018-06-12,10:15 AM,Derailment,0,EL PASO,TX,90,2,Day,Clear,Yard,Yard/switching,7,266,39903,40169,T206,31.753344,-106.388686,91.7,87.5,88.6
BNSF,SW1118111,2018-11-16,2:55 PM,Derailment,0,EL PASO,TX,65,2,Day,Clear,Industry,Freight Train,5,4500,18600,23100,T207,31.832655,-106.571558,45.9,46.4,50.9
BNSF,SW0721112,2021-07-30,2:00 AM,Derailment,0,EL PASO,TX,76,4,Dark,Clear,Main,Freight Train,10,35000,0,183317,T319,31.758044,-106.496454,80.5,80.9,81.4
UP,0720TO013,2020-07-14,4:50 PM,Derailment,0,EL PASO,TX,101,2,Day,Cloudy,Main,Freight Train,8,8588,427998,436586,T108,31.775408,-106.462789,95.3,93.1,88.5
UP,0920TO005,2020-09-07,2:48 AM,Derailment,0,EL PASO,TX,77,4,Dark,Clear,Yard,Freight Train,7,22558,3132,25690,T319,31.743898,-106.377001,81.7,84.4,82.4
BNSF,SW1018112,2018-10-23,5:00 PM,Derailment,0,EL PASO,TX,75,3,Dusk,Clear,Yard,Yard/switching,7,15036,14000,29036,T314,31.751704,-106.489306,63.5,62.3,62.1
UP,0619ST026,2019-06-26,7:20 PM,Derailment,0,EL PASO,TX,99,3,Dusk,Clear,Industry,Yard/switching,4,3313,7794,11107,T111,31.765473,-106.401509,84.1,87.1,89.3
UP,1017ST004,2017-10-06,1:45 PM,Derailment,0,EL PASO,TX,85,2,Day,Cloudy,Industry,Freight Train,4,24621,7340,31961,T206,31.690363,-106.315214,80.8,80.8,71
UP,0523TO012,2023-05-09,12:30 PM,Derailment,0,EL PASO,TX,84,2,Day,Clear,Industry,Yard/switching,3,19214,268993,288207,T206,31.770328,-106.38655,76.7,78.8,78.4
UP,0522TO040,2022-05-22,12:50 AM,Derailment,0,EL PASO,TX,74,4,Dark,Clear,Industry,Yard/switching,5,7698,10210,50134,T205,31.765276,-106.402007,79.2,68.6,74.9
UP,0115ST006,2015-01-14,5:00 AM,Derailment,0,EL PASO,TX,40,1,Dawn,Cloudy,Yard,Freight Train,8,278,56330,56608,T314,31.752846,-106.38734,37.9,39.7,38.8
UP,0724TO007,2024-07-08,3:27 PM,Derailment,0,EL PASO,TX,90,2,Day,Clear,Yard,Freight Train,3,80434,4568,85002,T210,31.742305,-106.375433,89.2,84.6,84.9
BNSF,SW0322106,2022-03-25,7:37 PM,Derailment,0,EL PASO,TX,65,3,Dusk,Clear,Yard,Light loco(s),8,400,14264,14664,T319,31.754453,-106.493837,58.3,61.8,64.2
UP,0117ST010,2017-01-17,2:25 AM,Derailment,0,EL PASO,TX,43,4,Dark,Clear,Industry,Yard/switching,3,4246,9030,13276,T110,31.762947,-106.399896,47.7,44.2,45.3
UP,0522TO034,2022-05-19,1:30 AM,Derailment,0,EL PASO,TX,84,4,Dark,Clear,Industry,Freight Train,5,22546,9680,50134,T206,31.764015,-106.401143,84.7,84.7,81
UP,0822TO028,2022-08-23,3:45 PM,Derailment,0,EL PASO,TX,82,2,Day,Cloudy,Yard,Freight Train,5,12151,5276,17427,T108,31.753367,-106.388664,76.2,76.2,76.5
UP,0216WH009,2016-02-26,7:34 AM,Fire/violent rupture,0,EL RENO,OK,52,2,Day,Clear,Yard,Light loco(s),0,26246,0,26246,E74L,35.525875,-97.955988,39.1,42.2,52.7
UP,0817KC018,2017-08-16,7:11 PM,Derailment,0,EL RENO,OK,88,2,Day,Clear,Yard,Cut of cars,0,10536,0,133037,H303,35.549302,-97.964968,77.7,80.4,77.6
UP,0817KC018,2017-08-16,7:11 PM,Derailment,0,EL RENO,OK,88,2,Day,Clear,Yard,Freight Train,3,112463,10038,133037,H303,35.549302,-97.964968,77.7,80.4,77.6
UP,0716WH005,2016-07-09,6:31 AM,Derailment,0,EL RENO,OK,80,1,Dawn,Clear,Main,Freight Train,9,35590,188584,224174,T110,35.55179,-97.969402,79.2,79.1,80.8
MRSR,127001,2017-12-07,2:00 PM,Derailment,0,ELBE,WA,40,2,Day,Clear,Main,Passenger Train - Pulling,5,15000,75000,90000,T110,0,0,34.9,31.5,29.8
UP,1114DV014,2014-11-13,5:25 AM,Derailment,0,ELBERT,CO,-10,4,Dark,Cloudy,Main,Freight Train,10,47136,108763,155899,T202,39.334752,-103.841167,-2.9,0.6,30.3
UP,0521PR016,2021-05-18,11:55 PM,Derailment,0,ELBURN,IL,63,4,Dark,Cloudy,Main,Freight Train,2,250,28808,29058,H705,41.891508,-88.473599,61.7,63.3,68.2
MNN,MN11112022,2022-11-11,2:15 PM,Derailment,0,ELDRED,MN,21,2,Day,Snow,Main,Freight Train,6,90000,0,90000,M101,47.673466,-96.800532,25.8,19.8,18.3
BNSF,TC1222120,2022-12-23,4:15 PM,Derailment,0,ELDRIDGE,ND,-12,2,Day,Clear,Main,Work train,20,23000,210000,233000,M101,46.898747,-98.885868,-14,-9.9,-9.9
CP,1001201598,2020-03-22,12:34 AM,Derailment,0,ELGIN,IL,30,4,Dark,Clear,Main,Freight Train,21,53822,0,272734,E52C,42.021488,-88.276188,29.1,29.5,35.1
NIRC,2020071857,2020-03-22,12:34 AM,Derailment,0,ELGIN,IL,30,4,Dark,Clear,Main,,0,0,218912,272734,E52C,42.021488,-88.276188,29.1,29.5,35.1
SLWC,180202001,2018-02-02,1:04 PM,Hwy-rail crossing,0,ELGIN,OK,50,2,Day,Clear,Main,Freight Train,25,41700,0,41700,M302,34.781458,-98.293653,45,38.4,43.4
BNSF,SW1217100,2017-12-01,7:55 AM,Derailment,0,ELIDA,NM,40,1,Dawn,Clear,Main,Freight Train,44,206346,60800,267146,T215,33.987106,-103.612291,48.4,51.9,54.2
SW,SWC082416D,2016-08-24,6:15 PM,Derailment,0,ELIDA,NM,85,2,Day,Clear,Main,Freight Train,46,450000,117000,567000,T215,33.8423,-103.7719,75.9,73.1,67.1