reportingrailroadcode,accidentnumber,date,time,accidenttype,hazmatreleasedcars,station,stateabbr,temperature,visibility_code,visibility,weathercondition,tracktype,equipmenttype,trainspeed,equipmentdamagecost,trackdamagecost,totaldamagecost,primaryaccidentcausecode,latitude,longitude,prior_temp,actual_temp,following_temp
NS,131385,2018-10-20,11:55 AM,Other (describe in narrative),0,ELIZABETH,NJ,62,2,Day,Clear,Yard,Freight Train,8,5910,10802,23177,H306,40.661291,-74.180401,49.1,56.5,46
NS,131385,2018-10-20,11:55 AM,Other (describe in narrative),0,ELIZABETH,NJ,62,2,Day,Clear,Yard,Cut of cars,0,6465,0,23177,H306,40.661291,-74.180401,49.1,56.5,46
NS,139138,2020-09-13,2:14 AM,Derailment,0,ELIZABETH,NJ,63,4,Dark,Clear,Yard,Freight Train,4,99038,2500,119041,H702,40.65743,-74.173545,66.7,69.9,71.3
CSX,000170600,2017-08-01,2:27 AM,Derailment,0,ELIZABETH,NJ,75,4,Dark,Clear,Industry,Yard/switching,5,26441,1780,28221,H210,40.663405,-74.179808,77.6,81,76.1
CRSH,139148,2020-09-13,2:14 AM,Derailment,0,ELIZABETH,NJ,74,4,Dark,Clear,Yard,,0,0,17503,119041,H704,40.670052,-74.175199,66.7,69.9,71.3
CRSH,135038,2019-08-08,2:30 AM,Raking collision,0,ELIZABETH,NJ,73,4,Dark,Clear,Industry,Yard/switching,2,12007,0,12007,H302,40.68433,-74.16432,75,75.8,76.3
NS,134680,2019-07-12,5:30 AM,Other (describe in narrative),0,ELIZABETH,NJ,80,1,Dawn,Clear,Yard,Freight Train,7,32,0,32,H702,40.681484,-74.242326,77.9,79.7,79.9
NS,114206,2015-02-05,11:44 AM,Other impacts,0,ELIZABETH,NJ,29,2,Day,Cloudy,Yard,Yard/switching,3,3325,250,40275,H704,40.660066,-74.181245,30.3,28.5,18
CRSH,137693,2020-04-08,9:34 AM,Derailment,0,ELIZABETH,NJ,60,2,Day,Cloudy,Industry,Yard/switching,6,14493,0,14493,M101,40.674145,-74.154897,57.5,58.2,51.8
ATK,174507,2023-03-19,7:34 PM,Other (describe in narrative),0,ELIZABETH,NJ,50,3,Dusk,Cloudy,Main,,0,0,19254,32093,E78L,40.657573,-74.222338,49.6,36.4,40.9
ATK,176796,2023-10-16,1:35 PM,Other (describe in narrative),0,ELIZABETH,NJ,65,2,Day,Clear,Main,EMU,0,0,4431,16160,T404,40.68109,-74.205635,55.4,55.6,57.5
ATK,149264,2017-08-29,9:17 AM,Other (describe in narrative),0,ELIZABETH,NJ,71,2,Day,Clear,Main,EMU,0,0,752,11490,T404,40.648099,-74.232157,69.7,66.1,69.3
NJTR,202303107,2023-03-19,7:30 PM,Other (describe in narrative),0,ELIZABETH,NJ,39,4,Dark,Clear,Main,Commuter Train - Pushing,55,12839,0,32093,T404,40.657194,-74.222724,49.6,36.4,40.9
ATK,177212,2023-10-16,1:54 PM,Other (describe in narrative),0,ELIZABETH,NJ,65,2,Day,Clear,Main,EMU,0,0,4431,16159,T404,40.681052,-74.205567,55.4,55.6,57.5
CA,CAR995122,2022-07-22,3:30 PM,Derailment,0,ELIZABETH CITY,NC,96,2,Day,Clear,Industry,Yard/switching,5,0,39351,39351,T205,36.314002,-76.206483,81.2,83.4,84.4
CSX,000192444,2020-09-04,7:35 AM,Hwy-rail crossing,0,ELIZABETHTOWN,KY,70,1,Dawn,Cloudy,Main,Freight Train,22,23855,200,24055,M303,37.647028,-85.903078,75.2,71.6,66
CSX,000198985,2021-07-20,9:00 PM,Derailment,0,ELIZABETHTOWN,KY,75,3,Dusk,Clear,Main,Freight Train,23,467212,107900,575112,H504,37.764356,-85.794534,74.6,75,75.4
ATK,142340,2016-05-10,7:06 AM,Other (describe in narrative),0,ELIZABETHTOWN,PA,55,2,Day,Rain,Main,Passenger Train - Pulling,43,17848,13480,31328,E78L,40.134573,-76.591161,56.9,54.3,56.9
ATK,166602,2021-02-20,2:15 AM,Derailment,0,ELIZABETHTOWN,PA,18,4,Dark,Clear,Siding,,0,0,11311,11311,M101,40.057577,-76.331146,31.1,27.6,27.9
CSX,000170912,2017-08-12,7:50 PM,Derailment,0,ELIZABETHTOWN,KY,82,2,Day,Clear,Main,Freight Train,22,1017541,165779,1183320,E39C,37.770348,-85.790136,72.7,74.4,71.6
UP,1216TC007,2016-12-11,7:45 PM,Derailment,0,ELK MOUND,WI,18,4,Dark,Snow,Main,Freight Train,8,110064,9370,119434,H702,44.891339,-91.735676,12.1,18,11.2
DAIR,022015,2015-09-30,9:48 AM,Hwy-rail crossing,0,ELK POINT,SD,69,2,Day,Clear,Main,Freight Train,36,59000,0,59000,M302,42.649463,-96.625499,61.6,56.6,54.8
BNSF,TC0915202,2015-09-30,9:50 AM,Hwy-rail crossing,0,ELK POINT,SD,70,2,Day,Clear,Main,,0,0,0,59000,M302,42.649463,-96.625499,61.6,56.6,54.8
BNSF,TC0123117,2023-01-28,12:23 PM,Derailment,0,ELK POINT,SD,24,2,Day,Clear,Main,Freight Train,10,10404,73537,83941,E53C,42.683272,-96.674498,28,10.8,0.3
BNSF,TC0417200,2017-04-13,12:52 AM,Hwy-rail crossing,0,ELK RIVER,MN,42,4,Dark,Clear,Main,Freight Train,52,30404,10200,40604,M309,45.281896,-93.541336,46.1,48.4,54.8
NS,153868,2023-08-09,9:34 AM,Side collision,0,ELKHART,IN,76,2,Day,Clear,Yard,Freight Train,5,8361,500,13744,H307,41.677392,-85.978437,69.5,70.8,70.4
NS,138385,2020-07-01,5:35 AM,Side collision,0,ELKHART,IN,75,1,Dawn,Clear,Yard,Yard/switching,4,17219,68856,87736,H706,41.67736,-85.978495,79.4,78.1,78.1
NS,138410,2020-07-03,1:50 PM,Raking collision,0,ELKHART,IN,90,2,Day,Clear,Yard,Yard/switching,3,70184,70747,144267,H706,41.67736,-85.978495,78.1,78.7,78.5
NS,138034,2020-05-24,12:40 AM,Other impacts,0,ELKHART,IN,60,4,Dark,Rain,Yard,Single Car,10,28246,0,37510,M407,41.67736,-85.978495,66.6,75.2,77.1
NS,141011,2021-03-23,11:05 AM,Side collision,0,ELKHART,IN,68,2,Day,Clear,Main,Yard/switching,2,216104,37949,407480,E30C,41.677391,-85.978436,53.5,57.9,58.1
NS,136875,2020-01-18,3:50 PM,Other impacts,0,ELKHART,IN,13,2,Day,Cloudy,Yard,Yard/switching,12,36980,0,63989,M408,41.67736,-85.978495,23.4,30.4,11.2
NS,138385,2020-07-01,5:35 AM,Side collision,0,ELKHART,IN,75,1,Dawn,Clear,Yard,Yard/switching,4,1661,0,87736,H706,41.67736,-85.978495,79.4,78.1,78.1
NS,136875,2020-01-18,3:50 PM,Other impacts,0,ELKHART,IN,13,2,Day,Cloudy,Yard,Yard/switching,0,15570,11439,63989,M408,41.67736,-85.978495,23.4,30.4,11.2
NS,139026,2020-08-31,5:40 PM,Derailment,0,ELKHART,IN,76,3,Dusk,Clear,Yard,Cut of cars,0,61688,0,635196,H504,41.67736,-85.978495,65.1,69.3,72.3
NS,139026,2020-08-31,5:40 PM,Derailment,0,ELKHART,IN,76,3,Dusk,Clear,Yard,Yard/switching,6,2214,567690,635196,H504,41.67736,-85.978495,65.1,69.3,72.3
NS,152449,2023-02-28,1:30 AM,Derailment,0,ELKHART,IN,32,4,Dark,Cloudy,Yard,Cut of cars,5,70309,36781,107090,H507,41.677392,-85.978437,42.7,41.5,45.7
NS,139797,2020-11-20,5:18 AM,Other (describe in narrative),0,ELKHART,IN,52,1,Dawn,Clear,Yard,Cut of cars,3,400,4277,26966,M599,41.677391,-85.978436,54.2,55,40.4
NS,113657,2015-01-04,6:20 PM,Derailment,0,ELKHART,IN,18,3,Dusk,Snow,Yard,Yard/switching,2,117655,1000,118655,E31C,41.677391,-85.978436,33.1,29.5,6.2
NS,145811,2022-07-07,6:30 AM,Derailment,0,ELKHART,IN,65,1,Dawn,Clear,Yard,Yard/switching,2,3500,21794,25294,M411,41.677391,-85.978436,76,75.4,74.7
NS,140003,2020-12-14,3:03 AM,Derailment,0,ELKHART,IN,30,4,Dark,Clear,Yard,Freight Train,8,7768,4321,12089,H520,41.67736,-85.978495,35.3,29.8,24.2
NS,152272,2023-02-11,7:38 AM,Derailment,0,ELKHART,IN,24,1,Dawn,Clear,Yard,Light loco(s),15,86928,7944,94872,E46L,41.677392,-85.978437,35.5,31.4,37.9
NS,141120,2021-04-03,3:45 PM,Other impacts,0,ELKHART,IN,65,2,Day,Clear,Yard,Single Car,0,761,0,31792,M411,41.677391,-85.978436,32.8,49.2,57
NS,145874,2022-07-07,12:00 PM,Derailment,0,ELKHART,IN,90,2,Day,Clear,Yard,Yard/switching,10,18143,2500,20643,E45C,41.677391,-85.978436,76,75.4,74.7
NS,143132,2021-10-12,1:30 PM,Derailment,0,ELKHART,IN,64,2,Day,Cloudy,Yard,Yard/switching,5,30100,2859,32959,E67C,41.677391,-85.978436,71.8,62.5,61.9
NS,140153,2021-01-03,2:21 AM,Other impacts,0,ELKHART,IN,25,4,Dark,Snow,Yard,Single Car,1,1000,11714,13514,M411,41.67736,-85.978495,32.4,33.1,30.4
NS,139026,2020-08-31,5:40 PM,Derailment,0,ELKHART,IN,76,3,Dusk,Clear,Yard,Cut of cars,0,250,0,635196,H504,41.67736,-85.978495,65.1,69.3,72.3
NS,139797,2020-11-20,5:18 AM,Other (describe in narrative),0,ELKHART,IN,52,1,Dawn,Clear,Yard,Cut of cars,0,22289,0,26966,M599,41.677391,-85.978436,54.2,55,40.4
NS,140153,2021-01-03,2:21 AM,Other impacts,0,ELKHART,IN,25,4,Dark,Snow,Yard,Single Car,0,800,0,13514,M411,41.67736,-85.978495,32.4,33.1,30.4
NS,113874,2015-01-16,12:50 PM,Derailment,0,ELKHART,IN,30,2,Day,Cloudy,Yard,Yard/switching,2,35756,80343,116099,H020,41.677391,-85.978436,18.5,27.9,34.7
NS,141120,2021-04-03,3:45 PM,Other impacts,0,ELKHART,IN,65,2,Day,Clear,Yard,Yard/switching,5,21235,9796,31792,M411,41.677391,-85.978436,32.8,49.2,57
NS,139026,2020-08-31,5:40 PM,Derailment,0,ELKHART,IN,76,3,Dusk,Clear,Yard,Cut of cars,0,0,0,635196,H504,41.67736,-85.978495,65.1,69.3,72.3
NS,153353,2023-06-14,4:49 PM,Derailment,0,ELKHART,IN,75,3,Dusk,Clear,Yard,Yard/switching,10,26981,35221,62202,H505,41.677392,-85.978437,58.6,60.8,62.4
NS,117078,2015-08-23,12:45 PM,Other impacts,0,ELKHART,IN,73,2,Day,Cloudy,Yard,Yard/switching,6,1957,21800,38757,S099,41.677391,-85.978436,68.6,69.1,64.6
NS,151830,2022-12-13,7:00 PM,Other impacts,0,ELKHART,IN,25,3,Dusk,Cloudy,Yard,Cut of cars,5,80541,0,93162,H602,41.677392,-85.978437,36.4,34.7,37.3
NS,152901,2023-04-24,7:15 AM,Other impacts,0,ELKHART,IN,30,1,Dawn,Clear,Yard,Cut of cars,10,12736,9758,71529,M507,41.677392,-85.978437,38.9,40.9,40.7
NS,115026,2015-03-28,6:10 PM,Derailment,0,ELKHART,IN,27,3,Dusk,Clear,Yard,Yard/switching,4,41000,0,51400,H316,41.677391,-85.978436,26.8,24.3,33.4
NS,120085,2016-04-11,9:00 AM,Derailment,0,ELKHART,IN,50,2,Day,Cloudy,Yard,Yard/switching,5,67190,24739,91929,E44C,41.677391,-85.978436,37,47.7,37.8
NS,156316,2024-04-07,5:53 PM,Side collision,0,ELKHART,IN,44,3,Dusk,Clear,Yard,Yard/switching,4,0,0,20444,S007,41.677392,-85.978437,42.1,45.8,57.6
NS,153214,2023-05-30,4:10 AM,Other impacts,0,ELKHART,IN,65,1,Dawn,Clear,Yard,Yard/switching,5,9824,0,84824,H021,41.668491,-86.01427,69.5,75.5,78.5
NS,156263,2024-04-03,1:19 PM,Derailment,0,ELKHART,IN,38,2,Day,Cloudy,Yard,Yard/switching,4,0,170000,170000,E25C,41.677392,-85.978437,45.2,36.7,38.6
NS,155996,2024-03-09,10:50 AM,Side collision,0,ELKHART,IN,55,2,Day,Clear,Yard,Light loco(s),13,39,0,539,H306,41.677392,-85.978437,47,38.7,33.1
NS,152576,2023-03-18,10:46 AM,Derailment,0,ELKHART,IN,17,2,Day,Clear,Yard,Single Car,4,6650,19376,29452,E67C,41.677392,-85.978437,39.3,21.8,28.4
NS,125152,2017-05-21,5:10 PM,Other impacts,0,ELKHART,IN,63,3,Dusk,Clear,Yard,Yard/switching,4,11455,212,35952,E39C,41.67736,-85.978495,55,63.1,58.9
NS,125763,2017-07-10,3:25 PM,Derailment,0,ELKHART,IN,76,2,Day,Clear,Yard,Yard/switching,4,14700,9527,24227,H306,41.67736,-85.978495,67.5,73.1,75.8
NS,125074,2017-05-16,10:45 PM,Derailment,0,ELKHART,IN,60,4,Dark,Clear,Yard,Yard/switching,4,9753,0,71754,H305,41.67736,-85.978495,64.3,73.9,76.1
NS,152901,2023-04-24,7:15 AM,Other impacts,0,ELKHART,IN,30,1,Dawn,Clear,Yard,Yard/switching,3,49035,0,71529,M507,41.677392,-85.978437,38.9,40.9,40.7
NS,154453,2023-10-10,1:00 AM,Derailment,0,ELKHART,IN,48,4,Dark,Clear,Yard,Yard/switching,8,2675,9000,11675,M405,41.668491,-86.01427,48.1,48.6,52.2
NS,151830,2022-12-13,7:00 PM,Other impacts,0,ELKHART,IN,25,3,Dusk,Cloudy,Yard,Cut of cars,9,12621,0,93162,H602,41.677392,-85.978437,36.4,34.7,37.3
NS,154560,2023-10-20,3:30 AM,Other impacts,0,ELKHART,IN,40,4,Dark,Rain,Yard,Yard/switching,10,250245,3500,253745,M411,41.677392,-85.978437,54.8,52.3,46.1
NS,117824,2015-10-18,8:00 AM,Derailment,0,ELKHART,IN,39,2,Day,Clear,Yard,Yard/switching,5,12876,2000,14876,M101,41.677391,-85.978436,41.4,40.5,52.1
NS,117450,2015-09-21,12:15 AM,Derailment,0,ELKHART,IN,55,4,Dark,Clear,Yard,Yard/switching,2,53850,2000,55850,S016,41.677391,-85.978436,57.1,58.5,60.8
NS,153214,2023-05-30,4:10 AM,Other impacts,1,ELKHART,IN,65,1,Dawn,Clear,Yard,Single Car,0,75000,0,84824,H021,41.668491,-86.01427,69.5,75.5,78.5
NS,156316,2024-04-07,5:53 PM,Side collision,0,ELKHART,IN,44,3,Dusk,Clear,Yard,Yard/switching,3,20444,0,20444,S007,41.677392,-85.978437,42.1,45.8,57.6
NS,125074,2017-05-16,10:45 PM,Derailment,0,ELKHART,IN,60,4,Dark,Clear,Yard,Yard/switching,4,62001,0,71754,H305,41.67736,-85.978495,64.3,73.9,76.1
NS,118348,2015-11-24,8:00 AM,Derailment,0,ELKHART,IN,31,2,Day,Cloudy,Yard,Light loco(s),2,12816,0,12816,E61L,41.677391,-85.978436,28.3,29.6,42.9
NS,129005,2018-03-29,1:40 PM,Other impacts,0,ELKHART,IN,41,2,Day,Cloudy,Yard,Yard/switching,4,1326,0,34026,H306,41.67736,-85.978495,43,43.8,37.9
NS,115026,2015-03-28,6:10 PM,Derailment,0,ELKHART,IN,27,3,Dusk,Clear,Yard,Yard/switching,2,8900,1500,51400,H316,41.677391,-85.978436,26.8,24.3,33.4
NS,125743,2017-07-08,11:56 PM,Derailment,0,ELKHART,IN,60,4,Dark,Clear,Yard,Yard/switching,2,42502,8854,51356,H507,41.67736,-85.978495,70.9,67.3,67.5
NS,120052,2016-04-07,11:35 PM,Derailment,0,ELKHART,IN,35,4,Dark,Cloudy,Yard,Yard/switching,2,2650,16700,19350,H504,41.677391,-85.978436,44,37.1,34
NS,119402,2016-02-17,11:57 PM,Derailment,0,ELKHART,IN,19,4,Dark,Clear,Yard,Freight Train,9,3184,15000,239406,H999,41.678191,-85.976911,29,28.3,26.4
NS,114749,2015-03-10,5:35 AM,Other impacts,0,ELKHART,IN,38,1,Dawn,Clear,Yard,Yard/switching,2,68300,6845,174245,M407,41.677391,-85.978436,35.5,41.1,39.6
NS,152701,2023-03-27,7:44 AM,Other impacts,0,ELKHART,IN,42,1,Dawn,Cloudy,Yard,Single Car,0,3700,0,31700,M411,41.677392,-85.978437,42.4,42.5,37.8
NS,120578,2016-05-19,1:35 PM,Derailment,0,ELKHART,IN,65,2,Day,Clear,Yard,Light loco(s),3,13545,0,13545,H306,41.67736,-85.978495,53.7,55.7,58.2
NS,125152,2017-05-21,5:10 PM,Other impacts,0,ELKHART,IN,63,3,Dusk,Clear,Yard,Yard/switching,2,24285,0,35952,E39C,41.67736,-85.978495,55,63.1,58.9
NS,144700,2022-03-15,6:15 PM,Other impacts,0,ELKHART,IN,45,3,Dusk,Clear,Yard,Yard/switching,5,16873,33880,50753,H312,41.677391,-85.978436,45.9,47.9,51.8
NS,129005,2018-03-29,1:40 PM,Other impacts,0,ELKHART,IN,41,2,Day,Cloudy,Yard,Yard/switching,4,32700,0,34026,H306,41.67736,-85.978495,43,43.8,37.9
NS,114749,2015-03-10,5:35 AM,Other impacts,0,ELKHART,IN,38,1,Dawn,Clear,Yard,Yard/switching,4,99100,0,174245,M407,41.677391,-85.978436,35.5,41.1,39.6
NS,124751,2017-04-18,9:32 AM,Derailment,0,ELKHART,IN,61,2,Day,Clear,Yard,Yard/switching,2,3902,22545,26447,M411,41.67736,-85.978495,56.6,60,63.9
NS,152052,2023-01-20,2:14 AM,Side collision,0,ELKHART,IN,38,4,Dark,Cloudy,Yard,Cut of cars,8,0,0,286151,H307,41.677392,-85.978437,40.2,33.2,30.7
NS,152052,2023-01-20,2:14 AM,Side collision,0,ELKHART,IN,38,4,Dark,Cloudy,Yard,Light loco(s),6,382,7829,286151,H307,41.677392,-85.978437,40.2,33.2,30.7
NS,154034,2023-08-25,12:40 AM,Side collision,0,ELKHART,IN,72,4,Dark,Clear,Yard,Yard/switching,13,48,0,56535,H306,41.677392,-85.978437,84.1,75.1,73.2
NS,156488,2024-04-26,2:33 PM,Derailment,0,ELKHART,IN,55,2,Day,Clear,Yard,Yard/switching,5,2400,25089,27489,M101,41.671249,-85.995315,43.1,49.7,67.2
NS,117078,2015-08-23,12:45 PM,Other impacts,0,ELKHART,IN,73,2,Day,Cloudy,Yard,Light loco(s),10,15000,0,38757,S099,41.677391,-85.978436,68.6,69.1,64.6
NS,119402,2016-02-17,11:57 PM,Derailment,0,ELKHART,IN,19,4,Dark,Clear,Siding,Freight Train,14,221222,0,239406,H999,41.678191,-85.976911,29,28.3,26.4
NS,122742,2016-11-12,5:10 PM,Other impacts,0,ELKHART,IN,50,3,Dusk,Clear,Yard,Yard/switching,8,11500,0,14212,H607,41.67736,-85.978495,45.6,36.3,40.8
NS,122742,2016-11-12,5:10 PM,Other impacts,0,ELKHART,IN,50,3,Dusk,Clear,Yard,Yard/switching,7,2712,0,14212,H607,41.67736,-85.978495,45.6,36.3,40.8
NS,151200,2022-10-17,4:05 PM,Other impacts,0,ELKHART,IN,38,3,Dusk,Rain,Yard,Single Car,0,400,48665,49465,M411,41.677392,-85.978437,48.2,39.9,38.3
NS,155996,2024-03-09,10:50 AM,Side collision,0,ELKHART,IN,55,2,Day,Clear,Yard,Light loco(s),6,500,0,539,H306,41.677392,-85.978437,47,38.7,33.1
NS,151200,2022-10-17,4:05 PM,Other impacts,0,ELKHART,IN,38,3,Dusk,Rain,Yard,Single Car,0,400,0,49465,M411,41.677392,-85.978437,48.2,39.9,38.3
NS,156612,2024-05-06,2:45 PM,Other impacts,0,ELKHART,IN,50,2,Day,Clear,Yard,Cut of cars,0,35380,34180,104940,M411,41.677392,-85.978437,57.4,58.9,62.5
NS,156612,2024-05-06,2:45 PM,Other impacts,0,ELKHART,IN,50,2,Day,Clear,Yard,Light loco(s),3,35380,0,104940,M411,41.677392,-85.978437,57.4,58.9,62.5
NS,135657,2019-09-28,9:05 PM,Other impacts,0,ELKHART,IN,61,4,Dark,Clear,Yard,Yard/switching,2,1226,12266,13492,M411,41.67736,-85.978495,62.5,65.9,62.7
NS,135691,2019-10-02,8:30 AM,Side collision,0,ELKHART,IN,70,2,Day,Rain,Yard,Yard/switching,5,36735,0,122108,H306,41.67736,-85.978495,78,71.5,62.7
NS,130005,2018-06-28,10:20 AM,Other impacts,0,ELKHART,IN,84,2,Day,Clear,Yard,Yard/switching,2,15102,0,15102,S016,41.67736,-85.978495,70.2,72.9,78.7
NS,136616,2019-12-23,2:15 AM,Other (describe in narrative),0,ELKHART,IN,32,4,Dark,Clear,Yard,Freight Train,7,334,23145,23479,M405,41.67736,-85.978495,39.1,39.7,34.5
NS,135691,2019-10-02,8:30 AM,Side collision,0,ELKHART,IN,70,2,Day,Rain,Yard,Yard/switching,7,8540,76833,122108,H306,41.67736,-85.978495,78,71.5,62.7
NS,138348,2020-06-26,3:40 PM,Side collision,0,ELKHART,IN,72,2,Day,Clear,Yard,Yard/switching,5,69,23776,30975,H706,41.67736,-85.978495,69.5,72.6,75.5
NS,138348,2020-06-26,3:40 PM,Side collision,0,ELKHART,IN,72,2,Day,Clear,Yard,Yard/switching,10,7130,0,30975,H706,41.67736,-85.978495,69.5,72.6,75.5
UP,0118HO025,2018-01-17,6:10 PM,Derailment,0,ELKHART,TX,22,4,Dark,Cloudy,Main,Freight Train,23,6789,15555,22344,E53C,31.579768,-95.507827,22.1,21.5,30.4
UP,0218HO014,2018-02-10,7:32 PM,Derailment,0,ELKHART,TX,47,4,Dark,Cloudy,Main,Work train,15,17720,114024,131744,H019,31.670099,-95.616586,56.2,51.5,31.6
NS,155720,2024-02-09,4:30 PM,Raking collision,0,ELKHART,IN,60,3,Dusk,Clear,Yard,Yard/switching,7,771,0,22769,M408,41.677392,-85.978437,50.1,53.5,35
ATK,166660,2021-03-19,4:46 PM,Hwy-rail crossing,0,ELKHART,IL,51,2,Day,Clear,Main,Passenger Train - Pulling,77,14039,0,29124,M303,40.020899,-89.483379,41.6,39.2,41.8
NS,124717,2017-04-14,4:19 PM,Derailment,0,ELKHART,IN,70,3,Dusk,Clear,Siding,Freight Train,15,13328,103968,117296,S011,41.680904,-85.970584,49,54.2,67.4
NS,124425,2017-03-22,10:55 AM,Derailment,0,ELKHART,IN,30,2,Day,Clear,Yard,Freight Train,6,37766,6587,44353,E64L,41.67736,-85.978495,40.2,28.9,35.1
NS,155720,2024-02-09,4:30 PM,Raking collision,0,ELKHART,IN,60,3,Dusk,Clear,Yard,Cut of cars,0,19764,2234,22769,M408,41.677392,-85.978437,50.1,53.5,35
NS,124651,2017-04-09,8:55 AM,Derailment,0,ELKHART,IN,62,2,Day,Clear,Yard,Yard/switching,7,27568,1000,28568,M408,41.67736,-85.978495,46.1,62.6,65.1
NS,155560,2024-01-25,3:30 PM,Derailment,0,ELKHART,IN,36,2,Day,Clear,Yard,Yard/switching,4,3431,14969,18400,M411,41.677392,-85.978437,36.1,36.7,36.8
NS,122099,2016-09-18,6:45 PM,Derailment,0,ELKHART,IN,74,3,Dusk,Clear,Yard,Yard/switching,2,330,14070,14400,M404,41.677391,-85.978436,70.6,67.1,67.3
NS,123945,2017-02-12,4:34 AM,Derailment,0,ELKHART,IN,41,1,Dawn,Cloudy,Yard,Yard/switching,2,29170,300,29470,M411,41.67736,-85.978495,41.5,38.8,34
NS,153868,2023-08-09,9:34 AM,Side collision,0,ELKHART,IN,76,2,Day,Clear,Yard,Yard/switching,16,4883,0,13744,H307,41.677392,-85.978437,69.5,70.8,70.4
NS,154034,2023-08-25,12:40 AM,Side collision,0,ELKHART,IN,72,4,Dark,Clear,Yard,Light loco(s),3,28,56459,56535,H306,41.677392,-85.978437,84.1,75.1,73.2
NS,121620,2016-08-10,6:30 PM,Derailment,0,ELKHART,IN,90,3,Dusk,Clear,Yard,Yard/switching,4,51403,0,51403,E0HC,41.67736,-85.978495,75.2,79,82.8
NS,121404,2016-07-26,8:45 AM,Derailment,0,ELKHART,IN,76,2,Day,Clear,Yard,Freight Train,0,2960,0,18857,H307,41.67736,-85.978495,76.6,74.3,75.4
NS,120409,2016-05-07,6:00 AM,Derailment,0,ELKHART,IN,45,1,Dawn,Clear,Yard,Yard/switching,4,16042,200,16242,H312,41.67736,-85.978495,55.4,57.9,53.3
NS,129610,2018-05-25,5:30 PM,Derailment,0,ELKHART,IN,82,3,Dusk,Clear,Yard,Yard/switching,4,5046,0,13102,H306,41.67736,-85.978495,68.5,72.4,75.9
NS,135158,2019-08-19,5:05 AM,Other impacts,0,ELKHART,IN,72,1,Dawn,Fog,Yard,Yard/switching,5,848,23721,47545,M408,41.67736,-85.978495,73.1,75,75.7
NS,144261,2022-02-03,6:15 PM,Derailment,0,ELKHART,IN,20,3,Dusk,Snow,Yard,Yard/switching,5,10047,10893,20940,E39C,41.677391,-85.978436,28.5,18.5,13
NS,121404,2016-07-26,8:45 AM,Derailment,0,ELKHART,IN,76,2,Day,Clear,Yard,Cut of cars,6,15897,0,18857,H307,41.67736,-85.978495,76.6,74.3,75.4
NS,133350,2019-03-24,3:45 PM,Derailment,0,ELKHART,IN,40,2,Day,Cloudy,Yard,Yard/switching,6,17723,29299,47022,E34C,41.67736,-85.978495,34.6,42,39.5
NS,123123,2016-12-13,7:00 AM,Derailment,0,ELKHART,IN,15,1,Dawn,Snow,Yard,Yard/switching,4,24775,700,25475,H702,41.67736,-85.978495,24.6,17,8.6
NS,135374,2019-08-30,6:05 PM,Other impacts,0,ELKHART,IN,72,3,Dusk,Clear,Yard,Yard/switching,10,25700,0,25700,H601,41.67736,-85.978495,68.7,67.6,62.9
NS,129610,2018-05-25,5:30 PM,Derailment,0,ELKHART,IN,82,3,Dusk,Clear,Yard,Yard/switching,0,8056,0,13102,H306,41.67736,-85.978495,68.5,72.4,75.9
NS,128583,2018-02-20,8:05 AM,Other impacts,0,ELKHART,IN,52,2,Day,Clear,Yard,Yard/switching,4,16032,0,31964,M411,41.67736,-85.978495,47,58.5,33.5
NS,139026,2020-08-31,5:40 PM,Derailment,0,ELKHART,IN,76,3,Dusk,Clear,Yard,Cut of cars,0,3354,0,635196,H504,41.67736,-85.978495,65.1,69.3,72.3
NS,121141,2016-07-06,11:40 PM,Other impacts,0,ELKHART,IN,75,4,Dark,Clear,Yard,Yard/switching,6,14750,0,18394,H99E,41.67736,-85.978495,73.7,74.7,76.4
NS,121545,2016-08-03,10:00 PM,Derailment,0,ELKHART,IN,76,4,Dark,Clear,Yard,Yard/switching,2,10819,1118,11937,E39C,41.677391,-85.978436,75.6,77,79.4
NS,121141,2016-07-06,11:40 PM,Other impacts,0,ELKHART,IN,75,4,Dark,Clear,Yard,Yard/switching,4,3144,500,18394,H99E,41.67736,-85.978495,73.7,74.7,76.4
NS,136546,2019-12-17,10:20 AM,Raking collision,0,ELKHART,IN,32,2,Day,Cloudy,Yard,Freight Train,9,87388,0,215585,H399,41.67736,-85.978495,28,29,21.5
NS,132955,2019-02-23,12:05 PM,Other (describe in narrative),0,ELKHART,IN,42,2,Day,Cloudy,Yard,Yard/switching,2,15818,14261,30079,H306,41.67736,-85.978495,31.3,36.7,34.5
NS,126960,2017-10-10,10:00 AM,Derailment,0,ELKHART,IN,58,2,Day,Cloudy,Yard,Yard/switching,2,13379,0,13379,M411,41.67736,-85.978495,65.6,64.3,55.7
NS,128583,2018-02-20,8:05 AM,Other impacts,0,ELKHART,IN,52,2,Day,Clear,Yard,Single Car,0,15932,0,31964,M411,41.67736,-85.978495,47,58.5,33.5
NS,136546,2019-12-17,10:20 AM,Raking collision,0,ELKHART,IN,32,2,Day,Cloudy,Yard,Yard/switching,10,61873,66324,215585,H399,41.67736,-85.978495,28,29,21.5