reportingrailroadcode,accidentnumber,date,time,accidenttype,hazmatreleasedcars,station,stateabbr,temperature,visibility_code,visibility,weathercondition,tracktype,equipmenttype,trainspeed,equipmentdamagecost,trackdamagecost,totaldamagecost,primaryaccidentcausecode,latitude,longitude,prior_temp,actual_temp,following_temp
NS,137483,2020-03-14,9:30 AM,Other impacts,0,ELKHART,IN,39,2,Day,Cloudy,Yard,Yard/switching,3,22225,13167,36717,H302,41.67736,-85.978495,42.7,36.1,36.7
NS,134721,2019-07-15,10:35 AM,Derailment,0,ELKHART,IN,90,2,Day,Clear,Yard,Yard/switching,4,4679,25194,29873,E07C,41.67736,-85.978495,78.6,79.9,76.7
NS,138597,2020-07-21,4:55 PM,Other impacts,0,ELKHART,IN,80,3,Dusk,Cloudy,Yard,Single Car,2,74309,0,159815,H302,41.67736,-85.978495,74.7,73.4,75.5
NS,130081,2018-07-04,5:06 AM,Other impacts,0,ELKHART,IN,70,1,Dawn,Clear,Yard,Yard/switching,2,1982,22633,24615,E39C,41.67736,-85.978495,78.6,80.9,78.9
NS,141011,2021-03-23,11:05 AM,Side collision,0,ELKHART,IN,68,2,Day,Clear,Main,Freight Train,4,153427,0,407480,E30C,41.677391,-85.978436,53.5,57.9,58.1
NS,152052,2023-01-20,2:14 AM,Side collision,0,ELKHART,IN,38,4,Dark,Cloudy,Yard,Cut of cars,8,277940,0,286151,H307,41.677392,-85.978437,40.2,33.2,30.7
NS,136234,2019-11-18,5:35 PM,Other impacts,0,ELKHART,IN,42,3,Dusk,Cloudy,Yard,Single Car,5,35000,18735,58735,E30C,41.67736,-85.978495,31.1,36.6,38.2
NS,143386,2021-11-06,6:20 PM,Other impacts,0,ELKHART,IN,55,3,Dusk,Clear,Yard,Single Car,3,5429,24060,32790,S006,41.677391,-85.978436,38.9,41.5,49.1
NS,143338,2021-11-02,1:45 AM,Side collision,0,ELKHART,IN,40,4,Dark,Clear,Yard,Yard/switching,7,16,0,11572,H305,41.677391,-85.978436,40.7,39.6,36.1
NS,136234,2019-11-18,5:35 PM,Other impacts,0,ELKHART,IN,42,3,Dusk,Cloudy,Yard,Single Car,7,5000,0,58735,E30C,41.67736,-85.978495,31.1,36.6,38.2
NS,138597,2020-07-21,4:55 PM,Other impacts,0,ELKHART,IN,80,3,Dusk,Cloudy,Yard,Yard/switching,3,65118,20388,159815,H302,41.67736,-85.978495,74.7,73.4,75.5
NS,143338,2021-11-02,1:45 AM,Side collision,0,ELKHART,IN,40,4,Dark,Clear,Yard,Yard/switching,4,7168,4388,11572,H305,41.677391,-85.978436,40.7,39.6,36.1
NS,145472,2022-06-06,9:13 PM,Derailment,0,ELKHART,IN,76,4,Dark,Clear,Yard,Yard/switching,15,147173,178503,325676,H525,41.671248,-85.995315,69.9,69.1,63.8
NS,132478,2019-01-17,9:30 PM,Derailment,0,ELKHART,IN,28,4,Dark,Cloudy,Yard,Yard/switching,2,12276,3887,16163,H504,41.677719,-85.963137,29.8,28.9,30.6
NS,152701,2023-03-27,7:44 AM,Other impacts,0,ELKHART,IN,42,1,Dawn,Cloudy,Yard,Single Car,3,28000,0,31700,M411,41.677392,-85.978437,42.4,42.5,37.8
NS,130307,2018-07-22,11:30 PM,Other impacts,0,ELKHART,IN,72,4,Dark,Cloudy,Yard,Yard/switching,3,19960,0,19960,H399,41.67736,-85.978495,70,70.2,68.8
NS,143386,2021-11-06,6:20 PM,Other impacts,0,ELKHART,IN,55,3,Dusk,Clear,Yard,Single Car,3,3301,0,32790,S006,41.677391,-85.978436,38.9,41.5,49.1
NS,145485,2022-06-08,10:27 AM,Other impacts,0,ELKHART,IN,72,2,Day,Clear,Yard,Single Car,2,688,0,17250,M411,41.66849,-86.01427,63.8,59.8,63.1
NS,145447,2022-06-03,12:16 PM,Derailment,0,ELKHART,IN,72,2,Day,Clear,Yard,Freight Train,8,83298,380413,463711,H306,41.677391,-85.978436,63.8,65.9,61.9
NS,130102,2018-07-05,6:00 PM,Other impacts,0,ELKHART,IN,80,3,Dusk,Clear,Yard,Yard/switching,2,150,0,19950,E39C,41.67736,-85.978495,80.9,78.9,72.2
NS,156995,2024-06-08,6:32 AM,Derailment,0,ELKHART,IN,56,1,Dawn,Clear,Yard,Yard/switching,2,20610,10823,31433,M405,41.677392,-85.978437,65.7,64.8,64.9
NS,130102,2018-07-05,6:00 PM,Other impacts,0,ELKHART,IN,80,3,Dusk,Clear,Yard,Yard/switching,2,19800,0,19950,E39C,41.67736,-85.978495,80.9,78.9,72.2
NS,136913,2020-01-23,12:55 AM,Other impacts,0,ELKHART,IN,29,4,Dark,Clear,Yard,Single Car,2,12202,0,28293,M407,41.668489,-86.014285,26.8,35,36.4
NS,138410,2020-07-03,1:50 PM,Raking collision,0,ELKHART,IN,90,2,Day,Clear,Yard,Yard/switching,4,3336,0,144267,H706,41.67736,-85.978495,78.1,78.7,78.5
NS,138034,2020-05-24,12:40 AM,Other impacts,0,ELKHART,IN,60,4,Dark,Rain,Yard,Yard/switching,5,6938,2326,37510,M407,41.67736,-85.978495,66.6,75.2,77.1
NS,136913,2020-01-23,12:55 AM,Other impacts,0,ELKHART,IN,29,4,Dark,Clear,Yard,Yard/switching,2,7548,293,28293,M407,41.668489,-86.014285,26.8,35,36.4
NS,120978,2016-06-12,12:47 AM,Other impacts,0,ELKHART,IN,68,4,Dark,Clear,Yard,Yard/switching,8,14115,0,14115,M505,41.67736,-85.978495,82.5,71.7,68.6
NS,117915,2015-10-25,5:00 AM,Derailment,0,ELKHART,IN,45,1,Dawn,Clear,Yard,Yard/switching,18,286353,1000,287353,H601,41.677391,-85.978436,61.1,50.6,47.1
NS,114825,2015-03-14,5:25 AM,Other impacts,0,ELKHART,IN,43,1,Dawn,Fog,Yard,Yard/switching,4,84000,0,173572,M407,41.677391,-85.978436,42.7,44.3,42.6
NS,154835,2023-11-19,8:20 PM,Other impacts,0,ELKHART,IN,25,4,Dark,Clear,Yard,Yard/switching,5,12006,0,12006,H507,41.677392,-85.978437,37.1,41,41.3
NS,114825,2015-03-14,5:25 AM,Other impacts,0,ELKHART,IN,43,1,Dawn,Fog,Yard,Yard/switching,2,32200,57372,173572,M407,41.677391,-85.978436,42.7,44.3,42.6
UP,0321MA043,2021-03-19,4:46 PM,Hwy-rail crossing,0,ELKHART,IL,51,2,Day,Cloudy,Main,,0,0,15085,29124,M303,40.022852,-89.481446,41.6,39.2,41.8
UP,0517SL008,2017-05-15,10:06 PM,Derailment,0,ELKHART,IL,68,4,Dark,Clear,Main,Freight Train,48,1554781,846613,2401394,H994,40.020056,-89.484219,73.1,74.4,76.4
UP,1220GL020,2020-12-25,6:00 AM,Derailment,1,ELKHART,IA,3,1,Dawn,Clear,Main,Freight Train,38,2033193,139232,2172425,T207,41.748778,-93.526985,7.8,14.9,26.5
NS,156002,2024-03-10,9:27 PM,Derailment,0,ELKHART,IN,31,4,Dark,Clear,Yard,Yard/switching,4,10950,13000,23950,T207,41.677392,-85.978437,38.7,33.1,41.5
NS,123381,2016-12-30,11:50 PM,Derailment,0,ELKHART,IN,32,4,Dark,Clear,Yard,Yard/switching,8,16722,7484,24206,T110,41.67736,-85.978495,33.2,28.3,36.1
UP,0519GC053,2019-05-19,12:56 AM,Derailment,0,ELKHART,TX,73,4,Dark,Cloudy,Main,Freight Train,24,1472762,106456,1579218,T002,31.635002,-95.593974,75.1,79.3,79.3
CSX,000188437,2020-02-13,6:54 AM,Derailment,2,ELKHORN CITY,KY,57,1,Dawn,Rain,Main,Freight Train,24,2232901,58530,2291431,M103,37.338256,-82.396022,43.2,45.1,26.6
YVRR,0662016,2016-06-03,2:27 PM,Other impacts,0,ELKIN,NC,87,2,Day,Clear,Siding,Yard/switching,2,120000,0,120000,H302,36.255264,-80.783022,70.7,73.5,75
YVRR,03242015,2015-03-24,4:30 PM,Derailment,0,ELKIN,NC,65,2,Day,Clear,Main,Freight Train,20,40000,18862,58862,E49C,36.278259,-80.759471,54.1,54.8,50.6
YVRR,1017171,2017-10-17,1:35 PM,Derailment,0,ELKIN,NC,61,2,Day,Clear,Siding,Freight Train,7,75000,16000,91000,T207,36.247114,-80.838522,59.1,48.7,49.6
CSX,000202089,2021-12-28,7:15 AM,Derailment,0,ELKMONT,AL,65,1,Dawn,Cloudy,Main,Freight Train,40,27315,20493,47808,E67C,34.959066,-86.866015,65.5,67.7,63.4
CSX,000190077,2020-05-04,11:45 PM,Obstruction,0,ELKMONT,AL,65,4,Dark,Cloudy,Main,Freight Train,40,12139,97,12236,M404,34.910114,-86.902747,70.3,70.9,68.3
ATK,173324,2022-12-23,5:30 PM,Other (describe in narrative),0,ELKRIDGE,MD,14,3,Dusk,Clear,Main,Passenger Train - Pulling,0,38470,34729,73199,T404,39.210191,-76.695677,41.5,31.9,13.1
ATK,154611,2018-08-03,7:58 AM,Other (describe in narrative),0,ELKTON,MD,77,2,Day,Cloudy,Main,Passenger Train - Pulling,79,14446,0,14446,E78L,39.605571,-75.849822,78.7,77,78.7
RCPE,RCP507523G,2023-08-18,7:15 PM,Hwy-rail crossing,0,ELKTON,SD,75,3,Dusk,Clear,Main,Freight Train,32,505000,300000,805000,M301,44.239994,-96.489221,63.8,68.3,76.7
GC,GCR308418,2018-11-16,9:05 AM,Derailment,0,ELLABELL,GA,48,2,Day,Clear,Industry,Freight Train,4,30000,20000,50000,T220,32.131716,-81.444633,48.2,45.5,51.4
UP,1116TC005,2016-11-11,5:26 AM,Derailment,1,ELLENDALE,MN,43,1,Dawn,Clear,Main,Freight Train,37,1369989,203776,1573765,T299,43.865614,-93.300617,50.4,39.3,40.6
CSX,000192186,2020-08-23,3:52 AM,Rear end collision,0,ELLICOTT CITY,MD,72,4,Dark,Clear,Main,Freight Train,0,27740,0,33455,H605,39.256658,-76.78015,77.7,79.6,79.8
CSX,000192186,2020-08-23,3:52 AM,Rear end collision,0,ELLICOTT CITY,MD,72,4,Dark,Clear,Main,Freight Train,10,5715,0,33455,H605,39.256658,-76.78015,77.7,79.6,79.8
NS,129361,2018-05-04,12:40 PM,Derailment,0,ELLIOTT,IL,72,2,Day,Clear,Main,Work train,8,225000,32248,257248,T313,40.46429,-88.389447,69.9,67.9,67.9
NS,128703,2018-03-04,9:30 AM,Derailment,0,ELLIOTT,IL,48,2,Day,Clear,Main,Freight Train,2,11733,68487,80220,T110,40.464307,-88.38153,39.2,41,38.4
NS,151769,2022-12-20,10:35 AM,Hwy-rail crossing,0,ELLISTON,VA,34,2,Day,Clear,Main,Freight Train,38,25000,7500,32500,M303,37.23488,-80.238575,31.3,32.6,33.8
NS,153567,2023-07-06,7:43 PM,Derailment,0,ELLISTON,VA,75,3,Dusk,Clear,Main,Freight Train,19,42650,288363,331013,E53C,37.237006,-80.224602,75.2,76.8,77.6
BNSF,MT0424101,2024-04-09,6:30 AM,Other (describe in narrative),0,ELLISTON,MT,37,1,Dawn,Cloudy,Main,Light loco(s),5,0,33957,33957,H605,46.568829,-112.464591,42.1,46.9,44.8
NS,151137,2022-10-12,4:55 PM,Other impacts,0,ELLSWORTH,IL,65,3,Dusk,Clear,Main,Spec. MoW Equip.,0,0,0,28000,H402,40.449953,-88.714899,57.5,57.8,46.7
NS,151137,2022-10-12,4:55 PM,Other impacts,0,ELLSWORTH,IL,65,3,Dusk,Clear,Main,Spec. MoW Equip.,10,28000,0,28000,H402,40.449953,-88.714899,57.5,57.8,46.7
BNSF,PR1018115,2018-10-30,9:54 AM,Derailment,0,ELLSWORTH,NE,32,2,Day,Clear,Main,Freight Train,46,356924,101000,457924,T202,42.062986,-102.350083,54.5,41.5,35.5
BPRR,BPR876521G,2021-09-11,7:20 PM,Hwy-rail crossing,0,ELLWOOD CITY,PA,65,3,Dusk,Clear,Main,Freight Train,25,7500,150000,157500,M304,40.848177,-80.275236,59.6,62.8,71.9
UP,0220TO012,2020-02-08,10:26 PM,Fire/violent rupture,0,ELM MOTT,TX,56,4,Dark,Clear,Main,Freight Train,40,38128,0,38128,E73L,31.776035,-97.100046,46.8,51.1,64.5
RAJX,8272015,2015-08-27,2:30 PM,Derailment,0,ELMENDORF,TX,93,2,Day,Clear,Yard,Yard/switching,2,3890,9472,13362,H307,29.258878,-98.205018,84.7,84.5,82.7
UP,0221PR037,2021-02-22,11:50 PM,Fire/violent rupture,0,ELMHURST,IL,37,4,Dark,Cloudy,Main,Freight Train,0,18665,99,18764,E01L,41.899829,-87.942397,28.2,33.7,41.1
LI,74509,2021-04-24,11:00 AM,Raking collision,0,ELMONT,NY,66,2,Day,Clear,Main,Work train,1,0,140686,140686,M204,40.720466,-73.724633,51.3,57.2,54.8
CSX,000168419,2017-04-16,4:43 PM,Other impacts,0,ELMORE,AL,70,2,Day,Clear,Main,Freight Train,50,38711,0,38711,H996,32.538709,-86.314967,70.7,71,71.6
BNSF,NW0620201,2020-06-10,3:00 PM,Hwy-rail crossing,0,ELTOPIA,WA,83,2,Day,Clear,Main,Freight Train,49,5477,80214,85691,M302,46.448936,-119.019258,64,72.9,74.3
BNSF,NW0917115,2017-09-21,10:30 AM,Derailment,0,ELTOPIA,WA,72,2,Day,Clear,Yard,Yard/switching,4,5532,6000,11532,M409,46.272983,-119.102076,53.9,52.4,55
BNSF,CH0819114,2019-08-21,6:00 AM,Derailment,0,ELWOOD,IL,80,1,Dawn,Clear,Yard,Yard/switching,8,48961,98000,146961,H307,41.378592,-88.154438,72.2,72.9,72.5
BNSF,CH0919105,2019-09-18,4:45 AM,Derailment,0,ELWOOD,IL,68,1,Dawn,Clear,Yard,Yard/switching,4,22187,8600,30787,H607,41.398911,-88.153263,70.8,71,71.6
BNSF,CH0523203,2023-05-23,9:19 AM,Hwy-rail crossing,0,ELWOOD,IL,65,2,Day,Clear,Main,Freight Train,40,500,46000,46500,M308,41.347211,-88.21526,68.5,71.4,65.5
BNSF,CH0123113,2023-01-24,3:38 PM,Derailment,0,ELWOOD,IL,36,2,Day,Cloudy,Yard,Freight Train,9,5617,6200,11817,H307,41.38014,-88.15172,28.9,33.3,33.3
BNSF,CH0116108,2016-01-25,4:15 AM,Derailment,0,ELWOOD,IL,30,1,Dawn,Clear,Yard,Yard/switching,3,26919,0,26919,M501,41.378846,-88.151036,29.2,34.7,30.5
BNSF,CH1216112,2016-12-18,3:30 PM,Other impacts,0,ELWOOD,IL,-6,2,Day,Clear,Yard,Light loco(s),10,137410,0,324570,H305,41.399126,-88.154037,22.5,4,3.4
BNSF,CH1216112,2016-12-18,3:30 PM,Other impacts,0,ELWOOD,IL,-6,2,Day,Clear,Yard,Freight Train,10,181160,6000,324570,H305,41.399126,-88.154037,22.5,4,3.4
UP,1015PR017,2015-10-18,6:21 AM,Hwy-rail crossing,0,ELWOOD,IL,32,1,Dawn,Clear,Main,Freight Train,62,14851,0,43251,M309,41.325185,-88.237438,41.2,43.6,59
BNSF,CH1015202,2015-10-18,6:21 AM,Hwy-rail crossing,0,ELWOOD,IL,32,1,Dawn,Clear,Main,,0,0,28400,43251,M302,41.325185,-88.237438,41.2,43.6,59
BNSF,CH1119115,2019-11-21,6:45 AM,Derailment,0,ELWOOD,IL,30,1,Dawn,Cloudy,Yard,Freight Train,7,47293,8731,56024,H607,41.378547,-88.154538,42.1,47,33.6
BNSF,CH0221106,2021-02-06,9:24 PM,Derailment,0,ELWOOD,IL,-8,4,Dark,Snow,Yard,Yard/switching,5,23313,0,23313,M101,41.37844,-88.157305,14.6,8.8,-1.4
BNSF,CH0422110,2022-04-14,1:21 PM,Other (describe in narrative),0,ELWOOD,IL,52,2,Day,Clear,Main,Cut of cars,2,0,83840,83840,M105,41.350246,-88.21247,61.7,44.2,46.8
BNSF,CH0620103,2020-06-20,10:18 AM,Derailment,0,ELWOOD,IL,90,2,Day,Cloudy,Yard,Yard/switching,4,8687,14740,23427,H607,41.380525,-88.15416,79.4,77.6,75.3
BNSF,CH0720105,2020-07-09,11:00 PM,Derailment,0,ELWOOD,IL,75,4,Dark,Rain,Yard,Freight Train,10,35000,124000,159000,H607,41.403378,-88.157006,80.2,81.2,77.2
BNSF,CH1117110,2017-11-22,12:23 PM,Derailment,0,ELWOOD,IL,33,2,Day,Clear,Yard,Yard/switching,3,330719,23000,353719,H504,41.378952,-88.1542,37.8,28.5,36.9
NS,141404,2021-04-30,6:18 AM,Hwy-rail crossing,0,ELWOOD,IN,52,1,Dawn,Clear,Main,Freight Train,29,101,25000,25101,M303,40.274171,-85.837922,58.1,52.2,53.4
BNSF,CH0119113,2019-01-22,7:43 PM,Side collision,0,ELWOOD,IL,33,3,Dusk,Clear,Yard,Freight Train,8,80898,0,90998,H607,41.403175,-88.155798,9,26.3,28.4
BNSF,CH0119113,2019-01-22,7:43 PM,Side collision,0,ELWOOD,IL,33,3,Dusk,Clear,Yard,Light loco(s),9,6000,4100,90998,H607,41.403175,-88.155798,9,26.3,28.4
BNSF,CH0617107,2017-06-10,2:15 AM,Derailment,0,ELWOOD,IL,70,4,Dark,Clear,Yard,Yard/switching,4,14766,0,14766,E24C,41.3806,-88.151797,76.3,78.1,82.2
UP,0421PR011,2021-04-16,12:00 PM,Other impacts,0,ELWOOD,IL,50,2,Day,Clear,Yard,Single Car,0,11563,0,178443,H306,41.450409,-88.117406,46.6,46.9,46.4
UP,0421PR011,2021-04-16,12:00 PM,Other impacts,0,ELWOOD,IL,50,2,Day,Clear,Yard,Single Car,0,166880,0,178443,H306,41.450409,-88.117406,46.6,46.9,46.4
BNSF,CH0822107,2022-08-08,8:00 PM,Derailment,0,ELWOOD,IL,70,3,Dusk,Cloudy,Yard,Freight Train,10,30000,4000,34000,H607,41.403445,-88.157212,78.3,75.4,69.4
BNSF,CH0819113,2019-08-19,5:55 PM,Derailment,0,ELWOOD,IL,85,3,Dusk,Clear,Yard,Freight Train,8,11000,18900,29900,E64C,41.378335,-88.159319,74.7,77.6,72.2
BNSF,CH0919101,2019-09-02,7:46 PM,Derailment,0,ELWOOD,IL,80,3,Dusk,Clear,Yard,Yard/switching,4,109288,500,109788,S102,41.379436,-88.150509,67.2,70.6,71.5
BNSF,CH1017102,2017-10-02,3:40 AM,Derailment,0,ELWOOD,IL,53,4,Dark,Clear,Yard,Freight Train,14,137055,428958,566013,T307,41.407981,-88.166657,59.8,70.7,71.1
SEPA,SEPA060924,2024-06-09,10:20 AM,Other (describe in narrative),0,ELWYN,PA,80,2,Day,Clear,Main,EMU,0,0,81675,81675,T404,39.89381,-75.44529,72.8,73.1,70.5
CSX,000164304,2016-11-12,2:51 AM,Hwy-rail crossing,0,EMERSON,GA,45,4,Dark,Clear,Main,Freight Train,31,4411,8000,12411,M303,34.113215,-84.731096,50.7,52.8,49.9
CSX,000191005,2020-06-24,9:17 AM,Hwy-rail crossing,0,EMERSON,GA,75,2,Day,Clear,Main,Freight Train,41,12634,15672,28306,M303,34.12713,-84.756298,76.7,73.4,75.3
BNSF,TC0424106,2024-04-22,1:00 AM,Other (describe in narrative),0,EMERY,SD,50,4,Dark,Clear,Industry,Yard/switching,3,35149,0,35149,H302,43.596225,-97.608757,45.6,56.3,53.6
BNSF,RD0923110,2023-09-07,5:44 PM,Derailment,0,EMHOUSE,TX,103,3,Dusk,Clear,Main,Freight Train,33,502121,160000,662121,T109,32.17184,-96.582871,91.2,92.8,94.5
UP,1218MA017,2018-12-08,10:30 AM,Hwy-rail crossing,0,EMMET,AR,38,2,Day,Rain,Main,Freight Train,30,9518,17000,26518,M302,33.728704,-93.473243,41.6,37.4,40.1
UP,1019MA032,2019-10-23,12:30 AM,Hwy-rail crossing,0,EMMET,AR,47,4,Dark,Clear,Main,Freight Train,62,11357,0,11357,M303,33.766832,-93.425298,56.7,57,60.5
UP,0220MA037,2020-02-06,5:20 AM,Obstruction,0,EMMET,AR,37,1,Dawn,Cloudy,Main,,0,0,0,10904,M404,33.74425,-93.453706,44.4,35.6,37.4
ATK,163051,2020-02-06,5:20 AM,Obstruction,0,EMMET,AR,34,1,Dawn,Cloudy,Main,Passenger Train - Pulling,70,10904,0,10904,M404,33.743966,-93.453836,44.4,35.6,37.4
UP,0524MA037,2024-05-25,3:15 PM,Derailment,0,EMMET,AR,87,2,Day,Clear,Main,Freight Train,53,6031155,3259113,9290268,T204,33.72179,-93.481927,79.1,80.5,83.6
UP,1122HL017,2022-11-17,10:30 AM,Derailment,0,EMMETT,KS,35,2,Day,Cloudy,Industry,Freight Train,6,715260,33,715293,T001,39.331518,-96.128717,27.2,30.3,22.3
BNSF,KS0217107,2017-02-17,6:12 PM,Derailment,0,EMPORIA,KS,50,3,Dusk,Clear,Main,Yard/switching,15,153449,24000,177449,H307,38.401317,-96.171419,54.5,55.9,54.5
BNSF,KS0619104,2019-06-08,12:01 PM,Derailment,0,EMPORIA,KS,85,2,Day,Clear,Yard,Freight Train,5,21154,22000,43154,H503,38.40098,-96.203404,75.6,75.8,68.5
ATK,136678,2015-03-15,7:10 PM,Obstruction,0,EMPORIA,VA,65,3,Dusk,Clear,Main,Passenger Train - Pulling,67,12945,0,12945,M404,36.748608,-77.493869,52.7,56,50.9
ATK,139152,2015-09-10,12:59 PM,Hwy-rail crossing,0,EMPORIA,VA,82,2,Day,Cloudy,Main,Passenger Train - Pulling,70,20000,0,20000,M303,36.546281,-77.53008,78.1,74.5,72.4
CSX,000174533,2018-02-06,2:49 AM,Derailment,0,EMPORIA,VA,42,4,Dark,Clear,Main,Freight Train,40,41569,29337,70906,E53C,36.721279,-77.515604,37.6,40.6,48.7
CSX,000145084,2015-03-15,7:10 PM,Obstruction,0,EMPORIA,VA,58,3,Dusk,Cloudy,Main,,0,0,0,12945,M402,36.748608,-77.493869,52.7,56,50.9
BNSF,KS0515110,2015-05-16,5:36 PM,Derailment,0,EMPORIA,KS,61,2,Day,Rain,Main,Freight Train,0,1609251,0,1609251,M105,38.380477,-96.044178,69.1,67.4,68.3
BNSF,KS0922112,2022-09-28,1:22 PM,Derailment,0,EMPORIA,KS,84,2,Day,Clear,Yard,Freight Train,7,30239,6500,36739,H518,38.401082,-96.217031,68.9,64,61.3
BNSF,KS1015101,2015-10-03,10:00 AM,Derailment,0,EMPORIA,KS,65,2,Day,Clear,Yard,Yard/switching,10,19341,7560,26901,H306,38.400845,-96.211246,53.5,52.8,54.8
BNSF,KS0621115,2021-06-29,12:23 PM,Derailment,0,EMPORIA,KS,75,2,Day,Rain,Yard,Freight Train,5,27201,8999,36200,H514,38.400904,-96.197876,73.4,73.3,75.9
ATK,180383,2024-05-25,3:45 AM,Derailment,0,EMPORIA,KS,66,4,Dark,Clear,Main,Passenger Train - Pulling,77,26004,0,31658,T314,38.403387,-96.163019,73.2,69.5,71.2
BNSF,KS0524107,2024-05-25,3:45 AM,Derailment,0,EMPORIA,KS,60,4,Dark,Clear,Main,Freight Train,0,0,5654,31658,T314,38.403387,-96.163019,73.2,69.5,71.2
WNYP,W2019005,2019-02-06,11:40 AM,Derailment,0,EMPORIUM,PA,20,2,Day,Cloudy,Siding,Freight Train,7,3542,11470,15012,E64C,41.50852,-78.222767,43.1,38.1,45.6
UP,0219SX017,2019-02-13,8:10 AM,Hwy-rail crossing,0,ENCINAL,TX,42,2,Day,Clear,Main,Freight Train,56,39878,464,40342,M308,28.24046,-99.296944,56.8,54,61.7
ATK,157170,2019-01-13,11:06 AM,Obstruction,0,ENFIELD,NC,34,2,Day,Rain,Main,Passenger Train - Pulling,79,13902,0,13902,M404,36.247456,-77.631393,34.2,34.9,33.1
CSX,000181598,2019-01-13,11:06 AM,Obstruction,0,ENFIELD,NC,34,2,Day,Rain,Main,,0,0,0,13902,M404,36.247456,-77.631393,34.2,34.9,33.1
ATK,174381,2023-04-10,11:00 AM,Derailment,0,ENFIELD,CT,67,2,Day,Clear,Yard,Spec. MoW Equip.,3,43845,0,43845,H599,41.943459,-72.611199,42.2,49,57.7
ATK,152506,2018-03-28,11:34 PM,Derailment,0,ENFIELD,NC,62,4,Dark,Clear,Main,Passenger Train - Pulling,70,63944,0,64332,T207,36.162475,-77.68723,38.7,57.2,66.9
GRS,20190329G1,2019-03-29,5:05 PM,Derailment,0,ENFIELD,ME,45,3,Dusk,Cloudy,Main,Freight Train,4,29606,4875,34481,T109,45.275753,-68.582134,35.2,38.7,35.2
CSX,000175545,2018-03-28,11:34 PM,Derailment,0,ENFIELD,NC,62,4,Dark,Cloudy,Main,Freight Train,0,0,388,64332,T207,36.166566,-77.682567,38.7,57.2,66.9
UP,0215DV014,2015-02-23,3:30 PM,Derailment,0,ENGLEWOOD,CO,15,2,Day,Cloudy,Industry,Freight Train,10,1360,190951,192311,M501,39.635419,-105.007345,10.1,12.1,25.2
NS,139508,2020-10-23,5:40 AM,Derailment,0,ENGLISH,IN,50,1,Dawn,Clear,Main,Freight Train,26,55196,62161,117357,H518,38.344561,-86.417004,69.7,67.3,49.5
BNSF,RD1117130,2017-11-29,10:20 PM,Other impacts,0,ENID,OK,40,4,Dark,Clear,Main,Freight Train,5,20995,0,20995,H302,36.412461,-97.863146,57.2,46.4,45.2
BNSF,RD0723123,2023-07-23,11:22 PM,Derailment,0,ENID,OK,85,4,Dark,Clear,Yard,Freight Train,6,157428,522996,680424,H307,36.41237,-97.852568,76.2,79.7,84.2
BNSF,RD0417122,2017-04-27,5:49 PM,Derailment,0,ENID,OK,70,3,Dusk,Clear,Yard,Freight Train,8,37814,125136,162950,M204,36.412237,-97.858512,49.3,53.5,63.8
BNSF,SF0516200,2016-05-09,5:00 AM,Hwy-rail crossing,0,ENID,OK,65,1,Dawn,Clear,Main,Freight Train,50,177923,635563,813486,M302,36.39756,-97.756172,68.3,70.6,69.9
GNBC,G06042018,2018-06-04,3:30 AM,Derailment,0,ENID,OK,60,4,Dark,Clear,Yard,Light loco(s),8,3750,0,68750,E64L,36.401428,-97.897695,73.6,74,77.7
BNSF,RD0124108,2024-01-11,3:19 AM,Derailment,0,ENID,OK,25,4,Dark,Clear,Yard,Yard/switching,9,343831,97999,441830,T220,36.412242,-97.857033,35.4,40,23.2
BNSF,RD0520104,2020-05-04,8:03 PM,Derailment,0,ENID,OK,85,3,Dusk,Clear,Yard,Cut of cars,0,2025,0,32900,H307,36.412428,-97.852115,71.9,73.2,64.1
BNSF,RD0618109,2018-06-04,3:30 AM,Derailment,0,ENID,OK,85,4,Dark,Clear,Yard,,0,0,65000,68750,E64L,36.4046,-97.892428,73.6,74,77.7
BNSF,RD0223115,2023-02-17,10:30 PM,Derailment,0,ENID,OK,25,4,Dark,Clear,Main,Yard/switching,8,55298,0,698633,H318,36.41112,-97.845017,29.7,32.2,37.7
BNSF,RD0119127,2019-01-24,3:00 AM,Derailment,0,ENID,OK,35,4,Dark,Clear,Yard,Yard/switching,3,8000,4500,12500,H607,36.411549,-97.866386,29,31.7,26.9
UP,0818KC026,2018-08-29,1:06 AM,Derailment,0,ENID,OK,65,4,Dark,Cloudy,Main,Freight Train,13,47009,73032,120041,E45C,36.408226,-97.871033,86.9,76.2,83.6
BNSF,RD0520104,2020-05-04,8:03 PM,Derailment,0,ENID,OK,85,3,Dusk,Clear,Yard,Yard/switching,5,6075,24800,32900,H307,36.412428,-97.852115,71.9,73.2,64.1
BNSF,RD0123116,2023-01-23,9:04 AM,Derailment,0,ENID,OK,35,2,Day,Clear,Yard,Freight Train,6,550604,109000,659604,M505,36.420852,-97.85462,35.4,33.5,33.2
BNSF,RD1222119,2022-12-16,1:56 PM,Derailment,0,ENID,OK,43,2,Day,Clear,Yard,Yard/switching,5,12165,1000,13165,T314,36.412219,-97.851104,35,34,32.4
UP,0221TO035,2021-02-28,1:58 AM,Derailment,0,ENNIS,TX,69,4,Dark,Cloudy,Yard,Yard/switching,5,9282,4000,13282,M405,32.338298,-96.633962,61.1,65.8,49.1
UP,0822TO024,2022-08-23,2:30 PM,Derailment,0,ENNIS,TX,79,2,Day,Cloudy,Yard,Yard/switching,9,1055,30602,31657,H702,32.335957,-96.632248,74.6,76.5,78.6