reportingrailroadcode,accidentnumber,date,time,accidenttype,hazmatreleasedcars,station,stateabbr,temperature,visibility_code,visibility,weathercondition,tracktype,equipmenttype,trainspeed,equipmentdamagecost,trackdamagecost,totaldamagecost,primaryaccidentcausecode,latitude,longitude,prior_temp,actual_temp,following_temp
UP,1222TO008,2022-12-06,1:22 AM,Derailment,0,ENNIS,TX,67,4,Dark,Cloudy,Yard,Freight Train,5,68157,227370,295527,H514,32.329677,-96.627951,63.9,69.8,70.9
UP,0621TO002,2021-06-01,1:03 AM,Derailment,0,ENNIS,TX,68,4,Dark,Cloudy,Industry,Yard/switching,7,34519,6820,41339,T299,32.35442,-96.637271,69.6,68.8,70.8
UP,1220TO001,2020-12-01,11:30 AM,Derailment,0,ENNIS,TX,51,2,Day,Clear,Yard,Yard/switching,6,10892,4758,15650,T103,32.347228,-96.640071,40,41.8,47.9
NS,156968,2024-06-05,3:37 AM,Derailment,0,ENOLA,PA,71,4,Dark,Cloudy,Yard,Freight Train,5,29590,4524,34114,M409,40.279833,-76.922472,77.4,73.8,78.3
NS,143768,2021-12-15,2:59 PM,Other impacts,0,ENOLA,PA,53,2,Day,Clear,Yard,Yard/switching,6,177793,63909,241702,E30C,40.299197,-76.924148,41.7,41.3,54.5
NS,152826,2023-04-14,4:30 PM,Other impacts,0,ENOLA,PA,75,3,Dusk,Clear,Yard,Single Car,0,150,0,16522,H312,40.306424,-76.920706,75.3,72.8,69.8
NS,152826,2023-04-14,4:30 PM,Other impacts,0,ENOLA,PA,75,3,Dusk,Clear,Yard,Single Car,4,0,16372,16522,H312,40.306424,-76.920706,75.3,72.8,69.8
NS,132206,2018-12-27,2:20 PM,Other (describe in narrative),0,ENOLA,PA,44,2,Day,Clear,Yard,Freight Train,4,586,39002,39588,H702,40.313539,-76.917349,35,37.3,44.3
NS,155070,2023-12-14,11:55 AM,Derailment,0,ENOLA,PA,43,2,Day,Clear,Yard,Yard/switching,5,10200,5382,15582,H508,40.279833,-76.922472,37.8,35.4,41.8
NS,151657,2022-12-08,2:30 PM,Derailment,0,ENON,OH,53,2,Day,Rain,Main,Freight Train,7,0,23524,40524,E53C,39.870225,-83.958459,48.2,43.2,41.7
NS,151657,2022-12-08,2:30 PM,Derailment,0,ENON,OH,53,2,Day,Rain,Main,Freight Train,7,0,17000,40524,E53C,39.870225,-83.958459,48.2,43.2,41.7
NS,153540,2023-07-06,6:45 AM,Derailment,0,ENTERPRISE,MS,84,1,Dawn,Clear,Siding,Freight Train,10,2041,42543,44584,E4BC,32.21434,-88.775985,79.7,81.5,80.1
BNSF,CH0415106,2015-04-17,12:45 AM,Derailment,0,EOLA,IL,58,4,Dark,Clear,Yard,Freight Train,10,30000,1500,31500,E64C,41.77466,-88.249134,55.7,61.6,59.1
BNSF,CH1218103,2018-12-01,10:52 AM,Derailment,0,EOLA,IL,40,2,Day,Rain,Yard,Yard/switching,10,28705,2000,30705,E32C,41.773553,-88.257176,31.9,37.9,39.4
BNSF,CH0217110,2017-02-16,4:03 AM,Derailment,0,EOLA,IL,30,1,Dawn,Clear,Yard,Light loco(s),5,8500,33238,41738,H607,41.775414,-88.240212,31.7,36.2,46.5
BNSF,CH1122119,2022-11-28,2:30 AM,Derailment,0,EOLA,IL,27,4,Dark,Clear,Industry,Yard/switching,8,581,17754,18335,H307,41.777677,-88.2185,40.7,35.5,46.6
BNSF,CH1215106,2015-12-10,1:07 AM,Derailment,0,EOLA,IL,42,4,Dark,Clear,Yard,Freight Train,7,16403,500,16903,E03C,41.772063,-88.267,43.5,47.1,45.9
BNSF,CH1018118,2018-10-28,7:15 AM,Derailment,0,EOLA,IL,35,1,Dawn,Clear,Yard,Freight Train,5,15000,20000,35000,H607,41.772193,-88.265,46.8,46.4,43.8
BNSF,CH1123113,2023-11-13,8:02 PM,Derailment,0,EOLA,IL,48,3,Dusk,Clear,Yard,Yard/switching,5,80560,0,80560,H302,41.77233,-88.256082,45.8,44.7,41.8
BNSF,CH0322113,2022-03-18,11:53 AM,Other impacts,0,EOLA,IL,55,2,Day,Cloudy,Yard,Freight Train,1,1890,0,31224,H307,41.769988,-88.274472,53.4,43.3,39.2
BNSF,CH0322113,2022-03-18,11:53 AM,Other impacts,0,EOLA,IL,55,2,Day,Cloudy,Yard,Freight Train,0,29334,0,31224,H307,41.769988,-88.274472,53.4,43.3,39.2
BNSF,CH0417101,2017-04-04,6:00 PM,Derailment,0,EOLA,IL,55,3,Dusk,Cloudy,Yard,Yard/switching,8,20400,51415,71815,T222,41.772487,-88.25615,49.8,49,42.7
BNSF,CH0717104,2017-07-11,7:51 AM,Derailment,0,EOLA,IL,85,1,Dawn,Clear,Yard,Freight Train,8,12000,5400,17400,T314,41.77222,-88.266164,75.4,75.8,75.5
BNSF,CH1118111,2018-11-28,12:55 PM,Derailment,0,EOLA,IL,32,2,Day,Clear,Yard,Freight Train,8,75000,77600,152600,T111,41.774711,-88.246162,20.2,22.7,30.3
BNSF,CH0115122,2015-01-23,10:30 AM,Derailment,0,EOLA,IL,25,2,Day,Cloudy,Yard,Freight Train,8,23277,29000,52277,T110,41.770904,-88.270609,30.4,30,32.4
BNSF,CH1119101,2019-11-02,2:23 AM,Derailment,0,EOLA,IL,26,4,Dark,Cloudy,Yard,Freight Train,6,242152,135000,377152,T210,41.774706,-88.248323,31.9,38,40.5
BNSF,CH0218107,2018-02-13,12:44 AM,Derailment,0,EOLA,IL,70,4,Dark,Clear,Yard,Freight Train,6,151400,115000,266400,T207,41.772326,-88.262502,9.1,18.9,29.6
BNSF,CH0323108,2023-03-12,5:30 PM,Derailment,0,EOLA,IL,37,3,Dusk,Cloudy,Yard,Freight Train,10,91702,207252,298954,T206,41.774738,-88.247619,35.2,33.3,29.4
BNSF,CH0817110,2017-08-12,10:36 PM,Derailment,0,EOLA,IL,68,4,Dark,Clear,Yard,Freight Train,8,230379,65000,295379,T201,41.771933,-88.271788,68.3,65.1,65.9
WC,1139196,2023-09-22,6:30 PM,Derailment,0,EOLA,IL,72,3,Dusk,Clear,Yard,Freight Train,9,111000,0,156764,T110,41.886708,-88.309103,66.7,68.3,70.4
BNSF,CH0923108,2023-09-22,6:30 PM,Derailment,0,EOLA,IL,72,3,Dusk,Clear,Yard,Freight Train,0,0,45764,156764,T113,41.774053,-88.251966,66.7,68.3,70.4
BNSF,NW0416101,2016-04-07,7:30 PM,Other (describe in narrative),0,EPHRATA,WA,80,3,Dusk,Clear,Main,Maint./inspect Car,5,13000,2000,15000,H402,47.369901,-119.460866,49.7,59.8,65.1
BNSF,MT0116100,2016-01-07,4:50 AM,Derailment,0,EPPING,ND,19,1,Dawn,Fog,Industry,Freight Train,7,56000,15000,71000,H702,48.285267,-103.314284,18.3,18.8,3.8
EEC,151,2015-10-23,5:00 PM,Other (describe in narrative),0,ERIE,PA,53,2,Day,Clear,Industry,Yard/switching,3,2000,15000,17000,H399,42.14189,-80.03161,61.3,49,57.9
CSX,000171857,2017-09-21,10:40 AM,Other (describe in narrative),0,ERIE,PA,70,2,Day,Clear,Yard,Single Car,0,17700,192,17892,M599,42.119868,-80.084317,71,70.5,69.5
CSX,000191326,2020-07-13,11:48 AM,Hwy-rail crossing,0,ERIE,PA,73,2,Day,Clear,Main,Spec. MoW Equip.,25,67000,0,67000,M304,42.11338,-80.10346,72.8,71.7,71.2
CSX,000165759,2017-01-09,3:00 AM,Obstruction,0,ERIE,PA,15,4,Dark,Snow,Main,Freight Train,49,1772,16646,18418,M402,42.132259,-80.048984,16.7,18.5,36.3
NS,153034,2023-05-09,3:45 AM,Other (describe in narrative),0,ERNUL,NC,68,4,Dark,Clear,Industry,Freight Train,10,59620,2155,61775,H702,35.256458,-77.081928,73.6,73.7,65.9
CSX,000151780,2015-09-06,10:08 AM,Side collision,0,ERWIN,TN,75,2,Day,Clear,Yard,Single Car,6,0,0,19015,T217,36.146937,-82.416002,72,72.1,71.8
CSX,000151780,2015-09-06,10:08 AM,Side collision,0,ERWIN,TN,75,2,Day,Clear,Yard,Cut of cars,6,18815,200,19015,T217,36.146937,-82.416002,72,72.1,71.8
WC,1108867,2022-07-19,11:28 PM,Derailment,0,ESCANABA,MI,76,4,Dark,Clear,Main,Freight Train,23,46316,93000,139316,T211,45.780432,-87.101742,73,75.1,73.2
WC,1000199,2019-05-30,1:50 PM,Hwy-rail crossing,0,ESCANABA,MI,65,2,Day,Clear,Main,Freight Train,17,110800,42364,153164,M302,45.775956,-87.108521,57.8,59.1,52.7
WC,1061029,2021-02-09,6:49 PM,Derailment,0,ESCANABA,MI,-4,4,Dark,Clear,Main,Freight Train,25,689780,193989,883769,T319,45.764674,-87.11804,-2.5,-1.5,-1.6
NECR,NEC420520D,2020-05-13,10:00 PM,Derailment,0,ESSEX,VT,35,4,Dark,Clear,Main,Freight Train,22,78038,70404,148442,E4BC,44.4812,-73.1016,42,46.8,53.7
BNSF,MT0717109,2017-07-17,10:55 AM,Derailment,0,ESSEX,MT,64,2,Day,Clear,Main,Maint./inspect Car,35,70000,0,140000,H402,48.284752,-113.611506,68.9,62.1,65.4
BNSF,MT0717109,2017-07-17,10:55 AM,Derailment,0,ESSEX,MT,64,2,Day,Clear,Main,Maint./inspect Car,0,70000,0,140000,H402,48.284752,-113.611506,68.9,62.1,65.4
LSRC,D230211,2023-02-11,6:00 AM,Derailment,0,ESSEXVILLE,MI,21,1,Dawn,Cloudy,Industry,Freight Train,8,11474,6860,18334,H524,43.618839,-83.837989,32.9,31.9,37.5
LSRC,D150916,2015-09-16,6:00 PM,Derailment,0,ESSEXVILLE,MI,80,2,Day,Clear,Main,Freight Train,5,24952,9855,34807,T312,43.61113,-83.854926,70.9,70,70.4
BNSF,TX1014111,2014-10-28,1:15 PM,Derailment,0,ESTELLINE,TX,75,2,Day,Clear,Main,Freight Train,22,1000708,471426,1472134,T499,34.559186,-100.437506,72.5,60.1,57.7
CSX,000177188,2018-06-25,9:35 AM,Hwy-rail crossing,0,ESTILL,SC,95,2,Day,Clear,Main,Freight Train,50,13022,254,13276,M303,32.755442,-81.241551,84.5,80.3,78.4
BNSF,CH0920203,2020-09-26,1:29 PM,Hwy-rail crossing,0,ETHEL,MO,70,2,Day,Clear,Main,Freight Train,63,3000,9700,12700,M302,39.906262,-92.703201,67.8,73,62.6
ABS,D660515,2015-01-26,7:30 AM,Derailment,0,ETHELSVILLE,AL,50,1,Dawn,Clear,Main,Freight Train,8,191644,30000,221644,T221,33.408016,-88.21205,45.6,43.2,45.3
GRS,20200313G3,2020-03-13,12:35 AM,Derailment,0,ETNA,ME,35,4,Dark,Rain,Main,Freight Train,8,75933,8933,84866,T110,44.823423,-69.130374,31.5,38.1,40.6
CSX,000156627,2016-01-30,7:15 AM,Derailment,0,ETOWAH,TN,65,4,Dark,Clear,Yard,Freight Train,4,47852,8540,56392,M204,35.328132,-84.521392,34.9,42,56
CSX,000203650,2022-03-17,8:25 AM,Derailment,0,ETOWAH,TN,54,2,Day,Clear,Yard,Light loco(s),3,34598,195,34793,H702,35.314204,-84.528354,57.2,56.7,53.7
CSX,000171053,2017-08-17,7:33 PM,Other impacts,0,ETOWAH,TN,88,2,Day,Clear,Yard,Yard/switching,1,15986,0,16152,H302,35.328132,-84.521392,77.1,78.7,78.1
CSX,000171053,2017-08-17,7:33 PM,Other impacts,0,ETOWAH,TN,88,2,Day,Clear,Yard,Single Car,0,166,0,16152,H302,35.328132,-84.521392,77.1,78.7,78.1
TXNW,TXNW160805,2016-08-05,4:00 AM,Derailment,0,ETTER,TX,65,4,Dark,Cloudy,Yard,,0,0,0,64800,H307,36.023551,-101.975659,82.7,75.1,79
BNSF,PR0816102,2016-08-05,4:00 AM,Derailment,0,ETTER,TX,65,4,Dark,Cloudy,Yard,Freight Train,3,64800,0,64800,H307,36.023551,-101.975659,82.7,75.1,79
CSX,000209501,2023-01-26,9:33 PM,Derailment,0,EUCLID,OH,29,4,Dark,Snow,Yard,Freight Train,10,275552,19565,295117,T207,41.579107,-81.540536,35.7,32.4,29.8
BNSF,TC0321107,2021-03-10,3:37 PM,Derailment,0,EUCLID,MN,30,2,Day,Clear,Main,Freight Train,34,323705,210841,534546,T204,47.867785,-96.613878,47,29.1,24.9
UP,0322PN004,2022-03-05,4:22 AM,Other impacts,0,EUGENE,OR,41,1,Dawn,Cloudy,Yard,Freight Train,7,39481,0,70823,H301,44.082511,-123.148597,43.8,45,44.4
ATK,172800,2022-11-17,9:04 PM,Derailment,0,EUGENE,OR,33,4,Dark,Clear,Yard,Passenger Train - Pulling,5,60428,0,60560,H607,44.07157,-123.13546,35.7,33.8,35
UP,1022PN020,2022-10-18,11:30 AM,Derailment,0,EUGENE,OR,50,2,Day,Fog,Yard,Yard/switching,4,617,99746,100363,H702,44.057389,-123.10699,58.1,55.8,56.5
UP,0619PN013,2019-06-14,10:20 AM,Other impacts,0,EUGENE,OR,62,2,Day,Clear,Yard,Cut of cars,0,1046,0,39484,H601,44.07083,-123.130493,72.4,64.1,65.5
UP,1023PN019,2023-10-14,12:30 AM,Derailment,0,EUGENE,OR,54,4,Dark,Rain,Yard,Yard/switching,4,1571,2250,22139,H607,44.067623,-123.126229,53.3,56.2,59.9
UP,0619PN013,2019-06-14,10:20 AM,Other impacts,0,EUGENE,OR,62,2,Day,Clear,Yard,Yard/switching,4,565,37873,39484,H601,44.07083,-123.130493,72.4,64.1,65.5
UP,0819PN017,2019-08-16,2:00 AM,Derailment,0,EUGENE,OR,66,4,Dark,Clear,Yard,Freight Train,5,8775,7490,16265,H503,44.075401,-123.137798,70.9,67.3,66.6
UP,0319PN003,2019-03-03,11:05 AM,Derailment,0,EUGENE,OR,30,2,Day,Clear,Yard,Yard/switching,3,9210,21938,31148,H019,44.069573,-123.130497,36.1,35.2,32.1
UP,0916PD012,2016-09-25,4:51 PM,Derailment,0,EUGENE,OR,81,2,Day,Clear,Yard,Yard/switching,10,481566,36200,517766,E76L,44.060386,-123.113809,59.2,63,68.3
UP,0818PD027,2018-08-24,5:30 PM,Other impacts,0,EUGENE,OR,76,2,Day,Clear,Yard,Single Car,1,14461,0,14461,H318,44.070461,-123.13207,62.1,64.6,61.5
UP,0121PN030,2021-01-24,10:00 PM,Derailment,0,EUGENE,OR,38,4,Dark,Clear,Yard,,0,0,12132,31922,H602,44.065595,-123.125564,36.1,38.4,36.8
UP,0416PD005,2016-04-12,3:55 PM,Derailment,0,EUGENE,OR,43,2,Day,Cloudy,Yard,Freight Train,3,58770,26104,84874,M409,44.065121,-123.12136,54.5,52.9,51.9
UP,1117PD031,2017-11-23,8:30 PM,Derailment,0,EUGENE,OR,44,4,Dark,Cloudy,Main,Freight Train,3,2550,19429,21979,H403,44.078471,-123.142699,58,55.8,43.2
UP,0322PN004,2022-03-05,4:22 AM,Other impacts,0,EUGENE,OR,41,1,Dawn,Cloudy,Yard,Yard/switching,0,27342,4000,70823,H301,44.082511,-123.148597,43.8,45,44.4
UP,0918PD010,2018-09-10,8:06 PM,Derailment,0,EUGENE,OR,63,4,Dark,Clear,Yard,Yard/switching,3,141707,18140,159847,H702,44.062142,-123.116953,62.4,63.8,59.3
UP,0118PD028,2018-01-26,7:48 AM,Fire/violent rupture,0,EUGENE,OR,47,2,Day,Rain,Main,Freight Train,35,13215,0,13215,M406,44.039941,-123.034785,39.5,42,47.6
UP,0818PD027,2018-08-24,5:30 PM,Other impacts,0,EUGENE,OR,76,2,Day,Clear,Yard,Yard/switching,4,0,0,14461,H318,44.070461,-123.13207,62.1,64.6,61.5
UP,1123PN018,2023-11-25,3:24 AM,Derailment,0,EUGENE,OR,28,4,Dark,Fog,Yard,Yard/switching,4,4988,13479,18467,H306,44.067623,-123.126229,37.5,31.9,31.5
CORP,COR569323A,2023-10-14,1:12 AM,Other (describe in narrative),0,EUGENE,OR,48,4,Dark,Cloudy,Yard,Freight Train,0,18318,0,22139,H704,44.069444,-123.13,53.3,56.2,59.9
UP,1122PN019,2022-11-17,9:07 PM,Derailment,0,EUGENE,OR,34,4,Dark,Clear,Yard,,0,0,132,60560,H607,44.065779,-123.125857,35.7,33.8,35
CORP,COR673021R,2021-01-24,10:50 PM,Derailment,0,EUGENE,OR,34,4,Dark,Clear,Yard,Light loco(s),8,19790,0,31922,T110,44.064528,-123.122986,36.1,38.4,36.8
NS,151966,2023-01-10,1:00 AM,Derailment,0,EUREKA,SC,39,4,Dark,Clear,Industry,Freight Train,7,65927,13603,79530,H702,33.662169,-81.806011,50.4,47,51.9
UP,0319RM047,2019-03-30,9:13 AM,Derailment,4,EUREKA,UT,34,2,Day,Clear,Main,Freight Train,35,1502035,640158,2142193,E06C,39.75675,-112.200068,39.4,41,41.9
BNSF,HL0415100,2015-04-04,5:10 PM,Other (describe in narrative),0,EUREKA,MO,54,3,Dusk,Clear,Main,Freight Train,25,42467,5000,47467,E29C,38.502572,-90.623339,52.1,46.1,54
TPW,TPW052916R,2016-08-12,8:30 PM,Derailment,0,EUREKA,IL,74,4,Dark,Rain,Industry,Freight Train,7,290350,85000,375350,T111,40.722,-89.31,81.6,77.3,75.1
UP,0615SL005,2015-06-09,1:30 PM,Derailment,0,EUREKA,MO,94,2,Day,Cloudy,Main,Freight Train,30,1573535,368307,1941842,T109,38.529152,-90.60552,75.9,77.6,81.2
SRN,SRN112015,2015-11-24,3:00 AM,Derailment,0,EVADALE,TX,42,4,Dark,Clear,Industry,Light loco(s),0,33000,7000,85000,H702,30.355697,-94.045876,45.8,55.6,63.8
XTGS,F0122015,2015-11-24,3:00 AM,Derailment,0,EVADALE,TX,42,4,Dark,Clear,Siding,Yard/switching,4,45000,0,85000,H702,30.355697,-94.045876,45.8,55.6,63.8
BNSF,RD0618106,2018-06-09,5:55 PM,Derailment,0,EVADALE,TX,90,3,Dusk,Cloudy,Siding,Freight Train,5,2025,75000,77025,T110,30.348376,-94.074137,82.1,78,80.8
CSX,000215663,2024-01-10,12:17 PM,Obstruction,0,EVANS,GA,47,2,Day,Rain,Main,Freight Train,17,59353,0,59353,M404,33.570319,-82.131322,55,44.8,45
BPRR,BPR696518D,2018-06-19,5:30 AM,Derailment,0,EVANS CITY,PA,65,4,Dark,Rain,Main,Freight Train,5,28266,29950,58216,M203,40.789717,-80.092694,81,74.2,70
CSX,000195208,2021-01-24,6:30 AM,Derailment,0,EVANSVILLE,IN,30,4,Dark,Rain,Yard,Freight Train,6,16407,178,16585,H704,37.962372,-87.609363,30.5,36.9,38.7
ISW,02172016,2016-02-17,8:00 AM,Obstruction,0,EVANSVILLE,IN,34,2,Day,Cloudy,Yard,Yard/switching,3,0,0,70654,S016,38.0131,-87.59036,34,36.7,42
UP,0620MA031,2020-06-25,8:21 PM,Derailment,0,EVANSVILLE,IL,71,4,Dark,Clear,Main,Freight Train,10,169767,96419,266186,E41C,38.091583,-89.87425,72.6,76.8,80.4
CSX,000169689,2017-06-18,12:10 PM,Other impacts,0,EVANSVILLE,IN,78,2,Day,Cloudy,Yard,Yard/switching,4,27570,200,28270,H318,37.962372,-87.609363,79.8,75.3,75.5
CSX,000169689,2017-06-18,12:10 PM,Other impacts,0,EVANSVILLE,IN,78,2,Day,Cloudy,Yard,Single Car,4,500,0,28270,H318,37.962372,-87.609363,79.8,75.3,75.5
CSX,000203869,2022-03-28,6:18 AM,Derailment,0,EVANSVILLE,IN,32,1,Dawn,Clear,Yard,Freight Train,8,212573,41033,253606,E49C,37.962312,-87.609227,37.2,38.7,47.2
OVR,20160217,2016-02-17,8:00 AM,Obstruction,0,EVANSVILLE,IN,34,2,Day,Cloudy,Yard,,0,0,0,70654,S016,38.016495,-87.592844,34,36.7,42
CSX,000153435,2015-10-18,3:50 AM,Derailment,0,EVANSVILLE,IN,31,1,Dawn,Clear,Main,Freight Train,6,35015,11994,47009,T207,37.943015,-87.627508,47.4,45.8,52.7
CSX,000174591,2018-02-07,8:35 PM,Derailment,0,EVANSVILLE,IN,24,4,Dark,Clear,Yard,Freight Train,6,167725,90880,258605,T110,37.962372,-87.609363,31,28.3,28.1
CSX,000165963,2017-01-14,7:45 AM,Derailment,0,EVANSVILLE,IN,34,1,Dawn,Rain,Yard,Freight Train,6,42403,2401,44804,T207,37.962372,-87.609363,34.7,38.2,38.7
CSX,000163202,2016-09-28,11:30 AM,Derailment,0,EVANSVILLE,IN,60,2,Day,Cloudy,Yard,Freight Train,7,9856,951,10807,T207,37.962372,-87.609363,63.3,61.2,58.3
CSX,000164454,2016-11-18,3:20 AM,Derailment,0,EVANSVILLE,IN,58,4,Dark,Clear,Yard,Freight Train,6,60676,434,61110,T207,37.962372,-87.609363,62,61.4,42.1
UP,1221PR013,2021-12-21,5:15 AM,Derailment,0,EVANSVILLE,WI,16,1,Dawn,Clear,Industry,Freight Train,5,207961,117365,325326,T202,42.764725,-89.269402,30.2,24.4,19.7
UP,0224PR021,2024-02-29,6:50 AM,Derailment,0,EVANSVILLE,WI,29,1,Dawn,Cloudy,Main,Freight Train,10,10000,3184,13184,T201,42.734513,-89.154302,21.9,29.5,38.3
CSX,000176547,2018-05-22,6:55 PM,Derailment,0,EVANSVILLE,IN,80,2,Day,Clear,Yard,Freight Train,7,180574,506,181080,T111,38.030912,-87.539447,73.2,76.8,76.3
NS,141840,2021-06-09,5:10 PM,Raking collision,0,EVENDALE,OH,82,3,Dusk,Rain,Yard,Cut of cars,0,60000,802,82135,H309,39.264109,-84.420352,74.2,71.8,75.4
NS,141840,2021-06-09,5:10 PM,Raking collision,0,EVENDALE,OH,82,3,Dusk,Rain,Yard,Light loco(s),6,21333,0,82135,H309,39.264109,-84.420352,74.2,71.8,75.4
NS,135644,2019-09-27,10:00 AM,Other impacts,0,EVENDALE,OH,85,2,Day,Clear,Main,Freight Train,0,6211,0,11004,H306,39.264559,-84.433217,69.8,67.8,79.2
NS,155728,2024-02-10,12:22 PM,Other impacts,0,EVENDALE,OH,50,2,Day,Cloudy,Yard,Yard/switching,5,11800,350,12150,H318,39.26411,-84.420353,57.3,54.2,41.2
NS,138685,2020-07-29,9:12 AM,Derailment,0,EVENDALE,OH,81,2,Day,Clear,Yard,Freight Train,3,2368,12802,15170,H525,39.264114,-84.420348,77.8,76.3,71.9
NS,134299,2019-06-12,3:19 AM,Side collision,0,EVENDALE,OH,57,4,Dark,Cloudy,Yard,Freight Train,0,98440,1418,314007,H702,39.261472,-84.422822,63.4,64.4,60.9
NS,135644,2019-09-27,10:00 AM,Other impacts,0,EVENDALE,OH,85,2,Day,Clear,Main,Freight Train,16,4793,0,11004,H306,39.264559,-84.433217,69.8,67.8,79.2
NS,134055,2019-05-24,2:00 PM,Other impacts,0,EVENDALE,OH,89,2,Day,Clear,Yard,Yard/switching,7,20090,0,20090,H601,39.264114,-84.420348,71.3,75.6,74
NS,139195,2020-09-18,2:43 PM,Other (describe in narrative),0,EVENDALE,OH,72,2,Day,Clear,Yard,Yard/switching,5,12050,1863,13913,H306,39.252474,-84.430854,65.1,60.6,54.6
NS,126675,2017-09-18,10:40 AM,Derailment,0,EVENDALE,OH,70,2,Day,Clear,Yard,Freight Train,0,10283,747,11030,H306,39.264114,-84.420348,69.2,72,70.4
NS,146065,2022-08-03,2:45 AM,Derailment,0,EVENDALE,OH,72,4,Dark,Clear,Yard,Yard/switching,3,96149,1535,97684,M204,39.264109,-84.420352,77.6,78.1,76.8
IORY,IOR077619R,2019-06-12,3:19 AM,Side collision,0,EVENDALE,OH,57,4,Dark,Cloudy,Yard,Freight Train,9,214149,0,314007,H702,39.261472,-84.422822,63.4,64.4,60.9
BNSF,NW0624105,2024-06-10,11:58 AM,Rear end collision,0,EVERETT,WA,63,2,Day,Clear,Main,Spec. MoW Equip.,4,80000,0,160000,H997,47.948373,-122.192881,60.6,58.7,58.3
BNSF,NW0124109,2024-01-17,3:23 AM,Derailment,0,EVERETT,WA,30,4,Dark,Cloudy,Yard,Yard/switching,3,154,17473,17627,M101,48.002838,-122.186484,30.1,33.7,34.2
BNSF,NW0624105,2024-06-10,11:58 AM,Rear end collision,0,EVERETT,WA,63,2,Day,Clear,Main,Spec. MoW Equip.,10,80000,0,160000,H997,47.948373,-122.192881,60.6,58.7,58.3
BNSF,NW1018124,2018-10-24,5:30 AM,Other impacts,0,EVERETT,WA,45,1,Dawn,Clear,Yard,Freight Train,8,4000,10618,14618,H307,48.008586,-122.186908,49.3,54.3,55
BNSF,NW0723104,2023-07-05,2:37 AM,Derailment,0,EVERETT,WA,50,4,Dark,Clear,Yard,Yard/switching,3,36496,35977,72473,H504,48.011695,-122.188237,70.4,73.9,69.5
BNSF,NW0121112,2021-01-22,1:10 PM,Derailment,0,EVERETT,WA,38,2,Day,Clear,Yard,Yard/switching,4,20692,3000,23692,H312,48.004463,-122.186193,40.9,37.7,33.5
BNSF,NW0521117,2021-05-25,1:00 PM,Other impacts,0,EVERETT,WA,70,2,Day,Clear,Yard,Light loco(s),0,40000,0,40250,H309,47.999946,-122.184553,53.4,54.6,56.2
BNSF,NW1018124,2018-10-24,5:30 AM,Other impacts,0,EVERETT,WA,45,1,Dawn,Clear,Yard,Cut of cars,0,0,0,14618,H307,48.008586,-122.186908,49.3,54.3,55
BNSF,NW0621102,2021-06-03,11:29 AM,Derailment,0,EVERETT,WA,72,2,Day,Clear,Yard,Light loco(s),4,30000,4500,34500,H306,47.995596,-122.183271,67.6,62.1,58.7
BNSF,NW0619103,2019-06-04,8:24 PM,Side collision,0,EVERETT,WA,70,3,Dusk,Clear,Yard,Yard/switching,0,29158,0,45128,H306,48.001085,-122.185691,56.2,56.1,56.5
BNSF,NW0821101,2021-08-02,7:30 AM,Derailment,0,EVERETT,WA,60,1,Dawn,Clear,Industry,Light loco(s),6,8104,4500,12604,H303,48.002243,-122.18299,66.1,64.3,66.1
BNSF,NW0619103,2019-06-04,8:24 PM,Side collision,0,EVERETT,WA,70,3,Dusk,Clear,Yard,Yard/switching,5,14970,1000,45128,H306,48.001085,-122.185691,56.2,56.1,56.5
BNSF,NW0521117,2021-05-25,1:00 PM,Other impacts,0,EVERETT,WA,70,2,Day,Clear,Yard,Yard/switching,8,250,0,40250,H309,47.999946,-122.184553,53.4,54.6,56.2
BNSF,NW0919101,2019-09-02,7:15 AM,Derailment,0,EVERETT,WA,57,1,Dawn,Clear,Yard,Freight Train,5,15073,3500,18573,H525,48.004066,-122.186702,66.6,63.9,65
BNSF,NW0821108,2021-08-13,2:01 PM,Derailment,0,EVERETT,WA,85,2,Day,Clear,Yard,Yard/switching,6,13304,0,13304,H506,48.013486,-122.189248,74.8,78.4,70.8
BNSF,NW1115117,2015-11-24,7:45 AM,Other (describe in narrative),0,EVERETT,WA,50,1,Dawn,Clear,Yard,Maint./inspect Car,2,30000,0,30000,H997,48.005646,-122.213954,38.3,40.1,36.1
BNSF,NW0518114,2018-05-19,6:30 PM,Derailment,0,EVERETT,WA,48,3,Dusk,Clear,Yard,Yard/switching,3,12000,1000,13000,H312,48.011496,-122.188185,55.4,58.1,54
MBTA,YR202257,2022-04-22,11:55 PM,Obstruction,0,EVERETT,MA,50,4,Dark,Clear,Main,Passenger Train - Pushing,58,39880,0,39880,M402,42.400028,-71.065692,50.3,56.8,51
MBTA,YR202057,2020-04-22,4:58 AM,Derailment,0,EVERETT,MA,0,3,Dusk,Clear,Yard,Spec. MoW Equip.,10,0,40041,40041,M599,42.400222,-71.065478,42.8,38.7,43.9
BNSF,NW0322113,2022-03-24,11:55 PM,Derailment,0,EVERETT,WA,44,4,Dark,Clear,Yard,Yard/switching,4,21442,981,22423,T309,48.011844,-122.188297,49.4,42.3,48.2