reportingrailroadcode,accidentnumber,date,time,accidenttype,hazmatreleasedcars,station,stateabbr,temperature,visibility_code,visibility,weathercondition,tracktype,equipmenttype,trainspeed,equipmentdamagecost,trackdamagecost,totaldamagecost,primaryaccidentcausecode,latitude,longitude,prior_temp,actual_temp,following_temp
NS,120675,2016-05-28,7:00 AM,Derailment,0,EVERGREEN PARK,IL,73,1,Dawn,Clear,Yard,Freight Train,5,4000,8062,12062,T110,41.7526,-87.588965,74.5,75.8,74
FWWR,23070502,2023-07-05,3:00 AM,Derailment,0,EVERMAN,TX,81,4,Dark,Clear,Yard,Cut of cars,0,11124,4478,15602,H018,32.650548,-97.05982,86.6,89,87.5
FWWR,16090301,2016-09-03,8:00 AM,Derailment,0,EVERMAN,TX,73,2,Day,Clear,Yard,Freight Train,3,52000,0,111513,M404,32.744037,-97.31729,79.9,80.7,82.2
FWWR,23081301,2023-08-13,5:15 PM,Derailment,0,EVERMAN,TX,105,2,Day,Clear,Main,Freight Train,10,4337,87920,92257,T109,32.661162,-97.298067,94.7,94.7,91.7
SEPA,SEPA121720,2020-12-17,1:40 AM,Other (describe in narrative),0,EWING TOWNSHIP,NJ,26,4,Dark,Snow,Yard,EMU,0,21116,5948,27064,E78L,40.25975,-74.814068,65.8,65.9,67.8
WC,962758,2018-06-16,9:13 AM,Rear end collision,0,EXELAND,WI,71,2,Day,Rain,Main,Freight Train,5,52199,153775,1201869,H220,45.716488,-91.294842,67.9,72.8,75
WC,962758,2018-06-16,9:13 AM,Rear end collision,0,EXELAND,WI,71,2,Day,Rain,Main,Freight Train,27,995895,0,1201869,H220,45.716488,-91.294842,67.9,72.8,75
BNSF,PR0324201,2024-03-01,9:56 AM,Hwy-rail crossing,0,EXETER,NE,46,2,Day,Clear,Main,Freight Train,58,2048923,977000,3025923,M302,40.64471,-97.4637,42.4,40.7,45.7
SEPA,SEP050921,2021-05-09,11:00 PM,Fire/violent rupture,0,EXTON,PA,60,4,Dark,Clear,Main,EMU,40,15000,0,15000,E71L,40.021999,-75.612963,48.7,47.1,52.4
ATK,168772,2021-05-09,11:00 PM,Fire/violent rupture,0,EXTON,PA,60,4,Dark,Clear,Main,,0,0,0,15000,E71L,40.021999,-75.612963,48.7,47.1,52.4
SEPA,SEP100820,2020-10-08,7:30 AM,Other (describe in narrative),0,EXTON,PA,60,1,Dawn,Clear,Main,EMU,40,8060,0,13193,T404,40.021999,-75.612963,64.3,56.8,55.3
ATK,165620,2020-10-08,7:30 AM,Other (describe in narrative),0,EXTON,PA,64,2,Day,Clear,Main,EMU,0,0,5133,13193,T404,40.021661,-75.614143,64.3,56.8,55.3
UP,1022TO009,2022-10-09,12:00 PM,Hwy-rail crossing,0,FABENS,TX,66,2,Day,Cloudy,Main,Freight Train,45,14926,18520,33446,M302,31.503524,-106.157871,64.9,64.2,63.6
UP,0817ST006,2017-08-07,4:30 AM,Hwy-rail crossing,0,FABENS,TX,75,4,Dark,Clear,Main,Freight Train,69,500,13705,14205,M302,31.544464,-106.186158,84.5,85.8,82.8
UP,1021MA004,2021-10-04,2:40 PM,Hwy-rail crossing,0,FAIR OAKS,AR,77,2,Day,Clear,Main,Freight Train,46,14606,200,14806,M302,35.236794,-91.032667,72.2,69.7,69.3
UP,0316LK016,2016-03-17,9:20 PM,Fire/violent rupture,0,FAIR OAKS,AR,63,4,Dark,Cloudy,Main,Freight Train,35,74276,0,74276,E99L,35.24131,-91.005593,60.1,56.9,53.8
UP,0915ST004,2015-09-03,3:15 PM,Derailment,0,FAIRBANK,AZ,69,2,Day,Rain,Industry,Freight Train,2,278,130000,130278,M501,32.078757,-109.947634,72.9,67.8,65.5
ARR,2021075,2021-04-26,3:00 PM,Raking collision,0,FAIRBANKS,AK,50,2,Day,Clear,Industry,Yard/switching,5,60000,0,60000,H307,64.75,-147.36,45.7,43.6,40.7
ARR,2022195,2022-12-04,9:15 AM,Derailment,0,FAIRBANKS,AK,10,2,Day,Clear,Industry,Yard/switching,3,10000,5000,15000,H307,64.8453,-147.7221,24.4,14.3,10.6
ARR,2021094,2021-06-17,9:40 PM,Derailment,0,FAIRBANKS,AK,66,2,Day,Clear,Industry,Yard/switching,4,4025,13000,17025,E40C,64.5058,-147.4433,65.7,58,62.6
CSX,000177335,2018-07-01,1:22 PM,Other impacts,0,FAIRBURN,GA,83,2,Day,Cloudy,Main,Freight Train,6,11298,0,17968,H302,33.548605,-84.544719,80.6,78.2,79.4
CSX,000177335,2018-07-01,1:22 PM,Other impacts,0,FAIRBURN,GA,83,2,Day,Cloudy,Main,Cut of cars,6,6590,80,17968,H302,33.548605,-84.544719,80.6,78.2,79.4
CSX,000158757,2016-04-05,4:25 AM,Other impacts,0,FAIRBURN,GA,50,4,Dark,Clear,Industry,Single Car,10,89395,0,129259,M501,33.536477,-84.639516,60.3,58.9,55.8
CSX,000158757,2016-04-05,4:25 AM,Other impacts,0,FAIRBURN,GA,50,4,Dark,Clear,Industry,Freight Train,10,39864,0,129259,M501,33.536477,-84.639516,60.3,58.9,55.8
CSX,000170720,2017-08-04,10:22 PM,Derailment,0,FAIRBURN,GA,78,4,Dark,Cloudy,Industry,Freight Train,6,31000,0,31000,M501,33.536477,-84.639516,75.2,76.8,78.1
CSX,000168826,2017-05-11,10:49 AM,Hwy-rail crossing,0,FAIRBURN,GA,85,2,Day,Clear,Main,Freight Train,30,14093,0,14093,M304,33.537527,-84.625966,73.5,74.8,71.6
CSX,000208977,2022-12-27,12:50 PM,Derailment,0,FAIRBURN,GA,50,2,Day,Clear,Yard,Yard/switching,4,42773,480,43253,T202,33.557761,-84.54972,30.7,38.4,41.5
UP,0118NP005,2018-01-04,11:50 AM,Hwy-rail crossing,0,FAIRBURY,NE,32,2,Day,Clear,Main,Freight Train,40,40845,99,40944,M303,40.130906,-97.177389,19.7,15.1,13.6
CSX,000194614,2020-12-22,11:00 AM,Derailment,0,FAIRFIELD,PA,41,2,Day,Cloudy,Main,Single Car,2,47007,500,590552,H021,39.752257,-77.453422,36.5,37.2,36
UP,0122GP017,2022-01-11,4:40 PM,Derailment,0,FAIRFIELD,NE,55,2,Day,Clear,Main,Freight Train,50,3646,132700,136346,E86C,40.444133,-98.137089,31.6,38.6,40.3
CSX,000194614,2020-12-22,11:00 AM,Derailment,0,FAIRFIELD,PA,41,2,Day,Cloudy,Main,Freight Train,2,543045,0,590552,H021,39.752257,-77.453422,36.5,37.2,36
ATK,150191,2017-10-30,1:20 PM,Other (describe in narrative),0,FAIRFIELD,CT,55,2,Day,Cloudy,Main,Passenger Train - Pulling,65,22990,0,22990,M404,41.32261,-72.89089,64.9,57.5,52.5
NS,152711,2023-04-03,11:50 AM,Hwy-rail crossing,0,FAIRFIELD,SC,53,2,Day,Cloudy,Main,Freight Train,31,28,19000,19028,M303,34.956698,-82.009983,60.6,57.9,66.7
CSX,000184859,2019-08-20,12:47 PM,Hwy-rail crossing,0,FAIRFIELD,PA,85,2,Day,Clear,Main,Freight Train,21,12700,1775,14475,M302,39.850043,-77.353091,80.5,81.5,80.1
GRS,20211226J1,2021-12-26,11:00 AM,Derailment,0,FAIRFIELD,ME,25,2,Day,Clear,Main,Freight Train,6,44500,11615,56115,T220,44.663783,-69.624596,21.8,29.2,25.2
NS,122971,2016-12-02,7:15 AM,Hwy-rail crossing,0,FAIRFIELD,OH,72,1,Dawn,Clear,Main,Freight Train,40,30,20698,20728,M303,39.357891,-84.519298,40.6,39.1,38.4
UP,0821GP027,2021-08-24,5:00 PM,Derailment,0,FAIRFIELD,NE,93,2,Day,Clear,Main,Freight Train,49,852876,218801,1071677,T109,40.449772,-98.148771,80.4,82.5,78.6
GRS,20230414B1,2023-04-14,3:40 PM,Derailment,0,FAIRFIELD,ME,77,2,Day,Clear,Main,Freight Train,10,36407,30000,66407,T205,44.615674,-69.58736,57.9,64.1,55.3
MNCW,83044,2024-07-18,6:50 PM,Other (describe in narrative),0,FAIRFIELD,CT,83,3,Dusk,Clear,Main,EMU,60,94223,300400,394623,T404,41.142444,-73.259369,79.6,78.6,74.2
NS,156471,2024-04-24,5:50 PM,Other (describe in narrative),0,FAIRH SCAN,OH,40,3,Dusk,Cloudy,Yard,Yard/switching,2,56,1200,1256,H702,40.81893,-81.313846,52.1,43.8,42.9
CSX,000196720,2021-04-01,10:30 AM,Derailment,0,FAIRHOPE,PA,20,2,Day,Snow,Main,Freight Train,12,93193,576,93769,H508,39.832374,-78.771508,50.1,33.1,28.9
BNSF,SF0915116,2015-09-30,1:00 PM,Derailment,0,FAIRLAND,OK,80,2,Day,Clear,Main,Spec. MoW Equip.,10,11000,0,11000,H402,36.746065,-94.855123,70.6,64.9,60.1
NS,120217,2016-04-21,10:15 AM,Hwy-rail crossing,0,FAIRLANE,OH,60,2,Day,Cloudy,Main,Freight Train,58,14071,0,14071,M302,41.377547,-82.465054,63.7,63.5,59.8
NS,123485,2017-01-09,12:15 PM,Derailment,0,FAIRLAWN,VA,10,2,Day,Clear,Main,Freight Train,3,1875,20132,22007,H306,37.141691,-80.553356,12.6,17.3,30.1
CRSH,136251,2019-11-18,4:30 AM,Derailment,0,FAIRLESS HILLS,PA,37,1,Dawn,Cloudy,Yard,Yard/switching,1,40523,1000,41523,H018,40.194384,-74.801761,36.7,40.3,43.3
NS,155127,2023-12-21,4:00 AM,Other (describe in narrative),0,FAIRLESS HILLS,PA,39,1,Dawn,Clear,Yard,Light loco(s),0,12000,300,12300,H702,40.189286,-74.867582,35.5,36.7,31.1
BNSF,RD0723118,2023-07-21,5:00 AM,Derailment,0,FAIRMONT,OK,64,1,Dawn,Rain,Main,Freight Train,0,429620,2968,432588,M105,36.366134,-97.717114,84.8,75.9,76.3
BNSF,PR0721105,2021-07-18,8:34 PM,Derailment,1,FAIRMONT,NE,75,3,Dusk,Clear,Industry,Freight Train,3,380904,18000,398904,T111,40.635765,-97.604036,74.1,72.2,71.2
UP,1021GL037,2021-10-27,2:12 PM,Derailment,2,FAIRMONT,MN,48,2,Day,Rain,Industry,Freight Train,3,233702,360225,593927,T110,43.662753,-94.494271,46.7,47.9,47.2
KCS,22092602,2022-09-26,8:45 PM,Derailment,0,FAIRMONT,IL,68,4,Dark,Clear,Yard,Freight Train,7,65906,0,72186,T303,38.642282,-90.098859,60.7,55.8,51.8
BNSF,PR0917108,2017-09-17,2:27 PM,Derailment,0,FAIRMONT,NE,75,2,Day,Clear,Yard,Freight Train,6,50323,5600,55923,T110,40.637141,-97.589489,63.4,57.4,66.6
TRRA,23004OR,2023-01-21,9:55 AM,Derailment,0,FAIRMONT CITY,IL,40,2,Day,Clear,Main,,0,0,103260,193360,H503,38.65063,-90.16227,34.7,32.8,36.4
CSX,000207496,2022-09-26,8:45 PM,Derailment,0,FAIRMONT CITY,IL,68,4,Dark,Clear,Yard,Freight Train,0,0,6280,72186,T303,38.642282,-90.098859,69,61.8,58.4
CSX,000168803,2017-05-09,4:32 PM,Derailment,0,FAIRMOUNT,GA,93,2,Day,Clear,Industry,Freight Train,5,8482,20000,28482,E40C,34.383017,-84.713076,61.9,69.5,71.6
NS,136589,2019-12-20,1:45 AM,Derailment,0,FAIRVIEW,WV,15,4,Dark,Clear,Main,Freight Train,4,3327,16548,19875,M204,39.604118,-80.276427,22.7,30,35
UP,0123RM047,2023-01-03,11:28 PM,Obstruction,0,FAIRVIEW,UT,30,4,Dark,Cloudy,Main,,0,0,0,0,M403,39.993937,-111.470019,30.8,28,24.7
BNSF,TC0922108,2022-09-24,1:30 PM,Derailment,0,FALCON HEIGHTS,MN,65,2,Day,Clear,Yard,Freight Train,5,139473,90000,229473,H307,44.970175,-93.167531,53.9,58.5,61.1
BNSF,TC0919110,2019-09-20,1:01 AM,Derailment,0,FALCON HEIGHTS,MN,65,4,Dark,Clear,Yard,Freight Train,10,103062,490781,593843,H607,44.972043,-93.185926,72,74.1,74.9
CP,1000643744,2017-10-28,10:39 PM,Side collision,0,FALL RIVER,WI,34,4,Dark,Cloudy,Industry,Yard/switching,4,56189,350,97420,H018,43.404112,-89.097616,38,35.8,37.1
CP,1000643744,2017-10-28,10:39 PM,Side collision,0,FALL RIVER,WI,34,4,Dark,Cloudy,Main,Single Car,2,40881,0,97420,H018,43.404112,-89.097616,38,35.8,37.1
MCRL,MC220516B,2022-05-16,7:17 PM,Obstruction,0,FALL RIVER,MA,62,3,Dusk,Clear,Main,Freight Train,10,15000,103972,118972,M599,41.743607,-71.128677,63.7,62.2,63.5
BNSF,MT0722105,2022-07-10,1:30 AM,Derailment,0,FALLON,MT,50,4,Dark,Rain,Yard,Cut of cars,0,27000,2400,29400,M105,46.837706,-105.094935,77.8,72.2,69.9
CSX,000162016,2016-08-10,10:30 AM,Derailment,0,FALMOUTH,KY,85,2,Day,Clear,Main,Freight Train,36,1256825,285911,1542736,H218,38.676943,-84.335411,76.5,79.5,81.3
FRR,240601,2024-06-06,12:04 PM,Hwy-rail crossing,0,FANCHER,NY,73,2,Day,Cloudy,Main,Freight Train,25,7732,37162,44894,M303,43.244593,-78.090959,74.7,69.4,61.5
NJTR,201510558,2015-09-29,3:20 PM,Obstruction,0,FAR HILLS,NJ,70,2,Day,Rain,Main,EMU,60,21276,2000,23276,T303,40.694463,-74.607895,70.1,73.2,72.6
NJTR,201909510,2019-02-04,4:42 AM,Other (describe in narrative),0,FAR HILLS,NJ,32,4,Dark,Clear,Main,EMU,50,23418,1995,25413,T404,40.705287,-74.590965,32.7,38.7,44.9
NJTR,201811525,2018-11-12,4:36 AM,Other (describe in narrative),0,FAR HILLS,NJ,33,4,Dark,Clear,Main,EMU,50,14832,0,14832,T404,40.688467,-74.642756,34,35.9,44.3
NJTR,201804205,2018-04-16,11:10 PM,Other (describe in narrative),0,FAR HILLS,NJ,43,4,Dark,Cloudy,Main,EMU,41,8727,2992,11719,T404,40.695452,-74.647064,41.4,47.7,41.5
LI,80249,2023-07-19,6:30 PM,Derailment,0,FAR ROCKAWAY,NY,81,3,Dusk,Cloudy,Main,EMU,9,160062,0,160062,M599,40.610061,-73.749378,76.3,74.5,76.4
BNSF,TC0318106,2018-03-07,1:00 PM,Derailment,0,FARGO,ND,18,2,Day,Clear,Yard,Yard/switching,10,77653,0,77653,H402,46.891943,-96.825486,20.7,9.9,16
BNSF,TC1216101,2016-12-02,3:14 AM,Derailment,0,FARGO,ND,2,4,Dark,Clear,Industry,Yard/switching,10,9939,1000,10939,T210,46.880041,-96.86512,31.9,29.1,29.7
UP,0619ES059,2019-06-17,10:14 PM,Other (describe in narrative),0,FARINA,IL,74,4,Dark,Clear,Main,Work train,30,45000,0,45000,E51C,38.904476,-88.85353,75.7,72.2,75.7
CC,1002185,2019-06-15,5:08 PM,Side collision,0,FARLEY,IA,73,2,Day,Cloudy,Industry,Freight Train,7,52500,0,55000,H307,42.443999,-91.009385,64.3,68.3,61.5
CC,1002185,2019-06-15,5:08 PM,Side collision,0,FARLEY,IA,73,2,Day,Cloudy,Industry,Single Car,0,2500,0,55000,H307,42.443999,-91.009385,64.3,68.3,61.5
BNSF,HL0523206,2023-05-27,10:30 AM,Hwy-rail crossing,0,FARLEY,MO,80,2,Day,Clear,Main,Freight Train,53,21265,0,21265,M308,39.270781,-94.823951,68.7,67.6,69.6
BNSF,NE0516103,2016-05-10,6:25 PM,Derailment,0,FARLEY,MO,78,2,Day,Clear,Main,Freight Train,55,384836,463272,848108,T109,39.297562,-94.844816,66.5,67.5,67.1
NS,156371,2024-04-15,3:50 PM,Hwy-rail crossing,0,FARMDALE,IL,81,2,Day,Clear,Main,Freight Train,35,3124,20000,23124,M308,40.668878,-89.516995,71.4,69.2,70.5
BNSF,RD0918123,2018-09-13,11:45 PM,Derailment,0,FARMERS BRANCH,TX,70,4,Dark,Cloudy,Industry,Freight Train,4,5000,12000,17000,H306,32.890134,-96.911913,77.1,79.7,78.6
LI,69734,2019-05-08,5:44 PM,Hwy-rail crossing,0,FARMINGDALE,NY,64,2,Day,Clear,Main,EMU,60,88965,40358,129323,M304,40.731759,-73.45942,55.8,58.5,52.3
LI,EQ20171002,2017-10-30,1:15 AM,Obstruction,0,FARMINGDALE,NY,55,4,Dark,Rain,Main,EMU,70,88498,0,88498,M105,40.745029,-73.400989,63.7,55.5,51.9
LI,80678,2023-09-18,9:05 PM,Other (describe in narrative),0,FARMINGDALE,NY,70,4,Dark,Clear,Main,,0,0,105730,107230,E85C,40.735285,-73.444017,66.8,68,66.8
LI,76432,2022-01-29,9:45 AM,Hwy-rail crossing,0,FARMINGDALE,NY,15,2,Day,Snow,Main,EMU,50,386674,0,386674,M399,40.734309,-73.448192,31.6,20.7,18
NYA,NYA00107F,2023-09-18,9:05 PM,Other (describe in narrative),0,FARMINGDALE,NY,70,4,Dark,Clear,Main,Freight Train,26,1500,0,107230,E85C,40.735285,-73.444017,66.8,68,66.8
UFRC,08271801,2018-08-27,1:20 PM,Obstruction,0,FARMINGTON,UT,80,2,Day,Clear,Main,Commuter Train - Pushing,55,21600,0,21600,M402,40.974629,-111.894597,74,68.5,63
CSX,000151688,2015-09-02,3:30 PM,Derailment,0,FARMLAND,IN,84,2,Day,Clear,Main,Freight Train,46,220498,24804,245302,E07C,40.188989,-85.167025,73.3,76.1,76.9
BNSF,RD1019203,2019-10-19,1:49 PM,Hwy-rail crossing,0,FARWELL,TX,77,2,Day,Clear,Main,Freight Train,49,11200,500,11700,M302,34.34575,-102.938744,61.8,55.3,57.5
NS,130176,2018-07-12,4:30 PM,Derailment,0,FAYETTE CITY,PA,80,3,Dusk,Clear,Main,Freight Train,4,49524,46408,96432,M507,40.036667,-79.874176,72.4,71.1,74.5
CSX,000177682,2018-07-12,4:30 PM,Derailment,0,FAYETTE CITY,PA,81,3,Dusk,Clear,Siding,,0,0,500,96432,H503,40.042475,-79.884491,72.4,71.1,74.5
CSX,000178663,2018-09-09,2:55 AM,Derailment,0,FAYETTEVILLE,WV,65,4,Dark,Rain,Main,Freight Train,26,852911,88276,941187,M103,38.077521,-81.084315,70.5,64.9,65.6
CSX,000206429,2022-07-30,6:24 AM,Obstruction,0,FAYETTEVILLE,WV,70,1,Dawn,Clear,Main,Freight Train,25,19779,0,19779,M404,38.083661,-81.086553,73.1,69,69
UP,0718SA019,2018-07-16,12:10 PM,Obstruction,0,FAYETTEVILLE,TX,96,2,Day,Clear,Main,Spec. MoW Equip.,5,19299,33,19332,H993,29.907272,-96.66748,84,84.2,84.1
CSX,000177958,2018-05-21,6:40 AM,Fire/violent rupture,0,FAYETTEVILLE,NC,72,1,Dawn,Cloudy,Main,,0,0,97,21328,M406,35.057002,-78.883971,76.1,77.9,78.5
CSX,000210353,2023-03-16,5:00 AM,Other impacts,0,FAYETTEVILLE,NC,35,1,Dawn,Clear,Siding,Cut of cars,3,27950,0,72921,M501,35.091058,-78.838252,42.5,48.6,60.9
CSX,000210353,2023-03-16,5:00 AM,Other impacts,0,FAYETTEVILLE,NC,35,1,Dawn,Clear,Siding,Freight Train,6,44971,0,72921,M501,35.091058,-78.838252,42.5,48.6,60.9
CSX,000206783,2022-08-20,1:08 AM,Obstruction,0,FAYETTEVILLE,NC,71,4,Dark,Rain,Main,Freight Train,15,32808,207,33015,M402,35.058455,-78.883177,70.8,74.4,74.8
ATK,153351,2018-05-21,6:40 AM,Fire/violent rupture,0,FAYETTEVILLE,NC,72,2,Day,Cloudy,Main,Passenger Train - Pulling,43,21231,0,21328,M406,35.057002,-78.883971,76.1,77.9,78.5
SEPA,SEPA012024,2024-01-20,12:42 AM,Head on collision,0,FEASTERVILLE,PA,20,4,Dark,Snow,Main,EMU,68,75000,20291,95291,M402,40.143709,-74.973411,28.4,21.7,25.9
MDDE,050124,2024-05-01,10:40 AM,Other (describe in narrative),0,FEDERALSBURG,MD,75,2,Day,Clear,Siding,Freight Train,0,0,0,0,H999,38.686632,-75.782167,73.3,70.3,71.7
OTVR,OTV672414D,2014-12-26,9:10 PM,Derailment,0,FERGUS FALLS,MN,22,4,Dark,Cloudy,Main,Freight Train,7,130000,67050,197050,H702,46.581078,-96.059883,28,23.1,13.7
OTVR,OTV267017D,2017-04-08,3:15 AM,Derailment,0,FERGUS FALLS,MN,45,4,Dark,Cloudy,Industry,Freight Train,10,396462,15000,411462,T001,46.292492,-96.153749,48,56.2,50.2
NS,139262,2020-09-25,8:51 PM,Derailment,0,FERGUSON,MO,75,4,Dark,Clear,Main,Freight Train,25,421074,166520,587594,H221,38.744156,-90.304623,65.7,68.1,73.2
FCRD,FCR250118,2018-08-03,10:00 AM,Derailment,0,FERNANDINA BEACH,FL,86,2,Day,Clear,Industry,Yard/switching,5,10200,2000,12200,T206,30.679068,-81.460666,79,80.2,82.3
BNSF,NW0623106,2023-06-10,1:30 PM,Derailment,0,FERNDALE,WA,64,2,Day,Cloudy,Yard,Freight Train,7,5624,20000,25624,H702,48.879977,-122.70964,55,55.1,60.5
BNSF,NW1219113,2019-12-10,10:01 PM,Other impacts,0,FERNDALE,WA,40,4,Dark,Rain,Yard,Freight Train,6,56997,0,56997,H318,48.87038,-122.709502,38.4,41,45.8
BNSF,NW0318114,2018-03-21,3:38 AM,Derailment,0,FERNDALE,WA,39,4,Dark,Cloudy,Industry,Freight Train,3,28854,0,28854,T221,48.841555,-122.708536,44.7,46.7,44.1
GTW,908807,2016-12-14,10:15 PM,Obstruction,0,FERNDALE,MI,11,4,Dark,Snow,Main,Freight Train,40,30,33815,33845,M402,42.46539,-83.128005,21.9,14.9,11.1
GTW,833882,2014-11-28,9:45 PM,Derailment,0,FERNDALE,MI,30,4,Dark,Snow,Yard,Freight Train,4,10661,3009,13670,H704,42.450704,-83.117128,31.3,24.7,39.4
BNSF,NW0123108,2023-01-09,1:00 PM,Derailment,0,FERNDALE,WA,50,2,Day,Cloudy,Industry,Freight Train,7,171630,60000,231630,T110,48.841337,-122.70698,45.8,47.2,45.4
BNSF,CH0916113,2016-09-22,5:55 AM,Derailment,0,FERRYVILLE,WI,62,4,Dark,Rain,Main,Freight Train,38,580481,959480,1539961,M103,43.364363,-91.133089,67.8,67.6,65.3
BNSF,HL0123101,2023-01-02,8:30 AM,Other (describe in narrative),0,FESTUS,MO,55,1,Dawn,Cloudy,Main,Freight Train,42,34856,2000,36856,E33C,38.267759,-90.426506,53,56.7,60.8
BNSF,HL0617202,2017-06-14,1:50 PM,Hwy-rail crossing,0,FESTUS,MO,89,2,Day,Clear,Main,Freight Train,33,4100,25000,29100,M308,38.265008,-90.427802,83.7,81,77.1
UP,0820MA019,2020-08-10,4:12 PM,Derailment,0,FESTUS,MO,95,2,Day,Cloudy,Main,Freight Train,29,160063,253214,413277,M204,38.234274,-90.426286,78.1,80.5,75.1
CSX,000206240,2022-07-21,11:37 PM,Side collision,0,FEURA BUSH,NY,70,4,Dark,Clear,Yard,Freight Train,7,508,0,102717,H607,42.588585,-73.880729,83.3,84.1,80.1
CSX,000194613,2020-12-18,7:00 AM,Other impacts,0,FEURA BUSH,NY,12,1,Dawn,Cloudy,Yard,Single Car,8,585,0,18776,S015,42.565903,-73.854184,17.3,13,9.2
CSX,000194613,2020-12-18,7:00 AM,Other impacts,0,FEURA BUSH,NY,12,1,Dawn,Cloudy,Yard,Single Car,8,18191,0,18776,S015,42.565903,-73.854184,17.3,13,9.2
CSX,000199555,2021-08-19,2:04 AM,Derailment,0,FEURA BUSH,NY,72,4,Dark,Rain,Yard,Freight Train,10,10878,500,11378,E07C,42.565903,-73.854184,72.9,71.1,72.6
CSX,000199782,2021-08-29,11:28 AM,Derailment,0,FEURA BUSH,NY,68,2,Day,Clear,Yard,Yard/switching,3,33684,444,34128,M405,42.565903,-73.854184,65,66.7,72.6
CSX,000200266,2021-09-23,11:50 AM,Other impacts,0,FEURA BUSH,NY,71,2,Day,Cloudy,Yard,Cut of cars,5,0,0,14611,M105,42.565903,-73.854184,68.9,72.1,61
CSX,000179431,2018-10-21,5:00 AM,Other impacts,0,FEURA BUSH,NY,44,4,Dark,Clear,Yard,Single Car,13,33574,80,33654,M407,42.565903,-73.854184,53.3,41.8,41.7
CSX,000200266,2021-09-23,11:50 AM,Other impacts,0,FEURA BUSH,NY,71,2,Day,Cloudy,Yard,Single Car,7,14498,0,14611,M105,42.565903,-73.854184,68.9,72.1,61
CSX,000200266,2021-09-23,11:50 AM,Other impacts,0,FEURA BUSH,NY,71,2,Day,Cloudy,Yard,Single Car,7,113,0,14611,M105,42.565903,-73.854184,68.9,72.1,61
CSX,000207134,2022-09-06,11:20 PM,Derailment,0,FEURA BUSH,NY,70,4,Dark,Clear,Yard,Yard/switching,7,63207,305,63512,M411,42.588585,-73.880729,63.1,64.1,66.1
CSX,000179431,2018-10-21,5:00 AM,Other impacts,0,FEURA BUSH,NY,44,4,Dark,Clear,Yard,Single Car,19,0,0,33654,M407,42.565903,-73.854184,53.3,41.8,41.7
CSX,000199102,2021-07-27,11:00 PM,Derailment,0,FEURA BUSH,NY,66,4,Dark,Clear,Yard,Yard/switching,2,130945,8942,139887,T303,42.565903,-73.854184,72.4,68.4,66.6
UP,1219PN010,2019-12-10,1:46 AM,Other impacts,0,FIFE,WA,38,4,Dark,Fog,Yard,Freight Train,0,200,0,17092,H607,47.238104,-122.386628,43.8,41,45.4
UP,1219PN010,2019-12-10,1:46 AM,Other impacts,0,FIFE,WA,38,4,Dark,Fog,Yard,Yard/switching,5,15794,1098,17092,H607,47.238104,-122.386628,43.8,41,45.4
UP,0819PN025,2019-08-21,8:15 AM,Derailment,0,FIFE,WA,57,2,Day,Cloudy,Yard,Yard/switching,68,23934,3253,27187,T207,47.236318,-122.377982,66.3,62.3,60.2
EIRR,200717005,2020-07-17,3:10 PM,Hwy-rail crossing,0,FILER,ID,95,2,Day,Clear,Main,Freight Train,25,90000,5000,95000,M304,42.563905,-114.555711,73.9,77.4,74.9
MQT,MQT995319R,2019-03-21,12:20 PM,Derailment,0,FILER CITY,MI,35,2,Day,Clear,Industry,Yard/switching,5,19,14145,14164,T111,44.218002,-86.292746,37,35.5,32.4
MMID,MMI428523D,2023-05-25,10:45 AM,Derailment,0,FINKSBURG,MD,68,2,Day,Clear,Main,Freight Train,17,48975,0,48975,M204,39.541189,-76.896704,67.1,61.7,62.8
BNSF,TC1222108,2022-12-06,9:25 PM,Derailment,0,FINLEY,ND,-3,4,Dark,Clear,Industry,Freight Train,10,15000,103902,118902,H307,47.509038,-97.837324,10.5,2.7,-7.8
UP,1221MA014,2021-12-15,7:31 AM,Hwy-rail crossing,0,FISHER,AR,65,1,Dawn,Cloudy,Main,Freight Train,40,12191,450,12641,M399,35.493909,-90.971832,53.8,62.8,59.3
MBTA,YR2022153,2022-12-18,5:02 AM,Obstruction,0,FITCHBURG,MA,22,4,Dark,Clear,Main,Passenger Train - Pushing,40,13437,0,13437,M402,42.574794,-71.834069,36.2,33.7,32.3
CSX,000211068,2023-04-29,9:20 PM,Derailment,0,FITZGERALD,GA,65,4,Dark,Cloudy,Yard,Freight Train,6,51460,0,61812,H702,31.723548,-83.27111,72.4,70.7,68.5
CSX,000219678,2024-07-30,1:30 PM,Derailment,0,FITZGERALD,GA,90,2,Day,Clear,Yard,Freight Train,9,25518,6592,32110,T205,31.723527,-83.271097,80.1,81,80.2
CSX,000179887,2018-11-16,5:45 AM,Derailment,0,FITZGERALD,GA,32,1,Dawn,Clear,Yard,Freight Train,9,21252,760,22012,T210,31.72352,-83.27109,47.4,44.3,51.2
CSX,000174089,2018-01-16,10:32 PM,Derailment,0,FIVE POINTS,AL,21,4,Dark,Snow,Main,Freight Train,47,398300,94166,492466,T207,33.064999,-85.224522,39,37.7,21.7