reportingrailroadcode,accidentnumber,date,time,accidenttype,hazmatreleasedcars,station,stateabbr,temperature,visibility_code,visibility,weathercondition,tracktype,equipmenttype,trainspeed,equipmentdamagecost,trackdamagecost,totaldamagecost,primaryaccidentcausecode,latitude,longitude,prior_temp,actual_temp,following_temp
BNSF,SW0523104,2023-05-27,3:12 PM,Derailment,0,FLAGSTAFF,AZ,78,2,Day,Clear,Main,Freight Train,30,5000,432611,437611,E53C,35.192257,-111.701688,53.7,53.5,56
BNSF,SW0315200,2015-03-01,10:20 AM,Hwy-rail crossing,0,FLAGSTAFF,AZ,33,2,Day,Snow,Main,Freight Train,45,500,30000,30500,M302,35.194697,-111.628188,35.7,35.4,33.9
BNSF,SW1019109,2019-10-14,5:57 AM,Derailment,0,FLAGSTAFF,AZ,31,1,Dawn,Clear,Main,Freight Train,24,706419,731000,1437419,E42C,35.194725,-111.314151,46,46,47.6
GTW,957273,2018-04-28,1:00 PM,Derailment,0,FLAT ROCK,MI,47,2,Day,Clear,Yard,Freight Train,10,41729,11637,53366,M409,42.116207,-83.256504,51.8,43,43.5
UP,0718SA001,2018-07-02,10:00 AM,Derailment,0,FLATONIA,TX,90,2,Day,Clear,Main,Freight Train,15,5175,66477,71652,M208,29.687246,-97.115797,85.3,84.7,84.9
CSX,000195129,2021-01-20,8:08 PM,Side collision,0,FLATWOODS,KY,28,4,Dark,Clear,Yard,Cut of cars,0,0,0,86420,H307,38.540046,-82.712369,36,34.8,38.6
CSX,000195435,2021-02-01,8:00 PM,Raking collision,0,FLATWOODS,KY,28,4,Dark,Snow,Yard,Cut of cars,4,9000,196,15993,H318,38.540046,-82.712369,38.1,31.3,28.1
CSX,000195435,2021-02-01,8:00 PM,Raking collision,0,FLATWOODS,KY,28,4,Dark,Snow,Yard,Single Car,0,6797,0,15993,H318,38.540046,-82.712369,38.1,31.3,28.1
CSX,000191960,2020-08-12,12:48 PM,Raking collision,0,FLATWOODS,KY,91,2,Day,Clear,Yard,Light loco(s),0,0,0,51681,H607,38.540046,-82.712369,76.7,77.6,79.5
CSX,000191960,2020-08-12,12:48 PM,Raking collision,0,FLATWOODS,KY,91,2,Day,Clear,Yard,Freight Train,8,51681,0,51681,H607,38.540046,-82.712369,76.7,77.6,79.5
CSX,000195429,2021-02-02,7:50 AM,Derailment,0,FLATWOODS,KY,25,1,Dawn,Clear,Yard,Freight Train,6,28802,1500,30302,H704,38.540046,-82.712369,31.3,28.1,28.1
NS,144013,2022-01-12,10:44 PM,Derailment,0,FLEETWOOD,PA,25,4,Dark,Clear,Main,Freight Train,37,17747,0,17747,E33C,40.440947,-75.87464,18.4,25.9,34.1
NKCR,NKCR243439,2024-03-06,12:00 AM,Derailment,0,FLEMING,CO,15,4,Dark,Clear,Main,Freight Train,24,72827,157000,229827,E53C,40.679596,-102.835816,37.8,43.6,30.9
SLWC,230430002,2023-04-30,11:20 PM,Derailment,0,FLETCHER,OK,55,4,Dark,Clear,Industry,Freight Train,5,10000,40000,50000,H306,34.83329,-98.240437,59.2,62.1,59.3
LSRC,D240616,2024-06-16,7:04 AM,Derailment,0,FLINT,MI,65,1,Dawn,Cloudy,Yard,Yard/switching,7,9206,56025,65231,H306,43.080992,-83.676983,65.3,71.5,79.7
LSRC,D230221,2023-02-21,9:15 AM,Derailment,0,FLINT,MI,35,2,Day,Clear,Yard,Yard/switching,4,20277,2250,22527,H020,43.079955,-83.67645,35.8,31.9,29.1
GTW,1122128,2023-01-04,9:00 PM,Other (describe in narrative),0,FLINT,MI,21,4,Dark,Clear,Yard,Light loco(s),8,23564,0,23564,H607,42.966724,-83.786201,38.8,44.7,35.5
LSRC,M240821,2024-08-21,4:00 AM,Raking collision,0,FLINT,MI,50,4,Dark,Clear,Yard,Yard/switching,8,220000,0,220000,H302,43.085931,-83.677375,60.1,60.1,62.4
LSRC,D210216,2021-02-16,4:00 PM,Derailment,0,FLINT,MI,19,2,Day,Cloudy,Yard,Yard/switching,1,17000,1000,18000,H702,43.0907,-83.677058,11.7,11.2,5.6
LSRC,D190912,2019-09-12,10:39 PM,Derailment,0,FLINT,MI,50,4,Dark,Clear,Yard,Yard/switching,8,29825,32414,62239,T316,43.088148,-83.677153,74.9,65.9,70.5
LSRC,D221230,2022-12-30,3:35 PM,Derailment,0,FLINT,MI,47,2,Day,Rain,Yard,Light loco(s),7,0,22000,22000,T110,43.070718,-83.678354,45.4,51.2,38.6
LSRC,D240216,2024-02-16,11:20 AM,Derailment,0,FLINT,MI,25,2,Day,Cloudy,Yard,Yard/switching,3,6404,10329,16733,T110,43.090371,-83.677112,31.9,25.6,21.5
NS,139182,2020-09-17,3:00 AM,Obstruction,0,FLIPPEN,GA,69,4,Dark,Clear,Main,Freight Train,45,12650,70,12720,M404,33.510592,-84.193482,66.4,69.7,72.6
CSX,000188951,2020-03-07,4:45 AM,Derailment,0,FLOMATON,AL,38,1,Dawn,Clear,Main,Freight Train,5,20421,36260,56681,E23C,30.999537,-87.256825,57.5,51.4,58.4
CSX,000188722,2020-02-26,6:52 PM,Derailment,0,FLOMATON,AL,50,3,Dusk,Clear,Main,Freight Train,14,24127,418,24545,E47C,31.002607,-87.270567,64,52.6,43.7
IC,1121101,2022-12-20,10:45 AM,Derailment,0,FLORA,MS,46,2,Day,Rain,Main,Maint./inspect Car,19,16000,0,16000,M599,32.47955,-90.288048,39.9,44.1,46.8
ATK,142463,2016-05-18,6:11 PM,Hwy-rail crossing,0,FLORA,MS,75,2,Day,Cloudy,Main,Passenger Train - Pulling,67,22657,0,23450,M302,32.449314,-90.121468,68.3,66.5,70.5
IC,888868,2016-05-18,6:11 PM,Hwy-rail crossing,0,FLORA,MS,75,2,Day,Cloudy,Main,,0,0,793,23450,M308,32.449314,-90.121468,68.3,66.5,70.5
IC,834788,2014-12-09,6:10 PM,Hwy-rail crossing,0,FLORA,MS,40,4,Dark,Clear,Main,,0,0,17739,20439,M308,32.401409,-90.148422,49.2,47.8,41.6
LI,78953,2023-01-04,3:30 PM,Raking collision,0,FLORAL PARK,NY,54,2,Day,Cloudy,Main,Work train,10,0,18918,18918,E08C,40.72067,-73.72286,48.6,53.9,47.5
CSX,000145331,2015-04-23,2:50 AM,Side collision,0,FLORENCE,SC,60,4,Dark,Clear,Yard,Freight Train,4,31190,2251,144333,M504,34.199168,-79.76137,65.4,67,60.5
CSX,000193998,2020-11-23,1:00 AM,Rear end collision,0,FLORENCE,SC,50,4,Dark,Clear,Yard,Freight Train,0,132,0,29868,H307,34.198275,-79.762502,58.1,57.6,46.8
CSX,000193998,2020-11-23,1:00 AM,Rear end collision,1,FLORENCE,SC,50,4,Dark,Clear,Yard,Yard/switching,10,29736,0,29868,H307,34.198275,-79.762502,58.1,57.6,46.8
CSX,000198082,2021-06-08,5:06 AM,Side collision,0,FLORENCE,SC,86,1,Dawn,Clear,Yard,Freight Train,5,44360,0,48886,H399,34.198275,-79.762502,79.4,76.4,79.8
UP,0520ST002,2020-05-05,3:00 AM,Other impacts,0,FLORENCE,AZ,70,4,Dark,Clear,Siding,Cut of cars,0,4694,0,39359,H702,33.135588,-111.503002,81.8,84.3,87.3
UP,0520ST002,2020-05-05,3:00 AM,Other impacts,0,FLORENCE,AZ,70,4,Dark,Clear,Siding,Yard/switching,5,34216,449,39359,H702,33.135588,-111.503002,81.8,84.3,87.3
BNSF,KS1219108,2019-12-15,1:10 AM,Derailment,0,FLORENCE,KS,28,4,Dark,Snow,Main,Freight Train,48,3525,470000,473525,E62C,38.245018,-96.894248,32.5,24.7,22.1
CSX,000203485,2022-03-07,8:05 AM,Other impacts,0,FLORENCE,SC,65,2,Day,Clear,Yard,Freight Train,0,30000,0,36468,M599,34.19827,-79.762485,70.3,73,66.2
CSX,000196634,2021-03-28,8:16 PM,Other impacts,0,FLORENCE,SC,60,4,Dark,Clear,Yard,Cut of cars,8,31960,0,31960,M599,34.198275,-79.762502,73.9,72.5,59.1
CSX,000195035,2021-01-17,4:19 AM,Other impacts,0,FLORENCE,SC,28,1,Dawn,Clear,Yard,Freight Train,5,8328,0,81971,H601,34.197231,-79.763242,42,39.2,43.7
CSX,000145479,2015-04-27,6:50 PM,Derailment,0,FLORENCE,SC,70,2,Day,Clear,Yard,Yard/switching,6,46571,25857,72428,H702,34.199162,-79.761382,61.5,60.1,58.8
UP,0919ST012,2019-09-25,8:35 AM,Derailment,0,FLORENCE,AZ,68,2,Day,Cloudy,Main,Freight Train,14,6700,55728,62428,E04C,33.133195,-111.501125,74.3,78.6,77.3
UP,0823LA034,2023-08-22,2:42 AM,Derailment,0,FLORENCE,AZ,74,4,Dark,Clear,Main,Freight Train,10,116922,26829,143751,H503,33.142256,-111.509444,80.6,83.4,87.9
CSX,000171206,2017-08-25,3:07 AM,Derailment,0,FLORENCE,SC,82,4,Dark,Clear,Yard,Yard/switching,7,72932,0,72932,M101,34.198275,-79.762502,76.8,77.8,78
CSX,000195035,2021-01-17,4:19 AM,Other impacts,0,FLORENCE,SC,28,1,Dawn,Clear,Yard,Cut of cars,5,73643,0,81971,H601,34.197231,-79.763242,42,39.2,43.7
CSX,000203485,2022-03-07,8:05 AM,Other impacts,0,FLORENCE,SC,65,2,Day,Clear,Yard,Cut of cars,2,6468,0,36468,M599,34.19827,-79.762485,70.3,73,66.2
CLP,1825,2024-06-07,6:45 PM,Obstruction,0,FLORENCE,VT,75,2,Day,Clear,Industry,Yard/switching,2,15847,0,15847,H311,43.709175,-73.912558,68,64.2,60.4
CSX,000204447,2022-04-23,6:35 AM,Derailment,0,FLORENCE,SC,80,2,Day,Clear,Yard,Yard/switching,5,20535,1950,22485,H702,34.19827,-79.762485,67.7,68.9,70.2
CSX,000217353,2024-04-11,9:00 PM,Other impacts,0,FLORENCE,SC,60,4,Dark,Clear,Yard,Yard/switching,10,1431,0,13940,M201,34.19827,-79.762485,67.7,69.3,65.8
CSX,000218524,2024-06-02,10:30 PM,Derailment,0,FLORENCE,SC,75,4,Dark,Clear,Yard,Cut of cars,3,15378,274,15652,M599,34.19827,-79.762485,68.6,74.8,77.6
CSX,000217353,2024-04-11,9:00 PM,Other impacts,0,FLORENCE,SC,60,4,Dark,Clear,Yard,Cut of cars,0,11615,0,13940,M201,34.19827,-79.762485,67.7,69.3,65.8
CSX,000217353,2024-04-11,9:00 PM,Other impacts,0,FLORENCE,SC,60,4,Dark,Clear,Yard,Cut of cars,0,894,0,13940,M201,34.19827,-79.762485,67.7,69.3,65.8
RCPE,RCP4393170,2017-09-25,2:15 AM,Derailment,0,FLORENCE,MN,54,4,Dark,Rain,Yard,,0,0,30000,118000,H503,44.267778,-96.013333,66.2,53.3,53.3
SNJX,12012016,2016-12-01,6:09 AM,Obstruction,0,FLORENCE,NJ,51,1,Dawn,Clear,Main,DMU,55,30355,0,30355,M404,40.109752,-74.78475,56,51.4,43.9
CSX,000172031,2017-10-05,8:30 PM,Side collision,0,FLORENCE,SC,71,4,Dark,Clear,Yard,Cut of cars,0,15730,0,18730,H301,34.198275,-79.762502,68.4,73.1,72.3
CSX,000182926,2019-05-12,3:45 AM,Derailment,0,FLORENCE,SC,71,4,Dark,Clear,Yard,Freight Train,5,6000,52850,58850,M599,34.201571,-79.723526,77,74.9,77.1
SCRF,SCR689715,2015-04-23,2:50 AM,Side collision,0,FLORENCE,SC,55,4,Dark,Clear,Yard,Freight Train,7,110892,0,144333,H607,34.199168,-79.76137,65.4,67,60.5
CSX,000172031,2017-10-05,8:30 PM,Side collision,0,FLORENCE,SC,71,4,Dark,Clear,Yard,Yard/switching,7,3000,0,18730,H301,34.198275,-79.762502,68.4,73.1,72.3
CSX,000198082,2021-06-08,5:06 AM,Side collision,0,FLORENCE,SC,86,1,Dawn,Clear,Yard,Freight Train,5,4526,0,48886,H399,34.198275,-79.762502,79.4,76.4,79.8
CSX,000174907,2018-02-26,11:16 PM,Hwy-rail crossing,0,FLORENCE,SC,47,4,Dark,Clear,Main,,0,0,0,16714,M308,34.202414,-79.704567,68.4,61.6,52.5
CSX,000181536,2019-02-24,8:30 AM,Derailment,0,FLORENCE,SC,60,2,Day,Clear,Yard,Yard/switching,4,17218,97,17315,E31C,34.198275,-79.762502,45.7,58.8,52.2
UP,0816ST001,2016-08-02,3:34 PM,Hwy-rail crossing,0,FLORENCE,AZ,100,2,Day,Clear,Main,Freight Train,50,730,120000,120730,M308,33.117904,-111.499677,84.5,85,85.9
CSX,000173700,2017-12-29,11:00 PM,Side collision,0,FLORENCE,SC,35,4,Dark,Cloudy,Yard,Yard/switching,5,1500,114,11780,H021,34.198275,-79.762502,32.6,33.5,40.9
CSX,000173700,2017-12-29,11:00 PM,Side collision,0,FLORENCE,SC,35,4,Dark,Cloudy,Yard,Cut of cars,10,10166,0,11780,H021,34.198275,-79.762502,32.6,33.5,40.9
BNSF,TC0917109,2017-09-25,2:15 AM,Derailment,0,FLORENCE,MN,65,4,Dark,Rain,Yard,Freight Train,9,88000,0,118000,T303,44.268468,-96.015713,66.2,53.3,53.3
RCPE,RCP830124D,2024-06-14,4:23 PM,Derailment,0,FLORENCE,MN,82,2,Day,Clear,Main,Freight Train,39,60000,600000,660000,T109,44.261933,-96.033315,71.1,69.3,67.6
SCRF,SCR256618,2018-08-16,1:00 AM,Derailment,0,FLORENCE,SC,63,4,Dark,Cloudy,Yard,Freight Train,7,14116,0,14216,T210,34.198275,-79.762502,81.1,82.5,83.5
CSX,000178222,2018-08-16,1:00 AM,Derailment,0,FLORENCE,SC,83,4,Dark,Clear,Yard,Freight Train,0,0,100,14216,T210,34.198275,-79.762502,81.1,82.5,83.5
CSX,000179285,2018-10-12,3:15 AM,Derailment,0,FLORENCE,SC,60,4,Dark,Clear,Yard,Freight Train,5,34134,9113,43247,T207,34.198275,-79.762502,77,65.8,64.2
CSX,000164899,2016-12-04,11:48 PM,Derailment,0,FLORENCE,SC,40,4,Dark,Rain,Yard,Freight Train,8,330181,8158,338339,T207,34.199163,-79.761379,46.7,46.6,51.3
CSX,000199628,2021-08-22,11:24 AM,Derailment,0,FLORENCE,SC,85,2,Day,Cloudy,Yard,Yard/switching,4,86004,325,86329,T207,34.198275,-79.762502,80,77,80.3
CSX,000199039,2021-07-24,11:00 AM,Derailment,0,FLORENCE,SC,83,2,Day,Clear,Yard,Freight Train,8,190198,5780,195978,T207,34.198275,-79.762502,80.5,79,78.8
NS,135011,2019-08-07,7:00 AM,Hwy-rail crossing,0,FLOWERY BRANCH,GA,85,1,Dawn,Cloudy,Main,Freight Train,55,171,12000,12171,M303,34.182449,-83.926859,77.5,80.5,81.3
IC,1103241,2022-05-20,12:10 PM,Hwy-rail crossing,0,FLOWOOD,MS,91,2,Day,Clear,Main,Freight Train,10,19869,0,19869,M302,32.288337,-90.146705,80.6,80.6,82
IC,1143941,2023-09-24,3:18 PM,Obstruction,0,FLUKER,LA,92,2,Day,Clear,Main,,0,0,0,53794,M404,30.836262,-90.510677,80.3,78.5,76.2
ATK,176510,2023-09-24,3:18 PM,Obstruction,0,FLUKER,LA,92,2,Day,Clear,Main,Passenger Train - Pulling,77,53794,0,53794,M404,30.835905,-90.510643,80.3,78.5,76.2
ATK,155706,2018-10-10,1:59 PM,Hwy-rail crossing,0,FLUKER,LA,86,2,Day,Clear,Main,Passenger Train - Pulling,79,38550,0,39850,M302,30.817517,-90.510321,76.9,77.1,68.8
IC,975478,2018-10-10,1:59 PM,Hwy-rail crossing,0,FLUKER,LA,86,2,Day,Clear,Main,,0,0,1300,39850,M302,30.817517,-90.510321,76.9,77.1,68.8
LI,82446,2024-05-04,2:10 PM,Obstruction,0,FLUSHING MEADOWS,NY,59,2,Day,Cloudy,Main,EMU,60,409031,0,409031,M404,40.752269,-73.844592,57.1,54.1,51.1
ATK,152130,2018-02-26,10:24 PM,Other (describe in narrative),0,FOLCROFT,PA,44,4,Dark,Clear,Main,Passenger Train - Pulling,36,20000,2949,22949,T404,39.898746,-75.284358,45.7,46.7,45
BNSF,HL0517200,2017-05-05,11:20 AM,Hwy-rail crossing,0,FOLEY,MO,61,2,Day,Clear,Main,Freight Train,42,2033786,825387,2859173,M302,39.066465,-90.743224,49.9,57,60.2
CSX,000217438,2024-04-15,1:20 PM,Head on collision,0,FOLKSTON,GA,82,2,Day,Clear,Main,Freight Train,29,223763,49732,413708,H702,30.849229,-82.020654,67.7,71.8,70.2
CSX,000217438,2024-04-15,1:20 PM,Head on collision,0,FOLKSTON,GA,82,2,Day,Clear,Main,Freight Train,0,140213,0,413708,H702,30.849229,-82.020654,67.7,71.8,70.2
BNSF,KS0520201,2020-05-06,5:42 PM,Hwy-rail crossing,0,FOLSOM,NM,76,3,Dusk,Clear,Main,Freight Train,34,21642,1400,23042,M302,36.820697,-103.887461,57.4,60,65.9
WC,1008210,2019-08-05,3:45 PM,Derailment,0,FOND DU LAC,WI,80,2,Day,Clear,Yard,Yard/switching,3,1900,15217,17117,H702,43.798029,-88.470147,73.8,76.2,74.1
WC,871400,2015-11-15,3:00 PM,Side collision,0,FOND DU LAC,WI,54,2,Day,Clear,Yard,Freight Train,0,20400,0,25954,H318,43.801236,-88.469247,39.9,50.9,53.7
WC,985863,2019-01-28,5:45 AM,Other impacts,0,FOND DU LAC,WI,-10,4,Dark,Snow,Yard,Freight Train,5,22600,0,22600,H399,43.812448,-88.478972,-2.7,8.9,-3.2
WC,871400,2015-11-15,3:00 PM,Side collision,0,FOND DU LAC,WI,54,2,Day,Clear,Yard,Yard/switching,15,2496,3058,25954,H318,43.801236,-88.469247,39.9,50.9,53.7
WC,949814,2018-02-09,10:25 AM,Derailment,0,FOND DU LAC,WI,11,2,Day,Clear,Yard,Yard/switching,4,18130,1260,19390,H702,43.825702,-88.481207,9.4,9.8,9.3
WC,1131804,2023-04-21,8:40 AM,Derailment,0,FOND DU LAC,WI,40,2,Day,Clear,Yard,Freight Train,4,3109,26344,29453,H307,43.791667,-88.456421,54.4,46.5,38.9
WC,952357,2018-03-10,2:30 AM,Other (describe in narrative),0,FOND DU LAC,WI,26,4,Dark,Clear,Yard,Yard/switching,4,0,14990,14990,H318,43.822223,-88.479263,27,27.9,31.3
WC,915085,2017-03-03,11:00 AM,Derailment,0,FOND DU LAC,WI,22,2,Day,Clear,Yard,Freight Train,5,38446,3068,41514,T207,43.802197,-88.471363,22.2,15.7,26.8
CSX,000203664,2022-03-17,2:54 AM,Derailment,0,FONDA,NY,40,4,Dark,Clear,Main,Freight Train,44,29200,64,29264,E53C,42.948195,-74.287034,43.1,47,51.5
KRR,KRR002716D,2016-06-21,6:50 AM,Derailment,0,FOREMAN,AR,78,1,Dawn,Clear,Yard,Freight Train,3,10000,5000,15000,E4AC,33.725295,-94.426413,80.2,82.2,83.3
KRR,KRR045116D,2016-08-05,8:50 PM,Derailment,0,FOREMAN,AR,88,4,Dark,Clear,Yard,Freight Train,4,21000,1000,22000,T108,33.725376,-94.426399,87.2,87.3,83.4
KRR,KRR786421,2021-05-27,11:30 PM,Derailment,0,FOREMAN,AR,75,4,Dark,Rain,Main,Freight Train,10,10732,8563,19295,T102,33.717173,-94.377385,74.8,78.3,72.6
NS,156739,2024-05-16,9:15 PM,Derailment,0,FOREST ACRES,SC,67,4,Dark,Clear,Yard,Yard/switching,6,50036,7309,57345,M599,33.952355,-80.963288,73.4,72.8,71.9
CSX,000171597,2017-09-12,2:15 PM,Derailment,0,FOREST CITY,NC,70,2,Day,Cloudy,Yard,Freight Train,5,10402,1660,12062,T210,35.372663,-81.856125,58,63.9,64.6
LI,76602,2022-02-22,6:55 AM,Other (describe in narrative),0,FOREST HILLS,NY,37,1,Dawn,Clear,Main,EMU,55,30706,0,30706,M509,40.719601,-73.844824,40.7,44.8,55.3
LI,76636,2022-02-21,7:01 PM,Obstruction,0,FOREST HILLS,NY,39,4,Dark,Clear,Main,EMU,40,57850,0,57850,M404,40.722095,-73.851578,28.4,40.7,44.8
NS,154925,2023-12-02,6:50 AM,Hwy-rail crossing,0,FOREST PARK,GA,60,1,Dawn,Cloudy,Main,Freight Train,14,18916,18818,37734,M303,33.622115,-84.376226,55.2,62.1,63.5
NS,128440,2018-02-07,5:15 PM,Derailment,0,FOREST PARK,GA,72,3,Dusk,Cloudy,Industry,Yard/switching,9,6500,50171,56671,T314,33.626357,-84.384212,52.8,56.8,44.5
AGR,AGR796421,2021-06-15,12:30 PM,Derailment,0,FORKLAND,AL,92,2,Day,Clear,Main,Freight Train,25,482865,216333,699198,T108,32.619375,-87.845024,78,81.7,75.6
UP,0716LK017,2016-07-21,2:58 PM,Derailment,0,FORREST CITY,AR,97,2,Day,Clear,Main,Freight Train,25,15297,135525,150822,T108,34.921557,-90.791264,83.5,84.5,87
UP,0623GP009,2023-06-08,1:00 PM,Derailment,0,FORT COLLINS,CO,75,2,Day,Clear,Industry,Work train,5,144936,19280,164216,E66L,40.61539,-105.081858,64.7,67,66.3
GWR,GWR223165,2022-07-28,9:10 AM,Derailment,0,FORT COLLINS,CO,60,2,Day,Rain,Main,Freight Train,9,24612,0,57285,H599,40.595982,-105.057608,74.3,66.9,71.2
BNSF,PR0722111,2022-07-28,9:15 AM,Derailment,0,FORT COLLINS,CO,75,2,Day,Clear,Main,,0,0,32673,57285,H999,40.595931,-105.053554,74.3,66.9,71.2
GWR,GWRC192485,2019-05-21,3:05 AM,Derailment,0,FORT COLLINS,CO,30,4,Dark,Snow,Yard,Yard/switching,2,34000,2000,36000,H306,40.5959,-105.0342,37.6,37.1,42.7
BNSF,PR0418117,2018-04-27,7:02 AM,Derailment,0,FORT COLLINS,CO,36,1,Dawn,Clear,Siding,Freight Train,10,6500,30000,36500,H607,40.595932,-105.027174,52.6,55.3,57.8
CSX,000208804,2022-12-13,2:00 PM,Hwy-rail crossing,0,FORT DEPOSIT,AL,63,2,Day,Cloudy,Main,Freight Train,32,33149,66979,100128,M303,32.049928,-86.545497,59.7,58.3,59.8
CC,943660,2017-12-05,5:20 PM,Derailment,0,FORT DODGE,IA,28,4,Dark,Clear,Main,Freight Train,3,260000,91427,351427,H704,42.499963,-94.295826,50.7,26.7,24.8
UP,0717TC009,2017-07-17,4:37 PM,Derailment,0,FORT DODGE,IA,93,2,Day,Clear,Yard,Freight Train,6,1000,13409,14409,T399,42.502319,-94.168133,78.3,79.6,80.1
UP,0323GL008,2023-03-06,9:52 AM,Derailment,0,FORT DODGE,IA,34,2,Day,Cloudy,Yard,Freight Train,9,7665,6340,14005,T314,42.488242,-94.15773,32.3,34.5,34.9
SLRG,SL180404A,2018-04-04,11:21 PM,Derailment,0,FORT GARLAND,CO,41,4,Dark,Clear,Main,Freight Train,20,286543,25000,311543,T299,37.472443,-105.339856,44.9,42.5,44.7
SLRG,SL200422A,2020-04-22,4:10 PM,Derailment,0,FORT GARLAND,CO,61,2,Day,Cloudy,Main,Freight Train,15,30636,27037,57673,T210,37.478736,-105.336343,40.2,41.5,40.9
UP,0316WH007,2016-03-17,2:15 PM,Fire/violent rupture,0,FORT GIBSON,OK,65,2,Day,Cloudy,Main,Freight Train,30,39604,0,39604,E73L,35.739074,-95.215174,54.1,54.9,47.4
CSX,000169619,2017-06-15,12:20 AM,Derailment,0,FORT GREEN SPRINGS,FL,80,4,Dark,Cloudy,Industry,Freight Train,7,11123,348,11471,T212,27.57505,-81.936191,76.7,76.3,77.5
UP,0716PC009,2016-07-12,10:30 AM,Obstruction,0,FORT HALL,ID,70,2,Day,Clear,Main,Freight Train,60,532,0,13032,H997,42.880157,-112.658811,57.5,63.7,64.6
UP,0716PC009,2016-07-12,10:30 AM,Obstruction,0,FORT HALL,ID,70,2,Day,Clear,Main,Spec. MoW Equip.,0,12500,0,13032,H997,42.880157,-112.658811,57.5,63.7,64.6
MNR,310830,2020-04-23,8:05 AM,Derailment,0,FORT KENT,ME,23,2,Day,Clear,Main,Freight Train,10,8000,60000,68000,H522,47.230403,-68.571568,27.7,27.3,35.7
MNR,163332,2019-07-07,2:40 PM,Derailment,0,FORT KENT,ME,0,2,Day,Clear,Main,Freight Train,5,50450,10600,61050,T001,47.263577,-68.59313,71.9,62.7,64.5
PAL,2021MAY3D,2021-05-19,10:40 AM,Derailment,0,FORT KNOX,KY,82,2,Day,Cloudy,Yard,Freight Train,1,800,11500,12300,H307,37.918039,-85.960114,69.5,71.5,72.7
BNSF,PR0222113,2022-02-17,2:35 AM,Other impacts,0,FORT LARAMIE,WY,20,4,Dark,Clear,Yard,Freight Train,4,14638,0,14638,H307,42.208775,-104.509425,26.7,25.3,38
FEC,D58110619,2019-11-06,3:15 PM,Derailment,0,FORT LAUDERDALE,FL,82,2,Day,Clear,Industry,Yard/switching,7,20293,733,21026,M501,26.088756,-80.129519,80.9,81.3,81.5
SFRV,10252019,2019-10-25,4:54 PM,Hwy-rail crossing,0,FORT LAUDERDALE,FL,90,2,Day,Clear,Main,Commuter Train - Pulling,79,100000,0,100000,M303,26.105468,-80.091764,83.3,82.6,80.1
SFRV,03132021,2021-03-13,4:12 PM,Fire/violent rupture,0,FORT LAUDERDALE,FL,85,2,Day,Clear,Main,Commuter Train - Pulling,0,29504,0,29504,E99L,26.034123,-80.095343,73.8,74.2,74.6
ATK,164077,2020-04-10,8:56 AM,Hwy-rail crossing,0,FORT LAUDERDALE,FL,75,2,Day,Clear,Main,Passenger Train - Pulling,78,21307,0,452110,M302,26.20334,-80.149906,81.5,81.6,78.5
SFRV,041115,2015-04-11,7:50 PM,Other impacts,0,FORT LAUDERDALE,FL,80,4,Dark,Cloudy,Main,Commuter Train - Pulling,50,40882,0,40882,M402,26.145612,-80.170303,80,80.5,80.3
ATK,169488,2022-01-12,6:19 PM,Hwy-rail crossing,0,FORT LAUDERDALE,FL,75,4,Dark,Clear,Main,Passenger Train - Pulling,69,17680,0,17680,M302,26.20334,-80.149906,68.6,72,69.7
SFRV,08272022,2022-08-27,6:05 AM,Obstruction,0,FORT LAUDERDALE,FL,86,4,Dark,Cloudy,Main,Commuter Train - Pulling,60,100000,40000,140000,M402,26.12939,-80.16995,87,85.5,84.9
SFRV,011220221,2022-01-12,6:19 PM,Hwy-rail crossing,0,FORT LAUDERDALE,FL,75,4,Dark,Clear,Main,,0,0,0,17680,M302,26.20334,-80.149906,68.6,72,69.7
SFRV,04102020,2020-04-10,8:56 AM,Hwy-rail crossing,0,FORT LAUDERDALE,FL,75,2,Day,Clear,Main,,0,0,430803,452110,M302,26.20334,-80.149906,81.5,81.6,78.5
FEC,D54122618,2018-12-26,8:42 PM,Obstruction,0,FORT LAUDERDALE,FL,70,4,Dark,Clear,Main,,0,0,123,22455,M402,26.11316,-80.145216,71.2,73.8,76.7
BLF,20180420,2018-12-26,8:42 PM,Obstruction,0,FORT LAUDERDALE,FL,70,4,Dark,Clear,Main,Passenger Train - Pulling,40,22332,0,22455,M402,26.11316,-80.145216,71.2,73.8,76.7
FEC,D63100717,2017-10-07,3:00 AM,Derailment,0,FORT LAUDERDALE,FL,81,4,Dark,Clear,Yard,Yard/switching,10,9931,5303,15234,T111,26.081756,-80.126973,83.9,85.2,85.2
BNSF,NW1221101,2021-12-04,5:05 AM,Derailment,0,FORT LEWIS,WA,40,1,Dawn,Rain,Yard,Freight Train,10,28061,273264,301325,H525,47.115077,-122.501741,38.8,39.5,38.3
UP,0521GP009,2021-05-12,12:25 PM,Derailment,0,FORT LUPTON,CO,49,2,Day,Cloudy,Industry,Freight Train,4,25686,5280,30966,T001,40.091415,-104.810991,38.7,49.2,58.2
BNSF,CH1222119,2022-12-27,9:54 AM,Derailment,0,FORT MADISON,IA,19,2,Day,Clear,Yard,Freight Train,5,35988,700,36688,M101,40.623427,-91.333269,14.8,15.9,40.8