reportingrailroadcode,accidentnumber,date,time,accidenttype,hazmatreleasedcars,station,stateabbr,temperature,visibility_code,visibility,weathercondition,tracktype,equipmenttype,trainspeed,equipmentdamagecost,trackdamagecost,totaldamagecost,primaryaccidentcausecode,latitude,longitude,prior_temp,actual_temp,following_temp
BNSF,CH0317100,2017-03-02,12:50 AM,Obstruction,0,FORT MADISON,IA,28,4,Dark,Clear,Main,Freight Train,36,500,52750,53250,M402,40.614672,-91.371193,40.9,31,30.7
BNSF,CH0218100,2018-02-05,11:30 AM,Derailment,0,FORT MADISON,IA,14,2,Day,Cloudy,Main,,0,0,256500,787595,E71L,40.591674,-91.420899,19.6,10.1,7.5
UP,0218KC003,2018-02-05,11:30 AM,Derailment,0,FORT MADISON,IA,15,2,Day,Cloudy,Main,Freight Train,18,531095,0,787595,E71L,40.591674,-91.420899,19.6,10.1,7.5
BNSF,CH0217124,2017-02-23,5:00 PM,Derailment,0,FORT MADISON,IA,47,3,Dusk,Cloudy,Yard,Yard/switching,6,5200,66516,71716,T403,40.619494,-91.355493,58.1,47.6,39.9
BNSF,CH0418118,2018-04-27,1:58 PM,Derailment,0,FORT MADISON,IA,64,2,Day,Clear,Yard,Freight Train,2,2600,23498,26098,T113,40.623048,-91.347136,57.4,58.2,50.7
NS,129365,2018-05-04,4:00 PM,Derailment,0,FORT MILL,SC,72,3,Dusk,Cloudy,Main,Freight Train,24,885001,255079,1140080,T102,35.026492,-80.928363,68.7,69.9,69.5
NS,154584,2023-10-25,4:07 AM,Other impacts,0,FORT PAYNE,AL,50,1,Dawn,Clear,Main,Freight Train,3,40900,0,40900,H401,34.521252,-85.650045,64.3,64.1,70.3
BLF,20244386,2024-04-07,9:45 PM,Obstruction,0,FORT PIERCE,FL,72,4,Dark,Clear,Main,Passenger Train - Pulling,98,21125,0,21375,M402,27.38152,-80.296882,65.3,66.1,69.8
RCPE,RCP385423D,2023-04-14,5:00 AM,Derailment,0,FORT PIERRE,SD,35,4,Dark,Rain,Main,Freight Train,8,60000,78918,138918,T207,44.254821,-100.602056,47.9,42.5,39.6
RCPE,RCP173922D,2022-08-28,10:00 PM,Derailment,0,FORT PIERRE,SD,70,4,Dark,Clear,Main,Freight Train,10,26710,12000,38710,T101,44.261904,-100.634678,74.6,74.3,71.7
UP,0317DV042,2017-03-31,12:16 AM,Derailment,0,FORT RILEY,KS,45,4,Dark,Cloudy,Industry,Yard/switching,6,81,61000,61081,H307,39.083977,-96.763374,44.7,46.8,47
BNSF,HL0619111,2019-06-22,6:15 AM,Other impacts,0,FORT SCOTT,KS,70,1,Dawn,Clear,Main,Freight Train,5,426358,0,426358,H307,37.848533,-94.694402,81.5,81.8,68.3
BNSF,HL0919112,2019-09-19,7:49 PM,Derailment,0,FORT SCOTT,KS,83,3,Dusk,Clear,Yard,Freight Train,5,111099,59100,170199,H307,37.843714,-94.698565,80.2,79.7,73.6
KCS,20052805,2020-05-28,11:25 AM,Derailment,0,FORT SMITH,AR,75,2,Day,Clear,Yard,Freight Train,3,64233,510,64743,H303,35.376361,-94.426686,66.9,70.4,73.3
AM,AM110521,2021-11-05,1:15 PM,Derailment,0,FORT SMITH,AR,65,2,Day,Rain,Main,Freight Train,2,0,43245,43245,M501,35.563593,-94.253589,47,46.6,47.4
TXPF,12192016,2016-12-19,6:05 PM,Derailment,0,FORT STOCKTON,TX,37,3,Dusk,Clear,Yard,Freight Train,5,138938,8929,147867,T110,30.902822,-102.869027,23.3,29.3,44.2
BNSF,SW0715105,2015-07-20,6:55 PM,Derailment,0,FORT SUMNER,NM,69,3,Dusk,Rain,Main,Freight Train,27,120000,462716,582716,M105,34.44471,-104.122322,82.5,76.6,73.9
BNSF,SW0718107,2018-07-18,12:29 AM,Other (describe in narrative),0,FORT SUMNER,NM,75,4,Dark,Clear,Siding,Light loco(s),8,0,17000,17000,H605,34.400736,-104.307011,82,87.2,89.1
BNSF,SW1022105,2022-10-12,9:46 AM,Derailment,0,FORT SUMNER,NM,70,2,Day,Clear,Main,Freight Train,54,12022,26500,38522,E33C,34.397062,-104.413288,62.4,61.1,56.4
BNSF,SW1221104,2021-12-12,10:25 PM,Derailment,0,FORT SUMNER,NM,33,4,Dark,Clear,Main,Freight Train,63,1465571,699000,2164571,T214,34.436864,-104.063552,38,44.2,48.9
BNSF,SW1119109,2019-11-30,3:50 AM,Derailment,0,FORT SUMNER,NM,20,4,Dark,Clear,Main,Freight Train,68,919806,200000,1119806,T204,34.390654,-104.313731,40.9,38.5,35.5
GS,03132017,2017-03-13,10:30 AM,Derailment,0,FORT VALLEY,GA,45,2,Day,Clear,Main,Freight Train,6,100000,75000,175000,T221,32.489167,-83.821389,47.6,42.4,46.7
NS,124392,2017-03-20,1:00 AM,Derailment,0,FORT VALLEY,GA,40,4,Dark,Clear,Main,Freight Train,5,1200,24135,25335,E0HC,32.558556,-83.877813,59.1,58.1,72.7
CFE,CFE413723D,2023-05-10,2:35 PM,Derailment,0,FORT WAYNE,IN,74,2,Day,Clear,Yard,Cut of cars,0,13000,0,38816,M405,41.056169,-85.085522,60.2,60.5,65.9
NS,126842,2017-09-30,11:00 PM,Derailment,0,FORT WAYNE,IN,55,4,Dark,Clear,Yard,Freight Train,4,28444,23952,52396,H704,41.071404,-85.11778,58.6,54.5,54.4
CFE,CFE105216O,2016-09-13,3:00 PM,Derailment,0,FORT WAYNE,IN,80,2,Day,Clear,Yard,,0,0,12000,40015,E59L,41.071439,-85.108189,64.4,67.6,66.9
CFE,CFE413723D,2023-05-10,2:35 PM,Derailment,0,FORT WAYNE,IN,74,2,Day,Clear,Yard,Yard/switching,10,25000,816,38816,M405,41.056169,-85.085522,60.2,60.5,65.9
CFE,CFE902921D,2021-10-07,7:41 PM,Derailment,0,FORT WAYNE,IN,75,4,Dark,Cloudy,Yard,Yard/switching,6,12317,40818,53135,E41C,41.055317,-85.083413,65.6,68.1,66.7
NS,123248,2016-12-21,4:00 PM,Other impacts,0,FORT WAYNE,IN,35,3,Dusk,Cloudy,Yard,Light loco(s),10,12410,824,13248,H306,41.08189,-85.223378,19.7,27.9,33.7
CFE,CFE866721D,2021-08-29,5:20 PM,Derailment,0,FORT WAYNE,IN,88,2,Day,Clear,Yard,Freight Train,8,10760,38670,49430,M405,41.055775,-85.084674,77.5,78.2,74.2
NS,144069,2022-01-19,3:30 AM,Derailment,0,FORT WAYNE,IN,41,4,Dark,Cloudy,Main,Freight Train,19,10795,10311,21106,E24C,41.07175,-85.167906,30,32.8,19.9
NS,123248,2016-12-21,4:00 PM,Other impacts,0,FORT WAYNE,IN,35,3,Dusk,Cloudy,Yard,Light loco(s),9,14,0,13248,H306,41.08189,-85.223378,19.7,27.9,33.7
NS,127094,2017-10-19,1:35 PM,Derailment,0,FORT WAYNE,IN,50,2,Day,Clear,Yard,Freight Train,6,267897,4000,271897,H306,41.071372,-85.127609,54.1,57.4,58.6
CFE,CFE365723D,2023-03-23,5:00 PM,Derailment,0,FORT WAYNE,IN,48,2,Day,Clear,Yard,Cut of cars,0,5000,0,124407,E65C,41.060444,-85.096944,44.5,48.9,40
CFE,CFE365723D,2023-03-23,5:00 PM,Derailment,0,FORT WAYNE,IN,48,2,Day,Clear,Yard,Yard/switching,4,96000,23407,124407,E65C,41.060444,-85.096944,44.5,48.9,40
CFE,CFE218219D,2019-10-22,1:55 AM,Derailment,0,FORT WAYNE,IN,55,4,Dark,Rain,Yard,Yard/switching,7,153106,51587,204693,H704,41.059303,-85.094064,58,50.7,50.3
CFE,CFE998816R,2016-06-15,9:30 PM,Derailment,0,FORT WAYNE,IN,77,4,Dark,Fog,Main,Freight Train,0,0,11710,20551,T207,41.071439,-85.108189,69.5,73.8,70.1
NS,117468,2015-09-21,10:00 PM,Derailment,0,FORT WAYNE,IN,54,4,Dark,Clear,Main,Freight Train,0,0,21000,29900,T319,41.071365,-85.129443,58.9,59.7,60.7
CFE,CFE807915D,2015-09-21,10:00 PM,Derailment,0,FORT WAYNE,IN,60,4,Dark,Clear,Main,Freight Train,9,8900,0,29900,T319,41.071365,-85.129443,58.9,59.7,60.7
NS,130474,2018-08-06,9:45 AM,Derailment,0,FORT WAYNE,IN,82,2,Day,Clear,Yard,Freight Train,7,96088,257,96345,T314,41.071439,-85.108193,78.5,78.3,74.2
NS,123029,2016-12-06,10:00 AM,Derailment,0,FORT WAYNE,IN,35,2,Day,Rain,Yard,Freight Train,4,9410,1500,10910,T311,41.071439,-85.108193,32.8,33.2,30.1
NS,120886,2016-06-15,9:30 PM,Derailment,0,FORT WAYNE,IN,77,4,Dark,Fog,Main,Freight Train,6,8841,0,20551,T207,41.071439,-85.108189,69.5,73.8,70.1
NS,122048,2016-09-13,3:00 PM,Derailment,0,FORT WAYNE,IN,81,2,Day,Clear,Main,Freight Train,6,24015,4000,40015,T110,41.071439,-85.108193,64.4,67.6,66.9
UP,0617FW033,2017-06-29,7:18 PM,Derailment,0,FORT WORTH,TX,90,3,Dusk,Clear,Yard,Yard/switching,10,39315,8669,47984,T219,32.724742,-97.374652,82.2,84.6,87.7
BNSF,RD0418123,2018-04-23,7:40 PM,Derailment,0,FORT WORTH,TX,65,3,Dusk,Clear,Yard,Freight Train,7,11324,1500,12824,M409,32.828623,-97.335547,59.3,63.9,70.7
UP,0317FW044,2017-03-30,6:50 PM,Other impacts,0,FORT WORTH,TX,77,2,Day,Clear,Yard,Freight Train,1,143169,0,260716,H307,32.714522,-97.397322,68.4,64.1,69.4
UP,0517FW027,2017-05-25,1:30 PM,Other impacts,0,FORT WORTH,TX,91,2,Day,Clear,Yard,Freight Train,0,13372,750,27650,S007,32.725359,-97.370789,69.1,78.6,84.7
TRE,TRE16002,2016-01-29,6:30 PM,Other (describe in narrative),0,FORT WORTH,TX,65,3,Dusk,Clear,Main,Commuter Train - Pushing,60,20000,0,20000,M501,32.765026,-97.297417,50.8,59.9,64.5
UP,0217FW006,2017-02-05,5:00 AM,Other impacts,0,FORT WORTH,TX,52,4,Dark,Clear,Yard,Cut of cars,1,2667,0,13764,M408,32.728093,-97.366263,49.7,61.7,72.1
UP,0516FW016,2016-05-16,9:00 AM,Other (describe in narrative),0,FORT WORTH,TX,71,2,Day,Cloudy,Yard,Single Car,0,2787,0,14111,M411,32.717104,-97.388545,66.6,71.3,70.6
UP,0217FW011,2017-02-07,1:50 PM,Other impacts,0,FORT WORTH,TX,79,2,Day,Clear,Yard,Single Car,2,8881,0,47069,S015,32.728093,-97.366263,72.1,69.8,59.4
UP,0816FW028,2016-08-29,4:30 AM,Other impacts,0,FORT WORTH,TX,74,4,Dark,Clear,Yard,Single Car,9,37516,0,40119,M407,32.723973,-97.37663,83.3,80.4,82.6
BNSF,TX1115108,2015-11-19,12:10 PM,Derailment,0,FORT WORTH,TX,64,2,Day,Clear,Yard,Yard/switching,3,18000,3000,21000,H607,32.812467,-97.321205,57.9,57.2,61.4
UP,0816FW028,2016-08-29,4:30 AM,Other impacts,0,FORT WORTH,TX,74,4,Dark,Clear,Yard,Yard/switching,5,568,2035,40119,M407,32.723973,-97.37663,83.3,80.4,82.6
UP,1216FW012,2016-12-11,4:40 AM,Other impacts,0,FORT WORTH,TX,45,4,Dark,Clear,Yard,Yard/switching,5,10849,0,19151,M407,32.728093,-97.366263,43.2,59.6,47
UP,0221TO020,2021-02-18,10:00 PM,Derailment,0,FORT WORTH,TX,22,4,Dark,Clear,Main,Freight Train,10,272357,434125,706482,M405,32.745045,-97.323312,22.4,25.2,27.8
UP,0722TO042,2022-07-17,3:44 PM,Derailment,0,FORT WORTH,TX,104,2,Day,Clear,Yard,Freight Train,5,40187,50593,90780,H702,32.716155,-97.325414,88.6,93.1,95.8
UP,0518FW008,2018-05-08,3:37 AM,Derailment,0,FORT WORTH,TX,72,4,Dark,Clear,Yard,Yard/switching,10,19698,0,21783,M101,32.719116,-97.386025,78.5,80.1,78.7
UP,0820TO022,2020-08-19,2:55 PM,Other impacts,0,FORT WORTH,TX,92,2,Day,Clear,Yard,Yard/switching,4,25630,0,27787,H312,32.724488,-97.373605,86.2,81.7,82.4
UP,0719TO015,2019-07-12,11:50 PM,Derailment,0,FORT WORTH,TX,82,4,Dark,Clear,Yard,Yard/switching,10,870,13170,14040,S006,32.720466,-97.381822,83.6,83.5,83.7
UP,1219TO031,2019-12-29,7:55 PM,Other impacts,0,FORT WORTH,TX,44,3,Dusk,Clear,Yard,Single Car,0,1482,0,20093,H318,32.771726,-97.327076,61.7,49,43.6
UP,0820TO022,2020-08-19,2:55 PM,Other impacts,0,FORT WORTH,TX,92,2,Day,Clear,Yard,Single Car,0,2157,0,27787,H312,32.724488,-97.373605,86.2,81.7,82.4
BNSF,TX0816101,2016-08-01,3:20 AM,Other impacts,0,FORT WORTH,TX,85,4,Dark,Clear,Yard,Yard/switching,10,45154,2500,88450,H318,32.818937,-97.327103,90.6,90.7,90.3
UP,0921TO013,2021-09-19,11:45 AM,Other impacts,0,FORT WORTH,TX,87,2,Day,Clear,Yard,Cut of cars,5,21455,0,119560,H310,32.730362,-97.322349,83.2,84,87.3
UP,1219TO031,2019-12-29,7:55 PM,Other impacts,0,FORT WORTH,TX,44,3,Dusk,Clear,Yard,Yard/switching,8,8909,9702,20093,H318,32.771726,-97.327076,61.7,49,43.6
BNSF,TX0816101,2016-08-01,3:20 AM,Other impacts,0,FORT WORTH,TX,85,4,Dark,Clear,Yard,Yard/switching,6,40796,0,88450,H318,32.818937,-97.327103,90.6,90.7,90.3
UP,1023TO023,2023-10-24,10:18 AM,Derailment,0,FORT WORTH,TX,74,2,Day,Rain,Yard,Light loco(s),5,250,11424,11674,H307,32.720194,-97.384801,74.6,72.1,72
BNSF,RD1118110,2018-11-09,1:30 AM,Side collision,0,FORT WORTH,TX,45,4,Dark,Clear,Yard,Yard/switching,0,19000,0,36787,H306,32.833065,-97.339277,55.1,48.4,43.4
UP,0217FW047,2017-02-16,2:35 PM,Other impacts,0,FORT WORTH,TX,68,2,Day,Clear,Yard,Single Car,10,9301,0,41001,M407,32.728093,-97.366263,48.7,52.7,59.5
BNSF,TX0516103,2016-05-14,3:00 AM,Derailment,0,FORT WORTH,TX,72,4,Dark,Cloudy,Yard,Yard/switching,6,40133,289215,329348,H607,32.819819,-97.327087,74.3,69.4,66.6
FWWR,17021101,2017-02-11,1:53 PM,Other impacts,0,FORT WORTH,TX,71,2,Day,Clear,Yard,Yard/switching,5,11991,0,11991,H601,32.796077,-97.379367,63.1,73.6,66.5
UP,0516FW016,2016-05-16,9:00 AM,Other (describe in narrative),0,FORT WORTH,TX,71,2,Day,Cloudy,Yard,Yard/switching,4,11324,0,14111,M411,32.717104,-97.388545,66.6,71.3,70.6
UP,1216FW012,2016-12-11,4:40 AM,Other impacts,0,FORT WORTH,TX,45,4,Dark,Clear,Yard,Yard/switching,0,8202,100,19151,M407,32.728093,-97.366263,43.2,59.6,47
UP,0518FW008,2018-05-08,3:37 AM,Derailment,0,FORT WORTH,TX,72,4,Dark,Clear,Yard,Single Car,0,1920,165,21783,M101,32.719116,-97.386025,78.5,80.1,78.7
UP,0321TO002,2021-03-02,10:15 PM,Other impacts,0,FORT WORTH,TX,51,4,Dark,Clear,Yard,Yard/switching,5,8028,9765,120014,H602,32.727714,-97.36616,51,50.9,55.3
BNSF,RD0722225,2022-07-29,2:31 AM,Hwy-rail crossing,0,FORT WORTH,TX,89,4,Dark,Clear,Main,Freight Train,20,300,20000,20300,M302,32.716653,-97.331341,92.3,90.1,90.3
TRE,20002,2020-01-28,7:35 AM,Hwy-rail crossing,0,FORT WORTH,TX,53,1,Dawn,Cloudy,Main,Commuter Train - Pushing,47,13878,1500,15378,M304,32.762426,-97.301755,52.6,52.9,42.5
UP,0719TO020,2019-07-14,5:20 AM,Other impacts,0,FORT WORTH,TX,80,1,Dawn,Clear,Yard,Single Car,2,63758,0,66330,M411,32.72282,-97.378365,83.7,82.1,82.8
UP,1020ES013,2020-10-07,9:30 AM,Derailment,0,FORT WORTH,TX,70,2,Day,Clear,Main,Spec. MoW Equip.,5,4000,16009,20009,H993,32.711379,-97.326747,73.1,75.5,74.9
UP,0318FW034,2018-03-29,2:05 PM,Other impacts,0,FORT WORTH,TX,70,2,Day,Cloudy,Yard,Yard/switching,11,9558,2790,12519,M407,32.72093,-97.381321,59.9,60.5,60
UP,0821TO033,2021-08-31,7:00 AM,Other (describe in narrative),0,FORT WORTH,TX,79,2,Day,Clear,Yard,Single Car,0,36291,0,36291,E44C,32.721277,-97.378904,83.9,87.4,88.8
UP,0917FW010,2017-09-16,8:30 AM,Derailment,0,FORT WORTH,TX,80,2,Day,Clear,Yard,Yard/switching,4,3324,0,79331,E43C,32.722623,-97.378375,83.9,84.9,85
BNSF,RD1119125,2019-11-28,5:00 AM,Derailment,0,FORT WORTH,TX,48,1,Dawn,Rain,Yard,Yard/switching,4,10000,6000,16000,H607,32.81606,-97.3243,47.2,48.5,53
UP,0120TO021,2020-01-13,11:00 AM,Derailment,0,FORT WORTH,TX,50,2,Day,Cloudy,Main,Freight Train,8,41508,4669,46177,H503,32.745098,-97.322771,45.2,54,63.6
FWWR,20021402,2020-02-14,8:10 PM,Side collision,0,FORT WORTH,TX,41,4,Dark,Clear,Main,Freight Train,1,43118,0,43118,H306,32.761111,-97.347222,40.5,38.7,52.6
UP,0923TO011,2023-09-05,6:36 PM,Derailment,0,FORT WORTH,TX,101,3,Dusk,Clear,Yard,Cut of cars,5,26736,0,48357,S007,32.714539,-97.397153,88.5,91.6,93
BNSF,RD0524113,2024-05-14,5:20 AM,Derailment,0,FORT WORTH,TX,77,1,Dawn,Clear,Yard,Yard/switching,10,293432,74652,368084,H309,32.819685,-97.327438,71.7,72.8,77.4
UP,0224TO012,2024-02-08,3:45 AM,Other impacts,0,FORT WORTH,TX,59,4,Dark,Cloudy,Yard,Yard/switching,4,41607,0,145078,H310,32.724286,-97.373509,57.8,60.7,60.1
UP,0923TO041,2023-09-26,10:45 PM,Other impacts,0,FORT WORTH,TX,81,4,Dark,Clear,Yard,Freight Train,0,157770,0,198003,H307,32.71814,-97.388522,81.6,82.3,83.2
UP,0221TO030,2021-02-26,3:25 AM,Derailment,0,FORT WORTH,TX,46,4,Dark,Rain,Yard,Yard/switching,6,5090,301774,306864,S014,32.727442,-97.366758,47.7,50.1,59.2
UP,0124TO034,2024-01-30,11:45 AM,Other impacts,0,FORT WORTH,TX,63,2,Day,Clear,Yard,Yard/switching,0,0,0,40168,H317,32.722057,-97.324547,54.6,57.6,57.3
UP,1023TO016,2023-10-15,11:09 AM,Other impacts,0,FORT WORTH,TX,61,2,Day,Clear,Yard,Single Car,5,3174,0,92314,E30C,32.732095,-97.360155,61.5,58.1,55.5
BNSF,RD1120124,2020-11-24,7:00 PM,Derailment,0,FORT WORTH,TX,50,3,Dusk,Rain,Yard,Light loco(s),3,5000,10000,15000,H607,32.820369,-97.328775,52.5,63.1,53.4
UP,0623TO027,2023-06-26,7:25 AM,Other impacts,0,FORT WORTH,TX,81,2,Day,Clear,Yard,Yard/switching,5,26165,35655,111855,H702,32.727714,-97.36616,91.4,92.6,91.9
UP,0322TO008,2022-03-12,1:24 AM,Other impacts,0,FORT WORTH,TX,29,4,Dark,Clear,Yard,Single Car,5,1458,0,35064,M411,32.721698,-97.379665,35,41,51.5
UP,0722TO050,2022-07-25,5:53 AM,Other impacts,0,FORT WORTH,TX,84,1,Dawn,Clear,Yard,Yard/switching,6,9395,0,12690,M404,32.720387,-97.382687,91.9,93,93
UP,0922TO014,2022-09-19,8:35 AM,Other impacts,0,FORT WORTH,TX,74,2,Day,Clear,Yard,Yard/switching,2,69785,0,73242,M407,32.724286,-97.373509,83.9,83.8,84.9
UP,0823TO019,2023-08-12,7:45 PM,Derailment,0,FORT WORTH,TX,104,3,Dusk,Clear,Main,Freight Train,5,68118,54996,123114,M201,32.738761,-97.3221,96.3,94.9,94.8
UP,0220TO010,2020-02-10,1:45 AM,Other impacts,0,FORT WORTH,TX,56,4,Dark,Cloudy,Yard,Cut of cars,1,7418,0,27085,H310,32.724768,-97.373197,65.1,45,41.6
UP,0319TO022,2019-03-16,6:00 AM,Other impacts,0,FORT WORTH,TX,44,1,Dawn,Clear,Yard,Light loco(s),0,9175,0,197980,S099,32.725822,-97.36976,49.5,49.4,51.9
UP,0423TO025,2023-04-17,2:05 PM,Other (describe in narrative),0,FORT WORTH,TX,80,2,Day,Clear,Yard,Freight Train,4,0,17600,17600,H702,32.725796,-97.374702,59.8,64.7,67.3
UP,0119TO037,2019-01-27,6:07 PM,Derailment,0,FORT WORTH,TX,58,3,Dusk,Clear,Yard,Yard/switching,4,59858,23027,83519,H993,32.721477,-97.38143,44.4,46.9,48.2
BNSF,RD0522109,2022-05-09,9:06 PM,Derailment,0,FORT WORTH,TX,82,4,Dark,Clear,Yard,Yard/switching,5,7500,5500,13000,H019,32.830371,-97.337379,82.6,83.2,82.5
UP,1023TO013,2023-10-15,2:45 AM,Derailment,0,FORT WORTH,TX,54,4,Dark,Clear,Yard,Yard/switching,4,14445,72696,87141,S099,32.720816,-97.38181,61.5,58.1,55.5
UP,0819TO022,2019-08-16,8:34 AM,Other impacts,0,FORT WORTH,TX,81,2,Day,Clear,Yard,Yard/switching,0,239967,0,402920,H316,32.721025,-97.381189,87.8,89.3,89.6
BNSF,RD0621107,2021-06-06,10:17 PM,Other impacts,0,FORT WORTH,TX,75,4,Dark,Cloudy,Yard,Yard/switching,8,57427,0,57427,H601,32.825118,-97.33211,74.8,77.2,75.4
BNSF,RD0324108,2024-03-07,3:30 AM,Derailment,0,FORT WORTH,TX,65,4,Dark,Clear,Yard,Yard/switching,4,28000,13702,41702,H607,32.821091,-97.328198,64.2,62.3,58
UP,0723TO038,2023-07-22,2:20 PM,Derailment,0,FORT WORTH,TX,91,2,Day,Clear,Yard,Yard/switching,5,7383,10445,17828,E71L,32.718639,-97.387096,91.1,86,86.1
UP,0224TO012,2024-02-08,3:45 AM,Other impacts,0,FORT WORTH,TX,59,4,Dark,Cloudy,Yard,Yard/switching,5,48919,54552,145078,H310,32.724286,-97.373509,57.8,60.7,60.1
UP,0419TO038,2019-04-24,12:36 AM,Derailment,3,FORT WORTH,TX,61,4,Dark,Rain,Main,Freight Train,26,2619690,194943,2814633,M506,32.69898,-97.309297,69,62.6,68.1
UP,0323TO008,2023-03-04,5:25 PM,Other impacts,0,FORT WORTH,TX,74,2,Day,Clear,Yard,Yard/switching,3,139074,0,146922,S016,32.721664,-97.381893,53.6,60.3,65.1
UP,0923TO041,2023-09-26,10:45 PM,Other impacts,0,FORT WORTH,TX,81,4,Dark,Clear,Yard,Yard/switching,4,6059,34174,198003,H307,32.71814,-97.388522,81.6,82.3,83.2
UP,0821TO020,2021-08-16,1:00 AM,Other (describe in narrative),0,FORT WORTH,TX,77,4,Dark,Rain,Yard,Single Car,0,40744,0,40744,E29C,32.717624,-97.325102,81.1,82.4,78.4
TRE,20003,2020-02-25,7:25 PM,Hwy-rail crossing,0,FORT WORTH,TX,49,4,Dark,Clear,Main,Commuter Train - Pushing,62,50000,0,50000,M303,32.807755,-97.103807,59.1,50.3,42
FWWR,19122301,2019-12-23,10:15 AM,Other impacts,0,FORT WORTH,TX,43,2,Day,Clear,Main,Single Car,10,41733,0,41733,E09C,32.69087,-97.36435,44.8,46.9,54.3
UP,0220TO001,2020-02-02,6:50 AM,Other impacts,0,FORT WORTH,TX,48,1,Dawn,Clear,Yard,Single Car,2,37990,0,154469,H310,32.720824,-97.381089,50.8,63.7,61.9
UP,0722TO057,2022-07-21,4:00 AM,Other impacts,0,FORT WORTH,TX,88,1,Dawn,Clear,Yard,Single Car,5,65795,0,70232,M411,32.722287,-97.379976,95.1,93,91.6
UP,0224TO002,2024-02-03,6:30 AM,Derailment,0,FORT WORTH,TX,54,1,Dawn,Cloudy,Main,Freight Train,8,5738,150440,156178,M405,32.741783,-97.321555,60.5,56.7,53.5
UP,0422TO001,2022-04-02,12:36 AM,Derailment,0,FORT WORTH,TX,63,4,Dark,Cloudy,Yard,Yard/switching,1,113220,405,113625,M199,32.729757,-97.364621,61.6,62.7,69.2
UP,0824TO036,2024-08-29,1:12 AM,Derailment,0,FORT WORTH,TX,82,4,Dark,Cloudy,Main,Freight Train,10,225672,4353,230025,H519,32.743846,-97.321615,84.2,85.2,83.1
BNSF,RD1222109,2022-12-13,8:44 AM,Derailment,0,FORT WORTH,TX,45,1,Dawn,Rain,Yard,Cut of cars,0,14000,500,14500,M105,32.821091,-97.328198,58.3,62.8,50.4
UP,1123TO014,2023-11-09,3:45 AM,Derailment,0,FORT WORTH,TX,68,4,Dark,Cloudy,Yard,Yard/switching,5,13677,124434,138111,S011,32.718913,-97.386484,74.5,59.2,53.6
UP,0723TO004,2023-07-03,11:25 AM,Other impacts,0,FORT WORTH,TX,93,2,Day,Clear,Yard,Freight Train,5,195255,262510,533168,H020,32.718526,-97.387412,82.3,87.9,86.9
UP,0722TO057,2022-07-21,4:00 AM,Other impacts,0,FORT WORTH,TX,88,1,Dawn,Clear,Yard,Yard/switching,2,4437,0,70232,M411,32.722287,-97.379976,95.1,93,91.6
UP,0421TO013,2021-04-23,4:30 AM,Other impacts,0,FORT WORTH,TX,60,1,Dawn,Clear,Yard,Yard/switching,5,102721,630,211342,H301,32.717257,-97.38948,57.6,64.1,63.1
FWWR,20021402,2020-02-14,8:10 PM,Side collision,0,FORT WORTH,TX,41,4,Dark,Clear,Main,Cut of cars,0,0,0,43118,H306,32.761111,-97.347222,40.5,38.7,52.6
UP,1220TO026,2020-12-21,11:36 PM,Other impacts,0,FORT WORTH,TX,55,4,Dark,Cloudy,Yard,Yard/switching,2,6842,0,12039,H307,32.718026,-97.389014,47.4,53.3,56.8
UP,0722TO051,2022-07-25,1:24 PM,Other impacts,0,FORT WORTH,TX,98,2,Day,Clear,Yard,Single Car,3,15391,2280,19521,M407,32.721056,-97.381203,91.9,93,93
BNSF,RD0324111,2024-03-11,12:25 AM,Derailment,0,FORT WORTH,TX,60,4,Dark,Clear,Main,Yard/switching,4,135871,138013,273884,H702,32.812352,-97.32109,50.8,57.4,63.4
UP,1123TO018,2023-11-10,3:45 AM,Other impacts,0,FORT WORTH,TX,52,4,Dark,Rain,Yard,Yard/switching,0,51796,0,53316,S007,32.724981,-97.372579,59.2,53.6,58.4
UP,0423TO014,2023-04-07,5:22 PM,Other impacts,0,FORT WORTH,TX,61,2,Day,Clear,Yard,Yard/switching,8,965,40900,42269,M411,32.730168,-97.363121,53,56.7,61.4
UP,0421TO012,2021-04-21,9:16 PM,Derailment,0,FORT WORTH,TX,59,4,Dark,Cloudy,Yard,Freight Train,5,23453,35695,59148,H518,32.729757,-97.364621,53.3,49.6,57.6
UP,0323TO008,2023-03-04,5:25 PM,Other impacts,0,FORT WORTH,TX,74,2,Day,Clear,Yard,Single Car,0,7848,0,146922,S016,32.721664,-97.381893,53.6,60.3,65.1
TRE,18009,2018-11-21,5:30 AM,Hwy-rail crossing,0,FORT WORTH,TX,34,4,Dark,Fog,Main,Commuter Train - Pulling,77,1544670,30000,1574670,M302,32.81082,-97.090498,46.4,47.3,52.8
UP,0524TO026,2024-05-22,2:45 AM,Derailment,0,FORT WORTH,TX,78,4,Dark,Cloudy,Main,Freight Train,11,423247,72207,495454,H518,32.743528,-97.321508,80.6,78.2,77.8
FWWR,15121501,2015-12-15,1:00 PM,Raking collision,0,FORT WORTH,TX,65,2,Day,Clear,Yard,Yard/switching,4,95640,0,95640,H301,32.73881,-97.33379,56.7,60.1,50.1