reportingrailroadcode,accidentnumber,date,time,accidenttype,hazmatreleasedcars,station,stateabbr,temperature,visibility_code,visibility,weathercondition,tracktype,equipmenttype,trainspeed,equipmentdamagecost,trackdamagecost,totaldamagecost,primaryaccidentcausecode,latitude,longitude,prior_temp,actual_temp,following_temp
UP,0719TO020,2019-07-14,5:20 AM,Other impacts,0,FORT WORTH,TX,80,1,Dawn,Clear,Yard,Yard/switching,4,2572,0,66330,M411,32.72282,-97.378365,83.7,82.1,82.8
FWWR,18062601,2018-06-26,6:00 AM,Side collision,0,FORT WORTH,TX,78,4,Dark,Clear,Yard,Yard/switching,9,40910,0,40910,H302,32.716498,-97.344831,85.3,87.8,89.6
UP,0724TO017,2024-07-14,5:25 AM,Obstruction,0,FORT WORTH,TX,78,1,Dawn,Clear,Yard,Cut of cars,0,32252,0,183090,M404,32.723183,-97.375933,84.5,87.3,88.8
UP,1222TO038,2022-12-31,5:22 AM,Other impacts,0,FORT WORTH,TX,49,1,Dawn,Clear,Yard,Single Car,0,0,0,24122,M411,32.731178,-97.361854,53.6,58.3,64.1
UP,0623TO027,2023-06-26,7:25 AM,Other impacts,0,FORT WORTH,TX,81,2,Day,Clear,Yard,Light loco(s),2,50035,0,111855,H702,32.727714,-97.36616,91.4,92.6,91.9
UP,0318FW034,2018-03-29,2:05 PM,Other impacts,0,FORT WORTH,TX,70,2,Day,Cloudy,Yard,Cut of cars,0,171,0,12519,M407,32.72093,-97.381321,59.9,60.5,60
UP,0818FW048,2018-08-31,3:08 PM,Derailment,0,FORT WORTH,TX,100,2,Day,Clear,Yard,Yard/switching,4,1740,0,70735,M411,32.720654,-97.381006,84.3,85.4,85.2
UP,0523TO029,2023-05-18,11:04 PM,Other impacts,0,FORT WORTH,TX,78,4,Dark,Cloudy,Yard,Single Car,5,6881,0,11679,S007,32.721388,-97.381745,73.2,76.7,77.9
UP,0521TO009,2021-05-09,9:25 AM,Other impacts,0,FORT WORTH,TX,77,2,Day,Clear,Yard,Yard/switching,8,11240,0,18208,H312,32.720859,-97.381104,75.3,75.4,58.4
BNSF,RD0821122,2021-08-26,12:55 PM,Derailment,0,FORT WORTH,TX,98,2,Day,Clear,Yard,Yard/switching,8,6040,0,17310,H306,32.827349,-97.334726,87.1,87.6,84.8
BNSF,RD0721115,2021-07-14,11:33 PM,Derailment,0,FORT WORTH,TX,82,4,Dark,Clear,Yard,Freight Train,7,11478,1500,12978,E07C,32.832309,-97.338738,82,81.4,83
BNSF,RD1123121,2023-11-21,12:03 PM,Other (describe in narrative),0,FORT WORTH,TX,50,2,Day,Clear,Main,Light loco(s),12,0,30000,30000,H221,32.952268,-97.357308,65.1,51.9,48.4
UP,0322TO008,2022-03-12,1:24 AM,Other impacts,0,FORT WORTH,TX,29,4,Dark,Clear,Yard,Yard/switching,4,30946,2660,35064,M411,32.721698,-97.379665,35,41,51.5
UP,0521TO009,2021-05-09,9:25 AM,Other impacts,0,FORT WORTH,TX,77,2,Day,Clear,Yard,Single Car,0,6068,900,18208,H312,32.720859,-97.381104,75.3,75.4,58.4
UP,0422TO025,2022-04-21,7:26 AM,Derailment,0,FORT WORTH,TX,72,1,Dawn,Clear,Yard,Freight Train,4,279026,66,279092,E7AL,32.745195,-97.32278,76.3,77.3,76.7
BNSF,RD0719102,2019-07-02,3:00 PM,Derailment,0,FORT WORTH,TX,87,2,Day,Clear,Yard,Yard/switching,6,12165,41077,53242,H607,32.8124,-97.321142,81.4,83.3,81.6
UP,0722TO051,2022-07-25,1:24 PM,Other impacts,0,FORT WORTH,TX,98,2,Day,Clear,Yard,Yard/switching,2,1850,0,19521,M407,32.721056,-97.381203,91.9,93,93
UP,0722TO008,2022-07-05,7:45 AM,Derailment,0,FORT WORTH,TX,81,2,Day,Clear,Yard,Yard/switching,4,12032,1045,13077,E11C,32.72154,-97.381465,88.9,90.8,91.7
UP,1220TO026,2020-12-21,11:36 PM,Other impacts,0,FORT WORTH,TX,55,4,Dark,Cloudy,Yard,Light loco(s),10,5197,0,12039,H307,32.718026,-97.389014,47.4,53.3,56.8
UP,0923TO011,2023-09-05,6:36 PM,Derailment,0,FORT WORTH,TX,101,3,Dusk,Clear,Yard,Yard/switching,4,21489,132,48357,S007,32.714539,-97.397153,88.5,91.6,93
BNSF,RD0124126,2024-01-31,11:15 AM,Derailment,0,FORT WORTH,TX,51,2,Day,Clear,Yard,Yard/switching,8,31750,1500,33250,H018,32.812837,-97.321497,57.6,57.3,60.8
UP,0723TO016,2023-07-10,11:30 PM,Other impacts,0,FORT WORTH,TX,88,4,Dark,Cloudy,Yard,Cut of cars,0,1640,0,41017,S016,32.724748,-97.373738,84.4,87,88.7
UP,0423TO014,2023-04-07,5:22 PM,Other impacts,0,FORT WORTH,TX,61,2,Day,Clear,Yard,Single Car,0,202,0,42269,M411,32.730168,-97.363121,53,56.7,61.4
UP,0723TO004,2023-07-03,11:25 AM,Other impacts,0,FORT WORTH,TX,93,2,Day,Clear,Yard,Yard/switching,3,75403,0,533168,H020,32.718526,-97.387412,82.3,87.9,86.9
FWWR,23032301,2023-03-20,5:40 AM,Derailment,0,FORT WORTH,TX,36,4,Dark,Cloudy,Yard,Yard/switching,4,6940,28912,35852,T222,32.787465,-97.337902,42.7,47,58.6
UP,0423TO024,2023-04-18,1:05 AM,Derailment,0,FORT WORTH,TX,66,4,Dark,Clear,Yard,Freight Train,5,3743,37495,41238,H511,32.725949,-97.37479,64.7,67.3,74.6
UP,0920TO038,2020-09-27,6:10 PM,Other impacts,0,FORT WORTH,TX,91,3,Dusk,Clear,Yard,Cut of cars,1,10508,0,30378,H310,32.724304,-97.375761,75.3,80.5,67.3
UP,0421TO013,2021-04-23,4:30 AM,Other impacts,0,FORT WORTH,TX,60,1,Dawn,Clear,Yard,Freight Train,0,107991,0,211342,H301,32.717257,-97.38948,57.6,64.1,63.1
UP,0922TO025,2022-09-21,9:30 AM,Other (describe in narrative),0,FORT WORTH,TX,81,2,Day,Clear,Yard,Yard/switching,4,14727,0,14727,M201,32.721025,-97.381189,84.9,84.7,84.2
BNSF,RD1118132,2018-11-12,2:00 PM,Other impacts,0,FORT WORTH,TX,45,2,Day,Clear,Yard,Yard/switching,4,23001,0,23001,H312,32.82021,-97.328287,47.9,40.7,33.4
FWWR,19122302,2019-12-23,10:15 AM,Hwy-rail crossing,0,FORT WORTH,TX,43,2,Day,Clear,Main,Yard/switching,18,518,93042,93560,M304,32.704158,-97.350077,44.8,46.9,54.3
UP,0923TO004,2023-09-03,6:24 AM,Derailment,0,FORT WORTH,TX,80,1,Dawn,Cloudy,Yard,Yard/switching,7,31834,46908,78742,H507,32.722032,-97.376877,85.9,87.1,88.5
UP,0423TO014,2023-04-07,5:22 PM,Other impacts,0,FORT WORTH,TX,61,2,Day,Clear,Yard,Single Car,0,202,0,42269,M411,32.730168,-97.363121,53,56.7,61.4
UP,0422TO039,2022-04-29,7:00 AM,Other (describe in narrative),0,FORT WORTH,TX,72,2,Day,Cloudy,Yard,Single Car,0,51067,0,51067,M204,32.724259,-97.377244,71.7,74.9,74.1
BNSF,RD1118110,2018-11-09,1:30 AM,Side collision,0,FORT WORTH,TX,45,4,Dark,Clear,Yard,Yard/switching,8,11787,6000,36787,H306,32.833065,-97.339277,55.1,48.4,43.4
UP,0921TO013,2021-09-19,11:45 AM,Other impacts,0,FORT WORTH,TX,87,2,Day,Clear,Yard,Freight Train,0,96105,2000,119560,H310,32.730362,-97.322349,83.2,84,87.3
XAAL,2024XAAL01,2024-08-30,8:43 PM,Derailment,0,FORT WORTH,TX,90,4,Dark,Clear,Yard,Yard/switching,13,145555,22345,335800,H307,32.980841,-97.338867,85.2,83.1,84.2
BNSF,RD0718121,2018-07-18,9:00 AM,Derailment,0,FORT WORTH,TX,95,2,Day,Clear,Yard,Yard/switching,4,8000,3000,11000,H607,32.825895,-97.334021,91.1,92.7,95.1
UP,0721TO009,2021-07-07,6:35 PM,Derailment,0,FORT WORTH,TX,91,3,Dusk,Clear,Main,Freight Train,30,17512,22687,40199,E64C,32.756685,-97.322367,80.2,82.9,84
UP,0220TO003,2020-02-05,2:45 AM,Derailment,0,FORT WORTH,TX,47,4,Dark,Cloudy,Yard,Yard/switching,3,6853,65564,72417,E64C,32.727224,-97.36719,51.2,34.8,37
UP,1222TO038,2022-12-31,5:22 AM,Other impacts,0,FORT WORTH,TX,49,1,Dawn,Clear,Yard,Yard/switching,3,410,23712,24122,M411,32.731178,-97.361854,53.6,58.3,64.1
UP,0320TO024,2020-03-20,3:30 AM,Derailment,0,FORT WORTH,TX,61,4,Dark,Rain,Yard,Freight Train,5,5071,29001,34072,H702,32.729754,-97.363585,70.5,53.5,48.9
BNSF,RD0117104,2017-01-02,8:40 AM,Side collision,0,FORT WORTH,TX,60,1,Dawn,Cloudy,Yard,Yard/switching,0,19634,0,19849,H307,32.818035,-97.326032,53.5,62,49.1
BNSF,RD0821122,2021-08-26,12:55 PM,Derailment,0,FORT WORTH,TX,98,2,Day,Clear,Yard,Yard/switching,8,4900,6370,17310,H306,32.827349,-97.334726,87.1,87.6,84.8
UP,0220TO001,2020-02-02,6:50 AM,Other impacts,0,FORT WORTH,TX,48,1,Dawn,Clear,Yard,Yard/switching,0,116446,33,154469,H310,32.720824,-97.381089,50.8,63.7,61.9
UP,0920TO038,2020-09-27,6:10 PM,Other impacts,0,FORT WORTH,TX,91,3,Dusk,Clear,Yard,Yard/switching,4,19870,0,30378,H310,32.724304,-97.375761,75.3,80.5,67.3
BNSF,RD0119104,2019-01-05,8:40 PM,Other impacts,0,FORT WORTH,TX,50,3,Dusk,Clear,Yard,Yard/switching,4,86011,0,86011,H318,32.822682,-97.330343,45.4,51.3,56.4
UP,1020TO001,2020-10-03,2:40 AM,Other impacts,0,FORT WORTH,TX,63,4,Dark,Clear,Yard,Yard/switching,5,73343,5508,79076,H318,32.72452,-97.373623,65.6,69.9,69.6
UP,0423TO015,2023-04-08,4:51 PM,Other impacts,0,FORT WORTH,TX,71,2,Day,Clear,Yard,Yard/switching,5,1069,0,11791,M404,32.723411,-97.377735,56.7,61.4,62.6
BNSF,RD0719119,2019-07-19,8:35 AM,Derailment,0,FORT WORTH,TX,84,2,Day,Clear,Yard,Light loco(s),4,6000,25000,31000,H607,32.818598,-97.326521,87,87.4,87.5
BNSF,RD1118202,2018-11-07,1:45 PM,Hwy-rail crossing,0,FORT WORTH,TX,60,2,Day,Cloudy,Main,,0,0,30000,33566,M302,32.698669,-97.342804,63.9,61.3,55.1
UP,0818FW048,2018-08-31,3:08 PM,Derailment,0,FORT WORTH,TX,100,2,Day,Clear,Yard,Single Car,0,348,68647,70735,M411,32.720654,-97.381006,84.3,85.4,85.2
UP,0818FW029,2018-08-18,2:20 AM,Derailment,0,FORT WORTH,TX,90,4,Dark,Clear,Industry,Yard/switching,5,15879,1243,17122,M501,32.845079,-97.359087,89.5,88.5,85.8
UP,0523TO029,2023-05-18,11:04 PM,Other impacts,0,FORT WORTH,TX,78,4,Dark,Cloudy,Yard,Yard/switching,3,4798,0,11679,S007,32.721388,-97.381745,73.2,76.7,77.9
BNSF,RD0721101,2021-07-01,8:16 AM,Derailment,0,FORT WORTH,TX,91,1,Dawn,Clear,Industry,Yard/switching,4,3250,10000,13250,H307,32.787823,-97.339149,81.6,84.8,81.3
UP,0721TO012,2021-07-09,5:43 AM,Derailment,0,FORT WORTH,TX,75,1,Dawn,Cloudy,Yard,Yard/switching,8,7432,88473,95905,M405,32.726108,-97.368966,84,80.6,83.5
UP,0124TO034,2024-01-30,11:45 AM,Other impacts,0,FORT WORTH,TX,63,2,Day,Clear,Yard,Cut of cars,0,40168,0,40168,H317,32.722057,-97.324547,54.6,57.6,57.3
UP,0722TO050,2022-07-25,5:53 AM,Other impacts,0,FORT WORTH,TX,84,1,Dawn,Clear,Yard,Single Car,0,1015,2280,12690,M404,32.720387,-97.382687,91.9,93,93
UP,0319TO022,2019-03-16,6:00 AM,Other impacts,0,FORT WORTH,TX,44,1,Dawn,Clear,Yard,Yard/switching,5,188772,33,197980,S099,32.725822,-97.36976,49.5,49.4,51.9
UP,0922TO015,2022-09-19,5:15 AM,Derailment,0,FORT WORTH,TX,76,1,Dawn,Clear,Main,Freight Train,20,61300,486965,548265,E51C,32.74801,-97.321345,83.9,83.8,84.9
UP,0823TO030,2023-08-16,6:34 PM,Derailment,0,FORT WORTH,TX,96,3,Dusk,Clear,Main,Freight Train,7,67418,118510,185928,H502,32.745111,-97.325121,84.6,84.6,92.1
UP,0723TO016,2023-07-10,11:30 PM,Other impacts,0,FORT WORTH,TX,88,4,Dark,Cloudy,Yard,Yard/switching,5,37778,1599,41017,S016,32.724748,-97.373738,84.4,87,88.7
UP,1123TO018,2023-11-10,3:45 AM,Other impacts,0,FORT WORTH,TX,52,4,Dark,Rain,Yard,Cut of cars,3,100,1420,53316,S007,32.724981,-97.372579,59.2,53.6,58.4
UP,0724TO017,2024-07-14,5:25 AM,Obstruction,0,FORT WORTH,TX,78,1,Dawn,Clear,Yard,Yard/switching,4,13578,137260,183090,M404,32.723183,-97.375933,84.5,87.3,88.8
UP,1221TO030,2021-12-16,5:00 AM,Other (describe in narrative),0,FORT WORTH,TX,43,1,Dawn,Clear,Yard,Yard/switching,5,16852,0,16852,M201,32.724259,-97.377244,72.9,66.7,68.9
UP,0923TO029,2023-09-17,10:20 PM,Derailment,0,FORT WORTH,TX,75,4,Dark,Clear,Yard,,0,0,19148,29058,H702,32.771497,-97.326736,74.9,78.1,79.6
UP,0917FW010,2017-09-16,8:30 AM,Derailment,0,FORT WORTH,TX,80,2,Day,Clear,Yard,Yard/switching,2,75907,100,79331,E43C,32.722623,-97.378375,83.9,84.9,85
UP,1020TO001,2020-10-03,2:40 AM,Other impacts,0,FORT WORTH,TX,63,4,Dark,Clear,Yard,Single Car,3,225,0,79076,H318,32.72452,-97.373623,65.6,69.9,69.6
UP,0619TO006,2019-06-01,1:28 PM,Fire/violent rupture,0,FORT WORTH,TX,72,2,Day,Clear,Main,Freight Train,20,43687,0,43687,E73L,32.681557,-97.546773,74.6,77.2,75.9
UP,0119TO037,2019-01-27,6:07 PM,Derailment,0,FORT WORTH,TX,58,3,Dusk,Clear,Yard,Single Car,0,634,0,83519,H993,32.721477,-97.38143,44.4,46.9,48.2
TRE,20005,2020-05-07,5:00 PM,Hwy-rail crossing,0,FORT WORTH,TX,77,2,Day,Clear,Main,Commuter Train - Pushing,15,60000,3000,63000,M302,32.778301,-97.273283,70.1,73,68.3
UP,0321TO002,2021-03-02,10:15 PM,Other impacts,0,FORT WORTH,TX,51,4,Dark,Clear,Yard,Yard/switching,5,102221,0,120014,H602,32.727714,-97.36616,51,50.9,55.3
UP,0819TO022,2019-08-16,8:34 AM,Other impacts,0,FORT WORTH,TX,81,2,Day,Clear,Yard,Yard/switching,10,144667,18286,402920,H316,32.721025,-97.381189,87.8,89.3,89.6
UP,0922TO014,2022-09-19,8:35 AM,Other impacts,0,FORT WORTH,TX,74,2,Day,Clear,Yard,Single Car,2,3391,66,73242,M407,32.724286,-97.373509,83.9,83.8,84.9
UP,1023TO016,2023-10-15,11:09 AM,Other impacts,0,FORT WORTH,TX,61,2,Day,Clear,Yard,Yard/switching,2,4114,85026,92314,E30C,32.732095,-97.360155,61.5,58.1,55.5
UP,0320TO006,2020-03-04,6:45 PM,Derailment,0,FORT WORTH,TX,55,3,Dusk,Rain,Yard,Yard/switching,3,46852,11793,58645,H503,32.72541,-97.371701,60.8,54.5,58
UP,0818FW020,2018-08-13,1:15 AM,Derailment,0,FORT WORTH,TX,75,4,Dark,Cloudy,Yard,Yard/switching,7,24974,19499,44473,S011,32.719798,-97.385303,77.3,75.7,79.6
BNSF,RD0117104,2017-01-02,8:40 AM,Side collision,0,FORT WORTH,TX,60,1,Dawn,Cloudy,Yard,Freight Train,5,215,0,19849,H307,32.818035,-97.326032,53.5,62,49.1
UP,0521TO005,2021-05-08,9:20 AM,Derailment,0,FORT WORTH,TX,70,2,Day,Clear,Yard,Light loco(s),4,250,120420,120670,M404,32.717421,-97.390579,72.3,75.3,75.4
FWWR,23091701,2023-09-17,10:20 PM,Derailment,0,FORT WORTH,TX,71,4,Dark,Clear,Yard,Yard/switching,6,9910,0,29058,H704,32.771497,-97.326736,74.9,78.1,79.6
UP,0420TO011,2020-04-08,6:10 AM,Derailment,0,FORT WORTH,TX,73,1,Dawn,Cloudy,Yard,Light loco(s),3,55841,728,56569,M507,32.728907,-97.367135,74.1,79.5,69.5
UP,0522TO001,2022-05-01,4:40 AM,Derailment,0,FORT WORTH,TX,55,1,Dawn,Clear,Yard,Yard/switching,8,42760,66,42826,H318,32.722577,-97.38051,74.1,70.6,75.8
UP,0423TO015,2023-04-08,4:51 PM,Other impacts,0,FORT WORTH,TX,71,2,Day,Clear,Yard,Yard/switching,1,10722,0,11791,M404,32.723411,-97.377735,56.7,61.4,62.6
BNSF,RD0417114,2017-04-15,4:00 AM,Other impacts,0,FORT WORTH,TX,70,1,Dawn,Clear,Industry,Yard/switching,5,4465,0,26921,H307,32.819729,-97.33085,72.4,72.9,73.5
UP,1015FW013,2015-10-19,10:30 AM,Hwy-rail crossing,0,FORT WORTH,TX,75,2,Day,Clear,Main,Freight Train,12,1680,18990,20670,M303,32.718132,-97.328835,67.9,70.4,72.8
UP,0220TO010,2020-02-10,1:45 AM,Other impacts,0,FORT WORTH,TX,56,4,Dark,Cloudy,Yard,Yard/switching,1,19634,33,27085,H310,32.724768,-97.373197,65.1,45,41.6
FWWR,117120601,2017-12-06,1:30 AM,Derailment,0,FORT WORTH,TX,45,4,Dark,Clear,Yard,Freight Train,5,1000,21750,22750,E4BC,32.760712,-97.32022,51,48.9,40.6
BNSF,RD0917109,2017-09-02,7:30 PM,Other impacts,0,FORT WORTH,TX,87,3,Dusk,Clear,Yard,Yard/switching,12,23128,0,23128,H601,32.824901,-97.332197,78.5,82.8,84.1
UP,1118TO001,2018-11-30,7:56 PM,Derailment,0,FORT WORTH,TX,69,3,Dusk,Cloudy,Main,Yard/switching,15,355451,200,355651,M507,32.743111,-97.312174,63.8,67.6,62.8
UP,0916FW001,2016-09-03,7:00 AM,Derailment,0,FORT WORTH,TX,80,2,Day,Clear,Yard,,0,0,59513,111513,M409,32.744037,-97.31729,79.8,81.2,82.7
UP,0715FW016,2015-07-16,2:50 AM,Derailment,0,FORT WORTH,TX,82,4,Dark,Clear,Yard,Light loco(s),0,84539,0,137209,M411,32.722494,-97.375433,87.1,87.2,88.1
BNSF,TX0515101,2015-05-10,6:50 AM,Derailment,0,FORT WORTH,TX,50,1,Dawn,Rain,Main,Freight Train,24,1017493,190448,1207941,M105,32.921943,-97.361386,76.7,72,67
UP,0623TO012,2023-06-06,9:00 AM,Other (describe in narrative),0,FORT WORTH,TX,74,2,Day,Clear,Yard,Single Car,0,73392,0,73392,E21C,32.720956,-97.381153,75.8,77.1,77.2
UP,0915FW001,2015-09-02,8:00 AM,Other (describe in narrative),0,FORT WORTH,TX,73,2,Day,Cloudy,Yard,Single Car,0,34094,0,34094,E29C,32.724333,-97.377708,85.3,84.3,85.2
UP,1116FW001,2016-11-06,6:50 PM,Other impacts,0,FORT WORTH,TX,63,3,Dusk,Cloudy,Yard,Yard/switching,4,284398,0,582137,H706,32.726404,-97.368016,65.8,63.6,65.6
BNSF,RD0817118,2017-08-12,1:28 PM,Other impacts,0,FORT WORTH,TX,93,2,Day,Rain,Yard,Yard/switching,10,11538,0,11538,H601,32.819631,-97.327729,87.3,85.1,81.6
UP,0418FW036,2018-04-23,5:10 PM,Derailment,0,FORT WORTH,TX,76,2,Day,Clear,Yard,Yard/switching,7,10788,300,11088,H522,32.72486,-97.371261,59.3,63.9,70.7
UP,0215FW019,2015-02-24,2:30 AM,Derailment,0,FORT WORTH,TX,26,4,Dark,Cloudy,Yard,Yard/switching,3,6638,10028,16666,H701,32.717515,-97.324699,27.6,31.9,41.6
UP,0715FW016,2015-07-16,2:50 AM,Derailment,0,FORT WORTH,TX,82,4,Dark,Clear,Yard,Yard/switching,7,26679,25991,137209,M411,32.722494,-97.375433,87.1,87.2,88.1
UP,0418FW049,2018-04-29,11:22 PM,Derailment,0,FORT WORTH,TX,72,4,Dark,Clear,Main,Freight Train,8,262861,1700,264561,H501,32.708212,-97.417206,70.1,74.1,72.2
UP,1116FW001,2016-11-06,6:50 PM,Other impacts,0,FORT WORTH,TX,63,3,Dusk,Cloudy,Yard,Yard/switching,4,273052,24687,582137,H706,32.726404,-97.368016,65.8,63.6,65.6
UP,0217FW006,2017-02-05,5:00 AM,Other impacts,0,FORT WORTH,TX,52,4,Dark,Clear,Yard,Freight Train,1,8805,2292,13764,M408,32.728093,-97.366263,49.7,61.7,72.1
ATK,156181,2018-11-07,1:45 PM,Hwy-rail crossing,0,FORT WORTH,TX,60,2,Day,Cloudy,Main,Passenger Train - Pulling,40,3566,0,33566,M308,32.698669,-97.342804,63.9,61.3,55.1
UP,0415FW021,2015-04-29,3:45 AM,Derailment,0,FORT WORTH,TX,48,4,Dark,Cloudy,Yard,Light loco(s),3,20576,152,20728,H303,32.727491,-97.365984,54.8,61.8,67.9
BNSF,RD0417114,2017-04-15,4:00 AM,Other impacts,0,FORT WORTH,TX,70,1,Dawn,Clear,Industry,Cut of cars,0,21956,500,26921,H307,32.819729,-97.33085,72.4,72.9,73.5
UP,0317FW039,2017-03-25,6:10 PM,Derailment,0,FORT WORTH,TX,70,2,Day,Clear,Main,Yard/switching,5,250511,1174,251685,H508,32.745138,-97.326286,70.8,63.2,68.6
UP,0217FW011,2017-02-07,1:50 PM,Other impacts,0,FORT WORTH,TX,79,2,Day,Clear,Yard,Yard/switching,0,38188,0,47069,S015,32.728093,-97.366263,72.1,69.8,59.4
UP,0317FW044,2017-03-30,6:50 PM,Other impacts,0,FORT WORTH,TX,77,2,Day,Clear,Yard,Yard/switching,4,110819,6728,260716,H307,32.714522,-97.397322,68.4,64.1,69.4
UP,0517FW027,2017-05-25,1:30 PM,Other impacts,0,FORT WORTH,TX,91,2,Day,Clear,Yard,Cut of cars,1,13528,0,27650,S007,32.725359,-97.370789,69.1,78.6,84.7
UP,1117FW039,2017-11-16,9:58 PM,Other (describe in narrative),0,FORT WORTH,TX,60,2,Day,Clear,Yard,Freight Train,0,78695,33,78728,M507,32.719347,-97.385975,70.8,67.4,75.5
UP,0217FW047,2017-02-16,2:35 PM,Other impacts,0,FORT WORTH,TX,68,2,Day,Clear,Yard,Yard/switching,4,13144,18556,41001,M407,32.728093,-97.366263,48.7,52.7,59.5
UP,0623TO010,2023-06-09,10:54 AM,Hwy-rail crossing,0,FORT WORTH,TX,83,2,Day,Clear,Main,Freight Train,15,28725,63185,91910,M302,32.73003,-97.364779,78.6,82.9,85.6
TRE,18007,2018-08-25,12:09 PM,Hwy-rail crossing,0,FORT WORTH,TX,97,2,Day,Clear,Main,Commuter Train - Pulling,75,210000,960,210960,M308,32.810828,-97.090454,89.7,88.5,87.9
UP,0515FW009,2015-05-16,10:20 AM,Fire/violent rupture,0,FORT WORTH,TX,78,2,Day,Cloudy,Yard,Single Car,0,24590,0,24590,E99C,32.767257,-97.323313,75.2,76.7,72.9
FWWR,19082201,2019-08-22,10:30 PM,Derailment,0,FORT WORTH,TX,87,4,Dark,Clear,Industry,Freight Train,6,33919,10000,43919,T111,32.786499,-97.34072,89.1,89,84.7
UP,1119TO023,2019-11-25,4:45 PM,Derailment,0,FORT WORTH,TX,73,2,Day,Cloudy,Yard,Yard/switching,7,6280,10075,16355,T316,32.717315,-97.391076,55,60.4,65.4
UP,0420TO006,2020-04-04,4:40 PM,Derailment,0,FORT WORTH,TX,47,2,Day,Cloudy,Yard,Yard/switching,7,13516,88791,102307,T111,32.726008,-97.369473,51.8,42.9,53.3
UP,0217FW017,2017-02-08,9:22 AM,Derailment,0,FORT WORTH,TX,65,2,Day,Clear,Yard,Yard/switching,2,10842,1228,26129,T210,32.728093,-97.366263,69.8,59.4,47.5
FWWR,20073001,2020-07-30,1:18 AM,Derailment,0,FORT WORTH,TX,80,4,Dark,Clear,Yard,Cut of cars,0,41,13745,14263,T311,32.772928,-97.32791,84.8,87.9,82.1
UP,1018FW005,2018-10-09,1:40 AM,Derailment,0,FORT WORTH,TX,77,4,Dark,Cloudy,Yard,Freight Train,5,236171,7514,243685,T207,32.72541,-97.371701,76.5,67.8,63.4
FWWR,20071701,2020-07-17,11:30 PM,Derailment,0,FORT WORTH,TX,85,4,Dark,Clear,Main,Freight Train,10,13503,12035,25538,T111,32.792359,-97.338529,88.3,88.3,85.4
UP,0217FW017,2017-02-08,9:22 AM,Derailment,0,FORT WORTH,TX,65,2,Day,Clear,Yard,Cut of cars,0,14059,0,26129,T210,32.728093,-97.366263,69.8,59.4,47.5
UP,0119TO015,2019-01-13,2:28 AM,Derailment,0,FORT WORTH,TX,38,4,Dark,Cloudy,Yard,Freight Train,6,9202,135180,144382,T202,32.714451,-97.398011,45.5,37.8,38.4
UP,1219TO028,2019-12-21,5:25 AM,Derailment,0,FORT WORTH,TX,52,1,Dawn,Fog,Industry,Freight Train,7,268561,2200,270761,T113,32.720066,-97.328183,44.8,47.7,44.8
UP,0720TO042,2020-07-30,1:18 AM,Derailment,0,FORT WORTH,TX,81,4,Dark,Cloudy,Yard,Yard/switching,3,477,0,14263,T311,32.772928,-97.32791,84.8,87.9,82.1
UP,1216FW008,2016-12-04,5:40 AM,Derailment,0,FORT WORTH,TX,48,1,Dawn,Clear,Yard,Light loco(s),5,2438,12749,15187,T112,32.711819,-97.326811,49.9,49.6,48.7
UP,0223TO003,2023-02-01,9:30 AM,Derailment,0,FORT WORTH,TX,28,2,Day,Rain,Yard,Yard/switching,5,63048,1210,64258,T207,32.724063,-97.375633,25.7,28,31.4
UP,0815FW015,2015-08-12,10:30 AM,Derailment,0,FORT WORTH,TX,90,2,Day,Clear,Yard,Light loco(s),10,23353,8350,31703,T403,32.726102,-97.369321,91.5,90.2,88.7
UP,1016FW015,2016-10-19,3:50 AM,Derailment,0,FORT WORTH,TX,74,4,Dark,Cloudy,Yard,Yard/switching,3,26972,10334,37306,T207,32.724579,-97.344223,81.3,80.7,71
UP,0216FW013,2016-02-20,3:00 AM,Derailment,0,FORT WORTH,TX,60,4,Dark,Cloudy,Yard,Yard/switching,7,8434,4873,13307,T403,32.725585,-97.369627,69.4,71,65.5
UP,0715FW010,2015-07-10,6:00 AM,Derailment,0,FORT WORTH,TX,76,1,Dawn,Clear,Yard,Yard/switching,7,4751,41443,46194,T207,32.727291,-97.366957,84.8,83.8,85.6
FWWR,24041101,2024-04-11,2:45 AM,Derailment,0,FORT WORTH,TX,64,4,Dark,Clear,Main,Freight Train,7,80000,20000,100000,T403,32.792083,-97.338736,59.8,59.7,63.9
UP,0418FW032,2018-04-21,7:17 PM,Derailment,0,FORT WORTH,TX,61,2,Day,Cloudy,Yard,Single Car,8,115316,4060,204219,T102,32.720924,-97.381134,61,60.9,59.3
UP,0222TO007,2022-02-08,12:20 PM,Derailment,0,FORT WORTH,TX,62,2,Day,Clear,Industry,Freight Train,5,32701,0,32701,T299,32.943943,-97.421201,44,50.1,52.1
BNSF,TX0515108,2015-05-25,3:45 AM,Derailment,0,FORT WORTH,TX,71,4,Dark,Clear,Yard,Yard/switching,4,219034,3000,222034,T202,32.819819,-97.327087,71.8,70.3,70
UP,1223TO019,2023-12-21,2:34 PM,Derailment,0,FORT WORTH,TX,60,2,Day,Rain,Yard,Freight Train,7,19525,69022,88547,T403,32.714909,-97.395691,55.3,58.1,60.1
FWWR,23080601,2023-08-06,9:20 AM,Derailment,0,FORT WORTH,TX,92,2,Day,Clear,Yard,Yard/switching,9,1331,13350,14681,T110,32.808504,-97.319463,95.5,94.1,94.5