reportingrailroadcode,accidentnumber,date,time,accidenttype,hazmatreleasedcars,station,stateabbr,temperature,visibility_code,visibility,weathercondition,tracktype,equipmenttype,trainspeed,equipmentdamagecost,trackdamagecost,totaldamagecost,primaryaccidentcausecode,latitude,longitude,prior_temp,actual_temp,following_temp
UP,0723TO033,2023-07-19,4:00 PM,Derailment,0,FORT WORTH,TX,106,2,Day,Cloudy,Yard,Yard/switching,2,14461,57900,72361,T317,32.729222,-97.364345,95.9,94.7,93.1
UP,0418FW032,2018-04-21,7:17 PM,Derailment,0,FORT WORTH,TX,61,2,Day,Cloudy,Yard,Yard/switching,6,84843,0,204219,T102,32.720924,-97.381134,61,60.9,59.3
UP,0417FW013,2017-04-11,8:40 PM,Derailment,0,FORT WORTH,TX,72,2,Day,Cloudy,Yard,Yard/switching,5,406,12470,12876,T102,32.730079,-97.364628,71.4,67.7,68.1
FWWR,15031701,2015-03-17,2:10 AM,Derailment,0,FORT WORTH,TX,70,4,Dark,Clear,Main,Freight Train,11,85574,50000,135574,T210,32.461422,-97.203778,65,70.8,60.4
UP,0816FW018,2016-08-20,9:00 AM,Derailment,0,FORT WORTH,TX,75,2,Day,Cloudy,Yard,Yard/switching,4,15581,39678,55259,T103,32.71804,-97.385657,76.4,77.5,80.6
UP,0624TO038,2024-06-29,10:55 AM,Derailment,0,FORT WORTH,TX,89,2,Day,Cloudy,Yard,Freight Train,6,75759,3100,78859,T303,32.73006,-97.364037,90.1,89.2,89.8
UP,1121TO007,2021-11-11,10:30 AM,Derailment,0,FORT WORTH,TX,61,2,Day,Clear,Yard,Yard/switching,9,10776,51450,62226,T314,32.73046,-97.362903,67.2,58.4,54.5
FWWR,16052701,2016-05-27,8:55 AM,Derailment,0,FORT WORTH,TX,75,2,Day,Rain,Yard,Yard/switching,0,12167,0,12167,T001,32.725277,-97.302555,78.3,71.9,76.2
FWWR,24051201,2024-05-12,4:30 AM,Derailment,0,FORT WORTH,TX,75,4,Dark,Cloudy,Yard,Yard/switching,3,10000,15160,25160,T319,32.808949,-97.318201,71.9,65.6,71.7
BNSF,RD0620118,2020-06-22,12:15 AM,Derailment,0,FORT WORTH,TX,80,4,Dark,Cloudy,Yard,Light loco(s),10,20000,79897,99897,T311,32.832661,-97.338972,78,79.8,75.7
UP,1023TO022,2023-10-22,8:10 AM,Derailment,0,FORT WORTH,TX,64,2,Day,Clear,Main,Freight Train,10,62123,194551,256674,T403,32.745041,-97.324763,75.2,75.5,74.6
UP,0817FW042,2017-08-27,1:10 AM,Derailment,0,FORT WORTH,TX,84,4,Dark,Cloudy,Yard,Yard/switching,6,1624,15815,17439,T205,32.718247,-97.389136,77.8,76.8,79.1
FWWR,21010801,2021-01-08,6:20 AM,Derailment,0,FORT WORTH,TX,49,4,Dark,Cloudy,Yard,Yard/switching,6,9118,8417,17535,T210,32.769595,-97.3251,46.6,43.8,38.8
FWWR,21032601,2021-03-26,8:45 PM,Derailment,0,FORT WORTH,TX,61,4,Dark,Clear,Yard,Yard/switching,6,3376,9711,13087,T102,32.781704,-97.33448,57.3,63.3,69.7
NS,118240,2015-11-17,5:35 AM,Derailment,0,FORTSON,GA,60,1,Dawn,Clear,Industry,Freight Train,4,51200,0,51200,T210,32.590817,-84.945626,58.5,64.4,70
CSX,000208040,2022-10-27,9:16 AM,Hwy-rail crossing,0,FORTVILLE,IN,39,2,Day,Clear,Main,Freight Train,40,15314,2447,17761,M308,39.916718,-85.881137,50.4,43.2,48.7
CSX,000155069,2015-12-10,9:31 AM,Derailment,0,FOSTORIA,OH,50,2,Day,Clear,Main,Freight Train,6,9862,14738,24600,E67C,41.143666,-83.350327,44.4,47.9,50.6
NS,132285,2019-01-03,10:15 PM,Other (describe in narrative),0,FOSTORIA,OH,32,4,Dark,Clear,Main,Freight Train,6,9400,1393,10793,H702,41.171685,-83.356644,35.3,33.1,37.9
CSX,000159124,2016-04-18,6:15 AM,Derailment,0,FOSTORIA,OH,60,1,Dawn,Clear,Main,Freight Train,9,253039,92849,345888,E09C,41.151208,-83.402831,61.5,65.7,56.1
NS,140070,2020-12-21,2:45 AM,Derailment,0,FOSTORIA,OH,30,4,Dark,Clear,Yard,Yard/switching,9,123390,980,124370,M404,41.165671,-83.373853,37.6,38,38.3
CSX,000156748,2016-02-02,11:20 PM,Derailment,0,FOSTORIA,OH,29,4,Dark,Clear,Industry,Freight Train,6,22003,15000,37003,T205,41.152943,-83.414598,39.7,38.2,49.1
NS,140204,2021-01-08,4:30 AM,Derailment,0,FOSTORIA,OH,24,1,Dawn,Clear,Yard,Yard/switching,5,20000,9634,29634,T317,41.171685,-83.356644,34.9,31,31.1
BNSF,PR0815106,2015-08-10,12:50 AM,Derailment,0,FOUNTAIN,CO,68,4,Dark,Rain,Main,Freight Train,40,1751,2138987,2140738,E65C,38.536808,-104.639314,71.7,66.7,67.4
AGR,AGR440919,2019-07-02,3:00 PM,Derailment,0,FOUNTAIN,AL,91,2,Day,Clear,Yard,Yard/switching,6,38000,8000,46000,T101,31.582036,-87.470077,84.1,83.7,81.7
NS,116267,2015-06-26,9:45 PM,Other impacts,0,FOUNTAIN HILL,PA,72,4,Dark,Clear,Yard,Freight Train,0,19900,0,22588,H305,40.611937,-75.426702,69.2,71.7,64.4
NS,118658,2015-12-22,11:45 AM,Derailment,0,FOUNTAIN HILL,PA,46,2,Day,Rain,Main,Yard/switching,4,24700,33500,58200,S011,40.611937,-75.426702,39.9,49.1,55.5
NS,120304,2016-04-29,12:54 AM,Derailment,0,FOUNTAIN HILL,PA,46,4,Dark,Clear,Yard,Yard/switching,1,47850,2000,49850,E85C,40.611937,-75.426702,48.3,48.1,51.4
NS,125510,2017-06-20,2:00 PM,Derailment,0,FOUNTAIN HILL,PA,80,2,Day,Clear,Yard,Yard/switching,4,26894,1873,28767,H306,40.61193,-75.426706,78,74.8,71.5
NS,116302,2015-06-29,7:14 PM,Derailment,0,FOUNTAIN HILL,PA,70,3,Dusk,Clear,Yard,Yard/switching,4,35016,2500,37516,M411,40.611937,-75.426702,65.1,68.2,70.3
NS,116283,2015-06-28,1:55 AM,Derailment,0,FOUNTAIN HILL,PA,58,4,Dark,Rain,Yard,Yard/switching,4,7703,13295,20998,M201,40.611937,-75.426702,64.4,65.1,68.2
NS,120740,2016-06-04,9:30 PM,Derailment,0,FOUNTAIN HILL,PA,68,4,Dark,Clear,Yard,Yard/switching,2,855,11246,12101,E04C,40.611937,-75.426702,68.8,75.1,70.5
NS,113218,2014-11-30,12:12 AM,Derailment,0,FOUNTAIN HILL,PA,30,4,Dark,Clear,Yard,Yard/switching,8,19000,1500,20500,H018,40.611937,-75.426702,26.1,35.5,42.6
NS,116267,2015-06-26,9:45 PM,Other impacts,0,FOUNTAIN HILL,PA,72,4,Dark,Clear,Yard,Yard/switching,7,1938,750,22588,H305,40.611937,-75.426702,69.2,71.7,64.4
NS,125268,2017-05-23,5:13 AM,Other impacts,0,FOUNTAIN HILL,PA,55,1,Dawn,Clear,Yard,Yard/switching,3,18000,0,18000,E29C,40.61193,-75.426706,58.2,60.6,62.9
NS,120883,2016-06-15,1:01 PM,Derailment,0,FOUNTAIN HILL,PA,83,2,Day,Clear,Yard,Yard/switching,0,12893,15258,28151,H702,40.61193,-75.426706,67.6,69.5,67.7
NS,118326,2015-11-23,2:20 AM,Derailment,0,FOUNTAIN HILL,PA,33,4,Dark,Clear,Yard,Yard/switching,10,50500,500,51000,T207,40.611937,-75.426702,44,33.2,35.8
CPDR,CPD025617,2017-03-31,1:20 PM,Other (describe in narrative),0,FOUNTAIN INN,SC,72,2,Day,Clear,Main,Freight Train,22,41500,400,41900,E29C,34.694592,-82.225163,63.8,65.9,63.2
CSX,000199597,2021-08-19,8:04 AM,Derailment,0,FOUNTAINTOWN,IN,72,2,Day,Cloudy,Main,Freight Train,36,669034,66610,735644,T210,39.697959,-85.786981,77.2,77.8,77.2
EWG,EWG201607,2016-09-13,1:30 PM,Derailment,0,FOUR LAKES,WA,80,2,Day,Clear,Industry,Freight Train,8,15700,500,16200,H303,47.567108,-117.600629,54.9,55.4,59.2
BNSF,TC1116109,2016-11-18,11:30 AM,Rear end collision,0,FOXBORO,WI,30,2,Day,Sleet,Main,Work train,0,500,0,450500,H997,46.505671,-92.232831,44.6,34.7,25.4
BNSF,TC1116109,2016-11-18,11:30 AM,Rear end collision,0,FOXBORO,WI,30,2,Day,Sleet,Main,Spec. MoW Equip.,8,450000,0,450500,H997,46.505671,-92.232831,44.6,34.7,25.4
BNSF,HL1023105,2023-10-05,10:40 AM,Other (describe in narrative),0,FOYIL,OK,75,2,Day,Clear,Main,Freight Train,30,73696,74925,148621,E20C,36.452252,-95.504461,72.8,70.3,57.3
CSX,000163594,2016-10-17,12:56 AM,Derailment,0,FRAMINGHAM,MA,50,4,Dark,Clear,Yard,Freight Train,7,37213,901,38114,H503,42.278197,-71.411043,54.4,66.6,62.3
MBTA,7018,2016-06-05,9:00 AM,Other (describe in narrative),0,FRAMINGHAM,MA,65,2,Day,Clear,Main,Spec. MoW Equip.,5,0,24167,24167,H999,42.275071,-71.425558,69.4,64.8,72.7
CSX,000156883,2016-02-06,12:36 AM,Derailment,0,FRAMINGHAM,MA,20,4,Dark,Clear,Yard,Freight Train,4,27300,628,27928,H702,42.277021,-71.416601,32.1,25.1,32
CSX,000215807,2024-01-29,11:11 PM,Derailment,0,FRAMINGHAM,MA,34,4,Dark,Cloudy,Yard,Freight Train,4,46465,277,46742,T206,42.278175,-71.411035,35.9,34.6,29.2
MBTA,YR202130,2021-04-22,8:35 PM,Derailment,0,FRAMINGHAM,MA,42,3,Dusk,Clear,Yard,Freight Train,0,0,47344,50094,T314,42.278197,-71.411043,54.8,39.4,48.4
CSX,000197196,2021-04-22,8:35 PM,Derailment,0,FRAMINGHAM,MA,42,3,Dusk,Clear,Yard,Yard/switching,2,2500,250,50094,T314,42.278197,-71.411043,54.8,39.4,48.4
BNSF,RD0220204,2020-02-15,12:20 AM,Hwy-rail crossing,0,FRANCIS,OK,36,4,Dark,Cloudy,Main,Freight Train,27,1000,10000,11000,M302,34.832357,-96.622358,33.2,45.3,49.1
NS,143008,2021-09-30,10:35 AM,Other (describe in narrative),0,FRANKFORT,IN,58,2,Day,Clear,Yard,Yard/switching,3,3367,13163,16530,H702,40.282548,-86.518734,67.9,68.4,66
NS,117814,2015-10-16,9:30 PM,Derailment,0,FRANKFORT,IN,40,4,Dark,Clear,Yard,Yard/switching,3,23012,300,23312,H704,40.282476,-86.52475,53.2,47.1,39.5
NS,122943,2016-11-29,12:30 AM,Derailment,0,FRANKFORT,IN,48,4,Dark,Clear,Industry,Yard/switching,7,23000,0,23000,H021,40.297813,-86.575128,48.8,53,42.9
NS,137025,2020-02-02,4:15 PM,Other (describe in narrative),0,FRANKFORT,IN,48,3,Dusk,Clear,Main,Freight Train,5,39419,8643,48062,M405,40.282467,-86.546804,36.2,45.9,48.2
NS,130170,2018-07-12,9:15 AM,Derailment,0,FRANKFORT,IN,84,2,Day,Clear,Yard,Freight Train,9,24000,100,24100,T311,40.282313,-86.543136,74.7,73,75.2
CSX,000182099,2019-04-01,12:25 PM,Hwy-rail crossing,0,FRANKLIN,IN,45,2,Day,Clear,Main,Freight Train,40,16465,0,19465,M304,39.5207,-86.0665,31.4,34.9,44.7
CSX,000181156,2019-02-03,12:45 PM,Hwy-rail crossing,0,FRANKLIN,TN,60,2,Day,Clear,Main,Freight Train,43,95335,19960,115295,M302,35.905378,-86.744236,50.5,52.4,57.2
NS,136917,2020-01-23,9:50 AM,Derailment,0,FRANKLIN,PA,20,2,Day,Clear,Main,Freight Train,27,34284,5736,40020,E29C,40.377584,-78.848974,19.8,28.4,36.7
LIRC,0401201901,2019-04-01,12:25 PM,Hwy-rail crossing,0,FRANKLIN,IN,45,2,Day,Clear,Main,,0,0,3000,19465,M304,39.5207,-86.0665,31.4,34.9,44.7
CSX,000173576,2017-12-20,10:10 AM,Raking collision,0,FRANKLIN,KY,50,2,Day,Rain,Main,Freight Train,7,11039,0,19426,H302,36.787002,-86.558191,47.8,47.8,47.1
NS,130823,2018-09-04,7:49 PM,Derailment,0,FRANKLIN,PA,72,3,Dusk,Clear,Main,Freight Train,35,2864,67109,69973,E53C,40.34129,-78.89095,74.4,76,78.2
CSX,000173576,2017-12-20,10:10 AM,Raking collision,0,FRANKLIN,KY,50,2,Day,Rain,Main,Cut of cars,0,8387,0,19426,H302,36.787002,-86.558191,47.8,47.8,47.1
WNYP,201445,2014-12-03,5:55 PM,Derailment,0,FRANKLIN,PA,20,4,Dark,Clear,Siding,Freight Train,3,0,15644,15644,T110,41.40257,-79.8289,27.1,34.2,28.5
CSX,000161996,2016-08-09,9:05 AM,Derailment,0,FRANKLIN  CP,VA,88,2,Day,Clear,Siding,Freight Train,20,105000,94574,228262,T207,36.681461,-76.914236,69.8,70.3,77.6
CSX,000161996,2016-08-09,9:05 AM,Derailment,0,FRANKLIN  CP,VA,88,2,Day,Clear,Siding,Cut of cars,0,28688,0,228262,T207,36.681461,-76.914236,69.8,70.3,77.6
UP,0124PR011,2024-01-15,3:19 PM,Hwy-rail crossing,0,FRANKLIN GROVE,IL,-1,2,Day,Clear,Main,Freight Train,30,7207,106875,114082,M303,41.848214,-89.278354,-11,-9.4,-5.3
CP,1000218394,2015-06-02,10:15 AM,Other impacts,0,FRANKLIN PARK,IL,75,2,Day,Clear,Yard,Yard/switching,5,0,100,10984,E39C,41.94429,-87.89079,51.7,57.4,64
IHB,2789,2022-10-13,11:45 AM,Derailment,0,FRANKLIN PARK,IL,57,2,Day,Clear,Yard,Yard/switching,4,500,675,37815,H312,41.919373,-87.860019,58.8,46.7,46.7
NIRC,2021072023,2021-01-01,12:46 PM,Hwy-rail crossing,0,FRANKLIN PARK,IL,20,2,Day,Snow,Main,Commuter Train - Pushing,40,12594,0,12594,M310,41.93346,-87.85141,24.8,29.8,32
CP,1000299049,2015-11-08,10:00 PM,Derailment,0,FRANKLIN PARK,IL,36,4,Dark,Clear,Yard,Freight Train,2,42387,4303,46690,H701,41.937931,-87.871873,43.3,41,43.1
CP,1000649741,2017-11-07,8:30 PM,Derailment,0,FRANKLIN PARK,IL,34,4,Dark,Clear,Yard,Freight Train,6,31534,5620,37154,T207,41.952715,-87.919801,38.8,39.2,37.2
CRSH,133087,2019-03-05,9:55 AM,Hwy-rail crossing,0,FRANKLINVILLE,NJ,34,2,Day,Clear,Main,Spec. MoW Equip.,10,34368,0,34368,M302,39.618221,-75.082087,34.8,27.9,23.7
BNSF,PR1214100,2014-12-07,9:40 AM,Derailment,0,FRANNIE,WY,27,2,Day,Clear,Main,Freight Train,25,11250,250,11500,E06C,44.970332,-108.622733,29.8,32.3,29.9
BNSF,PR0618108,2018-06-15,7:05 PM,Derailment,0,FRANNIE,WY,55,3,Dusk,Clear,Yard,Freight Train,2,1800,31000,32800,H303,44.969581,-108.623053,69.2,56.2,56.8
BNSF,PR0524103,2024-05-08,5:14 AM,Derailment,0,FRANNIE,WY,33,1,Dawn,Snow,Yard,Freight Train,8,34354,50266,84620,H607,44.97542,-108.622699,45.3,38.1,47.3
BNSF,PR0817104,2017-08-05,7:55 PM,Derailment,0,FRANNIE,WY,76,3,Dusk,Clear,Yard,Freight Train,2,19345,5000,24345,H008,44.972644,-108.622169,69.3,63.5,61.4
BNSF,PR0824102,2024-08-09,3:46 PM,Derailment,0,FRANNIE,WY,70,2,Day,Clear,Industry,Freight Train,1,13165,0,13165,H307,44.998498,-108.626574,59.9,62.2,62.1
BNSF,TC0222108,2022-02-17,8:55 AM,Derailment,0,FRAZEE,MN,-15,1,Dawn,Cloudy,Main,Freight Train,59,1603343,347989,2317435,T221,46.745069,-95.749155,8.9,-7.8,5.1
BNSF,TC0222108,2022-02-17,8:55 AM,Derailment,0,FRAZEE,MN,-15,1,Dawn,Cloudy,Main,Freight Train,0,366103,0,2317435,T221,46.745069,-95.749155,8.9,-7.8,5.1
CSX,000179289,2018-10-12,4:00 PM,Derailment,0,FREDERICKSBURG,VA,60,2,Day,Clear,Main,Freight Train,50,38699,26639,65338,E53C,38.351141,-77.413167,74.6,59.7,53.5
CSX,000219452,2024-07-20,9:00 PM,Derailment,0,FREDERICKSBURG,VA,83,3,Dusk,Clear,Yard,Freight Train,20,105978,0,105978,H008,38.29419,-77.460946,77.4,73.8,78
CSX,000169610,2017-06-13,1:10 PM,Derailment,0,FREDERICKSBURG,VA,95,2,Day,Clear,Main,Freight Train,8,32309,35600,67909,T403,38.286517,-77.435695,81.4,81.3,78.8
NS,128728,2018-03-06,10:34 AM,Hwy-rail crossing,0,FREDERICKTOWN,PA,42,2,Day,Cloudy,Main,Freight Train,36,5000,13961,18961,M302,40.015668,-79.97695,30.6,38.1,35
DMVW,FRED218,2016-02-18,11:25 PM,Hwy-rail crossing,0,FREDONIA,ND,30,4,Dark,Fog,Main,Freight Train,10,26298,0,26298,M306,46.326593,-99.100262,24.4,31.7,38.8
SKOL,231031007,2023-10-31,11:10 PM,Derailment,0,FREDONIA,KS,43,4,Dark,Clear,Main,Freight Train,23,376796,40420,417216,T202,37.484091,-95.809864,34.6,32,34.6
UP,0822GC012,2022-08-13,6:30 AM,Derailment,0,FREEPORT,TX,79,1,Dawn,Clear,Industry,Yard/switching,4,31838,99,31937,H307,28.985821,-95.353212,82.2,81.6,82.5
RASX,01,2018-10-16,7:12 AM,Derailment,0,FREEPORT,TX,85,1,Dawn,Clear,Yard,Yard/switching,0,220000,33000,253000,H020,28.950549,-95.322733,69,60.5,62.3
UP,0522GC040,2022-05-28,12:30 AM,Other (describe in narrative),0,FREEPORT,TX,77,4,Dark,Clear,Yard,Yard/switching,4,16392,850,17242,E29C,28.965702,-95.348976,81.5,81,82.4
UP,0820GC003,2020-08-01,3:45 AM,Derailment,0,FREEPORT,TX,81,4,Dark,Clear,Yard,Yard/switching,4,9435,7650,17085,H318,28.960229,-95.351025,84,79.1,82
CC,858570,2015-07-12,2:50 AM,Derailment,0,FREEPORT,IL,75,4,Dark,Clear,Yard,Freight Train,8,10375,14794,25169,H511,42.305127,-89.638278,65.6,72.5,77.1
UP,0917HO028,2017-09-28,7:00 PM,Derailment,0,FREEPORT,TX,86,4,Dark,Clear,Industry,Freight Train,5,37516,1481,38997,T106,28.97935,-95.340147,81.6,80.6,82.1
UP,0220GC024,2020-02-20,3:41 AM,Derailment,0,FREEPORT,TX,55,4,Dark,Cloudy,Industry,Yard/switching,10,79390,117264,196654,T208,29.000134,-95.359611,62.5,52,48.4
WATX,230721005,2023-07-21,8:29 PM,Derailment,0,FREEPORT,TX,89,4,Dark,Clear,Industry,Yard/switching,4,20000,30000,50000,T108,28.991035,-95.382001,85,85,86.2
BNSF,NE0816101,2016-08-09,7:36 AM,Other impacts,0,FREMONT,NE,81,1,Dawn,Clear,Yard,Yard/switching,8,1665,0,19374,H318,41.429913,-96.501767,70.6,79,82.9
BNSF,NE0816101,2016-08-09,7:36 AM,Other impacts,0,FREMONT,NE,81,1,Dawn,Clear,Yard,Cut of cars,0,17709,0,19374,H318,41.429913,-96.501767,70.6,79,82.9
NS,113208,2014-11-28,9:04 AM,Derailment,0,FREMONT,OH,25,2,Day,Clear,Industry,Freight Train,6,8700,11138,19838,M101,41.356054,-83.108558,31.9,25.1,40.6
NS,120942,2016-06-20,7:20 AM,Other (describe in narrative),0,FREMONT,OH,75,1,Dawn,Clear,Main,Freight Train,11,13386,14081,27467,E29C,41.348488,-83.11322,79.9,83.2,76.4
UP,0119GP017,2019-01-08,6:32 AM,Derailment,0,FREMONT,NE,36,1,Dawn,Clear,Main,Freight Train,40,1018913,1080780,2099693,E53C,41.38178,-96.432135,45,39.2,28.3
BNSF,NE0715100,2015-07-03,3:30 PM,Derailment,0,FREMONT,NE,88,2,Day,Clear,Main,Freight Train,18,37500,3700,41200,E24C,41.493888,-96.465968,66.6,69.6,72.6
BNSF,TC0822105,2022-08-08,10:42 AM,Derailment,0,FREMONT,NE,68,2,Day,Cloudy,Yard,,0,0,28000,46127,E46C,41.430946,-96.504134,80.6,72.2,73.4
NS,117239,2015-09-03,11:10 PM,Derailment,0,FREMONT,OH,69,4,Dark,Rain,Yard,Freight Train,6,42860,7200,50060,H702,41.353903,-83.110903,77,78.3,73.8
BNSF,TC0418113,2018-04-23,4:55 PM,Derailment,0,FREMONT,NE,55,2,Day,Clear,Siding,Freight Train,4,1707,32000,33707,H307,41.47585,-96.484855,53.9,57.1,53.3
BNSF,TC0916104,2016-09-06,3:35 PM,Derailment,0,FREMONT,NE,91,2,Day,Clear,Industry,Freight Train,4,58595,6000,64595,E4BC,41.465235,-96.492555,79.2,78.8,73.4
UP,0320GL002,2020-03-05,12:00 PM,Fire/violent rupture,0,FREMONT,NE,51,2,Day,Clear,Main,Freight Train,0,326281,0,326281,E79L,41.427774,-96.451961,47.8,44.5,39
UP,0216CB017,2016-02-24,12:30 AM,Derailment,0,FREMONT,NE,35,4,Dark,Clear,Yard,Yard/switching,7,34495,41742,76237,M506,41.428466,-96.494457,37.6,32.2,32.1
UP,0422GL005,2022-04-04,5:20 PM,Derailment,0,FREMONT,NE,59,2,Day,Clear,Main,Freight Train,34,5108,465450,470558,E53C,41.447236,-96.558772,51.3,43.9,50.2
UP,0321GL024,2021-03-25,4:52 PM,Hwy-rail crossing,0,FREMONT,NE,49,2,Day,Cloudy,Main,Freight Train,20,287,86812,87099,M303,41.427793,-96.492536,43.3,42.7,44.4
UP,0921GL007,2021-09-07,12:01 PM,Hwy-rail crossing,0,FREMONT,NE,79,2,Day,Clear,Main,Freight Train,22,19459,427505,446964,M302,41.440401,-96.367415,76,73.8,67.2
BNSF,NE1214112,2014-12-24,12:39 PM,Derailment,0,FREMONT,NE,31,2,Day,Cloudy,Yard,Freight Train,8,92476,163666,256142,T221,41.427699,-96.495415,35.2,31.3,36.7
UP,0815CB009,2015-08-14,1:25 PM,Derailment,0,FREMONT,NE,90,2,Day,Clear,Main,Freight Train,19,346160,193081,539241,T001,41.427645,-96.491868,78.1,79.1,78.2
UP,0219GP017,2019-02-08,11:44 PM,Derailment,0,FREMONT,NE,11,4,Dark,Cloudy,Main,Freight Train,20,389997,355418,745415,T207,41.426504,-96.488055,7.3,6.4,20.9
UP,0424GL017,2024-04-15,12:35 PM,Derailment,0,FREMONT,NE,74,2,Day,Clear,Main,Freight Train,18,5132,9086,14218,T314,41.426938,-96.489495,70.2,69.5,63.7
UP,0321GL016,2021-03-16,1:20 PM,Derailment,0,FREMONT,NE,41,2,Day,Cloudy,Yard,Yard/switching,5,14078,2760,16838,T102,41.426737,-96.48578,39.4,40.3,36.8
UP,1020GL038,2020-10-28,1:05 AM,Derailment,0,FREMONT,NE,31,4,Dark,Clear,Yard,Freight Train,8,266496,83522,350018,T206,41.425104,-96.471299,31.3,40.4,38.7
UP,0722GL027,2022-07-26,11:20 AM,Derailment,0,FREMONT,NE,74,2,Day,Cloudy,Yard,Yard/switching,8,14735,0,14735,T111,41.430759,-96.503987,71.8,74.4,77.5
BNSF,TC0316106,2016-03-25,4:22 AM,Other (describe in narrative),0,FRIDLEY,MN,30,1,Dawn,Clear,Yard,Yard/switching,5,15000,0,15000,M407,45.04667,-93.273686,36.1,38.7,43.8
BNSF,TC1120105,2020-11-12,5:50 AM,Derailment,0,FRIDLEY,MN,20,1,Dawn,Clear,Yard,Yard/switching,2,14382,25000,39382,H599,45.046268,-93.273024,29,27.2,25.1
BNSF,TC1017118,2017-10-20,5:00 AM,Derailment,0,FRIDLEY,MN,60,1,Dawn,Clear,Yard,Yard/switching,6,1279,16000,17279,M411,45.040454,-93.273082,56.3,64.1,62.4
BNSF,TC0118114,2018-01-24,2:20 AM,Derailment,0,FRIDLEY,MN,25,4,Dark,Clear,Yard,Light loco(s),5,0,20049,20049,H704,45.051047,-93.272169,20.6,20.2,25.4
BNSF,TC0818104,2018-08-18,4:06 AM,Other impacts,0,FRIDLEY,MN,68,1,Dawn,Clear,Yard,Yard/switching,8,28686,0,28686,M411,45.040362,-93.271984,74,73,75.3
BNSF,TC0416103,2016-04-09,1:15 PM,Derailment,0,FRIDLEY,MN,40,2,Day,Clear,Yard,Yard/switching,4,17789,6800,24589,M405,45.044198,-93.27116,32.1,31,46
BNSF,TC0416104,2016-04-11,11:25 AM,Derailment,0,FRIDLEY,MN,40,2,Day,Clear,Yard,Yard/switching,4,12500,62671,75171,H506,45.040589,-93.270232,46,36.4,37.4
BNSF,TC1222106,2022-12-05,5:30 PM,Derailment,0,FRIDLEY,MN,20,3,Dusk,Cloudy,Yard,Yard/switching,2,83676,130000,213676,M599,45.047401,-93.272915,22.3,26.2,17.8
BNSF,TC0123107,2023-01-13,4:01 PM,Derailment,0,FRIDLEY,MN,19,2,Day,Cloudy,Yard,Freight Train,8,22627,6000,28627,H519,45.049242,-93.272972,24.1,18.6,23.3
BNSF,TC0616111,2016-06-14,9:45 PM,Derailment,0,FRIDLEY,MN,75,4,Dark,Rain,Yard,Light loco(s),5,500,12844,13344,S104,45.043033,-93.271994,69.4,67.3,68.6
BNSF,TC0522102,2022-05-05,2:30 AM,Derailment,0,FRIDLEY,MN,47,4,Dark,Clear,Yard,Yard/switching,10,750,21217,21967,M411,45.039074,-93.272895,52.1,54.9,58.3
BNSF,TC0815113,2015-08-11,3:00 AM,Derailment,0,FRIDLEY,MN,65,4,Dark,Clear,Yard,Light loco(s),5,12500,42471,54971,H704,45.048129,-93.273561,73.7,72.2,74.2
BNSF,TC0915111,2015-09-20,9:00 PM,Other impacts,0,FRIDLEY,MN,64,4,Dark,Clear,Yard,Yard/switching,8,30500,0,30500,M411,45.040304,-93.273555,58.9,60.2,68.8
BNSF,TC1019116,2019-10-25,9:33 AM,Derailment,0,FRIDLEY,MN,50,2,Day,Clear,Yard,Yard/switching,5,14540,3500,18040,M411,45.038903,-93.272255,37.4,41.4,46.5
BNSF,TC0919106,2019-09-14,6:19 AM,Derailment,0,FRIDLEY,MN,60,1,Dawn,Clear,Yard,Freight Train,4,9266,32972,42238,H599,45.043898,-93.272659,58.8,61.4,68.2
BNSF,TC0917103,2017-09-17,6:00 AM,Derailment,0,FRIDLEY,MN,51,1,Dawn,Cloudy,Yard,Yard/switching,2,1335,12000,13335,M411,45.039558,-93.272998,70.5,56.7,55.5
BNSF,TC1122115,2022-11-26,4:36 AM,Derailment,0,FRIDLEY,MN,40,1,Dawn,Cloudy,Yard,Yard/switching,4,67119,0,67119,E30C,45.050498,-93.272501,38.6,43.9,34
BNSF,TC0117129,2017-01-29,9:35 PM,Derailment,0,FRIDLEY,MN,20,4,Dark,Clear,Yard,Yard/switching,5,2554,8500,11054,M411,45.040289,-93.273566,25.7,23.8,28.5
BNSF,TC1117110,2017-11-20,9:45 AM,Other impacts,0,FRIDLEY,MN,45,2,Day,Cloudy,Yard,Freight Train,9,11026,0,11026,E30C,45.038168,-93.269846,27.4,37.9,26.6
BNSF,TC0715119,2015-07-30,9:24 AM,Other impacts,0,FRIDLEY,MN,80,2,Day,Clear,Yard,Yard/switching,2,13720,0,13720,M411,45.037053,-93.271567,75.2,76.3,75.3
BNSF,TC1116108,2016-11-26,7:30 PM,Other (describe in narrative),0,FRIDLEY,MN,40,3,Dusk,Rain,Yard,Light loco(s),4,0,35000,35000,H706,45.047041,-93.272332,34,34.1,34.6
BNSF,TC0319115,2019-03-13,3:20 PM,Derailment,0,FRIDLEY,MN,37,2,Day,Rain,Yard,Freight Train,4,35387,8000,43387,H702,45.058872,-93.271921,28.6,38.6,39.4
BNSF,TC1217110,2017-12-30,9:20 PM,Other impacts,0,FRIDLEY,MN,-11,4,Dark,Clear,Yard,Yard/switching,10,69270,6760,76030,M199,45.037871,-93.272139,-0.2,-10,-10.5