reportingrailroadcode,accidentnumber,date,time,accidenttype,hazmatreleasedcars,station,stateabbr,temperature,visibility_code,visibility,weathercondition,tracktype,equipmenttype,trainspeed,equipmentdamagecost,trackdamagecost,totaldamagecost,primaryaccidentcausecode,latitude,longitude,prior_temp,actual_temp,following_temp
BNSF,TC1220104,2020-12-27,12:40 PM,Derailment,0,FRIDLEY,MN,24,2,Day,Snow,Yard,Yard/switching,7,59417,9600,69017,S007,45.042941,-93.272576,17.8,20.9,15.2
BNSF,TC0117112,2017-01-11,9:29 PM,Derailment,0,FRIDLEY,MN,6,4,Dark,Clear,Yard,Yard/switching,4,2839,34803,37642,M411,45.039377,-93.271854,18.7,5.6,4.5
BNSF,TC0720106,2020-07-11,10:00 AM,Derailment,0,FRIDLEY,MN,85,2,Day,Clear,Yard,Freight Train,3,16011,10200,26211,H503,45.065812,-93.271387,75.6,74.8,74.4
BNSF,TC0216106,2016-02-10,3:40 PM,Derailment,0,FRIDLEY,MN,8,2,Day,Clear,Yard,Light loco(s),4,500,15133,15633,H307,45.04667,-93.273686,11,7.9,9.8
BNSF,TC0224103,2024-02-08,2:55 AM,Derailment,0,FRIDLEY,MN,39,4,Dark,Clear,Yard,Yard/switching,9,5180,31794,36974,M411,45.043532,-93.272657,45.3,43.7,30.8
BNSF,TC0723104,2023-07-14,2:09 AM,Derailment,0,FRIDLEY,MN,65,4,Dark,Clear,Yard,Yard/switching,5,32873,16821,49694,E39C,45.064514,-93.271235,74.4,75.4,71.8
BNSF,TC0616104,2016-06-11,11:30 AM,Other (describe in narrative),0,FRIDLEY,MN,75,2,Day,Clear,Yard,Yard/switching,10,15190,0,15190,S016,45.042873,-93.272574,78.8,80.1,71.5
BNSF,TC1115101,2015-11-07,12:05 AM,Derailment,0,FRIDLEY,MN,36,4,Dark,Clear,Yard,Light loco(s),6,500,18200,18700,H704,45.037887,-93.26978,43.7,41.7,50.6
BNSF,TC0921102,2021-09-09,9:30 AM,Derailment,0,FRIDLEY,MN,69,2,Day,Clear,Yard,Yard/switching,4,13342,20800,34142,S006,45.042505,-93.272519,65.4,64,67.9
BNSF,TC0716101,2016-07-04,11:40 PM,Other impacts,0,FRIDLEY,MN,70,4,Dark,Clear,Yard,Yard/switching,3,1000,17000,18000,M201,45.037604,-93.273437,70.8,71.5,74.8
BNSF,TC0124117,2024-01-28,7:45 AM,Derailment,0,FRIDLEY,MN,40,1,Dawn,Clear,Yard,Yard/switching,19,52034,0,52034,M407,45.036419,-93.271939,33.3,30.9,36.7
BNSF,TC0518103,2018-05-03,3:05 AM,Derailment,0,FRIDLEY,MN,59,4,Dark,Cloudy,Yard,Yard/switching,9,7281,6000,13281,M411,45.040232,-93.273102,57.5,63.5,66.5
BNSF,TC0216112,2016-02-25,7:15 AM,Other impacts,0,FRIDLEY,MN,38,1,Dawn,Cloudy,Yard,Light loco(s),0,4500,0,24589,H306,45.042334,-93.272688,35,29.4,32.9
BNSF,TC0216112,2016-02-25,7:15 AM,Other impacts,0,FRIDLEY,MN,38,1,Dawn,Cloudy,Yard,Light loco(s),10,20089,0,24589,H306,45.042334,-93.272688,35,29.4,32.9
BNSF,TC0717106,2017-07-12,3:30 AM,Derailment,0,FRIDLEY,MN,70,4,Dark,Clear,Yard,Yard/switching,7,709,13500,14209,M411,45.038245,-93.272654,75.4,76.7,63.7
BNSF,TC0217120,2017-02-20,1:06 PM,Other impacts,0,FRIDLEY,MN,60,2,Day,Rain,Yard,Yard/switching,6,18600,0,18600,M411,45.040729,-93.27271,48.5,58.5,45.7
BNSF,TC1120109,2020-11-24,3:50 AM,Other impacts,0,FRIDLEY,MN,35,4,Dark,Clear,Yard,Yard/switching,5,14837,0,14837,H316,45.041057,-93.272402,29.5,35.3,35.6
BNSF,TC1017107,2017-10-03,3:30 AM,Other (describe in narrative),0,FRIDLEY,MN,50,4,Dark,Clear,Yard,Yard/switching,5,18359,0,18359,M411,45.037317,-93.270605,61,61.6,50.9
BNSF,TC1115116,2015-11-11,5:30 PM,Other (describe in narrative),0,FRIDLEY,MN,52,2,Day,Rain,Yard,Yard/switching,5,11515,0,11515,M411,45.038513,-93.272873,51.2,47.5,41.9
BNSF,TC0915103,2015-09-11,9:25 PM,Derailment,0,FRIDLEY,MN,51,4,Dark,Clear,Yard,Freight Train,9,96496,268456,364952,T206,45.055543,-93.272988,63.5,56.1,57
BNSF,TC0419107,2019-04-15,11:45 PM,Derailment,0,FRIDLEY,MN,55,4,Dark,Clear,Yard,Yard/switching,4,37111,11000,48111,T207,45.049859,-93.273002,35.5,41.6,51.6
BNSF,TC0515114,2015-05-27,3:52 PM,Derailment,0,FRIDLEY,MN,75,2,Day,Clear,Yard,Freight Train,3,5333,8000,13333,T111,45.051113,-93.271424,57.3,68.4,73.3
BNSF,TC0616113,2016-06-16,3:15 PM,Derailment,0,FRIDLEY,MN,86,2,Day,Clear,Yard,Yard/switching,4,6539,15722,22261,T103,45.064014,-93.271104,68.6,70,74.1
UP,1222GL008,2022-12-08,4:40 PM,Derailment,0,FRIENDSHIP,WI,33,2,Day,Cloudy,Yard,Yard/switching,2,18686,2054,20740,H518,43.960426,-89.846562,29.2,27.3,30.8
UP,0621GL009,2021-06-07,8:17 PM,Derailment,0,FRIENDSHIP,WI,82,4,Dark,Clear,Yard,Freight Train,7,4102,9292,13394,T319,43.960426,-89.846562,79.4,78,80
UP,0921GL002,2021-09-03,5:36 PM,Derailment,0,FRIENDSHIP,WI,62,2,Day,Rain,Yard,Freight Train,9,142173,209264,351437,T210,43.960921,-89.848429,59.8,61.6,63.5
KCS,17041101,2017-04-11,10:08 AM,Derailment,0,FRIERSON,LA,68,2,Day,Cloudy,Industry,,0,0,35000,39500,H703,32.164213,-93.558137,70.8,67.5,69.6
WATX,170411001,2017-04-11,10:08 AM,Derailment,0,FRIERSON,LA,72,2,Day,Rain,Yard,Yard/switching,7,4500,0,39500,T319,32.164213,-93.558137,70.8,67.5,69.6
BNSF,KS1116204,2016-11-24,9:12 PM,Hwy-rail crossing,0,FRIONA,TX,45,4,Dark,Clear,Main,Freight Train,37,2500,16000,18500,M302,34.599387,-102.775851,43.1,45.9,39.3
BNSF,KS0423110,2023-04-18,8:24 PM,Derailment,0,FRIONA,TX,60,3,Dusk,Clear,Industry,Freight Train,3,10200,3000,13200,H307,34.640095,-102.705065,61,67.5,68.5
BNSF,KS0724205,2024-07-31,10:21 AM,Hwy-rail crossing,0,FRIONA,TX,86,2,Day,Clear,Main,Freight Train,46,5000,22000,27000,M302,34.595784,-102.781063,85.2,86,86.6
BNSF,KS0521106,2021-05-25,10:00 PM,Derailment,0,FRIONA,TX,65,4,Dark,Clear,Main,Freight Train,50,246756,853000,1099756,E62C,34.608273,-102.76306,73.4,72.8,74.5
BNSF,KS0720101,2020-07-05,3:40 PM,Derailment,0,FRIONA,TX,95,2,Day,Clear,Yard,Light loco(s),10,14438,200,14638,H307,34.686804,-102.602536,79.3,74.1,76.3
BNSF,KS0418106,2018-04-07,12:01 AM,Derailment,0,FRIONA,TX,27,4,Dark,Clear,Siding,Freight Train,23,4800,102589,107389,T207,34.687592,-102.601088,55.2,34.7,54.6
BNSF,TX0615118,2015-06-15,8:00 AM,Other (describe in narrative),0,FRISCO,TX,95,1,Dawn,Cloudy,Main,Spec. MoW Equip.,10,41347,0,41347,H997,33.1373,-96.836195,81.3,81.7,77.7
BNSF,RD0417119,2017-04-21,10:40 PM,Derailment,0,FRISCO,TX,60,4,Dark,Rain,Industry,Freight Train,3,28000,46300,74300,E04C,33.146591,-96.830983,74.9,73.9,57
BNSF,TX0515105,2015-05-17,6:29 PM,Derailment,0,FRISCO,TX,78,2,Day,Clear,Industry,Freight Train,5,20250,4000,24250,T110,33.139953,-96.834725,76.2,72.2,76.9
NS,154729,2023-11-08,4:45 AM,Derailment,0,FRONT ROYAL,VA,54,1,Dawn,Clear,Main,DMU,37,64164,0,64164,E53C,38.913499,-78.107979,65,54.1,55.7
NS,138084,2020-05-29,8:31 AM,Derailment,0,FRONT ROYAL,VA,75,2,Day,Clear,Main,Freight Train,32,715574,365893,1081467,E65C,38.915968,-78.112548,74.9,75.1,69.1
NS,140825,2021-03-04,1:00 PM,Derailment,0,FRONT ROYAL,VA,46,2,Day,Clear,Main,Freight Train,18,912753,274484,1187237,H503,38.941762,-78.191892,42.8,44.2,33.3
CSX,000213333,2023-09-05,3:14 PM,Hwy-rail crossing,0,FROSTPROOF,FL,92,2,Day,Cloudy,Main,,0,0,0,92606,M308,27.681144,-81.549787,79.6,80.7,81.7
ATK,176250,2023-09-05,3:12 PM,Hwy-rail crossing,0,FROSTPROOF,FL,91,2,Day,Clear,Main,Passenger Train - Pulling,78,92606,0,92606,M308,27.681144,-81.549787,79.6,80.7,81.7
CSX,000177030,2018-06-15,2:58 AM,Hwy-rail crossing,0,FROSTPROOF,FL,73,4,Dark,Clear,Main,Freight Train,39,27916,8430,36346,M308,27.73363,-81.582003,80,80,79.4
UP,0217DV001,2017-02-01,5:05 AM,Obstruction,0,FRUITA,CO,35,4,Dark,Clear,Main,Freight Train,47,13739,990,14729,M402,39.167082,-108.756947,33.1,35.7,34.7
CP,1000232529,2015-07-04,2:40 PM,Other impacts,0,FRUITLAND,IA,78,2,Day,Clear,Industry,Light loco(s),24,20000,100,78579,H017,41.33813,-91.12991,68,68.8,73
CP,1000232529,2015-07-04,2:40 PM,Other impacts,0,FRUITLAND,IA,78,2,Day,Clear,Industry,Light loco(s),0,58479,0,78579,H017,41.33813,-91.12991,68,68.8,73
CP,1000239033,2015-07-17,1:20 AM,Derailment,0,FRUITLAND,IA,74,4,Dark,Cloudy,Main,Freight Train,3,172746,13805,186551,H503,41.36539,-91.11581,72.1,82.1,82.1
CSX,000157219,2016-02-18,3:30 PM,Derailment,0,FT MEADE,FL,75,2,Day,Clear,Industry,Freight Train,8,28032,8096,36128,T110,27.668148,-81.818051,61.4,61.1,62.5
SGLR,SG202237,2022-07-05,11:21 AM,Hwy-rail crossing,0,FT MYERS,FL,90,2,Day,Clear,Main,Freight Train,17,131800,1800,133600,M304,26.644535,-81.857222,80.2,81.5,83.2
SCXF,20181004,2018-10-04,2:00 PM,Hwy-rail crossing,0,FT PIERCE,FL,86,2,Day,Clear,Main,Freight Train,36,15000,0,15225,M302,27.320232,-80.452725,80.4,80.5,81.7
FEC,X27100418,2018-10-04,2:00 PM,Hwy-rail crossing,0,FT PIERCE,FL,86,2,Day,Clear,Main,,0,0,225,15225,M302,27.320232,-80.452725,80.4,80.5,81.7
FEC,D157121514,2014-12-15,10:50 AM,Derailment,0,FT PIERCE,FL,68,2,Day,Clear,Yard,Yard/switching,9,40000,8294,48294,T212,27.440645,-80.322574,55.1,54.7,58.8
FEC,D90122122,2022-12-21,4:30 AM,Derailment,0,FT PIERCE,FL,65,4,Dark,Clear,Main,Freight Train,27,6000,16289,22289,E24C,27.527341,-80.355468,61,61.9,63.4
FEC,D50081624,2024-08-16,11:15 AM,Obstruction,0,FT PIERCE,FL,86,2,Day,Clear,Main,,0,0,250,24255,M402,27.303671,-80.20535,84.3,83.6,83.1
BLF,20245204,2024-08-16,11:15 AM,Obstruction,0,FT PIERCE,FL,86,2,Day,Clear,Main,Passenger Train - Pulling,70,24005,0,24255,M402,27.303671,-80.20535,84.3,83.6,83.1
FEC,D17040724,2024-04-07,9:45 PM,Obstruction,0,FT PIERCE,FL,72,4,Dark,Clear,Main,,0,0,250,21375,M402,27.38152,-80.296882,68.3,67.9,70.5
FEC,D26040621,2021-04-06,12:10 AM,Derailment,0,FT PIERCE,FL,64,4,Dark,Clear,Yard,Freight Train,8,9325,84639,93964,T111,27.421958,-80.316209,66.7,68.6,70.6
FEC,D31041722,2022-04-17,1:03 AM,Derailment,0,FT PIERCE,FL,68,4,Dark,Cloudy,Main,Freight Train,2,5654,406831,412485,T106,27.45454,-80.326656,78.7,79.6,77.9
DMVW,DE0215280,2015-02-10,3:30 PM,Derailment,0,FULLERTON,ND,25,2,Day,Clear,Industry,Cut of cars,2,65000,0,65000,H018,46.094238,-98.254298,17.9,25.4,6.5
DMVW,DE041719,2019-04-17,7:15 PM,Derailment,0,FULLERTON,ND,47,2,Day,Rain,Siding,Freight Train,8,77844,30736,108580,T001,46.094109,-98.252991,46.1,44.9,46.8
ATK,166874,2021-04-10,7:08 AM,Obstruction,0,FULTON,AR,55,2,Day,Clear,Main,Passenger Train - Pulling,61,13207,0,13207,M404,33.621586,-93.74157,67.5,61.4,64.4
CSX,000157178,2016-02-18,3:15 AM,Derailment,0,FULTON,NY,11,4,Dark,Clear,Industry,Freight Train,3,75810,2000,77810,M501,43.314549,-76.387707,31,15.2,25.3
IC,1014609,2019-10-03,4:45 PM,Derailment,0,FULTON,KY,52,2,Day,Clear,Yard,Yard/switching,4,10108,3000,13108,H020,36.503427,-88.888082,79.4,78.6,67.1
NS,142218,2021-07-15,12:45 PM,Hwy-rail crossing,0,FULTON,AL,92,2,Day,Clear,Main,Freight Train,35,14,25000,25014,M303,31.790076,-87.727547,80.5,81.4,77.7
KRR,KRR512217D,2017-12-11,8:15 AM,Derailment,0,FULTON,AR,43,2,Day,Clear,Main,Freight Train,10,230000,50000,280000,T220,33.642027,-93.885968,45.1,54.2,47.6
UP,0421MA049,2021-04-10,7:08 AM,Obstruction,0,FULTON,AR,53,1,Dawn,Clear,Main,,0,0,0,13207,M404,33.62361,-93.733119,67.5,61.4,64.4
NS,143058,2021-10-03,7:50 AM,Derailment,0,FULTON,AL,72,1,Dawn,Rain,Main,Freight Train,37,1373132,670815,2043947,T207,31.727637,-87.687982,73.9,74.1,74.9
KRR,KRR033116D,2016-07-19,2:05 PM,Derailment,0,FULTON,AR,98,2,Day,Clear,Main,Freight Train,8,20000,59600,79600,T109,33.666311,-93.729671,85.6,85.5,87.9
UP,0915PR015,2015-09-16,1:45 PM,Derailment,0,FULTON,IL,76,2,Day,Cloudy,Yard,Work train,7,4461,78808,83269,T314,41.836364,-90.17243,71.3,72.5,71.7
UP,0619MA029,2019-06-14,7:51 PM,Hwy-rail crossing,0,FULTS,IL,71,3,Dusk,Clear,Main,Freight Train,47,232665,775600,1008265,M302,38.162025,-90.210507,64.1,64.5,74.5
UP,1117SL015,2017-11-22,10:45 PM,Derailment,0,FULTS,IL,28,4,Dark,Cloudy,Main,Freight Train,50,16348,2747,19095,T201,38.172799,-90.225313,44.9,31.3,40.1
ATN,ATN171790,2017-07-12,4:50 PM,Derailment,0,GADSDEN,AL,0,2,Day,Clear,Main,Freight Train,3,40500,1500,42000,H506,34.005375,-85.987867,77.4,79.7,79.3
ATN,ATN202730,2020-02-25,10:46 PM,Derailment,0,GADSDEN,AL,55,4,Dark,Clear,Yard,Freight Train,8,256000,9000,265000,E40C,34.019758,-86.054231,46.4,52.4,43.3
NS,137314,2020-02-27,1:30 PM,Derailment,0,GADSDEN,AL,35,2,Day,Clear,Yard,Freight Train,9,35600,2927,38527,T110,34.025404,-86.054784,43.3,37.2,38.9
ATN,ATN181984,2018-01-24,1:15 AM,Derailment,0,GADSDEN,AL,38,4,Dark,Clear,Yard,Freight Train,7,50000,75000,125000,T399,0,0,46.7,36.9,37
NS,134273,2019-06-10,9:30 AM,Derailment,0,GADSDEN,AL,72,2,Day,Cloudy,Yard,Freight Train,8,98088,74435,172523,T110,34.024142,-86.059775,74.2,77,71.7
UP,0823LA036,2023-08-19,6:06 PM,Fire/violent rupture,0,GAGE,NM,93,3,Dusk,Clear,Main,Single Car,0,47973,0,47973,M406,32.226032,-108.123162,82.6,81.9,85.4
BNSF,KS0820104,2020-08-10,8:17 PM,Derailment,0,GAGE,OK,80,3,Dusk,Rain,Main,Freight Train,46,1516051,632984,2149035,M105,36.305219,-99.790407,88.7,84.8,78.4
NS,114956,2015-03-20,10:02 PM,Hwy-rail crossing,0,GAINESVILLE,GA,72,4,Dark,Clear,Main,Freight Train,43,30,12348,12378,M303,34.272332,-83.837626,48.4,52.2,58.9
NS,128297,2018-01-26,7:30 AM,Other impacts,0,GAINESVILLE,GA,70,1,Dawn,Clear,Yard,Freight Train,4,300,10477,10927,H312,34.304238,-83.799757,43.6,43.9,49.8
NS,129774,2018-06-10,6:45 AM,Hwy-rail crossing,0,GAINESVILLE,GA,71,1,Dawn,Clear,Main,Freight Train,40,4988,6027,11015,M308,34.284907,-83.824056,77.8,75.7,73.2
NS,146011,2022-07-29,5:30 PM,Other (describe in narrative),0,GAINESVILLE,GA,79,3,Dusk,Clear,Industry,Freight Train,2,232000,8277,240277,H702,34.284635,-83.824378,82.9,81.3,79.2
BNSF,RD0118104,2018-01-03,7:25 PM,Other impacts,0,GAINESVILLE,TX,34,3,Dusk,Clear,Yard,Freight Train,9,26738,250,26988,H310,33.645444,-97.1451,19.5,28.2,32
BNSF,RD0820105,2020-08-04,6:30 AM,Derailment,0,GAINESVILLE,TX,85,1,Dawn,Clear,Yard,Light loco(s),8,10000,10000,20000,H307,33.626266,-97.140879,78,76.7,74.6
NS,122100,2016-09-18,7:01 PM,Derailment,0,GAINESVILLE,GA,75,3,Dusk,Clear,Yard,Freight Train,10,12611,1040,13651,H307,34.284638,-83.824374,75.2,71.2,76.8
NS,132914,2019-02-20,2:50 PM,Other (describe in narrative),0,GAINESVILLE,GA,72,2,Day,Rain,Yard,Freight Train,8,8853,77884,86737,H702,34.2946,-83.81167,39,37.5,50.1
NS,128297,2018-01-26,7:30 AM,Other impacts,0,GAINESVILLE,GA,70,1,Dawn,Clear,Yard,Single Car,0,150,0,10927,H312,34.304238,-83.799757,43.6,43.9,49.8
CSX,000207950,2022-10-21,3:30 PM,Derailment,0,GAINESVILLE,GA,75,2,Day,Clear,Industry,Freight Train,1,21859,30000,51859,T210,34.269896,-83.818069,48.3,52.6,56
ATK,156136,2018-11-05,4:40 PM,Hwy-rail crossing,0,GAITHERSBURG,MD,54,3,Dusk,Rain,Main,Passenger Train - Pulling,53,19265,0,27490,M308,39.142195,-77.20323,45.1,50.3,54.1
CSX,000179687,2018-11-05,4:48 PM,Hwy-rail crossing,0,GAITHERSBURG,MD,51,2,Day,Rain,Main,,0,0,8225,27490,M303,39.142157,-77.203077,45.1,50.3,54.1
CSX,000197889,2021-05-29,3:10 PM,Obstruction,0,GAITHERSBURG,MD,53,2,Day,Rain,Industry,Light loco(s),2,0,13586,13586,H207,39.141643,-77.200593,65.7,50.9,50.3
BNSF,CH0315100,2015-03-05,1:24 PM,Derailment,10,GALENA,IL,25,2,Day,Clear,Main,Freight Train,23,2043165,2169305,4212470,E61C,42.374843,-90.444164,10.8,2.4,15.4
UP,0216HO029,2016-02-24,5:52 PM,Raking collision,0,GALENA PARK,TX,65,2,Day,Clear,Industry,Yard/switching,5,8494,66,15132,H318,29.732035,-95.25649,61.8,54.1,58.2
UP,0222HO030,2022-02-22,1:10 PM,Other impacts,0,GALENA PARK,TX,78,2,Day,Cloudy,Industry,Single Car,5,5268,0,76792,H302,29.729402,-95.236559,72.1,72.8,51.2
UP,0520HO020,2020-05-25,9:17 PM,Derailment,0,GALENA PARK,TX,78,4,Dark,Cloudy,Industry,Freight Train,8,24030,496,24526,M101,29.723339,-95.241234,81,76.2,78.3
UP,0820HO003,2020-08-05,1:30 AM,Derailment,0,GALENA PARK,TX,82,4,Dark,Cloudy,Yard,Yard/switching,4,7143,14200,21343,M101,29.730215,-95.252142,85.2,85.6,85.7
UP,0118HO012,2018-01-11,8:47 AM,Hwy-rail crossing,0,GALENA PARK,TX,72,2,Day,Cloudy,Yard,Light loco(s),9,1617,12912,14529,M302,29.73025,-95.243796,58.8,60.8,40.1
UP,0222HO030,2022-02-22,1:10 PM,Other impacts,0,GALENA PARK,TX,78,2,Day,Cloudy,Industry,Freight Train,2,71392,132,76792,H302,29.729402,-95.236559,72.1,72.8,51.2
PTRA,2015000024,2015-07-19,8:00 PM,Derailment,0,GALENA PARK,TX,88,2,Day,Clear,Industry,Yard/switching,7,18500,30000,48500,H702,29.746218,-95.267188,86.5,85.9,86
UP,0618HO009,2018-06-04,11:30 PM,Derailment,0,GALENA PARK,TX,75,4,Dark,Clear,Industry,Yard/switching,4,48734,7160,55894,H307,29.729513,-95.235002,83.7,82.7,84.1
UP,0216HO029,2016-02-24,5:52 PM,Raking collision,0,GALENA PARK,TX,65,2,Day,Clear,Industry,Single Car,2,6572,0,15132,H318,29.732035,-95.25649,61.8,54.1,58.2
UP,0920HO028,2020-09-22,1:50 AM,Derailment,0,GALENA PARK,TX,75,4,Dark,Cloudy,Yard,Yard/switching,10,21182,1454,25774,T202,29.730323,-95.229232,72.9,76.2,75
UP,1219HO011,2019-12-14,4:30 AM,Derailment,0,GALENA PARK,TX,51,1,Dawn,Clear,Yard,Yard/switching,2,16866,5580,22446,T111,29.736494,-95.26331,64,61.9,73.7
UP,1121HO004,2021-11-04,9:55 AM,Derailment,0,GALENA PARK,TX,52,2,Day,Cloudy,Industry,Freight Train,5,1915,15910,17825,T110,29.728776,-95.239002,64.8,54.3,57
UP,0920HO028,2020-09-22,1:50 AM,Derailment,0,GALENA PARK,TX,75,4,Dark,Cloudy,Yard,Single Car,0,3138,0,25774,T202,29.730323,-95.229232,72.9,76.2,75
UP,0519HO004,2019-05-28,9:05 AM,Derailment,0,GALENA PARK,TX,79,2,Day,Cloudy,Industry,Yard/switching,4,10648,2160,12808,T319,29.728121,-95.236676,81.8,82.9,82.6
UP,0419GC045,2019-04-23,1:00 AM,Derailment,0,GALENA PARK,TX,69,4,Dark,Cloudy,Industry,Freight Train,5,2747,11070,13817,T319,29.728833,-95.236568,72,72.1,73.1
UP,0315HO039,2015-03-14,2:20 PM,Derailment,0,GALENA PARK,TX,70,2,Day,Clear,Industry,Freight Train,5,1800,10680,12480,T205,29.730195,-95.240444,60.1,65.9,63.9
WATX,220731001,2022-07-31,10:45 AM,Derailment,0,GALENA PARK,TX,93,2,Day,Clear,Industry,Yard/switching,5,38500,12500,51000,T210,29.73016,-95.22593,86.2,86.6,85.3
UP,1220HO017,2020-12-22,8:16 PM,Derailment,0,GALENA PARK,TX,62,4,Dark,Cloudy,Industry,Yard/switching,4,10363,890,11253,T205,29.727324,-95.234998,58.6,60.7,69
BNSF,CH1020105,2020-10-13,12:45 AM,Side collision,0,GALESBURG,IL,45,4,Dark,Clear,Yard,Yard/switching,2,15838,0,18388,H702,40.91542,-90.380633,57.8,52.1,57.7
BNSF,CH0819107,2019-08-10,6:30 AM,Derailment,0,GALESBURG,IL,65,1,Dawn,Clear,Yard,Yard/switching,7,40421,1000,41421,H503,40.906993,-90.386442,69.5,71.9,75.6
BNSF,CH1118115,2018-11-28,2:48 AM,Side collision,0,GALESBURG,IL,26,4,Dark,Clear,Yard,Light loco(s),0,9000,0,11200,H607,40.904474,-90.385461,15.5,18.2,28.8
BNSF,CH0323106,2023-03-09,1:00 PM,Derailment,0,GALESBURG,IL,40,2,Day,Sleet,Yard,Yard/switching,2,1000,20984,21984,M407,40.909771,-90.382944,41.9,35.6,31.8
BNSF,CH1020105,2020-10-13,12:45 AM,Side collision,0,GALESBURG,IL,45,4,Dark,Clear,Yard,Light loco(s),3,1550,1000,18388,H702,40.91542,-90.380633,57.8,52.1,57.7
BNSF,CH0319111,2019-03-28,9:28 AM,Derailment,0,GALESBURG,IL,45,2,Day,Clear,Yard,Yard/switching,7,3500,83000,86500,M599,40.93374,-90.371236,49.1,56.9,50.5
BNSF,CH0318111,2018-03-14,1:30 PM,Raking collision,0,GALESBURG,IL,40,2,Day,Clear,Yard,Yard/switching,0,8100,0,10705,M408,40.915869,-90.380994,31.7,35.7,41.3
BNSF,CH1118115,2018-11-28,2:48 AM,Side collision,0,GALESBURG,IL,26,4,Dark,Clear,Yard,Yard/switching,3,2200,0,11200,H607,40.904474,-90.385461,15.5,18.2,28.8
BNSF,CH0517110,2017-05-18,6:50 PM,Derailment,0,GALESBURG,IL,73,3,Dusk,Clear,Yard,Yard/switching,8,39331,0,39331,H316,40.903829,-90.385786,74.4,70.3,50.8
BNSF,CH0724113,2024-07-27,11:50 AM,Derailment,0,GALESBURG,IL,75,2,Day,Clear,Yard,Yard/switching,4,15813,50000,65813,H995,40.903726,-90.385822,72.2,72.9,75.4
BNSF,CH0724105,2024-07-10,9:10 AM,Derailment,0,GALESBURG,IL,79,2,Day,Clear,Yard,Yard/switching,1,157478,316222,473700,H506,40.903644,-90.385868,71.6,73.8,71.7
BNSF,CH0424102,2024-04-02,3:23 AM,Derailment,0,GALESBURG,IL,35,4,Dark,Fog,Yard,Yard/switching,4,19232,43316,62548,H607,40.917611,-90.379728,48.5,42,34.8
BNSF,CH0823116,2023-08-24,5:25 AM,Derailment,0,GALESBURG,IL,85,1,Dawn,Clear,Yard,Yard/switching,7,4000,44350,49550,H306,40.93421,-90.370218,84.7,85.8,83.7
BNSF,CH0524104,2024-05-08,10:13 AM,Other impacts,0,GALESBURG,IL,60,2,Day,Clear,Yard,Yard/switching,10,37557,0,37557,M407,40.911488,-90.383517,66.9,66.8,59
BNSF,CH0923109,2023-09-23,3:22 AM,Derailment,0,GALESBURG,IL,70,4,Dark,Clear,Yard,Yard/switching,5,8400,67671,76071,M411,40.908919,-90.383089,69.4,71.9,71.5
BNSF,CH0524108,2024-05-12,2:08 PM,Other impacts,0,GALESBURG,IL,75,2,Day,Clear,Yard,Yard/switching,14,80000,0,80000,M407,40.910731,-90.383392,63.2,67.4,65.7
BNSF,CH0418203,2018-04-17,12:28 PM,Hwy-rail crossing,0,GALESBURG,IL,53,2,Day,Clear,Main,Freight Train,20,11591,1000,12591,M308,40.939038,-90.40274,34.2,41.1,37.4
BNSF,CH0115121,2015-01-26,10:50 AM,Other impacts,0,GALESBURG,IL,25,2,Day,Snow,Yard,Yard/switching,4,57719,0,57719,M407,39.28606,-94.013049,30.4,26,29.9
BNSF,CH0123107,2023-01-12,4:37 PM,Other (describe in narrative),0,GALESBURG,IL,40,2,Day,Clear,Yard,Yard/switching,3,25241,1000,26241,M411,40.908498,-90.384214,41.1,32,27.2
BNSF,CH0723111,2023-07-20,6:00 PM,Derailment,0,GALESBURG,IL,80,3,Dusk,Clear,Yard,Yard/switching,4,3150,9635,12785,H312,40.921683,-90.376961,72,75.2,69.2
BNSF,CH0423108,2023-04-19,5:00 AM,Other (describe in narrative),0,GALESBURG,IL,50,1,Dawn,Clear,Yard,Yard/switching,8,52366,0,52366,M411,40.911223,-90.383317,47.9,61.3,60.9
BNSF,CH0118103,2018-01-10,3:02 PM,Other impacts,0,GALESBURG,IL,40,2,Day,Cloudy,Yard,Yard/switching,10,13807,0,13807,H316,40.907189,-90.385604,30.7,42.7,35.5
BNSF,CH0118108,2018-01-19,12:55 AM,Derailment,0,GALESBURG,IL,33,4,Dark,Clear,Yard,Light loco(s),4,18040,2000,20040,H607,40.917545,-90.379759,24.5,36.4,39.9
BNSF,CH0123103,2023-01-03,9:28 AM,Derailment,0,GALESBURG,IL,60,2,Day,Rain,Yard,Freight Train,10,21444,2700,24144,M411,40.909552,-90.383865,40.9,46.6,33.2
BNSF,CH0223117,2023-02-15,3:22 PM,Derailment,0,GALESBURG,IL,38,2,Day,Cloudy,Yard,Light loco(s),4,7000,7000,14000,H303,40.933651,-90.371204,44.6,38.6,29.7
BNSF,CH0223113,2023-02-11,4:03 PM,Other impacts,0,GALESBURG,IL,40,2,Day,Clear,Yard,Yard/switching,9,32454,0,32454,E06C,40.914039,-90.380542,28.5,30.7,37.6
BNSF,CH1220107,2020-12-21,10:02 PM,Other impacts,0,GALESBURG,IL,32,4,Dark,Clear,Yard,Yard/switching,0,1209,0,12409,M407,40.910499,-90.383022,30.8,37,32.7