reportingrailroadcode,accidentnumber,date,time,accidenttype,hazmatreleasedcars,station,stateabbr,temperature,visibility_code,visibility,weathercondition,tracktype,equipmenttype,trainspeed,equipmentdamagecost,trackdamagecost,totaldamagecost,primaryaccidentcausecode,latitude,longitude,prior_temp,actual_temp,following_temp
BNSF,CH1021102,2021-10-01,5:17 PM,Other impacts,0,GALESBURG,IL,70,3,Dusk,Clear,Yard,Yard/switching,4,77344,1000,78344,M408,40.91481,-90.382045,70.7,68.1,67
BNSF,CH0616112,2016-06-14,1:50 AM,Derailment,0,GALESBURG,IL,74,4,Dark,Clear,Yard,Yard/switching,4,51630,15000,66630,H607,40.934728,-90.369875,75.9,80.3,81.5
BNSF,CH1220107,2020-12-21,10:02 PM,Other impacts,0,GALESBURG,IL,32,4,Dark,Clear,Yard,Yard/switching,4,11200,0,12409,M407,40.910499,-90.383022,30.8,37,32.7
BNSF,CH1021104,2021-10-05,7:40 AM,Derailment,0,GALESBURG,IL,65,1,Dawn,Clear,Yard,Yard/switching,5,133347,2700,136047,H318,40.920161,-90.376569,61,61.8,63.5
BNSF,CH0619112,2019-06-16,5:00 PM,Other impacts,0,GALESBURG,IL,80,3,Dusk,Clear,Yard,Yard/switching,4,39915,15900,55815,M407,40.905979,-90.385984,68.4,68.2,65.4
BNSF,CH0817104,2017-08-09,6:00 AM,Other impacts,0,GALESBURG,IL,60,1,Dawn,Clear,Yard,Yard/switching,5,36299,0,36299,H318,40.920165,-90.376575,66.1,67.1,70.7
BNSF,CH0517109,2017-05-17,6:05 PM,Derailment,0,GALESBURG,IL,78,3,Dusk,Cloudy,Yard,Yard/switching,4,7500,197360,204860,H607,40.931416,-90.372367,74.6,74.4,70.3
BNSF,CH0522109,2022-05-14,4:30 AM,Derailment,0,GALESBURG,IL,68,1,Dawn,Clear,Yard,Light loco(s),3,17500,250050,267550,H607,40.916171,-90.380755,76.2,73.2,65.1
BNSF,CH0221107,2021-02-11,1:01 AM,Derailment,0,GALESBURG,IL,5,4,Dark,Clear,Yard,Yard/switching,4,55583,2000,57583,M411,40.909007,-90.384827,6.7,5.2,0.7
BNSF,CH1215105,2015-12-10,12:15 PM,Other (describe in narrative),0,GALESBURG,IL,56,2,Day,Cloudy,Yard,Yard/switching,14,56995,0,56995,M407,40.906904,-90.38498,42.1,47.3,46.3
BNSF,CH1215111,2015-12-14,8:40 AM,Derailment,0,GALESBURG,IL,22,1,Dawn,Clear,Yard,Yard/switching,8,10864,3000,13864,H702,40.914911,-90.380065,60.1,46.5,38.4
BNSF,CH0317120,2017-03-26,9:35 PM,Other impacts,0,GALESBURG,IL,50,4,Dark,Cloudy,Yard,Yard/switching,10,17450,250,17700,M411,40.90707,-90.384798,53.2,51.2,48.4
BNSF,CH1216102,2016-12-04,12:01 AM,Derailment,0,GALESBURG,IL,31,4,Dark,Clear,Yard,Yard/switching,8,8500,22000,30500,H307,40.940097,-90.367779,33.7,32.4,33.4
BNSF,CH0115103,2015-01-04,1:45 AM,Raking collision,0,GALESBURG,IL,10,4,Dark,Snow,Yard,Yard/switching,4,17135,250,17385,M411,40.939138,-90.365223,32.7,16.8,5
BNSF,CH0818122,2018-08-28,12:44 PM,Other impacts,0,GALESBURG,IL,90,2,Day,Clear,Yard,Yard/switching,3,15000,3000,18000,E22C,40.912195,-90.381281,81.9,77.5,67.5
BNSF,CH0322109,2022-03-14,8:32 AM,Derailment,0,GALESBURG,IL,45,1,Dawn,Clear,Yard,Yard/switching,4,400,14392,14792,M411,40.928195,-90.37303,39,46.9,47.7
BNSF,CH0816119,2016-08-28,4:52 PM,Derailment,0,GALESBURG,IL,78,2,Day,Clear,Yard,Freight Train,6,88114,80718,168832,S011,40.933139,-90.371463,75.3,74.5,75.5
BNSF,CH0224106,2024-02-13,10:50 PM,Derailment,0,GALESBURG,IL,48,4,Dark,Clear,Yard,Yard/switching,5,14900,24982,39882,E36C,40.902574,-90.3864,32.4,34,39.8
BNSF,CH0322114,2022-03-19,3:10 PM,Other impacts,0,GALESBURG,IL,60,2,Day,Clear,Yard,Yard/switching,5,137923,0,137923,M407,40.90931,-90.384191,43.8,40.9,49
BNSF,CH0321105,2021-03-10,9:15 AM,Other impacts,0,GALESBURG,IL,45,2,Day,Clear,Yard,Yard/switching,4,23563,21000,44563,M105,40.914129,-90.380521,54.2,58.9,42.5
BNSF,CH0816115,2016-08-21,4:35 PM,Derailment,0,GALESBURG,IL,76,2,Day,Clear,Yard,Yard/switching,5,10600,15802,26402,M599,40.899706,-90.387777,70.4,64.3,65.5
BNSF,CH0116113,2016-01-25,6:30 AM,Derailment,0,GALESBURG,IL,30,1,Dawn,Clear,Main,Freight Train,10,236312,402837,639149,E71L,40.938941,-90.361389,28.7,33.1,27.8
BNSF,CH0916114,2016-09-24,2:30 AM,Derailment,0,GALESBURG,IL,70,4,Dark,Clear,Yard,Yard/switching,7,35543,4600,40143,H307,40.923044,-90.375133,74,73.6,72.6
BNSF,CH0421104,2021-04-08,9:20 AM,Side collision,0,GALESBURG,IL,50,2,Day,Cloudy,Yard,Yard/switching,0,32600,0,59263,H307,40.906757,-90.386408,60,49.1,50.9
BNSF,CH0421104,2021-04-08,9:20 AM,Side collision,0,GALESBURG,IL,50,2,Day,Cloudy,Yard,Yard/switching,4,23663,3000,59263,H307,40.906757,-90.386408,60,49.1,50.9
BNSF,CH0416107,2016-04-17,5:44 AM,Derailment,0,GALESBURG,IL,52,1,Dawn,Clear,Main,Freight Train,11,25126,0,25126,E27C,40.980357,-90.327218,66.5,67.5,67.8
BNSF,CH1117107,2017-11-11,3:50 PM,Other impacts,0,GALESBURG,IL,36,2,Day,Clear,Yard,Yard/switching,10,15025,0,15025,H020,40.902236,-90.387148,26.6,36.4,38.2
BNSF,CH0720104,2020-07-09,7:10 PM,Derailment,0,GALESBURG,IL,85,3,Dusk,Cloudy,Yard,Freight Train,6,24000,3200,27200,S011,40.911223,-90.380121,80.8,79.1,75.3
BNSF,CH0823116,2023-08-24,5:25 AM,Derailment,0,GALESBURG,IL,85,1,Dawn,Clear,Yard,Cut of cars,0,1200,0,49550,H306,40.93421,-90.370218,84.7,85.8,83.7
BNSF,CH0718107,2018-07-21,2:15 AM,Other impacts,0,GALESBURG,IL,65,4,Dark,Clear,Yard,Yard/switching,8,16407,0,16407,H019,40.90533,-90.384908,70.7,71.9,69
BNSF,CH0418114,2018-04-22,9:10 PM,Derailment,0,GALESBURG,IL,40,4,Dark,Clear,Yard,Yard/switching,4,2000,9100,11100,H607,40.917133,-90.380107,55.9,58.8,60.4
BNSF,CH0715113,2015-07-18,4:30 AM,Derailment,0,GALESBURG,IL,72,1,Dawn,Clear,Yard,Yard/switching,8,39000,164000,203000,H504,40.870288,-90.394751,81.3,80.6,75.3
BNSF,CH0921106,2021-09-13,5:10 AM,Derailment,0,GALESBURG,IL,64,1,Dawn,Clear,Yard,Yard/switching,4,12846,1000,13846,H316,40.900133,-90.387571,72.2,72,70.7
BNSF,CH0317113,2017-03-13,3:20 AM,Derailment,0,GALESBURG,IL,28,4,Dark,Sleet,Yard,Yard/switching,2,23373,0,23373,S016,40.905203,-90.384999,28.4,28.9,20.5
BNSF,CH0117112,2017-01-26,4:45 AM,Other impacts,0,GALESBURG,IL,29,1,Dawn,Clear,Yard,Yard/switching,7,34393,0,34393,M407,40.907247,-90.384926,35.4,30.4,26.9
BNSF,CH0117113,2017-01-30,12:01 AM,Derailment,0,GALESBURG,IL,18,4,Dark,Clear,Main,Light loco(s),8,7000,24751,31751,H702,40.909249,-90.380694,27.2,28.3,38.1
BNSF,CH0615101,2015-06-06,1:00 AM,Derailment,0,GALESBURG,IL,65,4,Dark,Clear,Yard,Yard/switching,4,64883,139247,204130,E07C,40.917074,-90.38003,73.5,67.5,73.2
BNSF,CH0117105,2017-01-13,6:55 PM,Derailment,0,GALESBURG,IL,25,3,Dusk,Clear,Yard,Yard/switching,10,98719,0,98719,S006,40.903767,-90.385814,23.4,21.2,26.5
BNSF,CH1222114,2022-12-22,10:30 PM,Derailment,0,GALESBURG,IL,-5,4,Dark,Snow,Yard,Yard/switching,4,34130,0,34130,M101,40.932249,-90.372146,17.8,6,-5
BNSF,CH0119102,2019-01-11,12:40 AM,Derailment,0,GALESBURG,IL,15,4,Dark,Clear,Yard,Yard/switching,7,13258,16598,29856,H607,40.916167,-90.38076,20.8,26.1,29.6
BNSF,CH0515109,2015-05-24,7:45 PM,Side collision,0,GALESBURG,IL,72,3,Dusk,Cloudy,Yard,Yard/switching,10,13200,0,13600,M408,40.914709,-90.3807,67.6,69.1,70.4
BNSF,CH0115113,2015-01-17,6:50 AM,Other (describe in narrative),0,GALESBURG,IL,35,1,Dawn,Clear,Main,Yard/switching,10,250,19081,19331,H503,40.94035,-90.36828,27.6,38.1,35.5
BNSF,CH0318111,2018-03-14,1:30 PM,Raking collision,0,GALESBURG,IL,40,2,Day,Clear,Yard,Yard/switching,4,2605,0,10705,M408,40.915869,-90.380994,31.7,35.7,41.3
BNSF,CH0115126,2015-01-31,4:00 AM,Derailment,0,GALESBURG,IL,27,1,Dawn,Cloudy,Yard,Yard/switching,4,33071,10000,43071,M101,40.903989,-90.385694,25.4,31.1,26.4
BNSF,CH0315101,2015-03-08,4:15 AM,Derailment,0,GALESBURG,IL,29,1,Dawn,Clear,Yard,Yard/switching,7,17306,4000,21306,H307,40.915761,-90.38059,37.4,36.4,39.2
BNSF,CH0519108,2019-05-17,5:00 AM,Other impacts,0,GALESBURG,IL,60,1,Dawn,Cloudy,Yard,Yard/switching,3,25162,0,25162,E09C,40.90542,-90.384501,72.7,67,64.9
BNSF,CH1214115,2014-12-26,8:30 PM,Derailment,0,GALESBURG,IL,41,3,Dusk,Cloudy,Yard,Yard/switching,4,40096,600,40696,H307,40.91583,-90.38059,38.4,44.7,37.3
BNSF,CH0119123,2019-01-27,8:00 PM,Derailment,0,GALESBURG,IL,15,3,Dusk,Clear,Yard,Yard/switching,8,26458,8200,34658,H308,40.914143,-90.380516,2.8,8.8,19.4
BNSF,CH0217106,2017-02-11,11:45 PM,Derailment,0,GALESBURG,IL,35,4,Dark,Clear,Yard,Freight Train,10,372732,702321,1075053,E04C,40.932682,-90.372015,32.8,44.4,38.2
BNSF,CH1015201,2015-10-16,3:45 AM,Hwy-rail crossing,0,GALESBURG,IL,52,4,Dark,Clear,Yard,Light loco(s),6,0,29345,29345,M302,40.93746,-90.367295,54.4,44.4,38.7
BNSF,CH0822104,2022-08-02,9:04 PM,Derailment,0,GALESBURG,IL,77,4,Dark,Clear,Main,Freight Train,61,1740840,1900000,3640840,E6AC,40.943856,-90.315194,75.7,73.3,77.7
BNSF,CH0515109,2015-05-24,7:45 PM,Side collision,0,GALESBURG,IL,72,3,Dusk,Cloudy,Yard,Yard/switching,3,400,0,13600,M408,40.914709,-90.3807,67.6,69.1,70.4
BNSF,CH1222109,2022-12-17,3:15 AM,Derailment,0,GALESBURG,IL,22,4,Dark,Clear,Yard,Yard/switching,4,113874,3000,116874,M101,40.905943,-90.385974,27.6,21.3,15.8
BNSF,CH0815100,2015-08-01,2:45 AM,Derailment,0,GALESBURG,IL,72,4,Dark,Clear,Yard,Passenger Train - Pushing,2,15900,500,16400,H312,40.932983,-90.371972,74.9,72.4,77.4
BNSF,CH0118111,2018-01-20,6:00 AM,Derailment,0,GALESBURG,IL,25,1,Dawn,Clear,Yard,Yard/switching,4,31576,3200,34776,H704,40.934292,-90.370155,36.4,39.9,45.3
BNSF,CH0821111,2021-08-28,10:35 AM,Derailment,0,GALESBURG,IL,83,2,Day,Clear,Yard,Yard/switching,4,44300,17000,61300,M408,40.914521,-90.380759,76.6,77.4,74.6
BNSF,CH1114117,2014-11-28,6:10 PM,Other impacts,0,GALESBURG,IL,12,3,Dusk,Clear,Yard,Yard/switching,4,15498,0,15498,M407,40.9032,-90.38554,17.6,26.4,42.5
BNSF,CH0324108,2024-03-30,8:30 AM,Derailment,0,GALESBURG,IL,48,1,Dawn,Clear,Yard,Yard/switching,4,164835,58801,223636,T315,40.91755,-90.379754,53.2,56.2,49.3
BNSF,CH1223104,2023-12-11,1:20 AM,Derailment,0,GALESBURG,IL,22,4,Dark,Clear,Yard,Yard/switching,6,32662,3000,35662,T201,40.903795,-90.385375,27.2,29,31.7
BNSF,CH0821109,2021-08-23,8:28 PM,Derailment,0,GALESBURG,IL,88,3,Dusk,Clear,Yard,Yard/switching,3,800,17000,17800,T314,40.934686,-90.412822,66.9,70.8,76.8
BNSF,CH0115124,2015-01-27,3:10 AM,Derailment,0,GALESBURG,IL,33,4,Dark,Cloudy,Yard,Yard/switching,10,75620,4250,79870,T314,40.944823,-90.363184,26,29.9,32.9
BNSF,CH1017106,2017-10-16,7:30 PM,Derailment,0,GALESBURG,IL,65,3,Dusk,Clear,Yard,Yard/switching,7,22200,35000,57200,T205,40.935715,-90.388037,52.2,48.7,55
BNSF,CH1115113,2015-11-30,1:25 AM,Derailment,0,GALESBURG,IL,35,4,Dark,Rain,Yard,Yard/switching,7,113250,4000,117250,T202,40.911323,-90.380463,33.9,37.6,37.2
BNSF,CH0724105,2024-07-10,9:10 AM,Derailment,0,GALESBURG,IL,79,2,Day,Clear,Yard,Yard/switching,1,157478,316222,473700,T403,40.903644,-90.385868,71.6,73.8,71.7
BNSF,CH0524101,2024-05-03,3:30 AM,Derailment,0,GALESBURG,IL,55,4,Dark,Clear,Yard,Light loco(s),8,62787,1000,63787,T111,40.935202,-90.411564,65.5,63.3,62.7
BNSF,CH0623114,2023-06-26,10:12 AM,Derailment,0,GALESBURG,IL,73,2,Day,Cloudy,Yard,Light loco(s),8,145002,154000,299002,T113,40.913385,-90.38238,73.5,70.9,71.8
BNSF,CH0624103,2024-06-07,1:45 AM,Derailment,0,GALESBURG,IL,55,4,Dark,Clear,Yard,Yard/switching,6,31631,6490,38121,T207,40.916349,-90.380335,71.7,69.8,67.9
BNSF,CH1023110,2023-10-23,4:50 AM,Derailment,0,GALESBURG,IL,50,1,Dawn,Clear,Yard,Yard/switching,9,21948,153494,175442,T205,40.915519,-90.380612,47.8,57.7,67.3
BNSF,CH1221103,2021-12-20,3:44 AM,Derailment,0,GALESBURG,IL,21,4,Dark,Clear,Yard,Freight Train,9,27518,88864,120509,T314,40.934967,-90.412005,26.3,30.7,21.6
BNSF,CH1221103,2021-12-20,3:44 AM,Derailment,0,GALESBURG,IL,21,4,Dark,Clear,Yard,Freight Train,7,4127,0,120509,T314,40.934967,-90.412005,26.3,30.7,21.6
BNSF,CH0422102,2022-04-01,12:32 PM,Derailment,0,GALESBURG,IL,55,2,Day,Clear,Industry,Yard/switching,5,155,15000,15155,T111,40.924031,-90.324133,34.4,37.2,38.6
BNSF,CH1222103,2022-12-08,2:10 PM,Derailment,0,GALESBURG,IL,41,2,Day,Cloudy,Yard,Yard/switching,4,111173,6350,117523,T111,40.9159,-90.380972,33.6,35.9,39.1
ATK,175009,2023-06-06,11:27 AM,Hwy-rail crossing,0,GALIEN,MI,78,2,Day,Cloudy,Main,Passenger Train - Pulling,110,12079,0,12079,M308,41.802071,-86.532968,65.7,65,61.9
CSX,000169545,2017-06-10,2:31 PM,Derailment,0,GALION,OH,85,2,Day,Clear,Main,Freight Train,3,249477,173000,422477,H525,40.766562,-82.749585,66.6,74.8,76.5
CSX,000208972,2022-12-26,3:40 AM,Derailment,0,GALLATIN,TN,12,4,Dark,Cloudy,Main,Freight Train,25,93047,10738,103785,M404,36.475575,-86.467637,18.5,26.5,33.2
CSX,000144233,2015-04-05,2:50 AM,Derailment,0,GALLATIN,TN,34,4,Dark,Clear,Main,Freight Train,32,3165,254489,257654,E53C,36.379103,-86.479771,50.7,52.3,60.2
CSX,000176213,2018-05-04,10:10 AM,Derailment,0,GALLATIN,TN,77,2,Day,Cloudy,Main,Cut of cars,0,60,153085,261265,T106,36.4781,-86.466168,74.8,72.7,64
CSX,000176213,2018-05-04,10:10 AM,Derailment,0,GALLATIN,TN,77,2,Day,Cloudy,Main,Freight Train,22,108120,0,261265,T106,36.4781,-86.466168,74.8,72.7,64
NS,156023,2024-03-12,12:15 AM,Derailment,0,GALLION,AL,50,4,Dark,Clear,Main,Freight Train,22,612712,426900,1039612,T002,32.510066,-87.762156,49.9,55.4,62.2
NS,137274,2020-02-24,1:35 AM,Derailment,0,GALLITZIN,PA,20,4,Dark,Cloudy,Main,Light loco(s),8,33,6032,32498,E05C,40.477076,-78.549385,39.6,44,43.6
NS,137274,2020-02-24,1:35 AM,Derailment,0,GALLITZIN,PA,20,4,Dark,Cloudy,Main,Freight Train,8,26433,0,32498,E05C,40.477076,-78.549385,39.6,44,43.6
NS,151971,2023-01-11,2:33 AM,Derailment,0,GALLITZIN,PA,28,4,Dark,Clear,Main,Freight Train,7,7200,21273,28473,H506,40.476952,-78.562877,33.1,32.4,38.3
BNSF,SW0217103,2017-02-08,11:50 PM,Derailment,0,GALLUP,NM,38,4,Dark,Clear,Yard,Freight Train,9,18000,28000,46000,H307,35.526115,-108.74972,41.1,41.8,42.5
BNSF,SW0215102,2015-02-07,1:35 PM,Derailment,0,GALLUP,NM,60,2,Day,Clear,Industry,Freight Train,7,1364162,5000,1369162,M101,35.513948,-108.874585,40.6,42.3,43.6
BNSF,SW0215109,2015-02-20,10:00 AM,Derailment,0,GALLUP,NM,54,2,Day,Clear,Yard,Yard/switching,2,15000,0,15000,H318,35.529286,-108.741064,39.6,43.2,42.7
BNSF,SW0718101,2018-07-03,5:35 PM,Derailment,1,GALLUP,NM,90,3,Dusk,Clear,Yard,Yard/switching,3,48474,2500,50974,E08C,35.51207,-108.799972,73.1,75.8,72
BNSF,SW1020106,2020-10-08,3:20 PM,Side collision,0,GALLUP,NM,70,2,Day,Clear,Yard,Yard/switching,5,85943,25000,308679,H318,35.519371,-108.772114,55.6,56.7,57.2
BNSF,SW1020106,2020-10-08,3:20 PM,Side collision,0,GALLUP,NM,70,2,Day,Clear,Yard,Freight Train,0,197736,0,308679,H318,35.519371,-108.772114,55.6,56.7,57.2
BNSF,SW0119107,2019-01-06,1:41 AM,Side collision,0,GALLUP,NM,23,4,Dark,Cloudy,Yard,Freight Train,0,55446,0,82625,H306,35.525798,-108.752418,20.6,33.6,30.3
BNSF,SW0119107,2019-01-06,1:41 AM,Side collision,0,GALLUP,NM,23,4,Dark,Cloudy,Yard,Yard/switching,10,22179,5000,82625,H306,35.525798,-108.752418,20.6,33.6,30.3
BNSF,SW1015104,2015-10-23,5:35 AM,Derailment,1,GALLUP,NM,38,1,Dawn,Clear,Main,Freight Train,43,1554835,1409409,2964244,H305,35.530886,-108.677876,44.8,44.7,47.1
BNSF,SW0819112,2019-08-26,6:10 AM,Derailment,0,GALLUP,NM,72,1,Dawn,Clear,Yard,Freight Train,5,17872,30000,47872,H607,35.5194,-108.771999,73.5,76.9,74.4
BNSF,SW0720109,2020-07-22,3:53 AM,Derailment,0,GALLUP,NM,60,4,Dark,Clear,Yard,Freight Train,7,18318,0,18318,M409,35.526904,-108.747459,73.8,68.6,65.6
BNSF,SW0815107,2015-08-29,9:10 AM,Derailment,0,GALLUP,NM,65,2,Day,Clear,Yard,Freight Train,7,20328,500,20828,H503,35.527535,-108.745636,68,69.4,68.4
BNSF,SW0921108,2021-09-07,11:00 PM,Derailment,0,GALLUP,NM,52,4,Dark,Clear,Yard,Freight Train,8,350,0,94229,H318,35.512064,-108.799959,67,67.2,72.1
BNSF,SW0524105,2024-05-30,9:11 PM,Derailment,0,GALLUP,NM,50,4,Dark,Clear,Yard,Freight Train,5,17975,3225,21200,H307,35.520261,-108.769157,63.9,64,64.6
BNSF,SW0424103,2024-04-05,5:15 PM,Derailment,0,GALLUP,NM,47,3,Dusk,Clear,Yard,Freight Train,5,376419,11310,387729,H607,35.519972,-108.770012,49.7,51,34.5
BNSF,SW0921108,2021-09-07,11:00 PM,Derailment,0,GALLUP,NM,52,4,Dark,Clear,Yard,Yard/switching,4,93879,0,94229,H318,35.512064,-108.799959,67,67.2,72.1
BNSF,SW0216111,2016-02-24,11:45 AM,Derailment,0,GALLUP,NM,37,2,Day,Clear,Main,Maint./inspect Car,3,18000,0,18000,H997,35.354373,-108.015909,30.6,31.9,35
BNSF,SW1121102,2021-11-27,4:45 PM,Derailment,0,GALLUP,NM,45,2,Day,Clear,Yard,Freight Train,9,5000,18000,23000,H503,35.525902,-108.751957,31.6,34,35.9
BNSF,SW0816104,2016-08-06,6:00 PM,Derailment,0,GALLUP,NM,82,3,Dusk,Clear,Yard,Freight Train,8,22762,500,23262,H607,35.519998,-108.769932,66.8,68.7,69.7
BNSF,SW1119110,2019-11-30,8:59 AM,Derailment,0,GALLUP,NM,14,1,Dawn,Clear,Yard,Freight Train,4,112000,14000,126000,T202,35.525747,-108.752594,34.8,22.5,20.7
BNSF,SW0323111,2023-03-25,1:49 PM,Derailment,0,GALLUP,NM,38,2,Day,Cloudy,Yard,Freight Train,8,191821,38200,230021,T111,35.520732,-108.7685,34.2,32.4,32.4
BNSF,SW0323106,2023-03-20,9:40 AM,Derailment,0,GALLUP,NM,33,2,Day,Cloudy,Yard,Freight Train,9,13000,3000,16000,T111,35.525187,-108.753199,37,36.4,36.8
BNSF,SW0119112,2019-01-11,2:23 PM,Derailment,0,GALLUP,NM,32,2,Day,Cloudy,Yard,Freight Train,7,77193,78000,155193,T001,35.526784,-108.747873,29.8,33,26
BNSF,CH0319102,2019-03-10,10:38 PM,Derailment,0,GALVA,IL,30,4,Dark,Clear,Industry,Light loco(s),7,14000,0,14000,H607,41.173927,-90.02641,36,34.9,33.8
BNSF,CH0623201,2023-06-07,12:47 AM,Hwy-rail crossing,0,GALVA,IL,68,4,Dark,Cloudy,Main,Freight Train,18,1000,10850,11850,M302,41.163654,-90.049644,72.5,71.6,65.6
BNSF,CH0416202,2016-04-14,9:58 AM,Hwy-rail crossing,0,GALVA,IL,65,2,Day,Clear,Main,,0,0,0,154868,M302,41.152833,-90.073888,49.1,54,60.6
ATK,141965,2016-04-14,9:58 AM,Hwy-rail crossing,0,GALVA,IL,60,2,Day,Clear,Main,Passenger Train - Pulling,75,154868,0,154868,M302,41.152833,-90.073888,49.1,54,60.6
BNSF,RD0317117,2017-03-22,4:00 PM,Derailment,0,GALVESTON,TX,80,2,Day,Clear,Yard,Light loco(s),0,1000,0,40279,H607,29.295399,-94.835865,73.7,73.7,73.8
BNSF,RD0317117,2017-03-22,4:00 PM,Derailment,0,GALVESTON,TX,80,2,Day,Clear,Yard,Yard/switching,7,39279,0,40279,H607,29.295399,-94.835865,73.7,73.7,73.8
BNSF,RD0523116,2023-05-21,5:18 PM,Derailment,0,GALVESTON,TX,75,3,Dusk,Cloudy,Yard,Yard/switching,10,29018,97610,126628,H307,29.291218,-94.856223,80.4,76.3,76.6
GVSR,GVS330719,2019-01-02,2:00 PM,Side collision,0,GALVESTON,TX,55,2,Day,Rain,Yard,Yard/switching,5,12076,0,17652,M599,29.180677,-94.485369,55.6,54.1,52.1
TCT,580318,2024-05-17,9:00 AM,Side collision,0,GALVESTON,TX,75,2,Day,Cloudy,Yard,Yard/switching,5,3,0,3,H306,29.35973,-94.92575,78.4,73.5,78.7
BNSF,RD0721116,2021-07-15,10:53 AM,Other (describe in narrative),0,GALVESTON,TX,88,2,Day,Clear,Yard,Light loco(s),4,0,12000,12000,H607,29.295016,-94.837183,85.6,85.5,86.6
BNSF,RD0819109,2019-08-08,5:50 PM,Derailment,0,GALVESTON,TX,95,3,Dusk,Clear,Yard,Yard/switching,8,20170,1200,21370,E31C,29.294066,-94.842695,88.3,89.2,89.1
BNSF,RD0918109,2018-09-06,1:00 AM,Other impacts,0,GALVESTON,TX,80,4,Dark,Clear,Yard,Yard/switching,10,45778,0,45778,H318,29.294631,-94.839229,83.4,81.6,83.1
GVSR,GVS330719,2019-01-02,2:00 PM,Side collision,0,GALVESTON,TX,55,2,Day,Rain,Yard,Cut of cars,0,5576,0,17652,M599,29.180677,-94.485369,55.6,54.1,52.1
UP,0522HO031,2022-05-31,3:15 AM,Derailment,0,GALVESTON,TX,84,4,Dark,Clear,Industry,Yard/switching,3,51898,366,52264,H702,29.290839,-94.85853,85.6,85.8,85.6
BNSF,RD0421115,2021-04-25,1:02 PM,Derailment,0,GALVESTON,TX,79,2,Day,Clear,Yard,Yard/switching,9,84058,214000,298058,H307,29.294813,-94.838103,78.1,71.4,73
BNSF,RD1023116,2023-10-10,10:35 PM,Derailment,0,GALVESTON,TX,76,4,Dark,Rain,Yard,Yard/switching,5,2522,58000,60522,H307,29.291401,-94.855931,71.5,75.3,70
BNSF,RD0217113,2017-02-19,5:30 AM,Derailment,0,GALVESTON,TX,75,1,Dawn,Clear,Main,Freight Train,24,11847,235205,247052,E59C,29.296731,-94.884659,69,71.3,66.7
UP,0315HO020,2015-03-07,11:13 PM,Derailment,0,GALVESTON,TX,42,4,Dark,Cloudy,Industry,Freight Train,8,29701,111063,141576,H509,29.303529,-94.898546,42.8,51.4,54
UP,0115HO030,2015-01-23,1:15 PM,Derailment,0,GALVESTON,TX,45,2,Day,Cloudy,Yard,Yard/switching,8,58553,2539,61092,M204,29.298432,-94.827558,54.6,44.6,48.2
BNSF,GC0515109,2015-05-16,11:00 AM,Derailment,0,GALVESTON,TX,80,2,Day,Clear,Yard,Yard/switching,5,600,17500,18100,H702,29.294613,-94.839284,79,80.9,80.1
GVSR,GVS955116,2016-10-20,10:45 AM,Derailment,0,GALVESTON,TX,84,2,Day,Cloudy,Yard,Yard/switching,5,24700,72434,97134,T220,29.303053,-94.813275,82.5,77.9,69.8
UP,0315HO020,2015-03-07,11:13 PM,Derailment,0,GALVESTON,TX,42,4,Dark,Cloudy,Industry,Single Car,0,812,0,141576,H509,29.303529,-94.898546,42.8,51.4,54
BNSF,RD0318103,2018-03-03,12:06 AM,Derailment,0,GALVESTON,TX,78,4,Dark,Clear,Yard,Yard/switching,5,6134,75000,81134,H701,29.294813,-94.838102,67.8,69.3,71.4
GVSR,GVS252818,2018-08-08,9:50 AM,Derailment,0,GALVESTON,TX,94,2,Day,Cloudy,Yard,Freight Train,3,15816,500,16316,E4BC,29.182359,-94.480326,84.9,85.8,85.2
BNSF,RD0617100,2017-06-03,4:10 PM,Derailment,0,GALVESTON,TX,86,3,Dusk,Clear,Yard,Freight Train,7,7824,118745,126569,E66C,29.294715,-94.840257,81.8,82.7,77.7
GVSR,GVS031917,2017-04-16,9:00 AM,Derailment,0,GALVESTON,TX,82,2,Day,Clear,Yard,Freight Train,5,227660,81000,308660,T204,29.307058,-94.804201,75.8,77.5,77.8
UP,0218HO010,2018-02-07,12:00 PM,Derailment,0,GALVESTON,TX,40,2,Day,Clear,Yard,Freight Train,3,216616,39600,256216,T207,29.292884,-94.842324,65.2,54,49.5
GVSR,GVS079222,2022-12-30,10:30 AM,Derailment,0,GALVESTON,TX,68,2,Day,Clear,Industry,Freight Train,3,34542,94991,129533,T210,29.304401,-94.811089,67.3,64.8,59.2
GIMY,GIM682320,2020-10-29,9:25 AM,Other impacts,0,GARDEN CITY,GA,82,2,Day,Cloudy,Yard,Cut of cars,0,0,0,42000,H702,32.027718,-81.14885,78.6,78.6,64.4
NS,139476,2020-10-16,11:50 AM,Other impacts,0,GARDEN CITY,GA,72,2,Day,Clear,Yard,Cut of cars,0,15000,0,15500,H312,32.097941,-81.167445,77.6,76.5,66.5
NS,139476,2020-10-16,11:50 AM,Other impacts,0,GARDEN CITY,GA,72,2,Day,Clear,Yard,Single Car,4,500,0,15500,H312,32.097941,-81.167445,77.6,76.5,66.5
NS,143245,2021-10-22,9:15 PM,Other impacts,0,GARDEN CITY,GA,72,4,Dark,Clear,Yard,Cut of cars,5,24420,0,38460,H021,32.111613,-81.175485,68.3,71.9,66.2