reportingrailroadcode,accidentnumber,date,time,accidenttype,hazmatreleasedcars,station,stateabbr,temperature,visibility_code,visibility,weathercondition,tracktype,equipmenttype,trainspeed,equipmentdamagecost,trackdamagecost,totaldamagecost,primaryaccidentcausecode,latitude,longitude,prior_temp,actual_temp,following_temp
GIMY,GIM682320,2020-10-29,9:25 AM,Other impacts,0,GARDEN CITY,GA,82,2,Day,Cloudy,Yard,Yard/switching,8,40000,0,42000,H702,32.027718,-81.14885,78.6,78.6,64.4
SAPT,SAP936222,2022-03-23,1:58 AM,Derailment,0,GARDEN CITY,GA,66,4,Dark,Clear,Yard,Yard/switching,6,85000,1500,86500,H307,32.137447,-81.155802,63.7,69,63.1
BNSF,KS0519101,2019-05-02,8:12 PM,Derailment,0,GARDEN CITY,KS,60,3,Dusk,Clear,Yard,Freight Train,5,12881,1000,13881,H307,37.962613,-100.865278,47.6,48.2,54.6
NS,132475,2019-01-17,8:50 PM,Other impacts,0,GARDEN CITY,GA,61,4,Dark,Clear,Yard,Yard/switching,7,80447,0,80447,H210,32.092741,-81.160037,47.2,48.5,56.1
NS,135437,2019-09-09,11:08 PM,Other (describe in narrative),0,GARDEN CITY,GA,80,4,Dark,Clear,Industry,Yard/switching,9,247,22000,22247,H306,32.100465,-81.168891,84.7,83.6,82.6
NS,151725,2022-12-14,9:45 AM,Derailment,0,GARDEN CITY,GA,67,2,Day,Rain,Industry,Freight Train,3,122008,46839,168847,E64C,32.151853,-81.183595,53.8,55.8,65.4
NS,151488,2022-11-14,8:30 PM,Other impacts,0,GARDEN CITY,GA,70,4,Dark,Clear,Yard,Freight Train,5,46874,600,193268,H307,32.110265,-81.174896,55.6,51.2,63.1
NS,153082,2023-05-13,8:40 PM,Other impacts,0,GARDEN CITY,GA,71,4,Dark,Clear,Yard,Single Car,5,300,2950,57206,H312,32.110265,-81.174896,76,75,77.3
NS,154169,2023-09-09,7:00 PM,Other impacts,0,GARDEN CITY,GA,70,3,Dusk,Clear,Yard,Single Car,0,45503,0,91965,H318,32.110265,-81.174896,79,78.8,81.2
NS,151488,2022-11-14,8:30 PM,Other impacts,0,GARDEN CITY,GA,70,4,Dark,Clear,Yard,Freight Train,5,145794,0,193268,H307,32.110265,-81.174896,55.6,51.2,63.1
NS,154169,2023-09-09,7:00 PM,Other impacts,0,GARDEN CITY,GA,70,3,Dusk,Clear,Yard,Single Car,5,46462,0,91965,H318,32.110265,-81.174896,79,78.8,81.2
NS,153082,2023-05-13,8:40 PM,Other impacts,0,GARDEN CITY,GA,71,4,Dark,Clear,Yard,Single Car,0,53956,0,57206,H312,32.110265,-81.174896,76,75,77.3
LI,71382,2020-01-18,10:35 AM,Other (describe in narrative),0,GARDEN CITY,NY,28,2,Day,Clear,Main,Maint./inspect Car,0,0,71270,71270,H997,40.7355,-73.6613,27.1,26.9,38.9
NS,114986,2015-03-26,12:45 AM,Derailment,0,GARDEN CITY,GA,55,4,Dark,Fog,Yard,Freight Train,9,185000,4000,189000,H306,32.117758,-81.154252,65.3,67.7,64.7
LI,71344,2020-01-12,5:44 PM,Other (describe in narrative),0,GARDEN CITY,NY,53,2,Day,Clear,Main,EMU,80,21590,0,21590,M509,40.734822,-73.663983,53,58.3,42.4
SAPT,SAP446419,2019-07-16,12:30 PM,Hwy-rail crossing,0,GARDEN CITY,GA,98,2,Day,Clear,Yard,Light loco(s),10,17000,0,17000,M302,32.11535,-81.146335,86.3,87.1,87.3
NS,121750,2016-08-19,1:10 PM,Derailment,0,GARDEN CITY,GA,92,2,Day,Cloudy,Yard,Yard/switching,4,7190,4939,12129,H306,32.103678,-81.171833,84.6,82.8,84.5
NS,143245,2021-10-22,9:15 PM,Other impacts,0,GARDEN CITY,GA,72,4,Dark,Clear,Yard,Freight Train,9,14040,0,38460,H021,32.111613,-81.175485,68.3,71.9,66.2
NS,142448,2021-08-05,6:15 AM,Derailment,0,GARDEN CITY,GA,83,1,Dawn,Clear,Industry,Yard/switching,4,36,11228,11264,T110,32.112841,-81.149072,75.4,73,76.7
LI,74367,2021-03-27,11:21 AM,Derailment,0,GARDEN CITY,NY,60,2,Day,Clear,Siding,Work train,5,7185,40035,47220,T111,40.726649,-73.625435,59.9,55.7,52.3
SAPT,SAP678215,2015-03-31,11:15 PM,Derailment,0,GARDEN CITY,GA,60,4,Dark,Rain,Yard,Yard/switching,4,4000,9999,13999,T314,32.164512,-81.180087,54.4,65.5,65
BNSF,KS0323120,2023-03-26,4:43 PM,Derailment,0,GARDEN CITY,KS,60,2,Day,Clear,Yard,Freight Train,4,11871,2500,14371,T210,37.965999,-100.883114,33.7,34.7,34
NS,134305,2019-06-12,8:55 AM,Derailment,0,GARDEN CITY,GA,80,2,Day,Cloudy,Yard,Yard/switching,5,250840,78234,329074,T207,32.089125,-81.151795,76.6,74.6,77.1
SAPT,SAP932816,2016-09-04,3:33 PM,Derailment,0,GARDEN CITY,GA,87,2,Day,Clear,Industry,Yard/switching,6,37457,2835,40292,T205,32.115277,-81.137777,75.9,78,76.5
NS,120481,2016-05-13,11:25 AM,Derailment,0,GARDEN CITY,GA,88,2,Day,Clear,Industry,Freight Train,3,13500,8000,21500,T314,32.129225,-81.158782,77.6,78.8,74.8
NS,143268,2021-10-25,11:10 PM,Derailment,0,GARDEN CITY,GA,73,4,Dark,Clear,Yard,Yard/switching,9,712,12872,13584,T110,32.110264,-81.174895,67,72.1,65.9
NS,143275,2021-10-26,10:08 AM,Derailment,0,GARDEN CITY,GA,77,2,Day,Clear,Yard,Yard/switching,9,3380,66948,70328,T110,32.110264,-81.174895,72.1,65.9,59.2
UP,1018SA008,2018-10-09,1:00 AM,Derailment,0,GARDEN RIDGE,TX,85,4,Dark,Cloudy,Industry,Freight Train,9,8289,2541,10830,T110,29.640296,-98.262693,75.6,74.6,70.9
GRS,20170124X2,2017-01-24,7:20 PM,Derailment,0,GARDNER,MA,34,4,Dark,Clear,Yard,,0,0,18127,18127,H704,42.567276,-71.983734,31.9,32.3,35.9
PW,PWR198117R,2017-01-24,7:11 PM,Derailment,0,GARDNER,MA,33,4,Dark,Rain,Yard,Yard/switching,3,0,0,18127,H704,42.253153,-71.807864,31.9,32.3,35.9
GRS,20190910P1,2019-09-10,12:45 AM,Fire/violent rupture,0,GARDNER,MA,0,4,Dark,Clear,Yard,Single Car,0,50400,0,50400,M599,42.567534,-71.985131,59.6,62.2,73.1
PW,PWR817824R,2024-05-28,9:35 PM,Derailment,0,GARDNER,MA,65,4,Dark,Clear,Yard,Freight Train,4,50000,0,180000,T101,42.568028,-71.990306,65,71.6,66.4
BEAR,BER818124O,2024-05-28,9:35 PM,Derailment,0,GARDNER,MA,65,4,Dark,Clear,Yard,Freight Train,0,0,130000,180000,T101,42.568028,-71.990306,65,71.6,66.4
NJTR,201807361,2018-07-09,4:46 PM,Hwy-rail crossing,0,GARFIELD,NJ,88,2,Day,Clear,Main,Commuter Train - Pushing,62,28384,1805,30189,M304,40.886686,-74.102319,72.1,76.7,81.9
NJTR,202403145,2024-02-29,9:05 AM,Fire/violent rupture,0,GARFIELD,NJ,37,2,Day,Clear,Main,Commuter Train - Pulling,5,13900,0,13900,E73L,40.885045,-74.102689,54.8,35.2,36.3
DGNO,DGN913619D,2019-01-14,6:30 PM,Derailment,0,GARLAND,TX,42,3,Dusk,Clear,Yard,Yard/switching,20,113000,0,113000,H018,32.905884,-96.592773,40.2,40.1,43.6
DGNO,DGN546720,2020-01-24,9:45 AM,Derailment,0,GARLAND,TX,50,2,Day,Clear,Yard,Freight Train,7,35528,30650,66178,T101,32.904725,-96.690273,47.8,47.2,52.6
KCS,18090404,2018-09-04,3:54 PM,Derailment,0,GARLAND,TX,88,2,Day,Clear,Industry,Yard/switching,5,17968,2300,20268,T199,32.878377,-96.686103,77.5,79.5,80.9
WC,975856,2018-10-14,2:45 AM,Other (describe in narrative),0,GARNET,MI,36,4,Dark,Clear,Main,Freight Train,25,16500,16274,32774,E53C,46.158711,-85.322319,38.6,42,34.3
UP,0923HL009,2023-09-08,6:01 PM,Derailment,0,GARNETT,KS,85,3,Dusk,Clear,Main,Freight Train,3,297755,282003,579758,E99C,38.333828,-95.174004,72.5,75.2,72.6
UP,0221RM028,2021-02-20,3:52 PM,Derailment,2,GARRISON,UT,36,2,Day,Cloudy,Main,Freight Train,47,1584536,4658525,6243061,E61C,38.761421,-112.935682,34.7,30,26.5
UP,0221RM024,2021-02-17,2:23 PM,Other (describe in narrative),0,GARRISON,UT,29,2,Day,Cloudy,Siding,Freight Train,1,5000,28155,33155,H008,38.71237,-112.968898,28.2,20.6,22.8
UP,0818UT045,2018-08-31,4:15 PM,Derailment,0,GARRISON,UT,86,2,Day,Clear,Main,Freight Train,36,841697,170620,1012317,M105,38.642853,-112.982661,73.1,70.9,67.8
BNSF,NE1214200,2014-12-08,11:11 PM,Hwy-rail crossing,0,GARRISON,NE,28,4,Dark,Clear,Main,Freight Train,20,15000,0,15000,M302,41.205275,-97.14762,35.3,38.4,23.8
MRL,2015052,2015-04-15,5:03 PM,Derailment,0,GARRISON,MT,42,2,Day,Clear,Siding,Freight Train,4,58000,0,58000,E46C,46.522454,-112.808817,42.9,36.6,39.3
MRL,2015039,2015-03-22,5:15 AM,Derailment,0,GARRISON,MT,40,4,Dark,Clear,Yard,Freight Train,10,183232,0,198232,H306,46.5375,-112.8264,45.3,45,39.5
BNSF,PR1019204,2019-10-22,7:02 AM,Hwy-rail crossing,0,GARRISON,NE,43,1,Dawn,Clear,Main,Freight Train,23,14490,0,14490,M308,41.205214,-97.148397,45.1,46.3,48
BNSF,MT0315103,2015-03-22,5:15 AM,Derailment,0,GARRISON,MT,22,1,Dawn,Clear,Yard,,0,0,15000,198232,H307,46.5375,-112.8264,45.3,45,39.5
DMVW,DE32521,2021-03-25,5:45 PM,Derailment,0,GARRISON,ND,42,2,Day,Clear,Industry,Freight Train,9,0,26575,26575,T199,47.655797,-101.425417,29.6,40.9,35.2
UP,0923HO008,2023-09-06,1:07 AM,Derailment,0,GARWOOD,TX,82,4,Dark,Clear,Industry,Freight Train,8,12131,7040,19171,T319,29.519521,-96.431963,88.9,89.1,89.8
WC,1022311,2019-12-28,9:27 PM,Derailment,0,GARY,IN,48,4,Dark,Clear,Yard,Light loco(s),15,23520,17472,40992,H706,41.628946,-87.406392,34.5,38.8,54.4
WC,947905,2018-01-16,1:33 PM,Other impacts,0,GARY,IN,-5,2,Day,Snow,Yard,Cut of cars,8,15000,0,15000,M201,41.615852,-87.363901,16.3,12.9,12
WC,1120794,2022-12-14,9:44 PM,Side collision,0,GARY,IN,37,4,Dark,Rain,Yard,Freight Train,0,21341,17846,48137,S016,41.629815,-87.412033,35.1,38.7,34.3
GRW,24,2021-10-30,9:10 AM,Derailment,0,GARY,IN,54,2,Day,Clear,Industry,Yard/switching,2,8500,24667,33167,M599,41.61347,-87.327948,54,52.1,46.6
WC,1091176,2021-12-27,2:21 AM,Derailment,0,GARY,IN,39,4,Dark,Cloudy,Yard,Freight Train,3,54850,5000,59850,E33C,41.629532,-87.406319,33.3,38.9,33.3
WC,883630,2016-03-30,3:00 PM,Derailment,0,GARY,IN,52,2,Day,Cloudy,Yard,Yard/switching,7,14221,100,14321,H704,41.610419,-87.351403,44.2,50.8,58.4
NS,139341,2020-10-03,10:54 AM,Hwy-rail crossing,0,GARY,IN,64,2,Day,Clear,Main,Freight Train,33,16,18500,18516,M308,41.624851,-87.394034,47.3,48.2,47
WC,897238,2016-08-09,5:30 AM,Other impacts,0,GARY,IN,70,1,Dawn,Clear,Yard,Yard/switching,2,17000,0,54860,S014,41.616628,-87.367189,76,76.2,79.2
WC,837298,2015-01-09,7:00 PM,Other (describe in narrative),0,GARY,IN,6,4,Dark,Clear,Yard,,0,0,19148,19148,H702,41.6234,-87.384921,3,6.5,9.6
ATK,169802,2022-02-16,6:08 PM,Hwy-rail crossing,0,GARY,IN,52,3,Dusk,Cloudy,Main,Passenger Train - Pulling,62,18484,0,18484,M308,41.624851,-87.394034,28.7,47.1,30.2
ATK,171430,2022-07-26,8:23 AM,Hwy-rail crossing,0,GARY,IN,73,2,Day,Clear,Main,Passenger Train - Pulling,70,27653,0,27653,M308,41.624851,-87.394034,70.6,71,73.2
NS,113763,2015-01-09,7:00 PM,Other (describe in narrative),0,GARY,IN,6,3,Dusk,Snow,Yard,Freight Train,8,0,0,19148,H702,41.6234,-87.384921,3,6.5,9.6
GRW,23,2015-07-23,3:50 PM,Derailment,0,GARY,IN,80,2,Day,Clear,Industry,Yard/switching,5,5000,9220,14220,E40C,41.624866,-87.333857,71.6,74,74.8
WC,1116324,2022-10-15,8:45 AM,Side collision,0,GARY,IN,36,2,Day,Clear,Yard,Yard/switching,5,203000,0,216065,M411,41.630071,-87.41169,46.4,44.3,47.9
WC,1088770,2021-11-22,5:26 PM,Derailment,0,GARY,IN,31,4,Dark,Cloudy,Yard,Single Car,4,8300,0,36830,M411,41.629507,-87.406351,41.4,28.8,31.3
WC,1120068,2022-10-26,9:06 AM,Other (describe in narrative),0,GARY,IN,62,2,Day,Cloudy,Yard,Freight Train,2,25000,0,25000,M204,41.629558,-87.41272,58.5,46.5,43.3
WC,1116324,2022-10-15,8:45 AM,Side collision,0,GARY,IN,36,2,Day,Clear,Yard,Yard/switching,5,65,13000,216065,M411,41.630071,-87.41169,46.4,44.3,47.9
WC,1088770,2021-11-22,5:26 PM,Derailment,0,GARY,IN,31,4,Dark,Cloudy,Yard,Yard/switching,4,23027,5503,36830,M411,41.629507,-87.406351,41.4,28.8,31.3
WC,1108377,2022-07-14,7:35 AM,Derailment,0,GARY,IN,75,2,Day,Clear,Yard,Yard/switching,3,28200,1813,30013,E30C,41.628559,-87.412004,71.4,69.9,67
NS,146241,2022-08-19,6:30 PM,Hwy-rail crossing,0,GARY,IN,72,3,Dusk,Clear,Main,Freight Train,30,438,14000,14438,M303,41.624851,-87.394034,69.8,73,69.9
CSX,000204335,2022-04-18,9:42 AM,Derailment,0,GARY,IN,36,2,Day,Clear,Yard,Yard/switching,2,23383,0,23483,H514,41.629592,-87.406329,36.2,35.9,40.2
WC,1100120,2022-04-18,9:42 AM,Derailment,0,GARY,IN,36,2,Day,Cloudy,Yard,,0,0,100,23483,H514,41.629592,-87.406329,36.2,35.9,40.2
WC,1120794,2022-12-14,9:44 PM,Side collision,0,GARY,IN,37,4,Dark,Rain,Yard,Single Car,5,8950,0,48137,S016,41.629815,-87.412033,35.1,38.7,34.3
NS,122395,2016-10-12,7:21 PM,Hwy-rail crossing,0,GARY,IN,58,3,Dusk,Clear,Main,Freight Train,40,90,20000,20090,M308,41.61038,-87.22252,63.4,60,48.3
WC,899873,2016-09-04,10:30 PM,Derailment,0,GARY,IN,75,4,Dark,Clear,Yard,Yard/switching,4,116203,7120,123323,H704,41.622626,-87.382651,66.3,68.3,75.5
WC,940074,2017-10-26,6:32 AM,Derailment,0,GARY,IN,37,1,Dawn,Clear,Yard,Yard/switching,9,20000,13060,33060,S016,41.613594,-87.359015,42.6,47.3,42.3
WC,997544,2019-05-03,5:50 AM,Other impacts,0,GARY,IN,50,1,Dawn,Clear,Yard,Single Car,12,12057,0,12057,H993,41.62868,-87.415559,46.1,46.8,50.1
CSX,000155798,2016-01-07,3:40 AM,Derailment,0,GARY,IN,33,4,Dark,Cloudy,Yard,Freight Train,4,64497,0,75536,H702,41.621764,-87.377271,30.5,37.9,41.4
WC,847700,2015-04-23,11:25 PM,Other impacts,0,GARY,IN,34,4,Dark,Clear,Yard,Cut of cars,0,3694,0,76852,H706,41.619279,-87.370749,40,42.1,45.4
GRW,04,2018-02-03,11:30 PM,Derailment,0,GARY,IN,34,4,Dark,Snow,Yard,Yard/switching,7,16332,18701,35033,E04C,41.623226,-87.351105,13.5,29.8,22.5
NS,146671,2022-07-26,8:30 AM,Hwy-rail crossing,0,GARY,IN,73,2,Day,Clear,Main,,0,0,0,27653,M308,41.624832,-87.39398,70.6,71,73.2
WC,847700,2015-04-23,11:25 PM,Other impacts,0,GARY,IN,34,4,Dark,Clear,Yard,Yard/switching,7,72908,250,76852,H706,41.619279,-87.370749,40,42.1,45.4
WC,897238,2016-08-09,5:30 AM,Other impacts,0,GARY,IN,70,1,Dawn,Clear,Yard,Single Car,16,37000,860,54860,S014,41.616628,-87.367189,76,76.2,79.2
WC,1000787,2019-05-13,3:45 PM,Side collision,0,GARY,IN,55,2,Day,Clear,Yard,Light loco(s),4,7000,0,14000,H516,41.626099,-87.41092,46.1,49.7,54.7
NICD,N1800019,2018-08-28,4:55 PM,Hwy-rail crossing,0,GARY,IN,90,2,Day,Clear,Main,Passenger Train - Pulling,77,228049,0,228049,M308,41.618401,-87.225316,83.1,80.9,69.8
WC,835361,2014-12-15,2:40 PM,Other impacts,0,GARY,IN,66,2,Day,Clear,Yard,Cut of cars,6,28745,75,32638,M599,41.619541,-87.371762,46.7,44,40.4
CSX,000174550,2018-02-06,9:00 AM,Hwy-rail crossing,0,GARY,IN,10,2,Day,Snow,Main,Freight Train,59,2940,25000,27940,M303,41.599404,-87.26702,5.4,13.3,17.8
GRW,24,2015-07-29,11:00 AM,Derailment,0,GARY,IN,85,2,Day,Clear,Industry,Yard/switching,4,3140,12086,15226,M599,41.624866,-87.333857,79.7,79.3,76.5
WC,835361,2014-12-15,2:40 PM,Other impacts,0,GARY,IN,66,2,Day,Clear,Yard,Yard/switching,4,3818,0,32638,M599,41.619541,-87.371762,46.7,44,40.4
WC,1030125,2020-03-18,12:34 PM,Side collision,0,GARY,IN,45,2,Day,Rain,Yard,Yard/switching,0,43200,250,125150,H307,41.629327,-87.391235,38.6,39.6,48.2
NICD,FRA16013,2016-10-26,5:22 PM,Other (describe in narrative),0,GARY,IN,60,2,Day,Rain,Main,Commuter Train - Pulling,60,14295,1200,15495,M599,41.603398,-87.329806,45.2,47.2,47.8
WC,1037077,2020-05-31,10:53 PM,Derailment,0,GARY,IN,60,4,Dark,Clear,Yard,Yard/switching,4,15000,1735,16735,H702,41.619803,-87.372928,61,57.9,62.9
NICD,N2300003,2023-04-14,7:00 AM,Hwy-rail crossing,0,GARY,IN,60,2,Day,Clear,Main,Commuter Train - Pulling,40,190875,0,190875,M308,41.60573,-87.399882,67.8,66.4,69.6
ATK,146265,2017-02-08,1:30 PM,Hwy-rail crossing,0,GARY,IN,30,2,Day,Cloudy,Main,Passenger Train - Pulling,76,21720,0,225652,M302,41.624831,-87.393977,44.3,28.9,18.3
WC,834732,2014-12-08,12:48 AM,Other impacts,0,GARY,IN,39,4,Dark,Clear,Yard,Yard/switching,4,62426,125,62551,H503,41.609258,-87.352447,31.7,34.5,35.4
WC,929256,2017-04-14,11:30 PM,Other impacts,0,GARY,IN,78,4,Dark,Clear,Yard,Yard/switching,6,12500,0,12500,M201,41.618274,-87.369885,52.3,58.4,70.1
WC,997544,2019-05-03,5:50 AM,Other impacts,0,GARY,IN,50,1,Dawn,Clear,Yard,Single Car,0,0,0,12057,H993,41.62868,-87.415559,46.1,46.8,50.1
WC,844977,2015-03-27,12:30 PM,Derailment,0,GARY,IN,35,2,Day,Cloudy,Yard,Freight Train,3,6520,47976,54496,H704,41.624473,-87.385962,37.8,27.2,27.2
WC,980019,2018-11-27,1:20 AM,Derailment,0,GARY,IN,24,4,Dark,Clear,Yard,Yard/switching,4,7500,18751,26251,M599,41.610485,-87.351565,29.9,22.4,23.5
WC,835039,2014-12-12,12:30 AM,Derailment,0,GARY,IN,28,4,Dark,Clear,Yard,,0,0,5174,16143,E34C,41.612595,-87.354414,28.5,29.3,41.8
WC,911716,2017-01-21,8:40 AM,Derailment,0,GARY,IN,45,2,Day,Cloudy,Yard,Yard/switching,10,53176,171890,225066,E29C,41.610306,-87.351147,40.9,49.7,39.9
GRW,28,2015-09-03,4:20 PM,Derailment,0,GARY,IN,90,2,Day,Clear,Industry,Yard/switching,5,22000,1796,23796,M204,41.621336,-87.354393,78.7,79.6,74.5
BNSF,RD0521127,2021-05-04,10:25 AM,Derailment,0,GARY,TX,60,2,Day,Rain,Main,Maint./inspect Car,18,20000,0,20000,H997,32.059217,-94.382854,78.3,72.5,64
WC,1059266,2021-01-20,2:12 AM,Side collision,0,GARY,IN,15,4,Dark,Clear,Yard,Yard/switching,10,31600,0,63200,E29C,41.621884,-87.381215,25,24.1,34.9
WC,1071147,2021-05-21,5:48 PM,Derailment,0,GARY,IN,82,2,Day,Clear,Yard,Yard/switching,3,3656,28000,31656,H702,41.629555,-87.406437,74.5,74.3,75.2
WC,851526,2015-05-28,7:20 PM,Derailment,0,GARY,IN,65,2,Day,Clear,Yard,Yard/switching,2,30469,11300,41769,H306,41.609224,-87.35108,69.3,69.3,74
WC,1077357,2021-07-21,12:37 AM,Derailment,0,GARY,IN,67,4,Dark,Clear,Yard,Yard/switching,5,38694,26509,331493,H399,41.629507,-87.406373,73.3,69.4,73.1
WC,856683,2015-06-25,5:20 PM,Other impacts,0,GARY,IN,78,2,Day,Cloudy,Yard,Yard/switching,4,125444,0,140598,H310,41.62645,-87.39405,69.7,70.6,64.4
GRW,23,2016-07-08,11:00 AM,Derailment,0,GARY,IN,88,2,Day,Clear,Industry,Yard/switching,2,357,10810,11167,E68C,41.621326,-87.329338,75.5,77.6,70.9
CSX,000217384,2024-04-15,7:00 AM,Hwy-rail crossing,0,GARY,IN,58,1,Dawn,Clear,Main,Freight Train,35,5604,10747,16351,M302,41.62422,-87.39399,66.7,60.2,64.9
GRW,57,2014-12-12,12:30 AM,Derailment,0,GARY,IN,27,4,Dark,Cloudy,Yard,Freight Train,2,5795,5174,16143,E34C,41.612595,-87.354414,28.5,29.3,41.8
WC,1075097,2021-06-28,5:57 PM,Other impacts,0,GARY,IN,81,2,Day,Cloudy,Yard,Single Car,3,11960,0,11996,S016,41.629483,-87.406394,76.7,73.8,75.6
WC,920602,2017-04-26,2:10 PM,Other impacts,0,GARY,IN,76,2,Day,Clear,Yard,Yard/switching,8,21442,0,21442,H99B,41.616461,-87.367189,66.1,69.4,51
WC,1147194,2024-03-26,1:10 PM,Other impacts,0,GARY,IN,49,2,Day,Cloudy,Yard,Yard/switching,5,25000,0,25000,M599,41.618605,-87.368741,54.4,46.9,34.9
NICD,N2100019,2021-09-28,3:14 PM,Hwy-rail crossing,0,GARY,IN,78,2,Day,Clear,Main,Passenger Train - Pulling,75,238026,0,238026,M308,41.613647,-87.225316,71.9,65.6,65.5
WC,1078093,2021-07-26,10:15 PM,Other impacts,0,GARY,IN,67,4,Dark,Clear,Yard,Yard/switching,5,51786,0,51820,M599,41.629748,-87.405987,78.3,77.1,76.1
WC,1077357,2021-07-21,12:37 AM,Derailment,0,GARY,IN,67,4,Dark,Clear,Yard,Yard/switching,5,266290,0,331493,H399,41.629507,-87.406373,73.3,69.4,73.1
WC,1138254,2023-08-25,5:00 PM,Other (describe in narrative),0,GARY,IN,70,2,Day,Clear,Yard,Yard/switching,3,75993,223000,298993,H307,41.623439,-87.387281,86.8,73.2,69.8
NICD,N2300011,2023-08-06,10:30 AM,Other (describe in narrative),0,GARY,IN,72,2,Day,Clear,Main,Cut of cars,0,75875,37052,112927,H599,41.602652,-87.328869,69.6,66.9,69.5
WC,1075097,2021-06-28,5:57 PM,Other impacts,0,GARY,IN,81,2,Day,Cloudy,Yard,Single Car,3,36,0,11996,S016,41.629483,-87.406394,76.7,73.8,75.6
WC,1078093,2021-07-26,10:15 PM,Other impacts,0,GARY,IN,67,4,Dark,Clear,Yard,Single Car,5,34,0,51820,M599,41.629748,-87.405987,78.3,77.1,76.1
WC,1147815,2024-04-06,10:00 PM,Derailment,0,GARY,IN,35,4,Dark,Clear,Yard,Yard/switching,5,239368,29091,268459,E45C,41.6213,-87.380243,40.3,41.4,44.8
GRW,07,2017-03-14,1:00 PM,Derailment,0,GARY,IN,28,2,Day,Snow,Industry,Yard/switching,9,10547,4439,14986,H599,41.61078,-87.327373,27.3,22.5,23.9
WC,1142201,2023-12-06,9:40 PM,Side collision,0,GARY,IN,39,4,Dark,Cloudy,Yard,Freight Train,2,20000,0,30200,M411,41.628486,-87.412,35.2,34.4,42.3
WC,856683,2015-06-25,5:20 PM,Other impacts,0,GARY,IN,78,2,Day,Cloudy,Yard,Yard/switching,4,8204,6950,140598,H310,41.62645,-87.39405,69.7,70.6,64.4
GRW,13,2017-06-15,10:00 AM,Derailment,0,GARY,IN,75,2,Day,Cloudy,Yard,Yard/switching,9,11197,14343,25540,M599,41.60946,-87.339221,75,76.9,75.7
WC,1030125,2020-03-18,12:34 PM,Side collision,0,GARY,IN,45,2,Day,Rain,Yard,Single Car,4,81700,0,125150,H307,41.629327,-87.391235,38.6,39.6,48.2
BNSF,RD0417128,2017-04-10,9:45 AM,Derailment,0,GARY,TX,78,2,Day,Clear,Main,Maint./inspect Car,10,65900,0,65900,M599,32.068419,-94.380606,70.9,72.2,67.7
NS,123902,2017-02-08,2:00 PM,Hwy-rail crossing,0,GARY,IN,33,2,Day,Cloudy,Main,,0,0,203932,225652,M302,41.624831,-87.393977,44.3,28.9,18.3
WC,855539,2015-06-16,12:01 PM,Broken train collision,0,GARY,IN,65,2,Day,Clear,Yard,Yard/switching,3,19677,1797,21474,H503,41.6226,-87.383265,73.9,64.4,63.3
WC,979925,2018-11-25,5:45 PM,Derailment,0,GARY,IN,40,4,Dark,Rain,Yard,Yard/switching,9,26048,44774,70822,H702,41.61335,-87.35631,44.1,38.9,29.9
WC,1142201,2023-12-06,9:40 PM,Side collision,0,GARY,IN,39,4,Dark,Cloudy,Yard,Single Car,3,10200,0,30200,M411,41.628486,-87.412,35.2,34.4,42.3
NICD,N2400002,2024-01-14,12:30 PM,Other (describe in narrative),0,GARY,IN,-4,2,Day,Clear,Main,Cut of cars,0,24141,0,24141,H599,41.603867,-87.339724,19.2,-6.7,-3.3
WC,1149746,2024-05-09,9:55 AM,Derailment,0,GARY,IN,56,2,Day,Rain,Yard,Yard/switching,2,12000,37175,49175,E21C,41.627716,-87.411828,65.3,56.9,56.6
NS,138943,2020-08-24,12:00 PM,Hwy-rail crossing,0,GARY,IN,90,2,Day,Clear,Main,Freight Train,42,2147,16444,18591,M303,41.624851,-87.394034,75.6,80.2,80
WC,973759,2018-09-21,11:02 PM,Other impacts,0,GARY,IN,61,4,Dark,Clear,Yard,Yard/switching,3,13500,0,13500,M105,41.613927,-87.358419,80,73.3,58.8
WC,1033596,2020-04-28,3:01 PM,Derailment,0,GARY,IN,70,2,Day,Rain,Yard,Yard/switching,7,25101,324767,349868,H525,41.629519,-87.4064,50.7,61.7,51.7
ATK,157268,2019-01-21,12:38 PM,Hwy-rail crossing,0,GARY,IN,10,2,Day,Clear,Main,Passenger Train - Pulling,58,18075,0,18075,M302,41.615473,-87.394012,13.9,9.5,25.1
WC,1012008,2019-09-08,11:10 AM,Derailment,0,GARY,IN,64,2,Day,Cloudy,Yard,Freight Train,5,26400,50000,76400,H702,41.633617,-87.399763,68.3,63.7,67.4
GRW,10,2019-07-27,4:40 PM,Derailment,0,GARY,IN,82,2,Day,Clear,Industry,Yard/switching,4,57195,18693,75888,E69C,41.614165,-87.329492,73.6,78.1,79.2
NS,132539,2019-01-21,1:38 PM,Hwy-rail crossing,0,GARY,IN,10,2,Day,Clear,Main,,0,0,0,18075,M302,41.624851,-87.394034,13.9,9.5,25.1
WC,1000787,2019-05-13,3:45 PM,Side collision,0,GARY,IN,55,2,Day,Clear,Yard,Light loco(s),5,7000,0,14000,H516,41.626099,-87.41092,46.1,49.7,54.7