reportingrailroadcode,accidentnumber,date,time,accidenttype,hazmatreleasedcars,station,stateabbr,temperature,visibility_code,visibility,weathercondition,tracktype,equipmenttype,trainspeed,equipmentdamagecost,trackdamagecost,totaldamagecost,primaryaccidentcausecode,latitude,longitude,prior_temp,actual_temp,following_temp
WC,955453,2018-04-11,5:27 PM,Derailment,0,GARY,IN,56,2,Day,Clear,Yard,Single Car,2,113509,915,146091,S016,41.616984,-87.366355,36.5,51.3,58.5
WC,1007726,2019-07-28,4:15 AM,Derailment,0,GARY,IN,80,1,Dawn,Cloudy,Yard,Yard/switching,4,167546,5000,172546,H703,41.629672,-87.405966,78.1,79.2,74
NICD,N1900017,2019-08-19,4:10 PM,Other (describe in narrative),0,GARY,IN,82,2,Day,Clear,Main,Commuter Train - Pulling,50,44773,37857,82630,M599,41.605515,-87.397832,73.9,77,73
WC,955453,2018-04-11,5:27 PM,Derailment,0,GARY,IN,56,2,Day,Clear,Yard,Yard/switching,2,31667,0,146091,S016,41.616984,-87.366355,36.5,51.3,58.5
WC,1094985,2022-02-16,7:30 AM,Side collision,0,GARY,IN,45,1,Dawn,Cloudy,Yard,Yard/switching,0,5000,0,19566,S007,41.629514,-87.406377,28.7,47.1,30.2
GRW,02,2018-01-16,3:15 AM,Derailment,0,GARY,IN,5,4,Dark,Snow,Industry,Yard/switching,5,14410,2199,16609,H305,41.613259,-87.330446,16.3,12.9,12
WC,1010604,2019-08-27,5:21 AM,Derailment,0,GARY,IN,71,4,Dark,Cloudy,Yard,Yard/switching,4,1744,50197,51941,M411,41.627963,-87.421748,70.9,72.3,67.6
CSX,000186353,2019-11-01,7:45 PM,Derailment,0,GARY,IN,39,4,Dark,Cloudy,Yard,Freight Train,9,27208,33000,60208,T220,41.617106,-87.373125,35.2,34.3,38.9
WC,994730,2019-04-14,10:23 PM,Broken train collision,0,GARY,IN,32,4,Dark,Snow,Yard,Yard/switching,10,205149,1600,206749,H508,41.61088,-88.073467,43.6,35.3,42.8
GRW,03,2017-01-20,2:54 PM,Derailment,0,GARY,IN,43,2,Day,Cloudy,Industry,Yard/switching,4,483,10435,10918,H702,41.61921,-87.352286,36.7,40.9,49.7
NICD,N2000004,2020-03-03,9:35 AM,Other (describe in narrative),0,GARY,IN,40,2,Day,Rain,Yard,Single Car,0,33050,1584,34634,H999,41.604374,-87.334956,42.5,38.7,38.1
IHB,2264,2016-11-17,6:40 PM,Other impacts,0,GARY,IN,60,4,Dark,Clear,Industry,Yard/switching,4,63000,0,63000,H021,41.602137,-87.439913,47.2,59,56.7
GRW,17,2019-12-17,7:30 AM,Hwy-rail crossing,0,GARY,IN,35,2,Day,Clear,Industry,Yard/switching,9,32540,0,32540,M302,41.61139,-87.35108,29.3,26.9,19.5
WC,1009109,2019-08-12,2:00 AM,Side collision,0,GARY,IN,73,4,Dark,Cloudy,Yard,Yard/switching,0,34440,0,40870,M407,41.629672,-87.399614,73.9,75,75.2
WC,1009109,2019-08-12,2:00 AM,Side collision,0,GARY,IN,73,4,Dark,Cloudy,Yard,Cut of cars,5,6430,0,40870,M407,41.629672,-87.399614,73.9,75,75.2
NS,144409,2022-02-16,6:08 PM,Hwy-rail crossing,0,GARY,IN,50,3,Dusk,Rain,Main,,0,0,0,18484,M308,41.624832,-87.39398,28.7,47.1,30.2
NS,135030,2019-08-08,10:20 AM,Hwy-rail crossing,0,GARY,IN,87,2,Day,Cloudy,Main,Freight Train,35,468,110292,110760,M303,41.624851,-87.394034,75.7,76.7,71.1
WC,1063048,2021-03-03,3:25 AM,Derailment,0,GARY,IN,36,4,Dark,Clear,Yard,Light loco(s),14,600,12585,13185,H607,41.629587,-87.406394,30.3,41.3,32.5
WC,1074278,2021-06-20,6:22 PM,Derailment,0,GARY,IN,80,2,Day,Clear,Yard,Yard/switching,2,11032,1216,13150,H018,41.629563,-87.406387,76,74.2,67.2
WC,1062824,2021-03-01,5:27 AM,Derailment,0,GARY,IN,27,4,Dark,Clear,Yard,Yard/switching,7,7783,15792,23575,E79L,41.629571,-87.406437,41.2,29.5,30.3
WC,1127514,2023-03-09,11:38 AM,Derailment,0,GARY,IN,39,2,Day,Cloudy,Yard,Yard/switching,4,49303,9577,58880,E04C,41.630071,-87.412262,39.3,38.1,33.8
GRW,03,2021-01-20,2:12 AM,Broken train collision,0,GARY,IN,15,4,Dark,Clear,Yard,Yard/switching,1,31600,0,63200,E35C,41.621884,-87.381215,25,24.1,34.9
WC,1701499,2024-08-15,10:46 AM,Side collision,0,GARY,IN,68,2,Day,Rain,Yard,Single Car,3,0,0,21000,M599,41.621794,-87.375403,72.7,70.5,74.7
WC,1142877,2023-12-26,2:05 PM,Other (describe in narrative),0,GARY,IN,50,2,Day,Clear,Yard,Yard/switching,5,13000,0,13000,M505,41.630026,-87.412,53.6,40.6,36.8
WC,961683,2018-06-05,11:24 AM,Obstruction,0,GARY,IN,60,2,Day,Clear,Yard,Yard/switching,10,14000,0,14000,H993,41.614927,-87.365134,68.2,62.9,65.5
WC,1121647,2022-12-30,3:15 AM,Derailment,0,GARY,IN,55,4,Dark,Rain,Yard,,0,0,5420,5420,H702,41.629815,-87.412033,50.9,43.7,33.4
GRW,01,2015-01-02,9:25 PM,Derailment,0,GARY,IN,32,4,Dark,Clear,Yard,Yard/switching,5,10214,31573,41787,H308,41.619421,-87.352278,22.6,26.7,33.4
WC,1151672,2024-06-14,9:45 PM,Derailment,0,GARY,IN,63,4,Dark,Clear,Yard,Freight Train,2,3180,10938,14118,H702,41.623866,-87.384534,76.8,71.5,71.8
NICD,N2400010,2024-06-10,7:45 AM,Hwy-rail crossing,0,GARY,IN,82,1,Dawn,Clear,Main,Passenger Train - Pulling,24,170000,2715,172715,M599,41.605612,-87.367845,65.6,57.7,63
WC,978354,2018-11-08,9:00 AM,Derailment,0,GARY,IN,39,2,Day,Cloudy,Yard,Yard/switching,3,15500,996,16496,H702,41.627269,-87.39179,36.7,36.1,31.2
WC,1091131,2021-12-26,5:45 AM,Derailment,0,GARY,IN,27,4,Dark,Clear,Yard,Light loco(s),4,1579,10729,12308,H702,41.629532,-87.406319,43,33.3,38.9
WC,1701499,2024-08-15,10:46 AM,Side collision,0,GARY,IN,68,2,Day,Rain,Yard,Yard/switching,3,21000,0,21000,M599,41.621794,-87.375403,72.7,70.5,74.7
WC,1056326,2020-11-27,3:52 AM,Other (describe in narrative),0,GARY,IN,35,4,Dark,Cloudy,Yard,Cut of cars,15,14700,0,14700,H312,41.629525,-87.406391,42,37.8,36.4
GRW,15,2017-06-27,2:35 PM,Derailment,0,GARY,IN,76,2,Day,Clear,Yard,Yard/switching,7,19739,0,19739,E29C,41.608801,-87.333966,62.9,64.2,69.1
WC,1074278,2021-06-20,6:22 PM,Derailment,0,GARY,IN,80,2,Day,Clear,Yard,Cut of cars,0,902,0,13150,H018,41.629563,-87.406387,76,74.2,67.2
WC,1058574,2021-01-11,4:55 PM,Side collision,0,GARY,IN,27,4,Dark,Clear,Yard,Light loco(s),2,7327,149,32713,H607,41.629772,-87.405684,25.9,25.2,29.3
WC,876033,2016-01-07,3:40 AM,Derailment,0,GARY,IN,33,4,Dark,Cloudy,Yard,,0,0,11039,75536,H704,41.621764,-87.377271,30.5,37.9,41.4
WC,1024689,2020-01-23,1:30 AM,Side collision,0,GARY,IN,31,4,Dark,Snow,Yard,Cut of cars,5,70900,0,95000,H099,41.626901,-87.419052,28.6,32.1,36
WC,1058574,2021-01-11,4:55 PM,Side collision,0,GARY,IN,27,4,Dark,Clear,Yard,Yard/switching,5,25237,0,32713,H607,41.629772,-87.405684,25.9,25.2,29.3
WC,1024689,2020-01-23,1:30 AM,Side collision,0,GARY,IN,31,4,Dark,Snow,Yard,Yard/switching,5,24100,0,95000,H099,41.626901,-87.419052,28.6,32.1,36
CSX,000214830,2023-11-30,4:00 PM,Derailment,0,GARY,IN,40,2,Day,Cloudy,Main,Freight Train,25,21353,6589,27942,E61C,41.617092,-87.373119,29.8,42,42.4
WC,962400,2018-06-12,9:24 PM,Other impacts,0,GARY,IN,72,4,Dark,Clear,Yard,Yard/switching,2,16000,0,16000,H302,41.613376,-87.357217,66.5,72.8,73.1
WC,982633,2018-12-25,9:45 PM,Other impacts,0,GARY,IN,27,4,Dark,Clear,Yard,Yard/switching,5,104235,4680,108915,H021,41.619023,-87.372672,28.7,34.5,36.2
NICD,N2100022,2021-10-15,5:22 PM,Hwy-rail crossing,0,GARY,IN,68,3,Dusk,Cloudy,Main,Passenger Train - Pulling,60,26791,0,26791,M308,41.605541,-87.371959,64.9,58.4,50.9
WC,1093937,2022-02-04,6:35 AM,Derailment,0,GARY,IN,19,4,Dark,Clear,Yard,Yard/switching,5,113616,73662,187278,T204,41.629539,-87.406394,23.1,18.3,10.4
GRW,55,2014-12-04,1:40 AM,Derailment,0,GARY,IN,32,4,Dark,Clear,Yard,Freight Train,0,0,16993,27881,T311,41.609225,-87.338514,30.1,30.6,35.8
GRW,11,2018-04-30,11:55 AM,Derailment,0,GARY,IN,75,2,Day,Clear,Industry,Yard/switching,3,25417,24032,49449,T206,41.621841,-87.32706,44.1,58.6,70.9
WC,1143434,2024-01-11,9:46 PM,Derailment,0,GARY,IN,29,4,Dark,Clear,Yard,Yard/switching,2,14244,15866,30110,T303,41.624733,-87.38801,32.1,31,33.4
WC,834431,2014-12-04,1:40 AM,Derailment,0,GARY,IN,30,4,Dark,Cloudy,Yard,Yard/switching,5,10888,0,27881,T311,41.609225,-87.338514,30.1,30.6,35.8
IHB,2187,2016-02-27,1:30 AM,Derailment,0,GARY,IN,27,4,Dark,Clear,Industry,Freight Train,10,13016,9156,22172,T110,41.595218,-87.385875,31.1,36.2,49.1
GRW,06,2022-03-09,2:00 AM,Derailment,0,GARY,IN,30,4,Dark,Cloudy,Industry,Yard/switching,4,582,11959,12541,T110,41.624825,-87.330158,31.6,34.7,27
GRW,05,2022-02-16,2:50 AM,Derailment,0,GARY,IN,40,4,Dark,Clear,Yard,Yard/switching,8,69700,11390,81090,T201,41.623884,-87.352077,28.7,47.1,30.2
WC,1096486,2022-03-06,4:30 AM,Other impacts,0,GARY,IN,45,4,Dark,Cloudy,Yard,Yard/switching,3,31204,0,64215,T306,41.629587,-87.406394,54.5,43,33.3
WC,1096486,2022-03-06,4:30 AM,Other impacts,0,GARY,IN,45,4,Dark,Cloudy,Yard,Cut of cars,0,32397,614,64215,T306,41.629587,-87.406394,54.5,43,33.3
NS,127185,2017-10-26,11:40 AM,Derailment,0,GARY,IN,55,2,Day,Cloudy,Industry,Freight Train,4,7200,21120,28320,T110,41.594935,-87.325662,42.6,47.3,42.3
GRW,20230830,2023-08-30,4:00 PM,Derailment,0,GARY,IN,75,2,Day,Clear,Industry,Yard/switching,3,3500,17500,21000,T110,41.6237,-87.351,68.5,63.8,62.6
GRW,14,2021-05-31,7:30 PM,Derailment,0,GARY,IN,57,2,Day,Clear,Yard,Yard/switching,5,2860,20910,23770,T111,41.618908,-87.352466,54.5,60.7,62.1
GRW,01,2019-01-04,10:59 PM,Derailment,0,GARY,IN,36,4,Dark,Clear,Industry,Yard/switching,5,25516,15123,40639,T111,41.622944,-87.328124,31.4,37.4,40.3
GRW,05,2015-01-09,11:55 AM,Derailment,0,GARY,IN,7,2,Day,Clear,Industry,Yard/switching,2,0,18360,18360,T311,41.61487,-87.389524,3,6.5,9.6
WC,1136765,2023-07-24,9:50 PM,Derailment,1,GARY,IN,75,4,Dark,Clear,Yard,Yard/switching,7,118560,479071,597631,T402,41.617869,-87.358109,72.8,73.8,75.7
UP,0320ES017,2020-03-09,1:39 PM,Obstruction,0,GASCONADE,MO,59,2,Day,Rain,Main,Maint./inspect Car,3,14501,450,14951,H997,38.672859,-91.546553,57.3,56.5,41.6
CSX,000147920,2015-06-16,4:45 PM,Derailment,0,GASTON,SC,100,2,Day,Clear,Main,Freight Train,11,235190,44905,280095,T109,33.864037,-81.093611,87,87.6,88.2
HRRC,0516,2016-06-04,1:02 AM,Derailment,0,GAYLORDSVILLE,CT,53,4,Dark,Clear,Main,Freight Train,25,150000,17500,167500,T210,41.583691,-73.405971,64,72.8,66.4
BNSF,TC0617115,2017-06-26,11:44 AM,Derailment,0,GAYVILLE,SD,68,2,Day,Clear,Main,Freight Train,23,30028,250,30278,T207,42.898788,-97.238491,61.6,62.6,67.5
IC,1121001,2022-12-18,10:40 PM,Derailment,0,GEISMAR,LA,45,4,Dark,Clear,Industry,Freight Train,6,110229,20000,130229,H703,30.186319,-90.989429,47.4,43.1,46.4
IC,1140718,2023-11-01,11:30 AM,Derailment,0,GEISMAR,LA,60,2,Day,Clear,Yard,Freight Train,9,62500,3500,66000,H704,30.185642,-90.989087,52.1,47.5,50.3
IC,1006137,2019-07-19,4:00 AM,Derailment,0,GEISMAR,LA,75,1,Dawn,Clear,Yard,Yard/switching,5,235180,35000,270180,H993,30.188257,-91.986438,82.8,81.7,80
IC,915761,2017-03-11,1:45 AM,Other impacts,0,GEISMAR,LA,65,4,Dark,Cloudy,Yard,Yard/switching,4,15304,25,15329,H318,30.177938,-90.976212,71.2,67,54.3
IC,940496,2017-10-30,10:05 PM,Other impacts,0,GEISMAR,LA,54,4,Dark,Clear,Industry,Freight Train,5,21000,25,21025,H318,30.186945,-90.995668,48.6,56.7,62.2
IC,962371,2018-06-12,8:00 PM,Other impacts,0,GEISMAR,LA,72,4,Dark,Rain,Yard,Yard/switching,4,17691,50,17741,H318,30.168451,-90.966027,79.7,78.5,77.7
IC,962102,2018-06-07,4:45 AM,Other impacts,0,GEISMAR,LA,75,4,Dark,Clear,Yard,Yard/switching,4,18387,50,18437,H318,30.168451,-90.966027,76.3,80.2,80.3
IC,996125,2019-04-27,1:00 AM,Derailment,0,GEISMAR,LA,54,4,Dark,Clear,Yard,Yard/switching,7,253880,6000,259880,H306,30.179496,-90.982774,70.3,66.8,69.5
IC,996125,2019-04-27,1:00 AM,Derailment,0,GEISMAR,LA,54,4,Dark,Clear,Yard,Light loco(s),9,0,0,259880,H306,30.179496,-90.982774,70.3,66.8,69.5
IC,1092049,2021-03-03,12:00 PM,Other (describe in narrative),0,GEISMAR,LA,60,2,Day,Clear,Yard,Yard/switching,4,0,0,24266,H702,30.192282,-91.000521,50.8,52.1,56.2
IC,1018725,2019-11-12,7:50 PM,Side collision,0,GEISMAR,LA,32,3,Dusk,Cloudy,Yard,Yard/switching,4,17500,0,35000,H307,30.195824,-91.015813,67.2,42.7,39.5
IC,1008226,2019-08-05,8:40 PM,Derailment,0,GEISMAR,LA,77,4,Dark,Clear,Main,Yard/switching,2,10100,5000,15100,M599,30.166802,-90.963951,81.5,81.9,84
IC,1132844,2023-05-14,5:20 AM,Derailment,0,GEISMAR,LA,65,4,Dark,Clear,Yard,Freight Train,4,21369,3513,24882,E4BC,30.180154,-90.976753,81.4,80.8,78.3
IC,994929,2019-04-17,12:55 AM,Side collision,0,GEISMAR,LA,64,4,Dark,Clear,Yard,Yard/switching,4,8500,150,12845,H702,30.179774,-90.978523,65.3,70.7,70.1
IC,994929,2019-04-17,12:55 AM,Side collision,0,GEISMAR,LA,64,4,Dark,Clear,Yard,Freight Train,7,4195,0,12845,H702,30.179774,-90.978523,65.3,70.7,70.1
IC,844674,2015-03-23,9:30 PM,Other impacts,0,GEISMAR,LA,60,4,Dark,Clear,Yard,Yard/switching,7,15200,0,15200,M599,30.169339,-90.966847,69.9,62,65.6
IC,1086611,2021-10-27,2:15 PM,Derailment,0,GEISMAR,LA,80,2,Day,Clear,Yard,Yard/switching,4,35000,400,35400,H702,30.192402,-91.0006,73.7,74.8,65.7
IC,1143763,2024-01-19,2:00 PM,Other impacts,0,GEISMAR,LA,54,2,Day,Clear,Yard,Yard/switching,4,41500,0,41500,S006,30.173268,-90.971442,53,52.8,37.7
IC,1025424,2020-01-29,12:30 PM,Derailment,0,GEISMAR,LA,58,2,Day,Clear,Yard,Yard/switching,10,29600,2712,32312,H704,30.18631,-90.98943,55.8,57,56.2
IC,963730,2018-06-25,1:14 PM,Derailment,0,GEISMAR,LA,92,2,Day,Clear,Yard,Yard/switching,4,19300,1000,20300,T318,30.168451,-90.966027,84.4,84.6,83.7
IC,1060969,2021-02-08,5:45 PM,Derailment,0,GEISMAR,LA,61,4,Dark,Clear,Main,Freight Train,12,29123,3833,32956,T102,30.188506,-90.99346,52.8,56.1,65.9
IC,1094789,2022-02-15,8:20 AM,Derailment,0,GEISMAR,LA,50,2,Day,Clear,Yard,Yard/switching,8,69655,20986,90641,T210,30.167477,-90.964678,48.9,53.6,65.7
IC,1123594,2023-01-25,6:00 PM,Derailment,0,GEISMAR,LA,54,4,Dark,Clear,Yard,Yard/switching,3,11925,1062,12987,T210,30.140872,-90.925713,55.5,51.2,48.1
IC,924910,2017-06-05,6:30 AM,Derailment,1,GEISMAR,LA,75,2,Day,Cloudy,Yard,Freight Train,10,345501,85589,431090,T110,30.167011,-90.964198,78.5,75.6,74.3
IC,1098399,2022-03-30,8:30 PM,Derailment,0,GEISMAR,LA,74,4,Dark,Cloudy,Yard,Yard/switching,4,244764,48553,293317,T307,30.178212,-90.97619,72.7,73.7,62.3
BNSF,RD1118120,2018-11-11,4:33 AM,Derailment,0,GENE AUTRY,OK,45,1,Dawn,Clear,Industry,Freight Train,3,14062,500,14562,T403,34.315884,-97.0162,39.6,47,37.4
IAIS,2015067,2015-07-20,7:50 AM,Hwy-rail crossing,0,GENESEO,IL,80,1,Dawn,Cloudy,Main,Freight Train,28,25000,0,25000,M302,41.459816,-90.182022,76.6,74.6,71.5
KO,210815001,2021-08-15,7:15 PM,Derailment,0,GENESEO,KS,75,3,Dusk,Rain,Siding,Cut of cars,0,53000,0,53000,M105,38.514998,-98.182888,76.2,73.9,75.7
NS,118543,2015-12-11,7:00 PM,Derailment,0,GENEVA,NY,50,3,Dusk,Clear,Yard,,0,0,3900,18396,H306,42.876647,-76.962759,47,51.4,45.6
BNSF,CH1022102,2022-10-06,12:15 AM,Other (describe in narrative),0,GENOA,WI,64,4,Dark,Clear,Main,Freight Train,5,0,50643,50643,H702,43.551107,-91.228921,55.3,56.4,43.9
NCRC,OP052618NC,2018-05-26,6:50 PM,Derailment,1,GENOA,NE,98,3,Dusk,Clear,Main,Freight Train,25,942539,63427,1005966,T299,41.455,-97.624,78.5,81,83.9
UP,0919SX017,2019-09-16,11:25 AM,Hwy-rail crossing,0,GEORGE WEST,TX,90,2,Day,Clear,Main,Freight Train,46,26202,7669,33871,M308,28.399199,-98.165788,82.8,84.5,84.1
UP,0422SX015,2022-04-17,2:00 PM,Derailment,0,GEORGE WEST,TX,87,2,Day,Cloudy,Industry,Freight Train,2,35836,66,35902,H306,28.335798,-98.111502,78.5,78.8,76.5
UP,0616SA011,2016-06-12,11:00 AM,Fire/violent rupture,0,GEORGE WEST,TX,85,2,Day,Clear,Main,Freight Train,40,45413,0,45413,E74L,28.199093,-97.895098,82.4,84.8,83.8
NS,136152,2019-11-08,2:17 PM,Rear end collision,0,GEORGES STATION,PA,36,2,Day,Clear,Main,Freight Train,0,306487,0,1495922,H222,40.317328,-79.48932,40.3,27.9,30.6
NS,136152,2019-11-08,2:17 PM,Rear end collision,0,GEORGES STATION,PA,36,2,Day,Clear,Main,Freight Train,16,62673,328510,1495922,H222,40.317328,-79.48932,40.3,27.9,30.6
NS,136152,2019-11-08,2:17 PM,Rear end collision,0,GEORGES STATION,PA,36,2,Day,Clear,Main,Freight Train,28,798252,0,1495922,H222,40.317328,-79.48932,40.3,27.9,30.6
CSX,000156252,2016-01-15,2:00 PM,Side collision,0,GEORGETOWN,SC,50,2,Day,Rain,Industry,Cut of cars,5,0,0,124300,M105,33.332801,-79.374769,40.3,50.2,52.9
CSX,000211139,2023-04-07,1:00 PM,Other (describe in narrative),0,GEORGETOWN,SC,50,2,Day,Clear,Industry,Freight Train,4,13728,0,13728,M501,33.372024,-79.290497,71.3,68,48.8
NS,153184,2023-05-26,11:35 AM,Derailment,0,GEORGETOWN,KY,75,2,Day,Clear,Yard,Freight Train,6,24000,3999,27999,H306,38.296731,-84.538975,64.9,63.1,63.3
NS,144097,2022-01-21,12:50 AM,Raking collision,0,GEORGETOWN,KY,30,4,Dark,Clear,Yard,Freight Train,2,98344,0,98644,H018,38.20419,-84.548425,24.5,20.7,18.2
NS,143102,2021-10-09,2:15 AM,Derailment,0,GEORGETOWN,KY,72,4,Dark,Clear,Yard,Freight Train,9,24457,4764,29221,H303,38.30108,-84.53813,68,68.4,71
NS,144097,2022-01-21,12:50 AM,Raking collision,0,GEORGETOWN,KY,30,4,Dark,Clear,Yard,Single Car,2,300,0,98644,H018,38.20419,-84.548425,24.5,20.7,18.2
NS,138308,2020-06-22,6:40 PM,Other (describe in narrative),0,GEORGETOWN,KY,83,3,Dusk,Clear,Main,Freight Train,2,281954,31578,313532,H303,38.273609,-84.548537,73.5,74.9,73.5
GSWR,GSW988022,2022-07-08,4:45 PM,Derailment,0,GEORGETOWN,GA,90,2,Day,Rain,Main,Freight Train,11,342000,642228,984228,M507,31.801037,-84.997555,86.3,83.6,79.4
GRR,202303,2023-11-07,10:00 AM,Hwy-rail crossing,0,GEORGETOWN,TX,75,2,Day,Clear,Industry,Light loco(s),8,30000,0,30000,M302,30.583559,-97.703282,72.2,73.8,74
CSX,000156252,2016-01-15,2:00 PM,Side collision,0,GEORGETOWN,SC,50,2,Day,Rain,Industry,Freight Train,2,124000,300,124300,M105,33.332801,-79.374769,40.3,50.2,52.9
NS,119799,2016-03-19,3:00 AM,Derailment,0,GEORGETOWN,KY,51,4,Dark,Clear,Yard,Freight Train,4,4600,6924,11524,H306,38.245992,-84.555282,50.6,44.3,39.5
NS,137004,2020-01-30,2:35 PM,Other (describe in narrative),0,GEORGETOWN,KY,41,2,Day,Clear,Yard,Freight Train,11,249,10655,10904,H702,38.28946,-84.540288,34.5,36.6,37.9
NS,135617,2019-09-25,6:30 AM,Other (describe in narrative),0,GEORGETOWN,KY,60,1,Dawn,Clear,Yard,Freight Train,1,5829,5789,11618,H306,38.277966,-84.547217,66,70.2,75
NS,142627,2021-08-23,12:10 PM,Derailment,0,GEORGETOWN,KY,88,2,Day,Clear,Yard,Freight Train,4,18983,51330,70313,H506,38.245993,-84.555282,78.4,79,80.8
CSX,000213115,2023-08-25,2:06 PM,Derailment,0,GEORGETOWN,SC,89,2,Day,Clear,Industry,Freight Train,10,119537,542,120079,T101,33.378004,-79.302462,76.6,77.5,79.1
GSWR,GSW049917,2017-05-24,5:00 PM,Derailment,0,GEORGETOWN,GA,75,2,Day,Cloudy,Main,Freight Train,10,48353,6000,54353,T110,31.867261,-85.101012,70.9,74.1,67.1
CSX,000188787,2020-03-01,4:10 PM,Derailment,0,GEORGETOWN,SC,50,3,Dusk,Rain,Yard,Freight Train,6,11697,97,11794,T311,33.378002,-79.302455,44.5,41.8,54.3
BNSF,PR0921105,2021-09-25,6:57 AM,Derailment,0,GERING,NE,42,1,Dawn,Clear,Siding,Freight Train,31,623902,297411,921313,T207,41.770702,-103.38512,60.1,63.5,68.7
ATK,162054,2019-11-21,3:13 PM,Obstruction,0,GERMANTOWN,NY,40,2,Day,Clear,Main,Passenger Train - Pulling,80,15352,0,15352,M404,42.143098,-73.894017,37,38.6,43.7
NS,134327,2019-06-13,1:37 PM,Hwy-rail crossing,0,GERMANTOWN,TN,81,2,Day,Clear,Main,Freight Train,47,335327,285488,620815,M302,35.06122,-89.747396,70.8,69,70.6
CSX,000210462,2023-03-26,11:45 AM,Other impacts,0,GETTYSBURG,PA,60,2,Day,Clear,Siding,Freight Train,5,21771,0,40126,H306,39.852241,-77.286648,46.4,51.9,49.5
GET,IO230061,2023-03-26,11:45 AM,Side collision,0,GETTYSBURG,PA,56,4,Dark,Clear,Siding,,0,0,18355,40126,H307,39.852241,-77.286487,46.4,51.9,49.5
CSX,000220231,2024-08-30,1:30 AM,Other impacts,0,GETTYSBURG,PA,65,4,Dark,Clear,Main,Cut of cars,4,17484,0,34563,H302,39.856403,-77.155311,76.5,67.7,70.1
CSX,000220231,2024-08-30,1:30 AM,Other impacts,0,GETTYSBURG,PA,65,4,Dark,Clear,Main,Yard/switching,5,17079,0,34563,H302,39.856403,-77.155311,76.5,67.7,70.1
GET,07162019,2019-07-16,9:20 AM,Derailment,0,GETTYSBURG,PA,80,2,Day,Clear,Siding,Yard/switching,3,7126,6003,13129,T314,39.843731,-77.240924,76,78.9,81.3
IORY,IOR724024D,2024-03-05,5:04 PM,Derailment,0,GEYER,OH,63,2,Day,Cloudy,Main,Freight Train,25,41731,0,41731,E46C,40.500423,-84.059832,61.2,58.8,44.6
WC,1136509,2023-07-18,7:35 PM,Derailment,0,GHEEN,MN,65,4,Dark,Clear,Main,Freight Train,23,469136,716585,1185721,T108,47.93743,-92.76741,58.6,62.1,61.6
UP,1221GP011,2021-12-15,2:30 AM,Derailment,0,GIBBON,NE,42,4,Dark,Cloudy,Main,Freight Train,50,4041,136800,140841,E86C,40.724745,-98.949267,37.8,46,31.1
UP,0724GP005,2024-07-07,1:09 AM,Derailment,0,GIBBON,NE,56,4,Dark,Clear,Main,Freight Train,40,632537,327743,960280,T221,40.748734,-98.848098,66.5,66.2,69.4
UP,0215NP011,2015-02-05,11:45 PM,Other (describe in narrative),0,GIBBON,NE,32,4,Dark,Clear,Industry,Freight Train,2,25720,6175,31895,M501,40.744771,-98.862227,15.8,20.4,44.2
UP,0321GP051,2021-03-31,3:45 PM,Derailment,0,GIBBON,NE,48,2,Day,Cloudy,Main,Freight Train,35,625495,670610,1296105,T399,40.75028,-98.84267,41.7,36.2,43.7
TCWR,MPLI061917,2017-06-09,9:25 PM,Derailment,0,GIBBON,MN,80,4,Dark,Clear,Main,Freight Train,10,50000,20000,70000,T201,44.533851,-94.52637,73.2,76,82.6
LAS,220129005,2022-01-29,2:30 PM,Derailment,0,GIBSLAND,LA,69,2,Day,Clear,Yard,Freight Train,10,15000,0,18319,E4TL,32.3246,-93.031,44.4,41.7,53.3
CPKC,24032901,2024-03-29,1:10 AM,Derailment,0,GIBSLAND,LA,50,4,Dark,Clear,Main,Freight Train,12,589491,52825,642316,H503,32.546576,-93.088398,54.3,61.9,65.6
KCS,22012902,2022-01-29,2:30 PM,Derailment,0,GIBSLAND,LA,69,2,Day,Clear,Yard,,0,0,3319,18319,E4TL,32.546215,-93.052494,44.4,41.7,53.3
CPKC,23090101,2023-09-01,3:00 PM,Derailment,0,GIBSLAND,LA,100,2,Day,Clear,Main,Freight Train,47,996380,57739,1054119,T401,32.546484,-93.093523,79.5,79.3,83.4
BLOL,122922,2022-12-29,9:30 AM,Derailment,0,GIBSON CITY,IL,45,2,Day,Cloudy,Industry,Cut of cars,50,75000,0,75000,H303,40.464779,-88.393878,36.2,51.4,43.1
BLOL,16,2016-02-09,11:00 AM,Derailment,0,GIBSON CITY,IL,40,2,Day,Clear,Siding,Freight Train,5,0,12000,12000,T113,40.467533,-88.37839,27.1,18.6,15.3
CSX,000205703,2022-06-18,9:30 PM,Derailment,0,GIBSONTON,FL,83,4,Dark,Clear,Industry,Cut of cars,0,2549,0,24852,M506,27.80791,-82.375216,85.2,84.7,83.8
CSX,000205703,2022-06-18,9:30 PM,Derailment,0,GIBSONTON,FL,83,4,Dark,Clear,Industry,Freight Train,7,21513,790,24852,M506,27.80791,-82.375216,85.2,84.7,83.8