reportingrailroadcode,accidentnumber,date,time,accidenttype,hazmatreleasedcars,station,stateabbr,temperature,visibility_code,visibility,weathercondition,tracktype,equipmenttype,trainspeed,equipmentdamagecost,trackdamagecost,totaldamagecost,primaryaccidentcausecode,latitude,longitude,prior_temp,actual_temp,following_temp
UP,0818SA010,2018-08-08,10:15 PM,Obstruction,0,GIDDINGS,TX,83,4,Dark,Cloudy,Main,Freight Train,14,8880,11242,20122,E79L,30.183245,-96.93941,83.2,83.9,83.4
UP,0222SX006,2022-02-10,5:26 PM,Derailment,0,GIDDINGS,TX,66,2,Day,Clear,Main,Freight Train,25,6000,10305,16305,T108,30.079456,-96.965719,50.9,52.4,56.8
BNSF,GC0816109,2016-08-19,6:50 AM,Derailment,0,GIDDINGS,TX,72,1,Dawn,Cloudy,Main,Freight Train,47,1947697,0,2048231,T001,30.33895,-96.837445,76.3,80.8,78.3
UP,0622LA003,2022-06-01,11:22 AM,Derailment,0,GILBERT,AZ,86,2,Day,Clear,Main,Yard/switching,5,16932,966,17898,E35C,33.357214,-111.796807,84.1,86,87.9
BNSF,PR0520107,2020-05-11,3:00 PM,Broken train collision,0,GILLETTE,WY,45,2,Day,Clear,Main,Spec. MoW Equip.,1,10000,0,243667,H008,44.216404,-105.293504,37.6,36.5,42.2
BNSF,PR0520107,2020-05-11,3:00 PM,Broken train collision,0,GILLETTE,WY,45,2,Day,Clear,Main,Spec. MoW Equip.,0,30000,0,243667,H008,44.216404,-105.293504,37.6,36.5,42.2
BNSF,PR0120117,2020-01-30,2:20 PM,Derailment,0,GILLETTE,WY,20,2,Day,Snow,Industry,Freight Train,10,295167,0,295167,T222,44.391429,-105.457366,34.8,29.1,34.3
BNSF,PR0321103,2021-03-12,8:03 PM,Derailment,0,GILLETTE,WY,31,3,Dusk,Clear,Yard,Freight Train,10,222253,9000,231253,H318,44.289753,-105.279856,31,32.2,36.9
BNSF,PR0517115,2017-05-24,10:30 PM,Derailment,0,GILLETTE,WY,50,4,Dark,Clear,Yard,Freight Train,4,127696,3400,131096,H503,44.289894,-105.282208,51.5,61.5,49.7
BNSF,PR0522110,2022-05-24,4:31 AM,Other (describe in narrative),0,GILLETTE,WY,38,1,Dawn,Clear,Main,Light loco(s),10,0,35000,35000,H403,44.285874,-105.297793,47.6,50,54.6
BNSF,PR0516108,2016-05-20,7:50 PM,Derailment,0,GILLETTE,WY,67,4,Dark,Cloudy,Industry,Freight Train,5,17767,4500,22267,H303,44.077254,-105.333454,60.8,63,63.5
BNSF,PR1018112,2018-10-19,4:40 PM,Derailment,0,GILLETTE,WY,65,2,Day,Clear,Yard,Freight Train,5,14214,45000,59214,H307,44.295901,-105.514182,50.2,46.7,47.9
BNSF,PR0620109,2020-06-21,10:20 PM,Derailment,0,GILLETTE,WY,65,4,Dark,Clear,Main,Freight Train,16,45000,0,45000,E21C,44.126302,-105.299074,65.4,64.7,64.3
BNSF,PR0415103,2015-04-13,12:52 AM,Derailment,0,GILLETTE,WY,32,4,Dark,Clear,Yard,Yard/switching,3,14449,0,14449,H311,44.290141,-105.283183,41.6,44.8,62.2
BNSF,PR0618103,2018-06-05,11:25 AM,Other (describe in narrative),0,GILLETTE,WY,77,2,Day,Clear,Industry,Freight Train,5,0,18000,18000,H607,44.094067,-105.337549,70.8,72.2,66.3
BNSF,PR0616104,2016-06-11,3:15 PM,Derailment,0,GILLETTE,WY,85,2,Day,Clear,Yard,Freight Train,10,57736,0,57736,H318,44.289647,-105.285297,74.6,81.8,66.1
BNSF,PR0519106,2019-05-14,2:00 AM,Other (describe in narrative),0,GILLETTE,WY,50,4,Dark,Clear,Main,Light loco(s),18,0,40000,40000,H403,44.0824,-105.334988,60.1,60.1,64.2
UP,0423GP021,2023-04-24,11:00 PM,Derailment,0,GILLETTE,WY,50,4,Dark,Cloudy,Industry,Freight Train,8,86496,201831,288327,M501,43.69913,-105.291565,37.9,48.6,46.2
BNSF,PR0520107,2020-05-11,3:00 PM,Broken train collision,0,GILLETTE,WY,45,2,Day,Clear,Main,Spec. MoW Equip.,0,203417,0,243667,H008,44.216404,-105.293504,37.6,36.5,42.2
BNSF,PR0520107,2020-05-11,3:00 PM,Broken train collision,0,GILLETTE,WY,45,2,Day,Clear,Main,Spec. MoW Equip.,0,250,0,243667,H008,44.216404,-105.293504,37.6,36.5,42.2
BNSF,PR0722107,2022-07-17,5:01 PM,Derailment,0,GILLETTE,WY,102,3,Dusk,Clear,Main,Freight Train,38,664942,182000,846942,T109,44.536439,-105.967282,77.8,82.7,82.5
NS,131992,2018-12-09,5:20 PM,Derailment,0,GILLSVILLE,GA,35,3,Dusk,Rain,Main,Freight Train,21,520035,209647,729682,T220,34.322832,-83.651406,38.8,35.1,39.7
UP,0123RM048,2023-01-15,10:25 AM,Obstruction,0,GILLULY,UT,26,2,Day,Cloudy,Main,,0,0,0,0,M403,39.929577,-111.183489,32.8,32.5,29.9
IC,1139244,2023-09-24,1:50 PM,Side collision,0,GILMAN,IL,81,2,Day,Clear,Industry,Cut of cars,0,30843,0,46343,H302,40.759534,-88.02182,68.6,65.1,67.2
IC,899379,2016-08-31,9:30 PM,Hwy-rail crossing,0,GILMAN,IL,65,4,Dark,Clear,Main,,0,0,2422,12964,M308,40.737068,-88.001491,75.6,73,66.6
ATK,144059,2016-08-31,9:30 PM,Hwy-rail crossing,0,GILMAN,IL,65,4,Dark,Clear,Main,Passenger Train - Pulling,73,10542,0,12964,M308,40.737068,-88.001491,75.6,73,66.6
IC,1139244,2023-09-24,1:50 PM,Side collision,0,GILMAN,IL,81,2,Day,Clear,Industry,Freight Train,5,15500,0,46343,H302,40.759534,-88.02182,68.6,65.1,67.2
UP,1222MA014,2022-12-12,5:45 PM,Derailment,0,GILMER,TX,59,2,Day,Cloudy,Main,Freight Train,26,496674,897564,1394238,H503,32.697998,-94.971109,56.7,55.9,60.6
UP,0216LK016,2016-02-18,6:51 PM,Derailment,0,GILMER,TX,69,3,Dusk,Clear,Main,Freight Train,30,35171,303679,338850,E51L,32.676424,-94.994302,52.4,60.9,66.5
UP,0619ES076,2019-06-20,5:15 AM,Obstruction,0,GIRARD,IL,62,1,Dawn,Clear,Main,Spec. MoW Equip.,3,17671,0,35461,H993,39.451114,-89.775552,71.4,68.6,66.1
UP,0619ES076,2019-06-20,5:15 AM,Obstruction,0,GIRARD,IL,62,1,Dawn,Clear,Main,Spec. MoW Equip.,25,17790,0,35461,H993,39.451114,-89.775552,71.4,68.6,66.1
CSX,000170490,2017-07-25,10:15 AM,Derailment,0,GIRARD,OH,75,2,Day,Clear,Yard,Yard/switching,10,3931,6805,10736,H704,41.138513,-80.702714,69,66.4,67.2
CSX,000181559,2019-02-25,7:30 PM,Derailment,0,GIRARD,OH,27,4,Dark,Clear,Yard,Freight Train,10,31100,19720,50820,T001,41.138513,-80.702714,41,25.2,22.3
RBMN,R09172301,2023-09-17,12:50 PM,Derailment,0,GIRARDVILLE,PA,65,2,Day,Cloudy,Main,Cut of cars,0,6469,26967,33436,H022,40.800322,-76.266322,60.1,56.1,62.4
ARR,2016246,2016-11-20,12:40 PM,Obstruction,0,GIRDWOOD,AK,2,2,Day,Snow,Main,Spec. MoW Equip.,6,70000,0,70000,H516,60.790087,-148.813334,21,22.3,28.4
ARR,2023004,2023-01-17,1:58 AM,Obstruction,0,GIRDWOOD,AK,35,4,Dark,Cloudy,Main,Freight Train,20,142000,134000,276000,M101,60.918,-149.119,27.6,23,19.7
NJTR,202303082,2023-02-28,6:27 AM,Derailment,0,GLADSTONE,NJ,31,1,Dawn,Snow,Yard,Commuter Train - Pulling,5,106495,62094,168589,H702,40.719298,-74.665012,35.6,34,36.5
NJTR,201605250,2016-05-05,9:40 PM,Derailment,0,GLADSTONE,NJ,55,4,Dark,Clear,Yard,EMU,3,6600,4000,10600,H704,40.719617,-74.665525,50.9,53,51.3
NJTR,202003149,2020-03-24,7:52 PM,Derailment,0,GLADSTONE,NJ,43,4,Dark,Clear,Yard,Commuter Train - Pulling,6,21612,4419,26031,E69C,40.719302,-74.66485,38,45,43.1
NJTR,202005176,2020-04-28,7:45 PM,Derailment,0,GLADSTONE,NJ,63,3,Dusk,Clear,Yard,Commuter Train - Pushing,7,29948,0,29948,M507,40.719302,-74.66485,46,50.6,50
BNSF,MT1123108,2023-11-22,5:25 PM,Derailment,0,GLADSTONE,ND,10,3,Dusk,Clear,Industry,Freight Train,7,33813,27192,61005,H702,46.883672,-102.517365,33.2,39,18.8
NJTR,202001031,2020-01-09,7:30 PM,Derailment,0,GLADSTONE,NJ,26,4,Dark,Clear,Yard,EMU,9,194341,13462,207803,T314,40.71964,-74.665568,32.8,27.2,38.5
NJTR,202204154,2022-03-31,10:25 AM,Derailment,0,GLADSTONE,NJ,59,2,Day,Clear,Yard,Yard/switching,5,33972,3747,37719,T314,40.71938,-74.665129,34.4,56.2,52.3
KYLE,920219D,2019-01-17,3:05 AM,Derailment,0,GLASCO,KS,30,4,Dark,Cloudy,Main,Freight Train,10,202785,100000,302785,E24C,39.355289,-97.839398,28.2,30.1,29.8
BNSF,MT0519106,2019-05-28,12:00 PM,Derailment,0,GLASGOW,MT,80,2,Day,Clear,Yard,Light loco(s),9,14000,300,14300,T319,48.198401,-106.644946,55.4,59.9,66
KYLE,KYL520020D,2020-08-16,6:14 PM,Derailment,0,GLEN ELDER,KS,85,2,Day,Clear,Main,Freight Train,10,81090,12000,93090,T102,39.518,-98.340203,78.7,74.9,77.1
BNSF,CH0719101,2019-07-01,9:17 AM,Obstruction,0,GLEN HAVEN,WI,79,2,Day,Clear,Main,Freight Train,37,805038,204000,1009038,M101,42.820839,-91.076659,75.7,76.3,80.3
CORP,COR537420D,2020-09-02,2:22 AM,Derailment,0,GLENDALE,OR,58,4,Dark,Clear,Main,Freight Train,10,6960,13900,20860,E47C,42.740798,-123.435355,70.7,74.6,77.5
BNSF,SW0416106,2016-04-29,2:55 PM,Derailment,0,GLENDALE,AZ,83,2,Day,Clear,Main,Freight Train,5,21200,1500,22700,H704,33.52481,-112.170055,68.3,70.6,68.4
BNSF,SW0821115,2021-08-31,8:45 AM,Derailment,0,GLENDALE,AZ,95,1,Dawn,Clear,Yard,Freight Train,2,18657,120000,139627,M503,33.527302,-112.173297,94.6,84.3,81
LI,EQ20160404,2016-04-27,12:11 PM,Derailment,0,GLENDALE,NY,55,2,Day,Clear,Yard,Freight Train,5,4000,0,57355,H704,40.706497,-73.880017,53.4,51.6,52.1
CSX,000206023,2022-07-09,9:37 AM,Hwy-rail crossing,0,GLENDALE,KY,73,2,Day,Cloudy,Main,Freight Train,45,19613,104183,123796,M303,37.601449,-85.904979,76.7,72.9,74.9
CSX,000210348,2023-03-16,2:52 PM,Derailment,0,GLENDALE,KY,60,2,Day,Cloudy,Main,Freight Train,27,870010,213030,1083040,H513,37.60197,-85.905012,36.2,48.9,41.9
BNSF,SW0821115,2021-08-31,8:45 AM,Derailment,0,GLENDALE,AZ,95,1,Dawn,Clear,Yard,Cut of cars,0,970,0,139627,M503,33.527302,-112.173297,94.6,84.3,81
BNSF,SW0721101,2021-07-02,7:30 PM,Derailment,0,GLENDALE,AZ,105,3,Dusk,Clear,Yard,Yard/switching,3,24145,16000,40145,T111,33.512197,-112.155102,94.9,94.1,91.9
BNSF,SW0622101,2022-06-01,3:20 PM,Derailment,0,GLENDALE,AZ,98,2,Day,Clear,Yard,Freight Train,8,28611,0,28611,T111,33.567635,-112.36742,83.3,85.1,86.9
WSOR,200310009,2020-03-10,9:00 PM,Derailment,0,GLENDALE,WI,36,4,Dark,Clear,Yard,Freight Train,5,10285,2340,12625,T001,43.008895,-87.95365,50.5,35.9,38.4
BNSF,MT1115105,2015-11-21,5:50 PM,Derailment,0,GLENDIVE,MT,28,3,Dusk,Clear,Yard,Yard/switching,4,25000,268616,293616,H307,47.111205,-104.705445,19.2,21.6,35.7
BNSF,MT0816101,2016-08-17,5:50 AM,Derailment,0,GLENDIVE,MT,89,2,Day,Clear,Yard,Freight Train,9,246970,112000,358970,T212,47.110976,-104.705949,73.5,79,69.2
BNSF,MT1118102,2018-11-05,12:02 AM,Derailment,0,GLENDIVE,MT,43,4,Dark,Clear,Yard,Freight Train,10,110000,11000,121000,T221,47.115634,-104.701689,35.3,32.1,19.7
BNSF,MT1122102,2022-11-18,8:53 PM,Derailment,0,GLENDIVE,MT,20,3,Dusk,Clear,Yard,Light loco(s),9,31000,4500,35500,H702,47.102818,-104.713553,11.2,11.4,19.1
BNSF,MT0919101,2019-09-01,8:45 AM,Side collision,0,GLENDIVE,MT,68,1,Dawn,Clear,Yard,Cut of cars,0,11197,0,18697,H307,47.102861,-104.713515,63.3,65.9,69.7
BNSF,MT0224112,2024-02-26,6:00 PM,Derailment,0,GLENDIVE,MT,7,3,Dusk,Cloudy,Yard,Cut of cars,9,44764,0,44764,M105,47.104204,-104.848952,38.6,38.2,5.7
BNSF,MT0919101,2019-09-01,8:45 AM,Side collision,0,GLENDIVE,MT,68,1,Dawn,Clear,Yard,Light loco(s),8,5000,2500,18697,H307,47.102861,-104.713515,63.3,65.9,69.7
BNSF,MT0322104,2022-03-17,4:00 AM,Derailment,0,GLENDIVE,MT,30,1,Dawn,Clear,Yard,Freight Train,10,30674,5000,35674,T202,47.110926,-104.705861,43.4,40.1,41.6
BNSF,MT0318104,2018-03-15,4:30 AM,Derailment,0,GLENDIVE,MT,30,1,Dawn,Clear,Yard,Light loco(s),6,12000,12739,24739,T201,47.1088,-104.707389,28.3,32.9,30.3
BNSF,PR0220112,2020-02-27,7:39 PM,Derailment,0,GLENDO,WY,33,3,Dusk,Clear,Main,Freight Train,10,9780,2810937,2820717,E61C,42.430657,-104.956909,22.7,32.2,35.6
BNSF,PR1216108,2016-12-17,6:17 AM,Derailment,0,GLENDO,WY,-13,1,Dawn,Cloudy,Main,Freight Train,27,2024150,356000,2380150,T207,42.629796,-105.135358,9.2,-8.4,3.9
ATK,143401,2016-07-21,8:58 AM,Hwy-rail crossing,0,GLENDORA,MS,89,2,Day,Clear,Main,Passenger Train - Pulling,45,46031,0,46056,M302,33.91824,-90.286125,84.6,85.7,86.2
IC,895343,2016-07-21,8:58 AM,Hwy-rail crossing,0,GLENDORA,MS,94,2,Day,Clear,Main,,0,0,25,46056,M302,33.91824,-90.286125,84.6,85.7,86.2
IC,944788,2017-12-19,8:20 AM,Hwy-rail crossing,0,GLENDORA,MS,50,2,Day,Cloudy,Main,,0,0,25,24983,M302,34.014233,-90.281499,49,57.1,57.5
ATK,169968,2022-03-05,8:22 PM,Hwy-rail crossing,0,GLENDORA,MS,62,4,Dark,Clear,Main,Passenger Train - Pulling,79,26067,0,26067,M302,34.014233,-90.281499,61.7,67.6,75.1
ATK,151033,2017-12-19,8:20 AM,Hwy-rail crossing,0,GLENDORA,MS,50,2,Day,Cloudy,Main,Passenger Train - Pulling,79,24958,0,24983,M302,34.014233,-90.281499,49,57.1,57.5
IC,1096213,2022-03-05,8:22 PM,Hwy-rail crossing,0,GLENDORA,MS,62,4,Dark,Clear,Main,,0,0,0,26067,M302,34.014233,-90.281499,61.7,67.6,75.1
NS,117429,2015-09-18,10:40 AM,Other impacts,0,GLENFIELD,PA,80,2,Day,Clear,Main,Spec. MoW Equip.,0,0,105844,105844,H997,40.515532,-80.121685,69.2,69.9,71.5
BNSF,TC0416113,2016-04-29,11:41 AM,Obstruction,0,GLENFIELD,ND,64,2,Day,Clear,Main,Maint./inspect Car,4,11264,0,11264,H402,47.529247,-98.754509,46.2,48.1,49.7
BNSF,MT0718108,2018-07-25,9:12 PM,Derailment,0,GLENHAM,SD,60,4,Dark,Clear,Main,Freight Train,13,195135,110000,305135,E07C,45.521305,-100.21561,74.3,73.3,63.6
NS,125924,2017-07-21,4:45 PM,Derailment,0,GLENMARY,TN,97,3,Dusk,Clear,Main,Freight Train,35,0,15781,15781,T109,36.308547,-84.622721,79.1,81.3,82.3
UP,0222PN023,2022-02-24,7:25 PM,Derailment,0,GLENNS FERRY,ID,27,3,Dusk,Cloudy,Siding,Freight Train,2,35163,47922,83085,H307,42.949885,-115.332849,18.3,19.2,19.2
BNSF,PR0824103,2024-08-10,12:42 PM,Derailment,0,GLENROCK,WY,85,2,Day,Clear,Industry,Freight Train,5,74807,60000,134807,H703,43.485771,-105.260337,57.1,62.7,67.3
SEPA,29464,2018-08-29,2:46 PM,Fire/violent rupture,0,GLENSIDE,PA,95,2,Day,Clear,Main,Passenger Train - Pulling,0,175000,0,175000,M406,40.101111,-75.154167,83.2,84.6,81.2
SEPA,SEPA110722,2022-11-07,10:40 PM,Fire/violent rupture,0,GLENSIDE,PA,50,4,Dark,Clear,Main,EMU,0,59000,0,59000,E74L,40.114055,-75.153205,69.5,68.8,50.7
NIRC,9419000571,2021-12-11,6:33 AM,Obstruction,0,GLENVIEW,IL,40,4,Dark,Clear,Main,Commuter Train - Pushing,20,39104,0,39104,M404,42.07489,-87.8058,42.7,41.1,40.7
UP,1020GP025,2020-10-24,8:38 PM,Hwy-rail crossing,0,GLENVIL,NE,33,4,Dark,Cloudy,Main,Freight Train,30,11206,3862,15068,M303,40.494748,-98.241597,33.1,31,27.1
UP,0317NP042,2017-03-27,12:14 PM,Derailment,0,GLENVIL,NE,45,2,Day,Cloudy,Yard,Yard/switching,4,80596,11255,91851,T111,40.539155,-98.304143,43.5,45.9,44
BNSF,NE0116113,2016-01-25,11:50 PM,Derailment,0,GLENWOOD,IA,26,4,Dark,Clear,Main,Freight Train,60,7626,6000,13626,E4TC,41.016171,-95.797118,28.3,28.5,28.1
BNSF,HL0519112,2019-05-18,2:26 PM,Derailment,0,GLENWOOD,IA,60,2,Day,Rain,Main,Freight Train,5,7000,52000,59000,M204,41.043296,-95.733294,76.3,67.9,55.9
CP,1000252284,2015-08-12,11:30 PM,Derailment,0,GLENWOOD,MN,71,4,Dark,Clear,Yard,Freight Train,8,403105,11750,414855,T319,45.648278,-95.364611,70.5,72.6,72.8
UP,0517DV002,2017-05-02,5:00 PM,Derailment,0,GLENWOOD SPGS,CO,50,2,Day,Cloudy,Main,Freight Train,21,45781,66706,112487,M404,39.55386,-107.31508,49.5,43.8,48
UP,0118TC006,2018-01-04,1:45 PM,Derailment,0,GLIDDEN,IA,5,2,Day,Clear,Main,Freight Train,44,17417,7529,24946,E22C,42.045441,-94.655082,6.2,2.4,5.1
UP,0724GL033,2024-07-29,4:50 PM,Derailment,0,GLIDDEN,IA,89,2,Day,Cloudy,Main,Freight Train,59,1369243,387619,1756862,T001,42.055079,-94.723061,76.9,78.8,75
AZER,AZE877221D,2021-09-14,11:09 AM,Derailment,0,GLOBE,AZ,96,2,Day,Cloudy,Main,Freight Train,17,34966,148990,183956,M405,33.376831,-110.744737,80.7,80.9,80.7
AZER,AZE445717D,2017-10-02,5:15 PM,Derailment,0,GLOBE,AZ,77,2,Day,Clear,Main,Freight Train,10,32925,43056,75981,E40C,33.4301,-110.808438,72,71.4,72.2
MBTA,7028,2016-10-10,5:05 AM,Other (describe in narrative),0,GLOUCESTER,MA,59,4,Dark,Clear,Main,Passenger Train - Pushing,45,38942,0,38942,M404,42.615562,-70.699106,56.2,49,48.7
KCS,17111002,2017-11-10,5:30 AM,Derailment,0,GODFREY,IL,26,4,Dark,Clear,Yard,Freight Train,8,74767,10000,84767,T207,38.584884,-90.144133,40,31.6,40.1
BNSF,NW0315108,2015-03-14,7:36 PM,Other (describe in narrative),0,GOLD BAR,WA,41,3,Dusk,Clear,Main,Work train,45,0,106000,106000,H997,47.866043,-121.723719,54,53.2,46.5
BNSF,PR0315109,2015-03-11,12:00 PM,Derailment,0,GOLDEN,CO,55,2,Day,Clear,Yard,Yard/switching,2,8540,402500,411040,H307,39.763466,-105.213993,45.5,49.8,51.4
UP,0317DV018,2017-03-10,11:53 PM,Derailment,0,GOLDEN,CO,45,4,Dark,Cloudy,Main,Freight Train,7,220211,764,220975,E05C,39.933497,-105.400982,54.4,43.9,41.6
BNSF,PR0720106,2020-07-16,12:30 PM,Derailment,0,GOLDEN,CO,84,2,Day,Cloudy,Yard,Freight Train,9,4000,10476,14476,T108,39.766154,-105.207709,68,75.1,79
BNSF,PR0323101,2023-03-02,12:30 PM,Derailment,0,GOLDEN,CO,53,2,Day,Clear,Industry,Freight Train,3,21000,2000,23000,T113,39.766251,-105.20722,29,32.4,34.6
BNSF,SF0116102,2016-01-07,7:40 PM,Other (describe in narrative),0,GOLDEN CITY,MO,42,3,Dusk,Cloudy,Main,Freight Train,5,0,20000,20000,H307,37.402353,-94.101333,37.8,46.4,43.4
UP,0516TC001,2016-05-03,3:41 AM,Derailment,0,GOLDFIELD,IA,41,4,Dark,Cloudy,Main,Freight Train,22,266230,150139,416369,T207,42.729252,-93.913388,50.1,55.7,55.2
CSX,000174356,2018-01-29,12:02 AM,Derailment,0,GOLDSBORO,NC,40,4,Dark,Cloudy,Yard,Freight Train,5,22641,1820,24461,H702,35.361254,-78.006725,56.7,49.1,37.9
BNSF,GC0216116,2016-02-29,11:30 AM,Other (describe in narrative),0,GOLDTHWAITE,TX,60,2,Day,Clear,Main,Maint./inspect Car,0,150000,0,190000,H402,31.471447,-98.572867,63.8,63.1,63.8
BNSF,GC0216116,2016-02-29,11:30 AM,Other (describe in narrative),0,GOLDTHWAITE,TX,60,2,Day,Clear,Main,Maint./inspect Car,20,40000,0,190000,H402,31.471447,-98.572867,63.8,63.1,63.8
BNSF,RD1221104,2021-12-06,8:00 PM,Derailment,1,GOLDTHWAITE,TX,37,3,Dusk,Clear,Main,Freight Train,25,612331,405000,1017331,T307,31.362344,-98.505124,67.5,52,47.6
TXGN,TXGN190404,2019-04-04,7:10 PM,Derailment,0,GONZALES,TX,64,3,Dusk,Clear,Yard,Freight Train,5,148111,16425,164536,E49C,29.602788,-97.47341,63.9,74.2,70.8
TXGN,TXGN191210,2019-12-10,12:30 PM,Derailment,0,GONZALES,TX,45,2,Day,Cloudy,Yard,Freight Train,6,32900,200,33100,H303,29.607595,-97.466397,70.4,48.1,47.9
TXGN,TYSON18827,2018-08-27,11:45 PM,Derailment,0,GONZALES,TX,0,4,Dark,Clear,Industry,Cut of cars,7,167799,68171,235970,M501,29.506275,-97.452868,86,86.4,87.1
IC,1021268,2019-12-13,12:00 PM,Derailment,0,GONZALES,LA,59,2,Day,Cloudy,Yard,Freight Train,10,183300,19000,202300,T220,30.23551,-91.080598,49.9,55.5,58.4
RBMN,R06062301,2023-06-06,4:31 PM,Derailment,0,GOOD SPRING,PA,74,2,Day,Clear,Main,Freight Train,9,3936,22999,26935,T101,40.626805,-76.450334,63.7,66.7,62.9
CPKC,23111001,2023-11-10,3:25 AM,Derailment,0,GOODMAN,MO,35,4,Dark,Clear,Main,Freight Train,37,16689,7315,24004,E21C,36.780093,-94.402247,51.3,48.8,48.9
UP,0219GC034,2019-02-14,1:08 PM,Other (describe in narrative),0,GOODRICH,TX,74,2,Day,Clear,Industry,Single Car,0,30755,0,30755,M507,30.600062,-94.947824,48.3,61.3,65.5
UP,0524ES035,2024-05-17,4:28 AM,Obstruction,0,GOODRICH,TX,67,1,Dawn,Cloudy,Main,Maint./inspect Car,10,5000,0,13000,H104,30.616335,-94.949104,74.7,69.8,75.9
UP,0524ES035,2024-05-17,4:28 AM,Obstruction,0,GOODRICH,TX,67,1,Dawn,Cloudy,Main,Maint./inspect Car,10,8000,0,13000,H104,30.616335,-94.949104,74.7,69.8,75.9
UP,0515SL011,2015-05-26,10:12 AM,Hwy-rail crossing,0,GOODWINE,IL,67,2,Day,Rain,Main,Freight Train,49,19112,5022,24134,M304,40.560015,-87.790185,75.4,70.7,71.4
UP,0316SL008,2016-03-25,8:29 AM,Hwy-rail crossing,0,GOODWINE,IL,41,2,Day,Cloudy,Main,Freight Train,45,13597,0,13597,M308,40.574443,-87.783717,52.2,37.6,45.8
ATK,168529,2021-10-03,10:20 PM,Hwy-rail crossing,0,GOOSE CREEK,SC,70,4,Dark,Clear,Main,Passenger Train - Pulling,70,23081,0,27280,M302,32.975465,-80.040751,71.1,73,74.3
ABS,190724006,2019-07-24,2:15 AM,Derailment,0,GORDO,AL,70,4,Dark,Clear,Main,Freight Train,8,19712,103057,122769,E53C,33.31931,-87.8997,77.4,75.9,76.8
UP,0723TO027,2023-07-13,8:22 PM,Derailment,0,GORDON,TX,103,4,Dark,Clear,Main,Freight Train,35,999204,704173,1703377,H501,32.542332,-98.412018,93.3,94.4,94.4
UP,0224TO030,2024-02-19,5:51 PM,Derailment,0,GORDON,TX,71,2,Day,Clear,Main,Freight Train,34,405,526620,527025,M201,32.548631,-98.378709,39.5,51.7,61.9
UP,0618FW008,2018-06-07,9:10 AM,Hwy-rail crossing,0,GORDON,TX,100,2,Day,Cloudy,Main,Freight Train,58,11518,165,11683,M302,32.544756,-98.297774,87.6,85,81.7
CSX,000204632,2022-04-29,10:10 AM,Hwy-rail crossing,0,GORDON,AL,75,2,Day,Clear,Main,Freight Train,30,2259,17533,19792,M302,31.139488,-85.115131,70,70.8,71.7
UP,1018SL001,2018-10-02,11:35 AM,Hwy-rail crossing,0,GORHAM,IL,85,2,Day,Clear,Main,Freight Train,12,14096,1458,15554,M308,37.750244,-89.45084,69.3,74.6,76.9
BNSF,CH0123202,2023-01-25,10:27 AM,Hwy-rail crossing,0,GORIN,MO,32,2,Day,Cloudy,Main,Freight Train,26,13500,260000,273500,M302,40.360076,-92.023656,32.6,30.5,17.8
BB,2019T0304,2019-03-04,12:15 AM,Derailment,0,GOSHEN,VA,32,4,Dark,Rain,Industry,Cut of cars,7,76000,18000,94000,H318,37.97146,-79.507331,33.7,25.7,20.8
NS,128250,2018-01-23,4:08 AM,Hwy-rail crossing,0,GOSHEN,IN,35,1,Dawn,Rain,Main,Freight Train,58,120,15212,15332,M303,41.602484,-85.867767,49,33.6,29.1
UP,0223GP033,2023-02-21,12:45 AM,Derailment,0,GOTHENBURG,NE,30,4,Dark,Clear,Main,Freight Train,39,1190111,702065,1892176,T215,40.923748,-100.157483,38.7,37,10.9
UP,0221GP019,2021-02-15,5:36 PM,Hwy-rail crossing,0,GOTHENBURG,NE,-1,2,Day,Cloudy,Main,Freight Train,40,643,13430,14073,M302,40.926202,-100.163157,-5.1,-16.5,-5.9
UP,0522GP021,2022-05-26,7:28 AM,Derailment,0,GOTHENBURG,NE,40,1,Dawn,Clear,Main,Freight Train,50,1065715,90000,1155715,T210,40.911264,-100.128641,52.5,59.5,69.9
UP,0622GP028,2022-06-28,4:00 PM,Derailment,0,GOTHENBURG,NE,96,2,Day,Clear,Industry,Freight Train,5,48735,169081,217816,T110,40.924555,-100.158666,70,75.5,83.5
UP,1017LK032,2017-10-20,12:33 PM,Fire/violent rupture,0,GOULD,AR,73,2,Day,Cloudy,Main,Freight Train,40,44299,33,44332,E99L,34.038817,-91.618899,61.3,62.7,72.2
WER,121219D,2019-12-12,11:50 PM,Derailment,0,GOVAN,WA,25,4,Dark,Clear,Yard,Freight Train,9,90115,17000,107115,T210,47.738,-118.823,32.2,32.7,30.4
NS,124275,2017-03-11,12:35 PM,Derailment,0,GRACEWOOD,GA,70,2,Day,Clear,Industry,Yard/switching,10,30750,38402,69152,H306,33.337867,-81.956086,64.4,54.8,43.9
NS,124677,2017-04-12,4:03 AM,Other impacts,0,GRACEWOOD,GA,75,1,Dawn,Clear,Yard,Yard/switching,6,12772,200,18651,H702,33.337867,-81.956086,67.4,68.2,70.4