reportingrailroadcode,accidentnumber,date,time,accidenttype,hazmatreleasedcars,station,stateabbr,temperature,visibility_code,visibility,weathercondition,tracktype,equipmenttype,trainspeed,equipmentdamagecost,trackdamagecost,totaldamagecost,primaryaccidentcausecode,latitude,longitude,prior_temp,actual_temp,following_temp
NS,145298,2022-05-18,10:05 PM,Other (describe in narrative),0,GRACEWOOD,GA,75,4,Dark,Clear,Yard,Freight Train,5,1000,14090,15090,H702,33.350953,-81.964026,75,73.3,80.5
NS,124677,2017-04-12,4:03 AM,Other impacts,0,GRACEWOOD,GA,75,1,Dawn,Clear,Yard,Single Car,0,5679,0,18651,H702,33.337867,-81.956086,67.4,68.2,70.4
NS,131801,2018-11-26,12:01 AM,Derailment,0,GRACEWOOD,GA,72,4,Dark,Clear,Yard,Work train,3,165943,39831,205774,T210,33.337867,-81.956086,51.2,54.3,41.8
NS,138293,2020-06-21,5:52 PM,Derailment,0,GRACEWOOD,GA,95,3,Dusk,Clear,Yard,Freight Train,9,3600,16500,20100,T110,33.337867,-81.956086,78,81.9,80.7
UP,1020MA035,2020-10-30,12:16 PM,Hwy-rail crossing,0,GRADY,AR,54,2,Day,Clear,Main,Freight Train,50,29999,750,30749,M302,34.100265,-91.739909,48.2,47.4,50.9
UP,0917TC021,2017-09-26,12:14 PM,Derailment,0,GRAETTINGER,IA,65,2,Day,Cloudy,Industry,Yard/switching,6,1450,52307,53757,T111,43.237972,-94.749539,57.5,56.5,54.1
UP,0317TC008,2017-03-10,12:51 AM,Derailment,14,GRAETTINGER,IA,11,4,Dark,Clear,Main,Freight Train,28,1255474,168397,1423871,T207,43.21788,-94.722047,26.8,13.2,17.9
CSX,000207436,2022-09-23,4:00 PM,Side collision,0,GRAFTON,WV,56,2,Day,Clear,Yard,Freight Train,6,107201,112,152845,H306,39.340043,-80.018075,66.5,54.7,59.2
CSX,000214863,2023-12-02,1:30 AM,Derailment,0,GRAFTON,WV,45,4,Dark,Rain,Yard,Yard/switching,5,14562,0,14562,E54C,39.340094,-79.986618,46.8,55.7,52.5
CSX,000190932,2020-06-21,12:01 AM,Derailment,0,GRAFTON,WV,65,4,Dark,Clear,Yard,Freight Train,6,133143,3800,136943,E40C,39.339994,-80.018119,73,75.8,74.8
CSX,000147638,2015-06-11,6:52 PM,Derailment,0,GRAFTON,WV,80,3,Dusk,Clear,Yard,Yard/switching,7,24618,800,25418,H704,39.339691,-80.016435,69.5,76.2,75.4
CSX,000196608,2021-03-25,4:15 AM,Other impacts,0,GRAFTON,WV,45,1,Dawn,Clear,Yard,Cut of cars,0,3826,0,12016,E08C,39.339994,-80.018119,63.1,59.9,60.2
CSX,000163775,2016-10-22,3:30 AM,Derailment,0,GRAFTON,WV,41,4,Dark,Clear,Yard,Freight Train,7,25971,451,26422,T220,39.339994,-80.018119,56.6,45.3,51.6
CSX,000202297,2022-01-08,7:09 AM,Other impacts,0,GRAFTON,WV,5,1,Dawn,Cloudy,Yard,Cut of cars,0,72877,0,101415,H306,39.340043,-80.018075,18.1,21.6,39.7
CSX,000196608,2021-03-25,4:15 AM,Other impacts,0,GRAFTON,WV,45,1,Dawn,Clear,Yard,Single Car,5,8190,0,12016,E08C,39.339994,-80.018119,63.1,59.9,60.2
CSX,000195705,2021-02-15,2:57 AM,Derailment,0,GRAFTON,WV,23,4,Dark,Fog,Yard,Freight Train,4,2408,23719,26127,H221,39.339994,-80.018119,28.6,29.3,27.6
CSX,000207436,2022-09-23,4:00 PM,Side collision,0,GRAFTON,WV,56,2,Day,Clear,Yard,Yard/switching,5,45532,0,152845,H306,39.340043,-80.018075,66.5,54.7,59.2
CSX,000202297,2022-01-08,7:09 AM,Other impacts,0,GRAFTON,WV,5,1,Dawn,Cloudy,Yard,Freight Train,2,26011,2527,101415,H306,39.340043,-80.018075,18.1,21.6,39.7
GU,GU0827181,2018-08-27,12:15 AM,Derailment,0,GRAFTON,MA,75,4,Dark,Clear,Yard,,0,0,1300,13193,M599,42.240781,-71.708905,68.2,74.2,79.2
DN,DN08112021,2021-08-10,11:45 PM,Derailment,0,GRAFTON,ND,65,4,Dark,Clear,Yard,Freight Train,0,0,71000,105998,T207,48.430266,-97.41387,73,71.9,68.7
BNSF,TC0821106,2021-08-10,11:45 PM,Derailment,0,GRAFTON,ND,65,4,Dark,Clear,Yard,Freight Train,10,34998,0,105998,T207,48.430266,-97.41387,73,71.9,68.7
FWWR,20122301,2020-12-23,8:30 PM,Derailment,0,GRANBURY,TX,46,4,Dark,Cloudy,Siding,Cut of cars,1,233,947,13947,H099,32.478742,-97.721179,55.5,58.1,41.5
FWWR,20122301,2020-12-23,8:30 PM,Derailment,0,GRANBURY,TX,46,4,Dark,Cloudy,Siding,Cut of cars,0,12767,0,13947,H099,32.478472,-97.721179,55.5,58.1,41.5
UP,1114DV020,2014-11-26,10:00 AM,Derailment,0,GRANBY,CO,25,2,Day,Cloudy,Siding,Freight Train,18,80087,83580,163667,H303,40.084471,-105.940041,25.8,33.6,38
UP,1114DV016,2014-11-22,11:30 PM,Derailment,0,GRANBY,CO,27,4,Dark,Snow,Main,Freight Train,25,5942,721446,727388,M101,40.017311,-106.474781,20.1,22.3,15.3
BNSF,TC0523110,2023-05-23,8:10 AM,Derailment,0,GRAND FORKS,ND,70,1,Dawn,Clear,Yard,Freight Train,10,4678,15862,20540,M505,47.918408,-97.076773,67.5,73.9,62.5
BNSF,TC1216103,2016-12-13,1:45 AM,Derailment,0,GRAND FORKS,ND,-8,4,Dark,Clear,Yard,Freight Train,2,14389,250,14639,H702,47.918247,-97.075123,-2.2,1.4,-4
BNSF,TC0820108,2020-08-20,2:30 AM,Other impacts,0,GRAND FORKS,ND,60,4,Dark,Clear,Yard,Yard/switching,5,21908,0,21908,H318,47.918091,-97.07362,75.4,74.8,73.3
BNSF,TC0420102,2020-04-11,5:14 PM,Derailment,0,GRAND FORKS,ND,35,3,Dusk,Clear,Yard,Yard/switching,5,7000,14000,21000,H702,47.918172,-97.07443,36.1,34.6,28
BNSF,TC0519111,2019-05-20,2:20 PM,Side collision,0,GRAND FORKS,ND,70,2,Day,Clear,Yard,Light loco(s),8,20000,0,94756,H607,47.918032,-97.054531,50.9,53.7,56.8
BNSF,TC0519111,2019-05-20,2:20 PM,Side collision,0,GRAND FORKS,ND,70,2,Day,Clear,Yard,Freight Train,10,74756,0,94756,H607,47.918032,-97.054531,50.9,53.7,56.8
BNSF,TC0915105,2015-09-12,4:45 AM,Raking collision,0,GRAND FORKS,ND,43,4,Dark,Clear,Main,Yard/switching,6,19069,0,19069,H302,47.977176,-97.088446,54.3,60.1,68.8
BNSF,TC1223107,2023-12-14,5:38 PM,Other impacts,0,GRAND FORKS,ND,32,3,Dusk,Clear,Yard,Yard/switching,4,24550,0,24550,H318,47.918114,-97.073863,19.2,32.1,31.4
UP,0216CB001,2016-02-01,7:35 PM,Derailment,0,GRAND ISLAND,NE,32,4,Dark,Snow,Yard,Light loco(s),5,18620,1390,20010,M101,40.933025,-98.325215,38,31.6,27.8
BNSF,NE0816201,2016-08-15,10:05 AM,Hwy-rail crossing,0,GRAND ISLAND,NE,85,2,Day,Clear,Main,Freight Train,33,300,18231,18531,M308,40.91404,-98.3017,74.2,74,74.4
BNSF,HL1220115,2020-12-26,8:44 AM,Derailment,0,GRAND ISLAND,NE,45,1,Dawn,Clear,Yard,Freight Train,8,221227,200,221427,H503,40.970027,-98.462322,31.9,32.6,33.1
UP,0918NP019,2018-09-20,1:00 AM,Derailment,0,GRAND ISLAND,NE,75,4,Dark,Clear,Yard,Yard/switching,5,26489,6410,32899,H306,40.935103,-98.318404,78.4,77.1,57.7
UP,0418NP017,2018-04-18,7:45 PM,Other impacts,0,GRAND ISLAND,NE,36,3,Dusk,Clear,Yard,Cut of cars,0,284,0,38227,M411,40.932179,-98.327409,43,37.6,41.8
UP,0418NP017,2018-04-18,7:45 PM,Other impacts,0,GRAND ISLAND,NE,36,3,Dusk,Clear,Yard,Yard/switching,2,284,37659,38227,M411,40.932179,-98.327409,43,37.6,41.8
UP,0118NP021,2018-01-19,1:31 AM,Derailment,0,GRAND ISLAND,NE,38,4,Dark,Clear,Yard,Yard/switching,5,18866,37841,56707,M405,40.932493,-98.326943,28.4,38.3,34.7
UP,0823GL036,2023-08-16,11:34 AM,Derailment,0,GRAND ISLAND,NE,82,2,Day,Clear,Yard,Yard/switching,2,6475,66000,72475,H307,40.932933,-98.324406,70.3,78,72.5
UP,0920GL035,2020-09-26,10:00 AM,Derailment,0,GRAND ISLAND,NE,69,2,Day,Cloudy,Yard,Yard/switching,7,29734,6711,36445,H303,40.942246,-98.299953,70.8,71,60.3
UP,1115CB007,2015-11-16,6:00 PM,Derailment,0,GRAND ISLAND,NE,63,3,Dusk,Cloudy,Yard,Yard/switching,5,502,12456,12958,H702,40.932322,-98.326851,48.5,55.6,42.4
UP,1119GL011,2019-11-12,8:15 PM,Derailment,0,GRAND ISLAND,NE,31,4,Dark,Clear,Yard,Freight Train,8,36227,87725,123952,H703,40.937223,-98.31354,15.7,20.6,36.4
UP,0222GL010,2022-02-12,8:35 PM,Derailment,0,GRAND ISLAND,NE,34,4,Dark,Cloudy,Yard,Freight Train,1,41450,197925,239375,H306,40.93751,-98.31252,37.2,24.2,27.1
UP,0320GL018,2020-03-23,5:30 AM,Other impacts,0,GRAND ISLAND,NE,39,1,Dawn,Fog,Yard,Cut of cars,0,48805,0,56321,H306,40.936462,-98.314948,39.7,42.5,50.7
UP,0320GL018,2020-03-23,5:30 AM,Other impacts,0,GRAND ISLAND,NE,39,1,Dawn,Fog,Yard,Yard/switching,5,6853,663,56321,H306,40.936462,-98.314948,39.7,42.5,50.7
UP,0420GL009,2020-04-13,10:29 AM,Derailment,0,GRAND ISLAND,NE,31,2,Day,Clear,Yard,Cut of cars,0,11592,0,119595,T101,40.932859,-98.325346,34,30.6,34.2
UP,0420GL009,2020-04-13,10:29 AM,Derailment,0,GRAND ISLAND,NE,31,2,Day,Clear,Yard,Cut of cars,0,23206,0,119595,T101,40.932859,-98.325346,34,30.6,34.2
UP,0420GL009,2020-04-13,10:29 AM,Derailment,0,GRAND ISLAND,NE,31,2,Day,Clear,Yard,Freight Train,8,30729,38533,119595,T101,40.932859,-98.325346,34,30.6,34.2
UP,0119GP035,2019-01-17,1:10 PM,Derailment,0,GRAND ISLAND,NE,36,2,Day,Cloudy,Yard,Freight Train,6,40639,79390,120029,T403,40.933341,-98.322844,26.8,31.1,24.8
UP,0420GL009,2020-04-13,10:29 AM,Derailment,0,GRAND ISLAND,NE,31,2,Day,Clear,Yard,Cut of cars,0,14767,0,119595,T101,40.932859,-98.325346,34,30.6,34.2
UP,0420GL009,2020-04-13,10:29 AM,Derailment,0,GRAND ISLAND,NE,31,2,Day,Clear,Yard,Cut of cars,0,768,0,119595,T101,40.932859,-98.325346,34,30.6,34.2
UP,0718DV018,2018-07-18,1:32 AM,Derailment,0,GRAND JUNCTION,CO,76,4,Dark,Cloudy,Yard,Freight Train,10,97554,318700,416254,E64C,39.060842,-108.567569,82.8,81.2,85.4
UP,0615DV010,2015-06-13,3:30 PM,Derailment,0,GRAND JUNCTION,CO,77,2,Day,Clear,Main,Freight Train,23,245939,307344,553283,T220,39.00111,-108.512583,67.4,69.4,70.8
UP,0420RM026,2020-04-15,2:13 PM,Derailment,0,GRAND JUNCTION,CO,55,2,Day,Clear,Yard,Yard/switching,6,34569,2656,37225,H702,39.067998,-108.531873,35.3,45.9,43.6
UP,0921RM030,2021-09-30,7:35 PM,Derailment,0,GRAND JUNCTION,CO,63,3,Dusk,Rain,Yard,Yard/switching,4,100,11602,11702,E67C,39.068009,-108.532398,55.9,56.2,57.7
UP,0722RM020,2022-07-24,7:50 PM,Other impacts,0,GRAND JUNCTION,CO,75,3,Dusk,Cloudy,Yard,Yard/switching,4,27624,5730,42251,H317,39.063102,-108.553197,88.7,76.5,77.4
UP,0722RM020,2022-07-24,7:50 PM,Other impacts,0,GRAND JUNCTION,CO,75,3,Dusk,Cloudy,Yard,Cut of cars,0,8897,0,42251,H317,39.063102,-108.553197,88.7,76.5,77.4
UP,0716DV002,2016-07-05,2:05 PM,Derailment,0,GRAND JUNCTION,CO,90,2,Day,Clear,Yard,Yard/switching,7,15955,36001,191956,H309,39.062629,-108.555912,75.4,81.1,81.7
UP,0617DV004,2017-06-02,2:52 PM,Derailment,0,GRAND JUNCTION,CO,85,2,Day,Cloudy,Main,Freight Train,28,106914,27294,134208,M199,39.03611,-108.567209,69.4,69.9,73.5
UP,0716DV002,2016-07-05,2:05 PM,Derailment,0,GRAND JUNCTION,CO,90,2,Day,Clear,Yard,Spec. MoW Equip.,0,140000,0,191956,H309,39.062629,-108.555912,75.4,81.1,81.7
UP,1022RM002,2022-10-02,1:45 AM,Derailment,0,GRAND JUNCTION,CO,58,4,Dark,Cloudy,Yard,Freight Train,7,297077,319968,617045,T202,39.069326,-108.525195,59,58.3,57.1
UP,1221RM034,2021-12-29,2:11 AM,Derailment,0,GRAND JUNCTION,CO,24,4,Dark,Snow,Yard,Freight Train,9,460690,125446,586136,T110,39.062726,-108.555189,28.6,26,29
UP,0316DV004,2016-03-16,9:30 PM,Derailment,0,GRAND JUNCTION,CO,50,4,Dark,Clear,Yard,Yard/switching,6,17993,113520,131513,T319,39.067911,-108.533729,40.4,37.7,44.1
UP,0616DV018,2016-06-30,11:20 AM,Derailment,0,GRAND JUNCTION,CO,75,2,Day,Cloudy,Yard,Yard/switching,4,139,10650,10789,T319,39.064317,-108.548822,78.7,73.3,64.8
UP,0623RM012,2023-06-13,11:30 AM,Derailment,0,GRAND JUNCTION,CO,70,2,Day,Clear,Yard,Freight Train,9,110987,87206,198193,T313,39.068009,-108.532398,73.2,67.2,68
UP,0618DV024,2018-06-24,11:00 AM,Derailment,0,GRAND JUNCTION,CO,83,2,Day,Clear,Yard,Yard/switching,4,250,17360,17610,T110,39.060325,-108.564567,79.1,75.9,77.1
UP,0216DV004,2016-02-03,6:55 PM,Derailment,0,GRAND JUNCTION,CO,17,4,Dark,Cloudy,Yard,Yard/switching,7,1085,186866,187951,T111,39.067699,-108.534619,20.7,10.8,12.3
UP,0918PR014,2018-09-14,10:25 AM,Hwy-rail crossing,0,GRAND MARSH,WI,79,2,Day,Clear,Main,Freight Train,35,29026,66,29092,M303,43.894042,-89.717683,66.8,69.9,73
UP,0722TO040,2022-07-18,11:15 PM,Obstruction,0,GRAND PRAIRIE,TX,95,4,Dark,Clear,Yard,Freight Train,7,0,18000,18000,M404,32.779328,-97.054299,92.5,95,94.9
UP,0320TO007,2020-03-05,9:10 PM,Other (describe in narrative),0,GRAND PRAIRIE,TX,63,4,Dark,Clear,Main,Freight Train,16,14787,0,14787,M507,32.738847,-97.041399,55.7,58.3,55.5
UP,0723TO012,2023-07-09,12:42 AM,Derailment,0,GRAND PRAIRIE,TX,82,4,Dark,Clear,Main,Freight Train,10,3200,20400,23600,H702,32.739791,-97.032935,87.6,84,85.4
UP,0918FW032,2018-09-24,7:30 PM,Derailment,0,GRAND PRAIRIE,TX,78,3,Dusk,Cloudy,Yard,Work train,3,1453,9925,11378,M404,32.746231,-96.971512,69.3,73.8,78.7
CSX,000211028,2023-04-27,6:30 AM,Side collision,0,GRAND RAPIDS,MI,64,1,Dawn,Clear,Yard,Yard/switching,0,4985,0,26284,H306,42.952655,-85.684179,41.1,47.2,51
CSX,000215541,2024-01-13,3:45 AM,Derailment,0,GRAND RAPIDS,MI,20,4,Dark,Snow,Yard,Freight Train,7,14375,2192,16567,E33C,42.952632,-85.684163,32.1,27.7,10.4
CSX,000210735,2023-04-10,6:38 PM,Derailment,0,GRAND RAPIDS,MI,50,2,Day,Clear,Yard,Yard/switching,9,25293,7180,32473,M405,42.952655,-85.684179,50.3,54.5,61
CSX,000211509,2023-05-24,5:40 PM,Derailment,0,GRAND RAPIDS,MI,60,2,Day,Clear,Yard,Yard/switching,5,22302,1727,24029,M405,42.952632,-85.684163,66.4,59.7,53.2
CSX,000211028,2023-04-27,6:30 AM,Side collision,0,GRAND RAPIDS,MI,64,1,Dawn,Clear,Yard,Yard/switching,10,21210,89,26284,H306,42.952655,-85.684179,41.1,47.2,51
CSX,000206380,2022-07-28,10:40 AM,Side collision,0,GRAND RAPIDS,MI,80,2,Day,Clear,Yard,Yard/switching,0,29976,0,60000,H302,42.952632,-85.684163,71.3,72.3,69.8
BNSF,TC1114124,2014-11-21,3:00 PM,Other (describe in narrative),0,GRAND RAPIDS,MN,35,2,Day,Clear,Yard,Maint./inspect Car,5,20000,0,20000,H997,47.235216,-93.538964,5.1,16.6,30.8
CSX,000187141,2019-12-15,10:10 AM,Derailment,0,GRAND RAPIDS,MI,20,2,Day,Snow,Yard,Yard/switching,6,29000,3536,32536,H306,42.952673,-85.684184,31.7,27.6,28.2
BNSF,TC0318107,2018-03-10,8:02 PM,Derailment,0,GRAND RAPIDS,MN,30,3,Dusk,Clear,Yard,Light loco(s),10,3300,15572,18872,H307,47.204021,-93.440061,18.9,22.9,29.7
BNSF,TC1123102,2023-11-11,9:30 AM,Derailment,0,GRAND RAPIDS,MN,35,2,Day,Cloudy,Industry,Freight Train,5,0,12000,12000,T101,47.235061,-93.536945,31.6,31.7,38.5
UP,0819TO015,2019-08-09,7:04 PM,Fire/violent rupture,0,GRAND SALINE,TX,93,3,Dusk,Clear,Main,Freight Train,30,34771,99,34870,E73L,32.678557,-95.775563,84.6,86.2,85.3
UP,0818FW018,2018-08-11,7:26 PM,Fire/violent rupture,0,GRAND SALINE,TX,89,3,Dusk,Rain,Main,Freight Train,48,43858,0,43858,E74L,32.671288,-95.65181,78.4,77.4,74.7
UP,0817SL016,2017-08-14,6:59 AM,Fire/violent rupture,0,GRAND TOWER,IL,91,1,Dawn,Clear,Main,Freight Train,11,28271,0,28271,E79L,37.673715,-89.467231,70.2,73.3,75.6
BNSF,PR0617109,2017-06-14,11:15 AM,Derailment,0,GRAND VALLEY,CO,76,2,Day,Clear,Yard,Freight Train,10,14543,3250,17793,H303,39.465589,-108.035662,60.6,66.3,70.6
BNSF,TC0416112,2016-04-24,10:35 AM,Derailment,0,GRANDIN,ND,54,2,Day,Cloudy,Main,Freight Train,16,15379,221846,237225,E53C,47.236829,-97.001666,54.8,49.1,43.1
KCS,17091301,2017-09-13,10:30 PM,Other impacts,0,GRANDVIEW,MO,72,4,Dark,Clear,Yard,,0,0,0,80000,H018,38.84255,-94.560829,67.1,70.3,73.7
UP,1022TO027,2022-10-27,12:46 PM,Hwy-rail crossing,0,GRANDVIEW,TX,68,2,Day,Clear,Main,Freight Train,34,16553,5840,22393,M302,32.307282,-97.193061,58.3,62.5,57.3
KCS,19121503,2019-12-15,9:21 PM,Derailment,0,GRANDVIEW,MO,26,4,Dark,Snow,Yard,Freight Train,6,17666,94,17760,H703,38.863446,-94.55831,30.3,24.4,23.1
ITSL,ITSL176,2017-09-13,10:30 PM,Other impacts,0,GRANDVIEW,MO,70,4,Dark,Clear,Yard,Yard/switching,10,80000,0,80000,H018,38.84255,-94.560829,67.1,70.3,73.7
UP,0618FW021,2018-06-21,4:08 PM,Derailment,0,GRANDVIEW,TX,98,2,Day,Clear,Industry,Freight Train,2,9326,3356,12682,T199,32.258199,-97.182397,79.5,84.6,89.3
CWA,23110201,2023-11-02,8:30 AM,Derailment,0,GRANDVIEW,WA,37,2,Day,Cloudy,Main,Freight Train,25,1300,51250,52550,T202,46.285036,-119.942628,38.2,42.1,44.1
CSX,000201258,2021-11-11,10:17 AM,Derailment,0,GRANDVILLE,MI,51,2,Day,Cloudy,Industry,Freight Train,6,13638,50,13688,H303,42.914478,-85.74964,41.9,50.6,38.7
UP,0316DV005,2016-03-14,9:41 PM,Head on collision,0,GRANGER,WY,20,4,Dark,Clear,Siding,Freight Train,0,960430,58996,2116526,H405,41.617227,-109.925037,38.5,31.9,24.5
UP,0316DV005,2016-03-14,9:41 PM,Head on collision,0,GRANGER,WY,20,4,Dark,Clear,Siding,Freight Train,30,1097100,0,2116526,H405,41.617227,-109.925037,38.5,31.9,24.5
UP,1018FW041,2018-10-28,10:23 AM,Obstruction,0,GRANGER,TX,80,2,Day,Clear,Main,Freight Train,40,14759,0,14759,H501,30.645738,-97.434573,67.8,69.8,70
UP,0617DV010,2017-06-16,1:37 PM,Derailment,0,GRANITE CANON,WY,77,2,Day,Cloudy,Industry,Work train,1,152815,132,152947,M101,41.099071,-105.168242,64.8,68,60.5
UP,1018DV004,2018-10-04,7:40 PM,Rear end collision,0,GRANITE CANON,WY,46,4,Dark,Cloudy,Main,Freight Train,55,2831109,333554,3833007,E03C,41.099654,-105.132199,59.4,44.4,41.8
UP,1018DV004,2018-10-04,7:40 PM,Rear end collision,0,GRANITE CANON,WY,46,3,Dusk,Cloudy,Main,Freight Train,0,668344,0,3833007,E03C,41.099654,-105.132199,59.4,44.4,41.8
UP,1020ES038,2020-10-19,11:15 AM,Derailment,0,GRANITE CANON,WY,50,2,Day,Cloudy,Main,Spec. MoW Equip.,3,17776,0,17776,M599,41.100938,-105.24083,32.7,50.1,49.3
UP,0519RM007,2019-05-03,1:30 PM,Derailment,0,GRANITE CANON,WY,44,2,Day,Clear,Main,Freight Train,38,22976,165350,188326,E61C,41.11239,-105.274331,39.6,46.7,49.3
ALS,20220613,2022-06-13,7:10 AM,Hwy-rail crossing,0,GRANITE CITY,IL,98,1,Dawn,Clear,Yard,Yard/switching,8,30000,0,30100,M308,38.688069,-90.130933,83.9,88.7,88.8
PHRR,21324,2024-02-13,6:30 PM,Other impacts,0,GRANITE CITY,IL,50,4,Dark,Clear,Yard,Freight Train,4,14000,3000,17000,H306,38.686762,-90.176604,38.9,43.2,47.3
UP,0823MA004,2023-08-07,6:05 PM,Hwy-rail crossing,0,GRANITE CITY,IL,79,3,Dusk,Cloudy,Main,,0,0,0,12661,M308,38.752298,-90.10267,77.7,75.9,76.2
TRRA,17019,2017-12-13,8:10 PM,Hwy-rail crossing,0,GRANITE CITY,IL,38,4,Dark,Cloudy,Main,,0,0,0,29906,M308,38.701518,-90.157774,33,40.8,32.4
UP,1217SL010,2017-12-13,8:19 PM,Hwy-rail crossing,0,GRANITE CITY,IL,38,4,Dark,Cloudy,Main,,0,0,0,29906,M308,38.701518,-90.157774,33,40.8,32.4
UP,0122MA027,2022-01-23,3:13 PM,Hwy-rail crossing,0,GRANITE CITY,IL,28,2,Day,Clear,Main,,0,0,150,14880,M308,38.713653,-90.144636,26.7,33,36.8
ATK,169544,2022-01-23,3:13 PM,Hwy-rail crossing,0,GRANITE CITY,IL,28,2,Day,Clear,Main,Passenger Train - Pulling,68,14730,0,14880,M308,38.713785,-90.144756,26.7,33,36.8
KCS,17121301,2017-12-13,8:10 PM,Hwy-rail crossing,0,GRANITE CITY,IL,40,4,Dark,Clear,Main,Freight Train,25,29906,0,29906,M308,38.701518,-90.157774,33,40.8,32.4
NS,156645,2024-05-09,1:40 PM,Derailment,0,GRANITE CITY,IL,76,2,Day,Clear,Yard,Yard/switching,7,13039,13000,26039,M405,38.717141,-90.146225,66.6,69.5,63.2
NS,128800,2018-03-11,11:30 PM,Derailment,0,GRANITE CITY,IL,32,4,Dark,Clear,Yard,Freight Train,9,214361,34066,248427,H524,38.722763,-90.142584,44.6,37.3,36.8
ATK,175848,2023-08-07,6:05 PM,Hwy-rail crossing,0,GRANITE CITY,IL,80,2,Day,Clear,Main,Passenger Train - Pulling,79,12661,0,12661,M308,38.751662,-90.103633,77.7,75.9,76.2
UP,0622MA019,2022-06-13,7:10 AM,Hwy-rail crossing,0,GRANITE CITY,IL,94,2,Day,Clear,Yard,,0,0,100,30100,M302,38.687552,-90.131577,83.9,88.7,88.8
PHRR,31924,2024-03-19,7:30 PM,Other impacts,0,GRANITE CITY,IL,63,3,Dusk,Clear,Industry,Freight Train,3,0,26000,26000,H306,38.68577,-90.176852,34.5,48,48.6
NS,116466,2015-07-10,3:10 PM,Derailment,0,GRANITE CITY,IL,81,2,Day,Cloudy,Yard,Freight Train,1,6315,7443,13758,T205,38.722764,-90.142584,69.5,72.3,81.1
NS,136345,2019-11-27,11:35 AM,Derailment,0,GRANITE CITY,IL,45,2,Day,Clear,Main,Yard/switching,4,1200,14874,16074,T110,38.722763,-90.142584,51.5,44.4,34.9
NS,137105,2020-02-09,5:15 AM,Derailment,0,GRANITE CITY,IL,34,1,Dawn,Rain,Yard,Yard/switching,7,20100,10900,31000,T110,38.722763,-90.142584,31.4,42.6,34.6
NS,139331,2020-07-25,1:40 AM,Derailment,0,GRANITE CITY,IL,80,4,Dark,Clear,Yard,Freight Train,5,3000,10000,41500,T314,38.690946,-90.139668,81.1,82.8,84.4
NS,134511,2019-06-28,2:05 AM,Derailment,0,GRANITE CITY,IL,74,4,Dark,Clear,Yard,Light loco(s),4,24460,400,24860,T311,38.722763,-90.142584,77.4,78.2,81.1
NS,131231,2018-10-07,9:45 PM,Derailment,0,GRANITE CITY,IL,70,4,Dark,Cloudy,Siding,Freight Train,6,11732,650,12382,T110,38.690888,-90.147383,75.9,73.9,76.1
NS,116207,2015-06-19,4:50 PM,Derailment,0,GRANITE CITY,IL,80,3,Dusk,Rain,Yard,Freight Train,8,1350,24848,26198,T110,38.717141,-90.146225,75,73.8,78.9
TRRA,15030,2015-10-27,9:00 PM,Derailment,0,GRANITE CITY,IL,59,4,Dark,Cloudy,Main,Yard/switching,6,6735,57756,64491,T199,38.701489,-90.157886,56.5,58.6,57.3
TCWR,TCW021021A,2021-02-10,4:00 PM,Other impacts,0,GRANITE FALLS,MN,0,2,Day,Clear,Industry,Work train,10,19082,0,19082,H306,44.803082,-95.489242,4.1,0.4,-4.6
KCS,20092903,2020-09-29,8:30 AM,Hwy-rail crossing,0,GRANNIS,AR,75,2,Day,Clear,Main,Freight Train,37,10965,0,10965,M308,34.27463,-94.33768,64.3,59.5,64.5
NPR,DR032201,2022-03-14,10:24 AM,Derailment,0,GRANO,ND,25,2,Day,Clear,Main,Work train,26,45000,2000,47000,M101,48.617211,-101.597365,20.9,26.9,36.3
MQT,MQT645818H,2018-04-26,7:45 AM,Fire/violent rupture,0,GRANT,MI,29,1,Dawn,Clear,Main,Freight Train,0,42000,0,42000,E79L,43.350792,-85.811594,47.3,47.3,44.5
NKCR,NKCR151154,2015-06-10,7:45 PM,Derailment,0,GRANT,NE,60,2,Day,Clear,Industry,Freight Train,4,13100,24000,37100,T108,40.840131,-101.709612,75.8,72.3,65.1
CSX,000219404,2024-07-18,2:25 AM,Derailment,0,GRANT TOWN,WV,68,4,Dark,Clear,Main,Freight Train,9,3837,0,74010,M501,39.554919,-80.175861,75,73,72.1
NS,157414,2024-07-18,2:25 AM,Derailment,0,GRANT TOWN,WV,70,4,Dark,Clear,Main,,0,0,70173,74010,M501,39.554919,-80.175861,75,73,72.1
BNSF,SW0919109,2019-09-21,10:28 PM,Derailment,0,GRANTS,NM,72,4,Dark,Clear,Main,Freight Train,58,2000,314582,316582,E4TC,35.110657,-107.786974,61,58.6,56.2
BNSF,SW0221101,2021-02-04,6:47 AM,Derailment,0,GRANTS,NM,36,1,Dawn,Clear,Main,Freight Train,50,132890,43000,175890,E33C,35.140014,-107.832036,45.8,37.5,32.9
CSX,000169765,2017-06-21,9:00 AM,Hwy-rail crossing,0,GRANTVILLE,GA,72,2,Day,Rain,Main,Freight Train,33,5000,8722,13722,M303,33.234376,-84.83511,74.3,72.8,76.3
BNSF,TC0617120,2017-06-28,6:40 PM,Derailment,0,GRANVILLE,ND,80,2,Day,Clear,Industry,,0,0,8000,8000,H306,48.244363,-101.05149,70.9,69.1,63.7
ATK,148915,2017-08-10,7:40 AM,Hwy-rail crossing,0,GRANVILLE,ND,70,2,Day,Clear,Main,Passenger Train - Pulling,76,13818,0,13818,M304,48.264895,-100.864304,62.9,65,66.2