reportingrailroadcode,accidentnumber,date,time,accidenttype,hazmatreleasedcars,station,stateabbr,temperature,visibility_code,visibility,weathercondition,tracktype,equipmenttype,trainspeed,equipmentdamagecost,trackdamagecost,totaldamagecost,primaryaccidentcausecode,latitude,longitude,prior_temp,actual_temp,following_temp
BNSF,TC1115201,2015-11-23,1:00 PM,Hwy-rail crossing,0,GRANVILLE,ND,38,2,Day,Clear,Main,,0,0,0,230000,M302,48.27319,-100.821007,35.9,31.3,29.5
ATK,140148,2015-11-23,12:50 PM,Hwy-rail crossing,0,GRANVILLE,ND,35,2,Day,Clear,Main,Passenger Train - Pulling,77,230000,0,230000,M304,48.27319,-100.821007,35.9,31.3,29.5
BNSF,TC1023204,2023-10-15,12:22 PM,Hwy-rail crossing,0,GRANVILLE,ND,53,2,Day,Clear,Main,Freight Train,40,15298,0,15298,M302,48.254493,-100.917334,44.4,41,49.3
BNSF,TC0817204,2017-08-10,7:40 AM,Hwy-rail crossing,0,GRANVILLE,ND,57,1,Dawn,Clear,Main,,0,0,0,13818,M302,48.264895,-100.864304,62.9,65,66.2
TEXR,2020012,2020-12-24,2:53 PM,Hwy-rail crossing,0,GRAPEVINE,TX,50,2,Day,Clear,Main,DMU,55,26200,1000,27200,M399,32.926576,-97.106847,57.3,41.7,45.5
KCS,22051601,2022-05-16,1:31 AM,Derailment,0,GRAVETTE,AR,83,4,Dark,Clear,Main,Freight Train,31,45051,142093,187144,H508,36.449637,-94.469074,70.6,70,69.4
UP,0223GC006,2023-02-07,1:00 PM,Hwy-rail crossing,0,GRAYBURG,TX,71,2,Day,Clear,Main,Freight Train,20,6645,15764,22409,M302,30.115132,-94.352527,63.1,66.8,66.7
UP,1015LV005,2015-10-08,4:27 PM,Obstruction,0,GRAYSON,LA,79,2,Day,Clear,Siding,Spec. MoW Equip.,0,3006,0,510867,H997,32.051457,-92.108317,75.1,76.8,78.6
UP,1015LV005,2015-10-08,4:27 PM,Obstruction,0,GRAYSON,LA,79,2,Day,Clear,Siding,Freight Train,12,507861,0,510867,H997,32.051457,-92.108317,75.1,76.8,78.6
KO,IN190815,2019-08-15,10:30 PM,Derailment,0,GREAT BEND,KS,80,4,Dark,Clear,Main,Freight Train,4,3000,9650,12650,E46C,38.353521,-98.779658,73.2,78.2,76.9
KO,IN210517,2021-05-17,3:30 PM,Other impacts,0,GREAT BEND,KS,70,2,Day,Clear,Main,Cut of cars,0,24000,0,24600,H302,38.364363,-98.663408,68.1,64.9,63.2
KO,IN200310,2020-03-10,3:00 AM,Derailment,0,GREAT BEND,KS,34,4,Dark,Fog,Industry,Freight Train,5,3000,18000,46000,H306,38.364087,-98.682307,46.7,44.1,54.9
KO,IN210517,2021-05-17,3:30 PM,Other impacts,0,GREAT BEND,KS,70,2,Day,Clear,Siding,Light loco(s),3,600,0,24600,H302,38.364363,-98.663408,68.1,64.9,63.2
KO,IN200310,2020-03-10,2:50 AM,Derailment,0,GREAT BEND,KS,34,4,Dark,Fog,Industry,Freight Train,5,25000,0,46000,H306,38.364087,-98.682307,46.7,44.1,54.9
KO,20161207,2016-12-06,10:30 PM,Derailment,0,GREAT BEND,KS,32,4,Dark,Clear,Main,Freight Train,5,44000,7850,51850,T202,38.355602,-98.767888,41.6,30.6,24.5
CSX,000211804,2023-05-10,12:13 PM,Obstruction,0,GREAT CACAPON,WV,70,2,Day,Clear,Main,,0,0,0,14386,M404,39.587746,-78.394587,58.5,56.7,60.1
ATK,174668,2023-05-10,12:13 PM,Obstruction,0,GREAT CACAPON,WV,70,2,Day,Clear,Main,Passenger Train - Pulling,53,14386,0,14386,M404,39.587746,-78.394587,58.5,56.7,60.1
BNSF,MT0918103,2018-09-07,4:30 AM,Other impacts,0,GREAT FALLS,MT,55,1,Dawn,Clear,Yard,Yard/switching,4,40222,0,40222,H021,47.503296,-111.328423,63.7,70.8,70.9
BNSF,MT0818103,2018-08-08,5:40 PM,Derailment,0,GREAT FALLS,MT,95,3,Dusk,Clear,Yard,Yard/switching,5,12483,2000,14483,H503,47.503133,-111.307723,74.8,75.5,78.6
BNSF,MT1217106,2017-12-31,4:00 PM,Derailment,0,GREAT FALLS,MT,-20,2,Day,Clear,Yard,Yard/switching,6,27494,10000,37494,M101,47.502457,-111.323475,-11.4,-17.5,-14.3
BNSF,MT1019103,2019-10-11,12:57 AM,Derailment,0,GREAT FALLS,MT,18,4,Dark,Clear,Yard,Light loco(s),3,40930,0,40930,T223,47.506305,-111.338146,16.1,28,36.4
BNSF,MT0416100,2016-04-13,2:15 AM,Derailment,0,GREAT FALLS,MT,47,4,Dark,Rain,Yard,Yard/switching,5,21633,0,21633,H318,47.50276,-111.325195,55.1,48.9,40.8
BNSF,MT0922103,2022-09-11,10:45 AM,Derailment,0,GREAT FALLS,MT,85,2,Day,Clear,Yard,Yard/switching,3,27500,3200,30700,H307,47.502201,-111.322731,54,67,66.7
BNSF,MT1217103,2017-12-21,3:52 AM,Derailment,0,GREAT FALLS,MT,15,4,Dark,Snow,Yard,Light loco(s),5,13886,2000,15886,H607,47.502994,-111.324883,14,16.8,10.3
BNSF,MT0321106,2021-03-28,2:33 PM,Derailment,0,GREAT FALLS,MT,63,2,Day,Clear,Yard,Light loco(s),6,55948,2200,58148,H607,47.502705,-111.324154,44.8,54.7,30
BNSF,MT0421103,2021-04-22,1:55 PM,Derailment,0,GREAT FALLS,MT,53,2,Day,Clear,Yard,Yard/switching,4,14188,1000,15188,H312,47.504874,-111.334488,40.4,34.5,29.8
BNSF,MT0419107,2019-04-20,11:10 PM,Side collision,0,GREAT FALLS,MT,43,4,Dark,Rain,Industry,Yard/switching,9,68659,0,102882,H307,47.521447,-111.298602,64.3,45.6,44.3
BNSF,MT0222104,2022-02-12,10:02 PM,Other impacts,0,GREAT FALLS,MT,30,4,Dark,Clear,Industry,Cut of cars,0,23623,0,40933,H307,47.521504,-111.297475,26.9,32.2,39.7
BNSF,MT1222102,2022-12-13,9:55 PM,Derailment,0,GREAT FALLS,MT,17,4,Dark,Clear,Yard,Yard/switching,6,12011,4879,16890,H020,47.517316,-111.280885,10.3,15.5,22.9
BNSF,MT0821106,2021-08-25,5:30 PM,Derailment,0,GREAT FALLS,MT,75,3,Dusk,Clear,Yard,Yard/switching,5,72806,220000,292806,H514,47.50342,-111.32588,53.5,57.1,61.6
BNSF,MT0222104,2022-02-12,10:02 PM,Other impacts,0,GREAT FALLS,MT,30,4,Dark,Clear,Industry,Yard/switching,5,17310,0,40933,H307,47.521504,-111.297475,26.9,32.2,39.7
BNSF,MT1020103,2020-10-10,8:40 PM,Derailment,0,GREAT FALLS,MT,42,3,Dusk,Clear,Main,Freight Train,7,12010,0,12010,M204,47.501388,-111.314357,59.1,62.7,48.5
BNSF,MT0921102,2021-09-04,8:13 PM,Derailment,0,GREAT FALLS,MT,65,3,Dusk,Clear,Yard,Freight Train,7,72753,8715,81468,H525,47.516444,-111.360114,56.3,59.9,68.7
BNSF,MT1223103,2023-12-16,8:30 AM,Other impacts,0,GREAT FALLS,MT,43,1,Dawn,Clear,Yard,Freight Train,2,4748,0,77803,H307,47.502667,-111.324564,34.3,45.7,35.4
BNSF,MT0419107,2019-04-20,11:10 PM,Side collision,0,GREAT FALLS,MT,43,4,Dark,Rain,Industry,Cut of cars,0,34223,0,102882,H307,47.521447,-111.298602,64.3,45.6,44.3
BNSF,MT0517104,2017-05-26,12:19 AM,Derailment,0,GREAT FALLS,MT,60,4,Dark,Clear,Industry,Yard/switching,9,50338,104000,154338,H307,47.519169,-111.307865,49.6,51.1,59.5
BNSF,MT0616108,2016-06-21,1:10 PM,Derailment,0,GREAT FALLS,MT,60,2,Day,Clear,Main,Freight Train,9,303399,60000,363399,T399,47.595504,-111.150769,63.2,65.1,63.2
BNSF,MT0715102,2015-07-08,8:47 AM,Derailment,0,GREAT FALLS,MT,50,1,Dawn,Clear,Main,Freight Train,25,12245,1801205,1813450,T002,47.450964,-111.232738,59.4,65,74.1
BNSF,MT1214111,2014-12-29,2:00 PM,Derailment,0,GREAT FALLS,MT,1,2,Day,Clear,Main,Freight Train,6,46127,200,46327,T202,47.502844,-111.323058,17.1,-1.5,-4.1
BNSF,MT0622103,2022-06-17,5:47 PM,Derailment,0,GREAT FALLS,MT,60,3,Dusk,Clear,Main,Freight Train,40,6943,21733,28676,T102,47.529021,-111.409877,62.4,69.2,66
BNSF,MT1115107,2015-11-24,12:05 PM,Derailment,0,GREAT FALLS,MT,21,2,Day,Snow,Yard,Yard/switching,2,14271,2500,16771,T206,47.502689,-111.324134,40,26.5,5.1
NJTR,201607352,2016-06-06,10:43 PM,Derailment,0,GREAT NOTCH,NJ,80,4,Dark,Clear,Yard,Commuter Train - Pushing,3,15000,500,15500,H303,40.874488,-74.202936,67.7,75,73.1
UP,0424GP023,2024-04-26,12:40 PM,Derailment,0,GREELEY,CO,64,2,Day,Clear,Industry,Freight Train,5,1120,11930,13050,E44L,40.455928,-104.69441,57.5,56.3,43.5
UP,1017DV025,2017-10-26,5:20 PM,Hwy-rail crossing,0,GREELEY,CO,40,2,Day,Clear,Main,Freight Train,57,41303,17247,58550,M303,40.466458,-104.696514,52.1,42.8,30.3
UP,0117DV030,2017-01-26,12:16 AM,Derailment,0,GREELEY,CO,20,4,Dark,Clear,Main,Freight Train,40,1280642,723728,2004370,E53C,40.480928,-104.699272,21.7,20.3,24.1
GWR,GWRC171950,2017-12-10,3:11 PM,Hwy-rail crossing,0,GREELEY,CO,50,2,Day,Clear,Main,Light loco(s),10,30623,462,31085,M302,40.450468,-104.773408,36.3,29.9,32.6
WC,1138492,2023-09-01,5:00 PM,Side collision,0,GREEN BAY,WI,70,2,Day,Clear,Yard,Cut of cars,0,37776,0,37869,H018,44.526862,-88.017965,59.3,65.4,71
WC,970619,2018-08-23,10:10 PM,Derailment,0,GREEN BAY,WI,70,4,Dark,Clear,Yard,Freight Train,3,24500,28926,53426,H503,44.535833,-88.024444,64.3,66.5,65.5
WC,983706,2019-01-07,7:30 PM,Derailment,0,GREEN BAY,WI,39,4,Dark,Clear,Yard,Freight Train,8,38000,1719,39719,T220,44.528865,-88.015256,31.7,37.2,32.7
WC,1098644,2022-04-01,4:30 PM,Side collision,0,GREEN BAY,WI,41,2,Day,Cloudy,Yard,Cut of cars,4,11972,1818,34519,H020,44.528078,-88.014665,32.9,34.2,36.3
WC,1101366,2022-04-29,11:00 PM,Other (describe in narrative),0,GREEN BAY,WI,51,4,Dark,Clear,Yard,Yard/switching,4,84271,3614,124967,H307,44.528015,-88.014598,41.8,50.7,49.4
WC,1132866,2023-05-14,4:40 PM,Side collision,0,GREEN BAY,WI,54,2,Day,Clear,Yard,Freight Train,9,80313,17282,97595,H310,44.532248,-88.018684,61.4,53.8,57.2
WC,840976,2015-02-17,4:00 AM,Derailment,0,GREEN BAY,WI,7,4,Dark,Clear,Yard,Freight Train,6,20840,8635,29475,H599,44.532023,-88.019132,12.1,9.8,0.4
WC,1138492,2023-09-01,5:00 PM,Side collision,0,GREEN BAY,WI,70,2,Day,Clear,Yard,Yard/switching,6,93,0,37869,H018,44.526862,-88.017965,59.3,65.4,71
WC,1009744,2019-08-19,3:30 AM,Derailment,0,GREEN BAY,WI,24,4,Dark,Clear,Yard,Freight Train,6,4200,263068,267268,H503,44.524034,-88.013442,71.3,67.8,69.7
WC,1101366,2022-04-29,11:00 PM,Other (describe in narrative),0,GREEN BAY,WI,51,4,Dark,Clear,Yard,Freight Train,0,37082,0,124967,H307,44.528015,-88.014598,41.8,50.7,49.4
WC,1132866,2023-05-14,4:40 PM,Side collision,0,GREEN BAY,WI,54,2,Day,Clear,Yard,Cut of cars,2,0,0,97595,H310,44.532248,-88.018684,61.4,53.8,57.2
WC,1098644,2022-04-01,4:30 PM,Side collision,0,GREEN BAY,WI,41,2,Day,Cloudy,Yard,Light loco(s),5,20729,0,34519,H020,44.528078,-88.014665,32.9,34.2,36.3
FOXY,230302006,2023-03-02,8:20 PM,Derailment,0,GREEN BAY,WI,25,4,Dark,Clear,Industry,Yard/switching,8,17542,175,17717,H503,44.525392,-87.999759,33.9,28.4,27.9
UP,0422RM009,2022-04-08,2:01 PM,Derailment,0,GREEN RIVER,WY,61,2,Day,Clear,Yard,Freight Train,3,34275,15492,49767,M201,41.51707,-109.437546,37.8,48,47.1
UP,0322RM005,2022-03-09,3:10 PM,Derailment,0,GREEN RIVER,WY,21,2,Day,Cloudy,Yard,Yard/switching,4,44854,57110,101964,H607,41.519837,-109.452603,21.2,9,3.2
UP,0515DV023,2015-05-31,12:32 AM,Fire/violent rupture,0,GREEN RIVER,WY,45,4,Dark,Clear,Main,Freight Train,20,15826,0,15826,E73L,41.553019,-109.533149,58.3,64.5,65.5
UP,0816DV002,2016-08-02,3:00 AM,Other impacts,0,GREEN RIVER,WY,54,4,Dark,Clear,Yard,Yard/switching,10,12092,0,12236,H602,41.525474,-109.467046,71.9,72.8,72.9
UP,0424RM031,2024-04-25,1:30 PM,Obstruction,0,GREEN RIVER,WY,62,2,Day,Cloudy,Yard,Yard/switching,5,6378,1694,42468,M404,41.519752,-109.449866,52.9,48.8,43.7
UP,0818DV020,2018-08-20,12:00 PM,Other (describe in narrative),0,GREEN RIVER,WY,75,2,Day,Clear,Yard,Single Car,0,67840,0,67840,H312,41.526827,-109.469817,60.6,64,60
UP,0322RM010,2022-03-16,11:50 PM,Other impacts,0,GREEN RIVER,WY,29,4,Dark,Cloudy,Yard,Yard/switching,4,10364,150,66936,M599,41.525033,-109.464208,37.1,34.2,29.9
UP,1023RM007,2023-10-12,9:00 PM,Other impacts,0,GREEN RIVER,WY,40,4,Dark,Cloudy,Yard,Yard/switching,4,26565,0,26565,H312,41.520208,-109.455246,44.5,36.6,38.4
UP,1021RM008,2021-10-08,7:00 PM,Derailment,0,GREEN RIVER,WY,55,3,Dusk,Cloudy,Yard,Freight Train,5,44315,90725,135040,H703,41.519035,-109.44381,49.1,47.2,42.7
UP,0421RM012,2021-04-12,8:00 PM,Side collision,0,GREEN RIVER,WY,44,4,Dark,Clear,Industry,Cut of cars,4,7054,0,18742,H020,41.681937,-109.753228,40.2,29.5,26.5
UP,1214DV014,2014-12-29,1:15 PM,Derailment,0,GREEN RIVER,WY,-5,2,Day,Clear,Yard,Light loco(s),9,70190,0,70190,M101,41.528519,-109.47799,16,5,-7.3
UP,1217DV001,2017-12-04,9:10 AM,Derailment,0,GREEN RIVER,WY,26,2,Day,Clear,Yard,Yard/switching,4,69833,22450,123173,T220,41.528377,-109.471373,38.4,20.4,18.5
UP,0923RM006,2023-09-02,12:00 PM,Other (describe in narrative),0,GREEN RIVER,WY,77,2,Day,Clear,Yard,Single Car,0,13022,0,13022,M507,41.526333,-109.466451,67.6,66.3,64.9
UP,0219RM032,2019-02-25,12:35 AM,Derailment,0,GREEN RIVER,WY,18,4,Dark,Clear,Yard,Freight Train,6,38222,1820,40042,H511,41.525132,-109.464143,21.5,28.5,31.9
UP,0322RM010,2022-03-16,11:50 PM,Other impacts,0,GREEN RIVER,WY,29,4,Dark,Cloudy,Yard,Cut of cars,0,4489,0,66936,M599,41.525033,-109.464208,37.1,34.2,29.9
UP,0424RM031,2024-04-25,1:30 PM,Obstruction,0,GREEN RIVER,WY,62,2,Day,Cloudy,Yard,Single Car,0,34396,0,42468,M404,41.519752,-109.449866,52.9,48.8,43.7
UP,0817DV027,2017-08-28,7:17 AM,Fire/violent rupture,0,GREEN RIVER,WY,65,2,Day,Clear,Main,Freight Train,50,88108,33,88141,E73L,41.623305,-109.843619,69.7,70.9,69.9
UP,0923RM009,2023-09-08,12:57 AM,Derailment,0,GREEN RIVER,WY,59,4,Dark,Cloudy,Yard,Freight Train,4,10143,9022,19165,H503,41.517955,-109.440757,64.6,65.7,66
UP,0816DV002,2016-08-02,3:00 AM,Other impacts,0,GREEN RIVER,WY,54,4,Dark,Clear,Yard,Single Car,0,144,0,12236,H602,41.525474,-109.467046,71.9,72.8,72.9
UP,1217DV001,2017-12-04,9:10 AM,Derailment,0,GREEN RIVER,WY,26,2,Day,Clear,Yard,Cut of cars,0,30890,0,123173,T220,41.528377,-109.471373,38.4,20.4,18.5
UP,0917DV014,2017-09-27,10:30 PM,Derailment,0,GREEN RIVER,WY,48,4,Dark,Cloudy,Main,Freight Train,6,3645,39594,43239,H519,41.529129,-109.470884,40.3,45.2,43.9
UP,0118DV002,2018-01-07,6:03 AM,Derailment,0,GREEN RIVER,WY,25,4,Dark,Clear,Yard,Freight Train,5,61094,12936,74030,H303,41.567621,-109.678755,32.2,30.1,29.3
UP,0120RM038,2020-01-02,3:11 PM,Other (describe in narrative),0,GREEN RIVER,WY,25,2,Day,Clear,Yard,Single Car,0,23895,0,23895,M411,41.522415,-109.458545,27.1,22,26.6
UP,0421RM012,2021-04-12,8:00 PM,Side collision,0,GREEN RIVER,WY,44,4,Dark,Clear,Industry,Light loco(s),4,11688,0,18742,H020,41.681937,-109.753228,40.2,29.5,26.5
UP,1219RM024,2019-12-30,9:00 PM,Other (describe in narrative),0,GREEN RIVER,WY,4,4,Dark,Clear,Yard,Single Car,0,15265,0,15265,H312,41.524256,-109.462619,4.6,3.4,7.2
UP,1020RM014,2020-10-20,5:30 AM,Derailment,0,GREEN RIVER,WY,43,1,Dawn,Cloudy,Yard,Freight Train,5,34854,1320,36174,E09C,41.520016,-109.449814,52.2,50.4,51.7
UP,0721RM033,2021-07-30,6:00 PM,Derailment,0,GREEN RIVER,WY,82,3,Dusk,Clear,Industry,Light loco(s),6,13343,6928,20271,H307,41.577408,-109.693114,69.8,69.2,66.7
UP,0322RM010,2022-03-16,11:50 PM,Other impacts,0,GREEN RIVER,WY,29,4,Dark,Cloudy,Yard,Single Car,0,4119,0,66936,M599,41.525033,-109.464208,37.1,34.2,29.9
UP,0824RM010,2024-08-07,12:00 PM,Other (describe in narrative),0,GREEN RIVER,WY,77,2,Day,Clear,Yard,Single Car,0,35936,0,35936,E22C,41.529047,-109.470895,75.3,75.5,66.6
UP,0417DV001,2017-04-02,2:15 AM,Derailment,0,GREEN RIVER,WY,34,4,Dark,Clear,Yard,Freight Train,3,28167,263629,291796,H702,41.529047,-109.470895,38.1,38.4,37.1
UP,0322RM010,2022-03-16,11:50 PM,Other impacts,0,GREEN RIVER,WY,29,4,Dark,Cloudy,Yard,Cut of cars,0,47814,0,66936,M599,41.525033,-109.464208,37.1,34.2,29.9
UP,0720RM021,2020-07-20,11:30 PM,Derailment,0,GREEN RIVER,WY,71,4,Dark,Clear,Yard,Light loco(s),3,22800,99,22899,H702,41.518465,-109.441984,72.7,71.6,70.5
UP,1123RM039,2023-11-09,12:00 PM,Other (describe in narrative),0,GREEN RIVER,WY,36,2,Day,Clear,Yard,Freight Train,0,32393,0,32393,M507,41.518465,-109.441984,29.8,28.6,30.4
UP,0819RM012,2019-08-11,5:15 AM,Derailment,0,GREEN RIVER,WY,58,1,Dawn,Cloudy,Yard,Light loco(s),2,34319,0,34319,H303,41.526373,-109.46685,68,65.3,64.1
UP,0419RM042,2019-04-30,4:00 PM,Other impacts,0,GREEN RIVER,WY,48,2,Day,Cloudy,Yard,Yard/switching,5,43273,8100,71388,H309,41.520662,-109.45443,31.2,31.1,32.9
UP,0719RM035,2019-07-27,6:50 PM,Derailment,0,GREEN RIVER,WY,77,3,Dusk,Clear,Main,Freight Train,13,18924,116940,135864,H503,41.52927,-109.471031,72.1,70,70.2
UP,0419RM006,2019-04-04,11:15 PM,Derailment,0,GREEN RIVER,WY,43,4,Dark,Cloudy,Yard,Freight Train,10,81003,135476,216479,H503,41.51712,-109.43794,38.3,42.3,45.4
UP,0819RM002,2019-08-03,5:00 PM,Derailment,0,GREEN RIVER,WY,90,2,Day,Cloudy,Yard,Yard/switching,10,3149,6840,114246,E07C,41.519489,-109.447917,70.4,73.5,72
UP,0219RM035,2019-02-28,2:10 AM,Other impacts,0,GREEN RIVER,WY,29,4,Dark,Cloudy,Yard,Cut of cars,0,6152,0,24587,H318,41.52423,-109.462633,30.4,32.2,27.3
UP,0219RM035,2019-02-28,2:10 AM,Other impacts,0,GREEN RIVER,WY,29,4,Dark,Cloudy,Yard,Yard/switching,2,17445,990,24587,H318,41.52423,-109.462633,30.4,32.2,27.3
UP,0819RM002,2019-08-03,5:00 PM,Derailment,0,GREEN RIVER,WY,90,2,Day,Cloudy,Yard,Cut of cars,0,104257,0,114246,E07C,41.519489,-109.447917,70.4,73.5,72
UP,0419RM042,2019-04-30,4:00 PM,Other impacts,0,GREEN RIVER,WY,48,2,Day,Cloudy,Yard,Freight Train,0,20015,0,71388,H309,41.520662,-109.45443,31.2,31.1,32.9
UP,0719RM037,2019-07-29,5:15 AM,Other (describe in narrative),0,GREEN RIVER,WY,57,1,Dawn,Clear,Yard,Yard/switching,4,0,104100,104100,H307,41.523419,-109.460053,70.2,70.6,74.2
UP,0716DV017,2016-07-29,3:10 PM,Derailment,0,GREEN RIVER,WY,90,2,Day,Clear,Yard,Freight Train,4,16913,900,17813,T399,41.527674,-109.471716,74.2,73.2,71.9
UP,0915DV003,2015-09-11,10:50 PM,Derailment,0,GREEN RIVER,WY,55,4,Dark,Clear,Main,Freight Train,16,11497,109432,120929,T101,41.5297,-109.474279,65.8,64.3,67
UP,0215DV004,2015-02-08,8:10 PM,Derailment,0,GREEN RIVER,WY,30,4,Dark,Clear,Yard,Yard/switching,2,14760,13540,28300,T205,41.519725,-109.459494,43.6,40.2,36.6
UP,1215DV007,2015-12-23,9:50 PM,Derailment,0,GREEN RIVER,WY,12,4,Dark,Clear,Yard,Yard/switching,5,18257,6010,24267,T403,41.520165,-109.449763,24.7,16.6,14.1
UP,1216DV021,2016-12-27,10:27 PM,Derailment,0,GREEN RIVER,WY,21,4,Dark,Clear,Yard,Yard/switching,4,12532,14860,27392,T313,41.525277,-109.465085,14.7,18.8,24
UP,0616DV004,2016-06-04,1:00 AM,Derailment,0,GREEN RIVER,WY,56,4,Dark,Clear,Yard,Light loco(s),6,18006,3835,21841,T403,41.523744,-109.460881,63.2,64.4,67.2
UP,1114DV007,2014-11-08,4:15 AM,Derailment,0,GREEN RIVER,WY,28,4,Dark,Clear,Yard,Freight Train,8,127994,2861,130855,T207,41.518487,-109.43106,46.2,41.5,48.8
UP,0816DV020,2016-08-29,8:05 AM,Derailment,0,GREEN RIVER,WY,62,2,Day,Clear,Yard,Freight Train,7,118089,311821,429910,T313,41.523028,-109.459261,67.1,68.1,68.4
UP,0723RM027,2023-07-17,5:05 PM,Derailment,0,GREEN RIVER,WY,92,2,Day,Clear,Industry,Freight Train,10,32999,0,58685,T109,41.694309,-109.732422,74.9,78.7,75.1
UP,0616DV016,2016-06-27,6:00 PM,Derailment,0,GREEN RIVER,WY,86,2,Day,Clear,Main,Freight Train,39,581020,320063,901083,T399,41.549465,-109.592624,64.9,70.3,73.6
UP,0321RM018,2021-03-19,2:40 PM,Derailment,0,GREEN RIVER,WY,56,2,Day,Clear,Yard,Yard/switching,4,12798,20461,33259,T110,41.524364,-109.46255,36.3,43.1,40.2
UP,0723RM027,2023-07-17,5:05 PM,Derailment,0,GREEN RIVER,WY,92,2,Day,Clear,Industry,Freight Train,10,25686,0,58685,T109,41.694309,-109.732422,74.9,78.7,75.1
WE,160028,2016-03-05,2:15 PM,Derailment,0,GREEN TREE,PA,38,2,Day,Clear,Yard,Yard/switching,9,13739,6240,19979,E45C,40.41651,-80.060915,31.6,35.2,36.8
MNN,MNN111921,2021-11-19,11:45 AM,Derailment,0,GREENBUSH,MN,30,2,Day,Clear,Main,Freight Train,8,85750,36000,121750,T202,48.681146,-96.171487,25.1,27.6,26.2
NS,115345,2015-04-20,3:01 PM,Derailment,0,GREENCASTLE,PA,72,2,Day,Cloudy,Yard,Freight Train,4,41800,1870,43670,H702,39.794184,-77.728123,59.5,60.9,57.1
NS,154364,2023-09-29,8:32 PM,Derailment,0,GREENCASTLE,PA,62,4,Dark,Cloudy,Yard,Work train,8,135472,34575,170047,H702,39.794193,-77.728119,59.6,62.2,67.2
IANR,PAD0329221,2022-03-29,6:50 AM,Derailment,0,GREENE,IA,34,1,Dawn,Cloudy,Industry,Freight Train,7,38005,12000,50005,T110,42.853087,-92.730625,29.3,35.7,36.6
BEAR,BER641823R,2023-12-19,12:33 PM,Derailment,0,GREENFIELD,MA,42,2,Day,Clear,Industry,Freight Train,2,0,21250,21250,T110,42.572083,-72.581639,54.3,36.3,32.1
NS,124861,2017-04-28,4:05 AM,Derailment,0,GREENSBORO,NC,72,1,Dawn,Cloudy,Yard,Freight Train,4,5401,16366,21767,H702,36.059513,-79.84376,68.7,73.7,77.1
NS,151553,2022-11-25,3:30 AM,Derailment,0,GREENSBORO,NC,46,4,Dark,Rain,Yard,Freight Train,5,12003,8900,20903,H306,36.059098,-79.845507,48.8,53.4,49
NS,143021,2021-10-01,4:05 PM,Other impacts,0,GREENSBORO,NC,80,3,Dusk,Clear,Yard,Yard/switching,8,20626,0,29126,H318,36.062079,-79.821037,67.9,65.2,68.9
NS,140840,2021-03-05,6:45 PM,Side collision,0,GREENSBORO,NC,45,3,Dusk,Clear,Yard,Freight Train,0,25000,0,25000,H018,36.079922,-79.785819,53.1,43.8,43.6
NS,151658,2022-12-07,8:30 PM,Other impacts,0,GREENSBORO,NC,56,4,Dark,Fog,Yard,Single Car,3,1500,0,31500,H312,36.059928,-79.842014,45.5,53.3,55.8
NS,138039,2020-05-25,11:00 AM,Other impacts,0,GREENSBORO,NC,66,2,Day,Clear,Yard,Yard/switching,3,70827,0,70827,H310,36.063025,-79.815687,73.1,66.2,70.2
NS,140025,2020-12-15,7:40 PM,Derailment,0,GREENSBORO,NC,36,3,Dusk,Rain,Yard,Yard/switching,6,39431,9959,49390,H504,36.06024,-79.840301,46.1,35.7,33.4
NS,140840,2021-03-05,6:45 PM,Side collision,0,GREENSBORO,NC,45,3,Dusk,Clear,Yard,Yard/switching,3,0,0,25000,H018,36.079922,-79.785819,53.1,43.8,43.6
NS,151658,2022-12-07,8:30 PM,Other impacts,0,GREENSBORO,NC,56,4,Dark,Fog,Yard,Single Car,0,30000,0,31500,H312,36.059928,-79.842014,45.5,53.3,55.8
NS,115144,2015-04-06,7:05 PM,Hwy-rail crossing,0,GREENSBORO,NC,67,3,Dusk,Clear,Main,,0,0,12267,12267,M302,36.083678,-79.740504,52.1,62.5,64.2
NS,126213,2017-08-14,6:45 AM,Derailment,0,GREENSBORO,NC,72,1,Dawn,Rain,Yard,Freight Train,2,12442,5113,17555,H702,36.059927,-79.842017,75.9,74.3,78.2
ATK,169068,2021-11-21,4:42 PM,Obstruction,0,GREENSBORO,NC,59,2,Day,Cloudy,Main,Passenger Train - Pulling,69,13696,0,13696,M402,36.064201,-79.806602,37.8,44.3,49.9
NS,141256,2021-04-16,10:05 AM,Derailment,0,GREENSBORO,NC,70,2,Day,Clear,Yard,Freight Train,6,41069,88655,129724,H504,36.063025,-79.815688,60.5,53.9,55.4
NS,138341,2020-06-25,6:45 PM,Side collision,0,GREENSBORO,NC,87,3,Dusk,Clear,Yard,Single Car,4,27100,0,31650,H309,36.061757,-79.824575,76.7,75.9,76.7
NS,143021,2021-10-01,4:05 PM,Other impacts,0,GREENSBORO,NC,80,3,Dusk,Clear,Yard,Cut of cars,0,8500,0,29126,H318,36.062079,-79.821037,67.9,65.2,68.9
NS,157233,2024-07-01,11:20 PM,Other (describe in narrative),0,GREENSBORO,NC,75,4,Dark,Clear,Yard,Freight Train,5,37422,40,37462,H702,36.059928,-79.842014,83.7,77.1,72.2