reportingrailroadcode,accidentnumber,date,time,accidenttype,hazmatreleasedcars,station,stateabbr,temperature,visibility_code,visibility,weathercondition,tracktype,equipmenttype,trainspeed,equipmentdamagecost,trackdamagecost,totaldamagecost,primaryaccidentcausecode,latitude,longitude,prior_temp,actual_temp,following_temp
NS,155166,2023-12-28,5:25 AM,Derailment,0,GREENSBORO,NC,40,1,Dawn,Clear,Yard,Freight Train,5,13100,10500,23600,H702,36.059928,-79.842014,56.2,50,39.7
NS,152842,2023-04-18,1:20 AM,Other impacts,0,GREENSBORO,NC,55,4,Dark,Clear,Yard,Yard/switching,8,18000,0,19814,H021,36.060802,-79.835085,59.6,61.3,67.1
NS,152842,2023-04-18,1:20 AM,Other impacts,0,GREENSBORO,NC,55,4,Dark,Clear,Yard,Single Car,0,1500,314,19814,H021,36.060802,-79.835085,59.6,61.3,67.1
NS,156217,2024-04-02,12:19 AM,Side collision,0,GREENSBORO,NC,60,4,Dark,Cloudy,Yard,Freight Train,6,12000,0,20000,H702,36.060802,-79.835085,68.6,72.2,67.2
NS,156705,2024-05-14,1:05 PM,Other impacts,0,GREENSBORO,NC,63,2,Day,Rain,Yard,Yard/switching,7,45987,1320,139281,H310,36.060802,-79.835085,62.5,62.6,63.2
NS,114992,2015-03-26,2:00 AM,Derailment,0,GREENSBORO,NC,52,4,Dark,Rain,Yard,Light loco(s),6,12651,50,12701,H306,36.059928,-79.842013,53.7,62.2,49
NS,130105,2018-07-06,1:41 AM,Other (describe in narrative),0,GREENSBORO,NC,92,4,Dark,Clear,Yard,Yard/switching,5,12709,85,12794,H307,36.059927,-79.842017,80.5,76.3,73
NS,156787,2024-05-21,6:00 PM,Other (describe in narrative),0,GREENSBORO,NC,83,3,Dusk,Clear,Yard,Yard/switching,4,34469,7469,41938,H702,36.059928,-79.842014,68.3,71.4,73.9
NS,154097,2023-09-02,12:15 AM,Other impacts,0,GREENSBORO,NC,68,4,Dark,Clear,Main,Single Car,9,30500,14343,114843,H318,36.035021,-79.78021,69.2,70.5,76.4
NS,156705,2024-05-14,1:05 PM,Other impacts,0,GREENSBORO,NC,63,2,Day,Rain,Yard,Single Car,4,45987,0,139281,H310,36.060802,-79.835085,62.5,62.6,63.2
NS,153777,2023-08-01,9:47 AM,Other (describe in narrative),0,GREENSBORO,NC,81,2,Day,Clear,Yard,Freight Train,4,8300,6095,14395,H702,36.059928,-79.842014,77.5,74.7,72.7
NS,153971,2023-08-19,4:00 PM,Other impacts,0,GREENSBORO,NC,90,3,Dusk,Clear,Yard,Freight Train,7,6350,0,32254,H306,36.059928,-79.842014,76.6,72.8,76.6
NS,153971,2023-08-19,4:00 PM,Other impacts,0,GREENSBORO,NC,90,3,Dusk,Clear,Yard,Cut of cars,0,6222,19682,32254,H306,36.059928,-79.842014,76.6,72.8,76.6
NS,154097,2023-09-02,12:15 AM,Other impacts,0,GREENSBORO,NC,68,4,Dark,Clear,Main,Freight Train,10,70000,0,114843,H318,36.035021,-79.78021,69.2,70.5,76.4
NS,156705,2024-05-14,1:05 PM,Other impacts,0,GREENSBORO,NC,63,2,Day,Rain,Yard,Cut of cars,5,45987,0,139281,H310,36.060802,-79.835085,62.5,62.6,63.2
ATK,136925,2015-04-06,7:05 PM,Hwy-rail crossing,0,GREENSBORO,NC,70,3,Dusk,Clear,Main,Passenger Train - Pulling,79,0,0,12267,M302,36.083678,-79.740504,52.1,62.5,64.2
NS,157874,2024-08-30,2:15 PM,Derailment,0,GREENSBORO,NC,89,2,Day,Clear,Yard,Yard/switching,5,6350,18769,25119,H702,36.060802,-79.835085,81.6,77.2,76
NS,116176,2015-06-22,2:45 AM,Derailment,0,GREENSBORO,NC,76,4,Dark,Clear,Yard,Freight Train,6,10600,2615,13215,H702,36.059928,-79.842013,82.9,83.1,85.9
CSX,000147646,2015-06-10,3:30 PM,Derailment,0,GREENSBORO,GA,89,2,Day,Clear,Main,Freight Train,35,137487,167298,304785,E51C,33.600387,-83.141547,70,67.9,71
NS,124390,2017-03-19,8:45 AM,Hwy-rail crossing,0,GREENSBORO,NC,64,2,Day,Clear,Main,,0,0,0,13065,M303,36.083698,-79.740429,52.7,47.6,49.1
ATK,146741,2017-03-19,8:45 AM,Hwy-rail crossing,0,GREENSBORO,NC,50,2,Day,Clear,Main,Passenger Train - Pulling,75,13065,0,13065,M308,36.083698,-79.740429,52.7,47.6,49.1
NS,131670,2018-11-09,2:15 AM,Derailment,0,GREENSBORO,NC,54,4,Dark,Clear,Industry,Freight Train,5,13200,2387,15587,T110,36.093636,-79.974145,56.9,48.1,43.6
NS,134864,2019-07-25,6:30 PM,Derailment,1,GREENSBORO,NC,85,3,Dusk,Clear,Yard,Freight Train,10,260100,83773,343873,T311,36.060617,-79.836822,72.7,74.1,74.5
NS,133138,2019-03-08,7:25 PM,Derailment,0,GREENSBORO,NC,44,3,Dusk,Rain,Yard,Freight Train,6,4238,9625,13863,T111,36.059927,-79.842017,36.2,40.7,39.9
NS,145705,2022-06-29,8:30 AM,Derailment,0,GREENSBORO,NC,78,2,Day,Clear,Yard,Light loco(s),5,14410,250,14660,T110,36.060968,-79.833345,73.2,75.9,78.2
NS,153989,2023-08-21,3:30 PM,Derailment,0,GREENSBORO,NC,91,2,Day,Clear,Yard,Yard/switching,3,200,20264,20464,T314,36.060802,-79.835085,76.6,80.1,81.3
UP,0417KC002,2017-04-06,5:39 PM,Fire/violent rupture,0,GREENSBURG,KS,57,2,Day,Clear,Main,Freight Train,45,174399,0,174399,E73L,37.609392,-99.293143,47.1,47.3,55.2
CSX,000137436,2014-11-10,6:15 PM,Derailment,0,GREENSPRING,WV,44,4,Dark,Clear,Siding,Freight Train,4,37523,0,77707,T312,39.532477,-78.613316,47.8,47.9,52
SBVR,202101,2021-08-24,2:45 PM,Derailment,0,GREENSPRING,WV,89,2,Day,Clear,Siding,Freight Train,4,36000,850,36850,T102,39.510594,-78.641467,78.5,78.8,78.1
SBVR,201701,2017-03-07,12:15 PM,Derailment,0,GREENSPRING,WV,51,2,Day,Cloudy,Siding,Freight Train,8,50000,21999,71999,T312,39.510594,-78.641467,37.4,48.6,54.1
CSX,000137436,2014-11-10,6:15 PM,Derailment,0,GREENSPRING,WV,44,4,Dark,Clear,Siding,Cut of cars,0,3566,0,77707,T312,39.532477,-78.613316,47.8,47.9,52
ATK,164102,2020-04-13,6:39 AM,Obstruction,0,GREENVILLE,SC,62,1,Dawn,Rain,Main,Passenger Train - Pulling,29,16542,0,16542,M404,34.8627,-82.4139,57,70.7,63.2
CSX,000197078,2021-04-15,8:10 PM,Hwy-rail crossing,0,GREENVILLE,SC,48,4,Dark,Cloudy,Main,Freight Train,25,13430,97,13527,M302,34.908975,-82.340614,70.1,64.5,57.6
NS,139947,2020-12-08,5:00 AM,Derailment,0,GREENVILLE,SC,30,1,Dawn,Clear,Yard,Freight Train,1,150078,11281,161359,H503,34.854213,-82.416151,46.3,39.6,43.6
CSX,000141798,2015-02-19,10:45 AM,Derailment,0,GREENVILLE,SC,21,2,Day,Clear,Industry,Freight Train,2,10259,856,11115,T221,34.860097,-82.421332,30.6,20.1,22.4
DGNO,DGN509219,2019-11-12,2:30 AM,Derailment,0,GREENVILLE,TX,23,4,Dark,Clear,Yard,Freight Train,10,70000,175000,245000,T221,33.136044,-96.125103,50.4,31.6,36.8
NS,132242,2019-01-01,3:25 AM,Hwy-rail crossing,0,GREENVILLE,SC,50,4,Dark,Rain,Industry,Freight Train,4,13088,0,13088,M302,34.733907,-82.375414,55.6,63.7,54.7
RJCW,RJCW2401,2024-01-23,12:05 PM,Derailment,0,GREENVILLE,OH,43,1,Dawn,Clear,Main,Freight Train,8,121400,76500,197900,T222,40.0626,-84.6394,27.4,38.5,49.6
NS,154779,2023-11-14,8:45 PM,Other (describe in narrative),0,GREENVILLE,SC,58,4,Dark,Clear,Yard,Work train,9,5400,36107,41507,H702,34.85897,-82.413874,53.3,56.6,54.4
NS,146144,2022-08-11,8:00 AM,Derailment,0,GREENVILLE,SC,86,2,Day,Clear,Yard,Freight Train,5,261273,2500,263773,T207,34.858969,-82.413873,79.8,78.7,79.8
DGNO,DGN469719,2019-08-11,1:48 PM,Derailment,0,GREENVILLE,TX,99,2,Day,Clear,Yard,Freight Train,8,152709,177000,329709,T110,33.154975,-96.123172,88.8,88.9,89.5
CMQX,03252017,2017-03-25,10:15 AM,Derailment,0,GREENVILLE JUNCTION,ME,40,2,Day,Clear,Main,Freight Train,21,30000,226650,256650,E4BC,45.459491,-69.59061,20.1,29.3,24
MNCW,201941,2019-04-05,12:45 PM,Obstruction,0,GREENWICH,CT,50,2,Day,Clear,Main,Spec. MoW Equip.,10,94695,0,94695,H999,41.021029,-73.628188,46.6,36.1,48.8
CSX,000209444,2023-01-23,11:59 AM,Derailment,0,GREENWICH,OH,38,2,Day,Cloudy,Main,Freight Train,36,295058,39312,334370,T399,41.034678,-82.512009,30,29.9,30.2
CSX,000194728,2020-12-30,8:35 AM,Derailment,1,GREENWOOD,SC,40,2,Day,Cloudy,Yard,Yard/switching,3,44070,1988,46058,T211,34.188497,-82.165093,46.2,42.8,45.4
CSX,000152743,2015-10-03,6:10 AM,Other impacts,0,GREENWOOD,SC,55,4,Dark,Rain,Yard,Yard/switching,8,35293,0,35293,H301,34.176627,-82.187181,58.8,57.3,63.7
CSX,000204641,2022-04-30,8:30 AM,Side collision,0,GREENWOOD,SC,68,2,Day,Clear,Yard,Yard/switching,6,35367,324,36800,H306,34.188493,-82.16507,62.4,66.4,69.3
CSX,000175301,2018-03-18,3:20 PM,Derailment,0,GREENWOOD,VA,60,2,Day,Clear,Main,Freight Train,11,24773,0,27273,H524,38.046645,-78.794872,36,45,44.2
BB,2018T104,2018-03-18,3:20 PM,Derailment,0,GREENWOOD,VA,60,2,Day,Clear,Main,,0,0,2500,27273,H524,38.0057,-78.7706,36,45,44.2
CSX,000167590,2017-03-19,5:40 PM,Derailment,0,GREENWOOD,VA,49,3,Dusk,Clear,Main,Freight Train,15,18519,0,69803,E47C,38.03894,-78.824518,46,42.5,43.9
CSX,000152743,2015-10-03,6:10 AM,Other impacts,0,GREENWOOD,SC,55,4,Dark,Rain,Yard,Cut of cars,0,0,0,35293,H301,34.176627,-82.187181,58.8,57.3,63.7
CAGY,CAG886316,2016-06-01,12:30 PM,Derailment,0,GREENWOOD,MS,86,2,Day,Cloudy,Main,,0,0,27723,32153,E4BC,33.484185,-90.212133,77.5,74.9,75.7
CSX,000207948,2022-10-21,8:20 AM,Hwy-rail crossing,0,GREENWOOD,SC,40,2,Day,Clear,Main,Freight Train,44,121,17455,17576,M308,34.197864,-82.148042,46.4,47.5,50.7
IC,890117,2016-06-01,12:30 PM,Derailment,0,GREENWOOD,MS,86,2,Day,Clear,Main,Freight Train,4,4430,0,32153,E24C,33.484185,-90.212133,77.5,74.9,75.7
CSX,000178380,2018-08-25,2:28 AM,Derailment,1,GREENWOOD,SC,68,4,Dark,Clear,Yard,Freight Train,3,75703,915,76618,H702,34.176776,-82.186736,68.2,70.7,74.4
CSX,000204641,2022-04-30,8:30 AM,Side collision,0,GREENWOOD,SC,68,2,Day,Clear,Yard,Freight Train,0,1109,0,36800,H306,34.188493,-82.16507,62.4,66.4,69.3
CAGY,CAG419119,2019-05-29,10:45 PM,Derailment,0,GREENWOOD,MS,80,4,Dark,Clear,Main,Freight Train,5,9900,3000,12900,T102,33.490041,-90.218906,80.8,79.5,78.9
CSX,000174876,2018-02-25,6:55 AM,Derailment,0,GREENWOOD,SC,60,1,Dawn,Clear,Yard,Freight Train,5,44721,3848,48569,T314,34.176776,-82.186736,67.6,64.2,58.5
CSX,000218086,2024-05-16,12:05 PM,Derailment,0,GREENWOOD,SC,75,2,Day,Clear,Yard,Freight Train,4,90368,4055,94423,T207,34.188493,-82.16507,70.4,71.4,69.7
CSX,000175055,2018-03-07,1:15 AM,Derailment,0,GREENWOOD,SC,45,4,Dark,Clear,Industry,Freight Train,6,14132,754,14886,T110,34.234099,-82.062068,49.2,45.7,38.1
CAGY,CAG980422,2022-06-22,12:30 PM,Derailment,0,GREENWOOD,MS,101,2,Day,Clear,Main,Freight Train,6,3208,37500,40708,T314,33.501887,-90.238136,87.4,87.8,86.7
CAGY,CAG003522,2022-08-04,8:00 PM,Derailment,0,GREENWOOD,MS,84,4,Dark,Clear,Yard,Yard/switching,3,58000,7500,65500,T001,33.502453,-90.233186,82.4,82.3,84
NS,137183,2020-02-14,10:15 PM,Other impacts,0,GREER,SC,37,4,Dark,Clear,Yard,Light loco(s),12,2110,0,32110,H306,34.935265,-82.225496,59.4,44.8,36.4
NS,137183,2020-02-14,10:15 PM,Other impacts,0,GREER,SC,37,4,Dark,Clear,Yard,Cut of cars,0,30000,0,32110,H306,34.935265,-82.225496,59.4,44.8,36.4
NS,138297,2020-06-22,10:30 AM,Derailment,0,GREER,SC,82,2,Day,Clear,Yard,Freight Train,4,18400,42579,60979,H702,34.935265,-82.225496,78,75.8,73.8
NS,136017,2019-10-31,12:15 AM,Other (describe in narrative),0,GREER,SC,72,4,Dark,Cloudy,Yard,Freight Train,7,7200,5000,12200,H306,34.935265,-82.225496,63.5,66.9,46.5
NS,127213,2017-10-28,6:15 PM,Derailment,0,GREER,SC,60,3,Dusk,Rain,Industry,Freight Train,4,1284,28000,29284,H306,34.935265,-82.225496,54.7,55.4,50
NS,138313,2020-06-21,5:00 PM,Other (describe in narrative),0,GREER,SC,90,3,Dusk,Clear,Yard,Freight Train,8,0,26000,26000,H307,34.935265,-82.225496,73.6,78,75.8
UP,0618HO035,2018-06-24,6:10 PM,Derailment,0,GREGORY,TX,90,2,Day,Clear,Industry,Light loco(s),5,154510,330,154840,T112,27.91072,-97.296951,84.9,85.2,85.4
UP,1214HO047,2014-12-21,9:30 AM,Derailment,0,GREGORY,TX,55,2,Day,Cloudy,Industry,Freight Train,4,32961,21999,54960,T110,27.92076,-97.287804,54.6,57.1,62.2
UP,1014HO031,2014-10-22,10:00 AM,Derailment,0,GREGORY,TX,85,2,Day,Clear,Industry,Freight Train,5,47534,27420,74954,T106,27.922226,-97.290603,76.4,76,73.8
UP,1215HO006,2015-12-06,3:00 AM,Derailment,0,GREGORY,TX,57,4,Dark,Clear,Industry,Freight Train,4,3740,8234,11974,T314,27.909207,-97.294141,55.3,58.5,54.9
GRYR,MC230324A,2023-03-24,1:49 AM,Derailment,0,GRENADA,MS,70,4,Dark,Cloudy,Siding,Freight Train,6,3293982,17000,3310982,E64C,33.858448,-89.821877,70.5,74.2,67.4
GRYR,GR161028A,2016-10-28,4:20 PM,Derailment,0,GRENADA,MS,84,2,Day,Clear,Industry,Freight Train,5,184128,35300,219428,E04C,33.835238,-89.817501,67.7,67.6,66.9
GRYR,GR160606A,2016-06-06,12:10 PM,Other (describe in narrative),0,GRENADA,MS,80,2,Day,Clear,Yard,Light loco(s),10,0,225000,225000,T401,33.890085,-89.775458,75.3,76.2,75.9
GRYR,GR221116A,2022-11-16,2:56 PM,Derailment,0,GRENADA,MS,52,2,Day,Clear,Siding,Freight Train,8,56743,489373,546116,T401,33.869879,-89.808723,45,40.4,35.1
NS,138663,2020-07-27,11:15 PM,Other (describe in narrative),0,GRETNA,VA,72,4,Dark,Clear,Main,Freight Train,23,20100,354,20454,E27C,36.953338,-79.359168,81.8,83.2,79.3
NOGC,OP10242016,2016-10-24,1:30 PM,Derailment,0,GRETNA,LA,75,2,Day,Cloudy,Yard,Yard/switching,5,30000,5300,35300,E64C,29.934272,-90.053617,66.6,69.3,70.8
NOGC,OP01092019,2019-01-09,1:00 PM,Derailment,0,GRETNA,LA,60,2,Day,Clear,Yard,Yard/switching,5,87000,8000,95000,H318,29.935356,-90.052688,67.3,57.7,49.8
NOGC,OP05172019,2019-05-17,12:05 PM,Derailment,0,GRETNA,LA,80,2,Day,Clear,Main,Freight Train,5,60000,67000,127000,T110,29.920208,-90.058891,77.9,77.9,80.2
NOGC,OP07182017,2017-07-18,4:00 PM,Derailment,0,GRETNA,LA,75,4,Dark,Clear,Industry,Yard/switching,4,70000,5277,75277,T110,29.910546,-90.073522,82.4,83.8,84.7
NOGC,OP041721,2021-04-17,6:00 PM,Derailment,0,GRETNA,LA,64,2,Day,Rain,Main,Freight Train,10,92000,35899,127899,T001,29.930429,-90.054217,66.3,64.9,64.7
NOGC,OP12122018,2018-12-12,9:20 AM,Derailment,0,GRETNA,LA,62,2,Day,Cloudy,Yard,Freight Train,5,30000,12000,42000,T001,29.935356,-90.052688,46.8,52.4,62
BNSF,PR0322113,2022-03-31,6:40 PM,Derailment,0,GREYBULL,WY,44,3,Dusk,Cloudy,Yard,Freight Train,6,151609,8256,159865,H520,44.480589,-108.055765,38.2,38.1,40.5
BNSF,PR0423103,2023-04-10,6:30 PM,Derailment,0,GREYBULL,WY,58,3,Dusk,Clear,Main,Freight Train,8,7705,6173,13878,H307,44.501377,-108.060106,48.9,54.3,61.7
BNSF,PR0824108,2024-08-22,10:00 AM,Derailment,0,GREYBULL,WY,78,2,Day,Clear,Yard,Freight Train,5,14737,5750,20487,H307,44.487062,-108.057572,79,74.9,80
BNSF,PR0124109,2024-01-20,8:04 PM,Derailment,0,GREYBULL,WY,30,3,Dusk,Clear,Main,Freight Train,7,10978,2875,13853,H019,44.649113,-108.153473,1.9,17.7,24.1
BNSF,PR0624107,2024-06-26,10:50 PM,Derailment,0,GREYBULL,WY,64,4,Dark,Clear,Yard,Yard/switching,4,31531,1500,33031,H318,44.489432,-108.057551,77.9,72.8,74.1
BNSF,PR0120113,2020-01-21,7:15 AM,Derailment,0,GREYBULL,WY,35,1,Dawn,Clear,Yard,Yard/switching,4,10800,57295,68095,T221,44.489527,-108.057743,25.1,33.7,32.7
BNSF,PR1116104,2016-11-03,2:01 PM,Derailment,0,GREYBULL,WY,65,2,Day,Clear,Industry,Yard/switching,7,14966,24818,39784,T221,44.519534,-108.068411,42.4,43.6,43.5
BNSF,PR1218109,2018-12-14,3:48 PM,Derailment,0,GREYBULL,WY,25,2,Day,Clear,Yard,Yard/switching,4,11600,5000,16600,H607,44.493747,-108.057614,20,19.3,28.1
NS,128967,2018-03-25,2:50 PM,Derailment,0,GRIFFIN,GA,55,2,Day,Clear,Yard,Freight Train,4,3240,68835,72075,T110,33.250324,-84.257051,62.8,50.8,47.5
CSX,000137225,2014-11-03,11:10 PM,Derailment,0,GRIMES,AL,43,4,Dark,Clear,Main,Freight Train,37,575382,60000,635382,T207,31.2974,-85.428795,46.8,50,56
UP,0515SL008,2015-05-15,3:05 AM,Obstruction,0,GRIMSBY,IL,58,4,Dark,Clear,Main,Freight Train,39,44105,0,44105,M101,37.7678,-89.42636,63,69.5,70.8
UP,0718TC005,2018-07-05,7:00 PM,Derailment,0,GRINNELL,IA,85,3,Dusk,Clear,Main,Freight Train,24,5017,309988,315005,M405,41.766007,-92.717876,80.4,77.5,72.1
UP,0524TO002,2024-05-01,6:43 PM,Derailment,0,GROESBECK,TX,76,3,Dusk,Rain,Main,Freight Train,15,783754,87094,870848,M103,31.593711,-96.494151,73.7,73.6,72.1
UP,1216FW015,2016-12-12,3:45 AM,Fire/violent rupture,0,GROESBECK,TX,54,4,Dark,Cloudy,Main,Freight Train,35,27707,0,27707,E73L,31.54734,-96.51501,59.1,49.6,53.1
PW,150705,2015-07-15,2:58 AM,Derailment,0,GROTON,CT,71,4,Dark,Fog,Main,Freight Train,9,46111,8118,54229,H704,41.366834,-72.082087,73,73.8,67.9
PW,150602,2015-06-15,5:35 AM,Derailment,0,GROTON,CT,60,1,Dawn,Cloudy,Yard,Freight Train,8,32200,8200,40400,H704,41.366341,-72.082479,68.2,61.9,62.9
ATK,142959,2016-06-22,2:55 PM,Other (describe in narrative),0,GROTON,CT,82,2,Day,Clear,Main,Passenger Train - Pulling,40,11500,5400,16900,T404,41.349458,-72.059017,70.2,69.1,67.3
NS,127016,2017-10-14,4:00 PM,Hwy-rail crossing,0,GROVER,NC,83,3,Dusk,Clear,Main,Freight Train,45,189,13069,13258,M303,35.172041,-81.444503,67.5,67.1,68.9
UP,0616TC011,2016-06-27,12:35 PM,Derailment,0,GRUVER,IA,78,2,Day,Clear,Industry,Light loco(s),6,250,34925,35175,T110,43.39243,-94.70524,74.8,69.5,65.6
BNSF,PR0515101,2015-05-06,12:01 PM,Derailment,0,GUERNSEY,WY,54,2,Day,Cloudy,Yard,Freight Train,8,340191,40000,380191,E65C,42.256993,-104.680774,52.7,52.2,48.6
BNSF,PR0815102,2015-08-01,4:10 AM,Derailment,0,GUERNSEY,WY,61,1,Dawn,Clear,Yard,Light loco(s),5,43099,0,43099,H307,42.26075,-104.716905,73.3,76,75.6
BNSF,PR0321105,2021-03-14,2:00 PM,Side collision,0,GUERNSEY,WY,32,2,Day,Snow,Yard,Freight Train,6,5000,0,29168,H607,42.276592,-104.749633,34.2,30.9,26.6
BNSF,PR0315101,2015-03-03,9:05 PM,Derailment,0,GUERNSEY,WY,15,4,Dark,Cloudy,Yard,Freight Train,6,9689,10500,20189,H702,42.273355,-104.743035,32.7,15.6,9.7
BNSF,PR0923101,2023-09-01,1:32 PM,Derailment,0,GUERNSEY,WY,98,2,Day,Clear,Yard,Yard/switching,9,115054,126292,241346,H704,42.273778,-104.743109,73.5,74.7,77.7
BNSF,PR0918107,2018-09-13,2:00 AM,Derailment,0,GUERNSEY,WY,55,4,Dark,Clear,Yard,Yard/switching,3,12870,0,12870,H318,42.259653,-104.696648,74.2,68.9,66.9
BNSF,PR0321105,2021-03-14,2:00 PM,Side collision,0,GUERNSEY,WY,32,2,Day,Snow,Yard,Freight Train,10,24168,0,29168,H607,42.276592,-104.749633,34.2,30.9,26.6
BNSF,PR1115106,2015-11-21,2:50 AM,Derailment,0,GUERNSEY,WY,21,4,Dark,Cloudy,Yard,Light loco(s),5,42213,0,42213,H303,42.260848,-104.716258,26.3,16.2,30.8
BNSF,PR0923109,2023-09-13,12:32 AM,Derailment,0,GUERNSEY,WY,60,4,Dark,Clear,Yard,Yard/switching,7,205193,35533,240726,H525,42.271382,-104.738913,62.6,66.2,58
BNSF,PR0122101,2022-01-07,3:58 AM,Derailment,0,GUERNSEY,WY,6,4,Dark,Fog,Yard,Freight Train,5,1500,35000,36500,H702,42.257605,-104.681868,2.9,41.2,37.9
BNSF,PR0122104,2022-01-20,2:17 AM,Derailment,0,GUERNSEY,WY,6,4,Dark,Clear,Yard,Freight Train,10,18018,76053,94071,T307,42.261404,-104.718439,16.5,21.2,33.9
CSX,000216302,2024-02-20,3:56 PM,Hwy-rail crossing,0,GULFPORT,MS,66,2,Day,Clear,Main,Freight Train,44,2347,60144,62491,M302,30.36716,-89.101506,46.1,52.1,57.3
ATK,175189,2023-06-18,4:45 AM,Obstruction,0,GUM SPRINGS,AR,63,4,Dark,Cloudy,Main,Passenger Train - Pulling,32,26192,0,26192,M404,34.027928,-93.087916,79.8,74.7,79.6
KCS,18081501,2018-08-15,4:31 AM,Derailment,0,GUNTOWN,MS,77,4,Dark,Clear,Main,Freight Train,10,30127,14406,44533,E24C,34.42605,-88.67099,80.5,83.3,81.8
UP,0420MA030,2020-04-29,7:30 AM,Obstruction,0,GURDON,AR,63,2,Day,Cloudy,Main,Freight Train,40,16250,0,16250,M404,33.865351,-93.279955,69.1,65.1,64.2
UP,0122MA005,2022-01-10,3:49 AM,Derailment,0,GURDON,AR,35,4,Dark,Clear,Yard,Light loco(s),1,500,26580,27080,H702,33.914473,-93.158255,55.5,38.7,37.6
BNSF,PR0716203,2016-07-20,10:52 PM,Hwy-rail crossing,0,GURLEY,NE,77,4,Dark,Clear,Main,Freight Train,44,6632,8870,15502,M302,41.323078,-102.973672,77.9,84.1,83.8
BNSF,PR0424101,2024-04-02,3:20 AM,Derailment,0,GURLEY,NE,38,4,Dark,Clear,Main,Freight Train,18,83721,29654,113375,E62C,41.306074,-102.97385,37.4,43.2,45.7
UP,1020PR022,2020-10-25,5:47 PM,Side collision,0,GURNEE,IL,42,2,Day,Cloudy,Industry,Cut of cars,0,15504,0,36634,M501,42.379325,-87.896954,37.2,39.7,35.5
UP,1020PR026,2020-10-25,12:00 PM,Other (describe in narrative),0,GURNEE,IL,45,2,Day,Cloudy,Industry,Single Car,0,36722,0,36722,E29C,42.383826,-87.898909,37.2,39.7,35.5
UP,1020PR022,2020-10-25,5:47 PM,Side collision,0,GURNEE,IL,42,2,Day,Cloudy,Industry,Freight Train,7,21130,0,36634,M501,42.379325,-87.896954,37.2,39.7,35.5
UP,1015ES009,2015-10-23,12:45 PM,Obstruction,0,GURNEE,IL,68,2,Day,Clear,Main,Spec. MoW Equip.,15,4272,0,69272,H199,42.370786,-87.895558,52.4,53.8,59.5
UP,1015ES009,2015-10-23,12:45 PM,Obstruction,0,GURNEE,IL,68,2,Day,Clear,Main,Spec. MoW Equip.,20,65000,0,69272,H199,42.370786,-87.895558,52.4,53.8,59.5
BNSF,PR1214117,2014-12-27,4:42 AM,Derailment,0,GUY,TX,44,1,Dawn,Cloudy,Main,Freight Train,4,50000,0,50000,M101,36.214959,-102.762732,64.1,58.6,39.9
UP,0922HL006,2022-09-02,3:30 PM,Other impacts,0,GUYMON,OK,95,2,Day,Clear,Main,Cut of cars,5,21169,0,21268,H302,36.678171,-101.484409,77.5,79.2,79.4
UP,0415KC003,2015-04-11,6:32 AM,Fire/violent rupture,0,GUYMON,OK,46,1,Dawn,Cloudy,Main,Freight Train,50,98005,33,98038,E74L,36.536075,-101.72669,49.2,57.6,68.2
UP,1218HL022,2018-12-31,12:38 PM,Derailment,0,GUYMON,OK,36,2,Day,Cloudy,Industry,Freight Train,2,419,97325,97744,M101,36.703889,-101.451419,23,26.1,15
UP,0922HL006,2022-09-02,3:30 PM,Other impacts,0,GUYMON,OK,95,2,Day,Clear,Main,Freight Train,3,0,99,21268,H302,36.678171,-101.484409,77.5,79.2,79.4
RRVW,032019,2019-03-20,10:00 PM,Derailment,0,GWINNER,ND,25,4,Dark,Clear,Industry,Work train,8,14000,3319,17319,M101,46.226381,-97.670433,28.6,32.4,28.8
SEPA,18099,2015-04-20,8:04 AM,Other impacts,0,GWYNEDD,PA,58,2,Day,Rain,Main,EMU,70,22500,3635,26135,M101,40.184722,-75.256944,56.9,59.5,58.3
BNSF,SW0417106,2017-04-16,11:23 AM,Derailment,0,HACKBERRY,AZ,73,2,Day,Clear,Main,Freight Train,55,13158,2100,15258,E33C,35.414706,-113.789926,74.5,77.8,72
NJTR,202210409,2022-10-15,11:50 PM,Hwy-rail crossing,0,HACKENSACK,NJ,53,4,Dark,Clear,Main,Passenger Train - Pulling,42,34968,12500,47468,M304,40.887087,-74.047915,57.6,57.5,56.4
BNSF,SW0723204,2023-07-29,11:55 AM,Hwy-rail crossing,0,HAGERMAN,NM,92,2,Day,Clear,Main,Freight Train,45,13257,300,13557,M302,33.153942,-104.340405,87.6,87.4,85.5
CSX,000165516,2016-12-28,11:20 AM,Other impacts,0,HAGERSTOWN,MD,50,2,Day,Cloudy,Yard,Freight Train,5,15001,424,15425,M599,39.644147,-77.729465,53,38.8,38.7
CSX,000165516,2016-12-28,11:20 AM,Other impacts,0,HAGERSTOWN,MD,50,2,Day,Cloudy,Yard,Cut of cars,0,0,0,15425,M599,39.644147,-77.729465,53,38.8,38.7
NS,134314,2019-06-13,6:30 AM,Derailment,0,HAGERSTOWN,MD,50,1,Dawn,Rain,Yard,Freight Train,6,10371,7482,17853,H306,39.659317,-77.727009,68.2,64.7,66