reportingrailroadcode,accidentnumber,date,time,accidenttype,hazmatreleasedcars,station,stateabbr,temperature,visibility_code,visibility,weathercondition,tracktype,equipmenttype,trainspeed,equipmentdamagecost,trackdamagecost,totaldamagecost,primaryaccidentcausecode,latitude,longitude,prior_temp,actual_temp,following_temp
CSX,000220149,2024-08-25,1:20 PM,Derailment,0,HAGERSTOWN,MD,89,2,Day,Clear,Yard,Yard/switching,1,51632,706,52338,M101,39.644076,-77.729433,71.1,75.3,75.6
CSX,000212146,2023-07-06,7:05 AM,Derailment,0,HAGERSTOWN,MD,85,1,Dawn,Clear,Yard,Freight Train,5,1271,523,16947,E46C,39.640916,-77.747818,80.6,80.8,79.6
CSX,000212146,2023-07-06,7:05 AM,Derailment,0,HAGERSTOWN,MD,85,1,Dawn,Clear,Yard,Cut of cars,0,15153,0,16947,E46C,39.640916,-77.747818,80.6,80.8,79.6
CSX,000170152,2017-07-11,11:26 AM,Derailment,0,HAGERSTOWN,MD,89,2,Day,Clear,Yard,Freight Train,4,42713,500,43213,M203,39.643761,-77.735033,76.7,78.2,80.2
CSX,000167703,2017-03-27,12:45 AM,Other impacts,0,HAGERSTOWN,MD,45,4,Dark,Rain,Yard,Cut of cars,0,47724,0,54801,H020,39.63446,-77.763853,48.7,54.4,57.1
NS,112740,2014-10-23,4:50 PM,Derailment,0,HAGERSTOWN,MD,63,3,Dusk,Clear,Main,Freight Train,0,0,60895,72295,T110,39.635009,-77.738326,52.4,55.3,55.8
NS,131788,2018-11-25,4:05 AM,Derailment,0,HAGERSTOWN,MD,34,1,Dawn,Cloudy,Industry,Freight Train,6,4512,10238,14750,T206,39.659317,-77.727009,33.1,43.8,46.9
WW,VA141023,2014-10-22,4:50 PM,Derailment,0,HAGERSTOWN,MD,63,2,Day,Clear,Main,Freight Train,10,11400,0,72295,T110,39.635009,-77.738326,54.1,52.4,55.3
NS,128398,2018-02-05,8:35 AM,Hwy-rail crossing,0,HAHIRA,GA,50,2,Day,Clear,Main,Freight Train,60,16984,0,16984,M302,30.991525,-83.373876,58.5,52.3,57.5
UP,0517LV037,2017-05-27,2:20 AM,Derailment,0,HAHNVILLE,LA,81,4,Dark,Clear,Industry,Light loco(s),7,18620,400,19020,T314,29.973448,-90.446671,77.4,81.7,82.1
BNSF,PR0724201,2024-07-16,2:47 PM,Hwy-rail crossing,0,HAIGLER,NE,93,2,Day,Cloudy,Main,Freight Train,50,20500,0,20500,M302,40.053983,-102.015674,83,77.3,71.5
BNSF,PR0624201,2024-06-07,12:37 PM,Hwy-rail crossing,0,HAIGLER,NE,92,2,Day,Clear,Main,Freight Train,50,48500,18028,66528,M302,40.053983,-102.015674,68.6,76.6,67.9
NIRC,9419000838,2022-05-23,6:58 AM,Hwy-rail crossing,0,HAINESVILLE,IL,50,1,Dawn,Clear,Main,Commuter Train - Pushing,60,250000,800,250800,M302,42.342769,-88.06804,55.2,50.8,54
NIRC,9419001921,2023-12-28,3:13 PM,Hwy-rail crossing,0,HAINESVILLE,IL,41,2,Day,Cloudy,Main,Commuter Train - Pushing,60,18415,0,18415,M308,42.339162,-88.058366,34.7,38.6,36.7
NS,118014,2015-10-31,6:05 PM,Other impacts,0,HALFWAY,MD,50,3,Dusk,Cloudy,Yard,Freight Train,6,5850,100,20650,H018,39.614315,-77.740845,48.7,47.2,58.1
NS,114278,2015-02-09,4:10 PM,Side collision,0,HALFWAY,MD,33,3,Dusk,Cloudy,Yard,Freight Train,7,147000,0,147374,H210,39.625402,-77.736338,37.5,35.2,31.7
NS,114278,2015-02-09,4:10 PM,Side collision,0,HALFWAY,MD,33,3,Dusk,Cloudy,Yard,Freight Train,0,2,372,147374,H210,39.625402,-77.736338,37.5,35.2,31.7
NS,123655,2017-01-21,4:50 PM,Derailment,0,HALFWAY,MD,50,3,Dusk,Fog,Yard,Freight Train,2,12500,18000,30500,E67C,39.623915,-77.736702,39.7,44.2,45.3
NS,114061,2015-01-27,9:30 AM,Derailment,0,HALFWAY,MD,23,2,Day,Snow,Yard,Yard/switching,3,4800,22836,27636,T110,39.611674,-77.741987,28.3,26.3,22.8
NS,132795,2019-02-11,3:50 AM,Derailment,0,HALFWAY,MD,30,4,Dark,Sleet,Industry,Freight Train,6,4479,144388,148867,T111,39.631109,-77.756027,28,32.2,33.8
ATK,165612,2020-10-12,6:53 AM,Obstruction,0,HALIFAX,NC,72,2,Day,Cloudy,Main,Passenger Train - Pulling,69,20882,0,20882,M404,36.301338,-77.604813,64.7,67.7,62.8
CSX,000194057,2020-10-12,6:53 AM,Obstruction,0,HALIFAX,NC,72,2,Day,Cloudy,Main,,69,0,0,20882,M404,36.295413,-77.605798,64.7,67.7,62.8
CSX,000142731,2015-03-09,12:19 PM,Hwy-rail crossing,0,HALIFAX,NC,64,2,Day,Clear,Main,,0,0,30713,2044084,M303,36.330764,-77.59412,50.7,53.2,59.2
ATK,136580,2015-03-09,12:19 PM,Hwy-rail crossing,0,HALIFAX,NC,64,2,Day,Clear,Main,Passenger Train - Pulling,70,2013371,0,2044084,M303,36.33077,-77.594127,50.7,53.2,59.2
BLF,20180271,2018-09-19,6:54 AM,Obstruction,0,HALLANDALE,FL,75,1,Dawn,Clear,Main,Passenger Train - Pulling,77,31384,0,31497,M402,25.997253,-80.148382,84.8,84.6,84.6
FEC,X15031822,2022-03-18,5:41 PM,Hwy-rail crossing,0,HALLANDALE,FL,82,2,Day,Clear,Main,,0,0,18102,45466,M308,25.98184,-80.148074,76.8,76.8,78.6
BLF,20220360,2022-03-18,5:41 PM,Hwy-rail crossing,0,HALLANDALE,FL,82,2,Day,Clear,Main,Passenger Train - Pulling,79,27364,0,45466,M308,25.98184,-80.148074,76.8,76.8,78.6
FEC,D41091918,2018-09-19,6:54 AM,Obstruction,0,HALLANDALE,FL,75,1,Dawn,Clear,Main,,0,0,113,31497,M402,25.997253,-80.148382,84.8,84.6,84.6
BNSF,TC0718112,2018-07-22,12:01 AM,Derailment,0,HALLOCK,MN,70,4,Dark,Clear,Industry,Freight Train,7,40787,1500,42287,H306,48.702576,-96.92092,67.7,72.1,67.6
SKOL,220816002,2022-08-16,3:00 AM,Derailment,0,HALLOWELL,KS,82,4,Dark,Clear,Yard,Freight Train,13,666055,7600,673655,T220,37.173016,-95.002897,84.7,77.7,71.7
ATK,154895,2018-08-18,1:10 PM,Hwy-rail crossing,0,HALLSVILLE,TX,102,2,Day,Clear,Main,Passenger Train - Pulling,75,15630,0,15880,M308,32.507338,-94.540229,86.4,86.8,86.7
UP,0818LK035,2018-08-18,1:10 PM,Hwy-rail crossing,0,HALLSVILLE,TX,100,2,Day,Clear,Main,,0,0,250,15880,M308,32.507338,-94.540229,86.4,86.8,86.7
ATK,176453,2023-09-18,5:22 PM,Hwy-rail crossing,0,HALSEY,OR,70,2,Day,Clear,Main,Passenger Train - Pulling,69,33670,0,33670,M308,44.359824,-123.108145,62.7,63,58.7
UP,0923PN024,2023-09-18,6:00 PM,Hwy-rail crossing,0,HALSEY,OR,67,3,Dusk,Cloudy,Main,,0,0,0,33670,M303,44.359807,-123.108154,62.7,63,58.7
BNSF,KS0517200,2017-05-05,7:55 AM,Hwy-rail crossing,0,HALSTEAD,KS,54,1,Dawn,Clear,Main,Freight Train,37,10701,0,10701,M302,38.006604,-97.536978,54.8,59.5,67.2
TRE,20028,2022-08-05,11:50 PM,Hwy-rail crossing,0,HALTOM CITY,TX,99,4,Dark,Clear,Main,Commuter Train - Pulling,77,30000,0,30000,M301,32.780433,-97.268294,92.1,93,90.6
BNSF,NE0716114,2016-07-21,10:30 AM,Derailment,0,HAMBURG,IA,100,2,Day,Clear,Industry,Freight Train,4,36235,0,36235,H307,40.597691,-95.664122,83.1,85.3,84.6
BNSF,HL0621114,2021-06-24,7:25 PM,Derailment,0,HAMBURG,IA,76,3,Dusk,Rain,Siding,Cut of cars,0,209254,50000,259254,M105,40.670083,-95.760593,79.1,75.4,75.5
CSX,000205418,2022-05-26,5:24 AM,Derailment,0,HAMDEN,CT,51,1,Dawn,Clear,Yard,,0,0,1780,27000,H603,41.361148,-72.886552,58.6,59.9,66.9
ATK,153947,2018-06-07,6:40 PM,Derailment,0,HAMDEN,CT,67,3,Dusk,Clear,Yard,Freight Train,0,0,12000,12000,T399,41.33079,-72.894662,59.3,60.7,66.6
PW,PWR098822R,2022-05-26,5:24 AM,Derailment,0,HAMDEN,CT,51,1,Dawn,Clear,Yard,Freight Train,13,25220,0,27000,T101,41.371692,-72.849933,58.6,59.9,66.9
PW,PWR683418R,2018-06-07,6:40 PM,Derailment,0,HAMDEN,CT,67,3,Dusk,Clear,Yard,Light loco(s),5,0,0,12000,T399,41.33079,-72.894662,59.3,60.7,66.6
CSX,000200286,2021-09-23,7:55 PM,Derailment,0,HAMILTON,OH,59,3,Dusk,Cloudy,Main,Freight Train,10,13247,1377,14624,M201,39.387621,-84.556584,59.5,56.3,56.2
CSX,000209675,2023-02-06,12:23 PM,Derailment,0,HAMILTON,OH,50,2,Day,Clear,Main,Freight Train,1,28368,9081,37449,H019,39.427454,-84.537003,45.3,36.7,47.9
NS,135750,2019-10-08,1:30 AM,Rear end collision,0,HAMILTON,OH,48,4,Dark,Clear,Main,Freight Train,2,53154,0,188196,H221,39.356991,-84.517223,57.9,54.2,57.2
CSX,000189868,2020-04-26,11:15 PM,Side collision,0,HAMILTON,OH,39,4,Dark,Clear,Yard,Yard/switching,3,14811,25552,46908,H302,37.850351,-84.256836,56.5,48.9,50.9
CSX,000205204,2022-05-27,7:59 AM,Derailment,0,HAMILTON,OH,62,1,Dawn,Clear,Main,Freight Train,13,94686,14399,109085,H518,39.397112,-84.55575,70.4,62.8,63.5
CSX,000189868,2020-04-26,11:15 PM,Side collision,0,HAMILTON,OH,39,4,Dark,Clear,Yard,Light loco(s),0,6545,0,46908,H302,37.850351,-84.256836,56.5,48.9,50.9
NS,135750,2019-10-08,1:30 AM,Rear end collision,0,HAMILTON,OH,48,4,Dark,Clear,Main,Freight Train,28,135042,0,188196,H221,39.356991,-84.517223,57.9,54.2,57.2
BNSF,SF0616105,2016-06-08,3:15 PM,Derailment,0,HAMILTON,MS,90,2,Day,Clear,Industry,Freight Train,4,8663,9500,18163,T110,33.732819,-88.449074,77.9,74.2,74.8
NS,121289,2016-07-16,3:35 PM,Derailment,0,HAMILTON,OH,85,2,Day,Clear,Main,Freight Train,7,66211,251887,318098,T111,39.399302,-84.556905,77.9,73.2,75.6
NJTR,202406313,2024-06-14,6:30 PM,Other (describe in narrative),0,HAMILTON,NJ,85,2,Day,Clear,Main,Commuter Train - Pulling,45,19126,0,19126,T404,40.230928,-74.737874,72.8,73.8,71.6
AGR,AGR638323R,2023-12-19,4:20 AM,Derailment,0,HAMILTON,MS,26,4,Dark,Clear,Main,Freight Train,36,565152,0,740152,T204,33.682151,-88.421611,43.4,35.5,38.5
BNSF,HL1223115,2023-12-19,4:20 AM,Derailment,0,HAMILTON,MS,25,1,Dawn,Clear,Main,Freight Train,0,0,175000,740152,T204,33.682151,-88.421611,43.4,35.5,38.5
ATK,159829,2019-07-01,2:45 PM,Fire/violent rupture,0,HAMILTON SQUARE,NJ,82,2,Day,Clear,Main,Spec. MoW Equip.,0,3500000,0,3500000,E99L,40.255616,-74.703804,76.7,73.7,77.6
ATK,144052,2016-07-27,4:55 AM,Derailment,0,HAMILTON TOWNSHIP,NJ,77,4,Dark,Cloudy,Siding,Light loco(s),10,82337,0,82337,T205,40.248037,-74.714461,81.8,80.3,78.6
CSX,000217650,2024-04-25,11:01 AM,Hwy-rail crossing,0,HAMLER,OH,62,2,Day,Clear,Main,Freight Train,29,400,13976,14376,M302,41.225415,-84.007241,45.6,43.2,50.7
CSX,000158958,2016-04-12,8:45 AM,Derailment,0,HAMLET,NC,58,2,Day,Rain,Yard,Yard/switching,4,16520,1645,18165,E04C,34.925491,-79.646587,59.6,60.3,57.6
CSX,000181278,2019-02-10,2:45 PM,Derailment,0,HAMLET,NC,50,2,Day,Cloudy,Yard,Yard/switching,8,15477,1974,17451,M405,34.925491,-79.646587,43.5,39.1,44.3
CSX,000148641,2015-07-01,5:05 PM,Derailment,0,HAMLET,NC,93,2,Day,Cloudy,Yard,Freight Train,5,12821,500,13321,E25C,34.91463,-79.670657,76.9,75.9,77.5
CSX,000158094,2016-03-14,11:30 PM,Derailment,0,HAMLET,NC,55,4,Dark,Clear,Yard,Freight Train,4,83460,0,123925,E29C,34.914629,-79.670656,69.2,70.5,66.5
CSX,000207261,2022-09-13,7:35 PM,Derailment,0,HAMLET,NC,80,3,Dusk,Clear,Yard,Freight Train,1,147925,31308,179233,M405,34.925465,-79.646591,78.4,74.7,69.9
CSX,000158094,2016-03-14,11:30 PM,Derailment,0,HAMLET,NC,55,4,Dark,Clear,Yard,Freight Train,0,39537,928,123925,E29C,34.914629,-79.670656,69.2,70.5,66.5
CSX,000181920,2019-03-21,2:58 PM,Derailment,0,HAMLET,NC,45,2,Day,Clear,Yard,Yard/switching,15,47488,11860,59348,H602,34.925491,-79.646587,42.1,49.8,51.6
CSX,000169025,2017-05-21,3:07 PM,Other impacts,0,HAMLET,NC,79,2,Day,Cloudy,Yard,Yard/switching,7,33846,0,33968,H601,34.925491,-79.646587,78.7,75.4,75.2
CSX,000164041,2016-11-01,4:48 PM,Other impacts,0,HAMLET,NC,70,2,Day,Clear,Yard,Single Car,5,0,0,24000,S016,34.925491,-79.646587,65.8,62,62.6
CSX,000164041,2016-11-01,4:48 PM,Other impacts,0,HAMLET,NC,70,2,Day,Clear,Yard,Single Car,9,24000,0,24000,S016,34.925491,-79.646587,65.8,62,62.6
CSX,000169025,2017-05-21,3:07 PM,Other impacts,0,HAMLET,NC,79,2,Day,Cloudy,Yard,Yard/switching,4,122,0,33968,H601,34.925491,-79.646587,78.7,75.4,75.2
CFE,CFE853018D,2018-11-14,7:24 AM,Derailment,0,HAMLET,IN,20,1,Dawn,Clear,Siding,Freight Train,14,448489,140000,588489,H699,41.378246,-86.555012,26.7,26.4,30.3
CSX,000164591,2016-11-24,11:00 AM,Derailment,0,HAMLET,NC,58,2,Day,Clear,Main,Freight Train,19,235076,188,235264,E00C,34.876493,-79.685491,44.5,59.6,61.5
CSX,000165924,2017-01-12,12:50 PM,Derailment,0,HAMLET,NC,60,2,Day,Clear,Yard,Yard/switching,2,51702,4699,56401,E67C,34.925491,-79.646587,52,60.6,61.2
CSX,000200466,2021-10-03,4:09 PM,Side collision,0,HAMLET,NC,83,2,Day,Clear,Yard,Cut of cars,2,29415,0,42615,H020,34.925491,-79.646587,70.1,71.9,72.8
CSX,000200670,2021-10-14,6:55 AM,Rear end collision,0,HAMLET,NC,70,1,Dawn,Clear,Yard,Freight Train,4,126002,97,138559,H306,34.925491,-79.646587,67.2,71.1,70.8
CSX,000200466,2021-10-03,4:09 PM,Side collision,0,HAMLET,NC,83,2,Day,Clear,Yard,Yard/switching,5,13200,0,42615,H020,34.925491,-79.646587,70.1,71.9,72.8
CSX,000200876,2021-10-22,11:12 AM,Side collision,0,HAMLET,NC,73,2,Day,Clear,Yard,Yard/switching,4,4709,0,25729,H307,34.925491,-79.646587,65,69,60.9
CSX,000200670,2021-10-14,6:55 AM,Rear end collision,0,HAMLET,NC,70,1,Dawn,Clear,Yard,Yard/switching,2,12460,0,138559,H306,34.925491,-79.646587,67.2,71.1,70.8
CSX,000173839,2018-01-06,8:20 PM,Derailment,0,HAMLET,NC,14,4,Dark,Clear,Yard,Freight Train,8,132061,2416,134477,T221,34.925491,-79.646587,22,19.9,18.6
CSX,000200876,2021-10-22,11:12 AM,Side collision,0,HAMLET,NC,73,2,Day,Clear,Yard,Yard/switching,6,21020,0,25729,H307,34.925491,-79.646587,65,69,60.9
CSX,000142137,2015-02-15,8:30 PM,Other impacts,0,HAMLET,NC,45,4,Dark,Clear,Yard,Cut of cars,4,26196,50,26246,M411,34.91463,-79.670657,40,26.6,27.8
CSX,000177994,2018-08-03,4:28 AM,Derailment,0,HAMLET,NC,84,4,Dark,Clear,Yard,Cut of cars,0,51552,136014,250830,H706,34.925491,-79.646587,77.7,73.4,77.1
CSX,000138868,2014-12-14,3:00 AM,Derailment,0,HAMLET,NC,40,4,Dark,Clear,Yard,Single Car,9,32054,3500,35554,H993,34.91463,-79.670657,45.3,42.7,43.9
CSX,000151198,2015-08-23,5:34 AM,Other impacts,0,HAMLET,NC,75,1,Dawn,Clear,Yard,Cut of cars,10,13918,0,13918,E0HC,34.91463,-79.670657,78.2,77.2,77.8
CSX,000216257,2024-02-18,1:28 AM,Derailment,0,HAMLET,NC,35,4,Dark,Clear,Yard,Yard/switching,5,17211,912,18123,M405,34.925465,-79.646591,49.1,38.4,42.2
CSX,000177994,2018-08-03,4:28 AM,Derailment,0,HAMLET,NC,84,4,Dark,Clear,Yard,Freight Train,8,63264,0,250830,H706,34.925491,-79.646587,77.7,73.4,77.1
CSX,000193922,2020-11-18,3:30 PM,Derailment,0,HAMLET,NC,40,2,Day,Clear,Yard,Yard/switching,1,43889,4885,48774,E46C,34.925491,-79.646587,48.8,42.9,41.8
CSX,000139940,2015-01-13,1:00 AM,Derailment,0,HAMLET,NC,40,4,Dark,Rain,Yard,Yard/switching,4,16586,2482,19068,E4BC,34.91463,-79.670657,43,40.5,33.4
CSX,000193986,2020-11-20,6:53 PM,Derailment,0,HAMLET,NC,55,3,Dusk,Clear,Yard,Yard/switching,0,0,0,170635,T199,34.925491,-79.646587,41.8,49.6,54.5
CSX,000138844,2014-12-12,11:02 PM,Derailment,0,HAMLET,NC,38,4,Dark,Clear,Yard,Cut of cars,10,26597,2500,29097,T314,34.91463,-79.670657,35.4,40.1,45.3
CSX,000183031,2019-05-17,3:00 PM,Derailment,0,HAMLET,NC,91,2,Day,Clear,Yard,Yard/switching,9,73853,10585,84438,T314,34.925491,-79.646587,67,75.3,79.3
CSX,000193993,2020-11-22,8:17 AM,Derailment,0,HAMLET,NC,55,2,Day,Clear,Yard,Yard/switching,4,72164,6694,78858,T303,34.925491,-79.646587,54.5,56.1,55.6
CSX,000164960,2016-12-07,9:20 AM,Derailment,0,HAMLET,NC,48,2,Day,Clear,Yard,Freight Train,4,24500,882,25382,T207,34.925491,-79.646587,47.6,47.2,48
CSX,000175806,2018-04-14,6:08 AM,Derailment,0,HAMLET,NC,55,4,Dark,Clear,Yard,Yard/switching,4,12002,9788,21790,T316,34.925491,-79.646587,65.9,70.1,70.2
CSX,000193986,2020-11-20,6:53 PM,Derailment,0,HAMLET,NC,55,3,Dusk,Clear,Yard,Freight Train,10,142511,28124,170635,T199,34.925491,-79.646587,41.8,49.6,54.5
UP,1221PN008,2021-12-05,12:53 AM,Derailment,0,HAMMETT,ID,40,4,Dark,Cloudy,Main,Freight Train,30,1369459,1083671,2453130,H503,42.955074,-115.487335,41,40.6,33.5
IHB,2806,2023-02-04,5:15 AM,Raking collision,0,HAMMOND,IN,13,4,Dark,Clear,Yard,Yard/switching,6,5000,4632,17593,T220,41.61319,-87.49985,9.4,28.1,36.4
CSX,000209638,2023-02-04,5:15 AM,Derailment,0,HAMMOND,IN,9,4,Dark,Clear,Yard,Freight Train,6,7961,0,17593,T220,41.61319,-87.49985,9.4,28.1,36.4
IHB,2754,2022-05-27,4:00 AM,Side collision,0,HAMMOND,IN,62,4,Dark,Rain,Yard,Yard/switching,0,47500,250,49750,H306,41.611678,-87.497553,70.3,55.4,60.6
IHB,2824,2023-04-10,11:30 AM,Derailment,0,HAMMOND,IN,69,2,Day,Clear,Yard,,0,0,12635,16335,H513,41.61292,-87.499099,52.3,56.5,63
IHB,2754,2022-05-27,4:00 AM,Side collision,0,HAMMOND,IN,62,4,Dark,Rain,Yard,Yard/switching,6,2000,0,49750,H306,41.611678,-87.497553,70.3,55.4,60.6
IHB,20232866,2023-10-02,6:30 AM,Derailment,0,HAMMOND,IN,65,1,Dawn,Clear,Yard,Yard/switching,10,18300,590,18890,H309,41.607045,-87.483167,68.9,68.8,70.8
IHB,2614,2020-07-06,5:20 AM,Derailment,0,HAMMOND,IN,80,1,Dawn,Clear,Yard,Yard/switching,3,19109,1500,20609,H306,41.607187,-87.484246,79.6,80.9,81.6
CSX,000210737,2023-04-10,11:30 AM,Derailment,0,HAMMOND,IN,69,2,Day,Clear,Yard,Freight Train,9,3700,0,16335,H513,41.61292,-87.499099,52.3,56.5,63
CSX,000166375,2017-01-29,9:32 PM,Derailment,0,HAMMOND,IN,19,4,Dark,Cloudy,Main,Freight Train,29,17443,0,25429,E62C,41.606145,-87.476539,27.7,26.5,25.7
IHB,2291,2017-03-08,7:25 PM,Other impacts,0,HAMMOND,IN,43,4,Dark,Clear,Yard,Freight Train,5,11965,0,11965,H018,41.607356,-87.484868,50.5,45.3,36.3
UP,0119GL013,2019-01-12,7:29 PM,Obstruction,0,HAMMOND,WI,27,3,Dusk,Cloudy,Main,Freight Train,43,46341,12700,59041,M402,44.980612,-92.476008,23.1,25.7,29.7
IC,1130337,2023-04-04,1:50 PM,Hwy-rail crossing,0,HAMMOND,LA,85,2,Day,Cloudy,Main,Freight Train,38,0,31327,31327,M308,30.49371,-90.45789,77.7,76.9,78.5
IHB,2142,2015-09-06,4:00 AM,Other impacts,0,HAMMOND,IN,70,4,Dark,Clear,Yard,Yard/switching,4,26041,0,26041,H302,41.612181,-87.498636,73,79.1,78.8
IHB,2126,2015-08-05,9:08 AM,Side collision,0,HAMMOND,IN,85,2,Day,Clear,Yard,Yard/switching,9,106722,2863,219170,H306,41.611977,-87.499147,70.9,70.5,72.4
IHB,2105,2015-05-29,8:58 AM,Side collision,0,HAMMOND,IN,82,2,Day,Clear,Yard,Yard/switching,5,15186,0,33403,H305,41.612787,-87.499555,69,73.9,59.3
IHB,2126,2015-08-05,9:08 AM,Side collision,0,HAMMOND,IN,85,2,Day,Clear,Yard,Yard/switching,9,106722,2863,219170,H306,41.611977,-87.499147,70.9,70.5,72.4
IHB,2153,2015-10-11,1:30 AM,Side collision,0,HAMMOND,IN,48,4,Dark,Clear,Yard,Yard/switching,3,36588,1313,37901,H702,41.611446,-87.497606,52.2,62.4,65.2
IHB,2046,2014-12-18,1:30 AM,Other (describe in narrative),0,HAMMOND,IN,18,4,Dark,Clear,Yard,Cut of cars,0,49159,0,49159,M507,41.612363,-87.498521,27,26,30.4
NS,135892,2019-10-20,9:30 AM,Other impacts,0,HAMMOND,IL,62,2,Day,Cloudy,Main,Freight Train,3,1450,0,1450,H307,41.612081,-87.498283,54.6,56,59.8
IHB,2340,2017-08-20,2:30 AM,Other impacts,0,HAMMOND,IN,62,4,Dark,Clear,Yard,Cut of cars,4,24250,0,24250,H316,41.604595,-87.508921,72.8,74.1,77
IHB,2153,2015-10-11,1:30 AM,Side collision,0,HAMMOND,IN,48,4,Dark,Clear,Yard,Yard/switching,3,0,0,37901,H702,41.61146,-87.497606,52.2,62.4,65.2
ATK,139863,2015-11-03,2:55 PM,Hwy-rail crossing,0,HAMMOND,LA,70,2,Day,Cloudy,Main,Passenger Train - Pulling,79,27148,0,27173,M302,30.407217,-90.431709,69.4,69.8,69.5
IHB,2105,2015-05-29,8:58 AM,Side collision,0,HAMMOND,IN,82,2,Day,Clear,Yard,Yard/switching,5,18217,0,33403,H305,41.612787,-87.499555,69,73.9,59.3
IHB,20242912,2024-06-22,2:40 AM,Derailment,0,HAMMOND,IN,75,4,Dark,Clear,Yard,Yard/switching,7,18910,4900,23810,M405,41.61359,-87.501548,79,82.9,73.2
IC,1012099,2019-09-10,3:40 PM,Hwy-rail crossing,0,HAMMOND,LA,91,2,Day,Clear,Main,Freight Train,18,20000,0,20000,M308,30.505573,-90.508439,83.2,80.3,80.4
IHB,2466,2018-12-02,7:00 PM,Derailment,0,HAMMOND,IN,39,4,Dark,Rain,Yard,Freight Train,4,22500,2500,25000,H305,41.606489,-87.480532,39.5,42.4,33.3
IHB,2181,2016-02-08,12:10 AM,Rear end collision,0,HAMMOND,IN,32,4,Dark,Clear,Yard,Light loco(s),0,0,0,25890,H607,41.60563,-87.477071,38.7,29,18.8
IHB,2624,2020-08-30,9:30 AM,Other impacts,0,HAMMOND,IN,75,2,Day,Clear,Yard,Yard/switching,0,10890,1047,14037,H306,41.604073,-87.472065,74.8,68.1,71
IHB,2624,2020-08-30,9:30 AM,Other impacts,0,HAMMOND,IN,75,2,Day,Clear,Yard,Yard/switching,3,2100,0,14037,H306,41.604073,-87.472065,74.8,68.1,71
IHB,2283,2017-01-29,9:32 PM,Derailment,0,HAMMOND,IN,63,4,Dark,Clear,Main,,0,0,7986,25429,E62C,41.606145,-87.476539,27.7,26.5,25.7
IHB,2287,2017-02-21,2:30 AM,Derailment,0,HAMMOND,IN,57,4,Dark,Clear,Yard,Freight Train,5,8087,3794,11881,H503,41.613633,-87.501234,54.5,56.9,56
IC,870149,2015-11-03,2:55 PM,Hwy-rail crossing,0,HAMMOND,LA,70,2,Day,Cloudy,Main,,0,0,25,27173,M302,30.407217,-90.431709,69.4,69.8,69.5
IHB,2181,2016-02-08,12:10 AM,Rear end collision,0,HAMMOND,IN,32,4,Dark,Clear,Yard,Light loco(s),8,25890,0,25890,H607,41.60563,-87.477071,38.7,29,18.8
IHB,2192,2016-03-11,1:15 AM,Side collision,0,HAMMOND,IN,40,4,Dark,Clear,Yard,Yard/switching,5,0,0,46108,H306,41.603968,-87.471447,44.8,41.3,45.5
IHB,2192,2016-03-11,1:15 AM,Side collision,0,HAMMOND,IN,40,4,Dark,Clear,Yard,Yard/switching,5,46108,0,46108,H306,41.603968,-87.471447,44.8,41.3,45.5
CSX,000216306,2024-02-19,5:10 AM,Hwy-rail crossing,0,HAMMOND,IN,19,1,Dawn,Cloudy,Main,Freight Train,29,237,34502,34739,M308,41.630303,-87.500106,31.2,33.5,41.1
NICD,N1900005,2019-01-30,3:50 AM,Other impacts,0,HAMMOND,IN,-20,4,Dark,Clear,Main,Passenger Train - Pulling,50,63301,4716,68017,T404,41.658198,-87.565368,3.6,-15,-9.2
CSX,000205346,2022-06-04,7:00 PM,Other impacts,0,HAMPTON,SC,75,3,Dusk,Clear,Main,Cut of cars,0,128340,0,128590,H302,32.869393,-81.107719,79.9,74.1,75.2
CSX,000205346,2022-06-04,7:00 PM,Other impacts,0,HAMPTON,SC,75,3,Dusk,Clear,Main,Freight Train,10,250,0,128590,H302,32.869393,-81.107719,79.9,74.1,75.2
CRSH,118512,2015-12-08,9:20 PM,Derailment,0,HAMTRAMCK,MI,39,4,Dark,Clear,Yard,Freight Train,4,2142,8829,10971,H602,42.37812,-83.04704,31.5,38.3,44.8
NS,117019,2015-08-19,12:32 PM,Derailment,0,HANAHAN,SC,88,2,Day,Clear,Main,Freight Train,43,202384,125000,327384,H704,32.942879,-80.06986,78.8,81.2,79.5
CSX,000200470,2021-10-03,10:20 PM,Hwy-rail crossing,0,HANAHAN,SC,72,4,Dark,Cloudy,Main,,0,0,4199,27280,M302,32.975464,-80.040751,71.7,73.3,74.9
CSX,000205234,2022-05-30,12:00 PM,Hwy-rail crossing,0,HANAHAN,SC,76,2,Day,Clear,Main,,0,0,95,13800,M302,32.931533,-80.028736,79.2,78.1,78.3
ATK,170755,2022-05-30,12:00 PM,Hwy-rail crossing,0,HANAHAN,SC,78,3,Dusk,Clear,Main,Passenger Train - Pulling,73,13705,0,13800,M402,32.931533,-80.028736,79.2,78.1,78.3
CSX,000162890,2016-09-15,9:50 AM,Other impacts,0,HANCOCK,WV,68,2,Day,Clear,Main,Freight Train,40,23667,0,63667,H993,39.587763,-78.394649,67.5,65.2,68.3
BNSF,TC0518101,2018-05-01,1:00 PM,Other (describe in narrative),0,HANLEY FALLS,MN,60,2,Day,Clear,Main,Freight Train,49,0,25000,25000,H404,44.642245,-95.646162,68.6,52.4,53.1