reportingrailroadcode,accidentnumber,date,time,accidenttype,hazmatreleasedcars,station,stateabbr,temperature,visibility_code,visibility,weathercondition,tracktype,equipmenttype,trainspeed,equipmentdamagecost,trackdamagecost,totaldamagecost,primaryaccidentcausecode,latitude,longitude,prior_temp,actual_temp,following_temp
UP,0315DV022,2015-03-21,10:00 AM,Fire/violent rupture,0,HANNA,WY,55,2,Day,Clear,Siding,Freight Train,0,884923,0,884923,E73L,41.874824,-106.504925,43,48.2,45.9
UP,1216DV024,2016-12-25,12:23 AM,Derailment,0,HANNA,WY,35,4,Dark,Clear,Main,Freight Train,50,13526,696,14222,E39C,41.837191,-106.633464,38.3,25.5,18.1
UP,0119RM066,2019-01-26,12:40 PM,Derailment,0,HANNA,WY,23,2,Day,Cloudy,Main,Freight Train,32,62116,73569,135685,E04C,41.906071,-106.416477,19.9,24.4,30.1
UP,1219RM017,2019-12-26,3:35 AM,Derailment,0,HANNA,WY,26,4,Dark,Snow,Main,Freight Train,63,1386850,1231576,2618426,E53C,41.910462,-106.38554,30.1,23.2,6.8
BNSF,SF0315116,2015-03-20,1:00 PM,Derailment,0,HANNIBAL,MO,48,2,Day,Cloudy,Yard,Freight Train,0,16827,0,25818,H309,39.920786,-91.440468,40.9,41.1,52.6
BNSF,SF0315116,2015-03-20,1:00 PM,Derailment,0,HANNIBAL,MO,48,2,Day,Cloudy,Yard,Yard/switching,4,8491,500,25818,H309,39.920786,-91.440468,40.9,41.1,52.6
BNSF,SF0215111,2015-02-26,5:30 AM,Derailment,0,HANNIBAL,MO,10,1,Dawn,Snow,Main,Freight Train,7,11979,707584,719563,H607,39.92993,-91.434119,32,15.8,7.2
BNSF,HL1019123,2019-10-28,2:10 AM,Derailment,0,HANNIBAL,MO,45,4,Dark,Clear,Yard,Freight Train,10,19500,500,20000,M599,39.906572,-91.445983,50.7,44.8,37
BNSF,HL0717109,2017-07-20,9:35 PM,Derailment,0,HANNIBAL,MO,90,3,Dusk,Clear,Main,Freight Train,11,11951,1000,12951,H506,39.928423,-91.436706,83.8,87.1,87.1
BNSF,HL1119105,2019-11-11,11:00 AM,Derailment,0,HANNIBAL,MO,25,2,Day,Cloudy,Yard,Light loco(s),5,14000,0,14000,M101,39.920599,-91.440604,47.2,27.4,14.7
BNSF,CH1119113,2019-11-19,5:34 AM,Derailment,0,HANNIBAL,MO,44,1,Dawn,Clear,Main,Freight Train,11,427854,270000,697854,E45C,39.935649,-91.435875,41.8,47,49.1
BNSF,SF0816118,2016-08-09,10:24 PM,Other impacts,0,HANNIBAL,MO,92,4,Dark,Clear,Yard,Yard/switching,4,12286,0,12286,H318,39.921396,-91.440035,76.1,80.1,81.3
BNSF,SF0116107,2016-01-16,12:13 PM,Derailment,0,HANNIBAL,MO,29,2,Day,Clear,Main,,0,0,1500,17500,H702,39.929657,-91.436237,35,26.5,9.5
NS,121683,2016-08-16,1:00 AM,Derailment,0,HANNIBAL,MO,70,4,Dark,Cloudy,Main,Freight Train,8,12600,1307,13907,H702,39.687748,-91.387157,70.4,76.8,78.4
ATK,140910,2016-01-16,12:13 PM,Derailment,0,HANNIBAL,MO,29,2,Day,Clear,Main,Passenger Train - Pulling,9,16000,0,17500,H702,39.929657,-91.436237,35,26.5,9.5
BNSF,HL0322122,2022-03-27,6:46 PM,Derailment,0,HANNIBAL,MO,40,3,Dusk,Cloudy,Main,Freight Train,8,160149,2643,162792,H525,39.927031,-91.43728,40.1,35.9,39.3
BNSF,SF0616125,2016-06-25,9:05 PM,Derailment,0,HANNIBAL,MO,82,3,Dusk,Clear,Yard,Freight Train,6,25125,313732,338857,H702,39.921396,-91.440019,77,81.4,80.7
BNSF,SF1114119,2014-11-30,2:30 AM,Derailment,0,HANNIBAL,MO,44,4,Dark,Clear,Yard,Light loco(s),6,51400,316337,367737,H702,39.92405,-91.438257,50.9,38.2,21.3
ATK,157165,2019-01-12,12:29 PM,Derailment,0,HANNIBAL,MO,29,2,Day,Snow,Yard,Yard/switching,10,16500,0,18500,H307,40.044408,-91.49677,30.8,31.7,30.9
BNSF,HL0119111,2019-01-12,12:29 PM,Derailment,0,HANNIBAL,MO,29,2,Day,Snow,Yard,,0,0,2000,18500,H307,39.927588,-91.436992,30.8,31.7,30.9
CSX,000164300,2016-11-10,7:24 AM,Derailment,0,HANOVER,PA,50,2,Day,Clear,Industry,Freight Train,5,48469,275,48744,M506,39.8135,-77.000621,51.6,47.8,51.9
ATK,168016,2021-07-08,10:39 PM,Fire/violent rupture,0,HANOVER,MD,75,4,Dark,Cloudy,Main,Passenger Train - Pulling,0,14157,0,14157,M406,39.192295,-76.694578,85.3,79.6,78.4
CSX,000157195,2015-12-06,7:00 PM,Fire/violent rupture,0,HANOVER,VA,75,4,Dark,Clear,Main,Freight Train,0,32155,0,32155,E71L,37.757941,-77.375575,38.1,37.8,41.2
BB,2015T1206,2015-12-06,7:00 PM,Fire/violent rupture,0,HANOVER,VA,75,4,Dark,Clear,Main,,0,0,0,32155,E71L,37.757941,-77.375575,38.1,37.8,41.2
CUOH,CUO471423G,2023-07-11,11:40 AM,Hwy-rail crossing,0,HANOVER,OH,80,2,Day,Clear,Main,Freight Train,30,13847,2262,16109,M303,40.086108,-82.214942,71,73.2,76.8
ATK,170526,2022-04-10,3:08 PM,Other (describe in narrative),0,HANOVER,MD,50,2,Day,Cloudy,Main,Passenger Train - Pulling,124,59528,8688,68216,T404,39.167087,-76.696603,50,45.8,48.3
UP,0317NP032,2017-03-20,12:15 AM,Derailment,0,HANOVER,KS,58,4,Dark,Clear,Industry,Freight Train,4,1912,16901,18813,T319,39.90983,-96.893334,64.6,57.6,47.6
MBTA,5722,2018-11-29,6:51 AM,Other (describe in narrative),0,HANSON,MA,33,1,Dawn,Cloudy,Main,Passenger Train - Pushing,0,96000,0,96000,E71L,42.043867,-70.882293,38.4,40.5,34.9
KO,220825004,2022-08-25,10:10 AM,Derailment,0,HANSTON,KS,83,2,Day,Clear,Industry,Freight Train,3,0,30000,30000,T110,38.122901,-99.711127,76.8,78.6,80.8
NS,143383,2021-11-06,11:00 AM,Derailment,0,HAPEVILLE,GA,58,2,Day,Clear,Siding,Freight Train,9,1400,9922,11322,T311,33.661685,-84.414019,47.6,50.1,51.7
IC,887424,2016-05-05,2:00 AM,Side collision,0,HARAHAN,LA,62,4,Dark,Clear,Yard,Cut of cars,0,34876,0,82965,H306,29.971744,-90.185961,70,72,70.2
IC,982198,2018-12-20,1:30 AM,Raking collision,0,HARAHAN,LA,53,4,Dark,Fog,Yard,Light loco(s),4,1125,0,26125,H702,29.973079,-90.204015,58.1,54,50.8
IC,982198,2018-12-20,1:30 AM,Raking collision,0,HARAHAN,LA,53,4,Dark,Fog,Yard,Cut of cars,0,25000,0,26125,H702,29.973079,-90.204015,58.1,54,50.8
IC,1033723,2020-04-28,1:00 PM,Side collision,0,HARAHAN,LA,78,2,Day,Cloudy,Yard,Single Car,3,9500,0,11000,H302,29.973643,-90.208871,71.6,72.2,69.2
IC,1033723,2020-04-28,1:00 PM,Side collision,0,HARAHAN,LA,78,2,Day,Cloudy,Yard,Yard/switching,4,1500,0,11000,H302,29.973643,-90.208871,71.6,72.2,69.2
IC,1087731,2021-11-08,7:00 PM,Derailment,0,HARAHAN,LA,58,2,Day,Clear,Yard,Single Car,0,45000,0,46799,H315,29.973027,-90.204163,57.8,59.8,62.1
IC,887424,2016-05-05,2:00 AM,Side collision,0,HARAHAN,LA,62,4,Dark,Clear,Yard,Light loco(s),0,15000,0,82965,H306,29.971744,-90.185961,70,72,70.2
IC,1087731,2021-11-08,7:00 PM,Derailment,0,HARAHAN,LA,58,2,Day,Clear,Yard,Yard/switching,4,250,1549,46799,H315,29.973027,-90.204163,57.8,59.8,62.1
IC,887424,2016-05-05,2:00 AM,Side collision,0,HARAHAN,LA,62,4,Dark,Clear,Yard,Yard/switching,4,32839,250,82965,H306,29.971744,-90.185961,70,72,70.2
IC,1051614,2020-10-17,8:45 PM,Derailment,0,HARAHAN,LA,65,4,Dark,Clear,Yard,Freight Train,6,12042,29762,41804,T217,29.972854,-90.201374,69.6,67.9,73.4
CSX,000167215,2017-03-04,1:27 AM,Fire/violent rupture,0,HARALSON,GA,30,4,Dark,Cloudy,Main,Freight Train,0,193401,0,193401,E72L,33.227192,-84.569442,43.9,44.4,51.8
CSX,000184281,2019-07-20,9:30 PM,Hwy-rail crossing,0,HARDEEVILLE,SC,80,4,Dark,Clear,Main,,0,0,97,11495,M302,32.259347,-81.107492,83,82.5,84.9
ATK,160174,2019-07-20,9:17 PM,Hwy-rail crossing,0,HARDEEVILLE,SC,78,4,Dark,Clear,Main,Passenger Train - Pulling,38,11398,0,11495,M301,32.259347,-81.107492,83,82.5,84.9
CSX,000170713,2017-08-06,2:31 AM,Hwy-rail crossing,0,HARDEEVILLE,SC,70,4,Dark,Clear,Main,,0,0,0,34330,M302,32.293497,-81.077272,80.5,82.5,83.2
ATK,148808,2017-08-06,2:31 AM,Hwy-rail crossing,0,HARDEEVILLE,SC,70,4,Dark,Clear,Main,Passenger Train - Pulling,69,34330,0,34330,M301,32.293497,-81.077272,80.5,82.5,83.2
BNSF,CH0423102,2023-04-06,5:46 AM,Other (describe in narrative),0,HARDIN,MO,34,1,Dawn,Clear,Industry,Freight Train,6,20081,1500,21581,H607,39.270321,-93.828722,45.6,43.9,49.6
BNSF,MT0718107,2018-07-21,11:30 AM,Derailment,0,HARDIN,MT,85,2,Day,Clear,Siding,,0,0,159753,159753,H510,45.826787,-107.099517,76.3,76,73.1
BNSF,CH0521114,2021-05-28,4:10 AM,Derailment,0,HARDIN,MO,55,1,Dawn,Cloudy,Main,Freight Train,50,1000,50000,51000,E60C,39.287104,-93.760035,68.1,54.8,54.5
BNSF,PR0717116,2017-07-27,3:50 AM,Derailment,0,HARDIN,MT,65,4,Dark,Clear,Main,Freight Train,40,3251,62000,65251,E86C,45.853272,-107.956831,73.5,78.8,80.4
BNSF,CH0624101,2024-06-03,11:00 PM,Other (describe in narrative),0,HARDIN,MO,68,4,Dark,Rain,Main,Freight Train,3,63797,0,63797,H302,39.238365,-93.918023,73.1,75.9,74.7
BNSF,MT0221101,2021-02-06,9:30 AM,Derailment,0,HARDIN,MT,0,2,Day,Snow,Industry,Freight Train,1,54079,1500,55579,M101,45.802879,-107.080204,23.7,2.4,-3.1
BNSF,CH1020107,2020-10-27,3:50 AM,Derailment,0,HARDIN,MO,28,4,Dark,Clear,Industry,Freight Train,6,15000,0,15000,T113,39.269085,-93.819839,31.4,31.9,38.6
UP,0918TC019,2018-09-21,8:30 AM,Derailment,0,HARDY,IA,68,2,Day,Clear,Industry,Freight Train,8,6130,25693,31823,T110,42.81045,-94.054798,72.5,56.6,54
NS,125087,2017-05-17,2:20 PM,Derailment,0,HARDY,VA,90,2,Day,Clear,Main,Freight Train,33,6000,142600,148600,T109,37.228964,-79.829582,67.9,75.4,77
GICX,0317FL450,2017-03-24,9:00 PM,Derailment,0,HARLEYVILLE,SC,45,4,Dark,Clear,Yard,Yard/switching,6,128000,46494,174494,T221,33.239443,-80.443525,53.2,57.4,62.1
RVSC,RV22018,2022-11-28,1:43 PM,Derailment,0,HARLINGEN,TX,78,2,Day,Clear,Yard,Freight Train,2,13000,3546,16546,E64C,26.128497,-97.524724,64.9,70.8,77.5
UP,0819GC042,2019-08-29,9:00 AM,Derailment,0,HARLINGEN,TX,83,2,Day,Clear,Yard,Yard/switching,4,4902,0,16239,T314,26.202422,-97.705345,87.2,84.7,85
RVSC,RV19033,2019-08-29,9:00 AM,Derailment,0,HARLINGEN,TX,83,2,Day,Clear,Yard,Freight Train,0,0,11337,16239,T314,26.202422,-97.705345,87.2,84.7,85
RVSC,RV17042,2017-11-01,4:50 PM,Derailment,0,HARLINGEN,TX,85,2,Day,Clear,Yard,Freight Train,0,0,6076,11685,T319,26.212172,-97.710769,72.7,76.4,80.2
UP,0716HO038,2016-07-22,7:30 AM,Derailment,0,HARLINGEN,TX,90,2,Day,Cloudy,Main,Freight Train,9,41000,10140,51140,T202,25.918626,-97.520421,84.5,84.6,85.2
UP,1117HO003,2017-11-01,5:40 PM,Derailment,0,HARLINGEN,TX,80,2,Day,Cloudy,Yard,Freight Train,4,5609,0,11685,T319,26.212172,-97.710769,72.7,76.4,80.2
RVSC,RV23023,2023-11-09,2:30 PM,Derailment,0,HARLINGEN,TX,85,2,Day,Cloudy,Main,Freight Train,10,82355,52010,134365,T202,26.179445,-97.754444,77.6,79.1,64.8
NS,119694,2016-03-12,2:30 AM,Derailment,0,HARMAN,VA,57,4,Dark,Clear,Yard,Freight Train,4,8912,0,12012,H702,37.323805,-82.166823,61,66.4,61.8
NS,119694,2016-03-12,2:30 AM,Derailment,0,HARMAN,VA,57,4,Dark,Clear,Yard,Single Car,0,2500,600,12012,H702,37.323805,-82.166823,61,66.4,61.8
NS,145376,2022-05-26,3:45 PM,Hwy-rail crossing,4,HARMER,PA,72,2,Day,Clear,Main,Freight Train,35,1133948,278925,1412873,M302,40.531669,-79.847364,63.8,67.6,65.6
CSX,000187299,2019-12-21,2:35 AM,Derailment,0,HARPERS FERRY,WV,18,4,Dark,Clear,Main,Freight Train,2,666456,100,666556,H514,39.322566,-77.729611,26,26.7,30
CSX,000205868,2022-06-29,11:30 AM,Derailment,0,HARPSTER,OH,77,2,Day,Clear,Industry,Freight Train,3,37963,112800,150763,M204,40.72108,-83.237672,67.1,71.7,76.6
CSX,000157545,2016-02-25,10:55 PM,Derailment,0,HARPSTER,OH,25,4,Dark,Snow,Siding,Freight Train,14,29642,12955,42597,E67C,40.739043,-83.250929,38.1,31.6,28.4
AOK,05162018,2018-05-16,10:00 PM,Derailment,0,HARRAH,OK,73,4,Dark,Clear,Main,Freight Train,0,0,304410,314410,T401,35.295393,-97.110387,70.1,71.3,73.5
NS,136167,2019-11-12,1:05 PM,Derailment,0,HARRIMAN,TN,28,2,Day,Clear,Industry,Freight Train,1,100,0,100,M101,35.901465,-84.520438,51.9,30,27.6
DCR,201031DCR,2020-10-31,4:00 PM,Other impacts,0,HARRINGTON,DE,64,2,Day,Clear,Yard,Cut of cars,10,70150,0,70150,H318,38.89819,-75.576504,48,43.3,49.5
CP,1000999769,2019-05-26,12:30 AM,Derailment,0,HARRIS,MO,65,4,Dark,Rain,Main,Freight Train,35,134428,41123,175551,M103,40.239763,-93.340067,70.7,70.7,72.3
ATK,180312,2024-05-15,3:20 PM,Other (describe in narrative),0,HARRISBURG,PA,68,2,Day,Clear,Main,,0,0,35000,35000,H996,40.267748,-76.879911,62.5,63.5,66.8
NS,141751,2021-06-02,11:53 PM,Other impacts,0,HARRISBURG,PA,68,4,Dark,Clear,Industry,Freight Train,5,78319,333,78652,M208,40.259354,-76.873661,65.4,69.8,68.9
NS,120696,2016-05-31,11:48 AM,Derailment,0,HARRISBURG,PA,85,2,Day,Clear,Main,Freight Train,7,30800,10158,40958,E34C,40.262663,-76.877335,72.9,75.3,76.9
NS,118367,2015-11-25,11:22 AM,Derailment,0,HARRISBURG,PA,45,2,Day,Clear,Main,Freight Train,8,6250,81000,87250,H506,40.267775,-76.879718,40,39.7,44.9
NS,127406,2017-11-14,2:05 AM,Derailment,0,HARRISBURG,PA,34,4,Dark,Cloudy,Yard,Yard/switching,8,53000,0,55353,H704,40.258557,-76.872595,40.7,44.2,41.7
NS,151799,2022-12-21,10:00 AM,Derailment,0,HARRISBURG,PA,45,2,Day,Clear,Yard,Freight Train,6,0,40502,40502,T221,40.294961,-76.891716,33.6,30.3,36
NS,153912,2023-08-12,10:15 PM,Derailment,0,HARRISBURG,PA,71,4,Dark,Rain,Yard,Light loco(s),5,48858,0,48858,H303,40.294961,-76.891716,78.5,79.7,80
NS,130718,2018-08-24,10:00 PM,Derailment,0,HARRISBURG,PA,72,4,Dark,Clear,Yard,Light loco(s),4,11782,10372,22154,H306,40.294946,-76.891711,72.3,71.4,72.4
NS,121213,2016-07-11,9:30 AM,Obstruction,0,HARRISBURG,NC,84,2,Day,Clear,Main,Work train,4,3200,0,63200,H306,35.314253,-80.696142,81.1,78.8,80.4
NS,121213,2016-07-11,9:30 AM,Obstruction,0,HARRISBURG,NC,84,2,Day,Clear,Main,Spec. MoW Equip.,0,60000,0,63200,H306,35.314253,-80.696142,81.1,78.8,80.4
NS,127406,2017-11-14,2:05 AM,Derailment,0,HARRISBURG,PA,34,4,Dark,Cloudy,Yard,Yard/switching,7,3,2350,55353,H704,40.258557,-76.872595,40.7,44.2,41.7
NS,116137,2015-06-19,11:34 AM,Derailment,0,HARRISBURG,PA,81,2,Day,Clear,Yard,Freight Train,2,22205,21199,43404,H702,40.259698,-76.794313,72.1,75.7,74.2
UP,1216LK012,2016-12-07,12:40 PM,Hwy-rail crossing,0,HARRISBURG,AR,43,2,Day,Cloudy,Main,Freight Train,38,40383,0,40383,M304,35.606879,-90.720748,45.4,39.5,33.3
NS,114539,2015-02-26,6:30 AM,Derailment,0,HARRISBURG,PA,25,1,Dawn,Clear,Yard,Yard/switching,4,51598,1800,53398,H704,40.287835,-76.889314,23.8,26.9,22.2
NS,122407,2016-10-13,12:20 PM,Derailment,0,HARRISBURG,PA,72,2,Day,Cloudy,Yard,Freight Train,9,150336,26201,186548,T110,40.267804,-76.879735,55.4,56.5,51.5
NS,122407,2016-10-13,12:20 PM,Derailment,0,HARRISBURG,PA,72,2,Day,Cloudy,Yard,Light loco(s),0,10011,0,186548,T110,40.267804,-76.879735,55.4,56.5,51.5
NS,124259,2017-03-10,12:30 AM,Derailment,0,HARRISBURG,PA,50,4,Dark,Clear,Yard,Yard/switching,9,31221,30864,62085,T205,40.294946,-76.891711,57.4,36,25.7
BNSF,PR1222106,2022-12-15,5:26 AM,Other (describe in narrative),0,HARRISON,NE,24,1,Dawn,Snow,Main,Freight Train,45,93547,0,93547,E32C,42.839215,-103.526709,20.2,20.8,19.8
UP,0717NP017,2017-07-17,6:30 PM,Fire/violent rupture,0,HARRISON,NE,90,2,Day,Clear,Main,Freight Train,30,41099,0,41099,E74L,42.031313,-104.04317,79.6,81.3,77.8
PATH,I12202203,2022-12-25,4:18 PM,Rear end collision,0,HARRISON,NJ,27,2,Day,Cloudy,Yard,EMU,15,36200,0,36200,H210,40.740908,-74.142076,11.7,21,24.7
PATH,I02042019,2019-02-04,7:15 PM,Other impacts,0,HARRISON,NJ,45,4,Dark,Clear,Yard,EMU,4,14053,0,14053,H399,40.74,-74.15,38.4,44.7,51.1
ATK,166177,2021-01-11,3:35 AM,Obstruction,0,HARRISON,NJ,25,4,Dark,Cloudy,Main,Maint./inspect Car,0,62000,1000,64000,H306,40.740357,-74.154217,34.2,31.6,35.3
ATK,166177,2021-01-11,3:35 AM,Obstruction,0,HARRISON,NJ,25,4,Dark,Cloudy,Main,Maint./inspect Car,5,0,1000,64000,H306,40.740357,-74.154217,34.2,31.6,35.3
PATH,I090717,2017-09-07,11:30 AM,Other impacts,0,HARRISON,NJ,75,2,Day,Cloudy,Yard,Cut of cars,7,25744,0,25744,H995,40.740874,-74.142944,66.1,65.5,64.3
PATH,I111120,2020-11-11,11:40 PM,Derailment,0,HARRISON,NJ,0,4,Dark,Rain,Yard,EMU,8,58622,127121,185743,H206,40.740943,-74.143085,63.6,66.5,56.7
NJTR,201509548,2015-09-14,6:45 PM,Other (describe in narrative),0,HARRISON,NJ,70,2,Day,Clear,Main,EMU,35,37840,13622,51462,E78L,40.744032,-74.158754,70.8,66.7,72.3
PATH,10202202,2022-10-24,1:34 AM,Head on collision,0,HARRISON,NJ,57,4,Dark,Rain,Yard,EMU,8,41854,0,41854,H211,40.741153,-74.141831,57.2,58.4,65.8
PATH,I03202201,2022-03-20,4:57 PM,Side collision,0,HARRISON,NJ,56,2,Day,Cloudy,Yard,EMU,2,355069,0,395780,H205,40.741252,-74.141081,57.9,54.8,53
PATH,I032515,2015-03-25,4:10 PM,Other impacts,0,HARRISON,NJ,45,2,Day,Rain,Yard,EMU,13,8239,80000,88239,H699,40.74649,-74.156255,34.9,38.2,48
PATH,I01202201,2022-01-14,1:27 AM,Derailment,0,HARRISON,NJ,36,4,Dark,Cloudy,Yard,EMU,12,20000,64838,84838,T216,40.740943,-74.143085,37.1,36.7,15.7
PATH,I08162019,2019-08-16,4:00 PM,Other (describe in narrative),0,HARRISON,NJ,82,2,Day,Cloudy,Yard,EMU,3,150,21099,21249,H399,40.74,-74.15,76.1,75.1,79.3
ATK,139425,2015-09-04,5:50 AM,Derailment,0,HARRISON,NJ,72,1,Dawn,Clear,Yard,,0,0,0,13400,H704,40.742073,-74.139213,83.3,79.1,73.4
PATH,I03202201,2022-03-20,4:57 PM,Side collision,0,HARRISON,NJ,56,2,Day,Cloudy,Yard,EMU,2,13698,27013,395780,H205,40.741252,-74.141081,57.9,54.8,53
PATH,I090315,2015-09-03,4:03 PM,Derailment,0,HARRISON,NJ,74,2,Day,Clear,Yard,EMU,20,9916,10489,20405,H699,40.737532,-74.148869,80.2,83.3,79.1
NJTR,201509544,2015-09-04,5:50 AM,Derailment,0,HARRISON,NJ,72,1,Dawn,Clear,Yard,Yard/switching,10,13400,0,13400,H704,40.742073,-74.139213,83.3,79.1,73.4
PATH,I022616,2016-02-26,4:45 PM,Derailment,0,HARRISON,NJ,34,2,Day,Clear,Yard,EMU,2,15750,5000,20750,H599,40.737532,-74.148869,49.9,34.5,33.9
PATH,I11092018,2018-11-09,6:09 PM,Other impacts,0,HARRISON,NJ,50,3,Dusk,Rain,Yard,EMU,11,48657,0,48657,H307,40.7401,-74.1436,50.2,46,42.5
BNSF,PR0124107,2024-01-19,12:15 PM,Derailment,0,HARRISON,NE,13,2,Day,Clear,Main,Freight Train,45,8520,4989,13509,H019,42.898833,-103.574951,8,0.2,15.7
ATK,161721,2019-10-28,5:32 PM,Derailment,0,HARRISON,NJ,58,3,Dusk,Clear,Yard,Freight Train,0,0,71315,103623,T113,40.741613,-74.144958,61.3,59.5,57.3
NJTR,201908444,2019-08-03,9:05 PM,Other (describe in narrative),0,HARRISON,NJ,83,4,Dark,Clear,Yard,EMU,10,2149,0,13849,T404,40.741767,-74.140098,78.8,78.7,77.8
ATK,160469,2019-08-03,9:05 PM,Other (describe in narrative),0,HARRISON,NJ,80,4,Dark,Clear,Yard,Yard/switching,0,0,11700,13849,T404,40.741767,-74.140098,78.8,78.7,77.8
ATK,181731,2024-04-25,5:07 AM,Other (describe in narrative),0,HARRISON,NJ,40,4,Dark,Clear,Main,EMU,0,0,0,0,T404,40.742905,-74.135773,59.4,48.8,50.2
NJTR,201911598,2019-10-28,5:32 PM,Derailment,0,HARRISON,NJ,50,3,Dusk,Clear,Yard,Commuter Train - Pulling,7,26276,6032,103623,T113,40.741613,-74.144958,61.3,59.5,57.3
NS,129575,2018-05-23,7:25 AM,Derailment,0,HARRISONBURG,VA,75,1,Dawn,Clear,Main,Freight Train,1,610,12417,13027,T110,38.432025,-78.902797,68.7,72.2,66.9
NS,124986,2017-05-08,12:57 PM,Derailment,0,HARRISONBURG,VA,59,2,Day,Cloudy,Yard,Freight Train,10,311949,178599,490548,T110,38.440303,-78.878677,49.2,48.6,50
LSRC,D180424,2018-04-24,8:00 PM,Derailment,0,HARRISVILLE,MI,51,3,Dusk,Rain,Main,Freight Train,10,14065,1500,15565,T210,44.664302,-83.290007,41.7,46.9,41.3
UP,1019RM003,2019-10-03,11:15 AM,Derailment,0,HARRISVILLE,UT,48,2,Day,Clear,Industry,Light loco(s),8,18991,7740,26731,T110,41.29945,-112.005586,45.7,49.3,48.8
NS,142313,2021-07-22,5:05 PM,Derailment,0,HARRODSBURG,KY,75,3,Dusk,Clear,Main,Freight Train,2,253668,2984,256652,H505,37.746727,-84.82193,74.8,72.9,72.1
NS,121765,2016-08-20,1:00 PM,Hwy-rail crossing,0,HARRODSBURG,KY,80,2,Day,Cloudy,Main,Freight Train,15,581,152448,153029,M303,37.770826,-84.857387,75.6,73.9,73.4
RCPE,RCP444520D,2020-06-05,5:50 PM,Derailment,0,HARROLD,SD,78,2,Day,Clear,Main,Freight Train,24,50000,80000,130000,T001,44.525099,-99.811371,68.5,67.4,69.3
ATK,181178,2024-07-12,4:30 AM,Derailment,0,HARTFORD,CT,76,4,Dark,Cloudy,Main,Spec. MoW Equip.,10,50000,0,50000,H599,41.79731,-72.660455,82.2,77.9,78.7
UP,0217SL002,2017-02-01,3:19 AM,Derailment,0,HARTFORD,IL,39,4,Dark,Cloudy,Main,Work train,30,59262,39162,98424,H019,38.818297,-90.088857,45.1,38.7,29.2
NECR,NEC397218A,2018-09-21,6:34 PM,Obstruction,0,HARTLAND,VT,63,2,Day,Clear,Main,,0,0,0,11437,M404,43.592525,-72.34745,59.6,62.1,60.1
CSX,000195785,2021-02-17,2:10 PM,Obstruction,0,HARTSELLE,AL,34,2,Day,Cloudy,Main,Freight Train,47,14621,0,14621,M404,34.495923,-86.959552,15.3,25,33.3
CSX,000145789,2015-05-05,7:32 AM,Derailment,0,HARTSELLE,AL,73,1,Dawn,Clear,Industry,Freight Train,5,56395,2500,58895,M501,34.331087,-86.899721,67.3,69.1,69.1
SCRF,SCR534620,2020-01-03,4:40 AM,Derailment,0,HARTSVILLE,SC,45,4,Dark,Cloudy,Main,Freight Train,8,23800,208426,232226,E64C,34.36845,-80.059716,46.1,62.7,60.3
BNSF,PR0120105,2020-01-07,3:48 AM,Derailment,0,HARTVILLE,WY,30,4,Dark,Clear,Main,Freight Train,25,2000,770621,772621,E6AC,42.318116,-104.833474,31,40.1,36.8
IC,986080,2019-01-30,7:30 PM,Derailment,0,HARVEY,IL,-18,4,Dark,Clear,Yard,Freight Train,4,2200,29198,1099964,H702,41.60655,-87.64457,3.2,-15.4,-9.6
IC,981661,2018-12-14,11:35 AM,Derailment,0,HARVEY,IL,38,2,Day,Cloudy,Yard,Freight Train,8,55000,29409,84409,H524,41.607619,-87.644115,34.2,39.2,38.4
NIRC,2019071228,2019-01-30,7:30 PM,Derailment,0,HARVEY,IL,-18,4,Dark,Clear,Yard,,0,0,1068566,1099964,H702,41.60655,-87.64457,3.2,-15.4,-9.6
CSX,000210882,2023-04-19,10:20 PM,Derailment,0,HARVEY,IL,56,4,Dark,Cloudy,Main,Freight Train,4,46782,615,47397,H502,41.630908,-87.670372,45.2,54.6,66.1
IC,897267,2016-08-09,10:20 AM,Derailment,0,HARVEY,IL,87,2,Day,Clear,Yard,Freight Train,3,15000,1860,16860,H601,41.597521,-87.646258,76.7,77,79.8
IC,902522,2016-10-01,9:40 PM,Side collision,0,HARVEY,IL,58,4,Dark,Cloudy,Yard,Freight Train,3,10600,500,36157,H503,41.577893,-87.65605,61.9,60,61.3
CPKC,1002077028,2024-04-08,3:38 AM,Derailment,0,HARVEY,ND,34,4,Dark,Cloudy,Yard,Freight Train,10,74508,1348,75856,E68C,47.771001,-99.931,38.3,41.1,46.8
IC,902522,2016-10-01,9:40 PM,Side collision,0,HARVEY,IL,58,4,Dark,Cloudy,Yard,Freight Train,4,25057,0,36157,H503,41.577893,-87.65605,61.9,60,61.3
IC,907013,2016-11-21,6:49 PM,Derailment,0,HARVEY,IL,28,4,Dark,Clear,Yard,Freight Train,6,11000,3668,14668,H704,41.577893,-87.655726,28.9,30.7,33.9
NOGC,OP12022016,2016-12-02,4:00 PM,Other impacts,0,HARVEY,LA,65,2,Day,Clear,Main,Freight Train,2,72899,0,72899,H021,29.908849,-90.079209,56.5,59.4,60.4
IC,1033843,2020-04-30,5:40 PM,Derailment,0,HARVEY,IL,52,2,Day,Cloudy,Yard,Freight Train,2,15680,5040,20720,H702,41.595153,-87.650853,52.1,44.6,52.2