reportingrailroadcode,accidentnumber,date,time,accidenttype,hazmatreleasedcars,station,stateabbr,temperature,visibility_code,visibility,weathercondition,tracktype,equipmenttype,trainspeed,equipmentdamagecost,trackdamagecost,totaldamagecost,primaryaccidentcausecode,latitude,longitude,prior_temp,actual_temp,following_temp
BNSF,CH0916115,2016-09-28,5:40 AM,Derailment,0,HARVEY,IA,54,1,Dawn,Cloudy,Main,Freight Train,10,34355,250,34605,T106,41.318086,-92.934449,61.9,56.5,60.2
NIRC,2019071297,2019-03-09,4:00 PM,Other (describe in narrative),0,HARVEY,IL,33,2,Day,Rain,Main,EMU,10,33791,1046,34837,T404,41.610308,-87.64805,30.4,36.5,35.7
UP,0519SX011,2019-05-16,9:30 PM,Derailment,0,HARWOOD,TX,77,4,Dark,Clear,Main,Freight Train,40,18905,5555,24460,E39C,29.68933,-97.394176,75.1,75.7,79.6
TXGN,TXGN190926,2019-09-26,11:05 AM,Derailment,0,HARWOOD,TX,90,2,Day,Clear,Yard,Freight Train,5,18000,2900,20900,E46C,29.610987,-97.464299,82.7,82.7,82.9
ATK,138095,2015-07-04,10:15 PM,Hwy-rail crossing,0,HARWOOD,TX,80,4,Dark,Clear,Main,Passenger Train - Pulling,74,27454,0,27454,M308,29.665719,-97.505224,82.4,82.3,82.6
UP,0715SA004,2015-07-04,10:14 PM,Hwy-rail crossing,0,HARWOOD,TX,80,4,Dark,Clear,Main,,0,0,0,27454,M308,29.665719,-97.505224,82.4,82.3,82.6
BNSF,RD0718109,2018-07-10,4:00 AM,Head on collision,0,HASLET,TX,76,1,Dawn,Cloudy,Yard,Freight Train,0,11000,0,160277,H302,32.989428,-97.353327,84.3,81.6,87.3
BNSF,RD0718109,2018-07-10,4:00 AM,Head on collision,0,HASLET,TX,76,1,Dawn,Cloudy,Yard,Yard/switching,0,18885,9700,160277,H302,32.989428,-97.353327,84.3,81.6,87.3
BNSF,RD0718109,2018-07-10,4:00 AM,Head on collision,0,HASLET,TX,76,1,Dawn,Cloudy,Yard,Yard/switching,8,120692,0,160277,H302,32.989428,-97.353327,84.3,81.6,87.3
IATX,IATX183,2018-07-10,4:00 AM,Other impacts,0,HASLET,TX,79,4,Dark,Clear,Yard,Yard/switching,8,60000,6000,66000,H307,32.989206,-97.353407,84.3,81.6,87.3
BNSF,RD1023127,2023-10-23,5:10 AM,Derailment,0,HASLET,TX,72,1,Dawn,Rain,Yard,Freight Train,10,224024,620104,844128,H307,32.980291,-97.353313,76.1,75.2,72.4
ATR,ATR151257,2015-09-21,5:30 AM,Side collision,0,HASLET,TX,67,4,Dark,Cloudy,Yard,Freight Train,7,45000,0,96000,H607,33.009828,-97.353229,75.8,78,81.1
BNSF,TX0615103,2015-06-09,5:00 PM,Other (describe in narrative),0,HASLET,TX,90,3,Dusk,Clear,Yard,Yard/switching,10,466408,6800,473208,E33C,32.973846,-97.348162,83.1,84.1,85.1
BNSF,TX0915101,2015-09-11,8:45 PM,Derailment,0,HASLET,TX,70,3,Dusk,Clear,Yard,Light loco(s),9,24000,500,24500,H307,32.989779,-97.354327,81.7,80.8,74.4
BNSF,TX0316105,2016-03-27,1:05 PM,Derailment,0,HASLET,TX,63,2,Day,Clear,Yard,Yard/switching,6,25500,87332,112832,T001,33.000494,-97.354394,61.9,56.2,52.7
BNSF,PR0419109,2019-04-12,2:25 AM,Derailment,0,HASTINGS,NE,25,4,Dark,Clear,Main,Freight Train,10,75945,2500,78445,T215,40.540069,-98.425013,31.9,33.1,38.3
BNSF,PR1117201,2017-11-09,7:00 PM,Hwy-rail crossing,0,HASTINGS,NE,22,3,Dusk,Cloudy,Industry,Yard/switching,4,15519,0,15519,M302,40.589716,-98.336272,35.4,28.9,29.7
BNSF,PR0723109,2023-07-27,1:00 AM,Other (describe in narrative),0,HASTINGS,NE,81,4,Dark,Clear,Yard,Yard/switching,4,21628,0,21628,H318,40.583604,-98.397575,87,87,85.3
BNSF,PR0224103,2024-02-05,9:42 PM,Other (describe in narrative),0,HASTINGS,NE,45,4,Dark,Clear,Main,Yard/switching,10,149913,0,149913,H302,40.587433,-98.301314,38,35.4,39.9
BNSF,PR0120102,2020-01-04,4:40 PM,Derailment,0,HASTINGS,NE,35,2,Day,Clear,Main,Freight Train,10,42671,5000,47671,E40C,40.612792,-98.332673,32,32,38.4
UP,1015NP041,2015-10-31,1:49 PM,Fire/violent rupture,0,HASTINGS,NE,55,2,Day,Clear,Main,Freight Train,49,12868,0,12868,E72L,40.605948,-98.392959,41,50.2,60
UP,0818NP001,2018-08-01,6:45 PM,Derailment,0,HASTINGS,NE,82,3,Dusk,Clear,Main,Freight Train,49,2542,246857,249399,E54C,40.605279,-98.391776,67.5,73.4,76.5
UP,0319GP047,2019-03-25,3:35 PM,Derailment,0,HASTINGS,NE,47,2,Day,Cloudy,Industry,Freight Train,4,23392,7384,30776,T099,40.571949,-98.309495,47.2,44.7,51.9
BNSF,PR0324108,2024-03-26,10:54 PM,Derailment,0,HASTINGS,NE,21,4,Dark,Clear,Industry,Freight Train,4,34491,3000,37491,T210,40.59298,-98.343781,28.3,23.3,31
BNSF,PR1121102,2021-11-02,1:22 AM,Derailment,0,HASTINGS,NE,45,4,Dark,Clear,Industry,Yard/switching,10,43172,5485,48657,T113,40.58637,-98.319731,35.5,37.9,40.4
BNSF,PR1221105,2021-12-21,8:25 PM,Derailment,0,HASTINGS,NE,28,3,Dusk,Clear,Yard,Cut of cars,0,18278,0,97900,T201,40.583336,-98.405,26.4,29.4,38.1
BNSF,PR1221105,2021-12-21,8:25 PM,Derailment,0,HASTINGS,NE,28,3,Dusk,Clear,Yard,Yard/switching,10,79322,300,97900,T201,40.583336,-98.405,26.4,29.4,38.1
SEPA,SEPA012523,2023-01-25,5:36 PM,Other (describe in narrative),0,HATBORO,PA,34,4,Dark,Clear,Main,EMU,0,0,36479,36479,T404,40.175532,-75.10281,38.3,38.1,44.5
SW,SWW071316D,2016-07-13,5:30 PM,Derailment,0,HATCH,NM,95,3,Dusk,Clear,Yard,Freight Train,3,3221,10931,14152,T110,32.6654,-107.1531,87.6,88.8,91.2
ATK,135994,2015-01-19,4:15 PM,Obstruction,0,HATFIELD,MA,30,4,Dark,Clear,Main,Passenger Train - Pulling,79,16017,0,16017,M404,42.411578,-72.621058,27.6,35.4,28.8
KCS,19082603,2019-08-26,9:34 AM,Obstruction,0,HATFIELD,AR,82,2,Day,Cloudy,Main,Spec. MoW Equip.,16,8500,0,18000,M401,34.529032,-94.353841,78.5,82.9,77.6
KCS,19082603,2019-08-26,9:34 AM,Obstruction,0,HATFIELD,AR,82,2,Day,Cloudy,Main,Spec. MoW Equip.,0,9500,0,18000,M401,34.529032,-94.353841,78.5,82.9,77.6
GRS,01192015M1,2015-01-19,4:15 PM,Obstruction,0,HATFIELD,MA,30,4,Dark,Clear,Main,,0,0,0,16017,M507,42.411578,-72.621058,27.6,35.4,28.8
PN,4121601,2016-04-12,3:35 PM,Derailment,0,HATFIELD,PA,56,2,Day,Clear,Siding,Yard/switching,8,7000,79000,86000,H521,40.288858,-75.298287,50,53,43.6
KCS,15120301,2015-12-03,2:43 PM,Hwy-rail crossing,0,HATFIELD,AR,65,2,Day,Clear,Main,Freight Train,37,23031,0,23031,M302,34.487751,-94.378036,41.4,42,39.9
KCS,15011201,2015-01-12,5:33 AM,Derailment,0,HATFIELD,AR,34,4,Dark,Rain,Main,Freight Train,28,11613,84000,95613,E67C,34.476939,-94.379548,35,40.1,35.7
IC,894841,2016-07-16,10:10 AM,Other impacts,0,HATTIESBURG,MS,98,2,Day,Cloudy,Yard,Yard/switching,5,54508,495,55003,H310,31.310078,-89.281675,75.3,80.2,78.8
NS,124854,2017-04-27,8:35 PM,Other impacts,0,HATTIESBURG,MS,72,4,Dark,Clear,Yard,Cut of cars,0,702,0,26908,H018,31.330837,-89.282983,70,69.6,76.9
NS,156490,2024-04-25,5:24 PM,Other (describe in narrative),0,HATTIESBURG,MS,70,3,Dusk,Clear,Siding,Freight Train,25,3200,284000,287200,E89C,31.330838,-89.282983,67.3,71.6,71.6
NS,156104,2024-03-15,7:30 AM,Derailment,0,HATTIESBURG,MS,70,1,Dawn,Cloudy,Yard,Freight Train,6,26200,8900,35100,H701,31.327431,-89.286273,68.4,69.9,64
NS,124854,2017-04-27,8:35 PM,Other impacts,0,HATTIESBURG,MS,72,4,Dark,Clear,Yard,Freight Train,4,26206,0,26908,H018,31.330837,-89.282983,70,69.6,76.9
KCS,19053004,2019-05-30,3:00 PM,Derailment,0,HATTON,AR,85,2,Day,Clear,Industry,Freight Train,1,12000,1100,13100,T110,34.344187,-94.360957,74.9,71.9,72
KO,180915,2018-09-15,3:00 PM,Hwy-rail crossing,0,HAVEN,KS,70,2,Day,Clear,Main,Freight Train,20,139206,60000,199206,M302,37.891982,-97.756425,77.3,76.6,77.3
ATK,169314,2021-12-27,12:44 PM,Hwy-rail crossing,0,HAVERHILL,MA,32,2,Day,Clear,Main,Passenger Train - Pulling,57,15000,0,18185,M308,42.803929,-71.110339,33.5,30.7,36.5
MBTA,YR2021104,2021-12-27,12:44 PM,Hwy-rail crossing,0,HAVERHILL,MA,32,2,Day,Clear,Main,,0,0,3185,18185,M308,42.803929,-71.110339,33.5,30.7,36.5
CSX,000210017,2023-02-23,9:20 AM,Hwy-rail crossing,0,HAVERSTRAW,NY,37,2,Day,Cloudy,Main,Freight Train,33,12128,8865,20993,M302,41.194906,-73.969189,35.9,37.5,37
CSX,000168222,2017-04-12,4:20 PM,Hwy-rail crossing,0,HAVERSTRAW,NY,70,2,Day,Clear,Main,Freight Train,30,1888,11995,13883,M399,41.194124,-73.967982,66.1,62.9,54.2
UP,0920HL012,2020-09-18,10:57 AM,Hwy-rail crossing,0,HAVILAND,KS,69,2,Day,Clear,Main,Freight Train,50,16594,598,17192,M302,37.613046,-99.141229,67.6,66,66.8
UP,1215KC009,2015-12-12,4:25 AM,Derailment,0,HAVILAND,KS,30,4,Dark,Clear,Industry,Freight Train,3,56463,32190,88653,T221,37.61523,-99.106106,50.4,37,34.2
UP,0716KC006,2016-07-06,2:29 PM,Hwy-rail crossing,0,HAVILAND,KS,100,2,Day,Clear,Main,Work train,47,25090,1000,26090,M302,37.613037,-99.14126,81.7,81.3,83.4
BNSF,MT1115104,2015-11-17,8:45 PM,Derailment,0,HAVRE,MT,30,4,Dark,Clear,Yard,Light loco(s),5,40000,0,40000,E64L,48.553841,-109.668618,34.6,43.6,30.3
BNSF,MT0719107,2019-07-18,2:10 PM,Other impacts,0,HAVRE,MT,78,2,Day,Clear,Yard,Freight Train,6,89983,0,89983,H310,48.557909,-109.701907,67.9,69.1,61.7
BNSF,MT0416106,2016-04-24,6:45 AM,Derailment,0,HAVRE,MT,31,4,Dark,Cloudy,Yard,Yard/switching,4,10042,5591,15633,E46C,48.553466,-109.666734,53.1,41.1,33.3
BNSF,MT0724107,2024-07-24,4:35 PM,Derailment,0,HAVRE,MT,110,2,Day,Clear,Yard,Yard/switching,10,9476,5242,14718,E46C,48.554274,-109.668646,83.1,83.5,85.1
BNSF,MT1022105,2022-10-26,12:53 AM,Derailment,0,HAVRE,MT,32,4,Dark,Clear,Yard,Freight Train,12,37748,5245,42993,H607,48.554531,-109.675559,40.8,37.2,42.6
BNSF,MT0123110,2023-01-31,6:10 AM,Derailment,0,HAVRE,MT,5,1,Dawn,Clear,Yard,Light loco(s),3,2500,19789,22289,M101,48.55337,-109.666329,9,17.5,20.1
BNSF,MT0218104,2018-02-09,9:15 AM,Derailment,0,HAVRE,MT,-12,2,Day,Clear,Yard,Light loco(s),3,12000,1000,13000,M101,48.553659,-109.670961,6,-11.7,-7.9
BNSF,MT0620101,2020-06-12,3:30 AM,Derailment,0,HAVRE,MT,55,4,Dark,Cloudy,Yard,Yard/switching,10,29389,1500,30889,H607,48.554295,-109.668817,65.4,75.6,74.2
BNSF,MT0918106,2018-09-14,9:45 PM,Derailment,0,HAVRE,MT,50,4,Dark,Clear,Yard,Light loco(s),2,11600,250,11850,H307,48.553003,-109.664904,49.7,51.9,56.9
BNSF,MT0819108,2019-08-25,3:00 AM,Derailment,0,HAVRE,MT,50,4,Dark,Clear,Yard,Freight Train,10,65500,0,65500,H303,48.555275,-109.683627,73.1,59.3,57.1
BNSF,MT0218106,2018-02-12,10:39 AM,Other impacts,0,HAVRE,MT,-17,2,Day,Clear,Yard,Yard/switching,6,22000,379040,401040,H703,48.554351,-109.669495,1.9,-21.7,11.8
BNSF,MT0123103,2023-01-07,2:30 AM,Derailment,0,HAVRE,MT,5,4,Dark,Clear,Yard,Light loco(s),4,500,15225,15725,M404,48.554746,-109.660545,14.4,20.9,13.1
BNSF,MT1219104,2019-12-15,2:00 AM,Derailment,0,HAVRE,MT,10,4,Dark,Clear,Main,Freight Train,10,20931,2000,22931,H702,48.555587,-109.687544,10.8,19.2,19
BNSF,MT0318103,2018-03-13,10:20 AM,Derailment,0,HAVRE,MT,10,2,Day,Cloudy,Yard,Light loco(s),8,14473,800,15273,T319,48.553965,-109.669397,8.3,9,10.6
BNSF,MT0323109,2023-03-31,5:11 PM,Derailment,0,HAVRE,MT,35,3,Dusk,Clear,Yard,Freight Train,10,142274,48000,190274,T110,48.554007,-109.669696,24,31,35.9
ATK,175619,2023-07-24,12:34 PM,Derailment,0,HAVRE,MT,101,2,Day,Clear,Main,Passenger Train - Pulling,55,18620,0,18620,T109,48.561931,-109.714085,80.4,81.8,82.8
BNSF,MT0723107,2023-07-24,12:34 PM,Derailment,0,HAVRE,MT,101,2,Day,Clear,Main,Freight Train,0,0,2504,2504,T109,48.561931,-109.714085,80.4,81.8,82.8
BNSF,MT0723101,2023-07-04,12:30 PM,Derailment,0,HAVRE,MT,68,2,Day,Clear,Yard,Yard/switching,4,810,12253,13063,T110,48.554079,-109.661934,64.8,60.6,63
BNSF,MT0723106,2023-07-21,4:45 PM,Derailment,0,HAVRE,MT,100,2,Day,Clear,Main,Freight Train,55,1074227,656276,1730503,T109,48.56023,-109.523773,72.3,77.6,83.3
ATK,169741,2022-02-09,4:07 AM,Obstruction,0,HAVRE DE GRACE,MD,22,4,Dark,Clear,Main,Spec. MoW Equip.,32,300000,0,1600000,H699,39.542716,-76.107698,34.6,33.9,40.2
NS,139828,2020-10-29,7:45 AM,Other (describe in narrative),0,HAVRE DE GRACE,MD,57,1,Dawn,Rain,Main,Freight Train,30,0,0,23500,M599,39.489404,-76.176794,61.9,55,46.8
ATK,151874,2018-02-06,5:50 AM,Other (describe in narrative),0,HAVRE DE GRACE,MD,30,1,Dawn,Cloudy,Main,Passenger Train - Pulling,124,128374,0,128374,E59C,39.549279,-76.091617,31.1,30.1,32.9
ATK,169741,2022-02-09,4:07 AM,Obstruction,0,HAVRE DE GRACE,MD,22,4,Dark,Clear,Main,Spec. MoW Equip.,0,1300000,0,1600000,H699,39.542716,-76.107698,34.6,33.9,40.2
DAIR,012017,2017-02-21,5:02 PM,Derailment,0,HAWARDEN,IA,70,2,Day,Clear,Main,Freight Train,11,60000,40000,100000,T109,43.170325,-96.466251,51.8,47.8,48.5
CSX,000207772,2022-10-12,9:20 AM,Hwy-rail crossing,0,HAWESVILLE,KY,64,2,Day,Rain,Main,Maint./inspect Car,20,24310,0,24310,H993,37.926659,-86.804523,63.2,65.4,55.2
UP,0420TO015,2020-04-12,6:33 PM,Obstruction,0,HAWKINS,TX,74,3,Dusk,Cloudy,Main,,0,0,300,32811,M404,32.644329,-95.404322,59.2,67.4,49
BNSF,TC0620107,2020-06-30,10:37 AM,Rear end collision,0,HAWLEY,MN,80,2,Day,Clear,Main,Spec. MoW Equip.,0,450000,0,680000,H402,46.90297,-96.216583,75.6,79.3,76.2
BNSF,TC0620107,2020-06-30,10:37 AM,Rear end collision,0,HAWLEY,MN,80,2,Day,Clear,Main,Spec. MoW Equip.,25,230000,0,680000,H402,46.90297,-96.216583,75.6,79.3,76.2
WC,1126344,2023-02-26,9:20 AM,Derailment,0,HAWTHORNE,WI,21,2,Day,Clear,Main,Freight Train,10,4509,400254,404763,E61C,46.53076,-91.88633,14.1,14.2,27.7
WC,1001699,2019-06-12,12:40 PM,Hwy-rail crossing,0,HAWTHORNE,WI,64,2,Day,Clear,Main,,0,0,0,56958,M303,46.589611,-91.907263,55.8,56.5,56.1
MNCW,2017021329,2017-02-13,11:58 AM,Obstruction,0,HAWTHORNE,NY,32,2,Day,Clear,Main,EMU,55,92500,24235,116735,M404,41.115045,-73.790368,31.7,33.7,30.3
NS,131862,2018-11-29,12:40 PM,Derailment,0,HAWTHORNE,NJ,45,2,Day,Clear,Main,Freight Train,4,1434,0,21478,T110,40.946133,-74.148999,38.4,40.9,38.6
NJTR,201812578,2018-11-29,12:40 PM,Derailment,0,HAWTHORNE,NJ,45,2,Day,Clear,Industry,Freight Train,3,0,20044,21478,T110,40.946133,-74.148999,38.4,40.9,38.6
NJTR,202401013,2023-12-07,12:38 AM,Derailment,0,HAWTHORNE,NJ,31,4,Dark,Clear,Yard,Work train,3,68557,0,68557,T113,40.940368,-74.154743,35.9,34.3,40.6
NS,120486,2016-05-13,3:30 PM,Derailment,0,HAYLOW,GA,90,2,Day,Clear,Siding,Freight Train,10,17266,21920,39186,T110,30.825446,-82.927506,78.5,78.1,74
NS,135782,2019-10-09,12:25 PM,Derailment,0,HAYNEVILLE,GA,86,2,Day,Clear,Main,Freight Train,42,4931037,1565739,6496776,H504,32.44831,-83.622571,74.4,72.1,70
UP,0719HL006,2019-07-14,4:50 PM,Derailment,0,HAYS,KS,91,2,Day,Clear,Main,Freight Train,8,183335,89011,272346,T311,38.868557,-99.324335,78.1,79.1,81.3
CSX,000208980,2022-12-21,9:11 PM,Fire/violent rupture,0,HAYSI,VA,25,4,Dark,Cloudy,Main,Freight Train,20,30237,0,30237,E74L,37.205886,-82.297492,37,38.2,40.2
BNSF,HL0824205,2024-08-20,3:41 PM,Hwy-rail crossing,0,HAYTI,MO,82,2,Day,Clear,Main,Freight Train,43,13000,0,13000,M302,36.227965,-89.754464,77.1,72.1,69.5
EIRR,211114001,2021-11-14,2:00 PM,Fire/violent rupture,0,HAZELTON,ID,65,2,Day,Clear,Main,Freight Train,25,95000,0,95000,M406,42.606815,-113.995163,50.6,51.9,53.9
EIRR,220325002,2022-03-25,2:50 AM,Derailment,0,HAZELTON,ID,44,4,Dark,Clear,Main,Freight Train,23,37000,342000,379000,E68C,42.599145,-114.028257,53.4,54.5,55
NS,152053,2023-01-18,3:45 AM,Derailment,0,HAZELTON,PA,41,4,Dark,Cloudy,Yard,,0,0,27769,37415,T221,40.931212,-76.002743,39.5,35.9,36.9
BNSF,KS0224106,2024-02-12,5:05 AM,Derailment,0,HAZELTON,KS,27,1,Dawn,Clear,Main,Freight Train,59,1431861,95839,1527700,T213,37.111583,-98.384485,36.3,39.2,44
EIRR,210127001,2021-01-27,1:00 AM,Derailment,0,HAZELTON,ID,31,4,Dark,Clear,Main,Freight Train,20,225000,100000,325000,T210,42.602801,-114.014438,25.6,33.2,40.5
NS,131858,2018-11-29,9:45 AM,Hwy-rail crossing,0,HAZLEHURST,GA,68,2,Day,Clear,Main,Freight Train,35,15881,10824,26705,M302,31.858014,-82.579335,41.2,47.3,56.5
NJTR,201708276,2017-07-22,12:36 PM,Hwy-rail crossing,0,HAZLET,NJ,94,2,Day,Clear,Main,Commuter Train - Pushing,25,18850,32799,51649,M308,40.414012,-74.180026,83,82,74.7
RBMN,R01182301,2023-01-18,3:45 AM,Derailment,0,HAZLETON,PA,41,4,Dark,Cloudy,Yard,Freight Train,10,9646,0,37415,T221,40.931212,-76.002743,36.6,40.9,35.9
NS,141012,2021-03-23,12:18 PM,Other (describe in narrative),0,HAZLETON,PA,58,2,Day,Clear,Yard,Freight Train,1,25880,851,26731,H702,40.952582,-75.968571,45.9,47.6,49.6
NS,129609,2018-05-25,4:00 PM,Derailment,0,HAZLETON,PA,80,3,Dusk,Clear,Main,Freight Train,2,12303,506,12809,T314,0,0,67.9,69.8,75.6
UP,0217SA020,2017-02-22,10:20 PM,Derailment,0,HEARNE,TX,65,4,Dark,Clear,Yard,Light loco(s),6,17475,5540,23015,E4TL,30.87348,-96.588248,61.2,61.2,68.2
UP,0819SX021,2019-08-18,5:45 AM,Derailment,0,HEARNE,TX,77,1,Dawn,Cloudy,Yard,Freight Train,2,15348,1405,16753,H306,30.88273,-96.595354,87.2,87.7,87.3
UP,0222SX024,2022-02-25,7:15 PM,Other impacts,0,HEARNE,TX,31,3,Dusk,Rain,Yard,Single Car,5,100,0,86801,H307,30.880781,-96.593751,31.6,33.7,38
UP,0422SX004,2022-04-10,5:12 PM,Derailment,0,HEARNE,TX,79,2,Day,Clear,Yard,Freight Train,3,143864,7295,151159,H303,30.803222,-96.609364,63.3,71.2,76.2
UP,0923SX004,2023-09-08,5:45 AM,Derailment,0,HEARNE,TX,78,1,Dawn,Clear,Main,Freight Train,3,12843,4530,17373,H702,30.840152,-96.64203,91.6,92.6,86.8
UP,0324SX010,2024-03-09,5:20 PM,Other impacts,0,HEARNE,TX,58,2,Day,Cloudy,Yard,Yard/switching,15,258391,517,262650,H702,30.778743,-96.600318,69.5,50.9,53.7
UP,0822SX023,2022-08-29,9:45 PM,Other impacts,0,HEARNE,TX,80,4,Dark,Cloudy,Yard,Freight Train,4,3230,1385,18347,H306,30.878938,-96.592267,85.9,82.5,76.6
UP,0222SX024,2022-02-25,7:15 PM,Other impacts,0,HEARNE,TX,31,3,Dusk,Rain,Yard,Yard/switching,8,43696,43005,86801,H307,30.880781,-96.593751,31.6,33.7,38
UP,0822SX023,2022-08-29,9:45 PM,Other impacts,0,HEARNE,TX,80,4,Dark,Cloudy,Yard,Cut of cars,2,13732,0,18347,H306,30.878938,-96.592267,85.9,82.5,76.6
UP,0324SX010,2024-03-09,5:20 PM,Other impacts,0,HEARNE,TX,58,2,Day,Cloudy,Yard,Cut of cars,0,3742,0,262650,H702,30.778743,-96.600318,69.5,50.9,53.7
UP,0922SX015,2022-09-17,12:20 AM,Derailment,0,HEARNE,TX,78,4,Dark,Cloudy,Yard,Freight Train,7,20130,352,20482,H503,30.757581,-96.588259,80.9,82.8,82.7
UP,0817SA020,2017-08-15,8:35 AM,Derailment,0,HEARNE,TX,81,2,Day,Clear,Main,Freight Train,5,10000,8521,18521,H702,30.883005,-96.595482,86.2,85.9,85.7
UP,1218SX025,2018-12-29,7:50 AM,Derailment,0,HEARNE,TX,47,1,Dawn,Cloudy,Yard,Yard/switching,9,59126,47267,106393,H303,30.867027,-96.583415,51.1,47.9,46.1
UP,0221SX010,2021-02-22,4:35 PM,Derailment,0,HEARNE,TX,71,2,Day,Clear,Yard,Freight Train,10,251408,167158,418566,T110,30.843119,-96.635273,57.6,55,59.5
UP,0217SA007,2017-02-03,8:55 PM,Derailment,0,HEARNE,TX,51,4,Dark,Clear,Main,Freight Train,19,667252,172036,1004206,T205,30.869683,-96.585433,53.7,47.5,49.5
UP,0217SA007,2017-02-03,8:55 PM,Derailment,0,HEARNE,TX,51,4,Dark,Clear,Main,Freight Train,1,164918,0,1004206,T205,30.869683,-96.585433,53.7,47.5,49.5
KCS,18122601,2018-12-26,11:40 AM,Derailment,0,HEAVENER,OK,60,2,Day,Cloudy,Yard,Freight Train,2,12916,26598,39514,H524,34.89027,-94.602642,50.7,57.5,52.7
KCS,16103101,2016-10-31,12:30 AM,Derailment,0,HEAVENER,OK,60,4,Dark,Clear,Yard,Light loco(s),7,500,12653,13153,H704,34.89395,-94.60174,71.4,68.8,73.3
KCS,20021801,2020-02-18,12:04 PM,Derailment,0,HEAVENER,OK,45,2,Day,Clear,Yard,Freight Train,8,3059,30134,33193,E40C,34.906207,-94.602644,60.5,50.3,44
KCS,16100901,2016-10-09,1:30 AM,Derailment,0,HEAVENER,OK,48,4,Dark,Clear,Yard,Yard/switching,4,16558,29270,45828,H307,34.908504,-94.603236,58.8,57.8,62.3
KCS,15010402,2015-01-04,1:45 PM,Other impacts,0,HEAVENER,OK,29,2,Day,Clear,Yard,Yard/switching,5,23127,0,23127,H018,34.889,-94.604,42.3,29.9,29.9
KCS,19051701,2019-05-17,5:20 AM,Derailment,0,HEAVENER,OK,72,4,Dark,Clear,Yard,Freight Train,4,20015,86011,109058,H306,34.898903,-94.601402,73.4,73.4,70.5
KCS,20021402,2020-02-14,4:45 PM,Derailment,0,HEAVENER,OK,48,2,Day,Clear,Main,Freight Train,8,4399,15937,20336,H306,34.888449,-94.602991,34.5,34.2,41.4
KCS,19092901,2019-09-29,1:37 AM,Derailment,0,HEAVENER,OK,72,4,Dark,Clear,Yard,Freight Train,10,8344,13897,22241,H519,34.886959,-94.603338,79.4,80.3,78
KCS,19051701,2019-05-17,5:20 AM,Derailment,0,HEAVENER,OK,72,4,Dark,Clear,Yard,Cut of cars,0,3032,0,109058,H306,34.898903,-94.601402,73.4,73.4,70.5
KCS,15080804,2015-08-08,1:45 PM,Derailment,0,HEAVENER,OK,102,2,Day,Clear,Yard,Yard/switching,4,12387,29670,42057,H318,34.891351,-94.602408,88.7,88,88.2
KCS,20011404,2020-01-14,11:50 AM,Hwy-rail crossing,0,HEBBRONVILLE,TX,86,2,Day,Clear,Main,Freight Train,32,400,21214,21614,M399,27.305968,-98.678535,62.5,73.1,74
BNSF,RD0318127,2018-03-29,6:15 AM,Derailment,0,HEBRON,TX,65,1,Dawn,Clear,Main,Passenger Train - Pulling,22,343898,926253,1270151,T002,33.079546,-96.855503,60.4,61.8,59.4
NS,152505,2023-03-09,6:26 AM,Derailment,0,HEFLIN,AL,59,1,Dawn,Cloudy,Main,Freight Train,24,1938654,642712,2581366,E39L,33.662926,-85.647589,60.8,54.5,55.5
NS,142805,2021-09-09,2:15 PM,Derailment,0,HEFLIN,AL,72,2,Day,Clear,Main,Freight Train,44,12166,663,12829,E35C,33.658408,-85.707622,76.6,73.7,68.1
BNSF,RD0917118,2017-09-22,11:25 AM,Rear end collision,0,HEIDENHEIMER,TX,91,2,Day,Clear,Main,Freight Train,0,13000,0,179319,H605,30.986681,-97.273469,82.7,80.6,79.9
BNSF,RD0917118,2017-09-22,11:25 AM,Rear end collision,0,HEIDENHEIMER,TX,91,2,Day,Clear,Main,Freight Train,14,143819,22500,179319,H605,30.986681,-97.273469,82.7,80.6,79.9
BNSF,RD0920106,2020-09-06,12:37 AM,Derailment,0,HEIDENHEIMER,TX,73,4,Dark,Clear,Main,Freight Train,40,2731712,475000,3206712,T001,31.003134,-97.290319,77.3,80.5,83.4
BNSF,TC0515101,2015-05-06,7:30 AM,Derailment,5,HEIMDAL,ND,40,1,Dawn,Cloudy,Main,Freight Train,24,476670,2993814,3470484,E61C,47.793096,-99.642249,63.3,59.3,49.4
AKMD,AKM606023G,2023-11-14,1:17 PM,Hwy-rail crossing,0,HELENA,AR,65,2,Day,Clear,Industry,Freight Train,10,20000,0,20000,M302,34.55457,-90.7057,55.1,57.9,58.1
MRL,2020069,2020-07-20,5:18 AM,Derailment,0,HELENA,MT,70,1,Dawn,Clear,Main,Freight Train,13,149000,500,149500,E79L,46.647118,-112.301822,71.5,71.2,74.4
MRL,2018026,2018-02-20,1:15 AM,Derailment,0,HELENA,MT,-17,4,Dark,Clear,Main,Freight Train,8,16800,0,16800,M101,46.646,-112.302,-0.2,-4,1.7
MRL,2017005,2017-01-07,10:20 PM,Rear end collision,0,HELENA,MT,18,4,Dark,Snow,Yard,Light loco(s),1,11800,0,15800,H307,46.599826,-112.010384,0.8,-1.1,10
MRL,2017005,2017-01-07,10:20 PM,Rear end collision,0,HELENA,MT,18,4,Dark,Snow,Yard,Light loco(s),10,4000,0,15800,H307,46.599826,-112.010384,0.8,-1.1,10