reportingrailroadcode,accidentnumber,date,time,accidenttype,hazmatreleasedcars,station,stateabbr,temperature,visibility_code,visibility,weathercondition,tracktype,equipmenttype,trainspeed,equipmentdamagecost,trackdamagecost,totaldamagecost,primaryaccidentcausecode,latitude,longitude,prior_temp,actual_temp,following_temp
MRL,2016015,2016-02-04,7:00 PM,Derailment,0,HELENA,MT,37,4,Dark,Cloudy,Main,Freight Train,17,125000,300000,425000,H520,46.61936,-112.075514,23.2,30.4,36.3
MRL,2020023,2020-03-14,12:30 AM,Derailment,0,HELENA,MT,-2,4,Dark,Snow,Main,Freight Train,14,4000,76250,80250,E60C,46.657184,-112.276436,22.9,4.9,4.8
MRL,2019107,2019-09-22,12:50 PM,Derailment,0,HELENA,MT,75,2,Day,Clear,Main,Freight Train,13,18000,0,18000,E35C,46.655746,-112.275465,55.6,62.3,60.3
MRL,2019118,2019-10-16,3:50 AM,Derailment,0,HELENA,MT,35,4,Dark,Clear,Yard,Freight Train,8,200000,23500,223500,H306,46.599682,-112.006761,41.7,49.2,49.6
NS,152740,2023-04-05,4:25 PM,Derailment,0,HELENA,AL,75,3,Dusk,Clear,Main,Freight Train,16,20000,700,20700,E21C,33.286015,-86.930294,74.4,75.2,70.5
CSX,000181241,2019-02-07,2:16 PM,Hwy-rail crossing,0,HELENA,AL,74,2,Day,Clear,Main,Freight Train,36,22528,80,22608,M303,33.27467,-86.812955,68,68.7,45.6
NS,137420,2020-03-07,9:10 AM,Derailment,0,HELENA,AL,40,2,Day,Clear,Main,Freight Train,12,179779,12889,192668,H506,33.278826,-86.931396,49.8,46.9,53.2
AGR,AKM695920,2020-11-25,9:40 AM,Derailment,0,HELENA,AR,50,2,Day,Clear,Yard,Freight Train,4,600,11411,12011,T319,34.52127,-90.590241,51,59.2,46.9
UP,0317UT019,2017-03-08,12:00 PM,Other (describe in narrative),0,HELPER,UT,48,2,Day,Cloudy,Yard,Single Car,0,38040,0,38040,M507,39.675838,-110.85817,31.9,39.6,45.4
UP,1123RM008,2023-11-06,2:00 PM,Derailment,0,HELPER,UT,56,2,Day,Clear,Yard,Work train,7,27896,382909,410805,M501,39.68097,-110.853068,47,49,48.6
UP,0918UT022,2018-09-22,12:48 AM,Derailment,0,HELPER,UT,34,4,Dark,Clear,Main,Freight Train,14,363916,171390,535306,E7AL,39.784927,-111.118272,61.9,64.6,67
UP,0118UT024,2018-01-10,9:11 PM,Derailment,0,HELPER,UT,19,4,Dark,Clear,Main,Freight Train,3,184862,72610,257472,M101,39.717704,-111.160401,31.9,34,33.6
UP,0419RM030,2019-04-20,6:59 PM,Derailment,0,HELPER,UT,55,3,Dusk,Cloudy,Industry,Freight Train,10,286840,35450,322290,T202,39.697279,-111.156139,56.7,56.8,51.5
UP,0615UT010,2015-06-29,2:40 PM,Derailment,0,HELPER,UT,90,2,Day,Cloudy,Yard,Freight Train,1,18597,500,19097,T199,39.678815,-110.856022,82.2,83.8,81.9
UP,0315UT007,2015-03-06,2:57 PM,Derailment,0,HELPER,UT,50,2,Day,Clear,Yard,Freight Train,8,114457,139412,253869,T110,39.687179,-110.853609,29.7,35,41.2
UP,0222RM011,2022-02-12,1:02 PM,Derailment,0,HELPER,UT,27,2,Day,Clear,Main,Freight Train,14,147673,73173,220846,T207,39.782585,-111.101557,44.9,33.6,33.7
UP,0621RM031,2021-06-22,12:55 PM,Derailment,0,HELPER,UT,87,2,Day,Clear,Yard,Freight Train,8,358314,42956,401270,T110,39.682657,-110.851923,79.3,80.9,75.7
IC,1017273,2019-10-28,4:50 PM,Derailment,0,HELVETIA,LA,74,2,Day,Clear,Industry,Yard/switching,0,0,38632,38632,H303,30.074739,-90.871616,61.4,64.8,68
BNSF,PR0115117,2015-01-26,10:46 PM,Derailment,0,HEMINGFORD,NE,33,4,Dark,Clear,Main,Freight Train,18,8000,383414,391414,E61C,42.404605,-103.216319,38.9,44.3,44.2
UP,0523GP039,2023-05-27,6:51 AM,Derailment,0,HENDERSON,CO,51,1,Dawn,Clear,Yard,Freight Train,8,318,18110,18428,H607,39.87316,-104.888552,58.4,61.3,61.8
BNSF,CH0817113,2017-08-17,9:25 AM,Derailment,0,HENDERSON,IL,74,2,Day,Cloudy,Main,Freight Train,23,10530,106804,117334,M204,41.019507,-90.353714,74.8,73.8,71
UP,0919RM008,2019-09-07,5:11 AM,Fire/violent rupture,0,HENEFER,UT,52,1,Dawn,Clear,Main,Freight Train,0,27334,0,27334,E99L,41.135572,-111.165373,73.2,71.8,67.8
UP,1119RM016,2019-11-22,8:25 AM,Derailment,0,HENEFER,UT,21,2,Day,Fog,Main,Freight Train,1,29283,33,29316,H503,41.141755,-111.161528,39.7,36.5,35.8
UP,0619RM038,2019-06-30,7:10 PM,Derailment,0,HENEFER,UT,66,3,Dusk,Cloudy,Siding,Freight Train,24,2580,518032,520612,T001,41.194249,-111.118051,75.9,77.9,75.9
CSX,000177861,2018-07-29,2:40 AM,Derailment,0,HENRICO,VA,70,4,Dark,Clear,Yard,Yard/switching,5,172509,42885,215394,H702,37.599467,-77.487802,78,76.9,73.8
CSX,000198583,2021-06-30,3:16 PM,Derailment,0,HENRICO,VA,95,2,Day,Clear,Yard,Yard/switching,6,24624,9719,34343,E34C,37.514813,-77.413709,82.3,84.2,80.9
IAIS,2017013,2017-04-10,5:25 PM,Derailment,0,HENRY,IL,68,2,Day,Cloudy,Industry,Yard/switching,8,24088,6020,30108,T110,41.126363,-89.349785,65.5,65.7,49.5
BNSF,RD0723120,2023-07-23,1:48 AM,Derailment,0,HENRYETTA,OK,85,4,Dark,Clear,Siding,Freight Train,4,22203,19802,42005,H306,35.449065,-95.975913,76.2,78.5,81.8
BNSF,RD0422111,2022-04-15,2:49 PM,Derailment,0,HENRYETTA,OK,76,2,Day,Clear,Siding,Freight Train,8,17000,3500,20500,H503,35.440639,-95.981815,52.6,66.7,55.9
BNSF,RD0117106,2017-01-11,3:00 PM,Derailment,0,HENRYETTA,OK,60,2,Day,Clear,Industry,Freight Train,4,27285,350,27635,T206,35.444537,-95.97494,58.6,60.4,41.7
LIRC,0628201701,2017-06-28,1:30 PM,Hwy-rail crossing,0,HENRYVILLE,IN,80,2,Day,Clear,Main,,0,0,50000,53193,M308,38.541521,-85.765379,69.2,72.2,79.1
LIRC,LIRC00057F,2023-09-12,6:35 AM,Hwy-rail crossing,0,HENRYVILLE,IN,60,1,Dawn,Rain,Main,,0,0,72445,72445,M303,38.54151,-85.76536,72.1,70.2,67.2
CSX,000213421,2023-09-12,6:35 AM,Hwy-rail crossing,0,HENRYVILLE,IN,60,1,Dawn,Rain,Main,Freight Train,30,0,0,72445,M303,38.54151,-85.76536,72.1,70.2,67.2
CSX,000169927,2017-06-28,1:30 PM,Hwy-rail crossing,0,HENRYVILLE,IN,80,2,Day,Clear,Main,Freight Train,44,3193,0,53193,M302,38.541521,-85.765379,69.2,72.2,79.1
LIRC,0311201701,2017-03-11,1:40 PM,Derailment,0,HENRYVILLE,IN,36,2,Day,Clear,Main,,0,0,6200,54027,E52C,38.50873,-85.765163,44.6,34.6,34.5
UP,0515SL009,2015-05-21,3:40 PM,Derailment,0,HERCULANEUM,MO,65,2,Day,Clear,Industry,Freight Train,4,3943,11410,15353,T314,38.259675,-90.375575,51.6,54.4,62.9
BNSF,KS1215102,2015-12-13,6:00 PM,Other impacts,0,HEREFORD,TX,32,3,Dusk,Snow,Yard,Yard/switching,5,16779,0,16779,H318,34.826441,-102.373576,45.3,34.5,42.8
BNSF,KS0519202,2019-05-09,12:55 PM,Hwy-rail crossing,0,HEREFORD,TX,54,2,Day,Cloudy,Main,Freight Train,63,7000,16000,23000,M308,34.828009,-102.370321,61.8,47.2,44
BNSF,KS0218104,2018-02-15,11:50 AM,Other impacts,0,HEREFORD,TX,50,2,Day,Clear,Yard,Yard/switching,5,14965,0,14965,H318,34.821885,-102.382869,58.4,59.3,40.5
BNSF,KS1123103,2023-11-07,5:40 PM,Derailment,0,HEREFORD,TX,65,3,Dusk,Clear,Industry,Yard/switching,4,223,13664,13887,H312,34.823605,-102.370694,65.9,68.3,63
BNSF,KS0822111,2022-08-17,4:50 AM,Derailment,0,HEREFORD,TX,69,1,Dawn,Clear,Main,Freight Train,67,1801552,526928,2328480,T214,34.867194,-102.28828,80.3,77,72.8
BNSF,KS0724110,2024-07-25,4:15 AM,Derailment,0,HEREFORD,TX,66,1,Dawn,Clear,Industry,Freight Train,2,225470,261537,487007,H307,34.844017,-102.315719,77.8,80.8,82.3
BNSF,KS0123203,2023-01-23,5:20 PM,Hwy-rail crossing,0,HEREFORD,TX,38,3,Dusk,Cloudy,Main,Freight Train,50,2000,250000,252000,M302,34.835782,-102.354043,33.3,34.9,31.3
BNSF,KS0822205,2022-08-30,10:46 AM,Hwy-rail crossing,0,HEREFORD,TX,73,2,Day,Clear,Main,Freight Train,65,9039,25000,34039,M302,34.835782,-102.354043,74.2,73.6,73.4
BNSF,KS0922110,2022-09-26,7:40 AM,Derailment,0,HEREFORD,TX,75,1,Dawn,Clear,Industry,Freight Train,5,193334,75000,268334,T111,34.830801,-102.36265,71,67.2,74.1
UP,0320HL030,2020-03-25,2:40 AM,Other impacts,0,HERINGTON,KS,48,4,Dark,Clear,Yard,Yard/switching,4,6390,165,21866,H312,38.684821,-96.949255,50.9,60.5,53.8
UP,0320HL030,2020-03-25,2:40 AM,Other impacts,0,HERINGTON,KS,48,4,Dark,Clear,Yard,Single Car,2,15311,0,21866,H312,38.684821,-96.949255,50.9,60.5,53.8
UP,1021HL024,2021-10-22,7:05 AM,Derailment,0,HERINGTON,KS,39,1,Dawn,Clear,Main,Freight Train,14,226525,23277,249802,T220,38.682006,-96.949161,48.3,55.1,56.9
UP,1218HL003,2018-12-04,9:25 AM,Derailment,0,HERINGTON,KS,23,2,Day,Cloudy,Yard,Freight Train,10,107120,133609,240729,T213,38.692991,-96.950097,27.7,27.3,34.1
UP,0721HL009,2021-07-14,9:50 AM,Derailment,0,HERINGTON,KS,77,2,Day,Cloudy,Yard,Yard/switching,1,26676,920,27596,E21C,38.679227,-96.949085,79.1,85,73.9
UP,0323HL024,2023-03-21,9:59 AM,Other impacts,0,HERINGTON,KS,42,2,Day,Cloudy,Yard,Yard/switching,4,1042,250,27232,H312,38.682018,-96.948895,49.2,47.6,50.6
UP,0115KC005,2015-01-20,2:31 PM,Derailment,0,HERINGTON,KS,50,2,Day,Clear,Yard,Yard/switching,6,28340,3220,31560,E23C,38.692268,-96.950414,39.9,38.8,34.9
UP,0323HL024,2023-03-21,9:59 AM,Other impacts,0,HERINGTON,KS,42,2,Day,Cloudy,Yard,Cut of cars,0,25940,0,27232,H312,38.682018,-96.948895,49.2,47.6,50.6
UP,0822HL006,2022-08-08,10:26 AM,Other impacts,0,HERINGTON,KS,71,2,Day,Clear,Yard,Single Car,5,256,0,34915,H318,38.679221,-96.948992,90.1,75.1,74
UP,0822HL006,2022-08-08,10:26 AM,Other impacts,0,HERINGTON,KS,71,2,Day,Clear,Yard,Yard/switching,4,34659,0,34915,H318,38.679221,-96.948992,90.1,75.1,74
UP,1023HL004,2023-10-05,6:41 AM,Derailment,0,HERINGTON,KS,49,1,Dawn,Clear,Main,Freight Train,6,96391,137584,233975,H519,38.695353,-96.949428,64.4,62.3,51.4
UP,1221HL004,2021-12-04,8:49 PM,Derailment,0,HERINGTON,KS,41,4,Dark,Clear,Yard,Yard/switching,2,10700,821,15279,E0HC,38.690777,-96.950069,49.9,43,51.2
UP,0721HL004,2021-07-04,1:34 AM,Other (describe in narrative),0,HERINGTON,KS,67,4,Dark,Cloudy,Yard,Single Car,0,12390,0,12390,M501,38.664029,-96.949972,76.4,78,78.7
UP,0617KC003,2017-06-07,2:16 AM,Derailment,0,HERINGTON,KS,63,4,Dark,Clear,Main,Freight Train,8,5886,6319,12205,H702,38.674335,-96.949475,74.8,72,71.6
UP,0123HL010,2023-01-12,11:00 PM,Derailment,0,HERINGTON,KS,26,4,Dark,Clear,Main,Yard/switching,10,13911,3305,17216,H607,38.673381,-96.949505,36.4,29.4,25.5
UP,0419HL029,2019-04-20,1:42 AM,Derailment,0,HERINGTON,KS,46,4,Dark,Clear,Main,Yard/switching,6,7653,3421,11074,H310,38.694903,-96.949563,53.4,61.5,73.2
UP,0118KC028,2018-01-22,10:17 PM,Derailment,0,HERINGTON,KS,26,4,Dark,Clear,Yard,Yard/switching,6,26431,26854,53285,T319,38.684749,-96.949666,46.8,34.5,30.3
UP,0916KC002,2016-09-09,1:45 PM,Derailment,0,HERINGTON,KS,85,2,Day,Cloudy,Yard,Freight Train,7,90260,41558,131818,T002,38.671158,-96.949699,77.4,75.5,66.2
UP,0921HL021,2021-09-26,10:00 AM,Derailment,0,HERINGTON,KS,73,2,Day,Clear,Yard,Freight Train,10,315675,474383,790058,T201,38.675747,-96.949457,63.1,78.6,79.5
UP,0817SL021,2017-08-15,1:27 PM,Rear end collision,0,HERMANN,MO,72,2,Day,Cloudy,Main,Freight Train,29,672085,78460,965508,H605,38.675777,-91.631411,71.5,75.7,75
UP,0719PN008,2019-07-11,12:56 AM,Other impacts,0,HERMISTON,OR,76,4,Dark,Cloudy,Yard,Single Car,0,46522,798,47479,H312,45.797603,-119.299522,77.3,78.1,77.9
UP,0718PD034,2018-07-18,12:00 PM,Other impacts,0,HERMISTON,OR,70,2,Day,Clear,Yard,Single Car,0,11769,0,11769,M411,45.798089,-119.320876,89.5,85,80.5
UP,0320PN017,2020-03-22,5:49 PM,Other impacts,0,HERMISTON,OR,64,2,Day,Clear,Yard,Yard/switching,2,37723,0,37823,H305,45.795518,-119.257261,48.7,48.3,49.9
UP,0117PD028,2017-01-19,10:45 PM,Derailment,0,HERMISTON,OR,22,4,Dark,Fog,Yard,Freight Train,7,500880,264,501144,H514,45.794752,-119.30207,28.2,33.6,32.6
UP,0720PN017,2020-07-22,11:14 AM,Derailment,0,HERMISTON,OR,81,2,Day,Clear,Yard,Yard/switching,10,87561,39050,126611,E64C,45.797731,-119.284512,84.8,84.4,79.1
UP,0320PN017,2020-03-22,5:49 PM,Other impacts,0,HERMISTON,OR,64,2,Day,Clear,Yard,Single Car,1,100,0,37823,H305,45.795518,-119.257261,48.7,48.3,49.9
UP,0421PN029,2021-04-21,10:47 PM,Other impacts,0,HERMISTON,OR,61,4,Dark,Clear,Yard,Yard/switching,4,29500,0,46563,H318,45.796329,-119.268716,49.6,52.8,61
UP,0719PN008,2019-07-11,12:56 AM,Other impacts,0,HERMISTON,OR,76,4,Dark,Cloudy,Yard,Yard/switching,0,159,0,47479,H312,45.797603,-119.299522,77.3,78.1,77.9
UP,0919PN034,2019-09-27,4:49 PM,Derailment,0,HERMISTON,OR,69,2,Day,Clear,Yard,Freight Train,2,14224,5850,20074,H303,45.794866,-119.291125,66.1,59.7,50.5
UP,0421PN029,2021-04-21,10:47 PM,Other impacts,0,HERMISTON,OR,61,4,Dark,Clear,Yard,Yard/switching,4,16598,465,46563,H318,45.796329,-119.268716,49.6,52.8,61
UP,1216PD009,2016-12-21,5:00 AM,Derailment,0,HERMISTON,OR,19,4,Dark,Clear,Main,Freight Train,20,18644,300,18944,H503,45.815102,-119.293962,40.4,30.6,24.3
UP,0615PD021,2015-06-27,3:00 PM,Derailment,0,HERMISTON,OR,111,2,Day,Clear,Yard,Light loco(s),2,54167,0,54167,H303,45.79497,-119.294433,83.2,89.3,88.9
UP,1116PD016,2016-11-30,5:06 AM,Fire/violent rupture,0,HERMISTON,OR,36,4,Dark,Cloudy,Main,Freight Train,20,26987,0,26987,E73L,45.878825,-119.165568,42.5,43.9,42.6
UP,0515PD013,2015-05-28,12:36 AM,Derailment,0,HERMISTON,OR,54,4,Dark,Clear,Yard,Yard/switching,3,1129,221500,222629,M404,45.793934,-119.271697,66.7,71.2,73.5
UP,0420PN005,2020-04-09,2:40 PM,Other impacts,0,HERMISTON,OR,73,2,Day,Clear,Yard,Yard/switching,9,4653,44701,95810,H601,45.796259,-119.268305,52.2,53.9,58.9
UP,0116PD004,2016-01-12,7:40 AM,Derailment,0,HERMISTON,OR,37,2,Day,Cloudy,Main,Spec. MoW Equip.,15,250000,0,250000,M404,45.834816,-119.256123,30.8,32.2,36.8
UP,0420PN005,2020-04-09,2:40 PM,Other impacts,0,HERMISTON,OR,73,2,Day,Clear,Yard,Cut of cars,0,46456,0,95810,H601,45.796259,-119.268305,52.2,53.9,58.9
CMQX,12162014,2014-12-16,9:30 AM,Derailment,0,HERMON,ME,28,2,Day,Snow,Yard,Cut of cars,4,22745,24000,46745,H599,44.81007,-68.91337,29.4,32.2,36.9
CMQX,10312014,2014-10-31,4:00 PM,Derailment,0,HERMON,ME,50,3,Dusk,Clear,Yard,Cut of cars,4,2500,8899,11399,T314,44.81007,-68.91337,45.5,41.7,40.6
RCPE,RCP371617D,2017-07-22,5:30 PM,Derailment,0,HERMOSA,SD,95,2,Day,Clear,Main,Freight Train,23,587538,110000,697538,T109,43.9388,-103.155,77.3,76.2,74.8
MRL,2017104,2017-08-13,10:43 PM,Derailment,0,HERON,MT,60,4,Dark,Clear,Main,Freight Train,43,1456475,335000,1791475,T215,48.05,-115.891,72.1,60.7,59.2
UP,0416TC008,2016-04-28,2:30 AM,Derailment,0,HERON LAKE,MN,38,4,Dark,Rain,Industry,Freight Train,1,3587,30896,34483,H307,43.767632,-95.36438,41.3,38.9,43.4
UP,0818TC005,2018-08-07,6:30 AM,Derailment,0,HERON LAKE,MN,68,1,Dawn,Cloudy,Industry,Freight Train,6,106009,7816,113825,T206,43.769553,-95.361436,70.2,67.4,74.4
BNSF,CH1119106,2019-11-12,5:39 PM,Derailment,0,HERRIN,IL,10,3,Dusk,Clear,Industry,Light loco(s),3,25000,0,25000,T202,37.802619,-89.001348,35.4,15.9,23.8
NS,130588,2018-08-15,6:48 AM,Derailment,0,HERSHEY,PA,78,1,Dawn,Clear,Main,Freight Train,38,18810,0,18810,E27C,40.27857,-76.667453,73.6,78.9,78.5
BNSF,MT0323108,2023-03-29,8:01 AM,Derailment,0,HETTINGER,ND,6,1,Dawn,Clear,Yard,Cut of cars,0,27953,0,82001,M101,45.999266,-102.640162,20.7,20.5,26.2
BNSF,MT1117106,2017-11-22,5:37 AM,Derailment,0,HETTINGER,ND,40,1,Dawn,Clear,Yard,Freight Train,3,9267,5300,14567,H503,45.995026,-102.627258,14.1,40.3,50.2
BNSF,MT0323108,2023-03-29,8:01 AM,Derailment,0,HETTINGER,ND,6,1,Dawn,Clear,Yard,Freight Train,6,54048,0,82001,M101,45.999266,-102.640162,20.7,20.5,26.2
WC,1063157,2021-03-05,9:02 AM,Hwy-rail crossing,0,HEWITT,WI,40,2,Day,Clear,Main,Freight Train,40,21450,0,21450,M302,44.513145,-90.00431,29.1,32.5,31.5
UP,0719TO013,2019-07-10,6:03 PM,Derailment,0,HEWITT,TX,96,3,Dusk,Clear,Main,Freight Train,20,38616,0,38616,H518,31.466914,-97.196487,85.7,85.7,83.2
UP,0119TO001,2019-01-03,12:15 PM,Derailment,0,HEWITT,TX,35,2,Day,Cloudy,Industry,Yard/switching,10,21200,4410,25610,T106,31.502122,-97.197998,34.6,36.8,45.3
EIRR,230303004,2023-03-03,5:45 PM,Raking collision,0,HEYBURN,ID,36,2,Day,Clear,Main,Freight Train,10,63000,200000,263000,E20C,42.547977,-113.765754,28.3,28.7,25.6
EIRR,230315004,2023-03-15,3:00 AM,Raking collision,0,HEYBURN,ID,31,4,Dark,Clear,Main,Freight Train,10,65000,301449,366449,T101,42.547977,-113.765754,46.5,38.1,31.7
FEC,D47081323,2023-08-13,11:15 PM,Derailment,0,HIALEAH,FL,85,4,Dark,Clear,Yard,Yard/switching,3,7400,16000,23400,M411,25.816231,-80.308775,87,86.7,88.1
CSX,000204524,2022-04-25,10:21 PM,Derailment,0,HIALEAH,FL,86,4,Dark,Clear,Yard,Freight Train,8,8243,0,194710,H702,25.860399,-80.259409,78.4,78.6,78.3
CSX,000198852,2021-07-15,8:30 AM,Derailment,0,HIALEAH,FL,82,2,Day,Cloudy,Industry,Yard/switching,8,13147,0,33147,T212,25.816482,-80.258837,81.6,83.9,83.6
SFRV,09242021,2021-09-24,11:17 PM,Derailment,0,HIALEAH,FL,82,4,Dark,Cloudy,Yard,Commuter Train - Pulling,5,36146,0,36146,H303,25.513631,-80.153594,79.6,80.1,80.2
SFRV,03302019,2019-03-30,2:30 PM,Derailment,0,HIALEAH,FL,90,2,Day,Clear,Yard,Commuter Train - Pulling,5,34000,12316,46316,H702,26.511278,-80.153554,71.4,72.3,74.5
SFRV,08182019,2019-08-18,2:15 PM,Derailment,0,HIALEAH,FL,93,2,Day,Cloudy,Yard,,0,0,14550,15652,H702,25.860075,-80.260001,85,86.4,84.4
CSX,000184807,2019-08-18,2:15 PM,Derailment,0,HIALEAH,FL,93,2,Day,Cloudy,Yard,Yard/switching,3,1069,33,15652,H702,25.860075,-80.260001,85,86.4,84.4
FEC,D63120619,2019-12-06,4:00 PM,Derailment,0,HIALEAH,FL,78,2,Day,Clear,Yard,Yard/switching,4,4322,8464,12786,H702,25.819232,-80.308192,64.7,68.5,70.5
SFRV,04252022,2022-04-25,10:21 PM,Derailment,0,HIALEAH,FL,86,4,Dark,Clear,Yard,,0,0,186467,194710,H704,25.860399,-80.259409,78.4,78.6,78.3
FEC,D30062118,2018-06-21,6:00 AM,Obstruction,0,HIALEAH,FL,79,1,Dawn,Cloudy,Industry,Yard/switching,10,21699,0,21699,H307,25.841117,-80.255816,83.4,83.9,83.9
CSX,000209635,2023-02-03,1:30 AM,Side collision,0,HIALEAH,FL,80,4,Dark,Clear,Yard,Freight Train,5,6000,0,13000,H306,25.858094,-80.259987,75.9,76.1,69.9
SFRV,04112019,2019-04-11,4:33 AM,Other (describe in narrative),0,HIALEAH,FL,90,4,Dark,Clear,Yard,Commuter Train - Pulling,5,6000,7783,13783,H702,25.505882,-80.153485,76.5,76.4,78.6
SFRV,07152021,2021-07-15,8:30 AM,Derailment,0,HIALEAH,FL,82,2,Day,Cloudy,Industry,,0,0,20000,33147,T212,25.816482,-80.258837,81.6,83.9,83.6
SFRV,100916,2016-10-09,4:54 PM,Derailment,0,HIALEAH,FL,85,3,Dusk,Clear,Yard,,0,0,61268,124557,E49C,25.860076,-80.260002,84.4,82.8,79.5
SFRV,12302022,2022-12-30,7:55 PM,Derailment,0,HIALEAH,FL,72,4,Dark,Cloudy,Yard,Commuter Train - Pulling,3,23000,0,23000,H999,25.8272,-80.2815,74.2,76.2,75.8
CSX,000209635,2023-02-03,1:30 AM,Side collision,0,HIALEAH,FL,80,4,Dark,Clear,Yard,Freight Train,4,1400,0,13000,H306,25.858094,-80.259987,75.9,76.1,69.9
CSX,000163451,2016-10-09,4:54 PM,Derailment,0,HIALEAH,FL,85,3,Dusk,Clear,Yard,Yard/switching,7,2021,61268,124557,T311,25.860075,-80.260001,84.4,82.8,79.5
FEC,D60092323,2023-09-23,2:23 AM,Derailment,0,HIALEAH,FL,76,4,Dark,Clear,Yard,Yard/switching,5,11150,10315,21465,T110,25.83418,-80.30694,81.9,80.8,82.9
SFRV,121420201,2020-12-14,7:17 PM,Derailment,0,HIALEAH,FL,88,4,Dark,Cloudy,Yard,Freight Train,0,0,20311,20698,T101,25.860075,-80.260001,73.7,75,75.2
CSX,000194473,2020-12-14,7:17 PM,Derailment,0,HIALEAH,FL,88,4,Dark,Cloudy,Yard,Freight Train,3,290,97,20698,T101,25.860075,-80.260001,73.7,75,75.2
ATK,154172,2018-07-06,11:25 PM,Derailment,0,HIALEAH,FL,80,4,Dark,Cloudy,Yard,Yard/switching,5,13952,3298,17250,T314,25.857596,-80.278106,82.4,82.9,83.1
CSX,000183915,2019-06-29,11:10 AM,Derailment,0,HIALEAH,FL,87,2,Day,Clear,Yard,Freight Train,8,5618,0,19361,T202,25.860075,-80.260001,83.3,81.3,82.6
CSX,000189466,2020-04-02,3:49 AM,Derailment,0,HIALEAH,FL,85,4,Dark,Clear,Yard,Freight Train,2,30733,0,47879,T303,25.860075,-80.260001,78.3,74,76
SFRV,04022020,2020-04-02,3:49 AM,Derailment,0,HIALEAH,FL,85,4,Dark,Clear,Yard,Freight Train,0,0,17146,47879,T303,25.860075,-80.260001,78.3,74,76
UP,0623HL024,2023-06-28,12:15 AM,Derailment,0,HIAWATHA,KS,68,4,Dark,Cloudy,Main,Freight Train,40,202464,230894,433358,H513,39.880344,-95.564953,72.1,81.1,77.5
UP,0716KC011,2016-07-14,7:30 AM,Derailment,0,HIAWATHA,KS,85,2,Day,Clear,Industry,Single Car,5,139,11509,11648,M504,39.854856,-95.542451,77.7,74.6,70.3
BNSF,TC1221201,2021-12-06,11:28 AM,Hwy-rail crossing,0,HIBBING,MN,-5,2,Day,Clear,Main,Maint./inspect Car,27,90000,0,90000,M302,47.310255,-92.809631,22.2,-0.5,-5.2
BNSF,TC0717201,2017-07-06,1:05 PM,Hwy-rail crossing,0,HIBBING,MN,90,2,Day,Clear,Main,Freight Train,42,25000,0,25000,M302,47.29559,-92.779315,72.6,70.9,61
BNSF,TC1217100,2017-12-01,1:15 PM,Obstruction,0,HIBBING,MN,40,2,Day,Clear,Industry,Freight Train,1,11000,0,11000,M404,47.48045,-92.967995,32.4,29.2,27.7
BNSF,TC1020105,2020-10-15,3:49 PM,Derailment,0,HIBBING,MN,35,2,Day,Snow,Industry,Freight Train,1,500,17106,17606,H607,47.478892,-92.971367,37.4,33.4,28.4
BNSF,TC0717109,2017-07-29,3:15 PM,Derailment,0,HIBBING,MN,75,2,Day,Clear,Industry,Freight Train,1,45403,131928,177331,M101,47.483885,-92.965926,65.5,67.3,68.9
NS,139860,2020-11-30,8:10 AM,Other (describe in narrative),0,HICKORY,NC,48,2,Day,Clear,Yard,Freight Train,2,13826,100,13926,H702,35.729543,-81.281826,47.5,47.6,35.3
LI,73341,2020-10-19,10:15 PM,Other (describe in narrative),0,HICKSVILLE,NY,54,4,Dark,Clear,Siding,Light loco(s),8,0,44107,44107,H702,40.76372,-73.542808,53.2,57.2,62.5
LI,EQ20150903,2015-09-15,1:10 PM,Derailment,0,HICKSVILLE,NY,80,2,Day,Clear,Main,,0,0,200000,250000,M599,40.76068,-73.55553,66.9,70.3,73.5
NYA,091515,2015-09-15,1:10 PM,Derailment,0,HICKSVILLE,NY,80,2,Day,Clear,Main,Freight Train,13,50000,0,250000,M405,40.76068,-73.55553,66.9,70.3,73.5
UP,0418LK012,2018-04-06,9:30 AM,Fire/violent rupture,0,HIGGINSON,AR,45,2,Day,Rain,Main,Freight Train,20,88000,766,88766,E73L,34.651482,-92.234044,47.6,53.2,38.2
NS,155480,2024-01-20,10:30 PM,Derailment,0,HIGH POINT,NC,16,4,Dark,Clear,Yard,Freight Train,5,140000,0,140000,H303,35.949607,-80.016501,37.5,23.9,25
UP,0319GL002,2019-03-02,3:36 AM,Derailment,0,HIGHLAND PARK,IL,27,4,Dark,Cloudy,Main,Freight Train,36,26952,66230,93182,E53C,42.185724,-87.825662,27.8,29.1,18.5
RCPE,RCP789521D,2021-05-23,4:30 PM,Fire/violent rupture,0,HIGHMORE,SD,80,2,Day,Clear,Main,Freight Train,23,100000,0,100000,E73L,44.522139,-99.507397,57.8,65.7,66.6
NJTR,202110403,2021-09-17,10:45 PM,Derailment,0,HILLBURN,NY,70,4,Dark,Clear,Siding,Yard/switching,7,89382,0,89382,T113,41.119222,-74.159078,72.7,72,75.1