reportingrailroadcode,accidentnumber,date,time,accidenttype,hazmatreleasedcars,station,stateabbr,temperature,visibility_code,visibility,weathercondition,tracktype,equipmenttype,trainspeed,equipmentdamagecost,trackdamagecost,totaldamagecost,primaryaccidentcausecode,latitude,longitude,prior_temp,actual_temp,following_temp
CSX,000195190,2021-01-22,4:40 PM,Hwy-rail crossing,0,HILLIARD,FL,61,2,Day,Rain,Main,Freight Train,40,629,45807,46436,M308,30.730581,-81.950201,60.4,61.3,57.2
UP,0220TO026,2020-02-22,12:38 AM,Other (describe in narrative),0,HILLSBORO,TX,39,4,Dark,Clear,Main,Yard/switching,20,0,21500,21500,H301,32.027506,-97.129401,40,47.2,53.8
UP,0819TO029,2019-08-19,3:20 PM,Derailment,0,HILLSBORO,TX,98,2,Day,Clear,Main,Freight Train,48,1432314,162239,1594553,H504,32.05695,-97.126147,89.2,89.3,89.6
NS,126153,2017-08-10,1:55 AM,Derailment,0,HILLSBORO,AL,73,4,Dark,Clear,Siding,Freight Train,15,12947,6440,21703,T314,34.651097,-87.245837,75.5,78.8,76.8
NS,126153,2017-08-10,1:55 AM,Derailment,0,HILLSBORO,AL,73,4,Dark,Clear,Main,Freight Train,0,2316,0,21703,T314,34.651097,-87.245837,75.5,78.8,76.8
BNSF,TC0422105,2022-04-17,5:00 PM,Derailment,0,HILLSBORO,ND,30,3,Dusk,Cloudy,Industry,Freight Train,8,70854,9000,79854,T001,47.342184,-97.041122,21.4,25.5,26.3
CSX,000206581,2022-08-09,2:00 AM,Obstruction,0,HILLSDALE,IN,70,4,Dark,Rain,Main,Freight Train,60,31871,0,31871,M404,39.788546,-87.386057,81.1,71.1,70.7
UP,0621GP029,2021-06-21,2:45 AM,Derailment,0,HILLSDALE,WY,47,4,Dark,Clear,Main,Freight Train,18,837977,1012427,1850404,M404,41.214578,-104.502244,62.6,58.2,71
UP,1118NP029,2018-11-21,10:30 AM,Fire/violent rupture,0,HILLSDALE,WY,50,2,Day,Clear,Main,Freight Train,25,16377,0,16377,E73L,41.21635,-104.551915,34,38.3,40.6
UP,0518NP043,2018-05-31,5:25 PM,Fire/violent rupture,0,HILLSDALE,WY,75,2,Day,Clear,Main,Freight Train,48,14674,0,14674,E74L,41.214725,-104.507192,59.8,65.9,65.1
BNSF,HL1116109,2016-11-21,7:15 AM,Derailment,0,HILLSDALE,KS,35,1,Dawn,Clear,Main,Freight Train,40,36217,0,36217,E21C,38.71543,-94.815668,37.6,43.1,51.9
CSX,000187836,2019-04-25,12:45 AM,Fire/violent rupture,0,HILLSDALE,IN,51,4,Dark,Cloudy,Main,Freight Train,50,28000,0,28000,E74L,39.857846,-87.383354,53.2,57.5,56.9
CSX,000210171,2023-03-03,6:30 PM,Other (describe in narrative),0,HILLSDALE,IN,45,3,Dusk,Rain,Main,Freight Train,0,26000,0,26000,M199,39.80953,-87.387768,43.5,39.7,40.4
BNSF,SW0720111,2020-07-25,5:19 PM,Derailment,0,HILLSIDE,AZ,83,3,Dusk,Clear,Main,Freight Train,29,1689714,210000,1899714,H519,34.416731,-112.832483,67.1,71.4,76.8
CSX,000158557,2016-03-29,8:36 AM,Hwy-rail crossing,0,HILLVIEW,KY,48,2,Day,Clear,Main,Freight Train,47,1460,10000,11460,M303,38.039466,-85.709593,51.6,50.4,60.1
FGLK,07252022,2022-07-25,7:57 AM,Derailment,0,HIMROD,NY,70,1,Dawn,Cloudy,Yard,Yard/switching,10,160000,33394,193394,H607,42.57997,-76.958068,77.2,73.5,66.5
BNSF,TC1017120,2017-10-03,8:00 PM,Derailment,0,HINCKLEY,MN,55,3,Dusk,Cloudy,Yard,Freight Train,6,86994,251797,338791,T205,46.009702,-92.945601,57.8,58.5,46.6
CSX,000188510,2020-02-19,4:00 AM,Obstruction,0,HINESVILLE,GA,63,1,Dawn,Rain,Industry,Freight Train,4,27288,97,27385,M404,31.828141,-81.525042,63.1,64.4,47.7
MBTA,7062,2017-10-10,6:09 AM,Obstruction,0,HINGHAM,MA,68,1,Dawn,Fog,Main,Passenger Train - Pushing,40,53909,0,53909,M404,42.245036,-70.850533,71.7,72.5,62.3
CSX,000176098,2018-04-28,3:11 PM,Derailment,0,HINTON,WV,68,2,Day,Clear,Main,Freight Train,36,42101,280033,322134,E54C,37.695043,-80.878692,53.6,54.4,44
BNSF,TC0820101,2020-08-08,1:00 AM,Derailment,0,HINTON,IA,60,4,Dark,Clear,Industry,Freight Train,4,25000,0,25000,M501,42.628591,-96.290848,75.8,77.7,77.6
NS,143581,2021-11-27,10:35 PM,Derailment,0,HIRAM,GA,40,4,Dark,Clear,Main,Freight Train,25,898487,318160,1216647,T311,33.874422,-84.761332,45.2,43.7,46.1
BNSF,RD0522108,2022-05-09,5:50 AM,Derailment,0,HITCHCOCK,TX,70,1,Dawn,Clear,Yard,Yard/switching,3,29185,0,29185,H312,29.330965,-94.967947,83.2,83.6,83.1
BNSF,TC0722103,2022-07-08,4:45 PM,Derailment,0,HITTERDAL,MN,82,2,Day,Clear,Yard,Freight Train,10,92391,88501,180892,H699,46.932818,-96.259042,73.8,72.3,75.1
NS,121102,2016-07-04,2:00 PM,Derailment,0,HIXSON,TN,93,2,Day,Clear,Yard,Yard/switching,4,729,9804,10533,M411,35.090919,-85.238234,82.4,86.5,80.6
NS,122067,2016-09-14,3:42 PM,Derailment,0,HIXSON,TN,94,2,Day,Clear,Yard,Light loco(s),10,4284,11919,16203,M404,35.060735,-85.2668,81.2,81.2,81.9
CFE,CFE178217D,2017-01-05,7:50 PM,Derailment,0,HOAGLAND,IN,6,4,Dark,Clear,Main,Freight Train,10,306752,115000,421752,T207,40.993972,-85.017172,22.9,13.5,7.4
FMRC,G02282022,2022-02-28,3:28 PM,Fire/violent rupture,0,HOBART,OK,70,2,Day,Cloudy,Main,Freight Train,22,20000,0,20000,E74L,35.062403,-99.075146,36.3,44.6,50.1
NJTR,201512681,2015-12-24,9:00 AM,Derailment,0,HOBOKEN,NJ,70,2,Day,Cloudy,Yard,Yard/switching,5,16500,0,16500,H303,40.735474,-74.032829,55.7,67.6,60.2
NJTR,201609513,2016-09-29,8:38 AM,Obstruction,0,HOBOKEN,NJ,63,2,Day,Cloudy,Main,Commuter Train - Pushing,21,6000000,12000,6012000,H222,40.735036,-74.028009,63.5,61.3,58.3
NJTR,201610527,2016-10-03,6:20 PM,Derailment,0,HOBOKEN,NJ,66,4,Dark,Clear,Yard,Light loco(s),2,14600,667,15267,H303,40.734104,-74.032082,60.1,65.2,64.6
NJTR,201911592,2019-10-29,12:45 PM,Rear end collision,0,HOBOKEN,NJ,59,2,Day,Clear,Yard,Light loco(s),9,8090,1549,173829,H306,40.734451,-74.035336,58.8,56.8,60.3
NJTR,202104139,2021-03-26,10:35 AM,Other (describe in narrative),0,HOBOKEN,NJ,50,2,Day,Clear,Yard,Commuter Train - Pulling,5,12734,0,12734,H599,40.734125,-74.031737,56.8,63,57.4
NJTR,201911592,2019-10-29,12:45 PM,Rear end collision,0,HOBOKEN,NJ,59,2,Day,Clear,Yard,Commuter Train - Pushing,0,164190,0,173829,H306,40.734451,-74.035336,58.8,56.8,60.3
NJTR,201911620,2019-11-11,4:07 AM,Derailment,0,HOBOKEN,NJ,59,4,Dark,Clear,Yard,Yard/switching,8,13981,2587,16568,H704,40.735467,-74.035259,44.9,53.7,41.5
NJTR,202310449,2023-10-25,11:22 PM,Derailment,0,HOBOKEN,NJ,57,4,Dark,Cloudy,Yard,Yard/switching,8,39936,0,39936,H704,40.735465,-74.039258,55.2,62,67.1
NJTR,202010351,2020-10-07,12:42 PM,Other (describe in narrative),0,HOBOKEN,NJ,65,2,Day,Clear,Yard,Yard/switching,5,12594,0,12594,H509,40.735316,-74.033752,62.2,65.5,59
NJTR,201908463,2019-08-12,12:45 AM,Other (describe in narrative),0,HOBOKEN,NJ,68,4,Dark,Clear,Yard,Light loco(s),5,12729,0,12729,H999,40.735566,-74.035393,72.8,77.1,75.9
NJTR,201507411,2015-07-07,10:30 AM,Other (describe in narrative),0,HOBOKEN,NJ,83,2,Day,Clear,Yard,Yard/switching,5,11000,1000,12000,H599,40.734926,-74.033823,76.7,80.2,80.2
NJTR,201612580,2016-12-04,12:40 PM,Derailment,0,HOBOKEN,NJ,45,2,Day,Clear,Main,Commuter Train - Pushing,11,14000,0,14000,E69C,40.734816,-74.030863,44.2,42.2,43.4
NJTR,201804180,2018-04-04,8:29 PM,Derailment,0,HOBOKEN,NJ,39,2,Day,Clear,Yard,Yard/switching,3,19845,2756,22601,H303,40.735645,-74.037349,40.1,47.1,39.7
NJTR,202303103,2023-03-14,1:50 PM,Other impacts,0,HOBOKEN,NJ,36,2,Day,Cloudy,Yard,Light loco(s),8,0,35675,85337,H306,40.734502,-74.03397,41.3,35.6,38.3
NJTR,202110412,2021-09-12,5:15 PM,Other (describe in narrative),0,HOBOKEN,NJ,73,3,Dusk,Cloudy,Main,Commuter Train - Pulling,15,12724,0,12724,H599,40.741322,-74.067288,68.8,74.1,78.1
NJTR,202303103,2023-03-14,1:50 PM,Other impacts,0,HOBOKEN,NJ,36,2,Day,Cloudy,Yard,Cut of cars,0,49662,0,85337,H306,40.734502,-74.03397,41.3,35.6,38.3
NJTR,202202070,2022-01-12,7:58 PM,Derailment,0,HOBOKEN,NJ,37,4,Dark,Clear,Yard,Yard/switching,2,17574,476,18050,H021,40.735967,-74.035785,18.3,30.5,39.1
NJTR,201508474,2015-08-04,12:50 AM,Derailment,0,HOBOKEN,NJ,78,4,Dark,Clear,Yard,Yard/switching,5,55500,3521,59021,H704,40.735919,-74.036891,82.3,81,78.8
NJTR,201707226,2017-06-22,3:45 AM,Derailment,0,HOBOKEN,NJ,70,4,Dark,Clear,Yard,Yard/switching,0,2570,11429,13999,H399,40.734618,-74.034538,77.4,76.2,80
NJTR,201907405,2019-07-19,1:00 PM,Derailment,0,HOBOKEN,NJ,93,2,Day,Clear,Yard,Light loco(s),5,12480,424,12904,H702,40.735178,-74.027609,75.1,81.4,89
NJTR,201511592,2015-10-25,3:30 PM,Derailment,0,HOBOKEN,NJ,60,2,Day,Clear,Yard,Yard/switching,10,61479,2570,64049,H704,40.734537,-74.034162,49.2,59,51.3
NJTR,201506320,2015-06-02,5:14 AM,Obstruction,0,HOBOKEN,NJ,55,4,Dark,Rain,Main,Commuter Train - Pushing,3,22300,1502,23802,H221,40.735263,-74.028627,56.1,52.6,58.9
NJTR,201505301,2015-04-27,1:50 AM,Other (describe in narrative),0,HOBOKEN,NJ,59,4,Dark,Clear,Yard,Yard/switching,5,11000,0,11000,H999,40.735762,-74.037629,54.1,54.3,60
NJTR,202406305,2024-05-20,8:25 AM,Other (describe in narrative),0,HOBOKEN,NJ,62,2,Day,Clear,Main,Passenger Train - Pulling,10,20772,0,20772,T404,40.734462,-74.031387,64.9,63.4,69.9
NJTR,202406316,2024-06-23,1:25 PM,Other (describe in narrative),0,HOBOKEN,NJ,95,2,Day,Clear,Main,Passenger Train - Pulling,15,4001,9545,13546,T404,40.73485,-74.02804,81.3,82.7,77.1
BNSF,MT1020102,2020-10-09,3:39 PM,Derailment,0,HOBSON,MT,73,2,Day,Clear,Main,Freight Train,24,55000,145021,200021,T102,47.001906,-109.856804,61.4,58.8,61.8
UP,0422HO013,2022-04-20,7:16 AM,Hwy-rail crossing,0,HOCKLEY,TX,70,1,Dawn,Clear,Main,Freight Train,36,10429,28955,39384,M304,30.015542,-95.815208,67.2,76.1,77.3
LAS,D640215,2015-01-01,1:55 PM,Derailment,0,HODGE,LA,36,2,Day,Rain,Main,Freight Train,8,0,15700,15700,H503,32.164453,-92.434642,37.4,37.5,45.7
LAS,210514006,2021-05-14,12:30 AM,Derailment,0,HODGE,LA,75,4,Dark,Clear,Yard,Freight Train,5,16000,0,16000,E4BC,32.279147,-92.727895,63.9,62.3,66.6
LAS,190719003,2019-07-19,4:00 PM,Derailment,0,HODGE,LA,98,2,Day,Clear,Main,Freight Train,12,212000,82500,294500,T109,32.220176,-92.554822,83,83,83.1
LAS,170919004,2017-09-19,12:00 PM,Derailment,0,HODGE,LA,90,2,Day,Clear,Industry,Freight Train,4,1600,18000,19600,T311,32.27948,-92.74178,77.7,78.2,79.2
LAS,D644314,2014-12-07,11:00 AM,Derailment,0,HODGE,LA,54,2,Day,Clear,Yard,Yard/switching,5,37378,3184,40562,T102,32.16442,-92.435121,60.5,46.2,46.3
BNSF,CH1222116,2022-12-23,11:05 PM,Derailment,0,HODGKINS,IL,-5,4,Dark,Snow,Yard,Light loco(s),5,8604,2860,11464,H307,41.753049,-87.864845,20.7,-4.4,5.9
BNSF,CH0818113,2018-08-21,8:50 AM,Derailment,0,HODGKINS,IL,84,1,Dawn,Clear,Yard,Yard/switching,5,10000,1000,11000,T221,41.755392,-87.868855,74.6,72.6,70.2
BNSF,CH1116110,2016-11-19,4:06 AM,Derailment,0,HODGKINS,IL,37,1,Dawn,Cloudy,Yard,Yard/switching,5,8000,30000,38000,H306,41.754702,-87.869911,57.5,36.2,29.8
BNSF,CH0916111,2016-09-18,10:05 AM,Other impacts,0,HODGKINS,IL,78,2,Day,Clear,Yard,Yard/switching,10,25091,0,25091,H318,41.761896,-87.862381,73.8,71.1,75.5
BNSF,CH0818107,2018-08-14,2:30 PM,Derailment,0,HODGKINS,IL,83,2,Day,Clear,Yard,Freight Train,2,15264,1500,16764,H704,41.753951,-87.870482,78.1,80.1,78.7
BNSF,CH0315102,2015-03-13,3:50 AM,Derailment,0,HODGKINS,IL,55,4,Dark,Clear,Yard,Freight Train,9,8437,19000,27437,S011,41.756387,-87.861511,45,50.8,50.9
BNSF,CH0218111,2018-02-16,8:24 PM,Derailment,0,HODGKINS,IL,15,3,Dusk,Cloudy,Yard,Yard/switching,5,1750,75000,76750,T111,41.757992,-87.86724,41.8,32,26.4
BNSF,CH0822113,2022-08-23,6:00 PM,Derailment,0,HODGKINS,IL,75,3,Dusk,Clear,Industry,Yard/switching,7,1255,13923,15178,T001,41.759148,-87.864526,73.9,75.3,77.3
NS,140977,2021-03-20,1:10 AM,Hwy-rail crossing,0,HOFFMAN,IL,50,4,Dark,Clear,Main,Freight Train,14,80983,246923,327906,M308,38.542296,-89.198377,42.5,45.5,51.6
BNSF,SW0420109,2020-04-18,11:45 AM,Derailment,0,HOLBROOK,AZ,60,2,Day,Clear,Yard,Single Car,0,30142,0,30142,M599,34.934398,-110.047624,54.5,51.6,54.3
BNSF,SW0115115,2015-01-26,8:30 PM,Fire/violent rupture,0,HOLBROOK,AZ,37,3,Dusk,Clear,Main,,0,0,0,11484,M406,34.95391,-109.986806,34.6,37.5,45.9
MBTA,5707,2017-01-01,1:15 PM,Hwy-rail crossing,0,HOLBROOK,MA,41,2,Day,Clear,Main,Passenger Train - Pulling,40,15768,0,15768,M308,42.156336,-71.027381,33.7,37.9,33
ATK,136061,2015-01-26,8:30 PM,Fire/violent rupture,0,HOLBROOK,AZ,37,4,Dark,Clear,Main,Passenger Train - Pulling,90,11484,0,11484,M406,34.95391,-109.986806,34.6,37.5,45.9
BNSF,KS1223106,2023-12-08,12:30 PM,Other (describe in narrative),0,HOLCOMB,KS,48,2,Day,Clear,Yard,Yard/switching,4,31140,0,31140,H302,37.994145,-101.03441,47.4,43.3,32.2
BNSF,KS0316115,2016-03-31,2:15 PM,Other (describe in narrative),0,HOLCOMB,KS,57,2,Day,Clear,Main,Maint./inspect Car,4,14572,0,14572,M599,37.980311,-100.960342,57.5,44.7,40.3
BNSF,KS0421101,2021-04-07,3:30 PM,Derailment,0,HOLCOMB,KS,45,2,Day,Clear,Industry,Freight Train,5,27600,9000,36600,M101,37.929794,-100.982846,64.6,41.9,53.3
IC,847843,2015-04-24,8:40 PM,Hwy-rail crossing,0,HOLDEN,LA,75,4,Dark,Cloudy,Main,Freight Train,24,19535,170,19705,M308,30.503889,-90.687019,72.9,70.8,73.5
BNSF,NE0116109,2016-01-15,8:45 AM,Derailment,0,HOLDREGE,NE,35,1,Dawn,Cloudy,Siding,Light loco(s),4,5500,0,45500,M501,40.43212,-99.388027,40.1,32.5,26.8
BNSF,NE0515107,2015-05-31,3:00 AM,Derailment,0,HOLDREGE,NE,54,4,Dark,Clear,Industry,Freight Train,3,42480,0,42480,H702,40.413407,-99.4184,54.6,59.3,64.2
NKCR,NKCR161377,2016-01-15,8:45 AM,Derailment,0,HOLDREGE,NE,20,1,Dawn,Clear,Industry,,0,0,40000,45500,H509,40.43212,-99.388027,40.1,32.5,26.8
BNSF,PR0118101,2018-01-05,9:50 AM,Derailment,0,HOLDREGE,NE,18,2,Day,Cloudy,Main,Freight Train,45,15000,8500,23500,H503,40.43809,-99.360534,24.7,15.1,18.9
ATK,177386,2023-11-30,6:52 AM,Hwy-rail crossing,0,HOLLAND,OH,40,1,Dawn,Cloudy,Main,Passenger Train - Pulling,77,86330,0,86330,M308,41.617117,-83.713204,29.6,43.7,45.9
ATK,158663,2019-04-25,10:52 AM,Hwy-rail crossing,0,HOLLAND,TX,77,2,Day,Clear,Main,Passenger Train - Pulling,40,16198,0,16198,M301,30.911509,-97.367914,62.7,67.3,67.8
UP,0919TO017,2019-09-13,1:00 AM,Derailment,0,HOLLAND,TX,78,4,Dark,Clear,Main,Freight Train,36,683597,130808,814405,E00C,30.88231,-97.401624,81.9,83.6,84.2
UP,0419TO046,2019-04-25,10:52 AM,Hwy-rail crossing,0,HOLLAND,TX,71,2,Day,Clear,Main,,0,0,0,16198,M302,30.911455,-97.367968,62.7,67.3,67.8
LI,68419,2018-09-06,9:11 PM,Derailment,0,HOLLIS,NY,74,4,Dark,Clear,Siding,EMU,7,165120,14220,179340,H702,40.707249,-73.776496,80.8,81.1,74.2
LI,68495,2018-09-24,11:13 AM,Obstruction,0,HOLLIS,NY,62,2,Day,Clear,Yard,EMU,8,11000,0,60744,H607,40.70949,-73.768991,63.5,63.3,67.1
LI,77477,2022-07-01,5:51 PM,Derailment,0,HOLLIS,NY,79,2,Day,Cloudy,Yard,EMU,4,15000,4000,19000,H303,40.706667,-73.775139,76.3,79.2,80
LI,68495,2018-09-24,11:13 AM,Obstruction,0,HOLLIS,NY,62,2,Day,Clear,Yard,EMU,0,49744,0,60744,H607,40.70949,-73.768991,63.5,63.3,67.1
LI,EQ20180104,2018-01-29,8:30 PM,Derailment,0,HOLLIS,NY,41,4,Dark,Cloudy,Yard,EMU,5,337583,0,337583,H303,40.718014,-73.771011,47.8,41.1,31.3
LI,72325,2020-05-11,2:59 PM,Obstruction,0,HOLLIS,NY,55,2,Day,Clear,Main,EMU,70,149,12021,12170,M404,40.712349,-73.757949,51.6,52.5,51.5
LI,75525,2021-09-10,5:10 PM,Derailment,0,HOLLIS,NY,65,2,Day,Clear,Yard,EMU,7,51078,6544,57622,H303,40.7076,-73.7735,71.1,70,69.9
LI,73992,2021-02-02,5:30 PM,Derailment,0,HOLLIS,NY,24,4,Dark,Clear,Yard,EMU,9,156448,9783,166231,H702,40.706216,-73.782594,30,32.4,32.9
LI,78298,2022-10-26,9:30 PM,Derailment,0,HOLLIS,NY,64,4,Dark,Cloudy,Yard,EMU,4,400,13346,13746,T110,40.70598,-73.779189,64.6,65.5,60.7
LI,70609,2019-09-27,11:25 AM,Derailment,0,HOLLIS,NY,73,2,Day,Clear,Siding,Yard/switching,3,0,100229,100229,T111,40.703975,-73.774953,69.4,66.8,71.2
LI,71400,2020-01-31,8:00 AM,Derailment,0,HOLLIS,NY,35,2,Day,Cloudy,Yard,EMU,5,20000,15000,35000,T110,40.706742,-73.777221,30.8,37.9,39.2
BNSF,TC0219122,2019-02-26,1:00 AM,Derailment,0,HOLLOWAY,MN,-5,4,Dark,Snow,Industry,Freight Train,8,9371,5000,14371,M101,45.24716,-95.911774,-5.6,1.2,0.2
BNSF,TC0221112,2021-02-24,12:30 AM,Derailment,0,HOLLOWAY,MN,25,4,Dark,Clear,Industry,Freight Train,4,12000,14000,26000,T221,45.248515,-95.906829,35.1,28.3,30.8
FEC,X21081218,2018-08-12,9:30 AM,Hwy-rail crossing,0,HOLLY HILL,FL,92,2,Day,Clear,Main,Maint./inspect Car,10,15000,0,15000,M399,29.244767,-81.044232,81.8,79.5,79.4
CSX,000182034,2019-03-28,9:20 AM,Derailment,0,HOLLY HILL,SC,55,2,Day,Clear,Industry,Freight Train,8,150330,3581,153911,T207,33.280763,-80.43195,48.7,53.6,57
BNSF,SF0316100,2016-03-01,9:40 AM,Other impacts,0,HOLLY SPRINGS,MS,39,2,Day,Rain,Main,Freight Train,10,11264,0,11264,H307,34.775478,-89.4349,57.2,54.2,43.4
FEC,D02011220,2020-01-12,10:30 PM,Obstruction,0,HOLLYWOOD,FL,79,4,Dark,Clear,Main,,0,0,38,16881,M402,26.015894,-80.085932,78,77.6,77.1
FEC,X29092518,2018-09-25,6:55 PM,Hwy-rail crossing,0,HOLLYWOOD,FL,80,3,Dusk,Clear,Main,,0,0,383,14731,M308,26.003954,-80.148792,84.3,85.4,85.3
BLF,20190104,2019-03-07,6:17 PM,Hwy-rail crossing,0,HOLLYWOOD,FL,67,3,Dusk,Clear,Main,Passenger Train - Pulling,77,12000,0,13110,M308,26.021644,-80.149403,61.1,64.6,73.2
BLF,20180282,2018-09-25,6:55 PM,Hwy-rail crossing,0,HOLLYWOOD,FL,80,3,Dusk,Clear,Main,Passenger Train - Pulling,27,14348,0,14731,M308,26.003599,-80.1492,84.3,85.4,85.3
BLF,20180315,2018-10-19,1:05 PM,Hwy-rail crossing,0,HOLLYWOOD,FL,86,2,Day,Clear,Main,Passenger Train - Pulling,79,76103,0,76179,M303,26.036024,-80.14989,82.8,82.2,81.8
FEC,D19030621,2021-03-06,10:30 PM,Obstruction,0,HOLLYWOOD,FL,80,4,Dark,Rain,Main,Freight Train,49,13347,135,13482,M402,25.997374,-80.148668,69.1,69.2,67.1
FEC,X31101918,2018-10-19,1:05 PM,Hwy-rail crossing,0,HOLLYWOOD,FL,86,2,Day,Clear,Main,,0,0,76,76179,M303,26.036024,-80.14989,82.8,82.2,81.8
BLF,20231966,2023-04-12,7:37 PM,Hwy-rail crossing,0,HOLLYWOOD,FL,72,3,Dusk,Rain,Main,Passenger Train - Pulling,60,148859,0,216587,M308,26.003954,-80.148839,73.3,71.5,75.6
FEC,X11030719,2019-03-07,6:17 PM,Hwy-rail crossing,0,HOLLYWOOD,FL,67,3,Dusk,Clear,Main,,0,0,1110,13110,M308,26.021644,-80.149403,61.1,64.6,73.2
FEC,X19041223,2023-04-12,7:37 PM,Hwy-rail crossing,0,HOLLYWOOD,FL,72,3,Dusk,Rain,Main,,0,0,67728,216587,M308,26.003954,-80.148839,73.3,71.5,75.6
SFRV,03012023,2023-03-01,2:27 AM,Hwy-rail crossing,0,HOLLYWOOD,FL,66,4,Dark,Clear,Main,,0,0,0,12000,M308,25.996073,-80.167258,75.9,73.9,75.5
SFRV,122020233,2023-12-20,10:25 PM,Hwy-rail crossing,0,HOLLYWOOD,FL,70,4,Dark,Clear,Main,Commuter Train - Pulling,63,15000,0,15000,M303,25.99623,-80.16728,61.6,66.4,71
CSX,000210666,2023-03-01,2:27 AM,Hwy-rail crossing,0,HOLLYWOOD,FL,66,4,Dark,Clear,Main,Freight Train,20,12000,0,12000,M308,25.996073,-80.167258,75.9,73.9,75.5
SFRV,122020232,2023-12-20,10:25 PM,Hwy-rail crossing,0,HOLLYWOOD,FL,70,4,Dark,Clear,Main,Commuter Train - Pulling,63,43800,0,43800,M303,25.99623,-80.16728,61.6,66.4,71
BLF,20210162,2021-12-11,5:44 PM,Hwy-rail crossing,0,HOLLYWOOD,FL,75,4,Dark,Clear,Main,Passenger Train - Pulling,79,15139,0,15139,M308,26.0104,-80.149051,75.8,76.2,76
BLF,20210077,2021-11-13,12:07 AM,Obstruction,0,HOLLYWOOD,FL,70,4,Dark,Clear,Main,Passenger Train - Pulling,78,13582,0,13682,M402,26.015094,-80.14921,77.3,77,70.1
FEC,D82111321,2021-11-13,12:07 AM,Obstruction,0,HOLLYWOOD,FL,70,4,Dark,Clear,Main,,0,0,100,13682,M402,26.015094,-80.14921,77.3,77,70.1
BLF,20200015,2020-01-12,10:30 PM,Obstruction,0,HOLLYWOOD,FL,79,4,Dark,Clear,Main,Passenger Train - Pulling,39,16843,0,16881,M402,26.015894,-80.085932,78,77.6,77.1
FEC,X23A121121,2021-12-11,5:44 PM,Hwy-rail crossing,0,HOLLYWOOD,FL,75,4,Dark,Clear,Main,,0,0,0,15139,M308,26.0104,-80.149051,75.8,76.2,76
FEC,D25040321,2021-04-03,1:08 AM,Obstruction,0,HOLLYWOOD,FL,67,4,Dark,Cloudy,Main,Freight Train,45,4439,7152,11591,M402,26.007584,-80.149055,68.6,69.1,70.8
FEC,X30060124,2024-06-01,6:47 PM,Obstruction,0,HOLLYWOOD,FL,82,2,Day,Clear,Main,,0,0,0,18987,M402,26.0338,-80.149851,85,83.4,82.4
BLF,20244732,2024-06-01,6:47 PM,Obstruction,0,HOLLYWOOD,FL,82,2,Day,Clear,Main,Passenger Train - Pulling,78,18987,0,18987,M402,26.0338,-80.149851,85,83.4,82.4
NKCR,NKCR192651,2019-11-08,4:45 AM,Derailment,0,HOLYOKE,CO,35,4,Dark,Clear,Industry,Freight Train,4,203400,2700,206100,H306,40.362637,-102.162731,35.7,45.8,52
UP,1017KC022,2017-10-28,8:40 PM,Derailment,0,HOME,KS,35,4,Dark,Clear,Main,Freight Train,22,193560,121663,315223,T206,39.814154,-96.531491,36.6,34.3,48.2
NS,129614,2018-05-26,6:15 AM,Derailment,0,HOMER,IL,72,1,Dawn,Clear,Main,Freight Train,44,319,90408,90727,E61C,40.035301,-87.952228,77.3,77.5,81.6
NS,119604,2016-03-04,12:45 PM,Derailment,0,HOMER,IL,36,2,Day,Clear,Industry,Freight Train,3,29734,4000,33734,T110,40.03548,-87.950359,34.3,33.3,38.9
CSX,000201267,2021-11-11,2:34 PM,Hwy-rail crossing,0,HOMERVILLE,GA,69,2,Day,Clear,Main,Freight Train,36,3530,8594,12124,M304,31.050825,-82.707832,58.5,66.6,64.8
CSX,000141548,2015-02-14,8:15 PM,Hwy-rail crossing,0,HOMESTEAD,PA,0,4,Dark,Snow,Main,Freight Train,36,6192,6788,12980,M306,40.409602,-79.910241,10.8,17.8,0.3
CSX,000160620,2016-06-16,8:20 PM,Hwy-rail crossing,0,HOMESTEAD,PA,65,4,Dark,Rain,Main,Freight Train,36,10906,8953,19859,M399,40.408444,-79.912474,72.8,70.2,71.5
NS,154850,2023-11-21,6:05 PM,Hwy-rail crossing,0,HOMESTEAD,PA,44,3,Dusk,Clear,Main,Freight Train,36,44038,0,44038,M302,40.408051,-79.911945,39.7,43.1,43.3
NIRC,2020071824,2020-02-12,7:28 PM,Hwy-rail crossing,0,HOMETOWN,IL,31,4,Dark,Snow,Main,Commuter Train - Pulling,40,0,1352950,1352950,M302,41.73483,-87.72142,30.1,30.4,18.7
IC,844223,2015-03-20,2:40 AM,Derailment,0,HOMEWOOD,IL,40,4,Dark,Cloudy,Yard,Freight Train,5,28357,4377,32734,H702,41.564656,-87.666714,42.8,41.1,39.6
IC,1075532,2021-07-02,1:00 PM,Derailment,0,HOMEWOOD,IL,71,2,Day,Clear,Yard,Light loco(s),5,87197,0,87197,M405,41.619609,-87.637299,69.3,65.7,71.3
IC,834513,2014-12-05,2:55 PM,Derailment,0,HOMEWOOD,IL,34,2,Day,Cloudy,Yard,Yard/switching,8,22114,75,22189,H601,41.568584,-87.66317,30.6,35.9,37.4
IC,941599,2017-11-12,5:30 AM,Derailment,0,HOMEWOOD,IL,40,4,Dark,Cloudy,Yard,Freight Train,5,15000,59655,74655,H702,41.590756,-87.6466,31.2,37.4,36.2
CSX,000196349,2021-03-16,12:03 AM,Derailment,0,HOMEWOOD,AL,65,4,Dark,Rain,Main,Freight Train,21,144291,0,180449,E27C,33.439868,-86.846785,67,65.9,64.1