reportingrailroadcode,accidentnumber,date,time,accidenttype,hazmatreleasedcars,station,stateabbr,temperature,visibility_code,visibility,weathercondition,tracktype,equipmenttype,trainspeed,equipmentdamagecost,trackdamagecost,totaldamagecost,primaryaccidentcausecode,latitude,longitude,prior_temp,actual_temp,following_temp
NIRC,MEI065,2015-06-04,6:39 AM,Other (describe in narrative),0,HOMEWOOD,IL,72,1,Dawn,Clear,Main,EMU,0,7701,8213,15914,M599,41.555251,-87.671842,63.7,69.9,59.5
UP,0922SX003,2022-09-03,6:45 AM,Other impacts,0,HONDO,TX,77,1,Dawn,Clear,Industry,Freight Train,0,272023,0,320415,H104,29.456202,-98.999747,83.3,80.5,77.8
UP,0922SX003,2022-09-03,6:45 AM,Other impacts,0,HONDO,TX,77,1,Dawn,Clear,Industry,Freight Train,10,48293,99,320415,H104,29.456202,-98.999747,83.3,80.5,77.8
UP,0517SA007,2017-05-10,11:50 PM,Hwy-rail crossing,0,HONDO,TX,70,4,Dark,Clear,Main,Freight Train,38,0,70000,70000,M308,29.347024,-99.150368,74.8,77.6,74.8
MH,MH171201A,2017-12-01,5:10 PM,Derailment,0,HOOD RIVER,OR,41,3,Dusk,Cloudy,Main,Passenger Train - Pulling,12,2587,15836,18423,T110,45.680017,-121.505447,39.1,41.8,40.8
UP,1217KC012,2017-12-11,11:00 PM,Derailment,0,HOOKER,OK,30,4,Dark,Clear,Industry,Freight Train,9,15813,99,15912,H306,36.807915,-101.288574,43.3,43.3,40.5
UP,1215KC004,2015-12-02,1:00 PM,Derailment,0,HOOKER,OK,48,2,Day,Clear,Industry,Light loco(s),4,2703,7887,10590,T001,36.855509,-101.216187,33.7,38,37.1
DGNO,TNE980616D,2016-05-24,12:05 PM,Derailment,0,HOOKS,TX,87,2,Day,Cloudy,Yard,Freight Train,7,18000,62800,80800,T103,33.463195,-94.239251,71.5,76.3,80.6
VTR,1473,2019-01-09,6:30 PM,Derailment,0,HOOSICK,NY,28,4,Dark,Cloudy,Siding,Freight Train,9,568290,0,1341290,M507,42.92345,-73.36292,35.7,34.3,25.7
GRS,20190109W1,2019-01-09,6:30 PM,Derailment,0,HOOSICK,NY,28,4,Dark,Cloudy,Siding,,0,0,773000,1341290,M507,42.898622,-73.352892,35.7,34.3,25.7
GRS,20170219W1,2017-02-19,5:30 PM,Derailment,0,HOOSICK FALLS,NY,50,3,Dusk,Clear,Siding,Freight Train,5,2984,30202,33186,T110,42.856413,-73.330201,32.9,47.3,34.5
CSX,000177765,2018-07-18,4:45 PM,Obstruction,0,HOOVER,AL,89,2,Day,Rain,Main,Maint./inspect Car,0,15000,0,15000,H997,33.337741,-86.874411,78.6,80.9,79.2
CSX,000177765,2018-07-18,4:45 PM,Obstruction,0,HOOVER,AL,89,2,Day,Rain,Main,Freight Train,0,0,0,15000,H997,33.337741,-86.874411,78.6,80.9,79.2
UP,0718LK017,2018-07-10,6:15 PM,Derailment,0,HOPE,AR,93,2,Day,Clear,Industry,Freight Train,4,5894,8896,14790,H995,33.73324,-93.633275,79.2,79.2,79.9
UP,0916LK013,2016-09-20,3:15 PM,Derailment,0,HOPE,AR,89,2,Day,Clear,Yard,Yard/switching,3,2960,11748,14708,E25C,33.659243,-93.633487,78.3,78.8,76.9
UP,0521MA002,2021-05-04,6:44 PM,Derailment,0,HOPE,AR,67,3,Dusk,Cloudy,Main,Freight Train,9,16482,2184,18666,E24C,33.670202,-93.592344,77.3,70.2,64.5
UP,0523MA043,2023-05-23,10:43 AM,Derailment,0,HOPE,AR,72,2,Day,Clear,Main,Freight Train,6,6136,11169,17305,H514,33.716459,-93.633467,71.5,73.8,73.9
KRR,KRR017522,2022-08-31,6:40 PM,Derailment,0,HOPE,AR,88,4,Dark,Clear,Yard,,0,0,0,11371,E44C,33.668075,-93.594283,81.1,84,80.6
KRR,KRR018922,2022-09-02,11:00 PM,Derailment,0,HOPE,AR,73,4,Dark,Cloudy,Main,Freight Train,9,36000,37000,73000,M101,33.664211,-93.765907,80.6,78.7,82.3
UP,0822MA040,2022-08-31,6:40 PM,Derailment,0,HOPE,AR,88,3,Dusk,Clear,Yard,Freight Train,5,7621,3750,11371,E44C,33.668075,-93.594283,81.1,84,80.6
UP,0923MA015,2023-09-08,5:13 AM,Derailment,0,HOPE,AR,68,1,Dawn,Cloudy,Main,Freight Train,5,33424,348,33772,H522,33.669707,-93.590095,80.2,73.4,75.3
KRR,KRR139423,2023-04-22,10:10 AM,Derailment,0,HOPE,AR,65,2,Day,Clear,Main,Freight Train,10,431012,150000,581012,T220,33.665922,-93.696581,65,61.6,51.7
UP,0621MA021,2021-06-16,7:01 AM,Derailment,0,HOPE,AR,73,1,Dawn,Clear,Yard,Yard/switching,7,19915,68928,88843,T108,33.692772,-93.604919,83.6,84.6,83.5
KRR,KRR862421,2021-10-25,9:50 AM,Derailment,0,HOPE,AR,74,2,Day,Clear,Main,Freight Train,9,20950,5000,25950,T101,33.66259,-93.808723,76.9,73.7,65.4
KRR,KRR440619,2019-07-03,1:30 PM,Derailment,0,HOPE,AR,86,2,Day,Clear,Main,Freight Train,7,55177,84782,139959,T109,33.666103,-93.729314,80.6,80.8,78.3
UP,0324MA025,2024-03-25,3:45 AM,Derailment,0,HOPE,AR,62,4,Dark,Cloudy,Yard,Freight Train,6,28427,0,95767,T111,33.668891,-93.593186,55.3,60.1,51.1
KRR,KRR497519,2019-10-18,9:30 PM,Derailment,0,HOPE,AR,57,4,Dark,Clear,Industry,Freight Train,5,3074,10950,14024,T102,33.677101,-93.595971,54.5,57,62.2
KRR,KRR063122,2022-11-21,6:10 AM,Derailment,0,HOPE,AR,35,1,Dawn,Clear,Main,Freight Train,8,278877,50000,328877,T210,33.64479,-93.871737,36.4,42.7,45.8
KRR,KRR745824O,2024-03-25,3:45 AM,Derailment,0,HOPE,AR,60,4,Dark,Clear,Yard,Freight Train,0,0,67340,95767,T111,33.668801,-93.5936,55.3,60.1,51.1
NS,129443,2018-05-12,2:30 PM,Other impacts,0,HOPEWELL,VA,95,2,Day,Clear,Industry,Freight Train,3,62466,0,62466,H306,37.297159,-77.292712,72.1,78.5,75.3
NS,129443,2018-05-12,2:30 PM,Other impacts,0,HOPEWELL,VA,95,2,Day,Clear,Industry,Cut of cars,0,31234,0,31234,H306,37.297159,-77.292712,72.1,78.5,75.3
CSX,000194579,2020-12-20,9:45 AM,Obstruction,0,HOPEWELL,VA,38,2,Day,Rain,Industry,Yard/switching,3,0,13288,13288,H210,37.30244,-77.284923,32.3,37.5,41.3
CSX,000218810,2024-06-22,10:00 AM,Side collision,0,HOPEWELL,VA,92,2,Day,Clear,Yard,Yard/switching,0,8800,289,25089,H702,37.302715,-77.28459,79.6,83.3,83.7
NS,157127,2024-06-22,10:00 AM,Side collision,0,HOPEWELL,VA,91,2,Day,Clear,Yard,Freight Train,8,16000,0,25089,H702,37.302715,-77.28459,79.6,83.3,83.7
NS,134031,2019-05-22,1:40 PM,Derailment,0,HOPEWELL,VA,86,2,Day,Clear,Yard,Freight Train,4,21109,21786,42895,H306,37.297159,-77.292712,69,64.4,72.7
CSX,000172834,2017-11-13,12:25 PM,Side collision,0,HOPEWELL,VA,54,2,Day,Clear,Industry,Yard/switching,0,60202,0,100342,H702,37.290128,-77.285395,38.6,42.2,42.1
NS,127398,2017-11-13,12:25 PM,Side collision,0,HOPEWELL,VA,50,2,Day,Clear,Industry,Freight Train,6,2500,0,100342,H607,37.302848,-77.284508,38.6,42.2,42.1
NS,127398,2017-11-13,12:25 PM,Side collision,0,HOPEWELL,VA,50,2,Day,Clear,Main,Freight Train,0,37640,0,100342,H607,37.302848,-77.284508,38.6,42.2,42.1
NS,153151,2023-05-18,12:40 PM,Derailment,0,HOPEWELL,VA,70,2,Day,Clear,Yard,Yard/switching,9,46375,0,46375,T399,37.297152,-77.292721,68.9,61.2,63.4
NS,118821,2016-01-07,2:30 PM,Derailment,0,HOPEWELL,VA,52,2,Day,Clear,Industry,Yard/switching,7,69392,300,69692,T108,37.30603,-77.278606,30.3,41.6,42.5
METC,20201,2020-06-08,8:20 AM,Other (describe in narrative),0,HOPKINS,MN,75,2,Day,Clear,Siding,Spec. MoW Equip.,0,0,225000,225000,E79L,44.913609,-93.420209,75,85.5,76
CSX,000209433,2023-01-23,9:15 PM,Derailment,0,HOPKINSVILLE,KY,29,4,Dark,Clear,Yard,Cut of cars,10,27467,805,28272,H312,36.8187,-87.434858,39.6,38.4,37.9
CSX,000187791,2020-01-11,9:30 AM,Derailment,0,HOPKINSVILLE,KY,60,2,Day,Rain,Yard,Cut of cars,0,12293,32,27982,M105,36.818692,-87.434961,62.5,56.2,41
CSX,000187791,2020-01-11,9:30 AM,Derailment,0,HOPKINSVILLE,KY,60,2,Day,Rain,Yard,Cut of cars,0,15657,0,27982,M105,36.818692,-87.434961,62.5,56.2,41
PSAP,PSA523217R,2017-12-24,1:30 PM,Derailment,0,HOQUIAM,WA,36,2,Day,Cloudy,Industry,Freight Train,10,88014,11908,99922,H303,46.9706,-123.858516,35.4,34.3,35
WSOR,230213004,2023-02-13,10:10 PM,Other impacts,0,HORICON,WI,34,4,Dark,Clear,Yard,Single Car,3,1887,0,13887,H018,43.449154,-88.647674,31.4,31.9,39.1
WSOR,220713006,2022-07-13,7:00 PM,Derailment,0,HORICON,WI,77,3,Dusk,Clear,Yard,Freight Train,8,97654,15130,112784,E4TC,43.452577,-88.646059,69.3,66.9,66.2
WSOR,230213004,2023-02-13,10:10 PM,Other impacts,0,HORICON,WI,34,4,Dark,Clear,Yard,Freight Train,6,9800,2200,13887,H018,43.449154,-88.647674,31.4,31.9,39.1
WSOR,190224002,2019-02-24,10:20 PM,Derailment,0,HORICON,WI,13,4,Dark,Clear,Yard,Yard/switching,4,1500,24000,25500,M101,43.44956,-88.642882,31.8,25.1,4.7
CSX,000216216,2024-02-15,8:12 AM,Hwy-rail crossing,0,HORSE CAVE,KY,45,2,Day,Clear,Main,Freight Train,50,17949,0,17949,M303,37.160335,-85.932305,44.6,50.7,40
CSX,000214426,2023-11-07,9:40 PM,Hwy-rail crossing,0,HORSE CAVE,KY,64,4,Dark,Clear,Main,Freight Train,44,715,51248,51963,M303,37.187442,-85.898081,57.9,63.9,68.3
CSX,000201862,2021-12-13,7:11 PM,Hwy-rail crossing,0,HORSE CAVE,KY,48,4,Dark,Clear,Main,Freight Train,39,8500,35019,43519,M303,37.187442,-85.898081,34.2,39.2,45.9
CSX,000215273,2023-12-31,1:09 AM,Hwy-rail crossing,0,HORSE CAVE,KY,32,4,Dark,Clear,Main,Freight Train,46,159,43785,43944,M308,37.179606,-85.907999,36.9,38.6,34.1
ATK,161976,2019-11-13,7:24 AM,Hwy-rail crossing,0,HORTENSE,GA,45,2,Day,Clear,Main,Passenger Train - Pulling,70,33262,0,33359,M304,31.209278,-81.978951,59.3,42.4,48.4
CSX,000186617,2019-11-13,8:27 AM,Hwy-rail crossing,0,HORTENSE,GA,45,2,Day,Clear,Main,Passenger Train - Pulling,70,0,97,33359,M302,31.351273,-81.951645,59.3,42.4,48.4
RCPE,RCP139016D,2016-11-16,3:20 AM,Derailment,0,HOT SPRINGS,SD,38,4,Dark,Cloudy,Main,Freight Train,11,165275,100000,265275,T220,43.352181,-103.259286,49.5,47.4,28.7
AKMD,AKM911122,2022-02-02,11:00 AM,Derailment,0,HOT SPRINGS,AR,45,2,Day,Cloudy,Industry,Yard/switching,3,15000,0,15000,H306,34.52262,-93.1238,57.5,50,29.2
UP,0616HO019,2016-06-09,1:48 AM,Derailment,0,HOUSTON,TX,70,4,Dark,Cloudy,Yard,Freight Train,6,120306,0,251992,H702,29.789974,-95.298225,83.5,82.7,83.1
KCS,15100101,2015-10-01,7:35 AM,Derailment,0,HOUSTON,TX,87,2,Day,Clear,Main,Freight Train,10,63775,0,301070,M507,29.810558,-95.262275,81.5,79.7,73.7
UP,0316HO030,2016-03-31,8:00 PM,Derailment,0,HOUSTON,TX,78,4,Dark,Cloudy,Yard,Yard/switching,3,25730,4575,30305,M101,29.809747,-95.297744,72.4,77.9,65.3
UP,0417HO009,2017-04-09,11:09 AM,Other impacts,0,HOUSTON,TX,75,2,Day,Cloudy,Yard,Yard/switching,10,75456,0,418401,H307,29.810249,-95.288653,70.4,71.7,74
UP,0816HO017,2016-08-08,6:05 AM,Derailment,0,HOUSTON,TX,90,2,Day,Clear,Main,Freight Train,4,42901,210559,253460,H707,29.757045,-95.294606,88.3,87.9,88.7
BNSF,GC0716117,2016-07-30,3:50 AM,Derailment,0,HOUSTON,TX,81,4,Dark,Clear,Yard,Freight Train,10,33298,7500,40798,H601,29.702145,-95.328226,85.8,85.9,85.6
UP,0717HO030,2017-07-16,5:45 PM,Other impacts,0,HOUSTON,TX,82,2,Day,Clear,Yard,Yard/switching,4,0,0,11320,M411,29.795173,-95.29504,81.4,81.8,83.7
UP,0516HO029,2016-05-30,5:30 PM,Derailment,0,HOUSTON,TX,80,2,Day,Clear,Yard,Freight Train,6,11030,2650,13680,E40C,29.803412,-95.300268,81.4,79.2,80.1
UP,0516HO009,2016-05-12,12:05 PM,Derailment,0,HOUSTON,TX,80,2,Day,Clear,Yard,Yard/switching,4,1611,3222,14303,H021,29.78974,-95.299125,78.8,80.7,77.8
UP,1217HO009,2017-12-11,3:10 AM,Derailment,0,HOUSTON,TX,46,4,Dark,Clear,Yard,Single Car,8,4861,6698,25145,S007,29.795599,-95.29525,53.1,59.1,56.2
UP,0316HO031,2016-03-31,5:22 PM,Derailment,0,HOUSTON,TX,78,2,Day,Clear,Industry,Yard/switching,5,308,118015,118323,M405,29.792351,-95.448088,72.4,77.9,65.3
UP,0616HO017,2016-06-08,11:30 AM,Other impacts,0,HOUSTON,TX,90,2,Day,Cloudy,Yard,Single Car,0,11724,66,11790,M411,29.804317,-95.30502,82.1,83.5,82.7
UP,0817HO029,2017-08-17,3:38 AM,Other impacts,0,HOUSTON,TX,85,4,Dark,Cloudy,Yard,Single Car,0,1087,0,68980,S007,29.795491,-95.295205,87.5,88.5,87.7
UP,0616HO040,2016-06-24,2:00 PM,Other impacts,0,HOUSTON,TX,92,2,Day,Cloudy,Yard,Cut of cars,0,10736,132,11527,M204,29.807805,-95.292335,84.5,84.1,84.3
UP,0417HO009,2017-04-09,11:09 AM,Other impacts,0,HOUSTON,TX,75,2,Day,Cloudy,Yard,Yard/switching,4,287687,55258,418401,H307,29.810249,-95.288653,70.4,71.7,74
UP,0516HO026,2016-05-21,10:51 AM,Other (describe in narrative),0,HOUSTON,TX,72,2,Day,Cloudy,Yard,Single Car,0,13419,0,13419,M507,29.818455,-95.288969,74.7,75.4,78.1
BNSF,RD0718131,2018-07-21,6:00 PM,Other (describe in narrative),0,HOUSTON,TX,90,3,Dusk,Clear,Main,Light loco(s),7,0,0,49150,H403,29.720661,-95.279983,87.6,87.4,87.8
BNSF,GC0116109,2016-01-21,11:30 AM,Side collision,0,HOUSTON,TX,65,2,Day,Rain,Yard,Yard/switching,5,11018,0,11268,H318,29.701858,-95.327702,60,61.3,45.4
UP,0416HO008,2016-04-06,3:30 AM,Derailment,0,HOUSTON,TX,68,4,Dark,Cloudy,Yard,Yard/switching,7,333367,201370,534737,E24C,29.809155,-95.296045,69.8,69.7,72.8
PTRA,2016000017,2016-05-21,3:00 AM,Derailment,0,HOUSTON,TX,73,4,Dark,Clear,Yard,Freight Train,15,20000,0,20000,H318,29.711586,-95.250205,74.7,75.4,78.1
BNSF,GC1115100,2015-11-01,12:30 AM,Derailment,0,HOUSTON,TX,70,4,Dark,Rain,Yard,Yard/switching,9,22250,0,22250,H307,29.914659,-95.509165,71.6,67,67.5
UP,0119GC022,2019-01-04,6:50 AM,Derailment,0,HOUSTON,TX,39,1,Dawn,Cloudy,Yard,Yard/switching,4,53785,13338,67123,S007,29.815969,-95.289257,48.3,49.9,58.4
UP,1022HO022,2022-10-24,8:00 AM,Derailment,0,HOUSTON,TX,75,2,Day,Rain,Yard,Yard/switching,2,14247,198,14445,E39C,29.796938,-95.291682,76.2,76.8,65.6
UP,1118HO016,2018-11-13,11:45 PM,Derailment,0,HOUSTON,TX,35,4,Dark,Cloudy,Yard,Yard/switching,4,415,14020,14435,M101,29.813508,-95.288346,51.4,38.9,41.3
UP,1118HO034,2018-11-27,8:17 PM,Derailment,0,HOUSTON,TX,54,4,Dark,Cloudy,Yard,Yard/switching,4,111731,22296,134027,H506,29.785,-95.320894,49.3,51.5,61.6
UP,1222HO002,2022-12-02,9:00 AM,Derailment,0,HOUSTON,TX,68,2,Day,Cloudy,Yard,Freight Train,7,2738,23250,25988,E64C,29.815662,-95.287984,50.7,67,71.6
UP,1019HO010,2019-10-21,12:01 AM,Derailment,0,HOUSTON,TX,79,4,Dark,Cloudy,Yard,Yard/switching,6,284298,7637,291935,H503,29.799282,-95.288773,81.4,75,68.2
UP,0317HO012,2017-03-07,10:30 AM,Other impacts,0,HOUSTON,TX,70,2,Day,Cloudy,Yard,Yard/switching,4,0,1215,50901,M411,29.816387,-95.288287,71.4,71.7,64.6
PTRA,2020000007,2020-04-30,10:25 AM,Derailment,0,HOUSTON,TX,74,2,Day,Clear,Main,Freight Train,10,4000,21000,25000,H525,29.721488,-95.281151,73.8,71.1,72.6
UP,0319GC027,2019-03-08,1:00 AM,Other (describe in narrative),0,HOUSTON,TX,79,4,Dark,Clear,Yard,Single Car,0,43693,0,43693,M411,29.816372,-95.28789,63.1,72.8,74.3
UP,0318HO025,2018-03-11,8:00 AM,Other (describe in narrative),0,HOUSTON,TX,75,2,Day,Cloudy,Yard,Single Car,0,22761,0,22761,M201,29.810631,-95.288026,73.9,71.3,57.9
UP,0118HO037,2018-01-28,7:00 AM,Derailment,0,HOUSTON,TX,50,2,Day,Clear,Yard,Light loco(s),5,18620,800,19420,T212,29.822177,-95.290054,62.3,62.2,55.8
UP,1214HO021,2014-12-11,10:17 AM,Obstruction,0,HOUSTON,TX,68,2,Day,Clear,Yard,Single Car,0,1021,0,13151,M202,29.816562,-95.287975,58.3,63.8,65.6
UP,1019HO011,2019-10-24,4:30 PM,Other impacts,0,HOUSTON,TX,81,2,Day,Clear,Yard,Single Car,7,100,0,19512,S007,29.793421,-95.298779,70.3,72.4,56.4
UP,1216HO001,2016-12-02,9:15 PM,Other impacts,0,HOUSTON,TX,55,4,Dark,Rain,Yard,Yard/switching,10,0,0,20347,M407,29.795899,-95.291102,56.8,58,54.5
UP,0518HO004,2018-05-02,5:20 AM,Other impacts,0,HOUSTON,TX,75,4,Dark,Clear,Yard,Yard/switching,4,14273,7070,21343,M411,29.812064,-95.289299,74,78.7,78.3
UP,0317HO050,2017-03-18,10:00 PM,Derailment,0,HOUSTON,TX,72,4,Dark,Clear,Yard,Single Car,0,1256,0,24514,S011,29.79624,-95.295582,70.2,72,72.7
BNSF,RD1122120,2022-11-17,11:30 AM,Derailment,0,HOUSTON,TX,55,2,Day,Cloudy,Yard,Yard/switching,9,22000,2500,24500,H307,29.629413,-95.306882,45.8,50.7,52.2
UP,0317HO050,2017-03-18,10:00 PM,Derailment,0,HOUSTON,TX,72,4,Dark,Clear,Yard,Freight Train,4,22658,600,24514,S011,29.79624,-95.295582,70.2,72,72.7
UP,0320HO026,2020-03-22,4:00 AM,Other impacts,0,HOUSTON,TX,69,1,Dawn,Cloudy,Yard,Single Car,0,113,0,36685,M599,29.770121,-95.2917,58.9,67.8,76
UP,0817HO029,2017-08-17,3:38 AM,Other impacts,0,HOUSTON,TX,85,4,Dark,Cloudy,Yard,Single Car,0,67827,66,68980,S007,29.795491,-95.295205,87.5,88.5,87.7
UP,1217HO009,2017-12-11,3:10 AM,Derailment,0,HOUSTON,TX,46,4,Dark,Clear,Yard,Yard/switching,0,13586,0,25145,S007,29.795599,-95.29525,53.1,59.1,56.2
UP,0816HO038,2016-08-14,5:45 PM,Other (describe in narrative),0,HOUSTON,TX,90,2,Day,Clear,Main,,0,0,3664,26764,E79L,29.737146,-95.313252,84.1,79,79.1
UP,0316HO018,2016-03-22,7:55 AM,Hwy-rail crossing,0,HOUSTON,TX,65,2,Day,Clear,Main,Freight Train,25,1015,26950,27965,M302,29.81813,-95.483472,54.1,61.8,69
UP,1015HO002,2015-10-01,7:35 AM,Derailment,0,HOUSTON,TX,77,2,Day,Clear,Main,,0,0,237295,301070,H503,29.810558,-95.262275,81.5,79.7,73.7
BNSF,RD1117119,2017-11-20,6:20 PM,Derailment,0,HOUSTON,TX,60,3,Dusk,Clear,Yard,Yard/switching,10,14418,7400,21818,M501,29.914269,-95.508707,57,58.1,66.4
UP,0616HO040,2016-06-24,2:00 PM,Other impacts,0,HOUSTON,TX,92,2,Day,Cloudy,Yard,Single Car,0,659,0,11527,M204,29.807805,-95.292335,84.5,84.1,84.3
UP,1122HO020,2022-11-18,7:28 AM,Other impacts,0,HOUSTON,TX,49,2,Day,Cloudy,Yard,Yard/switching,1,4197,0,40124,H318,29.822883,-95.28916,50.7,52.2,45.6
BNSF,RD0815100,2015-08-19,4:45 AM,Derailment,0,HOUSTON,TX,82,1,Dawn,Clear,Yard,Yard/switching,9,6196,5500,11696,E46C,29.629969,-95.306984,85.5,80.7,76
UP,0324HO025,2024-03-20,6:43 AM,Hwy-rail crossing,0,HOUSTON,TX,57,1,Dawn,Cloudy,Main,Freight Train,17,0,38777,38777,M304,29.675743,-95.380033,56.8,61.9,63.8
UP,0218HO031,2018-02-18,7:00 AM,Other (describe in narrative),0,HOUSTON,TX,61,2,Day,Cloudy,Yard,Single Car,0,42877,0,43189,M201,29.805879,-95.288442,69.3,68,72.6
UP,0822HO008,2022-08-06,12:05 PM,Other impacts,0,HOUSTON,TX,83,2,Day,Cloudy,Yard,Single Car,0,0,0,25939,M407,29.795634,-95.295273,80.8,80.2,84.8
PTRA,2024014,2024-08-24,1:15 AM,Raking collision,0,HOUSTON,TX,80,4,Dark,Clear,Yard,Freight Train,6,189881,0,189881,H018,29.748936,-95.213293,87.2,86.4,86.6
UP,0617HO024,2017-06-12,10:36 AM,Other impacts,0,HOUSTON,TX,85,2,Day,Clear,Yard,Single Car,0,7581,0,13957,S016,29.79544,-95.29432,81.6,83,82.7
UP,0320HO011,2020-03-14,12:55 AM,Other impacts,0,HOUSTON,TX,71,4,Dark,Cloudy,Yard,Yard/switching,2,44044,0,216105,S007,29.793435,-95.300941,74.5,75,74.5
UP,0921HO007,2021-09-07,6:58 AM,Other impacts,0,HOUSTON,TX,77,1,Dawn,Clear,Yard,Single Car,5,4273,0,24397,M411,29.796298,-95.292014,82.7,82.4,82.8
UP,0223HO007,2023-02-04,9:22 PM,Other impacts,0,HOUSTON,TX,53,4,Dark,Clear,Yard,Yard/switching,10,13277,0,13277,S007,29.796081,-95.291556,47.3,52.3,61.9
UP,0321HO011,2021-03-08,11:24 AM,Other impacts,0,HOUSTON,TX,64,2,Day,Cloudy,Yard,Yard/switching,8,7779,1066,16161,H602,29.796055,-95.291181,56.1,59.6,65.2
UP,0120HO024,2020-01-25,4:37 PM,Other impacts,0,HOUSTON,TX,65,2,Day,Cloudy,Yard,Yard/switching,10,93750,132,115154,M407,29.795634,-95.295274,56.6,59.6,65.1
UP,1021HO026,2021-10-31,10:15 AM,Derailment,0,HOUSTON,TX,66,2,Day,Clear,Yard,Freight Train,5,61578,70175,131753,H704,29.806319,-95.288631,64.4,69.7,68.9
UP,0818HO033,2018-08-18,4:45 PM,Derailment,0,HOUSTON,TX,90,2,Day,Clear,Yard,Yard/switching,4,26351,450,89405,M201,29.826486,-95.289173,86.4,86.8,86.6
UP,1121HO019,2021-11-13,7:00 PM,Hwy-rail crossing,0,HOUSTON,TX,70,3,Dusk,Clear,Main,Freight Train,30,0,23200,23200,M304,29.818138,-95.48348,65.5,58.5,65.1
UP,1121HO003,2021-11-04,2:36 AM,Other impacts,0,HOUSTON,TX,52,4,Dark,Rain,Yard,Single Car,0,45588,0,68411,M411,29.790798,-95.305583,63.4,52.4,55.7
UP,0922HO020,2022-09-17,8:00 AM,Other impacts,0,HOUSTON,TX,76,2,Day,Clear,Yard,Yard/switching,3,5928,3170,35059,M408,29.795155,-95.295892,80.7,83,83.3
UP,0223HO031,2023-02-25,12:30 AM,Other impacts,0,HOUSTON,TX,72,4,Dark,Fog,Yard,Cut of cars,5,6566,0,147730,S016,29.796943,-95.291516,73.1,72.4,73.3
UP,1218GC058,2018-12-24,5:00 PM,Derailment,0,HOUSTON,TX,61,2,Day,Cloudy,Yard,Yard/switching,7,111132,58118,169250,T221,29.79078,-95.300908,62.1,57.1,64.3
WATX,210123005,2021-01-23,10:00 PM,Derailment,0,HOUSTON,TX,70,4,Dark,Fog,Yard,Yard/switching,7,372436,17319,389755,T221,29.756852,-95.199328,64.2,60.8,67.2
UP,1120HO019,2020-11-23,2:56 AM,Derailment,0,HOUSTON,TX,64,4,Dark,Clear,Yard,Yard/switching,2,84136,2788,86924,E09C,29.798926,-95.287612,71.7,61.6,70.8
UP,1023HO010,2023-10-06,6:50 PM,Derailment,0,HOUSTON,TX,81,3,Dusk,Clear,Main,Freight Train,1,11492,3180,14672,E71L,29.771219,-95.328597,75.3,75.5,71.1
UP,0520HO016,2020-05-22,5:00 PM,Raking collision,0,HOUSTON,TX,91,2,Day,Clear,Yard,Freight Train,4,194564,4993,199657,H008,29.790912,-95.307439,82.1,83.1,84.1
UP,0823HO029,2023-08-26,12:25 PM,Derailment,0,HOUSTON,TX,94,2,Day,Clear,Yard,Yard/switching,3,101492,83140,184632,M411,29.795504,-95.29436,90.5,89.4,90.7
UP,1222HO022,2022-12-16,10:50 PM,Other impacts,0,HOUSTON,TX,44,4,Dark,Clear,Yard,Yard/switching,4,27206,0,130270,M407,29.796574,-95.291673,54.6,54.2,48.3
BNSF,RD0624102,2024-06-06,4:10 PM,Derailment,0,HOUSTON,TX,88,2,Day,Clear,Yard,Yard/switching,3,15500,4392,19892,M505,29.913479,-95.506774,79.1,85.3,86.1
UP,0424HO026,2024-04-10,2:50 AM,Other impacts,0,HOUSTON,TX,74,4,Dark,Cloudy,Yard,Yard/switching,7,26885,0,26885,M411,29.813084,-95.288881,74.4,69,69.3
UP,1222HO022,2022-12-16,10:50 PM,Other impacts,0,HOUSTON,TX,44,4,Dark,Clear,Yard,Cut of cars,5,24607,0,130270,M407,29.796574,-95.291673,54.6,54.2,48.3
PTRA,2018000039,2018-10-17,3:10 AM,Raking collision,0,HOUSTON,TX,60,4,Dark,Clear,Yard,Cut of cars,3,12500,3000,15500,H020,29.713352,-95.257072,58.9,59.8,64.5
UP,0123HO016,2023-01-18,7:40 PM,Obstruction,0,HOUSTON,TX,66,3,Dusk,Cloudy,Main,Freight Train,15,58904,0,58904,M402,29.645759,-95.311868,70.1,69.5,63.4
UP,1121HO027,2021-11-25,3:30 PM,Derailment,0,HOUSTON,TX,57,2,Day,Clear,Yard,Yard/switching,5,6414,6650,13064,E39C,29.789887,-95.310558,68.8,63.8,51.3
UP,0119GC029,2019-01-06,12:10 AM,Derailment,0,HOUSTON,TX,53,4,Dark,Clear,Main,Freight Train,3,24768,50712,75480,E59C,29.754705,-95.302403,58.4,62.1,66.4
UP,0523HO033,2023-05-26,6:45 AM,Derailment,0,HOUSTON,TX,69,1,Dawn,Clear,Yard,Yard/switching,8,69589,224130,293719,H503,29.794718,-95.299048,77.7,80.4,80.2
BNSF,RD1221107,2021-12-08,1:30 PM,Derailment,0,HOUSTON,TX,80,2,Day,Clear,Industry,Yard/switching,7,19043,0,23834,H503,29.850602,-95.113706,59.1,63.1,74.2
UP,0223HO003,2023-02-02,12:15 PM,Derailment,0,HOUSTON,TX,39,2,Day,Rain,Yard,Yard/switching,4,76381,500,76881,S016,29.796867,-95.292139,38.1,39.5,47.3
UP,0718HO027,2018-07-20,8:30 AM,Obstruction,0,HOUSTON,TX,84,2,Day,Clear,Yard,Yard/switching,3,132210,47342,179552,M404,29.823613,-95.289713,86.7,87.6,87.4