reportingrailroadcode,accidentnumber,date,time,accidenttype,hazmatreleasedcars,station,stateabbr,temperature,visibility_code,visibility,weathercondition,tracktype,equipmenttype,trainspeed,equipmentdamagecost,trackdamagecost,totaldamagecost,primaryaccidentcausecode,latitude,longitude,prior_temp,actual_temp,following_temp
WATX,240622001,2024-06-22,8:00 AM,Other impacts,0,HOUSTON,TX,85,2,Day,Clear,Industry,Cut of cars,0,43065,0,53065,H607,29.69955,-95.25209,83.2,84.5,84.8
UP,0722HO014,2022-07-18,9:40 AM,Derailment,0,HOUSTON,TX,84,2,Day,Clear,Yard,Yard/switching,7,52771,0,104967,M404,29.793852,-95.294324,87,86.6,86.3
PTRA,2022000035,2022-07-17,11:22 AM,Side collision,0,HOUSTON,TX,82,2,Day,Clear,Yard,Freight Train,1,48000,4500,52818,H307,29.716706,-95.267456,86.1,87,86.6
BNSF,RD0220131,2020-02-29,3:14 AM,Side collision,0,HOUSTON,TX,47,4,Dark,Clear,Yard,Cut of cars,0,37405,0,66800,H306,29.70096,-95.28075,55.7,60.2,66.6
UP,0223HO031,2023-02-25,12:30 AM,Other impacts,0,HOUSTON,TX,72,4,Dark,Fog,Yard,Cut of cars,5,1536,0,147730,S016,29.796943,-95.291516,73.1,72.4,73.3
UP,0624HO007,2024-06-04,10:45 AM,Hwy-rail crossing,0,HOUSTON,TX,87,2,Day,Cloudy,Main,Freight Train,30,5627,28445,34072,M304,29.893642,-95.590036,83.5,84.3,79.1
WATX,211202001,2021-12-02,10:36 AM,Hwy-rail crossing,0,HOUSTON,TX,72,2,Day,Clear,Industry,Yard/switching,7,40000,0,40000,M308,29.753435,-95.186218,67.3,68.4,69.8
UP,1220HO004,2020-12-07,4:15 AM,Other impacts,0,HOUSTON,TX,46,1,Dawn,Clear,Yard,Yard/switching,6,51305,216650,273149,M411,29.802689,-95.280469,54.3,55.4,60.6
UP,1019HO006,2019-10-07,1:57 AM,Other impacts,0,HOUSTON,TX,79,4,Dark,Clear,Yard,Yard/switching,2,21521,562,27041,H306,29.791624,-95.305979,83.2,78.6,73.6
UP,0223HO031,2023-02-25,12:30 AM,Other impacts,0,HOUSTON,TX,72,4,Dark,Fog,Yard,Yard/switching,4,110828,28800,147730,S016,29.796943,-95.291516,73.1,72.4,73.3
UP,0323HO013,2023-03-08,7:30 AM,Other (describe in narrative),0,HOUSTON,TX,67,2,Day,Clear,Yard,Single Car,0,14055,0,14055,M411,29.796942,-95.291708,74,73.7,74
UP,0718HO044,2018-07-21,6:00 PM,Other (describe in narrative),0,HOUSTON,TX,90,3,Dusk,Cloudy,Main,,0,0,48650,49150,H403,29.719451,-95.274764,87.6,87.4,87.8
UP,0321HO028,2021-03-24,10:19 AM,Other impacts,0,HOUSTON,TX,66,2,Day,Rain,Yard,Yard/switching,0,22513,99,69575,M407,29.791692,-95.301811,71.1,66.2,70.5
UP,0323HO017,2023-03-12,6:30 AM,Other (describe in narrative),0,HOUSTON,TX,70,1,Dawn,Cloudy,Yard,Yard/switching,4,23768,0,23768,M411,29.816384,-95.288021,74.5,72.2,59.9
BNSF,RD0918129,2018-09-20,5:36 AM,Side collision,0,HOUSTON,TX,85,1,Dawn,Clear,Yard,Yard/switching,5,10328,0,37366,H318,29.706502,-95.329434,85.3,83.2,82.3
UP,0818HO044,2018-08-25,8:30 PM,Derailment,0,HOUSTON,TX,80,4,Dark,Cloudy,Yard,Light loco(s),4,18620,7400,26020,H702,29.795848,-95.295369,86.5,86.3,85.6
UP,1021HO025,2021-10-28,9:30 PM,Other impacts,0,HOUSTON,TX,70,4,Dark,Cloudy,Yard,Yard/switching,3,274,30500,31125,M411,29.814529,-95.288926,73.3,68.3,64.7
UP,1223HO050,2023-12-19,12:30 AM,Other (describe in narrative),0,HOUSTON,TX,70,4,Dark,Cloudy,Main,Freight Train,10,23804,0,23804,M202,29.802826,-95.288635,60.1,55.5,59.5
BNSF,RD0923133,2023-09-20,7:55 PM,Derailment,0,HOUSTON,TX,80,3,Dusk,Clear,Yard,Yard/switching,3,26903,2500,29403,H306,29.690211,-95.325163,83,83.5,85.6
UP,0320HO026,2020-03-22,4:00 AM,Other impacts,0,HOUSTON,TX,69,1,Dawn,Cloudy,Yard,Yard/switching,3,35780,792,36685,M599,29.770121,-95.2917,58.9,67.8,76
UP,1222HO040,2022-12-29,10:30 AM,Other impacts,0,HOUSTON,TX,73,2,Day,Clear,Yard,Single Car,0,0,0,77301,E29C,29.78873,-95.309052,60.7,68.8,63.7
UP,1022HO018,2022-10-20,12:48 AM,Derailment,0,HOUSTON,TX,51,4,Dark,Clear,Main,Freight Train,7,297072,200,297272,H514,29.765811,-95.312582,56.8,66.5,71
BNSF,RD0220131,2020-02-29,3:14 AM,Side collision,0,HOUSTON,TX,47,4,Dark,Clear,Yard,Yard/switching,5,22895,6500,66800,H306,29.70096,-95.332807,55.7,60.2,66.6
UP,1222HO017,2022-12-14,1:51 PM,Other (describe in narrative),0,HOUSTON,TX,66,2,Day,Clear,Yard,Single Car,0,13290,0,13290,M411,29.793755,-95.296553,73.5,62.9,54.6
UP,1018HO021,2018-10-13,7:00 AM,Derailment,0,HOUSTON,TX,75,2,Day,Clear,Yard,Yard/switching,4,14332,1800,16132,H702,29.825026,-95.288528,75.4,80.5,82.2
UP,0518HO003,2018-05-01,2:45 PM,Derailment,0,HOUSTON,TX,77,2,Day,Cloudy,Yard,Light loco(s),5,23000,66,23066,H307,29.822149,-95.290364,71.6,74,78.7
UP,0818HO017,2018-08-12,2:00 AM,Derailment,0,HOUSTON,TX,80,4,Dark,Cloudy,Yard,Yard/switching,4,12461,3457,15918,M410,29.795556,-95.295232,81.8,84.5,85.5
UP,0822HO008,2022-08-06,12:05 PM,Other impacts,0,HOUSTON,TX,83,2,Day,Cloudy,Yard,Yard/switching,19,25873,66,25939,M407,29.795634,-95.295273,80.8,80.2,84.8
UP,0822HO038,2022-08-28,10:05 PM,Derailment,0,HOUSTON,TX,83,4,Dark,Clear,Yard,Light loco(s),3,1641,12807,14448,H707,29.798443,-95.288397,82.1,83.1,78.8
UP,0620HO019,2020-06-19,9:30 PM,Other impacts,0,HOUSTON,TX,81,4,Dark,Cloudy,Yard,Yard/switching,6,36985,0,55748,S007,29.79395,-95.294393,82.5,82.3,81
BNSF,RD1023106,2023-10-02,10:40 PM,Derailment,0,HOUSTON,TX,83,4,Dark,Clear,Yard,Yard/switching,4,12987,2500,15487,H307,29.709356,-95.33117,82.9,81.7,77.1
UP,0122HO026,2022-01-27,1:31 PM,Other impacts,0,HOUSTON,TX,57,2,Day,Clear,Yard,Single Car,5,11875,198,20349,M404,29.786151,-95.319258,47.6,52,51.1
BNSF,RD1023131,2023-10-24,5:45 PM,Derailment,0,HOUSTON,TX,80,3,Dusk,Clear,Yard,Light loco(s),6,600,13860,14460,H307,29.717616,-95.333508,77.5,78.1,78.8
UP,0224HO024,2024-02-18,10:00 AM,Other impacts,0,HOUSTON,TX,42,2,Day,Clear,Yard,Cut of cars,2,42691,0,87477,M408,29.815826,-95.289237,48,45.4,53.7
UP,0820HO006,2020-08-07,11:06 PM,Derailment,0,HOUSTON,TX,82,4,Dark,Cloudy,Yard,Yard/switching,6,31279,3454,34733,H607,29.769704,-95.291933,85.1,85.5,85.5
UP,1221HO017,2021-12-13,11:01 AM,Other (describe in narrative),0,HOUSTON,TX,59,2,Day,Clear,Yard,Yard/switching,0,29373,0,29373,M411,29.796401,-95.291406,51.1,61,72
UP,0118HO013,2018-01-13,11:08 AM,Other impacts,0,HOUSTON,TX,50,2,Day,Clear,Yard,Yard/switching,5,2733,99,53253,H607,29.809692,-95.288721,40.2,41.6,43.5
UP,1020HO017,2020-10-22,2:12 AM,Derailment,0,HOUSTON,TX,73,4,Dark,Clear,Yard,Yard/switching,5,33892,5846,39738,H607,29.829064,-95.28895,76.9,77.5,75.2
UP,0724HO024,2024-07-21,12:30 PM,Other impacts,0,HOUSTON,TX,95,2,Day,Cloudy,Yard,Single Car,2,0,0,88224,M411,29.814947,-95.288085,84.3,84,81.9
BNSF,RD0122126,2022-01-24,11:45 AM,Other impacts,0,HOUSTON,TX,54,2,Day,Cloudy,Yard,Yard/switching,7,55904,0,55904,H318,29.634894,-95.308355,48.9,50,51.1
UP,0423HO007,2023-04-05,5:07 PM,Obstruction,0,HOUSTON,TX,63,2,Day,Cloudy,Yard,Freight Train,5,17340,25715,43055,M409,29.816371,-95.287553,77,71.1,59.7
UP,0724HO005,2024-07-03,3:00 PM,Other impacts,0,HOUSTON,TX,93,2,Day,Clear,Yard,Yard/switching,16,625,2160,51733,M407,29.796146,-95.294672,87.7,86.3,87.2
UP,0223HO037,2023-02-28,7:50 PM,Other (describe in narrative),0,HOUSTON,TX,76,3,Dusk,Clear,Yard,Yard/switching,3,108392,0,108392,M411,29.794618,-95.294741,74.4,72.8,75
WATX,240622001,2024-06-22,8:00 AM,Other impacts,0,HOUSTON,TX,85,2,Day,Clear,Industry,Light loco(s),4,10000,0,53065,H607,29.69955,-95.25209,83.2,84.5,84.8
UP,0722HO014,2022-07-18,9:40 AM,Derailment,0,HOUSTON,TX,84,2,Day,Clear,Yard,Single Car,0,51980,216,104967,M404,29.793852,-95.294324,87,86.6,86.3
UP,0821HO007,2021-08-07,11:50 PM,Hwy-rail crossing,0,HOUSTON,TX,83,4,Dark,Cloudy,Main,Freight Train,14,120,18200,18320,M308,29.783457,-95.348729,81.4,84,85.1
UP,0619GC010,2019-06-09,1:44 PM,Derailment,0,HOUSTON,TX,97,2,Day,Clear,Yard,Yard/switching,4,15385,99,15484,H703,29.793572,-95.294175,87,88.5,84.9
UP,0322HO002,2022-03-02,2:04 AM,Derailment,0,HOUSTON,TX,55,4,Dark,Cloudy,Yard,Yard/switching,5,2242,16170,18412,H702,29.771274,-95.291148,57.4,60.5,63.8
BNSF,RD0521115,2021-05-15,3:00 AM,Side collision,0,HOUSTON,TX,85,4,Dark,Clear,Yard,Freight Train,0,33750,0,79800,H307,29.760882,-95.293434,72.5,73.3,73.1
UP,0624HO017,2024-06-13,11:00 AM,Other impacts,0,HOUSTON,TX,87,2,Day,Cloudy,Yard,Yard/switching,2,45627,0,45627,M411,29.825166,-95.288278,80.7,84.5,86.4
UP,0620ES060,2020-06-25,1:30 PM,Obstruction,0,HOUSTON,TX,77,2,Day,Clear,Main,Spec. MoW Equip.,8,14424,0,14424,H993,29.768654,-95.344739,77.9,78.1,80.7
BNSF,RD0923125,2023-09-15,12:38 AM,Derailment,0,HOUSTON,TX,82,4,Dark,Rain,Yard,Freight Train,8,128939,4090,133029,H307,29.91385,-95.508364,79.1,78,78.1
UP,0724HO005,2024-07-03,3:00 PM,Other impacts,0,HOUSTON,TX,93,2,Day,Clear,Yard,Cut of cars,0,48948,0,51733,M407,29.796146,-95.294672,87.7,86.3,87.2
UP,0223HO021,2023-02-18,1:42 AM,Other impacts,0,HOUSTON,TX,40,4,Dark,Clear,Yard,Yard/switching,10,25022,0,25022,S007,29.796903,-95.291988,44.5,47.7,61
PTRA,PTRA00014F,2023-02-27,5:25 PM,Other (describe in narrative),0,HOUSTON,TX,80,2,Day,Clear,Yard,Yard/switching,8,16700,0,16700,H601,29.715166,-95.262868,73.3,74.4,72.8
UP,0522HO027,2022-05-23,9:49 AM,Derailment,0,HOUSTON,TX,73,2,Day,Cloudy,Yard,Yard/switching,1,42540,129500,172040,H305,29.793131,-95.293893,76.8,74.5,75.3
PTRA,2022000048,2022-10-10,8:30 PM,Side collision,0,HOUSTON,TX,82,4,Dark,Clear,Industry,Freight Train,5,13100,0,13100,H302,29.759959,-95.173675,75.2,75,75.3
PTRA,2018000034,2018-09-08,2:45 AM,Derailment,0,HOUSTON,TX,80,4,Dark,Clear,Yard,Yard/switching,6,9500,10000,19500,H318,29.761067,-95.294115,83.2,84.2,79
UP,0523HO036,2023-05-27,4:15 PM,Derailment,0,HOUSTON,TX,90,2,Day,Clear,Yard,Yard/switching,4,10800,2599,13399,M407,29.794173,-95.298793,80.4,80.2,79.4
UP,0118HO013,2018-01-13,11:08 AM,Other impacts,0,HOUSTON,TX,50,2,Day,Clear,Yard,Yard/switching,8,50421,0,53253,H607,29.809692,-95.288721,40.2,41.6,43.5
BNSF,RD0723119,2023-07-21,4:45 PM,Derailment,0,HOUSTON,TX,103,2,Day,Clear,Yard,Yard/switching,5,4459,8577,13036,H306,29.913581,-95.497292,86.7,86.8,88.5
PTRA,PTRA00045F,2024-03-27,8:50 PM,Side collision,0,HOUSTON,TX,58,4,Dark,Clear,Yard,Freight Train,7,103850,0,103850,H318,29.760632,-95.293751,62.3,59.5,63.8
UP,0123HO036,2023-01-31,11:20 PM,Derailment,0,HOUSTON,TX,52,4,Dark,Rain,Yard,Yard/switching,4,148958,1122,150080,M407,29.793269,-95.299199,44.4,38.3,38.1
UP,0421HO017,2021-04-19,4:57 PM,Derailment,0,HOUSTON,TX,72,2,Day,Cloudy,Yard,Yard/switching,10,110403,25304,135707,M401,29.796942,-95.291708,57.7,63,68.3
UP,0617HO024,2017-06-12,10:36 AM,Other impacts,0,HOUSTON,TX,85,2,Day,Clear,Yard,Single Car,0,1182,0,13957,S016,29.79544,-95.29432,81.6,83,82.7
UP,0520HO016,2020-05-22,5:00 PM,Raking collision,0,HOUSTON,TX,91,2,Day,Clear,Yard,Light loco(s),4,100,0,199657,H008,29.790912,-95.307439,82.1,83.1,84.1
UP,1120HO028,2020-11-25,5:02 PM,Hwy-rail crossing,0,HOUSTON,TX,69,3,Dusk,Clear,Main,,0,0,550,20677,M304,29.8682,-95.12819,70.8,68.1,65.9
UP,0318HO041,2018-03-26,12:30 PM,Other (describe in narrative),0,HOUSTON,TX,75,2,Day,Clear,Yard,Single Car,0,12928,0,12928,M201,29.8135,-95.287909,73.1,73.9,74.3
UP,0120HO002,2020-01-08,1:00 AM,Other impacts,0,HOUSTON,TX,52,4,Dark,Clear,Yard,Light loco(s),4,9459,554,238805,H307,29.816412,-95.289858,59.3,57.9,67.9
UP,0520ME020,2020-05-22,10:00 AM,Fire/violent rupture,0,HOUSTON,TX,83,2,Day,Cloudy,Yard,Light loco(s),0,38520,0,38520,E73L,29.814421,-95.312561,82.1,83.1,84.1
PTRA,2018000012,2018-02-21,5:30 PM,Derailment,1,HOUSTON,TX,65,2,Day,Clear,Industry,Yard/switching,9,89500,12000,101500,H099,29.723924,-95.261846,73.5,65.5,61.4
UP,0818HO007,2018-08-06,2:30 PM,Derailment,0,HOUSTON,TX,92,2,Day,Clear,Industry,Freight Train,5,6180,9345,15525,E63C,29.633298,-95.206336,84.2,84.3,83.7
UP,1019HO006,2019-10-07,1:57 AM,Other impacts,0,HOUSTON,TX,79,4,Dark,Clear,Yard,Yard/switching,4,4958,0,27041,H306,29.791624,-95.305979,83.2,78.6,73.6
UP,0922HO021,2022-09-14,5:43 PM,Other impacts,0,HOUSTON,TX,86,2,Day,Clear,Yard,Single Car,0,27894,0,27894,M411,29.817811,-95.287881,80.4,79.4,80.4
UP,0818HO033,2018-08-18,4:45 PM,Derailment,0,HOUSTON,TX,90,2,Day,Clear,Yard,Yard/switching,4,62604,0,89405,M201,29.826486,-95.289173,86.4,86.8,86.6
PTRA,PTRA00003F,2022-11-19,6:04 PM,Raking collision,0,HOUSTON,TX,46,4,Dark,Clear,Yard,Cut of cars,6,30000,1000,91700,H021,29.424797,-95.15609,52.2,45.6,47.2
UP,1119HO022,2019-11-19,11:58 PM,Other impacts,0,HOUSTON,TX,63,4,Dark,Clear,Yard,Yard/switching,3,18666,0,20732,H306,29.794097,-95.294457,63.2,66.3,70.9
PTRA,PTRA00003F,2022-11-19,6:04 PM,Raking collision,0,HOUSTON,TX,46,4,Dark,Clear,Yard,Yard/switching,7,58200,2500,91700,H021,29.424797,-95.152609,52.2,45.6,47.2
PTRA,2022000028,2022-06-22,3:00 AM,Side collision,0,HOUSTON,TX,75,4,Dark,Clear,Main,Freight Train,15,17076,0,67076,M302,29.720794,-95.157714,85.8,86.2,87
UP,0423HO011,2023-04-05,10:27 AM,Other (describe in narrative),0,HOUSTON,TX,78,2,Day,Clear,Yard,Single Car,0,15344,0,15344,M411,29.815804,-95.28796,77,71.1,59.7
BNSF,RD0519120,2019-05-19,8:00 PM,Derailment,0,HOUSTON,TX,80,3,Dusk,Clear,Yard,Yard/switching,3,12500,3500,16000,H702,29.702955,-95.327629,80,83.9,82.8
UP,0422HO028,2022-04-28,12:05 AM,Derailment,0,HOUSTON,TX,68,4,Dark,Clear,Yard,Yard/switching,4,24119,377,24496,S013,29.79594,-95.291281,70.3,72.5,74.6
WATX,190205002,2019-02-05,8:20 PM,Other impacts,0,HOUSTON,TX,48,4,Dark,Rain,Yard,Yard/switching,2,65000,0,65000,H018,29.755538,-95.196294,70.3,70.6,73.5
UP,0724HO024,2024-07-21,12:30 PM,Other impacts,0,HOUSTON,TX,95,2,Day,Cloudy,Yard,Yard/switching,7,54344,33880,88224,M411,29.814947,-95.288085,84.3,84,81.9
UP,1020HO003,2020-10-06,12:15 AM,Derailment,0,HOUSTON,TX,72,4,Dark,Cloudy,Yard,Yard/switching,4,99146,56405,155551,E69C,29.816389,-95.288511,73.4,74.2,76
UP,0920HO032,2020-09-25,5:10 PM,Derailment,0,HOUSTON,TX,84,2,Day,Clear,Yard,Yard/switching,5,203177,113238,316415,H607,29.771635,-95.29084,70.6,75,77
UP,0518HO026,2018-05-14,9:00 AM,Other impacts,0,HOUSTON,TX,80,2,Day,Clear,Yard,Yard/switching,4,5535,0,64383,M201,29.826483,-95.290172,81.2,80.7,81.3
UP,0618HO011,2018-06-07,12:05 AM,Derailment,0,HOUSTON,TX,88,4,Dark,Cloudy,Yard,Yard/switching,4,4772,10062,14834,T220,29.796349,-95.295631,83.5,83.6,83.3
UP,1122HO020,2022-11-18,7:28 AM,Other impacts,0,HOUSTON,TX,49,2,Day,Cloudy,Yard,Yard/switching,0,35927,0,40124,H318,29.822883,-95.28916,50.7,52.2,45.6
UP,0919HO019,2019-09-20,4:30 AM,Other (describe in narrative),0,HOUSTON,TX,79,1,Dawn,Cloudy,Yard,Yard/switching,5,100,51788,51888,E30C,29.788444,-95.304455,77.2,80.6,82.7
UP,0120HO024,2020-01-25,4:37 PM,Other impacts,0,HOUSTON,TX,65,2,Day,Cloudy,Yard,Single Car,0,21272,0,115154,M407,29.795634,-95.295274,56.6,59.6,65.1
UP,0419GC053,2019-04-27,11:49 AM,Derailment,0,HOUSTON,TX,81,2,Day,Clear,Yard,Freight Train,7,17406,1100,18506,E65C,29.794969,-95.290696,77.6,74.9,73.9
UP,0221HO017,2021-02-11,8:00 AM,Other impacts,0,HOUSTON,TX,39,2,Day,Rain,Yard,Single Car,0,52159,0,74702,S007,29.796631,-95.291505,59,40.5,35.3
UP,1222HO040,2022-12-29,10:30 AM,Other impacts,0,HOUSTON,TX,73,2,Day,Clear,Yard,Yard/switching,2,77202,99,77301,E29C,29.78873,-95.309052,60.7,68.8,63.7
UP,1121HO003,2021-11-04,2:36 AM,Other impacts,0,HOUSTON,TX,52,4,Dark,Rain,Yard,Single Car,0,22823,0,68411,M411,29.790798,-95.305583,63.4,52.4,55.7
UP,0524HO025,2024-05-16,6:30 PM,Other impacts,0,HOUSTON,TX,78,3,Dusk,Rain,Yard,Single Car,2,78,0,37915,M102,29.812794,-95.288639,81.4,75.9,69.8
UP,0823HO034,2023-08-31,3:34 PM,Hwy-rail crossing,0,HOUSTON,TX,100,2,Day,Cloudy,Main,Freight Train,37,9024,185433,194457,M303,29.930165,-95.641933,87.4,87.6,87.8
UP,0319GC004,2019-03-02,6:30 AM,Other impacts,0,HOUSTON,TX,57,1,Dawn,Cloudy,Yard,Single Car,0,159,0,24951,S007,29.792576,-95.298006,55.5,65.3,55.5
UP,1122HO004,2022-11-08,8:10 AM,Derailment,0,HOUSTON,TX,72,2,Day,Cloudy,Main,Freight Train,4,32691,1559,34250,H704,29.7862,-95.43969,76.3,75.6,74.8
UP,0721HO005,2021-07-08,5:45 AM,Derailment,0,HOUSTON,TX,77,1,Dawn,Rain,Yard,Freight Train,4,18995,4720,23715,E39C,29.794969,-95.290696,79.2,77.6,75.6
UP,0620HO019,2020-06-19,9:30 PM,Other impacts,0,HOUSTON,TX,81,4,Dark,Cloudy,Yard,Cut of cars,0,18763,0,55748,S007,29.79395,-95.294393,82.5,82.3,81
UP,0524HO025,2024-05-16,6:30 PM,Other impacts,0,HOUSTON,TX,78,3,Dusk,Rain,Yard,Cut of cars,5,37837,0,37915,M102,29.812794,-95.288639,81.4,75.9,69.8
UP,0119GC031,2019-01-04,1:10 AM,Other impacts,0,HOUSTON,TX,41,4,Dark,Clear,Yard,Light loco(s),0,8349,0,37649,H307,29.790761,-95.305567,48.3,49.9,58.4
UP,0518HO026,2018-05-14,9:00 AM,Other impacts,0,HOUSTON,TX,80,2,Day,Clear,Yard,Single Car,0,58848,0,64383,M201,29.826483,-95.290172,81.2,80.7,81.3
UP,0422HO011,2022-04-16,7:50 PM,Other impacts,0,HOUSTON,TX,79,3,Dusk,Cloudy,Yard,Yard/switching,3,132268,200,165616,H318,29.816697,-95.289353,73.5,75.5,77
UP,0223HO021,2023-02-18,1:42 AM,Other impacts,0,HOUSTON,TX,40,4,Dark,Clear,Yard,Single Car,1,0,0,25022,S007,29.796903,-95.291988,44.5,47.7,61
UP,0721HO015,2021-07-16,7:42 PM,Derailment,0,HOUSTON,TX,86,3,Dusk,Clear,Yard,Yard/switching,4,17308,3598,20906,E07C,29.829187,-95.288277,82.5,83.5,84.7
UP,0122HO026,2022-01-27,1:31 PM,Other impacts,0,HOUSTON,TX,57,2,Day,Clear,Yard,Single Car,5,8276,0,20349,M404,29.786151,-95.319258,47.6,52,51.1
UP,0221HO005,2021-02-05,3:22 AM,Derailment,0,HOUSTON,TX,53,4,Dark,Cloudy,Yard,Yard/switching,4,285130,15845,300975,H306,29.748698,-95.281814,67.6,50.9,55.1
BNSF,RD0122135,2022-01-31,3:30 PM,Derailment,0,HOUSTON,TX,60,2,Day,Rain,Yard,Yard/switching,3,68161,0,68161,H503,29.627419,-95.305405,56.5,58.2,61
UP,0323HO027,2023-03-30,3:50 AM,Other impacts,0,HOUSTON,TX,62,4,Dark,Cloudy,Yard,Yard/switching,2,285,0,43700,M408,29.79379,-95.300094,62.7,69.4,76.1
UP,0218HO032,2018-02-21,8:00 AM,Other (describe in narrative),0,HOUSTON,TX,68,2,Day,Cloudy,Yard,Single Car,0,19930,0,20342,M201,29.813514,-95.288011,73.5,65.5,61.4
UP,0421HO013,2021-04-14,7:40 PM,Derailment,0,HOUSTON,TX,68,3,Dusk,Cloudy,Main,,0,0,8140,131674,H514,29.736429,-95.340255,74.9,71.7,66.7
PTRA,2020000020,2020-10-05,10:00 PM,Raking collision,0,HOUSTON,TX,78,4,Dark,Clear,Yard,Yard/switching,11,10000,30000,40000,H318,29.76824,-95.292634,74.8,73.4,74.2
BNSF,RD0420111,2020-04-22,3:19 AM,Derailment,0,HOUSTON,TX,75,4,Dark,Cloudy,Yard,Yard/switching,4,8500,12000,20500,H307,29.629684,-95.302221,75.3,77.8,81.2
BNSF,RD0522120,2022-05-18,1:15 AM,Derailment,0,HOUSTON,TX,73,4,Dark,Clear,Yard,Yard/switching,8,5400,8200,13600,H607,29.924052,-95.514614,80.6,81.2,80.9
UP,0121HO020,2021-01-15,11:00 PM,Obstruction,0,HOUSTON,TX,42,4,Dark,Clear,Yard,Yard/switching,10,871,50144,51015,M409,29.794134,-95.298783,57,51.8,50.9
UP,0922HO011,2022-09-11,2:00 PM,Derailment,0,HOUSTON,TX,91,2,Day,Clear,Yard,Yard/switching,2,130857,3874,134731,M408,29.792499,-95.298482,82.5,83.6,82.1
UP,1222HO030,2022-12-24,1:15 PM,Derailment,0,HOUSTON,TX,37,2,Day,Clear,Yard,Yard/switching,10,1253,12060,13313,S006,29.816403,-95.288915,22.6,30.7,38.4
BNSF,RD0722128,2022-07-30,11:59 PM,Derailment,0,HOUSTON,TX,85,4,Dark,Clear,Yard,Freight Train,5,149804,3000,152804,H307,29.906534,-95.504382,85.1,85.7,85.7
UP,1120HO015,2020-11-18,8:50 PM,Derailment,0,HOUSTON,TX,61,4,Dark,Cloudy,Main,Freight Train,7,335446,14106,349552,H503,29.770143,-95.447458,63.1,62.7,67.2
UP,0220HO011,2020-02-09,3:50 PM,Derailment,0,HOUSTON,TX,72,2,Day,Cloudy,Yard,Yard/switching,2,13181,1200,14381,M405,29.82577,-95.290317,61.1,68,71.5
UP,0722HO001,2022-07-01,3:23 AM,Derailment,0,HOUSTON,TX,76,4,Dark,Rain,Yard,Freight Train,10,72910,71800,144710,E05C,29.766146,-95.326512,77.9,80.2,83.6
UP,0224HO030,2024-02-22,3:10 PM,Other impacts,0,HOUSTON,TX,76,2,Day,Clear,Yard,Single Car,2,673,0,18392,M411,29.819983,-95.288306,66.3,68.9,67.9
UP,0522HO024,2022-05-21,5:25 PM,Hwy-rail crossing,0,HOUSTON,TX,90,2,Day,Cloudy,Main,Freight Train,25,5753,11630,17383,M304,29.8682,-95.12819,82.2,83.7,76.8
UP,0617HO025,2017-06-13,10:30 AM,Derailment,0,HOUSTON,TX,86,2,Day,Clear,Main,Spec. MoW Equip.,5,34495,0,34495,E51C,29.809146,-95.265837,83,82.7,83.2
PTRA,2020000009,2020-05-06,2:45 AM,Derailment,0,HOUSTON,TX,70,4,Dark,Cloudy,Yard,Freight Train,10,7800,65820,74420,E46C,29.771491,-95.290385,80.5,75.7,74.7
PTRA,2024012,2024-08-11,4:10 AM,Raking collision,0,HOUSTON,TX,80,4,Dark,Clear,Yard,Freight Train,4,40810,0,40810,H318,29.761571,-95.292969,87.6,87.4,87.4
UP,0921HO007,2021-09-07,6:58 AM,Other impacts,0,HOUSTON,TX,77,1,Dawn,Clear,Yard,Yard/switching,5,20124,0,24397,M411,29.796298,-95.292014,82.7,82.4,82.8
PTRA,2019000005,2019-03-16,1:55 AM,Other impacts,0,HOUSTON,TX,48,4,Dark,Clear,Yard,Cut of cars,5,85000,3500,88500,H318,29.76175,-95.292808,58.4,56.3,57.5
UP,0218HO009,2018-02-05,3:15 AM,Fire/violent rupture,0,HOUSTON,TX,54,4,Dark,Cloudy,Main,Freight Train,8,100000,99,100099,E73L,29.730166,-95.293296,63.5,56.5,66.8
PTRA,2021000010,2021-05-15,3:00 AM,Side collision,0,HOUSTON,TX,85,4,Dark,Clear,Yard,Freight Train,2,45000,1050,79800,H307,29.760882,-95.293434,72.5,73.3,73.1
UP,1019HO011,2019-10-24,4:30 PM,Other impacts,0,HOUSTON,TX,81,2,Day,Clear,Yard,Yard/switching,0,19412,0,19512,S007,29.793421,-95.298779,70.3,72.4,56.4
UP,0620HO003,2020-06-03,11:34 AM,Other impacts,0,HOUSTON,TX,84,2,Day,Cloudy,Yard,Single Car,0,14290,3960,18559,M411,29.795813,-95.295353,81.7,80.7,82.6
UP,1121HO010,2021-11-07,6:01 PM,Other (describe in narrative),0,HOUSTON,TX,64,3,Dusk,Clear,Yard,Yard/switching,4,40381,0,40381,M411,29.82171,-95.288388,58.5,60.1,63.9
UP,0120HO002,2020-01-08,1:00 AM,Other impacts,0,HOUSTON,TX,52,4,Dark,Clear,Yard,Yard/switching,4,228792,0,238805,H307,29.816412,-95.289858,59.3,57.9,67.9
UP,0320HO011,2020-03-14,12:55 AM,Other impacts,0,HOUSTON,TX,71,4,Dark,Cloudy,Yard,Yard/switching,5,170597,1464,216105,S007,29.793435,-95.300941,74.5,75,74.5
UP,1221HO004,2021-12-08,1:30 PM,Derailment,0,HOUSTON,TX,70,2,Day,Clear,Industry,,0,0,4791,23834,H503,29.849183,-95.130211,59.1,63.1,74.2
UP,0623HO043,2023-06-10,9:50 PM,Other (describe in narrative),0,HOUSTON,TX,84,4,Dark,Cloudy,Yard,Freight Train,3,0,0,65000,H702,29.71607,-95.227925,82.4,82.7,82.7