reportingrailroadcode,accidentnumber,date,time,accidenttype,hazmatreleasedcars,station,stateabbr,temperature,visibility_code,visibility,weathercondition,tracktype,equipmenttype,trainspeed,equipmentdamagecost,trackdamagecost,totaldamagecost,primaryaccidentcausecode,latitude,longitude,prior_temp,actual_temp,following_temp
UP,0719HO025,2019-07-22,9:00 AM,Hwy-rail crossing,0,HOUSTON,TX,83,2,Day,Clear,Main,Freight Train,53,221,25099,25320,M304,29.631114,-95.507244,85.2,84.2,82
UP,0823HO006,2023-08-04,8:15 PM,Derailment,0,HOUSTON,TX,94,4,Dark,Clear,Yard,Yard/switching,6,18630,9620,28250,H503,29.797064,-95.293449,88.1,88.4,88.3
UP,1222HO003,2022-12-03,5:15 AM,Derailment,0,HOUSTON,TX,71,1,Dawn,Clear,Main,Freight Train,3,39936,23600,63536,H514,29.766181,-95.323541,67,71.6,63.6
BNSF,RD0320120,2020-03-18,5:15 PM,Derailment,0,HOUSTON,TX,77,3,Dusk,Cloudy,Yard,Yard/switching,5,24064,95000,119064,H607,29.698532,-95.327118,74.7,75.5,77.6
UP,1023HO007,2023-10-04,6:45 PM,Derailment,0,HOUSTON,TX,84,3,Dusk,Cloudy,Yard,Light loco(s),7,25686,1200,26886,H704,29.812347,-95.28939,77.1,79.9,75.3
UP,0321HO011,2021-03-08,11:24 AM,Other impacts,0,HOUSTON,TX,64,2,Day,Cloudy,Yard,Light loco(s),5,7316,0,16161,H602,29.796055,-95.291181,56.1,59.6,65.2
UP,0124HO031,2024-01-25,12:28 PM,Other (describe in narrative),0,HOUSTON,TX,67,2,Day,Clear,Yard,Yard/switching,2,12344,704,13048,E21C,29.789126,-95.304772,62.6,62.5,58.3
WATX,190621003,2019-06-21,12:35 AM,Derailment,0,HOUSTON,TX,80,4,Dark,Clear,Yard,Yard/switching,4,75000,11000,86000,H702,29.755385,-95.186294,85.9,86.7,86.4
UP,0822HO003,2022-08-02,4:50 PM,Derailment,0,HOUSTON,TX,99,2,Day,Clear,Yard,Yard/switching,18,136731,2706,139437,M407,29.796524,-95.292988,84.2,86.4,86.3
UP,0420HO005,2020-04-05,2:06 PM,Other impacts,0,HOUSTON,TX,69,2,Day,Cloudy,Yard,Yard/switching,3,11081,198,12568,M101,29.79604,-95.291863,61,66.3,71
UP,0319GC004,2019-03-02,6:30 AM,Other impacts,0,HOUSTON,TX,57,1,Dawn,Cloudy,Yard,Yard/switching,4,24726,66,24951,S007,29.792576,-95.298006,55.5,65.3,55.5
WATX,190827006,2019-08-27,11:00 PM,Other impacts,0,HOUSTON,TX,90,4,Dark,Clear,Industry,Single Car,5,52000,0,52000,M504,29.755385,-95.186294,86.8,86.2,83.3
UP,1021HO025,2021-10-28,9:30 PM,Other impacts,0,HOUSTON,TX,70,4,Dark,Cloudy,Yard,Single Car,5,351,0,31125,M411,29.814529,-95.288926,73.3,68.3,64.7
UP,1119HO002,2019-11-01,2:35 PM,Other (describe in narrative),0,HOUSTON,TX,61,2,Day,Clear,Yard,Single Car,0,21062,0,21062,M507,29.796381,-95.288568,46.9,50.1,57.5
BNSF,RD0322118,2022-03-19,6:25 PM,Derailment,0,HOUSTON,TX,67,3,Dusk,Clear,Yard,Freight Train,5,201823,8265,210088,M503,29.911895,-95.507251,65.7,63.2,62.7
PTRA,2022000028,2022-06-22,3:00 AM,Raking collision,0,HOUSTON,TX,75,4,Dark,Clear,Yard,Freight Train,8,50000,0,67076,H401,29.71614,-95.26462,85.8,86.2,87
UP,0420HO005,2020-04-05,2:06 PM,Other impacts,0,HOUSTON,TX,69,2,Day,Cloudy,Yard,Single Car,0,1289,0,12568,M101,29.79604,-95.291863,61,66.3,71
BNSF,RD0421105,2021-04-14,7:40 PM,Derailment,0,HOUSTON,TX,65,3,Dusk,Clear,Yard,Yard/switching,5,81534,42000,131674,H514,29.735498,-95.339851,74.9,71.7,66.7
UP,0224HO024,2024-02-18,10:00 AM,Other impacts,0,HOUSTON,TX,42,2,Day,Clear,Yard,Yard/switching,7,44586,200,87477,M408,29.815826,-95.289237,48,45.4,53.7
UP,0323HO027,2023-03-30,3:50 AM,Other impacts,0,HOUSTON,TX,62,4,Dark,Cloudy,Yard,Yard/switching,4,43217,198,43700,M408,29.79379,-95.300094,62.7,69.4,76.1
UP,1222HO022,2022-12-16,10:50 PM,Other impacts,0,HOUSTON,TX,44,4,Dark,Clear,Yard,Single Car,0,78457,0,130270,M407,29.796574,-95.291673,54.6,54.2,48.3
UP,1220HO015,2020-12-21,3:45 AM,Derailment,0,HOUSTON,TX,46,4,Dark,Clear,Yard,Cut of cars,3,3323,10854,14177,S007,29.796424,-95.292579,56.8,60.7,61.1
UP,0624HO028,2024-06-23,12:45 AM,Derailment,0,HOUSTON,TX,82,4,Dark,Cloudy,Main,Yard/switching,5,19963,86769,106732,H221,29.786601,-95.440239,84.5,84.8,85.6
UP,0221HO017,2021-02-11,8:00 AM,Other impacts,0,HOUSTON,TX,39,2,Day,Rain,Yard,Yard/switching,4,18263,4280,74702,S007,29.796631,-95.291505,59,40.5,35.3
UP,1119HO022,2019-11-19,11:58 PM,Other impacts,0,HOUSTON,TX,63,4,Dark,Clear,Yard,Yard/switching,4,250,1816,20732,H306,29.794097,-95.294457,63.2,66.3,70.9
UP,0617HO024,2017-06-12,10:36 AM,Other impacts,0,HOUSTON,TX,85,2,Day,Clear,Yard,Yard/switching,2,5062,132,13957,S016,29.79544,-95.29432,81.6,83,82.7
UP,0724HO050,2024-07-27,11:20 AM,Other impacts,0,HOUSTON,TX,88,2,Day,Clear,Yard,Single Car,0,45146,0,45146,M411,29.814373,-95.288166,76.9,77.4,81
UP,0620HO003,2020-06-03,11:34 AM,Other impacts,0,HOUSTON,TX,84,2,Day,Cloudy,Yard,Yard/switching,7,309,0,18559,M411,29.795813,-95.295353,81.7,80.7,82.6
UP,1123HO025,2023-11-28,11:21 AM,Hwy-rail crossing,0,HOUSTON,TX,56,2,Day,Clear,Main,Freight Train,39,14459,28000,42459,M304,29.889836,-95.307167,48.7,53,57.9
UP,0422HO011,2022-04-16,7:50 PM,Other impacts,0,HOUSTON,TX,79,3,Dusk,Cloudy,Yard,Single Car,1,33148,0,165616,H318,29.816697,-95.289353,73.5,75.5,77
UP,0821HO040,2021-08-30,7:35 PM,Derailment,0,HOUSTON,TX,93,3,Dusk,Clear,Main,Freight Train,7,385647,2805,388452,H503,29.782304,-95.328192,83.6,86.8,85.9
UP,0121HO036,2021-01-31,4:17 AM,Other impacts,0,HOUSTON,TX,61,1,Dawn,Clear,Yard,Yard/switching,5,45904,282,95007,M411,29.79675,-95.290954,65.6,61.3,52.7
UP,0224HO030,2024-02-22,3:10 PM,Other impacts,0,HOUSTON,TX,76,2,Day,Clear,Yard,Yard/switching,0,5619,12100,18392,M411,29.819983,-95.288306,66.3,68.9,67.9
UP,1220HO004,2020-12-07,4:15 AM,Other impacts,0,HOUSTON,TX,46,1,Dawn,Clear,Yard,Cut of cars,5,5194,0,273149,M411,29.802689,-95.280469,54.3,55.4,60.6
UP,0219GC050,2019-02-24,3:58 AM,Derailment,0,HOUSTON,TX,57,4,Dark,Clear,Main,Yard/switching,6,261776,75311,337087,M599,29.80144,-95.28373,70.9,59.6,54.6
UP,0518HO012,2018-05-05,11:54 PM,Other impacts,0,HOUSTON,TX,70,4,Dark,Clear,Yard,Yard/switching,4,10873,6014,16887,M411,29.805432,-95.288404,75.6,73.9,77.3
UP,0321HO028,2021-03-24,10:19 AM,Other impacts,0,HOUSTON,TX,66,2,Day,Rain,Yard,Yard/switching,4,46963,0,69575,M407,29.791692,-95.301811,71.1,66.2,70.5
UP,0322HO020,2022-03-14,8:57 PM,Other impacts,0,HOUSTON,TX,68,4,Dark,Cloudy,Yard,Light loco(s),5,6381,0,40625,H607,29.831347,-95.288582,52.5,64.7,64.1
ATK,165904,2020-11-25,5:02 PM,Hwy-rail crossing,0,HOUSTON,TX,72,3,Dusk,Clear,Main,Passenger Train - Pulling,30,20127,0,20677,M304,29.8682,-95.12819,70.8,68.1,65.9
UP,0922HO020,2022-09-17,8:00 AM,Other impacts,0,HOUSTON,TX,76,2,Day,Clear,Yard,Cut of cars,2,25961,0,35059,M408,29.795155,-95.295892,80.7,83,83.3
UP,0322HO020,2022-03-14,8:57 PM,Other impacts,0,HOUSTON,TX,68,4,Dark,Cloudy,Yard,Yard/switching,4,33244,1000,40625,H607,29.831347,-95.288582,52.5,64.7,64.1
UP,0218HO031,2018-02-18,7:00 AM,Other (describe in narrative),0,HOUSTON,TX,61,2,Day,Cloudy,Yard,Single Car,0,312,0,43189,M201,29.805879,-95.288442,69.3,68,72.6
BNSF,RD0620113,2020-06-15,6:02 PM,Derailment,0,HOUSTON,TX,90,3,Dusk,Clear,Yard,Yard/switching,8,20678,7000,27678,H503,29.709467,-95.331206,82.1,83.9,83.6
UP,0624HO012,2024-06-10,3:05 AM,Derailment,0,HOUSTON,TX,80,4,Dark,Cloudy,Main,Freight Train,20,13006,20076,33082,H503,29.766179,-95.324036,83.7,83.8,82
BNSF,GC0315105,2015-03-17,6:30 PM,Derailment,0,HOUSTON,TX,74,3,Dusk,Clear,Yard,Yard/switching,8,20301,44500,64801,H704,29.635712,-95.308725,66.7,71.4,69.9
UP,0715HO030,2015-07-18,10:40 AM,Other impacts,0,HOUSTON,TX,86,2,Day,Cloudy,Yard,Single Car,0,11590,0,11590,H317,29.807805,-95.292335,86.5,87,87
UP,0617ES023,2017-06-06,5:26 PM,Other (describe in narrative),0,HOUSTON,TX,88,2,Day,Cloudy,Industry,Spec. MoW Equip.,0,25278,0,25278,H997,29.684418,-95.35111,75.6,79.2,82.6
UP,1117HO010,2017-11-09,2:26 AM,Obstruction,0,HOUSTON,TX,65,4,Dark,Clear,Yard,Yard/switching,6,13561,0,13561,M404,29.795139,-95.295023,59.7,57.2,60.3
UP,1215HO045,2015-12-28,3:53 PM,Derailment,0,HOUSTON,TX,50,2,Day,Clear,Siding,Freight Train,6,3815,22581,26396,E04C,29.78535,-95.321035,67.6,44.4,47.3
UP,1214HO008,2014-12-03,7:15 PM,Derailment,0,HOUSTON,TX,54,3,Dusk,Cloudy,Main,,0,0,59981,67981,E40C,29.76187,-95.34685,49.8,59.3,63.1
UP,0218HO023,2018-02-14,1:20 AM,Other impacts,0,HOUSTON,TX,65,4,Dark,Fog,Yard,Yard/switching,4,35211,165,68513,S007,29.795673,-95.295284,48.8,67,72.1
UP,1015HO012,2015-10-14,10:55 AM,Other impacts,0,HOUSTON,TX,90,2,Day,Cloudy,Yard,Yard/switching,4,12978,2497,30436,M404,29.807805,-95.292335,81.3,74.8,74.7
UP,1216HO001,2016-12-02,9:15 PM,Other impacts,0,HOUSTON,TX,55,4,Dark,Rain,Yard,Cut of cars,0,0,0,20347,M407,29.795899,-95.291102,56.8,58,54.5
UP,0615HO015,2015-06-07,10:21 AM,Other (describe in narrative),0,HOUSTON,TX,80,2,Day,Clear,Yard,Single Car,0,19803,0,19803,M507,29.803412,-95.300268,82.8,82.6,82.1
UP,0415HO052,2015-04-29,5:45 PM,Derailment,0,HOUSTON,TX,75,2,Day,Clear,Yard,Yard/switching,9,19335,18189,37524,S007,29.80306,-95.288628,65.3,64.7,68.9
UP,0218HO037,2018-02-21,3:58 PM,Other impacts,0,HOUSTON,TX,75,2,Day,Cloudy,Yard,Yard/switching,4,9224,66,28682,S006,29.793203,-95.297479,73.5,65.5,61.4
UP,0817HO016,2017-08-08,6:45 PM,Derailment,0,HOUSTON,TX,75,2,Day,Clear,Yard,Yard/switching,7,73609,7600,81209,M411,29.796068,-95.295487,81.3,79.3,83.9
PTRA,2015000015,2015-05-09,11:45 AM,Other (describe in narrative),0,HOUSTON,TX,85,2,Day,Cloudy,Industry,Cut of cars,3,500,16000,16500,H307,29.742388,-95.11503,79.9,80.4,79.7
UP,0220HO008,2020-02-08,12:45 AM,Derailment,0,HOUSTON,TX,54,4,Dark,Clear,Main,Freight Train,4,8079,7736,15815,M409,29.783484,-95.325655,56.1,61.1,68
UP,0415HO053,2015-04-29,9:15 PM,Derailment,0,HOUSTON,TX,75,4,Dark,Cloudy,Yard,Light loco(s),0,29438,0,30901,M404,29.790758,-95.295465,65.3,64.7,68.9
BNSF,RD1117115,2017-11-20,5:20 AM,Other impacts,0,HOUSTON,TX,47,1,Dawn,Cloudy,Yard,Yard/switching,5,11915,0,11915,H318,29.707828,-95.330363,57,58.1,66.4
PTRA,2015000021,2015-06-27,3:00 AM,Raking collision,0,HOUSTON,TX,78,4,Dark,Clear,Yard,Single Car,1,41000,300,41300,M599,29.761548,-95.292909,84.9,85.4,81.1
UP,0318HO020,2018-03-11,3:30 PM,Derailment,0,HOUSTON,TX,70,2,Day,Clear,Yard,Yard/switching,4,159,49250,49409,S006,29.793672,-95.296864,73.9,71.3,57.9
UP,0715HO031,2015-07-17,4:30 PM,Other (describe in narrative),0,HOUSTON,TX,85,4,Dark,Cloudy,Yard,Yard/switching,4,10848,0,10848,M201,29.825335,-95.288417,86.2,86.5,87
WATX,171230001,2017-12-30,2:00 AM,Derailment,0,HOUSTON,TX,41,4,Dark,Fog,Yard,Yard/switching,4,15000,0,15000,H302,29.758733,-95.212078,48.1,55.2,47.4
UP,0415HO053,2015-04-29,9:15 PM,Derailment,0,HOUSTON,TX,75,4,Dark,Cloudy,Yard,Yard/switching,10,151,238,30901,M404,29.790758,-95.295465,65.3,64.7,68.9
UP,0416HO024,2016-04-17,8:20 AM,Derailment,0,HOUSTON,TX,60,2,Day,Cloudy,Main,Freight Train,3,35782,17534,53316,M405,29.819938,-95.336881,71.8,73,68.9
UP,0715HO017,2015-07-10,8:20 PM,Derailment,0,HOUSTON,TX,77,4,Dark,Clear,Siding,,0,0,800,18518,H525,29.7378,-95.340702,84.8,85.1,85.7
UP,1216HO001,2016-12-02,9:15 PM,Other impacts,0,HOUSTON,TX,55,4,Dark,Rain,Yard,Single Car,4,17903,0,20347,M407,29.795899,-95.291102,56.8,58,54.5
BNSF,GC0515116,2015-05-22,5:50 AM,Derailment,0,HOUSTON,TX,68,1,Dawn,Clear,Yard,Yard/switching,9,120000,0,181652,T212,29.807848,-95.268569,76.1,73.1,79.3
UP,0315HU002,2015-03-03,10:05 AM,Raking collision,0,HOUSTON,TX,70,2,Day,Cloudy,Yard,Light loco(s),0,10000,0,134354,E99L,29.824722,-95.290816,54.2,66.3,70.1
UP,0215HO030,2015-02-20,11:00 AM,Derailment,0,HOUSTON,TX,65,2,Day,Clear,Industry,Yard/switching,5,48564,3196,51760,T212,29.787491,-95.442519,54.2,64.1,67.9
UP,1117HO012,2017-11-13,8:00 PM,Derailment,0,HOUSTON,TX,75,4,Dark,Clear,Yard,Yard/switching,7,2317,21600,23917,M411,29.823574,-95.288198,70.5,70.2,69
UP,0218HO037,2018-02-21,3:58 PM,Other impacts,0,HOUSTON,TX,75,2,Day,Cloudy,Yard,Single Car,0,19392,0,28682,S006,29.793203,-95.297479,73.5,65.5,61.4
UP,0715HO030,2015-07-18,10:40 AM,Other impacts,0,HOUSTON,TX,86,2,Day,Cloudy,Yard,Yard/switching,10,0,0,11590,H317,29.807805,-95.292335,86.5,87,87
UP,0616HO017,2016-06-08,11:30 AM,Other impacts,0,HOUSTON,TX,90,2,Day,Cloudy,Yard,Yard/switching,4,0,0,11790,M411,29.804317,-95.30502,82.1,83.5,82.7
UP,0915HO024,2015-09-17,10:48 AM,Derailment,0,HOUSTON,TX,80,2,Day,Clear,Yard,Yard/switching,6,194,12153,12347,S007,29.825884,-95.289484,81.7,82.3,81.7
UP,0515HO006,2015-05-03,8:05 AM,Other impacts,0,HOUSTON,TX,72,2,Day,Clear,Yard,Single Car,0,301,0,12847,M411,29.81641,-95.290373,70.8,71.2,73.3
UP,0315HU002,2015-03-03,10:05 AM,Raking collision,0,HOUSTON,TX,70,2,Day,Cloudy,Yard,Light loco(s),13,28039,16753,134354,E99L,29.824722,-95.290816,54.2,66.3,70.1
UP,0515HO034,2015-05-22,11:00 PM,Derailment,0,HOUSTON,TX,82,4,Dark,Clear,Yard,Freight Train,3,1759,72504,74263,T211,29.810558,-95.262275,76.1,73.1,79.3
UP,1117HO005,2017-11-03,3:51 PM,Hwy-rail crossing,0,HOUSTON,TX,85,2,Day,Cloudy,Main,Freight Train,17,250,90446,90696,M304,29.679545,-95.367366,78.7,78.6,77.9
BNSF,RD1216119,2016-12-28,8:30 AM,Derailment,0,HOUSTON,TX,79,1,Dawn,Cloudy,Yard,Freight Train,4,9000,9500,18500,H525,29.698538,-95.327586,74.4,74.1,65.1
BNSF,GC0215104,2015-02-10,11:55 PM,Derailment,0,HOUSTON,TX,51,4,Dark,Clear,Yard,Yard/switching,6,12500,2500,15000,H703,29.719116,-95.333915,69.6,63.3,62.4
UP,0115HO009,2015-01-08,8:15 PM,Derailment,0,HOUSTON,TX,35,4,Dark,Cloudy,Yard,Yard/switching,4,9798,1729,11527,M404,29.826693,-95.288404,52,37.4,38.4
PTRA,2017000047,2017-10-25,10:00 AM,Derailment,0,HOUSTON,TX,75,2,Day,Clear,Yard,Single Car,0,20000,0,20000,H318,29.763018,-95.294186,68.2,64.9,70.3
UP,0215HO033,2015-02-21,6:26 AM,Other impacts,0,HOUSTON,TX,50,4,Dark,Cloudy,Yard,Single Car,4,23008,0,23008,M411,29.81572,-95.288298,64.1,67.9,66.1
UP,1214HO021,2014-12-11,10:17 AM,Obstruction,0,HOUSTON,TX,68,2,Day,Clear,Yard,Yard/switching,5,1929,57,13151,M202,29.816562,-95.287975,58.3,63.8,65.6
BNSF,GC0715103,2015-07-10,8:20 PM,Derailment,0,HOUSTON,TX,87,3,Dusk,Clear,Yard,Freight Train,5,12718,5000,18518,H525,29.725042,-95.336262,84.8,85.1,85.7
UP,0115HO032,2015-01-25,5:30 PM,Raking collision,0,HOUSTON,TX,60,2,Day,Cloudy,Yard,Yard/switching,4,77036,1412,79354,M404,29.815709,-95.287997,49.2,57.2,58.9
UP,0315HU002,2015-03-03,10:05 AM,Raking collision,0,HOUSTON,TX,70,2,Day,Cloudy,Yard,Light loco(s),0,33784,0,134354,E99L,29.824722,-95.290816,54.2,66.3,70.1
UP,0317HO012,2017-03-07,10:30 AM,Other impacts,0,HOUSTON,TX,70,2,Day,Cloudy,Yard,Cut of cars,0,30494,0,50901,M411,29.816387,-95.288287,71.4,71.7,64.6
UP,0218HO023,2018-02-14,1:20 AM,Other impacts,0,HOUSTON,TX,65,4,Dark,Fog,Yard,Yard/switching,3,0,0,68513,S007,29.795673,-95.295284,48.8,67,72.1
PTRA,PTRA00022F,2023-06-10,9:50 PM,Other (describe in narrative),0,HOUSTON,TX,84,4,Dark,Cloudy,Yard,,0,0,65000,65000,H702,29.71607,-95.227925,82.4,82.7,82.7
UP,0415HO053,2015-04-29,9:15 PM,Derailment,0,HOUSTON,TX,75,4,Dark,Cloudy,Yard,Cut of cars,10,1074,0,30901,M404,29.790758,-95.295465,65.3,64.7,68.9
UP,1216HO024,2016-12-12,9:15 PM,Derailment,0,HOUSTON,TX,60,3,Dusk,Cloudy,Yard,Yard/switching,4,12899,1350,14249,E67C,29.793305,-95.293998,67.7,68.4,69.8
BNSF,RD1117114,2017-11-17,7:45 PM,Obstruction,0,HOUSTON,TX,70,3,Dusk,Clear,Yard,Yard/switching,5,17575,0,17575,M404,29.704948,-95.328698,72.7,75.2,73
UP,0817HO023,2017-08-12,1:14 PM,Hwy-rail crossing,0,HOUSTON,TX,97,2,Day,Clear,Main,Freight Train,41,250,17033,17283,M304,30.022887,-95.402917,87.3,87.9,87.3
UP,0315HU002,2015-03-03,10:05 AM,Raking collision,0,HOUSTON,TX,70,2,Day,Cloudy,Yard,Light loco(s),0,12173,0,134354,E99L,29.824722,-95.290816,54.2,66.3,70.1
UP,0717HO030,2017-07-16,5:45 PM,Other impacts,0,HOUSTON,TX,82,2,Day,Clear,Yard,Single Car,0,11320,0,11320,M411,29.795173,-95.29504,81.4,81.8,83.7
UP,0515HO006,2015-05-03,8:05 AM,Other impacts,0,HOUSTON,TX,72,2,Day,Clear,Yard,Yard/switching,4,191,12355,12847,M411,29.81641,-95.290373,70.8,71.2,73.3
UP,0315HU002,2015-03-03,10:05 AM,Raking collision,0,HOUSTON,TX,70,2,Day,Cloudy,Yard,Light loco(s),0,15175,0,134354,E99L,29.824722,-95.290816,54.2,66.3,70.1
UP,0218HO023,2018-02-14,1:20 AM,Other impacts,0,HOUSTON,TX,65,4,Dark,Fog,Yard,Cut of cars,0,33137,0,68513,S007,29.795673,-95.295284,48.8,67,72.1
UP,1214HO021,2014-12-11,10:17 AM,Obstruction,0,HOUSTON,TX,68,2,Day,Clear,Yard,Single Car,0,10144,0,13151,M202,29.816562,-95.287975,58.3,63.8,65.6
UP,1216HO001,2016-12-02,9:15 PM,Other impacts,0,HOUSTON,TX,55,4,Dark,Rain,Yard,Yard/switching,6,520,1924,20347,M407,29.795899,-95.291102,56.8,58,54.5
UP,0815HO037,2015-08-27,9:10 AM,Derailment,0,HOUSTON,TX,81,2,Day,Cloudy,Yard,Yard/switching,5,3410,30412,33822,T221,29.794361,-95.291921,81,82.3,82.8
UP,0317HO012,2017-03-07,10:30 AM,Other impacts,0,HOUSTON,TX,70,2,Day,Cloudy,Yard,Cut of cars,0,19192,0,50901,M411,29.816387,-95.288287,71.4,71.7,64.6
WATX,180904002,2018-09-04,6:06 PM,Derailment,0,HOUSTON,TX,88,2,Day,Clear,Yard,Yard/switching,6,335000,11000,346000,H702,29.699153,-95.252118,77.1,80.8,82.5
UP,0115HO032,2015-01-25,5:30 PM,Raking collision,0,HOUSTON,TX,60,2,Day,Cloudy,Yard,Yard/switching,4,906,0,79354,M404,29.815709,-95.287997,49.2,57.2,58.9
UP,0615HO012,2015-06-07,11:15 AM,Derailment,0,HOUSTON,TX,91,2,Day,Clear,Main,,0,0,151130,595250,H524,29.74807,-95.293586,82.8,82.6,82.1
UP,0617HO053,2017-06-24,8:50 PM,Hwy-rail crossing,0,HOUSTON,TX,75,4,Dark,Clear,Main,Freight Train,45,3047,24735,27782,M308,29.631117,-95.507245,85.3,80.7,79.8
UP,1217HO024,2017-12-28,3:00 PM,Derailment,0,HOUSTON,TX,48,2,Day,Cloudy,Yard,Light loco(s),4,250,34865,35115,M404,29.796349,-95.295631,42.5,41.6,48.1
UP,0315HO026,2015-03-11,1:30 PM,Derailment,0,HOUSTON,TX,62,2,Day,Cloudy,Yard,Yard/switching,2,15073,2010,17083,H702,29.794834,-95.290539,55.6,55.8,57
UP,0315HU002,2015-03-03,10:05 AM,Raking collision,0,HOUSTON,TX,70,2,Day,Cloudy,Yard,Light loco(s),0,18430,0,134354,E99L,29.824722,-95.290816,54.2,66.3,70.1
UP,1015HO012,2015-10-14,10:55 AM,Other impacts,0,HOUSTON,TX,90,2,Day,Cloudy,Yard,Yard/switching,2,14961,0,30436,M404,29.807805,-95.292335,81.3,74.8,74.7
UP,0317HO061,2017-03-24,9:00 AM,Other (describe in narrative),0,HOUSTON,TX,72,2,Day,Clear,Main,Yard/switching,10,0,97399,97399,H306,29.796318,-95.29561,72.1,72.8,74.5
UP,0616HO019,2016-06-09,1:48 AM,Derailment,0,HOUSTON,TX,70,4,Dark,Cloudy,Yard,Yard/switching,4,96410,35276,251992,H702,29.789974,-95.298225,83.5,82.7,83.1
UP,0416HO004,2016-04-03,9:05 AM,Derailment,0,HOUSTON,TX,60,2,Day,Cloudy,Yard,Yard/switching,9,7475,6105,13580,S102,29.836193,-95.288492,61.2,65.1,69.5
BNSF,GC0715108,2015-07-24,6:15 PM,Derailment,0,HOUSTON,TX,90,3,Dusk,Clear,Industry,Yard/switching,9,32037,0,32037,H307,29.863343,-95.480638,86.7,87.3,87
BNSF,RD0718129,2018-07-21,3:35 AM,Derailment,0,HOUSTON,TX,82,4,Dark,Clear,Yard,Yard/switching,2,1879,20000,21879,H312,29.70783,-95.330364,87.6,87.4,87.8
UP,0418HO014,2018-04-14,9:52 PM,Hwy-rail crossing,0,HOUSTON,TX,70,4,Dark,Cloudy,Main,Freight Train,41,100,35169,35269,M302,29.631114,-95.507244,76.1,61.2,59.2
UP,0817HO029,2017-08-17,3:38 AM,Other impacts,0,HOUSTON,TX,85,4,Dark,Cloudy,Yard,Yard/switching,10,0,0,68980,S007,29.795491,-95.295205,87.5,88.5,87.7
UP,0516HO009,2016-05-12,12:05 PM,Derailment,0,HOUSTON,TX,80,2,Day,Clear,Yard,Cut of cars,0,9470,0,14303,H021,29.78974,-95.299125,78.8,80.7,77.8
UP,1015HO020,2015-10-19,9:00 AM,Fire/violent rupture,0,HOUSTON,TX,82,2,Day,Clear,Main,Freight Train,20,58490,0,58490,E79L,29.771822,-95.312568,68,67.3,70.5
UP,1016HO002,2016-10-01,5:05 AM,Derailment,0,HOUSTON,TX,63,1,Dawn,Clear,Yard,Yard/switching,6,165917,77913,243830,T220,29.831035,-95.28852,72.1,74.2,76.8
BNSF,RD1117123,2017-11-28,12:35 AM,Derailment,0,HOUSTON,TX,65,4,Dark,Clear,Yard,Freight Train,4,89475,15000,104475,E85C,29.602472,-95.298548,62.8,65.9,66.4
BNSF,GC0116109,2016-01-21,11:30 AM,Side collision,0,HOUSTON,TX,65,2,Day,Rain,Yard,Yard/switching,5,250,0,11268,H318,29.701858,-95.327702,60,61.3,45.4
PTRA,2016000014,2016-04-11,8:32 PM,Derailment,0,HOUSTON,TX,73,4,Dark,Clear,Yard,Freight Train,7,10199,25000,35199,H523,29.716624,-95.267183,70.6,74,73.9
PTRA,2015000034,2015-09-01,1:00 PM,Raking collision,0,HOUSTON,TX,79,2,Day,Rain,Yard,Cut of cars,4,13000,0,13000,E08C,29.713297,-95.256898,80.3,76.3,79.8
BNSF,RD0418110,2018-04-10,9:01 PM,Other impacts,0,HOUSTON,TX,70,4,Dark,Clear,Yard,Yard/switching,6,88000,0,131894,H607,29.68332,-95.039598,58.7,66.7,67.8
PTRA,2018000030,2018-07-21,6:00 PM,Other (describe in narrative),0,HOUSTON,TX,90,2,Day,Clear,Main,,0,0,500,49150,H403,29.719451,-95.274764,87.6,87.4,87.8
UP,0317HO054,2017-03-23,1:30 AM,Derailment,0,HOUSTON,TX,68,4,Dark,Clear,Yard,Yard/switching,4,24512,16851,41363,M404,29.822152,-95.288924,73.5,72.1,72.8
PTRA,2019000014,2019-06-10,10:15 PM,Derailment,0,HOUSTON,TX,80,4,Dark,Clear,Yard,Cut of cars,10,20000,2200,22200,H318,29.766811,-95.293268,88.5,84.9,80.9
UP,0821HO009,2021-08-09,2:30 PM,Derailment,0,HOUSTON,TX,95,2,Day,Cloudy,Yard,Freight Train,6,6717,14092,20809,E40C,29.79303,-95.293833,85.1,85.6,85.9
UP,1118HO002,2018-11-02,5:40 PM,Derailment,0,HOUSTON,TX,70,2,Day,Cloudy,Yard,Yard/switching,2,63447,30743,94190,T110,29.795405,-95.294297,61.7,61.4,68.5
BNSF,RD1018137,2018-10-25,6:50 PM,Derailment,0,HOUSTON,TX,70,3,Dusk,Clear,Yard,Yard/switching,7,22755,9000,31755,T110,29.914002,-95.502355,64.6,65.3,65.8
BNSF,RD0918120,2018-09-12,6:43 PM,Derailment,0,HOUSTON,TX,85,3,Dusk,Cloudy,Yard,Light loco(s),10,20160,2500,22660,T001,29.913854,-95.507401,75.9,79.8,78.6
BNSF,RD1021102,2021-10-02,2:00 PM,Derailment,0,HOUSTON,TX,85,2,Day,Clear,Siding,Freight Train,7,78310,30000,108310,T205,29.906413,-95.504572,75.9,76.1,79.2
UP,0819HO019,2019-08-16,1:00 AM,Derailment,0,HOUSTON,TX,82,4,Dark,Clear,Yard,Yard/switching,4,17944,528,18472,T102,29.809784,-95.288823,86.3,86.9,86.4
UP,1221HO012,2021-12-12,9:30 PM,Derailment,0,HOUSTON,TX,54,4,Dark,Cloudy,Yard,Yard/switching,4,168654,315426,484080,T207,29.791737,-95.306022,60.8,51.1,61