reportingrailroadcode,accidentnumber,date,time,accidenttype,hazmatreleasedcars,station,stateabbr,temperature,visibility_code,visibility,weathercondition,tracktype,equipmenttype,trainspeed,equipmentdamagecost,trackdamagecost,totaldamagecost,primaryaccidentcausecode,latitude,longitude,prior_temp,actual_temp,following_temp
UP,0820HO002,2020-08-04,2:00 PM,Derailment,0,HOUSTON,TX,91,2,Day,Clear,Industry,Freight Train,5,272242,64418,336660,T111,29.778121,-95.328655,85.4,85,85.3
BNSF,RD0918145,2018-09-29,8:02 PM,Derailment,0,HOUSTON,TX,82,3,Dusk,Cloudy,Yard,Yard/switching,8,17642,3000,20642,T311,29.701446,-95.327508,75.4,76,76.1
UP,0119GC020,2019-01-01,5:07 PM,Derailment,0,HOUSTON,TX,63,2,Day,Clear,Main,Freight Train,18,683745,120000,803745,T403,29.81997,-95.334616,52.1,56.4,52.9
UP,1019HO005,2019-10-04,12:30 PM,Derailment,0,HOUSTON,TX,90,2,Day,Clear,Yard,Yard/switching,4,8404,3757,12161,T319,29.796443,-95.292271,83,82.8,83.4
UP,0420HO012,2020-04-10,5:13 PM,Derailment,0,HOUSTON,TX,76,2,Day,Cloudy,Yard,Freight Train,15,133573,300729,434302,T101,29.788318,-95.314506,77.8,70.4,70.6
UP,1119HO021,2019-11-21,11:15 AM,Derailment,0,HOUSTON,TX,77,2,Day,Cloudy,Yard,Yard/switching,4,22522,8017,30539,T319,29.813062,-95.287739,70.9,74.4,68.7
UP,0418HO007,2018-04-08,2:20 PM,Derailment,0,HOUSTON,TX,57,2,Day,Clear,Yard,Freight Train,6,250,10538,10788,T110,29.787829,-95.313325,59.9,51.5,58.7
UP,0920HO023,2020-09-18,5:55 AM,Derailment,0,HOUSTON,TX,77,1,Dawn,Clear,Yard,Freight Train,5,9470,1660,11130,T303,29.789054,-95.303038,82.5,79.9,76.9
BNSF,RD0817114,2017-08-17,11:53 PM,Derailment,0,HOUSTON,TX,79,4,Dark,Clear,Yard,Yard/switching,7,11766,6000,17766,T314,29.700034,-95.327339,87.5,88.5,87.7
UP,1216HO034,2016-12-18,5:25 PM,Derailment,0,HOUSTON,TX,40,2,Day,Clear,Yard,Yard/switching,8,2260,102014,104274,T299,29.82977,-95.288839,74.8,38.2,38.8
UP,0719HO001,2019-07-02,1:11 AM,Derailment,0,HOUSTON,TX,80,4,Dark,Cloudy,Main,Freight Train,3,21666,9940,31606,T001,29.72043,-95.283694,84.1,81.6,81.7
UP,0520HO003,2020-05-06,2:57 AM,Derailment,0,HOUSTON,TX,72,4,Dark,Cloudy,Yard,Freight Train,10,800,0,74420,T202,29.771491,-95.290385,80.5,75.7,74.7
UP,0917HO008,2017-09-14,8:15 AM,Derailment,0,HOUSTON,TX,76,2,Day,Clear,Yard,Freight Train,2,18870,745,19615,T303,29.810644,-95.29036,78.7,80.5,81
UP,0418HO008,2018-04-10,10:45 AM,Derailment,0,HOUSTON,TX,65,2,Day,Clear,Yard,Yard/switching,4,33743,45984,79727,T319,29.812071,-95.288546,58.7,66.7,67.8
UP,0323HO026,2023-03-28,5:00 PM,Derailment,0,HOUSTON,TX,76,2,Day,Clear,Industry,Freight Train,6,2311,13860,16171,T110,29.857662,-95.112079,70.3,70,62.7
UP,0520HO024,2020-05-27,7:43 PM,Derailment,0,HOUSTON,TX,69,3,Dusk,Cloudy,Industry,Yard/switching,7,15915,414,16329,T205,29.762402,-95.302447,78,75.3,75.9
BNSF,RD0916108,2016-09-22,4:22 AM,Derailment,0,HOUSTON,TX,81,1,Dawn,Clear,Yard,Yard/switching,8,37675,38000,75675,T311,29.709192,-95.331069,84.1,83.7,82.3
UP,0416HO005,2016-04-03,1:40 AM,Derailment,0,HOUSTON,TX,60,4,Dark,Cloudy,Yard,Light loco(s),6,11430,632,12062,T314,29.78974,-95.299125,61.2,65.1,69.5
UP,0615HO049,2015-06-26,12:01 PM,Derailment,0,HOUSTON,TX,95,2,Day,Clear,Yard,Freight Train,3,14128,20483,34611,T108,29.821035,-95.352254,85.2,84.9,85.4
UP,1021HO027,2021-10-31,4:35 PM,Derailment,0,HOUSTON,TX,79,2,Day,Clear,Yard,Single Car,5,19,0,15479,T303,29.798618,-95.28807,64.4,69.7,68.9
BNSF,GC0615115,2015-06-24,1:22 PM,Derailment,0,HOUSTON,TX,92,2,Day,Clear,Yard,Freight Train,5,25735,0,59121,T205,29.739543,-95.312198,84.1,85,85.2
UP,1116HO020,2016-11-20,6:00 AM,Derailment,0,HOUSTON,TX,38,4,Dark,Clear,Yard,Yard/switching,7,75378,17994,93372,T314,29.817382,-95.289413,54.5,54.1,62.8
UP,0916HO010,2016-09-05,4:50 AM,Derailment,0,HOUSTON,TX,80,4,Dark,Cloudy,Yard,Freight Train,0,0,84153,107300,T108,29.69654,-95.327127,83.7,82.9,84.8
UP,0416HO010,2016-04-07,1:55 PM,Derailment,0,HOUSTON,TX,75,2,Day,Clear,Yard,Light loco(s),7,750,10058,10808,T110,29.787446,-95.316253,69.7,72.8,71
BNSF,RD0321102,2021-03-05,10:59 AM,Derailment,0,HOUSTON,TX,77,2,Day,Clear,Industry,Yard/switching,8,600,150000,150600,T108,29.909005,-95.520475,58,62.4,59.4
BNSF,GC1214100,2014-12-03,7:15 PM,Derailment,0,HOUSTON,TX,59,3,Dusk,Clear,Main,Freight Train,18,8000,0,67981,T102,29.76187,-95.34685,49.8,59.3,63.1
UP,0615HO017,2015-06-11,8:34 AM,Derailment,0,HOUSTON,TX,93,2,Day,Clear,Main,Freight Train,0,0,241229,377197,T108,29.776324,-95.443178,83.4,82.8,83.5
UP,1223HO007,2023-12-06,12:08 AM,Derailment,0,HOUSTON,TX,55,4,Dark,Cloudy,Yard,Freight Train,4,81212,71087,152299,T108,29.80812,-95.291624,60.3,57.7,60.9
UP,0615HO045,2015-06-23,9:15 PM,Derailment,0,HOUSTON,TX,82,4,Dark,Clear,Main,Freight Train,14,7650,93230,100880,T102,29.716033,-95.223395,82.9,84.1,85
PTRA,2015000018,2015-06-07,11:15 AM,Derailment,0,HOUSTON,TX,90,2,Day,Clear,Main,Freight Train,0,0,43540,595250,T111,29.746266,-95.293037,82.8,82.6,82.1
UP,1021HO027,2021-10-31,4:35 PM,Derailment,0,HOUSTON,TX,79,2,Day,Clear,Yard,Yard/switching,4,13460,2000,15479,T303,29.798618,-95.28807,64.4,69.7,68.9
UP,0423HO027,2023-04-21,2:15 AM,Derailment,0,HOUSTON,TX,66,4,Dark,Rain,Yard,Yard/switching,6,12480,0,12480,T208,29.81164,-95.288538,73.9,71.1,69.2
BNSF,GC0916100,2016-09-05,4:45 AM,Derailment,0,HOUSTON,TX,72,4,Dark,Clear,Yard,Freight Train,4,16647,6500,107300,T108,29.696122,-95.326891,83.7,82.9,84.8
WATX,190218006,2019-02-18,1:00 PM,Derailment,0,HOUSTON,TX,60,2,Day,Clear,Yard,Freight Train,7,111781,252237,364018,T112,29.755538,-95.186294,61.3,54.7,48.7
UP,1117HO004,2017-11-02,4:55 AM,Derailment,0,HOUSTON,TX,68,4,Dark,Clear,Yard,Yard/switching,8,266359,143339,409698,T205,29.796206,-95.29556,74.4,78.7,78.6
BNSF,GC0615106,2015-06-07,11:15 AM,Derailment,0,HOUSTON,TX,93,2,Day,Clear,Main,Yard/switching,5,400580,0,595250,T111,29.74807,-95.293586,82.8,82.6,82.1
UP,0421HO014,2021-04-15,3:07 PM,Derailment,0,HOUSTON,TX,72,2,Day,Cloudy,Main,Freight Train,7,298704,317350,616054,T207,29.72043,-95.283694,71.7,66.7,66.6
PTRA,2015000012,2015-04-14,5:30 PM,Derailment,0,HOUSTON,TX,68,3,Dusk,Cloudy,Industry,Freight Train,5,25000,2500,27500,T113,29.721676,-95.265957,77.6,71.7,70.4
UP,0715HO001,2015-07-01,6:38 AM,Other impacts,0,HOUSTON,TX,75,1,Dawn,Cloudy,Yard,Single Car,0,2308,0,26147,T403,29.807805,-95.292335,79.4,75.9,81.6
UP,0715HO001,2015-07-01,6:38 AM,Other impacts,0,HOUSTON,TX,75,1,Dawn,Cloudy,Yard,Yard/switching,10,0,57,26147,T403,29.807805,-95.292335,79.4,75.9,81.6
UP,0622HO026,2022-06-27,8:15 AM,Derailment,0,HOUSTON,TX,92,2,Day,Clear,Yard,Yard/switching,7,83711,11035,94746,T207,29.832213,-95.288524,87,84.5,84.3
UP,0615HO037,2015-06-24,1:22 PM,Derailment,0,HOUSTON,TX,99,2,Day,Clear,Yard,Freight Train,0,0,33386,59121,T205,29.739543,-95.312198,84.1,85,85.2
UP,0716HO020,2016-07-14,10:50 AM,Derailment,0,HOUSTON,TX,95,2,Day,Clear,Industry,Freight Train,3,1937,82495,84432,T110,29.734886,-95.316289,87.2,87.1,87.8
KCS,15061102,2015-06-11,8:30 AM,Derailment,0,HOUSTON,TX,85,2,Day,Cloudy,Main,Freight Train,24,135968,0,377197,T108,29.776324,-95.443178,83.4,82.8,83.5
UP,0416HO014,2016-04-09,2:45 AM,Derailment,0,HOUSTON,TX,64,4,Dark,Cloudy,Yard,Yard/switching,2,9981,6146,16127,T299,29.807291,-95.290875,71,68.7,70.6
UP,0415HO021,2015-04-12,11:30 PM,Derailment,0,HOUSTON,TX,77,4,Dark,Cloudy,Industry,Freight Train,5,42140,48530,90670,T210,29.751436,-95.311683,68.8,71.9,77.6
UP,0222HO035,2022-02-26,12:30 AM,Derailment,0,HOUSTON,TX,42,4,Dark,Cloudy,Siding,Freight Train,18,51324,83155,134479,T207,29.840201,-95.193397,39.9,40.4,46.8
UP,0615HO030,2015-06-19,12:50 PM,Derailment,0,HOUSTON,TX,87,2,Day,Clear,Yard,Freight Train,6,1750,71839,73589,T205,29.821251,-95.352376,82.4,82.5,82.5
UP,1215HO003,2015-12-03,4:00 AM,Derailment,0,HOUSTON,TX,40,4,Dark,Cloudy,Yard,Freight Train,4,22546,208626,231172,T207,29.765546,-95.278258,54.9,52.8,52.4
UP,0916HO001,2016-09-01,3:20 AM,Derailment,0,HOUSTON,TX,78,4,Dark,Cloudy,Yard,Yard/switching,7,33555,58993,92548,T110,29.807295,-95.290885,85.2,86.7,85.2
UP,1114HO029,2014-11-18,11:30 AM,Derailment,0,HOUSTON,TX,77,2,Day,Clear,Industry,Freight Train,3,14398,2745,17143,T111,29.750997,-95.315624,42.1,44.3,56.3
UP,0816HO036,2016-08-18,4:45 PM,Derailment,0,HOUSTON,TX,85,2,Day,Cloudy,Yard,Light loco(s),7,48803,1443,50246,T111,29.780293,-95.333145,77,78.9,81.6
UP,0524HO005,2024-05-03,1:06 AM,Derailment,0,HOUSTON,TX,75,4,Dark,Cloudy,Industry,Yard/switching,5,23364,0,23364,T205,29.770401,-95.264045,74.5,74.6,76.3
UP,0715HO001,2015-07-01,6:38 AM,Other impacts,0,HOUSTON,TX,75,1,Dawn,Cloudy,Yard,Single Car,0,23782,0,26147,T403,29.807805,-95.292335,79.4,75.9,81.6
UP,0115HO025,2015-01-16,9:30 AM,Derailment,0,HOUSTON,TX,73,2,Day,Clear,Industry,Yard/switching,4,150,13500,13650,T202,29.751966,-95.309969,45.3,49.5,56.6
UP,0615HO001,2015-06-01,11:20 PM,Derailment,0,HOUSTON,TX,76,4,Dark,Clear,Yard,Light loco(s),3,15000,464,15464,T210,29.826924,-95.290394,77.2,78.7,79.4
UP,1121HO020,2021-11-18,12:00 PM,Derailment,0,HOUSTON,TX,65,2,Day,Clear,Industry,Yard/switching,6,8049,3552,11601,T110,29.84931,-95.125083,74,63.8,55.7
UP,0515HO032,2015-05-22,5:50 AM,Derailment,0,HOUSTON,TX,82,1,Dawn,Cloudy,Yard,Freight Train,0,0,61652,181652,T207,29.807848,-95.268569,76.1,73.1,79.3
BNSF,GC0816107,2016-08-14,5:45 PM,Other (describe in narrative),0,HOUSTON,TX,80,3,Dusk,Cloudy,Main,Freight Train,10,23100,0,26764,T108,29.737146,-95.313252,84.1,79,79.1
NS,120641,2016-05-25,4:51 PM,Derailment,0,HOWARD,GA,72,3,Dusk,Clear,Main,Freight Train,39,288178,372552,660730,H508,32.582788,-84.330173,76.2,79.2,80.6
NS,132854,2019-02-14,1:10 AM,Other (describe in narrative),0,HOWARD,GA,49,4,Dark,Clear,Siding,Freight Train,8,750,62499,63249,H701,32.594471,-84.374916,48.5,47.3,57.2
DGNO,DGN136623,2023-04-16,10:30 PM,Derailment,0,HOWE,TX,43,4,Dark,Clear,Yard,Freight Train,10,83000,10000,93000,T220,33.536154,-96.604831,70.4,57,61.5
GLC,GLC031316D,2016-03-13,9:30 AM,Derailment,0,HOWELL,MI,45,2,Day,Rain,Main,Freight Train,32,537906,24900,562806,T207,42.642454,-83.942273,45,45.9,49.7
UP,1120MA016,2020-11-15,1:15 AM,Derailment,0,HOXIE,AR,68,4,Dark,Rain,Main,Freight Train,0,13766,2650,16416,M105,36.047498,-90.976748,59.9,54.7,50
BNSF,HL0820116,2020-08-14,1:08 AM,Obstruction,0,HOXIE,AR,80,4,Dark,Clear,Main,Freight Train,20,500,20000,20500,M402,36.032947,-90.94025,78.4,79,81.1
WC,1139416,2023-09-27,11:50 AM,Hwy-rail crossing,0,HOYT LAKES,MN,60,2,Day,Clear,Main,Freight Train,35,13195,0,13195,M302,47.276073,-91.866831,58.5,55.8,59.1
CSX,000158849,2016-04-07,3:40 AM,Derailment,0,HOYTVILLE,OH,40,4,Dark,Rain,Main,Freight Train,44,10307,2000,12307,E61C,41.201227,-83.86664,45.7,40.9,35.7
ATK,147712,2017-05-31,7:07 PM,Hwy-rail crossing,0,HUBBARD,OR,69,2,Day,Clear,Main,Passenger Train - Pulling,20,0,0,20150,M302,45.193601,-122.792798,57.9,63.4,63.6
UP,0517PD036,2017-05-31,7:07 PM,Hwy-rail crossing,0,HUBBARD,OR,70,2,Day,Cloudy,Main,,0,0,20150,20150,M302,45.193634,-122.792755,57.9,63.4,63.6
BNSF,PR0315113,2015-03-22,9:35 AM,Derailment,0,HUDSON,CO,58,2,Day,Cloudy,Main,Freight Train,38,2095828,1006916,3102744,E62C,40.166135,-104.411064,51.4,55,53.2
ATK,146434,2017-02-16,7:50 PM,Obstruction,0,HUDSON,NY,20,4,Dark,Snow,Main,Passenger Train - Pulling,70,16097,0,16097,M404,42.243974,-73.8205,32.6,25.2,24.7
ATK,170371,2022-04-19,6:25 AM,Obstruction,0,HUDSON,NY,33,1,Dawn,Sleet,Main,Passenger Train - Pulling,80,26520,0,26520,M404,42.230893,-73.832895,42,37.1,41.6
NS,135918,2019-10-22,11:50 PM,Derailment,0,HUDSON,OH,48,4,Dark,Clear,Siding,Freight Train,4,700,19571,20271,T110,41.215341,-81.399255,60.7,59.6,51
ATK,166782,2021-04-05,6:40 AM,Hwy-rail crossing,0,HUDSONVILLE,MI,53,1,Dawn,Cloudy,Main,Passenger Train - Pulling,61,80799,0,80799,M308,42.841031,-85.934906,52.8,58.7,63.5
UP,0921HO013,2021-09-08,7:30 AM,Hwy-rail crossing,0,HUFFMAN,TX,67,2,Day,Clear,Main,,0,0,99,16725,M302,30.022394,-95.090133,79.8,79.2,80.4
KCS,21090802,2021-09-08,7:30 AM,Hwy-rail crossing,0,HUFFMAN,TX,70,2,Day,Clear,Main,Freight Train,50,16626,0,16725,M302,30.022407,-95.090077,79.8,79.2,80.4
PR,2016060306,2016-06-01,12:00 PM,Other (describe in narrative),0,HUGER,SC,92,2,Day,Clear,Main,Spec. MoW Equip.,20,27585,0,27585,H104,33.000154,-79.816633,74.9,77.2,78.1
KRR,KRR360619,2019-02-16,12:00 PM,Fire/violent rupture,0,HUGO,OK,38,2,Day,Cloudy,Main,Cut of cars,0,60000,1100,61100,M502,34.004565,-95.503626,50.6,37.9,41.8
KRR,KRR699915D,2015-02-27,2:50 PM,Derailment,0,HUGO,OK,30,2,Day,Snow,Yard,Freight Train,7,12757,1173,13930,M503,34.01239,-95.52724,32.4,25.8,29.8
KRR,KRR070616D,2016-09-01,9:20 AM,Derailment,0,HUGO,OK,80,2,Day,Cloudy,Main,Freight Train,2,20000,15500,35500,T103,34.03928,-95.524492,82.9,76.5,76.5
KRR,831718D,2018-10-27,9:47 AM,Derailment,0,HUGO,OK,68,2,Day,Clear,Yard,Freight Train,6,150000,5000,155000,T210,34.0143,-95.530244,57.2,62.3,66.6
BNSF,TC0518202,2018-05-14,12:14 PM,Hwy-rail crossing,0,HULL,IA,61,2,Day,Cloudy,Main,Maint./inspect Car,27,11000,0,11000,M302,43.15682,-96.18703,55.7,60.5,63.5
BNSF,TC0719119,2019-07-31,8:25 PM,Derailment,0,HULL,IA,75,3,Dusk,Clear,Main,Freight Train,36,2323135,341000,2664135,T001,43.226887,-96.167737,63.2,65.9,70.9
UP,0116HO032,2016-01-23,1:21 AM,Hwy-rail crossing,0,HUMBLE,TX,39,4,Dark,Clear,Main,Freight Train,59,573,100000,100573,M308,29.891116,-95.306633,44.9,42.8,52.1
UP,0418HO018,2018-04-17,1:05 AM,Derailment,0,HUMBLE,TX,68,4,Dark,Clear,Siding,Freight Train,8,12573,86758,99331,T314,29.98216,-95.272116,63.4,71.6,73.5
ATK,152176,2018-03-02,7:36 AM,Hwy-rail crossing,0,HUMBOLDT,IL,34,2,Day,Clear,Main,Passenger Train - Pulling,79,7186,0,24930,M308,39.601028,-88.321365,45,37.9,39.4
BNSF,TC0721108,2021-07-30,4:25 AM,Other (describe in narrative),0,HUMBOLDT,MN,65,1,Dawn,Clear,Yard,Freight Train,10,0,16000,16000,H303,48.94848,-97.138238,68.7,73.1,69.3
WTNN,517,2017-10-11,3:14 PM,Derailment,0,HUMBOLDT,TN,83,2,Day,Clear,Main,Freight Train,13,178160,15000,193160,T212,35.878054,-88.929793,77.5,59.1,59.5
IC,951642,2018-03-02,7:36 AM,Hwy-rail crossing,0,HUMBOLDT,IL,34,2,Day,Clear,Main,,0,0,17744,24930,M308,39.601028,-88.321365,45,37.9,39.4
KCS,18012602,2018-01-26,8:30 AM,Derailment,0,HUME,MO,40,2,Day,Cloudy,Siding,Freight Train,6,182636,205257,387893,H702,38.101519,-94.590154,49.4,52.9,44.6
NS,134437,2019-06-21,2:51 PM,Hwy-rail crossing,0,HUMMELSTOWN,PA,75,2,Day,Clear,Main,Freight Train,45,169,11077,11246,M302,40.267322,-76.724764,75.8,72.8,70.8
UP,0719MA009,2019-07-06,10:39 PM,Fire/violent rupture,0,HUMPHREY,AR,80,4,Dark,Clear,Main,Freight Train,50,460058,50,460108,E73L,34.423472,-91.684011,81.7,81.6,81.2
UP,1022MA040,2022-10-26,4:33 PM,Hwy-rail crossing,0,HUMPHREY,AR,68,2,Day,Cloudy,Main,Freight Train,51,13639,0,13639,M302,34.442617,-91.632617,63.3,54.5,54.2
KCS,22072701,2022-07-27,8:50 AM,Hwy-rail crossing,0,HUNGERFORD,TX,90,2,Day,Clear,Main,Freight Train,46,18245,0,18245,M302,29.415603,-96.053245,84.5,84.2,84.7
NS,138130,2020-06-03,4:04 AM,Derailment,0,HUNT,NY,55,1,Dawn,Rain,Main,Freight Train,25,550496,90907,641403,H521,42.545123,-77.979688,62.9,69.2,69.6
NS,125133,2017-05-19,2:50 PM,Derailment,0,HUNTERSVILLE,NC,85,2,Day,Clear,Industry,Yard/switching,5,16350,0,16350,E08C,35.39816,-80.83749,77,78,78.2
NS,129502,2018-05-17,11:40 AM,Hwy-rail crossing,0,HUNTINGBURG,IN,83,2,Day,Clear,Main,Freight Train,27,14,12280,12294,M303,38.310666,-86.9795,72.2,72.1,70.6
NS,143820,2021-12-21,10:26 PM,Derailment,0,HUNTINGBURG,IN,34,4,Dark,Clear,Yard,Freight Train,8,9000,2866,11866,T311,38.29749,-86.938472,30.6,34.2,32.7
NS,129054,2018-04-03,8:30 AM,Derailment,0,HUNTINGDON,PA,40,2,Day,Rain,Main,Freight Train,10,333490,452649,786139,T401,40.483656,-78.012117,35.7,41.1,42.8
SEPA,25751,2018-01-04,9:40 AM,Hwy-rail crossing,0,HUNTINGDON VALLEY,PA,29,2,Day,Clear,Main,Passenger Train - Pulling,70,15000,0,15000,M301,40.113999,-75.071005,21.1,24.4,14
NS,125923,2017-07-21,4:10 PM,Derailment,0,HUNTINGTON,IN,92,3,Dusk,Clear,Main,Freight Train,46,30934,500,31434,E68C,40.8692,-85.524255,76.5,76.6,75.2
CSX,000195808,2021-02-16,2:30 AM,Obstruction,0,HUNTINGTON,WV,32,4,Dark,Cloudy,Main,Freight Train,30,35688,0,35688,M404,38.396147,-82.527761,27.1,22.6,19.5
CSX,000201810,2021-12-12,6:20 PM,Derailment,0,HUNTINGTON,WV,40,3,Dusk,Clear,Yard,Freight Train,2,36000,578,36578,H702,38.412764,-82.458459,56.1,36.9,38.4
UP,1023PN022,2023-10-15,9:45 PM,Derailment,0,HUNTINGTON,OR,63,4,Dark,Clear,Industry,Yard/switching,3,16962,0,16962,H306,44.545191,-117.422767,61.3,62.2,60.2
LI,EQ20150306,2015-03-16,12:57 PM,Derailment,0,HUNTINGTON,NY,45,2,Day,Clear,Siding,EMU,5,75126,1000,76126,H605,40.849009,-73.416492,42,39.5,43.5
LI,77906,2022-09-03,6:48 AM,Hwy-rail crossing,0,HUNTINGTON,NY,62,1,Dawn,Clear,Main,EMU,30,35988,2223,38211,M399,40.847843,-73.417935,68.2,69.4,76
NYA,NYA000025,2021-06-17,2:41 PM,Obstruction,0,HUNTINGTON,NY,74,2,Day,Clear,Main,Freight Train,40,3408,0,45836,H605,40.838599,-73.447141,69.4,67.1,70.1
MRL,2017033,2017-03-01,3:44 AM,Derailment,0,HUNTLEY,MT,17,4,Dark,Clear,Main,,0,0,34000,50500,H704,45.891262,-108.311906,27.3,31.5,35.1
BNSF,MT0317100,2017-03-01,3:44 AM,Derailment,0,HUNTLEY,MT,17,4,Dark,Clear,Main,Freight Train,3,16500,0,50500,H605,45.891262,-108.311906,27.3,31.5,35.1
UP,0115HO015,2015-01-10,12:21 PM,Derailment,0,HUNTSVILLE,TX,38,2,Day,Rain,Industry,Yard/switching,6,3094,10328,13422,M501,30.705411,-95.494823,34.9,37.1,40.3
NS,127743,2017-12-12,11:45 AM,Derailment,0,HUNTSVILLE,MO,44,2,Day,Clear,Main,Maint./inspect Car,3,75000,8254,83254,M599,39.433774,-92.543559,42.3,29.2,41.8
UP,0519GC047,2019-05-16,12:06 PM,Derailment,0,HUNTSVILLE,TX,82,2,Day,Cloudy,Industry,Freight Train,6,226449,96514,322963,T202,30.705362,-95.493154,76.4,76.5,77.6
UP,0715HO023,2015-07-15,9:40 AM,Derailment,0,HUNTSVILLE,TX,91,2,Day,Cloudy,Industry,Freight Train,8,1200,27312,28512,T109,30.70483,-95.47475,83.7,84.9,85.1
SW,SWW060115D,2015-06-01,4:30 PM,Derailment,0,HURLEY,NM,89,2,Day,Cloudy,Yard,Yard/switching,5,8055,5400,13455,H702,32.6997,-108.1286,69.5,72.1,72.1
NS,142145,2021-07-09,3:00 AM,Other (describe in narrative),0,HURLEY,VA,70,4,Dark,Rain,Industry,Freight Train,2,20500,0,20500,H702,37.443046,-82.048404,69.2,70.7,68.4
UP,0521LA042,2021-05-24,2:56 AM,Derailment,0,HURLEY,NM,52,4,Dark,Clear,Main,Freight Train,65,2131826,4142345,6274171,E60C,32.185058,-108.392619,63.5,64.9,68.4
UP,0517ST014,2017-05-30,8:10 AM,Derailment,0,HURLEY,NM,75,2,Day,Cloudy,Main,Freight Train,48,1239094,1092685,2331779,T399,32.208032,-108.229366,70.4,67.9,65.8
RCPE,RCP779518D,2018-09-08,11:15 PM,Derailment,0,HURON,SD,80,4,Dark,Clear,Yard,Freight Train,5,11000,4150,15150,H702,44.479735,-98.221298,65.6,62.2,66
RCPE,RCP919521D,2021-10-31,12:50 AM,Derailment,0,HURON,SD,35,4,Dark,Clear,Yard,Yard/switching,9,140606,48866,189472,T212,44.371808,-98.243319,44.5,36,32.4
RCPE,RCP583620D,2020-10-23,5:10 AM,Derailment,0,HURON,SD,28,4,Dark,Clear,Yard,Freight Train,9,178117,28540,206657,T207,44.371167,-98.240061,31.6,27.9,24.1
RCPE,RCP604220D,2020-11-10,10:24 PM,Derailment,0,HURON,SD,20,4,Dark,Clear,Yard,Yard/switching,6,86698,5000,91698,T207,44.371494,-98.241939,29,23,31.4
CSX,000214984,2023-12-08,8:48 PM,Hwy-rail crossing,0,HURRICANE,WV,41,4,Dark,Cloudy,Main,Freight Train,38,12143,0,12143,M303,38.440561,-81.982483,41.6,48.7,57.1
CSX,000212837,2023-08-09,9:45 AM,Hwy-rail crossing,0,HURRICANE,WV,81,2,Day,Clear,Main,Freight Train,48,55925,8637,64562,M308,38.434868,-82.007376,72.5,72.7,72.3
TRE,18008,2018-11-07,8:12 AM,Hwy-rail crossing,0,HURST,TX,60,2,Day,Cloudy,Main,Commuter Train - Pushing,52,400000,0,400000,M302,32.806801,-97.186522,64.3,60.9,54.8
UP,1217FW002,2017-12-02,9:00 PM,Derailment,0,HUTCHINS,TX,58,4,Dark,Clear,Yard,Yard/switching,8,68118,0,68118,H307,32.639326,-96.707908,57.2,63.2,64.2
BNSF,KS1022102,2022-10-04,4:15 AM,Derailment,0,HUTCHINSON,KS,55,1,Dawn,Clear,Industry,Freight Train,5,19964,3945,23909,H306,38.061646,-97.880501,65.9,66.8,66.5
KO,IN190610,2019-06-10,2:30 AM,Derailment,0,HUTCHINSON,KS,60,4,Dark,Clear,Main,Freight Train,7,75600,42000,117600,T221,38.048242,-97.94432,65.2,63.7,67.7
KO,IN181222,2018-12-22,12:30 AM,Raking collision,0,HUTCHINSON,KS,36,4,Dark,Clear,Main,Freight Train,3,20551,0,20551,H020,38.048412,-97.937965,36.6,39.3,34.4
KO,240824002,2024-08-24,1:35 AM,Derailment,0,HUTCHINSON,KS,74,4,Dark,Clear,Main,Freight Train,8,44595,65000,109595,E64C,38.047134,-97.922328,74.7,86.3,85.9
BNSF,KS1023116,2023-10-29,10:30 AM,Derailment,0,HUTCHINSON,KS,32,2,Day,Cloudy,Yard,Yard/switching,5,15803,16860,32663,T303,38.047907,-97.865131,32.9,32.2,32.4
BNSF,KS0324101,2024-03-02,6:39 PM,Derailment,0,HUTCHINSON,KS,60,3,Dusk,Clear,Industry,Freight Train,8,500,12886,13386,T319,38.050811,-97.889236,36.9,50.9,60.7
BNSF,KS0823111,2023-08-25,6:20 PM,Derailment,0,HUTCHINSON,KS,100,3,Dusk,Clear,Yard,Yard/switching,5,3000,23298,26298,T111,38.048887,-97.871909,88,88.4,75.5
BNSF,KS1214107,2014-12-14,6:55 PM,Derailment,0,HUTCHINSON,KS,38,3,Dusk,Clear,Yard,Yard/switching,7,60000,5400,65400,T210,38.046687,-97.856872,51.8,56.4,40.7
UP,0324SX019,2024-03-20,9:00 AM,Hwy-rail crossing,0,HUTTO,TX,55,2,Day,Cloudy,Main,Freight Train,52,17148,990,18138,M308,30.536801,-97.580823,53,58.7,60.7
CSX,000213688,2023-09-23,12:50 AM,Derailment,0,HYATTSVILLE,MD,65,4,Dark,Rain,Main,Freight Train,20,1063680,264237,1327917,T111,38.950347,-76.941479,65.7,60.9,65.4
RJCP,RJCP2102,2021-06-24,6:30 PM,Derailment,0,HYDE,PA,75,2,Day,Clear,Main,Freight Train,10,20000,30000,50000,T202,41.0019,-78.2734,57.7,62.4,66.6
CSX,000173696,2017-12-29,7:14 PM,Derailment,0,HYNDMAN,PA,18,3,Dusk,Cloudy,Main,Freight Train,21,276486,67516,344002,E67C,39.796278,-78.719835,8.7,13.7,18
CSX,000170611,2017-08-02,4:55 AM,Derailment,3,HYNDMAN,PA,64,1,Dawn,Clear,Main,Freight Train,29,2130312,74904,2205216,H019,39.826327,-78.72203,70.5,72.6,70.9
BNSF,MT1016104,2016-10-27,3:10 PM,Other (describe in narrative),0,HYSHAM,MT,65,2,Day,Cloudy,Main,Maint./inspect Car,10,0,21600,21600,H402,46.294321,-107.143464,50.6,55.6,54.1