reportingrailroadcode,accidentnumber,date,time,accidenttype,hazmatreleasedcars,station,stateabbr,temperature,visibility_code,visibility,weathercondition,tracktype,equipmenttype,trainspeed,equipmentdamagecost,trackdamagecost,totaldamagecost,primaryaccidentcausecode,latitude,longitude,prior_temp,actual_temp,following_temp
BNSF,HL0123201,2023-01-05,2:37 PM,Hwy-rail crossing,0,IATAN,MO,50,2,Day,Cloudy,Main,Freight Train,42,3000,25290,28290,M302,39.474153,-94.983959,36.8,34.9,34.9
UP,0720RM013,2020-07-17,8:52 AM,Hwy-rail crossing,0,IDAHO FALLS,ID,51,2,Day,Clear,Main,Freight Train,36,0,100369,100369,M308,43.424853,-112.089564,68.1,74,70.6
UP,0923RM010,2023-09-09,1:30 AM,Derailment,0,IDAHO FALLS,ID,63,4,Dark,Clear,Yard,Freight Train,3,17398,2400,19798,H307,43.447863,-112.071663,68.7,64.5,64.4
UP,0124RM018,2024-01-23,8:21 PM,Derailment,0,IDAHO FALLS,ID,35,4,Dark,Rain,Yard,Freight Train,3,10724,0,19344,T221,43.501894,-112.030768,31,35.3,35.6
EIRR,240123007,2024-01-23,8:21 PM,Derailment,0,IDAHO FALLS,ID,35,4,Dark,Rain,Yard,,0,0,8620,19344,T221,43.501894,-112.030768,31,35.3,35.6
UP,0524RM008,2024-05-07,7:30 PM,Derailment,0,IDAHO FALLS,ID,46,3,Dusk,Cloudy,Siding,Freight Train,8,11335,0,11335,M404,43.492292,-112.03752,45.2,41.6,43.9
UP,0615PC003,2015-06-12,10:45 AM,Derailment,0,IDAHO FALLS,ID,71,2,Day,Clear,Yard,Freight Train,0,0,32689,79128,T314,43.509744,-112.027033,67.1,70.3,65.7
EIRR,D508015,2015-06-12,10:45 AM,Derailment,0,IDAHO FALLS,ID,70,2,Day,Clear,Yard,Freight Train,7,13750,32689,79128,T314,43.509744,-112.027033,67.1,70.3,65.7
CSX,000146344,2015-05-18,2:10 AM,Derailment,0,IDEAL,GA,79,4,Dark,Clear,Main,Freight Train,40,3384,38094,41478,E39C,32.377725,-84.191823,75.9,75.3,77
CSX,000167168,2017-03-02,8:35 AM,Derailment,0,IJAMSVILLE,MD,42,2,Day,Cloudy,Main,Freight Train,25,211065,10929,221994,E09C,39.370188,-77.282314,60.5,44,33.5
UP,0215KC009,2015-02-12,1:00 AM,Fire/violent rupture,0,INDEPENDENCE,MO,31,4,Dark,Cloudy,Main,Freight Train,35,121408,33,121441,E73L,39.087928,-94.433891,33.7,21.2,32.9
ATK,172381,2022-10-14,2:12 PM,Hwy-rail crossing,0,INDEPENDENCE,LA,87,2,Day,Clear,Main,Passenger Train - Pulling,79,583668,0,583668,M304,30.692493,-90.508114,73.8,67.1,68.3
IC,907798,2016-12-02,2:57 PM,Hwy-rail crossing,0,INDEPENDENCE,LA,65,2,Day,Clear,Main,Freight Train,40,0,10900,10900,M399,30.562841,-90.478775,48.5,53.7,55.7
SKOL,IN200625,2020-06-24,6:00 PM,Fire/violent rupture,0,INDEPENDENCE,KS,95,2,Day,Clear,Main,Freight Train,10,0,3500000,3500000,M406,37.237973,-95.687402,75.3,75.3,80.2
UP,0321HL015,2021-03-24,1:05 AM,Derailment,0,INDEPENDENCE,MO,51,4,Dark,Rain,Main,Freight Train,4,30677,0,66938,M203,39.076093,-94.603321,53.3,47.8,43.7
IC,1116262,2022-10-14,2:12 PM,Hwy-rail crossing,0,INDEPENDENCE,LA,87,2,Day,Clear,Main,,0,0,0,583668,M302,30.692493,-90.508114,73.8,67.1,68.3
UP,0719HL002,2019-07-03,11:36 AM,Fire/violent rupture,0,INDEPENDENCE,MO,81,2,Day,Clear,Main,,0,0,165,40165,E74L,39.061281,-94.414978,83.2,80.9,76.1
UP,0819HL031,2019-08-19,4:31 AM,Derailment,0,INDEPENDENCE,MO,76,1,Dawn,Clear,Main,Freight Train,13,715306,239048,1051941,H508,39.112603,-94.476961,80.8,83.8,86.6
MNA,MNA459619,2019-07-03,11:36 AM,Fire/violent rupture,0,INDEPENDENCE,MO,74,2,Day,Clear,Main,Freight Train,33,40000,0,40165,E74L,39.061281,-94.414978,83.2,80.9,76.1
IC,909648,2016-12-28,1:20 PM,Hwy-rail crossing,0,INDEPENDENCE,LA,73,2,Day,Clear,Main,,0,0,18025,24440,M303,30.444828,-90.4412,71.3,70.6,60.9
UP,0219HL033,2019-02-21,2:28 PM,Fire/violent rupture,0,INDEPENDENCE,MO,26,2,Day,Cloudy,Main,Freight Train,0,112714,0,112714,E74L,39.139606,-94.319292,32.8,31.6,33.3
BNSF,CH1218104,2018-12-03,4:09 AM,Derailment,0,INDEPENDENCE,MO,30,1,Dawn,Cloudy,Main,,0,0,718000,741797,E40C,39.115229,-94.467895,35.7,29.8,28.1
UP,1218HL002,2018-12-03,4:09 AM,Derailment,0,INDEPENDENCE,MO,31,1,Dawn,Cloudy,Main,Freight Train,21,6377,17420,741797,E40C,39.115229,-94.467895,35.7,29.8,28.1
SKOL,170909001,2017-09-09,1:00 AM,Derailment,0,INDEPENDENCE,KS,62,4,Dark,Clear,Main,Freight Train,10,31006,0,31006,T221,37.263676,-95.602078,69.5,69.8,69.9
UP,1218HL009,2018-12-14,4:33 AM,Derailment,0,INDEPENDENCE,MO,36,1,Dawn,Cloudy,Main,Freight Train,3,219208,44168,456404,H702,39.112603,-94.476961,42.4,37,38.3
IC,1089457,2021-12-01,3:38 PM,Hwy-rail crossing,0,INDEPENDENCE,LA,68,2,Day,Clear,Main,,0,0,0,89983,M302,30.682913,-90.507934,51.7,56.9,59.8
ATK,169149,2021-12-01,3:38 PM,Hwy-rail crossing,0,INDEPENDENCE,LA,68,2,Day,Clear,Main,Passenger Train - Pulling,78,89983,0,89983,M302,30.683,-90.507667,51.7,56.9,59.8
ATK,145701,2016-12-28,1:20 PM,Hwy-rail crossing,0,INDEPENDENCE,LA,73,2,Day,Clear,Main,Passenger Train - Pulling,77,6415,0,24440,M303,30.444828,-90.4412,71.3,70.6,60.9
KCT,UP081919,2019-08-19,4:31 AM,Derailment,0,INDEPENDENCE,MO,76,1,Dawn,Clear,Main,,0,0,97587,1051941,H508,39.112603,-94.476961,80.8,83.8,86.6
UP,1216KC013,2016-12-20,2:02 AM,Fire/violent rupture,0,INDEPENDENCE,MO,16,4,Dark,Clear,Main,Freight Train,0,26719,0,26719,E73L,39.057612,-94.415764,13.6,28.6,36.2
SKOL,211012,2021-10-12,12:15 AM,Derailment,0,INDEPENDENCE,KS,56,4,Dark,Clear,Main,Freight Train,8,311311,20000,331311,T207,37.231466,-95.723092,63.1,65.2,70.6
RJCP,RJCP0001,2016-10-29,4:30 PM,Derailment,0,INDIANA,PA,55,3,Dusk,Clear,Main,Freight Train,10,4800,35000,39800,T221,40.726169,-78.925161,44,58.3,60.2
CSX,000170469,2017-07-25,10:50 AM,Other impacts,0,INDIANAPOLIS,IN,72,2,Day,Cloudy,Yard,Single Car,6,0,328,15386,E04C,39.759791,-86.327526,74.8,71.9,74.7
CSX,000182899,2019-05-11,2:30 PM,Side collision,0,INDIANAPOLIS,IN,60,2,Day,Rain,Yard,Yard/switching,10,8285,0,22785,M408,39.759791,-86.327526,51.1,50.1,46.4
CSX,000187005,2019-12-08,2:39 PM,Raking collision,0,INDIANAPOLIS,IN,55,2,Day,Cloudy,Yard,Yard/switching,2,21140,6725,133065,H307,39.759791,-86.327526,31.9,41.9,50.4
CSX,000187135,2019-12-14,8:30 AM,Side collision,0,INDIANAPOLIS,IN,42,2,Day,Cloudy,Yard,Yard/switching,2,31776,0,47920,H306,39.759791,-86.327526,36.5,37.7,28.7
CSX,000187135,2019-12-14,8:30 AM,Side collision,0,INDIANAPOLIS,IN,42,2,Day,Cloudy,Yard,Yard/switching,2,15894,250,47920,H306,39.759791,-86.327526,36.5,37.7,28.7
CSX,000206640,2022-08-11,12:30 PM,Other impacts,0,INDIANAPOLIS,IN,90,2,Day,Clear,Yard,Cut of cars,19,100110,48,100158,M407,39.759798,-86.327516,74,73.3,69.2
CSX,000183443,2019-06-09,1:30 AM,Derailment,0,INDIANAPOLIS,IN,67,4,Dark,Clear,Yard,Cut of cars,4,70466,500,209239,M408,39.759791,-86.327526,72.6,70.4,68.2
CSX,000184040,2019-07-10,8:33 PM,Side collision,0,INDIANAPOLIS,IN,85,4,Dark,Clear,Yard,Yard/switching,8,124869,612,143401,H306,39.759791,-86.327526,77.6,82.1,79.4
CSX,000200651,2021-10-13,5:55 AM,Side collision,0,INDIANAPOLIS,IN,55,4,Dark,Clear,Yard,Light loco(s),4,0,0,14720,H306,39.759791,-86.327526,63,63.7,72.2
CSX,000200651,2021-10-13,5:55 AM,Side collision,0,INDIANAPOLIS,IN,55,4,Dark,Clear,Yard,Yard/switching,0,14120,600,14720,H306,39.759791,-86.327526,63,63.7,72.2
CSX,000182313,2019-04-11,5:01 PM,Derailment,0,INDIANAPOLIS,IN,70,2,Day,Clear,Yard,Yard/switching,8,12687,200,47597,M408,39.759791,-86.327526,53.6,61.9,58.5
CSX,000207277,2022-09-15,1:45 PM,Derailment,0,INDIANAPOLIS,IN,82,2,Day,Clear,Industry,Yard/switching,2,18444,502,18946,H306,39.738542,-86.297028,68.5,70.4,70.7
CSX,000204646,2022-04-30,1:00 AM,Side collision,0,INDIANAPOLIS,IN,57,4,Dark,Cloudy,Yard,Yard/switching,7,128788,0,475231,H307,39.759798,-86.327516,59.8,64.1,60.5
CSX,000209279,2023-01-14,10:30 AM,Derailment,0,INDIANAPOLIS,IN,28,2,Day,Cloudy,Yard,Yard/switching,4,138000,210180,348180,T221,39.762915,-86.106839,33.5,28.9,31.5
CSX,000200823,2021-10-20,7:15 AM,Side collision,0,INDIANAPOLIS,IN,48,4,Dark,Clear,Yard,Yard/switching,6,116257,856,352676,H306,39.759791,-86.327526,56.4,59,58.9
CSX,000199606,2021-08-20,6:42 PM,Side collision,0,INDIANAPOLIS,IN,80,3,Dusk,Clear,Yard,Cut of cars,2,1256,0,73586,H999,39.759791,-86.327526,77.1,76.6,78.2
CSX,000201357,2021-11-16,1:31 PM,Derailment,0,INDIANAPOLIS,IN,54,2,Day,Clear,Yard,Freight Train,0,43492,48,61691,H305,39.759791,-86.327526,33.7,43.3,59
CSX,000208892,2022-12-17,12:00 AM,Side collision,0,INDIANAPOLIS,IN,32,4,Dark,Cloudy,Yard,Yard/switching,4,18755,0,21021,H307,39.759798,-86.327516,32.8,28.7,23.9
CSX,000204646,2022-04-30,1:00 AM,Side collision,0,INDIANAPOLIS,IN,57,4,Dark,Cloudy,Yard,Yard/switching,7,149787,0,475231,H307,39.759798,-86.327516,59.8,64.1,60.5
CSX,000199606,2021-08-20,6:42 PM,Side collision,0,INDIANAPOLIS,IN,80,3,Dusk,Clear,Yard,Yard/switching,0,72282,48,73586,H999,39.759791,-86.327526,77.1,76.6,78.2
CSX,000201357,2021-11-16,1:31 PM,Derailment,0,INDIANAPOLIS,IN,54,2,Day,Clear,Yard,Yard/switching,4,18151,0,61691,H305,39.759791,-86.327526,33.7,43.3,59
CSX,000204646,2022-04-30,1:00 AM,Side collision,0,INDIANAPOLIS,IN,57,4,Dark,Cloudy,Yard,Freight Train,8,170529,26127,475231,H307,39.759798,-86.327516,59.8,64.1,60.5
CSX,000208892,2022-12-17,12:00 AM,Side collision,0,INDIANAPOLIS,IN,32,4,Dark,Cloudy,Yard,Light loco(s),4,2266,0,21021,H307,39.759798,-86.327516,32.8,28.7,23.9
CSX,000169173,2017-05-24,6:05 AM,Derailment,0,INDIANAPOLIS,IN,57,1,Dawn,Cloudy,Yard,Cut of cars,7,12580,232,12812,M411,39.759791,-86.327526,64.8,60.5,58.6
CSX,000171221,2017-08-25,9:51 AM,Other impacts,0,INDIANAPOLIS,IN,80,2,Day,Clear,Main,Cut of cars,15,176464,1292,177756,H018,39.763019,-86.185691,68.2,66.6,67.4
CSX,000209589,2023-02-01,3:57 PM,Derailment,0,INDIANAPOLIS,IN,30,2,Day,Clear,Industry,Yard/switching,3,13055,1525,14580,H306,39.891173,-86.240267,18.4,20.1,29.1
CSX,000216777,2024-03-16,5:48 PM,Other impacts,0,INDIANAPOLIS,IN,58,2,Day,Cloudy,Yard,Cut of cars,15,35116,0,35116,M407,39.759798,-86.327516,52,50.3,41.5
CSX,000175733,2018-04-10,8:58 PM,Side collision,0,INDIANAPOLIS,IN,35,4,Dark,Clear,Yard,Light loco(s),7,7000,0,16608,H307,39.759791,-86.327526,36,37.1,47.5
CSX,000157735,2016-03-03,5:57 PM,Hwy-rail crossing,0,INDIANAPOLIS,IN,45,2,Day,Cloudy,Main,Freight Train,24,2071,26819,28890,M303,39.794097,-86.1166,27.8,35.2,33.1
CSX,000211602,2023-06-03,1:45 PM,Other impacts,0,INDIANAPOLIS,IN,94,2,Day,Cloudy,Yard,Light loco(s),0,29980,0,35468,H99D,39.759798,-86.327516,78,79.2,74.2
CSX,000167960,2017-04-03,11:30 PM,Derailment,0,INDIANAPOLIS,IN,54,4,Dark,Rain,Yard,Yard/switching,6,9795,938,10733,S011,39.759791,-86.327526,51.3,59.5,55.4
CSX,000175127,2018-03-09,2:18 AM,Derailment,0,INDIANAPOLIS,IN,22,4,Dark,Clear,Yard,Yard/switching,2,244507,5080,249587,H702,39.759791,-86.327526,27.6,32.2,37
CSX,000157271,2016-02-19,4:09 PM,Derailment,0,INDIANAPOLIS,IN,57,2,Day,Cloudy,Main,Freight Train,6,165184,3500,168684,H799,39.765294,-86.145226,36.1,51.7,55.5
CSX,000211602,2023-06-03,1:45 PM,Other impacts,0,INDIANAPOLIS,IN,94,2,Day,Cloudy,Yard,Cut of cars,3,5488,0,35468,H99D,39.759798,-86.327516,78,79.2,74.2
CSX,000175733,2018-04-10,8:58 PM,Side collision,0,INDIANAPOLIS,IN,35,4,Dark,Clear,Yard,Light loco(s),6,9000,608,16608,H307,39.759791,-86.327526,36,37.1,47.5
CSX,000202765,2022-01-30,3:36 AM,Side collision,0,INDIANAPOLIS,IN,23,4,Dark,Clear,Yard,Yard/switching,5,111568,1800,199433,H307,39.759798,-86.327516,15,25.9,28.4
CSX,000175342,2018-03-21,2:30 AM,Other impacts,0,INDIANAPOLIS,IN,30,4,Dark,Clear,Yard,Cut of cars,5,56588,32,97620,H318,39.759791,-86.327526,35.7,35.4,35.9
CSX,000188202,2020-01-21,12:00 AM,Other impacts,0,INDIANAPOLIS,IN,28,4,Dark,Clear,Yard,Cut of cars,10,12690,602,13292,M411,39.759791,-86.327526,20.1,25.6,26.6
CSX,000169564,2017-06-13,4:10 AM,Other impacts,0,INDIANAPOLIS,IN,76,1,Dawn,Cloudy,Yard,Cut of cars,21,82522,368,82890,S007,39.759791,-86.327526,80.3,77.9,76.3
CSX,000139783,2015-01-09,3:45 AM,Derailment,0,INDIANAPOLIS,IN,7,4,Dark,Clear,Yard,Yard/switching,7,16007,1600,17607,E39C,39.762777,-86.15558,3.6,10.4,10.6
CSX,000169719,2017-06-18,4:50 PM,Other impacts,0,INDIANAPOLIS,IN,78,3,Dusk,Cloudy,Yard,Cut of cars,5,25000,368,25368,E09C,39.759791,-86.327526,77.8,74.6,71.2
CSX,000189059,2020-03-11,9:29 PM,Side collision,0,INDIANAPOLIS,IN,49,4,Dark,Cloudy,Yard,Yard/switching,9,9992,1586,141301,H702,39.759791,-86.327526,47.7,42.1,50.3
CSX,000212667,2023-08-02,10:30 PM,Derailment,0,INDIANAPOLIS,IN,72,4,Dark,Cloudy,Yard,Freight Train,6,39169,23481,62650,M405,39.759798,-86.327516,72,72.8,76.6
CSX,000189059,2020-03-11,9:29 PM,Side collision,0,INDIANAPOLIS,IN,49,4,Dark,Cloudy,Yard,Yard/switching,2,129723,0,141301,H702,39.759791,-86.327526,47.7,42.1,50.3
CSX,000199787,2021-08-31,12:35 AM,Other impacts,0,INDIANAPOLIS,IN,72,4,Dark,Clear,Yard,Yard/switching,0,125618,500,132991,H020,39.762938,-86.106987,74.8,73.8,72.9
CSX,000217175,2024-03-17,3:00 PM,Other impacts,0,INDIANAPOLIS,IN,60,2,Day,Clear,Yard,Cut of cars,18,31627,0,31627,M407,39.759798,-86.327516,50.3,41.5,32.9
CSX,000200005,2021-09-11,1:20 AM,Hwy-rail crossing,0,INDIANAPOLIS,IN,64,4,Dark,Clear,Main,Yard/switching,3,11608,0,11608,M302,39.896693,-86.242767,67.3,72.3,77.4
CSX,000193674,2020-11-07,10:27 AM,Side collision,0,INDIANAPOLIS,IN,65,2,Day,Clear,Yard,Light loco(s),7,5589,0,58390,H607,39.759791,-86.327526,55.8,56.4,63.5
CSX,000193674,2020-11-07,10:27 AM,Side collision,0,INDIANAPOLIS,IN,65,2,Day,Clear,Yard,Yard/switching,7,51801,1000,58390,H607,39.759791,-86.327526,55.8,56.4,63.5
CSX,000199787,2021-08-31,12:35 AM,Other impacts,0,INDIANAPOLIS,IN,72,4,Dark,Clear,Yard,Cut of cars,1,6873,0,132991,H020,39.762938,-86.106987,74.8,73.8,72.9
INRD,644211,2015-11-19,7:40 AM,Derailment,0,INDIANAPOLIS,IN,40,1,Dawn,Clear,Industry,Yard/switching,7,4000,18000,22000,H303,39.71491,-86.17732,59,47.2,40.5
ISRR,ISR805515G,2015-09-16,9:00 AM,Hwy-rail crossing,0,INDIANAPOLIS,IN,80,2,Day,Clear,Main,Freight Train,10,5000,55000,60000,M302,39.70613,-86.25634,67.5,68.6,70
CSX,000193583,2020-11-02,7:35 PM,Derailment,0,INDIANAPOLIS,IN,41,3,Dusk,Clear,Yard,Yard/switching,5,27348,800,28148,E30C,39.762938,-86.106987,43.4,37.2,49.4
CSX,000170469,2017-07-25,10:50 AM,Other impacts,0,INDIANAPOLIS,IN,72,2,Day,Cloudy,Yard,Single Car,6,15058,0,15386,E04C,39.759791,-86.327526,74.8,71.9,74.7
CSX,000189825,2020-04-22,3:19 PM,Other impacts,0,INDIANAPOLIS,IN,60,3,Dusk,Cloudy,Yard,Single Car,0,1300,0,16569,S016,39.759791,-86.327526,50.3,54.1,54.6
CSX,000149420,2015-07-19,8:15 AM,Derailment,0,INDIANAPOLIS,IN,75,2,Day,Clear,Yard,Freight Train,3,9818,1250,11068,H702,39.756183,-86.214116,79.5,79.5,77.9
CSX,000189862,2020-04-26,11:26 AM,Derailment,0,INDIANAPOLIS,IN,52,2,Day,Clear,Yard,Yard/switching,9,13121,1862,14983,H503,39.759791,-86.327526,56.9,51.2,53.7
CSX,000178577,2018-09-04,6:05 PM,Broken train collision,0,INDIANAPOLIS,IN,85,2,Day,Clear,Yard,Freight Train,4,0,0,264253,E32C,39.759791,-86.327526,81.9,82.1,81.4
CSX,000178577,2018-09-04,6:05 PM,Broken train collision,0,INDIANAPOLIS,IN,85,2,Day,Clear,Yard,Cut of cars,4,257709,6544,264253,E32C,39.759791,-86.327526,81.9,82.1,81.4
CSX,000203009,2022-02-09,7:25 PM,Other impacts,0,INDIANAPOLIS,IN,37,3,Dusk,Cloudy,Yard,Freight Train,0,20920,300,21798,H503,39.759798,-86.327516,28.3,40.4,33
RASX,021119,2019-02-11,10:30 AM,Derailment,0,INDIANAPOLIS,IN,30,2,Day,Sleet,Industry,Cut of cars,0,41870,2000,43870,E04C,39.742857,-86.17286,27.1,35.2,36.6
LIRC,0329201801,2018-03-29,12:41 AM,Rear end collision,0,INDIANAPOLIS,IN,53,4,Dark,Fog,Main,Light loco(s),18,4394,0,104394,H607,39.701255,-86.136912,49.7,49.9,43.7
CSX,000200007,2021-09-10,11:30 PM,Side collision,0,INDIANAPOLIS,IN,70,4,Dark,Clear,Yard,Yard/switching,7,16516,1075,65163,H306,39.759791,-86.327526,67.6,67.3,72.3
CSX,000182944,2019-05-14,1:00 AM,Derailment,0,INDIANAPOLIS,IN,48,4,Dark,Clear,Yard,Cut of cars,14,77464,0,77464,M407,39.759791,-86.327526,50.4,55.8,60.6
CSX,000200007,2021-09-10,11:30 PM,Side collision,0,INDIANAPOLIS,IN,70,4,Dark,Clear,Yard,Yard/switching,4,47572,0,65163,H306,39.759791,-86.327526,67.6,67.3,72.3
LIRC,0329201801,2018-03-29,12:41 AM,Rear end collision,0,INDIANAPOLIS,IN,53,4,Dark,Fog,Main,Freight Train,0,100000,0,104394,H607,39.701255,-86.136912,49.7,49.9,43.7
CSX,000202124,2021-12-30,5:00 AM,Derailment,0,INDIANAPOLIS,IN,35,1,Dawn,Clear,Yard,Cut of cars,0,395393,0,853273,T221,39.759798,-86.327516,42,42.3,48.4
CSX,000202483,2022-01-18,11:40 AM,Side collision,0,INDIANAPOLIS,IN,32,2,Day,Clear,Yard,Freight Train,6,474768,0,927106,H306,39.759798,-86.327516,25.7,32.8,35.3
CSX,000184040,2019-07-10,8:33 PM,Side collision,0,INDIANAPOLIS,IN,85,4,Dark,Clear,Yard,Light loco(s),8,17920,0,143401,H306,39.759791,-86.327526,77.6,82.1,79.4
CSX,000184775,2019-08-16,2:00 AM,Derailment,0,INDIANAPOLIS,IN,65,4,Dark,Clear,Yard,Yard/switching,7,35705,2000,37705,M411,39.759791,-86.327526,73.3,73.4,73.6
CSX,000167243,2017-03-05,7:05 AM,Derailment,0,INDIANAPOLIS,IN,32,1,Dawn,Cloudy,Yard,Cut of cars,14,13691,242,13933,E41C,39.759791,-86.327526,36.3,47.5,53.9
CSX,000181270,2019-02-09,8:50 PM,Other impacts,0,INDIANAPOLIS,IN,25,4,Dark,Clear,Yard,Single Car,10,8387,0,17822,E04C,39.759791,-86.327526,18.3,18.8,27.1
CSX,000202292,2022-01-07,12:25 PM,Side collision,0,INDIANAPOLIS,IN,16,2,Day,Clear,Yard,Yard/switching,5,90661,0,187336,H702,39.759798,-86.327516,14.8,11.2,24.6
CSX,000202765,2022-01-30,3:36 AM,Side collision,0,INDIANAPOLIS,IN,23,4,Dark,Clear,Yard,Freight Train,8,86065,0,199433,H307,39.759798,-86.327516,15,25.9,28.4
CSX,000179538,2018-10-26,11:55 PM,Side collision,0,INDIANAPOLIS,IN,44,4,Dark,Clear,Yard,Yard/switching,3,15372,2549,581521,H399,39.759791,-86.327526,46.2,45.7,47.4
CSX,000202292,2022-01-07,12:25 PM,Side collision,0,INDIANAPOLIS,IN,16,2,Day,Clear,Yard,Freight Train,0,95099,1576,187336,H702,39.759798,-86.327516,14.8,11.2,24.6
CSX,000181270,2019-02-09,8:50 PM,Other impacts,0,INDIANAPOLIS,IN,25,4,Dark,Clear,Yard,Single Car,10,9435,0,17822,E04C,39.759791,-86.327526,18.3,18.8,27.1
CSX,000175342,2018-03-21,2:30 AM,Other impacts,0,INDIANAPOLIS,IN,30,4,Dark,Clear,Yard,Single Car,3,41000,0,97620,H318,39.759791,-86.327526,35.7,35.4,35.9
CSX,000203009,2022-02-09,7:25 PM,Other impacts,0,INDIANAPOLIS,IN,37,3,Dusk,Cloudy,Yard,Cut of cars,4,578,0,21798,H503,39.759798,-86.327516,28.3,40.4,33
CSX,000202483,2022-01-18,11:40 AM,Side collision,0,INDIANAPOLIS,IN,32,2,Day,Clear,Yard,Yard/switching,10,336647,0,927106,H306,39.759798,-86.327516,25.7,32.8,35.3
CSX,000202849,2022-02-01,12:15 PM,Obstruction,0,INDIANAPOLIS,IN,56,2,Day,Clear,Yard,Single Car,6,300,0,46714,M411,39.759798,-86.327516,28.4,45,38.6
CSX,000202849,2022-02-01,12:15 PM,Obstruction,0,INDIANAPOLIS,IN,56,2,Day,Clear,Yard,Spec. MoW Equip.,0,46414,0,46714,M411,39.759798,-86.327516,28.4,45,38.6
CSX,000202483,2022-01-18,11:40 AM,Side collision,0,INDIANAPOLIS,IN,32,2,Day,Clear,Yard,Freight Train,9,5979,109712,927106,H306,39.759798,-86.327516,25.7,32.8,35.3
CSX,000220124,2024-08-25,5:02 PM,Derailment,0,INDIANAPOLIS,IN,78,3,Dusk,Cloudy,Yard,Yard/switching,0,55700,0,91245,H305,39.759798,-86.327516,77.4,80.7,80.7
CSX,000191039,2020-06-24,8:29 PM,Other impacts,0,INDIANAPOLIS,IN,80,4,Dark,Clear,Yard,Single Car,4,9222,0,17980,M407,39.759791,-86.327526,70.9,70.9,73.3
CSX,000190505,2020-05-27,4:54 PM,Derailment,0,INDIANAPOLIS,IN,75,2,Day,Clear,Yard,Cut of cars,10,52403,500,52903,S011,39.759791,-86.327526,76,73.2,70.9
CSX,000200579,2021-10-10,11:22 PM,Other impacts,0,INDIANAPOLIS,IN,72,4,Dark,Clear,Yard,Cut of cars,3,26650,0,28681,H999,39.759791,-86.327526,70.4,74,71.9
CSX,000201531,2021-11-27,12:55 PM,Other impacts,0,INDIANAPOLIS,IN,36,2,Day,Clear,Yard,Single Car,3,2544,1154,11130,S007,39.759791,-86.327526,28.2,37.6,34.8
CSX,000188368,2020-02-11,6:50 AM,Derailment,0,INDIANAPOLIS,IN,31,1,Dawn,Cloudy,Yard,Yard/switching,5,19404,250,19654,E67C,39.759791,-86.327526,36.2,34,31.9
CSX,000198393,2021-06-16,4:00 PM,Other impacts,0,INDIANAPOLIS,IN,84,2,Day,Clear,Yard,Cut of cars,0,20203,0,23840,E76L,39.759791,-86.327526,71.2,70.4,73.7
CSX,000219388,2024-07-17,9:13 PM,Derailment,0,INDIANAPOLIS,IN,78,3,Dusk,Clear,Industry,Freight Train,3,89168,48105,137273,H704,39.733629,-86.087384,77.1,77.6,68.8
CSX,000191039,2020-06-24,8:29 PM,Other impacts,0,INDIANAPOLIS,IN,80,4,Dark,Clear,Yard,Light loco(s),0,8658,0,17980,M407,39.759791,-86.327526,70.9,70.9,73.3
CSX,000170855,2017-08-10,11:00 PM,Derailment,0,INDIANAPOLIS,IN,70,4,Dark,Clear,Main,Cut of cars,9,153428,19336,172764,H020,39.759791,-86.327526,71.1,73.6,74.4
CSX,000201531,2021-11-27,12:55 PM,Other impacts,0,INDIANAPOLIS,IN,36,2,Day,Clear,Yard,Yard/switching,4,7432,0,11130,S007,39.759791,-86.327526,28.2,37.6,34.8
CSX,000180590,2019-01-02,11:33 AM,Other impacts,0,INDIANAPOLIS,IN,37,2,Day,Cloudy,Industry,Single Car,3,14100,0,18100,H018,39.806684,-86.045504,38.9,35.6,32.8
CSX,000169801,2017-06-21,7:40 AM,Fire/violent rupture,0,INDIANAPOLIS,IN,71,2,Day,Clear,Yard,Single Car,2,106715,32,106747,M406,39.759791,-86.327526,71.8,76.6,76.5
CSX,000220124,2024-08-25,5:02 PM,Derailment,0,INDIANAPOLIS,IN,78,3,Dusk,Cloudy,Yard,Yard/switching,3,27650,7895,91245,H305,39.759798,-86.327516,77.4,80.7,80.7
CSX,000196234,2021-03-11,3:25 AM,Side collision,0,INDIANAPOLIS,IN,50,4,Dark,Clear,Yard,Yard/switching,3,120919,2120,127490,H306,39.759791,-86.327526,61.3,59.9,49
CSX,000196234,2021-03-11,3:25 AM,Side collision,0,INDIANAPOLIS,IN,50,4,Dark,Clear,Yard,Light loco(s),7,4451,0,127490,H306,39.759791,-86.327526,61.3,59.9,49
CSX,000198393,2021-06-16,4:00 PM,Other impacts,0,INDIANAPOLIS,IN,84,2,Day,Clear,Yard,Single Car,5,3637,0,23840,E76L,39.759791,-86.327526,71.2,70.4,73.7
CSX,000200579,2021-10-10,11:22 PM,Other impacts,0,INDIANAPOLIS,IN,72,4,Dark,Clear,Yard,Cut of cars,5,2031,0,28681,H999,39.759791,-86.327526,70.4,74,71.9
CSX,000194390,2020-12-10,9:00 AM,Derailment,0,INDIANAPOLIS,IN,55,2,Day,Clear,Yard,Freight Train,8,113517,91617,205134,H992,39.759791,-86.327526,41.1,43.8,51.3
CSX,000187005,2019-12-08,2:39 PM,Raking collision,0,INDIANAPOLIS,IN,55,2,Day,Cloudy,Yard,Freight Train,8,105200,0,133065,H307,39.759791,-86.327526,31.9,41.9,50.4