reportingrailroadcode,accidentnumber,date,time,accidenttype,hazmatreleasedcars,station,stateabbr,temperature,visibility_code,visibility,weathercondition,tracktype,equipmenttype,trainspeed,equipmentdamagecost,trackdamagecost,totaldamagecost,primaryaccidentcausecode,latitude,longitude,prior_temp,actual_temp,following_temp
CSX,000183443,2019-06-09,1:30 AM,Derailment,0,INDIANAPOLIS,IN,67,4,Dark,Clear,Yard,Yard/switching,4,138273,0,209239,M408,39.759791,-86.327526,72.6,70.4,68.2
CSX,000185957,2019-10-14,1:00 AM,Other impacts,0,INDIANAPOLIS,IN,40,4,Dark,Clear,Yard,Freight Train,1,9299,0,15793,H702,39.759791,-86.327526,51.4,51,55.9
CSX,000180403,2018-12-19,7:41 PM,Other impacts,0,INDIANAPOLIS,IN,32,3,Dusk,Clear,Yard,Single Car,0,46791,0,46791,S099,39.759791,-86.327526,33.3,39.2,45.6
CSX,000185957,2019-10-14,1:00 AM,Other impacts,0,INDIANAPOLIS,IN,40,4,Dark,Clear,Yard,Cut of cars,0,6494,0,15793,H702,39.759791,-86.327526,51.4,51,55.9
CSX,000191039,2020-06-24,8:29 PM,Other impacts,0,INDIANAPOLIS,IN,80,4,Dark,Clear,Yard,Cut of cars,0,0,100,17980,M407,39.759791,-86.327526,70.9,70.9,73.3
CSX,000180403,2018-12-19,7:41 PM,Other impacts,0,INDIANAPOLIS,IN,32,3,Dusk,Clear,Yard,Single Car,7,0,0,46791,S099,39.759791,-86.327526,33.3,39.2,45.6
CSX,000200823,2021-10-20,7:15 AM,Side collision,0,INDIANAPOLIS,IN,48,4,Dark,Clear,Yard,Yard/switching,2,235563,0,352676,H306,39.759791,-86.327526,56.4,59,58.9
CSX,000190454,2020-05-27,4:23 AM,Side collision,0,INDIANAPOLIS,IN,65,4,Dark,Clear,Yard,Yard/switching,4,17417,0,361256,H607,39.759791,-86.327526,76,73.2,70.9
CSX,000182899,2019-05-11,2:30 PM,Side collision,0,INDIANAPOLIS,IN,60,2,Day,Rain,Yard,Cut of cars,10,14500,0,22785,M408,39.759791,-86.327526,51.1,50.1,46.4
CSX,000194501,2020-12-15,1:25 PM,Other impacts,0,INDIANAPOLIS,IN,26,2,Day,Snow,Yard,Cut of cars,10,624,0,16224,S015,39.759791,-86.327526,31.4,28.5,29.5
CSX,000208989,2022-11-22,10:06 AM,Other (describe in narrative),0,INDIANAPOLIS,IN,49,2,Day,Cloudy,Yard,Single Car,3,49470,0,49470,E21C,39.762915,-86.106839,35.2,39.8,43.2
CSX,000190454,2020-05-27,4:23 AM,Side collision,0,INDIANAPOLIS,IN,65,4,Dark,Clear,Yard,Yard/switching,2,308267,35572,361256,H607,39.759791,-86.327526,76,73.2,70.9
CSX,000194501,2020-12-15,1:25 PM,Other impacts,0,INDIANAPOLIS,IN,26,2,Day,Snow,Yard,Cut of cars,9,15600,0,16224,S015,39.759791,-86.327526,31.4,28.5,29.5
CSX,000189386,2020-03-30,4:00 AM,Other impacts,0,INDIANAPOLIS,IN,50,4,Dark,Clear,Yard,Cut of cars,3,16456,0,16456,H318,39.762938,-86.106987,59,50.2,41
CSX,000166515,2017-02-04,5:30 AM,Derailment,0,INDIANAPOLIS,IN,15,4,Dark,Clear,Yard,Freight Train,5,17772,8819,26591,H525,39.759791,-86.327526,22.5,25,38.2
CSX,000176994,2018-06-14,10:07 AM,Other impacts,0,INDIANAPOLIS,IN,72,2,Day,Clear,Yard,Cut of cars,10,63791,32,63823,S007,39.759791,-86.327526,76.1,71.8,77.7
CSX,000177941,2018-08-01,2:50 PM,Derailment,0,INDIANAPOLIS,IN,70,2,Day,Clear,Yard,Yard/switching,4,8118,6664,14782,T103,39.759791,-86.327526,68,69.9,73.6
CSX,000218305,2024-05-26,12:55 AM,Derailment,0,INDIANAPOLIS,IN,70,4,Dark,Cloudy,Yard,Freight Train,4,45073,29253,74326,T206,39.759798,-86.327516,70.8,69.2,66.7
CSX,000181473,2019-02-19,11:45 PM,Derailment,0,INDIANAPOLIS,IN,41,4,Dark,Clear,Yard,Yard/switching,4,35304,5684,40988,T111,39.765322,-86.148394,29.1,27.9,35.7
CSX,000200180,2021-09-18,4:13 AM,Derailment,0,INDIANAPOLIS,IN,85,1,Dawn,Clear,Yard,Yard/switching,7,11439,28815,40254,T206,39.759791,-86.327526,75.1,77.6,76.4
CSX,000182356,2019-04-14,9:17 AM,Derailment,0,INDIANAPOLIS,IN,68,2,Day,Clear,Yard,Yard/switching,7,37357,20086,57443,T314,39.759791,-86.327526,51.4,42.1,42.7
CSX,000174719,2018-02-14,2:07 PM,Derailment,0,INDIANAPOLIS,IN,40,2,Day,Rain,Yard,Yard/switching,9,24757,980,25737,T207,39.759791,-86.327526,32,44.9,59.3
CSX,000177374,2018-07-04,9:32 AM,Derailment,0,INDIANAPOLIS,IN,90,2,Day,Cloudy,Yard,Single Car,10,12057,0,72849,T101,39.759791,-86.327526,80.7,83.3,79.8
CSX,000177374,2018-07-04,9:32 AM,Derailment,0,INDIANAPOLIS,IN,90,2,Day,Cloudy,Yard,Single Car,10,12076,0,72849,T101,39.759791,-86.327526,80.7,83.3,79.8
CSX,000168660,2017-05-02,11:00 PM,Other impacts,0,INDIANAPOLIS,IN,54,4,Dark,Cloudy,Yard,Cut of cars,4,111923,0,178742,T305,39.759791,-86.327526,56.6,51.6,48.4
CSX,000168660,2017-05-02,11:00 PM,Other impacts,0,INDIANAPOLIS,IN,54,4,Dark,Cloudy,Yard,Yard/switching,4,52775,14044,178742,T305,39.759791,-86.327526,56.6,51.6,48.4
CSX,000175846,2018-04-16,8:05 PM,Derailment,0,INDIANAPOLIS,IN,35,3,Dusk,Snow,Yard,Freight Train,9,27926,65467,93393,T110,39.759791,-86.327526,48.6,33.4,37.4
CSX,000213008,2023-08-18,8:15 AM,Derailment,0,INDIANAPOLIS,IN,75,2,Day,Clear,Yard,Yard/switching,2,49196,7117,56313,T207,39.759798,-86.327516,68.7,67.1,69.3
CSX,000167911,2017-03-31,3:35 PM,Derailment,0,INDIANAPOLIS,IN,43,2,Day,Cloudy,Yard,Cut of cars,9,19750,990,20740,T313,39.759791,-86.327526,58.9,49,45.6
CSX,000168458,2017-04-22,9:30 AM,Other impacts,0,INDIANAPOLIS,IN,67,2,Day,Clear,Yard,Single Car,7,40426,0,40740,T314,39.759791,-86.327526,52.4,49.4,56
CSX,000168458,2017-04-22,9:30 AM,Other impacts,0,INDIANAPOLIS,IN,67,2,Day,Clear,Yard,Single Car,7,0,314,40740,T314,39.759791,-86.327526,52.4,49.4,56
CSX,000177374,2018-07-04,9:32 AM,Derailment,0,INDIANAPOLIS,IN,90,2,Day,Cloudy,Yard,Single Car,10,9920,38796,72849,T101,39.759791,-86.327526,80.7,83.3,79.8
CSX,000198476,2021-06-26,1:57 AM,Derailment,0,INDIANAPOLIS,IN,74,4,Dark,Clear,Yard,Cut of cars,10,94485,2478,96963,T403,39.759791,-86.327526,75,79.2,78
BNSF,NE0716201,2016-07-12,1:55 PM,Hwy-rail crossing,0,INDIANOLA,NE,91,2,Day,Clear,Main,Freight Train,58,13515,0,13515,M302,40.220105,-100.518137,82.7,74.7,79.2
CAGY,CAG902324D,2024-08-21,8:00 AM,Derailment,0,INDIANOLA,MS,68,2,Day,Clear,Main,Freight Train,10,33000,10006000,10039000,E24C,33.433307,-90.597529,76.8,74,74.6
BNSF,KS0423105,2023-04-06,1:20 AM,Derailment,0,INGALLS,KS,28,4,Dark,Clear,Main,Freight Train,40,2720,45000,47720,E53C,37.848065,-100.501087,36.3,41.8,49.2
BNSF,KS0724109,2024-07-24,3:45 PM,Derailment,0,INGALLS,KS,91,2,Day,Clear,Main,Freight Train,12,776142,140391,916533,T109,37.869589,-100.602643,70.9,75.5,77
UP,0621GC027,2021-06-29,12:40 PM,Derailment,0,INGLESIDE,TX,84,2,Day,Clear,Industry,Yard/switching,10,20463,0,20463,H307,27.871962,-97.175747,80.8,83.4,84.1
UP,1020ES063,2020-10-19,11:00 AM,Derailment,0,INKOM,ID,59,2,Day,Clear,Main,Maint./inspect Car,10,19247,0,19247,T222,42.746718,-112.215903,56.9,53.7,42.6
ATK,170819,2022-05-30,8:56 PM,Hwy-rail crossing,0,INKSTER,MI,83,3,Dusk,Clear,Main,Passenger Train - Pulling,78,16519,0,16519,M308,42.292569,-83.300174,69.6,76.7,80.1
BNSF,NE0416200,2016-04-01,3:33 PM,Hwy-rail crossing,0,INLAND,NE,51,2,Day,Clear,Main,Freight Train,41,41803,548615,590418,M302,40.58835,-98.2782,43.3,37.1,48.7
BNSF,PR0918206,2018-09-27,10:19 AM,Hwy-rail crossing,0,INLAND,NE,65,2,Day,Clear,Main,Freight Train,56,10000,60000,70000,M302,40.596848,-98.212857,54.7,61.4,49.7
UP,1022TO029,2022-10-28,10:05 PM,Hwy-rail crossing,0,INOLA,OK,59,4,Dark,Cloudy,Main,Freight Train,10,4696,12628,17324,M304,36.133017,-95.493781,55.4,58.3,58.7
UP,0117WH008,2017-01-10,5:11 PM,Fire/violent rupture,0,INOLA,OK,66,2,Day,Cloudy,Main,Freight Train,32,178038,0,178038,E73L,36.139291,-95.498507,40.1,57.9,60.1
CSX,000149970,2015-07-30,10:15 AM,Hwy-rail crossing,0,INTERLACHEN,FL,90,2,Day,Clear,Main,Freight Train,8,8750,3166,11916,M302,29.595539,-82.008985,81.1,79.5,80.1
WC,851301,2015-05-27,12:40 AM,Other (describe in narrative),0,INTERNATIONAL FALLS,MN,55,4,Dark,Clear,Main,Freight Train,0,240199,3231596,3471795,M406,48.495988,-93.334103,61.4,62.1,57
UP,1019GL011,2019-10-11,3:45 PM,Derailment,0,INVER GROVE HEIGHTS,MN,40,2,Day,Cloudy,Industry,Light loco(s),3,500,10300,10800,T111,44.780046,-93.030541,56.4,38,35.7
UP,0117TC005,2017-01-20,12:55 PM,Derailment,0,INVER GROVE HEIGHTS,MN,37,2,Day,Cloudy,Industry,Freight Train,6,770,23971,24741,T314,44.796419,-93.044097,33.3,35.7,35.9
DAIR,012018,2018-04-10,3:50 PM,Derailment,0,INWOOD,IA,58,2,Day,Clear,Main,Freight Train,21,15544,57204,72748,T110,43.261282,-96.553669,29.3,39.2,40.4
UP,0815LV005,2015-08-18,8:25 AM,Derailment,0,IOWA,LA,78,2,Day,Rain,Main,Freight Train,26,1687,12440,14127,E53C,30.23817,-93.060479,81.1,79.8,78.8
BNSF,RD0417111,2017-04-13,2:53 PM,Derailment,0,IOWA PARK,TX,71,2,Day,Cloudy,Industry,Yard/switching,7,16607,0,16607,M204,33.953987,-98.686883,64.7,65,68.9
WC,973757,2018-09-22,3:45 PM,Fire/violent rupture,0,IRON,MN,50,2,Day,Clear,Main,Freight Train,30,12465,0,12465,E71L,47.450485,-92.608795,48.1,44.6,44.7
NS,138233,2020-06-15,1:30 AM,Derailment,0,IRONDALE,AL,74,4,Dark,Clear,Yard,Yard/switching,10,176131,500,176631,H306,33.548905,-86.67801,78.9,74.9,72.2
NS,130806,2018-09-03,5:55 PM,Other impacts,0,IRONDALE,AL,82,3,Dusk,Clear,Siding,Yard/switching,15,500,0,12027,M407,33.548905,-86.67801,82.8,82.2,81.4
NS,131265,2018-10-10,1:10 AM,Other (describe in narrative),0,IRONDALE,AL,72,4,Dark,Rain,Main,Yard/switching,3,0,12433,12433,H702,33.548905,-86.67801,78.1,75.3,70.8
NS,132328,2019-01-07,10:35 AM,Other impacts,0,IRONDALE,AL,61,2,Day,Cloudy,Yard,Yard/switching,0,18850,0,18850,E30C,33.548905,-86.67801,49.2,55.8,61.1
NS,129419,2018-05-10,12:05 PM,Raking collision,0,IRONDALE,AL,88,2,Day,Clear,Yard,Yard/switching,7,756,80655,231503,H305,33.548905,-86.67801,74,77.6,77.2
NS,129398,2018-05-08,10:15 PM,Derailment,0,IRONDALE,AL,65,4,Dark,Clear,Yard,Yard/switching,5,2100,0,11400,H020,33.548905,-86.67801,71.4,72,74
NS,130875,2018-09-10,2:40 AM,Derailment,0,IRONDALE,AL,72,4,Dark,Clear,Yard,Yard/switching,10,11000,0,37761,M407,33.548905,-86.67801,79.8,75,76.2
NS,141417,2021-05-02,9:45 AM,Derailment,0,IRONDALE,AL,70,2,Day,Cloudy,Yard,Yard/switching,7,2650,17788,20438,H504,33.548905,-86.678009,66.6,70.2,74.9
NS,129419,2018-05-10,12:05 PM,Raking collision,0,IRONDALE,AL,88,2,Day,Clear,Yard,Freight Train,8,150092,0,231503,H305,33.548905,-86.67801,74,77.6,77.2
NS,131626,2018-11-12,1:25 AM,Other impacts,0,IRONDALE,AL,49,4,Dark,Rain,Yard,Yard/switching,4,51138,13807,64945,S007,33.548905,-86.67801,47.1,48.3,45.5
NS,127208,2017-10-28,9:50 AM,Derailment,0,IRONDALE,AL,45,2,Day,Rain,Yard,Yard/switching,5,2829,8222,11051,M411,33.548905,-86.67801,62.5,48.9,44
NS,127393,2017-11-13,7:30 AM,Derailment,0,IRONDALE,AL,58,1,Dawn,Clear,Yard,Yard/switching,9,16619,5324,21943,E99C,33.548905,-86.67801,56.1,53.2,52.2
NS,126729,2017-09-22,3:40 AM,Derailment,0,IRONDALE,AL,80,4,Dark,Clear,Yard,Yard/switching,4,7900,96304,104204,M411,33.548905,-86.67801,79,79.1,79.3
NS,125793,2017-07-12,10:10 AM,Derailment,0,IRONDALE,AL,81,2,Day,Clear,Yard,Freight Train,6,17925,0,23199,M407,33.548905,-86.67801,77.8,80.4,81.1
NS,130749,2018-08-28,5:50 AM,Other impacts,0,IRONDALE,AL,75,1,Dawn,Clear,Yard,Yard/switching,4,1000,0,21830,H307,33.548905,-86.67801,82.6,82.8,80.6
NS,125793,2017-07-12,10:10 AM,Derailment,0,IRONDALE,AL,81,2,Day,Clear,Yard,Yard/switching,2,2085,3189,23199,M407,33.548905,-86.67801,77.8,80.4,81.1
NS,116598,2015-07-19,8:55 AM,Derailment,1,IRONDALE,AL,80,2,Day,Clear,Yard,Yard/switching,2,17000,3300,20300,S016,33.548905,-86.678008,84,84.5,86.7
NS,125861,2017-07-18,1:52 AM,Raking collision,0,IRONDALE,AL,74,4,Dark,Clear,Yard,Yard/switching,3,13100,0,13100,S016,33.548905,-86.67801,79.6,80.9,83.5
NS,116782,2015-08-03,7:20 PM,Derailment,0,IRONDALE,AL,79,3,Dusk,Clear,Yard,Yard/switching,10,11700,3675,15375,M411,33.548905,-86.678008,81.7,81.9,85
NS,125695,2017-07-05,10:00 AM,Raking collision,0,IRONDALE,AL,89,2,Day,Clear,Yard,Cut of cars,0,17500,0,17925,M407,33.548905,-86.67801,81.4,79.2,80.4
NS,125695,2017-07-05,10:00 AM,Raking collision,0,IRONDALE,AL,89,2,Day,Clear,Yard,Yard/switching,2,425,0,17925,M407,33.548905,-86.67801,81.4,79.2,80.4
NS,128560,2018-02-17,5:08 AM,Derailment,0,IRONDALE,AL,72,1,Dawn,Clear,Yard,Yard/switching,13,25000,0,105320,M407,33.548905,-86.67801,61.9,59.3,54.3
NS,113139,2014-11-22,3:40 AM,Other impacts,0,IRONDALE,AL,47,4,Dark,Clear,Yard,Light loco(s),10,12234,0,12234,H306,33.548905,-86.678008,53.9,55.5,59.4
NS,157838,2024-08-26,9:00 AM,Other impacts,0,IRONDALE,AL,75,2,Day,Clear,Yard,Spec. MoW Equip.,7,0,27222,37222,H402,33.555373,-86.683972,79.9,80.1,82.2
NS,125018,2017-05-11,4:05 PM,Other impacts,0,IRONDALE,AL,82,3,Dusk,Clear,Yard,Yard/switching,10,350,800,109450,M408,33.548905,-86.67801,75.8,75.8,72.5
NS,121827,2016-08-26,12:40 AM,Other impacts,0,IRONDALE,AL,78,4,Dark,Clear,Yard,Yard/switching,4,82637,0,164294,S007,33.548905,-86.67801,83.7,83.4,83.8
NS,125018,2017-05-11,4:05 PM,Other impacts,0,IRONDALE,AL,82,3,Dusk,Clear,Yard,Cut of cars,3,108300,0,109450,M408,33.548905,-86.67801,75.8,75.8,72.5
NS,144596,2022-03-04,6:05 PM,Other impacts,0,IRONDALE,AL,66,3,Dusk,Clear,Yard,Single Car,0,250,1111,16361,H019,33.548905,-86.678008,59.1,64.4,68.5
NS,123700,2017-01-25,7:00 PM,Derailment,0,IRONDALE,AL,72,3,Dusk,Clear,Yard,Light loco(s),8,582,54899,70005,H706,33.548905,-86.67801,49.4,60.5,49.1
NS,130635,2018-08-19,7:40 AM,Derailment,0,IRONDALE,AL,80,1,Dawn,Cloudy,Yard,Yard/switching,1,13332,24788,38120,M405,33.548905,-86.67801,79.5,77.8,78.4
NS,115073,2015-03-31,8:40 PM,Side collision,0,IRONDALE,AL,72,4,Dark,Clear,Yard,Yard/switching,5,18893,164034,252727,H306,33.539022,-86.706299,63,62.9,66.2
NS,128560,2018-02-17,5:08 AM,Derailment,0,IRONDALE,AL,72,1,Dawn,Clear,Yard,Yard/switching,5,35000,45320,105320,M407,33.548905,-86.67801,61.9,59.3,54.3
NS,122261,2016-09-30,5:15 PM,Other impacts,0,IRONDALE,AL,68,3,Dusk,Clear,Yard,Yard/switching,10,21572,11003,34358,E30C,33.548905,-86.67801,67.2,63.5,67.4
NS,130749,2018-08-28,5:50 AM,Other impacts,0,IRONDALE,AL,75,1,Dawn,Clear,Yard,Yard/switching,3,20830,0,21830,H307,33.548905,-86.67801,82.6,82.8,80.6
NS,113635,2015-01-01,5:30 PM,Raking collision,0,IRONDALE,AL,47,3,Dusk,Clear,Yard,Yard/switching,2,19650,0,19650,S016,33.548905,-86.678008,36.5,42.3,46.4
NS,121827,2016-08-26,12:40 AM,Other impacts,0,IRONDALE,AL,78,4,Dark,Clear,Yard,Yard/switching,2,79000,2657,164294,S007,33.548905,-86.67801,83.7,83.4,83.8
NS,125661,2017-07-02,5:00 PM,Raking collision,0,IRONDALE,AL,85,3,Dusk,Clear,Yard,Yard/switching,4,5200,0,12700,H306,33.548905,-86.67801,78.9,78.8,80.9
NS,113932,2015-01-20,2:20 PM,Derailment,0,IRONDALE,AL,63,2,Day,Clear,Yard,Yard/switching,4,15000,5684,20684,M411,33.548905,-86.678008,49.3,52.7,47.4
NS,115184,2015-04-09,1:25 AM,Derailment,0,IRONDALE,AL,64,4,Dark,Clear,Yard,Yard/switching,10,18200,1275,20175,H021,33.548905,-86.678008,71.6,75,69.2
NS,123776,2017-01-30,9:00 PM,Derailment,0,IRONDALE,AL,39,4,Dark,Clear,Yard,Light loco(s),2,14293,500,14793,H306,33.548905,-86.67801,43,44.5,59.3
NS,115073,2015-03-31,8:40 PM,Side collision,0,IRONDALE,AL,72,4,Dark,Clear,Yard,Freight Train,4,69800,0,252727,H306,33.539022,-86.706299,63,62.9,66.2
NS,122261,2016-09-30,5:15 PM,Other impacts,0,IRONDALE,AL,68,3,Dusk,Clear,Yard,Cut of cars,0,1783,0,34358,E30C,33.548905,-86.67801,67.2,63.5,67.4
NS,157512,2024-07-28,8:30 AM,Side collision,0,IRONDALE,AL,79,2,Day,Clear,Yard,Single Car,0,0,0,20955,H302,33.548905,-86.678009,78.6,76.3,80.9
NS,123700,2017-01-25,7:00 PM,Derailment,0,IRONDALE,AL,72,3,Dusk,Clear,Yard,Yard/switching,10,14524,0,70005,H706,33.548905,-86.67801,49.4,60.5,49.1
NS,125661,2017-07-02,5:00 PM,Raking collision,0,IRONDALE,AL,85,3,Dusk,Clear,Yard,Light loco(s),4,7500,0,12700,H306,33.548905,-86.67801,78.9,78.8,80.9
NS,144596,2022-03-04,6:05 PM,Other impacts,0,IRONDALE,AL,66,3,Dusk,Clear,Yard,Single Car,7,15000,0,16361,H019,33.548905,-86.678008,59.1,64.4,68.5
NS,115492,2015-05-01,9:35 PM,Derailment,0,IRONDALE,AL,68,4,Dark,Clear,Yard,Light loco(s),5,27098,3287,30385,T215,33.548905,-86.678008,63,60.3,62.5
NS,115184,2015-04-09,1:25 AM,Derailment,0,IRONDALE,AL,64,4,Dark,Clear,Yard,Yard/switching,0,700,0,20175,H021,33.548905,-86.678008,71.6,75,69.2
NS,157838,2024-08-26,9:00 AM,Other impacts,0,IRONDALE,AL,75,2,Day,Clear,Yard,Spec. MoW Equip.,0,10000,0,37222,H402,33.555373,-86.683972,79.9,80.1,82.2
NS,146171,2022-08-10,12:30 AM,Other impacts,0,IRONDALE,AL,82,4,Dark,Clear,Yard,Cut of cars,7,99252,0,118275,M407,33.548905,-86.678008,80.3,79.4,78.1
NS,153558,2023-07-08,4:30 AM,Derailment,0,IRONDALE,AL,71,1,Dawn,Cloudy,Yard,Single Car,4,300,0,11662,M411,33.548905,-86.678009,78.8,76.4,77.3
NS,154228,2023-09-16,10:21 AM,Side collision,0,IRONDALE,AL,80,2,Day,Cloudy,Yard,Yard/switching,10,27000,10152,72152,H702,33.555373,-86.683972,76.1,74.3,74.5
NS,152042,2023-01-19,5:20 AM,Derailment,0,IRONDALE,AL,54,1,Dawn,Rain,Yard,Yard/switching,10,16755,0,19837,M408,33.555373,-86.683972,62.8,62.7,47.9
NS,153715,2023-07-26,6:40 AM,Rear end collision,0,IRONDALE,AL,78,1,Dawn,Cloudy,Yard,Yard/switching,10,11752,0,19561,H999,33.548905,-86.678009,81.9,84.8,84.7
NS,151431,2022-11-10,11:30 PM,Other impacts,0,IRONDALE,AL,59,4,Dark,Rain,Yard,Single Car,0,500,0,3750,M411,33.548905,-86.678009,63.9,65.5,65.2
NS,154595,2023-10-26,12:00 PM,Derailment,0,IRONDALE,AL,80,2,Day,Clear,Yard,Cut of cars,0,5400,5738,23786,E32C,33.555373,-86.683972,68.5,71.7,73.1
NS,154908,2023-11-30,2:05 AM,Other (describe in narrative),0,IRONDALE,AL,32,4,Dark,Clear,Yard,Yard/switching,4,2418,102227,104645,H702,33.555373,-86.683972,40.8,47.3,59.7
NS,153690,2023-07-22,1:15 AM,Other (describe in narrative),0,IRONDALE,AL,85,4,Dark,Clear,Yard,Yard/switching,4,300,14717,15017,H702,33.555373,-86.683972,83.2,77.1,79.2
NS,153104,2023-05-17,2:35 AM,Derailment,0,IRONDALE,AL,75,4,Dark,Clear,Yard,Cut of cars,0,121129,155988,408586,H506,33.555373,-86.683972,73.7,71.1,71.8
NS,153061,2023-05-11,6:22 AM,Raking collision,0,IRONDALE,AL,66,1,Dawn,Cloudy,Yard,Yard/switching,2,2891,0,18391,H702,33.548905,-86.678009,75.3,74.9,72
NS,153758,2023-07-30,12:00 PM,Derailment,0,IRONDALE,AL,78,2,Day,Cloudy,Yard,Single Car,8,314,0,165004,M411,33.548905,-86.678009,84.7,79.5,81.7
NS,156594,2024-05-04,11:30 AM,Derailment,0,IRONDALE,AL,80,2,Day,Clear,Yard,Yard/switching,8,204761,109833,314594,H504,33.548905,-86.678009,77.2,75.7,74.1
NS,156595,2024-05-03,1:30 PM,Other impacts,0,IRONDALE,AL,78,2,Day,Clear,Yard,Single Car,0,35774,0,37274,M411,33.548905,-86.678009,75.6,77.2,75.7
NS,154228,2023-09-16,10:21 AM,Side collision,0,IRONDALE,AL,80,2,Day,Cloudy,Yard,Yard/switching,10,35000,0,72152,H702,33.555373,-86.683972,76.1,74.3,74.5
NS,155841,2024-02-23,3:25 AM,Other (describe in narrative),0,IRONDALE,AL,50,4,Dark,Clear,Yard,Yard/switching,2,64700,20800,85500,H702,33.548905,-86.678009,62.2,59.1,53
NS,156341,2024-04-12,10:30 AM,Derailment,0,IRONDALE,AL,75,2,Day,Clear,Yard,Yard/switching,2,5600,35402,41002,E21C,33.548905,-86.678009,61.6,59.4,61.6
NS,155013,2023-12-10,7:25 AM,Other impacts,0,IRONDALE,AL,52,1,Dawn,Rain,Yard,Single Car,2,1000,9000,13200,M411,33.548905,-86.678009,64.7,50.3,38.8
NS,153558,2023-07-08,4:30 AM,Derailment,0,IRONDALE,AL,71,1,Dawn,Cloudy,Yard,Single Car,4,600,0,11662,M411,33.548905,-86.678009,78.8,76.4,77.3
NS,153758,2023-07-30,12:00 PM,Derailment,0,IRONDALE,AL,78,2,Day,Cloudy,Yard,Cut of cars,8,24583,140107,165004,M411,33.548905,-86.678009,84.7,79.5,81.7
NS,156642,2024-05-09,3:05 AM,Other impacts,0,IRONDALE,AL,76,4,Dark,Clear,Yard,Light loco(s),8,103994,14700,222688,H702,33.548905,-86.678009,79.7,76.5,71.5
NS,155013,2023-12-10,7:25 AM,Other impacts,0,IRONDALE,AL,52,1,Dawn,Rain,Yard,Single Car,2,1000,0,13200,M411,33.548905,-86.678009,64.7,50.3,38.8
NS,153104,2023-05-17,2:35 AM,Derailment,0,IRONDALE,AL,75,4,Dark,Clear,Yard,Cut of cars,2,95429,0,408586,H506,33.555373,-86.683972,73.7,71.1,71.8
NS,153715,2023-07-26,6:40 AM,Rear end collision,0,IRONDALE,AL,78,1,Dawn,Cloudy,Yard,Light loco(s),6,6500,1309,19561,H999,33.548905,-86.678009,81.9,84.8,84.7
NS,151431,2022-11-10,11:30 PM,Other impacts,0,IRONDALE,AL,59,4,Dark,Rain,Yard,Single Car,0,500,0,3750,M411,33.548905,-86.678009,63.9,65.5,65.2
NS,153558,2023-07-08,4:30 AM,Derailment,0,IRONDALE,AL,71,1,Dawn,Cloudy,Yard,Light loco(s),4,600,10162,11662,M411,33.548905,-86.678009,78.8,76.4,77.3
NS,156141,2024-03-24,8:15 AM,Other (describe in narrative),0,IRONDALE,AL,52,2,Day,Clear,Yard,Yard/switching,4,9900,9000,18900,H702,33.548905,-86.678009,58.8,56.4,61.9
NS,154996,2023-12-08,7:10 AM,Other impacts,0,IRONDALE,AL,33,1,Dawn,Clear,Yard,Cut of cars,10,146800,0,146800,M411,33.555373,-86.683972,45.2,54.6,64.7
NS,151172,2022-10-16,1:30 AM,Derailment,0,IRONDALE,AL,56,4,Dark,Clear,Yard,Yard/switching,8,217777,214083,431860,M404,33.555373,-86.683972,66.2,67.5,63.2
NS,123868,2017-02-06,4:30 PM,Derailment,0,IRONDALE,AL,72,3,Dusk,Clear,Yard,Yard/switching,2,32060,0,32060,M407,33.548905,-86.67801,48.9,56.5,59.4
NS,153061,2023-05-11,6:22 AM,Raking collision,0,IRONDALE,AL,66,1,Dawn,Cloudy,Yard,Yard/switching,2,3000,12500,18391,H702,33.548905,-86.678009,75.3,74.9,72
NS,156595,2024-05-03,1:30 PM,Other impacts,0,IRONDALE,AL,78,2,Day,Clear,Yard,Single Car,6,1500,0,37274,M411,33.548905,-86.678009,75.6,77.2,75.7
NS,156642,2024-05-09,3:05 AM,Other impacts,0,IRONDALE,AL,76,4,Dark,Clear,Yard,Yard/switching,8,103994,0,222688,H702,33.548905,-86.678009,79.7,76.5,71.5
NS,156169,2024-03-27,2:49 AM,Other impacts,0,IRONDALE,AL,49,4,Dark,Clear,Yard,Yard/switching,8,55350,16000,71350,M411,33.555373,-86.683972,61.7,57.5,54.9
NS,154595,2023-10-26,12:00 PM,Derailment,0,IRONDALE,AL,80,2,Day,Clear,Yard,Yard/switching,2,12648,0,23786,E32C,33.555373,-86.683972,68.5,71.7,73.1
NS,152042,2023-01-19,5:20 AM,Derailment,0,IRONDALE,AL,54,1,Dawn,Rain,Yard,Single Car,9,0,3082,19837,M408,33.555373,-86.683972,62.8,62.7,47.9
NS,155013,2023-12-10,7:25 AM,Other impacts,0,IRONDALE,AL,52,1,Dawn,Rain,Yard,Single Car,2,1250,0,13200,M411,33.548905,-86.678009,64.7,50.3,38.8
NS,154996,2023-12-08,7:10 AM,Other impacts,0,IRONDALE,AL,33,1,Dawn,Clear,Yard,Single Car,10,0,0,146800,M411,33.555373,-86.683972,45.2,54.6,64.7