reportingrailroadcode,accidentnumber,date,time,accidenttype,hazmatreleasedcars,station,stateabbr,temperature,visibility_code,visibility,weathercondition,tracktype,equipmenttype,trainspeed,equipmentdamagecost,trackdamagecost,totaldamagecost,primaryaccidentcausecode,latitude,longitude,prior_temp,actual_temp,following_temp
NS,153104,2023-05-17,2:35 AM,Derailment,0,IRONDALE,AL,75,4,Dark,Clear,Yard,Cut of cars,0,36040,0,408586,H506,33.555373,-86.683972,73.7,71.1,71.8
NS,155841,2024-02-23,3:25 AM,Other (describe in narrative),0,IRONDALE,AL,50,4,Dark,Clear,Yard,Light loco(s),0,0,0,85500,H702,33.548905,-86.678009,62.2,59.1,53
NS,155013,2023-12-10,7:25 AM,Other impacts,0,IRONDALE,AL,52,1,Dawn,Rain,Yard,Single Car,2,950,0,13200,M411,33.548905,-86.678009,64.7,50.3,38.8
NS,151431,2022-11-10,11:30 PM,Other impacts,0,IRONDALE,AL,59,4,Dark,Rain,Yard,Single Car,0,250,0,3750,M411,33.548905,-86.678009,63.9,65.5,65.2
NS,151431,2022-11-10,11:30 PM,Other impacts,0,IRONDALE,AL,59,4,Dark,Rain,Yard,Single Car,4,1500,0,3750,M411,33.548905,-86.678009,63.9,65.5,65.2
NS,151431,2022-11-10,11:30 PM,Other impacts,0,IRONDALE,AL,59,4,Dark,Rain,Yard,Single Car,0,1000,0,3750,M411,33.548905,-86.678009,63.9,65.5,65.2
NS,142774,2021-09-06,11:45 AM,Derailment,0,IRONDALE,AL,75,2,Day,Clear,Yard,Single Car,0,6351,0,146240,S006,33.555372,-86.683971,78.7,77.8,78.3
NS,134624,2019-07-07,2:02 PM,Other impacts,0,IRONDALE,AL,86,2,Day,Cloudy,Yard,Yard/switching,4,29000,450,29450,S007,33.548905,-86.67801,85.2,80,82.2
NS,139460,2020-10-18,7:45 PM,Other impacts,0,IRONDALE,AL,72,3,Dusk,Clear,Yard,Single Car,0,400,0,11494,M411,33.548905,-86.67801,55.9,65.2,70.2
NS,146324,2022-08-27,5:50 PM,Other impacts,0,IRONDALE,AL,82,3,Dusk,Clear,Yard,Single Car,0,31512,0,54635,H019,33.555372,-86.683971,79.5,80.3,80.5
NS,131131,2018-09-30,12:30 PM,Derailment,0,IRONDALE,AL,85,2,Day,Clear,Yard,Yard/switching,5,31523,99844,131367,M405,33.548905,-86.67801,74.6,76.8,77.5
NS,151948,2023-01-08,6:25 AM,Other impacts,0,IRONDALE,AL,49,1,Dawn,Cloudy,Yard,Single Car,3,1767,0,11756,H316,33.548905,-86.678009,54.5,56.5,45.1
NS,133557,2019-04-13,1:10 AM,Derailment,0,IRONDALE,AL,68,4,Dark,Clear,Yard,Yard/switching,7,200,30100,30300,M404,33.548905,-86.67801,70.1,68.8,64.9
NS,143019,2021-10-01,6:24 PM,Derailment,0,IRONDALE,AL,77,3,Dusk,Clear,Yard,Yard/switching,2,150,30062,30212,H303,33.55653,-86.682975,75.6,76,74.3
NS,141760,2021-06-03,5:00 PM,Derailment,0,IRONDALE,AL,76,3,Dusk,Cloudy,Yard,Single Car,0,56043,0,130855,H317,33.548905,-86.678008,75.4,75.9,75.1
NS,135998,2019-10-30,2:35 AM,Other impacts,0,IRONDALE,AL,62,4,Dark,Rain,Yard,Cut of cars,3,35516,0,48331,M407,33.548905,-86.67801,60.4,70.7,54
NS,138954,2020-08-25,12:30 AM,Side collision,0,IRONDALE,AL,72,4,Dark,Clear,Yard,Yard/switching,4,113756,101168,350924,H702,33.548905,-86.67801,79.6,77.1,81.7
NS,153058,2023-05-10,9:05 PM,Other impacts,0,IRONDALE,AL,72,4,Dark,Clear,Yard,Yard/switching,4,4100,12874,16974,M411,33.555373,-86.683972,77.2,75.3,74.9
NS,136783,2020-01-10,7:44 AM,Derailment,0,IRONDALE,AL,68,1,Dawn,Cloudy,Yard,Freight Train,7,18639,0,18639,H303,33.548905,-86.67801,51.9,65.6,65.9
NS,125272,2017-05-31,1:50 PM,Raking collision,0,IRONDALE,AL,80,2,Day,Clear,Yard,Yard/switching,4,10750,0,10750,H316,33.548905,-86.67801,73.3,76,74.6
NS,151564,2022-11-27,2:30 AM,Side collision,0,IRONDALE,AL,55,4,Dark,Clear,Yard,Cut of cars,3,0,0,0,M408,33.548905,-86.678009,57.3,60.2,50.7
NS,131044,2018-09-22,7:30 PM,Derailment,0,IRONDALE,AL,78,3,Dusk,Clear,Yard,Freight Train,10,9064,9355,18419,M405,33.548905,-86.67801,83.1,83.7,80.5
NS,121778,2016-08-22,3:30 AM,Raking collision,0,IRONDALE,AL,77,4,Dark,Clear,Yard,Yard/switching,1,11062,0,19364,H316,33.548905,-86.67801,78.5,78.1,80.8
NS,154134,2023-08-31,9:20 PM,Derailment,0,IRONDALE,AL,82,4,Dark,Clear,Yard,Freight Train,2,15000,0,15000,E7AL,33.555373,-86.683972,79.1,76.2,76.9
NS,144010,2022-01-12,4:40 PM,Other impacts,0,IRONDALE,AL,49,3,Dusk,Clear,Yard,Yard/switching,2,46191,4046,50237,M411,33.548905,-86.678009,41,41.4,47.8
NS,140933,2021-03-16,12:15 AM,Derailment,0,IRONDALE,AL,66,4,Dark,Cloudy,Yard,Yard/switching,3,600,38600,39200,H506,33.548905,-86.678009,67.1,65.9,64.1
NS,135998,2019-10-30,2:35 AM,Other impacts,0,IRONDALE,AL,62,4,Dark,Rain,Yard,Yard/switching,10,6200,6615,48331,M407,33.548905,-86.67801,60.4,70.7,54
NS,143020,2021-10-02,12:30 AM,Other (describe in narrative),0,IRONDALE,AL,35,4,Dark,Clear,Main,Light loco(s),4,0,49733,49733,H702,33.548905,-86.678009,76,74.3,72.1
NS,123251,2016-12-21,5:20 PM,Other impacts,0,IRONDALE,AL,47,3,Dusk,Clear,Yard,Single Car,7,12101,0,12161,M407,33.548905,-86.67801,39.4,45.6,55
NS,138867,2020-08-16,5:52 AM,Derailment,0,IRONDALE,AL,80,1,Dawn,Clear,Yard,Yard/switching,3,48271,10862,59133,H504,33.548905,-86.67801,81.2,81.1,81
NS,154720,2023-11-07,4:44 PM,Derailment,0,IRONDALE,AL,73,3,Dusk,Clear,Yard,Single Car,4,30000,0,31800,M408,33.548905,-86.678009,61.1,64.5,67.9
NS,146171,2022-08-10,12:30 AM,Other impacts,0,IRONDALE,AL,82,4,Dark,Clear,Yard,Single Car,7,16960,2063,118275,M407,33.548905,-86.678008,80.3,79.4,78.1
NS,138954,2020-08-25,12:30 AM,Side collision,0,IRONDALE,AL,72,4,Dark,Clear,Yard,Freight Train,4,136000,0,350924,H702,33.548905,-86.67801,79.6,77.1,81.7
NS,156410,2024-04-18,2:15 PM,Other impacts,0,IRONDALE,AL,75,2,Day,Cloudy,Yard,Yard/switching,5,1039,16501,17540,M411,33.548905,-86.678009,71.1,71.7,72.8
NS,154720,2023-11-07,4:44 PM,Derailment,0,IRONDALE,AL,73,3,Dusk,Clear,Yard,Yard/switching,5,800,1000,31800,M408,33.548905,-86.678009,61.1,64.5,67.9
NS,151968,2023-01-11,4:00 AM,Obstruction,0,IRONDALE,AL,50,1,Dawn,Clear,Yard,Yard/switching,4,102000,1844,103844,E32C,33.555373,-86.683972,46.9,59.4,61.6
NS,136848,2020-01-15,5:15 PM,Other impacts,0,IRONDALE,AL,65,3,Dusk,Clear,Main,Cut of cars,0,1500,0,17970,S016,33.548905,-86.67801,63.9,63.9,58.5
NS,142774,2021-09-06,11:45 AM,Derailment,1,IRONDALE,AL,75,2,Day,Clear,Yard,Single Car,0,94874,0,146240,S006,33.555372,-86.683971,78.7,77.8,78.3
NS,141977,2021-06-24,2:45 AM,Derailment,0,IRONDALE,AL,64,4,Dark,Clear,Yard,Yard/switching,2,8700,70817,79517,M411,33.548905,-86.678009,74.1,78.6,78.5
NS,138264,2020-06-17,8:15 AM,Derailment,0,IRONDALE,AL,72,2,Day,Clear,Yard,Yard/switching,3,14200,13677,27877,M405,33.555372,-86.683971,72.2,72.3,74.8
NS,135990,2019-10-29,7:30 PM,Other impacts,0,IRONDALE,AL,72,3,Dusk,Clear,Yard,Yard/switching,4,17444,100,117544,M407,33.548905,-86.67801,57.5,60.4,70.7
NS,146656,2022-09-30,2:25 PM,Other impacts,0,IRONDALE,AL,51,2,Day,Clear,Yard,Light loco(s),6,5605,275,34775,H310,33.548905,-86.678008,61.3,63.2,62
NS,141760,2021-06-03,5:00 PM,Derailment,0,IRONDALE,AL,76,3,Dusk,Cloudy,Yard,Yard/switching,2,73097,1715,130855,H317,33.548905,-86.678008,75.4,75.9,75.1
NS,143187,2021-10-17,11:00 PM,Derailment,0,IRONDALE,AL,45,4,Dark,Clear,Yard,Yard/switching,4,12967,67027,79994,H506,33.548905,-86.678008,64.4,55.1,57.1
NS,139460,2020-10-18,7:45 PM,Other impacts,0,IRONDALE,AL,72,3,Dusk,Clear,Yard,Single Car,6,10494,0,11494,M411,33.548905,-86.67801,55.9,65.2,70.2
NS,142774,2021-09-06,11:45 AM,Derailment,0,IRONDALE,AL,75,2,Day,Clear,Yard,Yard/switching,2,38322,6693,146240,S006,33.555372,-86.683971,78.7,77.8,78.3
NS,145581,2022-06-18,6:00 PM,Other (describe in narrative),0,IRONDALE,AL,80,3,Dusk,Clear,Yard,Single Car,6,300,13863,14163,S006,33.548905,-86.678009,82.3,81.2,77.7
NS,138614,2020-07-23,1:15 AM,Derailment,0,IRONDALE,AL,75,4,Dark,Clear,Yard,Yard/switching,4,4998,5900,10898,H504,33.548905,-86.67801,81.6,83.1,79.5
NS,128683,2018-03-02,8:35 AM,Derailment,0,IRONDALE,AL,72,2,Day,Clear,Yard,Yard/switching,8,3800,52083,55883,M405,33.548905,-86.67801,62,49.9,50.7
NS,144018,2022-01-14,12:30 AM,Other impacts,0,IRONDALE,AL,37,4,Dark,Clear,Yard,Single Car,4,500,1303,13732,M411,33.548905,-86.678009,47.8,44,46.5
NS,139460,2020-10-18,7:45 PM,Other impacts,0,IRONDALE,AL,72,3,Dusk,Clear,Yard,Single Car,6,300,300,11494,M411,33.548905,-86.67801,55.9,65.2,70.2
NS,137400,2020-03-05,9:00 PM,Other impacts,0,IRONDALE,AL,50,4,Dark,Fog,Yard,Single Car,9,44572,0,110433,S007,33.548905,-86.67801,56.1,52.1,49.3
NS,155317,2024-01-12,5:50 AM,Side collision,0,IRONDALE,AL,46,1,Dawn,Clear,Yard,Yard/switching,7,26944,3500,36194,M105,33.548905,-86.678009,52.6,53.9,36.4
NS,146324,2022-08-27,5:50 PM,Other impacts,0,IRONDALE,AL,82,3,Dusk,Clear,Yard,Single Car,0,10026,0,54635,H019,33.555372,-86.683971,79.5,80.3,80.5
NS,122010,2016-09-09,10:55 PM,Other impacts,0,IRONDALE,AL,72,4,Dark,Clear,Yard,Yard/switching,4,16107,0,16107,S016,33.548905,-86.67801,82,81.7,82.3
NS,124982,2017-05-08,1:30 AM,Derailment,0,IRONDALE,AL,48,4,Dark,Clear,Yard,Yard/switching,8,19405,1103,20508,M202,33.548905,-86.67801,63.8,66.3,72.5
NS,145836,2022-07-14,9:15 PM,Other (describe in narrative),0,IRONDALE,AL,80,4,Dark,Clear,Yard,Yard/switching,6,70314,29758,100072,H306,33.548905,-86.678008,80.4,78.8,81.7
NS,146324,2022-08-27,5:50 PM,Other impacts,0,IRONDALE,AL,82,3,Dusk,Clear,Yard,Single Car,2,10026,3071,54635,H019,33.555372,-86.683971,79.5,80.3,80.5
NS,143016,2021-10-01,4:15 PM,Derailment,0,IRONDALE,AL,82,3,Dusk,Clear,Yard,Yard/switching,8,43000,9446,52446,H504,33.548905,-86.678009,75.6,76,74.3
NS,131123,2018-09-29,6:30 PM,Derailment,0,IRONDALE,AL,72,3,Dusk,Clear,Yard,Cut of cars,10,10500,2605,13105,M405,33.548905,-86.67801,73.2,74.6,76.8
NS,151948,2023-01-08,6:25 AM,Other impacts,0,IRONDALE,AL,49,1,Dawn,Cloudy,Yard,Yard/switching,3,9989,0,11756,H316,33.548905,-86.678009,54.5,56.5,45.1
NS,130875,2018-09-10,2:40 AM,Derailment,0,IRONDALE,AL,72,4,Dark,Clear,Yard,Yard/switching,15,13000,13761,37761,M407,33.548905,-86.67801,79.8,75,76.2
NS,144018,2022-01-14,12:30 AM,Other impacts,0,IRONDALE,AL,37,4,Dark,Clear,Yard,Single Car,0,11929,0,13732,M411,33.548905,-86.678009,47.8,44,46.5
NS,151564,2022-11-27,2:30 AM,Side collision,0,IRONDALE,AL,55,4,Dark,Clear,Yard,Cut of cars,3,0,0,0,M408,33.548905,-86.678009,57.3,60.2,50.7
NS,145644,2022-06-22,10:30 PM,Other (describe in narrative),0,IRONDALE,AL,72,4,Dark,Clear,Yard,Yard/switching,4,4600,115455,120055,H702,33.548905,-86.678009,83.8,86.3,85.3
NS,136848,2020-01-15,5:15 PM,Other impacts,0,IRONDALE,AL,65,3,Dusk,Clear,Main,Freight Train,6,15970,500,17970,S016,33.548905,-86.67801,63.9,63.9,58.5
NS,137400,2020-03-05,9:00 PM,Other impacts,0,IRONDALE,AL,50,4,Dark,Fog,Yard,Yard/switching,10,64861,1000,110433,S007,33.548905,-86.67801,56.1,52.1,49.3
NS,157252,2024-07-03,6:21 AM,Other (describe in narrative),0,IRONDALE,AL,82,1,Dawn,Clear,Yard,Yard/switching,2,67260,37900,105160,H702,33.548905,-86.678009,82,85.4,85
NS,141701,2021-05-29,10:14 PM,Derailment,0,IRONDALE,AL,68,4,Dark,Clear,Yard,Yard/switching,10,74335,18022,92357,E4TC,33.548905,-86.678008,76,64.9,62.8
NS,129378,2018-05-06,10:30 PM,Raking collision,0,IRONDALE,AL,63,4,Dark,Clear,Yard,Yard/switching,6,320828,0,348022,H399,33.548905,-86.67801,69.8,69.4,71.4
NS,132517,2019-01-20,4:40 PM,Derailment,0,IRONDALE,AL,34,3,Dusk,Clear,Yard,Light loco(s),4,13136,131,13267,H303,33.548905,-86.67801,55.5,32.7,32.9
NS,131641,2018-11-12,10:25 PM,Side collision,0,IRONDALE,AL,53,4,Dark,Rain,Yard,Yard/switching,3,38970,50,39020,E09C,33.548905,-86.67801,47.1,48.3,45.5
NS,129444,2018-05-13,12:20 AM,Derailment,0,IRONDALE,AL,65,4,Dark,Clear,Yard,Yard/switching,4,15000,35692,50692,E45C,33.548905,-86.67801,76.9,78,80.3
NS,142116,2021-07-07,2:40 AM,Other impacts,0,IRONDALE,AL,72,4,Dark,Rain,Yard,Yard/switching,3,21000,1445,22445,M411,33.548905,-86.678009,77.4,75.9,79
NS,129378,2018-05-06,10:30 PM,Raking collision,0,IRONDALE,AL,63,4,Dark,Clear,Yard,Yard/switching,9,21306,5888,348022,H399,33.548905,-86.67801,69.8,69.4,71.4
NS,130806,2018-09-03,5:55 PM,Other impacts,0,IRONDALE,AL,82,3,Dusk,Clear,Siding,Cut of cars,0,1527,10000,12027,M407,33.548905,-86.67801,82.8,82.2,81.4
NS,131266,2018-10-10,6:30 AM,Derailment,0,IRONDALE,AL,74,1,Dawn,Cloudy,Yard,Yard/switching,4,25000,7018,32018,M405,33.548905,-86.67801,78.1,75.3,70.8
NS,134575,2019-07-03,1:30 AM,Derailment,0,IRONDALE,AL,72,4,Dark,Clear,Yard,Light loco(s),3,53943,0,53943,H306,33.548905,-86.67801,85.3,81.6,82.6
NS,139314,2020-09-30,2:00 PM,Other (describe in narrative),0,IRONDALE,AL,76,2,Day,Clear,Yard,Light loco(s),5,39600,500,40100,H702,33.548905,-86.67801,62.4,63,64.3
NS,135962,2019-10-26,9:25 PM,Other (describe in narrative),0,IRONDALE,AL,65,4,Dark,Clear,Yard,Yard/switching,10,242210,72903,315113,H306,33.548905,-86.67801,61.6,70.8,58.5
NS,146309,2022-08-28,3:50 PM,Derailment,0,IRONDALE,AL,88,2,Day,Clear,Yard,Yard/switching,3,43577,1790,45367,M101,33.548249,-86.690659,80.3,80.5,81.8
NS,131771,2018-11-23,11:00 AM,Derailment,0,IRONDALE,AL,51,2,Day,Cloudy,Yard,Yard/switching,4,5500,14465,19965,E34C,33.548905,-86.67801,45.6,48.7,51.2
NS,135621,2019-09-26,10:45 AM,Derailment,0,IRONDALE,AL,85,2,Day,Clear,Yard,Yard/switching,4,48233,852,49085,E04C,33.548905,-86.67801,79.3,82.3,84
NS,137973,2020-05-16,11:00 PM,Other impacts,0,IRONDALE,AL,70,4,Dark,Clear,Yard,Yard/switching,4,15033,200,15233,S007,33.548905,-86.67801,76.4,76.6,74.1
NS,140904,2021-03-12,6:30 AM,Derailment,0,IRONDALE,AL,60,1,Dawn,Clear,Yard,Yard/switching,4,18273,16808,35081,H504,33.548905,-86.678009,62.4,65.7,68.5
NS,135453,2019-09-11,9:15 AM,Derailment,0,IRONDALE,AL,92,2,Day,Clear,Yard,Freight Train,3,3857,12000,15857,H504,33.548905,-86.67801,85.4,82.2,83.2
NS,142566,2021-08-17,9:40 AM,Derailment,0,IRONDALE,AL,76,2,Day,Cloudy,Yard,Freight Train,7,3500,41477,44977,T314,33.548905,-86.678009,79.6,78.9,83
NS,139240,2020-09-23,9:55 PM,Derailment,0,IRONDALE,AL,72,4,Dark,Rain,Yard,Freight Train,4,29137,2450,31587,T207,33.548905,-86.67801,64.8,70.2,66.9
NS,152680,2023-03-31,1:30 AM,Derailment,0,IRONDALE,AL,55,4,Dark,Clear,Yard,Yard/switching,4,652681,0,1316505,T207,33.555373,-86.683972,59.7,68.8,71.9
NS,144794,2022-03-25,2:30 AM,Derailment,0,IRONDALE,AL,52,4,Dark,Clear,Yard,Light loco(s),4,49,11453,11502,T309,33.548905,-86.678009,54.9,55.7,56.5
NS,143548,2021-11-23,4:35 PM,Derailment,0,IRONDALE,AL,62,3,Dusk,Clear,Yard,Freight Train,0,0,80000,289897,T207,33.548905,-86.678009,52.4,41.3,48
NS,138511,2020-07-13,8:05 AM,Derailment,0,IRONDALE,AL,85,2,Day,Clear,Yard,Light loco(s),4,62395,500,62895,T311,33.555372,-86.683971,76.2,79.2,81.9
NS,139061,2020-09-03,2:25 PM,Derailment,0,IRONDALE,AL,88,2,Day,Clear,Yard,Yard/switching,4,12600,6250,18850,T319,33.537895,-86.710161,82.5,83.7,82.2
NS,136602,2019-12-21,3:25 PM,Derailment,0,IRONDALE,AL,45,2,Day,Rain,Yard,Yard/switching,4,11000,1000,12000,T314,33.548905,-86.67801,45.6,49.4,46.6
NS,143090,2021-10-07,2:50 PM,Derailment,0,IRONDALE,AL,80,2,Day,Clear,Yard,Freight Train,5,400,16226,16626,T313,33.548905,-86.678009,72.8,72.8,71.6
NS,152995,2023-04-06,11:20 PM,Derailment,0,IRONDALE,AL,50,4,Dark,Clear,Yard,Single Car,9,1000,14400,15400,T499,33.555373,-86.683972,76.6,70.4,60.4
NS,133652,2019-04-22,12:42 AM,Derailment,0,IRONDALE,AL,52,4,Dark,Clear,Main,Yard/switching,10,45059,200,45259,T306,33.548905,-86.67801,58.2,65.8,68.4
NS,134394,2019-06-19,1:00 AM,Derailment,0,IRONDALE,AL,72,4,Dark,Clear,Yard,Yard/switching,6,11462,18181,29643,T207,33.548905,-86.67801,75.6,80.6,80.3
NS,140077,2020-12-21,4:45 PM,Other (describe in narrative),0,IRONDALE,AL,62,3,Dusk,Clear,Yard,Freight Train,4,79653,7552,87205,T314,33.548905,-86.67801,51.1,51.2,47.1
NS,118595,2015-12-17,12:15 AM,Derailment,0,IRONDALE,AL,48,4,Dark,Rain,Yard,Yard/switching,10,101785,5790,107575,T207,33.548905,-86.678008,57.2,53.4,38
NS,128512,2018-02-13,7:35 AM,Derailment,0,IRONDALE,AL,45,1,Dawn,Cloudy,Yard,Yard/switching,5,285,16410,16695,T207,33.548905,-86.67801,43.3,53.3,58.6
NS,152680,2023-03-31,1:30 AM,Derailment,0,IRONDALE,AL,55,4,Dark,Clear,Yard,Cut of cars,0,186028,0,1316505,T207,33.555373,-86.683972,59.7,68.8,71.9
NS,145623,2022-06-20,10:20 PM,Derailment,0,IRONDALE,AL,74,4,Dark,Clear,Yard,Yard/switching,7,19000,19695,38695,T101,33.548905,-86.678008,77.7,81.5,83.8
NS,152680,2023-03-31,1:30 AM,Derailment,0,IRONDALE,AL,55,4,Dark,Clear,Yard,Cut of cars,0,398665,79131,1316505,T207,33.555373,-86.683972,59.7,68.8,71.9
NS,117738,2015-10-11,10:45 AM,Other (describe in narrative),0,IRONDALE,AL,72,2,Day,Clear,Yard,Yard/switching,10,0,11305,11305,T399,33.548905,-86.678008,64.6,61,66.5
NS,118150,2015-11-10,1:45 PM,Derailment,0,IRONDALE,AL,72,2,Day,Cloudy,Yard,Yard/switching,4,10080,6000,16080,T110,33.548905,-86.678008,52.6,58.4,57.8
NS,141661,2021-05-26,1:00 AM,Derailment,0,IRONDALE,AL,75,4,Dark,Clear,Yard,Yard/switching,4,20111,1662,21773,T304,33.555372,-86.683971,78.9,76.6,76.2
NS,141871,2021-06-13,9:15 PM,Derailment,0,IRONDALE,AL,77,4,Dark,Clear,Yard,Yard/switching,10,96500,134826,231326,T304,33.548905,-86.678009,78.6,79.6,82.2
NS,143032,2021-10-03,4:10 AM,Derailment,0,IRONDALE,AL,72,1,Dawn,Clear,Yard,Yard/switching,3,5300,41625,46925,T110,33.548905,-86.678009,74.3,72.1,72.4
NS,122877,2016-11-23,10:30 PM,Derailment,0,IRONDALE,AL,65,4,Dark,Clear,Yard,Yard/switching,4,10671,20891,31562,T110,33.548905,-86.67801,50,59.4,63
TRE,20020,2021-10-22,3:57 AM,Other (describe in narrative),0,IRVING,TX,67,4,Dark,Clear,Main,Commuter Train - Pushing,65,0,0,0,M402,32.8154,-96.97007,72.7,71.5,76.2
DGNO,DGN370017R,2017-07-18,11:50 PM,Derailment,0,IRVING,TX,83,4,Dark,Clear,Main,Freight Train,1,10000,0,33457,M405,32.816883,-96.945886,86.7,87.9,89.1
TRE,20016,2021-05-17,5:20 PM,Hwy-rail crossing,0,IRVING,TX,79,2,Day,Clear,Main,Commuter Train - Pulling,54,14000,10000,24000,M303,32.81521,-96.9598,71.4,72.9,68.1
TRE,TRE15001,2015-03-02,10:15 PM,Hwy-rail crossing,0,IRVING,TX,40,4,Dark,Fog,Main,Commuter Train - Pushing,43,20000,0,20000,M302,32.815205,-96.968149,35,37.6,46.7
TRE,TRE15003,2015-06-06,11:20 PM,Hwy-rail crossing,0,IRVING,TX,80,4,Dark,Clear,Main,Commuter Train - Pulling,60,15000,0,15000,M302,32.814706,-96.934342,82.2,83.5,84.2
TRE,17010,2017-07-18,11:50 PM,Derailment,0,IRVING,TX,83,4,Dark,Clear,Main,,0,0,23457,33457,M405,32.816883,-96.945886,86.7,87.9,89.1
BNSF,RD0917125,2017-09-29,1:00 PM,Derailment,0,IRVING,TX,80,2,Day,Cloudy,Industry,Freight Train,7,115995,5000,120995,T110,32.887599,-96.912882,73.7,69.5,74.1
CSX,000181268,2019-02-08,8:49 PM,Other (describe in narrative),0,IRWIN,PA,19,4,Dark,Clear,Main,Freight Train,24,12827,0,12827,M101,40.296524,-79.782969,54.5,33.3,20.2
BNSF,TC0916200,2016-09-13,6:40 AM,Hwy-rail crossing,0,ISANTI,MN,62,1,Dawn,Clear,Main,Freight Train,45,17155,0,17155,M302,45.449751,-93.255847,68.3,58.7,54.4
ATK,140362,2015-12-09,2:05 AM,Other impacts,0,ISELIN,NJ,34,4,Dark,Cloudy,Main,Spec. MoW Equip.,15,0,0,15000,M599,40.533609,-74.386016,42.4,44.5,51.8
ATK,140362,2015-12-09,2:05 AM,Other impacts,0,ISELIN,NJ,34,4,Dark,Cloudy,Main,Maint./inspect Car,0,15000,0,15000,M599,40.533609,-74.386016,42.4,44.5,51.8
ATK,136626,2015-03-11,1:10 PM,Other (describe in narrative),0,ISELIN,NJ,32,2,Day,Clear,Main,Maint./inspect Car,0,0,25000,25000,M402,40.598786,-74.285131,41.9,49.2,43.8
NJTR,202206234,2022-05-25,5:35 PM,Other (describe in narrative),0,ISELIN,NJ,60,4,Dark,Clear,Main,EMU,35,11682,0,18718,T404,40.562502,-74.335536,63,61.1,63.6
ATK,171984,2022-09-09,6:35 AM,Other (describe in narrative),0,ISELIN,NJ,66,1,Dawn,Clear,Main,Passenger Train - Pulling,20,13272,3552,16824,T404,40.518349,-74.412737,70.8,70.6,72.4
ATK,171416,2022-05-25,5:35 PM,Other (describe in narrative),0,ISELIN,NJ,60,2,Day,Clear,Main,EMU,0,0,7036,18718,T404,40.562502,-74.335536,63,61.1,63.6
NIRC,MRI001,2015-01-13,7:01 AM,Hwy-rail crossing,0,ITASCA,IL,17,1,Dawn,Clear,Main,Commuter Train - Pushing,70,0,160000,160000,M306,41.97138,-88.01361,19.8,15.2,11.5
UP,0822TO034,2022-08-28,3:05 PM,Derailment,0,ITASCA,TX,95,2,Day,Clear,Main,Freight Train,22,216953,406685,623638,T199,32.238858,-97.181826,85.8,86.6,84.8
ITHR,210921001,2021-09-21,9:15 AM,Obstruction,0,ITHACA,NY,65,2,Day,Clear,Main,Spec. MoW Equip.,7,50000,0,50000,H207,42.359497,-76.553662,62,64.7,68.6
ITHR,210921001,2021-09-21,9:15 AM,Obstruction,0,ITHACA,NY,65,2,Day,Clear,Main,Spec. MoW Equip.,0,0,0,50000,H207,42.359497,-76.553662,62,64.7,68.6
NS,154800,2023-11-17,6:00 AM,Derailment,0,IUKA,MS,60,1,Dawn,Cloudy,Industry,Freight Train,4,4800,15768,20568,M204,34.826229,-88.228522,63.2,62.7,52.1
CP,1001530265,2021-07-15,1:34 PM,Hwy-rail crossing,0,IXONIA,WI,80,2,Day,Clear,Main,,0,0,0,23172,M308,43.141222,-88.592507,70.1,70.9,67.1
ATK,168961,2021-11-10,1:21 PM,Hwy-rail crossing,0,IXONIA,WI,55,2,Day,Cloudy,Main,Passenger Train - Pulling,79,21222,0,21267,M302,43.13642,-88.58265,46.9,42.3,46.4
CP,1001595621,2021-11-10,1:21 PM,Hwy-rail crossing,0,IXONIA,WI,55,2,Day,Cloudy,Main,,0,0,45,21267,M302,43.13642,-88.58265,46.9,42.3,46.4
ATK,167736,2021-07-15,1:34 PM,Hwy-rail crossing,0,IXONIA,WI,80,2,Day,Clear,Main,Passenger Train - Pulling,79,23172,0,23172,M308,43.141222,-88.592507,70.1,70.9,67.1
NS,127009,2017-10-13,11:45 PM,Hwy-rail crossing,0,JACK,VA,65,4,Dark,Cloudy,Main,Freight Train,36,45,15000,15045,M308,37.205118,-77.583345,67.7,63.3,64.2
CMQX,06222019,2019-06-22,9:05 PM,Derailment,0,JACKMAN,ME,60,3,Dusk,Clear,Main,Freight Train,24,7100,125000,132100,E52C,45.57697,-70.488825,60,62.2,65.6
CMQX,07202018,2018-07-20,2:00 PM,Derailment,0,JACKMAN,ME,85,2,Day,Clear,Main,Freight Train,25,95000,52000,147000,T109,45.536608,-70.681071,62.1,68.9,69.1
JAIL,071620241,2024-07-16,1:59 AM,Hwy-rail crossing,0,JACKSON,MI,67,4,Dark,Rain,Main,Freight Train,5,0,0,0,M304,42.14585,-84.24212,76.3,74.3,71.9
WTNN,515,2015-10-05,10:20 AM,Derailment,0,JACKSON,TN,86,2,Day,Clear,Main,Freight Train,20,120000,40000,160000,T212,35.745208,-88.85957,55.6,65.5,71.7
IC,986014,2018-12-27,5:22 PM,Obstruction,0,JACKSON,MS,59,3,Dusk,Rain,Main,,0,0,35,12044,M404,32.169498,-90.252243,60.6,59.6,54.2
IC,1085177,2021-10-10,4:18 PM,Derailment,0,JACKSON,MS,72,2,Day,Clear,Yard,Freight Train,6,32740,68033,100773,E64C,32.332294,-90.189486,74.1,75.5,76.6