reportingrailroadcode,accidentnumber,date,time,accidenttype,hazmatreleasedcars,station,stateabbr,temperature,visibility_code,visibility,weathercondition,tracktype,equipmenttype,trainspeed,equipmentdamagecost,trackdamagecost,totaldamagecost,primaryaccidentcausecode,latitude,longitude,prior_temp,actual_temp,following_temp
IC,1076880,2021-07-15,5:32 PM,Hwy-rail crossing,0,JACKSON,MS,81,2,Day,Cloudy,Main,,0,0,1202,77628,M302,32.184349,-90.240067,79.6,81.8,77.1
CSX,000157050,2016-02-12,12:20 PM,Derailment,0,JACKSON,TN,48,2,Day,Clear,Yard,Yard/switching,5,48407,502,48909,T220,35.595487,-88.88738,35.6,38.1,28.2
IC,1108635,2022-07-16,8:30 PM,Derailment,0,JACKSON,MS,90,4,Dark,Clear,Yard,Freight Train,7,0,37113,37113,H511,32.315136,-90.190201,82.8,83.3,82
KCS,16061002,2016-06-10,3:00 PM,Derailment,0,JACKSON,MS,95,2,Day,Clear,Yard,Yard/switching,2,65453,35297,100750,H702,32.257664,-90.151547,79.4,80.5,80
ATK,172266,2022-09-21,9:11 PM,Derailment,0,JACKSON,MI,64,4,Dark,Rain,Main,,0,0,395680,395680,E54C,42.248741,-84.228683,63.4,72.3,56.7
ATK,156888,2018-12-27,5:22 PM,Obstruction,0,JACKSON,MS,59,3,Dusk,Rain,Main,Passenger Train - Pulling,80,12009,0,12044,M404,32.169498,-90.252243,60.6,59.6,54.2
IC,945889,2018-01-03,11:00 AM,Hwy-rail crossing,0,JACKSON,MS,32,2,Day,Clear,Main,Maint./inspect Car,5,20000,1225,21225,M308,32.279247,-90.186513,23.6,28.4,29.1
KCS,17032101,2017-03-21,7:35 AM,Derailment,0,JACKSON,MS,68,2,Day,Clear,Yard,Yard/switching,4,2530,12933,15463,S006,32.2629,-90.15817,69.5,71.9,69.7
IC,950110,2018-02-13,5:35 PM,Other impacts,0,JACKSON,MS,60,2,Day,Clear,Yard,Freight Train,4,11000,25,11025,H020,32.317564,-90.190142,39.4,54,66.2
KCS,16113002,2016-11-30,4:30 AM,Other impacts,0,JACKSON,MS,50,4,Dark,Rain,Yard,Yard/switching,2,17947,0,17947,H302,32.251712,-90.140742,63.9,58.7,47
KCS,17122301,2017-12-23,5:08 AM,Hwy-rail crossing,0,JACKSON,MS,70,4,Dark,Rain,Main,Freight Train,30,0,21190,21190,M308,32.28825,-90.18251,70.3,55.1,47.1
IC,1020010,2019-11-28,10:15 AM,Derailment,0,JACKSON,MS,60,2,Day,Clear,Yard,Yard/switching,9,40575,850,41425,H305,32.322442,-90.181178,62.8,54.9,61
KCS,19060602,2019-06-06,10:15 AM,Other impacts,0,JACKSON,MS,80,2,Day,Clear,Yard,Cut of cars,2,0,0,15091,H307,32.306889,-90.197417,76.7,77.4,76
IC,841858,2015-02-25,10:30 AM,Side collision,0,JACKSON,MS,45,2,Day,Rain,Yard,Freight Train,2,550,0,13457,H399,32.313495,-90.190727,30.4,33.4,35.9
IC,1032211,2020-04-14,8:10 AM,Derailment,0,JACKSON,MS,54,2,Day,Clear,Main,Freight Train,17,11000,1908,16543,E71L,32.300265,-90.191306,53.8,52.3,52
ATK,167733,2021-07-15,5:32 PM,Hwy-rail crossing,0,JACKSON,MS,81,3,Dusk,Cloudy,Main,Passenger Train - Pulling,78,76426,0,77628,M303,32.184349,-90.240067,79.6,81.8,77.1
KCS,19060602,2019-06-06,10:15 AM,Other impacts,0,JACKSON,MS,80,2,Day,Clear,Yard,Yard/switching,1,15091,0,15091,H307,32.306889,-90.197417,76.7,77.4,76
IC,1069457,2021-05-06,5:35 PM,Derailment,0,JACKSON,MS,80,2,Day,Clear,Yard,Yard/switching,3,10342,1775,12117,H503,32.326614,-90.187256,65.3,66.2,65.1
IC,1004834,2019-07-08,7:15 PM,Side collision,0,JACKSON,MS,90,2,Day,Clear,Yard,Single Car,4,1500,0,19500,H307,32.32266,-90.172531,80.5,83.2,86.7
IC,939713,2017-10-22,12:15 AM,Side collision,0,JACKSON,MS,70,4,Dark,Cloudy,Yard,Freight Train,0,16176,0,37792,M502,32.31268,-90.190934,73.7,68.8,61.1
IC,1004834,2019-07-08,7:15 PM,Side collision,0,JACKSON,MS,90,2,Day,Clear,Yard,Yard/switching,4,18000,0,19500,H307,32.32266,-90.172531,80.5,83.2,86.7
ATK,135482,2014-12-09,6:10 PM,Hwy-rail crossing,0,JACKSON,MS,46,4,Dark,Clear,Main,Passenger Train - Pulling,68,2700,0,20439,M308,32.401409,-90.148422,49.3,48,41.7
IC,1070213,2021-05-12,5:30 PM,Derailment,0,JACKSON,MS,75,2,Day,Cloudy,Yard,Freight Train,5,33272,22601,55873,H503,32.30809,-88.191781,68,64.4,66.3
IC,851525,2015-05-28,10:11 AM,Side collision,0,JACKSON,MS,76,2,Day,Clear,Yard,Freight Train,8,32339,0,323669,H706,32.325708,-90.18754,75,76.8,78.6
IC,1097172,2022-03-14,4:45 AM,Derailment,0,JACKSON,MS,53,4,Dark,Cloudy,Yard,Freight Train,4,6721,40528,47249,H503,32.312242,-90.188577,43.1,53.6,59.1
KCS,20041401,2020-04-14,8:10 AM,Derailment,0,JACKSON,MS,54,2,Day,Clear,Main,,0,0,3635,16543,E71L,32.300265,-90.191306,53.8,52.3,52
IC,851525,2015-05-28,10:11 AM,Side collision,0,JACKSON,MS,76,2,Day,Clear,Yard,Yard/switching,7,131689,159641,323669,H706,32.325708,-90.18754,75,76.8,78.6
IC,939713,2017-10-22,12:15 AM,Side collision,0,JACKSON,MS,70,4,Dark,Cloudy,Yard,Yard/switching,4,18296,3320,37792,M502,32.31268,-90.190934,73.7,68.8,61.1
KCS,15022502,2015-02-25,10:30 AM,Side collision,0,JACKSON,MS,45,2,Day,Rain,Yard,Light loco(s),10,12907,0,13457,H399,32.313495,-90.190727,30.4,33.4,35.9
IC,1152601,2024-07-13,9:30 PM,Derailment,0,JACKSON,MS,77,4,Dark,Clear,Yard,Freight Train,4,12050,15000,27050,T319,32.327841,-90.187238,83.8,85.2,84.5
BNSF,TC1216100,2016-12-03,5:30 AM,Derailment,0,JACKSON,NE,23,1,Dawn,Clear,Main,Freight Train,12,471537,952000,1423537,T207,42.456259,-96.655281,35,30.8,37.5
JAIL,20200001,2020-01-06,5:00 AM,Derailment,0,JACKSON,MI,32,4,Dark,Clear,Main,Freight Train,5,18974,80212,99186,T110,42.294631,-84.421217,31.9,35.1,32.2
KCS,17061702,2017-06-17,3:45 PM,Derailment,0,JACKSON,MS,80,2,Day,Clear,Main,Freight Train,5,66460,37437,103897,T314,32.263939,-90.160366,79.3,77.8,80.2
WTNN,215,2015-03-11,5:30 PM,Derailment,0,JACKSON,TN,70,3,Dusk,Clear,Main,Freight Train,5,25000,12000,37000,T314,35.604569,-88.805401,56.1,52.7,56
CSX,000177912,2018-07-31,8:09 AM,Derailment,0,JACKSONBURG,WV,74,2,Day,Clear,Main,Freight Train,24,105212,4323,109535,E64C,39.541501,-80.668035,69.5,71,71.6
CSX,000157431,2016-02-24,2:40 AM,Hwy-rail crossing,0,JACKSONBURG,WV,40,4,Dark,Rain,Main,Freight Train,23,17107,126,17233,M303,39.520233,-80.621796,46.9,52.6,34.9
UP,1017HO009,2017-10-10,5:45 AM,Hwy-rail crossing,0,JACKSONVILLE,TX,64,4,Dark,Clear,Main,Freight Train,19,1000,20222,21222,M302,31.915725,-95.377718,79.2,68.6,63.4
CSX,000212251,2023-07-10,7:30 PM,Derailment,0,JACKSONVILLE,FL,81,3,Dusk,Clear,Yard,Freight Train,3,11401,3715,15116,H702,30.383475,-81.768295,84.3,81,83.1
FEC,D53082923,2023-08-29,5:23 PM,Side collision,0,JACKSONVILLE,FL,90,2,Day,Cloudy,Yard,Single Car,5,27638,250,30388,H318,30.242281,-81.603169,84.6,85.4,82.4
NS,152909,2023-04-25,2:45 AM,Other impacts,0,JACKSONVILLE,FL,64,4,Dark,Cloudy,Yard,Cut of cars,0,147703,1627,307881,H020,30.360836,-81.723365,68.9,72.2,74.1
CSX,000175672,2018-04-06,12:27 PM,Derailment,0,JACKSONVILLE,FL,82,2,Day,Clear,Main,Freight Train,4,18225,99,18324,M405,30.329507,-81.682026,62.8,68.8,70.8
CSX,000167065,2017-02-24,12:15 AM,Derailment,0,JACKSONVILLE,FL,75,4,Dark,Clear,Yard,Freight Train,5,22175,267,22442,H702,30.383312,-81.768904,67.7,68.3,70
CSX,000164875,2016-12-03,1:30 PM,Derailment,0,JACKSONVILLE,FL,75,2,Day,Clear,Main,Freight Train,5,59000,0,59000,H503,30.329507,-81.682026,56,58.7,67.7
FEC,D47073017,2017-07-30,5:57 AM,Derailment,0,JACKSONVILLE,FL,77,1,Dawn,Rain,Main,,0,0,15433,41884,T220,30.360828,-81.723356,84.3,78.4,80
NS,131745,2018-11-20,9:35 PM,Derailment,0,JACKSONVILLE,FL,70,4,Dark,Clear,Industry,Freight Train,4,64206,3187,67393,T217,30.360828,-81.723356,63.3,62.2,58.5
NS,143395,2021-11-07,3:35 PM,Derailment,0,JACKSONVILLE,FL,64,2,Day,Clear,Industry,Yard/switching,7,55000,0,55000,H518,30.352451,-81.655682,49.2,55.1,57.2
CSX,000177043,2018-06-17,12:30 AM,Side collision,0,JACKSONVILLE,FL,80,4,Dark,Cloudy,Yard,Yard/switching,3,19590,482,20072,H307,30.359362,-81.716896,79.3,81.2,82.3
NS,135518,2019-09-17,12:45 AM,Derailment,0,JACKSONVILLE,FL,77,4,Dark,Clear,Industry,Yard/switching,8,24000,3383,27383,H399,30.349766,-81.711933,82.4,82.3,79.3
FEC,D44071615,2015-07-16,8:40 AM,Side collision,0,JACKSONVILLE,FL,86,2,Day,Clear,Yard,Light loco(s),5,92000,0,134781,H307,30.238194,-81.599842,86.2,84.3,84
CSX,000138050,2014-11-25,3:40 PM,Hwy-rail crossing,0,JACKSONVILLE,FL,62,2,Day,Rain,Main,Freight Train,55,16555,494,17049,M399,30.31397,-81.847865,76.5,67.5,55.5
CSX,000193702,2020-11-05,10:05 PM,Hwy-rail crossing,0,JACKSONVILLE,FL,75,4,Dark,Clear,Main,,0,0,34384,34384,M308,30.216547,-81.703873,66.6,70.4,72.1
CSX,000211967,2023-06-26,9:47 AM,Side collision,0,JACKSONVILLE,FL,91,2,Day,Clear,Yard,Yard/switching,3,6554,2495,352538,H306,30.359359,-81.716903,83.1,85.3,86
CSX,000184664,2019-08-11,6:34 AM,Hwy-rail crossing,0,JACKSONVILLE,FL,79,1,Dawn,Clear,Main,,0,0,97,40097,M302,30.394262,-81.744498,85.2,83.2,83.6
CSX,000199918,2021-09-08,3:15 AM,Derailment,0,JACKSONVILLE,FL,80,4,Dark,Cloudy,Yard,Freight Train,10,45846,790,46636,H306,30.383312,-81.768904,80.1,79.3,79.9
CSX,000191367,2020-07-15,8:00 PM,Derailment,0,JACKSONVILLE,FL,90,3,Dusk,Clear,Main,Freight Train,9,44552,97,44649,H525,30.331924,-81.682353,82.5,83.4,82.8
NS,146573,2022-09-23,5:51 AM,Other impacts,0,JACKSONVILLE,FL,78,1,Dawn,Clear,Yard,Cut of cars,0,31000,0,34500,H302,30.360835,-81.723364,82.3,78.5,76.6
FEC,D66100622,2022-10-06,10:50 AM,Side collision,0,JACKSONVILLE,FL,83,2,Day,Clear,Yard,Yard/switching,4,120000,0,126010,H301,30.2494,-81.60857,67.2,70.9,72.5
NS,154828,2023-11-19,6:55 PM,Derailment,0,JACKSONVILLE,FL,70,3,Dusk,Clear,Yard,Freight Train,0,58703,55696,396582,H702,30.369481,-81.731904,69.3,67.2,68.4
CSX,000183956,2019-07-06,2:57 AM,Hwy-rail crossing,0,JACKSONVILLE,FL,76,4,Dark,Cloudy,Main,Light loco(s),30,334,36654,36988,M302,30.215162,-81.704303,79.3,78.2,80.5
CSX,000193170,2020-10-11,2:35 AM,Derailment,0,JACKSONVILLE,FL,75,4,Dark,Cloudy,Yard,Freight Train,4,12352,1000,13352,H704,30.383312,-81.768904,79.3,80.2,77.4
CSX,000211967,2023-06-26,9:47 AM,Side collision,0,JACKSONVILLE,FL,91,2,Day,Clear,Yard,Freight Train,4,343489,0,352538,H306,30.359359,-81.716903,83.1,85.3,86
FEC,D84121315,2015-12-13,2:30 PM,Derailment,0,JACKSONVILLE,FL,75,2,Day,Clear,Yard,Yard/switching,5,1065,13834,14899,H306,30.226568,-81.592556,65.1,70.8,74.9
NS,154828,2023-11-19,6:55 PM,Derailment,0,JACKSONVILLE,FL,70,3,Dusk,Clear,Yard,Yard/switching,4,282183,0,396582,H702,30.369481,-81.731904,69.3,67.2,68.4
CSX,000184790,2019-08-17,2:00 AM,Side collision,0,JACKSONVILLE,FL,78,4,Dark,Cloudy,Yard,Freight Train,0,7000,472,19472,H306,30.359362,-81.716896,80.6,76.9,79.5
CSX,000184790,2019-08-17,2:00 AM,Side collision,0,JACKSONVILLE,FL,78,4,Dark,Cloudy,Yard,Yard/switching,10,12000,0,19472,H306,30.359362,-81.716896,80.6,76.9,79.5
ATK,160564,2019-08-11,6:28 AM,Hwy-rail crossing,0,JACKSONVILLE,FL,80,1,Dawn,Cloudy,Main,Passenger Train - Pulling,79,40000,0,40097,M308,30.39431,-81.744516,85.2,83.2,83.6
FEC,D81111121,2021-11-11,2:00 PM,Side collision,0,JACKSONVILLE,FL,75,2,Day,Clear,Yard,Cut of cars,0,16000,0,16113,H317,30.249546,-81.608759,63.3,69.3,66.9
CSX,000192813,2020-09-24,7:04 AM,Derailment,0,JACKSONVILLE,FL,67,1,Dawn,Clear,Yard,Freight Train,20,11683,0,11683,M405,30.36922,-81.729176,72.9,77.9,81.9
CSX,000201471,2021-11-21,8:20 AM,Derailment,0,JACKSONVILLE,FL,62,2,Day,Clear,Yard,Freight Train,6,11722,1172,12894,H504,30.29385,-81.977431,63.5,63.6,63.6
CSX,000199674,2021-08-24,10:05 AM,Derailment,0,JACKSONVILLE,FL,88,2,Day,Cloudy,Yard,Freight Train,4,33371,3888,37259,H702,30.359362,-81.716896,81.8,78.9,80.7
ATK,165770,2020-11-05,10:05 PM,Hwy-rail crossing,0,JACKSONVILLE,FL,70,4,Dark,Rain,Main,Passenger Train - Pulling,50,0,0,34384,M308,30.215234,-81.704229,66.6,70.4,72.1
NS,116594,2015-07-19,3:15 AM,Derailment,0,JACKSONVILLE,FL,75,4,Dark,Cloudy,Yard,Freight Train,5,4000,38148,42148,H704,30.368423,-81.730872,83.6,83.9,81.2
FEC,D149111714,2014-11-17,10:30 AM,Side collision,0,JACKSONVILLE,FL,75,2,Day,Cloudy,Yard,Yard/switching,4,32500,0,72147,H306,30.251922,-81.61097,61.6,68.2,46.5
FEC,D53101019,2019-10-10,10:00 AM,Side collision,0,JACKSONVILLE,FL,77,2,Day,Clear,Yard,Yard/switching,1,8000,0,18000,H306,30.227537,-81.593087,75.6,75.5,74.5
CSX,000214265,2023-10-28,10:10 PM,Side collision,0,JACKSONVILLE,FL,75,4,Dark,Clear,Yard,Freight Train,4,221817,3092,231974,H306,30.293833,-81.977425,73.9,74.2,73.5
CSX,000214265,2023-10-28,10:10 PM,Side collision,0,JACKSONVILLE,FL,75,4,Dark,Clear,Yard,Yard/switching,10,7065,0,231974,H306,30.293833,-81.977425,73.9,74.2,73.5
NS,154267,2023-09-20,5:00 PM,Other (describe in narrative),0,JACKSONVILLE,FL,86,3,Dusk,Clear,Yard,Yard/switching,10,331535,6000,337535,H306,30.360836,-81.723365,77.7,79.3,79.6
NS,152909,2023-04-25,2:45 AM,Other impacts,0,JACKSONVILLE,FL,64,4,Dark,Cloudy,Yard,Cut of cars,3,10848,0,307881,H020,30.360836,-81.723365,68.9,72.2,74.1
NS,152718,2023-04-04,6:59 PM,Side collision,0,JACKSONVILLE,FL,75,3,Dusk,Clear,Yard,Yard/switching,7,87428,2545,89973,H306,30.359788,-81.722201,72.9,73.5,76.4
CSX,000207682,2022-10-06,1:05 PM,Derailment,0,JACKSONVILLE,FL,81,2,Day,Clear,Yard,Yard/switching,4,36994,1349,38343,H306,30.359359,-81.716903,67.2,70.9,72.5
FEC,D66100622,2022-10-06,10:50 AM,Side collision,0,JACKSONVILLE,FL,83,2,Day,Clear,Yard,Cut of cars,0,5000,1010,126010,H301,30.2494,-81.60857,67.2,70.9,72.5
FEC,D33050523,2023-05-05,4:20 AM,Derailment,0,JACKSONVILLE,FL,60,4,Dark,Clear,Industry,Yard/switching,5,569922,2980,572902,H303,30.236203,-81.598807,69,71.3,70.6
NS,152909,2023-04-25,2:45 AM,Other impacts,0,JACKSONVILLE,FL,64,4,Dark,Cloudy,Yard,Cut of cars,0,147703,0,307881,H020,30.360836,-81.723365,68.9,72.2,74.1
AKMD,AKM466623O,2023-07-08,10:00 PM,Derailment,0,JACKSONVILLE,AR,70,4,Dark,Cloudy,Yard,,0,0,2500,2500,H503,34.856229,-92.119492,80.2,81.2,73.7
CSX,000170106,2017-07-09,8:00 PM,Derailment,0,JACKSONVILLE,FL,78,3,Dusk,Rain,Main,Freight Train,8,47420,116717,164137,H501,30.33132,-81.700384,84.1,80.5,79.5
NS,126019,2017-07-30,5:57 AM,Derailment,0,JACKSONVILLE,FL,77,1,Dawn,Rain,Main,Freight Train,10,26451,0,41884,T220,30.360828,-81.723356,84.3,78.4,80
CSX,000167439,2017-03-14,10:23 AM,Derailment,0,JACKSONVILLE,FL,58,2,Day,Cloudy,Yard,Yard/switching,4,48972,903,49875,H702,30.359362,-81.716896,57,51.5,46.2
CSX,000209041,2023-01-01,10:52 AM,Derailment,0,JACKSONVILLE,FL,65,2,Day,Fog,Yard,Yard/switching,5,14868,960,30828,H702,30.359359,-81.716903,66.4,64.4,62.3
CSX,000169843,2017-06-24,1:33 AM,Derailment,0,JACKSONVILLE,FL,85,4,Dark,Clear,Industry,Freight Train,7,21468,988,22456,H307,30.405749,-81.567252,83.4,84.8,83.5
NS,146573,2022-09-23,5:51 AM,Other impacts,0,JACKSONVILLE,FL,78,1,Dawn,Clear,Yard,Cut of cars,3,3500,0,34500,H302,30.360835,-81.723364,82.3,78.5,76.6
ATK,140764,2016-01-14,6:57 PM,Hwy-rail crossing,0,JACKSONVILLE,FL,60,4,Dark,Clear,Main,Passenger Train - Pulling,63,16744,0,16890,M302,30.247657,-81.698087,48,49.7,63.7
CSX,000159338,2016-04-27,7:15 PM,Other impacts,0,JACKSONVILLE,FL,80,3,Dusk,Clear,Yard,Yard/switching,5,34421,50,44471,H302,30.359362,-81.716896,73.1,76.7,78.3
CSX,000202902,2022-02-05,1:20 PM,Derailment,0,JACKSONVILLE,FL,70,2,Day,Cloudy,Yard,Yard/switching,5,6500,18864,25364,H702,30.383475,-81.768295,70.7,53.1,49.7
CSX,000156056,2016-01-14,6:57 PM,Hwy-rail crossing,0,JACKSONVILLE,FL,53,3,Dusk,Clear,Main,,0,0,146,16890,M302,30.247656,-81.698087,48,49.7,63.7
CSX,000159338,2016-04-27,7:15 PM,Other impacts,0,JACKSONVILLE,FL,80,3,Dusk,Clear,Yard,Single Car,0,10000,0,44471,H302,30.359362,-81.716896,73.1,76.7,78.3
FEC,D44071615,2015-07-16,8:40 AM,Side collision,0,JACKSONVILLE,FL,86,2,Day,Clear,Yard,Light loco(s),5,42781,0,134781,H307,30.238194,-81.599842,86.2,84.3,84
CSX,000158501,2016-03-26,10:04 AM,Derailment,0,JACKSONVILLE,FL,75,2,Day,Cloudy,Industry,Freight Train,5,33100,100,33200,M501,30.383312,-81.768904,68.8,72.1,74.4
FEC,D23033022,2022-03-30,7:35 AM,Side collision,0,JACKSONVILLE,FL,74,1,Dawn,Clear,Yard,Yard/switching,7,12000,50,19978,H399,30.239589,-81.602063,67.4,72.5,72.2
FEC,D81111121,2021-11-11,2:00 PM,Side collision,0,JACKSONVILLE,FL,75,2,Day,Clear,Yard,Cut of cars,5,113,0,16113,H317,30.249546,-81.608759,63.3,69.3,66.9
FEC,D28042021,2021-04-20,6:50 AM,Derailment,0,JACKSONVILLE,FL,63,4,Dark,Cloudy,Yard,Yard/switching,3,9893,14124,24017,H702,30.225514,-81.592199,70.5,69,73.2
FEC,D19032322,2022-03-23,10:30 AM,Derailment,0,JACKSONVILLE,FL,78,2,Day,Clear,Yard,Yard/switching,7,6447,5246,11693,H303,30.252111,-81.611166,68,72.4,65.7
FEC,D15022515,2015-02-25,6:40 PM,Derailment,0,JACKSONVILLE,FL,55,4,Dark,Cloudy,Yard,Yard/switching,5,7855,6925,14780,H702,30.238327,-81.601368,54.5,53,57.9
CSX,000202513,2022-01-20,12:30 AM,Derailment,0,JACKSONVILLE,FL,48,4,Dark,Cloudy,Yard,Freight Train,5,31326,3388,34714,H702,30.293833,-81.977425,51.8,61.3,53.8
FEC,D53101019,2019-10-10,10:00 AM,Side collision,0,JACKSONVILLE,FL,77,2,Day,Clear,Yard,Freight Train,0,10000,0,18000,H306,30.227537,-81.593087,75.6,75.5,74.5
FEC,D149111714,2014-11-17,10:30 AM,Side collision,0,JACKSONVILLE,FL,75,2,Day,Cloudy,Yard,Yard/switching,3,32500,7147,72147,H306,30.251922,-81.61097,61.6,68.2,46.5
FEC,D54090415,2015-09-04,5:55 PM,Derailment,0,JACKSONVILLE,FL,85,2,Day,Cloudy,Yard,Light loco(s),8,13944,6997,20941,M405,30.242392,-81.603512,83.9,84.7,80.9
CSX,000209041,2023-01-01,10:52 AM,Derailment,0,JACKSONVILLE,FL,65,2,Day,Fog,Yard,Cut of cars,0,15000,0,30828,H702,30.359359,-81.716903,66.4,64.4,62.3
FEC,D01010223,2023-01-02,11:15 AM,Derailment,0,JACKSONVILLE,FL,69,2,Day,Clear,Yard,Yard/switching,6,21286,15321,36607,H702,30.237579,-81.600862,64.4,62.3,67.1
CSX,000197169,2021-04-22,1:47 PM,Derailment,0,JACKSONVILLE,FL,72,2,Day,Clear,Main,Freight Train,7,68969,97,69066,H525,30.332804,-81.683666,73.2,59.8,64.3
CSX,000160287,2016-06-03,1:05 AM,Derailment,0,JACKSONVILLE,FL,78,4,Dark,Clear,Yard,Freight Train,3,48904,2658,51562,M599,30.437041,-81.643089,82.5,83.8,83.9
CSX,000177043,2018-06-17,12:30 AM,Side collision,0,JACKSONVILLE,FL,80,4,Dark,Cloudy,Yard,Cut of cars,0,0,0,20072,H307,30.359362,-81.716896,79.3,81.2,82.3
FEC,D23033022,2022-03-30,7:35 AM,Side collision,0,JACKSONVILLE,FL,74,1,Dawn,Clear,Yard,Light loco(s),4,7878,50,19978,H399,30.239589,-81.602063,67.4,72.5,72.2
UP,0315HO057,2015-03-28,6:51 PM,Fire/violent rupture,0,JACKSONVILLE,TX,72,2,Day,Cloudy,Main,Freight Train,35,32830,0,32830,E73L,32.019546,-95.208305,57.8,62.9,68.1
CSX,000179025,2018-09-29,2:13 AM,Other impacts,0,JACKSONVILLE,FL,80,4,Dark,Clear,Industry,Freight Train,4,15650,97,15747,H996,30.430058,-81.554907,83.6,81.3,80.9
FEC,D40062724,2024-06-27,5:20 AM,Other (describe in narrative),0,JACKSONVILLE,FL,85,4,Dark,Clear,Yard,Yard/switching,4,53276,13999,67275,H704,30.225133,-81.591924,83.4,84.5,82.6
CSX,000215855,2024-01-27,7:23 PM,Hwy-rail crossing,0,JACKSONVILLE,FL,72,3,Dusk,Cloudy,Main,,0,0,116,13128,M308,30.302853,-81.719988,71.7,72,66
NS,135868,2019-10-17,3:05 PM,Other (describe in narrative),0,JACKSONVILLE,IL,68,2,Day,Clear,Industry,Freight Train,8,19856,5143,24999,H306,39.732091,-90.187297,45.9,44,50.4
CSX,000215955,2024-02-03,3:31 PM,Other (describe in narrative),0,JACKSONVILLE,FL,60,2,Day,Clear,Yard,Cut of cars,0,0,0,41344,H702,30.383475,-81.768295,56.6,56.7,63.3
CSX,000215955,2024-02-03,3:31 PM,Other (describe in narrative),0,JACKSONVILLE,FL,60,2,Day,Clear,Yard,Freight Train,6,0,41344,41344,H702,30.383475,-81.768295,56.6,56.7,63.3
FEC,D14033024,2024-03-30,9:05 AM,Derailment,0,JACKSONVILLE,FL,70,2,Day,Clear,Yard,Yard/switching,5,25667,454,26121,H315,30.23975,-81.60241,61.7,65.2,68.6
FEC,D53082923,2023-08-29,5:23 PM,Side collision,0,JACKSONVILLE,FL,90,2,Day,Cloudy,Yard,Single Car,0,2500,0,30388,H318,30.242281,-81.603169,84.6,85.4,82.4
ATK,178206,2024-01-27,7:19 PM,Hwy-rail crossing,0,JACKSONVILLE,FL,71,4,Dark,Clear,Main,Passenger Train - Pulling,30,13012,0,13128,M308,30.302853,-81.719988,71.7,72,66
CSX,000176066,2018-04-29,3:12 PM,Derailment,0,JACKSONVILLE,FL,78,2,Day,Clear,Main,Yard/switching,2,111463,556,112019,M405,30.332804,-81.683666,71.7,70.9,69.9
NS,154837,2023-11-20,3:15 PM,Derailment,0,JACKSONVILLE,FL,68,2,Day,Clear,Siding,Freight Train,16,65300,150,65450,H702,30.549005,-82.352524,67.2,68.4,72.9
CSX,000180858,2019-01-20,9:35 PM,Derailment,0,JACKSONVILLE,FL,36,4,Dark,Clear,Yard,Freight Train,8,385598,3968,389566,T207,30.437041,-81.643089,64.4,53.2,42.7
CSX,000163272,2016-10-01,5:55 PM,Derailment,0,JACKSONVILLE,FL,80,2,Day,Clear,Yard,Freight Train,5,11452,1146,12598,T206,30.320827,-81.693524,81.3,79.3,80.2
FEC,D38062717,2017-06-27,7:45 PM,Derailment,0,JACKSONVILLE,FL,74,3,Dusk,Rain,Yard,Yard/switching,6,14070,15131,29201,T314,30.242388,-81.60353,78.9,77.3,79.1
FEC,D29050715,2015-05-07,1:15 AM,Derailment,0,JACKSONVILLE,FL,60,4,Dark,Clear,Yard,Light loco(s),5,10000,2885,12885,T210,30.23731,-81.599981,74.4,73.8,76
CSX,000179886,2018-11-16,9:40 AM,Derailment,0,JACKSONVILLE,FL,40,2,Day,Clear,Yard,Freight Train,4,13473,696,14169,T201,30.359362,-81.716896,57.5,48.4,56.3
CSX,000212763,2023-08-06,4:02 PM,Derailment,0,JACKSONVILLE,FL,98,3,Dusk,Clear,Yard,Freight Train,2,26000,6537,32537,T102,30.355703,-81.768638,83.4,85.5,88.2
CSX,000196272,2021-03-13,3:15 AM,Derailment,0,JACKSONVILLE,FL,53,4,Dark,Clear,Yard,Freight Train,2,206563,3492,210055,T207,30.29385,-81.977431,65.3,67.6,70.4
FEC,D54A090915,2015-09-09,7:10 PM,Derailment,0,JACKSONVILLE,FL,82,3,Dusk,Clear,Yard,Yard/switching,5,4582,10845,15427,T111,30.240092,-81.602471,79.9,83.4,82.9
NS,115862,2015-05-30,11:50 AM,Derailment,0,JACKSONVILLE,FL,83,2,Day,Cloudy,Yard,Freight Train,10,4500,11131,15631,T207,30.360836,-81.723364,78.6,78.5,80.3
FEC,D14041119,2019-04-11,5:00 PM,Derailment,0,JACKSONVILLE,FL,85,2,Day,Clear,Yard,Freight Train,9,103660,14564,118224,T314,30.234943,-81.598622,70.3,74,76.8
FEC,D147111214,2014-11-12,3:00 AM,Derailment,0,JACKSONVILLE,FL,60,4,Dark,Clear,Yard,Yard/switching,7,7598,26012,33610,T309,30.237479,-81.600827,67,64.7,66.9
FEC,D12040319,2019-04-03,5:30 PM,Derailment,0,JACKSONVILLE,FL,65,2,Day,Clear,Yard,Yard/switching,5,20947,12860,33807,T111,30.22647,-81.592533,58.8,59.3,66
FEC,D35083020,2020-08-30,12:10 AM,Derailment,0,JACKSONVILLE,FL,75,4,Dark,Cloudy,Yard,Yard/switching,9,4830,11749,16579,T314,30.226325,-81.592446,81.7,79.4,79.2