reportingrailroadcode,accidentnumber,date,time,accidenttype,hazmatreleasedcars,station,stateabbr,temperature,visibility_code,visibility,weathercondition,tracktype,equipmenttype,trainspeed,equipmentdamagecost,trackdamagecost,totaldamagecost,primaryaccidentcausecode,latitude,longitude,prior_temp,actual_temp,following_temp
FEC,D68101122,2022-10-11,3:05 AM,Derailment,0,JACKSONVILLE,FL,75,4,Dark,Clear,Yard,Yard/switching,4,1679,11460,13139,T199,30.242374,-81.603197,73,76.5,77.5
FEC,D55091015,2015-09-10,5:40 AM,Derailment,0,JACKSONVILLE,FL,74,4,Dark,Clear,Yard,Freight Train,10,58394,18300,76694,T207,30.229148,-81.594734,83.4,82.9,84.9
NS,153841,2023-08-07,4:50 AM,Derailment,0,JACKSONVILLE,FL,79,1,Dawn,Clear,Yard,Freight Train,9,282221,0,282221,T110,30.368374,-81.730822,85.5,88.2,89.9
UP,0723MA018,2023-07-08,9:10 PM,Derailment,0,JACKSONVILLE,AR,81,4,Dark,Clear,Industry,Freight Train,1,26651,0,26651,T111,34.856875,-92.118086,80.2,81.2,73.7
FEC,D01010419,2019-01-04,9:30 AM,Derailment,0,JACKSONVILLE,FL,68,2,Day,Cloudy,Yard,Light loco(s),8,7088,8241,15329,T111,30.241927,-81.602572,70.1,65.7,55
FEC,D48080217,2017-08-02,5:20 PM,Derailment,0,JACKSONVILLE,FL,89,2,Day,Cloudy,Yard,Yard/switching,3,14222,955,15177,T319,30.254288,-81.612392,79.5,79,79.3
TXN,170612010,2017-06-12,1:30 PM,Derailment,0,JAL,NM,106,2,Day,Clear,Main,Freight Train,5,35000,29350,64350,T109,32.1103,-103.187,84.6,83.4,82.9
LI,78527,2022-11-23,2:20 PM,Obstruction,0,JAMAICA,NY,45,2,Day,Clear,Siding,EMU,9,19194,7500,26694,H307,40.70304,-73.79618,43.9,46.9,45.3
LI,78353,2022-11-03,2:24 AM,Derailment,0,JAMAICA,NY,47,4,Dark,Clear,Yard,EMU,3,137033,0,137033,H702,40.708045,-73.773586,62,56.8,58.7
LI,82204,2024-04-02,12:15 PM,Derailment,0,JAMAICA,NY,47,2,Day,Rain,Yard,Yard/switching,5,117567,0,117567,H703,40.696983,-73.821781,50,45.9,42.8
LI,73744,2021-01-08,11:14 AM,Derailment,0,JAMAICA,NY,35,2,Day,Clear,Yard,Yard/switching,3,75784,1973,77757,H703,40.697103,-73.822319,36,32.8,32.5
LI,70992,2019-11-22,9:27 PM,Derailment,0,JAMAICA,NY,42,4,Dark,Clear,Main,EMU,13,300000,96769,396769,T211,40.700733,-73.804126,45.5,47.5,40.4
LI,EQ20150101,2015-01-27,12:20 PM,Derailment,0,JAMAICA,NY,25,2,Day,Snow,Yard,EMU,9,331533,22675,354208,M101,40.699655,-73.809804,26.2,24.1,24.3
LI,EQ20150704,2015-07-17,6:03 PM,Side collision,0,JAMAICA,NY,73,2,Day,Clear,Main,EMU,13,25000,0,75789,H221,40.70031,-73.806025,72,73.1,76.9
LI,EQ20170202,2017-02-08,3:51 AM,Derailment,0,JAMAICA,NY,41,4,Dark,Rain,Main,EMU,14,11000,300000,311000,H999,40.698647,-73.811252,39.4,48.9,29.9
LI,74126,2021-02-20,2:50 PM,Derailment,0,JAMAICA,NY,34,2,Day,Clear,Yard,Single Car,3,15814,13365,29179,M507,40.698028,-73.81588,30.7,31.5,30.1
LI,EQ20150704,2015-07-17,6:03 PM,Side collision,0,JAMAICA,NY,73,2,Day,Clear,Main,DMU,0,50789,0,75789,H221,40.70031,-73.806025,72,73.1,76.9
LI,75638,2021-09-29,12:01 AM,Derailment,0,JAMAICA,NY,57,4,Dark,Cloudy,Yard,EMU,7,169726,0,169726,H307,40.707441,-73.77633,69.2,62.9,62.1
LI,EQ20161103,2016-11-21,3:00 AM,Derailment,0,JAMAICA,NY,38,4,Dark,Cloudy,Yard,EMU,5,10500,21271,31771,H702,40.696941,-73.823832,40.8,39.8,39.9
LI,72166,2020-05-02,6:58 AM,Derailment,0,JAMAICA,NY,57,1,Dawn,Clear,Main,Work train,4,1578,16771,18349,M505,40.699151,-73.80926,57,62.5,64.1
LI,70728,2019-10-13,8:36 AM,Derailment,0,JAMAICA,NY,66,2,Day,Clear,Main,Freight Train,9,15000,29000,44000,M204,40.699378,-73.808717,60.1,59.7,63.4
LI,EQ20160301,2016-03-03,11:31 PM,Other impacts,0,JAMAICA,NY,32,4,Dark,Clear,Yard,EMU,4,12497,0,12497,H399,40.707801,-73.774437,43.8,31.7,33.8
LI,80359,2023-08-03,11:13 AM,Derailment,0,JAMAICA,NY,79,2,Day,Clear,Main,EMU,54,1505056,2171933,3676989,S099,40.704995,-73.787789,71.1,72.1,72.6
LI,EQ20150401,2015-04-01,11:09 PM,Derailment,0,JAMAICA,NY,33,4,Dark,Clear,Yard,Light loco(s),5,10901,500,11401,M507,40.697067,-73.822562,41.9,42.4,48.5
LI,EQ20160802,2016-08-20,2:19 AM,Derailment,0,JAMAICA,NY,79,4,Dark,Clear,Yard,Passenger Train - Pushing,5,6947,21582,28529,T314,40.698022,-73.815798,80.2,78.5,80
LI,74779,2021-05-11,11:10 PM,Derailment,0,JAMAICA,NY,56,4,Dark,Clear,Main,Freight Train,0,0,269312,298926,T403,40.700847,-73.80324,53.5,57.6,57.5
NYA,NYA000022,2021-05-11,11:10 PM,Derailment,0,JAMAICA,NY,56,4,Dark,Clear,Main,Freight Train,9,29614,0,298926,T403,40.700847,-73.80324,53.5,57.6,57.5
NS,144242,2022-02-02,5:45 PM,Derailment,0,JAMES,GA,50,3,Dusk,Clear,Industry,Freight Train,9,89210,0,89210,H306,32.919674,-83.515966,46.5,56.2,66.1
UP,0819HL015,2019-08-13,8:31 PM,Fire/violent rupture,0,JAMESPORT,MO,80,4,Dark,Clear,Main,Freight Train,30,67737,0,67737,M406,39.953772,-93.744269,80.1,79.2,72.8
UP,0319HL018,2019-03-07,10:45 AM,Derailment,0,JAMESPORT,MO,29,2,Day,Cloudy,Siding,Cut of cars,0,25864,0,25864,M201,39.93264,-93.754342,23,31.6,35.4
CSX,000158991,2016-04-12,11:38 AM,Hwy-rail crossing,0,JAMESTOWN,IN,45,2,Day,Clear,Main,Freight Train,41,15091,0,15091,M302,39.95379,-86.69081,50,42.4,46.6
BNSF,TC0515104,2015-05-09,11:46 PM,Derailment,0,JAMESTOWN,ND,40,4,Dark,Rain,Industry,Freight Train,10,15000,5000,20000,T221,46.9056,-98.7031,42.2,39.2,38.2
ATK,169821,2022-02-21,4:46 PM,Hwy-rail crossing,0,JAMESTOWN,NC,64,2,Day,Cloudy,Main,Passenger Train - Pulling,56,28823,0,68823,M302,35.991845,-79.938868,38.6,49.3,60
NS,144474,2022-02-21,4:46 PM,Hwy-rail crossing,0,JAMESTOWN,NC,63,3,Dusk,Clear,Main,,0,0,40000,68823,M302,35.991845,-79.938868,38.6,49.3,60
NS,155575,2024-01-26,10:00 AM,Hwy-rail crossing,0,JAMESTOWN,NC,45,2,Day,Cloudy,Main,Freight Train,57,28,27957,27985,M308,35.994,-79.934499,63.2,65.3,56.3
KYLE,KYL162119D,2019-08-25,10:35 PM,Derailment,0,JAMESTOWN,KS,70,4,Dark,Clear,Yard,Freight Train,5,20000,110000,130000,T314,39.594431,-97.753851,71.4,70.6,72
BNSF,TC0917106,2017-09-20,10:15 AM,Derailment,0,JAMESTOWN,ND,64,2,Day,Clear,Industry,Freight Train,7,43821,50000,93821,T111,46.912003,-98.777463,62,58,64.3
WSOR,D752115,2015-04-20,8:55 PM,Derailment,0,JANESVILLE,WI,28,4,Dark,Clear,Main,Freight Train,8,265486,7808,273294,T220,42.66504,-89.01329,58.4,45.4,40.6
UP,1023PR028,2023-10-31,3:41 PM,Derailment,0,JANESVILLE,WI,36,2,Day,Clear,Main,Freight Train,10,173233,179114,352347,M204,42.683668,-89.028999,31.7,31.4,31.9
UP,1118PR010,2018-11-12,10:15 PM,Derailment,0,JANESVILLE,WI,19,4,Dark,Clear,Industry,Yard/switching,5,631,11207,11838,H702,42.720556,-89.014601,33.4,27.7,21.6
UP,1115PR011,2015-11-27,7:55 PM,Derailment,0,JANESVILLE,WI,30,4,Dark,Clear,Yard,Light loco(s),7,37444,300,37744,S104,42.647904,-89.009162,50.4,32.9,29.4
UP,0119GL043,2019-01-26,3:00 AM,Derailment,0,JANESVILLE,WI,-17,4,Dark,Snow,Yard,Light loco(s),3,18620,200,18820,M101,42.684322,-89.02858,-4.4,-5.2,-0.8
UP,0620PR012,2020-06-11,7:10 PM,Derailment,0,JANESVILLE,WI,79,3,Dusk,Clear,Yard,Yard/switching,3,636,15933,16569,H702,42.648511,-89.005926,69.4,68.1,66.7
UP,0118PR008,2018-01-13,4:25 AM,Derailment,0,JANESVILLE,WI,-3,4,Dark,Clear,Yard,Yard/switching,4,23330,37180,60510,E03C,42.64156,-89.00166,15.7,6.2,10.3
WSOR,221226002,2022-12-26,11:00 AM,Derailment,0,JANESVILLE,WI,15,2,Day,Clear,Yard,Freight Train,6,43500,0,43500,E99C,42.677231,-89.049368,6.8,12.4,11.4
WSOR,D751315,2015-03-14,7:47 PM,Derailment,0,JANESVILLE,WI,56,3,Dusk,Clear,Industry,Freight Train,9,3265,0,12213,T110,42.703293,-89.025092,48.1,47.6,45.7
UP,0315PR011,2015-03-14,7:47 PM,Derailment,0,JANESVILLE,WI,40,4,Dark,Clear,Industry,Freight Train,0,0,8948,12213,T110,42.703293,-89.025092,48.1,47.6,45.7
UP,0424PR008,2024-04-04,12:10 AM,Derailment,0,JANESVILLE,WI,34,4,Dark,Snow,Yard,Freight Train,10,13239,4468,17707,T102,42.727768,-89.126507,34.4,37.8,41
UP,1218GP015,2018-12-05,8:40 PM,Derailment,0,JANSEN,NE,29,4,Dark,Clear,Main,Freight Train,10,134136,50360,184496,T101,40.21492,-97.055546,27.1,30.1,28.2
BNSF,SW0120103,2020-01-19,8:20 AM,Derailment,0,JARALES,NM,35,1,Dawn,Clear,Main,Freight Train,60,94644,47000,141644,E61C,34.502006,-106.623159,34.1,35.8,37.6
BNSF,SW0622105,2022-06-06,6:00 AM,Derailment,0,JARALES,NM,75,1,Dawn,Clear,Yard,Light loco(s),5,6220,12000,18220,H607,34.659248,-106.767321,79.7,82.5,83.9
BNSF,SW0522103,2022-05-22,5:20 AM,Derailment,0,JARALES,NM,60,1,Dawn,Clear,Main,Freight Train,38,1590349,960000,2550349,M105,34.459946,-106.504645,68.2,61.6,66.3
CSX,000172741,2017-11-08,11:08 AM,Hwy-rail crossing,0,JARRATT,VA,43,2,Day,Rain,Main,,0,0,0,28853,M308,36.810315,-77.468257,52.5,42.7,47.7
ATK,150361,2017-11-08,11:08 AM,Hwy-rail crossing,0,JARRATT,VA,43,2,Day,Rain,Main,Passenger Train - Pulling,78,28853,0,28853,M308,36.810315,-77.468257,52.5,42.7,47.7
INRD,644275,2021-03-05,3:35 PM,Derailment,0,JASONVILLE,IN,50,2,Day,Clear,Siding,Yard/switching,5,1000,10400,11400,H704,39.146251,-87.196672,42.1,36.1,37.4
BNSF,RD0117122,2017-01-27,8:26 AM,Derailment,0,JASPER,TX,65,2,Day,Cloudy,Yard,Freight Train,2,246984,193000,439984,M101,30.928961,-93.98441,48.6,44.6,48.4
BNSF,HL1217202,2017-12-07,10:53 AM,Hwy-rail crossing,0,JASPER,AL,68,2,Day,Clear,Main,Freight Train,28,15345,30000,45345,M308,33.814816,-87.356999,42.4,42.9,34.9
NS,128770,2018-03-08,10:05 AM,Obstruction,0,JASPER,AL,65,2,Day,Clear,Main,Spec. MoW Equip.,0,4000,0,13000,H997,33.800229,-87.283701,42.6,38.6,45.3
NS,128770,2018-03-08,10:05 AM,Obstruction,0,JASPER,AL,65,2,Day,Clear,Main,Spec. MoW Equip.,15,9000,0,13000,H997,33.800229,-87.283701,42.6,38.6,45.3
NS,152766,2023-04-08,10:15 PM,Derailment,0,JASPER,AL,50,4,Dark,Rain,Main,Freight Train,15,429521,384117,813638,T001,33.863631,-87.315751,53.7,51.9,55.8
BNSF,RD0220128,2020-02-26,2:10 AM,Derailment,0,JASPER,TX,54,4,Dark,Cloudy,Industry,Freight Train,5,180000,0,180000,T001,30.892919,-93.930522,56.9,49.3,41.6
BNSF,MT0922201,2022-09-07,5:35 PM,Hwy-rail crossing,0,JAVA,SD,89,3,Dusk,Clear,Main,Freight Train,36,1039752,270745,1310497,M302,45.514544,-99.89422,75.5,78.2,75.9
KCS,15121401,2015-12-14,3:55 AM,Obstruction,0,JEFFERSON,TX,51,4,Dark,Clear,Main,Freight Train,40,45230,0,45230,M404,32.716124,-94.252449,58.5,54.1,59
UP,0415LV027,2015-04-27,10:55 AM,Derailment,0,JEFFERSON,LA,75,2,Day,Rain,Main,Freight Train,4,280850,0,662135,M105,29.95898,-90.181851,75.2,70.8,69.5
CSX,000174416,2018-01-31,8:45 AM,Hwy-rail crossing,0,JEFFERSON,GA,30,2,Day,Clear,Main,Spec. MoW Equip.,3,17000,0,17000,M399,34.083929,-83.565254,38,39.5,47.6
NOPB,D20170529U,2017-05-29,1:40 PM,Derailment,0,JEFFERSON,LA,85,2,Day,Clear,Main,,0,0,27000,27000,H507,29.970711,-90.167903,82.7,77.1,74
UP,0115CB004,2015-01-07,6:15 PM,Other (describe in narrative),0,JEFFERSON,IA,-15,4,Dark,Cloudy,Main,Freight Train,14,13250,0,13250,E27C,42.016845,-94.435443,4,-3.1,11
CSX,000179971,2018-11-20,8:45 AM,Side collision,0,JEFFERSON,GA,45,2,Day,Clear,Main,Cut of cars,4,11152,0,21794,E08C,34.141665,-83.636639,52.1,52.3,44.4
BNSF,TC1015100,2015-10-01,12:50 PM,Derailment,0,JEFFERSON,SD,60,2,Day,Clear,Main,,0,0,45021,53759,E53C,42.603058,-96.560942,56.7,55,52.3
DAIR,032015,2015-10-01,12:50 PM,Derailment,0,JEFFERSON,SD,60,2,Day,Clear,Main,Freight Train,24,8738,0,53759,E53C,42.577933,-96.540165,56.7,55,52.3
KCS,17070701,2017-07-07,10:49 AM,RR grade crossing,0,JEFFERSON,TX,90,2,Day,Clear,Main,Cut of cars,15,703161,106653,1240304,H008,32.764811,-94.35513,79.6,80.7,78.5
ATK,137520,2015-05-21,9:35 AM,Obstruction,0,JEFFERSON,TX,75,2,Day,Cloudy,Main,Passenger Train - Pulling,69,22000,0,22600,M404,32.787882,-94.334025,79.1,66.5,66.5
UP,0717LK009,2017-07-07,10:49 AM,RR grade crossing,0,JEFFERSON,TX,80,2,Day,Clear,Main,Freight Train,24,298671,131819,1240304,H008,32.764587,-94.355417,79.6,80.7,78.5
UP,0515LK033,2015-05-21,9:35 AM,Obstruction,0,JEFFERSON,TX,75,2,Day,Cloudy,Main,,0,0,600,22600,M404,32.787882,-94.334025,79.1,66.5,66.5
UP,0716ES008,2016-07-14,8:30 AM,Derailment,0,JEFFERSON,OR,65,2,Day,Clear,Main,Spec. MoW Equip.,3,30345,0,30345,E29C,44.719662,-123.006806,68,68.2,64
NOPB,D20181005F,2018-10-05,5:05 AM,Derailment,0,JEFFERSON,LA,75,4,Dark,Clear,Main,,0,0,19000,261084,H503,29.970715,-90.170543,80.2,81.4,81.3
NOPB,D20171020F,2017-10-20,1:27 AM,Derailment,0,JEFFERSON,LA,69,4,Dark,Clear,Main,,0,0,58157,119277,H599,29.953788,-90.166398,73,75.2,78.8
IC,975054,2018-10-05,5:05 AM,Derailment,0,JEFFERSON,LA,75,1,Dawn,Clear,Main,,0,0,90310,261084,H503,29.970715,-90.170543,80.2,81.4,81.3
UP,1221GL015,2021-12-15,5:45 PM,Derailment,0,JEFFERSON,IA,69,2,Day,Cloudy,Main,Freight Train,0,552417,750,553167,M105,42.02841,-94.311989,40.5,57.2,29.9
CSX,000179971,2018-11-20,8:45 AM,Side collision,0,JEFFERSON,GA,45,2,Day,Clear,Main,Freight Train,4,10642,0,21794,E08C,34.141665,-83.636639,52.1,52.3,44.4
CSX,000182964,2019-05-14,9:30 PM,Derailment,0,JEFFERSON,GA,60,4,Dark,Clear,Main,Freight Train,15,47682,442,48124,E08C,34.143454,-83.641388,66.5,61.3,62.5
NOPB,D20150427E,2015-04-27,10:55 AM,Derailment,0,JEFFERSON,LA,75,2,Day,Rain,Main,Freight Train,4,280850,100435,662135,M105,29.95898,-90.181851,75.2,70.8,69.5
UP,0117LK027,2017-01-23,6:30 AM,Fire/violent rupture,0,JEFFERSON,TX,50,4,Dark,Clear,Main,Freight Train,30,26786,0,26786,E72L,32.859571,-94.284038,56.4,50.7,59.5
BNSF,RD1017116,2017-10-20,1:27 AM,Derailment,0,JEFFERSON,LA,72,4,Dark,Clear,Main,Freight Train,9,61120,0,119277,T303,29.953788,-90.166398,73,75.2,78.8
KCS,22052803,2022-05-28,3:30 PM,Derailment,0,JEFFERSON,TX,93,2,Day,Clear,Main,Freight Train,23,396173,1301371,1697544,T108,32.755041,-94.341363,68.4,71.5,77.5
UP,0216SL004,2016-02-09,7:45 AM,Fire/violent rupture,0,JEFFERSON CITY,MO,20,2,Day,Cloudy,Main,Freight Train,20,96484,0,96484,E73L,38.546792,-92.059143,29.6,22.8,22
UP,0417SL018,2017-04-29,8:30 PM,Obstruction,0,JEFFERSON CITY,MO,53,3,Dusk,Clear,Main,,0,0,0,13154,M404,38.599031,-91.936486,58.8,57.6,62.4
ATK,147253,2017-04-29,8:30 PM,Obstruction,0,JEFFERSON CITY,MO,53,3,Dusk,Rain,Main,Passenger Train - Pulling,57,13154,0,13154,M404,38.599031,-91.936486,58.8,57.6,62.4
CSX,000211687,2023-06-05,6:29 PM,Hwy-rail crossing,0,JEFFERSONVILLE,IN,84,3,Dusk,Clear,Main,Freight Train,30,13017,0,222358,M302,38.340085,-85.747882,77.7,73.1,72.2
LIRC,0207201801,2018-02-07,3:59 PM,Derailment,0,JEFFERSONVILLE,IN,34,2,Day,Clear,Yard,Freight Train,9,9000,9200,18200,T221,38.27757,-85.737185,33.2,30.9,27.7
CSX,000167478,2017-03-11,12:00 PM,Derailment,0,JEFFERSONVILLE,IN,36,2,Day,Clear,Main,Freight Train,35,47827,0,54027,E53C,38.516351,-85.766059,44.7,34.7,34.6
LIRC,1117201601,2016-11-17,5:33 PM,Derailment,0,JEFFERSONVILLE,IN,68,3,Dusk,Clear,Yard,Freight Train,7,55000,9000,64000,M501,38.291618,-85.75295,52.5,58.1,65.9
LIRC,LIRC00053F,2023-06-05,6:29 PM,Hwy-rail crossing,0,JEFFERSONVILLE,IN,84,3,Dusk,Clear,Main,,0,0,209341,222358,M308,38.340085,-85.747882,77.7,73.1,72.2
LIRC,0508201701,2017-05-08,11:45 PM,Other (describe in narrative),0,JEFFERSONVILLE,IN,60,4,Dark,Cloudy,Main,Freight Train,1,0,13000,13000,H702,38.317764,-85.751277,55.8,57.1,69.9
LIRC,0815201901,2019-08-15,7:15 AM,Hwy-rail crossing,0,JEFFERSONVILLE,IN,70,1,Dawn,Clear,Main,,0,0,0,11728,M302,38.330151,-85.749765,81.4,78.3,78.6
CSX,000184753,2019-08-15,7:15 AM,Hwy-rail crossing,0,JEFFERSONVILLE,IN,70,2,Day,Clear,Main,Freight Train,20,11728,0,11728,M302,38.330151,-85.749765,81.4,78.3,78.6
MGRZ,792024,2024-07-09,3:15 PM,Other impacts,0,JEFFERSONVILLE,IN,89,2,Day,Clear,Industry,Yard/switching,4,16500,8850,25350,H307,38.32268,-85.6705,80.4,80.9,75.5
LIRC,LIRC0076F,2024-08-24,7:20 PM,Derailment,0,JEFFERSONVILLE,IN,89,3,Dusk,Clear,Yard,Yard/switching,6,8759,24190,32949,H702,38.303221,-85.751748,73.3,78.5,79.8
LIRC,LIRC00025F,2022-04-11,4:41 PM,Derailment,0,JEFFERSONVILLE,IN,60,2,Day,Rain,Yard,Yard/switching,8,10000,3493,13493,T210,38.299104,-85.752536,50.4,61.2,62.6
NS,156105,2024-03-09,10:00 AM,Derailment,0,JENKINJONES,WV,50,2,Day,Clear,Industry,Freight Train,2,13000,34033,47033,M101,37.299768,-81.475269,49.1,48.4,34.2
NS,129673,2018-06-01,7:32 AM,Derailment,0,JENKINSBURG,GA,75,1,Dawn,Clear,Main,Freight Train,8,7589,10057,17646,E06C,33.327103,-84.004031,77.6,74.1,76.9
NS,151993,2023-01-12,6:37 PM,Other (describe in narrative),0,JENKINSBURG,GA,55,3,Dusk,Rain,Siding,Freight Train,5,42245,0,42245,M102,33.325728,-84.000768,52.8,61.1,43.6
NS,144163,2022-01-26,2:30 PM,Obstruction,0,JENKINSBURG,GA,45,2,Day,Clear,Main,Spec. MoW Equip.,15,12500,0,50000,H402,33.325974,-84.011007,50.4,40.7,40.4
NS,144163,2022-01-26,2:30 PM,Obstruction,0,JENKINSBURG,GA,45,2,Day,Clear,Main,Spec. MoW Equip.,0,12500,0,50000,H402,33.325974,-84.011007,50.4,40.7,40.4
NS,144163,2022-01-26,2:30 PM,Other impacts,0,JENKINSBURG,GA,45,2,Day,Clear,Main,Spec. MoW Equip.,0,12500,0,50000,H402,33.325974,-84.011007,50.4,40.7,40.4
NS,144163,2022-01-26,2:30 PM,Other impacts,0,JENKINSBURG,GA,45,2,Day,Clear,Main,Spec. MoW Equip.,15,12500,0,50000,H402,33.325974,-84.011007,50.4,40.7,40.4
TSU,92019,2019-07-18,3:00 PM,Derailment,0,JENKS,OK,94,2,Day,Clear,Siding,Freight Train,5,1390,12000,13390,T109,35.972379,-95.921207,89.5,88.3,88.2
NS,117632,2015-10-04,6:15 PM,Derailment,0,JENNINGS,MO,60,3,Dusk,Cloudy,Yard,Freight Train,5,50900,300,51200,H525,38.702049,-90.226975,54.6,54.8,61.3
NS,146400,2022-09-01,9:25 AM,Other (describe in narrative),0,JENNINGS,MO,72,2,Day,Clear,Yard,Yard/switching,5,12780,350,13130,H704,38.696145,-90.220947,73.9,75.2,74.8
NS,145869,2022-07-10,11:50 AM,Derailment,0,JENNINGS,MO,90,2,Day,Clear,Yard,Freight Train,6,3900,37116,41016,H525,38.701954,-90.22688,77.3,78.5,85
NS,143559,2021-11-24,1:22 PM,Derailment,0,JENNINGS,MO,55,2,Day,Clear,Yard,Freight Train,6,17607,46920,64527,H520,38.696145,-90.220947,39.3,54.4,39
NS,128595,2018-02-21,5:10 PM,Derailment,0,JENNINGS,MO,32,3,Dusk,Rain,Yard,Freight Train,7,2400,26802,29202,T207,38.696169,-90.220972,58.2,30.3,38.7
NS,120282,2016-04-27,11:45 AM,Derailment,0,JENNINGS,MO,72,2,Day,Clear,Yard,Yard/switching,6,11844,2500,14344,T315,38.697485,-90.222296,69.9,67.5,64.4
NS,145548,2022-06-14,3:45 PM,Derailment,0,JENNINGS,MO,96,2,Day,Clear,Yard,Light loco(s),8,432,61965,62397,T110,38.696145,-90.220947,89.7,89.6,88.1
FEC,D38052122,2022-05-21,11:24 AM,Derailment,0,JENSEN BEACH,FL,85,2,Day,Clear,Main,Work train,6,2000,65860,67860,E07C,27.23972,-80.225964,77.5,81,82.1
FEC,X47112223,2023-11-22,8:29 PM,Hwy-rail crossing,0,JENSEN BEACH,FL,77,4,Dark,Clear,Main,,0,0,0,16000,M308,27.243862,-80.227399,76.3,75.9,69.9
BLF,20233644,2023-11-22,8:29 PM,Hwy-rail crossing,0,JENSEN BEACH,FL,77,4,Dark,Clear,Main,Passenger Train - Pulling,60,16000,0,16000,M308,27.243862,-80.227399,76.3,75.9,69.9
FEC,D36051922,2022-05-19,4:45 PM,Derailment,0,JENSEN BEACH,FL,73,2,Day,Clear,Main,Freight Train,33,300000,110875,410875,T109,27.233687,-80.223933,80.9,81.8,77.5
NS,118031,2015-11-02,10:36 AM,Derailment,0,JERSEY CITY,NJ,65,2,Day,Clear,Yard,Yard/switching,4,30452,1755,32207,H702,40.75616,-74.068155,58.4,58.5,61.1
NS,122242,2016-09-29,5:55 AM,Derailment,0,JERSEY CITY,NJ,70,1,Dawn,Cloudy,Yard,Yard/switching,7,12506,2405,131982,H524,40.751,-74.066175,63.6,61.5,58.3
CRSH,135472,2019-09-12,8:55 PM,Derailment,0,JERSEY CITY,NJ,81,4,Dark,Rain,Yard,Yard/switching,5,11777,8000,19777,H702,40.682443,-74.081769,78.1,74.5,64.2
CSX,000208300,2022-11-11,5:40 AM,Hwy-rail crossing,0,JERSEY CITY,NJ,52,1,Dawn,Cloudy,Main,Freight Train,9,0,0,15245,M302,40.739348,-74.069433,55.9,63.7,67.2
PATH,I08142019,2019-08-14,4:30 PM,Derailment,0,JERSEY CITY,NJ,78,2,Day,Cloudy,Yard,EMU,2,8616,18692,27308,H605,40.725,-74.0561,76.2,76.5,75.7
PATH,I042919,2019-04-29,8:13 AM,Other impacts,0,JERSEY CITY,NJ,47,2,Day,Clear,Yard,EMU,9,3095,14201,17296,H699,40.7322,-74.0629,49.8,49.6,53.4
NJTR,202007237,2020-07-03,7:25 AM,Other (describe in narrative),0,JERSEY CITY,NJ,80,2,Day,Clear,Main,Commuter Train - Pushing,19,13928,0,13928,H599,40.741627,-74.066677,80.3,82.1,76
CRSH,131635,2018-11-12,12:44 AM,Derailment,0,JERSEY CITY,NJ,30,4,Dark,Clear,Main,,0,0,2000,94484,E00C,40.729233,-74.051564,39.4,43,46
CRSH,138545,2020-07-15,6:00 PM,Derailment,0,JERSEY CITY,NJ,80,3,Dusk,Clear,Yard,Yard/switching,5,38380,1200,39580,H306,40.677351,-74.077608,78.6,75.1,72.9
PATH,I120118,2018-12-01,1:47 PM,Other impacts,0,JERSEY CITY,NJ,45,2,Day,Clear,Yard,EMU,6,6802,18427,25229,H199,40.7322,-74.0629,39.7,41.3,49.4
CSX,000179805,2018-11-12,12:44 AM,Derailment,0,JERSEY CITY,NJ,30,4,Dark,Clear,Main,Freight Train,7,92484,0,94484,E00C,40.729233,-74.051564,39.4,43,46
PATH,I01112018,2018-01-11,7:59 PM,Other impacts,0,JERSEY CITY,NJ,44,4,Dark,Rain,Yard,Yard/switching,9,321978,0,321978,H222,40.724956,-74.055252,34.7,44.4,55.2
NJTR,201912661,2019-11-29,5:53 AM,Other (describe in narrative),0,JERSEY CITY,NJ,25,4,Dark,Cloudy,Main,Work train,27,12777,0,12777,H599,40.741186,-74.065919,46.4,35.8,36.7
PATH,I020120,2020-02-01,11:19 AM,Other (describe in narrative),0,JERSEY CITY,NJ,42,2,Day,Cloudy,Main,EMU,50,28966,93958,122924,H995,40.724255,-74.055107,37.9,40.4,38.5
PATH,I11272020,2020-11-27,8:54 AM,Other impacts,0,JERSEY CITY,NJ,54,2,Day,Cloudy,Yard,EMU,6,0,26082,26082,H699,40.732221,-74.062876,58.8,55.3,50.1
NS,138186,2020-06-09,9:50 AM,Derailment,0,JERSEY CITY,NJ,77,2,Day,Clear,Yard,Yard/switching,4,13210,0,13210,H303,40.751,-74.066175,70.4,77.4,76.8
NJTR,202007238,2020-07-06,6:24 PM,Other (describe in narrative),0,JERSEY CITY,NJ,89,2,Day,Rain,Main,Commuter Train - Pulling,15,12727,0,12727,H599,40.741123,-74.06575,81.4,80.2,76.1
NS,144522,2022-02-26,9:55 AM,Other (describe in narrative),0,JERSEY CITY,NJ,34,2,Day,Clear,Yard,Freight Train,5,106477,12615,119092,H702,40.750841,-74.066114,33.2,30,37.1
PATH,I111617,2017-11-16,12:52 PM,Obstruction,0,JERSEY CITY,NJ,55,2,Day,Clear,Yard,Yard/switching,6,435,19332,19767,H995,40.7236,-74.0548,43.9,51.2,43.2
CRSH,146675,2022-11-11,5:45 AM,Hwy-rail crossing,0,JERSEY CITY,NJ,60,1,Dawn,Clear,Main,Freight Train,9,0,15245,15245,M302,40.739348,-74.069433,55.9,63.7,67.2
NS,125989,2017-07-27,1:01 AM,Derailment,0,JERSEY CITY,NJ,71,4,Dark,Cloudy,Main,Freight Train,3,16361,0,18861,H702,40.713802,-74.142775,70.4,72.1,77.2