reportingrailroadcode,accidentnumber,date,time,accidenttype,hazmatreleasedcars,station,stateabbr,temperature,visibility_code,visibility,weathercondition,tracktype,equipmenttype,trainspeed,equipmentdamagecost,trackdamagecost,totaldamagecost,primaryaccidentcausecode,latitude,longitude,prior_temp,actual_temp,following_temp
PATH,I04202201,2022-04-23,12:11 AM,Derailment,0,JERSEY CITY,NJ,55,4,Dark,Cloudy,Main,EMU,10,5594,25621,31215,M201,40.731395,-74.062312,60.8,56.4,55.4
PATH,I11202201,2022-11-08,8:25 PM,Other impacts,0,JERSEY CITY,NJ,52,4,Dark,Clear,Yard,Maint./inspect Car,8,5000,0,5000,H017,40.723184,-74.054171,70.7,52.4,47
PATH,I09202101,2021-09-02,9:48 AM,Derailment,0,JERSEY CITY,NJ,70,2,Day,Cloudy,Yard,EMU,8,10674,28109,38783,M103,40.732048,-74.063244,72,68.9,67.5
PATH,I041918,2018-04-19,1:50 PM,Other impacts,0,JERSEY CITY,NJ,0,2,Day,Rain,Yard,Yard/switching,8,0,14211,14211,E69L,40.7236,-74.0548,45.6,44.2,42.9
PATH,I100416,2016-10-04,8:00 PM,Other (describe in narrative),0,JERSEY CITY,NJ,74,4,Dark,Clear,Main,Work train,10,5280,288040,293320,M208,40.72857,-74.077642,65.4,64.8,60.1
NJTR,201502075,2015-02-15,9:22 AM,Derailment,0,JERSEY CITY,NJ,13,2,Day,Clear,Main,Commuter Train - Pulling,5,66684,0,66684,H221,40.743582,-74.067676,24.3,14.9,12.1
NYNJ,032924A,2024-03-29,6:45 AM,Derailment,0,JERSEY CITY,NJ,43,1,Dawn,Clear,Yard,Freight Train,4,0,32280,32280,T319,40.679831,-74.074423,48.5,47.1,49.9
PATH,PATH00280F,2023-09-16,11:00 AM,Derailment,0,JERSEY CITY,NJ,75,2,Day,Clear,Yard,Yard/switching,6,24268,121452,145720,T110,40.7336,-74.064695,63.8,67.6,67.8
CRSH,142928,2021-09-24,12:47 PM,Derailment,0,JERSEY CITY,NJ,70,2,Day,Clear,Industry,Freight Train,4,2092,16732,18824,T110,40.686131,-74.092618,75.5,66,67.1
CRSH,122249,2016-09-29,5:55 AM,Derailment,0,JERSEY CITY,NJ,58,1,Dawn,Cloudy,Main,Freight Train,0,0,117071,131982,T110,40.746338,-74.064699,63.6,61.5,58.3
UP,0220HO014,2020-02-10,4:45 AM,Derailment,0,JERSEY VILLAGE,TX,69,1,Dawn,Cloudy,Industry,Freight Train,4,2124,10678,12802,T110,29.870076,-95.579907,67.1,70.7,52.7
CSX,000175796,2017-11-16,1:41 PM,Fire/violent rupture,0,JESSUP,MD,59,2,Day,Cloudy,Main,Freight Train,0,38065,0,38065,E73L,39.142455,-76.783353,43,49.7,42.7
CSX,000179286,2018-10-12,11:30 AM,Derailment,0,JESSUP,MD,63,2,Day,Clear,Industry,Freight Train,7,13780,544,14324,T299,39.182171,-76.744553,76.1,59.9,52.3
NS,145583,2022-06-18,12:16 PM,Other (describe in narrative),0,JESUP,GA,98,2,Day,Clear,Siding,Freight Train,6,28068,7426,35494,H702,31.596225,-81.864738,83.6,82.4,79.6
CSX,000176234,2018-05-03,7:35 AM,Other (describe in narrative),0,JESUP,GA,68,1,Dawn,Clear,Main,Freight Train,60,4000,11316,15316,M204,31.454382,-81.925245,67.1,67.9,69.8
NS,114963,2015-03-24,2:30 AM,Derailment,0,JESUP,GA,59,4,Dark,Clear,Industry,Freight Train,5,112090,5000,117090,T210,31.617457,-81.889794,61.5,63.4,68.8
UP,0519GC007,2019-05-02,3:34 AM,Obstruction,0,JEWETT,TX,72,4,Dark,Rain,Main,Freight Train,40,15684,33,15717,M105,31.334136,-96.180865,76.2,67.2,67.6
BNSF,RD0320105,2020-03-07,9:12 PM,Derailment,0,JEWETT,TX,42,4,Dark,Clear,Main,Freight Train,38,15158,5000,20158,H703,31.370616,-96.182837,56.3,53,59
UP,0916HO002,2016-09-01,7:19 AM,Hwy-rail crossing,0,JEWETT,TX,79,2,Day,Cloudy,Main,Freight Train,38,32427,250,32677,M304,31.291019,-96.226795,82.5,81.2,78
WE,150013,2015-01-30,10:20 AM,Rear end collision,0,JEWETT,OH,25,2,Day,Snow,Main,Freight Train,0,30000,0,307126,H607,40.349337,-80.964623,31.1,21.3,16.8
WE,150013,2015-01-30,10:20 AM,Rear end collision,0,JEWETT,OH,25,2,Day,Snow,Main,Freight Train,16,268847,8279,307126,H607,40.349337,-80.964623,31.1,21.3,16.8
PW,PWR071419A,2019-06-05,9:45 PM,Obstruction,0,JEWETT CITY,CT,68,2,Day,Clear,Main,Freight Train,35,26000,0,26000,M199,41.58066,-71.992361,57.9,67.1,70.8
PW,PWR100822D,2022-05-31,2:15 PM,Derailment,0,JEWETT CITY,CT,90,2,Day,Clear,Main,Freight Train,39,35000,5527,40527,T109,41.604139,-71.985097,68.5,73.2,59.5
UP,0218LV015,2018-02-11,5:50 AM,Derailment,0,JOAQUIN,TX,41,4,Dark,Rain,Main,Freight Train,5,14123,15480,29603,H701,31.958654,-94.166758,58.3,33.8,35.1
UP,0521GC011,2021-05-07,3:11 PM,Derailment,0,JOAQUIN,TX,81,2,Day,Clear,Main,Freight Train,0,0,340750,1288802,T109,31.965072,-94.034651,67,67.9,71.9
BNSF,TC0519105,2019-05-12,2:00 PM,Derailment,0,JOHNSON,MN,57,2,Day,Clear,Main,Freight Train,10,74526,175000,249526,T001,45.574362,-96.29968,51.9,51,56.6
BNSF,TC0415102,2015-04-02,8:57 PM,Derailment,0,JOHNSON,MN,40,3,Dusk,Clear,Main,Freight Train,10,85350,41000,126350,T001,45.574695,-96.27271,56.4,45.1,29.8
BEAR,BER693124D,2024-02-07,9:15 PM,Derailment,0,JOHNSONVILLE,NY,35,4,Dark,Cloudy,Main,Freight Train,25,606786,0,606786,M505,43.903301,-73.560067,26.3,30.1,35.5
NS,115650,2015-05-14,9:45 AM,Hwy-rail crossing,0,JOHNSTON,SC,78,2,Day,Clear,Main,Freight Train,44,75416,109493,184909,M303,33.832099,-81.800585,73.1,68.7,71.8
IC,1087042,2021-10-31,10:20 AM,Derailment,0,JOHNSTON CITY,IL,55,2,Day,Clear,Industry,Freight Train,8,60012,17000,77012,M202,37.858178,-88.732391,52.2,49,43.8
IC,911530,2017-01-20,4:25 AM,Derailment,0,JOHNSTON CITY,IL,52,4,Dark,Rain,Main,Freight Train,12,70000,242542,312542,H599,37.852174,-88.731139,47.9,55.3,57.6
IC,892774,2016-06-26,2:10 AM,Derailment,0,JOHNSTON CITY,IL,71,4,Dark,Cloudy,Industry,Freight Train,2,85948,20000,105948,T102,37.842067,-88.830412,81.7,83.3,79.6
CSX,000202828,2022-02-01,10:00 AM,Obstruction,0,JOHNSTOWN,PA,15,2,Day,Clear,Main,Freight Train,8,28052,96,28148,M199,40.279616,-78.919719,18.6,24.3,32.6
GWR,GWR233294,2023-04-03,2:17 PM,Derailment,0,JOHNSTOWN,CO,50,2,Day,Cloudy,Industry,Yard/switching,4,18488,1252,19740,T110,40.334375,-104.89828,56.9,42.5,27.4
BNSF,HL0824206,2024-08-30,2:36 PM,Hwy-rail crossing,0,JOINER,AR,89,2,Day,Clear,Main,Freight Train,45,30000,5291,35291,M308,35.507705,-90.149248,82.5,79,79.1
WC,942222X,2017-11-18,7:24 AM,Side collision,0,JOLIET,IL,41,1,Dawn,Rain,Yard,Cut of cars,0,19000,135,22635,H307,41.54033,-88.060288,39.4,41.9,31.8
BNSF,CH0219107,2019-02-08,7:18 PM,Derailment,1,JOLIET,IL,10,3,Dusk,Clear,Yard,Yard/switching,6,77968,191000,268968,E46C,41.546215,-88.079567,31.7,10.2,16.2
TSWS,912201802C,2018-12-23,3:45 PM,Derailment,0,JOLIET,IL,35,2,Day,Clear,Yard,Yard/switching,5,50000,0,50000,H505,41.481651,-88.101177,32.5,34.2,28.9
TSWS,9122018001,2018-06-06,3:45 PM,Derailment,0,JOLIET,IL,90,2,Day,Clear,Yard,Yard/switching,14,90000,0,90000,H601,41.47616,-88.105001,66.6,67.1,74.1
BNSF,CH0724110,2024-07-21,5:15 AM,Derailment,0,JOLIET,IL,67,1,Dawn,Clear,Yard,Freight Train,7,13153,52608,65761,H509,41.541729,-88.081416,70.4,72.8,72.9
TSWS,05192024,2024-05-19,12:05 AM,Other impacts,0,JOLIET,IL,70,4,Dark,Clear,Yard,Freight Train,8,75000,10000,187879,H301,41.480853,-88.102033,72.6,71.5,74.6
WC,1150877,2024-05-31,10:32 AM,Hwy-rail crossing,0,JOLIET,IL,75,2,Day,Clear,Main,Freight Train,10,276,26000,26276,M308,41.491439,-88.022881,60,66.7,65
WC,1702117,2024-08-28,1:58 PM,Derailment,0,JOLIET,IL,83,2,Day,Cloudy,Yard,Freight Train,4,134000,10131,144131,H505,41.554453,-88.078755,84.5,76.5,77.5
TSWS,9122020001,2020-06-13,9:30 AM,Derailment,0,JOLIET,IL,60,2,Day,Clear,Yard,Yard/switching,10,102500,56765,159265,H702,41.440224,-88.128832,70.2,61.1,62.9
BNSF,CH0523111,2023-05-15,9:09 AM,Other (describe in narrative),0,JOLIET,IL,70,2,Day,Clear,Yard,Yard/switching,5,22934,0,22934,H318,41.544052,-88.08056,59.7,61,63.9
UP,1220PR024,2020-12-20,8:14 PM,Other (describe in narrative),0,JOLIET,IL,33,4,Dark,Cloudy,Main,Freight Train,25,0,0,47898,E69L,41.604465,-88.052181,39.2,35.6,38.9
WC,835171,2014-12-13,9:37 AM,Rear end collision,0,JOLIET,IL,38,2,Day,Clear,Main,Freight Train,0,433503,13619,597122,H222,41.54203,-88.06025,29.8,41.6,46.5
UP,1121PR018,2021-11-27,7:30 PM,Derailment,0,JOLIET,IL,41,3,Dusk,Cloudy,Yard,Freight Train,5,38529,4850,43379,H704,41.459519,-88.112756,24.8,35.6,31.9
WC,864340,2015-09-01,7:13 PM,Other impacts,0,JOLIET,IL,72,3,Dusk,Clear,Yard,Yard/switching,3,35840,75,35915,H310,41.531992,-88.059021,73.1,78.2,78.4
NIRC,2020071964,2020-09-09,8:08 PM,Derailment,0,JOLIET,IL,63,4,Dark,Clear,Yard,Yard/switching,11,14000,0,14000,H602,41.525074,-88.071998,63.1,63.2,62
UP,0618PR012,2018-06-06,3:45 PM,Other impacts,0,JOLIET,IL,65,2,Day,Clear,Yard,Cut of cars,0,0,0,109139,H601,41.479806,-88.102279,66.6,67.1,74.1
UP,0618PR012,2018-06-06,3:45 PM,Other impacts,0,JOLIET,IL,65,2,Day,Clear,Yard,Yard/switching,14,109040,99,109139,H601,41.479806,-88.102279,66.6,67.1,74.1
UP,0216PR017,2016-02-19,10:45 AM,Hwy-rail crossing,0,JOLIET,IL,61,2,Day,Clear,Main,,0,0,0,61000,M308,41.480524,-88.090083,34.7,51.2,48.4
UP,1219PR005,2019-12-13,7:50 AM,Derailment,0,JOLIET,IL,35,2,Day,Cloudy,Main,Freight Train,9,8522,79387,87909,E67C,41.529094,-88.078933,33.6,37.1,30.4
TSWS,9122021003,2021-04-16,8:45 PM,Derailment,0,JOLIET,IL,47,4,Dark,Cloudy,Yard,Freight Train,10,350000,16000,366000,H306,41.44586,-88.13505,46.4,46.7,46.1
UP,0524PR015,2024-05-19,12:05 AM,Other impacts,0,JOLIET,IL,65,4,Dark,Clear,Yard,Freight Train,5,57879,45000,187879,H301,41.47766,-88.104045,72.6,71.5,74.6
GTW,942222,2017-11-18,7:24 AM,Side collision,0,JOLIET,IL,41,1,Dawn,Rain,Yard,Light loco(s),5,3500,0,22635,H307,41.54033,-88.060288,39.4,41.9,31.8
IC,927058,2017-06-24,1:00 AM,Derailment,0,JOLIET,IL,60,4,Dark,Clear,Yard,Freight Train,2,38229,15486,53715,H704,41.540869,-88.060065,74.8,67.6,64
UP,1216PR012,2016-12-13,1:40 AM,Derailment,0,JOLIET,IL,10,4,Dark,Cloudy,Yard,Light loco(s),9,36889,0,61267,H607,41.480598,-88.09005,19.7,14.1,10.4
TSWS,911166002,2016-12-13,1:30 AM,Side collision,0,JOLIET,IL,19,4,Dark,Clear,Yard,Light loco(s),3,15000,10000,35000,H399,41.481307,-88.097788,19.7,14.1,10.4
UP,1216PR012,2016-12-13,1:40 AM,Derailment,0,JOLIET,IL,10,4,Dark,Cloudy,Yard,Cut of cars,5,24378,0,61267,H607,41.480598,-88.09005,19.7,14.1,10.4
TSWS,71920232,2023-07-19,6:30 PM,Derailment,0,JOLIET,IL,70,2,Day,Clear,Yard,Freight Train,5,30000,0,30000,H601,41.477552,-88.103756,69.8,71.6,77
IC,924671,2017-06-02,11:30 PM,Derailment,0,JOLIET,IL,73,4,Dark,Clear,Industry,Freight Train,8,52500,11955,64455,H704,41.441955,-88.160546,65.8,70.3,74.4
TSWS,911166002,2016-12-13,1:30 AM,Side collision,0,JOLIET,IL,19,4,Dark,Clear,Yard,Yard/switching,8,10000,0,35000,H399,41.481307,-88.097788,19.7,14.1,10.4
WC,992648,2019-03-27,11:00 PM,Other impacts,0,JOLIET,IL,41,4,Dark,Rain,Yard,Yard/switching,1,30000,0,30000,E27C,41.540698,-88.076474,37,44,54.1
IMSA,80015S002,2015-10-20,5:05 AM,Derailment,0,JOLIET,IL,57,4,Dark,Clear,Yard,Freight Train,7,20000,28070,48070,H704,41.481091,-88.097137,58.9,64.5,65.4
IMSA,80015S001,2015-05-05,11:25 AM,RR grade crossing,0,JOLIET,IL,60,2,Day,Clear,Yard,Yard/switching,7,5000,8000,13000,M402,41.504975,-88.084589,66.4,57.7,66.2
NIRC,2019071782,2019-12-07,5:15 PM,Fire/violent rupture,0,JOLIET,IL,40,3,Dusk,Clear,Yard,Light loco(s),0,500000,0,500000,E74L,41.52941,-88.06969,34.7,31.4,41.2
UP,1015PR023,2015-10-21,5:28 AM,Derailment,0,JOLIET,IL,56,4,Dark,Clear,Yard,Freight Train,4,83088,100,83188,M501,41.531709,-88.078787,64.5,65.4,58.6
ATK,141217,2016-02-19,10:45 AM,Hwy-rail crossing,0,JOLIET,IL,61,2,Day,Clear,Main,Passenger Train - Pulling,64,61000,0,61000,M308,41.480524,-88.090083,34.7,51.2,48.4
BNSF,CH0322111,2022-03-17,10:30 AM,Derailment,0,JOLIET,IL,66,2,Day,Clear,Yard,Yard/switching,8,45792,2000,170461,T202,41.544862,-88.080349,52.1,54.8,44.6
BNSF,CH0322111,2022-03-17,10:30 AM,Derailment,0,JOLIET,IL,66,2,Day,Clear,Yard,Cut of cars,0,122669,0,170461,T202,41.544862,-88.080349,52.1,54.8,44.6
WC,1054704,2020-11-18,7:00 AM,Derailment,0,JOLIET,IL,33,4,Dark,Clear,Yard,Yard/switching,7,15684,1030,16714,T113,41.53644,-88.058509,36.3,41.6,56
UP,0222PR013,2022-02-15,6:45 AM,Derailment,0,JOLIET,IL,22,1,Dawn,Cloudy,Yard,Freight Train,5,13297,0,13297,T319,41.482163,-88.089719,21.1,30.7,49.4
NS,135813,2019-10-12,11:30 AM,Derailment,1,JONES,AL,70,2,Day,Cloudy,Industry,Freight Train,2,34100,0,86100,T314,32.467982,-86.895173,74.1,67.4,64.1
NS,135813,2019-10-12,11:30 AM,Derailment,0,JONES,AL,70,2,Day,Cloudy,Industry,Cut of cars,0,52000,0,86100,T314,32.467982,-86.895173,74.1,67.4,64.1
AKMD,AKM706215D,2015-03-06,12:39 PM,Derailment,0,JONES MILL,AR,43,2,Day,Clear,Main,Freight Train,11,16601,20000,36601,T110,34.461297,-92.916538,40.8,29.9,36.1
BNSF,HL0717104,2017-07-10,4:00 PM,Derailment,0,JONESBORO,AR,90,2,Day,Clear,Industry,Yard/switching,2,29007,0,70063,H306,35.808932,-90.636681,81.3,80.9,81.8
UP,1219MA018,2019-12-11,1:32 PM,Hwy-rail crossing,0,JONESBORO,AR,47,2,Day,Clear,Main,Freight Train,43,0,94569,94569,M302,35.873588,-90.602891,35.5,36.6,39.4
UP,0320MA039,2020-03-28,5:02 PM,Derailment,1,JONESBORO,AR,73,2,Day,Rain,Main,Freight Train,0,2303296,4182,2307478,M102,35.83669,-90.650537,72.5,70.9,61.3
UP,0922MA006,2022-09-06,3:00 AM,Derailment,0,JONESBORO,AR,80,4,Dark,Clear,Main,Cut of cars,0,49593,0,998596,E61C,35.840331,-90.690658,77,78.1,78
BNSF,HL0324112,2024-03-25,10:00 AM,Other (describe in narrative),0,JONESBORO,AR,65,2,Day,Clear,Industry,Yard/switching,5,78009,1500,79509,H302,35.810421,-90.607542,51.5,61.5,48.9
BNSF,HL1021116,2021-10-21,10:25 AM,Derailment,0,JONESBORO,AR,75,2,Day,Clear,Industry,Freight Train,3,18879,0,18879,H303,35.806296,-90.553321,63.3,65.7,57.3
UP,0922MA006,2022-09-06,3:00 AM,Derailment,0,JONESBORO,AR,80,4,Dark,Clear,Main,Freight Train,34,193083,755920,998596,E61C,35.840331,-90.690658,77,78.1,78
BNSF,HL0717104,2017-07-10,4:00 PM,Derailment,0,JONESBORO,AR,90,2,Day,Clear,Industry,Cut of cars,0,41056,0,70063,H306,35.808932,-90.636681,81.3,80.9,81.8
UP,0315LK008,2015-03-09,11:22 AM,Hwy-rail crossing,0,JONESBORO,AR,40,2,Day,Fog,Main,Freight Train,35,20827,600,21427,M302,35.70558,-90.84959,37.6,39.5,49.1
BNSF,HL0419112,2019-04-16,3:30 AM,Derailment,0,JONESBORO,AR,62,4,Dark,Clear,Main,Freight Train,40,3000,182000,185000,E61C,35.794154,-90.621323,55.5,64,65.7
BNSF,SF0816113,2016-08-24,7:05 PM,Derailment,0,JONESBORO,AR,80,2,Day,Clear,Yard,Yard/switching,4,4500,23500,28000,H307,35.843425,-90.705397,77,82.1,82.5
UP,1115LK009,2015-11-12,2:05 PM,Derailment,0,JONESBORO,AR,60,2,Day,Clear,Industry,Light loco(s),6,500,10560,11060,T110,35.842495,-90.724698,60.3,53.5,49
NS,154086,2023-08-30,9:50 PM,Obstruction,0,JONESBOROUGH,TN,80,4,Dark,Clear,Main,Freight Train,38,16432,0,16432,M404,36.276273,-82.499459,74.3,73.1,67.9
KCS,15080803,2015-08-08,11:20 AM,Hwy-rail crossing,0,JOPLIN,MO,90,2,Day,Clear,Main,Freight Train,40,30587,19726,50313,M303,37.17505,-94.54331,84.3,83.8,87.5
MNA,821418D,2018-10-15,1:45 AM,Derailment,0,JOPLIN,MO,37,4,Dark,Cloudy,Industry,Freight Train,7,127000,41000,168000,T220,37.080406,-94.506155,52,40.1,44.7
ATK,168437,2021-09-25,3:47 PM,Derailment,0,JOPLIN,MT,78,2,Day,Clear,Main,Passenger Train - Pulling,78,21947116,0,22019251,T109,48.557704,-110.81223,57.4,64.3,65.7
MNA,MNA370519,2019-02-28,11:45 PM,Derailment,0,JOPLIN,MO,25,4,Dark,Cloudy,Yard,Freight Train,7,2887,21600,24487,T110,37.071978,-94.536189,31.5,23.8,30.9
BNSF,HL0124110,2024-01-12,8:37 PM,Derailment,0,JOPLIN,MO,28,3,Dusk,Snow,Industry,Freight Train,4,12000,4500,16500,T111,37.093519,-94.610421,43.7,24.6,10.5
BNSF,MT0921104,2021-09-25,3:47 PM,Derailment,0,JOPLIN,MT,78,2,Day,Clear,Main,Freight Train,0,0,72135,22019251,T109,48.557704,-110.81223,57.4,64.3,65.7
BNSF,SW0116103,2016-01-20,6:35 PM,Derailment,0,JOSEPH CITY,AZ,48,3,Dusk,Clear,Industry,Freight Train,0,75519,6500,82019,H607,34.936309,-110.303226,38.7,40.8,32.2
ATK,178554,2024-02-23,1:34 PM,Hwy-rail crossing,0,JOSHUA,TX,68,2,Day,Clear,Main,Passenger Train - Pulling,76,36061,0,56061,M308,32.43587,-97.388671,68,60,60.2
BNSF,RD0224205,2024-02-23,1:34 PM,Hwy-rail crossing,0,JOSHUA,TX,68,2,Day,Clear,Main,,0,0,20000,56061,M308,32.43587,-97.388671,68,60,60.2
BNSF,RD0219125,2019-02-25,6:33 AM,Derailment,0,JOSHUA,TX,45,1,Dawn,Cloudy,Main,Freight Train,36,6000,60000,66000,T106,32.461956,-97.38968,46.5,50.3,55.5
UP,1118LK013,2018-11-07,9:00 AM,Fire/violent rupture,0,JUDSONIA,AR,51,2,Day,Cloudy,Siding,Light loco(s),0,26222,0,26222,E74L,35.290019,-91.597776,57.2,54.2,50.1
NS,157363,2024-07-13,10:39 PM,Hwy-rail crossing,0,JULIETTE,GA,85,4,Dark,Clear,Main,Freight Train,34,13397,17000,30397,M308,33.155059,-83.828513,82.7,83.9,85.4
CSX,000157921,2016-03-09,12:24 PM,Obstruction,0,JUNCTION CITY,GA,72,2,Day,Clear,Industry,Light loco(s),3,23175,0,23175,H017,32.625758,-84.473877,64.5,67.5,70.5
CSX,000159696,2016-05-11,4:29 PM,Other impacts,0,JUNCTION CITY,GA,88,3,Dusk,Clear,Industry,Work train,4,6000,0,14493,H702,32.599054,-84.454598,73.5,76.4,78.6
CSX,000159696,2016-05-11,4:29 PM,Other impacts,0,JUNCTION CITY,GA,88,3,Dusk,Clear,Industry,Freight Train,4,8493,0,14493,H702,32.599054,-84.454598,73.5,76.4,78.6
CSX,000204890,2022-05-11,5:15 PM,Derailment,0,JUNCTION CITY,GA,76,2,Day,Clear,Industry,Freight Train,9,106260,2669,108929,E46C,32.59906,-84.454599,66.7,69.7,73
CSX,000205443,2022-06-07,6:00 PM,Derailment,0,JUNCTION CITY,GA,90,3,Dusk,Cloudy,Industry,Yard/switching,10,118650,13938,132588,M506,32.635517,-84.492797,76,77.7,76.9
UP,0324PN002,2024-03-03,7:55 AM,Hwy-rail crossing,0,JUNCTION CITY,OR,35,2,Day,Rain,Main,,0,0,0,27929,M308,44.149382,-123.183091,37.7,37.1,38.2
ATK,178679,2024-03-03,7:55 AM,Hwy-rail crossing,0,JUNCTION CITY,OR,34,2,Day,Cloudy,Main,Passenger Train - Pulling,60,27929,0,27929,M308,44.149537,-123.183157,37.7,37.1,38.2
CSX,000139275,2014-12-23,7:00 AM,Derailment,0,JUNCTION CITY,GA,53,1,Dawn,Rain,Main,Freight Train,10,32679,12050,44729,M501,32.64587,-84.504597,49,54.8,58.4
CSX,000183025,2019-05-17,11:46 AM,Other impacts,0,JUNCTION CITY,GA,86,2,Day,Clear,Main,Freight Train,25,6962,0,25004,M501,32.624247,-84.473986,71.9,74.7,77.1
CSX,000183025,2019-05-17,11:46 AM,Other impacts,0,JUNCTION CITY,GA,86,2,Day,Clear,Main,Cut of cars,5,16657,1385,25004,M501,32.624247,-84.473986,71.9,74.7,77.1
CSX,000182298,2019-04-10,4:30 PM,Derailment,0,JUNCTION CITY,GA,82,2,Day,Clear,Industry,Freight Train,7,149318,725,150043,T205,32.624247,-84.473986,68,69.9,71.1
NS,157221,2024-06-30,8:15 AM,Derailment,0,JUSTICE,WV,85,2,Day,Clear,Yard,Freight Train,8,2950,15758,18708,M204,37.593521,-81.847723,78.2,74.5,65.8
NS,152813,2023-04-11,5:26 PM,Other impacts,0,JUSTICE,WV,50,3,Dusk,Clear,Main,Spec. MoW Equip.,10,12449,0,13000,H606,37.593808,-81.723095,50.5,55,59.3
NS,152813,2023-04-11,5:26 PM,Other impacts,0,JUSTICE,WV,50,3,Dusk,Clear,Main,Spec. MoW Equip.,10,551,0,13000,H606,37.593808,-81.723095,50.5,55,59.3
NS,151625,2022-12-02,3:35 AM,Derailment,0,JUSTICE,WV,22,4,Dark,Clear,Main,Freight Train,24,749891,90000,1716300,T207,37.581509,-81.809925,29.2,42.8,48.3
NS,151625,2022-12-02,3:35 AM,Derailment,0,JUSTICE,WV,22,4,Dark,Clear,Main,Freight Train,24,749891,126518,1716300,T207,37.581509,-81.809925,29.2,42.8,48.3
BNSF,TX0915104,2015-09-21,5:30 AM,Side collision,0,JUSTIN,TX,70,4,Dark,Cloudy,Yard,Light loco(s),7,45000,6000,96000,H607,33.008322,-97.353691,75.4,78,81.3
BNSF,RD0423112,2023-04-18,6:15 AM,Other (describe in narrative),0,JUSTIN,TX,52,1,Dawn,Clear,Yard,Yard/switching,6,2019,21000,23019,H318,32.996393,-97.354893,63.9,67.7,74.7
BNSF,RD0821124,2021-08-27,11:51 PM,Other (describe in narrative),0,JUSTIN,TX,89,4,Dark,Clear,Yard,Light loco(s),10,0,20000,20000,H607,33.020248,-97.353353,86.8,84.5,84.4
BNSF,RD0618121,2018-06-27,10:48 AM,Side collision,0,JUSTIN,TX,92,2,Day,Clear,Yard,Yard/switching,4,39205,375000,482768,H318,33.006117,-97.354785,88.2,90,89.7
BNSF,RD0618121,2018-06-27,10:48 AM,Side collision,0,JUSTIN,TX,92,2,Day,Clear,Yard,Yard/switching,6,68563,0,482768,H318,33.006117,-97.354785,88.2,90,89.7
BNSF,RD0621101,2021-06-02,12:55 AM,Other impacts,0,JUSTIN,TX,75,4,Dark,Clear,Yard,Freight Train,10,10000,24500,34500,H022,33.018315,-97.353206,66.3,69.3,72.9
BNSF,RD0719132,2019-07-30,4:40 PM,Derailment,0,JUSTIN,TX,101,2,Day,Clear,Yard,Light loco(s),3,11600,0,11600,H211,32.996143,-97.354333,85.7,88.1,87.5
BNSF,RD0919127,2019-09-26,2:24 AM,Side collision,0,JUSTIN,TX,79,4,Dark,Clear,Yard,Yard/switching,13,15987,0,15987,H318,33.007744,-97.354592,86.8,85.5,85.2
BNSF,RD0919127,2019-09-26,2:24 AM,Side collision,0,JUSTIN,TX,79,4,Dark,Clear,Yard,Yard/switching,7,0,0,15987,H318,33.007744,-97.354592,86.8,85.5,85.2
BNSF,TX0216200,2016-02-05,12:35 PM,Hwy-rail crossing,0,JUSTIN,TX,50,2,Day,Clear,Main,Freight Train,52,20357,0,20357,M302,33.112652,-97.291431,38.8,45,43.2
BNSF,RD0719125,2019-07-27,5:10 PM,Derailment,0,JUSTIN,TX,95,3,Dusk,Clear,Yard,Freight Train,4,8206,3000,11206,T102,32.999475,-97.35414,79.4,81.8,86.3
BNSF,RD0419120,2019-04-15,8:45 PM,Derailment,0,JUSTIN,TX,63,3,Dusk,Clear,Yard,Yard/switching,9,8568,4000,12568,T102,33.000465,-97.35441,54.1,64.6,68.5
UP,0117PD011,2017-01-10,5:15 PM,Derailment,0,KAHLOTUS,WA,20,2,Day,Clear,Main,Freight Train,29,872581,312732,1185313,T210,46.641485,-118.229333,27.1,24.8,17.6
BNSF,CH0618105,2018-06-08,1:36 PM,Derailment,0,KAHOKA,MO,90,2,Day,Clear,Main,Freight Train,60,571624,850000,1427724,E53C,40.429374,-91.787575,78.1,76.5,77.1
BNSF,CH0918111,2018-09-12,12:15 PM,Derailment,0,KAHOKA,MO,85,2,Day,Clear,Main,Freight Train,14,133416,450000,583416,E53C,40.446662,-91.76107,67.1,70.4,71.3
BNSF,CH0618105,2018-06-08,1:36 PM,Derailment,0,KAHOKA,MO,90,2,Day,Clear,Main,Cut of cars,0,6100,0,1427724,E53C,40.429374,-91.787575,78.1,76.5,77.1
BNSF,NW0619109,2019-06-18,9:56 PM,Other (describe in narrative),0,KALAMA,WA,60,4,Dark,Clear,Main,Freight Train,3,0,24000,24000,H705,46.031513,-122.857158,63.7,61.8,58.3
BNSF,NW0623107,2023-06-10,4:43 PM,Other impacts,0,KALAMA,WA,70,2,Day,Clear,Industry,Freight Train,4,24000,0,24000,H307,46.032384,-122.858273,56.7,59.1,64.4
BNSF,NW1022119,2022-10-31,9:10 PM,Derailment,0,KALAMA,WA,56,4,Dark,Clear,Industry,Light loco(s),4,11900,0,11900,H307,46.019422,-122.852739,53.1,53.1,46.6