reportingrailroadcode,accidentnumber,date,time,accidenttype,hazmatreleasedcars,station,stateabbr,temperature,visibility_code,visibility,weathercondition,tracktype,equipmenttype,trainspeed,equipmentdamagecost,trackdamagecost,totaldamagecost,primaryaccidentcausecode,latitude,longitude,prior_temp,actual_temp,following_temp
BNSF,NW1223120,2023-12-28,6:37 AM,Derailment,0,KALAMA,WA,40,1,Dawn,Rain,Yard,,0,0,19063,23594,H307,46.012081,-122.84849,47.6,46.3,48.1
UP,1223PN028,2023-12-28,6:37 AM,Derailment,0,KALAMA,WA,45,1,Dawn,Rain,Siding,Light loco(s),3,4531,0,23594,H307,46.012081,-122.84849,47.6,46.3,48.1
BNSF,NW0222102,2022-02-05,3:50 AM,Derailment,0,KALAMA,WA,38,4,Dark,Fog,Industry,Freight Train,4,34933,35000,69933,H307,45.994806,-122.84154,40,43.6,39.6
BNSF,NW0524105,2024-05-11,4:40 AM,Other (describe in narrative),0,KALAMA,WA,50,1,Dawn,Clear,Yard,Freight Train,3,0,40851,40851,H705,46.03405,-122.858356,69.1,67.8,61.9
BNSF,NW0824118,2024-08-24,2:00 AM,Other (describe in narrative),0,KALAMA,WA,63,4,Dark,Clear,Industry,Freight Train,5,10800,10162,20962,H607,45.994604,-122.840902,59.8,58.9,64.6
BNSF,NW0915120,2015-09-21,4:49 PM,Fire/violent rupture,0,KALAMA,WA,70,2,Day,Clear,Yard,,0,0,0,13066,E74L,45.994795,-122.841028,64.7,61,56.4
BNSF,NW0824111,2024-08-13,2:30 PM,Derailment,0,KALAMA,WA,74,2,Day,Cloudy,Main,,0,0,139017,139017,E53C,45.978694,-122.825564,62.4,64.4,67.4
BNSF,NW0317102,2017-03-05,3:08 PM,Other (describe in narrative),0,KALAMA,WA,40,2,Day,Rain,Yard,,0,0,17551,17551,H306,46.002804,-122.844815,40.2,39.2,37.9
UP,0915PD010,2015-09-21,4:49 PM,Fire/violent rupture,0,KALAMA,WA,62,2,Day,Clear,Yard,Yard/switching,2,13066,0,13066,E74L,45.994795,-122.841028,64.7,61,56.4
BNSF,NW0617103,2017-06-02,1:18 AM,Derailment,0,KALAMA,WA,55,4,Dark,Cloudy,Yard,Freight Train,5,58893,0,58893,H307,46.015653,-122.850092,60.9,62.2,59.3
UP,0824PN015,2024-08-13,4:17 PM,Derailment,0,KALAMA,WA,70,2,Day,Cloudy,Main,Freight Train,10,6400,0,6400,E53C,45.975947,-122.823571,62.4,64.4,67.4
BNSF,NW0516104,2016-05-09,10:58 PM,Raking collision,0,KALAMA,WA,68,4,Dark,Clear,Yard,Freight Train,6,4119,0,15247,H307,46.019668,-122.853855,55.3,57.4,61.5
UP,0317PD011,2017-03-05,3:08 PM,Other (describe in narrative),0,KALAMA,WA,38,2,Day,Cloudy,Industry,Freight Train,9,0,0,17551,H306,46.002804,-122.844815,40.2,39.2,37.9
BNSF,NW0516104,2016-05-09,10:58 PM,Raking collision,0,KALAMA,WA,68,4,Dark,Clear,Yard,Single Car,0,11128,0,15247,H307,46.019668,-122.853855,55.3,57.4,61.5
GTW,1108173,2022-04-11,3:40 PM,Other impacts,0,KALAMAZOO,MI,45,2,Day,Clear,Industry,,0,0,0,170500,H021,42.272279,-85.548652,44.5,56.1,54
GDLK,180703004,2018-07-03,6:30 AM,Derailment,0,KALAMAZOO,MI,75,1,Dawn,Clear,Main,Freight Train,3,8000,3000,11000,H503,42.174368,-85.34401,77.5,78.1,82.8
GDLK,220411006,2022-04-11,3:40 PM,Other impacts,0,KALAMAZOO,MI,45,2,Day,Clear,Main,Single Car,5,50000,0,170500,H021,42.272279,-85.548652,44.5,56.1,54
GDLK,220411006,2022-04-11,3:40 PM,Other impacts,0,KALAMAZOO,MI,45,2,Day,Clear,Industry,Yard/switching,5,120500,0,170500,H021,42.272279,-85.548652,44.5,56.1,54
ATK,157789,2019-02-24,9:55 PM,Hwy-rail crossing,0,KALAMAZOO,MI,16,4,Dark,Clear,Main,Passenger Train - Pulling,77,28042,6928,34970,M308,42.277913,-85.658016,36,35.4,18.3
GDLK,D714115,2015-12-04,2:40 AM,Derailment,0,KALAMAZOO,MI,30,4,Dark,Clear,Yard,,0,0,41500,65500,M405,42.294296,-85.564625,37.2,38.4,32.8
GDLK,191010005,2019-10-10,12:30 AM,Other impacts,0,KALAMAZOO,MI,45,4,Dark,Clear,Yard,Yard/switching,4,19000,0,19000,H020,42.291595,-85.559633,56.3,62.4,60.3
NS,118506,2015-12-04,2:30 AM,Derailment,0,KALAMAZOO,MI,39,4,Dark,Cloudy,Main,Freight Train,4,24000,0,65500,T110,42.294296,-85.564625,37.2,38.4,32.8
IC,951727,2018-03-03,5:45 AM,Other impacts,0,KANKAKEE,IL,29,1,Dawn,Clear,Yard,Yard/switching,8,42650,1230,43880,H306,41.061629,-87.886311,36.3,37.6,38.1
IC,938223,2017-10-07,3:55 AM,Hwy-rail crossing,0,KANKAKEE,IL,66,4,Dark,Clear,Siding,Freight Train,0,13000,231,13231,M308,41.054254,-87.906206,68.3,68.6,63.5
UP,0117ES008,2017-01-14,11:27 AM,Obstruction,0,KANOPOLIS,KS,32,2,Day,Cloudy,Main,Spec. MoW Equip.,5,13651,0,13651,M404,38.727642,-98.125568,22.3,29.3,30
UP,1118KC035,2018-11-23,9:45 PM,Fire/violent rupture,0,KANSAS CITY,MO,46,4,Dark,Clear,Main,Freight Train,15,19978,0,19978,E74L,39.08858,-94.56903,51.6,49.9,49.5
BNSF,KS0122111,2022-01-15,3:01 AM,Derailment,0,KANSAS CITY,KS,20,4,Dark,Snow,Yard,Yard/switching,5,300,15935,16235,H704,39.085529,-94.679508,39.1,25.4,24.8
UP,0118KC038,2018-01-29,5:42 PM,Derailment,0,KANSAS CITY,MO,28,2,Day,Clear,Yard,Single Car,8,100,0,14210,S016,39.121935,-94.504038,33.9,23.7,38.1
UP,1019HL007,2019-10-05,9:58 AM,Hwy-rail crossing,0,KANSAS CITY,KS,62,2,Day,Rain,Main,Freight Train,42,16514,250,16764,M302,39.078981,-94.748562,56,64.1,55.3
KAW,220528001,2022-05-28,12:15 AM,Obstruction,0,KANSAS CITY,MO,80,4,Dark,Clear,Industry,Cut of cars,0,27500,20000,869635,H499,39.09384,-94.54024,64.4,74.5,79.1
UP,0416KC001,2016-04-04,3:39 AM,Derailment,0,KANSAS CITY,MO,50,4,Dark,Clear,Yard,Freight Train,0,26455,0,71008,H306,39.124893,-94.517969,64.7,60.9,60.3
UP,0121HL011,2021-01-18,7:55 AM,Other impacts,0,KANSAS CITY,KS,30,1,Dawn,Cloudy,Yard,Yard/switching,3,24241,0,25964,H318,39.094747,-94.65324,32.4,32.9,36.3
UP,0319HL002,2019-03-02,4:15 AM,Raking collision,0,KANSAS CITY,KS,27,1,Dawn,Cloudy,Yard,Freight Train,5,13723,300,14023,H996,39.090992,-94.630771,31,27.8,13.1
BNSF,KS0220106,2020-02-14,6:51 AM,Other (describe in narrative),0,KANSAS CITY,KS,5,1,Dawn,Clear,Yard,Yard/switching,2,45824,42188,88012,M199,39.086208,-94.694356,10.2,17.3,35.9
BNSF,KS0221107,2021-02-20,2:40 PM,Derailment,0,KANSAS CITY,KS,38,2,Day,Clear,Yard,Yard/switching,8,9049,2500,11549,H312,39.083146,-94.680318,21.8,31,37.9
UP,0622HL009,2022-06-09,9:35 PM,Derailment,0,KANSAS CITY,KS,75,4,Dark,Cloudy,Yard,Freight Train,3,13567,2640,16207,H701,39.090065,-94.616485,71.5,71.8,75.1
UP,0220HL005,2020-02-05,5:30 AM,Other impacts,0,KANSAS CITY,KS,29,1,Dawn,Cloudy,Yard,Light loco(s),2,100,1060,30655,H308,39.09576,-94.65681,33,28.2,29.1
BNSF,KS0920102,2020-09-06,10:57 AM,Derailment,0,KANSAS CITY,KS,85,2,Day,Clear,Yard,Yard/switching,4,53101,0,53101,S016,39.085764,-94.691032,79.3,83.6,81
BNSF,KS0816103,2016-08-15,8:25 AM,Side collision,0,KANSAS CITY,KS,81,1,Dawn,Cloudy,Yard,Yard/switching,5,105836,0,175836,H607,39.079644,-94.667004,79.4,76.5,79.1
UP,0919HL019,2019-09-19,10:15 PM,Other impacts,0,KANSAS CITY,KS,78,4,Dark,Clear,Yard,Cut of cars,4,1160,0,19014,H312,39.096485,-94.662332,84.6,84,79.4
UP,1119HL020,2019-11-23,11:45 AM,Other impacts,0,KANSAS CITY,KS,39,2,Day,Clear,Yard,Single Car,3,29994,0,59161,H312,39.096158,-94.658617,35,38.3,45.3
KCT,UP082019,2019-08-20,4:45 PM,Derailment,0,KANSAS CITY,KS,95,2,Day,Clear,Main,,0,0,3900,11752,H525,39.079158,-94.612706,85,88.1,79.8
BNSF,KS0319108,2019-03-19,7:23 AM,Derailment,0,KANSAS CITY,KS,38,1,Dawn,Rain,Yard,Yard/switching,10,222406,0,257620,M407,39.082171,-94.677796,46.8,50.4,49.5
UP,0919HL013,2019-09-16,8:00 AM,Obstruction,0,KANSAS CITY,KS,75,2,Day,Clear,Yard,Freight Train,3,23190,1564,24754,M404,39.095481,-94.658785,83.9,84.3,84.6
UP,0422HL004,2022-04-10,10:08 AM,Derailment,0,KANSAS CITY,KS,65,2,Day,Cloudy,Main,Freight Train,24,114408,0,558238,E24C,39.097263,-94.620466,47.9,64.9,57.7
UP,0816KC016,2016-08-19,1:06 AM,Derailment,0,KANSAS CITY,KS,78,4,Dark,Clear,Yard,Yard/switching,3,3931,11765,15696,H702,39.092796,-94.654617,82.8,79.6,70.1
BNSF,KS0619107,2019-06-13,8:13 AM,Side collision,0,KANSAS CITY,KS,78,1,Dawn,Clear,Yard,Yard/switching,0,31540,0,32403,H317,39.082195,-94.677634,66.9,68.3,72.9
UP,1018KC003,2018-10-04,5:00 PM,Other impacts,0,KANSAS CITY,KS,60,2,Day,Cloudy,Yard,Yard/switching,4,32349,1720,35020,H312,39.097315,-94.66594,82.2,59.4,66.4
UP,0819HL029,2019-08-20,4:45 PM,Derailment,0,KANSAS CITY,KS,95,2,Day,Clear,Main,Freight Train,38,7852,0,11752,H525,39.079158,-94.612706,85,88.1,79.8
BNSF,KS0319108,2019-03-19,7:23 AM,Derailment,0,KANSAS CITY,KS,38,1,Dawn,Rain,Yard,Yard/switching,0,35214,0,257620,M407,39.082171,-94.677796,46.8,50.4,49.5
UP,0118KC034,2018-01-26,10:00 AM,Derailment,0,KANSAS CITY,KS,60,2,Day,Clear,Yard,Yard/switching,5,6934,8708,15642,M405,39.116808,-94.613916,52,54.2,42.7
UP,1019HL041,2019-10-03,11:52 AM,Other (describe in narrative),0,KANSAS CITY,KS,55,2,Day,Clear,Yard,Single Car,0,20546,0,20546,M507,39.096678,-94.662292,76.6,56.6,56
BNSF,KS0719106,2019-07-14,5:54 AM,Derailment,0,KANSAS CITY,KS,75,1,Dawn,Clear,Yard,Yard/switching,5,186771,319950,506721,H704,39.076526,-94.656529,82.8,84.7,79.1
UP,1018KC003,2018-10-04,5:00 PM,Other impacts,0,KANSAS CITY,KS,60,2,Day,Cloudy,Yard,Cut of cars,0,951,0,35020,H312,39.097315,-94.66594,82.2,59.4,66.4
BNSF,KS0824111,2024-08-12,9:07 AM,Derailment,0,KANSAS CITY,KS,92,2,Day,Clear,Yard,Freight Train,7,30359,95000,125359,M201,39.084058,-94.680059,71.6,74.2,71.1
BNSF,KS1115111,2015-11-29,12:35 PM,Derailment,0,KANSAS CITY,KS,35,2,Day,Rain,Yard,Yard/switching,6,21619,500,22119,M101,39.08394,-94.686456,33.2,35.7,38.2
UP,1017KC011,2017-10-10,9:00 AM,Derailment,0,KANSAS CITY,KS,45,2,Day,Cloudy,Main,Maint./inspect Car,10,12101,33,12134,M507,39.099097,-94.609634,66.2,50,53.6
BNSF,KS0819110,2019-08-18,2:50 PM,Derailment,0,KANSAS CITY,KS,72,2,Day,Clear,Yard,Yard/switching,7,269244,5000,274244,T212,39.08481,-94.678876,78.6,82.2,85
UP,1019HL006,2019-10-05,1:15 AM,Derailment,0,KANSAS CITY,KS,60,4,Dark,Cloudy,Yard,Freight Train,3,94199,3115,97314,T221,39.144813,-94.629932,56,64.1,55.3
UP,0224HL005,2024-02-07,7:12 PM,Derailment,0,KANSAS CITY,KS,55,3,Dusk,Cloudy,Yard,Yard/switching,4,12373,5400,17773,E45C,39.096754,-94.662273,45.2,55.3,58.2
BNSF,KS0619107,2019-06-13,8:13 AM,Side collision,0,KANSAS CITY,KS,78,1,Dawn,Clear,Yard,Yard/switching,2,863,0,32403,H317,39.082195,-94.677634,66.9,68.3,72.9
BNSF,KS1016111,2016-10-17,1:00 PM,Derailment,0,KANSAS CITY,KS,80,2,Day,Clear,Main,Spec. MoW Equip.,0,1000000,0,1000000,H997,39.066281,-94.743625,77.2,80,70.5
UP,0119HL035,2019-01-29,10:30 AM,Other (describe in narrative),0,KANSAS CITY,KS,25,2,Day,Cloudy,Yard,Cut of cars,0,77358,150,77508,M201,39.097694,-94.666802,31.1,19,2.5
UP,1018KC013,2018-10-10,11:13 AM,Other impacts,0,KANSAS CITY,KS,54,2,Day,Cloudy,Yard,Yard/switching,0,1596,0,22930,H306,39.094145,-94.660981,69.3,55,48.3
BNSF,KS1018123,2018-10-31,5:22 PM,Side collision,0,KANSAS CITY,KS,55,3,Dusk,Clear,Yard,Yard/switching,7,60000,0,155000,H607,39.087215,-94.700964,61.5,53.9,51.4
KCS,15120703,2015-12-07,7:45 PM,Side collision,0,KANSAS CITY,MO,51,4,Dark,Clear,Yard,Yard/switching,3,0,0,42035,H401,39.130434,-94.529201,47.7,43.4,47.7
UP,1018KC013,2018-10-10,11:13 AM,Other impacts,0,KANSAS CITY,KS,54,2,Day,Cloudy,Yard,Yard/switching,4,700,20634,22930,H306,39.094145,-94.660981,69.3,55,48.3
BNSF,KS0118117,2018-01-23,9:40 AM,Derailment,0,KANSAS CITY,KS,28,2,Day,Cloudy,Yard,Yard/switching,5,21067,0,21067,H316,39.084391,-94.690927,40.2,32.3,37.3
UP,1017KC006,2017-10-04,11:56 PM,Other impacts,0,KANSAS CITY,MO,65,4,Dark,Clear,Yard,Yard/switching,5,2805,15850,18719,M411,39.122249,-94.507192,77.9,65.1,70.1
KCS,15120703,2015-12-07,7:45 PM,Side collision,0,KANSAS CITY,MO,51,4,Dark,Clear,Yard,Yard/switching,3,31500,10535,42035,H401,39.130434,-94.529201,47.7,43.4,47.7
BNSF,KS0417117,2017-04-29,8:00 AM,Derailment,0,KANSAS CITY,KS,46,1,Dawn,Rain,Yard,Yard/switching,8,13032,0,13032,H316,39.085693,-94.690692,55.1,47.4,48.4
UP,1214KC016,2014-12-31,11:15 PM,Other impacts,0,KANSAS CITY,MO,20,4,Dark,Cloudy,Yard,Cut of cars,0,18976,0,43073,H307,39.120125,-94.534952,18.5,14.6,27.2
BNSF,KS0717102,2017-07-18,10:57 AM,Derailment,0,KANSAS CITY,KS,85,2,Day,Clear,Yard,Yard/switching,4,11996,250,37110,H318,39.079013,-94.666541,84.8,84.8,85.4
UP,0215KC005,2015-02-10,6:20 AM,Other impacts,0,KANSAS CITY,KS,30,4,Dark,Cloudy,Yard,Freight Train,9,19510,5958,30541,H307,39.090375,-94.635196,38.1,39.8,34.4
UP,0722HL010,2022-07-07,7:30 PM,Derailment,0,KANSAS CITY,KS,88,3,Dusk,Clear,Yard,Freight Train,4,64020,161675,225695,E64C,39.131832,-94.612181,84.7,82.4,81.1
UP,0522HL002,2022-05-02,5:46 PM,Other impacts,0,KANSAS CITY,KS,52,2,Day,Cloudy,Yard,Light loco(s),4,4797,110448,143199,H307,39.096732,-94.667362,59.1,53.5,50.7
UP,0722HL028,2022-07-21,1:53 PM,Derailment,0,KANSAS CITY,KS,92,2,Day,Clear,Yard,Freight Train,8,160587,64750,225337,M299,39.12432,-94.60685,83.1,83.7,88.3
UP,0522HL008,2022-05-08,4:42 AM,Derailment,0,KANSAS CITY,KS,63,1,Dawn,Cloudy,Yard,Yard/switching,3,13140,3200,16340,H506,39.100332,-94.676118,63.1,68.6,80.4
UP,0215KC005,2015-02-10,6:20 AM,Other impacts,0,KANSAS CITY,KS,30,4,Dark,Cloudy,Yard,Cut of cars,0,5073,0,30541,H307,39.090375,-94.635196,38.1,39.8,34.4
UP,0724HL023,2024-07-25,7:12 PM,Derailment,0,KANSAS CITY,KS,86,3,Dusk,Clear,Yard,Yard/switching,9,8196,69634,77830,E04C,39.098342,-94.671731,82,83.3,84.1
BNSF,KS0822107,2022-08-11,5:35 PM,Derailment,0,KANSAS CITY,KS,80,3,Dusk,Clear,Yard,Yard/switching,9,50315,60000,110315,H601,39.085964,-94.686504,77.9,79,81.3
BNSF,KS1118102,2018-11-02,6:51 PM,Derailment,0,KANSAS CITY,KS,55,3,Dusk,Clear,Yard,Yard/switching,4,65862,200,66062,M411,39.085361,-94.68757,51.4,49.8,52.5
BNSF,KS1122107,2022-11-09,12:39 AM,Side collision,0,KANSAS CITY,KS,61,4,Dark,Clear,Yard,Yard/switching,4,15879,8000,25777,H307,39.080851,-94.672566,56.4,66.4,58.5
UP,0724HL004,2024-07-03,10:37 PM,Derailment,0,KANSAS CITY,KS,76,4,Dark,Rain,Main,Freight Train,6,35452,2305,37757,H525,39.08526,-94.613737,84.1,76.5,76.9
BNSF,KS0517108,2017-05-24,9:11 AM,Derailment,0,KANSAS CITY,KS,60,2,Day,Cloudy,Yard,Yard/switching,4,71889,0,71889,H503,39.081345,-94.67454,59.3,57.7,64.8
BNSF,KS0818106,2018-08-20,12:04 AM,Side collision,0,KANSAS CITY,KS,70,4,Dark,Rain,Yard,Cut of cars,4,431,0,64748,H308,39.083224,-94.680744,76.3,70.6,74
BNSF,KS0118110,2018-01-14,8:45 AM,Derailment,0,KANSAS CITY,KS,8,1,Dawn,Clear,Yard,Yard/switching,4,29050,0,29050,M404,39.084201,-94.689462,17.6,25.6,15.5
UP,0522HL006,2022-05-01,9:00 AM,Obstruction,0,KANSAS CITY,KS,62,2,Day,Cloudy,Yard,Freight Train,7,203877,89934,293811,M404,39.146312,-94.593657,58.6,59.1,53.5
BNSF,KS0818106,2018-08-20,12:04 AM,Side collision,0,KANSAS CITY,KS,70,4,Dark,Rain,Yard,Yard/switching,0,64317,0,64748,H308,39.083224,-94.680744,76.3,70.6,74
UP,0522HL001,2022-05-01,11:46 PM,Obstruction,0,KANSAS CITY,KS,56,4,Dark,Cloudy,Yard,Yard/switching,4,29780,50,29830,M404,39.095892,-94.658676,58.6,59.1,53.5
BNSF,KS0915110,2015-09-19,9:15 PM,Other impacts,0,KANSAS CITY,KS,60,4,Dark,Clear,Yard,Yard/switching,5,34142,0,34142,M411,39.084012,-94.694074,74.1,63.1,65.5
BNSF,KS1015107,2015-10-20,10:50 AM,Derailment,0,KANSAS CITY,KS,82,2,Day,Clear,Yard,Yard/switching,7,53527,91000,144527,H504,39.081636,-94.675691,67,72,73.9
BNSF,KS1015109,2015-10-29,2:30 AM,Derailment,0,KANSAS CITY,KS,35,4,Dark,Clear,Yard,Yard/switching,8,12455,2000,14455,M407,39.08584,-94.690381,55.1,46.3,45.2
UP,0218KC021,2018-02-23,2:00 AM,Derailment,0,KANSAS CITY,MO,33,4,Dark,Clear,Yard,Yard/switching,2,6926,16640,23566,E04C,39.122716,-94.523956,31.7,35.7,37.7
BNSF,KS1018123,2018-10-31,5:22 PM,Side collision,0,KANSAS CITY,KS,55,3,Dusk,Clear,Yard,Light loco(s),4,90000,5000,155000,H607,39.087215,-94.700964,61.5,53.9,51.4
BNSF,KS0224118,2024-02-25,8:49 PM,Derailment,0,KANSAS CITY,KS,36,3,Dusk,Clear,Yard,Yard/switching,3,191929,0,243976,H306,39.087234,-94.695497,47.2,56.3,59.1
BNSF,HL0223107,2023-02-08,4:06 PM,Derailment,0,KANSAS CITY,MO,40,2,Day,Rain,Industry,Freight Train,2,40423,5000,45423,M101,39.136018,-94.564657,42.2,34.9,36
KCS,18090403,2018-09-04,9:15 AM,Derailment,0,KANSAS CITY,MO,80,2,Day,Clear,Yard,Freight Train,4,6671,14029,20700,H702,39.128848,-94.521331,82.9,80.3,75.3
KCS,21081205,2021-08-12,4:10 PM,Other impacts,0,KANSAS CITY,MO,95,2,Day,Rain,Yard,Cut of cars,1,250,0,13500,M105,39.128548,-94.515452,88.4,83.9,75.5
UP,1120HL015,2020-11-26,10:38 PM,Hwy-rail crossing,0,KANSAS CITY,MO,43,4,Dark,Clear,Main,Freight Train,36,500,18197,18697,M303,38.94025,-94.567563,43.7,42.9,41.8
KAW,240201004,2024-02-01,2:35 PM,Derailment,0,KANSAS CITY,KS,50,2,Day,Clear,Yard,Yard/switching,3,17171,9600,86771,H993,39.078648,-94.626009,45.2,56.4,55.3
UP,0219HL004,2019-02-07,7:31 PM,Derailment,0,KANSAS CITY,KS,13,3,Dusk,Clear,Yard,Yard/switching,4,3081,15657,18738,H702,39.096228,-94.668384,25.5,17.8,15
UP,0922HL011,2022-09-13,11:35 PM,Derailment,0,KANSAS CITY,MO,85,4,Dark,Clear,Yard,Yard/switching,7,164942,22422,187364,H702,39.114364,-94.570058,68.2,74.7,78.1
UP,1214KC001,2014-12-01,8:38 PM,Derailment,0,KANSAS CITY,MO,19,4,Dark,Cloudy,Yard,Yard/switching,4,16658,600,17258,H303,39.104434,-94.596963,35.9,22.4,29.6
BNSF,KS0224118,2024-02-25,8:49 PM,Derailment,0,KANSAS CITY,KS,36,3,Dusk,Clear,Yard,Yard/switching,8,8000,44047,243976,H306,39.087234,-94.695497,47.2,56.3,59.1
CP,1000689500,2018-01-22,3:00 AM,Other impacts,0,KANSAS CITY,MO,44,4,Dark,Rain,Yard,Cut of cars,0,67476,0,185251,H307,39.129761,-94.540198,54,40.2,32.3
UP,0124HL037,2024-01-30,2:52 AM,Derailment,0,KANSAS CITY,KS,44,4,Dark,Cloudy,Yard,Freight Train,4,5615,65589,71204,T221,39.095303,-94.614152,43.4,44.7,45.2
UP,1214KC016,2014-12-31,11:15 PM,Other impacts,0,KANSAS CITY,MO,20,4,Dark,Cloudy,Yard,Yard/switching,7,20156,1392,43073,H307,39.120125,-94.534952,18.5,14.6,27.2
UP,1117KC003,2017-11-03,4:52 PM,Derailment,0,KANSAS CITY,MO,50,2,Day,Clear,Yard,Yard/switching,5,5858,4884,10742,E07C,39.122331,-94.514646,52.9,47.3,51.1
UP,0218KC024,2018-02-25,7:00 PM,Derailment,0,KANSAS CITY,KS,38,4,Dark,Clear,Main,Freight Train,29,174004,56933,230937,M201,39.111498,-94.612024,37.6,38.8,45.8
CP,1000689500,2018-01-22,3:00 AM,Other impacts,0,KANSAS CITY,MO,44,4,Dark,Rain,Yard,Yard/switching,9,110064,0,185251,H307,39.129761,-94.540198,54,40.2,32.3
UP,0420HL015,2020-04-20,12:50 PM,Obstruction,0,KANSAS CITY,MO,52,2,Day,Cloudy,Main,Freight Train,10,30660,0,30660,M404,39.088298,-94.561152,56.1,55.7,58.5
BNSF,KS0118107,2018-01-12,10:30 AM,Derailment,0,KANSAS CITY,KS,11,2,Day,Clear,Yard,Light loco(s),4,12500,500,13000,M101,39.074865,-94.650108,29.2,14.1,17.6
UP,1214KC016,2014-12-31,11:15 PM,Other impacts,0,KANSAS CITY,MO,20,4,Dark,Cloudy,Yard,Cut of cars,0,2549,0,43073,H307,39.120125,-94.534952,18.5,14.6,27.2
UP,0618KC020,2018-06-19,1:30 AM,Derailment,0,KANSAS CITY,MO,92,4,Dark,Clear,Yard,Yard/switching,1,11781,4492,16273,M405,39.11683,-94.499472,86.7,81,79.6
UP,0522HL022,2022-05-28,12:15 AM,Obstruction,0,KANSAS CITY,MO,69,4,Dark,Cloudy,Main,Freight Train,18,17135,0,869635,H499,39.091972,-94.544566,64.4,74.5,79.1
CP,1000689500,2018-01-22,3:00 AM,Other impacts,0,KANSAS CITY,MO,44,4,Dark,Rain,Yard,Single Car,0,106,0,185251,H307,39.129761,-94.540198,54,40.2,32.3
BNSF,KS0218107,2018-02-20,11:15 PM,Derailment,0,KANSAS CITY,KS,32,4,Dark,Rain,Yard,Yard/switching,4,0,12000,12000,M411,39.084614,-94.689822,48.1,28.5,24
UP,0417KC024,2017-04-30,5:30 AM,Other impacts,0,KANSAS CITY,MO,50,1,Dawn,Rain,Yard,Yard/switching,4,15416,0,41626,S012,39.123172,-94.512679,47.4,48.7,48.5
BNSF,KS0515101,2015-05-01,12:30 PM,Derailment,0,KANSAS CITY,KS,75,2,Day,Cloudy,Yard,Yard/switching,4,45304,0,45304,H702,39.084333,-94.678272,62.8,65.1,67.2
UP,0818KC023,2018-08-28,5:20 PM,Other impacts,0,KANSAS CITY,KS,78,2,Day,Rain,Yard,Cut of cars,7,414,0,92236,H607,39.145309,-94.603319,86.4,84.7,70.2
UP,1223HL017,2023-12-20,2:00 PM,Derailment,0,KANSAS CITY,KS,55,2,Day,Cloudy,Industry,Yard/switching,4,7994,10867,18861,H306,39.142792,-94.603589,38.7,48.9,55.2
UP,0224HL011,2024-02-17,5:40 AM,Other impacts,0,KANSAS CITY,KS,12,1,Dawn,Clear,Yard,Yard/switching,5,31603,83100,114703,H312,39.094802,-94.653233,32.6,22.9,37.4
BNSF,KS0115102,2015-01-04,6:05 AM,Derailment,0,KANSAS CITY,KS,10,1,Dawn,Snow,Yard,Yard/switching,4,10695,12000,22695,M411,39.082295,-94.69106,36.7,14.5,17.8
UP,0219HL034,2019-02-26,3:59 AM,Derailment,0,KANSAS CITY,MO,24,4,Dark,Cloudy,Yard,Yard/switching,2,10907,34911,45818,E06C,39.114005,-94.481487,27,30.2,23.1
BNSF,KS1217100,2017-12-07,5:15 AM,Side collision,0,KANSAS CITY,KS,15,1,Dawn,Clear,Yard,Yard/switching,6,340689,0,388193,H307,39.087248,-94.69777,39.4,24.5,30.8
UP,0417KC024,2017-04-30,5:30 AM,Other impacts,0,KANSAS CITY,MO,50,1,Dawn,Rain,Yard,Single Car,4,26210,0,41626,S012,39.123172,-94.512679,47.4,48.7,48.5
CP,1000997254,2019-05-22,5:20 PM,Derailment,0,KANSAS CITY,MO,75,2,Day,Cloudy,Yard,Yard/switching,6,9538,0,18745,H702,39.125687,-94.502068,56.9,66.3,67.3
KCS,19022802,2019-02-28,10:00 AM,Other impacts,0,KANSAS CITY,MO,23,2,Day,Cloudy,Yard,,0,0,0,36000,H020,39.128761,-94.517204,23.1,22.6,31
BNSF,KS0624105,2024-06-14,10:52 AM,Other (describe in narrative),0,KANSAS CITY,KS,74,2,Day,Clear,Yard,Yard/switching,12,66838,0,66838,M407,39.084053,-94.685555,84.6,82.1,81.3
UP,0921HL022,2021-09-28,2:02 AM,Derailment,0,KANSAS CITY,MO,69,4,Dark,Clear,Main,Freight Train,9,11202,63834,75036,H501,39.10947,-94.50243,79.9,78.3,75.2
UP,0417KC018,2017-04-03,9:00 PM,Other impacts,0,KANSAS CITY,MO,50,4,Dark,Clear,Yard,Yard/switching,3,15794,0,16918,S012,39.121903,-94.506475,56.8,56.8,50.9
BNSF,KS0315107,2015-03-08,11:30 PM,Derailment,0,KANSAS CITY,KS,44,4,Dark,Clear,Yard,Yard/switching,8,35000,500,35500,H305,39.084491,-94.685148,53.4,54.8,49.3
BNSF,KS1223120,2023-12-29,8:39 AM,Derailment,0,KANSAS CITY,KS,33,1,Dawn,Clear,Yard,Yard/switching,6,20345,45514,65859,M411,39.083588,-94.680971,37.2,37.9,36.9
KCT,UP121222,2022-12-12,7:08 PM,Derailment,0,KANSAS CITY,MO,46,3,Dusk,Rain,Main,,0,0,0,98455,H503,39.081983,-94.606614,32,39.8,47
BNSF,HL0123115,2023-01-22,5:33 AM,Derailment,0,KANSAS CITY,MO,36,1,Dawn,Sleet,Yard,Freight Train,5,13933,0,13933,M101,39.133744,-94.567319,32.5,31.2,31.6
TSWS,287202301,2023-01-31,11:30 PM,Derailment,0,KANSAS CITY,MO,26,4,Dark,Clear,Yard,Freight Train,3,10000,25000,35000,H503,38.833488,-94.565327,15.8,16.7,25