reportingrailroadcode,accidentnumber,date,time,accidenttype,hazmatreleasedcars,station,stateabbr,temperature,visibility_code,visibility,weathercondition,tracktype,equipmenttype,trainspeed,equipmentdamagecost,trackdamagecost,totaldamagecost,primaryaccidentcausecode,latitude,longitude,prior_temp,actual_temp,following_temp
KCS,21030502,2021-03-05,9:05 PM,Other (describe in narrative),0,KANSAS CITY,MO,40,4,Dark,Clear,Yard,,0,0,2990,39617,H702,39.128879,-94.521244,52.2,47.4,51
UP,1222HL009,2022-12-12,7:15 PM,Derailment,0,KANSAS CITY,MO,42,3,Dusk,Cloudy,Main,Freight Train,5,98455,0,98455,H503,39.082234,-94.601575,32,39.8,47
KCT,UP220411,2022-04-11,7:53 AM,Derailment,0,KANSAS CITY,MO,55,1,Dawn,Clear,Main,Freight Train,10,180279,151722,771921,M204,39.109,-94.504,64.9,57.7,67.2
BNSF,KS0124111,2024-01-23,3:09 AM,Derailment,0,KANSAS CITY,KS,32,4,Dark,Rain,Main,Freight Train,10,49373,5000,54373,E06L,39.070717,-94.736497,33.3,35.9,37.3
UP,0319HL028,2019-03-22,9:10 PM,Other impacts,0,KANSAS CITY,KS,54,4,Dark,Cloudy,Yard,Single Car,0,100,0,22018,H312,39.09771,-94.667747,47,51.3,54.8
UP,0918KC012,2018-09-18,11:14 AM,Derailment,0,KANSAS CITY,MO,86,2,Day,Clear,Yard,Freight Train,1,18620,6178,24798,H702,39.11989,-94.53495,81.4,84.6,85.3
UP,0519HL045,2019-05-31,3:17 PM,Derailment,0,KANSAS CITY,MO,80,2,Day,Clear,Main,Freight Train,19,145966,201058,347024,E42C,39.121089,-94.511079,67.4,71.3,75.8
BNSF,KS0515113,2015-05-24,7:00 AM,Derailment,0,KANSAS CITY,KS,55,1,Dawn,Rain,Yard,Yard/switching,8,11535,350,11885,M407,39.086411,-94.695134,64.3,66.7,71.2
TSWS,2870301,2023-03-01,8:30 PM,Other impacts,0,KANSAS CITY,MO,34,4,Dark,Cloudy,Yard,Yard/switching,25,10000,0,10000,H022,38.844641,-94.560458,48.7,48.1,38
BNSF,KS0715111,2015-07-27,1:19 PM,Obstruction,0,KANSAS CITY,KS,97,2,Day,Clear,Yard,Yard/switching,7,60210,0,60210,M404,39.086346,-94.694914,84.8,87,88
BNSF,KS0624108,2024-06-17,12:50 PM,Derailment,0,KANSAS CITY,KS,90,2,Day,Clear,Yard,Light loco(s),5,5000,18952,23952,M101,39.077762,-94.658737,84.1,85.2,84
UP,0923HL025,2023-09-24,12:15 PM,Derailment,0,KANSAS CITY,MO,78,2,Day,Clear,Yard,Yard/switching,10,21282,219577,478551,T221,39.122008,-94.523465,72.6,73.1,72
UP,0224HL010,2024-02-15,11:30 AM,Derailment,0,KANSAS CITY,MO,39,2,Day,Clear,Main,Freight Train,8,153657,40792,194449,M299,39.116346,-94.499799,51,43.4,32.6
UP,1222HL001,2022-12-03,10:48 AM,Derailment,0,KANSAS CITY,MO,22,2,Day,Cloudy,Yard,Freight Train,5,204488,72225,276713,T220,39.120971,-94.545983,49.4,26.5,34.9
CP,1001444175,2021-03-05,9:05 PM,Other (describe in narrative),0,KANSAS CITY,MO,40,4,Dark,Clear,Yard,Light loco(s),4,36627,0,39617,H702,39.128879,-94.521244,52.2,47.4,51
BNSF,HL1021125,2021-10-30,11:43 AM,Derailment,0,KANSAS CITY,MO,55,2,Day,Clear,Yard,Freight Train,4,39264,99000,138264,T215,39.132761,-94.585266,49.2,48.5,49.9
UP,0319HL028,2019-03-22,9:10 PM,Other impacts,0,KANSAS CITY,KS,54,4,Dark,Cloudy,Yard,Yard/switching,6,21318,600,22018,H312,39.09771,-94.667747,47,51.3,54.8
BNSF,HL0819107,2019-08-07,3:10 PM,Side collision,0,KANSAS CITY,MO,81,2,Day,Clear,Yard,Spec. MoW Equip.,5,15000,0,15790,H997,39.118584,-94.589581,83.4,78.2,77.9
CP,1000198977,2015-04-14,5:40 AM,Derailment,0,KANSAS CITY,MO,51,4,Dark,Clear,Yard,Yard/switching,5,20000,0,21303,E39C,39.128967,-94.521589,61.4,60.6,57.3
BNSF,KS0318106,2018-03-20,2:14 AM,Derailment,0,KANSAS CITY,KS,42,4,Dark,Cloudy,Yard,Yard/switching,4,14248,250,14498,M103,39.087304,-94.684495,43.8,44.4,44.3
KAW,220528001,2022-05-28,12:15 AM,Obstruction,0,KANSAS CITY,MO,80,4,Dark,Clear,Industry,Spec. MoW Equip.,0,800000,0,869635,H499,39.09384,-94.54024,64.4,74.5,79.1
BNSF,KS1217100,2017-12-07,5:15 AM,Side collision,0,KANSAS CITY,KS,15,1,Dawn,Clear,Yard,Yard/switching,2,20038,27466,388193,H307,39.087248,-94.69777,39.4,24.5,30.8
KCS,19020101,2019-02-01,12:05 AM,Derailment,0,KANSAS CITY,MO,22,4,Dark,Cloudy,Yard,Light loco(s),7,18767,2217,20984,H306,39.129222,-94.533232,18.6,35.7,50.7
UP,0417KC018,2017-04-03,9:00 PM,Other impacts,0,KANSAS CITY,MO,50,4,Dark,Clear,Yard,Single Car,0,1124,0,16918,S012,39.121903,-94.506475,56.8,56.8,50.9
UP,0823HL020,2023-08-25,10:35 AM,Other impacts,0,KANSAS CITY,KS,89,2,Day,Clear,Yard,Yard/switching,4,4118,0,13085,H702,39.098401,-94.671897,91.5,92.3,78.7
UP,0224HL011,2024-02-17,5:40 AM,Other impacts,0,KANSAS CITY,KS,12,1,Dawn,Clear,Yard,Single Car,5,0,0,114703,H312,39.094802,-94.653233,32.6,22.9,37.4
BNSF,KS0115118,2015-01-23,4:50 AM,Raking collision,0,KANSAS CITY,KS,29,1,Dawn,Clear,Yard,Light loco(s),5,8000,0,48995,H607,39.082295,-94.69106,33.9,35.9,44.7
UP,1217KC001,2017-12-02,4:10 PM,Other impacts,0,KANSAS CITY,MO,59,2,Day,Clear,Yard,Single Car,4,11505,0,26788,M411,39.122833,-94.514565,45.7,46.9,54.5
UP,0923HL018,2023-09-19,9:30 PM,Other impacts,0,KANSAS CITY,KS,69,4,Dark,Clear,Yard,Freight Train,4,51489,0,123981,H307,39.097106,-94.669157,72,75.8,73.9
KCS,21120803,2021-12-08,6:40 PM,Derailment,0,KANSAS CITY,MO,47,4,Dark,Cloudy,Yard,Freight Train,6,99961,104750,204711,H703,39.116697,-94.565556,33.9,40.9,51.2
UP,0819HL006,2019-08-06,7:45 PM,Derailment,0,KANSAS CITY,MO,88,3,Dusk,Clear,Yard,Yard/switching,2,4799,19500,24299,M405,39.113856,-94.480961,82.3,83.4,78.2
BNSF,KS0921102,2021-09-03,5:33 AM,Other impacts,0,KANSAS CITY,KS,80,1,Dawn,Clear,Yard,Yard/switching,10,55929,0,55929,M407,39.08425,-94.690067,76.4,78.1,72.8
BNSF,KS0723103,2023-07-07,12:20 PM,Other (describe in narrative),0,KANSAS CITY,KS,80,2,Day,Clear,Yard,Yard/switching,8,27014,0,74411,H607,39.08713,-94.695713,73,74.5,71
UP,0222HL004,2022-02-02,4:54 PM,Derailment,0,KANSAS CITY,MO,20,2,Day,Clear,Main,Freight Train,9,229198,0,287198,H503,39.08239,-94.60696,44.6,18.8,13.1
BNSF,KS0519107,2019-05-20,4:00 PM,Derailment,0,KANSAS CITY,KS,60,2,Day,Rain,Yard,Yard/switching,3,11016,500,11516,H312,39.082533,-94.682265,63.1,53.5,56.9
UP,0721HL024,2021-07-30,12:49 PM,Derailment,0,KANSAS CITY,KS,92,2,Day,Clear,Main,Freight Train,6,155123,0,160623,H506,39.084788,-94.611618,88.8,87.6,79.7
UP,1114KC005,2014-11-17,2:20 AM,Derailment,0,KANSAS CITY,KS,23,4,Dark,Clear,Yard,Yard/switching,4,12654,561,13215,H607,39.094081,-94.653367,24,21.1,25
BNSF,KS0115116,2015-01-24,11:53 PM,Derailment,0,KANSAS CITY,KS,31,4,Dark,Rain,Yard,Freight Train,5,48497,216000,264497,E25C,39.086546,-94.709964,35.9,44.7,41.3
UP,0923HL018,2023-09-19,9:30 PM,Other impacts,0,KANSAS CITY,KS,69,4,Dark,Clear,Yard,Yard/switching,0,72492,0,123981,H307,39.097106,-94.669157,72,75.8,73.9
UP,0515KC002,2015-05-08,2:40 AM,Derailment,0,KANSAS CITY,MO,62,4,Dark,Rain,Yard,Yard/switching,2,14436,1000,15436,M204,39.12001,-94.534938,71,66.5,67.1
BNSF,KS0723103,2023-07-07,12:20 PM,Other (describe in narrative),0,KANSAS CITY,KS,80,2,Day,Clear,Yard,Light loco(s),6,47397,0,74411,H607,39.08713,-94.695713,73,74.5,71
UP,0122HL015,2022-01-05,5:25 PM,Derailment,0,KANSAS CITY,MO,20,2,Day,Cloudy,Yard,Freight Train,4,17124,1575,18699,E64L,39.123313,-94.50711,39.6,19.7,11.9
BNSF,KS0923104,2023-09-07,7:54 AM,Derailment,0,KANSAS CITY,KS,74,1,Dawn,Clear,Yard,Light loco(s),3,0,0,36572,H704,39.078121,-94.660428,71.3,71.7,74.8
UP,0117KC012,2017-01-23,5:00 AM,Other impacts,0,KANSAS CITY,KS,32,4,Dark,Cloudy,Yard,Cut of cars,0,22972,0,23670,H021,39.141657,-94.62235,42.5,35.9,40.2
UP,1217KC001,2017-12-02,4:10 PM,Other impacts,0,KANSAS CITY,MO,59,2,Day,Clear,Yard,Yard/switching,4,11129,4154,26788,M411,39.122833,-94.514565,45.7,46.9,54.5
KCT,UP210928,2021-09-28,2:02 AM,Derailment,0,KANSAS CITY,MO,73,4,Dark,Clear,Main,,0,0,0,75036,H501,39.10947,-94.50243,79.9,78.3,75.2
UP,0923HL025,2023-09-24,12:15 PM,Derailment,0,KANSAS CITY,MO,78,2,Day,Clear,Yard,Yard/switching,10,18115,219577,478551,T221,39.122008,-94.523465,72.6,73.1,72
KAW,231129006,2023-11-29,5:00 PM,Side collision,0,KANSAS CITY,KS,40,3,Dusk,Clear,Industry,Yard/switching,6,5000,6000,59663,H607,39.077553,-94.635735,33.2,41.9,48.8
BNSF,KS0115118,2015-01-23,4:50 AM,Raking collision,0,KANSAS CITY,KS,29,1,Dawn,Clear,Yard,Yard/switching,3,40995,0,48995,H607,39.082295,-94.69106,33.9,35.9,44.7
KCS,19052202,2019-05-22,5:20 PM,Derailment,0,KANSAS CITY,MO,75,2,Day,Cloudy,Yard,,0,0,9207,18745,H702,39.125687,-94.502068,56.9,66.3,67.3
UP,0815KC006,2015-08-10,3:42 PM,Derailment,0,KANSAS CITY,MO,95,2,Day,Clear,Yard,Yard/switching,10,17642,38363,56005,H506,39.12295,-94.516446,84.4,82.5,77.6
KCS,17051101,2017-05-11,5:50 AM,Other impacts,0,KANSAS CITY,MO,65,4,Dark,Cloudy,Yard,,0,0,8035,11903,H602,39.1289,-94.519299,73.5,66.2,66.2
BNSF,KS0923104,2023-09-07,7:54 AM,Derailment,0,KANSAS CITY,KS,74,1,Dawn,Clear,Yard,Light loco(s),5,154,36418,36572,H704,39.078121,-94.660428,71.3,71.7,74.8
UP,0921HL004,2021-09-05,7:45 PM,Derailment,0,KANSAS CITY,MO,79,4,Dark,Clear,Main,,0,0,206075,214075,E64L,39.110574,-94.588762,72.9,71.5,76.5
KCT,K220818,2022-08-18,11:30 AM,Derailment,0,KANSAS CITY,MO,85,2,Day,Clear,Main,,0,0,50000,62542,H702,39.120827,-94.496988,74.3,75.7,73.2
KAW,231129006,2023-11-29,5:00 PM,Side collision,0,KANSAS CITY,KS,40,3,Dusk,Clear,Yard,Yard/switching,6,38163,10500,59663,H607,39.077553,-94.635735,33.2,41.9,48.8
BNSF,KS1122113,2022-11-29,12:42 AM,Derailment,0,KANSAS CITY,KS,27,4,Dark,Clear,Yard,Freight Train,5,0,19595,19595,H505,39.09227,-94.700648,42.6,43.2,28.2
KCT,KCS072217,2017-07-22,10:12 PM,Derailment,0,KANSAS CITY,KS,80,4,Dark,Rain,Main,,0,0,10000,110165,M404,39.084297,-94.610794,90.1,90,82.5
UP,0621HL022,2021-06-23,12:50 PM,Derailment,0,KANSAS CITY,MO,81,2,Day,Cloudy,Yard,Yard/switching,4,65623,62040,127663,M101,39.121957,-94.539488,75,79.3,81.2
UP,1119HL002,2019-11-01,10:05 PM,Other impacts,0,KANSAS CITY,KS,40,4,Dark,Cloudy,Yard,Freight Train,7,12309,0,47320,H702,39.098258,-94.671585,32.4,41.8,41
KCS,17030201,2017-03-02,12:10 AM,Other impacts,0,KANSAS CITY,MO,33,4,Dark,Cloudy,Yard,Cut of cars,0,34965,3717,44073,H702,39.12695,-94.51904,44.6,42,42.1
UP,1119HL002,2019-11-01,10:05 PM,Other impacts,0,KANSAS CITY,KS,40,4,Dark,Cloudy,Yard,Yard/switching,4,33811,1200,47320,H702,39.098258,-94.671585,32.4,41.8,41
UP,1119HL020,2019-11-23,11:45 AM,Other impacts,0,KANSAS CITY,KS,39,2,Day,Clear,Yard,Yard/switching,5,27667,1500,59161,H312,39.096158,-94.658617,35,38.3,45.3
UP,0615KC024,2015-06-29,8:00 PM,Derailment,0,KANSAS CITY,KS,84,2,Day,Clear,Yard,Yard/switching,7,73972,4056,78028,H607,39.127117,-94.604378,79.3,78.8,79.3
KCS,17072203,2017-07-22,10:12 PM,Derailment,0,KANSAS CITY,KS,80,4,Dark,Rain,Main,Freight Train,4,100165,0,110165,M404,39.084297,-94.610794,90.1,90,82.5
UP,0117KC011,2017-01-22,6:22 PM,Other impacts,0,KANSAS CITY,KS,40,4,Dark,Cloudy,Yard,Freight Train,4,1188,0,16663,H602,39.130499,-94.611553,46.5,42.5,35.9
BNSF,KS0922107,2022-09-16,1:05 PM,Side collision,0,KANSAS CITY,KS,82,2,Day,Clear,Yard,Yard/switching,0,188254,2500,271586,M407,39.082172,-94.677799,75.6,74.9,80.6
UP,0919HL015,2019-09-13,1:58 PM,Derailment,0,KANSAS CITY,MO,73,2,Day,Clear,Yard,Yard/switching,7,203,62860,63063,H702,39.113906,-94.481136,79.2,70.8,77.4
UP,0523HL031,2023-05-25,11:34 AM,Derailment,0,KANSAS CITY,KS,74,2,Day,Clear,Yard,Yard/switching,1,4684,55302,100760,M203,39.097463,-94.665905,71,73.9,70.6
UP,0220HL005,2020-02-05,5:30 AM,Other impacts,0,KANSAS CITY,KS,29,1,Dawn,Cloudy,Yard,Yard/switching,4,29495,0,30655,H308,39.09576,-94.65681,33,28.2,29.1
BNSF,KS0423111,2023-04-21,1:30 AM,Derailment,0,KANSAS CITY,KS,50,4,Dark,Clear,Yard,Yard/switching,3,350,16500,16850,M411,39.0852,-94.686601,61.3,51.7,42.6
BNSF,KS1023107,2023-10-16,12:03 PM,Derailment,0,KANSAS CITY,KS,58,2,Day,Clear,Yard,Yard/switching,4,18026,7079,27627,M407,39.082064,-94.677211,51.1,51.5,55.7
BNSF,KS0423113,2023-04-25,12:55 AM,Derailment,0,KANSAS CITY,KS,45,4,Dark,Clear,Yard,Yard/switching,3,17294,16500,78173,M407,39.08217,-94.677787,54.7,57.8,58.2
BNSF,KS0223101,2023-02-07,10:26 AM,Derailment,0,KANSAS CITY,KS,50,2,Day,Clear,Yard,Yard/switching,3,31033,0,43839,M407,39.082185,-94.677828,51.6,42.2,34.9
BNSF,KS0820112,2020-08-28,7:16 AM,Derailment,0,KANSAS CITY,KS,78,1,Dawn,Clear,Yard,Yard/switching,2,53252,65288,118540,H313,39.08318,-94.682118,81.6,82.1,73.7
UP,0823HL020,2023-08-25,10:35 AM,Other impacts,0,KANSAS CITY,KS,89,2,Day,Clear,Yard,Yard/switching,2,8967,0,13085,H702,39.098401,-94.671897,91.5,92.3,78.7
BNSF,KS0423113,2023-04-25,12:55 AM,Derailment,0,KANSAS CITY,KS,45,4,Dark,Clear,Yard,Yard/switching,3,44379,0,78173,M407,39.08217,-94.677787,54.7,57.8,58.2
KCS,21081205,2021-08-12,4:10 PM,Other impacts,0,KANSAS CITY,MO,95,2,Day,Rain,Yard,Yard/switching,0,13250,0,13500,M105,39.128548,-94.515452,88.4,83.9,75.5
BNSF,KS0322105,2022-03-08,3:20 AM,Derailment,0,KANSAS CITY,KS,30,4,Dark,Clear,Yard,Yard/switching,2,3034,8680,11714,M411,39.085469,-94.69081,28,31.9,35.5
UP,0117KC011,2017-01-22,6:22 PM,Other impacts,0,KANSAS CITY,KS,40,4,Dark,Cloudy,Yard,Yard/switching,4,1926,13549,16663,H602,39.130499,-94.611553,46.5,42.5,35.9
UP,0615KC003,2015-06-02,2:45 AM,Derailment,0,KANSAS CITY,KS,63,4,Dark,Cloudy,Yard,Yard/switching,6,10020,660,10680,H306,39.093784,-94.653416,62.7,67.2,68.7
BNSF,KS0223103,2023-02-07,8:30 PM,Derailment,0,KANSAS CITY,KS,40,3,Dusk,Clear,Yard,Yard/switching,3,15797,2000,17797,H308,39.083153,-94.681986,51.6,42.2,34.9
BNSF,KS1122107,2022-11-09,12:39 AM,Side collision,0,KANSAS CITY,KS,61,4,Dark,Clear,Yard,Cut of cars,0,1898,0,25777,H307,39.080851,-94.672566,56.4,66.4,58.5
UP,0719HL025,2019-07-26,9:23 AM,Derailment,0,KANSAS CITY,MO,77,2,Day,Clear,Yard,Yard/switching,1,35171,99,35270,S007,39.113906,-94.481136,77.3,79.8,80.7
BNSF,KS1216106,2016-12-21,5:56 AM,Other (describe in narrative),0,KANSAS CITY,KS,28,1,Dawn,Clear,Yard,Yard/switching,5,20000,0,20000,E06C,39.084455,-94.683186,29.6,36.3,35.9
BNSF,KS0922107,2022-09-16,1:05 PM,Side collision,0,KANSAS CITY,KS,82,2,Day,Clear,Yard,Yard/switching,4,80832,0,271586,M407,39.082172,-94.677799,75.6,74.9,80.6
UP,0323HL008,2023-03-08,1:22 PM,Other impacts,0,KANSAS CITY,KS,45,2,Day,Rain,Yard,Yard/switching,5,41387,66,41938,S015,39.097694,-94.666802,42.9,43.3,40.7
BNSF,KS0223102,2023-02-07,2:30 PM,Other impacts,0,KANSAS CITY,KS,50,2,Day,Clear,Yard,Yard/switching,3,50895,0,50895,M407,39.08537,-94.69011,51.6,42.2,34.9
UP,0919HL008,2019-09-06,3:40 PM,Other impacts,0,KANSAS CITY,MO,86,2,Day,Clear,Yard,Yard/switching,2,9981,0,22755,H702,39.113956,-94.481311,80.3,79.2,76.8
UP,0919HL008,2019-09-06,3:40 PM,Other impacts,0,KANSAS CITY,MO,86,2,Day,Clear,Yard,Yard/switching,4,7477,5297,22755,H702,39.113956,-94.481311,80.3,79.2,76.8
UP,1019HL042,2019-10-23,1:00 AM,Other (describe in narrative),0,KANSAS CITY,MO,48,4,Dark,Clear,Yard,Cut of cars,0,58072,0,58072,M507,39.117224,-94.553659,49.8,56.9,44.9
BNSF,KS1122103,2022-11-05,8:07 AM,Derailment,0,KANSAS CITY,KS,60,1,Dawn,Rain,Yard,Freight Train,3,1395,0,86324,M410,39.080901,-94.672777,53.2,46.4,54.1
BNSF,KS1023107,2023-10-16,12:03 PM,Derailment,0,KANSAS CITY,KS,58,2,Day,Clear,Yard,Yard/switching,7,2522,0,27627,M407,39.082064,-94.677211,51.1,51.5,55.7
UP,0523HL036,2023-05-30,3:00 PM,Other (describe in narrative),0,KANSAS CITY,KS,85,2,Day,Cloudy,Main,Freight Train,16,0,15700,15700,H702,39.110109,-94.618779,75.7,74.3,70.5
BNSF,KS0223101,2023-02-07,10:26 AM,Derailment,0,KANSAS CITY,KS,50,2,Day,Clear,Yard,Yard/switching,3,9306,3500,43839,M407,39.082185,-94.677828,51.6,42.2,34.9
BNSF,KS1023104,2023-10-06,11:28 AM,Derailment,0,KANSAS CITY,KS,52,2,Day,Clear,Yard,Yard/switching,8,4579,11957,16536,H316,39.085014,-94.692165,67.3,54.1,51.6
BNSF,KS0322101,2022-03-02,4:19 PM,Derailment,0,KANSAS CITY,KS,70,2,Day,Clear,Yard,Yard/switching,10,33916,61974,95890,M407,39.085044,-94.685996,54.3,59.4,48.7
UP,0523HL031,2023-05-25,11:34 AM,Derailment,0,KANSAS CITY,KS,74,2,Day,Clear,Yard,Yard/switching,3,17185,0,100760,M203,39.097463,-94.665905,71,73.9,70.6
BNSF,KS1117113,2017-11-24,8:50 PM,Derailment,0,KANSAS CITY,KS,65,3,Dusk,Cloudy,Yard,Yard/switching,5,87161,15500,102661,M599,39.086725,-94.680657,47.6,61.8,50.1
CP,1000556096,2017-05-11,5:50 AM,Other impacts,0,KANSAS CITY,MO,65,4,Dark,Cloudy,Yard,Yard/switching,8,138,0,11903,H602,39.1289,-94.419299,73.5,66.2,66.2
UP,0522HL002,2022-05-02,5:46 PM,Other impacts,0,KANSAS CITY,KS,52,2,Day,Cloudy,Yard,Yard/switching,10,27954,0,143199,H307,39.096732,-94.667362,59.1,53.5,50.7
KCT,UP091520,2020-09-15,7:48 AM,Derailment,0,KANSAS CITY,KS,58,1,Dawn,Clear,Main,,0,0,943000,1094515,H220,39.0818,-94.6012,68,69.2,71
CP,1000556096,2017-05-11,5:50 AM,Other impacts,0,KANSAS CITY,MO,65,4,Dark,Cloudy,Yard,Cut of cars,0,3730,0,11903,H602,39.1289,-94.419299,73.5,66.2,66.2
KCS,22081801,2022-08-18,11:30 AM,Derailment,0,KANSAS CITY,MO,85,2,Day,Clear,Main,Freight Train,5,8742,0,62542,H702,39.120827,-94.496988,74.3,75.7,73.2
KCT,UP220202,2022-02-02,4:54 PM,Derailment,0,KANSAS CITY,MO,20,2,Day,Clear,Main,,0,0,58000,287198,H503,39.08239,-94.60696,44.6,18.8,13.1
KCT,UP220410,2022-04-10,10:08 AM,Derailment,0,KANSAS CITY,KS,55,2,Day,Clear,Main,,0,0,443830,558238,E4TC,39.09084,-94.63211,47.9,64.9,57.7
KCS,18012201,2018-01-22,3:00 AM,Other impacts,0,KANSAS CITY,MO,42,4,Dark,Cloudy,Yard,,0,0,7605,185251,H307,39.129761,-94.540198,54,40.2,32.3
KCS,15041401,2015-04-14,5:40 AM,Derailment,0,KANSAS CITY,MO,51,4,Dark,Clear,Yard,,0,0,1303,21303,E39C,39.128967,-94.521589,61.4,60.6,57.3
UP,0617KC019,2017-06-18,2:30 AM,Derailment,0,KANSAS CITY,MO,85,4,Dark,Clear,Yard,Yard/switching,3,74345,1584,93963,H307,39.123536,-94.518339,80.1,74.9,76.7
BNSF,KS1222102,2022-12-02,1:40 AM,Side collision,0,KANSAS CITY,KS,45,4,Dark,Clear,Yard,Yard/switching,3,6517,3500,16217,E39C,39.087248,-94.697809,38.8,49.4,26.5
BNSF,KS0717102,2017-07-18,10:57 AM,Derailment,0,KANSAS CITY,KS,85,2,Day,Clear,Yard,Cut of cars,0,24864,0,37110,H318,39.079013,-94.666541,84.8,84.8,85.4
KCS,22040703,2022-04-07,8:30 AM,Derailment,0,KANSAS CITY,MO,49,2,Day,Cloudy,Yard,Freight Train,7,63367,37131,100498,M204,39.129323,-94.536146,51.1,43.9,40.9
UP,0718KC006,2018-07-11,3:51 AM,Derailment,0,KANSAS CITY,MO,89,4,Dark,Clear,Yard,Yard/switching,6,9178,20599,29777,T220,39.119797,-94.537043,88.6,89.9,91.2
UP,0217KC004,2017-02-07,4:45 PM,Derailment,0,KANSAS CITY,MO,37,2,Day,Clear,Yard,Single Car,0,15521,0,50573,M411,39.122976,-94.516456,46.8,42.4,26.6
KCT,UP112318,2018-11-23,9:45 PM,Fire/violent rupture,0,KANSAS CITY,MO,45,4,Dark,Clear,Main,,0,0,0,19978,E74L,39.08858,-94.56903,51.6,49.9,49.5
UP,1018KC014,2018-10-10,9:00 AM,Other impacts,0,KANSAS CITY,MO,55,2,Day,Clear,Yard,Yard/switching,2,9558,50,11518,S014,39.11989,-94.53495,69.3,55.1,48.3
KCT,UP220528,2022-05-28,12:16 AM,Obstruction,0,KANSAS CITY,MO,65,4,Dark,Clear,Main,,0,0,5000,869635,H499,39.09435,-94.53928,64.4,74.5,79.1
UP,0523HL031,2023-05-25,11:34 AM,Derailment,0,KANSAS CITY,KS,74,2,Day,Clear,Yard,Cut of cars,0,23589,0,100760,M203,39.097463,-94.665905,71,73.9,70.6
BNSF,KS1020106,2020-10-15,3:15 PM,Derailment,0,KANSAS CITY,KS,60,2,Day,Clear,Yard,Freight Train,6,29888,30000,59888,H307,39.080348,-94.671214,68.3,55.2,48.9
UP,0315KC002,2015-03-05,1:43 AM,Derailment,0,KANSAS CITY,KS,9,4,Dark,Clear,Yard,Yard/switching,3,3886,54087,57973,S103,39.092662,-94.653588,25.8,23.1,43.7
UP,0817KC026,2017-08-21,9:00 AM,Derailment,0,KANSAS CITY,KS,76,2,Day,Cloudy,Yard,Yard/switching,7,87716,85047,172763,H019,39.092247,-94.646149,82.3,77.9,72.4
BNSF,KS1222102,2022-12-02,1:40 AM,Side collision,0,KANSAS CITY,KS,45,4,Dark,Clear,Yard,Light loco(s),3,6200,0,16217,E39C,39.087248,-94.697809,38.8,49.4,26.5
UP,1017KC006,2017-10-04,11:56 PM,Other impacts,0,KANSAS CITY,MO,65,4,Dark,Clear,Yard,Single Car,0,64,0,18719,M411,39.122249,-94.507192,77.9,65.1,70.1
UP,0617KC019,2017-06-18,2:30 AM,Derailment,0,KANSAS CITY,MO,85,4,Dark,Clear,Yard,Single Car,0,18034,0,93963,H307,39.123536,-94.518339,80.1,74.9,76.7
KCS,22030501,2022-03-05,3:07 PM,Other impacts,0,KANSAS CITY,MO,60,2,Day,Cloudy,Yard,Yard/switching,4,100767,413,101327,M105,39.129821,-94.529459,53.7,60.3,34.2
KCS,22030501,2022-03-05,3:07 PM,Other impacts,0,KANSAS CITY,MO,60,2,Day,Cloudy,Yard,Cut of cars,2,147,0,101327,M105,39.129821,-94.529459,53.7,60.3,34.2
UP,0119HL036,2019-01-31,3:38 PM,Derailment,0,KANSAS CITY,MO,32,2,Day,Clear,Yard,Yard/switching,7,8546,105586,114132,E35C,39.12035,-94.529222,2.5,18.6,35.7
UP,0217KC004,2017-02-07,4:45 PM,Derailment,0,KANSAS CITY,MO,37,2,Day,Clear,Yard,Yard/switching,2,25477,9575,50573,M411,39.122976,-94.516456,46.8,42.4,26.6
KCS,17030201,2017-03-02,12:10 AM,Other impacts,0,KANSAS CITY,MO,33,4,Dark,Cloudy,Yard,Yard/switching,3,5391,0,44073,H702,39.12695,-94.51904,44.6,42,42.1
UP,0917KC020,2017-09-24,10:10 PM,Derailment,0,KANSAS CITY,MO,82,4,Dark,Clear,Yard,Freight Train,4,38615,59644,98259,T220,39.123392,-94.535053,82.4,82.4,79.4
UP,0717KC024,2017-07-30,11:54 AM,Derailment,0,KANSAS CITY,MO,79,2,Day,Clear,Main,Freight Train,8,11223,0,26293,M405,39.108606,-94.501909,76.9,75.1,72.4
BNSF,HL1219113,2019-12-26,6:30 AM,Derailment,0,KANSAS CITY,MO,37,1,Dawn,Cloudy,Yard,Yard/switching,5,2746,0,10914,H607,39.129125,-94.525865,58.5,40.4,35.7
NS,142615,2021-08-21,12:24 PM,Hwy-rail crossing,0,KANSAS CITY,MO,80,2,Day,Clear,Yard,Freight Train,6,12053,300,12353,M302,39.185904,-94.427557,82.1,75.5,77.6
KCS,22072201,2022-07-22,6:20 PM,Derailment,0,KANSAS CITY,MO,96,2,Day,Clear,Yard,Freight Train,3,40622,8355,48977,H704,39.126258,-94.503527,83.7,88.3,91.2
CP,1000946766,2019-02-28,10:00 AM,Other impacts,0,KANSAS CITY,MO,23,2,Day,Cloudy,Yard,Cut of cars,1,26000,0,36000,H020,39.128761,-94.517204,23.1,22.6,31
KCT,UP220411,2022-04-11,7:53 AM,Derailment,0,KANSAS CITY,MO,55,1,Dawn,Clear,Main,,0,0,151722,771921,M204,39.109,-94.504,64.9,57.7,67.2
UP,0822HL023,2022-08-18,11:30 AM,Derailment,0,KANSAS CITY,MO,79,2,Day,Clear,Yard,,0,0,3800,62542,H702,39.120827,-94.496988,74.3,75.7,73.2
BNSF,KS0822101,2022-08-03,3:51 AM,Side collision,0,KANSAS CITY,KS,72,4,Dark,Clear,Yard,Yard/switching,9,55420,0,82420,H607,39.081097,-94.673796,88.5,83.7,83.4