reportingrailroadcode,accidentnumber,date,time,accidenttype,hazmatreleasedcars,station,stateabbr,temperature,visibility_code,visibility,weathercondition,tracktype,equipmenttype,trainspeed,equipmentdamagecost,trackdamagecost,totaldamagecost,primaryaccidentcausecode,latitude,longitude,prior_temp,actual_temp,following_temp
BNSF,KS1122103,2022-11-05,8:07 AM,Derailment,0,KANSAS CITY,KS,60,1,Dawn,Rain,Yard,Yard/switching,3,34829,50100,86324,M410,39.080901,-94.672777,53.2,46.4,54.1
BNSF,KS0215101,2015-02-01,6:15 AM,Derailment,0,KANSAS CITY,KS,8,1,Dawn,Snow,Yard,Yard/switching,5,263571,166342,429913,S015,39.075366,-94.729153,37.5,28.7,17.2
BNSF,KS0822101,2022-08-03,3:51 AM,Side collision,0,KANSAS CITY,KS,72,4,Dark,Clear,Yard,Yard/switching,3,25500,1500,82420,H607,39.081097,-94.673796,88.5,83.7,83.4
UP,1222HL005,2022-12-05,3:00 AM,Other impacts,0,KANSAS CITY,KS,35,4,Dark,Cloudy,Yard,Single Car,0,26073,0,36864,S099,39.097535,-94.66646,34.9,41.9,39.3
BNSF,KS1221109,2021-12-08,11:20 AM,Other impacts,0,KANSAS CITY,KS,46,2,Day,Clear,Yard,Yard/switching,3,43470,0,43470,M411,39.085884,-94.691506,33.9,40.9,51.2
KCT,UP210730,2021-07-30,12:49 PM,Derailment,0,KANSAS CITY,KS,96,2,Day,Clear,Main,,0,0,5500,160623,H506,39.084788,-94.611618,88.8,87.6,79.7
BNSF,KS0621110,2021-06-24,7:15 AM,Side collision,0,KANSAS CITY,KS,63,1,Dawn,Cloudy,Yard,Yard/switching,4,18300,100,80228,M407,39.081238,-94.674116,79.3,81.2,74.8
UP,0319HL036,2019-03-28,4:40 PM,Derailment,0,KANSAS CITY,KS,59,2,Day,Cloudy,Industry,Light loco(s),6,23964,150,24114,M101,39.069612,-94.615059,61.4,58.6,48.9
BNSF,KS1222104,2022-12-05,4:28 AM,Side collision,0,KANSAS CITY,KS,40,1,Dawn,Clear,Yard,Light loco(s),3,5000,39710,129116,H607,39.086977,-94.694749,34.9,41.9,39.3
BNSF,KS0221106,2021-02-19,1:12 PM,Derailment,0,KANSAS CITY,KS,25,2,Day,Clear,Yard,Light loco(s),5,47532,1500,49032,H702,39.076416,-94.653067,16.1,21.8,31
BNSF,KS0222109,2022-02-06,11:00 PM,Other (describe in narrative),0,KANSAS CITY,KS,33,4,Dark,Clear,Yard,Yard/switching,5,11647,0,11647,M599,39.085107,-94.688612,30.8,36.6,37.9
BNSF,KS1020103,2020-10-02,12:28 AM,Other impacts,0,KANSAS CITY,KS,57,4,Dark,Clear,Yard,Yard/switching,7,15774,0,15774,H317,39.085486,-94.6919,54.6,53,56.5
UP,0320HL006,2020-03-09,8:20 PM,Fire/violent rupture,0,KANSAS CITY,KS,39,4,Dark,Clear,Main,Freight Train,40,17374,0,17374,E74L,38.859809,-94.612004,59.4,49.5,42.8
UP,0117KC012,2017-01-23,5:00 AM,Other impacts,0,KANSAS CITY,KS,32,4,Dark,Cloudy,Yard,Light loco(s),9,665,33,23670,H021,39.141657,-94.62235,42.5,35.9,40.2
UP,1020HL003,2020-10-03,11:38 AM,Other impacts,0,KANSAS CITY,MO,60,2,Day,Clear,Yard,Single Car,4,896,0,28183,E34C,39.122684,-94.533422,53,56.5,51.2
KCS,19122601,2019-12-26,6:30 AM,Derailment,0,KANSAS CITY,MO,37,1,Dawn,Cloudy,Yard,,0,0,8168,10914,H607,39.129125,-94.525865,58.5,40.4,35.7
BNSF,KS1217107,2017-12-31,11:15 PM,Other (describe in narrative),0,KANSAS CITY,KS,-2,4,Dark,Clear,Yard,Freight Train,5,31510,2200,33710,H704,39.088149,-94.698684,12.8,6.1,1.3
UP,1020HL003,2020-10-03,11:38 AM,Other impacts,0,KANSAS CITY,MO,60,2,Day,Clear,Yard,Yard/switching,4,25949,1338,28183,E34C,39.122684,-94.533422,53,56.5,51.2
BNSF,KS1221118,2021-12-30,4:54 PM,Derailment,0,KANSAS CITY,KS,50,2,Day,Clear,Yard,Yard/switching,4,4579,14774,19353,M409,39.074784,-94.651594,28.1,35.3,41
UP,1217KC010,2017-12-09,7:04 PM,Other (describe in narrative),0,KANSAS CITY,KS,38,4,Dark,Clear,Industry,Yard/switching,6,12544,33,12577,H601,39.141719,-94.601037,30.8,33.8,41.7
BNSF,KS0720102,2020-07-07,7:30 AM,Derailment,0,KANSAS CITY,KS,85,1,Dawn,Clear,Yard,Yard/switching,4,12340,30185,42525,E30C,39.085948,-94.691485,84.2,86.1,86.7
BNSF,KS1019108,2019-10-14,10:30 PM,Side collision,0,KANSAS CITY,KS,64,4,Dark,Clear,Yard,Yard/switching,4,6375,0,34000,M407,39.082264,-94.678163,51.9,57.4,61.1
BNSF,KS0815100,2015-08-01,2:58 AM,Derailment,0,KANSAS CITY,KS,75,4,Dark,Clear,Yard,Yard/switching,3,3056,9000,13081,M408,39.082436,-94.679524,79.7,82.3,83.8
BNSF,KS0916100,2016-09-01,4:30 AM,Raking collision,0,KANSAS CITY,KS,63,4,Dark,Clear,Yard,Yard/switching,7,100,0,13300,H99C,39.084208,-94.687517,75.7,71,69.3
BNSF,KS0816103,2016-08-15,8:25 AM,Side collision,0,KANSAS CITY,KS,81,1,Dawn,Cloudy,Yard,Yard/switching,1,70000,0,175836,H607,39.079644,-94.667004,79.4,76.5,79.1
BNSF,KS0916103,2016-09-14,4:23 PM,Derailment,0,KANSAS CITY,KS,75,2,Day,Clear,Yard,Light loco(s),5,16003,150,16153,S011,39.086819,-94.693423,74.5,71.2,76.3
BNSF,KS0222119,2022-02-21,11:50 PM,Derailment,0,KANSAS CITY,KS,32,4,Dark,Clear,Yard,Yard/switching,8,4964,8782,24395,M407,39.082271,-94.678196,47.3,54.5,21.2
BNSF,KS1220109,2020-12-28,1:36 AM,Derailment,0,KANSAS CITY,KS,40,4,Dark,Clear,Yard,Yard/switching,2,14234,0,14234,E34C,39.087217,-94.701586,44.7,32.7,31.6
BNSF,KS1222108,2022-12-21,5:13 AM,Derailment,0,KANSAS CITY,KS,-8,1,Dawn,Snow,Yard,Light loco(s),5,29400,3000,32400,H703,39.087384,-94.70002,23.2,28.4,1.1
BNSF,KS1221112,2021-12-14,6:17 PM,Derailment,0,KANSAS CITY,KS,65,3,Dusk,Clear,Yard,Yard/switching,7,17687,1629,19316,M411,39.085881,-94.68962,46.9,56.2,67.4
BNSF,KS1019108,2019-10-14,10:30 PM,Side collision,0,KANSAS CITY,KS,64,4,Dark,Clear,Yard,Yard/switching,7,2125,25500,34000,M407,39.082264,-94.678163,51.9,57.4,61.1
UP,0519HL014,2019-05-10,2:04 AM,Other impacts,0,KANSAS CITY,KS,44,4,Dark,Clear,Yard,Single Car,0,7740,0,16325,H312,39.096639,-94.662301,49.4,54.1,54.7
BNSF,KS1222104,2022-12-05,4:28 AM,Side collision,0,KANSAS CITY,KS,40,1,Dawn,Clear,Yard,Freight Train,6,84406,0,129116,H607,39.086977,-94.694749,34.9,41.9,39.3
UP,1222HL005,2022-12-05,3:00 AM,Other impacts,0,KANSAS CITY,KS,35,4,Dark,Cloudy,Yard,Yard/switching,4,10626,165,36864,S099,39.097535,-94.66646,34.9,41.9,39.3
BNSF,KS0222119,2022-02-21,11:50 PM,Derailment,0,KANSAS CITY,KS,32,4,Dark,Clear,Yard,Yard/switching,4,10649,0,24395,M407,39.082271,-94.678196,47.3,54.5,21.2
BNSF,KS0916100,2016-09-01,4:30 AM,Raking collision,0,KANSAS CITY,KS,63,4,Dark,Clear,Yard,Yard/switching,4,13200,0,13300,H99C,39.084208,-94.687517,75.7,71,69.3
KAW,240722006,2024-07-22,3:00 AM,Other impacts,0,KANSAS CITY,KS,70,4,Dark,Clear,Yard,Cut of cars,8,14810,2674,34062,H310,39.078793,-94.631224,74.3,75,78.8
UP,0423HL028,2023-04-27,1:30 AM,Derailment,0,KANSAS CITY,KS,56,4,Dark,Clear,Industry,Yard/switching,4,37268,1424,38692,H503,39.12701,-94.60451,58.2,60.7,59
BNSF,KS0621110,2021-06-24,7:15 AM,Side collision,0,KANSAS CITY,KS,63,1,Dawn,Cloudy,Yard,Yard/switching,0,61828,0,80228,M407,39.081238,-94.674116,79.3,81.2,74.8
BNSF,KS0623105,2023-06-04,5:24 AM,Derailment,0,KANSAS CITY,KS,75,1,Dawn,Clear,Yard,Yard/switching,3,25968,7000,32968,S007,39.083942,-94.689662,79.2,78,77.8
BNSF,KS0222112,2022-02-10,10:06 AM,Derailment,0,KANSAS CITY,KS,30,2,Day,Clear,Yard,Yard/switching,10,79740,1500,81240,M407,39.082315,-94.679297,43.5,40.8,44.9
UP,0519HL014,2019-05-10,2:04 AM,Other impacts,0,KANSAS CITY,KS,44,4,Dark,Clear,Yard,Yard/switching,4,7335,1250,16325,H312,39.096639,-94.662301,49.4,54.1,54.7
BNSF,KS0815100,2015-08-01,2:58 AM,Derailment,0,KANSAS CITY,KS,75,4,Dark,Clear,Yard,Cut of cars,0,1025,0,13081,M408,39.082436,-94.679524,79.7,82.3,83.8
UP,1215KC010,2015-12-15,10:10 PM,Derailment,0,KANSAS CITY,KS,51,4,Dark,Clear,Yard,Yard/switching,10,8860,114136,122996,M405,39.131861,-94.612079,43.6,49.6,38
UP,1221HL014,2021-12-16,6:40 AM,Other impacts,0,KANSAS CITY,KS,33,1,Dawn,Clear,Yard,Yard/switching,4,12660,0,13921,M105,39.097292,-94.664807,67.4,40,38.5
KAW,240722006,2024-07-22,3:00 AM,Other impacts,0,KANSAS CITY,KS,70,4,Dark,Clear,Yard,Yard/switching,2,14252,2326,34062,H310,39.078793,-94.631224,74.3,75,78.8
UP,0323HL008,2023-03-08,1:22 PM,Other impacts,0,KANSAS CITY,KS,45,2,Day,Rain,Yard,Single Car,5,485,0,41938,S015,39.097694,-94.666802,42.9,43.3,40.7
UP,0919HL019,2019-09-19,10:15 PM,Other impacts,0,KANSAS CITY,KS,78,4,Dark,Clear,Yard,Yard/switching,4,14201,3653,19014,H312,39.096485,-94.662332,84.6,84,79.4
BNSF,KS0521108,2021-05-31,8:05 AM,Side collision,0,KANSAS CITY,KS,70,1,Dawn,Cloudy,Yard,Yard/switching,4,2977,0,11277,M407,39.082515,-94.680674,60.3,62.5,65.9
UP,0422HL005,2022-04-11,7:53 AM,Derailment,0,KANSAS CITY,MO,50,1,Dawn,Cloudy,Main,Freight Train,9,180279,107919,771921,M204,39.109603,-94.501949,64.9,57.7,67.2
UP,0922HL015,2022-09-16,7:15 AM,Hwy-rail crossing,0,KANSAS CITY,MO,60,2,Day,Clear,Main,Freight Train,40,3984,9037,13021,M302,39.029109,-94.528499,75.6,74.9,80.6
UP,0920HL011,2020-09-15,7:49 AM,Derailment,0,KANSAS CITY,KS,58,1,Dawn,Clear,Main,Freight Train,26,151515,0,1094515,H220,39.081624,-94.604218,68,69.2,71
UP,0118KC038,2018-01-29,5:42 PM,Derailment,0,KANSAS CITY,MO,28,2,Day,Clear,Yard,Yard/switching,6,100,14010,14210,S016,39.121935,-94.504038,33.9,23.7,38.1
UP,0416KC001,2016-04-04,3:39 AM,Derailment,0,KANSAS CITY,MO,50,4,Dark,Clear,Yard,Yard/switching,2,40863,3690,71008,H306,39.124893,-94.517969,64.7,60.9,60.3
BNSF,KS1115103,2015-11-15,2:20 PM,Derailment,0,KANSAS CITY,KS,60,2,Day,Clear,Yard,Light loco(s),2,24792,7950,32742,H607,39.077412,-94.656943,57.1,55.7,55.2
BNSF,KS0621108,2021-06-14,11:11 AM,Side collision,0,KANSAS CITY,KS,80,2,Day,Clear,Yard,Yard/switching,2,3261,0,47492,H317,39.082321,-94.679092,78.2,80.5,83.8
UP,0720HL028,2020-07-30,4:27 PM,Other impacts,0,KANSAS CITY,KS,77,2,Day,Cloudy,Yard,Cut of cars,4,78486,0,440629,E04C,39.095103,-94.655057,77.4,73.7,73.4
BNSF,KS0621108,2021-06-14,11:11 AM,Side collision,0,KANSAS CITY,KS,80,2,Day,Clear,Yard,Yard/switching,0,44231,0,47492,H317,39.082321,-94.679092,78.2,80.5,83.8
BNSF,KS0521108,2021-05-31,8:05 AM,Side collision,0,KANSAS CITY,KS,70,1,Dawn,Cloudy,Yard,Yard/switching,5,8300,0,11277,M407,39.082515,-94.680674,60.3,62.5,65.9
KCT,UP210324,2021-03-24,1:05 AM,Derailment,0,KANSAS CITY,MO,51,4,Dark,Rain,Main,,0,0,36261,66938,M203,39.076093,-94.603321,53.8,48.1,44.1
BNSF,KS0316107,2016-03-22,2:00 PM,Derailment,0,KANSAS CITY,KS,70,2,Day,Clear,Yard,Yard/switching,7,152309,32567,184876,H508,39.08759,-94.684376,49,61.7,68.1
UP,0121HL011,2021-01-18,7:55 AM,Other impacts,0,KANSAS CITY,KS,30,1,Dawn,Cloudy,Yard,Yard/switching,3,1624,99,25964,H318,39.094747,-94.65324,32.4,32.9,36.3
UP,0720HL028,2020-07-30,4:27 PM,Other impacts,0,KANSAS CITY,KS,77,2,Day,Cloudy,Yard,Yard/switching,1,83217,278926,440629,E04C,39.095103,-94.655057,77.4,73.7,73.4
BNSF,KS0223109,2023-02-15,11:00 PM,Derailment,0,KANSAS CITY,KS,50,4,Dark,Rain,Yard,Freight Train,3,23621,42588,66209,H525,39.087395,-94.702662,49.3,38.8,27.2
KCT,UP240215,2024-02-15,11:30 AM,Derailment,0,KANSAS CITY,MO,46,2,Day,Clear,Main,Freight Train,0,0,67027,67027,E24C,39.10855,-94.50052,51,43.4,32.6
UP,0819HL009,2019-08-05,3:42 PM,Derailment,0,KANSAS CITY,MO,90,2,Day,Cloudy,Main,Freight Train,25,100,18105,18205,E47C,38.995027,-94.529764,80.5,82.3,83.4
KCS,15081802,2015-08-18,6:45 PM,Derailment,0,KANSAS CITY,MO,78,2,Day,Rain,Yard,Yard/switching,5,51000,3489,54489,H318,39.129092,-94.522501,82.2,75.1,66.4
BNSF,KS0115109,2015-01-16,1:50 PM,Derailment,0,KANSAS CITY,KS,62,2,Day,Clear,Yard,Yard/switching,4,76988,288149,365137,E07C,39.074049,-94.649702,34.1,42.4,47.8
UP,1220HL008,2020-12-12,12:30 PM,Derailment,0,KANSAS CITY,KS,36,2,Day,Cloudy,Yard,Yard/switching,3,18746,6825,25571,E86C,39.093781,-94.649858,43.5,35.6,31.4
KCT,UP073017,2017-07-30,11:54 AM,Derailment,0,KANSAS CITY,MO,79,2,Day,Clear,Main,,0,0,15070,26293,M405,39.108606,-94.501909,76.9,75.1,72.4
KCT,UP042020,2020-04-20,12:50 PM,Obstruction,0,KANSAS CITY,MO,52,2,Day,Cloudy,Main,,0,0,0,30660,M404,39.088298,-94.561152,56.1,55.7,58.5
UP,0319HL031,2019-03-25,8:30 PM,Derailment,0,KANSAS CITY,KS,51,4,Dark,Cloudy,Yard,Yard/switching,3,5532,19630,25162,E35C,39.096198,-94.662423,54,51,52.3
BNSF,KS0622110,2022-06-11,1:30 AM,Derailment,0,KANSAS CITY,KS,75,4,Dark,Clear,Yard,Yard/switching,10,52300,0,52300,M411,39.085204,-94.686462,75.1,79.9,84
KCS,18121403,2018-12-14,4:33 AM,Derailment,0,KANSAS CITY,MO,39,4,Dark,Clear,Main,Freight Train,0,193028,0,456404,H702,39.112603,-94.476961,42.7,38.2,37.2
BNSF,KS0323102,2023-03-02,2:10 PM,Derailment,0,KANSAS CITY,KS,50,2,Day,Clear,Yard,Light loco(s),3,28303,5000,33303,H607,39.079584,-94.666022,48.1,38,43.1
UP,0616KC011,2016-06-22,12:15 AM,Derailment,0,KANSAS CITY,MO,83,4,Dark,Clear,Yard,Light loco(s),5,17810,4359,22169,H303,39.120801,-94.544625,85.3,90.8,85.6
UP,0516KC014,2016-05-27,11:15 AM,Derailment,0,KANSAS CITY,MO,81,2,Day,Cloudy,Main,Freight Train,4,78459,185720,264179,H518,39.110291,-94.500675,70.5,69,68.9
UP,0617KC004,2017-06-07,8:20 PM,Derailment,0,KANSAS CITY,MO,75,4,Dark,Clear,Main,Freight Train,0,0,109223,294323,T308,39.120226,-94.49478,74.5,72.6,74
KCT,UP05212016,2016-05-21,4:41 PM,Derailment,0,KANSAS CITY,KS,74,2,Day,Clear,Main,Freight Train,0,0,14905,50108,T103,39.08442,-94.610875,60.9,64.2,70.4
UP,0617KC010,2017-06-15,1:30 PM,Derailment,0,KANSAS CITY,MO,93,2,Day,Clear,Yard,Yard/switching,3,19805,7600,27405,T109,39.12239,-94.506452,83.6,81.7,82.7
BNSF,KS1217101,2017-12-08,3:25 AM,Derailment,0,KANSAS CITY,KS,41,4,Dark,Clear,Yard,Yard/switching,5,38354,250,38604,T305,39.085002,-94.69132,24.5,30.8,33.8
KCT,UP040218,2018-04-02,12:45 AM,Derailment,0,KANSAS CITY,MO,25,4,Dark,Clear,Main,Freight Train,0,0,2400,48022,T206,39.075744,-94.603956,29.9,30.4,37.2
UP,1021HL019,2021-10-19,4:32 AM,Derailment,0,KANSAS CITY,MO,59,1,Dawn,Cloudy,Main,Freight Train,10,159,94605,112264,T199,39.10947,-94.50243,61.9,65.5,62.7
UP,0519HL028,2019-05-13,3:40 PM,Derailment,0,KANSAS CITY,KS,68,2,Day,Clear,Yard,Yard/switching,10,45357,23230,68587,T101,39.093885,-94.655163,54.4,58.8,71
UP,0219HL009,2019-02-09,6:15 AM,Derailment,0,KANSAS CITY,KS,15,1,Dawn,Cloudy,Yard,Yard/switching,4,2443,24696,27139,T110,39.092049,-94.638707,15,22.9,34.6
BNSF,KS0722105,2022-07-11,9:20 AM,Derailment,0,KANSAS CITY,KS,90,2,Day,Clear,Yard,Light loco(s),2,10775,1500,12275,T314,39.087296,-94.694105,81.9,83.5,78.1
UP,0418KC002,2018-04-02,12:45 AM,Derailment,0,KANSAS CITY,MO,25,4,Dark,Cloudy,Main,Freight Train,5,4260,41362,48022,T206,39.075744,-94.603956,29.9,30.4,37.2
KAW,210905001,2021-09-05,7:35 PM,Derailment,0,KANSAS CITY,MO,80,3,Dusk,Clear,Main,Freight Train,10,8000,0,214075,T319,39.109543,-94.590963,72.9,71.5,76.5
UP,1016KC003,2016-10-06,1:30 PM,Derailment,0,KANSAS CITY,KS,78,2,Day,Clear,Industry,Yard/switching,1,863,46666,47529,T110,39.127124,-94.604389,69.8,70.3,54.6
KCT,UP211019,2021-10-19,4:14 AM,Derailment,0,KANSAS CITY,MO,56,4,Dark,Clear,Main,Freight Train,0,0,17500,112264,T199,39.10947,-94.50243,61.9,65.5,62.7
KAW,200904002,2020-09-04,5:20 AM,Derailment,0,KANSAS CITY,KS,58,1,Dawn,Clear,Yard,Freight Train,3,0,28500,28500,T319,39.07831,-94.637167,74.1,71.3,79.3
KAW,220527004,2022-05-27,6:40 PM,Derailment,0,KANSAS CITY,MO,80,2,Day,Clear,Industry,Freight Train,5,0,17500,17500,T110,39.09384,-94.54024,58.7,64.4,74.5
BNSF,HL1221123,2021-12-29,4:15 AM,Derailment,0,KANSAS CITY,MO,25,1,Dawn,Cloudy,Yard,Freight Train,9,241000,55400,296400,T207,39.148013,-94.584833,44.5,28.1,35.3
BNSF,KS0923105,2023-09-09,3:03 AM,Derailment,0,KANSAS CITY,KS,75,4,Dark,Clear,Yard,Yard/switching,4,4735,6849,11584,T314,39.08607,-94.693991,74.8,73.2,76.4
KCS,20111101,2020-11-11,4:50 AM,Derailment,0,KANSAS CITY,MO,30,4,Dark,Clear,Yard,Freight Train,6,6548,10800,17348,T207,39.125919,-94.502553,47.4,42.5,45.3
UP,0124HL036,2024-01-28,2:00 PM,Derailment,0,KANSAS CITY,MO,49,2,Day,Clear,Yard,Freight Train,8,19514,3074,22588,T110,39.113906,-94.481136,35.1,37.6,43.4
UP,0716KC008,2016-07-06,6:41 PM,Derailment,0,KANSAS CITY,MO,91,2,Day,Clear,Yard,Light loco(s),5,57142,600,57742,T206,39.120718,-94.500565,85.7,85,81.5
UP,0518KC028,2018-05-28,4:17 PM,Derailment,0,KANSAS CITY,MO,91,2,Day,Cloudy,Yard,Freight Train,8,25197,0,25997,T319,39.132581,-94.585212,84.6,85.3,82.5
UP,0919HL016,2019-09-14,1:52 AM,Derailment,0,KANSAS CITY,MO,67,4,Dark,Clear,Yard,Cut of cars,0,3769,0,269812,T103,39.114005,-94.481487,70.8,77.4,83.9
BNSF,KS0624107,2024-06-16,10:04 AM,Derailment,0,KANSAS CITY,KS,84,2,Day,Clear,Yard,Yard/switching,6,10980,2500,13480,T307,39.088127,-94.691265,81.3,84.1,85.2
UP,1117KC026,2017-11-24,10:56 AM,Derailment,0,KANSAS CITY,MO,71,2,Day,Clear,Yard,Freight Train,5,5000,6787,11787,T303,39.123242,-94.50616,47.7,61.8,50.1
UP,0919HL016,2019-09-14,1:52 AM,Derailment,0,KANSAS CITY,MO,67,4,Dark,Clear,Yard,Yard/switching,3,179416,59444,269812,T103,39.114005,-94.487487,70.8,77.4,83.9
BNSF,HL0619114,2019-06-23,10:10 PM,Derailment,0,KANSAS CITY,MO,73,4,Dark,Clear,Yard,Freight Train,7,237000,240000,477000,T001,39.12515,-94.586007,79.4,69.2,72.3
BNSF,KS0423103,2023-04-05,4:15 PM,Derailment,0,KANSAS CITY,KS,50,2,Day,Clear,Yard,Yard/switching,3,2233,12360,14593,T314,39.084064,-94.689485,68.9,44.1,46.6
UP,0421HL002,2021-04-06,1:04 PM,Derailment,0,KANSAS CITY,MO,77,2,Day,Clear,Yard,Yard/switching,4,3818,19800,23618,T113,39.122458,-94.535088,68.9,70.7,58.7
UP,0719HL018,2019-07-25,1:45 PM,Derailment,0,KANSAS CITY,MO,84,2,Day,Cloudy,Yard,Yard/switching,3,148900,45441,194341,T103,39.113956,-94.481311,75.6,77.3,79.8
UP,0322HL011,2022-03-13,5:30 PM,Derailment,0,KANSAS CITY,MO,66,2,Day,Cloudy,Yard,Freight Train,4,172668,156395,329063,T111,39.121885,-94.523999,23.2,51.1,52.7
KCT,UP230629,2023-06-29,2:45 PM,Derailment,0,KANSAS CITY,MO,91,2,Day,Clear,Main,Freight Train,0,0,227000,597799,T108,39.095627,-94.536489,85.8,86.3,84.9
UP,0117KC007,2017-01-14,9:13 PM,Derailment,0,KANSAS CITY,MO,31,4,Dark,Sleet,Yard,Yard/switching,6,12777,2083,14860,T111,39.116821,-94.555552,25,29.4,32
UP,0919HL016,2019-09-14,1:52 AM,Derailment,0,KANSAS CITY,MO,67,4,Dark,Clear,Yard,Freight Train,0,27183,0,269812,T103,39.114005,-94.481487,70.8,77.4,83.9
BNSF,KS0217113,2017-02-28,1:30 AM,Derailment,0,KANSAS CITY,KS,63,4,Dark,Cloudy,Yard,Yard/switching,7,71197,3150,74347,T110,39.085196,-94.689573,47.9,65.4,44.6
UP,0618KC006,2018-06-05,4:04 PM,Derailment,0,KANSAS CITY,MO,88,2,Day,Clear,Yard,Yard/switching,2,159,17230,17389,T319,39.121047,-94.510371,71.5,77.4,82.5
NS,129220,2018-04-21,11:20 AM,Derailment,0,KANSAS CITY,MO,72,2,Day,Clear,Yard,Light loco(s),6,54,12028,12082,T110,39.178251,-94.440504,53.4,57.2,58.3
UP,0621HL014,2021-06-19,4:42 PM,Derailment,0,KANSAS CITY,MO,92,2,Day,Clear,Yard,Yard/switching,1,1665,37720,39385,T403,39.12257,-94.535086,88.8,86.3,84.7
BNSF,NE1214105,2014-12-08,12:55 PM,Derailment,0,KANSAS CITY,MO,35,2,Day,Clear,Yard,Freight Train,4,77498,30000,107498,T110,39.137552,-94.586609,38.5,46.3,32.2
BNSF,KS0115115,2015-01-27,4:50 PM,Derailment,0,KANSAS CITY,KS,38,2,Day,Clear,Yard,Yard/switching,7,36491,100477,136968,T319,39.079878,-94.672824,42.7,43.3,56.9
UP,1215KC015,2015-12-28,5:30 AM,Derailment,0,KANSAS CITY,MO,30,4,Dark,Snow,Yard,Freight Train,6,17110,15855,32965,T299,39.12295,-94.516446,34.4,31,25.6
UP,0323HL044,2023-03-31,11:30 PM,Derailment,0,KANSAS CITY,KS,55,4,Dark,Cloudy,Yard,Freight Train,1,16872,7898,24770,T205,39.098839,-94.673024,55.9,67.1,47.2
BNSF,KS0322111,2022-03-20,12:56 AM,Derailment,0,KANSAS CITY,KS,50,4,Dark,Clear,Yard,Yard/switching,3,10104,2347,12451,T102,39.084763,-94.67905,47.7,61.4,58.9
KAW,220304005,2022-03-04,3:00 PM,Derailment,0,KANSAS CITY,KS,60,2,Day,Clear,Industry,Freight Train,4,0,15000,15000,T110,39.08894,-94.65306,48.7,53.7,60.3
UP,0918KC001,2018-09-01,10:50 AM,Derailment,0,KANSAS CITY,KS,86,2,Day,Clear,Yard,Yard/switching,5,7590,3305,10895,T110,39.098746,-94.619059,78.3,84.6,81.8
BNSF,KS1223111,2023-12-15,4:15 PM,Derailment,0,KANSAS CITY,KS,47,2,Day,Rain,Yard,Freight Train,5,12860,50000,62860,T207,39.086907,-94.69007,44.2,48.6,43.2
KAW,231129007,2023-11-29,9:00 PM,Derailment,0,KANSAS CITY,KS,40,4,Dark,Clear,Industry,Yard/switching,4,1143,18000,19143,T110,39.078144,-94.627829,33.2,41.9,48.8
BNSF,KS0621117,2021-06-30,6:15 PM,Derailment,0,KANSAS CITY,KS,80,3,Dusk,Cloudy,Yard,Freight Train,8,15164,1500,16664,T308,39.081091,-94.676245,73.8,73.7,78.4
BNSF,KS1223101,2023-12-01,7:00 PM,Derailment,0,KANSAS CITY,KS,27,3,Dusk,Clear,Yard,Light loco(s),4,4554,6277,10831,T314,39.078032,-94.663705,48.8,37.7,35.5
BNSF,KS0923111,2023-09-15,3:20 AM,Derailment,0,KANSAS CITY,KS,59,4,Dark,Clear,Yard,Freight Train,10,105946,4750,110696,T314,39.086684,-94.691319,70.9,72.7,68.8
BNSF,KS0623101,2023-06-01,7:00 AM,Derailment,0,KANSAS CITY,KS,72,1,Dawn,Clear,Yard,Yard/switching,3,14135,5000,19135,T315,39.080928,-94.672877,70.5,77.8,78.4
UP,0219HL020,2019-02-17,4:12 PM,Derailment,0,KANSAS CITY,KS,28,2,Day,Cloudy,Yard,Yard/switching,10,5532,10900,16432,T303,39.093781,-94.649858,21.7,26.1,21.5
UP,0715KC005,2015-07-09,12:45 AM,Derailment,0,KANSAS CITY,MO,68,4,Dark,Clear,Yard,Yard/switching,4,8267,2630,10897,T001,39.101778,-94.603069,65.3,70.4,71.9
UP,0816KC024,2016-08-30,2:00 AM,Derailment,0,KANSAS CITY,MO,75,4,Dark,Rain,Yard,Yard/switching,1,2842,9050,11892,T299,39.100346,-94.607214,80.3,79.1,75.8
UP,0419HL036,2019-04-26,1:45 PM,Derailment,0,KANSAS CITY,KS,65,2,Day,Clear,Siding,Freight Train,24,10857,48186,59043,T319,39.093932,-94.653394,60.1,60.5,61.5
UP,0916KC016,2016-09-23,11:20 PM,Derailment,0,KANSAS CITY,MO,80,4,Dark,Clear,Yard,Yard/switching,7,11197,5844,17041,T314,39.10893,-94.590938,80.7,80,80.9
UP,1016KC016,2016-10-27,1:05 AM,Derailment,0,KANSAS CITY,MO,50,4,Dark,Clear,Yard,Freight Train,6,41594,42362,83956,T210,39.123392,-94.535053,66.7,59,70.1
BNSF,KS0619102,2019-06-03,2:20 AM,Derailment,0,KANSAS CITY,KS,70,4,Dark,Clear,Yard,Yard/switching,2,78843,250,79093,T305,39.085382,-94.688195,73.3,74.9,77.8
BNSF,HL0721107,2021-07-10,12:45 AM,Derailment,0,KANSAS CITY,MO,78,4,Dark,Clear,Yard,Yard/switching,7,31257,0,107257,T001,39.124326,-94.575949,81.9,74.9,68.7
BNSF,KS0620107,2020-06-08,3:12 PM,Derailment,0,KANSAS CITY,KS,90,2,Day,Clear,Main,Freight Train,15,23000,151647,174647,T319,39.072525,-94.638584,84.8,84.3,82.3