reportingrailroadcode,accidentnumber,date,time,accidenttype,hazmatreleasedcars,station,stateabbr,temperature,visibility_code,visibility,weathercondition,tracktype,equipmenttype,trainspeed,equipmentdamagecost,trackdamagecost,totaldamagecost,primaryaccidentcausecode,latitude,longitude,prior_temp,actual_temp,following_temp
KAW,220201006,2022-02-01,5:20 PM,Derailment,0,KANSAS CITY,KS,10,3,Dusk,Clear,Yard,Yard/switching,5,0,40000,40000,T319,39.07837,-94.6385,46.7,44.6,18.8
BNSF,KS0515114,2015-05-24,10:55 AM,Derailment,0,KANSAS CITY,KS,55,2,Day,Rain,Yard,Yard/switching,4,14599,1600,16199,T111,39.086235,-94.677489,64.3,66.7,71.2
BNSF,KS0615110,2015-06-25,12:48 PM,Derailment,0,KANSAS CITY,KS,75,2,Day,Cloudy,Main,Freight Train,6,18495,53000,71495,T109,39.088418,-94.698853,82.8,86.3,73.4
BNSF,KS0623113,2023-06-25,6:08 AM,Derailment,0,KANSAS CITY,KS,71,1,Dawn,Clear,Yard,Light loco(s),4,800,15500,16300,T311,39.082634,-94.684892,85.1,79.4,76.5
UP,0124HL034,2024-01-26,10:44 AM,Derailment,0,KANSAS CITY,MO,36,2,Day,Cloudy,Yard,Freight Train,7,10428,7444,17872,T111,39.124135,-94.521382,37.9,36,35.1
UP,0216KC003,2016-02-04,7:52 PM,Derailment,0,KANSAS CITY,MO,34,4,Dark,Clear,Yard,Freight Train,10,52170,69684,121854,T001,39.12001,-94.534938,31.5,32.2,33.8
UP,0316KC012,2016-03-21,12:30 PM,Derailment,0,KANSAS CITY,MO,65,2,Day,Cloudy,Main,Freight Train,10,8923,0,32582,T314,39.110705,-94.4982,40.8,49.1,61.8
UP,1023HL013,2023-10-17,5:31 AM,Derailment,0,KANSAS CITY,KS,43,1,Dawn,Clear,Yard,Yard/switching,5,15630,47426,63056,T201,39.134389,-94.597798,51.5,55.7,58.3
BNSF,KS0118109,2018-01-13,9:15 AM,Derailment,0,KANSAS CITY,KS,8,2,Day,Clear,Yard,Yard/switching,4,14525,1200,20936,T305,39.08445,-94.690455,14.1,17.6,25.6
UP,0623HL027,2023-06-29,2:45 PM,Derailment,0,KANSAS CITY,MO,91,2,Day,Clear,Main,Freight Train,3,334339,36460,597799,T108,39.108694,-94.500592,85.8,86.3,84.9
BNSF,KS1215108,2015-12-18,2:10 AM,Derailment,0,KANSAS CITY,KS,25,4,Dark,Clear,Yard,Freight Train,7,15060,29000,44060,T314,39.077956,-94.663717,32.4,33.2,40
BNSF,HL0119125,2019-01-20,12:15 PM,Derailment,0,KANSAS CITY,MO,20,2,Day,Cloudy,Yard,Yard/switching,7,87603,374000,461603,T110,39.134924,-94.586462,19.8,16.8,26.5
UP,0417KC015,2017-04-22,12:25 PM,Derailment,0,KANSAS CITY,KS,68,2,Day,Clear,Yard,Work train,4,145924,113980,259904,T205,39.098599,-94.619106,53.6,58.1,58.1
UP,0616KC007,2016-06-15,12:35 PM,Derailment,0,KANSAS CITY,KS,98,2,Day,Clear,Yard,Freight Train,7,19977,67606,87583,T206,39.116975,-94.614509,83.4,87.4,85.8
UP,0915KC012,2015-09-18,2:56 PM,Derailment,0,KANSAS CITY,MO,62,2,Day,Rain,Yard,Yard/switching,4,10234,5322,15556,T113,39.119177,-94.554029,82.5,74.2,63.1
UP,0915KC003,2015-09-09,8:34 PM,Derailment,0,KANSAS CITY,KS,78,4,Dark,Clear,Yard,Yard/switching,9,5542,5143,10685,T101,39.130316,-94.609149,76.7,76.7,76.6
UP,0418KC001,2018-04-02,12:34 AM,Derailment,0,KANSAS CITY,KS,25,4,Dark,Cloudy,Yard,Yard/switching,10,32166,24621,56787,T210,39.094802,-94.653233,29.8,30.3,37.2
UP,0417KC013,2017-04-20,9:19 PM,Derailment,0,KANSAS CITY,KS,55,4,Dark,Clear,Yard,Light loco(s),9,250,11248,11498,T201,39.098719,-94.6192,73.3,63.8,53.6
UP,0715KC022,2015-07-29,11:55 PM,Derailment,0,KANSAS CITY,KS,71,4,Dark,Clear,Yard,Yard/switching,3,3082,9003,12085,T313,39.090976,-94.61282,88,80.1,78.4
BNSF,HL0916109,2016-09-20,12:47 PM,Derailment,0,KANSAS CITY,MO,90,2,Day,Clear,Yard,Freight Train,8,31572,1000,32572,T111,39.140964,-94.583741,79.9,82.3,83.8
KCT,UP3212016,2016-03-21,12:40 PM,Derailment,0,KANSAS CITY,MO,65,2,Day,Cloudy,Main,Freight Train,0,0,23659,32582,T314,39.110705,-94.4982,40.8,49.1,61.8
BNSF,KS0118109,2018-01-13,9:15 AM,Derailment,0,KANSAS CITY,KS,8,2,Day,Clear,Yard,Cut of cars,0,5211,0,20936,T305,39.08445,-94.690455,14.1,17.6,25.6
UP,0723HL013,2023-07-19,4:40 AM,Derailment,0,KANSAS CITY,MO,73,1,Dawn,Cloudy,Yard,Freight Train,8,60887,16840,77727,T206,39.122297,-94.538871,74.1,78.8,81.1
UP,0516KC009,2016-05-21,4:41 PM,Derailment,0,KANSAS CITY,KS,74,2,Day,Clear,Main,Freight Train,6,35203,0,50108,T103,39.08442,-94.610875,60.9,64.2,70.4
UP,1016KC004,2016-10-10,3:50 PM,Derailment,0,KANSAS CITY,KS,72,2,Day,Cloudy,Yard,Yard/switching,4,10690,47387,58077,T110,39.127124,-94.604389,60.6,64.1,68.7
UP,0722HL015,2022-07-11,7:25 PM,Derailment,0,KANSAS CITY,MO,86,3,Dusk,Cloudy,Yard,Yard/switching,8,310604,65425,376029,T314,39.122098,-94.539835,81.9,83.5,78.1
KCS,22121303,2022-12-13,3:35 PM,Derailment,0,KANSAS CITY,MO,56,2,Day,Cloudy,Industry,Freight Train,5,15850,32000,47850,T110,39.121258,-94.497524,39.8,47,35.1
UP,0615KC014,2015-06-15,4:55 PM,Derailment,0,KANSAS CITY,MO,85,2,Day,Cloudy,Yard,Yard/switching,6,29029,70460,99489,T314,39.12001,-94.534938,76.5,76.8,72.9
BNSF,TC0218109,2018-02-05,5:00 AM,Derailment,0,KARLSRUHE,ND,-13,1,Dawn,Clear,Main,Freight Train,26,0,650000,650000,E61C,48.097516,-100.644895,-8,-3.4,-4.2
KCS,14120901,2014-12-09,5:06 AM,Derailment,0,KARNACK,TX,48,4,Dark,Fog,Main,Freight Train,19,191654,70384,262038,H605,32.662596,-94.165404,50.2,49.9,47.8
CSX,000173062,2017-11-27,1:48 AM,Derailment,2,KATHLEEN,FL,49,4,Dark,Fog,Main,Freight Train,26,311815,277056,588871,E53C,28.130937,-82.033728,61.7,61.4,68.4
UP,0820SX011,2020-08-16,1:00 PM,Other impacts,0,KATY,TX,93,2,Day,Clear,Industry,Freight Train,2,49203,2796,86386,H302,29.786358,-95.807823,87.1,87.1,82.5
UP,0820SX011,2020-08-16,1:00 PM,Other impacts,0,KATY,TX,93,2,Day,Clear,Industry,Cut of cars,0,34387,0,86386,H302,29.786358,-95.807823,87.1,87.1,82.5
UP,1017SA024,2017-10-24,1:45 AM,Derailment,0,KATY,TX,67,4,Dark,Cloudy,Industry,Freight Train,4,12288,0,12288,T110,29.786517,-95.808434,64.4,66.5,60.4
UP,1020SX031,2020-10-27,11:40 PM,Derailment,0,KATY,TX,52,4,Dark,Clear,Industry,Yard/switching,2,55036,2532,57568,T309,29.789423,-95.85633,74.7,61.6,50.9
UP,1115SA004,2015-11-03,5:00 PM,Derailment,0,KATY,TX,73,2,Day,Clear,Industry,Freight Train,3,292300,264,292564,T205,29.787896,-95.807093,65.5,68.8,72.3
UP,0416SA016,2016-04-24,2:40 PM,Derailment,0,KATY,TX,72,2,Day,Fog,Industry,Freight Train,8,4428,10636,15064,T111,29.785984,-95.809712,70.8,68.4,75.8
LSRC,D230203,2023-02-03,7:47 AM,Derailment,0,KAWKAWLIN,MI,22,4,Dark,Clear,Main,Freight Train,10,65914,0,94738,M405,43.650911,-83.93771,22.8,7.7,18.5
HESR,HES319823O,2023-02-03,7:50 AM,Derailment,0,KAWKAWLIN,MI,6,4,Dark,Clear,Main,,0,0,28824,94738,M204,43.650911,-83.93771,22.8,7.7,18.5
HESR,HES485123O,2023-07-21,1:00 PM,Derailment,0,KAWKAWLIN,MI,78,2,Day,Clear,Main,,0,0,82651,144978,M405,43.651839,-83.941647,72,71.4,68.9
LSRC,D230721,2023-07-21,1:05 PM,Derailment,0,KAWKAWLIN,MI,78,2,Day,Clear,Main,Freight Train,10,62327,0,144978,M405,43.651839,-83.941647,72,71.4,68.9
LSRC,D190821,2019-08-21,8:10 AM,Derailment,0,KAWKAWLIN,MI,74,2,Day,Cloudy,Industry,Freight Train,6,10000,23600,33600,T110,43.661588,-83.947063,72.5,74.1,64.8
UP,0424GP012,2024-04-16,2:50 AM,Derailment,0,KEARNEY,NE,66,4,Dark,Rain,Main,Freight Train,59,27301,81137,108438,M105,40.720529,-98.968209,69.2,57,57.6
UP,1114NP022,2014-11-17,12:30 PM,Hwy-rail crossing,0,KEARNEY,NE,20,2,Day,Snow,Main,Freight Train,45,8000,10542,18542,M302,40.724657,-98.950125,14.5,14,24.6
UP,0324GP014,2024-03-08,10:30 PM,Derailment,0,KEARNEY,NE,27,4,Dark,Clear,Industry,Freight Train,6,124456,101016,225472,T111,40.704663,-99.06216,38.5,29,33.4
UP,1017NP026,2017-10-26,10:25 AM,Derailment,0,KEARNEY,NE,55,2,Day,Clear,Yard,Freight Train,5,28590,40678,69268,T202,40.695787,-99.077762,56.5,49.8,32.1
UP,1019GP017,2019-10-24,5:05 PM,Derailment,0,KEARNEY,NE,48,2,Day,Clear,Industry,Freight Train,3,48428,16825,65253,T314,40.712086,-99.058874,50.1,37.2,41.4
NJTR,201811516,2018-10-24,12:03 AM,Derailment,0,KEARNY,NJ,57,4,Dark,Cloudy,Yard,Yard/switching,8,56300,75476,131776,H704,40.744347,-74.107749,53.6,49,45.1
NJTR,202407365,2024-06-23,9:00 AM,Other (describe in narrative),0,KEARNY,NJ,87,2,Day,Clear,Yard,Yard/switching,5,7650,4850,12500,E78L,40.74495,-74.100734,83,84.6,78.5
NJTR,202008272,2020-08-05,11:56 PM,Derailment,0,KEARNY,NJ,91,4,Dark,Clear,Yard,Yard/switching,4,46647,11174,57821,M505,40.744463,-74.101233,75.5,79.5,75.2
CSX,000157771,2016-03-05,6:24 AM,Derailment,0,KEARNY,NJ,20,1,Dawn,Clear,Yard,Freight Train,5,6509,8690,15199,H704,40.74302,-74.100028,33.3,34.3,37
NJTR,201811517,2018-10-27,12:30 PM,Other impacts,0,KEARNY,NJ,50,2,Day,Clear,Yard,Cut of cars,0,13312,0,27343,H212,40.7438,-74.106333,43.9,47.4,48.9
NJTR,201505302,2015-05-06,2:50 AM,Derailment,0,KEARNY,NJ,60,4,Dark,Clear,Yard,Yard/switching,3,12000,1728,13728,H310,40.743865,-74.103835,73.5,66.7,65.2
NJTR,201512672,2015-12-09,9:15 PM,Derailment,0,KEARNY,NJ,48,4,Dark,Clear,Yard,Yard/switching,6,11000,0,11000,H401,40.743261,-74.105691,43.3,45.8,53.8
NJTR,201505313,2015-05-24,9:05 AM,Other impacts,0,KEARNY,NJ,70,2,Day,Clear,Yard,Yard/switching,2,16037,0,16037,H310,40.74412,-74.110988,59.2,67.5,74.8
CRSH,146909,2024-08-27,8:00 PM,Derailment,0,KEARNY,NJ,70,4,Dark,Clear,Main,,0,0,12876,21176,H503,40.742758,-74.119976,76.5,76.1,82.4
NJTR,202409448,2024-08-28,9:33 PM,Other (describe in narrative),0,KEARNY,NJ,70,4,Dark,Clear,Yard,Yard/switching,5,21699,15575,37274,H599,40.744369,-74.10812,76.1,82.4,75.5
NJTR,201506370,2015-05-15,2:22 PM,Other (describe in narrative),0,KEARNY,NJ,72,2,Day,Clear,Yard,EMU,10,11600,0,11600,H702,40.743637,-74.117508,61.2,62.8,66.9
NJTR,202004155,2020-04-01,11:33 PM,Other impacts,0,KEARNY,NJ,45,4,Dark,Cloudy,Yard,EMU,0,14349,0,14349,H501,40.743508,-74.10723,43.9,46.3,48.6
NJTR,201602071,2016-01-17,10:00 AM,Other (describe in narrative),0,KEARNY,NJ,40,2,Day,Clear,Yard,Yard/switching,5,12800,0,12800,H599,40.743538,-74.111951,45.9,34.7,24.9
NJTR,201602072,2016-01-18,7:15 PM,Derailment,0,KEARNY,NJ,18,4,Dark,Clear,Yard,Yard/switching,10,22705,2680,25385,H704,40.744233,-74.108078,34.7,24.9,22.9
NJTR,201610523,2016-09-30,12:30 PM,Other (describe in narrative),0,KEARNY,NJ,65,2,Day,Rain,Yard,Yard/switching,5,13000,0,13000,H999,40.744148,-74.105188,61.5,58,59.3
NJTR,201807383,2018-07-13,10:20 PM,Other (describe in narrative),0,KEARNY,NJ,85,4,Dark,Clear,Yard,Yard/switching,2,0,133000,133000,H399,40.743153,-74.09899,76.4,76.9,80.9
NJTR,202209375,2022-09-09,10:19 AM,Derailment,0,KEARNY,NJ,81,2,Day,Clear,Yard,Yard/switching,5,39475,2909,42384,H704,40.744077,-74.104737,70.8,70.7,73.4
NJTR,202309396,2023-08-30,11:05 AM,Other (describe in narrative),0,KEARNY,NJ,85,4,Dark,Clear,Main,Yard/switching,3,11729,0,11729,H599,40.743505,-74.111665,74.4,77,70.4
NJTR,202311458,2023-10-09,8:23 PM,Derailment,0,KEARNY,NJ,64,4,Dark,Clear,Yard,Yard/switching,6,25250,0,25250,H704,40.743692,-74.102754,55.5,54.5,57.5
CSX,000169505,2017-06-10,10:30 PM,Derailment,0,KEARNY,NJ,85,4,Dark,Clear,Yard,Freight Train,10,74668,818,75486,H704,40.74302,-74.100028,69,76.4,82.3
NJTR,202307257,2023-06-16,10:25 AM,Other (describe in narrative),0,KEARNY,NJ,70,2,Day,Clear,Yard,Yard/switching,4,12987,0,12987,H999,40.744132,-74.104121,70.6,69.1,69.6
CSX,000171536,2017-09-09,3:20 AM,Derailment,0,KEARNY,NJ,50,4,Dark,Clear,Yard,Yard/switching,4,23061,4152,27213,H702,40.74302,-74.100028,64.3,62.4,64.4
NJTR,202405229,2024-04-03,8:02 PM,Derailment,0,KEARNY,NJ,45,4,Dark,Rain,Yard,Yard/switching,5,33000,5000,38000,H704,40.744561,-74.105782,47,43.1,43.2
NJTR,201611559,2016-11-05,9:15 AM,Other impacts,0,KEARNY,NJ,55,2,Day,Clear,Yard,Yard/switching,11,55703,8100,63803,H702,40.743527,-74.107967,55.9,51.8,52.9
NJTR,202204189,2022-04-13,8:15 PM,Derailment,0,KEARNY,NJ,55,4,Dark,Clear,Yard,Yard/switching,5,24831,1362,26193,H704,40.743539,-74.111817,59.5,61.2,69.2
NJTR,202405275,2024-05-24,12:50 AM,Derailment,0,KEARNY,NJ,65,4,Dark,Clear,Yard,Yard/switching,7,26623,0,26623,H607,40.743945,-74.109849,74.9,77.5,72.3
NJTR,201903122,2019-03-11,12:20 PM,Other (describe in narrative),0,KEARNY,NJ,37,2,Day,Cloudy,Yard,Commuter Train - Pulling,5,13471,0,13471,H599,40.743744,-74.1097,39.3,47.1,38.7
NJTR,202310419,2023-09-25,2:50 AM,Derailment,0,KEARNY,NJ,59,4,Dark,Rain,Yard,Light loco(s),3,48000,0,48000,H704,40.743786,-74.103796,63.4,61.1,59.7
NJTR,201708324,2017-08-03,11:25 AM,Other (describe in narrative),0,KEARNY,NJ,78,2,Day,Clear,Yard,Yard/switching,5,17521,0,17521,H599,40.744519,-74.106428,76.3,76.6,77.7
NJTR,201707225,2017-06-16,11:10 PM,Other impacts,0,KEARNY,NJ,75,4,Dark,Clear,Yard,Yard/switching,2,10900,448,26595,H212,40.744292,-74.101748,69.4,66.2,68.3
NJTR,201708275,2017-07-13,2:14 AM,Other (describe in narrative),0,KEARNY,NJ,82,4,Dark,Cloudy,Yard,Light loco(s),2,17514,0,17514,H999,40.743863,-74.101276,82.6,82.9,68.9
NJTR,202310416,2023-09-08,10:00 AM,Other impacts,0,KEARNY,NJ,90,2,Day,Clear,Yard,Commuter Train - Pulling,0,59732,0,59732,H607,40.743786,-74.103796,85.3,77.5,76.3
NJTR,201702039,2017-01-31,8:30 PM,Other impacts,0,KEARNY,NJ,32,4,Dark,Cloudy,Yard,Yard/switching,9,36142,718,73002,H306,40.744315,-74.107928,33.8,29.3,40
NJTR,202007231,2020-07-07,5:25 AM,Other (describe in narrative),0,KEARNY,NJ,75,1,Dawn,Clear,Main,Commuter Train - Pulling,25,13150,0,13150,E78L,40.743127,-74.12874,80,76.5,78.1
NJTR,201708274,2017-07-18,8:30 PM,Other (describe in narrative),0,KEARNY,NJ,75,2,Day,Clear,Yard,Light loco(s),4,17666,0,17666,H999,40.743298,-74.10632,78.4,80.4,84.9
NJTR,201707224,2017-06-17,8:30 PM,Derailment,0,KEARNY,NJ,70,3,Dusk,Clear,Yard,Light loco(s),9,34479,300,34779,H704,40.744358,-74.102376,66.2,68.3,77.9
NJTR,202311477,2023-10-17,3:00 AM,Other (describe in narrative),0,KEARNY,NJ,53,4,Dark,Clear,Yard,Yard/switching,5,11729,0,11729,H599,40.744074,-74.108815,55.1,57,58
NJTR,201801016,2018-01-04,2:10 AM,Derailment,0,KEARNY,NJ,20,4,Dark,Clear,Yard,Light loco(s),3,34499,262,34761,H399,40.743755,-74.100305,21.5,24.3,13.2
NJTR,202009306,2020-09-04,11:07 PM,Derailment,0,KEARNY,NJ,60,4,Dark,Clear,Yard,Yard/switching,5,18150,0,18150,E64C,40.744276,-74.102995,78,76.4,72.1
NJTR,201702039,2017-01-31,8:30 PM,Other impacts,0,KEARNY,NJ,32,4,Dark,Cloudy,Yard,Light loco(s),3,36142,0,73002,H306,40.744315,-74.107928,33.8,29.3,40
NJTR,202006195,2020-05-29,10:30 PM,Derailment,0,KEARNY,NJ,75,4,Dark,Cloudy,Yard,Yard/switching,5,10188,2709,12897,H303,40.743365,-74.100554,69.6,74.9,74.1
NJTR,202307290,2023-06-30,6:40 PM,Other impacts,0,KEARNY,NJ,85,2,Day,Cloudy,Yard,Yard/switching,5,11870,0,23630,H302,40.743916,-74.107896,75.5,77,75.1
NJTR,202307290,2023-06-30,6:40 PM,Other impacts,0,KEARNY,NJ,85,2,Day,Cloudy,Yard,Cut of cars,0,11760,0,23630,H302,40.743916,-74.107896,75.5,77,75.1
NJTR,202311496,2023-11-14,12:30 AM,Derailment,0,KEARNY,NJ,55,4,Dark,Clear,Yard,Yard/switching,5,19016,0,19016,H704,40.74409,-74.103256,41.3,46.3,45.1
NJTR,202311495,2023-11-08,12:04 PM,Derailment,0,KEARNY,NJ,51,2,Day,Clear,Yard,Yard/switching,5,38446,0,38446,H607,40.743708,-74.098354,58.1,48,50.6
NJTR,202001005,2020-01-03,12:15 AM,Derailment,0,KEARNY,NJ,45,4,Dark,Clear,Yard,Yard/switching,3,4204,16765,20969,E29L,40.744139,-74.102271,39.1,46.3,48.2
NJTR,201707225,2017-06-16,11:10 PM,Other impacts,0,KEARNY,NJ,75,4,Dark,Clear,Yard,Yard/switching,0,15247,0,26595,H212,40.744292,-74.101748,69.4,66.2,68.3
CSX,000220181,2024-08-27,7:16 PM,Derailment,0,KEARNY,NJ,75,3,Dusk,Clear,Main,Freight Train,4,8300,0,21176,H503,40.737004,-74.071469,76.5,76.1,82.4
NJTR,201709372,2017-09-11,11:36 AM,Derailment,0,KEARNY,NJ,75,2,Day,Clear,Yard,Light loco(s),5,15000,265,15265,H704,40.744367,-74.106482,64.4,66.2,69.9
NJTR,202409462,2024-08-19,10:11 PM,Other impacts,0,KEARNY,NJ,70,4,Dark,Clear,Yard,Yard/switching,3,33956,0,33956,E39C,40.744134,-74.10378,75.9,75.8,67.7
NJTR,202111478,2021-10-19,11:20 PM,Derailment,0,KEARNY,NJ,65,4,Dark,Clear,Yard,EMU,2,9000,3353,12353,H303,40.74437,-74.101171,53.5,56.8,67
NJTR,201810492,2018-09-26,11:30 PM,Derailment,0,KEARNY,NJ,70,4,Dark,Cloudy,Yard,Yard/switching,3,12838,4605,17443,H307,40.743333,-74.102513,65.2,76.2,67.6
NJTR,201508487,2015-08-11,2:47 AM,Other (describe in narrative),0,KEARNY,NJ,60,4,Dark,Rain,Yard,Yard/switching,5,11200,1000,12200,H599,40.743969,-74.109545,74.9,75.3,77.1
NJTR,201709371,2017-09-12,10:45 PM,Derailment,0,KEARNY,NJ,65,4,Dark,Clear,Yard,Yard/switching,10,5200,10895,16095,H704,40.743799,-74.113606,66.2,69.9,70.5
NJTR,201811544,2018-11-24,5:30 AM,Derailment,0,KEARNY,NJ,37,4,Dark,Cloudy,Yard,Yard/switching,5,11500,1874,13374,H992,40.743722,-74.100939,23.8,36.7,50.7
NS,117190,2015-09-01,4:50 AM,Derailment,0,KEARNY,NJ,71,1,Dawn,Cloudy,Industry,Freight Train,5,24551,500,25051,H306,40.753026,-74.118819,83.1,81,80.2
PATH,I072916,2016-07-29,5:51 PM,Obstruction,0,KEARNY,NJ,75,2,Day,Clear,Main,EMU,30,17925,0,17925,M299,40.768434,-74.145421,82.8,77.3,77.2
NJTR,201607370,2016-07-11,11:25 PM,Derailment,0,KEARNY,NJ,70,4,Dark,Clear,Yard,Yard/switching,6,367000,13818,380818,H704,40.744383,-74.10194,74,73.5,75.5
NJTR,201612593,2016-11-10,9:30 PM,Other (describe in narrative),0,KEARNY,NJ,52,2,Day,Clear,Yard,Yard/switching,5,12390,0,12390,H999,40.743925,-74.109876,53.6,49.4,51.4
NJTR,201703090,2017-03-06,4:26 PM,Derailment,0,KEARNY,NJ,38,2,Day,Clear,Yard,Yard/switching,3,24000,15780,39780,T222,40.744238,-74.109746,25.4,34.5,47.5
ATK,176789,2023-10-14,9:01 PM,Other (describe in narrative),0,KEARNY,NJ,55,4,Dark,Rain,Main,,0,0,22686,22686,M505,40.746755,-74.114831,58.5,52.7,54.9
NJTR,201906325,2019-06-14,8:09 PM,Derailment,0,KEARNY,NJ,70,4,Dark,Clear,Yard,Light loco(s),5,34002,793,34795,H702,40.745555,-74.100718,63.4,66.5,71.8
NJTR,202104156,2021-04-06,11:45 PM,Derailment,0,KEARNY,NJ,44,4,Dark,Clear,Yard,Yard/switching,5,40442,7697,48139,E29C,40.7438,-74.1141,57.6,57.9,58.2
NJTR,202106261,2021-06-09,4:09 PM,Derailment,0,KEARNY,NJ,82,2,Day,Clear,Yard,Light loco(s),5,25852,10306,36158,H704,40.744052,-74.104344,80.2,80.9,76.9
NJTR,201907416,2019-07-01,11:30 PM,Other (describe in narrative),0,KEARNY,NJ,85,4,Dark,Clear,Yard,Yard/switching,1,12633,0,12633,E09C,40.764061,-74.097159,77.3,76.4,79.8
CRSH,146841,2024-03-08,4:10 PM,Derailment,0,KEARNY,NJ,47,3,Dusk,Clear,Industry,Yard/switching,6,10660,35968,46628,T110,40.739313,-74.098305,51.5,46.4,43.6
NJTR,202405236,2024-04-25,5:07 AM,Other (describe in narrative),0,KEARNY,NJ,40,4,Dark,Clear,Main,Commuter Train - Pulling,56,15750,0,15750,T404,40.746198,-74.116355,59.1,48.7,50.1
NJTR,201708325,2017-08-09,11:24 AM,Derailment,0,KEARNY,NJ,76,2,Day,Clear,Yard,Light loco(s),9,37998,4434,42432,T199,40.74419,-74.105585,71.7,74.8,75.7
NJTR,201808405,2018-08-10,11:22 AM,Derailment,0,KEARNY,NJ,85,2,Day,Clear,Yard,Yard/switching,8,78187,9508,87695,T110,40.74387,-74.106913,82.3,80.7,75
NJTR,201509547,2015-09-20,9:20 PM,Derailment,0,KEARNY,NJ,70,4,Dark,Clear,Yard,Light loco(s),3,29200,4700,33900,T113,40.744363,-74.101131,73.3,72.3,65.5
NJTR,202011407,2020-11-25,1:01 AM,Derailment,0,KEARNY,NJ,47,4,Dark,Cloudy,Yard,Yard/switching,5,51568,18289,69857,T110,40.743331,-74.106141,43.8,48.9,58
NJTR,202401040,2023-12-26,3:45 AM,Derailment,0,KEARNY,NJ,38,4,Dark,Clear,Yard,Light loco(s),3,45712,0,45712,T113,40.74405,-74.101966,46.5,46.4,46.9
NJTR,202007254,2020-07-21,11:30 PM,Derailment,0,KEARNY,NJ,85,4,Dark,Clear,Yard,Yard/switching,4,19647,2770,22417,T314,40.744425,-74.101793,87.3,84.4,81.9
NJTR,202105215,2021-05-06,10:18 PM,Derailment,0,KEARNY,NJ,51,4,Dark,Cloudy,Yard,EMU,5,108000,24505,132505,T399,40.743789,-74.100852,56.2,58.2,56.8
NJTR,202109390,2021-09-16,5:08 PM,Other (describe in narrative),0,KEARNY,NJ,80,3,Dusk,Clear,Main,Commuter Train - Pulling,30,76515,0,101515,T404,40.754112,-74.093498,79.2,74.6,73.1
NJTR,202108329,2021-07-22,11:00 PM,Derailment,0,KEARNY,NJ,80,4,Dark,Clear,Yard,Yard/switching,5,13413,33382,46795,T205,40.743416,-74.104542,78,75.3,75.3
ATK,168427,2021-09-16,5:08 PM,Other (describe in narrative),0,KEARNY,NJ,80,3,Dusk,Clear,Main,EMU,0,0,25000,101515,T404,40.754112,-74.093498,79.2,74.6,73.1
UP,0123HO029,2023-01-27,10:15 PM,Derailment,3,KEATCHIE,LA,44,4,Dark,Clear,Main,Freight Train,30,1045652,817711,1863363,E53C,32.200361,-93.890747,41.6,44.8,54.8
UP,1022HO006,2022-10-06,9:00 AM,Hwy-rail crossing,0,KEATCHIE,LA,64,2,Day,Clear,Main,Freight Train,35,977336,702507,1679843,M304,32.170886,-93.909359,67.9,71,72.4
UP,0919GC027,2019-09-13,5:10 PM,Hwy-rail crossing,0,KEATCHIE,LA,95,2,Day,Cloudy,Main,Freight Train,36,13404,832,14236,M302,32.193742,-93.893292,82.9,83.7,87.4
WC,1085786,2021-10-16,10:30 PM,Side collision,0,KEENAN,MN,34,4,Dark,Clear,Yard,Light loco(s),3,109808,0,129108,H017,47.392372,-92.618646,42.6,43.4,44.8
WC,1085786,2021-10-16,10:30 PM,Side collision,0,KEENAN,MN,34,4,Dark,Clear,Yard,Freight Train,3,11300,8000,129108,H017,47.392372,-92.618646,42.6,43.4,44.8
ATK,178187,2024-01-29,10:08 PM,Hwy-rail crossing,0,KEENESBURG,CO,40,4,Dark,Clear,Main,Passenger Train - Pulling,70,3000000,0,3530000,M302,40.127855,-104.470734,40.3,42.1,40.4
BNSF,PR0124202,2024-01-29,10:08 PM,Hwy-rail crossing,0,KEENESBURG,CO,21,4,Dark,Clear,Main,,0,0,530000,3530000,M302,40.127855,-104.470734,40.3,42.1,40.4
BNSF,PR0918207,2018-09-27,6:35 PM,Hwy-rail crossing,0,KEENESBURG,CO,71,3,Dusk,Clear,Main,Freight Train,60,442811,290000,732811,M308,40.127855,-104.470734,55.3,60.4,45.1
NS,145668,2022-06-26,10:50 AM,Derailment,0,KEENSBURG,IL,80,2,Day,Cloudy,Main,Freight Train,15,627,82336,82963,M404,38.402447,-87.755871,80.9,76,71.4
BNSF,TC0919107,2019-09-15,3:50 PM,Derailment,0,KEEWATIN,MN,65,2,Day,Clear,Industry,Freight Train,5,2000,37750,39750,T205,47.396025,-93.075222,51.7,59.8,64.3
BNSF,GC0515201,2015-05-29,9:40 PM,Hwy-rail crossing,0,KEITHVILLE,LA,77,4,Dark,Cloudy,Main,Freight Train,50,500,0,21500,M302,32.233715,-93.88848,77.4,77.9,75.1
UP,0824HO029,2024-08-15,4:15 PM,Derailment,0,KEITHVILLE,LA,96,2,Day,Cloudy,Main,Freight Train,30,97401,306243,403644,E30C,32.339213,-93.83241,89.9,89.7,90.1
UP,0515LV016,2015-05-29,9:40 PM,Hwy-rail crossing,0,KEITHVILLE,LA,80,4,Dark,Cloudy,Main,,0,0,21000,21500,M302,32.233756,-93.888448,77.4,77.9,75.1