reportingrailroadcode,accidentnumber,date,time,accidenttype,hazmatreleasedcars,station,stateabbr,temperature,visibility_code,visibility,weathercondition,tracktype,equipmenttype,trainspeed,equipmentdamagecost,trackdamagecost,totaldamagecost,primaryaccidentcausecode,latitude,longitude,prior_temp,actual_temp,following_temp
UP,0118FW031,2018-01-21,12:56 PM,Derailment,0,KELLER,TX,60,2,Day,Clear,Main,Freight Train,30,568,18962,19530,E62C,32.915949,-97.255957,61,66.2,51.4
UP,1219TO011,2019-12-06,8:57 PM,Hwy-rail crossing,0,KELLER,TX,49,4,Dark,Clear,Main,Freight Train,30,54315,15640,69955,M303,32.963434,-97.250702,61.5,55.7,48.5
BNSF,TC0321109,2021-03-18,10:14 PM,Other (describe in narrative),0,KELLY LAKE,MN,40,4,Dark,Clear,Main,Freight Train,40,2000,18000,20000,E07C,47.228494,-92.641458,34,34.4,33.7
LS,LS0324113,2024-03-04,11:00 AM,Derailment,0,KELSO,WA,40,2,Day,Cloudy,Yard,Yard/switching,10,0,0,23000,E67C,46.119079,-122.921642,36.5,37.2,38.2
BNSF,NW1123113,2023-11-14,9:40 PM,Derailment,0,KELSO,WA,38,4,Dark,Rain,Yard,,0,0,7623,64019,H607,46.119079,-122.921642,48.6,43.2,43.2
BNSF,NW0819117,2019-08-22,12:30 PM,Other (describe in narrative),0,KELSO,WA,70,2,Day,Clear,Main,Spec. MoW Equip.,10,0,24000,24000,H402,46.139152,-122.914625,63.1,62.4,63.8
LS,LS1123113,2023-11-14,9:40 PM,Derailment,0,KELSO,WA,38,4,Dark,Rain,Yard,Yard/switching,5,56396,0,64019,H607,46.119079,-122.921642,48.6,43.2,43.2
BNSF,NW0324113,2024-03-04,11:00 AM,Derailment,0,KELSO,WA,40,2,Day,Cloudy,Yard,,0,0,23000,23000,E67C,46.119079,-122.921642,36.5,37.2,38.2
UP,0520PN026,2020-05-28,3:30 PM,Derailment,0,KELSO,WA,78,2,Day,Clear,Yard,Light loco(s),5,26477,0,43441,H702,46.1046,-122.888432,63.7,70.2,64.2
UP,0922PN001,2022-09-01,12:15 PM,Derailment,0,KELSO,WA,62,2,Day,Cloudy,Yard,Light loco(s),5,12843,0,12843,T314,46.078192,-122.868068,67.8,67.9,65.5
UP,0319RM033,2019-03-18,10:58 PM,Fire/violent rupture,0,KEMMERER,WY,23,4,Dark,Clear,Main,Freight Train,30,68068,0,68068,M406,41.798939,-110.539812,23.9,22.9,22.4
UP,0518UT028,2018-05-19,12:34 AM,Fire/violent rupture,0,KEMMERER,WY,41,4,Dark,Cloudy,Main,Freight Train,30,59462,0,59462,E73L,41.798939,-110.539812,47.3,46.7,48.8
UP,0919RM028,2019-09-08,2:45 PM,Fire/violent rupture,0,KEMMERER,WY,53,2,Day,Cloudy,Main,Freight Train,30,326281,0,326281,E73L,41.822786,-110.900664,58.8,49.5,50.3
UP,0422RM022,2022-04-16,3:41 AM,Derailment,0,KEMMERER,WY,30,4,Dark,Cloudy,Main,Freight Train,25,515357,205972,721329,E06L,41.769097,-110.335737,32.7,37.3,33.7
KCS,21032602,2021-03-26,11:20 AM,Other impacts,0,KENDELTON,TX,72,2,Day,Clear,Yard,Spec. MoW Equip.,1,0,0,18000,M208,29.467409,-95.968823,68.8,67.5,74.4
KCS,21032602,2021-03-26,11:20 AM,Other impacts,0,KENDELTON,TX,72,2,Day,Clear,Yard,Single Car,0,18000,0,18000,M208,29.467409,-95.968823,68.8,67.5,74.4
KCS,23041001,2023-04-10,6:40 AM,Side collision,0,KENDLETON,TX,63,4,Dark,Clear,Siding,Freight Train,10,22403,0,46245,H607,29.479016,-95.948595,64.5,64.9,66
KCS,23041001,2023-04-10,6:40 AM,Side collision,0,KENDLETON,TX,63,4,Dark,Clear,Siding,Yard/switching,8,23842,0,46245,H607,29.479016,-95.948595,64.5,64.9,66
KCS,20032602,2020-03-26,10:30 PM,Derailment,0,KENDLETON,TX,80,4,Dark,Clear,Main,Freight Train,8,3776,10429,14205,T001,29.447041,-96.001529,74.7,75.1,77.8
BNSF,NE0615103,2015-06-10,7:50 PM,Derailment,0,KENESAW,NE,70,3,Dusk,Rain,Main,Freight Train,17,366137,35000,401137,M105,40.600194,-98.715093,81.5,79.2,66.8
CSX,000200923,2021-07-18,12:00 PM,Obstruction,0,KENLY,NC,88,2,Day,Cloudy,Main,,0,0,0,12849,M404,35.578644,-78.165445,80.4,78.9,71.7
ATK,167764,2021-07-18,12:00 AM,Obstruction,0,KENLY,NC,88,4,Dark,Cloudy,Main,Passenger Train - Pulling,0,12849,0,12849,M404,35.578644,-78.165445,80.4,78.9,71.7
CP,1000927658,2019-01-29,10:50 PM,Derailment,0,KENMARE,ND,-35,4,Dark,Clear,Main,Freight Train,13,453778,45330,499108,T210,48.646135,-102.056458,4.1,-18.8,-21.2
CSX,000138669,2014-12-10,4:30 PM,Derailment,0,KENMORE,NY,28,3,Dusk,Clear,Yard,Yard/switching,7,18510,1000,19510,T311,42.982634,-78.887938,37.8,29.1,25.3
UP,0120GL002,2020-01-04,1:28 PM,Hwy-rail crossing,0,KENNARD,NE,39,2,Day,Clear,Main,Freight Train,48,291,11255,11546,M302,41.472527,-96.200975,31.8,31.6,39.9
UP,0615CB009,2015-06-15,2:20 AM,Derailment,0,KENNARD,NE,68,4,Dark,Rain,Main,Freight Train,23,236113,362713,598826,E54C,41.455377,-96.220567,74.4,68.5,69.6
IC,985620,2019-01-26,2:20 PM,Hwy-rail crossing,0,KENNER,LA,60,2,Day,Cloudy,Main,,0,0,356,11820,M302,29.9741,-90.215904,48.1,49.6,52.8
IC,886050,2016-04-21,1:40 AM,Other impacts,0,KENNER,LA,65,4,Dark,Cloudy,Yard,Yard/switching,4,18500,25,18525,H318,29.971863,-90.186071,73.7,72.9,72.4
ATK,157347,2019-01-26,2:20 PM,Hwy-rail crossing,0,KENNER,LA,60,2,Day,Cloudy,Main,Passenger Train - Pulling,61,11464,0,11820,M302,29.9741,-90.215904,48.1,49.6,52.8
IC,937382,2017-09-28,6:00 PM,Derailment,0,KENNER,LA,80,2,Day,Clear,Yard,Freight Train,9,13194,3000,16194,M507,29.973088,-90.203903,82.2,83,82.7
IC,1128206,2023-03-16,1:00 AM,Derailment,0,KENNER,LA,53,4,Dark,Clear,Main,Freight Train,9,14567,68246,82813,T314,29.979918,-90.259895,57.1,63.5,62.4
CSX,000185071,2019-09-01,3:39 AM,Derailment,0,KENNESAW,GA,70,4,Dark,Cloudy,Main,Freight Train,27,14805,32475,47280,M206,34.01792,-84.611173,76.9,78.6,79.1
CSX,000180931,2019-01-23,12:14 PM,Hwy-rail crossing,0,KENNESAW,GA,57,2,Day,Clear,Main,Freight Train,28,7630,9168,16798,M303,34.022674,-84.614608,36.8,50.9,41
BNSF,NW0123101,2023-01-01,1:40 PM,Derailment,0,KENNEWICK,WA,40,2,Day,Clear,Yard,Freight Train,9,213321,244060,457381,E64C,46.213302,-119.135354,39.4,32.8,33.5
BNSF,NW0917113,2017-09-22,6:33 AM,Derailment,0,KENNEWICK,WA,40,1,Dawn,Clear,Main,Freight Train,49,85257,33000,118257,E53C,46.153104,-119.030508,52.1,55,58.2
BNSF,NW0515123,2015-05-30,5:15 AM,Obstruction,0,KENNEWICK,WA,71,1,Dawn,Cloudy,Main,Freight Train,6,14282,0,14282,M402,46.222258,-119.176858,74.4,79.9,77.7
UP,0717PD008,2017-07-10,12:31 AM,Derailment,0,KENNEWICK,WA,60,4,Dark,Clear,Yard,,0,0,107233,217628,M507,46.213731,-119.13597,81.1,77.9,74.5
UP,0317PD020,2017-03-13,11:10 AM,Derailment,0,KENNEWICK,WA,53,2,Day,Cloudy,Yard,Freight Train,2,47670,622,48292,H310,46.175952,-119.03448,52.5,49.3,53
UP,0123PN007,2023-01-10,2:01 PM,Derailment,0,KENNEWICK,WA,37,2,Day,Cloudy,Industry,Yard/switching,9,89666,3520,93186,T110,46.168269,-119.024077,35.9,34.9,38
BNSF,NW0717110,2017-07-10,12:31 AM,Derailment,0,KENNEWICK,WA,72,4,Dark,Clear,Yard,Freight Train,6,110395,0,217628,T001,46.211855,-119.131941,81.1,77.9,74.5
BNSF,NW0122102,2022-01-04,12:30 AM,Derailment,0,KENNEWICK,WA,15,4,Dark,Cloudy,Industry,Freight Train,5,17898,1500,19398,T311,46.169826,-119.026315,22.3,21.8,29.1
BNSF,NW1218103,2018-12-03,3:30 PM,Derailment,0,KENNEWICK,WA,39,2,Day,Fog,Industry,Freight Train,7,11700,1500,13200,T110,46.306835,-119.293915,38.3,33.7,31.6
BNSF,NW0822113,2022-08-16,11:35 AM,Derailment,0,KENNEWICK,WA,90,2,Day,Clear,Industry,Freight Train,5,16278,6500,22778,T111,46.306392,-119.29341,75.8,77.9,80.3
CP,1000557398,2017-05-13,8:35 AM,Hwy-rail crossing,0,KENOSHA,WI,65,2,Day,Clear,Main,,0,0,33208,41612,M308,42.640058,-87.905317,53.8,60.8,53.4
ATK,147472,2017-05-13,8:35 AM,Hwy-rail crossing,0,KENOSHA,WI,60,2,Day,Clear,Main,Passenger Train - Pushing,79,8404,0,41612,M308,42.640058,-87.905317,53.8,60.8,53.4
ATK,172396,2022-10-16,10:05 PM,Hwy-rail crossing,0,KENOSHA,WI,42,4,Dark,Cloudy,Main,Passenger Train - Pulling,78,16917,0,17067,M308,42.581731,-87.905009,43.6,44.9,39.9
CP,1001780522,2022-10-16,10:05 PM,Hwy-rail crossing,0,KENOSHA,WI,41,4,Dark,Cloudy,Main,,0,0,150,17067,M308,42.581731,-87.905009,43.6,44.9,39.9
CP,1000727632,2018-03-30,3:05 AM,Fire/violent rupture,0,KENSAL,ND,5,4,Dark,Snow,Main,Freight Train,40,63588,4911,68499,E51L,47.289567,-98.705923,24.5,13,9.1
UP,0517LK031,2017-05-20,8:20 AM,Obstruction,0,KENSETT,AR,70,2,Day,Cloudy,Main,Freight Train,47,15336,0,15336,M404,35.215519,-91.689372,74.8,70.8,68.7
UP,1221GL024,2021-12-15,6:50 PM,Derailment,0,KENSETT,IA,62,3,Dusk,Rain,Main,Freight Train,40,1570459,174173,1744632,M105,43.398464,-93.209172,35.4,53,26.2
BNSF,NW0922113,2022-09-27,11:00 AM,Derailment,0,KENT,WA,73,2,Day,Clear,Industry,Freight Train,3,1000,12500,13500,H307,47.435827,-122.221603,66.6,63.7,58.8
ATK,145060,2016-11-12,7:41 PM,Hwy-rail crossing,0,KENT,WA,54,4,Dark,Clear,Main,Passenger Train - Pulling,63,38489,0,38489,M302,47.377792,-122.232973,56.4,55.6,50.7
BNSF,NW0816109,2016-08-17,12:20 PM,Derailment,0,KENT,WA,80,2,Day,Clear,Yard,Freight Train,5,11340,4260,15600,H312,47.43142,-122.239299,68.3,69.1,74.7
BNSF,NW0724111,2024-07-13,10:50 PM,Derailment,0,KENT,WA,75,4,Dark,Clear,Yard,Freight Train,4,24299,6712,31011,H523,47.435072,-122.240084,70.5,74.4,72.9
BNSF,NW1116201,2016-11-12,7:45 PM,Hwy-rail crossing,0,KENT,WA,55,3,Dusk,Cloudy,Main,,0,0,0,38489,M302,47.377792,-122.232973,56.4,55.6,50.7
BNSF,NW1016109,2016-10-14,1:04 PM,Derailment,0,KENT,WA,55,2,Day,Rain,Industry,Freight Train,8,29796,2150,31946,M101,47.417082,-122.223538,54,54.5,53.4
AB,DR16001,2016-04-12,12:45 PM,Derailment,0,KENT,OH,65,2,Day,Clear,Main,Freight Train,5,1631,34073,42561,T110,41.246653,-81.36565,51.5,40.4,41
AB,DR16003,2016-06-19,8:03 AM,Derailment,0,KENT,OH,69,2,Day,Clear,Main,Freight Train,7,10500,65000,75500,T110,41.08435,-81.215923,73.7,74.8,78.9
WE,160042,2016-04-12,12:45 PM,Derailment,0,KENT,OH,65,2,Day,Clear,Main,Freight Train,0,0,6857,42561,T110,41.246653,-81.36565,51.5,40.4,41
AB,DR16004,2016-07-18,9:05 AM,Derailment,0,KENT,OH,70,2,Day,Clear,Main,Freight Train,6,0,31490,31490,T110,41.090267,-81.2138,74.5,78.7,75.5
BNSF,NW0222104,2022-02-07,3:55 PM,Derailment,0,KENT,WA,55,2,Day,Clear,Industry,Freight Train,8,450,100000,100450,T110,47.433892,-122.225405,41.3,45.9,44.5
BNSF,NW0619108,2019-06-19,1:55 PM,Derailment,0,KENT,WA,70,2,Day,Clear,Yard,Freight Train,2,7486,65000,72486,T102,47.448059,-122.222217,61.1,58.8,58.5
BNSF,NW0216116,2016-02-24,9:30 AM,Derailment,0,KENT,WA,50,2,Day,Cloudy,Industry,Freight Train,8,17248,2000,19248,T110,47.419579,-122.225683,47.3,50.8,49.5
BNSF,NW1016119,2016-10-19,5:20 PM,Derailment,0,KENT,WA,57,3,Dusk,Cloudy,Industry,Freight Train,9,10978,1000,11978,T110,47.43416,-122.22715,52.9,51.3,54.5
TPW,TPW878818G,2018-12-07,3:58 PM,Hwy-rail crossing,0,KENTLAND,IN,27,2,Day,Cloudy,Main,Freight Train,23,99993,29993,129986,M308,40.767606,-87.438073,29.2,21.4,21.1
CSX,000186343,2019-11-01,11:50 AM,Other impacts,0,KENTON,OH,39,2,Day,Cloudy,Main,Single Car,5,515,0,12293,E08C,40.637239,-83.598274,45.3,35,38.8
CSX,000186343,2019-11-01,11:50 AM,Other impacts,0,KENTON,OH,39,2,Day,Cloudy,Main,Freight Train,5,11778,0,12293,E08C,40.637239,-83.598274,45.3,35,38.8
ATK,164550,2020-06-05,1:16 PM,Obstruction,0,KENTWOOD,LA,86,2,Day,Rain,Main,Passenger Train - Pulling,79,12721,0,12721,M404,30.976055,-90.485512,78.3,80.1,76.8
IC,1113504,2022-09-09,11:16 AM,Obstruction,0,KENTWOOD,LA,88,2,Day,Clear,Main,Spec. MoW Equip.,18,25000,0,25000,E04C,30.880717,-90.510864,75.2,72.4,74.2
IC,1113504,2022-09-09,11:16 AM,Obstruction,0,KENTWOOD,LA,88,2,Day,Clear,Main,Spec. MoW Equip.,0,0,0,25000,E04C,30.880717,-90.510864,75.2,72.4,74.2
IC,1045405,2020-06-05,1:16 PM,Obstruction,0,KENTWOOD,LA,86,2,Day,Cloudy,Main,,0,0,0,12721,M404,30.976055,-90.485512,78.3,80.1,76.8
BNSF,HL0320108,2020-03-08,10:06 PM,Side collision,0,KEOKUK,IA,55,4,Dark,Cloudy,Main,Freight Train,0,119646,0,149646,H306,40.386567,-91.404217,46.2,57,51.2
BNSF,HL0320108,2020-03-08,10:06 PM,Side collision,0,KEOKUK,IA,55,4,Dark,Cloudy,Main,Freight Train,14,20000,10000,149646,H306,40.386567,-91.404217,46.2,57,51.2
BNSF,HL0119123,2019-01-19,4:06 PM,Derailment,0,KEOKUK,IA,19,2,Day,Snow,Main,,0,0,12000,63156,M101,40.391658,-91.379073,29.4,20.2,5.5
KJRY,01192019,2019-01-19,4:06 PM,Derailment,0,KEOKUK,IA,19,2,Day,Snow,Main,Yard/switching,4,13337,37819,63156,M101,40.391658,-91.379673,29.4,20.2,5.5
BNSF,HL1121101,2021-11-03,9:30 AM,Derailment,0,KEOKUK,IA,48,2,Day,Clear,Yard,Freight Train,6,37174,8500,45674,T212,40.387735,-91.391861,36.6,36.5,40.7
BNSF,HL1016114,2016-10-17,10:46 AM,Derailment,0,KEOKUK,IA,85,2,Day,Clear,Yard,Freight Train,5,1000,177003,178003,H307,40.388996,-91.38657,74.1,78.1,70.1
BNSF,HL1220118,2020-12-27,8:36 PM,Derailment,0,KEOKUK,IA,48,3,Dusk,Clear,Yard,Freight Train,3,32000,70000,102000,H703,40.386593,-91.40313,28.5,36.7,25.4
KJRY,KJRY210830,2021-08-30,9:00 PM,Raking collision,0,KEOKUK,IA,65,4,Dark,Clear,Yard,Yard/switching,2,22000,0,22000,H020,40.389168,-91.386051,79.3,75.6,70.7
BNSF,HL0319111,2019-03-11,2:05 AM,Derailment,0,KEOKUK,IA,33,4,Dark,Clear,Main,Freight Train,25,586632,970807,1557439,E59C,40.390725,-91.38052,35.9,36.7,39.6
KJRY,12182018,2018-12-18,8:15 AM,Derailment,0,KEOKUK,IA,40,2,Day,Clear,Yard,Freight Train,6,34000,9550,43550,T102,40.389,-91.3865,37.3,39.1,46.2
KJRY,KJRY190925,2019-09-25,4:00 PM,Derailment,0,KEOKUK,IA,81,2,Day,Clear,Yard,Yard/switching,3,5500,12400,17900,T102,40.3886,-91.3891,68.8,70.5,64
BNSF,HL0222114,2022-02-23,9:59 AM,Derailment,0,KEOKUK,IA,15,2,Day,Cloudy,Yard,Freight Train,8,116380,200000,316380,T001,40.386925,-91.399158,33.5,13.2,21.7
KJRY,ID230227,2023-11-12,4:24 PM,Derailment,0,KEOKUK,IA,48,2,Day,Clear,Yard,Yard/switching,5,17000,1000,18000,T102,40.385791,-91.425961,41.6,50.9,49.4
BNSF,SF1215111,2015-12-29,10:15 AM,Derailment,0,KEOKUK,IA,34,2,Day,Cloudy,Yard,Yard/switching,3,17148,300,17448,T202,40.390715,-91.380515,33.6,28.9,28.8
KJRY,KJRY210111,2021-01-11,8:15 PM,Derailment,0,KEOKUK,IA,24,2,Day,Clear,Yard,Freight Train,4,6665,24900,31565,T110,40.386809,-91.402274,24.6,32.7,35.6
UP,1221TO037,2021-12-27,7:50 PM,Derailment,0,KERENS,TX,68,3,Dusk,Cloudy,Main,Freight Train,10,198102,2256168,2454270,E61C,32.126773,-96.262273,67.9,69.8,70.7
NS,121691,2016-08-16,9:18 AM,Hwy-rail crossing,0,KERMIT,WV,77,2,Day,Clear,Main,Spec. MoW Equip.,22,31000,0,31000,M303,37.868151,-82.406885,77.1,76.5,73.6
LC,20230808,2023-08-08,8:15 AM,Side collision,0,KERSHAW,SC,79,2,Day,Clear,Industry,Freight Train,4,24000,8000,32000,H704,34.551821,-80.581937,79.8,79.5,80.2
KFR,KFR151272,2015-10-17,1:50 PM,Other impacts,0,KETTLE FALLS,WA,72,2,Day,Clear,Yard,Light loco(s),13,100000,0,100000,H607,48.372923,-118.06445,49.1,50.3,50.5
KFR,KFR151142,2015-05-30,2:00 PM,Derailment,0,KETTLE FALLS,WA,85,2,Day,Clear,Main,Freight Train,9,28705,31300,60005,E46C,48.402881,-118.065856,59.5,58.2,63.4
STPP,09162021,2021-09-16,6:30 AM,Derailment,0,KETTLE FALLS,WA,48,1,Dawn,Clear,Main,Freight Train,10,306838,54562,361400,T110,49.016752,-118.100365,56.3,50.3,45.9
LI,67995,2018-05-23,11:45 AM,Other (describe in narrative),0,KEW GARDENS,NY,80,2,Day,Clear,Main,EMU,80,10702,0,10702,M509,40.709315,-73.830422,61.4,69.2,72.8
NS,127851,2017-12-20,9:45 AM,Other impacts,0,KEYSVILLE,VA,30,2,Day,Clear,Main,Freight Train,40,0,19207,19207,M409,37.09173,-78.458239,51.5,53.6,38.6
WE,CA23005,2023-10-19,10:06 AM,Hwy-rail crossing,0,KIDRON,OH,60,2,Day,Cloudy,Main,Freight Train,33,11402,465,11867,M304,40.759903,-81.703566,50.8,53.6,54.3
BNSF,RD1016103,2016-10-19,2:50 AM,Derailment,0,KIEFER,OK,80,4,Dark,Clear,Main,Freight Train,55,33931,45000,78931,E33C,35.881101,-96.061261,75.5,72.7,62
BNSF,RD1118211,2018-11-24,8:15 AM,Hwy-rail crossing,0,KIEFER,OK,50,1,Dawn,Clear,Main,Freight Train,43,50000,4000,54000,M302,35.944635,-96.062901,53.8,54.5,45
UP,0518TC010,2018-05-13,3:45 AM,Obstruction,0,KIESTER,MN,55,4,Dark,Cloudy,Main,Freight Train,12,100,19536,19636,M402,43.534294,-93.710825,48.6,53.6,60.5
UP,0723GL001,2023-07-02,3:43 PM,Derailment,0,KIESTER,MN,82,2,Day,Clear,Main,Freight Train,23,407633,225808,633441,T109,43.527258,-93.691307,71.3,71.7,74.9
UP,0618HO020,2018-06-15,8:20 AM,Hwy-rail crossing,0,KILGORE,TX,90,2,Day,Cloudy,Main,Freight Train,30,463,46984,47447,M303,32.35288,-94.91964,84.1,83.9,84.3
UP,0916HO045,2016-09-29,11:50 PM,Derailment,0,KILGORE,TX,53,4,Dark,Cloudy,Main,Freight Train,40,42082,12224,54306,E39C,32.397006,-94.864192,70.1,67.4,64.4
NS,121780,2016-08-22,4:10 AM,Derailment,0,KIMBALL,OH,62,1,Dawn,Clear,Yard,Yard/switching,8,12220,8915,21135,E34C,41.300093,-82.751346,72.5,68.5,69.9
UP,0117NP008,2017-01-10,2:30 AM,Derailment,0,KIMBALL,NE,29,4,Dark,Cloudy,Industry,Freight Train,5,16219,38527,54746,H702,41.240628,-103.682757,40.2,37.7,22.1
UP,0117NP003,2017-01-05,9:55 AM,Derailment,0,KIMBALL,NE,-1,2,Day,Cloudy,Main,Freight Train,47,7882,58169,66051,E00C,41.235374,-103.740123,6.2,-1.9,-1.9
DSRC,DSRC071517,2017-07-15,3:20 PM,Derailment,0,KIMBALL,SD,100,2,Day,Clear,Main,Freight Train,24,1079000,109750,1188750,T109,43.744194,-98.839097,79.9,84.7,81.6
EIRR,210428005,2021-04-28,2:25 PM,Hwy-rail crossing,0,KIMBERLY,ID,66,2,Day,Clear,Main,Freight Train,24,10000,88000,98000,M302,42.539019,-114.38436,42.9,53.4,60.8
NS,121401,2016-07-25,9:30 PM,Derailment,0,KIMBROUGH,AL,86,4,Dark,Clear,Main,Freight Train,3,143311,0,143461,H525,32.028674,-87.556934,84.3,83.8,80.3
AGR,AGR913616,2016-07-25,9:30 PM,Derailment,0,KIMBROUGH,AL,86,4,Dark,Clear,Main,Freight Train,0,0,150,143461,M599,32.037852,-87.558033,84.3,83.8,80.3
AGR,AGR817624O,2024-06-01,6:05 PM,Derailment,0,KIMBROUGH,AL,80,2,Day,Cloudy,Yard,,0,0,1500,21949,H306,32.032461,-87.572472,73.7,73.4,76
AGR,AGR479519,2019-09-03,4:00 PM,Derailment,0,KIMBROUGH,AL,85,2,Day,Clear,Main,,0,0,4064,52546,M599,32.028674,-87.556934,79.9,80.3,81.2
NS,135376,2019-09-03,4:00 PM,Derailment,0,KIMBROUGH,AL,87,3,Dusk,Clear,Main,Freight Train,7,48482,0,52546,H506,32.028674,-87.556934,79.9,80.3,81.2
NS,156928,2024-06-01,6:05 PM,Derailment,0,KIMBROUGH,AL,81,3,Dusk,Clear,Yard,Freight Train,8,20449,0,21949,H303,32.032461,-87.572472,73.7,73.4,76
UP,0820GC045,2020-08-30,10:20 PM,Derailment,0,KINDER,LA,78,4,Dark,Clear,Main,Freight Train,2,114199,20544,134743,H701,30.490986,-92.836838,82.1,82.6,84.5
RRVW,05032019,2019-05-03,3:40 PM,Derailment,0,KINDRED,ND,60,2,Day,Clear,Siding,Work train,5,6000,22697,28697,T110,46.661705,-97.030773,45,48.4,46.8
NS,157112,2024-06-20,8:33 PM,Other (describe in narrative),0,KING OF PRUSSIA,PA,73,4,Dark,Clear,Yard,Freight Train,6,14481,1940,16421,H702,40.115603,-75.395391,78.9,78.9,82.5
NS,130952,2018-09-14,9:32 AM,Derailment,0,KING OF PRUSSIA,PA,70,2,Day,Cloudy,Yard,Yard/switching,6,1333,15934,17267,H704,40.108798,-75.412198,71.7,68.8,68.6
NS,129343,2018-05-03,2:32 AM,Other (describe in narrative),0,KING OF PRUSSIA,PA,60,4,Dark,Clear,Yard,Freight Train,10,1600,24005,25605,H306,40.115603,-75.395388,70.4,74.9,73.8
NS,154838,2023-11-21,11:45 AM,Derailment,0,KING OF PRUSSIA,PA,48,2,Day,Rain,Yard,Yard/switching,6,50,67837,67887,T316,40.115603,-75.395391,36.1,39.4,50.3
UP,0220HL001,2020-02-02,6:23 PM,Hwy-rail crossing,0,KINGFISHER,OK,64,3,Dusk,Clear,Main,Freight Train,40,13195,0,13195,M302,35.798714,-97.944594,45.1,56.6,50.8
BNSF,SW0324113,2024-03-27,4:23 PM,Derailment,0,KINGMAN,AZ,75,2,Day,Clear,Yard,Freight Train,4,13566,7505,21071,T212,35.258257,-113.957785,51.6,52.9,59.4
BNSF,SW0323105,2023-03-16,3:15 AM,Derailment,0,KINGMAN,AZ,50,4,Dark,Cloudy,Yard,Freight Train,6,47035,10000,57035,M503,35.257488,-113.968446,51.8,47,46
BNSF,SW1215105,2015-12-30,8:40 PM,Derailment,0,KINGMAN,AZ,25,3,Dusk,Clear,Siding,Freight Train,6,30500,50000,80500,H307,35.257501,-113.968406,33.9,31,32.5
BNSF,SW0616103,2016-06-15,4:20 PM,Derailment,0,KINGMAN,AZ,95,2,Day,Clear,Yard,Freight Train,4,26777,7500,34277,H702,35.261438,-113.961907,80.1,80.2,81
BNSF,SW0116109,2016-01-25,10:20 PM,Fire/violent rupture,0,KINGMAN,AZ,60,4,Dark,Clear,Main,Freight Train,25,110657,0,110657,M406,35.388307,-113.845311,45.1,42,40.7
GTW,839122,2015-01-28,12:30 AM,Derailment,0,KINGSBURY,IN,18,4,Dark,Clear,Industry,Freight Train,8,147234,8932,156166,H703,41.523699,-86.696021,24.8,25.8,35
ELS,15011,2015-11-13,5:20 PM,Derailment,0,KINGSFORD,MI,40,4,Dark,Clear,Siding,Freight Train,7,0,20000,20000,T110,45.806438,-88.100365,43.8,34.4,34.6
CSX,000170894,2017-08-12,3:29 PM,Other impacts,0,KINGSPORT,TN,85,2,Day,Clear,Yard,Single Car,3,0,0,17201,H318,36.54275,-82.559676,72,74.1,74.6
CSX,000218862,2024-06-24,5:30 PM,Other impacts,0,KINGSPORT,TN,89,2,Day,Cloudy,Yard,Single Car,5,5000,0,24000,H008,36.549664,-82.571194,79.5,78.6,75
CSX,000186662,2019-11-19,9:00 PM,Derailment,0,KINGSPORT,TN,41,4,Dark,Rain,Yard,Yard/switching,1,14000,50,14050,H306,36.54275,-82.559676,44.6,42.6,43.9
CSX,000207917,2022-10-19,6:57 PM,Other impacts,0,KINGSPORT,TN,38,3,Dusk,Cloudy,Yard,Cut of cars,9,180426,112,205394,E04C,36.55138,-82.574088,38.1,43.1,41.6
CSX,000170894,2017-08-12,3:29 PM,Other impacts,0,KINGSPORT,TN,85,2,Day,Clear,Yard,Single Car,0,17201,0,17201,H318,36.54275,-82.559676,72,74.1,74.6
CSX,000207917,2022-10-19,6:57 PM,Other impacts,0,KINGSPORT,TN,38,3,Dusk,Cloudy,Yard,Yard/switching,9,24856,0,205394,E04C,36.55138,-82.574088,38.1,43.1,41.6
CSX,000218862,2024-06-24,5:30 PM,Other impacts,0,KINGSPORT,TN,89,2,Day,Cloudy,Yard,Cut of cars,3,19000,0,24000,H008,36.549664,-82.571194,79.5,78.6,75
CSX,000184770,2019-08-15,11:05 PM,Derailment,0,KINGSPORT,TN,72,4,Dark,Clear,Siding,Freight Train,6,18960,2752,21712,H704,36.552087,-82.582514,75.8,75.4,74.3
CSX,000203182,2022-02-17,9:55 AM,Derailment,0,KINGSTON,GA,58,2,Day,Cloudy,Main,Freight Train,35,139136,19946,159082,E61C,34.236211,-84.943521,54.8,63.6,42.3
CSX,000192016,2020-08-14,3:40 AM,Derailment,0,KINGSTON,GA,75,4,Dark,Clear,Main,Freight Train,45,2528310,54714,2583024,H519,34.265481,-84.958126,81.5,77.9,78.4
ATK,137116,2015-04-18,11:05 PM,Obstruction,0,KINGSTON,RI,45,4,Dark,Clear,Main,Passenger Train - Pulling,92,477617,0,477617,M402,41.485064,-71.559234,51.1,56,47
MBTA,5709,2017-05-15,7:17 AM,Hwy-rail crossing,0,KINGSTON,MA,48,1,Dawn,Rain,Main,Passenger Train - Pushing,70,100859,0,100859,M305,42.003961,-70.794764,48.1,51.3,62.9
UP,0821HL004,2021-08-09,1:03 AM,Derailment,0,KINGSVILLE,MO,77,4,Dark,Clear,Main,Freight Train,36,1183359,609036,1792395,H506,38.734095,-94.03095,78.5,83.7,82.9