reportingrailroadcode,accidentnumber,date,time,accidenttype,hazmatreleasedcars,station,stateabbr,temperature,visibility_code,visibility,weathercondition,tracktype,equipmenttype,trainspeed,equipmentdamagecost,trackdamagecost,totaldamagecost,primaryaccidentcausecode,latitude,longitude,prior_temp,actual_temp,following_temp
NS,152295,2023-02-01,2:20 AM,Derailment,0,KINSTON,NC,53,4,Dark,Rain,Industry,Freight Train,3,600,16089,16689,T110,35.240267,-77.549636,55,46.2,37.9
UP,1218TO023,2018-12-16,6:30 AM,Derailment,0,KIOWA,OK,41,1,Dawn,Clear,Main,Freight Train,45,1361578,393501,1755079,T215,34.782145,-95.882304,41.2,43.2,42.6
UP,0223ES016,2023-02-09,9:30 AM,Derailment,0,KIOWA,OK,39,2,Day,Clear,Siding,Cut of cars,10,30159,3800,33959,H021,34.720122,-95.906971,44.4,42.8,37.9
BNSF,KS1023201,2023-10-26,12:55 PM,Hwy-rail crossing,0,KIOWA,KS,66,2,Day,Clear,Main,Freight Train,66,41000,0,41000,M308,37.017037,-98.491685,69.7,71,49.6
BNSF,KS0817104,2017-08-05,7:21 PM,Derailment,0,KIOWA,KS,70,4,Dark,Rain,Yard,Cut of cars,0,56759,0,56759,M105,37.008274,-98.497261,74.1,79.9,73.2
BNSF,KS1216200,2016-12-16,2:30 PM,Hwy-rail crossing,0,KIOWA,KS,64,2,Day,Cloudy,Main,Freight Train,64,20000,0,20000,M302,37.035415,-98.475873,23.7,42.4,15.7
BNSF,KS0916105,2016-09-09,8:00 PM,Derailment,0,KIOWA,KS,68,3,Dusk,Cloudy,Yard,Cut of cars,10,32015,0,32015,M105,37.005204,-98.488009,81,76.9,66
UP,0321SX023,2021-03-28,7:10 PM,Derailment,0,KIRBY,TX,70,3,Dusk,Clear,Main,Yard/switching,5,9403,2744,12147,M409,29.46589,-98.396065,74.7,67.1,61.5
BNSF,PR0517107,2017-05-14,4:20 AM,Other impacts,0,KIRBY,WY,34,1,Dawn,Clear,Siding,Freight Train,6,14000,0,14000,H318,43.813254,-108.190948,60.7,52.4,56.5
UP,1115SA010,2015-11-16,6:35 PM,Derailment,0,KIRBY,TX,77,4,Dark,Cloudy,Industry,Yard/switching,10,4091,2135,13867,H306,29.470909,-98.39277,64,72,64.7
UP,0515SA004,2015-05-10,7:25 PM,Derailment,0,KIRBY,TX,85,3,Dusk,Cloudy,Yard,Yard/switching,6,3169,8176,11345,E39C,29.464833,-98.397651,79.3,78.5,75.7
UP,1115SA010,2015-11-16,6:35 PM,Derailment,0,KIRBY,TX,77,4,Dark,Cloudy,Industry,Cut of cars,0,7641,0,13867,H306,29.470909,-98.39277,64,72,64.7
BNSF,RD0624126,2024-06-22,12:20 PM,Obstruction,0,KIRKLAND,TX,94,2,Day,Clear,Main,Freight Train,55,0,30000,30000,M402,34.379679,-100.057041,81.5,85.4,88.2
CSX,000193972,2020-11-19,10:30 PM,Derailment,0,KIRKVILLE,NY,40,4,Dark,Cloudy,Main,Freight Train,4,6181,12296,18477,E46C,43.07551,-75.990392,25.9,41.4,57.4
NYSW,200521A,2020-05-21,1:10 PM,Side collision,0,KIRKWOOD,NY,64,2,Day,Clear,Yard,Freight Train,0,60410,2249,83847,H210,42.103895,-75.88981,56.3,57.7,62.8
NYSW,200521A,2020-05-21,1:10 PM,Side collision,0,KIRKWOOD,NY,64,2,Day,Clear,Yard,Freight Train,4,9549,1045,83847,H210,42.103895,-75.88981,56.3,57.7,62.8
NYSW,200521A,2020-05-21,1:10 PM,Side collision,0,KIRKWOOD,NY,64,2,Day,Clear,Yard,Freight Train,4,9549,1045,83847,H210,42.103895,-75.88981,56.3,57.7,62.8
CFRC,17006,2017-01-06,7:15 PM,Hwy-rail crossing,0,KISSIMMEE,FL,78,4,Dark,Cloudy,Main,,0,0,18915,41336,M304,28.258899,-81.486016,64.1,64.6,59.7
ATK,145909,2017-01-13,1:35 PM,Hwy-rail crossing,0,KISSIMMEE,FL,75,2,Day,Cloudy,Main,Passenger Train - Pulling,44,8233,0,26428,M304,28.304513,-81.399434,66.8,66.7,67.9
CFRC,17013,2017-01-13,1:35 PM,Hwy-rail crossing,0,KISSIMMEE,FL,75,2,Day,Cloudy,Main,,0,0,18195,26428,M304,28.304513,-81.399434,66.8,66.7,67.9
CFRC,21070,2021-03-11,6:04 PM,Hwy-rail crossing,0,KISSIMMEE,FL,73,2,Day,Clear,Main,Commuter Train - Pulling,45,11580,685,12265,M308,28.304546,-81.399447,65.2,68,68.9
ATK,145805,2017-01-06,7:15 PM,Hwy-rail crossing,0,KISSIMMEE,FL,78,4,Dark,Cloudy,Main,Passenger Train - Pulling,79,22421,0,41336,M304,28.258899,-81.486016,64.1,64.6,59.7
CFRC,22053,2022-02-22,11:35 AM,Derailment,0,KISSIMMEE,FL,82,2,Day,Clear,Yard,Commuter Train - Pulling,4,11200,2500,13700,H303,28.258655,-81.481278,68.6,71,72.7
CSX,000154656,2015-11-23,4:15 PM,Derailment,0,KITZMILLER,MD,40,2,Day,Cloudy,Main,Freight Train,14,27406,68274,95680,T205,39.356444,-79.255135,32.2,27.5,35.7
BNSF,NW0918110,2018-09-18,2:45 PM,Derailment,0,KLAMATH FALLS,OR,65,2,Day,Clear,Yard,Freight Train,0,9931,0,491034,H503,42.189205,-121.762282,52.5,54.2,52.4
BNSF,NW0422116,2022-04-20,5:19 PM,Derailment,0,KLAMATH FALLS,OR,55,3,Dusk,Clear,Yard,Yard/switching,8,21900,0,21900,H607,42.195099,-121.770255,37.5,39.5,39.4
BNSF,NW0918110,2018-09-18,2:45 PM,Derailment,0,KLAMATH FALLS,OR,65,2,Day,Clear,Yard,Freight Train,8,239103,242000,491034,H503,42.189205,-121.762282,52.5,54.2,52.4
BNSF,NW0322118,2022-03-30,2:36 PM,Derailment,0,KLAMATH FALLS,OR,55,2,Day,Clear,Yard,Yard/switching,7,12312,7704,20016,M409,42.191529,-121.765231,46.8,42.3,38.2
UP,1022PN004,2022-10-04,3:30 PM,Derailment,0,KLAMATH FALLS,OR,74,2,Day,Clear,Main,,0,0,601383,632383,E44C,42.231439,-121.775336,56.3,56.6,57.9
BNSF,NW1022102,2022-10-04,3:45 PM,Derailment,0,KLAMATH FALLS,OR,70,2,Day,Clear,Main,Freight Train,8,31000,0,632383,E45C,42.24049,-121.781573,56.3,56.6,57.9
UP,0824PN012,2024-08-12,6:50 PM,Derailment,0,KLAMATH FALLS,OR,84,3,Dusk,Clear,Yard,Freight Train,4,6681,256332,263013,M501,42.229605,-121.774074,69.1,67.3,63
UP,1215PD014,2015-12-29,11:53 AM,Derailment,0,KLAMATH FALLS,OR,25,2,Day,Cloudy,Yard,Light loco(s),5,38468,7833,46301,E59L,42.205577,-121.771033,22.1,16.1,21
UP,0719PN009,2019-07-13,9:33 AM,Derailment,0,KLAMATH FALLS,OR,56,2,Day,Clear,Siding,Freight Train,4,42314,36375,78689,H702,42.193914,-121.770801,69.5,68.8,66.1
UP,0818PD011,2018-08-10,12:05 AM,Derailment,0,KLAMATH FALLS,OR,88,4,Dark,Cloudy,Yard,Freight Train,3,134712,13386,148098,T310,42.205594,-121.770998,74.4,73.1,72.5
BNSF,NW1218110,2018-12-10,8:00 PM,Derailment,0,KLAMATH FALLS,OR,29,3,Dusk,Fog,Yard,Yard/switching,9,44000,70000,114000,T112,42.173283,-121.822166,31.9,33.5,31.8
BNSF,NW0419119,2019-04-23,6:30 PM,Derailment,0,KLAMATH FALLS,OR,65,3,Dusk,Clear,Industry,Yard/switching,4,9075,3100,12175,T110,42.172601,-121.824761,51.9,58.3,57.2
BNSF,NW0222108,2022-02-11,7:20 PM,Derailment,0,KLAMATH FALLS,OR,40,3,Dusk,Clear,Yard,Yard/switching,6,34524,53000,87524,T401,42.202492,-121.776603,41.9,38.5,37.4
BNSF,NW0623109,2023-06-12,1:27 AM,Derailment,0,KLAMATH FALLS,OR,52,4,Dark,Clear,Yard,Freight Train,4,3000,17212,20212,T316,42.19102,-121.764659,64.3,67.5,69.1
BNSF,NW0215100,2015-02-03,6:00 PM,Derailment,0,KLAMATH FALLS,OR,40,3,Dusk,Cloudy,Industry,Yard/switching,5,14210,2000,16210,T110,42.166844,-121.728804,43.6,45.4,45
UP,0120GL008,2020-01-12,3:56 PM,Derailment,0,KNAPP,WI,18,2,Day,Cloudy,Main,Freight Train,47,2187743,259399,2447142,T221,44.947857,-92.044054,9.5,9.6,17.3
UP,0219ES007,2019-02-05,2:30 PM,Other (describe in narrative),0,KNIPPA,TX,72,2,Day,Cloudy,Main,Spec. MoW Equip.,10,0,58417,58417,H702,29.302465,-99.614369,62.5,65.8,69.2
UP,1016SA001,2016-10-01,12:30 PM,Fire/violent rupture,0,KNIPPA,TX,70,2,Day,Clear,Main,Freight Train,22,150000,0,150000,E74L,29.293963,-99.642,68.7,68,70.2
UP,0123SX006,2023-01-06,9:50 AM,Hwy-rail crossing,0,KNIPPA,TX,57,2,Day,Cloudy,Main,Freight Train,29,0,28000,28000,M302,29.294857,-99.638104,58.2,62.4,65.2
UP,0717SA012,2017-07-20,5:20 PM,Derailment,0,KNIPPA,TX,99,2,Day,Clear,Main,,0,0,203099,205099,E51C,29.276396,-99.703948,85.6,86.8,87.5
UP,0518SA009,2018-05-05,3:00 AM,Derailment,0,KNIPPA,TX,80,4,Dark,Rain,Industry,Freight Train,4,6638,21790,28428,T205,29.29115,-99.65167,68.4,73.8,73
UP,0120MA046,2020-01-11,12:10 AM,Obstruction,0,KNOBEL,AR,66,4,Dark,Rain,Main,,0,0,99,23557,M404,36.356935,-90.589167,60.7,46.3,34.6
ATK,162723,2020-01-11,12:10 AM,Obstruction,0,KNOBEL,AR,67,4,Dark,Rain,Main,Passenger Train - Pulling,75,23458,0,23557,M404,36.368478,-90.588792,60.7,46.3,34.6
WC,1097403,2022-03-16,11:00 AM,Fire/violent rupture,0,KNOWLTON,WI,64,2,Day,Clear,Main,Spec. MoW Equip.,1,120000,0,120000,M406,44.711061,-89.698984,34.8,45.7,44.2
UP,0317WH010,2017-03-30,1:30 PM,Fire/violent rupture,0,KNOXVILLE,AR,60,2,Day,Cloudy,Main,Freight Train,39,310936,100,311036,E73L,35.351559,-93.338579,66.4,55,57.9
NS,132419,2019-01-14,9:30 PM,Derailment,0,KNOXVILLE,TN,37,4,Dark,Cloudy,Industry,Freight Train,8,22842,0,22842,H306,35.994319,-83.95054,43.2,39.2,36.6
CSX,000217575,2024-03-24,5:03 PM,Obstruction,0,KNOXVILLE,MD,41,3,Dusk,Rain,Main,,0,0,77,53077,M404,39.309374,-77.579875,41.1,36.7,41.3
NS,128562,2018-02-17,3:05 AM,Derailment,0,KNOXVILLE,TN,55,4,Dark,Cloudy,Main,Freight Train,17,800,46197,46997,E64C,35.960245,-83.940703,59.1,45.9,49.1
NS,132918,2019-02-20,2:25 PM,Derailment,0,KNOXVILLE,TN,51,2,Day,Rain,Main,Freight Train,21,44837,135887,202072,H701,35.959121,-83.944045,37.2,47.5,50.3
NS,127115,2017-10-21,10:08 PM,Derailment,0,KNOXVILLE,TN,57,4,Dark,Clear,Main,Freight Train,28,657860,378106,1035966,H519,36.011152,-83.962674,57.4,59.2,62.3
NS,134540,2019-06-30,3:24 AM,Other impacts,0,KNOXVILLE,TN,69,4,Dark,Clear,Main,Freight Train,2,15000,0,15000,H302,35.960245,-83.940703,77.5,80.8,80.5
NS,141196,2021-04-09,9:15 PM,Derailment,0,KNOXVILLE,TN,67,4,Dark,Cloudy,Main,Freight Train,7,50490,100551,151041,H518,36.021905,-83.852586,64.3,67.2,64.1
NS,143407,2021-11-08,7:25 PM,Derailment,0,KNOXVILLE,TN,56,3,Dusk,Clear,Main,Freight Train,6,13325,151662,164987,H518,36.015725,-83.866031,45.6,49,51.5
NS,138792,2020-08-08,6:00 PM,Other (describe in narrative),0,KNOXVILLE,TN,88,3,Dusk,Clear,Yard,Freight Train,2,4300,12370,16670,H306,36.023169,-83.849213,76.6,77.4,77.7
NS,139216,2020-09-21,11:15 AM,Other (describe in narrative),0,KNOXVILLE,TN,74,2,Day,Clear,Industry,,0,0,17420,17420,H702,36.00012,-83.955322,62.9,59.8,58.9
KXHR,2122020,2020-02-12,9:30 AM,Derailment,0,KNOXVILLE,TN,45,2,Day,Cloudy,Main,Freight Train,5,27990,10258,38248,M599,35.978865,-83.956524,51.5,47.5,51.8
CSX,000181477,2019-02-20,2:25 PM,Derailment,0,KNOXVILLE,TN,48,2,Day,Rain,Main,Freight Train,0,0,21348,202072,T319,35.961509,-83.94935,37.2,47.5,50.3
MRL,2017038,2017-03-17,5:50 AM,Derailment,0,KOOTENAI,ID,30,1,Dawn,Rain,Main,Freight Train,40,147000,330000,477000,T002,48.30292,-116.531065,41.1,33.5,42.3
UP,0821TO002,2021-08-02,4:30 PM,Derailment,0,KOSSE,TX,72,2,Day,Rain,Main,Freight Train,30,36102,117852,153954,E53C,31.351975,-96.601673,84.7,78.1,81
UP,0216FW002,2016-02-06,7:39 AM,Fire/violent rupture,0,KOSSE,TX,33,2,Day,Clear,Main,Freight Train,20,52391,0,52391,E74L,31.280705,-96.636887,44.7,43.7,45.7
UP,0615FW016,2015-06-12,6:15 PM,Derailment,0,KOSSE,TX,82,2,Day,Cloudy,Siding,Freight Train,25,445606,139535,585141,T108,31.303864,-96.630266,81.8,81.6,81.1
BNSF,RD0220121,2020-02-19,8:00 PM,Obstruction,0,KOUNTZE,TX,50,3,Dusk,Rain,Main,Freight Train,45,500,74700,75200,M402,30.394231,-94.428755,71.5,56.6,48.7
UP,0323RM061,2023-03-07,3:18 PM,Obstruction,0,KREMMLING,CO,39,2,Day,Clear,Main,,0,0,0,0,M403,40.055602,-106.395297,24.5,21.4,19.3
BNSF,RD0918205,2018-09-25,6:10 PM,Hwy-rail crossing,0,KRUM,TX,85,3,Dusk,Cloudy,Main,Freight Train,53,32000,18011,50011,M302,33.285835,-97.220874,72.2,76.9,65.6
UP,0415SA025,2015-04-27,4:27 PM,Fire/violent rupture,0,KYLE,TX,75,2,Day,Clear,Main,Freight Train,40,58343,0,58343,E73L,29.986681,-97.875157,75.4,72,61.3
ATK,155190,2018-09-09,12:53 AM,Obstruction,0,LA CLEDE,IL,60,4,Dark,Clear,Main,Passenger Train - Pulling,77,35189,0,35525,M402,38.87942,-88.714775,66.3,62.7,67.7
IC,972271,2018-09-09,12:53 AM,Obstruction,0,LA CLEDE,IL,74,4,Dark,Cloudy,Main,,0,0,336,35525,M402,38.87942,-88.714775,66.3,62.7,67.7
BNSF,RD0624202,2024-06-11,11:49 AM,Hwy-rail crossing,0,LA COSTE,TX,90,2,Day,Cloudy,Main,Freight Train,28,1000,0,1000,M302,29.27069,-98.868745,83.5,85,86.2
UP,0818SA006,2018-08-06,7:50 AM,Derailment,0,LA COSTE,TX,85,2,Day,Cloudy,Main,Freight Train,5,15000,21960,36960,E71L,29.311559,-98.809973,83.3,84.5,84.8
ATK,154110,2018-07-04,11:54 AM,Hwy-rail crossing,0,LA CRESCENT,MN,85,2,Day,Clear,Main,Passenger Train - Pulling,66,12172,0,12172,M302,43.84574,-91.297148,79.6,79.4,77.6
CP,1000790367,2018-07-04,11:54 AM,Hwy-rail crossing,0,LA CRESCENT,MN,85,2,Day,Clear,Main,,0,0,0,12172,M302,43.84574,-91.297148,79.6,79.4,77.6
CP,1000457040,2016-10-05,12:45 PM,Obstruction,0,LA CROSSE,WI,70,2,Day,Clear,Main,Freight Train,13,12647,0,12747,H993,43.84879,-91.223913,66.6,67.1,60.4
CP,1000457040,2016-10-05,12:45 PM,Obstruction,0,LA CROSSE,WI,70,2,Day,Clear,Siding,Spec. MoW Equip.,0,100,0,12747,H993,43.87879,-91.223913,66.6,67.1,60.4
BNSF,CH0817112,2017-08-15,10:25 AM,Derailment,0,LA CROSSE,WI,74,2,Day,Clear,Yard,Freight Train,5,14706,0,14706,H307,43.851069,-91.230331,70.3,69.3,75
BNSF,CH0918117,2018-09-22,5:34 PM,Side collision,0,LA CROSSE,WI,72,3,Dusk,Clear,Yard,Yard/switching,8,9000,0,41263,H607,43.847328,-91.230212,60.6,53.8,61.5
BNSF,CH0415101,2015-04-05,1:26 AM,Derailment,0,LA CROSSE,WI,39,4,Dark,Rain,Main,Freight Train,3,16164,1500,17664,E20C,43.84688,-91.230158,45.9,47.7,45.6
BNSF,CH0220106,2020-02-10,4:59 AM,Derailment,0,LA CROSSE,WI,3,1,Dawn,Clear,Yard,Yard/switching,6,1086,37575,38661,M101,43.860629,-91.22999,20.2,12.1,21
BNSF,CH0918117,2018-09-22,5:34 PM,Side collision,0,LA CROSSE,WI,72,3,Dusk,Clear,Yard,Freight Train,10,32263,0,41263,H607,43.847328,-91.230212,60.6,53.8,61.5
BNSF,CH1023101,2023-10-02,11:32 AM,Derailment,0,LA CROSSE,WI,49,2,Day,Clear,Yard,Yard/switching,5,1000,18000,19000,H607,43.849212,-91.230143,79,74.6,74.2
BNSF,CH1114100,2014-11-03,2:15 PM,Derailment,0,LA CROSSE,WI,55,2,Day,Cloudy,Yard,Freight Train,6,38825,233805,272630,T319,43.81611,-91.24553,45.9,50.5,49.4
RVSC,RV23014,2023-05-08,4:54 PM,Derailment,0,LA FERIA,TX,90,2,Day,Clear,Industry,Freight Train,3,14000,0,14000,H310,26.152322,-97.856902,83.4,82.7,79.3
CSX,000218313,2024-05-25,10:30 AM,Derailment,0,LA FOLLETTE,TN,75,2,Day,Clear,Main,Freight Train,29,106472,341762,448234,T401,36.380737,-84.127629,70.4,71.1,68.4
NS,132196,2018-12-27,9:41 AM,Hwy-rail crossing,0,LA FONTAINE,IN,40,2,Day,Rain,Main,Freight Train,48,15278,0,15278,M303,40.710064,-85.764972,35.2,41.5,41.7
UP,0217PD005,2017-02-03,7:47 AM,Derailment,0,LA GRANDE,OR,34,2,Day,Cloudy,Main,Freight Train,17,39481,1840,41321,E67C,45.361083,-118.239447,22.5,33.4,41.8
UP,1119PN019,2019-11-24,3:43 AM,Derailment,0,LA GRANDE,OR,37,4,Dark,Rain,Main,Freight Train,24,10512,56196,66708,E67C,45.350986,-118.198609,34.1,41.3,33.4
UP,0419PN001,2019-04-04,2:27 AM,Derailment,0,LA GRANDE,OR,45,4,Dark,Cloudy,Main,Freight Train,23,6071,25749,31820,E67C,45.35502,-118.187278,50.5,47.4,48.3
UP,1218PN001,2018-12-01,10:33 AM,Derailment,0,LA GRANDE,OR,28,2,Day,Clear,Main,Freight Train,18,5212,32200,37412,E67C,45.36272,-118.24108,33.7,33.2,33.4
UP,0323PN012,2023-03-15,7:17 AM,Derailment,0,LA GRANDE,OR,29,2,Day,Snow,Yard,Freight Train,3,10894,3503,14397,H307,45.328437,-118.090983,31.6,33.4,30.7
CSX,000162754,2016-09-06,11:12 PM,Obstruction,0,LA GRANGE,GA,73,4,Dark,Clear,Main,Freight Train,23,122499,41475,163974,M509,33.032369,-85.048237,77.3,77.3,79.1
CSX,000210286,2023-03-13,5:30 AM,Hwy-rail crossing,0,LA GRANGE,GA,48,1,Dawn,Clear,Main,Freight Train,19,14044,45805,59849,M304,33.030152,-85.033026,58.4,51.2,42.1
UP,1215SA021,2015-12-19,11:40 PM,Derailment,0,LA GRANGE,TX,58,4,Dark,Clear,Main,Freight Train,29,1016345,118443,1134788,T207,29.904443,-96.816942,46.6,50.4,62.3
KJRY,KJRY221201,2022-12-01,6:30 PM,Derailment,0,LA HARPE,IL,40,4,Dark,Clear,Main,Freight Train,9,3600,130000,133600,E40C,40.522012,-91.037013,24.8,27.6,47.5
KJRY,KJRY220405,2022-04-05,1:21 PM,Derailment,0,LA HARPE,IL,45,2,Day,Cloudy,Yard,Freight Train,4,14996,2600,17596,T110,40.576917,-90.971578,44.1,43.5,47.9
KJRY,KJRY210604,2021-06-04,2:00 PM,Derailment,0,LA HARPE,IL,87,2,Day,Clear,Main,Freight Train,10,0,51844,51844,T109,40.598818,-91.002224,71.6,74.6,77.8
BNSF,KS0419104,2019-04-15,3:10 AM,Derailment,0,LA JUNTA,CO,53,4,Dark,Clear,Yard,Freight Train,3,40205,0,40205,H503,37.988559,-103.550957,50.8,59,62.4
BNSF,KS0323119,2023-03-26,5:40 AM,Derailment,0,LA JUNTA,CO,16,1,Dawn,Clear,Yard,Freight Train,2,16382,8000,24382,H607,37.988555,-103.551465,38.1,31.7,30.6
BNSF,KS0324108,2024-03-13,12:54 PM,Derailment,0,LA JUNTA,CO,60,2,Day,Clear,Yard,Freight Train,7,70774,20766,91540,H607,37.988696,-103.549485,51.8,50.8,39.7
BNSF,KS0222120,2022-02-26,6:17 AM,Other (describe in narrative),0,LA JUNTA,CO,15,1,Dawn,Clear,Main,Freight Train,13,0,0,28993,M204,37.988539,-103.545337,21,27.3,36.3
BNSF,KS0222120,2022-02-26,6:17 AM,Other (describe in narrative),0,LA JUNTA,CO,15,1,Dawn,Clear,Main,Freight Train,0,28993,0,28993,M204,37.988539,-103.545337,21,27.3,36.3
BNSF,KS0122114,2022-01-21,7:45 AM,Derailment,0,LA JUNTA,CO,10,1,Dawn,Clear,Yard,Freight Train,10,37858,8000,45858,H503,37.988538,-103.553224,21.6,29.7,36.3
BNSF,KS1121101,2021-11-02,11:08 PM,Derailment,0,LA JUNTA,CO,45,4,Dark,Clear,Main,Freight Train,9,25134,4230,29364,E29C,38.009204,-103.472568,41.2,43.3,45.4
BNSF,KS0323108,2023-03-11,4:20 PM,Derailment,0,LA JUNTA,CO,60,2,Day,Clear,Yard,Freight Train,6,213913,7594,221507,H008,37.989543,-103.543392,46.2,48.9,38.3
BNSF,KS0919108,2019-09-18,8:10 AM,Derailment,0,LA JUNTA,CO,62,1,Dawn,Clear,Yard,Freight Train,7,16000,4000,20000,T202,37.988888,-103.538211,80.4,72.8,73.4
UP,0717HO010,2017-07-07,5:25 PM,Derailment,0,LA MARQUE,TX,85,2,Day,Clear,Yard,,0,0,19541,19541,H704,29.347512,-94.940491,84.9,84.9,85.4
TCT,580253,2015-02-16,5:30 PM,Derailment,0,LA MARQUE,TX,55,2,Day,Cloudy,Yard,Yard/switching,5,15000,22500,37500,T309,29.210236,-94.562016,62.4,55.8,43.9
UP,0221TO003,2021-02-05,6:55 AM,Other (describe in narrative),0,LA MESA,NM,36,1,Dawn,Clear,Main,Freight Train,19,0,28000,28000,H607,31.954909,-106.800402,60.8,52.8,51.1
UP,0119ST045,2019-01-20,8:35 AM,Other impacts,0,LA MESA,NM,30,2,Day,Clear,Yard,Freight Train,16,2500,100,56800,H702,31.913216,-106.758476,44.8,45.1,54.2
UP,0119ST045,2019-01-20,8:35 AM,Other impacts,0,LA MESA,NM,30,2,Day,Clear,Yard,Cut of cars,0,54200,0,56800,H702,31.913216,-106.758476,44.8,45.1,54.2
UP,0221TO009,2021-02-15,1:20 PM,Derailment,0,LA MESA,NM,24,2,Day,Clear,Main,Freight Train,3,500,28000,28500,H705,31.986584,-106.835452,28,22.9,35.8
UP,1221TO021,2021-12-12,11:55 PM,Other (describe in narrative),0,LA MESA,NM,39,4,Dark,Clear,Industry,Freight Train,8,13119,0,13119,H311,31.860434,-106.695847,42.9,44,49.6
BNSF,CH0618120,2018-06-02,12:15 PM,Fire/violent rupture,0,LA PLATA,MO,78,2,Day,Clear,Main,,0,0,0,326281,E79L,40.012371,-92.561923,81.4,73.3,69.3
UP,0618SL005,2018-06-02,12:15 PM,Fire/violent rupture,0,LA PLATA,MO,78,2,Day,Clear,Main,Freight Train,35,326281,0,326281,E79L,40.012371,-92.561923,81.4,73.3,69.3
UP,0418HO013,2018-04-10,9:01 PM,Other impacts,0,LA PORTE,TX,79,4,Dark,Cloudy,Yard,Freight Train,3,40910,2984,131894,H607,29.68332,-95.039598,59.1,66.4,66.1
NICD,N1800005,2018-01-29,3:35 AM,Other impacts,0,LA PORTE,IN,20,4,Dark,Snow,Main,Commuter Train - Pulling,79,25000,0,25000,M404,41.717552,-86.699515,33,26.8,25
UP,0516HO005,2016-05-06,9:00 PM,Side collision,0,LA PORTE,TX,68,4,Dark,Cloudy,Yard,Freight Train,5,202350,0,317215,M409,29.685855,-95.039827,75.4,73.5,73
UP,0516HO005,2016-05-06,9:00 PM,Side collision,0,LA PORTE,TX,68,4,Dark,Cloudy,Yard,Freight Train,5,92385,22480,317215,M409,29.685855,-95.039827,75.4,73.5,73
UP,1015HO003,2015-10-01,12:00 PM,Other (describe in narrative),0,LA PORTE,TX,64,2,Day,Cloudy,Yard,Single Car,0,14135,0,14135,M507,29.78759,-95.31027,81,79.1,73.9
UP,0719HO027,2019-07-21,5:55 AM,Other impacts,0,LA PORTE,TX,81,1,Dawn,Cloudy,Yard,Single Car,1,16943,0,81499,S007,29.682941,-95.038828,86.8,85.2,84.2
UP,0121HO004,2021-01-06,8:35 PM,Other impacts,0,LA PORTE,TX,58,4,Dark,Cloudy,Yard,Yard/switching,4,88816,3060,93184,S007,29.685851,-95.038835,60.2,62.6,53
UP,1122HO013,2022-11-13,11:30 PM,Other impacts,0,LA PORTE,TX,55,4,Dark,Cloudy,Yard,Yard/switching,4,35860,200,61374,M411,29.68294,-95.038606,50.8,50.7,55.5
RLGX,10302015,2015-10-30,7:10 AM,Derailment,0,LA PORTE,TX,72,1,Dawn,Cloudy,Yard,Yard/switching,2,16172,0,16172,H306,29.642992,-95.038339,69.5,74.4,73
RLGX,RLGX372016,2016-03-07,5:25 PM,Derailment,0,LA PORTE,TX,64,3,Dusk,Cloudy,Yard,Yard/switching,3,21541,0,21541,H306,29.642967,-95.038083,64.1,68.3,70.7
UP,1023HO044,2023-10-30,5:05 AM,Derailment,0,LA PORTE,TX,51,1,Dawn,Cloudy,Yard,Yard/switching,7,491050,264682,1484795,H702,29.655169,-95.038912,77,50.3,51.8
UP,0720HO009,2020-07-12,6:45 PM,Other impacts,0,LA PORTE,TX,95,3,Dusk,Clear,Yard,Yard/switching,2,11228,132,39628,S016,29.688837,-95.043737,87.6,86.2,87.3
UP,0319GC058,2019-03-22,5:35 PM,Other impacts,0,LA PORTE,TX,76,2,Day,Clear,Yard,Yard/switching,3,5043,282,21838,M404,29.683921,-95.038896,65.2,65.8,66.3
UP,0818HO009,2018-08-08,5:22 AM,Other impacts,0,LA PORTE,TX,85,1,Dawn,Cloudy,Yard,Yard/switching,4,3447,11970,29550,M404,29.675709,-95.038924,84,83.5,84.6
UP,0123HO028,2023-01-24,3:47 PM,Other (describe in narrative),0,LA PORTE,TX,66,2,Day,Rain,Siding,Cut of cars,0,337061,500,337561,M102,29.702701,-95.089567,50.7,55.5,47.6
UP,0824HO004,2024-08-03,6:00 AM,Other impacts,0,LA PORTE,TX,79,1,Dawn,Clear,Yard,Single Car,4,0,0,33160,S007,29.674996,-95.039093,87.3,88.2,86.1
UP,0824HO004,2024-08-03,6:00 AM,Other impacts,0,LA PORTE,TX,79,1,Dawn,Clear,Yard,Yard/switching,7,33160,0,33160,S007,29.674996,-95.039093,87.3,88.2,86.1
UP,1021HO021,2021-10-24,3:55 AM,Other impacts,0,LA PORTE,TX,74,4,Dark,Cloudy,Yard,Freight Train,2,342224,3520,350015,H306,29.675711,-95.039416,76.9,79,80.8
UP,1018HO016,2018-10-09,9:30 AM,Other impacts,0,LA PORTE,TX,82,2,Day,Clear,Yard,Light loco(s),4,0,1796,15300,M408,29.683777,-95.038893,81.4,82.4,78.4
UP,0518HO016,2018-05-10,2:45 AM,Other impacts,0,LA PORTE,TX,71,4,Dark,Clear,Yard,Yard/switching,4,24634,1122,35970,H702,29.68329,-95.0388,76.5,76.9,78.5
UP,1023HO044,2023-10-30,5:05 AM,Derailment,0,LA PORTE,TX,51,1,Dawn,Cloudy,Yard,Yard/switching,7,464381,264682,1484795,H702,29.655169,-95.038912,77,50.3,51.8
UP,0320HO025,2020-03-21,3:05 PM,Derailment,0,LA PORTE,TX,64,2,Day,Cloudy,Yard,Yard/switching,4,396106,14900,411006,H607,29.652566,-95.038868,72.8,61.2,69.2