reportingrailroadcode,accidentnumber,date,time,accidenttype,hazmatreleasedcars,station,stateabbr,temperature,visibility_code,visibility,weathercondition,tracktype,equipmenttype,trainspeed,equipmentdamagecost,trackdamagecost,totaldamagecost,primaryaccidentcausecode,latitude,longitude,prior_temp,actual_temp,following_temp
UP,1021HO021,2021-10-24,3:55 AM,Other impacts,0,LA PORTE,TX,74,4,Dark,Cloudy,Yard,Freight Train,5,4271,0,350015,H306,29.675711,-95.039416,76.9,79,80.8
UP,1122HO013,2022-11-13,11:30 PM,Other impacts,0,LA PORTE,TX,55,4,Dark,Cloudy,Yard,Single Car,4,25314,0,61374,M411,29.68294,-95.038606,50.8,50.7,55.5
UP,0921HO004,2021-09-04,11:30 AM,Other impacts,0,LA PORTE,TX,89,2,Day,Clear,Yard,Single Car,3,12454,0,19784,M411,29.683638,-95.038897,83.2,85.7,86.6
UP,0123HO038,2023-01-27,5:06 PM,Other (describe in narrative),0,LA PORTE,TX,55,2,Day,Cloudy,Yard,Freight Train,4,35604,0,35604,M501,29.684964,-95.039684,47.9,51.1,65.1
UP,0622HO012,2022-06-09,2:40 AM,Derailment,0,LA PORTE,TX,79,4,Dark,Clear,Siding,Freight Train,6,166590,8650,175240,H303,29.702388,-95.088444,85.3,85.7,85.8
UP,0122HO021,2022-01-18,7:30 AM,Other impacts,0,LA PORTE,TX,54,1,Dawn,Clear,Yard,Yard/switching,2,11386,898,30397,S007,29.686096,-95.038701,53.5,62,69.5
UP,1223HO037,2023-12-23,3:30 PM,Other impacts,0,LA PORTE,TX,55,2,Day,Clear,Yard,Yard/switching,4,1242,0,13139,S016,29.683788,-95.038831,64.5,67.3,64.3
UP,0719HO027,2019-07-21,5:55 AM,Other impacts,0,LA PORTE,TX,81,1,Dawn,Cloudy,Yard,Yard/switching,2,62446,2110,81499,S007,29.682941,-95.038828,86.8,85.2,84.2
UP,0122HO021,2022-01-18,7:30 AM,Other impacts,0,LA PORTE,TX,54,1,Dawn,Clear,Yard,Cut of cars,4,18113,0,30397,S007,29.686096,-95.038701,53.5,62,69.5
UP,0618HO045,2018-06-30,2:30 AM,Other impacts,0,LA PORTE,TX,82,4,Dark,Cloudy,Yard,Yard/switching,4,261,38375,38636,M411,29.675714,-95.03899,84.9,85.1,84.8
UP,1120HO024,2020-11-24,9:45 PM,Other impacts,0,LA PORTE,TX,73,4,Dark,Cloudy,Yard,Single Car,2,15085,0,26670,M411,29.684352,-95.038908,63.4,72.2,69.7
UP,0223HO040,2023-02-28,9:37 AM,Other impacts,0,LA PORTE,TX,72,2,Day,Rain,Yard,Single Car,5,11027,0,13690,M411,29.683777,-95.038893,74.3,73.3,75.5
UP,0923HO026,2023-09-21,7:20 AM,Derailment,0,LA PORTE,TX,92,2,Day,Clear,Yard,Yard/switching,2,168417,0,168417,M408,29.674987,-95.039094,84.2,86.1,85.9
UP,0818HO009,2018-08-08,5:22 AM,Other impacts,0,LA PORTE,TX,85,1,Dawn,Cloudy,Yard,Cut of cars,4,14133,0,29550,M404,29.675709,-95.038924,84,83.5,84.6
UP,0621HO004,2021-06-04,10:35 AM,Other impacts,0,LA PORTE,TX,76,2,Day,Rain,Yard,Yard/switching,4,29475,6566,92260,M407,29.683202,-95.038879,75.7,75.4,78.9
UP,1222HO011,2022-12-12,8:00 AM,Derailment,0,LA PORTE,TX,64,2,Day,Cloudy,Yard,Yard/switching,4,8070,38030,46100,H702,29.677154,-95.039521,69.5,67.7,74
UP,0223HO040,2023-02-28,9:37 AM,Other impacts,0,LA PORTE,TX,72,2,Day,Rain,Yard,Single Car,0,2663,0,13690,M411,29.683777,-95.038893,74.3,73.3,75.5
UP,1120HO024,2020-11-24,9:45 PM,Other impacts,0,LA PORTE,TX,73,4,Dark,Cloudy,Yard,Yard/switching,4,9871,1714,26670,M411,29.684352,-95.038908,63.4,72.2,69.7
UP,1122HO007,2022-11-11,3:55 AM,Other impacts,0,LA PORTE,TX,65,4,Dark,Clear,Yard,Single Car,4,37056,0,49588,M411,29.683777,-95.038893,72.9,69.2,50.8
UP,0121HO004,2021-01-06,8:35 PM,Other impacts,0,LA PORTE,TX,58,4,Dark,Cloudy,Yard,Cut of cars,0,1308,0,93184,S007,29.685851,-95.038835,60.2,62.6,53
UP,0921HO004,2021-09-04,11:30 AM,Other impacts,0,LA PORTE,TX,89,2,Day,Clear,Yard,Yard/switching,3,7130,200,19784,M411,29.683638,-95.038897,83.2,85.7,86.6
PTRA,2022000010,2022-03-01,12:10 PM,Other impacts,0,LA PORTE,TX,68,2,Day,Clear,Yard,Freight Train,1,15500,0,69054,H306,29.682429,-95.022366,52,56.4,59.2
UP,1023HO002,2023-10-03,4:40 AM,Derailment,0,LA PORTE,TX,82,1,Dawn,Cloudy,Yard,Yard/switching,5,4810,98118,102928,E09C,29.684662,-95.039411,82.8,79,81.2
UP,1223HO037,2023-12-23,3:30 PM,Other impacts,0,LA PORTE,TX,55,2,Day,Clear,Yard,Cut of cars,5,11897,0,13139,S016,29.683788,-95.038831,64.5,67.3,64.3
UP,0421HO024,2021-04-25,9:55 AM,Derailment,0,LA PORTE,TX,67,2,Day,Clear,Yard,Yard/switching,4,120,40852,40972,E29C,29.708466,-95.07416,78.3,71.6,72.5
UP,0319GC058,2019-03-22,5:35 PM,Other impacts,0,LA PORTE,TX,76,2,Day,Clear,Yard,Cut of cars,3,16513,0,21838,M404,29.683921,-95.038896,65.2,65.8,66.3
UP,1122HO007,2022-11-11,3:55 AM,Other impacts,0,LA PORTE,TX,65,4,Dark,Clear,Yard,Yard/switching,4,12332,200,49588,M411,29.683777,-95.038893,72.9,69.2,50.8
UP,0322HO001,2022-03-01,12:10 PM,Other impacts,0,LA PORTE,TX,63,2,Day,Clear,Yard,Yard/switching,5,11633,41921,69054,H306,29.686473,-95.039329,52,56.4,59.2
UP,0621HO004,2021-06-04,10:35 AM,Other impacts,0,LA PORTE,TX,76,2,Day,Rain,Yard,Yard/switching,4,56219,0,92260,M407,29.683202,-95.038879,75.7,75.4,78.9
UP,0720HO009,2020-07-12,6:45 PM,Other impacts,0,LA PORTE,TX,95,3,Dusk,Clear,Yard,Single Car,1,28268,0,39628,S016,29.688837,-95.043737,87.6,86.2,87.3
UP,1018HO016,2018-10-09,9:30 AM,Other impacts,0,LA PORTE,TX,82,2,Day,Clear,Yard,Freight Train,1,13504,0,15300,M408,29.683777,-95.038893,81.4,82.4,78.4
UP,0820HO001,2020-08-04,2:51 PM,Derailment,0,LA PORTE,TX,92,2,Day,Clear,Yard,Yard/switching,3,15962,13293,29255,H318,29.676436,-95.038824,85.5,85.2,85.6
UP,0822HO017,2022-08-12,5:01 PM,Derailment,0,LA PORTE,TX,83,2,Day,Clear,Yard,Yard/switching,6,42931,33340,76271,H993,29.661246,-95.039084,83.9,84.5,83.9
UP,0621HO008,2021-06-07,5:00 PM,Derailment,0,LA PORTE,TX,87,2,Day,Clear,Yard,Yard/switching,5,28928,14400,43328,H704,29.703418,-95.074009,81.7,84,85.1
UP,0518HO016,2018-05-10,2:45 AM,Other impacts,0,LA PORTE,TX,71,4,Dark,Clear,Yard,Single Car,0,10214,0,35970,H702,29.68329,-95.0388,76.5,76.9,78.5
UP,0317HO024,2017-03-08,9:47 AM,Other impacts,0,LA PORTE,TX,65,2,Day,Cloudy,Yard,Cut of cars,0,18207,0,68387,M411,29.680771,-95.039088,71.6,64.8,71
UP,0615HO051,2015-06-26,8:08 AM,Other impacts,0,LA PORTE,TX,80,2,Day,Cloudy,Yard,Yard/switching,2,10118,0,28723,M404,29.690912,-95.050439,84.2,84.9,85
UP,0317HO024,2017-03-08,9:47 AM,Other impacts,0,LA PORTE,TX,65,2,Day,Cloudy,Yard,Yard/switching,3,0,50018,68387,M411,29.680771,-95.039088,71.6,64.8,71
UP,0615HO051,2015-06-26,8:08 AM,Other impacts,0,LA PORTE,TX,80,2,Day,Cloudy,Yard,Single Car,0,18605,0,28723,M404,29.690912,-95.050439,84.2,84.9,85
PTRA,2017000014,2017-05-30,12:05 PM,Derailment,0,LA PORTE,TX,80,2,Day,Cloudy,Siding,Freight Train,6,9600,7500,17100,M501,29.725723,-95.080864,75.9,78.8,79.4
UP,0317HO024,2017-03-08,9:47 AM,Other impacts,0,LA PORTE,TX,65,2,Day,Cloudy,Yard,Cut of cars,0,162,0,68387,M411,29.680771,-95.039088,71.6,64.8,71
UP,0315HO015,2015-03-07,2:30 AM,Derailment,0,LA PORTE,TX,49,4,Dark,Cloudy,Siding,Freight Train,2,37219,3540,40759,H607,29.725253,-95.068881,43.3,51.8,51.3
UP,0418HO025,2018-04-18,7:00 PM,Derailment,0,LA PORTE,TX,75,2,Day,Cloudy,Yard,Freight Train,3,323609,55937,379546,M101,29.675856,-95.038931,70.1,73.9,70.7
UP,0516HO033,2016-05-31,9:15 PM,Derailment,0,LA PORTE,TX,75,4,Dark,Cloudy,Yard,Freight Train,3,1129,19749,20878,S007,29.68319,-95.039148,78.8,79.6,78.6
UP,0717HO013,2017-07-10,3:50 PM,Derailment,0,LA PORTE,TX,93,2,Day,Cloudy,Yard,Yard/switching,5,36683,18265,54948,H307,29.674952,-95.039107,84.8,80.5,84.4
UP,0718HO016,2018-07-12,7:55 AM,Derailment,0,LA PORTE,TX,86,2,Day,Cloudy,Yard,Freight Train,8,1000,31465,32465,T111,29.683638,-95.038897,84.6,84.6,84.7
UP,0618HO007,2018-06-04,11:38 PM,Derailment,0,LA PORTE,TX,79,4,Dark,Cloudy,Siding,Freight Train,6,7896,5010,12906,T309,29.684709,-95.02988,83.7,83,83.8
UP,1223HO006,2023-12-05,10:30 PM,Derailment,0,LA PORTE,TX,50,4,Dark,Clear,Yard,Yard/switching,4,13430,600,14030,T202,29.639534,-95.062209,61.5,59.2,57.1
UP,1117HO007,2017-11-04,5:30 PM,Derailment,0,LA PORTE,TX,85,2,Day,Clear,Yard,Freight Train,3,350,0,84492,T403,29.68305,-95.038607,78.5,78,78.9
UP,1117HO007,2017-11-04,5:30 PM,Derailment,0,LA PORTE,TX,85,2,Day,Clear,Yard,Single Car,3,269,83873,84492,T403,29.68305,-95.038607,78.5,78,78.9
UP,1023HO031,2023-10-20,1:30 AM,Derailment,0,LA PORTE,TX,73,4,Dark,Clear,Yard,Yard/switching,7,188409,6855,195264,T202,29.702987,-95.074045,75.5,77.1,77.3
IANR,LCD0826222,2022-08-26,9:35 PM,Derailment,0,LA PORTE CITY,IA,70,4,Dark,Clear,Industry,Freight Train,8,2072,58917,60989,H704,42.315295,-92.185768,73.2,70.2,74.1
BNSF,CH1120111,2020-11-25,9:17 PM,Derailment,0,LA ROSE,IL,40,4,Dark,Clear,Main,Freight Train,30,48515,35697,84212,E71L,40.92781,-89.451449,40.4,44.9,41.3
UP,0718DV007,2018-07-09,6:13 AM,Hwy-rail crossing,0,LA SALLE,CO,75,1,Dawn,Clear,Main,Freight Train,44,33139,33,33172,M304,40.301488,-104.453837,80.5,78.8,79.1
UP,0315DV021,2015-03-23,8:45 PM,Derailment,0,LA SALLE,CO,48,4,Dark,Clear,Siding,Freight Train,17,44903,82430,127333,E40C,40.355888,-104.697861,51.6,52.9,51.6
UP,0518DV002,2018-05-02,6:06 PM,Hwy-rail crossing,0,LA SALLE,CO,50,3,Dusk,Rain,Main,Freight Train,59,32345,33,32378,M303,40.301375,-104.753965,51.3,46.8,46.3
UP,0521GP002,2021-05-05,3:30 AM,Other impacts,0,LA SALLE,CO,42,4,Dark,Clear,Yard,Single Car,0,591,0,22441,H318,40.35071,-104.700653,47.5,50.1,54.5
UP,1121GP033,2021-11-17,8:26 PM,Hwy-rail crossing,0,LA SALLE,CO,29,4,Dark,Clear,Siding,Freight Train,7,119673,11478,131151,M399,40.351924,-104.699673,53.5,29.6,26.2
UP,0918DV017,2018-09-19,12:01 AM,Other impacts,0,LA SALLE,CO,60,4,Dark,Clear,Yard,Freight Train,5,11199,33,16339,H307,40.351177,-104.695648,71.7,67.3,66.7
UP,0521GP002,2021-05-05,3:30 AM,Other impacts,0,LA SALLE,CO,42,4,Dark,Clear,Yard,Yard/switching,3,21850,0,22441,H318,40.35071,-104.700653,47.5,50.1,54.5
UP,0918DV017,2018-09-19,12:01 AM,Other impacts,0,LA SALLE,CO,60,4,Dark,Clear,Yard,Cut of cars,0,5107,0,16339,H307,40.351177,-104.695648,71.7,67.3,66.7
UP,0517DV018,2017-05-19,9:30 PM,Derailment,0,LA SALLE,CO,32,4,Dark,Cloudy,Siding,Yard/switching,5,14795,5770,20565,H318,40.346137,-104.705141,39.3,37.4,48.5
UP,0817DV022,2017-08-19,2:15 PM,Derailment,0,LA SALLE,CO,87,2,Day,Clear,Yard,Light loco(s),5,18781,4956,23737,T111,40.347004,-104.704889,70.2,74,71
SLRG,SL112915D,2015-11-29,3:50 AM,Derailment,0,LA VETA,CO,27,4,Dark,Cloudy,Main,Freight Train,6,815027,0,815027,H513,37.495302,-105.146657,26.2,26.7,22.6
SLRG,SL220424A,2022-04-24,9:08 PM,Other impacts,0,LA VETA,CO,32,4,Dark,Snow,Siding,Single Car,20,14592,0,39772,E08C,37.511354,-105.019478,30.7,28,31.7
SLRG,SL210318A,2021-03-18,1:10 AM,Derailment,0,LA VETA,CO,24,4,Dark,Clear,Main,Freight Train,5,23256,10733,33989,T222,37.512402,-105.115271,25.4,29,36.9
SLRG,SL210518A,2021-05-18,1:30 PM,Obstruction,0,LA VETA,CO,30,2,Day,Snow,Main,Spec. MoW Equip.,0,0,0,0,M101,37.484494,-105.153448,40.2,36,41.3
SLRG,SL220217A,2022-02-17,3:02 AM,Derailment,0,LA VETA,CO,8,4,Dark,Snow,Main,Freight Train,7,8005,30541,38546,T222,37.513346,-105.112141,25,11.7,19.7
SLRG,SL200929A,2020-09-29,9:39 AM,Derailment,0,LA VETA,CO,59,2,Day,Clear,Main,Freight Train,10,32727,32997,65724,H508,37.528796,-105.134,46.6,53.3,56.6
SLRG,SL220424A,2022-04-24,9:08 PM,Other impacts,0,LA VETA,CO,32,4,Dark,Snow,Siding,Cut of cars,0,25180,0,39772,E08C,37.511354,-105.019478,30.7,28,31.7
SLRG,SL190607A,2019-06-07,11:45 PM,Derailment,0,LA VETA,CO,59,4,Dark,Rain,Main,Freight Train,5,116043,5000,121043,M507,37.52518,-105.101193,61.1,64.6,69.9
SLRG,SL180503A,2018-05-03,1:41 PM,Derailment,0,LA VETA,CO,52,2,Day,Cloudy,Main,Freight Train,10,222442,10000,232442,E40C,37.522778,-105.142778,42.3,35.2,41.8
SLRG,SL111014D,2014-11-10,11:45 PM,Derailment,0,LA VETA,CO,33,4,Dark,Clear,Main,Freight Train,10,106879,8990,115869,T110,37.51938,-105.14757,48,43.9,23.6
SLRG,SL171212A,2017-12-12,1:10 AM,Derailment,0,LA VETA,CO,30,4,Dark,Clear,Main,Freight Train,10,22169,39213,61382,T110,37.521816,-105.081813,32.6,34.3,33.4
SLRG,SL200502A,2020-05-02,2:40 AM,Derailment,0,LA VETA,CO,53,4,Dark,Clear,Main,Freight Train,8,6268,24957,31225,T110,37.521621,-105.081328,56.8,54,53.2
SLRG,SL210330B,2021-03-30,8:43 AM,Derailment,0,LA VETA,CO,30,2,Day,Clear,Main,Freight Train,20,27277,1616,28893,T207,37.518563,-105.067569,42.2,21.4,27.5
SLRG,SL210501A,2021-05-01,2:25 AM,Derailment,0,LA VETA,CO,52,4,Dark,Clear,Main,Freight Train,4,19136,16366,35502,T101,37.525145,-105.101268,50.9,54,50
CXRG,CX240328A,2024-03-28,9:30 AM,Derailment,0,LA VETA,CO,34,2,Day,Clear,Main,Freight Train,5,0,185197,185197,T110,37.525441,-105.139014,22.1,29.7,34.3
CXRG,CX240523A,2024-05-23,8:39 AM,Derailment,0,LA VETA,CO,53,2,Day,Clear,Main,Freight Train,5,0,13013,13013,T319,37.512749,-105.112796,43.1,49.5,47.1
UP,0415HO038,2015-04-14,10:46 AM,Fire/violent rupture,0,LA WARD,TX,75,2,Day,Cloudy,Main,Freight Train,45,331568,0,331568,E73L,28.844882,-96.418261,74.7,71.5,69.8
UP,0820HL015,2020-08-14,11:30 PM,Derailment,0,LABETTE,KS,79,4,Dark,Cloudy,Industry,Freight Train,5,26202,400,26602,T316,37.242113,-95.194488,79.8,82.2,82.7
BNSF,GC0516200,2016-05-02,1:38 PM,Hwy-rail crossing,0,LACASSINE,LA,75,2,Day,Clear,Main,,0,0,0,11343,M302,30.237854,-92.878161,71,70.7,68.6
RLLX,RLLX42122,2022-04-21,3:00 PM,Raking collision,0,LACASSINE,LA,84,2,Day,Clear,Yard,Yard/switching,4,11300,0,11300,H302,30.238075,-92.949729,69.1,74.1,73.6
BNSF,RD1120115,2020-11-18,1:45 PM,Other impacts,0,LACASSINE,LA,72,2,Day,Clear,Yard,Freight Train,6,20339,0,20339,H318,30.237811,-92.958672,57.4,57.5,62.6
BNSF,RD0424126,2024-04-26,11:50 PM,Derailment,0,LACASSINE,LA,85,4,Dark,Clear,Yard,Freight Train,4,71950,154,72104,H302,30.237672,-92.945652,72.2,75.7,77.4
RLLX,RLLX52120,2020-05-21,4:30 PM,Other impacts,0,LACASSINE,LA,84,2,Day,Clear,Yard,Yard/switching,13,10700,0,10700,H602,30.238747,-92.950707,77.9,78.9,80
BNSF,RD0822113,2022-08-05,9:33 AM,Other impacts,0,LACASSINE,LA,90,2,Day,Clear,Yard,Freight Train,6,30567,0,30567,H318,30.237727,-92.957627,79.9,79.9,81
BNSF,RD1019116,2019-10-23,12:30 PM,Other impacts,0,LACASSINE,LA,70,2,Day,Clear,Yard,Freight Train,10,54755,0,54755,H307,30.238995,-92.883645,63.9,62,63.9
BNSF,GC0316104,2016-03-08,10:20 AM,Derailment,0,LACASSINE,LA,72,2,Day,Cloudy,Yard,Yard/switching,10,71435,0,71435,H318,30.237793,-92.936824,66.9,70.2,72.7
BNSF,GC0416107,2016-04-14,5:30 PM,Derailment,0,LACASSINE,LA,71,2,Day,Clear,Industry,Freight Train,5,46700,56000,102700,T110,30.238411,-92.948977,68.5,69.3,70.4
BNSF,NW1116112,2016-11-17,8:40 PM,Derailment,0,LACEY,WA,48,3,Dusk,Cloudy,Yard,Freight Train,5,73330,61687,135017,T001,47.024374,-122.72814,44.5,42.1,40.9
KCS,15062504,2015-06-25,8:00 PM,Derailment,0,LADDONIA,MO,83,4,Dark,Cloudy,Siding,Freight Train,0,6890,47634,54524,M105,39.247194,-91.634353,74.6,79.4,70.8
WC,909302,2016-12-18,6:25 AM,Other (describe in narrative),0,LADYSMITH,WI,-22,1,Dawn,Clear,Main,Freight Train,13,38594,0,38594,E21C,45.62597,-91.213418,8.5,-12.2,6.5
NS,136688,2019-12-31,2:20 PM,Other (describe in narrative),0,LAFAYETTE,IN,28,2,Day,Cloudy,Yard,Single Car,0,57334,0,307190,E30C,40.374638,-86.841312,37.2,32.3,36.5
NS,146552,2022-09-21,1:00 PM,Derailment,0,LAFAYETTE,IN,82,2,Day,Clear,Yard,Yard/switching,4,46931,82079,129010,H524,40.408934,-86.898424,74,79.1,61.1
BNSF,GC0416106,2016-04-13,10:41 AM,Derailment,0,LAFAYETTE,LA,70,2,Day,Cloudy,Yard,Freight Train,9,127077,260000,387077,E46C,30.234942,-92.0707,73.9,69.5,71.1
CSX,000172898,2017-11-16,3:35 AM,Derailment,0,LAFAYETTE,IN,58,4,Dark,Cloudy,Industry,Freight Train,6,25630,5838,31468,T221,40.400356,-86.911509,44.6,33.3,39.1
BNSF,RD0724103,2024-07-03,4:30 PM,Derailment,0,LAFAYETTE,LA,94,2,Day,Clear,Yard,Yard/switching,6,35127,13525,48652,H019,30.234773,-92.047585,88.3,87.3,85.5
BNSF,RD0918105,2018-09-03,11:30 AM,Other impacts,0,LAFAYETTE,LA,90,2,Day,Rain,Yard,Yard/switching,5,18500,0,18500,H318,30.235146,-92.053587,76,78.2,79.9
CSX,000214405,2023-11-08,2:24 AM,Hwy-rail crossing,0,LAFAYETTE,IN,50,4,Dark,Cloudy,Main,Freight Train,5,30284,174,30458,M302,40.402436,-86.908072,53.6,61.7,50.8
CSX,000144240,2015-04-05,6:20 PM,Other impacts,0,LAFAYETTE,IN,61,2,Day,Clear,Yard,Cut of cars,4,28075,0,28694,H318,40.419863,-86.896131,41.4,50.7,53.2
CSX,000170186,2017-07-12,7:15 PM,Side collision,0,LAFAYETTE,IN,73,3,Dusk,Cloudy,Yard,Freight Train,0,31449,0,43755,H307,40.419595,-86.896256,74.3,75.8,78.1
BNSF,RD0123203,2023-01-16,7:04 AM,Hwy-rail crossing,0,LAFAYETTE,LA,65,1,Dawn,Cloudy,Main,Freight Train,23,500,30000,30500,M302,30.182606,-91.990182,52.7,67.5,71.5
BNSF,RD0123109,2023-01-14,12:57 AM,Derailment,0,LAFAYETTE,LA,69,4,Dark,Clear,Yard,Yard/switching,9,40592,17700,58292,H525,30.234774,-92.034919,48.5,45.4,52.7
CSX,000144240,2015-04-05,6:20 PM,Other impacts,0,LAFAYETTE,IN,61,2,Day,Clear,Yard,Cut of cars,4,619,0,28694,H318,40.419863,-86.896131,41.4,50.7,53.2
BNSF,GC0316108,2016-03-13,3:00 PM,Derailment,0,LAFAYETTE,LA,75,2,Day,Clear,Yard,Yard/switching,5,13862,0,13862,E34C,30.235261,-92.049682,65.1,68.9,72.4
NS,113938,2015-01-21,1:10 AM,Derailment,0,LAFAYETTE,IN,32,4,Dark,Clear,Main,Yard/switching,9,16945,800,17745,E34C,40.448296,-86.854916,36.1,33.5,30.6
BNSF,RD1217119,2017-12-29,1:15 AM,Derailment,0,LAFAYETTE,LA,35,4,Dark,Clear,Yard,Yard/switching,6,46000,3000,49000,H503,30.234789,-92.051822,38.3,46.5,54.6
BNSF,GC0316113,2016-03-23,11:15 PM,Derailment,0,LAFAYETTE,LA,68,4,Dark,Clear,Yard,Yard/switching,7,61008,135937,196945,E04C,30.235442,-92.058321,56.9,67.7,69.1
CSX,000218805,2024-06-22,11:15 AM,Derailment,0,LAFAYETTE,IN,84,2,Day,Clear,Yard,Freight Train,5,596455,30594,627049,H303,40.425045,-86.893601,81.3,82.4,78.3
BNSF,GC0316112,2016-03-23,9:20 AM,Other (describe in narrative),0,LAFAYETTE,LA,65,2,Day,Clear,Yard,Yard/switching,8,12166,250,12416,H607,30.234879,-92.055884,56.9,67.7,69.1
NS,122112,2016-09-19,1:25 PM,Derailment,0,LAFAYETTE,IN,80,2,Day,Clear,Yard,Yard/switching,7,77732,0,77732,H312,40.448743,-86.853848,67.8,67.6,70.1
BNSF,RD1217113,2017-12-18,10:15 PM,Other (describe in narrative),0,LAFAYETTE,LA,68,4,Dark,Cloudy,Yard,Yard/switching,4,54012,123000,177012,H307,30.234743,-92.038014,63.7,63.8,69.4
BNSF,RD0818111,2018-08-11,2:30 AM,Derailment,0,LAFAYETTE,LA,75,4,Dark,Cloudy,Yard,Yard/switching,6,15321,9000,24321,H704,30.234922,-92.055359,78.5,78.7,83.4
BNSF,RD0318130,2018-03-30,7:46 AM,Derailment,0,LAFAYETTE,LA,68,1,Dawn,Clear,Yard,Freight Train,8,3800,26370,30170,E64C,30.234766,-92.034892,66.6,64.8,63
NS,135655,2019-09-28,12:50 PM,Derailment,0,LAFAYETTE,IN,72,2,Day,Clear,Main,Freight Train,9,1500,11156,12656,H303,40.447925,-86.855729,64.7,71,70.9
BNSF,RD0620125,2020-06-27,2:23 AM,Derailment,0,LAFAYETTE,LA,82,4,Dark,Clear,Yard,Yard/switching,7,75940,170500,246440,H307,30.234766,-92.057405,81.3,82.6,83.1
BNSF,RD0520206,2020-05-27,9:32 PM,Hwy-rail crossing,0,LAFAYETTE,LA,73,4,Dark,Clear,Main,Freight Train,38,1000,27500,28500,M308,30.182606,-91.990182,75.7,76.1,74.8
BNSF,RD1117110,2017-11-15,7:05 AM,Side collision,0,LAFAYETTE,LA,68,1,Dawn,Clear,Yard,Yard/switching,5,28120,0,49765,H318,30.235114,-92.043549,61.9,63.4,64.1
BNSF,RD0322108,2022-03-07,6:40 PM,Obstruction,0,LAFAYETTE,LA,65,3,Dusk,Clear,Yard,Cut of cars,0,155,17202,17357,M402,30.234822,-92.048838,74.2,70,54.1
BNSF,RD0418117,2018-04-15,9:30 PM,Other impacts,0,LAFAYETTE,LA,48,4,Dark,Clear,Yard,Yard/switching,7,13777,0,13777,H318,30.234578,-92.054072,64.6,53.7,58.1
BNSF,GC0115108,2015-01-28,6:49 AM,Derailment,0,LAFAYETTE,LA,55,1,Dawn,Clear,Yard,Yard/switching,6,45000,19200,64200,H307,30.234793,-92.033276,58.2,57.1,61.4
BNSF,RD1222106,2022-12-08,10:45 PM,Derailment,0,LAFAYETTE,LA,50,4,Dark,Clear,Yard,Yard/switching,8,7550,47754,55304,H702,30.234481,-92.04732,73.2,72.6,72.4
BNSF,GC0215105,2015-02-11,3:35 AM,Derailment,0,LAFAYETTE,LA,55,4,Dark,Clear,Main,Freight Train,5,500,12000,12500,H701,30.234967,-92.070003,54.6,56.6,53.7
BNSF,RD1117110,2017-11-15,7:05 AM,Side collision,0,LAFAYETTE,LA,68,1,Dawn,Clear,Yard,Cut of cars,0,21645,0,49765,H318,30.235114,-92.043549,61.9,63.4,64.1
BNSF,RD1023129,2023-10-24,2:26 AM,Other (describe in narrative),0,LAFAYETTE,LA,72,4,Dark,Clear,Yard,Yard/switching,4,18450,0,18450,H318,30.234554,-92.046781,74.6,75.9,76.9
CSX,000210454,2023-03-24,5:05 PM,Other impacts,0,LAFAYETTE,IN,40,3,Dusk,Cloudy,Yard,Maint./inspect Car,0,14066,0,34166,H993,40.443815,-86.879414,48.6,39.8,42.1
CSX,000170186,2017-07-12,7:15 PM,Side collision,0,LAFAYETTE,IN,73,3,Dusk,Cloudy,Yard,Yard/switching,4,12306,0,43755,H307,40.419595,-86.896256,74.3,75.8,78.1
NS,136688,2019-12-31,2:20 PM,Other (describe in narrative),0,LAFAYETTE,IN,28,2,Day,Cloudy,Yard,Single Car,0,200,0,307190,E30C,40.374638,-86.841312,37.2,32.3,36.5
NS,136688,2019-12-31,2:20 PM,Other (describe in narrative),0,LAFAYETTE,IN,28,2,Day,Cloudy,Yard,Cut of cars,0,44083,0,307190,E30C,40.374638,-86.841312,37.2,32.3,36.5
NS,136688,2019-12-31,2:20 PM,Other (describe in narrative),0,LAFAYETTE,IN,28,2,Day,Cloudy,Yard,Yard/switching,4,173713,31860,307190,E30C,40.374638,-86.841312,37.2,32.3,36.5
CSX,000187326,2019-12-23,5:24 AM,Hwy-rail crossing,0,LAFAYETTE,IN,26,1,Dawn,Clear,Main,Freight Train,18,39313,0,39313,M302,40.400355,-86.911509,36.8,38.2,38.9
BNSF,RD0621102,2021-06-02,10:30 PM,Derailment,0,LAFAYETTE,LA,85,4,Dark,Clear,Yard,Freight Train,0,0,40762,55762,T108,30.23481,-92.034767,78.1,79.5,76.1
BNSF,RD0418106,2018-04-07,4:40 AM,Derailment,0,LAFAYETTE,LA,70,1,Dawn,Rain,Main,Freight Train,9,82400,9500,91900,T314,30.234949,-92.071053,67.9,58.6,48.9
BNSF,RD0123113,2023-01-19,7:44 PM,Derailment,0,LAFAYETTE,LA,68,3,Dusk,Clear,Yard,Yard/switching,9,1034,13765,14799,T314,30.234923,-92.055342,71.1,63.1,55.1
LDRR,LDR789621,2021-06-02,10:30 PM,Derailment,0,LAFAYETTE,LA,85,4,Dark,Clear,Yard,Freight Train,10,15000,0,55762,T108,30.234937,-92.034767,78.1,79.5,76.1
BNSF,RD1222110,2022-12-13,5:30 PM,Derailment,0,LAFAYETTE,LA,65,3,Dusk,Clear,Yard,Yard/switching,5,12514,400,12914,T317,30.234987,-92.054823,66.8,70.4,66.1
BNSF,RD0421102,2021-04-05,11:26 AM,Derailment,0,LAFAYETTE,LA,60,2,Day,Clear,Yard,Yard/switching,4,18256,1500,19756,T206,30.234661,-92.047484,62.7,63.9,69.5