reportingrailroadcode,accidentnumber,date,time,accidenttype,hazmatreleasedcars,station,stateabbr,temperature,visibility_code,visibility,weathercondition,tracktype,equipmenttype,trainspeed,equipmentdamagecost,trackdamagecost,totaldamagecost,primaryaccidentcausecode,latitude,longitude,prior_temp,actual_temp,following_temp
CSX,000209397,2023-01-21,1:15 PM,Derailment,0,LAFAYETTE,IN,37,2,Day,Cloudy,Yard,Freight Train,2,146993,8837,155830,T108,40.445107,-86.878543,32.8,31,31.7
NS,119933,2016-03-30,6:15 PM,Derailment,0,LAFAYETTE,IN,53,3,Dusk,Rain,Yard,Yard/switching,8,213500,1015,214515,T207,40.374727,-86.845043,42.4,49.5,58.6
NS,132671,2019-01-30,10:15 PM,Derailment,0,LAFAYETTE,IN,-8,4,Dark,Cloudy,Yard,Yard/switching,5,18115,51292,69407,T110,40.374726,-86.845004,8.2,-8.6,-1.4
BNSF,GC0116101,2016-01-01,7:35 AM,Derailment,0,LAFAYETTE,LA,55,1,Dawn,Clear,Yard,Yard/switching,7,34500,19500,54000,T311,30.235143,-92.053598,52.3,45.2,46
CSX,000210444,2023-03-23,4:30 PM,Derailment,0,LAFAYETTE,IN,45,3,Dusk,Cloudy,Yard,Yard/switching,6,95218,2630,97848,T210,40.442542,-86.880332,46.5,48.6,39.8
NS,153651,2023-07-17,4:50 AM,Derailment,0,LAFAYETTE HILL,PA,85,4,Dark,Clear,Main,Freight Train,0,0,182801,1023138,T002,40.108406,-75.252343,76.4,79,77.8
CSX,000212930,2023-07-17,4:50 AM,Derailment,0,LAFAYETTE HILL,PA,74,1,Dawn,Fog,Main,Freight Train,27,840337,0,1023138,T002,40.108406,-75.252343,76.4,79,77.8
CSX,000148110,2015-06-19,10:10 AM,Derailment,0,LAGRANGE,GA,90,2,Day,Clear,Industry,Yard/switching,5,52704,314,53018,H303,32.983707,-85.064201,82.5,83.5,83.6
NS,131379,2018-10-19,10:30 AM,Other impacts,0,LAGRO,IN,52,2,Day,Cloudy,Main,Freight Train,34,13500,0,13500,E39C,40.83641,-85.735561,41.4,46.2,46.4
BNSF,SW0919110,2019-09-13,9:10 AM,Obstruction,0,LAGUNA,NM,77,2,Day,Clear,Main,,0,0,0,16246,M404,35.045154,-107.394235,71.3,71.6,71.4
ATK,161078,2019-09-13,9:10 AM,Obstruction,0,LAGUNA,NM,77,2,Day,Clear,Main,Passenger Train - Pulling,58,16246,0,16246,M404,35.0451,-107.3935,71.3,71.6,71.4
CSX,000213370,2023-09-09,3:12 PM,Other impacts,0,LAKE ALFRED,FL,91,2,Day,Clear,Industry,Cut of cars,5,9712,0,13577,H302,28.09667,-81.724199,79.1,79.2,82.9
CSX,000213370,2023-09-09,3:12 PM,Other impacts,0,LAKE ALFRED,FL,91,2,Day,Clear,Industry,Freight Train,5,3865,0,13577,H302,28.09667,-81.724199,79.1,79.2,82.9
BNSF,SW0918112,2018-09-22,1:58 PM,Derailment,0,LAKE ARTHUR,NM,82,2,Day,Clear,Siding,Freight Train,7,330052,40000,370052,T216,32.93038,-104.387191,68.9,67.7,67.8
BNSF,SW0122205,2022-01-21,4:37 PM,Hwy-rail crossing,0,LAKE ARTHUR,NM,49,2,Day,Clear,Main,Freight Train,48,50000,0,50000,M308,33.02287,-104.36189,28.2,32.4,33.9
UP,1122GC004,2022-11-05,3:00 AM,Derailment,0,LAKE CHARLES,LA,60,4,Dark,Rain,Main,Yard/switching,6,1821,24876,26697,H702,30.238279,-93.197878,74.9,62,71.5
UP,0724GC028,2024-07-26,3:45 AM,Other impacts,0,LAKE CHARLES,LA,74,4,Dark,Clear,Yard,Light loco(s),7,0,0,46416,H306,30.238464,-93.181888,75.5,76,78.8
UP,0724GC028,2024-07-26,3:45 AM,Other impacts,0,LAKE CHARLES,LA,74,4,Dark,Clear,Yard,Single Car,0,46416,0,46416,H306,30.238464,-93.181888,75.5,76,78.8
UP,1016LV019,2016-10-14,4:41 AM,Other (describe in narrative),0,LAKE CHARLES,LA,70,4,Dark,Clear,Yard,Single Car,9,11723,0,11723,H312,30.23843,-93.18535,75.9,74.7,75.9
UP,0520GC024,2020-05-27,10:50 PM,Other impacts,0,LAKE CHARLES,LA,66,4,Dark,Cloudy,Yard,Yard/switching,5,6182,16868,23207,M599,30.238434,-93.193701,73.2,73.4,72.9
UP,1220GC031,2020-12-22,10:10 AM,Derailment,0,LAKE CHARLES,LA,57,2,Day,Cloudy,Yard,Freight Train,10,1206,12082,13288,H704,30.22009,-93.142674,52,52.6,63.4
KCS,17111902,2017-11-19,11:20 AM,Derailment,0,LAKE CHARLES,LA,65,2,Day,Clear,Yard,Yard/switching,10,180192,1745,181937,H306,30.247957,-93.301861,74.2,54.7,49
UP,0420GC010,2020-04-10,12:22 PM,Other impacts,0,LAKE CHARLES,LA,70,2,Day,Clear,Yard,Yard/switching,8,7658,99,134460,H510,30.23833,-93.198887,76.1,66,66.5
UP,1120GC039,2020-11-26,6:40 PM,Other impacts,0,LAKE CHARLES,LA,64,3,Dusk,Cloudy,Yard,Yard/switching,4,33224,150,33540,H318,30.238329,-93.198387,69.8,62.4,69.3
UP,0420GC010,2020-04-10,12:22 PM,Other impacts,0,LAKE CHARLES,LA,70,2,Day,Clear,Yard,Yard/switching,3,126703,0,134460,H510,30.23833,-93.198887,76.1,66,66.5
UP,1120GC039,2020-11-26,6:40 PM,Other impacts,0,LAKE CHARLES,LA,64,3,Dusk,Cloudy,Yard,Single Car,4,166,0,33540,H318,30.238329,-93.198387,69.8,62.4,69.3
UP,0219GC025,2019-02-13,7:00 AM,Fire/violent rupture,0,LAKE CHARLES,LA,43,2,Day,Clear,Main,Freight Train,20,234513,99,234612,E72L,30.238216,-93.238638,60.4,50.9,60.6
UP,0522GC033,2022-05-26,7:50 PM,Other impacts,0,LAKE CHARLES,LA,88,3,Dusk,Clear,Yard,Cut of cars,0,88304,0,124715,H307,30.238266,-93.174966,75.4,76.9,80.1
UP,0522GC033,2022-05-26,7:50 PM,Other impacts,0,LAKE CHARLES,LA,88,3,Dusk,Clear,Yard,Yard/switching,8,33669,2742,124715,H307,30.238266,-93.174966,75.4,76.9,80.1
UP,0520GC024,2020-05-27,10:50 PM,Other impacts,0,LAKE CHARLES,LA,66,4,Dark,Cloudy,Yard,Single Car,0,157,0,23207,M599,30.238434,-93.193701,73.2,73.4,72.9
KCS,16082802,2016-08-28,12:00 PM,Other impacts,0,LAKE CHARLES,LA,85,2,Day,Rain,Yard,Cut of cars,4,10825,0,10825,H318,30.255495,-93.304995,78.5,76.3,79.2
UP,0421GC032,2021-04-21,7:00 PM,Other impacts,0,LAKE CHARLES,LA,64,3,Dusk,Clear,Yard,Yard/switching,4,38432,0,42632,M411,30.238504,-93.183622,67.1,59.4,60.6
UP,0121GC038,2021-01-31,2:44 AM,Other (describe in narrative),0,LAKE CHARLES,LA,65,4,Dark,Cloudy,Yard,Freight Train,5,0,28264,28264,H303,30.229674,-93.149046,60.4,60.5,49.3
UP,0421GC032,2021-04-21,7:00 PM,Other impacts,0,LAKE CHARLES,LA,64,3,Dusk,Clear,Yard,Single Car,0,4200,0,42632,M411,30.238504,-93.183622,67.1,59.4,60.6
BNSF,GC0816103,2016-08-11,6:40 PM,Derailment,0,LAKE CHARLES,LA,92,3,Dusk,Clear,Main,Freight Train,24,326054,0,332424,H503,30.242268,-93.276019,83.2,83.4,83.4
KCS,15042003,2015-04-20,2:40 PM,Other impacts,0,LAKE CHARLES,LA,75,2,Day,Clear,Yard,Single Car,2,34181,0,34181,H318,30.253606,-93.304281,72,67.6,66.5
KCS,17051302,2017-05-13,11:50 PM,Derailment,0,LAKE CHARLES,LA,65,4,Dark,Clear,Industry,Yard/switching,7,69967,7500,77467,T110,30.240155,-93.276509,76.3,71.9,72.4
KCS,16121601,2016-12-16,11:30 PM,Derailment,0,LAKE CHARLES,LA,60,4,Dark,Rain,Industry,Yard/switching,5,36679,500,37179,T402,30.239722,-93.274167,47.8,57.1,73.5
TIBR,IN17112800,2017-11-28,10:00 AM,Derailment,0,LAKE CHARLES,LA,65,2,Day,Rain,Industry,Yard/switching,7,30000,0,30000,T303,30.165946,-93.181721,53.9,58.6,65.9
CSX,000209204,2023-01-09,7:47 PM,Derailment,0,LAKE CITY,SC,55,3,Dusk,Clear,Main,Freight Train,54,516905,262794,779699,M402,33.876386,-79.753343,47.4,48.2,42.9
CSX,000197464,2021-05-05,11:21 PM,Derailment,0,LAKE CITY,SC,70,4,Dark,Clear,Main,Freight Train,52,19700,22426,42126,E53C,33.887597,-79.749616,73.5,73.1,67.8
UP,1220HL002,2020-12-02,3:00 PM,Hwy-rail crossing,0,LAKE CITY,MO,51,2,Day,Clear,Main,Freight Train,45,11205,99,11304,M302,39.126163,-94.217014,35.6,37.2,35.7
CSX,000201761,2021-12-08,2:15 PM,Derailment,0,LAKE CITY,SC,56,2,Day,Clear,Industry,Freight Train,4,104053,1328,105381,H514,33.831642,-79.768314,55.9,46.6,41.6
CSX,000198428,2021-06-23,10:00 AM,Derailment,0,LAKE CITY,SC,80,2,Day,Clear,Industry,Freight Train,6,18927,961,19888,H511,33.831642,-79.768314,77.1,74.4,71.5
DCTA,DCTA190003,2019-03-18,6:42 PM,Hwy-rail crossing,0,LAKE DALLAS,TX,72,2,Day,Clear,Main,DMU,53,250000,9600,259600,M302,33.110414,-97.026598,51.5,55.3,57.5
DCTA,DCTA15001,2015-08-06,8:40 AM,Hwy-rail crossing,0,LAKE DALLAS,TX,88,2,Day,Clear,Main,DMU,52,316000,176514,492514,M302,33.122588,-97.032478,90.5,91.8,91.3
NIRC,9419001741,2023-09-16,4:45 PM,Other impacts,0,LAKE FOREST,IL,70,2,Day,Clear,Main,Spec. MoW Equip.,24,136687,0,136687,H402,42.23412,-87.87957,63.7,63.9,61.3
UP,0317PR013,2017-03-15,2:30 AM,Derailment,0,LAKE FOREST,IL,15,4,Dark,Snow,Main,Freight Train,26,687066,39167,726233,T220,42.264298,-87.862747,21.4,22.3,28.9
SCXF,20210317S,2021-03-17,6:05 PM,Other (describe in narrative),0,LAKE HARBOR,FL,85,2,Day,Clear,Main,Freight Train,5,25000,0,25000,H318,26.6891,-80.8257,73.5,74.8,77.4
UP,0916TC007,2016-09-14,12:05 PM,Derailment,0,LAKE MILLS,IA,73,2,Day,Clear,Siding,Single Car,0,44244,0,44244,E99C,43.418275,-93.536364,59.8,59.2,63.7
FEC,X41080824,2024-08-08,3:12 PM,Hwy-rail crossing,0,LAKE PARK,FL,94,2,Day,Clear,Main,,0,0,478,28478,M308,26.808135,-80.077337,83.9,84.8,83.6
BLF,20245167,2024-08-08,3:12 PM,Hwy-rail crossing,0,LAKE PARK,FL,94,2,Day,Clear,Main,Passenger Train - Pulling,79,28000,0,28478,M308,26.808135,-80.077337,83.9,84.8,83.6
NLA,00002,2019-02-05,9:00 AM,Derailment,0,LAKE VILLAGE,AR,69,2,Day,Clear,Main,Freight Train,2,92000,3000,95000,T102,33.383378,-91.304924,63,66.4,70.4
NLA,002,2015-05-21,8:15 AM,Derailment,0,LAKE VILLAGE,AR,64,2,Day,Cloudy,Main,Freight Train,1,10000,5000,15000,T002,33.336402,-91.28232,76.2,62.2,62.2
FEC,X26051324,2024-05-13,10:54 PM,Hwy-rail crossing,0,LAKE WORTH,FL,79,4,Dark,Clear,Main,,0,0,507,24707,M308,26.596217,-80.05474,81.6,82.9,86.2
BLF,20180388,2018-12-05,6:05 AM,Obstruction,0,LAKE WORTH,FL,70,1,Dawn,Clear,Main,Passenger Train - Pulling,79,22697,0,22806,M402,26.603803,-80.058525,75.8,62.7,61.7
FEC,X13031819,2019-03-18,8:54 PM,Hwy-rail crossing,0,LAKE WORTH,FL,68,4,Dark,Cloudy,Main,,0,0,625,16325,M399,26.627737,-80.05924,72.4,69.8,66.4
FEC,D51120518,2018-12-05,6:05 AM,Obstruction,0,LAKE WORTH,FL,70,1,Dawn,Clear,Main,,0,0,109,22806,M402,26.603803,-80.058525,75.8,62.7,61.7
BLF,20190121,2019-03-18,8:54 PM,Hwy-rail crossing,0,LAKE WORTH,FL,68,4,Dark,Cloudy,Main,Passenger Train - Pulling,79,15700,0,16325,M308,26.627737,-80.05924,72.4,69.8,66.4
SFRV,05292023,2023-05-29,12:52 PM,Hwy-rail crossing,0,LAKE WORTH,FL,87,2,Day,Clear,Main,Commuter Train - Pulling,67,65000,8980,73980,M303,26.60904,-80.06937,81.2,80,81.2
BLF,20244605,2024-05-13,10:54 PM,Hwy-rail crossing,0,LAKE WORTH,FL,79,4,Dark,Clear,Main,Passenger Train - Pulling,77,24200,0,24707,M308,26.596217,-80.05474,81.6,82.9,86.2
SFRV,07312023,2023-07-31,11:59 AM,Derailment,0,LAKE WORTH,FL,92,2,Day,Clear,Main,Commuter Train - Pulling,50,50000,2770,52770,E59L,26.61494,-80.06916,86.1,81.9,81.4
FEC,X07021322,2022-02-13,4:07 PM,Hwy-rail crossing,0,LAKE WORTH,FL,74,2,Day,Clear,Main,,0,0,630,47602,M308,26.635938,-80.059,73.2,69.5,59.5
BLF,20220279,2022-02-13,4:07 PM,Hwy-rail crossing,0,LAKE WORTH,FL,74,2,Day,Clear,Main,Passenger Train - Pulling,79,46972,0,47602,M308,26.635938,-80.059,73.2,69.5,59.5
BLF,20220287,2022-02-16,6:19 AM,Hwy-rail crossing,0,LAKE WORTH,FL,73,1,Dawn,Clear,Main,Passenger Train - Pulling,79,28706,0,29157,M308,26.596151,-80.054709,67.5,73.1,76.1
FEC,X08021622,2022-02-16,6:19 AM,Hwy-rail crossing,0,LAKE WORTH,FL,73,4,Dark,Clear,Main,,0,0,451,29157,M308,26.596151,-80.054709,67.5,73.1,76.1
BLF,20221109,2022-12-09,6:50 PM,Hwy-rail crossing,0,LAKE WORTH,FL,80,4,Dark,Clear,Main,Passenger Train - Pulling,79,43058,0,43733,M308,26.596151,-80.054709,74.8,73.6,71.4
FEC,X46120922,2022-12-09,6:50 PM,Hwy-rail crossing,0,LAKE WORTH,FL,80,4,Dark,Clear,Main,,0,0,675,43733,M308,26.596151,-80.054709,74.8,73.6,71.4
SFRV,010416,2016-01-04,6:49 AM,Hwy-rail crossing,0,LAKE WORTH,FL,63,2,Day,Clear,Main,Commuter Train - Pushing,64,595768,146950,742718,M304,26.608905,-80.069356,69.2,62.2,66.8
BLF,20190198,2019-05-18,3:10 PM,Other (describe in narrative),0,LAKE WORTH,FL,80,2,Day,Clear,Main,Passenger Train - Pulling,79,11632,0,11632,M599,26.506196,-80.054772,78.6,79.5,81.3
FEC,T17051819,2019-05-18,3:10 PM,Other (describe in narrative),0,LAKE WORTH,FL,80,2,Day,Clear,Main,,0,0,0,11632,M599,26.506196,-80.054772,78.6,79.5,81.3
CSX,000212352,2023-07-14,7:04 PM,Hwy-rail crossing,0,LAKELAND,FL,95,3,Dusk,Clear,Main,,0,0,15735,821212,M308,28.047975,-81.922285,84.5,85.3,85.3
ATK,175516,2023-07-14,7:03 PM,Hwy-rail crossing,0,LAKELAND,FL,95,2,Day,Clear,Main,Passenger Train - Pulling,63,805477,0,821212,M304,28.047975,-81.922285,84.5,85.3,85.3
CSX,000154397,2015-11-19,8:12 AM,Hwy-rail crossing,0,LAKELAND,FL,80,2,Day,Cloudy,Main,Freight Train,29,15172,0,15172,M304,28.109642,-82.017128,77.6,76.5,75.4
CSX,000169516,2017-06-11,1:38 PM,Derailment,0,LAKELAND,FL,75,2,Day,Cloudy,Yard,Freight Train,6,11942,478,12420,H504,28.009306,-81.995662,77.4,77.5,79.4
CSX,000185824,2019-10-06,1:37 PM,Hwy-rail crossing,0,LAKELAND,FL,77,2,Day,Rain,Main,,0,0,97,38545,M302,28.033216,-82.019127,80.9,78.5,78.5
CSX,000193703,2020-11-07,7:13 PM,Hwy-rail crossing,0,LAKELAND,FL,75,3,Dusk,Clear,Main,Passenger Train - Pulling,0,0,0,12649,M302,28.045593,-81.890252,74.1,76.5,76.2
CSX,000138531,2014-12-06,1:25 PM,Hwy-rail crossing,0,LAKELAND,FL,64,2,Day,Rain,Main,,0,0,0,20445,M302,28.029715,-82.039391,69.2,70.8,66
ATK,161408,2019-10-06,1:37 PM,Hwy-rail crossing,0,LAKELAND,FL,86,2,Day,Clear,Main,Passenger Train - Pulling,79,38448,0,38545,M304,28.033166,-82.019216,80.9,78.5,78.5
ATK,165777,2020-11-07,7:20 PM,Hwy-rail crossing,0,LAKELAND,FL,78,4,Dark,Clear,Main,Passenger Train - Pulling,76,12649,0,12649,M308,28.04598,-81.895695,74.1,76.5,76.2
CSX,000210302,2023-03-13,1:30 PM,Other impacts,0,LAKELAND,FL,80,2,Day,Clear,Yard,Single Car,4,20330,0,22330,H318,28.027239,-82.01114,69.8,74.6,65.5
CSX,000210302,2023-03-13,1:30 PM,Other impacts,0,LAKELAND,FL,80,2,Day,Clear,Yard,Single Car,4,2000,0,22330,H318,28.027239,-82.01114,69.8,74.6,65.5
CSX,000173373,2017-12-12,11:46 PM,Hwy-rail crossing,0,LAKELAND,FL,50,4,Dark,Clear,Main,Freight Train,41,1580,14741,16321,M399,28.047848,-81.944866,48.8,57.4,52
ATK,135476,2014-12-06,1:25 PM,Hwy-rail crossing,0,LAKELAND,FL,64,2,Day,Cloudy,Main,Passenger Train - Pulling,69,20445,0,20445,M302,28.029715,-82.039391,69.2,70.8,66
CSX,000207320,2022-09-18,6:35 AM,Hwy-rail crossing,0,LAKELAND,FL,80,1,Dawn,Fog,Main,Freight Train,3,9530,15909,25439,M302,28.03319,-82.019171,81.3,82.2,85.6
CSX,000174398,2018-01-30,11:32 PM,Derailment,0,LAKELAND,FL,42,4,Dark,Clear,Industry,Freight Train,8,30431,210,30641,H307,28.034972,-81.936568,67.8,55.4,56.3
CSX,000218213,2024-05-22,7:35 PM,Derailment,0,LAKELAND,FL,88,2,Day,Clear,Yard,Freight Train,5,20711,3282,23993,H306,28.027218,-82.011128,79.4,82.6,82.3
CSX,000199991,2021-09-10,5:30 AM,Derailment,0,LAKELAND,FL,72,1,Dawn,Clear,Yard,Freight Train,10,20925,2388,23313,T101,28.027275,-82.011215,77.9,79.9,78.4
BNSF,PR1019108,2019-10-11,9:50 PM,Rear end collision,0,LAKESIDE,NE,35,4,Dark,Clear,Main,Freight Train,0,1256925,0,1306925,H605,42.069497,-102.587301,25,24.9,34.2
BNSF,PR1019108,2019-10-11,9:50 PM,Rear end collision,0,LAKESIDE,NE,35,4,Dark,Clear,Main,Freight Train,26,35000,15000,1306925,H605,42.069497,-102.587301,25,24.9,34.2
CBR,CBR1127001,2018-11-27,11:15 PM,Derailment,0,LAKESIDE,OR,54,4,Dark,Rain,Main,Freight Train,10,279065,25843,304908,T201,43.6064,-124.1461,56.4,56.6,51.7
LRY,051616,2016-05-16,12:50 PM,Derailment,0,LAKEVIEW,OR,56,2,Day,Cloudy,Main,Freight Train,9,15000,94100,109100,T199,42.083078,-120.326943,47.6,48.5,53.9
PGR,07082021,2021-07-08,10:30 AM,Derailment,0,LAKEVILLE,MN,87,2,Day,Clear,Industry,Freight Train,5,11330,5200,16530,T110,44.634066,-93.236034,60,61.6,66.4
ATK,179336,2024-04-13,10:01 AM,Raking collision,0,LAKEWOOD,WA,48,2,Day,Clear,Main,Passenger Train - Pulling,50,33671,0,33671,E89C,47.153828,-122.498021,50.9,52.2,51.5
UP,0819GL002,2019-08-01,5:45 PM,Hwy-rail crossing,0,LAKOTA,IA,81,2,Day,Clear,Main,Freight Train,40,66447,505,66952,M302,43.399469,-94.054316,66.9,70.1,70.9
UP,0522GL023,2022-05-16,2:51 PM,Obstruction,0,LAKOTA,IA,75,2,Day,Clear,Main,Freight Train,36,35100,416,35516,M402,43.386126,-94.075186,63.7,64.1,58.3
BNSF,SF0516111,2016-05-19,6:50 PM,Derailment,0,LAMAR,MO,61,3,Dusk,Rain,Industry,Yard/switching,9,500,30000,30500,H702,37.486725,-94.287257,56.8,57.9,59.8
UP,0218LK041,2018-02-27,1:36 PM,Hwy-rail crossing,0,LAMAR,AR,57,2,Day,Cloudy,Main,Light loco(s),31,52596,198,52794,M302,35.395232,-93.381201,46.4,49.4,55.6
BNSF,KS0320115,2020-03-15,5:36 PM,Derailment,0,LAMAR,CO,46,3,Dusk,Cloudy,Main,Freight Train,39,214233,253450,467683,T108,38.086776,-102.682365,35.2,39.2,43.8
BNSF,KS0120111,2020-01-30,12:50 AM,Derailment,0,LAMAR,CO,27,4,Dark,Clear,Main,Freight Train,18,24922,370959,395881,T202,38.086431,-102.689242,33.1,35.3,35.9
NMRX,04182017,2017-04-18,11:15 PM,Derailment,0,LAMY,NM,58,4,Dark,Clear,Main,Spec. MoW Equip.,1,164500,0,164500,M201,35.447337,-105.920551,58.4,59.4,62.6
NS,151515,2022-11-18,7:30 PM,Other (describe in narrative),0,LANCASTER,PA,38,3,Dusk,Cloudy,Yard,Freight Train,4,11300,3123,14423,H306,40.057578,-76.331147,37.8,37.4,33.5
NS,140687,2021-02-20,2:15 AM,Derailment,0,LANCASTER,PA,25,4,Dark,Clear,Main,Freight Train,2,1500,4500,6000,M101,40.057577,-76.331146,30.7,27.2,25.7
ATK,146647,2017-03-10,9:10 PM,Obstruction,0,LANCASTER,PA,20,4,Dark,Clear,Main,Passenger Train - Pulling,107,27927,0,27927,M404,40.045596,-76.262335,55.6,35.6,24.5
LC,20180604,2018-06-04,3:00 PM,Derailment,0,LANCASTER,SC,78,2,Day,Clear,Main,Freight Train,10,124988,17600,142588,E20C,34.71846,-80.820955,78.1,76.4,71.4
NS,105509,2014-12-09,4:30 AM,Other (describe in narrative),0,LANCASTER,PA,33,4,Dark,Rain,Main,Freight Train,10,0,0,32000,H221,40.0561,-76.316743,28,37.4,38.1
NS,118271,2015-11-19,11:10 AM,Derailment,0,LANCASTER,PA,62,2,Day,Rain,Yard,Yard/switching,4,38003,1500,39503,H702,40.057558,-76.331144,49.5,59.9,45.7
ATK,135480,2014-12-09,4:30 AM,Other (describe in narrative),0,LANCASTER,PA,33,4,Dark,Rain,Main,,0,0,32000,32000,H221,40.0561,-76.316743,28,37.4,38.1
NS,154308,2023-08-20,5:20 PM,Other impacts,0,LANCASTER,PA,85,3,Dusk,Clear,Yard,Cut of cars,2,25000,0,25000,E29C,40.057578,-76.331147,70.5,73.7,78.4
NS,154308,2023-08-20,5:20 PM,Other impacts,0,LANCASTER,PA,85,3,Dusk,Clear,Yard,Cut of cars,0,0,0,25000,E29C,40.057578,-76.331147,70.5,73.7,78.4
ATK,173625,2023-02-02,4:09 AM,Derailment,0,LANCASTER,PA,30,4,Dark,Clear,Siding,Work train,9,31114,2000,33114,H307,40.048311,-76.271546,31.7,31.7,25.6
CPKC,1001907054,2023-05-31,4:10 PM,Derailment,0,LANCASTER,MN,70,2,Day,Cloudy,Main,Freight Train,39,1790300,14396,1804696,T202,48.802916,-96.728866,70.2,71.3,74.4
NS,156271,2024-04-05,7:35 PM,Derailment,0,LANCASTER,PA,45,3,Dusk,Clear,Siding,Light loco(s),4,16883,16780,33663,T311,40.046976,-76.255176,43.9,43.5,46.8
NS,129313,2018-04-30,1:20 PM,Other (describe in narrative),0,LANCING,TN,72,2,Day,Clear,Main,Spec. MoW Equip.,15,25000,22500,47500,H997,36.122275,-84.652413,53.1,56.3,63.2
CSX,000180833,2019-01-18,11:09 AM,Hwy-rail crossing,0,LANEXA,VA,28,2,Day,Clear,Main,,0,0,0,20022,M302,37.415722,-76.940075,37,42.3,44.5
NS,138477,2020-07-09,7:45 PM,Hwy-rail crossing,0,LANGHORNE,PA,83,3,Dusk,Clear,Yard,Freight Train,0,400,0,400,M303,40.191006,-74.846244,78.4,79.7,74.4
SEPA,SEPA080723,2023-08-07,7:08 PM,Other (describe in narrative),0,LANGHORNE,PA,85,2,Day,Clear,Main,EMU,0,0,27588,27588,M199,40.190854,-74.890934,76.9,74.9,73.5
CSX,000218985,2024-06-29,7:00 PM,Derailment,0,LANGHORNE,PA,80,3,Dusk,Clear,Yard,Freight Train,4,15542,877,16419,T314,40.199201,-74.880727,70.9,75.6,78.4
SEPA,Y236,2022-12-21,1:45 PM,Hwy-rail crossing,0,LANSDOWNE,PA,40,2,Day,Clear,Main,EMU,40,35000,232054,267054,M303,39.938288,-75.265194,33.7,32.3,38.7
GTW,960628,2018-05-27,1:45 PM,Derailment,0,LANSING,MI,93,2,Day,Clear,Yard,Freight Train,5,6991,18472,25463,H702,42.710253,-84.612815,75.8,77.9,79.3
CP,1001706662,2022-06-01,6:45 AM,Derailment,0,LANSING,IA,55,1,Dawn,Clear,Main,Freight Train,24,226354,5934,232288,T220,43.32907,-91.1411,72.9,61.6,63
CSX,000161862,2016-08-03,1:45 PM,Other impacts,0,LANSING,MI,90,2,Day,Clear,Yard,Single Car,0,14107,0,14207,M599,42.728708,-84.540647,74.2,78.2,80.7
CSX,000161862,2016-08-03,1:45 PM,Other impacts,0,LANSING,MI,90,2,Day,Clear,Yard,Single Car,4,100,0,14207,M599,42.728708,-84.540647,74.2,78.2,80.7
ITHR,230718004,2023-07-18,6:00 PM,Derailment,0,LANSING,NY,67,3,Dusk,Rain,Main,Freight Train,9,40000,68000,108000,E64C,42.52178,-76.523574,72.5,69.8,68.1
ITHR,231108003,2023-11-08,4:35 PM,Other (describe in narrative),0,LANSING,NY,44,3,Dusk,Clear,Industry,Freight Train,2,750,20000,20750,M399,42.529209,-76.528085,49.9,34.6,45.2
FEC,X22050522,2022-05-05,5:55 PM,Hwy-rail crossing,0,LANTANA,FL,81,2,Day,Clear,Main,,0,0,512,44079,M399,26.582903,-80.052265,78,79.4,81.9
BLF,20231562,2023-02-17,6:58 PM,Hwy-rail crossing,0,LANTANA,FL,76,4,Dark,Clear,Main,Passenger Train - Pulling,32,21997,0,22523,M308,26.571991,-80.053848,76.8,77.6,72.5
FEC,X25080619,2019-08-06,7:09 AM,Hwy-rail crossing,0,LANTANA,FL,80,2,Day,Clear,Main,,0,0,481,14333,M303,26.3431,-80.0313,78.9,79.3,80.9
BLF,20190304,2019-08-06,7:09 AM,Hwy-rail crossing,0,LANTANA,FL,80,2,Day,Clear,Main,Passenger Train - Pulling,79,13852,0,14333,M303,26.3431,-80.0313,78.9,79.3,80.9
BLF,20190250,2019-06-25,4:43 PM,Hwy-rail crossing,0,LANTANA,FL,95,2,Day,Clear,Main,Passenger Train - Pulling,76,15285,0,31675,M308,26.343518,-80.031334,86.7,87.1,87.3
BLF,20220461,2022-05-05,5:55 PM,Hwy-rail crossing,0,LANTANA,FL,81,2,Day,Clear,Main,Passenger Train - Pulling,77,43567,0,44079,M399,26.582903,-80.052265,78,79.4,81.9
FEC,X11021723,2023-02-17,6:58 PM,Hwy-rail crossing,0,LANTANA,FL,76,4,Dark,Clear,Main,,0,0,526,22523,M308,26.571991,-80.053848,76.8,77.6,72.5
FEC,X27123021,2021-12-30,12:48 AM,Hwy-rail crossing,0,LANTANA,FL,70,4,Dark,Clear,Main,,0,0,449,30192,M308,26.584413,-80.052245,73.3,73.6,74.7
BLF,20210193,2021-12-30,12:48 AM,Hwy-rail crossing,0,LANTANA,FL,70,4,Dark,Clear,Main,Passenger Train - Pulling,78,29743,0,30192,M308,26.584413,-80.052245,73.3,73.6,74.7
BLF,20190002,2019-01-01,4:23 PM,Hwy-rail crossing,0,LANTANA,FL,84,2,Day,Clear,Main,Passenger Train - Pulling,78,130446,0,130889,M303,26.576413,-80.053752,75.8,75.8,73.4
FEC,X01010119,2019-01-01,4:23 PM,Hwy-rail crossing,0,LANTANA,FL,84,2,Day,Clear,Main,,0,0,443,130889,M303,26.576413,-80.053752,75.8,75.8,73.4