reportingrailroadcode,accidentnumber,date,time,accidenttype,hazmatreleasedcars,station,stateabbr,temperature,visibility_code,visibility,weathercondition,tracktype,equipmenttype,trainspeed,equipmentdamagecost,trackdamagecost,totaldamagecost,primaryaccidentcausecode,latitude,longitude,prior_temp,actual_temp,following_temp
FEC,X21062519,2019-06-25,4:43 PM,Hwy-rail crossing,0,LANTANA,FL,95,2,Day,Clear,Main,,0,0,16390,31675,M308,26.343518,-80.031334,86.7,87.1,87.3
KCS,20082802,2020-08-28,5:03 PM,Derailment,0,LAPLACE,LA,82,2,Day,Rain,Yard,Cut of cars,0,78906,0,139210,T202,30.071398,-90.593883,82.3,82.9,83.1
KCS,20082802,2020-08-28,5:03 PM,Derailment,0,LAPLACE,LA,82,2,Day,Rain,Yard,Freight Train,5,57753,2551,139210,T202,30.071398,-90.593883,82.3,82.9,83.1
UP,0721RM020,2021-07-20,8:30 AM,Derailment,0,LARAMIE,WY,57,2,Day,Clear,Main,Freight Train,47,55741,297,56038,E27C,41.400429,-105.61102,70.7,69,69.2
UP,0923RM012,2023-09-09,4:30 PM,Derailment,0,LARAMIE,WY,75,2,Day,Cloudy,Yard,Freight Train,3,11774,9271,21045,H307,41.31014,-105.596779,62.1,60.8,56.4
UP,1120RM012,2020-11-11,8:45 AM,Derailment,0,LARAMIE,WY,20,2,Day,Cloudy,Main,Freight Train,40,159,23000,23159,E39C,41.312333,-105.596254,22.8,24.4,22.1
UP,0419RM039,2019-04-28,11:09 AM,Derailment,0,LARAMIE,WY,59,2,Day,Cloudy,Main,Freight Train,4,8691,18564,27255,H522,41.290825,-105.599004,46.8,49.9,24.3
UP,0319RM004,2019-03-06,2:33 AM,Derailment,0,LARAMIE,WY,32,4,Dark,Cloudy,Main,Freight Train,30,7163,49560,56723,E33C,41.294825,-105.595682,10.2,33.5,34.6
UP,1116SA015,2016-11-21,6:17 PM,Hwy-rail crossing,0,LAREDO,TX,73,3,Dusk,Clear,Main,Freight Train,33,15537,11500,27037,M308,27.684999,-99.462086,56.2,66.7,73.4
UP,0816SA008,2016-08-08,2:30 PM,Hwy-rail crossing,0,LAREDO,TX,100,2,Day,Clear,Main,Freight Train,46,3422,80359,83781,M304,27.669209,-99.46919,90.8,91.4,91.6
KCS,16061301,2016-06-13,8:15 AM,Derailment,0,LAREDO,TX,85,2,Day,Clear,Yard,Yard/switching,4,85823,0,85823,H704,27.500758,-99.40239,88.1,89.3,89.4
UP,0822SX014,2022-08-15,9:20 PM,Other impacts,0,LAREDO,TX,80,4,Dark,Rain,Yard,Yard/switching,6,15999,4790,21390,M105,27.664784,-99.445343,80.4,75.9,84.9
KCS,21010901,2021-01-09,8:45 PM,Other impacts,0,LAREDO,TX,50,4,Dark,Rain,Yard,Single Car,20,0,1869,23455,H018,27.501662,-99.412583,52.3,46.4,45.8
KCS,21010901,2021-01-09,8:45 PM,Other impacts,0,LAREDO,TX,50,4,Dark,Rain,Yard,Light loco(s),0,21586,0,23455,H018,27.501662,-99.412583,52.3,46.4,45.8
UP,0923SX014,2023-09-16,5:20 AM,Derailment,0,LAREDO,TX,74,1,Dawn,Clear,Yard,Yard/switching,2,30635,2000,32635,S011,27.666,-99.432556,89.2,81.6,83.5
UP,0918SA004,2018-09-05,1:00 PM,Fire/violent rupture,0,LAREDO,TX,93,2,Day,Clear,Yard,Freight Train,0,24254,33,24287,E74L,27.545598,-99.511268,85.7,86,80.5
KCS,19091001,2019-09-10,11:41 AM,Derailment,1,LAREDO,TX,98,2,Day,Cloudy,Yard,Freight Train,9,120000,140726,260726,H703,27.499951,-99.391851,86,86.5,87.1
KCS,19122901,2019-12-29,9:30 PM,Derailment,0,LAREDO,TX,50,4,Dark,Clear,Yard,Yard/switching,8,7138,29376,36514,H703,27.503561,-99.507552,68.5,62.6,54.4
UP,0324SX004,2024-03-04,7:58 AM,Derailment,0,LAREDO,TX,71,2,Day,Cloudy,Yard,Light loco(s),4,1680,11910,13590,S016,27.665649,-99.435752,73.1,74.6,77.3
UP,0320SX021,2020-03-18,1:39 PM,Derailment,0,LAREDO,TX,84,2,Day,Clear,Yard,Freight Train,3,17160,249,17409,H702,27.66442,-99.465598,78.2,79.1,82
KCS,21072002,2021-07-20,8:55 AM,Derailment,0,LAREDO,TX,90,2,Day,Clear,Yard,Yard/switching,2,24746,3385,28131,H607,27.499015,-99.392066,87.8,84.7,82.3
UP,0618SA028,2018-06-27,8:00 PM,Derailment,0,LAREDO,TX,100,2,Day,Clear,Yard,Yard/switching,4,33796,213072,246868,E40C,27.674084,-99.467699,88.5,89.2,89
UP,0522SX002,2022-05-03,7:35 PM,Derailment,0,LAREDO,TX,93,3,Dusk,Clear,Yard,Yard/switching,3,3100,9000,12100,M203,27.665304,-99.437332,84.1,84.4,84
UP,0822SX014,2022-08-15,9:20 PM,Other impacts,0,LAREDO,TX,80,4,Dark,Rain,Yard,Yard/switching,2,601,0,21390,M105,27.664784,-99.445343,80.4,75.9,84.9
KCS,20073104,2020-07-31,11:25 PM,Derailment,0,LAREDO,TX,73,4,Dark,Rain,Main,Freight Train,4,143912,0,143912,M502,27.509486,-99.515539,85.1,87.5,80.7
UP,0721SX018,2021-07-17,6:20 PM,Derailment,0,LAREDO,TX,95,3,Dusk,Clear,Yard,Freight Train,3,39491,135,39626,M404,27.665081,-99.445361,85.9,86.3,86
UP,0120SX012,2020-01-28,3:38 PM,Derailment,0,LAREDO,TX,79,2,Day,Clear,Yard,Yard/switching,8,41007,24362,65369,M204,27.664501,-99.461742,68.7,69.2,59.9
KCS,17091404,2017-09-14,6:30 AM,Rear end collision,0,LAREDO,TX,75,4,Dark,Clear,Main,Freight Train,0,123751,0,433256,H221,27.494316,-99.345661,86.2,90,86.7
KCS,17091404,2017-09-14,6:30 AM,Rear end collision,0,LAREDO,TX,75,4,Dark,Clear,Main,Freight Train,14,272967,36538,433256,H221,27.494316,-99.345661,86.2,90,86.7
KCS,17020901,2017-02-09,3:25 PM,Derailment,0,LAREDO,TX,76,2,Day,Clear,Main,Freight Train,7,6385,11762,18147,H799,27.51059,-99.250446,73.8,66.6,68.5
KCS,16111901,2016-11-19,8:25 PM,Derailment,0,LAREDO,TX,53,4,Dark,Clear,Yard,Freight Train,7,4683,7800,12483,M405,27.499118,-99.395075,74,59.3,56.2
KCS,18101702,2018-10-17,8:40 PM,Derailment,0,LAREDO,TX,60,4,Dark,Clear,Yard,Freight Train,7,26605,70876,97481,T001,27.501041,-99.487279,50.6,54.7,56.8
UP,0220SX007,2020-02-10,1:30 PM,Derailment,0,LAREDO,TX,83,2,Day,Clear,Yard,Yard/switching,9,41394,20581,61975,T314,27.664546,-99.464488,76.8,76.6,52.7
UP,0920SX001,2020-09-01,3:41 PM,Derailment,0,LAREDO,TX,99,2,Day,Clear,Main,Freight Train,19,141559,267734,409293,T108,27.669632,-99.469061,91,91.5,87.6
UP,1116SA011,2016-11-19,7:55 PM,Derailment,0,LAREDO,TX,60,4,Dark,Clear,Yard,Freight Train,8,25555,4949,30504,T102,27.664559,-99.463138,74,59.3,56.2
KCS,17070303,2017-07-03,4:30 PM,Derailment,0,LAREDO,TX,105,2,Day,Clear,Yard,Yard/switching,6,17533,1500,19033,T314,27.50003,-99.390852,89.7,90.5,91.1
KCS,17120802,2017-12-08,3:05 PM,Derailment,0,LAREDO,TX,55,2,Day,Clear,Yard,Freight Train,7,9881,51212,61093,T205,27.505872,-99.438357,39,42.2,52.8
BNSF,PR0315112,2015-03-16,1:00 AM,Derailment,0,LARKSPUR,CO,35,4,Dark,Clear,Main,Freight Train,20,1968,0,68688,E53C,39.189538,-104.856238,53,57.1,39.5
UP,0315DV020,2015-03-16,1:00 AM,Derailment,0,LARKSPUR,CO,45,4,Dark,Clear,Main,,0,0,66720,68688,H305,39.189538,-104.856238,53,57.1,39.5
KO,180620004,2018-06-20,11:00 AM,Derailment,0,LARNED,KS,85,2,Day,Clear,Industry,Freight Train,5,21380,0,21380,T199,38.103438,-99.55429,82.3,72.3,72
BNSF,KS0322205,2022-03-28,7:52 AM,Hwy-rail crossing,0,LAS ANIMAS,CO,65,1,Dawn,Clear,Main,,0,0,0,16500,M304,38.06073,-103.28031,50,56.8,54.1
ATK,170239,2022-03-28,7:52 AM,Hwy-rail crossing,0,LAS ANIMAS,CO,65,2,Day,Clear,Main,Passenger Train - Pulling,30,16500,0,16500,M304,38.06073,-103.28031,50,56.8,54.1
KCS,15082901,2015-08-29,9:26 AM,Derailment,0,LASSATER,TX,85,2,Day,Clear,Siding,Freight Train,10,2000,10153,12153,E64C,32.829227,-94.495767,77.2,79.3,81.2
MDS,17072801,2017-07-28,9:40 AM,Derailment,0,LAUDERDALE,MS,83,2,Day,Clear,Main,Freight Train,7,3000,200000,203000,H503,32.252542,-88.765864,84.9,82.3,82.5
KCS,17050403,2017-05-04,6:15 AM,Obstruction,0,LAUDERDALE,MS,63,1,Dawn,Cloudy,Main,Freight Train,34,10753,0,10753,M404,32.508856,-88.574137,68.2,60.9,57.7
MDS,16061601,2016-06-16,1:40 PM,Derailment,0,LAUDERDALE,MS,98,2,Day,Clear,Main,Freight Train,7,6500,81000,87500,T109,32.238043,-88.771025,81.6,85.8,82
UP,1121SX016,2021-11-16,7:03 AM,Hwy-rail crossing,0,LAUGHLIN AFB,TX,63,1,Dawn,Clear,Main,Freight Train,54,14915,15344,30259,M304,29.364134,-100.80425,64.9,68,67.4
BNSF,CH0720114,2020-07-25,11:19 AM,Other (describe in narrative),0,LAURA,IL,85,2,Day,Clear,Main,Freight Train,50,250,11225,11475,E33C,40.920527,-89.908076,74.8,79.1,82.7
NS,133638,2019-04-21,2:20 AM,Derailment,0,LAURA,KY,43,4,Dark,Rain,Industry,Freight Train,0,3511,27651,31162,M101,37.743198,-82.500532,48.4,47.2,57.5
NS,136714,2020-01-02,8:35 PM,Derailment,0,LAURA,KY,35,4,Dark,Rain,Siding,Freight Train,8,2314,21178,23492,T207,37.735893,-82.508889,41.9,45.6,53.5
MRL,2018144,2018-11-04,6:55 AM,Other impacts,0,LAUREL,MT,37,4,Dark,Clear,Yard,Cut of cars,1,80000,35000,155000,H020,45.681326,-108.719739,40,43.8,40
MRL,2018144,2018-11-04,6:55 AM,Other impacts,0,LAUREL,MT,37,4,Dark,Clear,Yard,Freight Train,9,40000,0,155000,H020,45.681326,-108.719739,40,43.8,40
BNSF,MT0824101,2024-08-01,10:30 PM,Other impacts,0,LAUREL,MT,74,4,Dark,Clear,Yard,Yard/switching,4,39017,0,39017,H317,45.67672,-108.736985,75.1,80,84.2
MRL,2017047,2017-04-08,8:00 AM,Other impacts,0,LAUREL,MT,48,2,Day,Cloudy,Yard,Cut of cars,4,190601,0,208109,H306,45.676328,-108.739444,58.4,50.9,35.5
ATK,178950,2023-04-15,9:27 PM,Obstruction,0,LAUREL,MS,63,4,Dark,Clear,Main,Passenger Train - Pulling,30,24795,0,24795,M404,31.696936,-89.124756,66.6,64,62.5
MRL,2016055,2016-05-12,9:50 AM,Derailment,0,LAUREL,MT,62,2,Day,Clear,Yard,Yard/switching,4,65000,0,65000,H318,45.679767,-108.723203,47.1,52.4,41.4
BNSF,TC0417105,2017-04-05,6:17 AM,Derailment,0,LAUREL,NE,40,1,Dawn,Clear,Main,Freight Train,10,100000,1655153,1755153,T221,42.431217,-97.088443,49.6,45.7,42.1
MRL,2018028,2018-02-23,4:26 AM,Side collision,0,LAUREL,MT,0,4,Dark,Clear,Yard,Freight Train,0,21000,0,23000,H607,45.682,-108.715,7.9,9.4,20.8
MRL,2017157,2017-12-18,7:40 AM,Derailment,0,LAUREL,MT,26,1,Dawn,Cloudy,Yard,Freight Train,7,12000,0,12000,H601,45.682,-108.717,27.4,36.9,28.8
MRL,2018028,2018-02-23,4:26 AM,Side collision,0,LAUREL,MT,0,4,Dark,Clear,Yard,Light loco(s),8,2000,0,23000,H607,45.682,-108.715,7.9,9.4,20.8
MRL,2018049,2018-04-05,9:40 AM,Derailment,0,LAUREL,MT,28,2,Day,Snow,Industry,Yard/switching,2,21000,2000,23000,T221,45.689911,-108.709095,30.7,26,14.7
MRL,2022074,2022-12-05,11:39 AM,Side collision,0,LAUREL,MT,21,2,Day,Cloudy,Yard,Freight Train,17,75000,250000,560000,H607,45.654785,-108.828118,30.3,23.4,13
MRL,2022074,2022-12-05,11:39 AM,Side collision,0,LAUREL,MT,21,2,Day,Cloudy,Yard,Freight Train,14,235000,0,560000,H607,45.654785,-108.828118,30.3,23.4,13
MRL,2021109,2021-12-20,3:30 AM,Other impacts,0,LAUREL,MT,12,4,Dark,Clear,Yard,Yard/switching,5,25000,0,47000,H020,45.681246,-108.718312,32.2,19.4,38.1
MRL,2021052,2021-06-27,3:30 AM,Other impacts,0,LAUREL,MT,66,4,Dark,Cloudy,Yard,Cut of cars,5,1000,0,30000,H020,45.681503,-108.717701,71.4,76.9,74.1
MRL,2023052,2023-05-30,6:25 AM,Head on collision,0,LAUREL,MT,55,1,Dawn,Clear,Yard,Yard/switching,5,0,0,95000,H318,45.676489,-108.734455,67.2,68.3,66.6
MRL,2021052,2021-06-27,3:30 AM,Other impacts,0,LAUREL,MT,66,4,Dark,Cloudy,Yard,Yard/switching,0,29000,0,30000,H020,45.681503,-108.717701,71.4,76.9,74.1
MRL,2023052,2023-05-30,6:25 AM,Head on collision,0,LAUREL,MT,55,1,Dawn,Clear,Yard,Single Car,10,95000,0,95000,H318,45.676489,-108.734455,67.2,68.3,66.6
BNSF,MT0124114,2024-01-31,6:00 AM,Derailment,0,LAUREL,MT,31,1,Dawn,Clear,Yard,Freight Train,6,16501,0,236592,H318,45.675546,-108.741889,49.8,48,44.3
BNSF,MT0124114,2024-01-31,6:00 AM,Derailment,0,LAUREL,MT,31,1,Dawn,Clear,Yard,Yard/switching,4,40091,180000,236592,H318,45.675546,-108.741889,49.8,48,44.3
MRL,2021109,2021-12-20,3:30 AM,Other impacts,0,LAUREL,MT,12,4,Dark,Clear,Yard,Cut of cars,14,22000,0,47000,H020,45.681246,-108.718312,32.2,19.4,38.1
MRL,2023050,2023-05-27,12:05 AM,Derailment,0,LAUREL,MT,54,4,Dark,Clear,Yard,Yard/switching,9,36000,8352,44352,T110,45.67731,-108.729904,58.7,59.3,62.6
CSX,000158299,2016-03-03,11:10 PM,Derailment,0,LAUREL HILL,NC,55,4,Dark,Clear,Main,Freight Train,29,48870,1356,50226,E39C,34.806638,-79.54176,53.1,42,45
CPDR,CPD104417,2017-09-14,11:44 PM,Derailment,0,LAURENS,SC,70,4,Dark,Clear,Yard,Freight Train,0,0,39628,120847,T210,34.498177,-82.010535,67,69.7,70.3
CSX,000171662,2017-09-14,11:44 PM,Derailment,0,LAURENS,SC,70,4,Dark,Clear,Yard,Freight Train,6,81219,0,120847,T210,34.498177,-82.010535,67,69.7,70.3
ATK,148227,2017-06-29,1:14 PM,Obstruction,0,LAWRENCE,KS,90,2,Day,Clear,Main,Passenger Train - Pulling,25,16641,0,16641,M404,38.971668,-95.23525,80.9,75.5,73.8
UP,0622HL015,2022-06-17,5:16 PM,Derailment,0,LAWRENCE,KS,96,2,Day,Cloudy,Main,Freight Train,38,1099160,972108,2071268,T207,39.018844,-95.233998,85,86.2,85.9
BNSF,KS1114114,2014-11-24,9:30 PM,Derailment,0,LAWRENCE,KS,28,4,Dark,Clear,Industry,Freight Train,5,17972,1000,18972,T207,38.996908,-95.249932,50.5,34.3,31.2
CSX,000153825,2015-10-29,12:00 PM,Derailment,0,LAWRENCEVILLE,GA,71,2,Day,Clear,Industry,Freight Train,6,13058,400,13458,M501,33.99086,-83.913642,62.3,60.3,55.6
CSX,000176281,2018-05-08,9:05 AM,Derailment,0,LAWRENCEVILLE,GA,70,2,Day,Clear,Yard,Freight Train,7,70435,27127,97562,H505,33.984527,-83.944532,70.4,67.6,70.1
CSX,000184564,2019-08-03,5:42 PM,Rear end collision,0,LAWRENCEVILLE,GA,86,3,Dusk,Clear,Main,Light loco(s),22,4871,64,14835,H607,33.957069,-84.008609,74.4,76.7,74.7
CSX,000184564,2019-08-03,5:42 PM,Rear end collision,0,LAWRENCEVILLE,GA,86,3,Dusk,Clear,Main,Freight Train,0,9900,0,14835,H607,33.957069,-84.008609,74.4,76.7,74.7
SLWC,190923002,2019-09-23,10:50 AM,Derailment,0,LAWTON,OK,80,2,Day,Clear,Yard,Freight Train,5,0,20005,20005,H704,34.607591,-98.529271,79,77.4,78.4
SLWC,210916002,2021-09-16,8:30 AM,Obstruction,0,LAWTON,OK,85,2,Day,Clear,Industry,Freight Train,4,11376,0,11376,H311,34.597389,-98.499279,76.5,78.9,79.7
ATK,151039,2017-12-19,7:10 PM,Hwy-rail crossing,0,LAWTON,MI,39,4,Dark,Clear,Main,Passenger Train - Pulling,110,25123,0,25123,M308,42.175252,-85.840106,39.6,40.9,31.1
SLWC,1901419002,2019-04-19,1:30 AM,Derailment,0,LAWTON,OK,68,4,Dark,Clear,Yard,Freight Train,13,70000,20000,90000,T102,34.604706,-98.511538,62.8,58.1,62.8
SLWC,230201008,2023-02-01,9:30 PM,Derailment,0,LAWTON,OK,30,4,Dark,Sleet,Yard,Freight Train,7,17754,15000,32754,T113,34.606911,-98.525813,23.8,26.8,34
CP,1001308424,2020-08-25,2:01 PM,Hwy-rail crossing,0,LE CLAIRE,IA,96,2,Day,Clear,Main,Freight Train,28,13595,0,13595,M302,41.63194,-90.34537,80.6,80.6,82.1
CP,1001148695,2020-01-03,11:02 AM,Derailment,1,LE CLAIRE,IA,30,2,Day,Cloudy,Main,Freight Train,37,766015,21960,787975,T210,41.598277,-90.343102,41.1,33.4,29
BNSF,TC0621202,2021-06-17,1:14 PM,Hwy-rail crossing,0,LE MARS,IA,89,2,Day,Clear,Main,Freight Train,40,12000,15000,27000,M302,42.793282,-96.223527,81.4,84.8,77.7
UP,1218GL043,2018-12-21,7:22 PM,Hwy-rail crossing,0,LE MARS,IA,30,3,Dusk,Cloudy,Main,Freight Train,12,38393,200,38593,M303,42.778338,-96.185843,34.1,26.9,32.3
UP,1216CB018,2016-12-30,3:35 PM,Hwy-rail crossing,0,LE MARS,IA,41,2,Day,Clear,Main,Freight Train,24,9390,5456,14846,M308,42.79305,-96.164634,32.6,30.4,27.1
UP,0319GL048,2019-03-15,4:39 AM,Derailment,0,LE SUEUR,MN,29,1,Dawn,Cloudy,Main,Freight Train,29,1650153,73866,1724019,M103,44.413381,-93.939132,37.5,29.5,26.7
UP,0519MA034,2019-05-16,11:20 AM,Derailment,0,LEADINGTON,MO,79,2,Day,Clear,Industry,Freight Train,7,142798,42310,185108,T110,37.8532,-90.49452,68,73.8,75.4
CMTY,20230224A,2023-02-24,5:42 PM,Hwy-rail crossing,0,LEANDER,TX,45,2,Day,Clear,Main,DMU,55,384279,3000,387279,M302,30.574829,-97.851132,65.2,50.9,51.1
UP,0815KC003,2015-08-04,6:04 AM,Hwy-rail crossing,0,LEAVENWORTH,KS,75,1,Dawn,Cloudy,Main,Freight Train,38,11397,50,11447,M303,39.355991,-94.91349,79.2,76,72.5
CSX,000203430,2022-03-03,11:20 AM,Derailment,0,LEBANON,IN,37,2,Day,Cloudy,Industry,Freight Train,3,18765,20349,39114,H601,40.026288,-86.480101,47.3,35.8,38.8
CSX,000204848,2022-05-09,2:00 PM,Obstruction,0,LEBANON,IN,57,2,Day,Clear,Industry,Freight Train,2,998,20349,21347,H307,40.037988,-86.480069,57.2,66.2,74.2
NRTX,111017,2017-11-10,3:25 PM,Hwy-rail crossing,0,LEBANON,TN,70,2,Day,Clear,Main,Commuter Train - Pushing,36,12500,0,12500,M302,36.21895,-86.32003,49.8,42.6,44.9
NERR,11102017,2017-11-10,3:25 PM,Hwy-rail crossing,0,LEBANON,TN,70,2,Day,Clear,Main,,0,0,0,12500,M302,36.21895,-86.32003,49.8,42.6,44.9
CSX,000164323,2016-11-12,6:52 AM,Derailment,0,LEBANON JUNCTION,KY,37,1,Dawn,Clear,Main,Freight Train,30,735225,298920,1034145,T108,37.785211,-85.772925,51,43.6,41.1
CSX,000176125,2018-05-01,3:21 PM,Derailment,0,LEBANON JUNCTION,KY,82,2,Day,Clear,Main,Freight Train,57,1214661,193090,1407751,T109,37.877123,-85.732885,55.6,64.2,72.4
BNSF,KS0617117,2017-06-29,1:14 PM,Obstruction,0,LECOMPTON,KS,92,2,Day,Clear,Main,,0,0,0,16641,M404,39.031263,-95.344724,81.4,75.9,74.1
BNSF,MT0518104,2018-05-14,11:04 PM,Derailment,0,LEDGER,MT,62,4,Dark,Clear,Main,Freight Train,13,596698,870000,1466698,T109,48.348123,-111.755286,55.2,59.1,65.3
HRRC,0616,2016-08-10,12:58 PM,Derailment,0,LEE,MA,84,2,Day,Cloudy,Main,Freight Train,24,5000,17000,22000,E4BC,42.306836,-73.250736,63,63.2,61.7
ATK,149836,2017-10-08,11:59 AM,Obstruction,0,LEEDS,AL,75,2,Day,Rain,Main,Passenger Train - Pulling,49,27829,0,27829,M404,33.540934,-86.532618,76.5,76,77.6
NS,130052,2017-10-08,11:59 AM,Obstruction,0,LEEDS,AL,75,2,Day,Rain,Main,,0,0,0,27829,M404,33.540934,-86.532618,76.5,76,77.6
UP,0716KC007,2016-07-10,1:50 PM,Derailment,0,LEES SUMMIT,MO,89,2,Day,Clear,Yard,Yard/switching,5,9678,4527,14205,T314,38.898761,-94.369633,80.4,82.7,83.4
UP,0220HL003,2020-02-05,7:20 AM,Derailment,0,LEES SUMMIT,MO,27,2,Day,Cloudy,Industry,Yard/switching,7,12456,1655,14111,T113,38.939074,-94.38802,32.1,27.2,28.5
NS,140426,2021-01-31,12:30 AM,Derailment,0,LEESBURG,IN,27,4,Dark,Snow,Main,Freight Train,23,1500,50855,52355,E61C,41.333007,-85.844482,28.5,29.7,27.4
NS,129480,2018-05-16,7:25 AM,Hwy-rail crossing,0,LEESBURG,IN,64,1,Dawn,Clear,Main,Freight Train,33,20308,77780,98088,M303,41.33195,-85.84449,66.8,65.9,67.2
NS,122111,2016-09-19,2:30 PM,Derailment,0,LEESPORT,PA,75,2,Day,Cloudy,Industry,Freight Train,5,3000,25746,28746,T215,40.465185,-75.901723,76.5,72.2,72
KCS,17102303,2017-10-23,5:11 PM,Hwy-rail crossing,0,LEESVILLE,LA,78,2,Day,Clear,Main,Freight Train,35,28065,0,28065,M302,31.1644,-93.273087,64.6,61.2,61.5
WE,210059,2021-08-27,9:30 PM,Derailment,0,LEESVILLE,OH,90,2,Day,Clear,Industry,Freight Train,5,31250,0,31250,M101,40.350472,-80.91243,77.3,77.4,78.6
KCS,19120101,2019-12-01,8:55 AM,Derailment,0,LEESVILLE,LA,60,2,Day,Clear,Yard,Yard/switching,10,8138,7727,15865,H018,31.123648,-93.266677,71.1,56.1,44.6
KCS,21011201,2021-01-12,12:30 PM,Hwy-rail crossing,0,LEESVILLE,LA,43,2,Day,Clear,Main,Freight Train,29,13126,9792,22918,M302,31.164487,-93.273361,32.9,36.6,45.5
KCS,17060301,2017-06-03,11:16 PM,Derailment,0,LEESVILLE,LA,75,4,Dark,Clear,Main,Freight Train,7,31107,28073,59180,H513,31.120258,-93.268504,78.1,77.7,70.4
KCS,20010201,2020-01-02,9:25 PM,Derailment,0,LEESVILLE,LA,60,4,Dark,Rain,Main,Freight Train,30,17584,233,17817,E53C,30.948827,-93.28158,45.8,56.1,59.3
KCS,14122801,2014-12-28,6:20 AM,Derailment,0,LEESVILLE,LA,45,1,Dawn,Cloudy,Main,Freight Train,23,227835,420059,647894,T099,31.074927,-93.269768,61.3,46.9,46.7
KCS,16090501,2016-09-05,9:00 PM,Derailment,0,LEESVILLE,LA,78,4,Dark,Cloudy,Industry,Freight Train,12,29516,12500,42016,T110,31.03962,-93.273223,80.5,78.8,78.7
NS,116064,2015-06-13,2:52 PM,Other (describe in narrative),0,LEETONIA,OH,72,2,Day,Clear,Main,Freight Train,0,70000,3240,73240,E13C,40.862103,-80.794868,74.7,71.2,73.1
NS,133441,2019-04-02,9:05 AM,Other impacts,0,LEETSDALE,PA,35,2,Day,Cloudy,Main,Spec. MoW Equip.,0,7500,0,15000,H997,40.569214,-80.215065,32.3,39.5,46.7
NS,133441,2019-04-02,9:05 AM,Other impacts,0,LEETSDALE,PA,35,2,Day,Cloudy,Main,Spec. MoW Equip.,3,7500,0,15000,H997,40.569214,-80.215065,32.3,39.5,46.7
UFRC,092820001,2020-09-28,10:17 PM,Obstruction,0,LEHI,UT,55,4,Dark,Clear,Main,Commuter Train - Pushing,36,60000,0,60000,H499,40.39865,-111.86619,58.3,55.3,56.8
UP,0824HL007,2024-08-14,8:30 PM,Other (describe in narrative),0,LEHIGH,KS,82,4,Dark,Rain,Siding,Freight Train,0,826559,8225,834784,M105,38.42818,-97.33573,77.5,84,78.8
NS,140841,2021-03-06,2:00 AM,Derailment,0,LEIGHTON,AL,43,4,Dark,Cloudy,Yard,Yard/switching,4,16332,2316,18648,M404,34.712397,-87.598961,50.6,49.2,48.1
NS,142749,2021-09-03,12:40 PM,Other impacts,0,LEIPSIC,OH,72,2,Day,Clear,Industry,Single Car,0,1750,0,12100,H302,41.10512,-83.96736,66.2,65.8,68.8
NS,142749,2021-09-03,12:40 PM,Other impacts,0,LEIPSIC,OH,72,2,Day,Clear,Industry,Cut of cars,4,10350,0,12100,H302,41.10512,-83.96736,66.2,65.8,68.8
NS,114357,2015-02-14,12:45 PM,Hwy-rail crossing,0,LEIPSIC,OH,10,2,Day,Snow,Main,Freight Train,35,10000,12697,22697,M306,41.105324,-83.957542,15.5,19.8,1.4
PAL,2016AUG1X,2016-08-02,8:34 AM,Hwy-rail crossing,0,LEITCHFIELD,KY,85,2,Day,Clear,Main,Light loco(s),30,40000,21209,61209,M302,37.485938,-86.274926,77.8,77.6,78.8
CSX,000153144,2015-10-12,1:45 PM,Side collision,0,LELAND,NC,71,2,Day,Cloudy,Yard,Cut of cars,3,0,0,11887,H018,34.255867,-77.942985,65.4,63.3,70.6
CSX,000153144,2015-10-12,1:45 PM,Side collision,0,LELAND,NC,71,2,Day,Cloudy,Yard,Cut of cars,2,11887,0,11887,H018,34.255867,-77.942985,65.4,63.3,70.6
BNSF,RD0618206,2018-06-30,3:58 PM,Hwy-rail crossing,0,LELIA LAKE,TX,88,2,Day,Clear,Main,Freight Train,41,8500,30000,38500,M302,34.916326,-100.829832,88.5,79.9,82.9
BNSF,HL0817122,2017-08-26,3:00 PM,Derailment,0,LEMAY,MO,85,2,Day,Clear,Main,Freight Train,23,347602,400000,747602,T109,38.497515,-90.345142,71.1,72,74.3
UP,1014SA016,2014-10-26,6:33 AM,Derailment,0,LEMING,TX,55,1,Dawn,Cloudy,Main,Freight Train,39,1904391,92657,1997048,T207,29.119644,-98.492851,72.8,71.4,74.2
BNSF,MT0116101,2016-01-09,3:40 AM,Other impacts,0,LEMMON,SD,1,4,Dark,Cloudy,Main,Freight Train,5,39517,0,39517,H020,45.944358,-102.158017,13,-2.8,8.3
BNSF,MT1217100,2017-12-08,6:57 PM,Derailment,0,LEMMON,SD,40,3,Dusk,Clear,Industry,Freight Train,4,50709,5000,55709,T108,45.944041,-102.156224,22.1,29.4,34.1
IC,1110443,2022-08-05,4:11 PM,Hwy-rail crossing,0,LEMONT,IL,84,2,Day,Clear,Main,,0,0,0,52101,M304,41.683641,-87.969463,77.8,79.6,84
IC,1136282,2023-07-12,8:50 AM,Derailment,0,LEMONT,IL,73,2,Day,Clear,Industry,Freight Train,4,12000,250,12250,H704,41.728451,-87.884216,73.9,68.8,69.1