reportingrailroadcode,accidentnumber,date,time,accidenttype,hazmatreleasedcars,station,stateabbr,temperature,visibility_code,visibility,weathercondition,tracktype,equipmenttype,trainspeed,equipmentdamagecost,trackdamagecost,totaldamagecost,primaryaccidentcausecode,latitude,longitude,prior_temp,actual_temp,following_temp
NIRC,9419000968,2022-08-05,4:11 PM,Hwy-rail crossing,0,LEMONT,IL,84,2,Day,Clear,Main,Commuter Train - Pulling,79,52101,0,52101,M304,41.683641,-87.969463,77.8,79.6,84
IC,851768,2015-06-01,2:00 AM,Hwy-rail crossing,0,LEMONT,IL,49,4,Dark,Clear,Industry,Freight Train,1,13793,75,13868,M302,41.680783,-87.989397,49.6,53.9,58.6
NS,120916,2016-06-17,9:50 AM,Derailment,0,LEMOYNE,PA,72,2,Day,Clear,Main,Yard/switching,7,11721,410,12131,T314,40.242177,-76.900254,68.2,74.5,74
UP,1121GC007,2021-11-04,1:07 AM,Other (describe in narrative),0,LENA,LA,65,4,Dark,Clear,Industry,Single Car,1,34069,0,34069,M299,31.405503,-92.714001,52.7,49.7,49.5
UP,0623GC028,2023-06-22,3:30 PM,Derailment,0,LENA,LA,93,2,Day,Clear,Industry,Freight Train,8,214308,150,214458,T319,31.404671,-92.716661,81.7,81.5,82
CC,917675,2017-03-30,12:35 AM,Derailment,0,LENA,IL,39,4,Dark,Rain,Siding,Freight Train,8,137175,0,540031,T001,42.386714,-89.836775,39.8,39.3,37.7
CC,917675,2017-03-30,12:35 AM,Derailment,0,LENA,IL,39,4,Dark,Rain,Siding,Freight Train,8,60000,342856,540031,T001,42.386714,-89.836775,39.8,39.3,37.7
UP,1215WH002,2015-12-02,9:40 AM,Hwy-rail crossing,0,LENAPAH,OK,50,2,Day,Clear,Main,Freight Train,41,13396,600,13996,M308,36.901847,-95.637095,38.3,38.8,36.4
IC,855271,2015-06-14,12:30 PM,Derailment,0,LENZBURG,IL,85,2,Day,Clear,Industry,Freight Train,9,48047,7570,55617,T215,38.264102,-89.814945,79,77,78.5
NS,140374,2021-01-25,12:45 PM,Derailment,0,LEOLA,PA,29,2,Day,Clear,Industry,Freight Train,6,12578,0,12578,T314,40.067021,-76.214448,28.5,32.5,33.6
MBTA,2024049,2024-03-15,6:35 AM,Raking collision,0,LEOMINSTER,MA,41,1,Dawn,Clear,Main,Passenger Train - Pushing,59,15359,0,15359,M404,42.562166,-71.757174,46.9,42.5,44.8
BEAR,BER737524A,2024-03-15,6:35 AM,Raking collision,0,LEOMINSTER,MA,37,1,Dawn,Fog,Main,Freight Train,0,0,0,0,M505,42.556206,-71.751892,46.9,42.5,44.8
CSX,000177547,2018-07-12,2:21 PM,Derailment,0,LEONIA,NJ,85,2,Day,Clear,Yard,Freight Train,9,16245,500,16745,T217,40.863231,-73.995971,80.4,76.2,76.9
CSX,000163674,2016-10-15,9:38 PM,Fire/violent rupture,0,LESAGE,WV,60,4,Dark,Cloudy,Main,Freight Train,30,30550,100,30650,M406,38.471148,-82.307772,53.9,63.2,67.7
BNSF,TC1121201,2021-11-08,8:10 AM,Hwy-rail crossing,0,LESTER,IA,55,1,Dawn,Clear,Main,Freight Train,43,12950,0,12950,M302,43.404062,-96.321059,49,45.5,42.1
UP,1117SL009,2017-11-13,10:58 AM,Hwy-rail crossing,0,LEVASY,MO,50,2,Day,Cloudy,Main,Freight Train,30,152001,20592,172593,M302,39.135384,-94.133065,46,46.9,52.4
BNSF,KS0515202,2015-05-24,3:16 AM,Hwy-rail crossing,0,LEVELLAND,TX,60,4,Dark,Cloudy,Main,Freight Train,43,250,16865,17115,M303,33.80744,-102.165607,68.1,67.9,64.2
ATK,142629,2016-05-27,8:35 AM,Other (describe in narrative),0,LEVITTOWN,PA,75,2,Day,Clear,Main,Passenger Train - Pulling,125,11437,0,11437,T404,40.104856,-74.854835,77.1,78.8,79.1
UP,1015NP020,2015-10-20,8:15 PM,Derailment,0,LEWELLEN,NE,60,4,Dark,Rain,Main,Work train,4,3971,51866,55837,H702,41.331688,-102.141135,60.7,62.1,52.4
UP,0816NP017,2016-08-21,5:50 PM,Derailment,0,LEWELLEN,NE,75,2,Day,Cloudy,Main,Work train,35,8000,44453,52453,H019,41.301339,-101.976443,59.6,68.2,75.7
UP,0422RM017,2022-04-13,9:55 AM,Derailment,0,LEWISTON,UT,23,2,Day,Cloudy,Industry,Freight Train,8,5103,8565,13668,T220,41.972467,-111.827316,29.6,28.7,38.4
BGCM,BGCM121914,2014-12-19,2:00 PM,Derailment,0,LEWISTON,ID,40,2,Day,Rain,Main,Freight Train,5,10000,5000,15000,T113,46.452319,-116.806766,41.9,41.5,40.9
NS,146343,2022-08-31,12:01 AM,Derailment,0,LEWISTOWN,PA,68,4,Dark,Clear,Main,Freight Train,41,92,58970,59062,E62C,40.575909,-77.543539,73,70.2,70.3
UP,0816LK010,2016-08-14,1:00 PM,Derailment,0,LEWISVILLE,AR,80,2,Day,Cloudy,Main,Freight Train,42,2157791,821740,2979531,E23C,33.357943,-93.632946,78.8,77.2,75
DGNO,DGN859023A,2023-12-05,1:00 AM,Other (describe in narrative),0,LEWISVILLE,TX,53,4,Dark,Clear,Main,Freight Train,3,500,0,18877,E99L,33.05424,-96.99252,51.5,52.6,52.4
DCTA,DCTA21001,2021-01-03,1:40 PM,Hwy-rail crossing,0,LEWISVILLE,TX,65,2,Day,Clear,Main,Maint./inspect Car,5,14000,0,14000,M302,33.0717,-97.01738,43.7,48.5,49.5
DCTA,DCTA201703,2017-07-18,9:34 PM,Obstruction,0,LEWISVILLE,TX,85,4,Dark,Clear,Main,DMU,34,60000,0,60000,M402,33.094098,-97.027926,86.5,87.8,88.8
DCTA,DCTA00006F,2023-12-05,1:00 AM,Other (describe in narrative),0,LEWISVILLE,TX,53,4,Dark,Clear,Main,,0,0,18377,18877,E99L,33.05424,-96.99252,51.5,52.6,52.4
NS,118869,2016-01-11,10:05 AM,Derailment,0,LEXINGTON,NC,40,2,Day,Clear,Yard,Yard/switching,5,17108,2500,19608,M404,35.750594,-80.318289,47.4,31.8,35.6
RJCC,RJCC1803,2018-06-12,10:45 PM,Other impacts,0,LEXINGTON,KY,70,4,Dark,Cloudy,Main,Freight Train,33,18654,0,40841,H017,38.100078,-84.572296,71.1,73.3,75.7
NS,136228,2019-11-18,10:20 AM,Other (describe in narrative),0,LEXINGTON,SC,52,2,Day,Cloudy,Yard,Freight Train,7,10114,600,10714,H702,33.93491,-81.302759,50.4,47.8,47.3
NS,131469,2018-10-28,9:30 PM,Other impacts,0,LEXINGTON,NC,50,4,Dark,Clear,Yard,Yard/switching,8,2810,0,135448,H318,35.750635,-80.318238,50.3,52.8,54.2
NS,131469,2018-10-28,9:30 PM,Other impacts,0,LEXINGTON,NC,50,4,Dark,Clear,Yard,Yard/switching,3,129067,3571,135448,H318,35.750635,-80.318238,50.3,52.8,54.2
RJCC,RJCC1803,2018-06-12,10:45 PM,Other impacts,0,LEXINGTON,KY,70,4,Dark,Cloudy,Main,Light loco(s),0,22187,0,40841,H017,38.100078,-84.572296,71.1,73.3,75.7
UP,0218NP065,2018-02-28,6:47 AM,Fire/violent rupture,0,LEXINGTON,NE,40,1,Dawn,Clear,Main,Freight Train,40,48652,0,48652,E74L,40.766709,-99.699692,36.4,33.4,36.1
UP,0318NP030,2018-03-25,2:50 AM,Fire/violent rupture,0,LEXINGTON,NE,32,4,Dark,Cloudy,Main,Freight Train,45,11698,0,11698,E73L,40.758646,-99.663289,41.4,34,39.3
NS,151832,2022-12-27,8:44 AM,Hwy-rail crossing,0,LEXINGTON,NC,25,2,Day,Clear,Main,,0,0,0,16574,M304,35.80867,-80.269181,25.2,34.6,35.4
NS,124505,2017-03-28,9:18 PM,Derailment,0,LEXINGTON,NC,57,4,Dark,Cloudy,Yard,Yard/switching,7,27000,9442,36442,E86C,35.750635,-80.318238,65.9,66.4,63.9
NS,118679,2015-12-24,1:45 AM,Derailment,0,LEXINGTON,NC,60,4,Dark,Rain,Yard,Yard/switching,8,28430,2500,30930,E30C,35.750594,-80.318289,61.6,68.1,67
NS,145532,2022-06-13,9:40 AM,Other impacts,0,LEXINGTON,NC,72,2,Day,Clear,Yard,Single Car,0,260,10857,11377,H312,35.750594,-80.318289,79.1,82.2,80.3
NS,145530,2022-06-13,3:45 AM,Other impacts,0,LEXINGTON,NC,71,4,Dark,Clear,Yard,Yard/switching,2,53590,7884,61474,H312,35.750594,-80.318289,79.1,82.2,80.3
ATK,173229,2022-12-27,8:45 AM,Hwy-rail crossing,0,LEXINGTON,NC,24,2,Day,Clear,Main,Passenger Train - Pulling,66,16574,0,16574,M308,35.808676,-80.269181,25.2,34.6,35.4
NS,119287,2016-02-09,12:01 AM,Other impacts,0,LEXINGTON,NC,29,4,Dark,Clear,Yard,Yard/switching,7,20650,0,20650,H601,35.750594,-80.318289,36.3,33.4,27
UP,1122GP009,2022-11-08,10:15 PM,Derailment,0,LEXINGTON,NE,65,4,Dark,Clear,Main,Freight Train,50,11460,423000,434460,E53C,40.78363,-99.777159,42.3,57.8,60.4
NS,145532,2022-06-13,9:40 AM,Other impacts,0,LEXINGTON,NC,72,2,Day,Clear,Yard,Single Car,0,260,0,11377,H312,35.750594,-80.318289,79.1,82.2,80.3
NS,152420,2023-02-25,10:56 AM,Derailment,0,LEXINGTON,NC,48,2,Day,Fog,Main,Freight Train,15,12164,100020,112184,E67C,35.793915,-80.290489,61.9,48.2,50.8
NS,146312,2022-08-29,1:00 AM,Other impacts,0,LEXINGTON,NC,72,4,Dark,Clear,Yard,Single Car,0,434,0,11964,H312,35.750594,-80.318289,77.3,78,75.4
UP,0723HL010,2023-07-09,8:00 AM,Derailment,0,LEXINGTON,MO,61,2,Day,Clear,Main,Freight Train,30,10175,4500,14675,E53C,39.192667,-93.882441,68.5,70.7,74.2
NS,146461,2022-09-11,2:15 AM,Other impacts,0,LEXINGTON,NC,74,4,Dark,Cloudy,Yard,Yard/switching,0,41775,0,41775,H312,35.750594,-80.318289,68.4,74.3,74.8
UP,0522GP002,2022-05-06,8:25 AM,Derailment,0,LEXINGTON,NE,43,2,Day,Cloudy,Yard,Freight Train,5,31897,8899,40796,M404,40.77206,-99.724574,48.2,55,64.5
NS,152004,2023-01-14,4:00 PM,Other impacts,0,LEXINGTON,NC,60,3,Dusk,Clear,Yard,Single Car,4,50000,2390,80890,H312,35.750594,-80.31829,47.6,36.7,36.9
NS,152004,2023-01-14,4:00 PM,Other impacts,0,LEXINGTON,NC,60,3,Dusk,Clear,Yard,Single Car,0,28500,0,80890,H312,35.750594,-80.31829,47.6,36.7,36.9
UP,0716NP006,2016-07-27,1:45 AM,Derailment,0,LEXINGTON,NE,64,4,Dark,Rain,Yard,Cut of cars,5,17358,1713,19071,M105,40.770533,-99.717107,75.4,72.7,67.9
NS,128225,2018-01-20,3:53 PM,Derailment,0,LEXINGTON,NC,59,2,Day,Clear,Yard,Yard/switching,2,27494,1989,29483,M405,35.750635,-80.318238,31.2,36.9,45.4
NS,129228,2018-04-22,11:30 PM,Derailment,0,LEXINGTON,KY,59,4,Dark,Clear,Yard,Freight Train,3,41485,320,41805,H020,38.065827,-84.516929,53.5,58.3,57
NS,114371,2015-02-15,11:15 PM,Derailment,0,LEXINGTON,KY,18,4,Dark,Clear,Yard,Freight Train,7,13014,11374,24388,H702,38.077334,-84.5184,26.5,13,12.3
NS,129479,2018-05-16,12:25 AM,Derailment,0,LEXINGTON,NC,69,4,Dark,Cloudy,Yard,Yard/switching,8,41716,49903,91619,M404,35.750635,-80.318238,73.5,69.7,72.3
NS,116535,2015-07-15,5:50 AM,Derailment,0,LEXINGTON,NC,85,1,Dawn,Clear,Yard,Yard/switching,8,16910,11149,28059,H399,35.750595,-80.318288,76.8,78.2,75.6
RJCC,RJCC2007,2020-08-25,10:23 PM,Derailment,0,LEXINGTON,KY,78,4,Dark,Clear,Yard,Yard/switching,3,20000,0,20000,H306,38.0536,-84.5089,75.9,77.3,77.9
NS,143220,2021-10-20,6:45 PM,Other impacts,0,LEXINGTON,NC,44,3,Dusk,Clear,Yard,Yard/switching,4,11360,0,11360,E20C,35.750594,-80.318289,54.9,56.5,61.1
NS,153359,2023-06-15,4:26 AM,Hwy-rail crossing,0,LEXINGTON,NC,65,1,Dawn,Clear,Main,Freight Train,45,2000,13127,15127,M303,35.80867,-80.269181,70.6,73.2,75.3
NS,128890,2018-03-18,11:14 PM,Head on collision,0,LEXINGTON,KY,40,4,Dark,Clear,Main,Freight Train,0,2746367,0,4000114,H221,38.173832,-84.541094,48.6,47.9,49
NS,128890,2018-03-18,11:14 PM,Head on collision,0,LEXINGTON,KY,40,4,Dark,Clear,Main,Freight Train,32,811368,442379,4000114,H221,38.173832,-84.541094,48.6,47.9,49
NS,151938,2023-01-07,3:30 AM,Derailment,0,LEXINGTON,NC,30,4,Dark,Clear,Yard,Yard/switching,10,23400,80601,104001,T207,35.750594,-80.31829,45.1,39.8,37.5
BNSF,MT0915102,2015-09-10,2:40 PM,Other (describe in narrative),0,LIBBY,MT,77,2,Day,Clear,Main,Spec. MoW Equip.,10,250,40000,40250,H997,48.414241,-115.482559,56.7,60,62.2
BNSF,MT0419101,2019-04-02,3:45 PM,Obstruction,0,LIBBY,MT,50,2,Day,Clear,Main,Spec. MoW Equip.,0,254000,0,770012,H317,48.364143,-114.996205,41.4,43.5,40.5
BNSF,MT0419101,2019-04-02,3:45 PM,Obstruction,0,LIBBY,MT,50,2,Day,Clear,Main,Spec. MoW Equip.,0,410000,0,770012,H317,48.364143,-114.996205,41.4,43.5,40.5
BNSF,MT0419101,2019-04-02,3:45 PM,Obstruction,0,LIBBY,MT,50,2,Day,Clear,Main,Maint./inspect Car,0,50000,0,770012,H317,48.364143,-114.996205,41.4,43.5,40.5
BNSF,MT0419101,2019-04-02,3:45 PM,Obstruction,0,LIBBY,MT,50,2,Day,Clear,Main,Single Car,10,1000,55012,770012,H317,48.364143,-114.996205,41.4,43.5,40.5
UP,0918KC014,2018-09-21,4:31 AM,Derailment,0,LIBERAL,KS,64,1,Dawn,Clear,Siding,Freight Train,4,41142,13581,54723,H702,37.039392,-100.919758,75.7,66.7,57.9
UP,0723HL025,2023-07-25,9:31 AM,Fire/violent rupture,0,LIBERAL,KS,81,2,Day,Clear,Yard,Single Car,0,32712,0,32712,M406,37.047769,-100.904146,82.5,84.2,84
BNSF,HL0422107,2022-04-12,1:28 PM,Derailment,0,LIBERAL,MO,74,2,Day,Clear,Main,Freight Train,37,5262,62000,67262,E33C,37.51743,-94.45043,58.2,68.8,51.5
KAW,220524003,2022-05-24,12:45 PM,Derailment,0,LIBERTY,MO,50,2,Day,Rain,Industry,Yard/switching,3,0,15000,15000,H306,39.23312,-94.42833,59.6,57.9,63.9
NS,141160,2021-04-07,11:45 AM,Hwy-rail crossing,0,LIBERTY,SC,80,2,Day,Clear,Main,Freight Train,45,11500,0,11500,M303,34.830673,-82.602127,62,65.4,62.8
UP,0819GC044,2019-08-30,3:52 PM,Hwy-rail crossing,0,LIBERTY,TX,92,2,Day,Clear,Main,,0,0,3980,107906,M304,30.05831,-94.995022,81.9,81.6,81.7
NS,113423,2014-12-13,4:45 AM,Derailment,0,LIBERTY GROVE,MD,37,1,Dawn,Clear,Main,Freight Train,21,3400,227373,230773,E06C,39.63988,-76.148015,37,36.5,40
AWRR,160802001,2016-08-02,2:00 AM,Derailment,0,LIBERTY HILL,TX,80,4,Dark,Clear,Main,Freight Train,34,358423,21000,379423,T220,30.700555,-97.958611,85.8,85.7,87.2
AWRR,190711005,2019-07-11,2:00 PM,Derailment,0,LIBERTY HILL,TX,94,2,Day,Clear,Industry,Cut of cars,15,232788,0,232788,H021,30.640015,-97.881413,85.1,81.3,83.2
AWRR,180922001,2018-09-22,4:00 AM,Derailment,0,LIBERTY HILL,TX,75,4,Dark,Clear,Main,Freight Train,33,1108839,110000,1218839,M103,30.70101,-97.951833,79.9,71.1,70
NIRC,2021072035,2021-01-25,3:08 PM,Other (describe in narrative),0,LIBERTYVILLE,IL,32,2,Day,Snow,Main,Commuter Train - Pushing,55,15646,0,15646,M404,42.29437,-87.96434,30.6,30.1,29.5
CSX,000193176,2020-10-11,1:30 AM,Derailment,0,LILBURN,GA,65,4,Dark,Rain,Main,Freight Train,39,2526210,191918,2718128,M103,33.884821,-84.134123,68.2,70.9,70.9
CSX,000178826,2018-09-16,6:02 PM,Derailment,0,LILESVILLE,NC,75,3,Dusk,Rain,Main,Freight Train,19,3370938,786156,4157094,M103,34.951588,-79.945155,73.1,72.5,79.4
CSX,000173670,2017-12-21,7:28 PM,Hwy-rail crossing,0,LILLY,GA,63,3,Dusk,Cloudy,Main,Freight Train,45,1638,19612,21250,M303,32.147391,-83.877885,69.1,61.4,62.4
IORY,IOR572920D,2020-10-16,9:45 PM,Derailment,0,LIMA,OH,45,4,Dark,Clear,Main,Freight Train,13,153835,121580,275415,E53C,40.703039,-84.085125,55.2,44.3,47.8
IORY,IOR237022D,2022-10-30,3:45 PM,Derailment,0,LIMA,OH,54,2,Day,Clear,Yard,Yard/switching,4,15000,100,15100,E40C,40.763206,-84.089122,48.9,53.4,60.9
CFE,CFE677815S,2015-01-08,2:00 PM,Other impacts,0,LIMA,OH,5,2,Day,Snow,Yard,Freight Train,4,155538,0,155538,H302,40.757161,-84.139658,9.3,3.6,11.7
CSX,000198642,2021-07-03,11:38 AM,Side collision,0,LIMA,OH,74,2,Day,Cloudy,Yard,Light loco(s),2,55608,6734,109342,H017,40.792597,-84.09123,66.9,69.1,77.8
CFE,CFE618623D,2023-11-27,10:15 PM,Derailment,0,LIMA,OH,25,4,Dark,Clear,Yard,Yard/switching,2,15961,250,16211,H306,40.75326,-84.13158,34.9,28.8,21.5
CFE,CFE658814D,2014-11-23,4:50 PM,Derailment,0,LIMA,OH,54,2,Day,Cloudy,Yard,Freight Train,4,9088,7000,16088,T221,40.752487,-84.129219,41.4,52.8,49.3
CSX,000198642,2021-07-03,11:38 AM,Side collision,0,LIMA,OH,74,2,Day,Cloudy,Yard,Freight Train,2,47000,0,109342,H017,40.792597,-84.09123,66.9,69.1,77.8
CFE,CFE333320D,2020-02-11,12:15 PM,Derailment,0,LIMA,OH,38,2,Day,Cloudy,Main,Freight Train,10,1858,18025,19883,H607,40.747244,-84.118159,36.2,33.8,31.2
IORY,IOR310220D,2020-01-19,7:00 PM,Derailment,0,LIMA,OH,16,4,Dark,Snow,Yard,Yard/switching,1,35000,1461,36461,M599,40.765528,-84.089528,33.8,14.2,16.9
CSX,000175393,2018-03-24,10:53 AM,Derailment,0,LIMA,OH,36,2,Day,Clear,Yard,Yard/switching,7,115993,0,196239,T311,40.745354,-84.101095,33.6,31.3,31.8
IORY,IOR212017D,2017-02-09,2:35 AM,Derailment,0,LIMA,OH,18,4,Dark,Snow,Yard,Freight Train,8,18280,11800,30080,T210,40.766253,-84.089792,34.2,19.4,24.8
CSX,000175393,2018-03-24,10:53 AM,Derailment,0,LIMA,OH,36,2,Day,Clear,Yard,Cut of cars,0,3833,0,196239,T311,40.745354,-84.101095,33.6,31.3,31.8
CSX,000175393,2018-03-24,10:53 AM,Derailment,0,LIMA,OH,36,2,Day,Clear,Yard,Cut of cars,0,56125,20288,196239,T311,40.745354,-84.101095,33.6,31.3,31.8
NS,151180,2022-10-16,4:40 PM,Derailment,0,LIMAVILLE,OH,61,3,Dusk,Cloudy,Main,Freight Train,20,3648,12488,16136,H518,40.956888,-81.12798,51.9,52.7,45.4
NS,138947,2020-08-23,10:50 PM,Derailment,0,LIMESTONE,TN,70,4,Dark,Cloudy,Main,Freight Train,28,285229,193249,478478,E21C,36.245806,-82.562609,73.7,73.5,74.9
UP,0523GP034,2023-05-18,11:50 PM,Other impacts,0,LIMON,CO,51,4,Dark,Clear,Main,Cut of cars,0,40318,0,51155,H307,39.264,-103.689247,64.4,57.6,54.1
UP,0523GP034,2023-05-18,11:50 PM,Other impacts,0,LIMON,CO,51,4,Dark,Clear,Yard,Light loco(s),9,7837,0,51155,H307,39.264,-103.689247,64.4,57.6,54.1
KYLE,KYL421823O,2023-05-19,1:30 AM,Derailment,0,LIMON,CO,50,4,Dark,Clear,Yard,,0,0,3000,51155,H307,39.264,-103.689247,57.6,54.1,58
BNSF,NE0316104,2016-03-20,2:00 PM,Derailment,0,LINCOLN,NE,55,2,Day,Clear,Yard,Freight Train,6,15678,500,16178,H525,40.80779,-96.777288,33.9,36.7,48.1
BNSF,HL0220108,2020-02-07,7:15 PM,Derailment,0,LINCOLN,NE,37,3,Dusk,Clear,Yard,Freight Train,5,43921,6500,50421,H306,40.807547,-96.765353,25.9,26.9,28.4
BNSF,HL1016101,2016-10-06,4:45 PM,Other (describe in narrative),0,LINCOLN,NE,58,2,Day,Rain,Yard,Freight Train,6,29000,0,29000,H305,40.807214,-96.748217,59,51.8,50.6
BNSF,HL0417103,2017-04-05,5:25 PM,Derailment,0,LINCOLN,NE,56,2,Day,Clear,Yard,Yard/switching,6,11265,0,11265,H506,40.807967,-96.72676,51.2,51,47.1
BNSF,HL0222106,2022-02-05,8:21 AM,Derailment,0,LINCOLN,NE,46,1,Dawn,Clear,Yard,Cut of cars,0,2456,0,216317,H307,40.80905,-96.740028,17.3,33.1,32.7
BNSF,HL1118101,2018-11-01,5:40 PM,Derailment,0,LINCOLN,NE,59,3,Dusk,Clear,Yard,Yard/switching,3,12000,0,12000,E46L,40.809685,-96.731128,48.1,44.7,47.4
BNSF,HL0219103,2019-02-18,6:44 PM,Other impacts,0,LINCOLN,NE,20,3,Dusk,Clear,Yard,Yard/switching,5,50680,0,50680,H316,40.808138,-96.754425,19.1,14.3,15.5
BNSF,HL0222106,2022-02-05,8:21 AM,Derailment,0,LINCOLN,NE,46,1,Dawn,Clear,Yard,Freight Train,5,93861,120000,216317,H307,40.80905,-96.740028,17.3,33.1,32.7
BNSF,HL1022108,2022-10-15,2:10 PM,Derailment,0,LINCOLN,NE,72,2,Day,Cloudy,Yard,Freight Train,5,36648,75000,111648,E69C,40.807307,-96.754359,51.8,51.9,49.4
MBTA,YR202235,2022-03-03,1:38 PM,Obstruction,0,LINCOLN,MA,35,2,Day,Clear,Main,Passenger Train - Pushing,55,20865,0,20865,M404,42.399969,-71.318332,37.3,31.7,22.6
BNSF,HL0323114,2023-03-13,8:24 PM,Derailment,0,LINCOLN,NE,37,3,Dusk,Clear,Yard,Light loco(s),5,31000,1000,32000,H307,40.807548,-96.765101,29.9,26.1,34.6
BNSF,HL1019116,2019-10-17,11:30 PM,Derailment,0,LINCOLN,NE,64,4,Dark,Clear,Yard,Freight Train,10,16400,0,16400,H704,40.807497,-96.755159,47.4,53.6,64.1
BNSF,HL0122113,2022-01-25,3:30 AM,Derailment,0,LINCOLN,NE,7,4,Dark,Clear,Yard,Freight Train,4,9624,40500,50124,H307,40.808207,-96.777795,35.6,12,20.7
BNSF,HL0724102,2024-07-02,10:15 AM,Derailment,0,LINCOLN,NE,85,2,Day,Clear,Yard,Yard/switching,4,310,18686,18996,H312,40.861761,-96.635669,71,75.8,72.2
BNSF,HL0119129,2019-01-23,2:35 AM,Derailment,0,LINCOLN,NE,15,4,Dark,Snow,Yard,Freight Train,5,12123,7500,19623,H307,40.80778,-96.778103,22.6,18.2,16.3
BNSF,HL0523109,2023-05-17,2:00 PM,Derailment,0,LINCOLN,NE,83,2,Day,Clear,Yard,Freight Train,4,35234,15000,50234,H504,40.808871,-96.744126,65.6,67.1,71.1
MBTA,YR2022102,2022-08-25,3:32 PM,Fire/violent rupture,0,LINCOLN,MA,84,2,Day,Clear,Main,Passenger Train - Pulling,27,20513,0,20513,E71L,42.414093,-71.325689,74.6,76.5,73.3
BNSF,HL1118125,2018-11-26,7:25 AM,Derailment,0,LINCOLN,NE,23,1,Dawn,Snow,Yard,Light loco(s),5,16004,3300,19304,H704,40.809287,-96.73452,27.3,24.2,19.2
BNSF,HL1222105,2022-12-08,5:13 PM,Side collision,0,LINCOLN,NE,25,3,Dusk,Sleet,Yard,Cut of cars,0,62669,0,75733,M408,40.808083,-96.742537,26.9,26.6,34.3
BNSF,HL0119116,2019-01-16,3:06 AM,Derailment,0,LINCOLN,NE,15,4,Dark,Clear,Yard,Freight Train,10,6129,9150,15279,H995,40.807119,-96.73681,31.1,26.5,27.5
BNSF,HL1023122,2023-10-28,11:00 PM,Derailment,0,LINCOLN,NE,31,4,Dark,Clear,Industry,Yard/switching,5,28395,1500,29895,H703,40.867063,-96.614527,38.4,31.4,32.2
BNSF,HL1222105,2022-12-08,5:13 PM,Side collision,0,LINCOLN,NE,25,3,Dusk,Sleet,Yard,Yard/switching,5,13064,0,75733,M408,40.808083,-96.742537,26.9,26.6,34.3
BNSF,HL0317104,2017-03-03,4:48 PM,Derailment,0,LINCOLN,NE,50,2,Day,Clear,Yard,Light loco(s),0,23300,0,23300,H017,40.80941,-96.73031,32.3,36.1,48.5
BNSF,HL0724124,2024-07-31,5:29 PM,Derailment,0,LINCOLN,NE,80,3,Dusk,Rain,Yard,Cut of cars,8,34491,2000,36491,M105,40.864433,-96.628372,84.9,81.4,76.5
BNSF,HL0119109,2019-01-10,11:11 AM,Derailment,0,LINCOLN,NE,24,2,Day,Clear,Yard,Yard/switching,5,11750,500,12250,H307,40.808192,-96.774553,29,30.6,31.4
BNSF,HL1123101,2023-11-01,6:17 AM,Derailment,0,LINCOLN,NE,18,1,Dawn,Clear,Yard,Yard/switching,6,36370,0,83231,M407,40.808197,-96.743463,29.9,34.5,39.9
BNSF,NE0915101,2015-09-08,12:15 AM,Derailment,0,LINCOLN,NE,75,4,Dark,Rain,Yard,Freight Train,5,18874,0,18874,M105,40.808052,-96.725672,75.4,71.2,70.8
BNSF,HL0724115,2024-07-20,4:50 PM,Other (describe in narrative),0,LINCOLN,NE,77,2,Day,Cloudy,Yard,Yard/switching,5,27558,0,27558,H995,40.808026,-96.753759,72.1,71,74.2
BNSF,HL0119126,2019-01-21,2:30 AM,Derailment,0,LINCOLN,NE,16,4,Dark,Cloudy,Yard,Light loco(s),7,37500,0,37500,H307,40.807281,-96.733788,12,17.4,22.6
BNSF,HL0517120,2017-05-30,11:20 PM,Derailment,0,LINCOLN,NE,59,4,Dark,Clear,Yard,Freight Train,4,22000,2000,24000,H307,40.806802,-96.733547,66.8,65.6,65.3
BNSF,HL1018125,2018-10-29,5:00 AM,Derailment,0,LINCOLN,NE,38,1,Dawn,Clear,Yard,Yard/switching,6,25000,10340,35340,H307,40.807894,-96.726148,54.8,52.1,52.6
BNSF,HL0119119,2019-01-17,4:50 PM,Derailment,0,LINCOLN,NE,20,2,Day,Clear,Yard,Light loco(s),4,13422,5879,19301,T212,40.809217,-96.730229,26.5,27.5,25.5
BNSF,HL0320117,2020-03-27,5:29 PM,Derailment,0,LINCOLN,NE,54,3,Dusk,Clear,Yard,Yard/switching,4,148737,46599,277482,H599,40.808033,-96.739127,47.3,47.3,47.1
BNSF,HL0518117,2018-05-28,1:21 AM,Derailment,0,LINCOLN,NE,72,4,Dark,Clear,Yard,Light loco(s),3,18000,4000,22000,H307,40.809437,-96.735235,83.6,80.3,72.8
BNSF,HL0521105,2021-05-14,10:45 PM,Derailment,0,LINCOLN,NE,60,4,Dark,Clear,Yard,Freight Train,10,46500,1000,47500,H607,40.80818,-96.777126,58.5,61.8,64.8
BNSF,HL0320114,2020-03-21,5:08 PM,Derailment,0,LINCOLN,NE,33,3,Dusk,Clear,Yard,Yard/switching,9,155,40632,40787,H312,40.808287,-96.753151,25.4,32.8,40.4
BNSF,HL1123101,2023-11-01,6:17 AM,Derailment,0,LINCOLN,NE,18,1,Dawn,Clear,Yard,Yard/switching,5,29028,17833,83231,M407,40.808197,-96.743463,29.9,34.5,39.9
BNSF,HL0620102,2020-06-02,9:39 PM,Derailment,0,LINCOLN,NE,78,4,Dark,Clear,Yard,Freight Train,6,15000,0,15000,H607,40.808309,-96.776204,79.7,81.8,81.2