reportingrailroadcode,accidentnumber,date,time,accidenttype,hazmatreleasedcars,station,stateabbr,temperature,visibility_code,visibility,weathercondition,tracktype,equipmenttype,trainspeed,equipmentdamagecost,trackdamagecost,totaldamagecost,primaryaccidentcausecode,latitude,longitude,prior_temp,actual_temp,following_temp
BNSF,HL1016125,2016-10-31,4:10 AM,Derailment,0,LINCOLN,NE,50,4,Dark,Clear,Yard,Freight Train,8,500,53474,53974,H995,40.807902,-96.778548,49.9,58.7,60.6
BNSF,HL1019103,2019-10-02,5:15 PM,Derailment,0,LINCOLN,NE,55,3,Dusk,Cloudy,Yard,Light loco(s),3,24000,0,24000,H607,40.807598,-96.767841,64.4,53.8,52.1
BNSF,HL0320117,2020-03-27,5:29 PM,Derailment,0,LINCOLN,NE,54,3,Dusk,Clear,Yard,Yard/switching,0,82146,0,277482,H599,40.808033,-96.739127,47.3,47.3,47.1
BNSF,HL0319115,2019-03-16,4:10 PM,Derailment,0,LINCOLN,NE,41,2,Day,Clear,Yard,Yard/switching,4,5000,11000,16000,H307,40.808108,-96.760148,37.2,37.9,35.9
BNSF,NE0415101,2015-04-10,8:15 AM,Derailment,0,LINCOLN,NE,45,2,Day,Clear,Yard,Light loco(s),10,24800,2500,27300,E64L,40.808179,-96.740898,44,52.7,59.1
BNSF,HL0424123,2024-04-26,3:25 PM,Derailment,0,LINCOLN,NE,62,2,Day,Cloudy,Main,Freight Train,0,2904374,253000,3157374,M102,40.889059,-96.581302,56.3,61.3,58.8
BNSF,NE1115111,2015-11-26,5:55 PM,Derailment,0,LINCOLN,NE,27,3,Dusk,Sleet,Yard,Yard/switching,5,3989,200000,203989,M202,40.808022,-96.740978,49.9,31.9,22.6
BNSF,NE0715114,2015-07-27,12:59 AM,Derailment,0,LINCOLN,NE,80,4,Dark,Clear,Main,Yard/switching,10,5624,74000,79624,E46C,40.810504,-96.714961,81.6,83.5,81.1
BNSF,HL0319124,2019-03-27,7:35 PM,Derailment,0,LINCOLN,NE,51,3,Dusk,Clear,Main,Yard/switching,9,29431,29259,58690,E04C,40.858182,-96.640102,51,60.6,47.1
BNSF,HL0722101,2022-07-02,3:03 AM,Derailment,0,LINCOLN,NE,65,4,Dark,Clear,Yard,Freight Train,1,28984,62500,91484,H307,40.809031,-96.745608,74.3,73.4,76.7
BNSF,HL1218101,2018-12-03,1:44 PM,Other impacts,0,LINCOLN,NE,20,2,Day,Snow,Yard,Yard/switching,8,25713,0,25713,S006,40.808101,-96.754981,29.8,24.4,26.3
BNSF,HL0322116,2022-03-22,1:37 AM,Derailment,0,LINCOLN,NE,41,4,Dark,Rain,Yard,Light loco(s),6,36114,461,36575,H303,40.80631,-96.743439,59.4,40.4,37.8
BNSF,NE0816106,2016-08-31,6:23 AM,Derailment,0,LINCOLN,NE,75,1,Dawn,Clear,Yard,Freight Train,5,66708,29500,96208,H703,40.8,-96.75,73.1,73.5,68.7
BNSF,HL0821112,2021-08-15,5:30 PM,Derailment,0,LINCOLN,NE,80,3,Dusk,Clear,Yard,Freight Train,5,104000,0,104000,H607,40.80631,-96.743418,74.9,76,78.3
BNSF,HL0818124,2018-08-29,12:30 AM,Other impacts,0,LINCOLN,NE,57,4,Dark,Clear,Yard,Yard/switching,4,22419,0,22419,H318,40.807813,-96.73412,71.6,65.1,72.2
BNSF,HL0621110,2021-06-20,7:00 AM,Derailment,0,LINCOLN,NE,71,1,Dawn,Clear,Yard,Yard/switching,5,24300,7000,31300,H607,40.807682,-96.756513,79.3,79.4,70.8
BNSF,HL0319113,2019-03-11,6:10 PM,Derailment,0,LINCOLN,NE,38,3,Dusk,Clear,Yard,Light loco(s),5,77532,1000,78532,H307,40.808844,-96.742076,29.3,31.3,40.6
BNSF,NE0215110,2015-02-27,11:00 PM,Derailment,0,LINCOLN,NE,25,4,Dark,Clear,Yard,Freight Train,10,13575,0,13575,E4BC,40.807486,-96.73208,8.2,7.9,15.8
BNSF,HL1221103,2021-12-05,9:15 PM,Derailment,0,LINCOLN,NE,30,4,Dark,Clear,Yard,Freight Train,10,13900,4500,18400,H504,40.808097,-96.727825,38.9,44.5,25.7
BNSF,HL0622103,2022-06-06,1:09 PM,Derailment,0,LINCOLN,NE,80,2,Day,Clear,Yard,Freight Train,10,61200,9500,70700,H607,40.806452,-96.741367,70.1,71.8,72.3
BNSF,NE0515101,2015-05-07,11:00 AM,Derailment,0,LINCOLN,NE,70,2,Day,Clear,Main,Freight Train,19,265750,831702,1097452,M103,40.767674,-96.804766,65.5,67.4,56.2
BNSF,HL1019119,2019-10-20,4:17 PM,Derailment,0,LINCOLN,NE,60,2,Day,Clear,Yard,Yard/switching,4,27561,1200,28761,E76L,40.80785,-96.776539,57.6,54.1,47.9
BNSF,HL0819117,2019-08-14,10:57 PM,Derailment,0,LINCOLN,NE,80,4,Dark,Clear,Yard,Freight Train,6,10000,2100,12100,H702,40.807779,-96.778945,79.6,70.5,66.1
BNSF,HL0220118,2020-02-24,12:43 PM,Derailment,0,LINCOLN,NE,41,2,Day,Cloudy,Industry,Yard/switching,5,2703,20000,22703,H306,40.823958,-96.70543,39.9,38.7,34.5
NS,154341,2023-09-27,11:30 AM,Other (describe in narrative),0,LINCOLN,AL,85,2,Day,Clear,Main,Spec. MoW Equip.,2,26000,0,26000,H402,33.613986,-86.123679,75.6,71.9,68.7
BNSF,HL1216110,2016-12-21,4:45 PM,Derailment,0,LINCOLN,NE,40,2,Day,Clear,Yard,Yard/switching,4,38329,7200,45529,H607,40.859853,-96.635992,30.5,36.8,32.1
BNSF,HL0320105,2020-03-05,6:00 AM,Derailment,0,LINCOLN,NE,42,1,Dawn,Clear,Yard,Yard/switching,5,8604,55000,63604,H316,40.807784,-96.750612,49.6,46.9,38.4
BNSF,HL0221117,2021-02-20,6:56 PM,Derailment,0,LINCOLN,NE,25,3,Dusk,Clear,Yard,Freight Train,10,38744,0,38744,H607,40.807572,-96.774163,13.7,18.5,32.4
BNSF,HL0521108,2021-05-19,1:50 PM,Derailment,0,LINCOLN,NE,64,2,Day,Cloudy,Industry,Yard/switching,6,8001,3500,11501,T201,40.83876,-96.678163,66.2,68.5,68.2
BNSF,HL0724120,2024-07-23,1:34 AM,Derailment,1,LINCOLN,NE,70,4,Dark,Clear,Yard,Freight Train,10,80637,145000,225637,T314,40.807312,-96.755025,74,75.7,79.3
BNSF,NE0616103,2016-06-14,4:53 AM,Derailment,0,LINCOLN,NE,73,1,Dawn,Clear,Main,Freight Train,21,817752,1193209,2010961,T102,40.811885,-96.71447,80.9,82.3,83.9
BNSF,NE0316107,2016-03-24,2:00 PM,Derailment,0,LINCOLN,NE,45,2,Day,Clear,Yard,Light loco(s),5,31684,9600,41284,T110,40.807707,-96.755931,50.8,36.5,42
BNSF,HL0719120,2019-07-30,9:10 AM,Derailment,0,LINCOLN,NE,85,2,Day,Clear,Yard,Yard/switching,6,16808,45000,61808,T314,40.864897,-96.627524,75.8,73.2,75.3
BNSF,HL0817105,2017-08-10,12:09 PM,Derailment,0,LINCOLN,NE,85,2,Day,Clear,Yard,Freight Train,8,22497,55200,77697,T319,40.80763,-96.726631,68.7,70.1,70.5
BNSF,HL0424124,2024-04-27,10:15 PM,Derailment,0,LINCOLN,NE,55,4,Dark,Clear,Yard,Yard/switching,9,37179,216551,253730,T111,40.808557,-96.764495,61.3,58.8,59.1
BNSF,HL1019118,2019-10-19,5:11 AM,Derailment,0,LINCOLN,NE,51,1,Dawn,Cloudy,Yard,Yard/switching,10,17766,500,18266,T111,40.808002,-96.742332,64.1,57.6,54.1
BNSF,HL0817103,2017-08-02,2:55 PM,Derailment,0,LINCOLN,NE,90,2,Day,Clear,Industry,Yard/switching,3,10977,3500,14477,T206,40.83777,-96.679731,75.2,76.5,71
BNSF,NE0116112,2016-01-22,1:29 AM,Derailment,0,LINCOLN,NE,26,4,Dark,Cloudy,Yard,Yard/switching,7,12720,2600,15320,T111,40.860146,-96.635895,25.3,24.2,25.4
NS,121997,2016-09-06,7:40 AM,Obstruction,0,LINCOLN VILLAGE,OH,72,1,Dawn,Clear,Industry,Freight Train,3,12400,0,12400,M402,39.964376,-83.10996,71.5,76,79.2
UP,0221HL016,2021-02-13,4:02 AM,Other impacts,0,LINCOLNVILLE,KS,-2,1,Dawn,Clear,Main,Freight Train,11,79227,0,79227,H306,38.465148,-96.962878,4.1,3.7,-0.1
UP,1118KC009,2018-11-10,2:33 AM,Derailment,0,LINCOLNVILLE,KS,11,4,Dark,Clear,Main,Freight Train,35,1187068,892616,2079684,T299,38.517423,-96.963143,26.4,26.3,34.5
NS,146440,2022-09-10,4:05 AM,Derailment,0,LINDALE,GA,69,1,Dawn,Cloudy,Main,Freight Train,0,98340,0,284928,E85C,34.190311,-85.174414,75,72.3,76.4
NS,146440,2022-09-10,4:05 AM,Derailment,0,LINDALE,GA,69,1,Dawn,Cloudy,Main,Freight Train,0,118110,0,284928,E85C,34.190311,-85.174414,75,72.3,76.4
NS,146440,2022-09-10,4:05 AM,Derailment,0,LINDALE,GA,69,1,Dawn,Cloudy,Main,Freight Train,30,6392,62086,284928,E85C,34.190311,-85.174414,75,72.3,76.4
CSX,000153513,2015-10-21,9:30 PM,Derailment,0,LINDEN,IN,63,4,Dark,Clear,Industry,Freight Train,5,5309,22416,27725,M506,40.193206,-86.904978,61.4,64.7,63.1
CRSH,146850,2024-04-03,3:30 PM,Side collision,0,LINDEN,NJ,45,2,Day,Rain,Main,Yard/switching,3,14270,0,16490,H306,40.642372,-74.204316,46.6,43.1,43.1
CRSH,146850,2024-04-03,3:30 PM,Side collision,0,LINDEN,NJ,45,2,Day,Rain,Siding,Yard/switching,0,2220,0,16490,H306,40.642372,-74.204316,46.6,43.1,43.1
MNBR,MNB098617,2017-09-02,1:20 AM,Derailment,0,LINDEN,AL,67,4,Dark,Clear,Main,Freight Train,2,7624,44208,51832,T222,32.292922,-87.83784,75.3,73.5,72.3
CRSH,146747,2023-04-30,3:41 PM,Derailment,0,LINDEN,NJ,53,2,Day,Rain,Yard,Freight Train,5,177190,4614,181804,H704,40.634571,-74.209195,51.2,54.9,56.5
ATK,172447,2022-10-22,12:15 AM,Other (describe in narrative),0,LINDEN,NJ,50,4,Dark,Clear,Main,Passenger Train - Pulling,43,18754,0,18754,E78L,40.62165,-74.260233,51.7,53.8,57.2
BAWT,200905001,2020-09-05,12:05 PM,Derailment,0,LINDEN,NJ,80,2,Day,Clear,Yard,Yard/switching,2,3200,27250,30450,H306,40.639132,-74.228909,77.2,72.2,72.5
NJTR,202405233,2024-04-04,2:20 PM,Other (describe in narrative),0,LINDEN,NJ,41,2,Day,Cloudy,Main,Commuter Train - Pulling,59,12500,0,12500,T404,40.632902,-74.248391,43.1,43.1,43.9
NJTR,201709378,2017-08-29,9:15 AM,Other (describe in narrative),0,LINDEN,NJ,71,2,Day,Clear,Main,EMU,45,10738,0,11490,T404,40.648099,-74.232157,69.3,65.8,68.9
ATK,180337,2024-04-04,2:20 PM,Other (describe in narrative),0,LINDEN,NJ,41,2,Day,Rain,Main,EMU,0,0,0,12500,T404,40.632902,-74.248391,43.1,43.1,43.9
CRSH,140071,2020-12-19,6:00 PM,Derailment,0,LINDEN,NJ,28,3,Dusk,Snow,Yard,Yard/switching,5,16631,750,17381,T314,40.644051,-74.211641,27.7,25.8,32.6
CRSH,146829,2024-02-15,6:45 AM,Derailment,0,LINDEN,NJ,36,1,Dawn,Clear,Siding,Yard/switching,8,451131,89029,540160,T110,40.613608,-74.221716,33.1,32.8,38.3
CSX,000219091,2024-07-05,1:05 AM,Derailment,0,LINDEN,IN,65,4,Dark,Cloudy,Industry,Freight Train,7,175478,9477,184955,T202,40.192659,-86.904885,73.5,71.3,71.6
MNBR,MNB991922,2022-07-17,3:00 PM,Derailment,0,LINDEN,AL,91,2,Day,Clear,Main,Freight Train,10,3500,28190,31690,T109,32.27494,-87.71707,81.2,82,82.8
LI,80146,2023-07-08,11:20 PM,Other (describe in narrative),0,LINDENHURST,NY,78,4,Dark,Clear,Main,EMU,55,23696,0,23696,M599,40.688289,-73.369288,78.5,78.2,77.5
LI,71838,2020-03-12,7:14 AM,Explosion-detonation,0,LINDENHURST,NY,41,2,Day,Cloudy,Main,EMU,50,36082,0,36082,M509,40.688446,-73.220827,51.5,43.7,56.7
UP,0624RM022,2024-06-26,11:30 AM,Derailment,0,LINDON,UT,91,2,Day,Clear,Industry,Freight Train,7,4143,169420,173563,T110,40.332793,-111.738244,81.8,80.4,78.1
CSX,000212612,2023-07-30,5:20 PM,Derailment,0,LINEVILLE,AL,87,2,Day,Clear,Main,Freight Train,40,12350,2586,14936,M204,33.218809,-85.612991,83.2,78.1,81.1
NS,116023,2015-06-11,12:30 PM,Derailment,0,LINNDALE,OH,78,2,Day,Clear,Yard,Yard/switching,7,15950,500,16450,E04C,41.431187,-81.783385,74.5,69.7,75
NS,144037,2022-01-16,8:50 AM,Other impacts,0,LINWOOD,NC,34,2,Day,Snow,Yard,Yard/switching,5,25018,25288,50306,H312,35.74086,-80.330498,35.6,28,33.5
NS,145311,2022-05-20,4:00 AM,Other impacts,0,LINWOOD,NC,72,1,Dawn,Cloudy,Yard,Single Car,0,725,17488,19413,H312,35.74086,-80.330498,76.9,78.4,75.3
NS,145311,2022-05-20,4:00 AM,Other impacts,0,LINWOOD,NC,72,1,Dawn,Cloudy,Yard,Single Car,2,600,0,19413,H312,35.74086,-80.330498,76.9,78.4,75.3
ATK,163105,2020-02-13,8:13 PM,Obstruction,0,LINWOOD,NC,54,4,Dark,Cloudy,Main,Passenger Train - Pulling,79,11116,0,11116,M404,35.720135,-80.375221,53.4,55.4,42.1
NS,145311,2022-05-20,4:00 AM,Other impacts,0,LINWOOD,NC,72,1,Dawn,Cloudy,Yard,Single Car,2,200,0,19413,H312,35.74086,-80.330498,76.9,78.4,75.3
NS,145807,2022-07-10,8:00 AM,Side collision,0,LINWOOD,NC,70,2,Day,Cloudy,Yard,Yard/switching,10,27461,7879,35340,H306,35.739883,-80.331724,76.5,68.8,71.1
NS,145311,2022-05-20,4:00 AM,Other impacts,0,LINWOOD,NC,72,1,Dawn,Cloudy,Yard,Single Car,2,400,0,19413,H312,35.74086,-80.330498,76.9,78.4,75.3
UP,1122HL012,2022-11-13,8:22 PM,Derailment,0,LINWOOD,KS,34,4,Dark,Clear,Siding,Work train,9,11566,25488,37054,M101,38.995551,-95.042467,25.1,27.2,34.6
NS,121800,2016-08-23,4:40 PM,Derailment,0,LIPSCOMB,AL,87,3,Dusk,Clear,Yard,Freight Train,4,525,111727,112252,H306,33.415256,-86.938683,78.3,80.4,82
ATK,153494,2018-05-30,1:09 PM,Hwy-rail crossing,0,LIPSCOMB,AL,81,2,Day,Clear,Main,Passenger Train - Pulling,77,20741,0,20994,M308,33.432619,-86.924406,72.9,74.5,78.4
UP,0523GL010,2023-05-12,1:32 PM,Hwy-rail crossing,0,LISBON,IA,74,2,Day,Cloudy,Main,Freight Train,60,23336,0,23336,M302,41.925625,-91.34203,69.4,72,69
UP,1118NP011,2018-11-08,8:20 AM,Derailment,0,LISCO,NE,29,2,Day,Cloudy,Main,Freight Train,37,891525,240900,1132425,T204,41.491112,-102.597589,28,25.6,20.9
ATK,140774,2016-01-16,6:28 PM,Rear end collision,0,LISLE,IL,20,3,Dusk,Cloudy,Main,Passenger Train - Pulling,45,31000,0,81000,H402,41.795068,-88.088562,36.5,25.4,3.2
BNSF,CH0116105,2016-01-16,6:28 PM,Rear end collision,0,LISLE,IL,5,3,Dusk,Clear,Main,Maint./inspect Car,0,50000,0,81000,H402,41.795068,-88.088562,36.5,25.4,3.2
ATK,163341,2020-03-03,12:15 PM,Hwy-rail crossing,0,LISSIE,TX,77,2,Day,Cloudy,Main,Passenger Train - Pulling,70,179640,0,790576,M304,29.563883,-96.253074,70.5,72.8,67.5
UP,0320HO003,2020-03-03,12:15 PM,Hwy-rail crossing,0,LISSIE,TX,79,2,Day,Cloudy,Main,,0,0,610936,790576,M302,29.563894,-96.253146,70.5,72.8,67.5
BNSF,PR0320109,2020-03-25,7:20 PM,Derailment,0,LITCHFIELD,NE,40,3,Dusk,Clear,Yard,Freight Train,4,6579,17633,24212,H307,41.156522,-99.157474,50.3,48.9,40.9
BNSF,PR0922203,2022-09-06,1:33 PM,Hwy-rail crossing,0,LITCHFIELD,NE,83,2,Day,Clear,Main,Freight Train,45,50000,0,50000,M302,41.150811,-99.147897,69,74.1,72
NS,113054,2014-11-17,10:05 AM,Derailment,0,LITCHFIELD,IL,20,2,Day,Snow,Siding,Freight Train,21,36500,187102,223602,T110,39.14564,-89.667606,28.5,18.4,15.9
BNSF,SW0816105,2016-08-12,10:30 AM,Derailment,0,LITCHFIELD PARK,AZ,88,2,Day,Clear,Industry,Freight Train,3,9125,2000,11125,T314,33.566296,-112.37738,88.2,94.5,96.5
CSX,000153785,2015-10-30,1:50 PM,Other impacts,0,LITHONIA,GA,72,2,Day,Clear,Yard,Freight Train,5,0,0,26251,H020,33.722693,-84.109432,61.1,56.4,55.3
CSX,000153785,2015-10-30,1:50 PM,Other impacts,0,LITHONIA,GA,72,2,Day,Clear,Yard,Cut of cars,6,26000,251,26251,H020,33.722693,-84.109432,61.1,56.4,55.3
CSX,000209400,2023-01-22,3:11 AM,Hwy-rail crossing,0,LITHONIA,GA,40,4,Dark,Rain,Main,Freight Train,42,30500,95,30595,M302,33.718925,-84.10821,44.2,41.5,41.6
CSX,000196877,2021-04-08,10:37 AM,Hwy-rail crossing,0,LITHONIA,GA,70,2,Day,Clear,Main,Freight Train,40,2448,9474,11922,M303,33.702398,-84.088601,66.3,67,67.1
BNSF,TC0715120,2015-07-03,1:45 PM,Other (describe in narrative),0,LITTLE FALLS,MN,92,2,Day,Clear,Siding,Spec. MoW Equip.,0,25000,0,25250,H997,46.00149,-94.385141,64.3,65.5,70.2
BNSF,TC0715120,2015-07-03,1:45 PM,Other (describe in narrative),0,LITTLE FALLS,MN,92,2,Day,Clear,Siding,Spec. MoW Equip.,10,250,0,25250,H997,46.001049,-94.385141,64.3,65.5,70.2
NJTR,202405224,2024-04-22,9:00 AM,Other (describe in narrative),0,LITTLE FALLS,NJ,55,2,Day,Clear,Yard,EMU,5,19123,0,19123,T404,40.873526,-74.197886,46.5,50,51.4
LI,GR20170102,2017-01-07,12:05 PM,Hwy-rail crossing,0,LITTLE NECK,NY,21,2,Day,Snow,Main,EMU,38,12447,0,12447,M306,40.773924,-73.741984,31,23.4,21.6
UP,0717LK014,2017-07-11,10:28 AM,Derailment,0,LITTLE ROCK,AR,88,2,Day,Clear,Industry,Freight Train,5,362356,55250,417606,M204,34.701612,-92.231624,80.8,82,83
BNSF,HL1018129,2018-10-09,9:15 AM,Derailment,0,LITTLE ROCK,AR,76,2,Day,Clear,Main,Freight Train,9,500,0,157348,H503,34.718116,-92.172501,77.4,74.5,71
UP,1220ES009,2020-12-04,3:30 PM,Obstruction,0,LITTLE ROCK,AR,53,2,Day,Clear,Main,Maint./inspect Car,0,22268,0,23768,M501,34.699864,-92.326257,42.5,44.5,45.1
LRPA,LRPA100918,2018-10-09,9:15 AM,Derailment,0,LITTLE ROCK,AR,76,2,Day,Clear,Main,,0,0,156848,157348,H503,34.718116,-92.172501,77.4,74.5,71
UP,1220ES009,2020-12-04,3:30 PM,Obstruction,0,LITTLE ROCK,AR,53,2,Day,Clear,Main,Spec. MoW Equip.,25,1500,0,23768,M501,34.699864,-92.326257,42.5,44.5,45.1
UP,1020MA030,2020-10-24,9:55 AM,Derailment,0,LITTLE ROCK,AR,47,2,Day,Cloudy,Main,Freight Train,15,55152,393242,448394,T220,34.753182,-92.282609,66.1,48.8,50
UP,0219MA032,2019-02-13,4:40 AM,Derailment,0,LITTLE ROCK,AR,34,1,Dawn,Clear,Industry,Freight Train,3,70448,5500,75948,H303,34.69634,-92.234678,49.8,47.1,54.9
LRWN,LRW888621,2021-12-17,11:05 AM,Derailment,0,LITTLE ROCK,AR,65,2,Day,Cloudy,Siding,Freight Train,9,225553,5388,230941,T221,34.76233,-92.30746,63.6,55.1,51.4
UP,0419MA001,2019-04-01,1:45 PM,Derailment,0,LITTLE ROCK,AR,51,2,Day,Clear,Siding,Yard/switching,8,34100,17220,51320,H702,34.71389,-92.283749,45.8,44.2,50.8
UP,0219MA051,2019-02-26,5:52 PM,Hwy-rail crossing,0,LITTLE ROCK,AR,61,2,Day,Cloudy,Main,Work train,34,15925,0,15925,M302,34.686138,-92.236945,42.6,48.6,55.5
UP,0416LK022,2016-04-29,1:00 PM,Hwy-rail crossing,0,LITTLE ROCK,AR,71,2,Day,Rain,Main,Spec. MoW Equip.,18,12120,0,12120,M304,34.672238,-92.361678,71.8,66.2,70.8
LRPA,062118,2018-06-21,9:09 AM,Hwy-rail crossing,0,LITTLE ROCK,AR,90,2,Day,Clear,Industry,Yard/switching,10,20000,0,20000,M302,34.707045,-92.186353,75.8,80.9,80.9
LRPA,2016001,2016-07-21,4:55 AM,Derailment,0,LITTLE ROCK,AR,85,4,Dark,Cloudy,Industry,,0,0,11000,20292,H524,34.717825,-92.2374,88.1,88.8,89.4
UP,0515LK007,2015-05-07,9:00 PM,Derailment,0,LITTLE ROCK,AR,72,4,Dark,Clear,Main,Freight Train,0,0,56029,326296,T314,34.752757,-92.282916,74.2,74.7,75.3
UP,0620MA005,2020-06-01,9:11 PM,Derailment,0,LITTLE ROCK,AR,73,4,Dark,Cloudy,Main,Freight Train,24,13823,196766,210589,T318,34.75092,-92.286781,71.5,72.9,74
LRWN,LRW506119,2019-11-04,5:00 PM,Derailment,0,LITTLE ROCK,AR,50,2,Day,Clear,Main,Freight Train,10,4601,7660,12261,T110,34.810917,-92.447514,46.3,52.4,56.6
LRPA,2017001,2017-07-28,12:20 PM,Derailment,0,LITTLE ROCK,AR,90,2,Day,Cloudy,Industry,Freight Train,0,0,20460,36845,T101,34.715177,-92.242473,85,79.7,78.9
UP,0717LK036,2017-07-28,12:20 PM,Derailment,0,LITTLE ROCK,AR,90,2,Day,Cloudy,Industry,Freight Train,10,16385,0,36845,T101,34.715177,-92.242473,85,79.7,78.9
BNSF,GC0515105,2015-05-07,9:00 PM,Derailment,0,LITTLE ROCK,AR,70,4,Dark,Clear,Siding,Freight Train,7,270267,0,326296,T314,34.752757,-92.282916,74.2,74.7,75.3
UP,0416LK009,2016-04-22,10:31 AM,Derailment,0,LITTLE ROCK,AR,74,2,Day,Clear,Industry,Freight Train,0,0,26,20280,T206,34.754066,-92.292549,67.2,67.3,67.8
LRWN,LRW952016R,2016-04-22,10:31 AM,Derailment,0,LITTLE ROCK,AR,70,2,Day,Clear,Yard,Freight Train,10,1429,18825,20280,T206,34.754066,-92.292549,67.2,67.3,67.8
UP,0220MA011,2020-02-11,6:15 PM,Derailment,0,LITTLE ROCK,AR,43,3,Dusk,Cloudy,Industry,Freight Train,8,12460,5090,17550,T112,34.715315,-92.241595,52.7,42.1,41.1
UP,0716LK016,2016-07-21,4:55 AM,Derailment,0,LITTLE ROCK,AR,85,4,Dark,Cloudy,Industry,Yard/switching,6,6082,3210,20292,T107,34.717825,-92.2374,88.1,88.8,89.4
LRPA,LRPA110321,2021-11-03,8:55 AM,Derailment,0,LITTLE ROCK,AR,50,2,Day,Clear,Yard,Yard/switching,3,0,12802,12802,T319,34.714312,-92.190734,47.6,43.9,44.2
BNSF,PR0615103,2015-06-05,7:00 PM,Derailment,0,LITTLETON,CO,60,3,Dusk,Cloudy,Main,Work train,5,42843,0,42843,M202,39.593883,-105.021188,64.8,60.8,62.6
UP,1221GP035,2021-12-29,11:27 PM,Other impacts,0,LITTLETON,CO,18,4,Dark,Clear,Industry,Freight Train,1,51451,5124,56575,M101,39.557971,-105.045913,25.6,20.4,36.3
MBTA,YR202227,2022-02-25,3:30 PM,Hwy-rail crossing,0,LITTLETON,MA,20,2,Day,Snow,Main,Commuter Train - Pulling,51,5472,10230,15702,M302,42.53819,-71.512353,25,21.8,20
MBTA,2024048,2024-03-18,12:01 PM,Hwy-rail crossing,0,LITTLETON,MA,42,2,Day,Clear,Main,Passenger Train - Pushing,39,60346,0,60346,M303,42.538149,-71.512283,46.9,40.5,37.4
MBTA,5718,2018-06-25,10:58 AM,Hwy-rail crossing,0,LITTLETON,MA,80,2,Day,Clear,Main,Passenger Train - Pulling,21,5558,76000,81558,M308,42.519345,-71.502324,66.3,67.1,65
NS,139291,2020-09-29,12:15 AM,Derailment,0,LITTLEVILLE,AL,68,4,Dark,Clear,Main,Freight Train,17,2700,36508,39208,M405,34.613401,-87.657111,66.5,60.7,62.8
NS,130980,2018-08-17,9:15 PM,Obstruction,0,LITTLEVILLE,AL,78,4,Dark,Rain,Main,Freight Train,5,16,19845,19861,M404,34.613401,-87.657111,80.5,78.4,78
CSX,000149941,2015-07-28,11:15 AM,Hwy-rail crossing,0,LIVE OAK,FL,88,2,Day,Clear,Main,Freight Train,33,30000,10000,40000,M304,30.304323,-83.00914,79,81.9,81.3
FGA,D072522,2022-07-25,3:15 PM,Derailment,0,LIVE OAK,FL,93,2,Day,Clear,Industry,Freight Train,10,20000,500,20500,E24C,30.352,-83.1,77.3,78,81
UP,0524GL021,2024-05-18,2:08 PM,Derailment,0,LIVERMORE,IA,85,2,Day,Clear,Main,Freight Train,27,8417,404999,413416,T108,42.853135,-94.170074,69.3,73.5,61.7
CSX,000188572,2020-02-20,7:19 PM,Hwy-rail crossing,0,LIVERPOOL,NY,20,4,Dark,Cloudy,Main,Spec. MoW Equip.,5,16500,0,16500,M302,43.150778,-76.20315,29.7,21.1,22.2
MRL,2019056,2019-04-26,1:44 AM,Rear end collision,0,LIVINGSTON,MT,40,4,Dark,Clear,Yard,Light loco(s),0,0,0,13500,H702,45.666927,-110.554672,43.6,39.6,46.7
UP,0322GC032,2022-03-31,11:00 AM,Hwy-rail crossing,0,LIVINGSTON,TX,63,2,Day,Cloudy,Main,Freight Train,45,12341,28525,40866,M302,30.788319,-94.894189,71,59.6,61.5
UP,1218GC048,2018-12-21,6:53 AM,Hwy-rail crossing,0,LIVINGSTON,TX,42,1,Dawn,Clear,Main,Freight Train,42,52826,0,52826,M302,30.788319,-94.894189,54.9,48.9,54.5
MRL,2020013,2020-02-06,10:40 AM,Derailment,0,LIVINGSTON,MT,28,2,Day,Snow,Main,Freight Train,11,12340,20000,32340,E53C,45.661977,-110.789885,25.6,31.3,32.6
UP,0616LV005,2016-06-02,9:01 AM,Obstruction,0,LIVINGSTON,TX,73,2,Day,Cloudy,Main,Freight Train,50,12275,2297,14572,M503,30.706231,-94.938183,75,71.5,71.4
MRL,2019056,2019-04-26,1:44 AM,Rear end collision,0,LIVINGSTON,MT,40,4,Dark,Clear,Yard,Light loco(s),8,13500,0,13500,H702,45.666927,-110.554672,43.6,39.6,46.7
CSX,000150986,2015-08-20,11:13 PM,Rear end collision,0,LIVINGSTON,KY,76,4,Dark,Clear,Main,Light loco(s),25,96430,1500,97930,H220,37.291698,-84.218581,74.7,71.6,68.4
MRL,2015019,2015-01-27,7:55 AM,Derailment,0,LIVINGSTON,MT,50,1,Dawn,Clear,Yard,Light loco(s),4,50000,0,50000,H303,45.667117,-110.554383,54.7,53.7,44.9
CSX,000214658,2023-11-22,1:45 PM,Derailment,2,LIVINGSTON,KY,50,2,Day,Clear,Main,Freight Train,30,801909,1238970,2040879,E53C,37.317538,-84.238134,54,42.5,39.5
CSX,000150986,2015-08-20,11:13 PM,Rear end collision,0,LIVINGSTON,KY,76,4,Dark,Clear,Main,Freight Train,0,0,0,97930,H220,37.291698,-84.218581,74.7,71.6,68.4
UP,0218LV017,2018-02-12,4:30 AM,Other impacts,0,LIVONIA,LA,40,4,Dark,Clear,Yard,Single Car,0,14757,0,30763,M411,30.521467,-91.55059,57.8,43.9,57.8