reportingrailroadcode,accidentnumber,date,time,accidenttype,hazmatreleasedcars,station,stateabbr,temperature,visibility_code,visibility,weathercondition,tracktype,equipmenttype,trainspeed,equipmentdamagecost,trackdamagecost,totaldamagecost,primaryaccidentcausecode,latitude,longitude,prior_temp,actual_temp,following_temp
UP,0218LV017,2018-02-12,4:30 AM,Other impacts,0,LIVONIA,LA,40,4,Dark,Clear,Yard,Yard/switching,5,15206,800,30763,M411,30.521467,-91.55059,57.8,43.9,57.8
UP,0117LV050,2017-01-31,9:52 PM,Other impacts,0,LIVONIA,LA,50,4,Dark,Clear,Yard,Single Car,5,1336,0,21159,M411,30.520741,-91.549564,55.1,59.7,64.1
UP,0117LV050,2017-01-31,9:52 PM,Other impacts,0,LIVONIA,LA,50,4,Dark,Clear,Yard,Single Car,0,19823,0,21159,M411,30.520741,-91.549564,55.1,59.7,64.1
UP,0217LV032,2017-02-15,2:00 PM,Other impacts,0,LIVONIA,LA,55,2,Day,Clear,Yard,Yard/switching,4,15762,0,15810,S006,30.523977,-91.55285,64.8,50.4,50.8
UP,1016LV021,2016-10-29,7:38 PM,Derailment,0,LIVONIA,LA,67,3,Dusk,Clear,Yard,Yard/switching,9,54940,88140,143080,M507,30.5217,-91.548323,69.7,68.2,68.1
UP,0518LV021,2018-05-25,9:59 AM,Other (describe in narrative),0,LIVONIA,LA,75,2,Day,Cloudy,Yard,Single Car,0,17958,0,17958,M411,30.526064,-91.555116,78.4,79,75.9
UP,0916LV003,2016-09-08,11:20 PM,Derailment,0,LIVONIA,LA,78,4,Dark,Cloudy,Yard,Yard/switching,2,25032,41767,66799,H503,30.521673,-91.548371,81.1,80.9,79.7
UP,0121GC013,2021-01-15,2:33 AM,Other impacts,0,LIVONIA,LA,49,4,Dark,Clear,Yard,Yard/switching,6,17160,0,33007,S016,30.525814,-91.555393,51.3,48.4,42.5
UP,0320GC002,2020-03-05,4:09 AM,Derailment,0,LIVONIA,LA,56,1,Dawn,Cloudy,Yard,Yard/switching,5,12228,5741,32349,S006,30.530118,-91.558875,64.1,57.3,56.6
UP,0320GC002,2020-03-05,4:09 AM,Derailment,0,LIVONIA,LA,56,1,Dawn,Cloudy,Yard,Single Car,4,14380,0,32349,S006,30.530118,-91.558875,64.1,57.3,56.6
UP,0420GC008,2020-04-08,12:28 AM,Other impacts,0,LIVONIA,LA,73,4,Dark,Cloudy,Yard,Yard/switching,3,38788,3327,42874,E06C,30.531829,-91.560668,74.4,77,75.7
UP,0420GC008,2020-04-08,12:28 AM,Other impacts,0,LIVONIA,LA,73,4,Dark,Cloudy,Yard,Single Car,0,759,0,42874,E06C,30.531829,-91.560668,74.4,77,75.7
UP,0217LV032,2017-02-15,2:00 PM,Other impacts,0,LIVONIA,LA,55,2,Day,Clear,Yard,Single Car,0,48,0,15810,S006,30.523977,-91.55285,64.8,50.4,50.8
UP,1220GC002,2020-12-03,3:30 AM,Other impacts,0,LIVONIA,LA,52,4,Dark,Cloudy,Yard,Single Car,5,1627,0,92724,E09C,30.530648,-91.559199,48.4,53.9,47.7
UP,1220GC002,2020-12-03,3:30 AM,Other impacts,0,LIVONIA,LA,52,4,Dark,Cloudy,Yard,Cut of cars,10,4021,0,92724,E09C,30.530648,-91.559199,48.4,53.9,47.7
UP,1220GC002,2020-12-03,3:30 AM,Other impacts,0,LIVONIA,LA,52,4,Dark,Cloudy,Yard,Yard/switching,2,84180,2896,92724,E09C,30.530648,-91.559199,48.4,53.9,47.7
UP,1219GC030,2019-12-30,8:54 PM,Other impacts,0,LIVONIA,LA,46,4,Dark,Clear,Yard,Single Car,1,650,0,38726,S015,30.522688,-91.551981,65.9,49.3,46.4
UP,1219GC004,2019-12-06,2:16 AM,Derailment,0,LIVONIA,LA,56,4,Dark,Cloudy,Yard,Yard/switching,7,80151,162757,242908,H506,30.523178,-91.550371,55.9,64.6,57.7
UP,0721GC022,2021-07-25,6:00 PM,Derailment,0,LIVONIA,LA,89,3,Dusk,Clear,Yard,Yard/switching,7,10087,2584,12671,M405,30.52245,-91.549886,83.3,83.1,83.3
UP,1119GC033,2019-11-24,8:24 AM,Derailment,0,LIVONIA,LA,43,2,Day,Clear,Yard,Yard/switching,8,60374,120347,180721,E07C,30.51838,-91.546197,57.2,49,54.1
RALI,RAI287918,2018-10-09,5:00 PM,Derailment,0,LIVONIA,LA,80,2,Day,Clear,Yard,Freight Train,5,161602,12000,173602,H306,30.55923,-91.55575,78,77.4,76.4
UP,0620GC028,2020-06-16,9:41 PM,Other (describe in narrative),0,LIVONIA,LA,78,4,Dark,Clear,Yard,Cut of cars,0,21149,0,21149,M411,30.524514,-91.557351,80.9,79.7,75.9
UP,0324GC027,2024-03-26,8:00 AM,Other impacts,0,LIVONIA,LA,56,2,Day,Clear,Yard,Single Car,2,3656,0,12309,M411,30.531186,-91.559992,70.1,62.5,57.5
UP,0618LV005,2018-06-04,5:45 AM,Derailment,0,LIVONIA,LA,80,1,Dawn,Cloudy,Yard,Yard/switching,3,185746,58220,289830,H702,30.518844,-91.546885,81.4,82.8,76
UP,1119GC007,2019-11-06,2:19 AM,Other impacts,0,LIVONIA,LA,57,4,Dark,Clear,Yard,Yard/switching,2,13533,0,21607,S007,30.525512,-91.555721,63.4,64,68.8
UP,0324GC027,2024-03-26,8:00 AM,Other impacts,0,LIVONIA,LA,56,2,Day,Clear,Yard,Yard/switching,2,818,7835,12309,M411,30.531186,-91.559992,70.1,62.5,57.5
RALI,RAI561620,2020-02-29,9:45 PM,Side collision,0,LIVONIA,LA,52,4,Dark,Clear,Yard,Freight Train,5,31956,0,63912,H702,30.533435,-91.562578,49.3,54.7,59.7
UP,1119GC007,2019-11-06,2:19 AM,Other impacts,0,LIVONIA,LA,57,4,Dark,Clear,Yard,Cut of cars,0,8074,0,21607,S007,30.525512,-91.555721,63.4,64,68.8
UP,0221GC034,2021-02-21,12:15 AM,Derailment,0,LIVONIA,LA,42,4,Dark,Clear,Yard,Freight Train,3,8389,26360,34749,M404,30.544149,-91.56901,40.1,51.7,55.8
UP,0618LV005,2018-06-04,5:45 AM,Derailment,0,LIVONIA,LA,80,1,Dawn,Cloudy,Yard,Freight Train,0,45864,0,289830,H702,30.518844,-91.546885,81.4,82.8,76
RALI,RAI561620,2020-02-29,9:45 PM,Side collision,0,LIVONIA,LA,52,4,Dark,Clear,Yard,Cut of cars,0,31956,0,63912,H702,30.533435,-91.562578,49.3,54.7,59.7
UP,0919GC025,2019-09-13,6:43 PM,Other impacts,0,LIVONIA,LA,91,3,Dusk,Cloudy,Yard,Yard/switching,3,580,1281,47888,S006,30.525929,-91.555276,81.2,82.1,81.3
UP,0117LV033,2017-01-15,3:45 PM,Other impacts,0,LIVONIA,LA,68,2,Day,Clear,Yard,Yard/switching,4,12223,0,12863,H306,30.521776,-91.550718,63.3,63.4,69.2
UP,0819GC014,2019-08-14,8:00 PM,Derailment,0,LIVONIA,LA,82,4,Dark,Cloudy,Yard,Yard/switching,10,403438,64304,467742,H303,30.532547,-91.559291,84.9,82.1,81.7
UP,0919GC025,2019-09-13,6:43 PM,Other impacts,0,LIVONIA,LA,91,3,Dusk,Cloudy,Yard,Cut of cars,3,18943,0,47888,S006,30.525929,-91.555276,81.2,82.1,81.3
UP,0117LV033,2017-01-15,3:45 PM,Other impacts,0,LIVONIA,LA,68,2,Day,Clear,Yard,Yard/switching,4,40,600,12863,H306,30.521776,-91.550718,63.3,63.4,69.2
UP,0915LV007,2015-09-05,8:01 PM,Derailment,0,LIVONIA,LA,85,4,Dark,Clear,Yard,Yard/switching,1,5963,47842,53805,M402,30.538683,-91.563864,80.1,81.5,79.6
UP,0919GC025,2019-09-13,6:43 PM,Other impacts,0,LIVONIA,LA,91,3,Dusk,Cloudy,Yard,Cut of cars,3,27084,0,47888,S006,30.525929,-91.555276,81.2,82.1,81.3
UP,0121GC013,2021-01-15,2:33 AM,Other impacts,0,LIVONIA,LA,49,4,Dark,Clear,Yard,Single Car,2,15847,0,33007,S016,30.525814,-91.555393,51.3,48.4,42.5
UP,0919GC024,2019-09-11,2:00 PM,Other impacts,0,LIVONIA,LA,92,2,Day,Cloudy,Yard,Single Car,3,25967,0,26466,S006,30.525873,-91.555326,81.1,82.1,81.2
UP,0919GC024,2019-09-11,2:00 PM,Other impacts,0,LIVONIA,LA,92,2,Day,Cloudy,Yard,Yard/switching,3,316,183,26466,S006,30.525873,-91.555326,81.1,82.1,81.2
UP,1217LV038,2017-12-30,12:05 PM,Other (describe in narrative),0,LIVONIA,LA,40,2,Day,Cloudy,Yard,Single Car,3,26651,0,26651,M411,30.520988,-91.551673,43.3,52.2,39.6
UP,1114LV008,2014-11-16,11:20 PM,Derailment,0,LIVONIA,LA,40,4,Dark,Cloudy,Yard,Yard/switching,1,12555,0,12555,E34C,30.544363,-91.568979,44.5,61.4,41.8
UP,0317LV038,2017-03-26,8:18 PM,Other impacts,0,LIVONIA,LA,85,4,Dark,Cloudy,Yard,Yard/switching,0,7271,0,15502,M411,30.53304,-91.55872,68.3,70.8,73.1
UP,0120GC027,2020-01-27,1:00 PM,Other impacts,0,LIVONIA,LA,57,2,Day,Cloudy,Yard,Freight Train,0,24052,0,99689,E39C,30.521507,-91.549114,50.6,52,51.4
UP,0816LV015,2016-08-22,12:00 PM,Derailment,0,LIVONIA,LA,85,2,Day,Clear,Yard,Yard/switching,5,232,14592,14824,H303,30.53304,-91.55872,78.9,79.6,82.7
UP,0915LV011,2015-09-12,4:22 PM,Fire/violent rupture,0,LIVONIA,LA,84,2,Day,Clear,Yard,Yard/switching,10,11733,66,11799,E71L,30.548112,-91.5724,74.2,73.5,67.6
UP,0118LV071,2018-01-22,1:50 PM,Derailment,0,LIVONIA,LA,60,2,Day,Clear,Yard,Light loco(s),4,37240,916,38156,H702,30.532745,-91.561014,60.4,62.5,49
UP,0816LV001,2016-08-01,6:00 PM,Derailment,0,LIVONIA,LA,91,2,Day,Clear,Yard,Yard/switching,10,8652,64426,73078,T107,30.544368,-91.568988,81.8,82.2,84.6
UP,0716LV008,2016-07-10,4:40 AM,Derailment,0,LIVONIA,LA,75,4,Dark,Cloudy,Yard,Yard/switching,4,9366,62603,71969,T107,30.539812,-91.564895,82.4,79,78.8
UP,0415LV008,2015-04-09,10:30 PM,Derailment,0,LIVONIA,LA,72,4,Dark,Cloudy,Yard,Freight Train,8,161580,56034,217614,T319,30.518984,-91.551751,76.5,75.8,70.1
UP,0819GC030,2019-08-25,9:15 AM,Derailment,0,LIVONIA,LA,77,2,Day,Cloudy,Yard,Yard/switching,7,181642,61484,243126,T205,30.519901,-91.547831,77.9,76.4,80.1
UP,0220GC019,2020-02-14,1:30 PM,Derailment,0,LIVONIA,LA,55,2,Day,Clear,Yard,Yard/switching,7,83323,54042,137365,T199,30.518583,-91.551742,50.5,45.8,51.8
NS,143805,2021-12-20,2:15 PM,Other impacts,0,LOCKBOURNE,OH,72,2,Day,Clear,Yard,Cut of cars,4,5273,3459,11428,H307,39.782282,-82.957922,34.3,32.2,32.2
NS,143805,2021-12-20,2:15 PM,Other impacts,0,LOCKBOURNE,OH,72,2,Day,Clear,Yard,Single Car,0,2696,0,11428,H307,39.782282,-82.957922,34.3,32.2,32.2
NS,152507,2023-03-10,12:15 PM,Other (describe in narrative),0,LOCKBOURNE,OH,37,2,Day,Cloudy,Siding,Yard/switching,5,3744,31937,35681,H702,39.807205,-82.962097,39.4,38.5,34.5
UP,1123SX002,2023-11-01,9:30 PM,Derailment,0,LOCKHART,TX,44,4,Dark,Clear,Main,,0,0,340308,1315086,H503,29.890572,-97.649605,49.7,46.8,49.5
UP,1015SA018,2015-10-31,4:20 AM,Derailment,0,LOCKHART,TX,72,4,Dark,Rain,Main,Freight Train,25,813266,267143,1080409,M103,29.891615,-97.646648,73.2,71.3,66.6
BNSF,RD0823126,2023-08-20,3:37 PM,Derailment,0,LOCKHART,TX,105,2,Day,Clear,Main,Freight Train,15,60154,0,155670,T109,29.885175,-97.65827,89.1,90.7,92.5
BNSF,RD1123101,2023-11-01,9:30 AM,Derailment,0,LOCKHART,TX,64,2,Day,Clear,Main,Freight Train,28,974778,0,1315086,T202,29.89058,-97.649556,49.7,46.8,49.5
UP,0823SX024,2023-08-20,3:37 PM,Derailment,0,LOCKHART,TX,104,2,Day,Clear,Main,Freight Train,0,0,95516,155670,T109,29.885175,-97.65827,89.1,90.7,92.5
NS,138112,2020-06-01,8:50 AM,Hwy-rail crossing,0,LOCKLAND,OH,72,2,Day,Clear,Main,Freight Train,38,2,12000,12002,M303,39.214705,-84.459908,61.1,61.6,73.4
ATK,168848,2021-10-29,10:10 PM,Obstruction,0,LOCKPORT,IL,53,4,Dark,Rain,Main,Passenger Train - Pulling,75,12833,0,12833,M402,41.59815,-88.05465,50.2,53.5,52.9
WC,1086883,2021-10-29,10:10 PM,Obstruction,0,LOCKPORT,IL,53,4,Dark,Cloudy,Main,,0,0,0,12833,M402,41.5849,-88.06112,50.2,53.5,52.9
BNSF,CH0916106,2016-09-13,2:09 AM,Derailment,0,LOCKPORT,IL,61,4,Dark,Clear,Industry,Yard/switching,4,3000,0,78000,H306,41.591016,-88.06094,66,71,68
BNSF,CH0916106,2016-09-13,2:09 AM,Derailment,0,LOCKPORT,IL,61,4,Dark,Clear,Industry,Maint./inspect Car,0,75000,0,78000,H306,41.591016,-88.06094,66,71,68
IC,1083454,2020-12-20,8:14 PM,Other (describe in narrative),0,LOCKPORT,IL,36,4,Dark,Clear,Main,,0,0,47898,47898,E69L,41.604465,-88.052181,38,34.5,37.7
BNSF,CH0315200,2015-03-30,11:35 AM,Hwy-rail crossing,0,LOCKPORT,IL,51,2,Day,Clear,Main,Freight Train,40,115000,19500,134500,M303,41.664836,-88.036877,35.6,48.6,49.6
NS,125737,2017-07-08,4:15 AM,Derailment,0,LOCUST GROVE,GA,76,1,Dawn,Clear,Main,Freight Train,39,11071,2895,13966,E32C,33.349388,-84.110423,79.5,78.4,79.2
NS,134549,2019-07-01,3:10 AM,Hwy-rail crossing,0,LOCUST GROVE,GA,72,4,Dark,Clear,Main,Freight Train,38,128,15000,15128,M303,33.351807,-84.111889,80.2,82.8,84.7
BNSF,PR0915202,2015-09-18,6:45 PM,Hwy-rail crossing,0,LODGE GRASS,MT,70,3,Dusk,Clear,Main,Freight Train,44,22359,200000,222359,M302,45.219478,-107.382989,53.6,55,54.8
UP,0524GP019,2024-05-18,3:31 PM,Obstruction,0,LODGEPOLE,NE,70,2,Day,Clear,Main,Freight Train,60,0,17360,17360,M404,41.145445,-102.629218,69.1,61.4,62.3
WE,240004,2024-01-05,12:50 AM,Derailment,0,LODI,OH,14,4,Dark,Cloudy,Main,Freight Train,29,3800,210321,214121,E62C,41.037865,-82.034379,28.9,24.8,31.8
CSX,000166293,2017-01-26,2:30 PM,Hwy-rail crossing,0,LODI,OH,35,2,Day,Cloudy,Main,Freight Train,58,16276,10131,26407,M303,41.01886,-81.993835,41.3,35.7,30.2
UP,0121HL026,2021-01-31,4:40 PM,Derailment,0,LOGAN,NM,55,2,Day,Clear,Main,Freight Train,50,58122,2790,60912,E33C,35.386144,-103.394614,49.6,40.3,45.4
UP,0319ST030,2019-03-13,12:01 PM,Derailment,0,LOGAN,NM,54,2,Day,Cloudy,Main,Freight Train,35,1338424,36446,1374870,M105,35.332775,-103.415174,53.6,49.8,40.9
IORY,IOR124816D,2016-10-31,6:45 AM,Derailment,0,LOGAN,OH,45,1,Dawn,Clear,Main,Freight Train,3,36333,2500,38833,M503,39.535278,-82.403167,62.7,51.3,61.4
UP,1015CB002,2015-10-04,12:22 PM,Derailment,0,LOGAN,IA,64,2,Day,Clear,Main,Freight Train,42,7002,142620,149622,T001,41.649228,-95.782588,51.7,52.7,54.6
TPW,TPW558518A,2018-01-24,2:05 PM,Derailment,0,LOGANSPORT,IN,30,2,Day,Cloudy,Main,,0,0,15799,35460,E24C,40.751412,-86.361231,32.8,29.4,31.3
NS,133213,2019-03-14,2:45 AM,Derailment,0,LOGANSPORT,IN,52,4,Dark,Cloudy,Yard,Freight Train,2,21025,7687,28712,E04C,40.750693,-86.358407,47.9,55.2,36.9
NS,129810,2018-06-14,5:00 AM,Derailment,0,LOGANSPORT,IN,72,1,Dawn,Cloudy,Industry,Freight Train,5,53394,0,53394,M101,40.736436,-86.392539,73,66.4,72.7
NS,128274,2018-01-24,2:05 PM,Derailment,0,LOGANSPORT,IN,28,2,Day,Clear,Main,Freight Train,17,12214,7447,35460,E24C,40.750693,-86.358407,32.8,29.4,31.3
NS,114266,2015-02-09,12:45 AM,Other (describe in narrative),0,LOGANSPORT,IN,20,4,Dark,Clear,Main,Freight Train,10,24100,403,24503,E20C,40.741266,-86.38325,38.7,25.6,22.9
CSX,000177464,2018-07-06,3:40 AM,Raking collision,0,LOGANSVILLE,OH,71,4,Dark,Clear,Main,Freight Train,50,15460,0,15660,E29C,40.342357,-83.875531,77.8,70.7,65.4
CSX,000177464,2018-07-06,3:40 AM,Raking collision,0,LOGANSVILLE,OH,71,4,Dark,Clear,Main,Freight Train,50,200,0,15660,E29C,40.342357,-83.875531,77.8,70.7,65.4
BNSF,RD0121121,2021-01-22,11:04 PM,Side collision,0,LOLITA,TX,65,4,Dark,Fog,Main,Freight Train,22,158891,0,810544,H607,28.843845,-96.501105,62.6,67.6,63.7
UP,0121GC019,2021-01-22,11:04 PM,Side collision,0,LOLITA,TX,65,4,Dark,Cloudy,Main,Yard/switching,9,795,650858,810544,H607,28.843929,-96.50895,62.6,67.6,63.7
NPR,DR062101,2021-06-30,1:34 PM,Derailment,0,LOMA,ND,80,2,Day,Clear,Main,Freight Train,10,54250,16692,70942,T109,48.630569,-98.613387,67.7,73.7,76.6
NS,121731,2016-08-18,4:00 PM,Hwy-rail crossing,0,LONDONDERRY,OH,84,3,Dusk,Cloudy,Main,Freight Train,34,22200,0,22200,M302,39.285493,-82.938994,72.8,74.8,73.4
TN,13,2018-05-28,12:30 PM,Derailment,0,LONE STAR,TX,85,2,Day,Clear,Yard,Yard/switching,3,375,10594,10969,T110,32.954263,-94.665358,79.5,80,81
TN,02,2018-02-08,2:58 PM,Derailment,0,LONE STAR,TX,50,2,Day,Cloudy,Industry,Yard/switching,6,3000,14494,17494,T111,32.928297,-94.706961,35.8,40.7,50.6
LI,73042,2020-08-28,1:20 AM,Other (describe in narrative),0,LONG BEACH,NY,73,4,Dark,Clear,Yard,EMU,7,0,18601,18601,H607,40.593682,-73.663507,77.8,77,75.1
LI,80049,2023-06-22,7:52 PM,Other (describe in narrative),0,LONG BEACH,NY,69,3,Dusk,Cloudy,Yard,EMU,5,0,29658,29658,H706,40.591859,-73.664837,65,65.4,66
LI,EQ20170702,2017-07-18,5:16 AM,Derailment,0,LONG BEACH,NY,73,1,Dawn,Clear,Yard,EMU,5,238027,0,238027,H607,40.593698,-73.663396,77.5,78.6,81.4
NJTR,202405251,2024-05-13,6:31 AM,Obstruction,0,LONG BRANCH,NJ,40,1,Dawn,Clear,Yard,Passenger Train - Pulling,15,30893,9498,40391,H104,40.29562,-73.98837,49.4,54.6,62.5
NJTR,201704123,2017-04-02,5:50 PM,Other (describe in narrative),0,LONG BRANCH,NJ,50,2,Day,Clear,Main,Work train,30,11784,0,11784,H599,40.282857,-73.989811,43.1,51.4,51.6
NJTR,202110421,2021-10-04,11:20 PM,Derailment,0,LONG BRANCH,NJ,60,4,Dark,Clear,Yard,Commuter Train - Pulling,5,46954,0,46954,T217,40.295971,-73.988453,67.6,70.5,63.2
NJTR,201808406,2018-08-11,12:30 AM,Derailment,0,LONG BRANCH,NJ,70,4,Dark,Clear,Yard,Yard/switching,0,48607,0,117596,H704,0,0,78.7,75.1,76.6
NJTR,201808406,2018-08-11,12:30 AM,Derailment,0,LONG BRANCH,NJ,70,4,Dark,Clear,Yard,Yard/switching,7,58000,10989,117596,H704,40.293338,-73.98853,78.7,75.1,76.6
NJTR,202111464,2021-10-15,12:15 AM,Other (describe in narrative),0,LONG BRANCH,NJ,51,4,Dark,Clear,Yard,Commuter Train - Pulling,5,12166,1000,13166,T404,40.295725,-73.98856,68.3,68.7,68.5
NJTR,201808409,2018-08-15,3:15 PM,Derailment,0,LONG ISLAN,NY,87,2,Day,Clear,Yard,Commuter Train - Pulling,13,51591,0,53091,T110,40.748943,-73.933728,75.7,80.3,84.3
ATK,180334,2024-04-29,3:38 PM,Obstruction,0,LONG ISLAND CITY,NY,55,2,Day,Clear,Yard,,0,0,0,40701,M404,40.750488,-73.992944,62,71.5,57.2
ATK,179143,2024-04-05,1:10 AM,Obstruction,0,LONG ISLAND CITY,NY,40,4,Dark,Clear,Main,Passenger Train - Pulling,30,23542,0,23542,M402,40.745157,-73.939066,42.9,43.9,46.8
LI,79698,2023-05-11,2:23 AM,Derailment,0,LONG ISLAND CITY,NY,61,4,Dark,Clear,Yard,Spec. MoW Equip.,5,52320,38004,90324,M405,40.740574,-73.951891,61.2,70,76.4
NJTR,202405231,2024-04-29,3:38 PM,Obstruction,0,LONG ISLAND CITY,NY,55,2,Day,Clear,Yard,Commuter Train - Pushing,5,40701,0,40701,M404,40.749704,-73.92885,62,71.5,57.2
LI,EQ20170903,2017-09-18,8:00 AM,Obstruction,0,LONG ISLAND CITY,NY,69,2,Day,Rain,Yard,EMU,3,64887,0,64887,M199,40.741321,-73.958475,72.9,70.9,72.4
ATK,155203,2018-09-10,2:10 AM,Derailment,0,LONG ISLAND CITY,NY,53,4,Dark,Rain,Yard,Yard/switching,5,40080,740,40820,H399,40.745158,-73.939067,60.1,60.6,68.4
NJTR,201708329,2017-08-23,4:10 AM,Raking collision,0,LONG ISLAND CITY,NY,72,4,Dark,Clear,Yard,Commuter Train - Pushing,5,7291,0,17291,H220,40.748151,-73.932486,81.4,76.1,73.4
ATK,151971,2018-02-09,7:41 AM,Other (describe in narrative),0,LONG ISLAND CITY,NY,29,2,Day,Clear,Yard,Light loco(s),5,0,16437,16437,H305,40.751809,-73.926905,29.8,31.7,43.7
ATK,149132,2017-08-23,4:10 AM,Raking collision,0,LONG ISLAND CITY,NY,72,4,Dark,Clear,Yard,Light loco(s),5,10000,0,17291,H220,40.748151,-73.932486,81.4,76.1,73.4
ATK,152216,2018-03-04,6:38 PM,Other (describe in narrative),0,LONG ISLAND CITY,NY,38,3,Dusk,Clear,Main,Passenger Train - Pulling,40,22985,0,22985,H799,40.744679,-73.948542,41.4,40.2,37.6
ATK,152953,2018-04-25,8:00 AM,Other (describe in narrative),0,LONG ISLAND CITY,NY,55,2,Day,Rain,Yard,Light loco(s),0,60553,0,60553,H599,40.744679,-73.948542,55.9,56,61.1
ATK,156682,2018-12-11,1:07 AM,Other (describe in narrative),0,LONG ISLAND CITY,NY,32,4,Dark,Clear,Main,Work train,51,35696,0,35696,H999,40.745157,-73.939066,34.1,34.6,36.6
LI,76938,2022-04-09,10:25 AM,Obstruction,0,LONG ISLAND CITY,NY,55,2,Day,Clear,Yard,EMU,5,15000,0,15000,H022,40.743043,-73.948698,55.5,51.2,46.6
ATK,152305,2018-02-02,1:30 AM,Other impacts,0,LONG ISLAND CITY,NY,40,4,Dark,Rain,Yard,Cut of cars,0,237,0,16817,H302,40.745158,-73.939067,39.1,28.2,24
ATK,139563,2015-10-09,9:30 PM,Other (describe in narrative),0,LONG ISLAND CITY,NY,68,4,Dark,Rain,Main,Passenger Train - Pulling,125,10885,0,10885,E78L,40.780137,-73.918732,63.5,66.9,58.2
LI,76969,2022-04-11,2:38 PM,Obstruction,0,LONG ISLAND CITY,NY,58,2,Day,Clear,Yard,EMU,5,250000,0,250000,H022,40.743235,-73.949583,46.6,48.9,59.2
LI,72908,2020-08-18,11:00 PM,Raking collision,0,LONG ISLAND CITY,NY,72,4,Dark,Cloudy,Yard,Work train,4,0,17678,17678,M404,40.742118,-73.947426,72,74.2,71.7
ATK,153234,2018-05-12,4:15 PM,Derailment,0,LONG ISLAND CITY,NY,59,2,Day,Cloudy,Yard,Light loco(s),5,170000,0,170000,H017,40.744679,-73.94854,65.2,56.7,53.1
LI,79199,2023-02-28,6:30 PM,Raking collision,0,LONG ISLAND CITY,NY,37,2,Day,Cloudy,Yard,,0,0,0,236047,M599,40.743259,-73.948871,37.9,35,39.4
NJTR,201811518,2018-10-31,9:30 AM,Derailment,0,LONG ISLAND CITY,NY,60,2,Day,Clear,Yard,Commuter Train - Pulling,0,24911,0,25661,T112,0,0,49.2,54.9,62.8
ATK,140587,2015-12-09,1:05 PM,Other (describe in narrative),0,LONG ISLAND CITY,NY,50,2,Day,Cloudy,Yard,Light loco(s),0,0,75000,75000,T404,40.741221,-73.955983,44.1,47.5,55
NJTR,202202096,2022-02-02,3:04 PM,Other (describe in narrative),0,LONG ISLAND CITY,NY,72,2,Day,Clear,Main,Commuter Train - Pushing,10,22118,0,82698,T404,40.7506,-73.9935,30.1,38.3,45.1
ATK,154828,2018-08-15,3:34 PM,Derailment,0,LONG ISLAND CITY,NY,0,2,Day,Clear,Yard,Freight Train,0,0,1500,53091,T110,40.751472,-73.928256,75.1,79.5,83.6
ATK,151460,2018-01-11,1:50 AM,Derailment,0,LONG ISLAND CITY,NY,35,4,Dark,Clear,Yard,Freight Train,0,0,75,24741,T319,40.750508,-73.928366,35.3,43.9,53.5
ATK,156065,2018-10-31,9:30 AM,Derailment,0,LONG ISLAND CITY,NY,55,2,Day,Cloudy,Yard,Freight Train,0,0,750,25661,T112,40.75194,-73.92075,49.2,54.9,62.8
NJTR,202201011,2021-12-17,4:00 PM,Derailment,0,LONG ISLAND CITY,NY,56,2,Day,Cloudy,Yard,Commuter Train - Pulling,6,13881,0,89881,T110,40.745696,-73.939412,58.1,56.8,43.5
NJTR,201801038,2018-01-11,1:50 AM,Derailment,0,LONG ISLAND CITY,NY,35,4,Dark,Clear,Yard,Commuter Train - Pulling,5,24666,0,24741,T319,40.750508,-73.928366,35.3,43.9,53.5
ATK,156480,2018-11-25,9:50 AM,Other (describe in narrative),0,LONG ISLAND CITY,NY,50,2,Day,Cloudy,Main,Passenger Train - Pulling,30,22995,0,22995,T404,40.745158,-73.939067,39.4,50.4,49
CTHS,20220222,2022-02-22,9:45 PM,Obstruction,0,LONGMEADOW,MA,28,4,Dark,Rain,Main,Passenger Train - Pulling,58,14212,0,14212,M404,42.066033,-72.589244,38.2,37.2,50
ATK,172834,2022-02-22,9:45 PM,Obstruction,0,LONGMEADOW,MA,28,4,Dark,Rain,Main,,0,0,0,14212,M404,42.066033,-72.589244,38.2,37.2,50
BNSF,PR0621102,2021-06-06,3:30 PM,Derailment,0,LONGMONT,CO,84,2,Day,Clear,Yard,Freight Train,3,12500,200,12700,H306,40.158636,-105.086778,74,74.9,70.8
BNSF,PR0419108,2019-04-11,2:33 PM,Derailment,0,LONGMONT,CO,45,2,Day,Clear,Yard,Freight Train,9,26800,12000,38800,T221,40.180671,-105.162096,39,33.2,34.6
BNSF,GC1215103,2015-12-03,3:31 AM,Other impacts,0,LONGVIEW,TX,40,4,Dark,Fog,Main,Freight Train,3,19225,0,19225,H018,32.445204,-94.677196,45.6,44,43.3
UP,0816LK033,2016-08-28,4:00 AM,Other impacts,0,LONGVIEW,TX,75,4,Dark,Clear,Yard,Yard/switching,4,95500,0,95500,H318,32.495954,-94.722309,79.5,76.5,77.8
UP,0316LK015,2016-03-18,2:19 PM,Other (describe in narrative),0,LONGVIEW,TX,70,2,Day,Clear,Yard,Single Car,0,29712,0,29712,M201,32.495389,-94.722933,58.5,59.1,53.6
BNSF,NW0520114,2020-05-28,3:30 PM,Derailment,0,LONGVIEW,WA,80,2,Day,Clear,Yard,,0,0,16964,43441,H607,46.1046,-122.888432,63.8,70.2,64.2