reportingrailroadcode,accidentnumber,date,time,accidenttype,hazmatreleasedcars,station,stateabbr,temperature,visibility_code,visibility,weathercondition,tracktype,equipmenttype,trainspeed,equipmentdamagecost,trackdamagecost,totaldamagecost,primaryaccidentcausecode,latitude,longitude,prior_temp,actual_temp,following_temp
BNSF,NW0722118,2022-07-24,6:00 AM,Other (describe in narrative),0,LONGVIEW,WA,50,1,Dawn,Clear,Main,Freight Train,8,0,49900,49900,H705,46.0844,-122.869447,63.1,71.6,78.1
BNSF,NW1023105,2023-10-12,1:50 PM,Derailment,0,LONGVIEW,WA,45,2,Day,Clear,Yard,,0,0,0,50097,H318,46.111542,-122.907669,56.3,58.9,55.1
BNSF,NW0923118,2023-09-27,3:05 AM,Derailment,0,LONGVIEW,WA,48,4,Dark,Rain,Yard,Light loco(s),5,17773,0,17773,H318,46.102324,-122.890113,59.6,58.9,57.8
BNSF,NW1018108,2018-10-10,8:56 PM,Derailment,0,LONGVIEW,WA,50,3,Dusk,Clear,Yard,Freight Train,1,10377,8856,19233,H607,46.103045,-122.892183,57.4,54.8,52.4
BNSF,NW0718115,2018-07-18,4:35 AM,Derailment,0,LONGVIEW,WA,65,1,Dawn,Clear,Yard,,0,0,28000,31700,M503,46.117205,-122.939356,67.1,65.8,62.2
UP,0416LK001,2016-04-01,11:50 AM,Other (describe in narrative),0,LONGVIEW,TX,75,2,Day,Clear,Yard,Single Car,0,39268,0,39268,E29C,32.493209,-94.735161,73,54.5,52.1
LS,LS1023105,2023-10-12,1:50 PM,Derailment,0,LONGVIEW,WA,45,2,Day,Clear,Yard,Yard/switching,5,50097,0,50097,H318,46.111541,-122.907674,56.3,58.9,55.1
CLC,ID180101,2018-07-18,4:34 AM,Derailment,0,LONGVIEW,WA,65,1,Dawn,Clear,Yard,Yard/switching,6,3700,0,31700,M503,46.117205,-122.939356,67.1,65.8,62.2
BNSF,RD0919125,2019-09-24,1:25 AM,Derailment,0,LONGVIEW,TX,74,4,Dark,Clear,Yard,Freight Train,4,3474,7900,11374,H307,32.489328,-94.710184,81.3,82.1,80.9
UP,0319MA050,2019-03-31,7:19 PM,Other impacts,0,LONGVIEW,TX,54,3,Dusk,Cloudy,Yard,Yard/switching,8,73127,1164,720280,H309,32.493324,-94.734123,59,48.2,42.2
UP,0719MA015,2019-07-10,8:10 PM,Derailment,0,LONGVIEW,TX,89,4,Dark,Rain,Main,Freight Train,22,32076,857,32933,E34C,32.501885,-94.66933,84.7,83.8,82.1
UP,0223HO004,2023-02-02,11:00 AM,Hwy-rail crossing,0,LONGVIEW,TX,37,2,Day,Cloudy,Main,Freight Train,35,12443,66,12509,M303,32.469693,-94.770155,33.8,37,43.3
UP,0717LK022,2017-07-15,11:50 PM,Obstruction,0,LONGVIEW,TX,80,4,Dark,Clear,Industry,Freight Train,0,58321,33,58354,M402,32.443937,-94.727176,82.5,81.8,83.1
UP,0717FW028,2017-07-25,1:19 AM,Obstruction,0,LONGVIEW,TX,80,4,Dark,Clear,Main,Freight Train,40,47035,0,47035,M404,32.50699,-94.875599,79.5,83.8,84.5
UP,1118LK026,2018-11-16,3:15 PM,Other (describe in narrative),0,LONGVIEW,TX,65,2,Day,Clear,Yard,Single Car,0,32974,396,33370,M501,32.495324,-94.724478,41.1,51.7,53.9
UP,0319MA050,2019-03-31,7:19 PM,Other impacts,0,LONGVIEW,TX,54,3,Dusk,Cloudy,Yard,Yard/switching,1,645989,0,720280,H309,32.493324,-94.734123,59,48.2,42.2
UP,0622MA007,2022-06-01,10:10 AM,Other (describe in narrative),0,LONGVIEW,TX,69,2,Day,Cloudy,Yard,Yard/switching,1,12340,33,12373,E29C,32.494423,-94.728948,82.8,80.8,75.8
BNSF,NW1116105,2016-11-07,1:00 PM,Other (describe in narrative),0,LONGVIEW,WA,63,2,Day,Clear,Main,Maint./inspect Car,3,45000,0,45000,H997,46.07832,-122.86803,55.2,55.9,54.9
BNSF,GC0415107,2015-04-21,10:40 PM,Derailment,0,LONGVIEW,TX,68,4,Dark,Clear,Yard,Freight Train,5,131835,526144,657979,H307,32.492811,-94.716266,61.2,60.9,69.9
UP,0215LK022,2015-02-23,4:00 AM,Other (describe in narrative),0,LONGVIEW,TX,34,4,Dark,Cloudy,Yard,Yard/switching,4,24352,20,24372,E29C,32.496069,-94.723085,42.6,31.6,30.9
UP,0816LK033,2016-08-28,4:00 AM,Other impacts,0,LONGVIEW,TX,75,4,Dark,Clear,Yard,Single Car,0,0,0,95500,H318,32.495954,-94.722309,79.5,76.5,77.8
UP,0916LK002,2016-09-03,2:50 AM,Derailment,0,LONGVIEW,TX,65,4,Dark,Clear,Yard,Light loco(s),1,17353,300,17653,T221,32.49633,-94.718761,77.3,74.9,76.9
UP,0317LK027,2017-03-19,2:38 PM,Derailment,0,LONGVIEW,TX,82,2,Day,Clear,Yard,Yard/switching,2,57385,48946,106331,H522,32.494412,-94.72861,67.6,69.5,73.1
UP,0219MA026,2019-02-09,5:15 PM,Derailment,0,LONGVIEW,TX,37,2,Day,Cloudy,Main,Freight Train,0,0,99700,103643,T002,32.498556,-94.708786,31.1,35.8,46.1
UP,0118LK008,2018-01-05,7:45 AM,Derailment,0,LONGVIEW,TX,30,2,Day,Clear,Yard,Yard/switching,7,4470,7720,12190,T111,32.495206,-94.726826,34.1,38.9,45.1
BNSF,RD0219132,2019-02-09,5:15 PM,Derailment,0,LONGVIEW,TX,47,3,Dusk,Rain,Main,Freight Train,10,3943,0,103643,T002,32.498556,-94.708786,31.1,35.8,46.1
BNSF,GC0716116,2016-07-30,1:45 AM,Derailment,0,LONGVIEW,TX,80,4,Dark,Clear,Siding,Freight Train,3,143272,8000,151272,T111,32.489432,-94.710512,81.1,84.3,84.6
UP,0316LK010,2016-03-16,3:20 PM,Derailment,0,LONGVIEW,TX,75,2,Day,Clear,Industry,Yard/switching,3,250,18000,18250,T102,32.50331,-94.819498,72.8,64.4,58.5
UP,1220MA022,2020-12-17,7:45 PM,Derailment,0,LONGVIEW,TX,43,3,Dusk,Clear,Yard,Freight Train,10,2070,34704,36774,T110,32.493261,-94.735111,38,38,46
BNSF,RD0118100,2018-01-02,2:45 AM,Derailment,0,LONGVIEW,TX,20,4,Dark,Clear,Yard,Freight Train,8,47730,17500,65230,T201,32.495044,-94.721347,25.7,24.9,30.5
UP,0215HO020,2015-02-15,10:30 AM,Derailment,0,LONGVIEW,TX,65,2,Day,Cloudy,Industry,Freight Train,8,72639,10098,82737,T110,32.494056,-94.728901,55.9,50.1,40.5
UP,1214LK016,2014-12-13,5:50 PM,Derailment,0,LONGVIEW,TX,59,3,Dusk,Clear,Industry,Yard/switching,5,10485,10800,21285,T110,32.43563,-94.717194,53.5,56.8,62.7
BNSF,NW0518106,2018-05-08,11:30 AM,Derailment,0,LONGVIEW,WA,60,2,Day,Clear,Yard,Freight Train,2,199952,0,199952,T319,46.109999,-122.906713,61.4,61,59.2
BNSF,NW0120125,2020-01-30,5:51 PM,Derailment,0,LONGVIEW,WA,52,3,Dusk,Rain,Yard,Yard/switching,5,15000,18000,33000,T317,46.110985,-122.954481,48.1,46.9,56.1
BNSF,NW0419106,2019-04-15,9:15 PM,Derailment,0,LONGVIEW,WA,55,4,Dark,Cloudy,Yard,Yard/switching,8,7500,22000,29500,T210,46.121475,-122.924957,44.7,45.1,50.7
ATK,169380,2022-01-02,8:29 PM,Obstruction,0,LONGWOOD,FL,75,4,Dark,Clear,Main,Passenger Train - Pulling,50,14088,0,14088,M402,28.699912,-81.345977,74.3,74.9,65.5
ATK,168277,2021-09-07,2:08 PM,Hwy-rail crossing,0,LONGWOOD,FL,91,2,Day,Clear,Main,Passenger Train - Pulling,47,5968,0,5968,M303,28.705928,-81.342897,82.4,80.9,80.1
CFRC,22002,2022-01-02,8:31 PM,Obstruction,0,LONGWOOD,FL,75,4,Dark,Clear,Main,,0,0,0,14088,M402,28.699912,-81.345977,74.3,74.9,65.5
NS,115701,2015-05-18,2:30 PM,Derailment,0,LOOKOUT MOUNTAIN,TN,79,2,Day,Cloudy,Main,Freight Train,5,51486,200,51686,T314,35.008624,-85.315731,73,73.2,75.4
NS,122390,2016-10-12,4:00 AM,Derailment,0,LOOKOUT MOUNTAIN,TN,49,1,Dawn,Clear,Main,Freight Train,13,0,31082,31082,T207,35.008624,-85.315731,62.3,60.8,65.5
UP,0617FW026,2017-06-23,5:30 PM,Derailment,0,LORAINE,TX,55,2,Day,Rain,Main,Freight Train,40,3017186,326950,3344136,M105,32.396362,-100.768902,83,86.3,75.4
UP,1119ST022,2019-11-25,10:24 AM,Derailment,0,LORDSBURG,NM,49,2,Day,Cloudy,Yard,Freight Train,10,3249,19618,22867,E26C,32.34647,-108.692218,44,46,43.1
AZER,AZE726021A,2021-03-18,4:30 AM,Fire/violent rupture,0,LORDSBURG,NM,60,1,Dawn,Clear,Main,Freight Train,0,65000,0,65000,E72L,32.378778,-108.780806,41.9,47.7,49.6
UP,0819ST006,2019-08-05,1:45 PM,Derailment,0,LORDSBURG,NM,89,2,Day,Cloudy,Siding,Light loco(s),4,60811,22002,82813,H702,32.344325,-108.684173,73.1,77.6,75.8
UP,0419ST035,2019-04-11,8:50 PM,Derailment,0,LORDSBURG,NM,62,4,Dark,Cloudy,Siding,Freight Train,9,55861,4806,60667,H303,32.334179,-108.802645,55.7,47.8,42.1
UP,0418ST004,2018-04-08,1:31 PM,Fire/violent rupture,0,LORDSBURG,NM,82,2,Day,Cloudy,Main,Freight Train,30,70100,0,70100,E74L,32.229818,-108.992504,65.5,64.6,64.1
UP,0219ST002,2019-02-02,5:15 PM,Derailment,0,LORDSBURG,NM,61,2,Day,Cloudy,Main,Freight Train,48,14206,194528,208734,E39C,32.336596,-108.798331,46.7,43.2,45
AZER,AZE107922D,2022-06-14,2:30 PM,Derailment,0,LORDSBURG,NM,95,2,Day,Clear,Yard,Yard/switching,4,9000,6000,15000,H704,32.359439,-108.749148,83.6,79.5,81.1
AZER,AZE924419A,2019-01-23,12:43 PM,Other (describe in narrative),0,LORDSBURG,NM,50,2,Day,Clear,Main,Yard/switching,4,11875,0,11875,H503,32.3635,-108.7456,35.2,33.2,38.3
AZER,AZE558420D,2020-10-01,2:30 PM,Derailment,0,LORDSBURG,NM,88,2,Day,Clear,Main,Freight Train,18,110000,47700,157700,E40C,32.37124,-108.766703,64.6,67.8,64.6
UP,0121LA003,2021-01-04,6:02 PM,Derailment,0,LORDSBURG,NM,56,3,Dusk,Clear,Yard,Yard/switching,5,18399,1602,20001,H607,32.349872,-108.704981,39.5,40.3,43.6
AZER,AZE836624R,2024-06-21,10:30 AM,Derailment,0,LORDSBURG,NM,83,2,Day,Cloudy,Yard,Yard/switching,10,20000,3000,23000,T399,32.362495,-108.746471,77.6,72.8,78.2
NS,118638,2015-12-21,7:30 AM,Derailment,0,LORDSTOWN,OH,43,1,Dawn,Cloudy,Yard,Yard/switching,3,12871,500,13371,H303,41.156104,-80.860822,29.6,44.8,51.8
ATK,173231,2022-12-27,11:04 AM,Derailment,0,LORTON,VA,44,2,Day,Clear,Yard,Yard/switching,3,93471,1645,95116,H704,38.711475,-77.219321,23.1,31.5,31.9
ATK,139775,2015-10-25,1:35 PM,Derailment,0,LORTON,VA,60,2,Day,Clear,Yard,Light loco(s),2,14000,0,14000,T113,38.708666,-77.220188,51.6,59.6,49.7
UP,0115NP051,2015-01-20,4:40 AM,Fire/violent rupture,0,LOST SPRINGS,WY,30,4,Dark,Clear,Main,Freight Train,40,57646,0,57646,E73L,42.761856,-104.911355,38,29.9,23.3
UP,0824GC011,2024-08-06,4:43 PM,Other impacts,0,LOTTIE,LA,96,2,Day,Clear,Yard,Yard/switching,8,52040,0,52040,S007,30.526152,-91.554289,86.1,87,85.7
UP,0818LV036,2018-08-28,4:24 PM,Derailment,0,LOTTIE,LA,81,2,Day,Clear,Main,Freight Train,4,37199,303416,340615,H702,30.544255,-91.568885,81.1,77,77.1
UP,0724GC012,2024-07-16,11:02 AM,Other impacts,0,LOTTIE,LA,87,2,Day,Clear,Yard,Cut of cars,2,12771,0,13053,M411,30.521767,-91.55272,81.9,82.8,79.6
UP,0724GC001,2024-07-02,4:23 AM,Other impacts,0,LOTTIE,LA,76,1,Dawn,Clear,Yard,Single Car,0,85,0,105059,M411,30.526986,-91.554019,83.7,86.1,85.9
UP,0717LV001,2017-07-05,7:05 PM,Other impacts,0,LOTTIE,LA,89,3,Dusk,Cloudy,Yard,Single Car,0,11189,0,11505,M411,30.531289,-91.560109,81.9,83,80.7
UP,0724GC001,2024-07-02,4:23 AM,Other impacts,0,LOTTIE,LA,76,1,Dawn,Clear,Yard,Single Car,4,104974,0,105059,M411,30.526986,-91.554019,83.7,86.1,85.9
UP,0724GC012,2024-07-16,11:02 AM,Other impacts,0,LOTTIE,LA,87,2,Day,Clear,Yard,Single Car,2,282,0,13053,M411,30.521767,-91.55272,81.9,82.8,79.6
UP,0918LV014,2018-09-21,9:26 PM,Other impacts,0,LOTTIE,LA,85,4,Dark,Clear,Yard,Cut of cars,0,170666,0,207137,M411,30.525485,-91.555759,80.3,80.3,77.8
UP,0717LV001,2017-07-05,7:05 PM,Other impacts,0,LOTTIE,LA,89,3,Dusk,Cloudy,Yard,Yard/switching,2,316,0,11505,M411,30.531289,-91.560109,81.9,83,80.7
UP,0918LV014,2018-09-21,9:26 PM,Other impacts,0,LOTTIE,LA,85,4,Dark,Clear,Yard,Yard/switching,0,36471,0,207137,M411,30.525485,-91.555759,80.3,80.3,77.8
UP,0624GC004,2024-06-03,12:34 PM,Other impacts,0,LOTTIE,LA,85,2,Day,Cloudy,Yard,Yard/switching,8,13668,0,13668,M411,30.525665,-91.555987,75,79.2,75.7
UP,0422GC041,2022-04-14,7:00 AM,Other (describe in narrative),0,LOTTIE,LA,57,2,Day,Clear,Yard,Cut of cars,0,60819,0,60819,M411,30.524052,-91.554312,72.8,66.5,69.4
UP,0422GC002,2022-04-02,8:00 AM,Other impacts,0,LOTTIE,LA,59,2,Day,Clear,Yard,Single Car,10,0,0,16317,M201,30.517556,-91.5452,58.4,65.4,66.3
UP,1018LV025,2018-10-21,10:08 AM,Derailment,0,LOTTIE,LA,76,2,Day,Cloudy,Yard,Yard/switching,7,200,63487,63687,E67C,30.534483,-91.563215,71.5,61.3,58.8
UP,0422GC002,2022-04-02,8:00 AM,Other impacts,0,LOTTIE,LA,59,2,Day,Clear,Yard,Single Car,5,16317,0,16317,M201,30.517556,-91.5452,58.4,65.4,66.3
UP,0223GC013,2023-02-17,1:41 PM,Other (describe in narrative),0,LOTTIE,LA,45,2,Day,Cloudy,Yard,Yard/switching,8,18709,0,18709,M507,30.520988,-91.551673,66.5,43.7,44.7
UP,1021GC001,2021-10-02,3:30 PM,Other impacts,0,LOTTIE,LA,83,2,Day,Rain,Yard,Yard/switching,0,14360,0,120184,H306,30.520732,-91.549581,75.4,74.5,75.8
UP,1021GC001,2021-10-02,3:30 PM,Other impacts,0,LOTTIE,LA,83,2,Day,Rain,Yard,Yard/switching,2,89389,16435,120184,H306,30.520732,-91.549581,75.4,74.5,75.8
UP,1120GC022,2020-11-16,9:50 AM,Other (describe in narrative),0,LOTTIE,LA,56,2,Day,Clear,Yard,Yard/switching,6,13547,0,13547,M411,30.525512,-91.555721,63.6,52.9,55.4
UP,1223GC020,2023-12-20,1:45 AM,Other impacts,0,LOTTIE,LA,46,4,Dark,Clear,Yard,Single Car,5,8389,0,35469,S016,30.524144,-91.55443,44.5,50,55
UP,1223GC020,2023-12-20,1:45 AM,Other impacts,0,LOTTIE,LA,46,4,Dark,Clear,Yard,Yard/switching,10,27080,0,35469,S016,30.524144,-91.55443,44.5,50,55
UP,0624GC010,2024-06-10,2:30 AM,Other impacts,0,LOTTIE,LA,76,4,Dark,Clear,Yard,Yard/switching,7,528,0,28726,M408,30.523196,-91.552559,83.7,83.1,81.1
UP,0624GC017,2024-06-16,11:45 PM,Other impacts,0,LOTTIE,LA,76,4,Dark,Clear,Yard,Light loco(s),2,123,0,212616,H306,30.521261,-91.548889,84,78.8,78.3
UP,0122GC043,2022-01-01,4:30 AM,Other impacts,0,LOTTIE,LA,74,1,Dawn,Cloudy,Yard,Yard/switching,5,344,0,23601,S016,30.523087,-91.55289,75.4,76.5,48.8
UP,0624GC004,2024-06-03,12:34 PM,Other impacts,0,LOTTIE,LA,85,2,Day,Cloudy,Yard,Single Car,2,0,0,13668,M411,30.525665,-91.555987,75,79.2,75.7
UP,0122GC043,2022-01-01,4:30 AM,Other impacts,0,LOTTIE,LA,74,1,Dawn,Cloudy,Yard,Single Car,5,23257,0,23601,S016,30.523087,-91.55289,75.4,76.5,48.8
UP,0822GC021,2022-08-23,10:00 PM,Other impacts,0,LOTTIE,LA,74,4,Dark,Clear,Yard,Yard/switching,5,60418,0,62999,H306,30.514796,-91.545735,77.4,75.6,77
UP,0524GC001,2024-05-02,6:15 AM,Other impacts,0,LOTTIE,LA,73,1,Dawn,Clear,Yard,Single Car,0,44654,0,160155,S016,30.526206,-91.555185,75.3,74.7,71.1
UP,0624GC001,2024-06-01,5:00 AM,Other impacts,0,LOTTIE,LA,73,1,Dawn,Cloudy,Yard,Single Car,0,11032,0,24128,M411,30.521791,-91.550443,72.5,76.3,75
UP,0123GC002,2023-01-05,3:50 PM,Derailment,0,LOTTIE,LA,66,2,Day,Clear,Yard,Yard/switching,7,23862,51630,75492,E33C,30.521635,-91.550855,61.6,52.3,54.1
UP,0524GC001,2024-05-02,6:15 AM,Other impacts,0,LOTTIE,LA,73,1,Dawn,Clear,Yard,Yard/switching,10,115501,0,160155,S016,30.526206,-91.555185,75.3,74.7,71.1
UP,0219GC027,2019-02-16,10:15 AM,Derailment,0,LOTTIE,LA,64,2,Day,Cloudy,Yard,Single Car,0,100,0,15219,E07C,30.526033,-91.555147,66.2,62.4,64.1
UP,1220GC005,2020-12-03,11:31 PM,Other (describe in narrative),0,LOTTIE,LA,49,4,Dark,Cloudy,Yard,Single Car,0,11814,0,11814,M411,30.519284,-91.54899,48.7,53.9,47.7
UP,0118LV046,2018-01-12,5:45 AM,Derailment,0,LOTTIE,LA,45,4,Dark,Cloudy,Yard,Light loco(s),3,10204,3488,13692,H702,30.533116,-91.562251,63.2,37.8,33.9
UP,0219GC027,2019-02-16,10:15 AM,Derailment,0,LOTTIE,LA,64,2,Day,Cloudy,Yard,Yard/switching,5,11888,3231,15219,E07C,30.526033,-91.555147,66.2,62.4,64.1
UP,1122GC010,2022-11-16,8:56 AM,Derailment,0,LOTTIE,LA,44,2,Day,Cloudy,Yard,Yard/switching,6,62907,3150,66057,E24C,30.52449,-91.554548,47.5,44.4,43.6
UP,0618LV001,2018-06-01,8:15 AM,Other (describe in narrative),0,LOTTIE,LA,83,2,Day,Cloudy,Yard,Single Car,0,35677,0,35677,M411,30.52398,-91.554179,83.8,84.3,84.6
UP,0524GC031,2024-05-24,4:50 AM,Other impacts,0,LOTTIE,LA,76,1,Dawn,Cloudy,Yard,Single Car,1,2626,0,194887,S016,30.526493,-91.554598,81.5,82.4,82.9
UP,0824GC011,2024-08-06,4:43 PM,Other impacts,0,LOTTIE,LA,96,2,Day,Clear,Yard,Single Car,0,0,0,52040,S007,30.526152,-91.554289,86.1,87,85.7
UP,1118LV017,2018-11-11,12:20 AM,Derailment,0,LOTTIE,LA,42,4,Dark,Cloudy,Yard,Freight Train,10,17873,7854,25727,T310,30.524592,-91.557219,47.1,51.4,54.3
UP,1017LV001,2017-10-01,11:30 AM,Derailment,0,LOTTIE,LA,85,2,Day,Cloudy,Yard,Freight Train,6,48344,6500,54844,T314,30.544064,-91.569136,75.5,76.5,74.4
NS,135064,2019-08-12,5:30 AM,Derailment,0,LOUDON,TN,68,1,Dawn,Clear,Main,Freight Train,6,30000,16981,46981,H506,35.756799,-84.318829,79.4,79.3,80.3
NS,127421,2017-11-14,1:40 PM,Derailment,0,LOUDON,TN,62,2,Day,Clear,Main,Freight Train,8,96810,81282,178092,T207,35.738951,-84.343453,48.6,45.5,45.1
NS,128387,2018-02-03,1:48 AM,Derailment,2,LOUDONVILLE,OH,11,4,Dark,Cloudy,Main,Freight Train,42,315155,320702,635857,T213,40.647497,-82.246259,13.1,22.7,32.3
NS,129639,2018-05-29,7:30 PM,Derailment,0,LOUDONVILLE,OH,78,3,Dusk,Clear,Main,Freight Train,32,5,13606,13611,T109,40.651588,-82.25182,78.3,77.6,75.2
BNSF,HL0523202,2023-05-17,3:00 PM,Hwy-rail crossing,0,LOUISIANA,MO,76,2,Day,Clear,Main,Freight Train,30,15088,0,15088,M308,39.436813,-91.031446,63.6,65.3,67.9
BNSF,HL1120117,2020-11-23,7:25 PM,Derailment,0,LOUISIANA,MO,35,3,Dusk,Snow,Industry,Freight Train,5,750,15000,15750,T210,39.427122,-91.027874,42.1,36.1,45.1
KCS,14102103,2014-10-21,6:23 PM,Derailment,0,LOUISIANA,MO,66,2,Day,Clear,Main,Freight Train,9,3592,11810,15402,T102,39.264363,-91.2039,59.6,53.5,50.1
CSX,000194409,2020-12-13,7:10 AM,Raking collision,0,LOUISVILLE,KY,48,1,Dawn,Cloudy,Yard,Light loco(s),7,13581,0,22456,H306,38.160709,-85.749174,56.2,44.8,36.7
CSX,000175542,2018-03-30,6:43 PM,Derailment,0,LOUISVILLE,KY,60,2,Day,Clear,Yard,Light loco(s),0,41700,0,96530,H702,38.279951,-85.516779,59.2,48.8,51.2
CSX,000205422,2022-06-07,5:00 AM,Other impacts,0,LOUISVILLE,KY,68,1,Dawn,Clear,Yard,Yard/switching,8,0,0,17930,E39C,38.16074,-85.749136,73.8,74.5,77.3
CSX,000205422,2022-06-07,5:00 AM,Other impacts,0,LOUISVILLE,KY,68,1,Dawn,Clear,Yard,Cut of cars,0,17930,0,17930,E39C,38.16074,-85.749136,73.8,74.5,77.3
NS,146122,2022-08-08,7:28 AM,Derailment,0,LOUISVILLE,KY,75,1,Dawn,Clear,Main,Freight Train,3,53587,103823,157410,H503,38.252187,-85.802588,80.4,82.8,83.1
CSX,000217977,2024-05-10,12:23 PM,Derailment,0,LOUISVILLE,KY,75,2,Day,Clear,Yard,Yard/switching,3,13028,14088,27116,E29C,38.16074,-85.749136,70.1,62.3,63.7
CSX,000162005,2016-08-08,6:47 PM,Derailment,0,LOUISVILLE,KY,89,2,Day,Clear,Yard,Yard/switching,2,20865,6024,26889,M405,38.160709,-85.749174,79.3,79.8,81.4
CSX,000218134,2024-05-19,11:05 PM,Side collision,0,LOUISVILLE,KY,75,4,Dark,Cloudy,Yard,Yard/switching,2,23945,0,25183,H307,38.16074,-85.749136,69.9,75.5,77.1
CSX,000218134,2024-05-19,11:05 PM,Side collision,0,LOUISVILLE,KY,75,4,Dark,Cloudy,Yard,Yard/switching,5,1238,0,25183,H307,38.16074,-85.749136,69.9,75.5,77.1
CSX,000146041,2015-05-10,8:27 AM,Side collision,0,LOUISVILLE,KY,68,2,Day,Clear,Yard,Yard/switching,5,8376,0,19676,H509,38.166386,-85.750644,76.8,77.1,75
CSX,000146041,2015-05-10,8:27 AM,Side collision,0,LOUISVILLE,KY,68,2,Day,Clear,Yard,Light loco(s),5,10700,600,19676,H509,38.166386,-85.750644,76.8,77.1,75
NS,118765,2016-01-02,6:45 PM,Derailment,0,LOUISVILLE,KY,50,3,Dusk,Clear,Yard,Yard/switching,4,45744,500,46244,H312,38.263508,-85.801427,34.4,36.1,36.5
CSX,000159803,2016-05-15,1:01 AM,Derailment,0,LOUISVILLE,KY,43,4,Dark,Clear,Yard,Freight Train,3,7060,11400,18460,M405,38.291971,-85.510504,54.2,53.9,52.5
CSX,000156811,2016-02-04,2:53 AM,Side collision,0,LOUISVILLE,KY,38,4,Dark,Cloudy,Yard,Yard/switching,2,36571,0,68769,H305,38.160709,-85.749174,53.2,34.4,34.6
CSX,000156811,2016-02-04,2:53 AM,Side collision,0,LOUISVILLE,KY,38,4,Dark,Cloudy,Yard,Yard/switching,7,32198,0,68769,H305,38.160709,-85.749174,53.2,34.4,34.6
CSX,000170362,2017-07-19,10:00 PM,Other impacts,0,LOUISVILLE,KY,82,4,Dark,Clear,Yard,Yard/switching,8,141438,0,174815,H020,38.160709,-85.749174,82.4,82.9,84.5
NS,152082,2023-01-24,4:30 AM,Derailment,0,LOUISVILLE,TN,24,1,Dawn,Clear,Industry,Freight Train,3,2518,29546,32064,H303,35.906394,-84.045162,38.7,37.4,46.1
CSX,000170362,2017-07-19,10:00 PM,Other impacts,0,LOUISVILLE,KY,82,4,Dark,Clear,Yard,Cut of cars,5,25000,377,174815,H020,38.160709,-85.749174,82.4,82.9,84.5
CSX,000194409,2020-12-13,7:10 AM,Raking collision,0,LOUISVILLE,KY,48,1,Dawn,Cloudy,Yard,Yard/switching,4,8875,0,22456,H306,38.160709,-85.749174,56.2,44.8,36.7
CSX,000167922,2017-04-01,6:30 PM,Derailment,0,LOUISVILLE,KY,60,3,Dusk,Clear,Yard,Freight Train,4,58038,13200,71238,H525,38.279951,-85.516779,54.5,48.2,55.6
CSX,000191272,2020-07-10,9:05 AM,Derailment,0,LOUISVILLE,KY,90,2,Day,Cloudy,Yard,Freight Train,6,35483,12400,47883,H702,38.160709,-85.749174,82,82,79
CSX,000196473,2021-03-19,8:30 PM,Derailment,0,LOUISVILLE,KY,49,4,Dark,Clear,Yard,Yard/switching,10,12330,1224,13554,M405,38.160709,-85.749174,58.6,45.6,47.5
CSX,000219704,2024-08-01,10:24 AM,Derailment,0,LOUISVILLE,KY,84,2,Day,Clear,Yard,Freight Train,4,17681,43564,61245,H525,38.16074,-85.749136,75.9,78.3,76.5
CSX,000194963,2021-01-13,7:15 AM,Derailment,0,LOUISVILLE,KY,31,2,Day,Clear,Yard,Yard/switching,5,23015,8510,31525,E39C,38.160709,-85.749174,30.7,38.4,43.8
CSX,000201395,2021-11-18,12:50 PM,Derailment,0,LOUISVILLE,KY,48,2,Day,Cloudy,Yard,Freight Train,7,86078,46,86124,H306,38.27995,-85.516779,65.6,46.6,36.2
NS,143817,2021-12-21,5:40 PM,Other (describe in narrative),0,LOUISVILLE,KY,47,3,Dusk,Clear,Yard,Yard/switching,2,28247,1470,29717,H702,38.263516,-85.801423,34.9,38.4,35.7
BNSF,NE0215108,2015-02-17,10:56 PM,Derailment,0,LOUISVILLE,NE,13,4,Dark,Clear,Main,Freight Train,35,2137340,1807398,3944738,E61C,40.992559,-96.215812,24.2,20.5,11.3
CSX,000145819,2015-05-05,12:01 AM,Derailment,0,LOUISVILLE,KY,70,4,Dark,Clear,Yard,Yard/switching,2,15781,300,16081,E33C,38.160785,-85.749194,71.9,74.1,74.2
CSX,000207836,2022-10-16,1:00 AM,Derailment,0,LOUISVILLE,KY,60,4,Dark,Clear,Yard,Yard/switching,4,25780,2492,28272,H702,38.16074,-85.749136,61.4,57,48.7
CSX,000152941,2015-10-06,10:35 PM,Derailment,0,LOUISVILLE,KY,62,4,Dark,Clear,Yard,Cut of cars,5,11660,251,11911,E09C,38.160785,-85.749194,71,71.3,70.6
CSX,000143990,2015-03-31,11:56 PM,Derailment,0,LOUISVILLE,KY,54,4,Dark,Clear,Yard,Freight Train,7,17870,50,17920,H306,38.279918,-85.516804,55.1,59.8,56.2
NS,146013,2022-07-30,4:55 AM,Side collision,0,LOUISVILLE,KY,78,1,Dawn,Clear,Yard,Freight Train,6,18687,1380,20067,S011,38.263516,-85.801423,77.3,74.4,73.8
NS,146184,2022-08-14,6:00 PM,Other impacts,0,LOUISVILLE,KY,82,3,Dusk,Cloudy,Yard,Single Car,0,100,0,11364,H302,38.263516,-85.801423,73.6,76.1,76.1
NS,151382,2022-11-05,5:02 AM,Derailment,0,LOUISVILLE,KY,52,1,Dawn,Clear,Yard,Light loco(s),4,100000,0,100000,H303,38.263516,-85.801424,66.2,68.5,61
NS,144559,2022-03-02,12:51 AM,Other impacts,0,LOUISVILLE,KY,40,4,Dark,Clear,Yard,Single Car,4,77745,0,129945,H312,38.263516,-85.801423,53.7,57.6,52