reportingrailroadcode,accidentnumber,date,time,accidenttype,hazmatreleasedcars,station,stateabbr,temperature,visibility_code,visibility,weathercondition,tracktype,equipmenttype,trainspeed,equipmentdamagecost,trackdamagecost,totaldamagecost,primaryaccidentcausecode,latitude,longitude,prior_temp,actual_temp,following_temp
CSX,000177170,2018-06-24,9:45 PM,Derailment,0,LOUISVILLE,KY,78,4,Dark,Cloudy,Yard,Freight Train,5,12472,0,12472,H306,38.27995,-85.516779,74.9,79.4,75.2
CSX,000178250,2018-08-16,6:28 PM,Derailment,0,LOUISVILLE,KY,75,3,Dusk,Clear,Yard,Freight Train,7,136090,231365,407192,S006,38.160709,-85.749174,76.8,76.6,80.6
NS,154659,2023-11-01,2:00 AM,Other (describe in narrative),0,LOUISVILLE,KY,32,4,Dark,Clear,Yard,Yard/switching,2,16600,5014,21614,H702,38.260822,-85.802514,37.2,38.4,42.4
NS,135572,2019-09-20,10:45 PM,Other impacts,0,LOUISVILLE,KY,72,4,Dark,Clear,Yard,Yard/switching,3,26461,119,26580,H312,38.263535,-85.801414,79.4,79.7,80
CSX,000183593,2019-06-16,12:24 AM,Derailment,0,LOUISVILLE,KY,72,4,Dark,Clear,Yard,Yard/switching,5,54221,5000,59221,E07C,38.160709,-85.749174,76.5,76.6,74.8
CSX,000178250,2018-08-16,6:28 PM,Derailment,0,LOUISVILLE,KY,75,3,Dusk,Clear,Yard,Cut of cars,0,39737,0,407192,S006,38.160709,-85.749174,76.8,76.6,80.6
CSX,000178617,2018-09-06,12:52 AM,Derailment,0,LOUISVILLE,KY,79,4,Dark,Clear,Yard,Freight Train,1,84059,9349,93408,E35C,38.160709,-85.749174,82.2,79.9,79.5
CSX,000178617,2018-09-06,12:52 AM,Derailment,0,LOUISVILLE,KY,79,4,Dark,Clear,Yard,Yard/switching,6,0,0,93408,E35C,38.160709,-85.749174,82.2,79.9,79.5
CSX,000176589,2018-05-24,11:30 AM,Side collision,0,LOUISVILLE,KY,85,2,Day,Clear,Yard,Yard/switching,4,11122,38759,111890,H306,38.160709,-85.749174,77.2,75.4,76.6
NS,144559,2022-03-02,12:51 AM,Other impacts,0,LOUISVILLE,KY,40,4,Dark,Clear,Yard,Single Car,0,51900,300,129945,H312,38.263516,-85.801423,53.7,57.6,52
CSX,000177267,2018-06-28,10:05 AM,Derailment,0,LOUISVILLE,KY,88,2,Day,Clear,Yard,Yard/switching,5,132651,9076,141727,E64C,38.160709,-85.749174,77.4,81.8,82.7
CSX,000176589,2018-05-24,11:30 AM,Side collision,0,LOUISVILLE,KY,85,2,Day,Clear,Yard,Freight Train,8,62009,0,111890,H306,38.160709,-85.749174,77.2,75.4,76.6
CSX,000179543,2018-10-27,8:20 PM,Derailment,0,LOUISVILLE,KY,50,4,Dark,Clear,Yard,Yard/switching,8,17441,48,17489,H210,38.159284,-85.748802,51.9,50.5,54.6
PAL,20191AUGD,2019-08-30,3:29 AM,Derailment,0,LOUISVILLE,KY,73,4,Dark,Clear,Main,Freight Train,7,0,0,4768,H306,38.230628,-85.776698,72.9,78.7,78.8
CSX,000217109,2024-03-30,5:30 PM,Derailment,0,LOUISVILLE,KY,55,3,Dusk,Clear,Yard,Yard/switching,5,33126,14983,48109,T213,38.16074,-85.749136,58.7,66.3,65.2
NS,152582,2023-03-19,7:35 AM,Other (describe in narrative),0,LOUISVILLE,KY,22,1,Dawn,Clear,Yard,Light loco(s),0,1100,0,14118,H306,38.263516,-85.801424,31.9,29.2,37.1
NS,125837,2017-07-17,4:40 AM,Derailment,0,LOUISVILLE,KY,73,1,Dawn,Clear,Main,Freight Train,3,85049,630653,715702,H702,38.273052,-85.796644,77.8,80.2,82.4
CSX,000163601,2016-10-16,3:46 PM,Derailment,0,LOUISVILLE,KY,80,2,Day,Clear,Yard,Freight Train,8,12445,2256,14701,M599,38.292163,-85.510334,70.1,72.1,75.1
CSX,000186177,2019-10-23,8:39 AM,Obstruction,0,LOUISVILLE,KY,49,2,Day,Clear,Main,Spec. MoW Equip.,15,14818,0,18606,M501,38.273673,-85.521225,59.7,55.5,58.6
NS,135321,2019-08-30,4:40 AM,Other impacts,0,LOUISVILLE,KY,65,1,Dawn,Clear,Main,,0,0,4768,4768,H306,38.230628,-85.776698,72.9,78.7,78.8
CSX,000194306,2020-12-01,10:20 AM,Fire/violent rupture,0,LOUISVILLE,KY,33,2,Day,Cloudy,Yard,Cut of cars,0,74461,0,74461,M406,38.160709,-85.749174,37.9,32.2,34.1
CSX,000175542,2018-03-30,6:43 PM,Derailment,0,LOUISVILLE,KY,60,2,Day,Clear,Yard,Freight Train,1,52321,2509,96530,H702,38.279951,-85.516779,59.2,48.8,51.2
NS,152582,2023-03-19,7:35 AM,Other (describe in narrative),0,LOUISVILLE,KY,22,1,Dawn,Clear,Yard,Yard/switching,6,11133,1885,14118,H306,38.263516,-85.801424,31.9,29.2,37.1
CSX,000172880,2017-11-14,5:06 PM,Side collision,0,LOUISVILLE,KY,55,3,Dusk,Clear,Yard,Freight Train,0,22486,1500,45186,H306,38.292163,-85.510334,44.7,46.5,45.9
CSX,000186177,2019-10-23,8:39 AM,Obstruction,0,LOUISVILLE,KY,49,2,Day,Clear,Main,Spec. MoW Equip.,15,3788,0,18606,M501,38.273673,-85.521225,59.7,55.5,58.6
CSX,000194337,2020-12-09,7:55 AM,Side collision,0,LOUISVILLE,KY,34,1,Dawn,Clear,Yard,Cut of cars,0,14299,0,21925,H302,38.160709,-85.749174,36,45.3,47.4
CSX,000173485,2017-12-16,9:30 PM,Side collision,0,LOUISVILLE,KY,41,4,Dark,Clear,Yard,Yard/switching,4,14005,0,41265,H306,38.160709,-85.749174,32.1,41.9,43.2
CSX,000172880,2017-11-14,5:06 PM,Side collision,0,LOUISVILLE,KY,55,3,Dusk,Clear,Yard,Yard/switching,9,21200,0,45186,H306,38.292163,-85.510334,44.7,46.5,45.9
NS,153705,2023-07-24,6:00 AM,Other impacts,0,LOUISVILLE,KY,70,1,Dawn,Clear,Yard,Single Car,4,43000,0,64000,H302,38.263516,-85.801424,76.2,76.6,78.8
CSX,000160826,2016-06-25,7:25 PM,Derailment,0,LOUISVILLE,KY,82,3,Dusk,Clear,Yard,Freight Train,5,20751,100,20851,E40C,38.166385,-85.750643,79.5,81.3,83.6
CSX,000170362,2017-07-19,10:00 PM,Other impacts,0,LOUISVILLE,KY,82,4,Dark,Clear,Yard,Cut of cars,0,8000,0,174815,H020,38.160709,-85.749174,82.4,82.9,84.5
CSX,000194337,2020-12-09,7:55 AM,Side collision,0,LOUISVILLE,KY,34,1,Dawn,Clear,Yard,Yard/switching,7,7626,0,21925,H302,38.160709,-85.749174,36,45.3,47.4
NS,153705,2023-07-24,6:00 AM,Other impacts,0,LOUISVILLE,KY,70,1,Dawn,Clear,Yard,Single Car,0,21000,0,64000,H302,38.263516,-85.801424,76.2,76.6,78.8
NS,128718,2018-03-05,3:15 PM,Derailment,0,LOUISVILLE,KY,45,2,Day,Cloudy,Yard,Yard/switching,7,70023,0,70023,H017,38.263535,-85.801414,43.2,44.6,49.5
CSX,000191692,2020-07-30,3:46 AM,Derailment,0,LOUISVILLE,KY,74,4,Dark,Cloudy,Yard,Yard/switching,7,10289,1000,11289,E46C,38.160709,-85.749174,82.7,78.2,75.3
CSX,000212121,2023-07-06,10:00 AM,Derailment,0,LOUISVILLE,KY,80,2,Day,Clear,Yard,Yard/switching,5,22846,730,23576,H312,38.16074,-85.749136,80.9,81.5,80.2
CSX,000173485,2017-12-16,9:30 PM,Side collision,0,LOUISVILLE,KY,41,4,Dark,Clear,Yard,Yard/switching,4,16800,10460,41265,H306,38.160709,-85.749174,32.1,41.9,43.2
CSX,000177633,2018-07-17,8:22 PM,Derailment,0,LOUISVILLE,KY,84,3,Dusk,Clear,Yard,Yard/switching,8,97530,11041,108571,E07C,38.160709,-85.749174,78.8,82.2,78
KCS,18052801,2018-05-28,12:25 PM,Derailment,0,LOUISVILLE,MS,80,2,Day,Clear,Main,Freight Train,10,31050,7797,38847,T221,32.886559,-89.103729,76.3,77,75.2
UP,0521HL015,2021-05-24,10:49 AM,Derailment,0,LOUISVILLE,NE,69,2,Day,Cloudy,Industry,Freight Train,9,17474,16760,34234,T110,41.005548,-96.157359,73.8,73.7,74.8
CSX,000158214,2016-03-16,11:15 AM,Derailment,0,LOUISVILLE,KY,73,2,Day,Clear,Yard,Yard/switching,8,94615,4136,98751,T207,38.166385,-85.750643,67.2,64.4,58.3
CSX,000158214,2016-03-16,11:15 AM,Derailment,0,LOUISVILLE,KY,73,2,Day,Clear,Yard,Light loco(s),0,0,0,98751,T207,38.166385,-85.750643,67.2,64.4,58.3
CSX,000206277,2022-07-23,4:30 PM,Derailment,0,LOUISVILLE,KY,98,2,Day,Clear,Yard,Yard/switching,1,143372,0,497209,T102,38.16074,-85.749136,84,86.1,86.3
PAL,2023JAN1D,2023-01-06,4:05 PM,Derailment,0,LOUISVILLE,KY,45,3,Dusk,Clear,Industry,Freight Train,4,8100,44000,52100,T110,38.204948,-85.792357,41.9,38.9,41.1
CSX,000206277,2022-07-23,4:30 PM,Derailment,0,LOUISVILLE,KY,98,2,Day,Clear,Yard,Cut of cars,1,330076,23761,497209,T102,38.16074,-85.749136,84,86.1,86.3
NS,151954,2023-01-09,3:19 AM,Derailment,0,LOUISVILLE,KY,31,4,Dark,Clear,Yard,Yard/switching,6,3350,40659,44009,T207,38.263516,-85.801424,39.9,38.5,42.7
CSX,000169836,2017-06-23,4:03 PM,Derailment,0,LOUISVILLE,KY,50,3,Dusk,Rain,Yard,Freight Train,7,13310,250,13560,T207,38.27995,-85.516779,76,76.9,73.1
LIRC,1101201901,2019-11-01,1:19 AM,Derailment,0,LOUISVILLE,KY,36,4,Dark,Clear,Yard,Freight Train,9,9850,0,11382,T110,38.263535,-85.801414,46.8,38.8,42
PAL,2019NOV1D,2019-11-08,3:05 AM,Derailment,0,LOUISVILLE,KY,28,4,Dark,Clear,Main,Freight Train,5,7978,9500,17478,T110,38.2203,-85.7828,44.6,31.6,38.6
CSX,000198059,2021-06-07,5:15 AM,Derailment,0,LOUISVILLE,KY,72,1,Dawn,Clear,Yard,Yard/switching,7,115500,4846,120346,T207,38.160709,-85.749174,74.6,77.1,76.1
NS,136031,2019-11-01,1:19 AM,Derailment,0,LOUISVILLE,KY,36,4,Dark,Clear,Yard,Freight Train,0,0,1532,11382,T110,38.263535,-85.801414,46.8,38.8,42
NS,128559,2018-02-17,4:20 AM,Derailment,0,LOUISVILLE,KY,34,1,Dawn,Clear,Industry,Yard/switching,1,24200,463,24663,T110,38.263535,-85.801414,49.6,36.8,41.8
NS,132518,2019-01-20,5:54 PM,Derailment,0,LOUISVILLE,KY,21,3,Dusk,Cloudy,Yard,Yard/switching,4,9136,23793,32929,T110,38.263535,-85.801414,41.7,20.8,17.5
NS,134661,2019-07-10,8:15 PM,Derailment,0,LOUISVILLE,KY,89,4,Dark,Clear,Industry,Yard/switching,1,12448,0,12448,T314,38.263535,-85.801414,81.9,83.2,84.1
CSX,000190161,2020-05-11,10:13 PM,Derailment,0,LOUISVILLE,KY,52,4,Dark,Cloudy,Yard,Yard/switching,7,10886,966,11852,T303,38.160709,-85.749174,54.6,48.7,52.7
NS,122968,2016-12-01,10:22 PM,Derailment,0,LOUISVILLE,OH,34,4,Dark,Clear,Yard,Freight Train,7,19439,0,19439,T110,40.825181,-81.296454,53.9,38.2,37.8
CSX,000146255,2015-05-15,5:40 AM,Other impacts,0,LOUISVILLE,KY,60,4,Dark,Clear,Yard,Yard/switching,0,0,0,35515,T110,38.160785,-85.749194,65.1,76,71.8
NS,113620,2014-12-30,12:10 PM,Derailment,0,LOUISVILLE,KY,36,2,Day,Clear,Industry,Freight Train,4,18600,1500,20100,T110,38.249299,-85.802426,35.3,31.4,24.4
NS,136028,2019-11-01,12:40 AM,Derailment,0,LOUISVILLE,KY,36,4,Dark,Clear,Siding,Yard/switching,6,464428,131076,595504,T207,38.263535,-85.801414,46.8,38.8,42
NS,114006,2015-01-23,6:45 PM,Derailment,0,LOUISVILLE,OH,32,3,Dusk,Cloudy,Yard,Freight Train,8,13636,500,14136,T205,40.822384,-81.305263,27.7,27.3,28.3
CSX,000146255,2015-05-15,5:40 AM,Other impacts,0,LOUISVILLE,KY,60,4,Dark,Clear,Yard,Yard/switching,3,28518,6997,35515,T110,38.160785,-85.749194,65.1,76,71.8
PAL,2017JUL1D,2017-07-11,4:25 PM,Derailment,0,LOUISVILLE,KY,84,2,Day,Clear,Industry,Freight Train,7,2135,10114,12249,T110,38.204536,-85.794166,81.8,81.5,83.3
UP,0420PR021,2020-04-27,1:00 PM,Obstruction,0,LOVES PARK,IL,61,2,Day,Rain,Industry,Light loco(s),9,500,108724,109224,M101,42.276647,-89.083268,53.3,54.4,60.3
BNSF,SW0718201,2018-07-18,11:15 AM,Hwy-rail crossing,0,LOVING,NM,89,2,Day,Clear,Main,Freight Train,20,16500,10000,26500,M302,32.32714,-104.13949,82.9,87.4,89.8
BNSF,SW0623114,2023-06-29,4:46 PM,Other (describe in narrative),0,LOVING,NM,100,2,Day,Clear,Yard,Freight Train,3,26171,0,26171,H018,32.312925,-104.121936,92.4,89.3,84.8
BNSF,SW0921114,2021-09-27,10:32 AM,Derailment,0,LOVING,NM,90,2,Day,Clear,Industry,Freight Train,9,58680,0,58680,H307,32.418336,-103.93366,74.3,75.6,72.7
BNSF,SW0920104,2020-09-15,3:46 PM,Derailment,0,LOVING,NM,92,2,Day,Clear,Industry,Freight Train,2,2500,21414,23914,T112,32.507997,-103.785497,69.5,71.1,73.8
TXN,220328003,2022-03-28,4:50 PM,Other (describe in narrative),0,LOVINGTON,NM,88,2,Day,Clear,Main,Freight Train,0,11561,0,11561,M402,32.898496,-103.316526,69.9,70.4,69.8
UP,0123GL056,2023-01-12,12:00 PM,Other (describe in narrative),0,LOWDEN,IA,30,2,Day,Clear,Yard,Single Car,0,23544,0,23544,E22C,41.851562,-90.915922,39,33.5,29.3
UP,0923GL023,2023-09-24,2:40 AM,Derailment,0,LOWDEN,IA,64,4,Dark,Cloudy,Main,Freight Train,3,0,28594,28594,H705,41.867417,-90.955971,73,71,68.5
UP,0815CB016,2015-08-31,1:45 AM,Derailment,0,LOWDEN,IA,55,4,Dark,Fog,Main,Freight Train,50,6464,198821,205285,E61C,41.874157,-90.974515,65.9,72.1,78.3
UP,0318TC010,2018-03-08,6:04 AM,Derailment,0,LOWDEN,IA,14,1,Dawn,Clear,Main,Freight Train,55,15632,0,15632,E53C,41.878289,-90.995943,25.5,22,25.8
MBTA,YR202013,2020-01-21,10:51 AM,Derailment,0,LOWELL,MA,10,2,Day,Clear,Main,,0,0,128069,136569,M507,42.626525,-71.304289,19.1,15.7,20.2
GRS,20200121P1,2020-01-21,10:51 AM,Derailment,0,LOWELL,MA,10,2,Day,Clear,Main,Freight Train,10,8500,0,136569,T199,42.626525,-71.304289,19.1,15.7,20.2
CSX,000210075,2023-02-27,9:30 AM,Derailment,0,LOWNDESBORO,AL,68,2,Day,Cloudy,Main,Freight Train,8,57034,387,57421,H702,32.327737,-86.512128,69.6,72.2,72.8
CSX,000150659,2015-08-14,10:55 PM,Derailment,0,LOYALL,KY,75,4,Dark,Clear,Yard,Freight Train,6,30765,14936,45701,E40C,36.855335,-83.34749,69.6,70.7,73.8
UP,0121GL016,2021-01-20,3:15 PM,Hwy-rail crossing,0,LU VERNE,IA,37,2,Day,Cloudy,Main,Freight Train,25,33470,1155,34625,M302,42.980298,-94.159103,21.8,25,29.9
PMSW,S01,2016-05-11,9:05 AM,Raking collision,0,LUBBOCK,TX,78,2,Day,Clear,Yard,Yard/switching,6,40000,0,40000,H018,33.536998,-101.802797,74.8,71.5,67.4
BNSF,KS0515107,2015-05-14,8:00 PM,Derailment,0,LUBBOCK,TX,58,3,Dusk,Rain,Yard,Freight Train,8,110724,1650,112374,H307,33.567285,-101.821343,63.9,67.3,68.3
PMSW,HF0715,2022-07-15,10:00 AM,Derailment,0,LUBBOCK,TX,90,2,Day,Clear,Yard,Freight Train,5,30000,5000,35000,H607,33.549,-101.82,87,85.8,87.5
BNSF,RD0724120,2024-07-18,10:15 PM,Derailment,0,LUBBOCK,TX,82,4,Dark,Clear,Main,Freight Train,8,465,13112,13577,H307,33.580251,-101.834473,83.4,79.8,80.4
BNSF,RD0821123,2021-08-28,1:40 AM,Derailment,0,LUBBOCK,TX,80,4,Dark,Clear,Yard,Freight Train,2,4579,20747,25326,H503,33.57865,-101.832344,79.3,79.1,77.5
BNSF,RD0721103,2021-07-01,10:24 PM,Derailment,0,LUBBOCK,TX,82,4,Dark,Clear,Yard,Yard/switching,8,82403,4000,86403,H307,33.609801,-101.855261,74.4,77.8,73.7
BNSF,RD0623120,2023-06-18,4:15 PM,Derailment,0,LUBBOCK,TX,90,2,Day,Clear,Yard,Yard/switching,8,10000,39267,49267,E46L,33.571113,-101.824983,81.8,78.5,87.9
BNSF,RD0323114,2023-03-11,2:07 AM,Derailment,0,LUBBOCK,TX,48,4,Dark,Clear,Yard,Yard/switching,6,5430,6800,12230,H307,33.608868,-101.855251,51.1,65.6,51.5
BNSF,RD0724113,2024-07-13,3:39 AM,Derailment,0,LUBBOCK,TX,74,4,Dark,Clear,Yard,Yard/switching,4,17663,200,17863,H307,33.57485,-101.828682,85.5,83.2,84.9
BNSF,RD0123111,2023-01-14,6:12 PM,Other impacts,0,LUBBOCK,TX,60,3,Dusk,Clear,Yard,Yard/switching,5,24390,0,24390,H318,33.585024,-101.83856,44.1,52.1,56.2
LBWR,190514001,2019-05-14,2:55 AM,Hwy-rail crossing,0,LUBBOCK,TX,55,4,Dark,Clear,Main,Freight Train,0,20000,0,20000,M302,33.558889,-101.974444,67.6,67.1,71.9
PMSW,PSC0431683,2017-08-04,10:00 AM,Derailment,0,LUBBOCK,TX,90,2,Day,Clear,Yard,Yard/switching,2,50000,0,50000,E08C,33.565618,-101.824163,75,76.1,82.1
BNSF,KS0215201,2015-02-10,8:35 AM,Hwy-rail crossing,0,LUBBOCK,TX,69,1,Dawn,Clear,Main,Freight Train,12,700,150000,150700,M302,33.559962,-101.814398,56.3,61.6,43.6
BNSF,KS0715100,2015-07-03,9:45 AM,Derailment,0,LUBBOCK,TX,85,2,Day,Clear,Yard,Yard/switching,5,121471,0,121471,H020,33.57028,-101.82422,79.8,78.3,80.2
BNSF,KS1114112,2014-11-20,2:18 PM,Derailment,0,LUBBOCK,TX,58,2,Day,Clear,Main,Freight Train,46,51474,184472,235946,E51C,33.520877,-101.775584,42.9,47.3,45.2
BNSF,RD0618126,2018-06-12,8:55 AM,Derailment,0,LUBBOCK,TX,82,1,Dawn,Clear,Industry,Yard/switching,4,28000,1000,29000,T206,33.521974,-101.778441,82.5,85.7,82.4
PMSW,PSC0675729,2021-10-22,1:00 PM,Derailment,0,LUBBOCK,TX,80,2,Day,Clear,Yard,Yard/switching,7,30000,0,30000,T110,33.536,-101.82,64.2,68.7,74.2
BNSF,RD0217112,2017-02-17,1:08 AM,Derailment,0,LUBBOCK,TX,45,4,Dark,Clear,Yard,Yard/switching,4,5721,134000,139721,T314,33.610596,-101.854231,46.4,53.4,51.4
PMSW,D02,2020-07-31,3:15 PM,Derailment,0,LUBBOCK,TX,100,2,Day,Clear,Industry,Yard/switching,5,0,23000,23000,T112,33.537098,-101.795893,83.6,78,80.3
BNSF,RD0817123,2017-08-23,7:13 PM,Derailment,0,LUBBOCK,TX,85,3,Dusk,Clear,Yard,Yard/switching,4,10800,3000,13800,T002,33.571431,-101.82383,75.7,71.7,72.9
CSX,000184500,2019-07-31,10:09 AM,Derailment,0,LUCAMA,NC,94,2,Day,Clear,Main,Freight Train,34,17170,346,17516,E53C,35.647363,-78.004572,79.1,81.2,78.9
NS,133044,2019-02-28,4:30 PM,Derailment,0,LUCASVILLE,OH,40,3,Dusk,Clear,Main,Freight Train,14,261821,668074,929895,E62C,38.888034,-82.997313,44.7,36.3,35.2
IC,842345,2015-03-02,10:40 AM,Other (describe in narrative),0,LUCEDALE,MS,70,2,Day,Cloudy,Main,Maint./inspect Car,0,185000,455165,640165,T403,30.85954,-88.42313,54.1,60.9,65.2
BNSF,RD0723205,2023-07-24,5:14 PM,Hwy-rail crossing,0,LUCIEN,OK,95,3,Dusk,Clear,Main,Freight Train,39,15000,0,15000,M302,36.277235,-97.461241,81.7,85.4,87.1
MQT,MQT598018D,2018-03-06,12:45 PM,Derailment,0,LUDINGTON,MI,32,2,Day,Snow,Yard,Yard/switching,7,26273,15379,41652,T220,43.949607,-86.421566,33.6,29.8,26.7
MQT,MQT280719D,2019-12-18,11:44 AM,Derailment,0,LUDINGTON,MI,9,2,Day,Snow,Yard,Yard/switching,6,3346,15300,18646,T220,43.949684,-86.419676,26.8,15.6,24
MQT,MQT305720D,2020-01-15,9:30 PM,Derailment,0,LUDINGTON,MI,33,4,Dark,Clear,Yard,Yard/switching,8,26996,16000,42996,T202,43.950027,-86.418763,34.2,34.2,24.2
NS,138172,2020-06-08,5:30 AM,Derailment,0,LUDLOW,KY,68,1,Dawn,Clear,Main,Freight Train,11,24547,4793,29340,H520,39.095691,-84.542718,73.9,73.2,76.7
ANR,9616,2016-02-11,2:00 PM,Other (describe in narrative),0,LUFKIN,TX,75,2,Day,Clear,Yard,Cut of cars,0,50000,1000,51000,M199,31.23515,-94.47162,48.9,59.4,59.8
UP,0716LV011,2016-07-12,4:30 PM,Obstruction,0,LUFKIN,TX,95,2,Day,Cloudy,Main,Freight Train,4,0,37950,37950,M208,31.3391,-94.730283,83.7,83.9,85
ANR,9515,2015-12-13,7:15 AM,Other (describe in narrative),0,LUFKIN,TX,68,1,Dawn,Rain,Yard,Cut of cars,0,1120000,2000,1122000,M105,31.366278,-94.757111,71.4,57.3,53.4
UP,0820GC005,2020-08-02,10:15 PM,Derailment,0,LUFKIN,TX,75,4,Dark,Cloudy,Yard,Yard/switching,3,60091,163699,223790,H704,31.355766,-94.720581,79.2,78.6,81.2
UP,0921GC019,2021-09-13,10:45 AM,Hwy-rail crossing,0,LUFKIN,TX,75,2,Day,Cloudy,Main,Freight Train,25,4592,22000,26592,M302,31.309294,-94.742584,76,78.7,74.3
UP,0718LV025,2018-07-31,8:00 AM,Obstruction,0,LUFKIN,TX,88,2,Day,Cloudy,Main,Freight Train,30,12923,132,13055,M404,31.395701,-94.701768,82.8,76.5,79.3
UP,0516LV010,2016-05-18,1:45 AM,Derailment,0,LUFKIN,TX,65,4,Dark,Cloudy,Yard,Freight Train,9,67130,2779,69909,T309,31.341446,-94.729313,72.2,67.2,63.3
CSX,000170707,2017-08-05,1:03 AM,Other impacts,0,LUGOFF,SC,75,4,Dark,Cloudy,Main,Freight Train,38,284998,71990,356988,M501,34.209019,-80.692696,78.5,80.9,78.4
NS,121894,2016-08-30,10:50 AM,Obstruction,0,LULA,GA,85,2,Day,Clear,Main,Freight Train,31,30,0,60030,H405,34.3855,-83.679372,78.6,78.2,79.8
NS,121894,2016-08-30,10:50 AM,Obstruction,0,LULA,GA,85,2,Day,Clear,Main,Spec. MoW Equip.,0,60000,0,60030,H405,34.3855,-83.679372,78.6,78.2,79.8
NS,145364,2022-05-23,7:00 PM,Derailment,0,LULA,GA,72,3,Dusk,Clear,Yard,Freight Train,3,60150,8332,68482,M201,34.389144,-83.663667,77,69.4,72.4
UP,0323SX020,2023-03-23,9:48 AM,Hwy-rail crossing,0,LULING,TX,71,2,Day,Clear,Main,Freight Train,35,9307,25250,34557,M302,29.679732,-97.639534,72.8,75.9,75.1
UP,0921SX012,2021-09-13,8:30 AM,Derailment,0,LULING,TX,74,2,Day,Cloudy,Main,Freight Train,11,32620,622001,654621,E71L,29.674866,-97.693033,80.6,78.3,78.4
UP,0821SX033,2021-08-29,2:30 PM,Hwy-rail crossing,0,LULING,TX,90,2,Day,Clear,Main,Freight Train,30,10038,25500,35538,M303,29.668822,-97.563858,80.9,82.4,82.7
UP,1221SX012,2021-12-14,10:10 PM,Hwy-rail crossing,0,LULING,TX,69,4,Dark,Cloudy,Main,,0,0,149640,250890,M302,29.682337,-97.662923,55.4,66.9,74.1
BNSF,RD1221202,2021-12-14,10:10 PM,Hwy-rail crossing,0,LULING,TX,71,4,Dark,Clear,Main,Freight Train,44,101250,0,250890,M302,29.682337,-97.662923,55.4,66.9,74.1
CSX,000173023,2017-11-21,9:08 AM,Derailment,0,LUMBERPORT,WV,48,2,Day,Cloudy,Industry,Freight Train,8,19378,500,19878,T216,39.375472,-80.34201,35.2,44.1,39.4
CSX,000216509,2024-03-01,7:31 AM,Derailment,0,LUMBERPORT,WV,32,1,Dawn,Clear,Industry,Freight Train,8,12868,2309,15177,T211,39.367883,-80.351608,32.4,39.9,49.4
NS,120654,2016-05-26,9:45 AM,Hwy-rail crossing,0,LUMBERTON,MS,78,2,Day,Clear,Main,Freight Train,54,60,35640,35700,M302,31.077122,-89.436205,75.7,78,78
NS,133907,2019-05-11,6:15 AM,Derailment,0,LUMBERTON,MS,72,1,Dawn,Rain,Main,Freight Train,38,1694143,1399955,3094098,T002,30.931273,-89.494857,69.5,71.2,73.7
UP,0115NP012,2015-01-08,9:20 PM,Derailment,0,LUSK,WY,-8,4,Dark,Clear,Main,Freight Train,45,7771,49021,56792,E09C,42.757513,-104.42406,14.1,25.5,2
UP,0517NP026,2017-05-14,9:42 PM,Derailment,0,LUSK,WY,50,4,Dark,Rain,Main,Freight Train,24,719975,15597,735572,M105,42.719557,-104.301043,66.5,56,58.2
UP,0723GP006,2023-07-10,6:00 AM,Derailment,0,LUSK,WY,51,1,Dawn,Clear,Siding,Freight Train,37,952509,762486,1714995,T201,42.737792,-104.356473,66.9,71.3,76.3
UP,0315NP022,2015-03-12,10:07 AM,Derailment,0,LUSK,WY,58,2,Day,Clear,Main,Freight Train,28,807465,697775,1505240,T399,42.759483,-104.431198,44.5,49.8,45
NS,146174,2022-08-14,8:40 AM,Derailment,0,LYDICK,IN,72,2,Day,Clear,Main,Freight Train,25,12431,744,13175,M202,41.691317,-86.372173,66.7,66.9,70.9
UP,0618UT007,2018-06-06,9:15 AM,Hwy-rail crossing,0,LYMAN,WY,60,2,Day,Clear,Main,Maint./inspect Car,0,200000,0,234893,M302,41.437267,-110.429066,70.7,66.9,66.5
UP,0618UT007,2018-06-06,9:15 AM,Hwy-rail crossing,0,LYMAN,WY,60,2,Day,Clear,Main,Freight Train,55,34860,33,234893,M302,41.437267,-110.429066,70.7,66.9,66.5
UP,1019RM016,2019-10-17,5:00 AM,Derailment,0,LYMAN,WY,41,1,Dawn,Clear,Main,Freight Train,43,82140,67113,149253,E34C,41.540858,-110.301838,49.8,48.4,33
NS,117007,2015-08-19,12:30 AM,Derailment,0,LYNCH STATION,VA,65,4,Dark,Clear,Main,Freight Train,20,11789,1000,12789,E39C,37.118278,-79.420524,74.9,75.5,75.9
CSX,000152771,2015-10-04,2:38 AM,Derailment,0,LYNCHBURG,VA,56,4,Dark,Rain,Main,Freight Train,20,40421,675,41096,M101,37.430375,-79.148062,51.6,54.9,57.4
CSX,000172811,2017-11-12,1:05 PM,Derailment,0,LYNCHBURG,VA,45,2,Day,Clear,Yard,Freight Train,5,24639,3930,28569,H704,37.410157,-79.135428,29.8,35.2,43.7
NS,131885,2018-11-30,11:30 AM,Derailment,0,LYNCHBURG,VA,45,2,Day,Clear,Industry,Freight Train,7,50326,2095,52421,H307,37.362374,-79.251571,34.8,45.7,40.7
NS,137570,2020-03-24,10:45 AM,Other (describe in narrative),0,LYNCHBURG,VA,50,2,Day,Clear,Yard,Yard/switching,7,5000,7604,12604,H306,37.367209,-79.171786,44.6,48.9,49.6