reportingrailroadcode,accidentnumber,date,time,accidenttype,hazmatreleasedcars,station,stateabbr,temperature,visibility_code,visibility,weathercondition,tracktype,equipmenttype,trainspeed,equipmentdamagecost,trackdamagecost,totaldamagecost,primaryaccidentcausecode,latitude,longitude,prior_temp,actual_temp,following_temp
NS,143189,2021-10-18,6:35 AM,Other (describe in narrative),0,LYNCHBURG,VA,45,1,Dawn,Clear,Yard,Freight Train,4,13050,15706,28756,H702,37.365044,-79.173909,55.9,56,57.2
CSX,000166046,2017-01-16,2:42 PM,Derailment,0,LYNCHBURG,VA,42,2,Day,Cloudy,Yard,Freight Train,7,10890,1238,12128,T110,37.410157,-79.135428,41.9,41,46.7
CSX,000143808,2015-03-27,11:45 PM,Hwy-rail crossing,0,LYNDON,KY,28,4,Dark,Clear,Main,Freight Train,27,19219,0,19219,M302,38.261985,-85.606645,48.2,37.3,32.2
MBTA,YR202176,2021-10-27,5:28 AM,Other (describe in narrative),0,LYNN,MA,55,1,Dawn,Rain,Main,Passenger Train - Pushing,60,50795,0,50795,M101,42.466698,-70.937492,56.6,49.8,46.3
UP,1217UT004,2017-12-04,1:30 PM,Hwy-rail crossing,0,LYNNDYL,UT,34,2,Day,Clear,Main,Freight Train,17,140005,348,140353,M304,39.522082,-112.375728,44.1,25.9,23
ISRR,ISR504923R,2023-08-14,2:15 PM,Derailment,0,LYNNVILLE,IN,81,2,Day,Cloudy,Industry,Freight Train,1,0,16060,16060,E85C,38.18065,-87.31899,79.3,75.3,69.4
ISRR,ISR652318R,2018-05-04,7:45 AM,Derailment,0,LYNNVILLE,IN,72,2,Day,Clear,Industry,Freight Train,11,185269,33000,218269,T212,38.185256,-87.334199,69.7,70.7,64
ISRR,ISR965221R,2021-12-23,3:16 PM,Derailment,0,LYNNVILLE,IN,55,2,Day,Cloudy,Industry,Freight Train,5,96000,51168,147168,T113,38.185192,-87.334,32.9,42,57.4
ISRR,ISR636620R,2020-12-12,2:45 PM,Derailment,0,LYNNVILLE,IN,42,2,Day,Cloudy,Industry,Freight Train,3,430766,46433,477199,T210,38.184518,-87.331709,54.7,51.4,41
BNSF,TC0117206,2017-01-30,2:10 PM,Hwy-rail crossing,0,LYONS,NE,40,2,Day,Clear,Main,Freight Train,40,625,21293,21918,M302,42.002899,-96.489315,35.2,37.7,36.3
KO,240710002,2024-07-10,12:10 AM,Derailment,0,LYONS,KS,74,4,Dark,Clear,Industry,Freight Train,2,12600,225,12825,H702,38.17804,-98.113419,75.3,79.6,82.5
BNSF,TC0319108,2019-03-09,3:58 PM,Derailment,0,LYONS,SD,35,2,Day,Snow,Industry,Freight Train,10,19653,500,20153,T202,43.725106,-96.87011,24.7,31,20.3
UP,0419MA048,2019-04-19,1:33 PM,Derailment,0,MABELVALE,AR,57,2,Day,Cloudy,Main,Freight Train,8,15739,2105,17844,E53C,34.654298,-92.391136,59.5,53.7,59.2
BNSF,NW1220204,2020-12-23,9:24 AM,Hwy-rail crossing,0,MABTON,WA,30,2,Day,Clear,Main,Freight Train,48,491852,154000,645852,M302,46.19986,-119.95003,40,27.6,25.8
BNSF,NW1015202,2015-10-12,11:45 AM,Hwy-rail crossing,0,MABTON,WA,74,2,Day,Clear,Main,Freight Train,39,15600,0,15600,M302,46.199864,-119.949774,56.5,55.2,57.3
BPRR,BPR015919D,2019-04-08,8:30 PM,Derailment,0,MACHIAS,NY,59,3,Dusk,Clear,Main,Freight Train,10,15000,500,15500,E53C,42.408056,-78.483056,53.6,55.7,48
BPRR,BPR856418D,2018-11-16,4:50 PM,Derailment,0,MACHIAS,NY,25,4,Dark,Cloudy,Main,Freight Train,15,14530,0,14530,E51L,42.435825,-78.474195,27.2,33,35.5
NS,140320,2021-01-20,7:50 AM,Other impacts,0,MACON,GA,52,1,Dawn,Clear,Yard,Yard/switching,4,51758,769,52527,H312,32.813729,-83.622793,45.7,55,53.6
NS,120068,2016-04-09,5:30 AM,Derailment,0,MACON,GA,60,1,Dawn,Clear,Yard,Yard/switching,6,36200,0,41720,H607,32.813658,-83.622785,62.2,56.3,51.3
NS,140087,2020-12-22,7:37 PM,Other impacts,0,MACON,GA,45,3,Dusk,Clear,Yard,Light loco(s),2,2,0,16360,H307,32.813658,-83.622785,50.5,49.4,48.2
NS,137041,2020-02-04,4:30 AM,Derailment,0,MACON,GA,50,1,Dawn,Clear,Yard,Work train,2,21000,0,21000,E21C,32.813658,-83.622785,54.4,61.5,65.3
NS,137687,2020-04-07,1:40 PM,Other impacts,0,MACON,GA,73,2,Day,Clear,Yard,Single Car,0,64995,0,75709,H312,32.813658,-83.622785,68.6,69,69.8
NS,120068,2016-04-09,5:30 AM,Derailment,0,MACON,GA,60,1,Dawn,Clear,Yard,Yard/switching,4,4000,1520,41720,H607,32.813658,-83.622785,62.2,56.3,51.3
NS,157064,2024-06-14,10:17 AM,Derailment,0,MACON,GA,85,2,Day,Clear,Yard,Yard/switching,1,17750,500,18250,S016,32.81373,-83.622794,80,79.6,83.7
NS,127837,2017-12-20,1:43 AM,Derailment,0,MACON,GA,65,4,Dark,Fog,Yard,Yard/switching,7,42144,3636,45780,H316,32.813658,-83.622785,61,65.7,57.1
NS,119221,2016-02-03,8:50 PM,Derailment,0,MACON,GA,60,4,Dark,Rain,Yard,Freight Train,11,1000,19000,110798,H607,32.813658,-83.622785,62.5,65.1,52.4
NS,132095,2018-12-17,8:45 PM,Derailment,0,MACON,GA,45,4,Dark,Clear,Yard,Yard/switching,5,20457,0,20457,S016,32.813658,-83.622785,51,53.6,48.7
NS,113766,2015-01-10,6:35 PM,Derailment,0,MACON,GA,40,3,Dusk,Clear,Yard,Yard/switching,4,4700,19680,24380,M411,32.813729,-83.622793,34.5,37.3,41.8
NS,155558,2024-01-25,10:15 AM,Derailment,0,MACON,GA,70,2,Day,Cloudy,Yard,Freight Train,3,18900,1165,20065,E89C,32.828532,-83.625276,62,68.1,65.5
NS,119221,2016-02-03,8:50 PM,Derailment,1,MACON,GA,60,4,Dark,Rain,Yard,Freight Train,11,90798,0,110798,H607,32.813658,-83.622785,62.5,65.1,52.4
NS,121475,2016-07-30,3:50 AM,Derailment,0,MACON,GA,76,4,Dark,Clear,Yard,Yard/switching,4,317,0,26267,S016,32.813729,-83.622793,87.3,82.9,79.7
NS,121475,2016-07-30,3:50 AM,Derailment,0,MACON,GA,76,4,Dark,Clear,Yard,Yard/switching,5,25700,250,26267,S016,32.813729,-83.622793,87.3,82.9,79.7
NS,117909,2015-10-24,6:30 AM,Other impacts,0,MACON,GA,60,1,Dawn,Clear,Yard,Single Car,1,100,0,12100,H316,32.813729,-83.622793,65.5,65.6,65.7
NS,157139,2024-06-24,12:00 AM,Other impacts,0,MACON,GA,80,4,Dark,Clear,Yard,Cut of cars,6,37125,0,42678,M411,32.81373,-83.622794,87,83.4,84.3
NS,120769,2016-06-04,1:27 AM,Other impacts,0,MACON,GA,76,4,Dark,Clear,Yard,Yard/switching,0,12500,0,12500,M407,32.813729,-83.622793,81.5,82.1,77.9
NS,116816,2015-08-06,5:50 AM,Other impacts,0,MACON,GA,76,1,Dawn,Cloudy,Yard,Yard/switching,8,0,0,30000,H706,32.813729,-83.622793,84.4,79.5,82.5
NS,122980,2016-12-02,7:15 PM,Derailment,0,MACON,GA,60,3,Dusk,Cloudy,Yard,Yard/switching,2,121,15223,15344,M411,32.813658,-83.622785,53,47.9,50.9
NS,134450,2019-06-22,7:10 PM,Other impacts,0,MACON,GA,75,3,Dusk,Rain,Yard,Yard/switching,3,10000,0,11000,H307,32.813658,-83.622785,84.1,80.6,75.8
NS,137687,2020-04-07,1:40 PM,Other impacts,0,MACON,GA,73,2,Day,Clear,Yard,Single Car,12,10714,0,75709,H312,32.813658,-83.622785,68.6,69,69.8
NS,137224,2020-02-19,8:15 AM,Derailment,0,MACON,GA,59,2,Day,Rain,Yard,Yard/switching,5,5828,19417,25245,S006,32.813658,-83.622785,59.3,60.1,45.3
NS,141052,2021-03-28,11:45 AM,Other impacts,0,MACON,GA,78,2,Day,Cloudy,Yard,Yard/switching,4,32678,0,32678,H318,32.813729,-83.622793,73,69.7,58.6
NS,117909,2015-10-24,6:30 AM,Other impacts,0,MACON,GA,60,1,Dawn,Clear,Yard,Yard/switching,2,12000,0,12100,H316,32.813729,-83.622793,65.5,65.6,65.7
NS,134450,2019-06-22,7:10 PM,Other impacts,0,MACON,GA,75,3,Dusk,Rain,Yard,Yard/switching,2,1000,0,11000,H307,32.813658,-83.622785,84.1,80.6,75.8
NS,138238,2020-06-15,12:40 PM,Derailment,0,MACON,GA,84,2,Day,Clear,Yard,Yard/switching,6,108000,0,108000,H303,32.813658,-83.622785,75.7,72.4,66.2
NS,128004,2018-01-05,8:47 AM,Derailment,0,MACON,GA,32,2,Day,Clear,Yard,Yard/switching,2,100,18104,18204,M408,32.813658,-83.622785,32.3,30.3,32
NS,138154,2020-06-05,10:45 PM,Other impacts,0,MACON,GA,72,4,Dark,Clear,Yard,Single Car,5,205,0,26067,M411,32.813658,-83.622785,77,75.5,76.1
NS,140087,2020-12-22,7:37 PM,Other impacts,0,MACON,GA,45,3,Dusk,Clear,Yard,Yard/switching,6,13856,2502,16360,H307,32.813658,-83.622785,50.5,49.4,48.2
NS,128019,2018-01-05,10:45 PM,Derailment,0,MACON,GA,27,4,Dark,Clear,Main,Freight Train,12,14500,10673,25173,E27C,32.85022,-83.561464,32.3,30.3,32
NS,129485,2018-05-16,12:05 AM,Derailment,0,MACON,GA,72,4,Dark,Cloudy,Yard,Yard/switching,11,75276,63475,138751,H601,32.813658,-83.622785,73,71.9,74
NS,138154,2020-06-05,10:45 PM,Other impacts,0,MACON,GA,72,4,Dark,Clear,Yard,Cut of cars,0,2243,23619,26067,M411,32.813658,-83.622785,77,75.5,76.1
NS,139899,2020-12-03,3:15 AM,Derailment,0,MACON,GA,32,4,Dark,Clear,Yard,Yard/switching,3,4700,13137,17837,H506,32.813729,-83.622793,39.7,41.6,52.6
NS,135694,2019-10-03,1:29 AM,Other impacts,0,MACON,GA,80,4,Dark,Clear,Yard,Yard/switching,6,5208,7465,12673,H312,32.813658,-83.622785,81.9,83.7,85.1
NS,138981,2020-08-26,8:30 PM,Other impacts,0,MACON,GA,86,4,Dark,Clear,Yard,Single Car,5,0,0,436894,M411,32.813658,-83.622785,80.3,81.7,82
NS,133914,2019-05-12,4:20 AM,Derailment,0,MACON,GA,64,1,Dawn,Cloudy,Yard,Yard/switching,8,27184,1000,28184,E21C,32.813658,-83.622785,72.5,70.2,72.8
NS,138981,2020-08-26,8:30 PM,Other impacts,0,MACON,GA,86,4,Dark,Clear,Yard,Cut of cars,0,101707,335187,436894,M411,32.813658,-83.622785,80.3,81.7,82
NS,139975,2020-12-10,5:13 AM,Derailment,0,MACON,GA,36,1,Dawn,Clear,Yard,Freight Train,3,264615,26001,290616,H524,32.813658,-83.622785,45.2,50.5,50.8
NS,138106,2020-05-31,10:00 PM,Derailment,0,MACON,GA,72,4,Dark,Clear,Yard,Yard/switching,6,14093,2283,16376,H506,32.813658,-83.622785,79.3,77.2,77.1
NS,134722,2019-07-15,2:52 PM,Other impacts,0,MACON,GA,94,2,Day,Clear,Yard,Freight Train,5,164630,18941,183571,H999,32.813658,-83.622785,83.5,84.6,85.9
NS,142846,2021-09-14,2:55 PM,Derailment,0,MACON,GA,80,2,Day,Clear,Yard,Yard/switching,2,21000,2657,48657,E30C,32.813729,-83.622793,74.6,76.5,71.9
NS,145000,2022-04-18,3:50 AM,Other impacts,0,MACON,GA,62,4,Dark,Cloudy,Yard,Single Car,2,300,0,55565,H312,32.813729,-83.622793,68.8,67.5,55.7
NS,139180,2020-09-16,3:20 PM,Other impacts,0,MACON,GA,76,2,Day,Cloudy,Yard,Single Car,2,225,165691,166591,M411,32.813658,-83.622785,74.9,68.3,73.3
NS,139180,2020-09-16,3:20 PM,Other impacts,0,MACON,GA,76,2,Day,Cloudy,Yard,Single Car,0,525,0,166591,M411,32.813658,-83.622785,74.9,68.3,73.3
NS,146533,2022-09-20,11:25 AM,Derailment,0,MACON,GA,92,2,Day,Clear,Yard,Freight Train,9,222300,72869,295169,H518,32.813729,-83.622793,75,76.1,78.4
NS,145000,2022-04-18,3:50 AM,Other impacts,0,MACON,GA,62,4,Dark,Cloudy,Yard,Single Car,2,200,0,55565,H312,32.813729,-83.622793,68.8,67.5,55.7
NS,145661,2022-06-26,4:45 AM,Side collision,0,MACON,GA,72,1,Dawn,Clear,Yard,Light loco(s),7,4307,2565,12806,H607,32.813729,-83.622793,83.1,81.7,80.1
NS,140045,2020-12-17,1:30 PM,Other (describe in narrative),0,MACON,GA,50,2,Day,Cloudy,Yard,Yard/switching,5,0,17111,17111,H702,32.813658,-83.622785,44,39.8,37.9
NS,139180,2020-09-16,3:20 PM,Other impacts,0,MACON,GA,76,2,Day,Cloudy,Yard,Single Car,0,150,0,166591,M411,32.813658,-83.622785,74.9,68.3,73.3
NS,139773,2020-11-18,3:00 PM,Derailment,0,MACON,GA,65,2,Day,Clear,Yard,Freight Train,60,74078,41084,115162,H518,32.813729,-83.622793,52.4,48.3,47.8
NS,145000,2022-04-18,3:50 AM,Other impacts,0,MACON,GA,62,4,Dark,Cloudy,Yard,Single Car,2,300,0,55565,H312,32.813729,-83.622793,68.8,67.5,55.7
NS,145000,2022-04-18,3:50 AM,Other impacts,0,MACON,GA,62,4,Dark,Cloudy,Yard,Light loco(s),2,33,52750,55565,H312,32.813729,-83.622793,68.8,67.5,55.7
NS,145000,2022-04-18,3:50 AM,Other impacts,0,MACON,GA,62,4,Dark,Cloudy,Yard,Single Car,2,217,0,55565,H312,32.813729,-83.622793,68.8,67.5,55.7
NS,145000,2022-04-18,3:50 AM,Other impacts,0,MACON,GA,62,4,Dark,Cloudy,Yard,Single Car,2,300,0,55565,H312,32.813729,-83.622793,68.8,67.5,55.7
NS,145000,2022-04-18,3:50 AM,Other impacts,0,MACON,GA,62,4,Dark,Cloudy,Yard,Single Car,2,0,0,55565,H312,32.813729,-83.622793,68.8,67.5,55.7
NS,145407,2022-05-30,3:45 AM,Other impacts,0,MACON,GA,68,4,Dark,Clear,Yard,Cut of cars,2,83661,0,120396,M408,32.813729,-83.622793,75.8,76.2,76.5
NS,145407,2022-05-30,3:45 AM,Other impacts,0,MACON,GA,68,4,Dark,Clear,Yard,Yard/switching,5,35462,1273,120396,M408,32.813729,-83.622793,75.8,76.2,76.5
NS,145000,2022-04-18,3:50 AM,Other impacts,0,MACON,GA,62,4,Dark,Cloudy,Yard,Single Car,2,965,0,55565,H312,32.813729,-83.622793,68.8,67.5,55.7
NS,145000,2022-04-18,3:50 AM,Other impacts,0,MACON,GA,62,4,Dark,Cloudy,Yard,Single Car,0,200,0,55565,H312,32.813729,-83.622793,68.8,67.5,55.7
NS,119605,2016-03-03,6:30 PM,Obstruction,0,MACON,GA,43,3,Dusk,Rain,Yard,Yard/switching,7,60,16500,16560,M202,32.813729,-83.622793,53.1,47.9,49.8
NS,139775,2020-11-18,7:00 AM,Other (describe in narrative),0,MACON,GA,60,1,Dawn,Clear,Yard,Yard/switching,2,2150,17329,19479,H706,32.813658,-83.622785,52.4,48.3,47.8
NS,145000,2022-04-18,3:50 AM,Other impacts,0,MACON,GA,62,4,Dark,Cloudy,Yard,Single Car,2,300,0,55565,H312,32.813729,-83.622793,68.8,67.5,55.7
NS,141111,2021-04-02,6:05 PM,Other (describe in narrative),0,MACON,GA,65,3,Dusk,Clear,Yard,Yard/switching,4,629,13765,14394,H307,32.807144,-83.623268,50.9,46.1,48.8
NS,145948,2022-07-24,5:00 AM,Other impacts,0,MACON,GA,85,1,Dawn,Clear,Yard,Single Car,2,49503,0,49803,M408,32.813729,-83.622793,80.6,83.3,82.1
NS,154113,2023-09-04,10:36 PM,Derailment,0,MACON,GA,78,4,Dark,Clear,Yard,Cut of cars,2,2500,12770,15270,M411,32.81373,-83.622794,75.2,76.3,76.4
NS,152978,2023-05-01,9:00 PM,Side collision,0,MACON,GA,70,4,Dark,Clear,Yard,Yard/switching,2,216828,18184,462998,H310,32.81373,-83.622794,67,61.9,63.3
NS,153929,2023-08-14,2:25 AM,Side collision,0,MACON,GA,78,4,Dark,Clear,Yard,Cut of cars,0,5000,0,208157,H306,32.81373,-83.622794,82.1,85.2,83
NS,155957,2024-03-06,1:50 AM,Raking collision,0,MACON,GA,45,4,Dark,Rain,Yard,Yard/switching,9,17000,0,63000,H306,32.81373,-83.622794,59.2,65.4,63.2
NS,151641,2022-12-06,10:30 PM,Other impacts,0,MACON,GA,60,4,Dark,Cloudy,Yard,Single Car,0,499,17011,19509,H306,32.81373,-83.622794,56.6,64.5,68.5
NS,145495,2022-06-08,5:47 PM,Other impacts,0,MACON,GA,93,3,Dusk,Clear,Yard,Single Car,0,500,0,16412,H312,32.813729,-83.622793,77.2,78.6,80.9
NS,153693,2023-07-22,10:15 AM,Other impacts,0,MACON,GA,89,2,Day,Clear,Yard,Single Car,7,500,7550,58413,M411,32.81373,-83.622794,83.9,79.3,80.2
NS,155683,2024-02-05,4:15 AM,Derailment,0,MACON,GA,43,1,Dawn,Cloudy,Yard,Single Car,0,11529,0,47537,M101,32.81373,-83.622794,46.5,45.8,46.3
NS,153414,2023-06-22,10:05 AM,Other impacts,0,MACON,GA,75,2,Day,Cloudy,Yard,Single Car,2,0,0,17065,M408,32.81373,-83.622794,72.8,74.3,75.1
NS,155683,2024-02-05,4:15 AM,Derailment,0,MACON,GA,43,1,Dawn,Cloudy,Yard,Single Car,0,500,0,47537,M101,32.81373,-83.622794,46.5,45.8,46.3
NS,144101,2022-01-21,2:25 PM,Other impacts,0,MACON,GA,40,2,Day,Cloudy,Yard,Single Car,6,6093,0,54947,M408,32.813729,-83.622793,48.4,39.3,36.6
NS,145948,2022-07-24,5:00 AM,Other impacts,0,MACON,GA,85,1,Dawn,Clear,Yard,Single Car,0,300,0,49803,M408,32.813729,-83.622793,80.6,83.3,82.1
NS,155957,2024-03-06,1:50 AM,Raking collision,0,MACON,GA,45,4,Dark,Rain,Yard,Yard/switching,4,42500,3500,63000,H306,32.81373,-83.622794,59.2,65.4,63.2
NS,152745,2023-04-05,9:25 PM,Derailment,0,MACON,GA,70,4,Dark,Clear,Yard,Freight Train,10,98781,1653,200868,H507,32.828532,-83.625276,68.7,75.1,75.8
NS,153693,2023-07-22,10:15 AM,Other impacts,0,MACON,GA,89,2,Day,Clear,Yard,Cut of cars,0,50363,0,58413,M411,32.81373,-83.622794,83.9,79.3,80.2
NS,153929,2023-08-14,2:25 AM,Side collision,0,MACON,GA,78,4,Dark,Clear,Yard,Yard/switching,10,72765,41392,208157,H306,32.81373,-83.622794,82.1,85.2,83
NS,155144,2023-12-23,10:17 AM,Other impacts,0,MACON,GA,61,2,Day,Clear,Yard,Cut of cars,0,110600,12500,233100,H020,32.81373,-83.622794,46.6,53.8,54.3
NS,156797,2024-05-22,5:00 AM,Other (describe in narrative),0,MACON,GA,67,1,Dawn,Clear,Yard,Yard/switching,2,557114,320000,877114,H702,32.81373,-83.622794,72.3,74.6,77.8
NS,154099,2023-09-02,1:25 PM,Other impacts,0,MACON,GA,85,2,Day,Clear,Yard,Single Car,2,500,0,12689,M411,32.81373,-83.622794,76.8,75.2,75.2
NS,155144,2023-12-23,10:17 AM,Other impacts,0,MACON,GA,61,2,Day,Clear,Yard,Yard/switching,3,110000,0,233100,H020,32.81373,-83.622794,46.6,53.8,54.3
NS,154567,2023-10-23,4:58 PM,Derailment,0,MACON,GA,78,3,Dusk,Clear,Yard,Single Car,1,15000,0,15000,H303,32.81373,-83.622794,65.2,58.7,59.2
NS,153972,2023-08-19,9:43 AM,Other impacts,0,MACON,GA,80,2,Day,Clear,Yard,Freight Train,2,30000,0,35000,M411,32.81373,-83.622794,78.7,80,81.2
NS,145495,2022-06-08,5:47 PM,Other impacts,0,MACON,GA,93,3,Dusk,Clear,Yard,Single Car,2,6000,9912,16412,H312,32.813729,-83.622793,77.2,78.6,80.9
NS,144101,2022-01-21,2:25 PM,Other impacts,0,MACON,GA,40,2,Day,Cloudy,Yard,Yard/switching,6,47781,1073,54947,M408,32.813729,-83.622793,48.4,39.3,36.6
NS,153850,2023-08-08,1:01 AM,Other impacts,0,MACON,GA,78,4,Dark,Clear,Yard,Single Car,0,150,0,14536,H312,32.81373,-83.622794,80.4,79.3,79.5
NS,154099,2023-09-02,1:25 PM,Other impacts,0,MACON,GA,85,2,Day,Clear,Yard,Single Car,2,500,11689,12689,M411,32.81373,-83.622794,76.8,75.2,75.2
NS,156602,2024-05-05,3:30 PM,Other impacts,0,MACON,GA,82,2,Day,Clear,Yard,Single Car,10,3000,17639,37244,M411,32.81373,-83.622794,72.1,72.6,75.7
NS,153929,2023-08-14,2:25 AM,Side collision,0,MACON,GA,78,4,Dark,Clear,Yard,Yard/switching,10,89000,0,208157,H306,32.81373,-83.622794,82.1,85.2,83
NS,153972,2023-08-19,9:43 AM,Other impacts,0,MACON,GA,80,2,Day,Clear,Yard,Freight Train,2,5000,0,35000,M411,32.81373,-83.622794,78.7,80,81.2
NS,153414,2023-06-22,10:05 AM,Other impacts,0,MACON,GA,75,2,Day,Cloudy,Yard,Yard/switching,5,10500,0,17065,M408,32.81373,-83.622794,72.8,74.3,75.1
NS,146554,2022-09-21,10:30 PM,Other impacts,0,MACON,GA,70,4,Dark,Clear,Yard,Single Car,0,200,0,11468,H312,32.813729,-83.622793,76.1,78.4,79.1
NS,153414,2023-06-22,10:05 AM,Other impacts,0,MACON,GA,75,2,Day,Cloudy,Yard,Single Car,2,500,6065,17065,M408,32.81373,-83.622794,72.8,74.3,75.1
NS,155683,2024-02-05,4:15 AM,Derailment,0,MACON,GA,43,1,Dawn,Cloudy,Yard,Single Car,3,35508,0,47537,M101,32.81373,-83.622794,46.5,45.8,46.3
NS,152745,2023-04-05,9:25 PM,Derailment,0,MACON,GA,70,4,Dark,Clear,Yard,Freight Train,10,98781,1653,200868,H507,32.828532,-83.625276,68.7,75.1,75.8
NS,153850,2023-08-08,1:01 AM,Other impacts,0,MACON,GA,78,4,Dark,Clear,Yard,Single Car,10,150,14236,14536,H312,32.81373,-83.622794,80.4,79.3,79.5
NS,143494,2021-11-17,10:30 PM,Derailment,0,MACON,GA,50,4,Dark,Clear,Yard,Yard/switching,0,134951,5365,140316,E30C,32.813729,-83.622793,54.2,57,61.3
NS,157022,2024-06-10,6:30 PM,Other impacts,0,MACON,GA,87,3,Dusk,Clear,Yard,Cut of cars,0,8452,0,22452,M411,32.81373,-83.622794,80.5,81.9,76.2
NS,151641,2022-12-06,10:30 PM,Other impacts,0,MACON,GA,60,4,Dark,Cloudy,Yard,Single Car,0,499,0,19509,H306,32.81373,-83.622794,56.6,64.5,68.5
NS,157139,2024-06-24,12:00 AM,Other impacts,0,MACON,GA,80,4,Dark,Clear,Yard,Cut of cars,6,600,4953,42678,M411,32.81373,-83.622794,87,83.4,84.3
NS,151641,2022-12-06,10:30 PM,Other impacts,0,MACON,GA,60,4,Dark,Cloudy,Yard,Single Car,5,1500,0,19509,H306,32.81373,-83.622794,56.6,64.5,68.5
NS,143387,2021-11-06,8:00 AM,Other (describe in narrative),0,MACON,GA,50,2,Day,Clear,Yard,Freight Train,2,9532,8594,18126,H702,32.813729,-83.622793,48,49.4,54.2
NS,144416,2022-02-17,10:00 AM,Other (describe in narrative),0,MACON,GA,72,2,Day,Clear,Yard,Light loco(s),3,4035,191146,195181,H702,32.813729,-83.622793,55.4,65.8,57.9
NS,157022,2024-06-10,6:30 PM,Other impacts,0,MACON,GA,87,3,Dusk,Clear,Yard,Single Car,6,9000,5000,22452,M411,32.81373,-83.622794,80.5,81.9,76.2
NS,157649,2024-08-08,8:21 AM,Other impacts,0,MACON,GA,80,2,Day,Clear,Yard,Single Car,9,500,0,17316,M201,32.81373,-83.622794,84.1,85.9,84.2
NS,157594,2024-08-02,8:20 PM,Other impacts,0,MACON,GA,82,4,Dark,Clear,Yard,Yard/switching,5,95910,0,98576,S007,32.81373,-83.622794,82.3,85.8,80.5
NS,157594,2024-08-02,8:20 PM,Other impacts,0,MACON,GA,82,4,Dark,Clear,Yard,Yard/switching,3,2666,0,98576,S007,32.81373,-83.622794,82.3,85.8,80.5
NS,145661,2022-06-26,4:45 AM,Side collision,0,MACON,GA,72,1,Dawn,Clear,Yard,Yard/switching,0,5934,0,12806,H607,32.813729,-83.622793,83.1,81.7,80.1
NS,157649,2024-08-08,8:21 AM,Other impacts,0,MACON,GA,80,2,Day,Clear,Yard,Single Car,3,16816,0,17316,M201,32.81373,-83.622794,84.1,85.9,84.2
NS,152978,2023-05-01,9:00 PM,Side collision,0,MACON,GA,70,4,Dark,Clear,Yard,Yard/switching,2,530,0,462998,H310,32.81373,-83.622794,67,61.9,63.3
NS,152654,2023-03-28,12:00 AM,Side collision,0,MACON,GA,60,4,Dark,Fog,Yard,Yard/switching,2,152007,9589,271596,H702,32.81373,-83.622794,67.1,65.8,57.8
NS,146554,2022-09-21,10:30 PM,Other impacts,0,MACON,GA,70,4,Dark,Clear,Yard,Single Car,3,300,10968,11468,H312,32.813729,-83.622793,76.1,78.4,79.1
NS,152654,2023-03-28,12:00 AM,Side collision,0,MACON,GA,60,4,Dark,Fog,Yard,Yard/switching,2,110000,0,271596,H702,32.81373,-83.622794,67.1,65.8,57.8
NS,152978,2023-05-01,9:00 PM,Side collision,0,MACON,GA,70,4,Dark,Clear,Yard,Yard/switching,2,227456,0,462998,H310,32.81373,-83.622794,67,61.9,63.3
NS,156602,2024-05-05,3:30 PM,Other impacts,0,MACON,GA,82,2,Day,Clear,Yard,Light loco(s),0,5005,0,37244,M411,32.81373,-83.622794,72.1,72.6,75.7
NS,156602,2024-05-05,3:30 PM,Other impacts,0,MACON,GA,82,2,Day,Clear,Yard,Cut of cars,10,11600,0,37244,M411,32.81373,-83.622794,72.1,72.6,75.7
NS,116816,2015-08-06,5:50 AM,Other impacts,0,MACON,GA,76,1,Dawn,Cloudy,Yard,Yard/switching,0,30000,0,30000,H706,32.813729,-83.622793,84.4,79.5,82.5
NS,117166,2015-08-29,7:20 PM,Derailment,0,MACON,GA,75,3,Dusk,Clear,Yard,Yard/switching,2,11000,1000,12000,H995,32.813729,-83.622793,76.6,75.3,74.3
NS,115089,2015-04-01,2:45 PM,Derailment,0,MACON,GA,77,2,Day,Clear,Yard,Freight Train,5,14800,0,47850,H306,32.813729,-83.622793,60,66.6,66.5
NS,135388,2019-09-05,4:15 AM,Other (describe in narrative),0,MACON,GA,78,1,Dawn,Clear,Yard,Yard/switching,4,12622,1159,13781,H704,32.774023,-83.635615,81.1,83.5,80
NS,115089,2015-04-01,2:45 PM,Derailment,0,MACON,GA,77,2,Day,Clear,Yard,Yard/switching,2,29000,4050,47850,H306,32.813729,-83.622793,60,66.6,66.5
NS,129726,2018-06-05,4:09 PM,Derailment,0,MACON,GA,79,3,Dusk,Clear,Yard,Yard/switching,6,133421,504,133925,M408,32.813658,-83.622785,77.6,74.3,76
NS,133643,2019-04-21,5:25 AM,Other impacts,0,MACON,GA,46,1,Dawn,Clear,Yard,Single Car,0,86666,0,555947,H312,32.813658,-83.622785,52.4,61,62.4