reportingrailroadcode,accidentnumber,date,time,accidenttype,hazmatreleasedcars,station,stateabbr,temperature,visibility_code,visibility,weathercondition,tracktype,equipmenttype,trainspeed,equipmentdamagecost,trackdamagecost,totaldamagecost,primaryaccidentcausecode,latitude,longitude,prior_temp,actual_temp,following_temp
NS,133643,2019-04-21,5:25 AM,Other impacts,0,MACON,GA,46,1,Dawn,Clear,Yard,Yard/switching,10,0,151416,555947,H312,32.813658,-83.622785,52.4,61,62.4
NS,130629,2018-08-18,2:15 PM,Derailment,0,MACON,GA,82,2,Day,Cloudy,Yard,Yard/switching,5,47123,27656,74779,E04C,32.813658,-83.622785,78.4,77.7,79.4
NS,132449,2019-01-16,1:20 PM,Other impacts,0,MACON,GA,57,2,Day,Clear,Yard,Yard/switching,9,2390,11899,14364,M411,32.813658,-83.622785,42.3,41.8,45.2
NS,132449,2019-01-16,1:20 PM,Other impacts,0,MACON,GA,57,2,Day,Clear,Yard,Single Car,0,75,0,14364,M411,32.813658,-83.622785,42.3,41.8,45.2
NS,133643,2019-04-21,5:25 AM,Other impacts,0,MACON,GA,46,1,Dawn,Clear,Yard,Single Car,0,78764,0,555947,H312,32.813658,-83.622785,52.4,61,62.4
NS,142846,2021-09-14,2:55 PM,Derailment,0,MACON,GA,80,2,Day,Clear,Yard,Freight Train,0,25000,0,48657,E30C,32.813729,-83.622793,74.6,76.5,71.9
NS,133643,2019-04-21,5:25 AM,Other impacts,0,MACON,GA,46,1,Dawn,Clear,Yard,Cut of cars,0,66730,0,555947,H312,32.813658,-83.622785,52.4,61,62.4
NS,140688,2021-02-20,3:00 AM,Derailment,0,MACON,GA,35,4,Dark,Clear,Yard,Freight Train,5,22932,3203,26135,T207,32.813729,-83.622793,45.1,43.4,46.5
BNSF,MT0121104,2021-01-30,1:45 PM,Derailment,0,MACON,MT,25,2,Day,Clear,Industry,Freight Train,8,92552,0,92552,T001,48.109621,-105.518435,21.6,18.7,15.5
NS,152557,2023-02-24,12:30 PM,Other impacts,0,MACON,GA,60,2,Day,Clear,Yard,Light loco(s),2,15000,7250,22250,T305,32.81373,-83.622794,73.8,72.7,64
NS,153871,2023-08-09,11:10 PM,Derailment,0,MACON,GA,77,4,Dark,Cloudy,Yard,Yard/switching,10,21000,19900,40900,T311,32.828532,-83.625276,79.3,79.5,82.4
NS,145750,2022-07-04,3:05 AM,Derailment,0,MACON,GA,74,4,Dark,Clear,Yard,Yard/switching,8,350448,170214,520662,T402,32.813729,-83.622793,81.6,82.6,82.5
NS,154383,2023-10-02,12:15 PM,Derailment,0,MACON,GA,79,2,Day,Clear,Yard,Yard/switching,4,4200,29445,33645,T402,32.81373,-83.622794,71.4,69.2,69.4
NS,154446,2023-10-09,9:00 AM,Derailment,0,MACON,GA,58,2,Day,Clear,Yard,Freight Train,5,9374,3743,13117,T202,32.81373,-83.622794,56.2,58.3,62.7
NS,151828,2022-12-23,2:25 PM,Derailment,0,MACON,GA,50,2,Day,Clear,Yard,Freight Train,6,497522,274952,772474,T299,32.81373,-83.622794,44.7,34.3,21.2
NS,152781,2023-04-10,4:45 PM,Hwy-rail crossing,0,MACUNGIE,PA,65,3,Dusk,Clear,Main,Freight Train,52,17109,5064,22173,M303,40.516907,-75.557961,45.9,50.1,58.1
MNR,311219,2020-04-24,3:50 PM,Derailment,0,MADAWASKA,ME,0,2,Day,Clear,Main,Freight Train,7,8008,35000,43008,T113,47.356537,-683.19219,27.2,35.3,36.2
UP,0915TC017,2015-09-28,5:20 PM,Hwy-rail crossing,0,MADELIA,MN,83,2,Day,Clear,Main,Freight Train,46,40356,800,41156,M304,44.064865,-94.3898,68.4,67.1,58
UP,0717TC022,2017-07-29,11:01 PM,Derailment,0,MADELIA,MN,65,4,Dark,Clear,Industry,Freight Train,5,20505,1078,21583,H704,44.079211,-94.370007,72.7,70.7,71
UP,0715TC009,2015-07-29,5:43 AM,Derailment,0,MADELIA,MN,65,1,Dawn,Clear,Industry,Work train,3,6719,30000,36719,T111,44.063341,-94.39271,73.7,70.8,72.2
BNSF,RD0619101,2019-06-01,6:47 AM,Derailment,0,MADILL,OK,80,1,Dawn,Clear,Siding,Freight Train,4,4523,18900,23423,H303,34.096375,-96.767467,72.8,72.7,73.6
BNSF,RD0217200,2017-02-02,4:30 PM,Hwy-rail crossing,0,MADILL,OK,46,2,Day,Clear,Main,Maint./inspect Car,2,11000,0,11000,M302,33.972886,-96.663006,55.2,39.7,40.1
BNSF,RD1223121,2023-12-22,11:55 PM,Derailment,0,MADILL,OK,55,4,Dark,Rain,Yard,Freight Train,5,17448,7813,25261,H307,34.08639,-96.762896,55.9,57.2,59.8
BNSF,RD0820116,2020-08-15,7:15 PM,Derailment,0,MADILL,OK,95,3,Dusk,Clear,Siding,Freight Train,8,18113,10000,28113,E64C,34.099227,-96.769243,87.9,86.8,82.5
BNSF,RD1123113,2023-11-12,4:30 AM,Derailment,0,MADILL,OK,50,1,Dawn,Clear,Yard,Freight Train,13,12319,32038,44357,M204,34.099417,-96.767058,54.6,52.6,53.8
BNSF,RD0421108,2021-04-19,11:35 AM,Derailment,0,MADILL,OK,60,2,Day,Clear,Industry,Light loco(s),8,10082,2000,12082,T112,34.07392,-96.757836,52.3,56,46.5
CSX,000196621,2021-03-27,3:17 AM,Derailment,0,MADISON,TN,60,4,Dark,Cloudy,Main,Freight Train,27,650651,0,1379358,E04C,36.244176,-86.724965,61.2,58.5,57.7
TRRA,20021,2020-07-25,1:40 AM,Derailment,0,MADISON,IL,80,4,Dark,Cloudy,Yard,,0,0,28500,41500,E46C,38.675291,-90.162175,81.2,82.8,84.3
CSX,000215024,2023-12-09,6:00 PM,Derailment,0,MADISON,TN,55,3,Dusk,Rain,Main,Freight Train,0,195059,0,195059,M102,36.276686,-86.709129,54.5,60.4,41.4
UP,1219MA022,2019-12-11,6:44 PM,Derailment,0,MADISON,IL,36,3,Dusk,Clear,Yard,Freight Train,7,2749,0,19491,H503,38.673024,-90.163,26.5,31.8,39.8
TRRA,21024OR,2021-05-07,7:14 AM,Derailment,0,MADISON,IL,47,1,Dawn,Clear,Yard,,0,0,16682,18182,H503,38.673749,-90.160779,57.9,60.6,54.3
TRRA,19030,2019-12-11,6:44 PM,Derailment,0,MADISON,IL,30,2,Day,Clear,Yard,,0,0,16742,19491,H503,38.673024,-90.163,26.5,31.8,39.8
TRRA,21036OR,2021-09-01,2:25 PM,Derailment,0,MADISON,IL,82,2,Day,Clear,Yard,,0,0,22571,35496,H503,38.676411,-90.16485,76,73.6,69.9
NS,141984,2021-06-24,12:22 PM,Derailment,0,MADISON,MO,82,2,Day,Clear,Main,Freight Train,40,456900,104349,561249,E21C,39.475476,-92.175868,74.4,74.7,73.5
TRRA,21040OR,2021-09-29,2:50 PM,Derailment,0,MADISON,IL,81,2,Day,Clear,Yard,,0,0,15549,22046,H523,38.676411,-90.16485,74.9,73,72.5
NS,153141,2023-05-21,2:45 PM,Hwy-rail crossing,0,MADISON,MO,70,2,Day,Clear,Main,Freight Train,47,1538000,206444,1744444,M308,39.477669,-92.167301,58.7,63.9,66.4
TRRA,21041OR,2021-09-30,7:51 AM,Derailment,0,MADISON,IL,72,1,Dawn,Clear,Yard,,0,0,1148,1148,T220,38.672246,-90.163161,73,72.5,72.4
TRRA,19026,2019-11-12,2:30 AM,Derailment,0,MADISON,IL,15,4,Dark,Clear,Yard,,0,0,23000,24732,E64C,38.675378,-90.162218,31.9,15.6,24.2
TRRA,23053,2023-11-18,11:28 AM,Derailment,0,MADISON,IL,53,2,Day,Clear,Yard,Yard/switching,4,13697,62530,76227,H501,38.659084,-90.159006,56.7,41.6,45.5
CSX,000196621,2021-03-27,3:17 AM,Derailment,0,MADISON,TN,60,4,Dark,Cloudy,Main,Freight Train,0,402000,326707,1379358,E04C,36.244176,-86.724965,61.2,58.5,57.7
PHRR,001,2022-11-11,9:14 PM,Derailment,0,MADISON,IL,33,4,Dark,Clear,Industry,Yard/switching,5,1800,36541,38341,H303,38.4948,-89.5436,64.6,41.7,30.5
NCRC,OP062119,2019-06-21,4:55 PM,Derailment,0,MADISON,NE,85,2,Day,Clear,Siding,Yard/switching,5,407,72000,72407,T110,41.8252,-97.4635,70.1,72.8,68
NJTR,201509545,2015-09-08,12:41 PM,Other (describe in narrative),0,MADISON,NJ,92,2,Day,Clear,Main,Commuter Train - Pulling,40,60171,177,60348,T404,40.762117,-74.419022,77.2,82.9,80.1
TRRA,14034,2014-11-28,2:15 PM,Derailment,0,MADISON,IL,48,2,Day,Clear,Yard,Freight Train,7,149250,20000,169250,T111,38.67262,-90.163186,30.6,36.9,52.1
BNSF,SF0115108,2015-01-21,4:30 PM,Derailment,0,MADISON,IL,50,2,Day,Clear,Yard,Freight Train,7,1717,0,35279,T111,38.676183,-90.164398,39.3,39.7,32.9
TRRA,15011,2015-04-05,11:21 PM,Derailment,0,MADISON,IL,65,4,Dark,Cloudy,Yard,Freight Train,0,0,9967,23086,T314,38.675728,-90.16251,47.8,54.2,58.7
CSX,000204390,2022-04-20,10:28 AM,Obstruction,0,MADISON HEIGHTS,VA,53,2,Day,Clear,Main,Maint./inspect Car,21,10593,0,17449,H993,37.424681,-79.044392,45.4,49,57.6
CSX,000204390,2022-04-20,10:28 AM,Obstruction,0,MADISON HEIGHTS,VA,53,2,Day,Clear,Main,Maint./inspect Car,0,6856,0,17449,H993,37.424681,-79.044392,45.4,49,57.6
NS,128957,2018-03-23,5:57 PM,Derailment,0,MADISONVILLE,VA,45,3,Dusk,Clear,Main,Freight Train,45,620008,492536,1112544,T221,37.204821,-78.669125,41,41.2,36.1
PAL,2022JAN3D,2022-01-29,2:00 PM,Derailment,0,MADISONVILLE,KY,32,2,Day,Clear,Industry,Freight Train,5,23108,250000,273108,E85C,37.3164,-87.5598,30.7,23,35.6
CSX,000201807,2021-12-10,11:50 PM,Derailment,0,MADISONVILLE,KY,70,4,Dark,Rain,Main,Freight Train,0,1374982,48,1375030,M102,37.259198,-87.495459,49.5,63.8,49.4
PAL,2016OCT1D,2016-10-09,1:01 PM,Derailment,0,MADISONVILLE,KY,75,2,Day,Clear,Yard,Freight Train,8,18653,0,22208,E40C,37.3375,-87.4867,60.6,58.9,61.1
CSX,000163439,2016-10-09,1:01 PM,Derailment,0,MADISONVILLE,KY,70,2,Day,Clear,Yard,,0,0,3555,22208,E40C,37.349479,-87.494426,60.6,58.9,61.1
CSX,000141127,2015-02-06,6:50 PM,Derailment,0,MADISONVILLE,KY,38,3,Dusk,Clear,Yard,Freight Train,0,0,31490,84490,T207,37.332546,-87.483923,23.5,33.2,51.2
CSX,000177490,2018-07-09,2:26 PM,Derailment,0,MADISONVILLE,KY,86,2,Day,Clear,Main,Freight Train,15,33794,11812,45606,T108,37.270814,-87.464113,78,79.4,81.6
PAL,2015FEB2D,2015-02-06,6:50 PM,Derailment,0,MADISONVILLE,KY,30,3,Dusk,Clear,Yard,Freight Train,8,53000,0,84490,T207,37.332546,-87.483923,23.5,33.2,51.2
CSX,000136827,2014-10-28,6:55 AM,Derailment,0,MADISONVILLE,KY,58,4,Dark,Clear,Yard,Freight Train,8,80177,1000,81177,T311,37.348835,-87.49427,72.7,63.5,54.2
CSX,000187966,2020-01-21,8:15 PM,Derailment,0,MADISONVILLE,KY,20,4,Dark,Clear,Yard,Freight Train,9,30729,735,31464,T207,37.349479,-87.494426,21.2,24.8,28
BNSF,NW0819108,2019-08-12,2:30 AM,Derailment,0,MADRAS,OR,55,4,Dark,Clear,Main,Freight Train,20,9500,319273,328773,M404,44.817986,-121.07653,61.8,62.9,68.5
BNSF,NW0219121,2019-02-24,4:53 PM,Obstruction,0,MADRAS,OR,29,3,Dusk,Snow,Main,Spec. MoW Equip.,24,20000,0,20000,M404,44.817382,-121.075418,36.3,33.3,20.5
IC,1121121,2022-12-14,10:50 PM,Derailment,0,MAGEE,MS,40,4,Dark,Clear,Industry,Freight Train,3,35903,0,35903,T314,31.864565,-89.71678,64.8,63.9,47.8
UTAX,11202017,2017-11-20,1:50 AM,Derailment,0,MAGNA,UT,33,4,Dark,Fog,Industry,Freight Train,0,0,35000,48000,T113,40.699991,-112.111423,35.1,39.9,49.4
UTAH,UTA491617R,2017-11-20,1:50 AM,Derailment,0,MAGNA,UT,33,4,Dark,Clear,Industry,Freight Train,10,13000,0,48000,T113,40.699991,-112.111423,35.1,39.9,49.4
UP,1123HO018,2023-11-22,9:35 AM,Hwy-rail crossing,0,MAGNOLIA,TX,48,2,Day,Clear,Main,Freight Train,26,3553,52200,55753,M303,30.241073,-95.819519,56,48.5,48.5
AGR,AGR719515,2015-06-24,7:00 PM,Raking collision,0,MAGNOLIA,AL,80,4,Dark,Clear,Yard,Yard/switching,3,18970,0,18970,H302,32.114993,-87.677917,87.3,81.2,81.3
AGR,AGR682015,2015-04-09,4:38 PM,Derailment,0,MAGNOLIA,AL,76,2,Day,Clear,Main,Freight Train,15,90735,1900,92635,T102,32.135702,-87.668061,72.1,75.2,71.9
IC,980458,2018-11-30,5:47 PM,Hwy-rail crossing,0,MAKANDA,IL,50,4,Dark,Cloudy,Main,Freight Train,33,0,19500,19500,M399,37.617672,-89.20935,45.9,50.4,60
UP,0317FW037,2017-03-29,5:40 PM,Derailment,5,MALAKOFF,TX,81,2,Day,Cloudy,Main,Freight Train,46,1573067,421514,1994581,M599,32.168728,-96.012366,70.8,68.3,60.5
UP,1121TO004,2021-11-04,2:24 AM,Obstruction,0,MALAKOFF,TX,43,4,Dark,Cloudy,Main,Freight Train,37,2393,18099,20492,M402,32.167688,-96.017446,49.2,48.7,46.5
BNSF,CH0123114,2023-01-26,2:29 AM,Derailment,0,MALDEN,IL,9,4,Dark,Snow,Yard,Freight Train,10,8500,5000,13500,H704,41.444306,-89.316051,32.1,19.6,24.6
BNSF,CH1216100,2016-12-01,3:30 AM,Derailment,0,MALDEN,IL,37,4,Dark,Cloudy,Main,Freight Train,41,267769,45424,313193,E34C,41.425557,-89.363566,36.2,37.9,37.4
UP,0415LK006,2015-04-01,10:40 PM,Fire/violent rupture,0,MALDEN,MO,55,4,Dark,Rain,Main,Freight Train,32,22011,0,22011,E99L,36.483385,-90.089958,59,60.8,66.7
BNSF,CH0819104,2019-08-05,11:50 AM,Derailment,0,MALDEN,IL,80,2,Day,Clear,Yard,Freight Train,5,233,368400,368633,T111,41.442495,-89.320405,75.1,77,73.5
UP,0618PR008,2018-06-04,5:04 AM,Fire/violent rupture,0,MALTA,IL,51,1,Dawn,Clear,Main,Freight Train,45,269754,0,269754,M406,41.930413,-88.863802,66.4,66.7,68.3
BNSF,MT0717105,2017-07-11,5:45 PM,Derailment,0,MALTA,MT,90,3,Dusk,Clear,Main,Freight Train,41,23269,141908,165177,M105,48.431819,-107.514123,82.6,71.3,67.9
BNSF,MT0616103,2016-06-18,8:30 PM,Derailment,0,MALTA,MT,65,3,Dusk,Rain,Siding,Freight Train,0,137868,21390,159258,M105,48.398307,-107.57913,60.9,68.6,64
ATK,142342,2016-05-10,12:20 PM,Derailment,0,MALVERN,AR,80,2,Day,Clear,Main,Passenger Train - Pulling,10,22000,0,66789,S011,34.383966,-92.725584,68.6,75.2,76.5
UP,0219MA037,2019-02-20,1:43 AM,Derailment,0,MALVERN,AR,39,4,Dark,Rain,Yard,Work train,4,55861,0,56261,T220,34.36569,-92.816703,36.3,44.3,40.6
UP,0918LK034,2018-09-19,6:15 PM,Fire/violent rupture,0,MALVERN,AR,80,3,Dusk,Clear,Siding,Freight Train,10,19384,0,19384,E99L,34.320499,-92.85381,81.3,83.1,82.1
AKMD,AKM793124O,2024-05-08,8:10 PM,Derailment,0,MALVERN,AR,78,4,Dark,Cloudy,Main,,0,0,74640,85459,T221,34.37561,-92.82272,80.5,77.5,76.6
UP,0524MA012,2024-05-08,8:10 PM,Derailment,0,MALVERN,AR,78,4,Dark,Cloudy,Yard,Freight Train,8,10819,0,85459,T221,34.37561,-92.82272,80.5,77.5,76.6
AKMD,AKM096823,2023-02-03,2:00 PM,Derailment,0,MALVERN,AR,45,2,Day,Clear,Industry,Yard/switching,3,11450,8750,20200,M405,34.429571,-92.84304,34.1,38.5,38.7
AKMD,AKM527419,2019-02-20,1:43 AM,Derailment,0,MALVERN,AR,40,4,Dark,Clear,Yard,,0,0,400,56261,M506,34.36569,-92.816703,36.3,44.3,40.6
UP,0722MA035,2022-07-15,4:43 PM,Derailment,0,MALVERN,AR,98,2,Day,Clear,Yard,Freight Train,5,15402,35400,50802,T108,34.362384,-92.818431,84.7,84.7,86.9
LI,GR20170301,2017-03-13,7:12 AM,Hwy-rail crossing,0,MALVERNE,NY,30,1,Dawn,Clear,Main,EMU,35,57372,0,57372,M303,40.672334,-73.674312,25.7,27.3,31.6
IC,850511,2015-02-02,1:30 PM,Other (describe in narrative),0,MANCHAC,LA,42,2,Day,Clear,Main,Spec. MoW Equip.,3,0,34795,34795,H999,30.250456,-90.402043,63.8,46.9,41.8
MBTA,3020,2015-11-07,7:50 PM,Obstruction,0,MANCHESTER,MA,45,4,Dark,Clear,Main,Passenger Train - Pushing,50,28444,0,28444,M101,42.5768,-70.758139,67,57.6,47.1
CSX,000172715,2017-11-07,6:50 AM,Derailment,1,MANCHESTER,GA,62,4,Dark,Clear,Yard,Freight Train,4,69791,2046,71837,H702,32.852115,-84.608817,68.1,69.9,66.7
CSX,000176288,2018-05-08,12:05 AM,Derailment,0,MANCHESTER,GA,72,4,Dark,Clear,Yard,Freight Train,8,49236,4962,54198,H510,32.855068,-84.594747,72,70.8,73.5
CSX,000193009,2020-10-02,4:10 AM,Derailment,0,MANCHESTER,GA,58,4,Dark,Clear,Main,Freight Train,5,23044,413,23457,T303,32.861217,-84.630992,65.9,61,59.1
BNSF,TC1116105,2016-11-16,10:00 AM,Derailment,0,MANDAN,ND,50,2,Day,Cloudy,Yard,Light loco(s),5,25000,0,25000,H303,46.825638,-100.884508,46.1,45.4,34.1
BNSF,TC0820105,2020-08-15,10:35 PM,Other impacts,0,MANDAN,ND,71,4,Dark,Clear,Yard,Yard/switching,4,17564,0,17564,H318,46.825031,-100.89005,68.1,67.7,71.4
BNSF,TC0920101,2020-09-10,3:20 PM,Derailment,0,MANDAN,ND,70,2,Day,Clear,Yard,Light loco(s),3,14452,500,14952,H303,46.825732,-100.884144,44,52.9,50.6
BNSF,TC0415104,2015-04-01,11:59 PM,Side collision,0,MANDAN,ND,30,4,Dark,Clear,Yard,Yard/switching,4,6766,0,15884,H318,46.824248,-100.899229,52.2,52.5,36.2
BNSF,TC0415104,2015-04-01,11:59 PM,Side collision,0,MANDAN,ND,30,4,Dark,Clear,Yard,Yard/switching,4,9118,0,15884,H318,46.824248,-100.899229,52.2,52.5,36.2
BNSF,TC0615105,2015-06-16,5:55 PM,Other impacts,0,MANDAN,ND,55,3,Dusk,Rain,Yard,Yard/switching,4,23500,0,23500,H318,46.828069,-100.872821,60.4,53.7,60.7
BNSF,TC0119110,2019-01-14,2:56 PM,Derailment,0,MANDAN,ND,25,2,Day,Clear,Yard,Light loco(s),4,15000,1500,16500,H307,46.82805,-100.872803,22.6,19,19.6
BNSF,TC1018107,2018-10-15,10:30 PM,Other impacts,0,MANDAN,ND,35,4,Dark,Clear,Yard,Yard/switching,6,11433,0,11433,H702,46.823467,-100.901167,30.5,37,46.7
BNSF,TC0619103,2019-06-07,1:15 AM,Derailment,0,MANDAN,ND,50,4,Dark,Clear,Yard,Yard/switching,4,9787,1500,11287,H607,46.824874,-100.885429,70.4,77.1,56.5
BNSF,MT0223109,2023-02-28,10:53 PM,Obstruction,0,MANDAN,ND,20,4,Dark,Snow,Main,Freight Train,50,0,12000,12000,M404,46.825218,-100.937751,26.5,18.1,8.9
BNSF,TC0323143,2023-03-29,5:56 PM,Derailment,0,MANDAN,ND,22,3,Dusk,Clear,Yard,Light loco(s),3,18000,0,18000,M101,46.824337,-100.900964,14.7,6.5,18.8
BNSF,TC0823104,2023-08-06,12:30 AM,Derailment,0,MANDAN,ND,70,4,Dark,Clear,Yard,Yard/switching,4,11395,10547,21942,H607,46.827721,-100.874686,67.5,68.2,66.8
FEC,D35060717,2017-06-07,6:30 AM,Derailment,0,MANGONIA PARK,FL,80,1,Dawn,Rain,Industry,Freight Train,4,1066,10522,11588,T110,26.764844,-80.078156,74.6,74.8,80.6
LI,80683,2023-09-14,11:59 PM,Obstruction,0,MANHASSET,NY,66,4,Dark,Cloudy,Main,EMU,40,0,70000,70000,M404,40.79665,-73.699942,75.4,71.4,63.7
LI,75766,2021-10-18,11:40 AM,Other impacts,0,MANHATTAN,NY,59,2,Day,Cloudy,Yard,DMU,1,15760,0,15760,E31C,40.755297,-74.004076,57.2,53.7,56.9
MQT,MQT389023D,2023-04-14,9:15 AM,Derailment,0,MANISTEE,MI,78,2,Day,Clear,Main,Yard/switching,11,13684,0,13684,M204,44.260757,-86.3197,69.4,63.7,66
WC,1007593,2019-07-31,1:30 PM,Derailment,0,MANISTIQUE,MI,74,2,Day,Clear,Main,Freight Train,24,9360,104165,113525,M204,45.968724,-86.230469,61,58.2,62.2
UP,1117TC011,2017-11-14,12:45 AM,Derailment,0,MANKATO,MN,45,4,Dark,Cloudy,Yard,Cut of cars,0,6684,0,24685,H702,44.211262,-93.985217,34,42.8,32.7
UP,0119GL028,2019-01-20,10:00 AM,Other impacts,0,MANKATO,MN,1,2,Day,Clear,Yard,Cut of cars,4,48896,2150,102529,H018,44.195356,-93.98713,-0.3,-1,6.3
UP,0119GL028,2019-01-20,10:00 AM,Other impacts,0,MANKATO,MN,1,2,Day,Clear,Yard,Freight Train,0,51483,0,102529,H018,44.195356,-93.98713,-0.3,-1,6.3
UP,0322GL004,2022-03-04,5:07 AM,Derailment,0,MANKATO,MN,28,1,Dawn,Cloudy,Yard,Freight Train,6,227076,6412,233488,H702,44.203862,-93.985704,23.3,31.8,34.8
UP,1021GL031,2021-10-22,9:19 PM,Other impacts,0,MANKATO,MN,39,4,Dark,Clear,Yard,Yard/switching,0,87241,0,108553,H702,44.193593,-93.987394,44.5,39.3,40.2
UP,1021GL031,2021-10-22,9:19 PM,Other impacts,0,MANKATO,MN,39,4,Dark,Clear,Yard,Yard/switching,4,20112,1200,108553,H702,44.193593,-93.987394,44.5,39.3,40.2
UP,1117TC011,2017-11-14,12:45 AM,Derailment,0,MANKATO,MN,45,4,Dark,Cloudy,Yard,Yard/switching,5,13203,4798,24685,H702,44.211262,-93.985217,34,42.8,32.7
UP,1016TC010,2016-10-31,7:25 AM,Derailment,0,MANKATO,MN,44,1,Dawn,Cloudy,Industry,Cut of cars,0,14804,0,44456,T314,44.190008,-93.982977,42.9,49.4,52.5
UP,1016TC010,2016-10-31,7:25 AM,Derailment,0,MANKATO,MN,44,1,Dawn,Cloudy,Industry,Yard/switching,4,24855,4797,44456,T314,44.190008,-93.982977,42.9,49.4,52.5
UP,0717TC011,2017-07-16,1:11 PM,Derailment,0,MANKATO,MN,82,2,Day,Clear,Industry,Freight Train,0,0,469793,630536,T001,44.153392,-94.052082,74.8,74.3,77.6
CP,1000590260,2017-07-16,1:11 PM,Derailment,0,MANKATO,MN,81,2,Day,Clear,Industry,Freight Train,9,160743,0,630536,T001,44.153392,-94.052082,74.8,74.3,77.6
KYLE,KYL412517D,2017-08-29,3:30 PM,Derailment,0,MANKATO,KS,73,2,Day,Clear,Main,Freight Train,9,40000,10000,50000,T308,39.795705,-98.213236,69.9,67.6,67.7
IANR,MAD0707161,2016-07-07,1:30 AM,Derailment,0,MANLY,IA,60,4,Dark,Rain,Siding,Cut of cars,0,30765,1374,32139,M105,43.27745,-93.194191,72.4,72.1,70.2
IANR,MAD0214151,2015-02-14,11:55 AM,Derailment,0,MANLY,IA,3,2,Day,Clear,Yard,Yard/switching,5,41015,7198,48213,H505,43.310342,-93.204986,21.2,7.6,4.9
IANR,MAD0503152,2015-05-03,12:30 AM,Other impacts,0,MANLY,IA,60,4,Dark,Clear,Yard,Yard/switching,9,147567,0,147567,H302,43.296512,-93.204803,60.9,66.6,60.5
IANR,MAD0213231,2023-02-13,1:00 PM,Derailment,0,MANLY,IA,32,2,Day,Cloudy,Yard,Yard/switching,5,63500,300,63800,M101,43.304753,-93.20532,29.2,31.6,36.5
IANR,MAD0906232,2023-09-06,5:15 AM,Derailment,0,MANLY,IA,76,4,Dark,Rain,Yard,Freight Train,12,298459,7500,305959,H306,43.311314,-93.205153,78.8,62.1,59.9
UP,1219GL025,2019-12-15,6:00 PM,Derailment,0,MANLY,IA,11,3,Dusk,Snow,Main,Freight Train,25,423046,1029033,1452079,T108,43.286422,-93.203613,12.6,6.8,17.8
BNSF,SF0615102,2015-06-03,8:15 AM,Obstruction,0,MANNFORD,OK,74,1,Dawn,Clear,Main,Freight Train,56,11189,5000,16189,M402,36.138879,-96.397979,75.5,78.9,80.2
AWRR,160629001,2016-06-29,3:15 AM,Derailment,0,MANOR,TX,75,4,Dark,Clear,Main,Freight Train,6,112500,2500,115000,T222,30.326667,-97.594722,80.8,81.5,83.8
AWRR,220629004,2022-06-29,5:14 AM,Derailment,0,MANOR,TX,85,1,Dawn,Clear,Main,Freight Train,10,170000,40000,210000,T221,30.327566,-97.592912,80.1,83.1,83.9
AWRR,220408005,2022-04-08,4:35 AM,Derailment,0,MANOR,TX,80,1,Dawn,Clear,Main,Freight Train,10,154000,65000,219000,T222,30.343269,-97.548469,63.2,62.4,65.8
AWRR,221120001,2022-11-20,11:21 PM,Derailment,0,MANOR,TX,46,4,Dark,Rain,Main,Freight Train,15,238955,40000,278955,H699,30.338984,-97.580226,40,41.4,42.9
AWRR,180710002,2018-07-10,4:29 AM,Derailment,0,MANOR,TX,75,4,Dark,Clear,Main,Freight Train,10,40000,20000,60000,T210,30.3414,-97.5519,74.4,80.7,83.1
AWRR,210825003,2021-08-25,3:30 AM,Derailment,0,MANOR,TX,80,4,Dark,Clear,Industry,Freight Train,1,14500,20000,34500,T113,30.332624,-97.517681,84.8,85.6,85.6
AWRR,170511002,2017-05-11,1:57 AM,Derailment,0,MANOR,TX,72,4,Dark,Clear,Main,Freight Train,11,48042,10000,58042,T108,30.340449,-97.57887,74.6,75.4,73.9
AWRR,240510001,2024-05-10,3:30 AM,Derailment,0,MANOR,TX,70,4,Dark,Clear,Main,Freight Train,10,254167,22966,277133,T299,30.306104,-97.642091,81.8,74.9,71.2
AWRR,230306005,2023-03-06,2:05 AM,Derailment,0,MANOR,TX,60,4,Dark,Clear,Main,Freight Train,9,82900,31500,114400,T210,30.341015,-97.552508,65,68.5,71.7
AWRR,220802003,2022-08-02,3:46 AM,Derailment,0,MANOR,TX,74,4,Dark,Clear,Main,Freight Train,10,130000,60000,190000,T210,30.324933,-97.598907,87.5,89.2,89.3
CSX,000180890,2019-01-19,6:46 PM,Hwy-rail crossing,0,MANSFIELD,OH,19,3,Dusk,Snow,Main,Freight Train,45,3343,13761,17104,M302,40.967196,-82.601047,31.5,26.9,10
ATK,156933,2018-12-30,5:00 PM,Raking collision,0,MANSFIELD,MA,33,3,Dusk,Clear,Main,Passenger Train - Pulling,125,9023,0,17954,E89C,42.033157,-71.218732,47.5,29.8,34.7
MBTA,7115,2018-12-30,5:00 PM,Raking collision,0,MANSFIELD,MA,33,3,Dusk,Clear,Main,Passenger Train - Pushing,30,8931,0,17954,E89C,42.033157,-71.218732,47.5,29.8,34.7
UP,0319GC050,2019-03-20,10:03 PM,Derailment,0,MANSFIELD,LA,56,4,Dark,Cloudy,Main,Freight Train,0,180011,116111,406974,E64C,32.136164,-93.479861,57.2,56.6,57.8