reportingrailroadcode,accidentnumber,date,time,accidenttype,hazmatreleasedcars,station,stateabbr,temperature,visibility_code,visibility,weathercondition,tracktype,equipmenttype,trainspeed,equipmentdamagecost,trackdamagecost,totaldamagecost,primaryaccidentcausecode,latitude,longitude,prior_temp,actual_temp,following_temp
UP,1116FW005,2016-11-08,10:28 AM,Obstruction,0,MANSFIELD,TX,64,2,Day,Rain,Main,Spec. MoW Equip.,21,33594,0,53107,H605,32.585534,-97.183387,64.6,63,62.6
UP,1116FW005,2016-11-08,10:28 AM,Obstruction,0,MANSFIELD,TX,64,2,Day,Rain,Main,Spec. MoW Equip.,0,19513,0,53107,H605,32.585534,-97.183387,64.6,63,62.6
UP,0715FW027,2015-07-26,3:17 PM,Derailment,0,MANSFIELD,TX,100,2,Day,Clear,Main,,0,0,327770,1593656,H599,32.549464,-97.066846,88.2,88.2,88.6
ATK,167839,2021-07-24,6:36 AM,Obstruction,0,MANSFIELD,MA,65,1,Dawn,Clear,Main,Passenger Train - Pulling,100,28897,0,28897,M509,42.01031,-71.235963,70.2,69.2,69
BNSF,HL0123123,2023-01-28,2:44 AM,Derailment,0,MANSFIELD,MO,40,4,Dark,Clear,Main,Freight Train,25,16762,70000,86762,E53C,37.096283,-92.538709,38.8,44.1,31.1
UP,0319GC050,2019-03-20,10:03 PM,Derailment,0,MANSFIELD,LA,56,4,Dark,Cloudy,Main,Freight Train,0,110852,0,406974,E64C,32.136164,-93.479861,57.2,56.6,57.8
KCS,15080802,2015-08-08,8:20 AM,Hwy-rail crossing,0,MANSFIELD,LA,83,2,Day,Clear,Main,Freight Train,44,22237,255,22492,M302,31.90364,-93.71006,90.6,90.5,90.9
NS,120677,2016-05-28,3:55 PM,Derailment,0,MANSFIELD,OH,81,2,Day,Clear,Yard,Freight Train,4,19200,400,19600,T110,40.764695,-82.510052,74.3,73.9,71.7
NS,117587,2015-09-30,3:45 PM,Derailment,0,MANSFIELD,OH,68,2,Day,Clear,Yard,Freight Train,7,14000,2000,16000,T110,40.754054,-82.497262,68.4,58.2,53.2
BNSF,TX0715107,2015-07-26,3:17 PM,Derailment,0,MANSFIELD,TX,101,2,Day,Clear,Main,Freight Train,30,1265886,0,1593656,T109,32.549464,-97.066846,88.2,88.2,88.6
IC,872098,2015-11-23,12:02 AM,Derailment,0,MANTENO,IL,37,4,Dark,Clear,Main,Freight Train,35,51546,8300,59846,H503,41.251185,-87.833605,17.3,30.6,31.8
BNSF,SW0424111,2024-04-26,12:38 PM,Derailment,6,MANUELITO,NM,60,2,Day,Cloudy,Main,Freight Train,52,3779995,977000,4756995,H703,35.370084,-109.040431,48.5,47.7,38.8
BNSF,RD1122201,2022-11-01,8:13 AM,Hwy-rail crossing,0,MANVEL,TX,64,1,Dawn,Rain,Main,Freight Train,52,8000,275000,283000,M302,29.473461,-95.38526,65.6,64.3,68.9
UP,1218GP008,2018-12-04,3:41 AM,Derailment,0,MANVILLE,WY,17,4,Dark,Cloudy,Main,Freight Train,38,16778,385470,402248,E62C,42.766581,-104.716663,25.3,22.6,24.6
UP,0615NP020,2015-06-13,2:34 AM,Other (describe in narrative),0,MANVILLE,WY,50,4,Dark,Rain,Main,Freight Train,0,961461,821347,1782808,M103,42.78121,-104.611835,64.2,67.4,64
UP,1216NP009,2016-12-15,8:22 AM,Derailment,0,MANVILLE,WY,16,2,Day,Cloudy,Main,Freight Train,33,6874,183792,190666,H995,42.78282,-104.618029,11.5,27.1,9.2
UP,0517NP001,2017-05-01,1:53 PM,Fire/violent rupture,0,MANVILLE,WY,52,2,Day,Clear,Main,Freight Train,0,68822,0,68822,E74L,42.784139,-104.635619,41.1,41.5,44.1
UP,0317NP020,2017-03-09,3:20 PM,Derailment,0,MANVILLE,WY,42,2,Day,Cloudy,Main,Freight Train,30,54960,229901,284861,E53C,42.777361,-104.682421,42.3,41.2,37.8
NS,120955,2016-06-21,12:30 AM,Raking collision,0,MANVILLE,NJ,71,4,Dark,Clear,Yard,Freight Train,6,33300,0,33300,E39C,40.547018,-74.578244,76,77.6,72.4
UP,0615NP019,2015-06-12,3:30 PM,Other (describe in narrative),0,MANVILLE,WY,50,2,Day,Rain,Main,Freight Train,0,1072997,797074,1870071,M103,42.78121,-104.611835,59.6,64.2,67.4
UP,1016NP006,2016-10-05,8:35 PM,Fire/violent rupture,0,MANVILLE,WY,49,2,Day,Cloudy,Main,Freight Train,12,61401,0,61401,E79L,42.757337,-104.824771,45.8,41.9,38
UP,0115NP023,2015-01-18,11:20 PM,Derailment,0,MANVILLE,WY,32,4,Dark,Clear,Main,Freight Train,16,9230,193111,202341,E53C,42.779404,-104.67831,36.1,45,38
CSX,000162410,2016-06-21,12:30 AM,Raking collision,0,MANVILLE,NJ,71,4,Dark,Clear,Yard,,0,0,0,33300,E39C,40.547831,-74.574547,76,77.6,72.4
CRSH,135328,2019-08-30,2:35 PM,Raking collision,0,MANVILLE,NJ,84,2,Day,Clear,Main,Freight Train,5,18668,0,35374,H302,40.649693,-74.293336,70.6,70.7,71.3
CRSH,135328,2019-08-30,2:35 PM,Raking collision,0,MANVILLE,NJ,84,2,Day,Clear,Main,Cut of cars,0,16706,0,35374,H302,40.649693,-74.293336,70.6,70.7,71.3
CSX,000165107,2016-12-12,2:04 AM,Derailment,0,MANVILLE,NJ,30,4,Dark,Rain,Yard,Freight Train,5,20233,20240,40473,H506,40.544479,-74.579652,27.2,35.6,34.2
UP,0517NP002,2017-05-03,9:03 AM,Fire/violent rupture,0,MANVILLE,WY,38,2,Day,Cloudy,Main,Freight Train,0,139900,0,139900,E73L,42.757193,-104.816563,44.1,44.9,52.6
KCS,21043001,2021-04-30,12:15 PM,Obstruction,0,MANY,LA,75,2,Day,Rain,Main,Spec. MoW Equip.,4,13200,0,13200,H402,31.563096,-93.482883,68.3,67.9,69.4
KCS,17082302,2017-08-23,4:57 PM,Hwy-rail crossing,0,MANY,LA,95,2,Day,Clear,Main,Freight Train,43,6093,23432,29525,M303,31.565712,-93.491005,68,70.2,69.1
KCS,21043001,2021-04-30,12:15 PM,Obstruction,0,MANY,LA,75,2,Day,Rain,Main,Spec. MoW Equip.,4,0,0,13200,H402,31.563096,-93.482883,68.3,67.9,69.4
NS,152584,2023-03-19,9:37 PM,Hwy-rail crossing,0,MAPLE HEIGHTS,OH,30,4,Dark,Cloudy,Main,Freight Train,50,19658,13652,33310,M303,41.42376,-81.585104,29.2,27.5,38.6
NS,135712,2019-10-03,11:45 PM,Derailment,0,MAPLE HEIGHTS,OH,65,4,Dark,Clear,Yard,Freight Train,4,293,18217,18510,H306,41.403611,-81.560478,73.7,67.4,58.8
UP,0818PR009,2018-08-14,6:35 AM,Fire/violent rupture,0,MAPLE PARK,IL,75,1,Dawn,Clear,Main,Freight Train,40,26773,132,26905,E74L,41.914868,-88.644802,73.6,74.6,74.6
NS,122805,2016-11-18,10:30 AM,Hwy-rail crossing,0,MAPLESVILLE,AL,72,2,Day,Clear,Main,Freight Train,40,11995,194,12189,M308,32.793037,-86.870915,58.2,59.6,53.8
NS,141539,2021-05-13,7:00 PM,Derailment,0,MAPLETON,PA,50,3,Dusk,Clear,Main,Freight Train,45,13844,2091,15935,H503,40.396319,-77.942828,49.6,52.3,56.1
UP,1121MA047,2021-11-17,2:53 PM,Obstruction,0,MAPLEWOOD,MO,50,2,Day,Rain,Main,,0,0,0,55483,M404,38.624144,-90.271643,55.2,58.6,41.6
UP,0718ST010,2018-07-10,4:30 PM,Derailment,0,MARANA,AZ,75,2,Day,Rain,Main,Freight Train,54,1026351,197220,1223571,M103,32.39057,-111.11779,79.1,72.9,77.7
UP,1023LA051,2023-10-31,3:15 PM,Hwy-rail crossing,0,MARANA,AZ,74,2,Day,Clear,Main,Freight Train,69,7468,437317,444785,M308,32.425091,-111.162989,61.1,64.3,67
UP,1021LA038,2021-10-23,1:03 AM,Derailment,0,MARANA,AZ,67,4,Dark,Clear,Industry,Yard/switching,3,8033,7610,15643,H702,32.411316,-111.152205,70.8,70.4,70.8
UP,0424LA029,2024-04-17,3:00 PM,Derailment,0,MARANA,AZ,86,2,Day,Clear,Industry,Freight Train,4,19212,150,19362,T319,32.411474,-111.153212,66.5,72.3,75.2
UP,1022SX008,2022-10-12,1:15 AM,Derailment,0,MARATHON,TX,58,4,Dark,Clear,Main,Freight Train,29,234190,112715,346905,E39C,30.361331,-103.503729,62,65.7,64
UP,0322SX025,2022-03-30,9:34 AM,Derailment,0,MARATHON,TX,51,2,Day,Clear,Main,Freight Train,28,11319,74452,85771,M405,30.203138,-103.091615,70.2,56.4,57.1
NYSW,150528A,2015-05-28,7:05 AM,Derailment,0,MARATHON,NY,65,1,Dawn,Cloudy,Main,Freight Train,25,86456,394750,481206,M405,42.439203,-76.037023,72.5,66.6,66.4
KCS,17070401,2017-07-04,3:35 PM,Derailment,0,MARBLE CITY,OK,84,2,Day,Rain,Main,Freight Train,40,1516,80000,81516,E61C,35.536011,-94.841354,77,76,77
CSX,000158076,2016-03-12,5:26 PM,Derailment,0,MARBURY,AL,78,3,Dusk,Clear,Main,Freight Train,11,13211,377,13588,E22C,32.697823,-86.463081,69.4,69.7,68.6
BNSF,CH0721106,2021-07-08,8:55 PM,Derailment,0,MARCELINE,MO,68,3,Dusk,Clear,Main,Freight Train,53,1884750,1520000,3404750,H504,39.742359,-92.925334,75.7,72.6,76.4
ATK,174454,2023-04-20,4:45 AM,Derailment,0,MARCUS HOOK,PA,50,1,Dawn,Clear,Siding,,0,0,20150,27350,H706,39.821301,-75.419204,54,60,63
CRSH,130133,2018-07-08,3:31 PM,Raking collision,0,MARCUS HOOK,PA,80,2,Day,Clear,Industry,Freight Train,3,4475,0,14015,H302,39.813641,-75.418455,70.8,71.8,74.8
CRSH,118303,2015-11-20,1:30 PM,Raking collision,0,MARCUS HOOK,PA,53,2,Day,Clear,Industry,Cut of cars,0,4142,0,11762,H306,39.812433,-75.413624,61.8,51.9,46.3
NS,115966,2015-06-05,1:00 PM,Other impacts,0,MARCUS HOOK,PA,73,2,Day,Clear,Yard,Freight Train,2,29100,100,29200,H312,39.827822,-75.405682,61.8,63.5,71.4
CRSH,118303,2015-11-20,1:30 PM,Raking collision,0,MARCUS HOOK,PA,53,2,Day,Clear,Industry,Yard/switching,4,6620,1000,11762,H306,39.812433,-75.413624,61.8,51.9,46.3
ATK,143994,2016-08-22,8:48 AM,Other (describe in narrative),0,MARCUS HOOK,PA,85,2,Day,Clear,Main,Passenger Train - Pulling,90,18056,4396,22452,E78L,39.82299,-75.417307,77.7,74.4,71.7
CRSH,138138,2020-06-03,11:12 PM,Derailment,0,MARCUS HOOK,PA,70,4,Dark,Cloudy,Yard,Yard/switching,2,102575,3500,106075,H018,39.808136,-75.430148,65.6,73.9,77.5
CRSH,130133,2018-07-08,3:31 PM,Raking collision,0,MARCUS HOOK,PA,80,2,Day,Clear,Industry,Single Car,0,9540,0,14015,H302,39.813641,-75.418455,70.8,71.8,74.8
CRSH,133780,2019-05-01,3:00 AM,Raking collision,0,MARCUS HOOK,PA,55,4,Dark,Clear,Yard,Single Car,0,13865,0,29930,H318,39.827097,-75.393784,61.2,56.5,65
CRSH,133780,2019-05-01,3:00 AM,Raking collision,0,MARCUS HOOK,PA,55,4,Dark,Clear,Yard,Yard/switching,3,16065,0,29930,H318,39.827097,-75.393784,61.2,56.5,65
UP,0419MA024,2019-04-11,11:45 AM,Hwy-rail crossing,0,MARIANNA,AR,74,2,Day,Cloudy,Main,Freight Train,25,13539,99,13638,M303,34.684372,-90.735996,68.6,71,58.5
FGA,D12162022,2022-12-16,2:25 AM,Derailment,0,MARIANNA,FL,44,4,Dark,Clear,Industry,Freight Train,2,250,6350,6600,H306,30.736084,-85.184836,59,48,48.9
UP,1115ST004,2015-11-05,6:20 PM,Hwy-rail crossing,0,MARICOPA,AZ,61,4,Dark,Clear,Main,Freight Train,60,10609,0,10609,M302,33.056441,-112.04841,58.7,55.9,57
UP,0522LA015,2022-05-11,9:29 AM,Hwy-rail crossing,0,MARICOPA,AZ,65,2,Day,Clear,Main,Freight Train,66,20294,15000,35294,M303,33.079463,-112.117511,76.6,75.3,71.3
KJRY,ID240010,2024-01-11,12:59 PM,Head on collision,0,MARIETTA,IL,28,2,Day,Snow,Main,Freight Train,10,43128,20500,63628,T220,40.493198,-90.430539,28.1,26.3,29.5
BNSF,RD0915200,2015-09-09,1:00 PM,Hwy-rail crossing,0,MARIETTA,OK,80,2,Day,Clear,Main,Maint./inspect Car,8,58500,0,58500,M302,34.064654,-97.138,85.8,76.4,78.4
CSX,000139496,2015-01-02,8:36 PM,Obstruction,0,MARIETTA,OH,28,4,Dark,Clear,Main,Freight Train,24,38897,150,39047,M402,39.35835,-81.547278,29.1,33.3,43
KJRY,KJRY200921,2020-09-21,3:05 PM,Derailment,0,MARIETTA,IL,75,2,Day,Clear,Main,Freight Train,5,2000,11016,13016,T102,40.48007,-90.378646,55.3,57.6,60.8
ELS,17007,2017-11-17,10:40 AM,Derailment,0,MARINETTE,WI,40,2,Day,Cloudy,Main,Freight Train,5,2000,38000,40000,T110,45.09911,-87.65045,32,37.5,36
UP,0823GC009,2023-08-12,2:14 AM,Other impacts,0,MARINGOUIN,LA,80,4,Dark,Clear,Yard,Yard/switching,5,51325,0,51325,M411,30.525322,-91.552395,89.1,88.4,88.1
UP,0522GC042,2022-05-26,6:00 PM,Other impacts,0,MARINGOUIN,LA,76,3,Dusk,Cloudy,Yard,Single Car,5,27467,0,27532,M411,30.527629,-91.555629,73.5,76.8,74.9
UP,1223GC016,2023-12-19,1:18 PM,Other impacts,0,MARINGOUIN,LA,56,2,Day,Clear,Yard,Single Car,5,118,0,49022,M411,30.540523,-91.566433,50.1,44.8,50.2
UP,1223GC016,2023-12-19,1:18 PM,Other impacts,0,MARINGOUIN,LA,56,2,Day,Clear,Yard,Yard/switching,2,48904,0,49022,M411,30.540523,-91.566433,50.1,44.8,50.2
UP,1123GC018,2023-11-15,8:20 AM,Other impacts,0,MARINGOUIN,LA,57,,,Cloudy,Yard,Single Car,5,55536,0,59596,H301,30.522189,-91.55161,58.8,58.9,63.1
UP,1120GC016,2020-11-14,8:25 AM,Other impacts,0,MARINGOUIN,LA,60,2,Day,Clear,Yard,Single Car,2,38955,0,56506,H312,30.54159,-91.566947,63.2,67.1,64
UP,0322GC020,2022-03-17,6:25 PM,Other impacts,0,MARINGOUIN,LA,76,3,Dusk,Clear,Yard,Yard/switching,4,458,0,30085,M411,30.526242,-91.554913,60,62.7,71.4
UP,0322GC020,2022-03-17,6:25 PM,Other impacts,0,MARINGOUIN,LA,76,3,Dusk,Clear,Yard,Single Car,4,29627,0,30085,M411,30.526242,-91.554913,60,62.7,71.4
UP,1123GC018,2023-11-15,8:20 AM,Other impacts,0,MARINGOUIN,LA,57,,,Cloudy,Yard,Yard/switching,5,2872,1188,59596,H301,30.522189,-91.55161,58.8,58.9,63.1
UP,1023GC010,2023-10-07,8:47 PM,Other impacts,0,MARINGOUIN,LA,62,4,Dark,Clear,Yard,Yard/switching,0,0,0,250868,H307,30.523517,-91.551257,75.5,67.6,62.1
UP,1023GC010,2023-10-07,8:47 PM,Other impacts,0,MARINGOUIN,LA,62,4,Dark,Clear,Yard,Yard/switching,7,250868,0,250868,H307,30.523517,-91.551257,75.5,67.6,62.1
UP,1021GC023,2021-10-09,5:24 PM,Other impacts,0,MARINGOUIN,LA,85,2,Day,Clear,Yard,Yard/switching,5,55,0,39983,M411,30.526183,-91.554982,72.7,73,74.3
UP,0822GC002,2022-08-05,3:47 AM,Other (describe in narrative),0,MARINGOUIN,LA,71,4,Dark,Clear,Yard,Single Car,7,33185,0,33185,M411,30.523299,-91.550463,76.9,78.2,79.7
UP,0223GC019,2023-02-28,11:27 AM,Other (describe in narrative),0,MARINGOUIN,LA,76,2,Day,Clear,Yard,Single Car,0,24293,0,24293,S016,30.525322,-91.552395,74.4,74.4,75.7
UP,1021ES070,2021-10-27,2:08 PM,Obstruction,0,MARINGOUIN,LA,82,2,Day,Cloudy,Yard,Spec. MoW Equip.,2,0,15000,15000,H997,30.531709,-91.560568,71.1,71,61.5
UP,1120GC016,2020-11-14,8:25 AM,Other impacts,0,MARINGOUIN,LA,60,2,Day,Clear,Yard,Freight Train,12,17551,0,56506,H312,30.54159,-91.566947,63.2,67.1,64
UP,0921GC023,2021-09-16,3:45 PM,Other impacts,0,MARINGOUIN,LA,87,2,Day,Clear,Yard,Freight Train,0,0,0,15351,H523,30.524317,-91.551376,75.1,77,79.3
UP,0921GC023,2021-09-16,3:45 PM,Other impacts,0,MARINGOUIN,LA,87,2,Day,Clear,Yard,Yard/switching,6,791,14560,15351,H523,30.524317,-91.551376,75.1,77,79.3
UP,0822GC022,2022-08-27,11:30 PM,Other impacts,0,MARINGOUIN,LA,74,4,Dark,Clear,Yard,Light loco(s),0,51384,0,51384,H702,30.519816,-91.548197,78.9,79.8,80.5
UP,1121GC025,2021-11-20,2:20 PM,Other impacts,0,MARINGOUIN,LA,73,2,Day,Clear,Yard,Freight Train,6,269373,1630,311029,H306,30.542002,-91.567116,51.4,56.2,65.4
UP,1121GC025,2021-11-20,2:20 PM,Other impacts,0,MARINGOUIN,LA,73,2,Day,Clear,Yard,Yard/switching,6,40026,0,311029,H306,30.542002,-91.567116,51.4,56.2,65.4
UP,0323GC003,2023-03-07,1:02 AM,Other impacts,0,MARINGOUIN,LA,70,4,Dark,Clear,Yard,Light loco(s),0,21126,0,49908,H306,30.519816,-91.548197,71.9,75,74.6
RALI,RAI540420,2020-01-14,7:45 PM,Derailment,0,MARINGOUIN,LA,74,4,Dark,Clear,Yard,Freight Train,3,15220,0,15220,H307,30.500549,-91.562978,60.3,70.8,70.8
UP,0323GC003,2023-03-07,1:02 AM,Other impacts,0,MARINGOUIN,LA,70,4,Dark,Clear,Yard,Light loco(s),5,28782,0,49908,H306,30.519816,-91.548197,71.9,75,74.6
UP,1023GC027,2023-10-21,4:43 PM,Other impacts,0,MARINGOUIN,LA,89,2,Day,Clear,Yard,Single Car,5,41915,0,42488,M411,30.527479,-91.556529,73,70.4,71
UP,0920GC034,2020-09-26,4:55 PM,Other impacts,0,MARINGOUIN,LA,81,2,Day,Clear,Yard,Yard/switching,3,11980,0,22084,M411,30.527573,-91.555702,70.1,73,75.7
UP,1023GC027,2023-10-21,4:43 PM,Other impacts,0,MARINGOUIN,LA,89,2,Day,Clear,Yard,Yard/switching,4,573,0,42488,M411,30.527479,-91.556529,73,70.4,71
UP,0122GC055,2022-01-12,9:00 PM,Other impacts,0,MARINGOUIN,LA,44,4,Dark,Clear,Yard,Yard/switching,8,252,150,23238,H306,30.530387,-91.557119,46,49.4,50.8
UP,0823GC006,2023-08-09,6:00 PM,Derailment,0,MARINGOUIN,LA,95,3,Dusk,Clear,Yard,Yard/switching,10,2046,4455,103908,S016,30.523019,-91.552748,87.6,87.9,88.9
UP,0920GC035,2020-09-26,2:44 PM,Derailment,0,MARINGOUIN,LA,83,2,Day,Clear,Yard,Freight Train,6,27736,33106,60842,H607,30.512025,-91.541065,70.1,73,75.7
UP,0823GC006,2023-08-09,6:00 PM,Derailment,0,MARINGOUIN,LA,95,3,Dusk,Clear,Yard,Yard/switching,10,97407,0,103908,S016,30.523019,-91.552748,87.6,87.9,88.9
UP,0822GC022,2022-08-27,11:30 PM,Other impacts,0,MARINGOUIN,LA,74,4,Dark,Clear,Yard,Light loco(s),8,0,0,51384,H702,30.519816,-91.548197,78.9,79.8,80.5
UP,0917LV021,2017-09-29,4:10 PM,Other impacts,0,MARINGOUIN,LA,86,2,Day,Cloudy,Yard,Yard/switching,0,126,0,15086,H302,30.50312,-91.552601,80.5,78.6,75.9
UP,0920GC034,2020-09-26,4:55 PM,Other impacts,0,MARINGOUIN,LA,81,2,Day,Clear,Yard,Single Car,3,10104,0,22084,M411,30.527573,-91.555702,70.1,73,75.7
UP,0122GC055,2022-01-12,9:00 PM,Other impacts,0,MARINGOUIN,LA,44,4,Dark,Clear,Yard,Freight Train,0,22836,0,23238,H306,30.530387,-91.557119,46,49.4,50.8
UP,0621GC016,2021-06-15,9:24 PM,Other impacts,0,MARINGOUIN,LA,80,4,Dark,Cloudy,Yard,Yard/switching,5,200,2014,88081,S016,30.530818,-91.559974,79.9,82.7,82.1
UP,0621GC016,2021-06-15,9:24 PM,Other impacts,0,MARINGOUIN,LA,80,4,Dark,Cloudy,Yard,Yard/switching,2,85867,0,88081,S016,30.530818,-91.559974,79.9,82.7,82.1
UP,0224GC022,2024-02-16,9:02 PM,Derailment,0,MARINGOUIN,LA,60,4,Dark,Cloudy,Yard,Yard/switching,4,11427,12300,23727,E40C,30.524059,-91.551554,57.6,60.4,46.1
UP,0322GC021,2022-03-14,11:42 PM,Other (describe in narrative),0,MARINGOUIN,LA,64,4,Dark,Cloudy,Yard,Yard/switching,0,41824,0,41824,M411,30.527293,-91.555566,45.2,57.5,61
RALI,RAI965822,2022-05-19,5:55 PM,Other (describe in narrative),0,MARINGOUIN,LA,90,2,Day,Clear,Yard,Light loco(s),12,24704,0,24704,H601,30.522542,-91.555815,80.6,80.1,80.9
UP,0623GC030,2023-06-25,7:14 AM,Other impacts,0,MARINGOUIN,LA,77,2,Day,Clear,Yard,Yard/switching,2,1304,0,62880,M411,30.525438,-91.552401,82.7,86,82.5
UP,0422GC003,2022-04-02,11:52 AM,Other impacts,0,MARINGOUIN,LA,72,2,Day,Clear,Yard,Yard/switching,10,1027,66,17620,M408,30.530905,-91.559608,58.5,65.2,66.4
UP,0623GC030,2023-06-25,7:14 AM,Other impacts,0,MARINGOUIN,LA,77,2,Day,Clear,Yard,Single Car,5,61576,0,62880,M411,30.525438,-91.552401,82.7,86,82.5
UP,0922GC025,2022-09-29,7:21 PM,Derailment,0,MARINGOUIN,LA,65,3,Dusk,Clear,Yard,Cut of cars,0,54851,0,329361,E39C,30.532596,-91.559239,68.8,62.3,63.8
UP,0920GC033,2020-09-27,1:30 AM,Other impacts,0,MARINGOUIN,LA,70,4,Dark,Clear,Yard,Yard/switching,6,23875,17858,262849,M411,30.52644,-91.554669,73,75.7,70.6
UP,0618LV008,2018-06-04,9:41 AM,Other (describe in narrative),0,MARINGOUIN,LA,75,2,Day,Clear,Yard,Yard/switching,4,28553,1650,30203,M411,30.509932,-91.537799,81.7,82.9,76
UP,0419GC001,2019-04-01,5:02 AM,Other impacts,0,MARINGOUIN,LA,40,1,Dawn,Cloudy,Yard,Yard/switching,3,4022,0,44196,M411,30.525848,-91.555362,50.8,51,53.7
UP,0922GC025,2022-09-29,7:21 PM,Derailment,0,MARINGOUIN,LA,65,3,Dusk,Clear,Yard,Cut of cars,0,73921,0,329361,E39C,30.532596,-91.559239,68.8,62.3,63.8
UP,0920GC033,2020-09-27,1:30 AM,Other impacts,0,MARINGOUIN,LA,70,4,Dark,Clear,Yard,Cut of cars,6,221116,0,262849,M411,30.52644,-91.554669,73,75.7,70.6
UP,0922GC025,2022-09-29,7:21 PM,Derailment,0,MARINGOUIN,LA,65,3,Dusk,Clear,Yard,Yard/switching,10,199989,600,329361,E39C,30.532596,-91.559239,68.8,62.3,63.8
UP,0419GC001,2019-04-01,5:02 AM,Other impacts,0,MARINGOUIN,LA,40,1,Dawn,Cloudy,Yard,Cut of cars,3,40174,0,44196,M411,30.525848,-91.555362,50.8,51,53.7
UP,1021GC023,2021-10-09,5:24 PM,Other impacts,0,MARINGOUIN,LA,85,2,Day,Clear,Yard,Cut of cars,6,39928,0,39983,M411,30.526183,-91.554982,72.7,73,74.3
UP,1121GC017,2021-11-15,4:32 PM,Other (describe in narrative),0,MARINGOUIN,LA,65,2,Day,Clear,Yard,Yard/switching,4,20528,0,20528,M411,30.527882,-91.556531,50.8,58.5,62.9
UP,0423GC023,2023-04-23,1:21 AM,Other (describe in narrative),0,MARINGOUIN,LA,59,4,Dark,Clear,Yard,Yard/switching,5,85154,0,85154,M201,30.526698,-91.555085,66.7,62.6,61.9
UP,0920GC033,2020-09-27,1:30 AM,Other impacts,0,MARINGOUIN,LA,70,4,Dark,Clear,Yard,Single Car,6,0,0,262849,M411,30.52644,-91.554669,73,75.7,70.6
UP,0419GC058,2019-04-18,3:00 AM,Obstruction,0,MARINGOUIN,LA,69,4,Dark,Cloudy,Yard,Yard/switching,2,0,14100,14100,M201,30.530194,-91.558545,70.7,68.3,58
UP,1221GC013,2021-12-17,12:01 AM,Other impacts,0,MARINGOUIN,LA,67,4,Dark,Cloudy,Yard,Yard/switching,4,21562,0,22098,M411,30.527246,-91.557302,71.4,69.4,68.1
UP,0522GC042,2022-05-26,6:00 PM,Other impacts,0,MARINGOUIN,LA,76,3,Dusk,Cloudy,Yard,Yard/switching,10,65,0,27532,M411,30.527629,-91.555629,73.5,76.8,74.9
UP,0522GC039,2022-05-31,3:42 PM,Other impacts,0,MARINGOUIN,LA,91,2,Day,Cloudy,Yard,Single Car,0,41956,0,41956,M411,30.526811,-91.555188,80.1,78.8,78.7
UP,0823GC009,2023-08-12,2:14 AM,Other impacts,0,MARINGOUIN,LA,80,4,Dark,Clear,Yard,Single Car,5,0,0,51325,M411,30.525322,-91.552395,89.1,88.4,88.1
UP,1223GC027,2023-12-19,7:54 PM,Other impacts,0,MARINGOUIN,LA,66,3,Dusk,Cloudy,Yard,Single Car,8,12556,0,12556,M411,30.525257,-91.553708,50.1,44.8,50.2
UP,0417LV017,2017-04-17,3:35 PM,Derailment,0,MARINGOUIN,LA,80,2,Day,Clear,Yard,Yard/switching,8,61764,4451,66215,T102,30.521227,-91.548942,71.1,72,72.5
UP,0823GC021,2023-08-30,4:30 PM,Other impacts,0,MARINGOUIN,LA,93,2,Day,Clear,Yard,Yard/switching,10,657,2160,15570,T305,30.523532,-91.552196,81.8,83.2,80.8
UP,0823GC021,2023-08-30,4:30 PM,Other impacts,0,MARINGOUIN,LA,93,2,Day,Clear,Yard,Cut of cars,5,12753,0,15570,T305,30.523532,-91.552196,81.8,83.2,80.8
UP,0516LK028,2016-05-28,3:00 PM,Derailment,0,MARION,AR,80,2,Day,Clear,Yard,Yard/switching,4,10817,8000,18817,H702,35.20704,-90.28777,73.1,75,76.9
TSWS,06242023,2023-06-26,6:25 AM,Derailment,0,MARION,AR,78,1,Dawn,Clear,Yard,Freight Train,6,60000,10000,70000,H702,35.19485,-90.247923,82.9,78.9,77.7
TSWS,9202018002,2018-08-18,2:45 PM,Derailment,0,MARION,AR,88,2,Day,Clear,Yard,Yard/switching,6,65000,20000,85000,H210,35.19592,-90.265865,77.3,78.6,80.1
ATK,166256,2021-01-19,7:42 PM,Hwy-rail crossing,0,MARION,OR,39,4,Dark,Clear,Main,Passenger Train - Pushing,70,25000,0,25150,M399,44.748414,-122.941726,41.1,40.7,37.4
BNSF,HL1023115,2023-10-26,4:30 PM,Derailment,0,MARION,AR,83,2,Day,Clear,Yard,Freight Train,5,16000,0,16000,H307,35.232754,-90.205612,72.1,72.8,75.1
TSWS,7192023,2023-07-19,11:25 PM,,0,MARION,AR,78,,,,Yard,,10,70000,10000,80000,H306,35.195488,-90.254569,81.4,84.1,85.4
CSX,000218310,2024-05-26,2:09 AM,Derailment,0,MARION,AR,77,4,Dark,Cloudy,Main,Yard/switching,4,7625,0,70806,H703,35.194488,-90.243792,76.9,80.9,77.2
NS,113911,2015-01-02,11:20 AM,Hwy-rail crossing,0,MARION,IN,20,2,Day,Clear,Yard,Cut of cars,4,0,15000,15000,M302,40.560385,-85.712413,23.5,27.9,36
UP,0819SX002,2019-08-02,9:32 AM,Hwy-rail crossing,0,MARION,TX,82,2,Day,Clear,Main,,0,0,231,36408,M302,29.574423,-98.12387,85.4,85.4,85.8
ATK,160414,2019-08-02,9:32 AM,Hwy-rail crossing,0,MARION,TX,90,2,Day,Clear,Main,Passenger Train - Pulling,79,36177,0,36408,M302,29.575127,-98.119642,85.4,85.4,85.8