reportingrailroadcode,accidentnumber,date,time,accidenttype,hazmatreleasedcars,station,stateabbr,temperature,visibility_code,visibility,weathercondition,tracktype,equipmenttype,trainspeed,equipmentdamagecost,trackdamagecost,totaldamagecost,primaryaccidentcausecode,latitude,longitude,prior_temp,actual_temp,following_temp
BNSF,TC1222114,2022-12-20,8:45 AM,Other impacts,0,MARION,SD,5,1,Dawn,Clear,Industry,Freight Train,5,24900,0,24900,H307,43.443661,-97.295941,4,-2.8,-0.1
CSX,000211941,2023-06-24,9:02 AM,Derailment,0,MARION,OH,70,2,Day,Clear,Main,Freight Train,8,10000,101557,111557,E29C,40.58821,-83.151771,67,72.2,74.3
CSX,000219582,2024-07-26,1:17 PM,Hwy-rail crossing,0,MARION,SC,84,2,Day,Cloudy,Main,,0,0,116,21419,M302,34.251486,-79.497811,76.5,75,77.2
BNSF,TC1120108,2020-11-19,10:30 PM,Obstruction,0,MARION,SD,50,4,Dark,Clear,Industry,Freight Train,4,56967,0,56967,M404,43.432833,-97.275429,48.6,48.7,36.3
CSX,000208700,2022-12-06,11:12 AM,Hwy-rail crossing,0,MARION,OH,45,2,Day,Cloudy,Main,Freight Train,13,2021,9509,11530,M303,40.585883,-83.217381,36,45,46.2
NS,137549,2020-03-22,11:00 AM,Other impacts,0,MARION,MS,60,2,Day,Clear,Industry,Freight Train,3,8000,0,16000,H301,32.390458,-88.658867,59.1,59.9,70.9
NS,137549,2020-03-22,11:00 AM,Other impacts,0,MARION,MS,60,2,Day,Clear,Industry,Cut of cars,0,8000,0,16000,H301,32.390458,-88.658867,59.1,59.9,70.9
CSX,000174146,2018-01-20,11:15 AM,Obstruction,0,MARION,OH,35,2,Day,Clear,Main,Maint./inspect Car,0,2000,32,12285,H993,40.585887,-83.206067,24.5,34.8,41.4
CSX,000174146,2018-01-20,11:15 AM,Obstruction,0,MARION,OH,35,2,Day,Clear,Main,Maint./inspect Car,25,10253,0,12285,H993,40.585887,-83.206067,24.5,34.8,41.4
CSX,000180519,2018-12-30,10:27 AM,Derailment,2,MARION,NC,52,2,Day,Clear,Main,Freight Train,22,40931,2037,42968,M199,35.857598,-82.005269,49.2,48.4,51.6
UP,1118LK044,2018-11-29,12:30 PM,Other (describe in narrative),0,MARION,AR,59,2,Day,Cloudy,Yard,Freight Train,6,0,12408,12408,H702,35.195669,-90.254184,40.3,58.9,66.5
TSWS,92020174,2017-07-01,11:30 AM,Derailment,0,MARION,AR,83,2,Day,Clear,Yard,Yard/switching,3,70000,27578,97578,H513,35.203403,-90.279329,78.4,80.5,78.9
TSWS,9202018003,2018-11-22,1:00 PM,Derailment,0,MARION,AR,45,2,Day,Clear,Yard,Light loco(s),6,15000,60000,75000,H702,35.203202,-90.279066,40.7,46.6,49.8
UP,0524MA043,2024-05-26,3:35 AM,Derailment,0,MARION,AR,76,4,Dark,Cloudy,Main,,0,0,63181,70806,H703,35.194488,-90.243792,76.9,80.9,77.2
UP,1215LK004,2015-12-07,9:30 PM,Derailment,0,MARION,AR,53,4,Dark,Cloudy,Yard,Light loco(s),4,39725,5700,45425,H306,35.195934,-90.25415,48.2,45.9,49.9
TSWS,1912152240,2019-12-15,10:40 PM,Derailment,0,MARION,AR,40,4,Dark,Rain,Yard,Yard/switching,10,3000,55403,58403,T110,35.194858,-90.246998,43.4,47.8,39.8
UP,0920MA003,2020-09-03,1:30 PM,Derailment,0,MARION,AR,82,2,Day,Cloudy,Yard,Freight Train,8,80910,95327,176237,T106,35.195536,-90.254203,79,78.2,77.7
TSWS,92020171,2017-03-12,7:45 PM,Derailment,0,MARION,AR,43,3,Dusk,Clear,Yard,Yard/switching,5,0,15098,15098,T112,35.200808,-90.276837,39.6,39.7,39.7
NS,127400,2017-11-13,4:00 PM,Derailment,0,MARION,IN,48,3,Dusk,Clear,Yard,Freight Train,7,31871,6170,38041,T110,40.549079,-85.656944,36.8,37.2,37.6
CSX,000180439,2018-12-20,6:45 PM,Fire/violent rupture,0,MARK CENTER,OH,38,3,Dusk,Rain,Main,Freight Train,41,155000,0,155000,E74L,41.288899,-84.62177,34.3,41.4,38.3
IC,1009541,2019-08-17,10:15 AM,Side collision,0,MARKHAM,IL,85,2,Day,Cloudy,Yard,Freight Train,0,2250,0,27650,H702,41.568464,-87.664073,72.5,72.5,73.8
IC,951245,2018-02-27,2:00 AM,Other impacts,0,MARKHAM,IL,40,4,Dark,Clear,Yard,Freight Train,5,10200,0,23795,E08C,41.588625,-87.654032,40.6,48.9,47.7
IC,1149731,2024-05-12,9:25 AM,Other impacts,0,MARKHAM,IL,74,2,Day,Clear,Yard,Yard/switching,4,1545,0,16545,H318,41.34391,-87.392244,58,65.9,67.1
IC,1149731,2024-05-12,9:25 AM,Other impacts,0,MARKHAM,IL,74,2,Day,Clear,Yard,Single Car,1,15000,0,16545,H318,41.34391,-87.392244,58,65.9,67.1
IC,891160,2016-06-10,6:19 PM,Derailment,0,MARKHAM,IL,89,2,Day,Clear,Yard,Freight Train,0,49391,0,235327,H503,41.577893,-87.65605,63.8,79.6,83.6
BNSF,RD0522201,2022-05-01,8:34 PM,Hwy-rail crossing,0,MARKHAM,TX,75,3,Dusk,Clear,Main,Freight Train,47,20000,0,20132,M302,29.02673,-95.785171,77.9,77.3,78.8
IC,1039487,2020-06-23,11:10 PM,Derailment,0,MARKHAM,IL,65,4,Dark,Clear,Yard,Yard/switching,5,23624,9672,33296,H702,41.565804,-87.665245,71.7,68.4,69.2
IC,1022191,2019-12-26,12:45 PM,Derailment,0,MARKHAM,IL,60,2,Day,Clear,Yard,Freight Train,5,15000,100,15100,H525,41.594727,-87.665997,48.4,53.6,34.1
IC,1029697,2020-03-14,5:05 PM,Side collision,0,MARKHAM,IL,32,2,Day,Cloudy,Yard,Yard/switching,5,2500,0,12000,H318,41.595022,-87.650822,41.8,36.3,35.2
IC,1029697,2020-03-14,5:05 PM,Side collision,0,MARKHAM,IL,32,2,Day,Cloudy,Yard,Single Car,3,9500,0,12000,H318,41.595022,-87.650822,41.8,36.3,35.2
IC,1009541,2019-08-17,10:15 AM,Side collision,0,MARKHAM,IL,85,2,Day,Cloudy,Yard,Freight Train,4,22100,3300,27650,H702,41.568464,-87.664073,72.5,72.5,73.8
IC,891160,2016-06-10,6:19 PM,Derailment,0,MARKHAM,IL,89,2,Day,Clear,Yard,Freight Train,8,109015,76921,235327,H503,41.577893,-87.65605,63.8,79.6,83.6
IC,910610,2017-01-09,3:43 AM,Fire/violent rupture,0,MARKS,MS,26,4,Dark,Cloudy,Main,Freight Train,40,104500,2500,107000,M507,34.25645,-90.272749,21.4,35.6,58.1
CSX,000167363,2017-03-10,7:22 PM,Derailment,0,MARLBOROUGH,MA,35,3,Dusk,Clear,Main,Freight Train,8,17314,698,18012,T110,42.328594,-71.540474,42.5,29.9,13.8
UP,0622TO032,2022-06-23,2:30 PM,Derailment,0,MARLIN,TX,95,2,Day,Clear,Siding,Freight Train,29,222594,355328,577922,T204,31.26945,-96.899555,88.3,90.3,90.7
UP,0623TO004,2023-06-04,11:06 AM,Derailment,0,MARLOW,OK,78,2,Day,Clear,Main,Freight Train,48,1002469,158298,1160767,E62C,34.66054,-97.954359,71,72.6,74.8
LSI,64456,2015-04-27,1:00 AM,Derailment,0,MARQUETTE,MI,32,4,Dark,Clear,Yard,Freight Train,13,8771,37173,45944,E61C,46.582138,-87.406368,38.1,38.4,40
LSI,64786,2015-07-18,1:35 PM,Derailment,0,MARQUETTE,MI,75,2,Day,Clear,Yard,Freight Train,8,65028,62869,127897,M507,46.582689,-87.403908,63,71.3,74
UP,0123MA048,2023-01-17,3:10 PM,Hwy-rail crossing,0,MARSHALL,TX,77,2,Day,Cloudy,Main,Freight Train,40,21322,18832,40154,M303,32.667913,-94.343297,65.2,66.8,62.3
UP,0623MA037,2023-06-28,10:55 AM,Derailment,0,MARSHALL,TX,85,2,Day,Cloudy,Main,Freight Train,5,707269,1192,708461,H503,32.553642,-94.367374,85.5,85.3,85
UP,0319MA031,2019-03-21,1:20 AM,Derailment,0,MARSHALL,TX,41,4,Dark,Clear,Main,Freight Train,4,161752,3170,164922,H702,32.551457,-94.364823,54.4,54.7,57.3
UP,1215LK017,2015-12-30,5:53 AM,Derailment,0,MARSHALL,TX,40,4,Dark,Cloudy,Main,Freight Train,23,1419,75826,77245,M103,32.552911,-94.367452,39.9,43.7,41.9
KCS,21050401,2021-05-04,5:40 AM,Derailment,0,MARSHALL,MO,55,4,Dark,Cloudy,Main,Freight Train,1,22507,485,22992,H707,39.122373,-93.2116,65.7,55.2,55.2
CSX,000166932,2017-02-19,4:44 AM,Derailment,0,MARSHALL,IL,34,1,Dawn,Clear,Main,Freight Train,17,0,37182,37182,H999,39.466066,-87.560987,52.6,51.9,53.7
UP,1221HL016,2021-12-19,3:55 AM,Derailment,0,MARSHALL,MO,17,4,Dark,Clear,Main,Cut of cars,0,249333,0,1370854,T207,39.054358,-93.086856,32.1,26,34.6
UP,1221HL016,2021-12-19,3:55 AM,Derailment,0,MARSHALL,MO,17,4,Dark,Clear,Main,Freight Train,40,519530,601991,1370854,T207,39.054358,-93.086856,32.1,26,34.6
UP,1118LK038,2018-11-27,2:30 AM,Derailment,0,MARSHALL,TX,32,4,Dark,Clear,Industry,Freight Train,6,7192,29910,37102,T102,32.510815,-94.502375,38.3,40.7,50.1
UP,0218LK005,2018-02-03,8:23 PM,Derailment,0,MARSHALL,TX,45,4,Dark,Cloudy,Main,Freight Train,33,13501,7030,20531,T210,32.666225,-94.343712,42.6,41.3,51.9
UP,0117LK032,2017-01-31,7:09 AM,Derailment,0,MARSHALL,TX,60,2,Day,Clear,Industry,Freight Train,6,9395,6581,15976,T111,32.550777,-94.294801,50.6,56.2,59.9
UP,0916LK018,2016-09-23,8:00 AM,Derailment,0,MARSHALL,TX,80,2,Day,Clear,Industry,Yard/switching,4,3589,8745,12334,T110,32.55022,-94.357579,76.2,78,78.4
NS,117575,2015-09-30,12:01 AM,Derailment,0,MARSHALL,VA,70,4,Dark,Rain,Main,Freight Train,0,730946,52000,782946,T002,38.871965,-77.879351,72.9,71.3,57
UP,1020GL036,2020-10-26,9:20 PM,Derailment,0,MARSHALLTOWN,IA,22,4,Dark,Clear,Yard,Freight Train,8,6258,136870,143128,E64C,42.04089,-92.918015,31.7,26.4,29
UP,0615CB011,2015-06-20,6:10 PM,Derailment,0,MARSHALLTOWN,IA,80,2,Day,Cloudy,Yard,Yard/switching,3,19121,20081,39202,H508,42.041853,-92.914402,68.7,69.1,73
UP,0919GL020,2019-09-13,6:21 PM,Derailment,0,MARSHALLTOWN,IA,69,3,Dusk,Clear,Yard,Yard/switching,5,262096,202987,465083,H703,42.04313,-92.903107,74.2,62,62.1
UP,1214CB002,2014-12-01,1:40 PM,Derailment,0,MARSHALLTOWN,IA,17,2,Day,Clear,Yard,Freight Train,7,14267,4643,18910,E44C,42.042058,-92.914465,19.5,10.4,20.7
UP,0219GL011,2019-02-06,9:04 AM,Derailment,0,MARSHALLTOWN,IA,21,2,Day,Cloudy,Yard,Yard/switching,8,5687,77556,83243,T220,42.04293,-92.898791,15.2,23.3,11.4
UP,0315CB001,2015-03-11,2:45 AM,Derailment,0,MARSHALLTOWN,IA,40,4,Dark,Cloudy,Yard,Yard/switching,5,7249,3704,10953,E67C,42.043085,-92.900417,45.3,43.6,47.7
UP,0417CB007,2017-04-26,4:00 PM,Derailment,0,MARSHALLTOWN,IA,44,2,Day,Cloudy,Industry,Light loco(s),3,500,14229,14729,M501,42.042576,-92.912679,61.6,46.9,38.2
UP,0616CB002,2016-06-09,3:51 AM,Derailment,0,MARSHALLTOWN,IA,70,4,Dark,Clear,Yard,Freight Train,7,175,11609,11784,M507,42.042629,-92.907876,66.7,78.9,83
UP,0819GL008,2019-08-04,9:51 PM,Derailment,0,MARSHALLTOWN,IA,76,4,Dark,Clear,Yard,Freight Train,7,1660,42828,44488,H503,42.042945,-92.899816,73.6,73.4,75.2
UP,0818TC008,2018-08-07,2:57 PM,Derailment,0,MARSHALLTOWN,IA,85,2,Day,Cloudy,Yard,Yard/switching,6,3669,32810,36479,T206,42.042844,-92.897562,72.6,71.3,71.1
CSX,000214244,2023-10-26,4:15 PM,Hwy-rail crossing,0,MARSHVILLE,NC,79,3,Dusk,Clear,Main,Freight Train,39,3951,15508,19459,M303,34.986456,-80.391303,57.7,63.3,65.4
BNSF,HL1218118,2018-12-21,2:20 PM,Derailment,0,MARSTON,MO,35,2,Day,Clear,Industry,Freight Train,1,14634,0,14634,M501,36.521741,-89.571641,46.4,38.3,40.2
CSX,000140697,2015-01-27,2:17 AM,Other (describe in narrative),0,MARTIN,SC,37,4,Dark,Clear,Main,Cut of cars,0,271080,0,3048132,M505,33.068728,-81.476697,47.4,40,38.1
CSX,000140697,2015-01-27,2:17 AM,Other (describe in narrative),0,MARTIN,SC,37,4,Dark,Clear,Main,Freight Train,41,2735102,41950,3048132,M505,33.068728,-81.476697,47.4,40,38.1
GDLK,220621005,2022-06-21,4:45 PM,Derailment,0,MARTIN,MI,95,2,Day,Clear,Main,Freight Train,25,201000,100106,301106,T109,42.550077,-85.636631,75.7,82.1,79.7
NS,129271,2018-04-26,12:18 PM,Derailment,0,MARTINS CREEK,PA,62,2,Day,Clear,Industry,Freight Train,9,34359,0,34359,H704,40.78279,-75.184767,56.6,57,51.7
WE,160059,2016-07-16,9:50 PM,Derailment,0,MARTINS FERRY,OH,78,4,Dark,Clear,Industry,Yard/switching,4,8800,8499,17299,H302,40.109942,-80.708828,75.3,74.3,75.4
CSX,000192634,2020-09-15,2:30 AM,Derailment,0,MARTINSBURG,WV,60,4,Dark,Clear,Yard,Freight Train,5,21329,0,21329,H702,39.462048,-77.962251,69.9,57.6,55.8
WW,WWR212887,2021-02-08,10:13 AM,Derailment,0,MARTINSBURG,WV,0,2,Day,Clear,Siding,Freight Train,6,60000,0,60000,H303,39.416584,-77.99769,31.6,25.3,31.1
CSX,000184997,2019-08-29,12:40 PM,Derailment,0,MARTINSBURG,WV,80,2,Day,Clear,Main,Freight Train,30,157522,22438,179960,E30C,39.427881,-77.904112,73.2,71.1,72.4
NS,124680,2017-04-12,7:30 AM,Hwy-rail crossing,0,MARTINSBURG,MO,61,1,Dawn,Clear,Main,Freight Train,54,3452,32927,36379,M303,39.101794,-91.647234,51.7,57.2,65.6
CSX,000213420,2023-09-11,1:05 PM,Derailment,0,MARTINSBURG,WV,86,2,Day,Clear,Main,Freight Train,36,3676,34017,37693,E53C,39.447328,-77.918992,68.2,72,68.9
NS,140889,2021-03-11,6:30 AM,Derailment,0,MARTINSVILLE,VA,58,1,Dawn,Clear,Main,Freight Train,7,194595,1811,196406,H504,36.679261,-79.88712,51.9,61.6,62.4
NS,138193,2020-06-09,5:40 PM,Derailment,0,MARTINSVILLE,VA,88,3,Dusk,Cloudy,Main,Freight Train,11,41416,10401,51817,H508,36.67727,-79.889433,71.9,77.9,76.6
CMR,01152020,2020-01-15,3:55 PM,Derailment,0,MARYLAND HEIGHTS,MO,50,2,Day,Cloudy,Main,Freight Train,10,32500,7320,39820,T101,38.691661,-90.500631,41.2,46.8,26.3
NS,122833,2016-11-21,5:55 AM,Derailment,0,MARYSVILLE,PA,37,1,Dawn,Cloudy,Main,Freight Train,10,17287,205193,238108,M105,40.334679,-76.902385,39.4,37.9,40.8
NS,122833,2016-11-21,5:55 AM,Derailment,0,MARYSVILLE,PA,37,1,Dawn,Cloudy,Main,Freight Train,0,15628,0,238108,M105,40.334679,-76.902385,39.4,37.9,40.8
BNSF,NW0918120,2018-09-25,2:40 AM,Obstruction,0,MARYSVILLE,WA,50,4,Dark,Cloudy,Main,Freight Train,45,55444,0,55444,M402,48.088906,-122.174318,53.5,53,54.1
BNSF,NW0823105,2023-08-16,1:00 PM,Derailment,0,MARYSVILLE,WA,92,2,Day,Clear,Yard,Freight Train,2,2290,21145,23435,H306,48.152841,-122.141105,76.5,76,73.3
UP,0219GP009,2019-02-07,1:10 PM,Derailment,0,MARYSVILLE,KS,14,2,Day,Cloudy,Main,Freight Train,5,37624,66,37690,E21C,39.886788,-96.694753,17.5,11.2,12.1
BNSF,NW1015107,2015-10-15,11:15 AM,Derailment,0,MARYSVILLE,WA,60,2,Day,Clear,Main,Maint./inspect Car,0,50000,0,50000,H402,48.044098,-122.18177,49.4,52.2,54
NS,140956,2021-03-18,9:40 AM,Other (describe in narrative),0,MARYSVILLE,PA,72,2,Day,Rain,Main,Single Car,6,0,20000,20000,H318,40.332534,-76.920496,41.9,46.3,41.3
CSX,000156961,2016-02-09,9:54 AM,Other impacts,0,MARYSVILLE,OH,25,2,Day,Snow,Industry,Cut of cars,0,0,189045,648905,M501,40.201848,-83.31618,36.9,25.7,17.4
CSX,000156961,2016-02-09,9:54 AM,Other impacts,0,MARYSVILLE,OH,25,2,Day,Snow,Industry,Freight Train,35,459860,0,648905,M501,40.201848,-83.31618,36.9,25.7,17.4
CSX,000173287,2017-12-08,12:22 AM,Derailment,0,MARYSVILLE,OH,18,4,Dark,Clear,Industry,Light loco(s),6,27272,732,28004,H303,40.216323,-83.331898,27,21.8,24.1
CSX,000196275,2021-03-13,9:20 AM,Derailment,0,MARYSVILLE,OH,40,2,Day,Clear,Industry,Freight Train,6,49632,2506,52138,M599,40.308492,-83.449015,47.5,37.9,41.6
UP,0917NP014,2017-09-13,7:10 PM,Derailment,0,MARYSVILLE,KS,85,3,Dusk,Clear,Main,Freight Train,13,145037,439538,584575,E51C,39.855271,-96.654432,69,72.3,79.9
NS,124440,2017-03-23,8:25 AM,Derailment,0,MARYSVILLE,PA,26,2,Day,Clear,Yard,Freight Train,7,17794,134411,152205,T110,40.323741,-76.893298,39.9,34.1,44.5
CSX,000148646,2015-07-01,11:45 PM,Derailment,0,MARYVILLE,TN,70,4,Dark,Cloudy,Main,Freight Train,34,119559,152121,271680,E53C,35.870749,-83.960941,71.5,72.1,71
MNR,346845,2020-10-10,9:20 AM,Derailment,0,MASARDIS,ME,55,2,Day,Clear,Yard,Yard/switching,10,10248,7857,18105,T221,46.556979,-68.375942,42,54.8,40.8
MNR,837406,2024-04-03,1:20 PM,Hwy-rail crossing,0,MASARDIS,ME,38,2,Day,Clear,Main,Freight Train,11,20842,23197,44039,M302,46.50388,-68.36039,33.7,34.8,32
NS,142953,2021-09-27,1:10 AM,Other (describe in narrative),0,MASCOT,TN,57,4,Dark,Clear,Yard,Yard/switching,4,190,11326,11516,H702,36.033044,-83.817204,63.2,64.3,67.8
NS,134417,2019-06-20,3:15 PM,Other (describe in narrative),0,MASCOT,TN,75,2,Day,Cloudy,Yard,Freight Train,4,11883,22332,34215,H702,36.033005,-83.817278,74.8,72.3,74.4
NS,145127,2022-04-30,9:51 AM,Other impacts,0,MASCOT,TN,72,2,Day,Clear,Yard,Yard/switching,3,3017,0,28017,H307,36.033044,-83.817204,63.7,68.6,70.5
NS,145808,2022-07-12,6:15 PM,Other (describe in narrative),0,MASCOT,TN,72,3,Dusk,Clear,Yard,Freight Train,4,463,22074,22537,H702,36.033044,-83.817204,76.5,77.9,75.9
NS,144180,2022-01-28,8:03 AM,Other (describe in narrative),0,MASCOT,TN,41,2,Day,Cloudy,Yard,Freight Train,5,792,11339,12131,H702,36.033044,-83.817204,33.5,34.5,23.9
NS,140887,2021-03-11,1:30 AM,Other (describe in narrative),0,MASCOT,TN,39,4,Dark,Clear,Yard,Yard/switching,3,1605,17767,19372,H702,36.033044,-83.817204,54,60.2,60.3
NS,145127,2022-04-30,9:51 AM,Other impacts,0,MASCOT,TN,72,2,Day,Clear,Yard,Cut of cars,0,25000,0,28017,H307,36.033044,-83.817204,63.7,68.6,70.5
NS,142105,2021-07-05,8:00 PM,Other (describe in narrative),0,MASCOT,TN,82,4,Dark,Clear,Yard,Yard/switching,3,3452,10486,13938,H306,36.033044,-83.817204,72.3,78.2,79.9
NS,124878,2017-05-01,2:41 AM,Derailment,0,MASCOT,TN,66,4,Dark,Clear,Yard,Freight Train,7,3325,48374,51699,E42C,36.033005,-83.817278,76.3,69.1,64.3
NS,144673,2022-03-12,6:05 AM,Derailment,0,MASCOT,TN,27,1,Dawn,Snow,Main,Freight Train,5,51307,589356,640663,H519,36.029219,-83.824602,51.9,28.4,31.2
NS,128159,2018-01-16,7:25 PM,Derailment,1,MASCOT,TN,19,3,Dusk,Snow,Yard,Freight Train,3,73006,70614,143620,H306,36.033005,-83.817278,29.7,27.7,13.2
NS,134895,2019-07-28,3:50 AM,Other (describe in narrative),0,MASCOT,TN,67,4,Dark,Clear,Yard,Freight Train,3,3704,26817,30521,H702,36.033005,-83.817278,75.5,76.4,77.6
NS,128572,2018-02-19,5:00 AM,Other (describe in narrative),0,MASCOT,TN,64,1,Dawn,Clear,Yard,Freight Train,2,8130,31646,39776,H702,36.033005,-83.817278,48.6,59.3,66.9
NS,138162,2020-06-06,9:10 PM,Other (describe in narrative),0,MASCOT,TN,72,4,Dark,Clear,Yard,Freight Train,3,9268,5219,14487,H702,36.033005,-83.817278,75.6,76.9,79.5
NS,116857,2015-08-08,9:15 AM,Derailment,0,MASCOT,TN,80,2,Day,Clear,Yard,Yard/switching,5,1400,13532,14932,M411,36.03306,-83.817174,75.8,77.3,79.1
NS,144233,2022-02-02,5:20 AM,Other (describe in narrative),0,MASCOT,TN,35,1,Dawn,Clear,Yard,Yard/switching,3,817,16269,17086,H702,36.033044,-83.817204,41.2,45,50.3
BNSF,PR0619102,2019-06-03,2:20 PM,Derailment,0,MASCOT,NE,84,2,Day,Clear,Main,Freight Train,28,57364,147070,204434,T109,40.227288,-99.564366,66.7,71,73.8
NS,154119,2023-09-03,11:45 PM,Derailment,0,MASCOT,TN,75,4,Dark,Clear,Yard,Yard/switching,3,17039,3000,20039,T207,36.033045,-83.817204,74.8,75.1,76.6
NS,154759,2023-11-11,9:00 AM,Derailment,0,MASCOT,TN,48,2,Day,Clear,Yard,Yard/switching,8,19100,8400,27500,T207,36.033045,-83.817204,54.3,52.6,53.7
CSX,000193430,2020-10-23,6:40 PM,Hwy-rail crossing,0,MASON,TN,54,3,Dusk,Cloudy,Main,Freight Train,40,3849,90174,94023,M302,35.411261,-89.532289,72.1,70.6,49.4
CSX,000211261,2023-05-11,3:00 AM,Derailment,0,MASON,TN,68,4,Dark,Cloudy,Main,Freight Train,45,339043,472885,811928,M103,35.424855,-89.494995,71.9,71.6,71.5
UP,0220GL026,2020-02-18,5:30 AM,Derailment,0,MASON CITY,IA,15,1,Dawn,Clear,Yard,Freight Train,5,1469,16500,17969,H018,43.170682,-93.215836,29.5,17.8,5.3
UP,0424GL018,2024-04-17,10:01 PM,Derailment,0,MASON CITY,IA,43,4,Dark,Cloudy,Main,Freight Train,4,484620,130901,615521,T220,43.131603,-93.221218,56.5,51.5,45.2
BNSF,PR1218111,2018-12-20,3:30 PM,Derailment,0,MASON CITY,NE,20,2,Day,Clear,Main,Freight Train,40,20000,15000,35000,E71L,41.275035,-99.376593,39.5,38,34.4
UP,0319GL012,2019-03-05,1:55 AM,Derailment,0,MASON CITY,IA,-6,4,Dark,Clear,Siding,Freight Train,6,22978,1536,24514,T220,43.120872,-93.231184,-3.1,6.1,9.1
UP,0517TC009,2017-05-18,11:30 AM,Derailment,0,MASON CITY,IA,53,2,Day,Rain,Main,Freight Train,33,1576758,381930,1958688,M599,43.037956,-93.231362,63.9,54.6,44.8
CP,1001255115,2020-06-10,7:09 PM,Side collision,0,MASON CITY,IA,70,3,Dusk,Clear,Main,Freight Train,14,17155,42,22881,H018,43.139065,-93.168677,71.8,64,68.2
UP,0518TC016,2018-05-19,1:00 PM,Derailment,0,MASON CITY,IA,70,2,Day,Clear,Yard,Light loco(s),4,250,21350,21600,H702,43.16634,-93.213083,70.1,62.7,53.9
UP,0917TC020,2017-09-26,9:15 AM,Derailment,0,MASON CITY,IA,60,2,Day,Cloudy,Yard,Freight Train,3,92714,6010,98724,H704,43.161252,-93.210911,67.1,61.2,55.2
CP,1001255115,2020-06-10,7:09 PM,Side collision,0,MASON CITY,IA,70,3,Dusk,Clear,Yard,Single Car,2,5642,42,22881,H018,43.139065,-93.168677,71.8,64,68.2
UP,0418TC023,2018-04-24,4:30 PM,Obstruction,0,MASON CITY,IA,56,2,Day,Clear,Main,Freight Train,5,11250,955,12205,M503,43.155312,-93.210556,50.7,53.7,46.8
UP,0721GL018,2021-07-14,8:30 PM,Derailment,0,MASON CITY,IA,71,4,Dark,Clear,Yard,Freight Train,3,82940,225770,308710,T111,43.170688,-93.215819,69.7,67.8,68.6
UP,0621GL032,2021-06-29,3:10 PM,Derailment,0,MASON CITY,IA,83,2,Day,Clear,Industry,Freight Train,5,318,0,318,T311,43.134681,-93.217279,72.3,74,73.9
MSTR,MST813821R,2021-06-25,8:30 AM,Derailment,0,MASSENA,NY,60,2,Day,Clear,Industry,Yard/switching,5,9264,27011,36275,T311,44.947519,-74.879234,66.4,70.6,70.6
NS,114078,2015-01-28,11:30 AM,Hwy-rail crossing,0,MASSILLON,OH,23,2,Day,Clear,Main,Freight Train,39,9798,93477,103275,M399,40.792308,-81.516115,18.1,15,31
WE,180113,2018-11-10,5:00 AM,Derailment,0,MASSILLON,OH,38,1,Dawn,Rain,Yard,Yard/switching,10,191652,47165,238817,T110,40.753125,-81.505422,37,28.4,32.3
NS,156184,2024-03-27,5:10 PM,Derailment,0,MASSILLON,AL,56,3,Dusk,Clear,Yard,Freight Train,10,5000,98570,103570,T110,32.435097,-87.295432,60.5,59.9,58.2
NS,143873,2021-12-27,3:30 PM,Derailment,0,MASURY,OH,46,2,Day,Cloudy,Industry,Freight Train,8,14200,33263,47463,T207,41.212603,-80.525866,37.2,37.3,37.1
NS,127253,2017-10-31,2:15 PM,Other impacts,0,MATEWAN,WV,64,2,Day,Clear,Main,Spec. MoW Equip.,0,0,23400,23400,H997,37.626115,-82.206401,41,46.7,52.5
NS,138102,2020-05-30,1:22 PM,Derailment,0,MATEWAN,WV,72,2,Day,Clear,Main,Freight Train,23,321492,212252,533744,E61C,37.621316,-82.179921,69.5,67.2,62.3
BNSF,KS0419111,2019-04-29,3:25 AM,Derailment,0,MATFIELD GREEN,KS,71,4,Dark,Rain,Main,Freight Train,36,361755,86539,448294,M105,38.10812,-96.599345,54,58.8,51.7
UP,0117SA007,2017-01-07,5:11 AM,Derailment,0,MATHIS,TX,28,4,Dark,Clear,Main,Freight Train,31,1472005,33000,1505005,T221,28.208738,-97.902211,37.8,33.5,41.6
CSX,000219046,2024-07-02,4:15 PM,Other impacts,0,MATTAWAMKEAG,ME,81,3,Dusk,Clear,Yard,Cut of cars,3,23188,2955,28643,H018,45.508939,-68.356683,69.2,69.2,70.7
CSX,000219046,2024-07-02,4:15 PM,Other impacts,0,MATTAWAMKEAG,ME,81,3,Dusk,Clear,Yard,Freight Train,2,2500,0,28643,H018,45.508939,-68.356683,69.2,69.2,70.7
WC,1120447,2022-12-09,10:15 PM,Hwy-rail crossing,0,MATTESON,IL,39,4,Dark,Rain,Main,Freight Train,40,0,35000,35000,M308,41.491772,-87.770955,37.5,35.2,37