reportingrailroadcode,accidentnumber,date,time,accidenttype,hazmatreleasedcars,station,stateabbr,temperature,visibility_code,visibility,weathercondition,tracktype,equipmenttype,trainspeed,equipmentdamagecost,trackdamagecost,totaldamagecost,primaryaccidentcausecode,latitude,longitude,prior_temp,actual_temp,following_temp
WC,1152202,2024-06-27,10:50 AM,Derailment,2,MATTESON,IL,74,2,Day,Clear,Main,Freight Train,21,1288228,757744,2045972,H503,41.494985,-87.69681,76.3,66.2,69.4
CSX,000215064,2023-12-13,9:37 PM,Hwy-rail crossing,0,MATTHEWS,NC,45,4,Dark,Clear,Main,Freight Train,38,3729,8119,11848,M308,35.117131,-80.721314,38.2,42.6,42.7
LI,GR20150401,2015-04-21,2:30 PM,Hwy-rail crossing,0,MATTITUCK,NY,63,2,Day,Clear,Main,Maint./inspect Car,40,15000,0,15000,M303,40.960793,-72.564074,49.7,56.1,48.6
UP,0419MA057,2019-04-18,4:43 AM,Obstruction,0,MAUD,TX,66,1,Dawn,Rain,Main,Freight Train,30,60595,250,60845,M105,33.343018,-94.30865,67.3,61.6,56.9
CPDR,CPD744121,2021-03-08,2:35 PM,Derailment,0,MAULDIN,SC,65,2,Day,Clear,Industry,Freight Train,7,1500,20000,21500,T110,34.795723,-82.306694,47.1,52.4,55.4
NS,143571,2021-11-24,11:00 AM,Derailment,0,MAUMEE,OH,42,2,Day,Cloudy,Industry,Light loco(s),4,137,16227,16364,T110,41.563719,-83.673721,32.1,43.2,46.4
BNSF,NW0520103,2020-05-06,10:45 PM,Derailment,0,MAUPIN,OR,35,4,Dark,Clear,Main,Freight Train,32,87896,327409,415305,M404,45.1624,-121.098261,64.3,55.3,55.4
SRN,1601,2016-03-01,11:45 AM,Derailment,0,MAURICEVILLE,TX,68,2,Day,Clear,Yard,Freight Train,10,120800,26650,147450,M507,30.219559,-93.823646,64.3,67.2,61.1
KCS,20102903,2020-10-29,7:25 AM,Derailment,2,MAURICEVILLE,TX,45,1,Dawn,Clear,Main,Freight Train,39,1271271,885859,2157130,T207,30.202878,-93.867046,65.8,53.1,56.8
UP,0616LV004,2016-06-06,2:15 PM,Derailment,0,MAURICEVILLE,TX,92,2,Day,Clear,Industry,Freight Train,6,62853,3786,66639,T110,30.198499,-93.866251,75.8,78.3,81.1
UP,0715SA001,2015-07-01,11:15 PM,Derailment,0,MAXWELL,TX,78,4,Dark,Clear,Main,Freight Train,36,371506,267143,638649,T220,29.88117,-97.789063,79.7,76.9,78.2
UP,0820GP022,2020-08-22,6:00 PM,Derailment,0,MAXWELL,NE,94,3,Dusk,Clear,Main,Freight Train,47,1217419,1622948,2840367,T108,41.096287,-100.584365,79.1,78.7,79.5
NS,141461,2021-05-04,5:00 PM,Derailment,0,MAYBEURY,WV,67,3,Dusk,Clear,Industry,Freight Train,4,18280,943,19223,T319,37.377213,-81.391767,63.9,65.6,55.8
BNSF,KS0223113,2023-02-26,11:19 PM,Derailment,0,MAYFIELD,KS,51,4,Dark,Rain,Main,Freight Train,0,569445,0,569445,M105,37.262678,-97.508599,31.6,49.2,55.4
BNSF,KS0923110,2023-09-14,3:08 PM,Derailment,0,MAYFIELD,KS,75,2,Day,Clear,Main,Freight Train,30,827248,1292838,2120086,H519,37.260903,-97.5793,68.4,71.5,69.2
NS,145252,2022-05-11,4:07 PM,Other impacts,0,MAYLENE,AL,88,3,Dusk,Clear,Main,Light loco(s),0,0,0,18013,H402,33.217748,-86.886428,71.3,74.7,77.6
NS,144275,2022-02-04,10:50 AM,Derailment,0,MAYLENE,AL,40,2,Day,Cloudy,Industry,Freight Train,5,24337,15808,40145,T110,33.170055,-86.863004,60.5,37.6,35.7
BNSF,TC0717204,2017-07-20,11:00 AM,Hwy-rail crossing,0,MAYNARD,MN,78,2,Day,Clear,Main,Freight Train,42,12367,0,12367,M302,44.89535,-95.493544,70.1,75.3,76.3
BNSF,TC1122101,2022-11-02,5:15 AM,Derailment,0,MAYNARD,MN,60,1,Dawn,Clear,Industry,Yard/switching,6,54466,5000,59466,M504,44.907584,-95.466543,53.5,65,50.8
IAIS,2018030,2018-10-22,5:00 PM,Derailment,0,MC CLELLAND,IA,61,2,Day,Clear,Siding,Spec. MoW Equip.,10,26370,0,26370,H303,41.326921,-95.686746,48.6,54.8,48
ATK,172114,2022-09-20,3:55 AM,Obstruction,0,MC COOK,NE,70,4,Dark,Clear,Main,Passenger Train - Pulling,58,15015,0,15015,M402,40.196622,-100.609872,78.8,85.5,67.6
CSX,000198960,2021-07-19,7:52 PM,Derailment,0,MC DAVID,FL,81,3,Dusk,Clear,Main,Freight Train,47,1927029,135360,2062389,M204,30.78775,-87.323674,71.5,70.7,70.8
UP,0416FW003,2016-04-03,12:27 PM,Derailment,0,MCALESTER,OK,67,2,Day,Clear,Siding,Freight Train,25,7693,5620,13313,T101,34.858857,-95.821158,51.9,60.5,68.2
UP,0616FW011,2016-06-14,6:37 AM,Derailment,0,MCALESTER,OK,80,1,Dawn,Cloudy,Main,Freight Train,5,17449,8397,25846,T314,34.930383,-95.770665,77.6,82.1,85
TXPF,08102015,2015-08-10,3:45 PM,Derailment,0,MCCAMEY,TX,102,2,Day,Clear,Main,Freight Train,24,60000,40000,100000,T319,31.144182,-102.192798,88.5,87.7,85.8
IC,1105179,2022-05-22,2:00 PM,Other (describe in narrative),0,MCCOMB,MS,90,2,Day,Clear,Yard,Freight Train,4,27914,0,27914,H601,31.216031,-90.44838,79.5,76.1,75.9
IC,1108121,2022-06-22,7:00 AM,Other (describe in narrative),0,MCCOMB,MS,95,1,Dawn,Clear,Yard,Cut of cars,0,43434,0,43434,H399,31.246269,-90.451126,82.4,82.2,84.9
IC,1134344,2023-05-25,1:25 PM,Other (describe in narrative),0,MCCOMB,MS,88,2,Day,Clear,Yard,Yard/switching,5,23223,0,23223,H318,31.244214,-90.450668,69.7,73.2,73.4
BNSF,PR1117110,2017-11-25,3:52 AM,Derailment,0,MCCOOK,NE,36,4,Dark,Cloudy,Yard,Freight Train,4,500,14600,15100,H307,40.197385,-100.630759,53.2,44.6,48.2
BNSF,PR0922107,2022-09-20,3:55 AM,Obstruction,0,MCCOOK,NE,61,4,Dark,Cloudy,Main,,0,0,0,15015,M402,40.196541,-100.601675,76.7,79.2,59.1
BNSF,PR0118123,2018-01-31,10:25 PM,Derailment,0,MCCOOK,NE,22,4,Dark,Clear,Yard,Freight Train,5,40133,12000,52133,E4TC,40.196619,-100.61448,33.3,36.5,27.7
BNSF,PR0718103,2018-07-08,1:45 PM,Derailment,0,MCCOOK,NE,80,2,Day,Clear,Yard,Freight Train,5,3200,9700,12900,H307,40.197268,-100.62925,79.9,82.7,80.9
BNSF,PR0718111,2018-07-27,7:36 PM,Derailment,0,MCCOOK,NE,76,3,Dusk,Cloudy,Yard,Freight Train,5,11000,15000,26000,H599,40.197385,-100.630754,70.6,68,70.5
BNSF,PR0123108,2023-01-11,2:55 PM,Derailment,0,MCCOOK,NE,21,2,Day,Cloudy,Yard,Freight Train,10,240000,60000,300000,T201,40.196874,-100.624802,30.5,31.6,31.3
CSX,000216641,2024-03-09,3:53 AM,Hwy-rail crossing,0,MCCORDSVILLE,IN,47,4,Dark,Rain,Main,Freight Train,30,28198,0,28198,M301,39.909047,-85.895948,52.6,45,38.3
CSX,000186398,2019-11-04,2:39 AM,Hwy-rail crossing,0,MCCORDSVILLE,IN,43,4,Dark,Clear,Main,Freight Train,20,11383,861,12244,M302,39.916718,-85.881137,41.3,48.2,43.2
NS,114236,2015-02-06,6:00 AM,Derailment,0,MCDONOUGH,GA,34,1,Dawn,Clear,Main,Freight Train,38,693191,688800,1381991,E4BC,33.404297,-84.146166,43.4,36.8,45.4
NS,126162,2017-08-10,11:10 AM,Hwy-rail crossing,0,MCDONOUGH,GA,80,2,Day,Clear,Main,Freight Train,29,2020,34456,36476,M303,33.351873,-84.111945,73.9,76.1,78.1
NS,136538,2019-12-17,3:00 AM,Hwy-rail crossing,0,MCDONOUGH,GA,63,4,Dark,Rain,Main,Freight Train,34,472,37010,37482,M303,33.436161,-84.147481,59.9,53.4,38.4
NS,138223,2020-06-13,8:00 AM,Hwy-rail crossing,0,MCDONOUGH,GA,75,2,Day,Clear,Main,Freight Train,39,12763,0,12763,M308,33.447912,-84.154683,75.8,76.9,71.6
UP,0320MA011,2020-03-09,6:30 PM,Derailment,0,MCGEHEE,AR,64,3,Dusk,Rain,Industry,Freight Train,4,420,12200,12620,H307,33.614721,-91.390173,54.5,60.7,65.5
UP,0119ES037,2019-01-14,12:37 PM,Obstruction,0,MCGEHEE,AR,41,2,Day,Cloudy,Main,Spec. MoW Equip.,5,969,49775,50744,H993,33.634263,-91.398581,41.9,40.2,40.3
BNSF,RD0423204,2023-04-18,4:10 PM,Hwy-rail crossing,0,MCGREGOR,TX,74,2,Day,Cloudy,Main,,0,0,0,37369,M302,31.388065,-97.381804,63.3,67.8,73.8
UP,0215NP021,2015-02-11,11:40 AM,Derailment,0,MCGREW,NE,55,2,Day,Clear,Main,Freight Train,50,1385088,336587,1721675,E62C,41.723854,-103.417687,46.2,36.7,37.3
CSX,000205564,2022-06-14,4:40 AM,Derailment,0,MCINTOSH,GA,80,1,Dawn,Cloudy,Main,Freight Train,45,37909,2210,40119,E33C,31.809105,-81.560662,83.4,81,81.9
NS,127978,2018-01-03,12:15 PM,Derailment,0,MCINTOSH,AL,32,2,Day,Clear,Industry,Freight Train,3,12000,1500,13500,H306,31.256833,-88.007978,30,36.3,35.1
CSX,000157413,2016-02-23,4:30 AM,Other impacts,0,MCKEES ROCKS,PA,25,4,Dark,Clear,Main,Cut of cars,0,8271,1775,39692,M201,40.351731,-79.867347,38.8,42.6,47.3
CSX,000157413,2016-02-23,4:30 AM,Other impacts,0,MCKEES ROCKS,PA,25,4,Dark,Clear,Main,Freight Train,32,29646,0,39692,M201,40.351731,-79.867347,38.8,42.6,47.3
CSX,000165159,2016-12-13,6:30 PM,Derailment,0,MCKEESPORT,PA,31,4,Dark,Snow,Yard,Yard/switching,4,24806,424,25230,H702,40.367061,-79.834686,36,28.7,23.5
CSX,000138778,2014-12-11,1:30 AM,Derailment,0,MCKEESPORT,PA,28,4,Dark,Cloudy,Yard,Yard/switching,4,14938,100,15038,H021,40.382484,-79.843591,32.7,28.5,28.8
CSX,000176207,2018-05-04,12:50 AM,Other impacts,0,MCKEESPORT,PA,66,4,Dark,Cloudy,Yard,Single Car,4,9200,0,31140,H318,40.352517,-79.860431,74.4,68.9,60.3
CSX,000171891,2017-09-27,12:29 PM,Derailment,0,MCKEESPORT,PA,92,2,Day,Clear,Main,Freight Train,20,203402,76995,280397,E46C,40.350892,-79.870364,77.1,76.4,63.9
CSX,000176207,2018-05-04,12:50 AM,Other impacts,0,MCKEESPORT,PA,66,4,Dark,Cloudy,Yard,Single Car,4,21844,96,31140,H318,40.352517,-79.860431,74.4,68.9,60.3
CSX,000200209,2021-09-20,1:30 AM,Derailment,0,MCKEESPORT,PA,63,4,Dark,Clear,Yard,Yard/switching,7,17560,500,18060,H702,40.384783,-79.845755,71.1,71,70.7
CSX,000147353,2015-06-06,8:05 PM,Derailment,0,MCKEESPORT,PA,58,4,Dark,Clear,Yard,Freight Train,3,10457,550,11007,T311,40.367061,-79.834687,67.6,66.8,70.3
TNHR,TNH879621,2021-12-02,10:15 AM,Derailment,0,MCKENZIE,AL,65,2,Day,Clear,Main,Freight Train,8,15500,3600,19100,T221,31.566352,-86.706083,54.6,58.2,58.1
TNHR,TNH922322,2022-02-23,9:15 AM,Derailment,0,MCKENZIE,AL,65,2,Day,Cloudy,Main,Freight Train,10,86327,60460,146787,T216,31.581995,-86.692826,69.5,71.9,70.9
DGNO,330317D,2017-06-12,10:50 PM,Derailment,0,MCKINNEY,TX,81,4,Dark,Clear,Yard,Freight Train,9,15000,23000,38000,T216,33.311321,-96.560463,79.6,81.6,83.2
IC,1073343,2021-06-11,3:20 PM,Hwy-rail crossing,0,MCLAIN,MS,90,2,Day,Clear,Main,Freight Train,49,14069,0,14069,M302,31.08599,-88.813341,76.8,81.4,82.5
BNSF,TC0218116,2018-02-24,3:00 AM,Other impacts,0,MCLEAN,NE,17,4,Dark,Fog,Industry,Cut of cars,8,33498,0,33498,H018,42.371707,-97.425513,18.6,21.2,27.2
EVWR,E2022OCT1X,2022-10-08,5:30 PM,Hwy-rail crossing,0,MCLEANSBORO,IL,57,2,Day,Clear,Main,Freight Train,24,800000,515000,1315000,M302,38.12522,-88.40913,57.8,47.3,48.8
EVWR,E2020MAR1D,2020-03-29,3:30 AM,Derailment,0,MCLEANSBORO,IL,50,4,Dark,Cloudy,Main,Freight Train,24,7047,40949,47996,E53C,38.119667,-88.451643,70.2,60.1,54.3
PNWR,PNW889418D,2018-12-19,11:08 AM,Derailment,0,MCMINNVILLE,OR,50,2,Day,Cloudy,Main,Freight Train,4,4500,15000,19500,T401,45.151147,-123.197525,51.5,47.6,47.9
KRR,639318D,2018-04-11,10:20 AM,Derailment,0,MCNAB,AR,68,2,Day,Clear,Main,Freight Train,8,20000,1500,21500,T220,33.646679,-93.860212,56.8,61.5,67.1
KRR,KRR475623D,2023-07-18,3:50 PM,Derailment,0,MCNAB,AR,98,2,Day,Clear,Main,Freight Train,4,1000,34965,35965,T109,33.66639,-93.72927,83.2,88.7,89
UP,0416SA023,2016-04-30,9:00 AM,Derailment,0,MCNEIL,TX,85,2,Day,Clear,Main,,0,0,804803,832803,T222,30.453581,-97.720417,79,76.6,73.5
UP,0420SX004,2020-04-18,9:31 PM,Derailment,0,MCNEIL,TX,59,4,Dark,Clear,Main,,0,0,29548,29548,M101,30.453177,-97.720758,67.2,58.6,71.7
LNW,ID180107,2018-08-01,2:30 PM,Derailment,0,MCNEIL,AR,86,2,Day,Clear,Yard,,0,0,70266,76867,H504,33.3458,-93.2115,75.8,76.5,76.9
UP,0818LK001,2018-08-01,2:30 PM,Derailment,0,MCNEIL,AR,90,2,Day,Clear,Yard,Yard/switching,6,6601,0,76867,H506,33.3458,-93.2115,75.8,76.5,76.9
AWRR,200418001,2020-04-18,9:31 PM,Derailment,0,MCNEIL,TX,60,4,Dark,Clear,Main,Freight Train,8,0,0,29548,T402,30.453177,-97.720758,67.2,58.6,71.7
BNSF,GC0416113,2016-04-30,9:00 AM,Derailment,0,MCNEIL,TX,76,2,Day,Clear,Main,Freight Train,8,28000,0,832803,T110,30.453581,-97.720417,79,76.6,73.5
CMTY,CMTH031,2016-04-30,9:00 AM,Derailment,0,MCNEIL,TX,76,2,Day,Clear,Main,Freight Train,0,0,0,832803,T110,30.271244,-97.431373,79,76.6,73.5
UP,0323HL013,2023-03-12,9:45 AM,Derailment,2,MCPHERSON,KS,31,2,Day,Clear,Main,Freight Train,35,855934,911666,1767600,E62C,38.35111,-97.672393,42.3,36.6,30
NS,124716,2017-04-14,5:43 PM,Derailment,0,MCVEYTOWN,PA,70,3,Dusk,Clear,Main,Freight Train,48,1931185,390694,2321879,T109,40.468274,-77.731871,50.3,54.4,62.9
NS,133849,2019-05-06,4:00 PM,Derailment,0,MCVEYTOWN,PA,70,3,Dusk,Clear,Main,Freight Train,37,514016,424790,938806,T001,40.511083,-77.682901,58.3,63.2,64.9
UP,1220PN012,2020-12-14,2:00 PM,Other (describe in narrative),0,MEACHAM,OR,35,2,Day,Cloudy,Main,Freight Train,15,30925,7876,38801,E29C,45.430855,-118.388247,28.8,31,30
UP,0315PD002,2015-03-02,8:36 AM,Derailment,0,MEACHAM,OR,25,2,Day,Cloudy,Main,Freight Train,17,531288,333902,865190,T101,45.524898,-118.380001,27.8,29.1,25.8
LBWR,160710002,2016-07-10,12:05 AM,Derailment,0,MEADOW,TX,83,4,Dark,Clear,Main,Freight Train,9,21000,68000,89000,T101,33.355208,-102.196881,82.6,86.1,90.7
CSX,000149045,2015-07-10,5:50 PM,Obstruction,0,MEADOW CREEK,WV,72,2,Day,Clear,Main,Maint./inspect Car,0,0,0,45050,H402,37.798182,-80.920174,72.1,72.4,70.2
CSX,000207630,2022-10-04,1:20 PM,Obstruction,0,MEADOW CREEK,WV,59,2,Day,Clear,Main,Maint./inspect Car,20,12044,0,12181,H993,37.79227,-80.916671,50.1,47.1,50.8
CSX,000187920,2020-01-19,4:24 AM,Other impacts,0,MEADOW CREEK,WV,20,1,Dawn,Cloudy,Main,Freight Train,4,19068,150,38701,H306,37.802808,-80.921581,36.9,28.4,15.6
CSX,000207630,2022-10-04,1:20 PM,Obstruction,0,MEADOW CREEK,WV,59,2,Day,Clear,Main,Maint./inspect Car,0,137,0,12181,H993,37.79227,-80.916671,50.1,47.1,50.8
CSX,000187920,2020-01-19,4:24 AM,Other impacts,0,MEADOW CREEK,WV,20,1,Dawn,Cloudy,Main,Cut of cars,0,19483,0,38701,H306,37.802808,-80.921581,36.9,28.4,15.6
CSX,000149045,2015-07-10,5:50 PM,Obstruction,0,MEADOW CREEK,WV,72,2,Day,Clear,Main,Freight Train,27,45000,50,45050,H402,37.798182,-80.920174,72.1,72.4,70.2
WC,1073272,2021-06-10,3:52 PM,Derailment,0,MEADOWLANDS,MN,87,2,Day,Clear,Siding,Freight Train,14,358963,205000,563963,T109,47.104409,-92.599092,68.2,71,57.9
UP,0815CB013,2015-08-22,11:23 AM,Hwy-rail crossing,0,MECHANICSVILLE,IA,73,2,Day,Clear,Main,Freight Train,40,10205,102969,113174,M304,41.915414,-91.303893,68.7,69.5,65.7
NS,119247,2016-02-04,11:00 PM,Derailment,0,MECHANICSVILLE,GA,35,4,Dark,Cloudy,Industry,Freight Train,8,5696,8500,14196,T110,33.927358,-84.24427,60.6,45.9,39.1
BEAR,BER745924O,2024-03-28,1:32 AM,Derailment,0,MECHANICVILLE,NY,46,4,Dark,Clear,Yard,,0,0,20000,20000,H704,42.91201,-73.70466,43.4,43.3,41.6
GRS,20180606W1,2018-06-06,7:20 PM,Derailment,0,MECHANICVILLE,NY,68,3,Dusk,Clear,Main,Freight Train,8,58316,12132,70448,M201,42.9275,-73.671666,55.6,59.2,62.5
NYA,062017,2017-06-20,11:51 AM,Derailment,0,MEDFORD,NY,70,2,Day,Clear,Industry,Freight Train,7,3500,10000,13500,T205,40.807464,-73.045768,72.7,74,74.4
SEPA,SEPA083023,2023-08-30,11:53 AM,Other (describe in narrative),0,MEDIA,PA,80,2,Day,Clear,Main,EMU,0,15140,0,15140,E71L,39.914197,-75.394795,74.3,76.8,70.8
BNSF,CH0418110,2018-04-08,3:45 AM,Obstruction,0,MEDIA,IL,48,4,Dark,Clear,Main,Maint./inspect Car,7,10600,8032,18632,M404,40.782484,-90.805689,27.7,28.9,32.8
SEPA,SEPA082521,2021-08-25,9:40 AM,Other (describe in narrative),0,MEDIA,PA,90,2,Day,Clear,Main,EMU,20,0,25591,25591,T404,39.913417,-75.405253,81.8,81.8,82.4
WE,150026,2015-02-10,7:30 AM,Derailment,0,MEDINA,OH,15,1,Dawn,Snow,Yard,Yard/switching,6,13500,313,13813,H306,41.139386,-81.89602,18.8,18.4,24.5
WE,230058,2023-08-18,2:45 AM,Derailment,0,MEDINA,OH,65,4,Dark,Clear,Yard,Freight Train,3,26040,1681,27721,E85C,41.017716,-81.731099,68.5,65,64.4
WE,170026,2017-03-02,9:30 AM,Derailment,0,MEDINA,OH,30,2,Day,Clear,Yard,Yard/switching,2,999,13223,14222,T110,41.138917,-81.888283,52.8,30.7,25
WE,240008,2024-01-22,10:30 PM,Derailment,0,MEDINA,OH,34,4,Dark,Cloudy,Industry,Yard/switching,4,13864,0,13864,T110,41.080133,-81.953481,17.9,25.7,36.1
FEC,D138102114,2014-10-21,1:45 AM,Derailment,0,MEDLEY,FL,77,4,Dark,Clear,Industry,Yard/switching,8,10373,3841,14214,T110,25.880051,-80.366244,77.1,76.5,77.2
FEC,D58092123,2023-09-21,2:30 AM,Derailment,0,MEDLEY,FL,76,4,Dark,Clear,Industry,Yard/switching,5,5075,57935,63010,T110,25.87353,-80.36196,81.7,80.9,81.6
BNSF,MT0423106,2023-04-26,12:11 PM,Derailment,0,MEDORA,ND,60,2,Day,Clear,Main,Freight Train,18,556317,710201,1266518,E51C,46.875042,-103.431765,41.2,47.7,47.9
BLF,20243924,2024-01-12,12:56 PM,Hwy-rail crossing,0,MELBOURNE,FL,65,2,Day,Clear,Main,Passenger Train - Pulling,80,24503,0,25570,M308,28.071437,-80.601913,55.7,71.6,67.3
FEC,X03011224,2024-01-12,12:56 PM,Hwy-rail crossing,0,MELBOURNE,FL,65,2,Day,Clear,Main,,0,0,1067,25570,M308,28.071437,-80.601913,55.7,71.6,67.3
BLF,20243915,2024-01-10,2:00 PM,Hwy-rail crossing,0,MELBOURNE,FL,65,2,Day,Clear,Main,Passenger Train - Pulling,70,47232,0,47980,M308,28.071437,-80.601913,72,59,55.7
FEC,X02011024,2024-01-10,2:00 PM,Hwy-rail crossing,0,MELBOURNE,FL,65,2,Day,Clear,Main,,0,0,748,47980,M308,28.071437,-80.601913,72,59,55.7
UP,1214KC003,2014-12-09,3:28 AM,Derailment,0,MELCHER,IA,25,4,Dark,Cloudy,Main,Freight Train,13,49836,0,49836,H601,41.185097,-93.234133,38.4,27.8,30.3
DGNO,DGN969822,2022-05-27,7:00 PM,Derailment,0,MELISSA,TX,88,2,Day,Clear,Yard,Freight Train,5,357273,85567,442840,T109,33.307185,-96.562243,70.7,71.6,77.1
BNSF,SW0417201,2017-04-05,9:48 AM,Hwy-rail crossing,0,MELROSE,NM,52,2,Day,Clear,Main,Freight Train,65,3935093,1001058,4936151,M302,34.422826,-103.616728,46.9,46.2,55.4
BNSF,SW1215103,2015-12-27,1:38 AM,Derailment,0,MELROSE,NM,27,4,Dark,Snow,Main,Freight Train,0,34992,60000,94992,M105,34.420594,-103.579633,32.9,21.8,26.8
NS,144750,2022-03-18,7:05 PM,Hwy-rail crossing,0,MELROSE,OH,72,3,Dusk,Rain,Main,Freight Train,30,1414,15574,16988,M303,41.09202,-84.421695,56.2,53.2,46.5
BNSF,NE0615110,2015-06-26,5:54 PM,Derailment,0,MELROSE,IA,75,3,Dusk,Clear,Main,Freight Train,9,159676,41000,200676,H305,40.972975,-92.985969,71.1,69.2,69.5
UP,0615PC011,2015-06-28,2:07 PM,Derailment,0,MELROSE,MT,85,2,Day,Clear,Main,Freight Train,24,51365,120987,172352,T102,45.538406,-112.697396,75.3,77.3,74.8
UP,0719PR017,2019-07-11,9:30 PM,Other impacts,0,MELROSE PARK,IL,70,4,Dark,Cloudy,Yard,Freight Train,0,9495,0,12721,H021,41.914961,-87.91413,84.7,74.8,74.9
UP,0619PR016,2019-06-13,10:29 PM,Fire/violent rupture,0,MELROSE PARK,IL,59,4,Dark,Clear,Yard,Single Car,0,11600,0,11600,M406,41.89679,-87.897668,65.4,58.8,66.5
UP,0519PR004,2019-05-24,5:00 PM,Derailment,0,MELROSE PARK,IL,69,2,Day,Cloudy,Yard,Cut of cars,0,31713,0,341290,E64C,41.897181,-87.898433,69.4,62.8,75.6
UP,0219GL092,2019-02-23,2:51 PM,Other (describe in narrative),0,MELROSE PARK,IL,38,2,Day,Cloudy,Yard,Single Car,0,48263,0,48263,M411,41.900102,-87.911372,30.4,37.9,30.6
UP,0118PR012,2018-01-15,9:00 PM,Other (describe in narrative),0,MELROSE PARK,IL,24,4,Dark,Cloudy,Yard,Single Car,3,13675,0,13675,M411,41.899445,-87.907678,13.8,17.4,16.6
UP,0218PR035,2018-02-26,9:28 AM,Fire/violent rupture,0,MELROSE PARK,IL,55,2,Day,Cloudy,Yard,Light loco(s),0,29891,0,29891,M406,41.897117,-87.896476,39.7,41.9,50.7
UP,1118PR004,2018-11-04,2:15 PM,Other impacts,0,MELROSE PARK,IL,53,2,Day,Rain,Yard,Single Car,0,12155,0,12612,H302,41.896917,-87.898286,42.9,49.3,47.8
UP,0118PR023,2018-01-17,2:00 PM,Other (describe in narrative),0,MELROSE PARK,IL,40,2,Day,Clear,Yard,Single Car,7,52127,0,52127,M411,41.898852,-87.907897,16.6,13.9,24.7
UP,0517PR016,2017-05-10,8:00 PM,Other impacts,0,MELROSE PARK,IL,50,4,Dark,Rain,Yard,Single Car,0,21333,0,28348,M411,41.89709,-87.896683,49.2,54.9,55.6
UP,0718PR009,2018-07-31,9:00 AM,Other impacts,0,MELROSE PARK,IL,80,2,Day,Clear,Yard,Yard/switching,5,289,792,11379,M411,41.898494,-87.900088,73,73,74
UP,0118PR033,2018-01-25,8:00 AM,Other (describe in narrative),0,MELROSE PARK,IL,45,2,Day,Clear,Yard,Single Car,0,11312,0,11312,M411,41.899746,-87.907627,28.7,33.6,44.8
UP,0818PR007,2018-08-12,5:45 PM,Derailment,0,MELROSE PARK,IL,88,2,Day,Clear,Yard,Yard/switching,4,48144,5250,53394,M409,41.899094,-87.908391,78,78.6,77.9
UP,0118PR022,2018-01-20,2:15 PM,Other (describe in narrative),0,MELROSE PARK,IL,40,2,Day,Clear,Yard,Single Car,0,13238,0,13238,M411,41.898546,-87.907993,34.5,39.7,41.1
UP,0219GL090,2019-02-04,12:00 PM,Other (describe in narrative),0,MELROSE PARK,IL,50,2,Day,Cloudy,Yard,Single Car,0,43734,0,43734,S007,41.899778,-87.907617,43.9,44.4,29.3
UP,0118PR002,2018-01-04,12:40 PM,Other impacts,0,MELROSE PARK,IL,6,2,Day,Clear,Yard,Single Car,0,30203,0,59848,M411,41.899746,-87.907627,13.3,5.7,4.7
UP,0718PR009,2018-07-31,9:00 AM,Other impacts,0,MELROSE PARK,IL,80,2,Day,Clear,Yard,Single Car,0,10298,0,11379,M411,41.898494,-87.900088,73,73,74
UP,0518PR042,2018-05-05,3:11 PM,Other (describe in narrative),0,MELROSE PARK,IL,80,2,Day,Clear,Yard,Single Car,2,41357,0,41357,M411,41.896189,-87.894089,67.9,69.6,59.8
UP,0419PR001,2019-04-24,8:00 AM,Other (describe in narrative),0,MELROSE PARK,IL,49,2,Day,Cloudy,Yard,Single Car,0,32588,33,32621,M411,41.899613,-87.908027,56.2,53.8,56.7
UP,0616PR003,2016-06-04,8:00 PM,Fire/violent rupture,0,MELROSE PARK,IL,70,3,Dusk,Cloudy,Yard,Light loco(s),0,98319,0,98319,E74L,41.897164,-87.89716,71.4,68.3,69.9
UP,0623PR017,2023-06-24,12:00 PM,Other (describe in narrative),0,MELROSE PARK,IL,89,2,Day,Clear,Yard,Single Car,0,30878,0,30878,M507,41.897907,-87.898263,75.8,79.1,75
UP,0724PR005,2024-07-06,1:36 AM,Other impacts,0,MELROSE PARK,IL,68,4,Dark,Clear,Yard,Freight Train,4,88685,700,241393,H307,41.894729,-87.873714,75.5,72.9,73.3
UP,0724PR005,2024-07-06,1:36 AM,Other impacts,0,MELROSE PARK,IL,68,4,Dark,Clear,Yard,Freight Train,7,152008,0,241393,H307,41.894729,-87.873714,75.5,72.9,73.3
UP,0319GL027,2019-03-10,12:45 AM,Other impacts,0,MELROSE PARK,IL,42,4,Dark,Cloudy,Yard,Yard/switching,5,14046,4000,24920,M408,41.899651,-87.907636,35.8,35,32.8
UP,0724PR001,2024-07-01,8:35 AM,Derailment,0,MELROSE PARK,IL,65,2,Day,Clear,Yard,Cut of cars,0,112027,0,619031,H306,41.895379,-87.888971,66,66.2,74.5
UP,1217PR001,2017-12-01,7:00 AM,Other (describe in narrative),0,MELROSE PARK,IL,43,2,Day,Cloudy,Yard,Single Car,0,39708,0,39708,M411,41.899398,-87.907692,46.7,40.7,43.2
UP,0519GL001,2019-05-01,8:30 PM,Other impacts,0,MELROSE PARK,IL,55,4,Dark,Rain,Yard,Yard/switching,3,43946,0,47388,H020,41.899572,-87.90765,43.7,51.2,43.9