reportingrailroadcode,accidentnumber,date,time,accidenttype,hazmatreleasedcars,station,stateabbr,temperature,visibility_code,visibility,weathercondition,tracktype,equipmenttype,trainspeed,equipmentdamagecost,trackdamagecost,totaldamagecost,primaryaccidentcausecode,latitude,longitude,prior_temp,actual_temp,following_temp
UP,0323PR015,2023-03-23,4:45 AM,Obstruction,0,MELROSE PARK,IL,46,1,Dawn,Rain,Main,Yard/switching,4,11977,61742,73719,M404,41.934331,-87.914264,45,41.8,39.9
UP,0319GL027,2019-03-10,12:45 AM,Other impacts,0,MELROSE PARK,IL,42,4,Dark,Cloudy,Yard,Cut of cars,0,6874,0,24920,M408,41.899651,-87.907636,35.8,35,32.8
UP,0724PR001,2024-07-01,8:35 AM,Derailment,0,MELROSE PARK,IL,65,2,Day,Clear,Yard,Yard/switching,5,110824,396180,619031,H306,41.895379,-87.888971,66,66.2,74.5
UP,0517PR016,2017-05-10,8:00 PM,Other impacts,0,MELROSE PARK,IL,50,4,Dark,Rain,Yard,Yard/switching,3,7015,0,28348,M411,41.89709,-87.896683,49.2,54.9,55.6
UP,0721PR019,2021-07-28,12:00 PM,Other (describe in narrative),0,MELROSE PARK,IL,87,2,Day,Cloudy,Yard,Single Car,0,38380,0,38380,M411,41.897907,-87.898263,79.9,81.8,79.4
UP,1117PR019,2017-11-30,6:10 PM,Derailment,0,MELROSE PARK,IL,40,4,Dark,Clear,Yard,Yard/switching,4,13595,792,14387,M409,41.898419,-87.900109,41.6,46.7,40.7
UP,1122ME025,2022-11-28,9:00 PM,Derailment,0,MELROSE PARK,IL,42,4,Dark,Clear,Yard,Light loco(s),4,4281,17212,21493,H702,41.895094,-87.885292,42.6,38.5,48.8
UP,0316PR022,2016-03-21,4:43 PM,Other impacts,0,MELROSE PARK,IL,50,2,Day,Clear,Yard,Single Car,10,43369,0,43369,H601,41.894929,-87.898258,37.5,39.6,51.3
UP,1022PR020,2022-10-22,5:45 AM,Derailment,0,MELROSE PARK,IL,57,1,Dawn,Clear,Main,Yard/switching,4,51501,0,198438,H307,41.931149,-87.914176,59,67.8,70.5
UP,1022PR020,2022-10-22,5:45 AM,Derailment,0,MELROSE PARK,IL,57,1,Dawn,Clear,Main,Freight Train,6,132171,14766,198438,H307,41.931149,-87.914176,59,67.8,70.5
UP,0721PR005,2021-07-14,4:00 AM,Derailment,0,MELROSE PARK,IL,70,1,Dawn,Clear,Yard,Yard/switching,5,5443,27044,32487,H702,41.89596,-87.907638,73,77.1,74
IHB,2343,2017-08-24,2:50 AM,Derailment,0,MELROSE PARK,IL,60,4,Dark,Clear,Main,,0,0,35000,85266,M405,41.898166,-87.869082,68.8,66,64.3
UP,0918PR018,2018-09-19,5:00 AM,Obstruction,0,MELROSE PARK,IL,69,1,Dawn,Cloudy,Yard,Yard/switching,5,24993,1720,26713,M404,41.899746,-87.907627,72,69.3,79.3
UP,0118PR011,2018-01-15,3:00 PM,Other (describe in narrative),0,MELROSE PARK,IL,5,2,Day,Snow,Yard,Single Car,0,12902,0,12902,M411,41.898852,-87.907897,13.8,17.4,16.6
UP,0520PR012,2020-05-20,2:00 AM,Other (describe in narrative),0,MELROSE PARK,IL,55,4,Dark,Cloudy,Yard,Yard/switching,5,40880,0,40880,H318,41.895747,-87.888903,54.9,58.9,61.6
UP,0520PR011,2020-05-20,3:20 PM,Derailment,0,MELROSE PARK,IL,63,2,Day,Cloudy,Yard,Yard/switching,5,114859,1190,116049,H318,41.895747,-87.888903,54.9,58.9,61.6
UP,1018PR008,2018-10-06,2:28 AM,Derailment,0,MELROSE PARK,IL,61,4,Dark,Rain,Yard,Yard/switching,5,12922,22000,34922,T220,41.896958,-87.916068,59.7,62.8,58.8
UP,0122PR011,2022-01-15,8:51 PM,Other (describe in narrative),0,MELROSE PARK,IL,23,4,Dark,Cloudy,Yard,Single Car,0,52329,0,52329,M406,41.894842,-87.89754,31.8,23.3,21.3
UP,0318PR002,2018-03-02,5:40 PM,Other impacts,0,MELROSE PARK,IL,38,3,Dusk,Cloudy,Yard,Yard/switching,5,66687,105750,173289,M411,41.900086,-87.907171,39.4,37.3,37.3
UP,0220PR026,2020-02-26,4:15 PM,Derailment,0,MELROSE PARK,IL,28,2,Day,Cloudy,Yard,Yard/switching,4,5210,7460,12670,M410,41.923811,-87.914218,36.7,29.5,27.1
UP,0519PR019,2019-05-09,3:00 AM,Other (describe in narrative),0,MELROSE PARK,IL,65,4,Dark,Cloudy,Yard,Single Car,4,17766,33,17799,M408,41.899459,-87.908061,55.3,58.7,49.2
UP,0318PR002,2018-03-02,5:40 PM,Other impacts,0,MELROSE PARK,IL,38,3,Dusk,Cloudy,Yard,Single Car,0,852,0,173289,M411,41.900086,-87.907171,39.4,37.3,37.3
UP,0917PR018,2017-09-23,10:00 AM,Other (describe in narrative),0,MELROSE PARK,IL,67,2,Day,Clear,Yard,Single Car,5,10972,0,10972,H601,41.898023,-87.898621,83.8,82.7,81
UP,0318PR014,2018-03-20,9:07 PM,Other impacts,0,MELROSE PARK,IL,35,4,Dark,Clear,Yard,Yard/switching,6,64666,0,64666,M411,41.899851,-87.907594,38.7,32.5,33.6
UP,0318PR014,2018-03-20,9:07 PM,Other impacts,0,MELROSE PARK,IL,35,4,Dark,Clear,Yard,Cut of cars,0,0,0,64666,M411,41.899851,-87.907594,38.7,32.5,33.6
UP,1017PR015,2017-10-17,1:00 PM,Other impacts,0,MELROSE PARK,IL,70,2,Day,Clear,Yard,Cut of cars,7,188,0,15918,M411,41.899007,-87.908803,52.4,58.5,60.3
UP,0418PR008,2018-04-07,8:00 AM,Other impacts,0,MELROSE PARK,IL,35,2,Day,Cloudy,Yard,Single Car,0,1474,0,12916,M411,41.897406,-87.898368,34,28.9,31.4
UP,0418PR008,2018-04-07,8:00 AM,Other impacts,0,MELROSE PARK,IL,35,2,Day,Cloudy,Yard,Single Car,0,10782,660,12916,M411,41.897406,-87.898368,34,28.9,31.4
UP,1017PR019,2017-10-24,10:45 AM,Derailment,0,MELROSE PARK,IL,45,2,Day,Rain,Yard,Yard/switching,4,98415,18120,116535,M409,41.899536,-87.908232,52.5,46.8,44.3
UP,1017PR028,2017-10-26,10:00 AM,Other (describe in narrative),0,MELROSE PARK,IL,60,2,Day,Clear,Industry,Yard/switching,3,11050,0,11050,M501,41.899919,-87.907776,44.3,49.1,41.8
UP,1017PR015,2017-10-17,1:00 PM,Other impacts,0,MELROSE PARK,IL,70,2,Day,Clear,Yard,Single Car,0,15730,0,15918,M411,41.899007,-87.908803,52.4,58.5,60.3
UP,0919PR001,2019-09-01,9:00 AM,Other impacts,0,MELROSE PARK,IL,65,2,Day,Cloudy,Yard,Yard/switching,3,23843,150,23993,H318,41.895415,-87.888963,67.5,67,72.1
UP,0919PR019,2019-09-30,9:20 AM,Derailment,0,MELROSE PARK,IL,71,2,Day,Cloudy,Yard,Freight Train,10,31458,13391,44849,E40C,41.895715,-87.888906,63.2,75.2,79.1
UP,0819PR011,2019-08-09,1:00 PM,Derailment,0,MELROSE PARK,IL,82,2,Day,Cloudy,Yard,Light loco(s),8,1000,59830,60830,H704,41.891324,-87.871421,78.2,72.8,74.8
UP,1020PR020,2020-10-26,1:00 AM,Other impacts,0,MELROSE PARK,IL,42,4,Dark,Cloudy,Yard,Single Car,0,40414,0,106707,H318,41.894211,-87.879573,43.1,36.9,35.9
UP,1020PR020,2020-10-26,1:00 AM,Other impacts,0,MELROSE PARK,IL,42,4,Dark,Cloudy,Yard,Yard/switching,4,63297,2996,106707,H318,41.894211,-87.879573,43.1,36.9,35.9
UP,0624PR015,2024-06-29,12:40 AM,Derailment,0,MELROSE PARK,IL,64,4,Dark,Cloudy,Yard,Freight Train,6,5285,241632,246917,M101,41.894496,-87.877694,69.9,79.9,66
UP,0219GL093,2019-02-23,5:00 PM,Other impacts,0,MELROSE PARK,IL,39,2,Day,Rain,Yard,Yard/switching,2,24356,0,37838,M411,41.89873,-87.907931,30.4,37.9,30.6
UP,0223PR016,2023-02-24,4:58 AM,Other impacts,0,MELROSE PARK,IL,19,1,Dawn,Cloudy,Yard,Yard/switching,1,62833,0,72783,H306,41.895526,-87.888945,33.7,24,31.9
UP,0519GL001,2019-05-01,8:30 PM,Other impacts,0,MELROSE PARK,IL,55,4,Dark,Rain,Yard,Cut of cars,2,3442,0,47388,H020,41.899572,-87.90765,43.7,51.2,43.9
UP,1217PR019,2017-12-20,4:00 PM,Other (describe in narrative),0,MELROSE PARK,IL,30,2,Day,Clear,Yard,Single Car,5,15229,0,15229,M411,41.89873,-87.908322,43,32.2,36.9
UP,0919PR001,2019-09-01,9:00 AM,Other impacts,0,MELROSE PARK,IL,65,2,Day,Cloudy,Yard,Single Car,10,0,0,23993,H318,41.895415,-87.888963,67.5,67,72.1
UP,0523PR017,2023-05-29,11:00 AM,Derailment,0,MELROSE PARK,IL,80,2,Day,Clear,Yard,Yard/switching,3,14229,600,14829,H318,41.894532,-87.877507,67,70.4,75.3
UP,0223PR016,2023-02-24,4:58 AM,Other impacts,0,MELROSE PARK,IL,19,1,Dawn,Cloudy,Yard,Light loco(s),1,9800,150,72783,H306,41.895526,-87.888945,33.7,24,31.9
UP,1018PR030,2018-10-28,12:40 PM,Derailment,0,MELROSE PARK,IL,48,2,Day,Cloudy,Yard,Single Car,6,15843,1500,17343,M101,41.899624,-87.9086,48.7,47.3,47.1
UP,0319GL093,2019-03-31,3:20 AM,Derailment,0,MELROSE PARK,IL,27,4,Dark,Cloudy,Yard,Yard/switching,6,121382,22500,143882,H503,41.900102,-87.911372,38,30.9,38
UP,0323PR018,2023-03-28,5:49 AM,Other impacts,0,MELROSE PARK,IL,27,1,Dawn,Cloudy,Yard,Cut of cars,0,15271,9688,39222,H318,41.895634,-87.888923,39,40.2,37.1
UP,0319GL066,2019-03-21,4:45 PM,Other impacts,0,MELROSE PARK,IL,48,2,Day,Cloudy,Yard,Single Car,0,92,0,21419,M411,41.897901,-87.898267,41.8,40,38.4
UP,0719PR005,2019-07-02,8:30 PM,Other impacts,0,MELROSE PARK,IL,74,4,Dark,Cloudy,Yard,Yard/switching,4,176396,98799,275295,H021,41.89324,-87.88414,79.9,82.5,77.4
UP,0323PR002,2023-03-02,12:35 PM,Obstruction,0,MELROSE PARK,IL,38,2,Day,Cloudy,Yard,Yard/switching,5,11832,5846,17678,M404,41.916554,-87.913844,46.4,36.5,36
UP,0323PR018,2023-03-28,5:49 AM,Other impacts,0,MELROSE PARK,IL,27,1,Dawn,Cloudy,Yard,Yard/switching,5,14263,0,39222,H318,41.895634,-87.888923,39,40.2,37.1
UP,0719PR005,2019-07-02,8:30 PM,Other impacts,0,MELROSE PARK,IL,74,4,Dark,Cloudy,Yard,Cut of cars,4,100,0,275295,H021,41.89324,-87.88414,79.9,82.5,77.4
UP,1122PR011,2022-11-24,2:30 AM,Derailment,0,MELROSE PARK,IL,45,4,Dark,Clear,Industry,Yard/switching,5,1990,98034,100024,H307,41.889261,-87.84777,44.8,45.2,42.5
UP,0319GL066,2019-03-21,4:45 PM,Other impacts,0,MELROSE PARK,IL,48,2,Day,Cloudy,Yard,Yard/switching,2,6495,0,21419,M411,41.897901,-87.898267,41.8,40,38.4
UP,0318PR007,2018-03-08,8:31 AM,Other (describe in narrative),0,MELROSE PARK,IL,30,2,Day,Cloudy,Yard,Single Car,0,65549,0,65549,M411,41.898752,-87.907917,29.6,28.4,30.5
UP,0219GL093,2019-02-23,5:00 PM,Other impacts,0,MELROSE PARK,IL,39,2,Day,Rain,Yard,Single Car,0,13482,0,37838,M411,41.89873,-87.907931,30.4,37.9,30.6
UP,1217PR020,2017-12-23,12:12 AM,Derailment,0,MELROSE PARK,IL,20,4,Dark,Clear,Yard,Yard/switching,7,29267,2820,32087,E40C,41.900062,-87.907361,37.2,27.8,20.7
UP,0419GL041,2019-04-26,1:21 AM,Derailment,0,MELROSE PARK,IL,53,4,Dark,Rain,Yard,Yard/switching,2,46619,10500,57119,M404,41.898458,-87.908385,56.7,55.6,38.1
UP,0619PR017,2019-06-12,12:00 PM,Other (describe in narrative),0,MELROSE PARK,IL,72,2,Day,Cloudy,Yard,Cut of cars,0,45584,0,45584,E29C,41.896206,-87.898591,69.7,65.4,58.8
UP,0519PR003,2019-05-23,7:20 PM,Derailment,0,MELROSE PARK,IL,72,3,Dusk,Clear,Yard,Freight Train,10,12212,33,12245,H508,41.900031,-87.907553,66.7,69.4,62.8
UP,0519GL015,2019-05-13,7:30 AM,Other (describe in narrative),0,MELROSE PARK,IL,43,2,Day,Clear,Yard,Yard/switching,5,9498,1320,10818,M204,41.894444,-87.889064,46.3,51.3,56.8
UP,0319GL066,2019-03-21,4:45 PM,Other impacts,0,MELROSE PARK,IL,48,2,Day,Cloudy,Yard,Single Car,0,14832,0,21419,M411,41.897901,-87.898267,41.8,40,38.4
UP,0719PR017,2019-07-11,9:30 PM,Other impacts,0,MELROSE PARK,IL,70,4,Dark,Cloudy,Yard,Cut of cars,2,1726,1500,12721,H021,41.914961,-87.91413,84.7,74.8,74.9
UP,0619PR023,2019-06-22,10:47 PM,Other (describe in narrative),0,MELROSE PARK,IL,70,4,Dark,Cloudy,Yard,Single Car,0,27041,33,27074,M411,41.899398,-87.907692,62.8,69.8,73
UP,0516PR015,2016-05-16,12:52 PM,Obstruction,0,MELROSE PARK,IL,65,2,Day,Clear,Yard,Yard/switching,4,58415,5110,63525,M404,41.896931,-87.896075,46.9,58,52.4
UP,0318PR008,2018-03-08,8:44 AM,Other (describe in narrative),0,MELROSE PARK,IL,30,2,Day,Cloudy,Yard,Single Car,0,72486,0,72486,M411,41.898752,-87.907917,29.6,28.4,30.5
UP,1017PR009,2017-10-02,10:00 AM,Other (describe in narrative),0,MELROSE PARK,IL,67,2,Day,Cloudy,Yard,Single Car,0,17183,0,17183,H601,41.900031,-87.907553,60.8,71.6,72.3
UP,0619PR022,2019-06-24,3:00 PM,Derailment,0,MELROSE PARK,IL,76,2,Day,Cloudy,Yard,Yard/switching,8,23940,175858,199798,T110,41.894883,-87.889016,73,71.6,74.5
UP,0618PR024,2018-06-22,9:10 AM,Derailment,0,MELROSE PARK,IL,72,2,Day,Rain,Yard,Freight Train,5,19993,1660,21653,T210,41.895586,-87.888936,65.6,61.8,70.3
UP,0119GL014,2019-01-12,12:32 PM,Derailment,0,MELROSE PARK,IL,32,2,Day,Snow,Yard,Freight Train,5,26083,7460,33543,T202,41.896709,-87.907199,26.2,30.4,29
UP,1221PR009,2021-12-15,12:24 PM,Derailment,0,MELROSE PARK,IL,64,2,Day,Cloudy,Yard,Yard/switching,4,5428,7100,12528,T314,41.895634,-87.888923,44.2,59.7,45.3
UP,0718PR005,2018-07-09,10:30 AM,Derailment,0,MELROSE PARK,IL,90,2,Day,Clear,Yard,Freight Train,4,22751,1584,24335,T314,41.898504,-87.904002,76.2,80.5,80.5
NS,120159,2016-04-16,3:40 AM,Derailment,0,MELVINDALE,MI,55,4,Dark,Clear,Siding,Freight Train,4,19000,336,19336,H506,42.273143,-83.194064,50.4,57.2,58.8
CP,1000431241,2016-07-31,2:00 AM,Derailment,0,MELVINDALE,MI,69,4,Dark,Cloudy,Yard,Light loco(s),5,52130,0,52230,H702,42.281784,-83.159848,72.6,74.1,75.5
NS,156997,2024-06-08,7:00 AM,Side collision,0,MELVINDALE,MI,51,1,Dawn,Clear,Yard,Yard/switching,8,51370,3500,80874,H702,42.273905,-83.191024,65.6,64.8,64.2
NS,156997,2024-06-08,7:00 AM,Side collision,0,MELVINDALE,MI,51,1,Dawn,Clear,Yard,Freight Train,8,26004,0,80874,H702,42.273905,-83.191024,65.6,64.8,64.2
NS,123264,2016-12-22,10:55 AM,Other impacts,0,MELVINDALE,MI,37,2,Day,Cloudy,Yard,Yard/switching,9,8350,9000,17353,H306,42.273714,-83.191677,26.2,35.1,30.4
NS,123264,2016-12-22,10:55 AM,Other impacts,0,MELVINDALE,MI,37,2,Day,Cloudy,Yard,Light loco(s),9,3,0,17353,H306,42.273714,-83.191677,26.2,35.1,30.4
NS,154393,2023-10-03,5:30 PM,Other impacts,0,MELVINDALE,MI,78,3,Dusk,Clear,Yard,Single Car,3,5000,15000,20000,H312,42.274369,-83.189284,67.9,69.8,72.7
NS,121676,2016-08-15,11:56 AM,Derailment,0,MELVINDALE,MI,75,2,Day,Cloudy,Yard,Freight Train,8,530,10322,10852,E65C,42.273274,-83.193521,75.1,73.7,75.5
NS,153897,2023-08-11,9:15 PM,Other (describe in narrative),0,MELVINDALE,MI,72,4,Dark,Cloudy,Yard,Yard/switching,5,1680,33270,34950,H702,42.273905,-83.191024,73.8,69.6,75.9
NS,126733,2017-09-22,7:40 AM,Derailment,0,MELVINDALE,MI,72,1,Dawn,Clear,Yard,Work train,4,12310,0,12310,E39C,42.273714,-83.191677,75.4,76,75.7
NS,153207,2023-05-28,9:00 PM,Derailment,0,MELVINDALE,MI,69,4,Dark,Clear,Yard,Freight Train,5,15528,320,15848,M404,42.277398,-83.177047,62.5,67.2,70.7
CRSH,123002,2016-12-03,5:15 PM,Derailment,0,MELVINDALE,MI,38,3,Dusk,Cloudy,Yard,Freight Train,8,68415,0,68415,H312,42.269728,-83.173341,38.4,36.4,36.2
NS,154059,2023-08-29,9:55 AM,Derailment,0,MELVINDALE,MI,69,2,Day,Clear,Yard,Freight Train,4,18304,0,18304,E21C,42.278257,-83.173549,65.4,67.7,62
NS,151496,2022-11-18,5:45 AM,Derailment,0,MELVINDALE,MI,30,1,Dawn,Clear,Yard,Freight Train,8,15500,0,15500,H307,42.276093,-83.18229,32.1,30.3,25.3
NS,138639,2020-07-27,1:35 AM,Other (describe in narrative),0,MELVINDALE,MI,70,4,Dark,Clear,Yard,Freight Train,2,12000,0,12000,H702,42.278316,-83.173306,80.4,81.6,76.4
NS,137062,2020-02-06,5:10 AM,Derailment,0,MELVINDALE,MI,25,1,Dawn,Snow,Yard,Freight Train,6,49800,0,74127,T221,42.273714,-83.191677,27,26.4,29.3
NS,137062,2020-02-06,5:10 AM,Derailment,0,MELVINDALE,MI,25,1,Dawn,Snow,Yard,Yard/switching,4,7582,16745,74127,T221,42.273714,-83.191677,27,26.4,29.3
NS,140069,2020-12-20,8:15 PM,Other impacts,0,MELVINDALE,MI,38,4,Dark,Clear,Yard,Yard/switching,4,13303,500,13803,H312,42.275586,-83.184337,33.2,35.5,35.6
NS,121480,2016-07-31,2:00 AM,Derailment,0,MELVINDALE,MI,70,4,Dark,Cloudy,Yard,,0,0,100,52230,H702,42.281784,-83.159848,72.6,74.1,75.5
NS,153669,2023-07-19,2:45 AM,Derailment,0,MELVINDALE,MI,66,4,Dark,Clear,Yard,Cut of cars,7,9531,9405,18936,T207,42.276968,-83.178796,70.3,72.8,74.8
BNSF,HL0823117,2023-08-31,5:58 AM,Derailment,0,MEMPHIS,TN,75,1,Dawn,Clear,Yard,Yard/switching,3,11499,1500,12999,H704,35.021711,-89.892409,76.3,72.7,73.8
BNSF,SF0815102,2015-08-07,6:05 PM,Derailment,0,MEMPHIS,TN,90,3,Dusk,Clear,Yard,Yard/switching,8,37299,6950,44249,E76L,35.016892,-89.886329,77.4,80,83.6
BNSF,HL1020107,2020-10-09,11:21 PM,Derailment,0,MEMPHIS,TN,66,4,Dark,Rain,Main,,0,0,92622,103422,E48C,35.127008,-90.063511,67.8,68.3,69.6
CSX,000211454,2023-05-25,11:23 AM,Hwy-rail crossing,0,MEMPHIS,TN,80,2,Day,Clear,Main,Light loco(s),47,274,145868,146142,M308,35.19037,-89.890899,73.4,76,73.5
BNSF,HL0820107,2020-08-10,10:30 PM,Derailment,0,MEMPHIS,TN,82,4,Dark,Clear,Yard,Cut of cars,0,3000,0,18000,E06C,35.036356,-89.909084,85.2,86.5,82.7
BNSF,HL0821105,2021-08-09,2:20 PM,Derailment,0,MEMPHIS,TN,87,2,Day,Clear,Yard,Light loco(s),2,500,24800,25300,H307,35.02647,-89.896679,82.1,85.3,86.1
BNSF,HL0220117,2020-02-24,6:30 AM,Derailment,0,MEMPHIS,TN,45,1,Dawn,Rain,Yard,Yard/switching,5,560,24076,24636,E31C,35.025977,-89.892539,46.4,52.5,49.8
UP,1216LK015,2016-12-13,11:55 AM,Derailment,0,MEMPHIS,TN,45,2,Day,Cloudy,Yard,Freight Train,3,25410,0,26010,H514,35.072928,-90.051756,49.3,44.4,36.9
IC,1047299,2020-09-06,4:15 PM,Other impacts,0,MEMPHIS,TN,88,2,Day,Clear,Industry,Yard/switching,5,271296,0,271296,H999,35.076747,-90.044111,74.8,76.9,78.9
IC,1015041,2019-10-08,5:15 AM,Side collision,0,MEMPHIS,TN,53,4,Dark,Clear,Yard,Yard/switching,4,97222,0,155158,M599,35.16847,-90.048775,63.3,64.2,65.6
BNSF,HL0922107,2022-09-14,4:15 PM,Derailment,0,MEMPHIS,TN,80,2,Day,Clear,Yard,Light loco(s),2,800,21500,22300,H607,35.02747,-89.895311,73.5,76.2,77.3
UP,1114LK016,2014-11-24,5:00 AM,Derailment,0,MEMPHIS,TN,58,4,Dark,Cloudy,Main,Freight Train,10,153072,97594,250666,M409,35.126632,-90.047175,59.9,52.2,40.5
BNSF,HL0524115,2024-05-24,1:24 AM,Derailment,0,MEMPHIS,TN,73,4,Dark,Clear,Yard,Yard/switching,5,154,298,14185,H306,35.036771,-89.913782,73.4,73.4,77.7
BNSF,HL1118105,2018-11-06,5:10 AM,Side collision,0,MEMPHIS,TN,55,1,Dawn,Clear,Yard,Yard/switching,0,2500,0,12040,H316,35.023033,-89.887978,58.5,60.2,55
BNSF,HL0123111,2023-01-13,5:00 PM,Derailment,0,MEMPHIS,TN,39,3,Dusk,Clear,Yard,Yard/switching,7,3545,12282,15827,H607,35.02344,-89.890382,55,36.3,35.9
BNSF,HL0517105,2017-05-05,11:19 AM,Derailment,0,MEMPHIS,TN,70,2,Day,Clear,Yard,Yard/switching,5,11412,11442,22854,H702,35.020642,-89.884634,54.2,57.7,64.8
BNSF,HL1220110,2020-12-16,6:30 AM,Derailment,0,MEMPHIS,TN,35,1,Dawn,Cloudy,Yard,Yard/switching,5,57004,1500,58504,S006,35.022016,-89.886448,33.7,35.5,33.6
BNSF,HL0820127,2020-08-28,6:41 AM,Derailment,0,MEMPHIS,TN,80,1,Dawn,Rain,Yard,Yard/switching,6,4402,50000,54402,H307,35.027789,-89.896046,79.8,76.5,81.8
BNSF,HL0124102,2024-01-05,2:00 AM,Derailment,0,MEMPHIS,TN,28,4,Dark,Clear,Yard,Yard/switching,7,33415,0,33415,E46C,35.026616,-89.891568,34.4,35.9,41
UP,1018LK009,2018-10-08,10:45 PM,Derailment,0,MEMPHIS,TN,80,4,Dark,Clear,Main,Freight Train,8,27931,66091,98806,H702,35.124531,-90.029564,79.7,79.4,79.1
BNSF,HL0420111,2020-04-29,1:23 PM,Derailment,0,MEMPHIS,TN,65,2,Day,Clear,Main,Freight Train,5,19874,0,19874,H518,35.126863,-90.058879,66.8,63,62.1
BNSF,HL0819120,2019-08-19,6:15 AM,Other impacts,0,MEMPHIS,TN,81,1,Dawn,Clear,Yard,Yard/switching,2,10978,0,10978,H307,35.027775,-89.897051,82.3,84.1,84.3
BNSF,HL0620121,2020-06-25,10:30 PM,Other impacts,0,MEMPHIS,TN,85,4,Dark,Clear,Yard,Yard/switching,6,15654,0,15654,H318,35.022618,-89.887789,76.3,78.5,74.9
BNSF,HL0718104,2018-07-03,11:29 PM,Derailment,0,MEMPHIS,TN,80,4,Dark,Clear,Yard,Yard/switching,7,36000,45000,81000,M599,35.022001,-89.88822,83.5,83.1,85.6
BNSF,HL0318109,2018-03-12,1:00 PM,Side collision,0,MEMPHIS,TN,43,2,Day,Clear,Yard,Yard/switching,0,10500,0,11000,H018,35.09926,-89.99379,50.7,43.2,43.3
BNSF,SF1214117,2014-12-17,10:09 PM,Other (describe in narrative),0,MEMPHIS,TN,33,4,Dark,Rain,Yard,Yard/switching,19,38600,500,39100,M411,35.016892,-89.886329,45.2,37.2,41.5
BNSF,HL1021106,2021-10-12,7:22 AM,Derailment,0,MEMPHIS,TN,75,1,Dawn,Clear,Yard,Yard/switching,6,13007,7000,20007,E32C,35.029243,-89.898904,73.7,70.2,78
BNSF,HL0719101,2019-07-01,11:45 AM,Derailment,0,MEMPHIS,TN,65,2,Day,Clear,Yard,Yard/switching,9,16120,0,16120,H511,35.017185,-89.882529,80.4,81.1,81.5
BNSF,HL0221102,2021-02-04,6:45 AM,Side collision,0,MEMPHIS,TN,36,1,Dawn,Clear,Yard,Yard/switching,4,48781,0,48781,M408,35.026983,-89.893919,37.9,47.7,39.9
BNSF,HL1120108,2020-11-13,2:29 AM,Side collision,0,MEMPHIS,TN,68,4,Dark,Clear,Yard,Cut of cars,3,8866,1000,14654,H021,35.02665,-89.892558,53,55.8,63.6
BNSF,HL1018116,2018-10-24,7:50 AM,Derailment,0,MEMPHIS,TN,56,1,Dawn,Clear,Yard,Freight Train,5,25000,250,25250,H704,35.039576,-89.914311,56.3,57.2,54.7
CSX,000219119,2024-07-07,1:55 PM,Derailment,0,MEMPHIS,TN,90,2,Day,Clear,Yard,Single Car,0,11100,0,37290,M503,35.16816,-89.962618,80,81.4,83.3
BNSF,HL0824114,2024-08-31,8:45 AM,Derailment,0,MEMPHIS,TN,81,1,Dawn,Cloudy,Yard,Yard/switching,3,303029,0,615149,M408,35.023995,-89.890366,79.8,79.7,77.4
UP,1018LK009,2018-10-08,10:45 PM,Derailment,0,MEMPHIS,TN,80,4,Dark,Clear,Main,Cut of cars,0,4784,0,98806,H702,35.125431,-90.029564,79.7,79.4,79.1
IC,1091513,2022-01-01,6:01 PM,Derailment,0,MEMPHIS,TN,58,4,Dark,Rain,Yard,Cut of cars,5,9000,0,182153,H316,35.066959,-90.097157,65.8,64.8,34.5
BNSF,HL0918128,2018-09-27,6:55 AM,Other impacts,0,MEMPHIS,TN,58,1,Dawn,Cloudy,Yard,Light loco(s),3,122500,0,122500,H022,35.021715,-89.892411,72.4,63.6,65.7
IC,1138664,2023-09-07,2:40 PM,Other impacts,0,MEMPHIS,TN,78,2,Day,Clear,Yard,,0,0,0,32474,H302,35.063119,-90.049173,78.1,75.4,73.4
BNSF,HL0319109,2019-03-10,5:45 AM,Derailment,0,MEMPHIS,TN,53,1,Dawn,Clear,Yard,,0,0,4200,22690,E08C,35.093366,-89.981715,61.9,54.3,53.3
BNSF,HL0524115,2024-05-24,1:24 AM,Derailment,0,MEMPHIS,TN,73,4,Dark,Clear,Yard,Cut of cars,0,13733,0,14185,H306,35.036771,-89.913782,73.4,73.4,77.7
UP,0417LK016,2017-04-18,11:44 AM,Derailment,0,MEMPHIS,TN,80,2,Day,Cloudy,Yard,Freight Train,6,477,0,11620,H524,35.072928,-90.051756,68.1,69.2,73.6
BNSF,SF0116109,2016-01-19,1:15 PM,Derailment,0,MEMPHIS,TN,32,2,Day,Cloudy,Yard,Yard/switching,5,9386,1250,10636,S006,35.021932,-89.88637,24.1,27,33.3
BNSF,HL0919107,2019-09-10,11:34 AM,Derailment,0,MEMPHIS,TN,85,2,Day,Cloudy,Yard,Yard/switching,10,20000,500,20500,H993,35.022346,-89.886766,85.6,82.2,83.9
BNSF,HL1118105,2018-11-06,5:10 AM,Side collision,0,MEMPHIS,TN,55,1,Dawn,Clear,Yard,Yard/switching,1,9540,0,12040,H316,35.023033,-89.887978,58.5,60.2,55
BNSF,HL0219114,2019-02-17,9:32 PM,Derailment,0,MEMPHIS,TN,38,4,Dark,Clear,Yard,Yard/switching,4,16715,215000,231715,M411,35.022852,-89.88887,36.4,41.6,36.6
BNSF,HL0722109,2022-07-16,2:00 PM,Derailment,0,MEMPHIS,TN,100,2,Day,Clear,Yard,Yard/switching,4,27745,6900,34645,H503,35.026339,-89.893168,85.3,87.4,88.2
BNSF,HL0123107,2023-01-11,12:23 PM,Derailment,0,MEMPHIS,TN,65,2,Day,Cloudy,Yard,Yard/switching,2,6577,8418,14995,H202,35.023177,-89.887101,50.9,64.2,55