reportingrailroadcode,accidentnumber,date,time,accidenttype,hazmatreleasedcars,station,stateabbr,temperature,visibility_code,visibility,weathercondition,tracktype,equipmenttype,trainspeed,equipmentdamagecost,trackdamagecost,totaldamagecost,primaryaccidentcausecode,latitude,longitude,prior_temp,actual_temp,following_temp
BNSF,HL0218108,2018-02-06,9:30 PM,Derailment,0,MEMPHIS,TN,40,4,Dark,Rain,Yard,Yard/switching,10,80000,9000,89000,H308,35.025494,-89.891189,34.1,39.7,33
CSX,000215186,2023-12-21,2:30 PM,Other impacts,0,MEMPHIS,TN,58,2,Day,Clear,Yard,Light loco(s),5,13389,0,17389,H516,35.16816,-89.962618,42.7,45.3,51.3
IC,1143141,2024-01-07,3:10 PM,Side collision,0,MEMPHIS,TN,46,2,Day,Clear,Yard,Yard/switching,8,210099,5226,283174,E35C,35.072208,-90.077465,41,41.1,41.8
BNSF,HL0319114,2019-03-14,7:50 PM,Side collision,0,MEMPHIS,TN,50,3,Dusk,Clear,Yard,Yard/switching,6,64475,121805,363533,E39C,35.02201,-89.888249,64.7,68.3,50.1
BNSF,HL0319114,2019-03-14,7:50 PM,Side collision,0,MEMPHIS,TN,50,3,Dusk,Clear,Yard,Freight Train,0,177253,0,363533,E39C,35.02201,-89.888249,64.7,68.3,50.1
UP,0923MA010,2023-09-07,2:40 PM,Other impacts,0,MEMPHIS,TN,83,2,Day,Clear,Yard,Freight Train,3,14023,0,32474,H302,35.063119,-90.049173,78.1,75.4,73.4
IC,991030,2019-03-13,6:40 PM,Other impacts,0,MEMPHIS,TN,73,3,Dusk,Cloudy,Yard,Yard/switching,4,45000,1500,46500,H702,35.083161,-89.988861,55.4,64.7,68.3
BNSF,HL0523104,2023-05-14,1:00 AM,Other (describe in narrative),0,MEMPHIS,TN,67,4,Dark,Clear,Yard,Yard/switching,3,1700,0,13391,H310,35.022738,-89.888248,75.7,78.9,81
IC,944557,2017-12-16,3:15 AM,Derailment,0,MEMPHIS,TN,25,4,Dark,Clear,Yard,Yard/switching,13,35000,4475,39475,H503,35.072169,-90.070574,36.1,42.7,45.1
IC,1108639,2022-07-17,8:40 AM,Side collision,0,MEMPHIS,TN,80,2,Day,Clear,Yard,Yard/switching,2,21000,0,21000,H318,35.068608,-90.089178,87.4,88.2,81
IC,1091513,2022-01-01,6:01 PM,Derailment,0,MEMPHIS,TN,58,4,Dark,Rain,Yard,Yard/switching,0,163512,9641,182153,H316,35.066959,-90.097157,65.8,64.8,34.5
BNSF,HL0722102,2022-07-03,1:00 AM,Derailment,0,MEMPHIS,TN,82,4,Dark,Clear,Yard,Yard/switching,3,27556,85000,112556,H503,35.023487,-89.889351,84.1,82.3,86.3
IC,1108639,2022-07-17,8:40 AM,Side collision,0,MEMPHIS,TN,80,2,Day,Clear,Yard,Cut of cars,0,0,0,21000,H318,35.068608,-90.089178,87.4,88.2,81
BNSF,HL0923113,2023-09-18,9:00 AM,Derailment,0,MEMPHIS,TN,90,2,Day,Clear,Yard,Yard/switching,4,1419,18925,20344,M411,35.025833,-89.892701,72,70.3,72.4
UP,1223MA032,2023-12-29,8:45 PM,Other (describe in narrative),0,MEMPHIS,TN,34,4,Dark,Clear,Yard,Light loco(s),7,0,29692,29692,H607,35.126998,-90.060834,39.8,37.5,40.6
UP,0923MA010,2023-09-07,2:40 PM,Other impacts,0,MEMPHIS,TN,83,2,Day,Clear,Yard,Cut of cars,3,18451,0,32474,H302,35.063119,-90.049173,78.1,75.4,73.4
BNSF,SF0915102,2015-09-02,5:09 PM,Derailment,0,MEMPHIS,TN,84,3,Dusk,Clear,Main,,0,0,0,33000,H503,35.023151,-89.893863,81.1,80.8,81.6
BNSF,HL1021101,2021-10-01,6:05 AM,Derailment,0,MEMPHIS,TN,70,1,Dawn,Cloudy,Yard,Light loco(s),2,15500,33000,48500,H702,35.029876,-89.90074,72.5,75.6,72.8
UP,0922MA027,2022-09-17,10:20 PM,Derailment,0,MEMPHIS,TN,80,4,Dark,Cloudy,Yard,,0,0,4220,17406,H503,35.122919,-90.019681,78.7,78.7,80.8
BNSF,SF0915106,2015-09-15,3:25 PM,Other (describe in narrative),0,MEMPHIS,TN,80,2,Day,Clear,Yard,Yard/switching,17,45000,0,45000,S014,35.023153,-89.887361,67.9,72.2,75.3
UP,0618LK003,2018-06-04,6:30 AM,Derailment,0,MEMPHIS,TN,87,1,Dawn,Clear,Main,Freight Train,10,4796,9987,14783,H501,35.126903,-90.057088,80.2,77,78.5
BNSF,HL0523104,2023-05-14,1:00 AM,Other (describe in narrative),0,MEMPHIS,TN,67,4,Dark,Clear,Yard,Yard/switching,4,11691,0,13391,H310,35.022738,-89.888248,75.7,78.9,81
IC,871186,2015-11-12,11:30 PM,Other impacts,0,MEMPHIS,TN,45,4,Dark,Clear,Yard,Yard/switching,4,20295,25,20320,H306,35.06965,-90.085602,63.6,56.6,51.3
IC,870859,2015-11-10,4:30 AM,Derailment,0,MEMPHIS,TN,44,4,Dark,Clear,Yard,Freight Train,9,223443,21836,245279,H599,35.073631,-90.062607,54,54.8,63.6
BNSF,HL0723119,2023-07-27,11:00 AM,Derailment,0,MEMPHIS,TN,90,2,Day,Clear,Yard,Yard/switching,7,16190,30500,46690,M101,35.022836,-89.887685,80.7,85.2,85.3
BNSF,HL1218121,2018-12-23,10:30 PM,Derailment,0,MEMPHIS,TN,36,4,Dark,Clear,Yard,Yard/switching,4,12750,6000,18750,E32C,35.030162,-89.900122,45,46.3,41.7
BNSF,HL0318111,2018-03-14,2:49 AM,Derailment,0,MEMPHIS,TN,36,4,Dark,Clear,Yard,Yard/switching,6,8000,70636,78636,H999,35.02655,-89.890709,43.3,44.4,54.1
BNSF,HL0317119,2017-03-28,7:30 PM,Derailment,0,MEMPHIS,TN,70,3,Dusk,Clear,Yard,Yard/switching,5,13500,500,14000,H307,35.023806,-89.890502,69.7,67,71
IC,919733,2017-04-18,11:44 AM,Derailment,0,MEMPHIS,TN,80,2,Day,Cloudy,Yard,,0,0,11143,11620,H524,35.072928,-90.051756,68.1,69.2,73.6
IC,1131116,2022-07-05,11:00 AM,Fire/violent rupture,0,MEMPHIS,TN,99,2,Day,Clear,Yard,Single Car,0,14857,0,14857,M406,35.068502,-90.124283,86.3,89.9,89.1
BNSF,HL0618114,2018-06-26,11:45 PM,Derailment,0,MEMPHIS,TN,82,4,Dark,Clear,Yard,Light loco(s),0,9500,0,207895,H607,35.029178,-89.898817,82.8,86,84.6
IC,1130095,2023-04-02,8:00 AM,Derailment,0,MEMPHIS,TN,70,2,Day,Clear,Main,,0,0,34038,36208,M201,35.166044,-89.966354,64.6,60.1,65.2
BNSF,SF0715104,2015-07-15,10:30 PM,Derailment,0,MEMPHIS,TN,85,4,Dark,Clear,Yard,Yard/switching,7,22911,2000,24911,H312,35.027698,-89.896264,82.6,85.4,85.6
CSX,000172731,2017-11-06,11:45 PM,Derailment,0,MEMPHIS,TN,65,4,Dark,Cloudy,Main,Freight Train,8,140191,73748,213939,H503,35.180835,-89.921891,72.2,60.2,53.4
NS,151491,2022-11-17,1:30 AM,Derailment,0,MEMPHIS,TN,29,4,Dark,Clear,Main,,0,0,5909,130246,H599,35.123103,-90.022936,40.8,34.7,36.6
BNSF,SF0415119,2015-04-25,3:40 AM,Derailment,0,MEMPHIS,TN,62,4,Dark,Rain,Yard,Yard/switching,2,12000,5215,17215,E07C,35.022296,-89.886821,58.2,69.3,61.7
NS,144658,2022-03-10,5:43 AM,Other (describe in narrative),0,MEMPHIS,TN,48,1,Dawn,Clear,Yard,,0,0,29621,72028,H704,35.115377,-89.965245,46.3,50.7,41
BNSF,HL0318109,2018-03-12,1:00 PM,Side collision,0,MEMPHIS,TN,43,2,Day,Clear,Yard,Cut of cars,8,500,0,11000,H018,35.09926,-89.99379,50.7,43.2,43.3
IC,1143141,2024-01-07,3:10 PM,Side collision,0,MEMPHIS,TN,46,2,Day,Clear,Yard,Freight Train,10,67849,0,283174,E35C,35.072208,-90.077465,41,41.1,41.8
IC,844355,2015-03-21,4:55 AM,Derailment,0,MEMPHIS,TN,55,4,Dark,Cloudy,Main,Freight Train,10,32800,318,33118,M201,35.069133,-90.123933,52.9,53.6,54.7
BNSF,SF0216108,2016-02-11,5:30 PM,Derailment,0,MEMPHIS,TN,45,3,Dusk,Clear,Yard,Yard/switching,10,20000,4000,24000,M201,35.023594,-89.889139,32.5,39.9,42.1
IC,918883,2017-04-10,9:15 AM,Derailment,0,MEMPHIS,TN,70,2,Day,Clear,Yard,Yard/switching,6,31609,250,31859,H318,35.17893,-89.964815,68,69.1,65.7
CSX,000179517,2018-10-26,2:15 AM,Derailment,0,MEMPHIS,TN,48,4,Dark,Clear,Industry,Freight Train,7,18062,1768,127382,H702,35.1495,-90.049,54.7,54.5,56.2
BNSF,HL0618114,2018-06-26,11:45 PM,Derailment,0,MEMPHIS,TN,82,4,Dark,Clear,Yard,Yard/switching,10,42395,156000,207895,H607,35.029178,-89.898817,82.8,86,84.6
CSX,000210583,2023-04-02,8:00 AM,Derailment,0,MEMPHIS,TN,70,2,Day,Clear,Main,Freight Train,5,2170,0,36208,M201,35.166044,-89.966354,64.6,60.1,65.2
BNSF,SF0516106,2016-05-09,5:35 PM,Derailment,0,MEMPHIS,TN,73,3,Dusk,Cloudy,Main,Yard/switching,5,5000,26500,31500,H501,35.126873,-90.059809,72.9,70.5,73.9
BNSF,HL0717100,2017-07-01,10:52 AM,Derailment,0,MEMPHIS,TN,93,2,Day,Clear,Yard,Light loco(s),4,26000,0,26000,H607,35.028693,-89.899642,78.7,81,79.3
IC,926165,2017-06-16,3:20 AM,Derailment,0,MEMPHIS,TN,75,4,Dark,Clear,Yard,Yard/switching,5,13670,2000,15670,E04C,35.072421,-90.071423,80.6,75.8,77.7
BNSF,SF0316118,2016-03-25,12:50 AM,Derailment,0,MEMPHIS,TN,52,4,Dark,Clear,Yard,Yard/switching,10,25459,0,25459,H316,35.024095,-89.88837,61.7,48.5,57.3
BNSF,HL0518111,2018-05-25,9:30 AM,Derailment,0,MEMPHIS,TN,85,2,Day,Clear,Yard,Yard/switching,4,208516,250,208766,S007,35.026062,-89.89065,76.5,76.5,77.1
BNSF,HL0323120,2023-03-19,4:30 PM,Derailment,0,MEMPHIS,TN,40,2,Day,Clear,Yard,Light loco(s),7,25000,45000,70000,H306,35.022442,-89.88759,40.8,33,39.9
IC,873949,2015-12-14,6:45 PM,Hwy-rail crossing,0,MEMPHIS,TN,52,4,Dark,Clear,Yard,Yard/switching,8,12995,25,13020,M302,35.08838,-90.111633,66.6,54,55.2
CSX,000215186,2023-12-21,2:30 PM,Other impacts,0,MEMPHIS,TN,58,2,Day,Clear,Yard,Freight Train,5,4000,0,17389,H516,35.16816,-89.962618,42.7,45.3,51.3
BNSF,HL1217101,2017-12-01,1:50 PM,Derailment,0,MEMPHIS,TN,60,2,Day,Clear,Yard,Yard/switching,4,16350,117447,133797,M411,35.026081,-89.892136,57.3,50.6,52.9
BNSF,HL1016123,2016-10-28,10:30 AM,Derailment,0,MEMPHIS,TN,70,2,Day,Clear,Yard,Yard/switching,5,17855,130000,147855,M411,35.025899,-89.892241,70.2,70.1,71.3
BNSF,SF0815103,2015-08-10,12:10 AM,Derailment,0,MEMPHIS,TN,82,4,Dark,Cloudy,Yard,Yard/switching,4,77648,559867,637515,H508,35.031057,-89.901077,83.5,81.8,82.5
BNSF,HL1122109,2022-11-19,2:25 AM,Derailment,0,MEMPHIS,TN,35,4,Dark,Clear,Yard,Yard/switching,2,15000,2400,17400,H607,35.029474,-89.89921,36.6,34,34.1
IC,1153150,2024-06-26,4:35 PM,Derailment,0,MEMPHIS,TN,89,2,Day,Cloudy,Main,,0,33066,83299,116365,H508,34.992819,-90.030624,87,80.9,79.3
BNSF,SF0816116,2016-08-29,9:45 AM,Derailment,0,MEMPHIS,TN,92,2,Day,Clear,Yard,Yard/switching,4,12199,500,12699,M411,35.028031,-89.892153,84.9,85.3,86
IC,1139047,2023-09-19,3:44 PM,Side collision,0,MEMPHIS,TN,84,2,Day,Clear,Yard,Freight Train,5,12102,0,21687,H307,35.080716,-90.0442,70.3,72.4,70.8
UP,0921MA033,2021-09-29,2:39 PM,Derailment,0,MEMPHIS,TN,83,2,Day,Cloudy,Main,Freight Train,4,7078,22918,29996,H503,35.127318,-90.06291,76.8,76.2,72.5
BNSF,HL0221102,2021-02-04,6:45 AM,Side collision,0,MEMPHIS,TN,36,1,Dawn,Clear,Yard,Yard/switching,2,0,0,48781,M408,35.026983,-89.893919,37.9,47.7,39.9
IC,1015041,2019-10-08,5:15 AM,Side collision,0,MEMPHIS,TN,53,4,Dark,Clear,Yard,Single Car,0,57936,0,155158,M599,35.16847,-90.048775,63.3,64.2,65.6
BNSF,SF0615100,2015-06-01,7:00 AM,Derailment,0,MEMPHIS,TN,70,1,Dawn,Cloudy,Yard,Freight Train,7,25934,152212,178146,H704,35.03772,-89.911898,69.7,66.9,67.6
NS,130251,2018-07-18,12:10 PM,Obstruction,0,MEMPHIS,TN,92,2,Day,Clear,Yard,Yard/switching,3,124,0,124,M402,35.123112,-90.022949,84.3,79.6,82.8
BNSF,HL0224109,2024-02-09,5:30 PM,Derailment,0,MEMPHIS,TN,64,3,Dusk,Rain,Yard,Yard/switching,6,8792,1600,10392,H523,35.023181,-89.889789,58,61.4,57
BNSF,HL1116114,2016-11-28,7:15 AM,Other (describe in narrative),0,MEMPHIS,TN,60,1,Dawn,Rain,Yard,Yard/switching,7,81603,0,81603,S013,35.024746,-89.892529,44.2,55.4,57.9
BNSF,SF0115105,2015-01-05,5:20 PM,Other impacts,0,MEMPHIS,TN,33,3,Dusk,Clear,Yard,Yard/switching,7,25510,0,25510,H607,35.019006,-89.888807,39.3,28,34.5
BNSF,HL0820107,2020-08-10,10:30 PM,Derailment,0,MEMPHIS,TN,82,4,Dark,Clear,Yard,Yard/switching,4,6000,9000,18000,E06C,35.036356,-89.909084,85.2,86.5,82.7
CSX,000212915,2023-08-15,5:04 AM,Derailment,0,MEMPHIS,TN,70,1,Dawn,Clear,Main,,0,0,694,33810,E34C,35.127699,-89.98818,83.3,73.9,73.1
BNSF,HL0422102,2022-04-04,12:02 PM,Derailment,0,MEMPHIS,TN,70,2,Day,Cloudy,Yard,Yard/switching,4,8518,4459,12977,H303,35.026824,-89.896663,59.1,62.3,63.7
BNSF,SF1015109,2015-10-19,7:00 PM,Derailment,0,MEMPHIS,TN,72,3,Dusk,Clear,Yard,Yard/switching,5,10571,0,10571,H316,35.023196,-89.888152,54.5,58.1,62.2
BNSF,HL0519107,2019-05-09,9:25 AM,Derailment,0,MEMPHIS,TN,78,2,Day,Cloudy,Yard,Yard/switching,4,7551,157591,165142,M201,35.026558,-89.893541,75.7,68.4,61.3
IC,1033405,2020-04-27,1:26 AM,Derailment,0,MEMPHIS,TN,54,4,Dark,Clear,Yard,Yard/switching,10,33491,27000,60491,M599,35.067551,-90.094927,58.8,63,66.8
BNSF,HL0421106,2021-04-06,1:47 PM,Derailment,0,MEMPHIS,TN,78,2,Day,Clear,Yard,Yard/switching,5,22285,500,22785,M407,35.024511,-89.890086,64.4,67.9,69.7
UP,0915LK037,2015-09-23,6:05 PM,Derailment,0,MEMPHIS,TN,85,2,Day,Clear,Yard,Yard/switching,8,7924,5600,13524,H503,35.124457,-90.029622,72.7,73.9,76.2
IC,1002404,2019-06-18,12:20 AM,Derailment,0,MEMPHIS,TN,75,4,Dark,Rain,Yard,Freight Train,8,18100,0,18100,H702,35.065786,-90.049782,77,76.3,81.9
BNSF,HL0619115,2019-06-28,6:00 PM,Derailment,0,MEMPHIS,TN,80,3,Dusk,Clear,Yard,Yard/switching,4,18847,0,18847,M411,35.024611,-89.891341,75.6,75.9,79
BNSF,HL0520108,2020-05-28,8:44 PM,Other impacts,0,MEMPHIS,TN,66,3,Dusk,Rain,Yard,Yard/switching,6,16000,0,16000,H318,35.027603,-89.895617,73.9,70.2,72.7
BNSF,HL0824114,2024-08-31,8:45 AM,Derailment,0,MEMPHIS,TN,81,1,Dawn,Cloudy,Yard,Yard/switching,5,11884,300236,615149,M408,35.023995,-89.890366,79.8,79.7,77.4
BNSF,HL0221118,2021-02-22,9:58 AM,Derailment,0,MEMPHIS,TN,48,2,Day,Clear,Yard,Yard/switching,6,16597,1000,17597,H316,35.027992,-89.892956,43,46.3,53.1
BNSF,HL0922109,2022-09-17,10:20 PM,Derailment,0,MEMPHIS,TN,80,4,Dark,Clear,Yard,Freight Train,5,13186,0,17406,H503,35.123515,-90.023823,78.7,78.7,80.8
BNSF,SF0216118,2016-02-25,1:30 PM,Derailment,0,MEMPHIS,TN,50,2,Day,Clear,Yard,Freight Train,3,11971,7000,18971,H503,35.028142,-89.897577,42.5,42.4,40.8
IC,905562,2016-11-04,4:40 AM,Other (describe in narrative),0,MEMPHIS,TN,65,4,Dark,Clear,Industry,Yard/switching,6,16388,25,16413,H699,35.074526,-90.08552,72.6,65.9,56.5
BNSF,HL1120108,2020-11-13,2:29 AM,Side collision,0,MEMPHIS,TN,68,4,Dark,Clear,Yard,Yard/switching,0,4788,0,14654,H021,35.02665,-89.892558,53,55.8,63.6
BNSF,HL0918121,2018-09-24,2:30 PM,Derailment,0,MEMPHIS,TN,85,2,Day,Rain,Yard,Freight Train,6,49400,85000,134400,H503,35.107482,-89.990268,70.7,76.2,79.7
UP,0823MA016,2023-08-15,5:04 AM,Derailment,0,MEMPHIS,TN,70,1,Dawn,Clear,Main,Freight Train,10,33116,0,33810,E34C,35.127699,-89.98818,83.3,73.9,73.1
BNSF,HL1122103,2022-11-10,3:15 PM,Derailment,0,MEMPHIS,TN,65,2,Day,Clear,Yard,Freight Train,3,97895,220844,318739,H522,35.034513,-89.906304,68.8,62.3,57
BNSF,HL0519110,2019-05-17,2:23 PM,Derailment,0,MEMPHIS,TN,85,2,Day,Clear,Yard,Yard/switching,3,21000,84000,105000,H607,35.027468,-89.895308,78,78.4,75.2
IC,908712,2016-12-13,11:55 AM,Derailment,0,MEMPHIS,TN,46,2,Day,Clear,Yard,,0,0,600,26010,H514,35.072928,-90.051756,49.3,44.4,36.9
BNSF,HL1122105,2022-11-14,2:00 PM,Derailment,0,MEMPHIS,TN,48,2,Day,Clear,Yard,Yard/switching,7,49520,0,49520,E30C,35.0487,-89.925299,36.1,39.7,43.2
IC,1139047,2023-09-19,3:44 PM,Side collision,0,MEMPHIS,TN,84,2,Day,Clear,Yard,Yard/switching,4,9585,0,21687,H307,35.080716,-90.0442,70.3,72.4,70.8
IC,926399,2017-06-18,2:49 PM,Other impacts,0,MEMPHIS,TN,73,2,Day,Rain,Yard,Yard/switching,0,36000,25,36025,M105,35.073142,-90.072361,77.7,78,78.4
UP,0322MA008,2022-03-10,5:43 AM,Derailment,0,MEMPHIS,TN,43,1,Dawn,Clear,Yard,Freight Train,6,42407,0,72028,H704,35.115377,-89.965245,46.3,50.7,41
NS,153967,2023-08-19,8:30 AM,Other (describe in narrative),0,MEMPHIS,TN,74,2,Day,Clear,Yard,Freight Train,3,20000,150,20150,H702,35.115577,-89.97421,79.9,81.2,84.1
CSX,000219119,2024-07-07,1:55 PM,Derailment,0,MEMPHIS,TN,90,2,Day,Clear,Yard,Freight Train,6,21093,5097,37290,M503,35.16816,-89.962618,80,81.4,83.3
IC,977006,2018-10-26,2:15 AM,Derailment,0,MEMPHIS,TN,48,4,Dark,Clear,Yard,,0,0,107552,127382,H702,35.1495,-90.049,54.7,54.5,56.2
UP,1020MA016,2020-10-09,11:21 PM,Derailment,0,MEMPHIS,TN,66,4,Dark,Rain,Main,Freight Train,1,10800,0,103422,E48C,35.127008,-90.063511,67.8,68.3,69.6
IC,906083,2016-11-10,2:15 PM,Derailment,0,MEMPHIS,TN,65,2,Day,Clear,Yard,Yard/switching,4,3117,22996,26113,M408,35.072375,-90.079603,58.5,51.9,56.1
IC,1099816,2022-04-14,9:15 PM,Derailment,0,MEMPHIS,TN,52,4,Dark,Clear,Yard,Freight Train,11,123331,275866,399197,E4AC,35.06674,-90.097029,66.9,55.8,64.6
BNSF,HL0624110,2024-06-26,4:35 PM,Derailment,0,MEMPHIS,TN,89,2,Day,Cloudy,Main,,0,0,78499,111564,H508,35.126874,-90.059577,87,80.9,79.3
NS,153552,2023-07-07,6:20 PM,Hwy-rail crossing,0,MEMPHIS,TN,80,3,Dusk,Clear,Main,Freight Train,26,0,20000,20000,M303,35.11551,-89.909508,80.3,78.8,77.8
NS,124424,2017-03-21,2:30 AM,Derailment,0,MEMPHIS,TN,63,4,Dark,Clear,Yard,Yard/switching,3,11887,2277,14164,H702,35.115734,-89.981446,70.1,69.4,53.9
BNSF,HL1219109,2019-12-22,9:10 AM,Derailment,0,MEMPHIS,TN,33,2,Day,Rain,Yard,Yard/switching,4,19745,500,20245,E24C,35.027529,-89.895,47.5,48.8,53.5
NS,157626,2022-09-17,10:20 PM,Derailment,0,MEMPHIS,TN,80,4,Dark,Clear,Yard,,0,0,0,17406,H503,35.12339,-90.023393,78.7,78.7,80.8
CSX,000181751,2019-03-10,5:45 AM,Derailment,0,MEMPHIS,TN,50,1,Dawn,Clear,Yard,Freight Train,8,18490,0,22690,T205,35.168173,-89.962593,61.9,54.3,53.3
BNSF,SF0616101,2016-06-03,2:00 PM,Derailment,0,MEMPHIS,TN,80,2,Day,Cloudy,Yard,Freight Train,5,18913,0,18913,T108,35.025971,-89.891904,76.6,75.7,76.7
NS,115957,2015-06-07,11:58 AM,Derailment,0,MEMPHIS,TN,83,2,Day,Clear,Yard,Yard/switching,4,0,13592,13592,T108,35.115575,-89.974209,78.6,82,82.7
UP,0624MA051,2024-06-26,4:21 PM,Derailment,0,MEMPHIS,TN,85,2,Day,Rain,Main,Freight Train,5,33065,0,111564,T403,35.126874,-90.059577,87,80.9,79.3
IC,1137595,2023-08-12,8:00 PM,Side collision,0,MEMPHIS,TN,83,3,Dusk,Clear,Yard,Yard/switching,0,1299,0,60808,T306,35.06794,-90.106773,82.3,83.3,84
IC,870654,2015-11-07,7:40 PM,Derailment,0,MEMPHIS,TN,42,4,Dark,Clear,Yard,Freight Train,3,24575,0,142268,T202,35.072608,-90.068208,67.2,57.2,54.3
UP,0118LK024,2018-01-15,9:09 AM,Derailment,0,MEMPHIS,TN,30,2,Day,Clear,Yard,Freight Train,5,260946,0,580261,T201,35.127029,-90.064793,25,32,14.5
NS,146387,2022-09-05,4:20 PM,Derailment,0,MEMPHIS,TN,89,3,Dusk,Clear,Yard,Freight Train,5,12100,5000,17100,T317,35.115576,-89.974209,78.6,81.4,79.9
BNSF,HL0119130,2019-01-24,5:40 AM,Derailment,0,MEMPHIS,TN,32,1,Dawn,Clear,Yard,Yard/switching,7,14676,1500,16176,T202,35.026061,-89.890054,43,34.8,32.7
BNSF,SF0415105,2015-04-08,3:00 AM,Derailment,0,MEMPHIS,TN,65,4,Dark,Clear,Yard,Yard/switching,8,15737,12500,28237,T403,35.024239,-89.887985,72,75.5,76.5
BNSF,SF0116103,2016-01-08,12:15 AM,Derailment,0,MEMPHIS,TN,46,4,Dark,Rain,Yard,Yard/switching,10,20106,15000,35106,T110,35.026386,-89.892894,45.2,52.3,48.9
BNSF,HL0419116,2019-04-24,4:30 PM,Derailment,0,MEMPHIS,TN,78,2,Day,Clear,Yard,Yard/switching,5,95096,0,95096,T210,35.023209,-89.889722,66.8,70.2,66.2
IC,982959,2018-12-31,3:40 AM,Derailment,0,MEMPHIS,TN,51,4,Dark,Rain,Yard,Freight Train,0,531908,0,996719,T208,35.075355,-90.054397,45,56.6,46.1
BNSF,HL0718125,2018-07-26,7:15 AM,Derailment,0,MEMPHIS,TN,90,1,Dawn,Clear,Yard,Yard/switching,4,33216,79000,112216,T102,35.026614,-89.893545,82.2,82.3,80.1
IC,870654,2015-11-07,7:40 PM,Derailment,0,MEMPHIS,TN,42,4,Dark,Clear,Yard,Yard/switching,1,107209,10484,142268,T202,35.072608,-90.068208,67.2,57.2,54.3
BNSF,SF1114111,2014-11-18,6:45 AM,Derailment,0,MEMPHIS,TN,21,1,Dawn,Clear,Main,Freight Train,8,214050,0,339436,T310,35.115945,-89.990493,32.1,28.4,42.2
IC,982959,2018-12-31,3:40 AM,Derailment,0,MEMPHIS,TN,51,4,Dark,Rain,Yard,Yard/switching,4,339831,124980,996719,T208,35.075355,-90.054397,45,56.6,46.1
BNSF,SF0816112,2016-08-22,4:55 PM,Derailment,0,MEMPHIS,TN,83,2,Day,Clear,Yard,Yard/switching,4,19157,5100,24257,T111,35.028665,-89.893236,76.9,76.8,81
BNSF,HL0122101,2022-01-02,12:46 AM,Derailment,0,MEMPHIS,TN,45,4,Dark,Rain,Yard,Yard/switching,4,4000,80000,84000,T207,35.027552,-89.89564,64.8,34.5,31.3
NS,113066,2014-11-18,6:45 AM,Derailment,0,MEMPHIS,TN,21,1,Dawn,Clear,Main,Freight Train,0,0,125386,339436,T310,35.115945,-89.990493,32.1,28.4,42.2
BNSF,HL0118112,2018-01-15,9:09 AM,Derailment,0,MEMPHIS,TN,8,2,Day,Clear,Yard,Freight Train,0,0,319315,580261,T201,35.127029,-90.064793,25,32,14.5
IC,1137595,2023-08-12,8:00 PM,Side collision,0,MEMPHIS,TN,83,3,Dusk,Clear,Yard,Yard/switching,4,50000,9509,60808,T306,35.06794,-90.106773,82.3,83.3,84
CSX,000151712,2015-09-02,5:09 PM,Derailment,0,MEMPHIS,TN,84,3,Dusk,Clear,Main,Freight Train,5,33000,0,33000,T112,35.023151,-89.893863,81.1,80.8,81.6
UP,1122MA023,2022-11-17,12:48 AM,Derailment,0,MEMPHIS,TN,34,4,Dark,Clear,Main,Freight Train,10,124337,0,130246,T102,35.12691,-90.056553,40.8,34.7,36.6
UP,0721MA033,2021-07-27,11:30 AM,Derailment,0,MEMPHIS,TN,89,2,Day,Clear,Yard,Freight Train,0,0,148500,276579,T205,35.122916,-90.019326,83.4,85,86.1
UP,0521MA033,2021-05-20,4:02 PM,Derailment,0,MEMPHIS,TN,85,2,Day,Clear,Yard,Light loco(s),10,500,13777,14277,T199,35.119165,-90.015664,74.6,77.5,76.5
IC,1044543,2020-08-11,11:40 PM,Derailment,0,MEMPHIS,TN,73,4,Dark,Clear,Industry,Yard/switching,9,35328,10000,45328,T309,35.269214,-89.968451,86.5,82.7,80.6
CSX,000199128,2021-07-27,11:30 AM,Derailment,0,MEMPHIS,TN,91,2,Day,Clear,Yard,Freight Train,8,128079,0,276579,T205,35.1269,-89.9253,83.4,85,86.1
KCS,21070901,2021-07-09,7:37 AM,Hwy-rail crossing,0,MENA,AR,88,1,Dawn,Clear,Siding,Freight Train,0,26275,0,77973,M308,34.554184,-94.339045,80.5,81.7,81.6
KCS,21070901,2021-07-09,7:37 AM,Hwy-rail crossing,0,MENA,AR,88,1,Dawn,Clear,Main,Freight Train,40,40761,10937,77973,M308,34.554184,-94.339045,80.5,81.7,81.6
ESPN,ESPN520211,2021-05-17,6:00 PM,Derailment,0,MENDENHALL,PA,87,2,Day,Clear,Main,Freight Train,10,167000,90000,257000,T101,39.8375,-75.5975,61.1,62.7,65.8
BNSF,CH0317106,2017-03-06,10:38 PM,Derailment,0,MENDON,MO,70,4,Dark,Rain,Main,Freight Train,0,3269843,1191904,4461747,M105,39.539466,-93.210153,59.2,64.5,48.4
BNSF,CH0923202,2023-09-11,8:53 AM,Hwy-rail crossing,0,MENDON,MO,65,1,Dawn,Cloudy,Main,Freight Train,69,18939,0,18939,M302,39.593488,-93.13591,68.8,65.8,63.6
BNSF,CH0622203,2022-06-27,12:42 PM,Hwy-rail crossing,0,MENDON,MO,80,2,Day,Clear,Main,,0,0,407000,3907000,M302,39.560581,-93.181186,73.6,69.7,72.1
ATK,171095,2022-06-27,12:42 PM,Hwy-rail crossing,0,MENDON,MO,80,2,Day,Clear,Main,Passenger Train - Pulling,89,3500000,0,3907000,M302,39.560581,-93.181186,73.6,69.7,72.1
UP,0619RM033,2019-06-25,9:00 AM,Derailment,0,MENDON,UT,53,2,Day,Clear,Main,Freight Train,11,53753,4637,58390,T102,41.740017,-111.97209,65.1,66.1,71.9