reportingrailroadcode,accidentnumber,date,time,accidenttype,hazmatreleasedcars,station,stateabbr,temperature,visibility_code,visibility,weathercondition,tracktype,equipmenttype,trainspeed,equipmentdamagecost,trackdamagecost,totaldamagecost,primaryaccidentcausecode,latitude,longitude,prior_temp,actual_temp,following_temp
ATK,158340,2019-04-04,5:00 PM,Fire/violent rupture,0,MENDOTA,IL,45,2,Day,Rain,Main,Passenger Train - Pulling,19,13940,0,13940,M406,41.556826,-89.106669,45.4,44.5,45.3
BNSF,CH1015108,2015-10-27,10:30 AM,Other (describe in narrative),0,MENDOTA,IL,55,2,Day,Fog,Yard,Yard/switching,4,26765,0,26765,H302,41.551031,-89.117171,49.6,49.8,49.6
BNSF,CH0422117,2022-04-28,11:12 PM,Derailment,0,MENDOTA,IL,50,4,Dark,Cloudy,Industry,Freight Train,3,62388,112000,174388,H704,41.564537,-89.050777,42.6,48.1,57.9
ATK,180150,2024-05-09,8:53 AM,Obstruction,0,MENDOTA,IL,55,2,Day,Clear,Main,Passenger Train - Pulling,40,17889,0,17889,M404,41.547059,-89.11806,67.8,58.1,58.3
BNSF,CH0419112,2019-04-04,5:00 PM,Fire/violent rupture,0,MENDOTA,IL,45,2,Day,Rain,Main,,0,0,0,13940,M406,41.556826,-89.106669,45.4,44.5,45.3
UP,0320GL019,2020-03-23,2:03 PM,Derailment,0,MENDOTA,MN,39,2,Day,Cloudy,Main,Freight Train,25,10406,234875,245281,T001,44.868456,-93.175024,35.9,36.8,41.8
BNSF,CH0823118,2023-08-31,8:44 PM,Derailment,0,MENDOTA,IL,57,3,Dusk,Clear,Yard,Yard/switching,5,365792,28086,393878,T207,41.556548,-89.107642,63.7,62.3,65.3
BNSF,HL0524101,2024-05-02,4:30 AM,Other (describe in narrative),0,MENFRO,MO,71,1,Dawn,Cloudy,Main,Freight Train,40,12500,0,12500,M404,37.788453,-89.747343,72,71.1,68
IAIS,2022034,2022-08-29,1:50 PM,Hwy-rail crossing,0,MENLO,IA,84,2,Day,Clear,Main,Light loco(s),38,5000,0,5000,M308,41.524701,-94.414074,76.2,73.2,67.1
UP,0319GL081,2019-03-25,8:00 PM,Derailment,0,MENOMONEE FALLS,WI,30,4,Dark,Clear,Main,Freight Train,18,288293,186814,475107,E34C,43.130477,-88.167221,39.3,32.7,33
NS,122637,2016-11-02,7:21 PM,Hwy-rail crossing,0,MENTONE,IN,71,3,Dusk,Rain,Main,Freight Train,55,2722,37716,40438,M303,41.173157,-86.039035,65.4,67.4,58.8
NS,153979,2023-08-18,8:25 AM,Derailment,0,MENTONE,AL,84,2,Day,Clear,Siding,Freight Train,7,202785,0,202785,E47C,34.645933,-85.568274,71.1,73.6,73.2
BNSF,TC1222102,2022-12-01,12:43 PM,Derailment,0,MENTOR,MN,25,2,Day,Clear,Main,Freight Train,48,11000,50000,61000,E53C,47.702206,-96.307068,6.9,17.5,13.4
UP,0719HL020,2019-07-25,7:19 AM,Derailment,0,MERCER,MO,66,2,Day,Clear,Main,Freight Train,50,4395775,348600,4744375,T001,40.490455,-93.534965,71.2,72.1,75.9
KCS,14113001,2014-11-30,11:00 AM,Derailment,0,MERIDIAN,MS,65,2,Day,Cloudy,Yard,Yard/switching,3,5871,4734,10605,M411,32.356717,-88.719167,53.4,62,60.7
NS,116292,2015-06-29,9:40 AM,Derailment,0,MERIDIAN,MS,90,2,Day,Clear,Yard,Cut of cars,0,10000,0,30308,H306,32.359958,-88.709614,77.6,77.7,73.7
ATK,179312,2024-04-10,4:45 PM,Hwy-rail crossing,0,MERIDIAN,TX,68,2,Day,Clear,Main,Passenger Train - Pulling,54,65135,0,65135,M302,31.886067,-97.619125,66.3,59.3,60.3
BNSF,RD0424202,2024-04-10,4:45 PM,Hwy-rail crossing,0,MERIDIAN,TX,62,2,Day,Cloudy,Main,,0,0,0,65135,M302,31.886068,-97.619125,66.3,59.3,60.3
KCS,22052202,2022-05-22,8:30 PM,Derailment,0,MERIDIAN,MS,80,3,Dusk,Clear,Yard,Yard/switching,4,14055,0,14055,H306,32.361527,-88.698887,79.1,77.7,76.6
BVRR,170213002,2017-02-13,12:00 PM,Derailment,0,MERIDIAN,ID,40,2,Day,Clear,Main,Freight Train,23,272919,46000,318919,E45C,43.6089,-116.405249,31,29.7,28.9
NS,129665,2018-05-31,11:15 AM,Derailment,0,MERIDIAN,MS,72,2,Day,Clear,Yard,Yard/switching,2,12659,0,12659,H303,32.359527,-88.711266,81.2,81.3,82.7
NS,157066,2024-06-14,1:00 AM,Derailment,0,MERIDIAN,MS,80,4,Dark,Clear,Yard,Yard/switching,6,6661,19495,26156,H702,32.353376,-88.732101,76.8,80.4,83.6
MDS,19092601,2019-09-26,6:10 PM,Other impacts,0,MERIDIAN,MS,90,2,Day,Clear,Yard,Freight Train,0,87000,0,88703,M505,32.351002,-88.715988,81.4,81.4,82.6
MNBR,MNB590020,2020-04-30,9:00 PM,Derailment,0,MERIDIAN,MS,46,4,Dark,Clear,Yard,Freight Train,10,5536,0,27547,H506,32.363172,-88.692639,67.1,63,64.7
KCS,19092602,2019-09-26,6:10 PM,Other impacts,0,MERIDIAN,MS,90,2,Day,Clear,Yard,Single Car,1,0,1703,88703,E0HC,32.351002,-88.715988,81.4,81.4,82.6
NS,142114,2021-07-06,1:00 PM,Derailment,0,MERIDIAN,MS,82,2,Day,Clear,Yard,Freight Train,3,85299,90767,176066,E40C,32.356773,-88.721826,78.6,77.6,76.3
NS,117441,2015-09-19,12:00 PM,Derailment,0,MERIDIAN,MS,84,2,Day,Clear,Yard,Freight Train,4,15000,0,15000,H020,32.356773,-88.721826,74.3,75.4,75.8
ATK,160203,2019-07-22,1:00 PM,Hwy-rail crossing,0,MERIDIAN,MS,84,2,Day,Clear,Main,Passenger Train - Pulling,64,14595,0,14595,M302,32.300533,-88.762824,78.4,80,77.1
NS,116292,2015-06-29,9:40 AM,Derailment,0,MERIDIAN,MS,90,2,Day,Clear,Yard,Yard/switching,5,14000,6308,30308,H306,32.359958,-88.709614,77.6,77.7,73.7
KCS,20043001,2020-04-30,9:00 PM,Derailment,0,MERIDIAN,MS,46,4,Dark,Clear,Yard,,0,0,3997,27547,H506,32.363172,-88.692629,67.1,63,64.7
NS,137879,2020-04-30,8:45 PM,Derailment,0,MERIDIAN,MS,60,4,Dark,Clear,Yard,,0,0,18014,27547,H506,32.362378,-88.69804,67.1,63,64.7
NS,134807,2019-07-22,1:00 PM,Hwy-rail crossing,0,MERIDIAN,MS,90,2,Day,Clear,Main,,0,0,0,14595,M302,32.300533,-88.762824,78.4,80,77.1
NS,120932,2016-06-18,7:40 PM,Derailment,0,MERIDIAN,MS,80,3,Dusk,Clear,Main,Freight Train,6,602,10138,32962,T311,32.359528,-88.711266,82.1,79.2,81.5
KCS,16061803,2016-06-18,7:40 PM,Derailment,0,MERIDIAN,MS,89,3,Dusk,Clear,Yard,Freight Train,0,0,22222,32962,T311,32.359528,-88.711266,82.1,79.2,81.5
KCS,20070707,2020-07-07,9:16 PM,Derailment,0,MERIDIAN,MS,74,4,Dark,Clear,Main,Freight Train,0,0,15978,17598,T314,32.355036,-88.728422,78.4,79.7,77
NS,151805,2022-12-23,11:05 AM,Other (describe in narrative),0,MERIDIAN,MS,14,2,Day,Clear,Main,Freight Train,10,8000,7700,15700,T307,32.359528,-88.711267,49.6,19.8,23.2
KCS,19062702,2019-06-27,12:15 PM,Derailment,0,MERIDIAN,MS,90,2,Day,Clear,Main,Freight Train,8,14889,5245,244134,T319,32.366344,-88.690895,79.2,78,77.4
MNBR,MNB169618,2018-02-10,11:45 AM,Derailment,0,MERIDIAN,MS,65,2,Day,Cloudy,Main,Freight Train,11,8440,4000,12440,T110,32.306548,-88.625983,50.4,64.4,61.3
NS,135541,2019-06-27,12:15 PM,Derailment,0,MERIDIAN,MS,90,2,Day,Clear,Main,Freight Train,0,0,224000,244134,T319,32.366344,-88.690895,79.2,78,77.4
KCS,16081101,2016-08-11,9:50 AM,Derailment,0,MERIDIAN,MS,85,2,Day,Cloudy,Yard,Freight Train,6,22900,12000,34900,T403,32.363375,-88.695468,83.2,82,80.8
KCS,21012401,2021-01-24,7:15 AM,Derailment,0,MERIDIAN,MS,55,1,Dawn,Cloudy,Yard,Yard/switching,7,21020,6572,27592,T110,32.361172,-88.699608,51.3,57.2,70
NS,153140,2023-05-21,7:40 AM,Derailment,0,MERIDIAN,MS,70,1,Dawn,Clear,Yard,Freight Train,8,31500,4579,36079,T207,32.359528,-88.711267,76.9,71.8,74.7
UP,0616NP021,2016-06-24,1:10 PM,Derailment,0,MERINO,CO,99,2,Day,Clear,Main,Work train,0,19057,0,19057,M299,40.500832,-103.327391,75.7,76.9,73.8
UP,0424TO029,2024-04-23,7:36 PM,Derailment,0,MERKEL,TX,85,3,Dusk,Rain,Main,Freight Train,61,882726,183643,1066369,M105,32.484998,-100.105642,59.3,71.5,72.1
BNSF,PR0716200,2016-07-11,9:58 AM,Hwy-rail crossing,0,MERNA,NE,80,2,Day,Clear,Main,Freight Train,53,11126,10500,21626,M302,41.51036,-99.771,82.4,79.6,70.3
LI,80381,2023-08-06,3:24 AM,Other (describe in narrative),0,MERRICK,NY,70,4,Dark,Clear,Main,EMU,80,23683,0,23683,M599,40.663873,-73.550565,77.5,76,75.3
WC,1073786,2021-06-16,1:31 AM,Derailment,0,MERRILL,WI,45,4,Dark,Clear,Main,Freight Train,17,688425,115180,803605,M503,45.179155,-89.679846,66.5,65,72.7
UP,1118TC012,2018-11-22,7:00 AM,Fire/violent rupture,0,MERRILLAN,WI,25,2,Day,Cloudy,Main,Freight Train,35,234513,150,234663,E79L,44.372988,-90.8145,26.1,29.1,36.9
GTW,1114421,2022-09-21,9:36 AM,Rear end collision,0,MERRILLVILLE,IN,85,2,Day,Clear,Main,Spec. MoW Equip.,0,0,0,28283,H993,41.500692,-87.30011,72.1,75.8,59.2
GTW,1114421,2022-09-21,9:36 AM,Rear end collision,0,MERRILLVILLE,IN,85,2,Day,Clear,Main,Maint./inspect Car,0,28283,0,28283,H993,41.500692,-87.30011,72.1,75.8,59.2
GTW,1049486,2020-09-28,2:10 AM,Hwy-rail crossing,0,MERRILLVILLE,IN,61,4,Dark,Clear,Main,Freight Train,40,1050,20944,21994,M308,41.50025,-87.33602,68.6,54.5,52.2
TIBR,170808006,2017-08-08,5:00 PM,Derailment,0,MERRYVILLE,LA,85,2,Day,Cloudy,Yard,Freight Train,4,30000,15000,45000,T109,30.461358,-93.280805,78.5,78.3,76.8
BNSF,NW0518201,2018-05-09,11:55 AM,Hwy-rail crossing,0,MESA,WA,59,2,Day,Rain,Main,Freight Train,33,4500,40000,44500,M302,46.576573,-119.008585,68.5,64.9,60.2
BNSF,NW0718112,2018-07-12,2:20 PM,Derailment,0,MESA,WA,90,2,Day,Clear,Industry,Freight Train,5,5521,21000,26521,T111,46.577558,-119.007915,74.7,78.8,84.3
BNSF,SW0621105,2021-06-14,3:17 PM,Derailment,0,MESITA,NM,102,2,Day,Clear,Main,Freight Train,44,1532119,1700000,3232119,T109,35.021947,-107.313769,80.9,82,83.5
BNSF,SW0622103,2022-06-03,12:35 PM,Derailment,0,MESQUITE,NM,101,2,Day,Clear,Yard,Freight Train,7,2000,14646,16646,H702,32.165012,-106.697233,79.1,80.9,82.4
UP,0921TO003,2021-09-05,11:30 AM,Derailment,0,MESQUITE,TX,86,2,Day,Cloudy,Industry,Yard/switching,10,50558,0,50558,H299,32.782978,-96.662434,83.6,82.1,82.4
UP,0919TO034,2019-09-30,4:10 PM,Hwy-rail crossing,0,MESQUITE,TX,91,2,Day,Clear,Main,,0,0,300,59613,M308,32.754511,-96.51964,83.9,81.9,82.8
UP,1122TO032,2022-11-27,11:30 PM,Derailment,0,MESQUITE,TX,49,4,Dark,Clear,Yard,Yard/switching,3,11350,1450,12800,H599,32.776829,-96.659073,52.1,52.1,52
UP,0419TO020,2019-04-11,1:45 PM,Fire/violent rupture,0,MESQUITE,TX,63,2,Day,Clear,Main,Freight Train,9,16574,0,16574,E74L,32.773427,-96.627765,74,64.6,58.2
ATK,161337,2019-09-30,4:10 PM,Hwy-rail crossing,0,MESQUITE,TX,92,2,Day,Cloudy,Main,Passenger Train - Pulling,45,59313,0,59613,M308,32.754511,-96.519639,83.9,81.9,82.8
UP,0918FW030,2018-09-22,10:57 PM,Derailment,0,MESQUITE,TX,70,4,Dark,Cloudy,Siding,Freight Train,4,28556,6065,34621,M405,32.777076,-96.647468,77.6,75.1,70.3
UP,0922TO021,2022-09-21,11:30 AM,Hwy-rail crossing,0,MESQUITE,TX,90,2,Day,Clear,Main,,0,0,19100,19181,M303,32.768951,-96.612797,82.4,82.2,82.2
ATK,172125,2022-09-21,11:08 AM,Hwy-rail crossing,0,MESQUITE,TX,91,2,Day,Clear,Main,Passenger Train - Pulling,53,81,0,19181,M303,32.768951,-96.612797,82.4,82.2,82.2
UP,0616FW010,2016-06-12,2:25 AM,Derailment,0,MESQUITE,TX,77,4,Dark,Clear,Siding,Freight Train,1,1584,12516,14100,M103,32.771638,-96.622748,80.4,80.5,76.8
UP,0115FW014,2015-01-11,6:25 PM,Derailment,0,MESQUITE,TX,35,4,Dark,Rain,Industry,Yard/switching,3,4060,10990,15050,T199,32.776206,-96.698754,33.3,36.9,40
UP,1214FW023,2014-12-21,4:50 PM,Derailment,0,MESQUITE,TX,45,2,Day,Clear,Yard,Freight Train,4,8406,4155,12561,T110,32.776494,-96.664986,46.3,48.7,57.3
UP,0915FW023,2015-09-28,3:45 PM,Derailment,0,MESQUITE,TX,91,2,Day,Clear,Yard,Yard/switching,4,1125,10483,11608,T403,32.776421,-96.673381,76,76.8,78.7
UP,1114FW007,2014-11-05,1:30 PM,Derailment,0,MESQUITE,TX,68,2,Day,Rain,Yard,Freight Train,4,2508,15830,18338,T110,32.776494,-96.664986,61,54.5,57
UP,0115FW007,2015-01-06,1:35 PM,Derailment,0,MESQUITE,TX,51,2,Day,Clear,Yard,Yard/switching,5,747,10722,11469,T110,32.777032,-96.656107,33.9,42,33.9
UP,0116FW002,2016-01-05,11:15 AM,Derailment,0,MESQUITE,TX,54,2,Day,Clear,Yard,Work train,1,37194,132,37326,T499,32.776493,-96.665141,41.9,37.7,43.3
NOPB,NOPB00044F,2023-05-08,9:25 PM,Derailment,0,METAIRE,LA,78,4,Dark,Clear,Main,,0,0,4553,4552,H501,0,0,76.6,77.8,76.7
NOPB,NOPB0084F,2024-08-14,10:30 PM,Side collision,0,METAIRE,LA,85,4,Dark,Clear,Yard,Yard/switching,4,18000,0,18000,H302,29.962,-90.18285,88.7,88.8,86.5
NOPB,NOPB00051F,2023-08-16,7:30 PM,Derailment,0,METAIRE,LA,91,3,Dusk,Clear,Main,Freight Train,8,100000,22000,122000,T110,29.966083,-90.136446,88.5,85.8,86.4
NS,153677,2023-07-18,8:30 AM,Other impacts,0,METAIRIE,LA,94,2,Day,Clear,Main,Spec. MoW Equip.,5,0,20000,20000,H995,29.97112,-90.162325,85.2,87.5,88.5
IC,891488,2016-06-13,11:18 AM,Derailment,0,METAIRIE,LA,81,2,Day,Clear,Main,,0,0,5000,19032,H605,29.58148,-90.101269,82.2,81.9,81.1
NOPB,D20181103F,2018-11-03,1:50 PM,Derailment,0,METAIRIE,LA,72,2,Day,Clear,Main,,0,0,6000,65134,H503,29.970151,-90.173806,60.5,64.5,70.3
IC,1144734,2024-02-08,11:00 PM,Derailment,0,METAIRIE,LA,60,4,Dark,Clear,Yard,Light loco(s),10,24156,500,24656,H993,29.971505,-90.192408,59.4,64.2,68.4
NOPB,D20160613F,2016-06-13,11:18 AM,Derailment,0,METAIRIE,LA,85,2,Day,Cloudy,Main,,0,0,13500,19032,S011,29.58148,-90.101269,82.2,81.9,81.1
IC,978059,2018-11-03,2:00 PM,Derailment,0,METAIRIE,LA,72,2,Day,Clear,Main,,0,0,21085,65134,H503,29.970151,-90.173806,60.5,64.5,70.3
UP,0616LV012,2016-06-13,11:18 AM,Derailment,0,METAIRIE,LA,81,2,Day,Cloudy,Main,Freight Train,10,532,0,19032,S011,29.923203,-90.071409,82.2,81.9,81.1
IC,1142710,2023-12-22,11:00 PM,Derailment,0,METAIRIE,LA,55,4,Dark,Clear,Yard,Single Car,0,10000,0,16300,H312,29.972248,-90.19258,57.1,61.4,64.3
IC,1142710,2023-12-22,11:00 PM,Derailment,0,METAIRIE,LA,55,4,Dark,Clear,Yard,Yard/switching,2,5000,1300,16300,H312,29.972248,-90.19258,57.1,61.4,64.3
BNSF,NW0523104,2023-05-10,1:00 PM,Derailment,0,METOLIUS,OR,64,2,Day,Clear,Yard,Single Car,0,84432,3000,87432,M599,44.587623,-121.179792,47.9,50.1,54.9
UP,0616SL002,2016-06-03,2:30 AM,Derailment,0,METROPOLIS,IL,67,4,Dark,Cloudy,Industry,Freight Train,9,163171,5000,218171,T207,37.203838,-88.793224,72.9,72.2,71.9
BNSF,SF0616106,2016-06-03,2:30 AM,Derailment,0,METROPOLIS,IL,67,4,Dark,Cloudy,Industry,Freight Train,0,0,50000,218171,T207,37.203838,-88.793224,72.9,72.2,71.9
NJTR,201808397,2018-08-09,6:30 AM,Obstruction,0,METUCHEN,NJ,76,1,Dawn,Clear,Main,Commuter Train - Pushing,90,15000,0,15000,M509,40.540865,-74.360484,81.3,81.4,78.6
ATK,154953,2018-08-09,6:30 AM,Obstruction,0,METUCHEN,NJ,76,1,Dawn,Clear,Main,,0,0,0,15000,M404,40.540865,-74.360484,81.3,81.4,78.6
ATK,179358,2024-04-15,5:22 PM,Other (describe in narrative),0,METUCHEN,NJ,75,2,Day,Clear,Main,Passenger Train - Pulling,110,27389,20542,47931,E78L,40.539689,-74.364237,59.9,68.8,61.7
NJTR,202206258,2022-06-11,5:40 PM,Other (describe in narrative),0,METUCHEN,NJ,67,2,Day,Cloudy,Main,EMU,40,28169,0,38595,T404,40.541411,-74.358811,70.9,70.9,67.7
ATK,171414,2022-06-11,5:40 PM,Other (describe in narrative),0,METUCHEN,NJ,67,2,Day,Cloudy,Main,EMU,0,0,10426,38595,T404,40.541411,-74.358811,70.9,70.9,67.7
NS,151090,2022-10-08,12:00 AM,Other impacts,0,MEXICO,MO,54,4,Dark,Clear,Yard,Single Car,0,27229,0,35188,H017,39.169427,-91.882444,48.9,43,50.7
NS,151090,2022-10-08,12:00 AM,Other impacts,0,MEXICO,MO,54,4,Dark,Clear,Yard,Single Car,20,7959,0,35188,H017,39.169427,-91.882444,48.9,43,50.7
KCS,14121602,2014-12-16,12:30 PM,Derailment,0,MEXICO,MO,34,2,Day,Cloudy,Industry,Yard/switching,4,9316,1271,10587,T202,39.173065,-91.887271,50.6,32.9,30.4
NS,118581,2015-12-15,11:20 PM,Derailment,0,MEYERS LAKE,OH,47,4,Dark,Cloudy,Siding,Freight Train,0,0,250,22926,T110,40.781764,-81.420731,57.4,44.8,48.3
CSX,000179532,2018-10-26,8:03 AM,Fire/violent rupture,0,MEYERSDALE,PA,36,2,Day,Cloudy,Main,Freight Train,20,136887,0,136887,E72L,39.830771,-78.938595,36.4,38.1,41.1
AZER,AZE109916D,2016-10-11,7:30 PM,Derailment,0,MIAMI,AZ,70,4,Dark,Clear,Main,Freight Train,10,55066,77056,132122,T222,33.40979,-110.845661,80.3,80.3,76.2
BLF,20220624,2022-07-04,4:55 PM,Hwy-rail crossing,0,MIAMI,FL,82,2,Day,Clear,Main,Passenger Train - Pulling,39,12093,0,36418,M308,25.812835,-80.190498,85.3,85.3,85
SFRV,05312020,2020-05-31,1:57 AM,Obstruction,0,MIAMI,FL,80,4,Dark,Clear,Main,Commuter Train - Pulling,59,24175,0,24175,M402,25.525557,-80.153689,83.3,83,83.6
CSX,000207456,2022-09-24,6:51 PM,Head on collision,0,MIAMI,FL,88,3,Dusk,Clear,Main,Freight Train,20,106223,0,462912,H603,25.786863,-80.271733,85.3,82.2,83.1
AZER,AZE915021S,2021-10-25,1:00 PM,Other impacts,0,MIAMI,AZ,79,2,Day,Clear,Industry,Light loco(s),6,243000,0,243000,H302,33.413717,-110.868235,72.4,75.3,66.6
CSX,000207456,2022-09-24,6:51 PM,Head on collision,0,MIAMI,FL,88,3,Dusk,Clear,Main,Freight Train,19,281689,0,462912,H603,25.786863,-80.271733,85.3,82.2,83.1
SFRV,051716,2016-05-17,9:53 AM,Derailment,0,MIAMI,FL,90,2,Day,Cloudy,Yard,Commuter Train - Pushing,2,36423,11939,48362,H704,25.85288,-80.259048,81.8,82.6,79.9
BNSF,KS0720112,2020-07-15,10:20 AM,Obstruction,0,MIAMI,TX,85,2,Day,Clear,Main,Spec. MoW Equip.,0,12000,0,17000,H997,35.649673,-100.697158,91.6,80,81.5
BNSF,KS0720112,2020-07-15,10:20 AM,Obstruction,0,MIAMI,TX,85,2,Day,Clear,Main,Spec. MoW Equip.,10,5000,0,17000,H997,35.649673,-100.697158,91.6,80,81.5
BNSF,KS0917200,2017-09-06,2:00 PM,Hwy-rail crossing,0,MIAMI,TX,80,2,Day,Clear,Main,Freight Train,54,36113,0,36113,M302,35.739372,-100.566321,68.9,65.6,72.6
FEC,D12030620,2020-03-06,8:58 PM,Obstruction,0,MIAMI SHORES,FL,75,4,Dark,Clear,Main,,0,0,190,19757,M402,25.185104,-80.185104,81.2,77.2,67.3
BLF,20200095,2020-03-06,8:58 PM,Obstruction,0,MIAMI SHORES,FL,75,4,Dark,Clear,Main,Passenger Train - Pulling,49,19567,0,19757,M599,25.185104,-80.185104,81.2,77.2,67.3
CSX,000213966,2023-10-08,3:45 PM,Derailment,0,MIAMI SPRINGS,FL,88,2,Day,Clear,Yard,Freight Train,3,19667,6438,26105,H702,25.784295,-80.319509,84,82.2,81.2
FEC,D58091816,2016-09-18,5:12 PM,Derailment,0,MIAMI SPRINGS,FL,89,2,Day,Clear,Yard,Yard/switching,6,24589,15533,40122,H702,25.830683,-80.309313,84.8,84.3,83.3
FEC,D16040724,2024-04-07,8:20 PM,Other (describe in narrative),0,MIAMI SPRINGS,FL,80,4,Dark,Clear,Yard,Single Car,0,0,0,37562,H702,25.83407,-80.30691,71.8,72.7,73.5
FEC,D16040724,2024-04-07,8:20 PM,Other (describe in narrative),0,MIAMI SPRINGS,FL,80,4,Dark,Clear,Yard,Yard/switching,5,20853,16709,37562,H702,25.83407,-80.30691,71.8,72.7,73.5
FEC,D148111614,2014-11-16,2:00 AM,Derailment,0,MIAMI SPRINGS,FL,76,4,Dark,Clear,Yard,Freight Train,10,54764,2098,56862,H525,25.816584,-80.305767,72.7,77.4,80.1
FEC,D75110815,2015-11-08,8:40 AM,Derailment,0,MIAMI SPRINGS,FL,81,2,Day,Clear,Yard,Yard/switching,10,4329,10258,14587,H503,25.825951,-80.308563,81.2,81.7,81.4
FEC,D07021818,2018-02-18,5:45 AM,Derailment,0,MIAMI SPRINGS,FL,71,4,Dark,Clear,Yard,Freight Train,6,50000,290,50290,H503,25.816785,-80.305871,75,75.7,76.4
FEC,D57091923,2023-09-19,5:00 PM,Derailment,0,MIAMI SPRINGS,FL,88,2,Day,Clear,Yard,Yard/switching,5,3296,14135,17431,T110,25.83407,-80.30691,83.3,82.3,82.1
FEC,D53090315,2015-09-03,8:40 AM,Derailment,0,MIAMI SPRINGS,FL,87,2,Day,Clear,Yard,Freight Train,6,11041,11416,22457,T205,25.815649,-80.308801,85.3,84.2,82.6
FEC,X19060519,2019-06-05,9:30 AM,Hwy-rail crossing,0,MIAMI-DADE,FL,80,2,Day,Clear,Main,,0,0,14132,39591,M303,25.532698,-80.101439,83.1,83.7,82.7
SFRV,02032023,2023-02-03,1:30 AM,Side collision,0,MIAMI-DADE,FL,80,4,Dark,Clear,Yard,,0,0,5600,13000,H306,25.858094,-80.259987,74.2,74.4,70.1
FEC,D17031317,2017-03-13,12:05 AM,Derailment,0,MIAMI-DADE,FL,78,4,Dark,Clear,Yard,Freight Train,2,270,37114,37384,S011,25.838385,-80.306665,72.4,73.8,72.1
FEC,D10012821,2021-01-28,10:30 PM,Side collision,0,MIAMI-DADE,FL,57,4,Dark,Clear,Industry,Yard/switching,4,19586,188,19774,H302,25.876977,-80.373771,73.7,69.4,63
CSX,000180115,2018-11-28,8:26 AM,Hwy-rail crossing,0,MIAMI-DADE,FL,54,2,Day,Clear,Yard,Yard/switching,8,21839,0,21936,M304,25.79949,-80.24829,68.8,56.5,60.5
FEC,X14032019,2019-03-20,11:39 PM,Hwy-rail crossing,0,MIAMI-DADE,FL,80,4,Dark,Clear,Main,,0,0,1122,17762,M399,25.890759,-80.170646,68.5,70.4,70.1
FEC,D60110719,2019-11-07,10:00 AM,Side collision,0,MIAMI-DADE,FL,80,2,Day,Clear,Industry,Single Car,0,0,0,50000,H302,25.833104,-80.256162,80.4,81,79.3
FEC,X33070422,2022-07-04,4:55 PM,Hwy-rail crossing,0,MIAMI-DADE,FL,82,2,Day,Clear,Main,,0,0,24325,36418,M308,25.812835,-80.190498,85.1,85,84.9
FEC,D40091620,2020-09-16,1:35 PM,Derailment,0,MIAMI-DADE,FL,85,2,Day,Clear,Yard,Yard/switching,2,7143,9053,16196,H702,25.818981,-80.30828,84.8,85,85.6
BLF,20233574,2023-11-11,4:26 PM,Other impacts,0,MIAMI-DADE,FL,82,2,Day,Clear,Main,Passenger Train - Pulling,78,13231,0,13231,M599,25.893141,-80.169556,80,80.9,78.6
FEC,D10012821,2021-01-28,10:30 PM,Side collision,0,MIAMI-DADE,FL,57,4,Dark,Clear,Industry,Cut of cars,0,0,0,19774,H302,25.876977,-80.373771,73.7,69.4,63
FEC,D60110719,2019-11-07,10:00 AM,Side collision,0,MIAMI-DADE,FL,80,2,Day,Clear,Industry,Yard/switching,6,50000,0,50000,H302,25.833104,-80.256162,80.4,81,79.3
FEC,D47090919,2019-09-09,3:35 PM,Derailment,0,MIAMI-DADE,FL,84,2,Day,Clear,Yard,Yard/switching,5,5348,5766,11114,H702,25.771953,-80.166364,84.9,85.9,85.5
FEC,D65122420,2020-12-24,6:50 AM,Derailment,0,MIAMI-DADE,FL,75,1,Dawn,Cloudy,Yard,Freight Train,8,10683,2403,13086,E67C,25.850184,-80.325273,70,75.6,58.7
SFRV,03282022,2022-03-28,3:30 AM,Derailment,0,MIAMI-DADE,FL,71,4,Dark,Clear,Industry,,0,0,70763,70763,H599,25.482035,-80.153849,69.1,70,72.2
FEC,D57081822,2022-08-18,10:10 AM,Derailment,0,MIAMI-DADE,FL,93,2,Day,Clear,Yard,Freight Train,2,7816,21774,29590,H704,25.81487,-80.309073,84.6,84.8,85.2
BLF,20190222,2019-06-05,9:30 AM,Hwy-rail crossing,0,MIAMI-DADE,FL,80,2,Day,Clear,Main,Passenger Train - Pulling,70,25459,0,39591,M303,25.532698,-80.101439,83.1,83.7,82.7
BLF,20190126,2019-03-20,11:39 PM,Hwy-rail crossing,0,MIAMI-DADE,FL,80,4,Dark,Clear,Main,Passenger Train - Pulling,70,16640,0,17762,M308,25.890759,-80.170646,68.5,70.4,70.1
SFRV,05182023,2023-05-18,4:00 PM,Other (describe in narrative),0,MIAMI-DADE,FL,79,2,Day,Clear,Yard,Passenger Train - Pulling,0,15000,0,15000,H311,25.86547,-80.26009,80.1,77.2,79.1
SFRV,01162024,2024-01-16,2:12 PM,Hwy-rail crossing,0,MIAMI-DADE,FL,74,2,Day,Cloudy,Main,Commuter Train - Pulling,38,15000,0,15000,M305,25.7944,-80.19478,75.9,76,70.1
FEC,T46111123,2023-11-11,4:26 PM,Other impacts,0,MIAMI-DADE,FL,82,2,Day,Clear,Main,,0,0,0,13231,M599,25.893141,-80.169556,80,80.9,78.6
FEC,D59092717,2017-09-27,7:20 AM,Derailment,0,MIAMI-DADE,FL,85,1,Dawn,Clear,Yard,Yard/switching,6,34541,1067,35608,H705,25.835578,-80.30921,80.7,81,81.5