reportingrailroadcode,accidentnumber,date,time,accidenttype,hazmatreleasedcars,station,stateabbr,temperature,visibility_code,visibility,weathercondition,tracktype,equipmenttype,trainspeed,equipmentdamagecost,trackdamagecost,totaldamagecost,primaryaccidentcausecode,latitude,longitude,prior_temp,actual_temp,following_temp
FEC,D55091617,2017-09-16,9:35 PM,Derailment,0,MIAMI-DADE,FL,86,4,Dark,Clear,Yard,Freight Train,5,16375,7248,23623,H504,25.82681,-80.308454,83.9,84.4,83.8
FEC,D21040423,2023-04-04,9:30 PM,Derailment,0,MIAMI-DADE,FL,77,4,Dark,Clear,Yard,Yard/switching,7,9386,29281,38667,H702,25.817895,-80.308485,78.4,78.8,79.8
SFRV,04272023,2023-04-27,10:04 PM,Fire/violent rupture,0,MIAMI-DADE,FL,76,4,Dark,Clear,Main,Commuter Train - Pulling,0,225000,0,225000,E73L,25.92228,-80.21712,78.1,79.4,79.9
FEC,D61101016,2016-10-10,9:07 PM,Derailment,0,MIAMI-DADE,FL,89,4,Dark,Clear,Yard,Yard/switching,5,3081,8340,11421,E31C,25.816585,-80.30889,82.2,79.1,81.5
SFRV,09242022,2022-09-24,6:51 PM,Head on collision,0,MIAMI-DADE,FL,88,3,Dusk,Clear,Main,,0,0,75000,462912,H603,25.786863,-80.271733,83.4,80.6,82.3
FEC,D40060222,2022-06-02,6:20 AM,Derailment,0,MIAMI-DADE,FL,74,1,Dawn,Clear,Industry,Yard/switching,6,2938,119656,122594,E46C,25.842105,-80.255622,78.5,78,74.5
SFRV,022618,2018-02-26,1:15 PM,Fire/violent rupture,0,MIAMI-DADE,FL,75,2,Day,Clear,Yard,Passenger Train - Pulling,0,200000,100000,300000,E74L,25.474613,-80.15307,75.9,73.5,73.4
SFRV,11282018,2018-11-28,8:26 AM,Hwy-rail crossing,0,MIAMI-DADE,FL,54,2,Day,Clear,Yard,,0,0,97,21936,M304,25.79949,-80.24829,68.8,56.5,60.5
FEC,D53081621,2021-08-16,11:00 PM,Raking collision,0,MIAMI-DADE,FL,79,4,Dark,Cloudy,Yard,Cut of cars,0,935000,0,1010743,H702,25.817113,-80.309002,80.9,84.3,85.4
FEC,D79110921,2021-11-09,6:05 PM,Obstruction,0,MIAMI-DADE,FL,73,3,Dusk,Clear,Main,,0,0,100,18541,M402,25.926139,-80.154249,68.8,70.3,74.1
FEC,D39072919,2019-07-29,7:30 PM,Derailment,0,MIAMI-DADE,FL,78,3,Dusk,Cloudy,Yard,Yard/switching,10,3819,8425,12244,S011,25.836423,-80.308974,82.6,84.1,83
FEC,D54101019,2019-10-10,11:00 AM,Derailment,0,MIAMI-DADE,FL,83,2,Day,Clear,Industry,Yard/switching,5,20000,268,20268,M101,25.870208,-80.352644,79.7,78.8,79.3
SFRV,10242021,2021-10-24,4:30 AM,Derailment,0,MIAMI-DADE,FL,88,1,Dawn,Clear,Yard,,0,0,24500,27213,H601,25.803201,-80.253274,79.1,80.7,81.7
CSX,000183024,2019-05-17,1:33 PM,Derailment,0,MIAMI-DADE,FL,88,2,Day,Clear,Industry,Freight Train,4,14356,97,14453,M101,25.633597,-80.414431,78.6,78.3,79.5
FEC,X16102716,2016-10-27,11:50 PM,Hwy-rail crossing,0,MIAMI-DADE,FL,77,4,Dark,Clear,Main,Freight Train,45,10501,214000,224501,M304,25.906006,-80.159021,78.3,76,76.7
SFRV,07272019,2019-07-27,2:00 PM,Other (describe in narrative),0,MIAMI-DADE,FL,85,2,Day,Rain,Main,Commuter Train - Pulling,0,0,79800,79800,H704,25.552745,-80.113763,80.7,81.7,82.6
FEC,D51A080521,2021-08-05,6:00 AM,Derailment,0,MIAMI-DADE,FL,79,4,Dark,Cloudy,Industry,Yard/switching,5,4203,31852,36055,M405,25.842042,-80.2546,80.4,84,85.5
FEC,D53081621,2021-08-16,11:00 PM,Raking collision,0,MIAMI-DADE,FL,79,4,Dark,Cloudy,Yard,Yard/switching,2,15000,60743,1010743,H702,25.817113,-80.309002,80.9,84.3,85.4
FEC,D04011819,2019-01-18,7:50 AM,Derailment,0,MIAMI-DADE,FL,65,1,Dawn,Clear,Yard,Yard/switching,17,6275,7964,14239,E34C,25.864721,-80.344887,64.9,67.1,68.3
CSX,000216249,2024-02-15,11:57 PM,Side collision,0,MIAMI-DADE,FL,70,4,Dark,Clear,Industry,Freight Train,5,11500,0,40097,H306,25.782393,-80.394111,66.3,69.2,71
CSX,000216249,2024-02-15,11:57 PM,Side collision,0,MIAMI-DADE,FL,70,4,Dark,Clear,Industry,Cut of cars,0,28500,97,40097,H306,25.782393,-80.394111,66.3,69.2,71
FEC,D20051619,2019-05-16,2:10 PM,Derailment,0,MIAMI-DADE,FL,85,2,Day,Clear,Yard,Yard/switching,7,24841,12346,37187,T111,25.817979,-80.306198,80.4,78.6,78.3
FEC,D27042617,2017-04-26,4:30 PM,Derailment,0,MIAMI-DADE,FL,78,2,Day,Clear,Yard,Light loco(s),6,17137,11368,28505,T307,25.839041,-80.305601,73.1,74.6,81.8
FEC,D07011616,2016-01-16,12:40 PM,Derailment,0,MIAMI-DADE,FL,75,2,Day,Clear,Industry,Freight Train,9,15282,10580,25862,T102,25.776437,-80.176816,70.2,68,71.6
SFRV,112220211,2021-11-22,3:30 PM,Derailment,0,MIAMI-DADE,FL,78,2,Day,Clear,Yard,Freight Train,0,0,75000,79545,T311,25.860075,-80.260001,77.5,75.1,67.2
CSX,000201469,2021-11-22,3:30 PM,Derailment,0,MIAMI-DADE,FL,78,2,Day,Clear,Yard,Freight Train,6,4545,0,79545,T311,25.860075,-80.260001,77.5,75.1,67.2
FEC,D14021816,2016-02-18,7:05 PM,Derailment,0,MIAMI-DADE,FL,70,4,Dark,Clear,Yard,Yard/switching,6,2361,10589,12950,T314,25.817016,-80.308837,67.5,65.9,68.3
FEC,D25040222,2022-04-02,10:25 PM,Derailment,0,MIAMI-DADE,FL,83,4,Dark,Cloudy,Yard,Yard/switching,10,5903,22061,27964,T319,25.831618,-80.309443,81.2,80.2,75.6
FEC,D51082123,2023-08-21,11:45 AM,Derailment,0,MIAMI-DADE,FL,90,2,Day,Clear,Yard,Freight Train,8,6349,20239,26588,T110,25.837486,-80.308069,80.3,84.8,85.4
SFRV,06292019,2019-06-29,11:10 AM,Derailment,0,MIAMI-DADE,FL,87,2,Day,Clear,Yard,Freight Train,8,5618,8125,19361,T202,25.860075,-80.260001,82.7,81.5,80.9
FEC,D42070623,2023-07-06,12:30 AM,Derailment,0,MIAMI-DADE,FL,82,4,Dark,Clear,Industry,Yard/switching,4,11020,46454,57474,T314,25.856944,-80.334444,85.5,84.4,85.8
CSX,000200888,2021-10-24,4:30 AM,Derailment,0,MIAMI-DADE,FL,88,1,Dawn,Clear,Yard,Yard/switching,5,2713,0,27213,T110,25.803201,-80.253274,79.1,80.7,81.7
FEC,D70101521,2021-10-15,1:15 AM,Derailment,0,MIAMI-DADE,FL,78,4,Dark,Cloudy,Yard,Freight Train,8,2947,33161,36108,T210,25.831077,-80.307265,80.3,79.1,80.7
CSX,000219992,2024-08-16,3:10 PM,Hwy-rail crossing,0,MIAMISBURG,OH,83,2,Day,Clear,Main,Freight Train,48,100,13539,13639,M399,39.640656,-84.294119,73.4,74.7,76.6
FEC,X21041824,2024-04-18,11:16 AM,Hwy-rail crossing,0,MICCO,FL,84,2,Day,Clear,Main,,0,0,656,22656,M308,27.883617,-80.505732,75.2,74.1,76.2
BLF,20244443,2024-04-18,11:16 AM,Hwy-rail crossing,0,MICCO,FL,84,2,Day,Clear,Main,Passenger Train - Pulling,102,22000,0,22656,M308,27.883617,-80.505732,75.2,74.1,76.2
NICD,N2300022,2023-12-05,9:48 AM,Derailment,0,MICHIGAN CITY,IN,37,2,Day,Rain,Industry,Freight Train,10,0,47084,95946,H303,41.71287,-86.861144,36.4,34.3,34.2
NICD,N1600005,2016-03-12,5:05 AM,Derailment,0,MICHIGAN CITY,IN,60,4,Dark,Clear,Main,Commuter Train - Pulling,10,593590,39215,632805,H499,41.713205,-86.864495,43.8,48.3,49.8
NICD,N1500012,2015-05-08,4:25 AM,Other (describe in narrative),0,MICHIGAN CITY,IN,58,4,Dark,Clear,Yard,Cut of cars,5,14176,0,14176,H399,41.713205,-86.864495,73.4,70.3,58.3
NICD,N1800002,2018-01-12,1:30 AM,Derailment,0,MICHIGAN CITY,IN,20,4,Dark,Snow,Yard,Cut of cars,10,20478,0,20478,H702,41.713205,-86.864495,52.2,24.9,13.9
NICD,N1700029,2017-10-05,8:30 PM,Derailment,0,MICHIGAN CITY,IN,60,4,Dark,Cloudy,Yard,Passenger Train - Pulling,11,85491,8724,94215,H702,41.713205,-86.864495,66.9,66.2,65.4
NICD,N1500001,2015-01-08,4:45 AM,Derailment,0,MICHIGAN CITY,IN,-10,4,Dark,Snow,Yard,Single Car,5,13512,0,13512,H303,41.713205,-86.864495,6.2,2.3,8.3
NICD,N1600009,2016-05-25,9:00 AM,Derailment,0,MICHIGAN CITY,IN,72,2,Day,Clear,Yard,Yard/switching,2,47709,2500,50209,H305,41.713025,-86.862248,73.3,75.6,74.5
CSS,CSS1116191,2019-11-16,6:38 PM,Head on collision,0,MICHIGAN CITY,IN,35,4,Dark,Clear,Yard,Freight Train,8,128000,0,178000,H017,41.714634,-86.87123,28.1,30.7,31.1
NICD,N1400031,2014-12-19,5:20 AM,Derailment,0,MICHIGAN CITY,IN,30,4,Dark,Cloudy,Main,,0,0,32761,434450,M507,41.705402,-86.92647,27.3,30.9,32.2
NICD,N2000025,2020-10-25,8:45 AM,Other impacts,0,MICHIGAN CITY,IN,48,2,Day,Cloudy,Yard,Freight Train,5,400,20087,20487,H307,41.713516,-86.862091,41.4,42,41.3
NICD,N1500026,2015-10-13,5:15 PM,Hwy-rail crossing,0,MICHIGAN CITY,IN,60,2,Day,Clear,Main,Passenger Train - Pulling,40,12723,0,12723,M308,41.713154,-86.87764,64.6,52.5,50.4
NICD,N1500029,2015-10-26,4:07 PM,Other impacts,0,MICHIGAN CITY,IN,55,2,Day,Clear,Yard,Cut of cars,5,14077,0,14077,H399,41.713205,-86.864495,51.3,48.6,51.6
NICD,N2100017,2021-09-11,4:30 PM,Other (describe in narrative),0,MICHIGAN CITY,IN,70,2,Day,Clear,Yard,Light loco(s),5,0,14916,14916,S012,41.714213,-86.863076,64.1,71.6,76.9
CSS,CSS0305171,2017-03-05,3:40 PM,Side collision,0,MICHIGAN CITY,IN,60,2,Day,Clear,Industry,Freight Train,6,28000,0,153000,H307,41.71109,-86.861934,30.3,44.8,53.9
CSS,CSS00049F,2023-12-05,9:48 AM,Derailment,0,MICHIGAN CITY,IN,37,2,Day,Rain,Industry,Freight Train,10,3543,45320,95946,H303,41.71287,-86.861144,36.4,34.3,34.2
NICD,N1600026,2016-12-07,5:55 AM,Hwy-rail crossing,0,MICHIGAN CITY,IN,32,4,Dark,Clear,Main,Passenger Train - Pulling,35,18977,0,18977,M308,41.713247,-86.873802,33.2,27.8,21.4
NICD,N1900022,2019-10-16,4:30 PM,Hwy-rail crossing,0,MICHIGAN CITY,IN,40,2,Day,Cloudy,Main,Commuter Train - Pulling,40,21000,16883,37883,M308,41.424783,-86.523939,51.6,47.5,45.1
NICD,N1900027,2019-11-16,6:38 PM,Head on collision,0,MICHIGAN CITY,IN,35,4,Dark,Clear,Yard,Freight Train,8,50000,0,178000,H017,41.714634,-86.87123,28.1,30.7,31.1
CSS,CSS0305171,2017-03-05,3:40 PM,Side collision,0,MICHIGAN CITY,IN,60,2,Day,Clear,Industry,Single Car,0,125000,0,153000,H307,41.71109,-86.861934,30.3,44.8,53.9
NICD,N1900002,2019-01-20,8:15 PM,Other impacts,0,MICHIGAN CITY,IN,15,4,Dark,Snow,Yard,Cut of cars,5,0,26547,26547,M101,41.713205,-86.864495,22.9,12.1,5.2
NICD,N2100008,2021-04-05,12:05 AM,Other (describe in narrative),0,MICHIGAN CITY,IN,61,4,Dark,Clear,Yard,Cut of cars,5,16277,1622,17899,H399,41.713205,-86.864495,57.4,61.9,65.9
NICD,N1700041,2017-12-07,4:50 AM,Hwy-rail crossing,0,MICHIGAN CITY,IN,15,4,Dark,Snow,Main,Passenger Train - Pulling,20,20673,0,20673,M399,41.712702,-86.894265,30.6,22.5,23.7
CSS,CSS1219141,2014-12-19,5:20 AM,Derailment,0,MICHIGAN CITY,IN,30,4,Dark,Cloudy,Yard,Freight Train,8,361461,40228,434450,M507,41.705402,-86.92647,27.3,30.9,32.2
NICD,N2100028,2021-12-22,6:50 PM,Derailment,0,MICHIGAN CITY,IN,52,4,Dark,Clear,Yard,Cut of cars,10,17092,4830,21922,T314,41.713205,-86.864495,31.3,25.7,33.4
NICD,N2100014,2021-07-23,4:10 PM,Derailment,0,MICHIGAN CITY,IN,91,2,Day,Clear,Yard,Cut of cars,5,45990,17040,63030,T314,41.714101,-86.861829,70.6,76.7,77.5
MACZ,172719,2022-11-08,5:08 AM,Derailment,0,MIDDLE RIVER,MD,51,1,Dawn,Clear,Yard,Commuter Train - Pushing,3,696169,0,705105,H307,39.343895,-76.401641,66.9,52.2,48.2
ATK,148293,2017-07-06,12:05 PM,Other (describe in narrative),0,MIDDLE RIVER,MD,70,2,Day,Rain,Main,Passenger Train - Pulling,91,18534,18292,36826,E78L,39.334274,-76.439406,79.6,74.5,80.2
ATK,147688,2017-05-28,3:19 PM,Obstruction,0,MIDDLE RIVER,MD,70,2,Day,Rain,Main,Passenger Train - Pulling,123,14304,0,14304,M402,39.349424,-76.386712,64.9,66.2,65.6
MACZ,179430,2024-04-17,7:22 PM,Obstruction,0,MIDDLE RIVER,MD,66,3,Dusk,Clear,Main,Commuter Train - Pulling,58,398467,0,398467,M503,39.3336,-76.43626,63.7,60.5,59.6
ATK,179476,2024-04-17,5:22 PM,Obstruction,0,MIDDLE RIVER,MD,66,3,Dusk,Clear,Main,,0,0,0,398467,M503,39.3336,-76.43626,63.7,60.5,59.6
ATK,168721,2021-09-14,9:00 AM,Other (describe in narrative),0,MIDDLE RIVER,MD,80,2,Day,Clear,Main,,0,0,0,205193,H099,39.340192,-76.413927,79,77.9,78.4
ATK,173131,2022-11-08,5:08 AM,Derailment,0,MIDDLE RIVER,MD,51,1,Dawn,Clear,Main,,0,0,8936,705105,H307,39.343895,-76.401641,66.9,52.2,48.2
MACZ,168369,2021-09-14,9:00 AM,Other (describe in narrative),0,MIDDLE RIVER,MD,80,2,Day,Clear,Main,Passenger Train - Pushing,90,205193,0,205193,H099,39.340192,-76.413927,79,77.9,78.4
NS,123268,2016-09-24,12:50 AM,Obstruction,0,MIDDLE RIVER,MD,70,4,Dark,Clear,Main,Light loco(s),0,0,0,13000,T106,39.326262,-76.481566,72.6,69.4,62.4
ATK,144471,2016-09-24,12:50 AM,Obstruction,0,MIDDLE RIVER,MD,70,4,Dark,Clear,Main,Spec. MoW Equip.,0,13000,0,13000,T106,39.326262,-76.481566,72.6,69.4,62.4
MNN,MN11182017,2017-11-18,1:00 PM,Derailment,0,MIDDLE RIVER,MN,17,2,Day,Clear,Main,Freight Train,10,30000,7500,37500,T001,44.469011,-96.167644,26.5,14.7,18
MACZ,173972,2023-03-03,6:10 PM,Derailment,0,MIDDLE RIVER,MD,39,4,Dark,Rain,Yard,Commuter Train - Pushing,5,6665,12000,18665,T399,39.337629,-76.417579,49.4,43.1,46.8
MBTA,YR202152,2021-07-27,8:01 PM,Obstruction,0,MIDDLEBORO,MA,72,3,Dusk,Clear,Main,Passenger Train - Pushing,45,17048,0,17048,M101,42.260026,-71.013594,77.9,74.5,67.6
VTR,1526,2019-07-02,9:35 AM,Derailment,0,MIDDLEBURY,VT,70,2,Day,Clear,Main,Freight Train,8,53210,65000,118210,T399,44.020105,-73.170859,68.3,71.1,72
NS,124366,2017-03-17,12:00 PM,Derailment,0,MIDDLESBORO,KY,45,2,Day,Cloudy,Yard,Light loco(s),6,74,12014,12088,T210,36.61098,-83.711502,29.1,35.9,50.5
NS,121916,2016-09-01,2:07 PM,Derailment,0,MIDDLESBOROUGH,KY,86,2,Day,Clear,Industry,Freight Train,5,24302,17153,41455,H703,36.614123,-83.771989,60.9,58.2,59.5
NS,123110,2016-12-12,11:21 AM,Derailment,0,MIDDLESBOROUGH,KY,63,2,Day,Cloudy,Industry,Freight Train,4,44425,862,45287,H306,36.594991,-83.765671,44.7,42.1,44.4
NS,151477,2022-11-15,9:00 PM,Hwy-rail crossing,0,MIDDLESEX,NJ,51,4,Dark,Rain,Main,Freight Train,40,300,0,300,M303,40.579959,-74.478372,38.9,36.3,43.4
NS,155915,2024-03-02,7:11 AM,Rear end collision,0,MIDDLETOWN,PA,40,1,Dawn,Rain,Main,Freight Train,13,260274,300000,2452654,H220,40.632286,-75.305355,38.2,42.6,49.3
CSX,000195310,2021-01-26,1:22 PM,Derailment,0,MIDDLETOWN,OH,41,2,Day,Cloudy,Industry,Freight Train,2,286565,12891,299456,H523,39.478757,-84.416476,31.9,37.9,30.9
NS,155915,2024-03-02,7:11 AM,Rear end collision,0,MIDDLETOWN,PA,40,1,Dawn,Rain,Main,Freight Train,31,1857380,0,2452654,H220,40.632286,-75.305355,38.2,42.6,49.3
NS,155915,2024-03-02,7:11 AM,Rear end collision,0,MIDDLETOWN,PA,40,1,Dawn,Rain,Main,Freight Train,0,35000,0,2452654,H220,40.632286,-75.305355,38.2,42.6,49.3
CSX,000218768,2024-06-20,9:14 AM,Other (describe in narrative),0,MIDDLETOWN,OH,96,2,Day,Clear,Siding,Freight Train,5,3745,0,33852,H702,39.49892,-84.39433,83.4,82.6,82.6
ATK,174126,2023-03-15,4:35 AM,Obstruction,0,MIDDLETOWN,PA,34,4,Dark,Clear,Main,Spec. MoW Equip.,7,0,0,16206,H607,40.139199,-76.595069,35.8,39.4,46.7
ATK,174126,2023-03-15,4:35 AM,Obstruction,0,MIDDLETOWN,PA,34,4,Dark,Clear,Main,Spec. MoW Equip.,0,16206,0,16206,H607,40.139199,-76.595069,35.8,39.4,46.7
CSX,000213671,2023-09-21,5:28 AM,Hwy-rail crossing,0,MIDDLETOWN,PA,56,4,Dark,Clear,Main,Freight Train,47,5216,138040,143256,M303,40.201556,-74.877753,63.8,63.8,63.2
NS,157102,2024-06-20,9:14 AM,Derailment,0,MIDDLETOWN,OH,96,2,Day,Clear,Siding,,0,0,30107,33852,H702,39.488505,-84.406011,83.4,82.6,82.6
NS,120712,2016-06-01,2:05 PM,Derailment,0,MIDDLETOWN,OH,92,2,Day,Clear,Yard,Freight Train,12,22209,1729,23938,H210,39.513085,-84.392493,75.3,76.2,72.6
ATK,176562,2023-09-27,5:28 AM,Raking collision,0,MIDDLETOWN,PA,57,1,Dawn,Clear,Main,Spec. MoW Equip.,15,57640,0,57640,E99C,40.195465,-76.735127,58.1,60.3,59.2
PW,PWR508517D,2017-12-07,1:00 AM,Derailment,0,MIDDLETOWN,CT,37,4,Dark,Clear,Yard,Freight Train,5,52500,30000,82500,T205,41.572913,-72.659889,45.7,36.9,32.5
MNJ,MNJ00123,2023-02-15,10:30 AM,Derailment,0,MIDDLETOWN,NY,53,2,Day,Clear,Siding,Freight Train,5,2078,0,75641,T110,41.45805,-74.36639,41.5,47.7,51
MNCW,79089,2023-02-15,10:30 AM,Derailment,0,MIDDLETOWN,NY,53,2,Day,Clear,Siding,Freight Train,0,0,73563,75641,T110,41.45805,-74.36639,41.5,47.7,51
CSX,000165959,2017-01-13,9:34 PM,Derailment,0,MIDDLETOWN,OH,34,4,Dark,Rain,Industry,Freight Train,5,14411,628,15039,T110,39.488503,-84.406031,55.8,34.9,35.1
NS,135887,2019-10-18,1:45 AM,Derailment,0,MIDDLETOWN,OH,55,4,Dark,Clear,Industry,Freight Train,4,25028,0,25028,T110,39.499182,-84.394336,48.5,45.4,50.8
NS,121855,2016-08-28,1:25 PM,Derailment,0,MIDDLETOWN,OH,90,2,Day,Clear,Yard,Freight Train,8,12246,800,13046,T110,39.513095,-84.392487,77.4,79.3,78.8
ATK,180505,2024-05-31,10:00 AM,Derailment,0,MIDDLETOWN,PA,71,2,Day,Clear,Main,Spec. MoW Equip.,5,0,23000,23000,T199,40.17007,-76.718787,64,64.3,68.9
RCPE,RCP-712115,2015-03-18,2:15 PM,Derailment,0,MIDLAND,SD,45,2,Day,Clear,Main,Freight Train,10,70000,105000,175000,E52C,44.071653,-101.155417,35,43.4,40.7
RCPE,RCP742524D,2024-03-24,2:45 AM,Derailment,0,MIDLAND,SD,26,4,Dark,Snow,Main,Freight Train,8,130000,80000,210000,T222,44.087923,-101.05782,27.1,26,20.5
UP,0423TO040,2023-04-24,6:25 AM,Hwy-rail crossing,0,MIDLAND,TX,46,1,Dawn,Cloudy,Main,Freight Train,45,8218,25000,33218,M302,32.015989,-102.034626,44.4,52.5,68.2
UP,0821TO010,2021-08-09,5:06 AM,Hwy-rail crossing,0,MIDLAND,TX,76,1,Dawn,Clear,Main,Freight Train,57,25871,20033,45904,M304,32.015989,-102.034626,85.9,85.8,84.9
UP,0623TO007,2023-06-07,1:20 PM,Hwy-rail crossing,0,MIDLAND,TX,85,2,Day,Clear,Main,Freight Train,45,9114,151196,160310,M302,31.985622,-102.093528,73.3,77.3,76.3
UP,0118FW033,2018-01-25,7:54 PM,Hwy-rail crossing,0,MIDLAND,TX,45,4,Dark,Clear,Main,Freight Train,40,47238,95911,143149,M304,31.944635,-102.172937,44.4,45.9,54.5
UP,0223TO029,2023-02-20,6:30 AM,Hwy-rail crossing,0,MIDLAND,TX,53,1,Dawn,Cloudy,Main,Freight Train,40,9575,104483,114058,M302,31.944635,-102.172937,53.5,65.9,67.1
UP,0222TO008,2022-02-08,5:15 PM,Hwy-rail crossing,0,MIDLAND,TX,63,2,Day,Clear,Main,Freight Train,45,0,16937,16937,M302,31.944635,-102.172937,40.1,46.2,47.3
UP,0424TO020,2024-04-19,6:45 PM,Other impacts,0,MIDLAND,TX,64,3,Dusk,Cloudy,Yard,Freight Train,4,11798,3850,16573,H302,31.955562,-102.151687,73.7,57.8,50.8
UP,0424TO020,2024-04-19,6:45 PM,Other impacts,0,MIDLAND,TX,64,3,Dusk,Cloudy,Yard,Single Car,5,925,0,16573,H302,31.955562,-102.151687,73.7,57.8,50.8
UP,0522TO005,2022-05-03,4:05 AM,Hwy-rail crossing,0,MIDLAND,TX,62,1,Dawn,Clear,Main,Freight Train,40,27680,20464,48144,M302,31.972572,-102.11882,80.4,67.6,79.4
UP,1218TO026,2018-12-18,2:45 PM,Hwy-rail crossing,0,MIDLAND,TX,50,2,Day,Clear,Main,Freight Train,16,43998,22514,66512,M303,31.972572,-102.11882,46.9,47.1,51.8
UP,1023TO018,2023-10-17,5:15 PM,Hwy-rail crossing,0,MIDLAND,TX,82,2,Day,Clear,Main,Freight Train,61,0,25000,25000,M304,31.944635,-102.172937,60.6,67.5,72.4
UP,0519TO022,2019-05-20,5:52 PM,Hwy-rail crossing,0,MIDLAND,TX,79,2,Day,Rain,Main,Freight Train,49,15883,66,15949,M303,31.944635,-102.172937,71.5,77.2,67.3
UP,0117FW008,2017-01-09,1:17 PM,Other (describe in narrative),0,MIDLAND,TX,60,2,Day,Clear,Main,Freight Train,0,31924,0,31924,M501,31.958631,-102.145821,41.3,54.8,60.6
UP,0715FW018,2015-07-18,5:20 PM,Hwy-rail crossing,0,MIDLAND,TX,104,2,Day,Clear,Main,Freight Train,47,0,14291,14291,M302,32.002497,-102.060784,87.3,87.8,88
UP,0817FW013,2017-08-10,11:32 PM,Obstruction,0,MIDLAND,TX,90,4,Dark,Clear,Main,Freight Train,42,24675,66,24741,M402,32.062793,-101.943658,81.5,85.3,85.6
UP,0318FW004,2018-03-03,4:48 AM,Hwy-rail crossing,0,MIDLAND,TX,57,4,Dark,Clear,Main,Freight Train,63,95449,73201,168650,M302,32.03177,-102.003982,56.1,63,70.8
UP,1115FW012,2015-11-12,3:45 PM,Hwy-rail crossing,0,MIDLAND,TX,60,2,Day,Clear,Main,Freight Train,62,11141,1565,12706,M304,31.94458,-102.17292,62,53.6,57.8
UP,0615FW005,2015-06-04,9:50 PM,Derailment,0,MIDLAND,TX,88,4,Dark,Cloudy,Industry,Freight Train,2,1068,18280,19348,T111,31.911597,-102.236817,80.6,80.1,78.9
CSX,000186921,2019-12-03,11:26 AM,Derailment,0,MIDLAND CITY,AL,49,2,Day,Clear,Industry,Freight Train,2,26744,97,26841,M501,31.312891,-85.547784,45.7,42.2,49.3
BNSF,RD0822107,2022-08-07,8:30 PM,Derailment,0,MIDLOTHIAN,TX,94,3,Dusk,Clear,Industry,Freight Train,7,58800,5681,71981,E65C,32.47061,-97.017603,86.3,87.9,89.9
UP,0618FW009,2018-06-09,11:05 AM,Derailment,0,MIDLOTHIAN,TX,92,2,Day,Clear,Yard,Freight Train,6,239170,9623,248793,H522,32.484888,-96.985352,82.7,84.4,84
BNSF,RD0822107,2022-08-07,8:30 PM,Derailment,0,MIDLOTHIAN,TX,94,3,Dusk,Clear,Industry,Freight Train,0,7500,0,71981,E65C,32.47061,-97.017603,86.3,87.9,89.9
UP,0721TO006,2021-07-04,10:30 PM,Obstruction,0,MIDLOTHIAN,TX,75,4,Dark,Cloudy,Industry,Yard/switching,7,15524,0,15524,M404,32.51864,-97.010243,78.2,78,78.4
NIRC,9419001180,2022-11-29,4:58 AM,Hwy-rail crossing,0,MIDLOTHIAN,IL,39,4,Dark,Cloudy,Main,Commuter Train - Pushing,65,16048,18859,34907,M308,41.621807,-87.71753,38.2,48.7,26.4
UP,0220TO029,2020-02-25,1:00 AM,Derailment,0,MIDLOTHIAN,TX,47,4,Dark,Clear,Industry,Yard/switching,8,1262,15221,16483,T402,32.51864,-97.010243,59.1,49.9,41.8
UP,0515FW024,2015-05-31,9:50 AM,Derailment,0,MIDLOTHIAN,TX,78,2,Day,Clear,Main,Freight Train,12,93817,504331,598148,T002,32.522115,-97.014629,71,70.2,71.3
UP,0315FW012,2015-03-10,8:30 PM,Derailment,0,MIDLOTHIAN,TX,51,4,Dark,Cloudy,Industry,Freight Train,6,250,23206,23456,T113,32.484172,-96.98414,48,52,55.2
UP,1215UT007,2015-12-21,4:40 AM,Derailment,0,MIDVALE,UT,25,4,Dark,Clear,Industry,,0,0,12430,24860,H523,40.61127,-111.906595,35.4,38.4,35
UP,0522RM022,2022-05-22,8:00 AM,Derailment,0,MIDVALE,UT,45,2,Day,Cloudy,Siding,Freight Train,2,67502,40290,107792,H503,40.611303,-111.906671,50.5,55.1,51.6
UTAX,03032015A,2015-03-03,1:25 PM,Derailment,0,MIDVALE,UT,35,2,Day,Snow,Main,EMU,24,92000,20000,112000,E69C,40.461072,-111.89338,37.6,33.7,31.7
UTAX,8302023,2023-08-30,7:57 AM,RR grade crossing,0,MIDVALE,UT,67,1,Dawn,Clear,Main,EMU,36,0,0,0,M599,40.616996,-111.916007,82.1,75.8,76.7
SL,SLC081419R,2019-06-16,11:30 AM,Derailment,0,MIDVALE,UT,82,2,Day,Clear,Yard,Freight Train,6,0,0,12688,H704,40.646831,-111.900361,69.8,69.6,68.5
UP,0324RM028,2024-03-28,9:54 PM,Derailment,0,MIDVALE,UT,37,4,Dark,Clear,Yard,Freight Train,2,500,23338,23838,H607,40.617101,-111.906421,43.5,44.7,43.5
UTAH,UTA858015R,2015-12-21,4:40 AM,Derailment,0,MIDVALE,UT,25,4,Dark,Clear,Industry,Freight Train,9,0,12430,24860,T110,40.61127,-111.906595,35.4,38.4,35
NS,146311,2022-08-29,12:45 AM,Derailment,0,MIDVILLE,GA,73,4,Dark,Clear,Main,Freight Train,43,2174987,676315,2851302,E62C,32.817277,-82.226376,79.5,77.1,79.5
NS,139509,2020-10-22,10:55 PM,Derailment,0,MIDVILLE,GA,72,4,Dark,Clear,Main,Freight Train,46,898383,1115629,2014012,T207,32.816025,-82.195699,73,73,73.7