reportingrailroadcode,accidentnumber,date,time,accidenttype,hazmatreleasedcars,station,stateabbr,temperature,visibility_code,visibility,weathercondition,tracktype,equipmenttype,trainspeed,equipmentdamagecost,trackdamagecost,totaldamagecost,primaryaccidentcausecode,latitude,longitude,prior_temp,actual_temp,following_temp
BNSF,RD0822129,2022-08-23,4:21 PM,Derailment,0,MIDWAY,TX,90,2,Day,Clear,Industry,Freight Train,7,0,80000,80000,T113,32.401381,-97.403761,82.1,80.4,82
CSX,000213160,2023-08-27,4:00 PM,Derailment,0,MILAN,TN,90,2,Day,Clear,Industry,Cut of cars,0,85126,21000,106126,M103,35.922878,-88.75677,82,76.2,76.1
IAIS,2015003,2015-01-06,9:28 AM,Hwy-rail crossing,0,MILAN,IL,5,2,Day,Cloudy,Main,Freight Train,8,20000,0,20000,M302,41.457802,-90.577202,3.6,6.9,-1.1
AA,190315002,2019-03-15,3:00 AM,Derailment,0,MILAN,MI,40,4,Dark,Clear,Yard,Freight Train,5,20489,5977,26466,H704,42.074918,-83.68526,53,40.9,33.7
NS,130922,2018-09-12,3:00 PM,Obstruction,0,MILAN,MI,58,2,Day,Cloudy,Main,Spec. MoW Equip.,16,39342,0,39342,H997,42.079873,-83.681005,64.1,62.7,66.1
TCWR,TCW091217A,2017-09-12,9:20 AM,Hwy-rail crossing,0,MILAN,MN,75,2,Day,Clear,Main,Freight Train,28,40000,0,40000,M302,45.0442,-95.5241,71.1,73.8,75
NS,113068,2014-11-18,6:30 AM,Derailment,0,MILAN,OH,10,1,Dawn,Clear,Siding,Freight Train,18,568050,217729,785779,T207,41.333904,-82.584374,26.1,13.6,22.4
BNSF,TC0219206,2019-02-25,6:00 AM,Hwy-rail crossing,0,MILBANK,SD,-5,1,Dawn,Snow,Main,Freight Train,35,1342547,200000,1846661,M302,45.224439,-96.624436,5.5,-4.5,1
BNSF,TC0219206,2019-02-25,6:00 AM,Hwy-rail crossing,0,MILBANK,SD,-5,1,Dawn,Snow,Main,Freight Train,0,304114,0,1846661,M302,45.224439,-96.624436,5.5,-4.5,1
TXPF,06232020,2020-06-23,4:10 PM,Derailment,0,MILES,TX,90,2,Day,Clear,Siding,Freight Train,8,24604,1695,26299,T314,31.596698,-100.180944,87.2,78.9,78.8
TXPF,08092017,2017-08-09,10:59 PM,Derailment,0,MILES,TX,78,4,Dark,Clear,Main,Freight Train,24,312485,120000,432485,T207,31.608507,-100.149657,78,79.6,83.9
UP,1116UT008,2016-11-10,9:41 PM,Derailment,0,MILFORD,UT,35,4,Dark,Clear,Siding,Freight Train,5,5503,35101,40604,H306,38.508149,-112.98426,47.8,47.1,47.8
UP,1115UT012,2015-11-19,11:50 AM,Derailment,0,MILFORD,UT,35,2,Day,Clear,Yard,Yard/switching,5,4228,12500,16728,H303,38.395513,-113.009278,24.2,28.8,35.8
UP,0418UT026,2018-04-27,11:51 PM,Derailment,0,MILFORD,UT,60,4,Dark,Clear,Yard,Freight Train,2,119561,24233,143794,H524,38.408084,-113.001696,59.1,62.7,65.1
UP,0622RM011,2022-06-07,3:15 PM,Derailment,0,MILFORD,UT,85,2,Day,Clear,Yard,Freight Train,6,74046,155923,229969,M404,38.40232,-113.004684,70.6,71.5,74.9
CSX,000187583,2019-12-27,5:20 PM,Derailment,0,MILFORD,IL,36,3,Dusk,Clear,Main,Freight Train,52,30222,384,30606,E33C,40.618663,-87.694127,54.6,36.6,43.2
LSRC,A220209,2022-02-09,11:00 AM,Hwy-rail crossing,0,MILFORD,MI,36,2,Day,Clear,Main,Freight Train,26,0,11707,11707,M302,42.579192,-83.58952,23.8,34.8,30.9
MNCW,2016080229,2016-08-02,7:03 PM,Other (describe in narrative),0,MILFORD,CT,75,2,Day,Clear,Main,EMU,40,25000,5000,30000,T404,41.21093,-73.087935,73.3,71.2,70.9
CSX,000178419,2018-08-27,12:50 AM,Derailment,0,MILFORD,MA,70,4,Dark,Clear,Yard,Freight Train,8,11893,0,13193,T311,42.23984,-71.712912,68.3,75.8,80.7
DCR,210713DCRM,2021-07-13,10:20 PM,Derailment,0,MILFORD,DE,75,4,Dark,Clear,Industry,Freight Train,6,63000,10000,73000,T110,38.916895,-75.44782,83.5,84.9,83.9
MNCW,2015122104,2014-12-21,1:05 AM,Other (describe in narrative),0,MILFORD,CT,27,4,Dark,Clear,Main,Passenger Train - Pulling,40,20000,1500,21500,T404,41.205095,-73.110625,32,35,40.4
NS,114249,2015-02-06,8:35 PM,Derailment,0,MILL CREEK,PA,15,4,Dark,Clear,Main,Freight Train,58,2000,55504,57504,E61C,40.418495,-77.931216,18.2,16.9,34.1
BNSF,RD0523133,2023-05-31,2:00 AM,Derailment,0,MILL CREEK,OK,72,4,Dark,Clear,Yard,Freight Train,5,3834,29000,32834,M505,34.466724,-96.841808,73.5,75.8,76.4
BNSF,RD0719122,2019-07-23,1:14 PM,Derailment,0,MILL CREEK,OK,90,2,Day,Clear,Yard,Light loco(s),4,50000,0,50000,T103,34.467564,-96.841922,79.5,75.7,74.5
NS,154975,2023-12-06,2:40 PM,Derailment,0,MILL CREEK,PA,38,2,Day,Clear,Industry,Freight Train,9,10055,2609,12664,T111,40.422926,-77.930012,35.7,33.7,36.1
BEEM,1,2022-11-26,9:00 AM,Derailment,0,MILL CREEK,WV,50,2,Day,Clear,Main,Cut of cars,5,0,50000,50000,T001,38.732005,-80.136618,45.3,37.3,50.4
BB,2024A0505,2024-05-05,1:13 PM,Obstruction,0,MILLBORO,VA,74,2,Day,Clear,Main,,0,0,0,20264,M404,37.950485,-79.64746,56.2,58.2,63
ATK,180075,2024-05-05,1:13 PM,Obstruction,0,MILLBORO,VA,74,2,Day,Clear,Main,Passenger Train - Pulling,60,20264,0,20264,M404,37.950485,-79.64746,56.2,58.2,63
CSX,000220027,2024-08-19,6:25 AM,Derailment,0,MILLBURY,OH,65,1,Dawn,Clear,Main,Yard/switching,7,360322,231565,591887,E34C,41.543902,-83.485656,74.5,69.5,65.2
CSX,000182665,2019-04-30,12:25 AM,Derailment,0,MILLBURY,OH,42,4,Dark,Cloudy,Yard,Freight Train,7,21848,1017,22865,T111,41.544006,-83.485654,44.3,45.5,56.6
NS,152021,2023-01-16,2:00 PM,Other (describe in narrative),0,MILLEN,GA,65,2,Day,Clear,Yard,Single Car,5,0,0,30913,H020,32.801032,-81.94645,38.3,43.6,55
NS,136584,2019-12-19,4:30 PM,Derailment,0,MILLEN,GA,40,3,Dusk,Clear,Yard,Freight Train,5,93300,2074,95374,H503,32.801413,-81.929309,42.8,38.5,41.5
NS,135869,2019-10-17,6:55 PM,Derailment,0,MILLEN,GA,60,3,Dusk,Clear,Main,Freight Train,1,26085,35804,61889,E22C,32.80083,-81.947852,71.1,58.5,58.7
NS,138326,2020-06-24,7:30 AM,Derailment,0,MILLEN,GA,72,1,Dawn,Clear,Yard,Freight Train,3,1050,46971,48021,H318,32.801049,-81.946329,77.7,78.7,77.5
NS,151177,2022-10-16,3:00 PM,Other (describe in narrative),0,MILLEN,GA,80,2,Day,Clear,Main,Freight Train,3,189694,3167,192861,H306,32.801032,-81.94645,61.4,65.6,68.9
NS,155744,2024-02-12,9:47 PM,Derailment,0,MILLEN,GA,51,4,Dark,Cloudy,Yard,Cut of cars,5,125861,0,125861,H702,32.801771,-81.941298,61.9,59.3,53.1
NS,153067,2023-05-11,5:20 PM,Derailment,0,MILLEN,GA,81,3,Dusk,Clear,Yard,Freight Train,4,66927,7213,74140,H701,32.800688,-81.94914,73,71.5,71.6
NS,152021,2023-01-16,2:00 PM,Other (describe in narrative),0,MILLEN,GA,65,2,Day,Clear,Yard,Single Car,5,30913,0,30913,H020,32.801032,-81.94645,38.3,43.6,55
RCPE,RCP346523R,2023-03-02,11:45 AM,Derailment,0,MILLER,SD,19,2,Day,Clear,Industry,Freight Train,10,30450,0,30450,H306,44.522231,-99.014783,22.3,15.9,27.3
MDDE,CV071422D,2022-07-14,2:00 PM,Derailment,0,MILLINGTON,MD,88,2,Day,Clear,Main,Freight Train,7,48000,36000,84000,T110,39.235331,-75.839556,79.6,80.8,76.9
MDDE,CV040422D,2022-04-04,1:20 PM,Derailment,0,MILLINGTON,MD,55,2,Day,Clear,Main,Freight Train,7,24000,33000,57000,T110,39.253306,-75.839556,48,45.7,49.3
LXVR,LXV437623D,2023-06-07,4:45 AM,Derailment,0,MILLPORT,AL,62,4,Dark,Clear,Main,Freight Train,5,2000,37582,39582,H702,33.57073,-88.033288,75.8,77.9,74.8
LXVR,LXV589220,2020-04-27,10:30 PM,Derailment,0,MILLPORT,AL,61,4,Dark,Clear,Main,Freight Train,9,10080,5000,15080,H018,33.573012,-88.025036,60.3,59,65.6
BNSF,PR0218105,2018-02-19,7:00 PM,Other impacts,0,MILLS,WY,-2,3,Dusk,Snow,Industry,Yard/switching,3,22662,2000,24662,H018,42.845699,-106.35284,22.5,-3.1,-3.4
BNSF,PR0515100,2015-05-01,10:00 PM,Derailment,0,MILLS,WY,59,4,Dark,Clear,Industry,Yard/switching,6,21181,0,21181,T111,42.852355,-106.374722,50.4,50.8,58.1
UP,0123TO013,2023-01-12,1:15 AM,Hwy-rail crossing,0,MILLSAP,TX,59,4,Dark,Clear,Main,Freight Train,20,1780,25300,27080,M302,32.747553,-98.009765,69.6,50.2,43.8
CSX,000145182,2015-04-19,5:43 PM,Derailment,0,MILLVILLE,WV,45,3,Dusk,Rain,Industry,Freight Train,4,15416,150,15566,T312,39.301541,-77.771484,65.5,59.4,63.3
MNA,MNA653824D,2024-01-05,7:15 PM,Derailment,0,MILO,MO,37,4,Dark,Cloudy,Main,Freight Train,40,700000,140000,840000,T215,37.754017,-94.306235,33.1,35.4,34.7
CMQX,1001781814,2022-10-19,1:45 AM,Derailment,0,MILO,ME,35,4,Dark,Clear,Main,Freight Train,24,524992,22111,547103,M103,45.179993,-68.878476,57.7,55.8,43.9
BNSF,TC0615114,2015-06-27,5:45 PM,Derailment,0,MILTON,ND,75,2,Day,Cloudy,Industry,Cut of cars,0,16790,0,16790,M102,48.625056,-98.043132,70,70.2,70.6
CSX,000157734,2016-03-01,8:55 PM,Obstruction,0,MILTON,WV,28,4,Dark,Rain,Main,Freight Train,46,15338,50,15388,M402,38.417124,-82.112114,51,48,31.9
CSX,000138224,2014-11-30,9:51 AM,Derailment,0,MILTON,FL,62,2,Day,Fog,Main,Freight Train,47,953067,110000,1063067,T207,30.644655,-86.930981,53.5,62.1,62.2
UP,0619PR018,2019-06-18,6:55 AM,Derailment,0,MILWAUKEE,WI,55,1,Dawn,Fog,Main,Freight Train,3,1328,85336,86664,S013,42.982243,-87.884911,57.5,64.1,58
CP,1000259764,2015-05-14,11:58 AM,Fire/violent rupture,0,MILWAUKEE,WI,51,2,Day,Clear,Main,,0,0,0,600000,M406,43.032838,-87.91189,43.7,49.3,61.2
UP,0921PR015,2021-09-25,9:20 AM,Derailment,0,MILWAUKEE,WI,52,2,Day,Clear,Yard,Freight Train,7,174753,142159,316912,H307,43.097872,-88.06416,65.7,59.9,69.3
UP,1222PR011,2022-12-14,5:22 PM,Derailment,0,MILWAUKEE,WI,37,2,Day,Rain,Yard,Freight Train,3,34319,4400,38719,H307,43.090429,-88.063745,38.1,40,36.1
UP,1223PR003,2023-12-02,2:20 AM,Derailment,0,MILWAUKEE,WI,39,4,Dark,Cloudy,Main,Freight Train,20,19248,12083,31331,E27C,42.985647,-87.911555,39.6,41.1,39
ATK,137427,2015-05-14,11:58 AM,Fire/violent rupture,0,MILWAUKEE,WI,51,2,Day,Clear,Main,Passenger Train - Pulling,70,600000,0,600000,M406,43.032838,-87.91189,43.7,49.3,61.2
UP,0518PR020,2018-05-20,2:08 AM,Derailment,0,MILWAUKEE,WI,48,4,Dark,Rain,Yard,Freight Train,4,673,33730,34403,H511,43.102206,-88.064009,55.3,45.6,48.6
UP,0818PR014,2018-08-20,9:40 PM,Derailment,0,MILWAUKEE,WI,66,4,Dark,Rain,Yard,Yard/switching,7,427470,527331,954801,T220,43.099995,-88.062985,72.2,74.1,70.7
CP,1000326994,2016-01-04,9:10 AM,Hwy-rail crossing,0,MILWAUKEE,WI,27,2,Day,Cloudy,Main,Freight Train,19,1800,14800,16600,M304,43.032766,-87.947722,26.8,25.2,23.3
UP,0819PR026,2019-08-26,12:41 PM,Derailment,0,MILWAUKEE,WI,64,2,Day,Rain,Industry,Freight Train,7,4866,11344,16210,H508,43.188924,-88.061332,69.2,69.6,71.7
UP,0717PR010,2017-07-06,5:00 PM,Derailment,0,MILWAUKEE,WI,80,2,Day,Clear,Main,Freight Train,17,684510,480686,1165196,T110,42.99419,-87.921,73.3,80.6,72.2
UP,1018PR015,2018-10-11,3:55 AM,Derailment,0,MILWAUKEE,WI,52,4,Dark,Cloudy,Yard,Yard/switching,6,21469,3460,24929,T210,43.112354,-88.064022,68,46.2,41.1
UP,1118PR009,2018-11-11,3:07 AM,Derailment,0,MILWAUKEE,WI,32,4,Dark,Cloudy,Yard,Yard/switching,4,250,17767,18017,T304,43.117483,-88.063506,26.3,33.8,29.6
UP,0317PR015,2017-03-15,5:01 PM,Derailment,0,MILWAUKEE,WI,36,2,Day,Cloudy,Yard,Yard/switching,7,54369,33355,87724,T110,43.098593,-88.064243,21.2,24.3,29.1
UP,1217PR017,2017-12-19,11:28 AM,Derailment,0,MILWAUKEE,WI,32,2,Day,Cloudy,Yard,Yard/switching,8,308772,121811,430583,T110,43.101349,-88.064317,37.1,41.7,27.8
WSOR,210212004,2021-02-12,8:45 AM,Derailment,0,MILWAUKEE,WI,7,2,Day,Snow,Yard,Freight Train,7,13800,5192,18992,T299,43.103385,-87.954494,9.7,9.9,4.2
BNSF,PR0416104,2016-04-14,12:08 PM,Derailment,0,MINATARE,NE,60,2,Day,Clear,Siding,Freight Train,5,105340,5000,110340,H307,41.807658,-103.503475,58.3,63.5,47.9
BNSF,PR0817100,2017-08-03,12:30 AM,Derailment,0,MINATARE,NE,62,4,Dark,Cloudy,Main,Freight Train,20,34295,3000,37295,E59C,41.771158,-103.386528,70.5,63.2,69.4
BNSF,PR0317200,2017-03-17,6:27 PM,Hwy-rail crossing,0,MINDEN,NE,55,3,Dusk,Clear,Main,Freight Train,60,173183,0,173183,M302,40.51528,-98.9135,51.3,53.1,46.6
BNSF,PR0819102,2019-08-04,2:22 AM,Obstruction,0,MINDEN,NE,65,4,Dark,Clear,Main,,0,0,0,47562,M402,40.504348,-98.943711,75.5,77,77.3
ATK,160438,2019-08-04,2:23 AM,Obstruction,0,MINDEN,NE,68,4,Dark,Clear,Main,Passenger Train - Pulling,79,47562,0,47562,M402,40.509976,-98.925952,75.5,77,77.3
LAS,170106001,2017-01-06,10:00 PM,Other (describe in narrative),0,MINDEN,LA,17,4,Dark,Sleet,Industry,Yard/switching,2,20000,0,20000,H020,32.588645,-93.511644,38.7,30.5,25.9
LAS,200714001,2020-07-14,7:20 PM,Derailment,0,MINDEN,LA,90,3,Dusk,Clear,Yard,Yard/switching,3,150000,6000,156000,H704,32.606328,-93.29197,84.1,86.4,85.6
LAS,190625009,2019-06-25,9:00 PM,Derailment,0,MINDEN,LA,82,4,Dark,Clear,Main,Freight Train,9,815303,17971,833274,T220,32.603845,-93.292189,73.9,77.4,78.3
LAS,170605003,2017-06-05,1:00 PM,Derailment,0,MINDEN,LA,85,2,Day,Clear,Yard,Yard/switching,6,5500,12000,17500,T220,32.6101,-93.291546,74.6,75.2,76.1
LAS,161015001,2016-10-15,9:30 PM,Derailment,0,MINDEN,LA,80,4,Dark,Clear,Yard,Freight Train,10,90000,23703,113703,T110,32.611527,-93.293362,67.6,73,75.7
LAS,220913004,2022-09-13,9:30 PM,Derailment,0,MINDEN,LA,75,4,Dark,Clear,Yard,Yard/switching,3,18500,38796,57296,T314,32.605425,-93.291951,70.5,68.7,70.6
LAS,210604006,2021-06-04,8:00 PM,Derailment,0,MINDEN,LA,80,4,Dark,Clear,Industry,Freight Train,5,40000,8000,48000,T110,32.568521,-93.29172,72.1,70.6,71.2
LAS,D640415,2015-02-28,8:32 PM,Derailment,0,MINDEN,LA,41,4,Dark,Clear,Yard,Yard/switching,7,4500,10300,14800,T303,32.644812,-93.291916,31.6,39.8,42.1
UP,0619TO030,2019-06-15,10:15 AM,Hwy-rail crossing,0,MINEOLA,TX,92,2,Day,Clear,Main,Freight Train,55,68904,1130,70034,M302,31.373858,-103.652319,75.4,81.5,69.5
ATK,164095,2020-04-12,6:33 PM,Obstruction,0,MINEOLA,TX,64,3,Dusk,Cloudy,Main,Passenger Train - Pulling,66,32511,0,32811,M404,32.639362,-95.388977,57.7,66.6,47.9
LI,EQ20180302,2018-03-23,7:50 PM,Obstruction,0,MINEOLA,NY,45,4,Dark,Clear,Main,EMU,80,212636,39168,251804,M402,40.741264,-73.63702,39.6,41.2,42.4
LI,EQ20170302,2017-03-17,2:42 PM,Obstruction,0,MINEOLA,NY,40,2,Day,Clear,Main,Maint./inspect Car,5,70000,0,70000,H604,40.740928,-73.638322,32,37.4,35.7
LI,EQ20170302,2017-03-17,2:42 PM,Obstruction,0,MINEOLA,NY,40,2,Day,Clear,Main,Maint./inspect Car,5,0,0,70000,H604,40.740928,-73.638322,32,37.4,35.7
MRSR,24001,2024-01-12,2:32 AM,Derailment,0,MINERAL,WA,20,4,Dark,Snow,Yard,Cut of cars,15,5000,10000,15000,E08C,46.714384,-122.159746,37.2,23.1,20.1
UP,0819MA032,2019-08-19,6:13 AM,Hwy-rail crossing,0,MINERAL POINT,MO,71,1,Dawn,Clear,Main,,0,0,99,25758,M302,37.918727,-90.719462,81.4,80.2,77.2
ATK,160693,2019-08-19,6:13 AM,Hwy-rail crossing,0,MINERAL POINT,MO,71,1,Dawn,Clear,Main,Passenger Train - Pulling,58,25659,0,25758,M302,37.918727,-90.719462,81.4,80.2,77.2
ATK,181189,2024-07-16,10:35 PM,Obstruction,0,MINERSVILLE,PA,0,4,Dark,Rain,Main,Passenger Train - Pulling,40,40335,0,40335,M404,40.364869,-78.955002,83.3,82.4,78.9
UP,0721RM013,2021-07-15,9:59 PM,Derailment,0,MINERSVILLE,UT,76,4,Dark,Cloudy,Main,Freight Train,67,2239423,554670,2794093,M103,38.058948,-113.368576,74,74.4,74.5
OHIC,012015A,2015-01-20,9:40 AM,Derailment,0,MINERVA,OH,35,2,Day,Clear,Main,Yard/switching,9,30000,965,30965,T110,40.709331,-81.083333,34.2,32.7,33.5
CSX,000148132,2015-06-19,9:17 AM,Hwy-rail crossing,0,MINFORD,OH,80,2,Day,Clear,Main,Freight Train,29,286,12575,12861,M302,38.848565,-82.855718,76.1,73.5,72.7
NS,133381,2019-03-28,2:45 PM,Derailment,0,MINGO JUNCTION,OH,58,2,Day,Clear,Industry,Freight Train,4,32861,0,32861,M404,40.310679,-80.610466,41.3,51.6,55.1
NS,154997,2023-12-08,10:20 PM,Derailment,0,MINGO JUNCTION,OH,45,4,Dark,Clear,Main,Yard/switching,3,42000,15804,57804,M204,40.309626,-80.610952,39,49.9,55.7
WE,180093,2018-10-04,8:30 PM,Derailment,0,MINGO JUNCTION,OH,70,2,Day,Clear,Yard,Yard/switching,5,76221,8693,84914,H704,40.303487,-80.612034,69.2,69.8,59.9
NS,133529,2019-04-11,2:45 AM,Derailment,0,MINGO JUNCTION,OH,34,4,Dark,Clear,Yard,Yard/switching,5,1200,16331,17531,H306,40.310679,-80.610466,50.1,57.2,65.9
WE,170104,2017-09-08,3:30 PM,Derailment,0,MINGO JUNCTION,OH,50,2,Day,Clear,Yard,Yard/switching,8,1890,13928,15818,E64C,40.29995,-80.613376,55,57.4,56.7
NS,155009,2023-12-09,9:15 PM,Other (describe in narrative),0,MINGO JUNCTION,OH,58,4,Dark,Rain,Yard,Yard/switching,3,926,13224,14150,H702,40.309626,-80.610952,49.9,55.7,44.2
NS,133648,2019-04-21,6:00 PM,Other impacts,0,MINGO JUNCTION,OH,57,3,Dusk,Cloudy,Yard,Cut of cars,0,274970,25000,303570,H305,40.297051,-80.616662,54.7,48.9,54.5
WE,170109,2017-10-01,12:30 PM,Derailment,0,MINGO JUNCTION,OH,60,2,Day,Clear,Main,Freight Train,7,16733,0,16733,H706,40.334522,-80.608337,53.9,53.2,57.5
NS,153563,2023-07-07,11:10 PM,Other (describe in narrative),0,MINGO JUNCTION,OH,65,4,Dark,Clear,Yard,Yard/switching,6,20403,100,20503,E30C,40.309626,-80.610952,75.6,74.4,72.7
NS,133648,2019-04-21,6:00 PM,Other impacts,0,MINGO JUNCTION,OH,57,3,Dusk,Cloudy,Yard,Yard/switching,5,3600,0,303570,H305,40.297051,-80.616662,54.7,48.9,54.5
NS,118320,2015-11-22,7:00 PM,Derailment,0,MINGO JUNCTION,OH,25,3,Dusk,Clear,Yard,Cut of cars,0,5625,0,66625,T210,40.310309,-80.610637,44.7,32.9,29.1
WE,160110,2016-12-24,7:00 AM,Derailment,0,MINGO JUNCTION,OH,45,1,Dawn,Rain,Yard,Freight Train,8,19743,74119,93862,T101,40.31577,-80.602145,34.3,42.1,37.5
WE,230086,2023-12-01,3:15 PM,Derailment,0,MINGO JUNCTION,OH,46,2,Day,Rain,Yard,Yard/switching,7,0,27802,27802,T110,40.313812,-80.615075,42.9,47.5,54.3
NS,118320,2015-11-22,7:00 PM,Derailment,0,MINGO JUNCTION,OH,25,3,Dusk,Clear,Yard,Yard/switching,4,56000,5000,66625,T210,40.310309,-80.610637,44.7,32.9,29.1
NS,151450,2022-10-01,10:12 PM,Derailment,0,MINGO JUNCTION,OH,55,4,Dark,Clear,Yard,Freight Train,7,185954,0,185954,T110,40.309626,-80.610952,50.1,51.6,55.1
NS,138097,2020-05-30,10:00 AM,Derailment,0,MINGO JUNCTION,OH,60,2,Day,Cloudy,Yard,Freight Train,0,0,2000,2000,T314,40.310679,-80.610466,69.6,60.6,55.8
NS,140252,2021-01-14,7:08 AM,Derailment,0,MINGO JUNCTION,OH,40,1,Dawn,Clear,Yard,Freight Train,4,627422,13562,640984,T207,40.310678,-80.610466,32.5,39.7,37.2
WE,170086,2017-08-02,6:45 PM,Derailment,0,MINGO JUNCTION,OH,80,2,Day,Clear,Yard,Yard/switching,9,8842,60971,69813,T110,40.306163,-80.607426,71.8,73.2,73.2
UP,0424TO016,2024-04-15,4:10 PM,Derailment,0,MINGUS,TX,77,2,Day,Cloudy,Main,Freight Train,44,14059,5860,19919,E21C,32.543134,-98.418585,74.1,73.4,75.9
UP,0619TO015,2019-06-07,6:33 AM,Obstruction,0,MINGUS,TX,65,1,Dawn,Clear,Main,Freight Train,50,54487,0,54487,M403,32.546821,-98.433369,73.8,76,79.6
UP,1216PC002,2016-12-02,10:15 PM,Hwy-rail crossing,0,MINIDOKA,ID,23,4,Dark,Cloudy,Main,Freight Train,67,71881,0,71881,M302,42.817884,-113.757527,30.3,26.4,33.2
EIRR,160714003,2016-07-14,9:00 AM,Derailment,0,MINIDOKA,ID,75,2,Day,Clear,Main,Freight Train,10,435082,28800,463882,T314,42.755767,-113.491451,64.6,66.2,69.2
BNSF,TC0920102,2020-09-13,3:45 PM,Derailment,0,MINNEAPOLIS,MN,70,2,Day,Clear,Yard,Freight Train,3,20108,23771,43879,H306,44.980861,-93.22452,58.9,61.5,66.4
BNSF,TC0915116,2015-09-25,4:30 AM,Other (describe in narrative),0,MINNEAPOLIS,MN,63,4,Dark,Cloudy,Yard,,0,0,75640,75640,H704,45.020335,-93.263184,66.1,68.1,66.3
MNNR,0720001,2020-07-31,12:45 PM,Side collision,0,MINNEAPOLIS,MN,85,2,Day,Clear,Yard,Yard/switching,5,64204,0,76704,H307,44.936666,-93.229275,72.6,73,73.3
BNSF,TC0619102,2019-06-06,2:32 PM,Other (describe in narrative),0,MINNEAPOLIS,MN,90,2,Day,Clear,Main,,0,0,21700,21700,H403,44.992512,-93.250636,72.2,73,79.3
BNSF,TC0115106,2015-01-13,12:45 PM,Other impacts,0,MINNEAPOLIS,MN,21,2,Day,Clear,Yard,Yard/switching,4,78249,0,79749,H305,45.041022,-93.274278,0.9,3.4,20.3
BNSF,TC1015114,2015-10-18,2:45 AM,Other impacts,0,MINNEAPOLIS,MN,38,4,Dark,Cloudy,Yard,Yard/switching,10,12216,0,12216,M411,45.035112,-93.270737,42.3,48.4,61.9
BNSF,TC0516107,2016-05-15,11:00 AM,Derailment,0,MINNEAPOLIS,MN,62,2,Day,Clear,Yard,Yard/switching,4,4500,30561,35061,H607,45.031897,-93.271646,42.6,50.7,57.3
BNSF,TC0516108,2016-05-16,9:15 AM,Other (describe in narrative),0,MINNEAPOLIS,MN,65,2,Day,Clear,Yard,Light loco(s),4,0,23000,23000,H307,45.028868,-93.268639,50.7,57.3,55.2
BNSF,TC0419110,2019-04-18,8:15 AM,Derailment,0,MINNEAPOLIS,MN,55,2,Day,Clear,Yard,Yard/switching,5,65281,15000,80281,H308,45.032222,-93.270993,47.6,45.9,50
BNSF,TC0223119,2023-02-25,10:04 AM,Derailment,0,MINNEAPOLIS,MN,10,2,Day,Clear,Yard,Yard/switching,10,49493,1600,52173,M407,45.033769,-93.271454,3.6,15.1,20.6
BNSF,TC0817101,2017-08-06,4:00 AM,Derailment,0,MINNEAPOLIS,MN,62,1,Dawn,Cloudy,Yard,Light loco(s),7,10000,1000,11000,H307,45.031876,-93.271547,65.8,66.3,68.1
BNSF,TC0416109,2016-04-19,6:40 PM,Derailment,0,MINNEAPOLIS,MN,55,3,Dusk,Clear,Yard,Yard/switching,5,1179,10500,11679,M411,45.033445,-93.271313,68.1,53.5,57.4
BNSF,TC0718101,2018-07-03,12:05 PM,Derailment,0,MINNEAPOLIS,MN,85,2,Day,Clear,Yard,Light loco(s),4,12000,1000,13000,H607,45.044445,-93.272321,76.4,75.7,76.4
BNSF,TC0222103,2022-02-12,2:37 AM,Derailment,0,MINNEAPOLIS,MN,-7,4,Dark,Cloudy,Yard,Yard/switching,6,68022,55490,123512,S016,45.028702,-93.269231,22.8,0.1,2.1
BNSF,TC1016111,2016-10-18,1:55 AM,Other impacts,0,MINNEAPOLIS,MN,60,4,Dark,Rain,Yard,Yard/switching,10,0,10723,10723,M407,45.03455,-93.270571,63.4,56.8,48.3
MNNR,0615001,2015-06-04,9:05 AM,Derailment,0,MINNEAPOLIS,MN,70,2,Day,Cloudy,Industry,Single Car,10,56319,1707,58026,E0HC,44.98049,-93.230286,65.1,66.7,67.2
BNSF,TC1117106,2017-11-20,4:30 PM,Side collision,0,MINNEAPOLIS,MN,30,2,Day,Clear,Yard,Yard/switching,4,40881,0,60258,H307,45.031164,-93.272144,27.8,38.3,27
BNSF,TC0415106,2015-04-07,5:00 AM,Derailment,0,MINNEAPOLIS,MN,45,1,Dawn,Clear,Yard,Light loco(s),5,7449,3600,11049,H307,45.045244,-93.273837,40.1,39.9,42.5
BNSF,TC0415108,2015-04-12,1:32 AM,Derailment,0,MINNEAPOLIS,MN,65,4,Dark,Clear,Yard,Freight Train,5,8000,142998,150998,H513,45.070354,-93.271526,52.2,62.8,55.1
BNSF,TC0515116,2015-05-30,5:41 AM,Derailment,0,MINNEAPOLIS,MN,49,1,Dawn,Clear,Yard,Yard/switching,3,90358,376865,467223,M411,45.027705,-93.268712,65.5,55.5,53.9
BNSF,TC0515110,2015-05-24,10:15 AM,Other (describe in narrative),0,MINNEAPOLIS,MN,64,2,Day,Rain,Yard,Yard/switching,4,11490,1000,12490,M411,45.030177,-93.270528,62,61.3,63
CP,1000609389,2017-08-24,2:25 AM,Other (describe in narrative),0,MINNEAPOLIS,MN,59,4,Dark,Cloudy,Main,Freight Train,6,0,0,36936,H702,45.016219,-93.260197,66,65.1,64.1