reportingrailroadcode,accidentnumber,date,time,accidenttype,hazmatreleasedcars,station,stateabbr,temperature,visibility_code,visibility,weathercondition,tracktype,equipmenttype,trainspeed,equipmentdamagecost,trackdamagecost,totaldamagecost,primaryaccidentcausecode,latitude,longitude,prior_temp,actual_temp,following_temp
BNSF,TC0223119,2023-02-25,10:04 AM,Derailment,0,MINNEAPOLIS,MN,10,2,Day,Clear,Yard,Single Car,0,1080,0,52173,M407,45.033769,-93.271454,3.6,15.1,20.6
BNSF,TC1122114,2022-11-24,5:40 PM,Derailment,0,MINNEAPOLIS,MN,40,3,Dusk,Clear,Main,Freight Train,5,39000,5000,44000,H525,45.000223,-93.248605,33.6,35.9,38.6
BNSF,TC1117106,2017-11-20,4:30 PM,Side collision,0,MINNEAPOLIS,MN,30,2,Day,Clear,Yard,Yard/switching,7,18377,1000,60258,H307,45.031164,-93.272144,27.8,38.3,27
BNSF,TC0415114,2015-04-23,8:35 AM,Other (describe in narrative),0,MINNEAPOLIS,MN,40,1,Dawn,Clear,Yard,Yard/switching,10,16954,0,16954,M411,45.036812,-93.273778,40.4,42.6,45.8
BNSF,TC0215101,2015-02-05,1:07 PM,Derailment,0,MINNEAPOLIS,MN,20,2,Day,Clear,Yard,Yard/switching,5,5524,8000,13524,M411,45.034068,-93.272858,10.3,7.5,21.8
BNSF,TC0315121,2015-03-16,7:19 PM,Other impacts,0,MINNEAPOLIS,MN,42,3,Dusk,Cloudy,Yard,Yard/switching,9,37299,0,37299,M407,45.027705,-93.268712,54.3,50.7,36.5
BNSF,TC0722108,2022-07-27,8:50 AM,Derailment,0,MINNEAPOLIS,MN,70,1,Dawn,Clear,Yard,Yard/switching,0,10312,0,26016,H306,45.028313,-93.26892,70.4,72.5,68.8
UP,0619GL035,2019-06-06,2:30 PM,Other (describe in narrative),0,MINNEAPOLIS,MN,90,2,Day,Clear,Main,Light loco(s),15,0,0,21700,H702,44.992512,-93.250636,72.2,73,79.3
UP,0817TC025,2017-08-21,3:25 PM,Derailment,0,MINNEAPOLIS,MN,70,2,Day,Cloudy,Yard,,0,0,31968,37336,H511,44.982941,-93.228287,73.9,70,67.2
BNSF,TC0815106,2015-08-14,10:50 PM,Derailment,0,MINNEAPOLIS,MN,78,4,Dark,Clear,Yard,Freight Train,10,25000,197084,222084,H506,45.028251,-93.267846,77.8,81,81.4
BNSF,TC0623103,2023-06-19,3:50 PM,Derailment,0,MINNEAPOLIS,MN,90,2,Day,Clear,Yard,Freight Train,5,11733,25000,36733,H607,44.97935,-93.221266,72,77.1,81.2
CP,1000230019,2015-06-28,1:50 PM,Derailment,0,MINNEAPOLIS,MN,82,2,Day,Cloudy,Yard,Freight Train,6,84967,175,85142,H503,45.020561,-93.262133,72.4,70,72.1
BNSF,TC0315108,2015-03-07,9:00 AM,Other impacts,0,MINNEAPOLIS,MN,30,2,Day,Clear,Yard,Yard/switching,10,48200,0,48200,M407,45.033861,-93.271737,23.9,35.4,38.5
UP,0220GL030,2020-02-21,7:39 PM,Derailment,0,MINNEAPOLIS,MN,28,3,Dusk,Cloudy,Yard,,0,0,26400,63504,H503,44.974034,-93.201461,4.1,24.9,29.9
BNSF,TC0117100,2017-01-02,3:54 AM,Derailment,0,MINNEAPOLIS,MN,25,4,Dark,Clear,Yard,Yard/switching,5,7254,3500,10754,M411,45.032831,-93.271425,26.8,30.1,16.6
BNSF,TC1223115,2023-12-31,9:52 PM,Derailment,0,MINNEAPOLIS,MN,28,4,Dark,Snow,Yard,Yard/switching,12,18166,0,18166,M407,45.03405,-93.271876,28.6,26.4,23.2
BNSF,TC0124116,2024-01-25,11:50 PM,Derailment,0,MINNEAPOLIS,MN,40,4,Dark,Cloudy,Yard,Yard/switching,5,187547,0,187547,M411,45.03444,-93.271454,33.7,35.5,37.2
BNSF,TC0317110,2017-03-04,4:05 AM,Derailment,0,MINNEAPOLIS,MN,40,1,Dawn,Clear,Yard,Light loco(s),10,86922,2000,88922,H607,45.030438,-93.269212,21.7,33.8,46.5
BNSF,TC0821103,2021-08-07,8:35 AM,Other impacts,0,MINNEAPOLIS,MN,68,1,Dawn,Rain,Yard,Yard/switching,6,2000,0,11952,M407,45.029661,-93.269913,75.8,71,73.2
BNSF,TC0316105,2016-03-28,9:15 AM,Derailment,0,MINNEAPOLIS,MN,53,2,Day,Clear,Yard,Yard/switching,7,8032,10458,18490,S099,45.033104,-93.271211,38.6,42.9,51.6
TCWR,TCW022120B,2020-02-21,7:39 PM,Derailment,0,MINNEAPOLIS,MN,28,4,Dark,Clear,Yard,Freight Train,8,37104,0,63504,H503,44.974034,-93.201461,4.1,24.9,29.9
BNSF,TC1017127,2017-10-23,9:10 PM,Derailment,0,MINNEAPOLIS,MN,40,4,Dark,Clear,Yard,Yard/switching,4,58946,175922,234868,E07C,45.031609,-93.271253,53.9,52.6,44.6
BNSF,TC0817113,2017-08-24,2:25 AM,Other (describe in narrative),0,MINNEAPOLIS,MN,59,4,Dark,Cloudy,Main,,0,0,36936,36936,H403,45.016219,-93.260197,66,65.1,64.1
BNSF,TC1116116,2016-11-28,8:53 PM,Derailment,0,MINNEAPOLIS,MN,35,4,Dark,Cloudy,Yard,Yard/switching,10,9411,4500,13911,S007,45.032475,-93.27063,35.3,47.3,36.4
BNSF,TC0124113,2024-01-21,5:15 PM,Derailment,0,MINNEAPOLIS,MN,17,3,Dusk,Clear,Yard,Yard/switching,9,82270,36390,118660,E60C,45.027264,-93.268326,2.1,14.4,25.7
BNSF,TC0821103,2021-08-07,8:35 AM,Other impacts,0,MINNEAPOLIS,MN,68,1,Dawn,Rain,Yard,Yard/switching,5,9952,0,11952,M407,45.029661,-93.269913,75.8,71,73.2
BNSF,TC1015101,2015-10-01,12:05 PM,Derailment,0,MINNEAPOLIS,MN,60,2,Day,Clear,Yard,Yard/switching,9,21700,243838,265538,H506,45.031439,-93.271419,51.8,52.3,51.2
MNNR,0720001,2020-07-31,12:45 PM,Side collision,0,MINNEAPOLIS,MN,85,2,Day,Clear,Yard,Cut of cars,0,12500,0,76704,H307,44.936666,-93.229275,72.6,73,73.3
BNSF,TC0119116,2019-01-22,3:00 AM,Side collision,0,MINNEAPOLIS,MN,8,4,Dark,Snow,Yard,Yard/switching,4,31583,0,102602,H607,45.030741,-93.270023,8.5,16,17.4
BNSF,TC1115114,2015-11-21,1:00 AM,Derailment,0,MINNEAPOLIS,MN,18,4,Dark,Clear,Yard,Yard/switching,10,2000,38637,40637,E86C,45.03537,-93.270574,28.4,22.4,25.8
BNSF,TC1118101,2018-11-01,2:00 AM,Derailment,0,MINNEAPOLIS,MN,45,4,Dark,Clear,Yard,Yard/switching,3,6874,12000,18874,H308,45.034367,-93.271226,43.9,41.1,40.1
BNSF,TC0415123,2015-04-21,11:30 AM,Other (describe in narrative),0,MINNEAPOLIS,MN,50,2,Day,Clear,Main,Spec. MoW Equip.,10,15000,0,15000,H997,45.006171,-93.251816,40.9,37.3,40.4
BNSF,TC0215105,2015-02-11,9:25 PM,Other impacts,0,MINNEAPOLIS,MN,-12,4,Dark,Clear,Yard,Single Car,5,24805,0,24805,S016,45.034068,-93.272858,24.7,16.9,3.2
BNSF,TC0318111,2018-03-23,5:15 AM,Derailment,0,MINNEAPOLIS,MN,32,1,Dawn,Cloudy,Yard,Yard/switching,2,900,11000,11900,M411,45.033888,-93.2724,36.3,34.4,34.5
BNSF,TC0618103,2018-06-13,8:20 AM,Derailment,0,MINNEAPOLIS,MN,67,1,Dawn,Clear,Yard,Yard/switching,5,4524,21500,26024,H506,45.040113,-93.270136,71.9,70,73
BNSF,TC0616116,2016-06-20,9:50 PM,Derailment,0,MINNEAPOLIS,MN,62,4,Dark,Clear,Yard,Yard/switching,2,61382,10500,71882,T103,45.029412,-93.269747,82.4,73.3,72
BNSF,TC0624106,2024-06-10,5:29 PM,Derailment,0,MINNEAPOLIS,MN,74,3,Dusk,Clear,Yard,Yard/switching,4,35937,8131,44068,T001,45.034964,-93.270556,65.1,64.3,69.8
BNSF,TC0317105,2017-03-01,3:30 PM,Derailment,0,MINNEAPOLIS,MN,40,2,Day,Clear,Yard,Yard/switching,10,17244,1000,18244,T111,45.024464,-93.267675,38.3,29.9,22.9
BNSF,TC0315110,2015-03-08,4:30 AM,Derailment,0,MINNEAPOLIS,MN,30,4,Dark,Clear,Yard,Yard/switching,8,33473,329231,362704,T206,45.019747,-93.26282,35.4,38.5,43.6
MNNR,0815001,2015-08-01,9:00 AM,Derailment,0,MINNEAPOLIS,MN,70,2,Day,Clear,Industry,Yard/switching,4,837,17343,18180,T105,44.975191,-93.21447,75.1,76.7,77.4
UP,1219GL010,2019-12-05,9:37 AM,Derailment,0,MINNEAPOLIS,MN,28,2,Day,Cloudy,Yard,Yard/switching,9,224562,21714,246276,T206,44.974512,-93.206107,31.9,29.6,23.2
TCWR,TCW082117A,2017-08-21,3:30 PM,Derailment,0,MINNEAPOLIS,MN,70,2,Day,Clear,Yard,Freight Train,8,5368,0,37336,T110,44.9778,-93.265,73.9,70,67.2
KYLE,KYL009319D,2019-04-02,10:05 PM,Derailment,0,MINNEAPOLIS,KS,61,4,Dark,Cloudy,Main,Freight Train,9,60000,45000,105000,T102,39.143307,-97.723343,45.6,47,55.9
MNNR,0316003,2016-03-17,9:20 AM,Derailment,0,MINNEAPOLIS,MN,38,2,Day,Cloudy,Industry,Yard/switching,2,0,12298,12298,T110,44.950182,-93.238844,43.8,38,33.6
MNNR,0423002,2023-04-10,2:25 AM,Derailment,0,MINNEAPOLIS,MN,50,4,Dark,Cloudy,Industry,Yard/switching,5,0,22559,22559,T110,44.934647,-93.228065,57.7,57.6,66.7
MNNR,0615002,2015-06-06,11:30 AM,Derailment,0,MINNEAPOLIS,MN,71,2,Day,Clear,Industry,Yard/switching,4,1600,12375,13975,T110,44.95021,-93.238889,67.2,69,72.9
BNSF,TC1115100,2015-11-01,1:00 PM,Derailment,0,MINNEAPOLIS,MN,45,2,Day,Cloudy,Yard,Yard/switching,8,9944,2000,11944,T202,45.049612,-93.273448,47.8,49.4,54.9
CP,1001661326,2022-03-12,5:21 AM,Derailment,0,MINNEISKA,MN,-2,4,Dark,Clear,Main,Freight Train,46,62292,3155,65447,T202,44.194485,-91.870406,16.4,14.8,36.1
UP,0515KC010,2015-05-27,8:50 PM,Hwy-rail crossing,0,MINNEOLA,KS,55,4,Dark,Rain,Main,Freight Train,52,14068,45795,59863,M399,37.451225,-99.997561,66.5,67.4,66.7
UP,0520HL015,2020-05-27,10:45 AM,Hwy-rail crossing,0,MINNEOLA,KS,73,2,Day,Clear,Main,Freight Train,50,3574,16822,20396,M302,37.443476,-100.018617,61.9,66.1,67
CSX,000172810,2017-11-12,12:15 PM,Derailment,0,MINOA,NY,45,2,Day,Cloudy,Yard,Yard/switching,4,10139,4100,14239,T311,43.073129,-76.009856,23.3,32.1,35.8
BNSF,TC0217108,2017-02-12,9:20 AM,Raking collision,0,MINOT,ND,34,2,Day,Clear,Yard,Freight Train,10,5393,0,27393,H207,48.237409,-101.195079,30.9,30.9,34.4
BNSF,TC0217108,2017-02-12,9:20 AM,Raking collision,0,MINOT,ND,34,2,Day,Clear,Yard,Light loco(s),4,22000,0,27393,H207,48.237409,-101.195079,30.9,30.9,34.4
BNSF,TC0516111,2016-05-21,5:10 PM,Derailment,0,MINOT,ND,75,2,Day,Clear,Yard,Yard/switching,10,15822,1000,16822,H607,48.238402,-101.163344,69.3,68.2,72.5
BNSF,TC1217111,2017-12-27,9:09 PM,Derailment,0,MINOT,ND,0,4,Dark,Snow,Yard,Yard/switching,8,43945,21271,65216,E46C,48.238414,-101.162486,-12.1,-10.6,-5
BNSF,TC0117101,2017-01-02,5:28 AM,Head on collision,0,MINOT,ND,7,4,Dark,Clear,Yard,Freight Train,2,1000,0,13469,H318,48.237254,-101.192451,15.8,6.3,-5
BNSF,TC0117101,2017-01-02,5:28 AM,Head on collision,0,MINOT,ND,7,4,Dark,Clear,Yard,Yard/switching,7,12469,0,13469,H318,48.237254,-101.192451,15.8,6.3,-5
BNSF,MT0316101,2016-03-17,5:00 PM,Derailment,0,MINOT,ND,30,3,Dusk,Snow,Yard,Yard/switching,3,4831,33600,38431,E32C,48.237525,-101.181521,37.6,28.8,29.6
BNSF,TC0915104,2015-09-11,9:30 PM,Derailment,0,MINOT,ND,55,4,Dark,Clear,Yard,Yard/switching,7,13200,500,13700,H702,48.238399,-101.163257,50.8,54.9,65.8
BNSF,TC0315129,2015-03-13,4:00 PM,Derailment,0,MINOT,ND,50,2,Day,Clear,Main,Spec. MoW Equip.,0,15000,0,45000,H997,48.23762,-101.264009,44.3,41.3,50.4
BNSF,MT0221103,2021-02-19,6:41 AM,Derailment,0,MINOT,ND,-4,1,Dawn,Cloudy,Yard,Freight Train,10,104721,9200,113921,T216,48.235985,-101.205456,7.4,9.1,29.2
BNSF,TC0315129,2015-03-13,4:00 PM,Derailment,0,MINOT,ND,50,2,Day,Clear,Main,Spec. MoW Equip.,10,15000,0,45000,H997,48.23762,-101.264009,44.3,41.3,50.4
BNSF,TC0315129,2015-03-13,4:00 PM,Derailment,0,MINOT,ND,50,2,Day,Clear,Main,Spec. MoW Equip.,10,15000,0,45000,H997,48.23762,-101.264009,44.3,41.3,50.4
BNSF,MT0520101,2020-05-19,9:35 AM,Derailment,0,MINOT,ND,78,2,Day,Clear,Yard,Light loco(s),4,12811,0,12811,H607,48.237596,-101.197893,63.4,68.5,66.5
BNSF,MT0518101,2018-05-05,2:57 PM,Derailment,0,MINOT,ND,68,2,Day,Clear,Yard,Freight Train,5,20883,2000,22883,H607,48.239158,-101.192019,64.5,65.9,67.9
BNSF,TC1120113,2020-11-29,4:17 PM,Derailment,0,MINOT,ND,40,2,Day,Clear,Yard,Yard/switching,6,8574,22000,30574,H607,48.237311,-101.198064,38.1,26.6,33.1
BNSF,MT0618102,2018-06-12,7:22 PM,Derailment,0,MINOT,ND,75,3,Dusk,Clear,Yard,Freight Train,6,13000,8000,21000,H702,48.232784,-101.304731,64.9,65.6,69.4
BNSF,TC0616114,2016-06-20,12:01 AM,Derailment,0,MINOT,ND,73,4,Dark,Clear,Yard,Freight Train,8,96854,51504,148358,E4BC,48.237592,-101.295132,74.5,68.5,72.3
BNSF,MT1214105,2014-12-14,2:00 PM,Other (describe in narrative),0,MINOT,ND,28,2,Day,Cloudy,Yard,Yard/switching,4,60000,0,60000,H099,48.235747,-101.299882,34.6,28.3,22.9
BNSF,MT1223102,2023-12-14,4:16 AM,Derailment,0,MINOT,ND,30,1,Dawn,Clear,Yard,Freight Train,5,18755,26192,44947,H307,48.237789,-101.293728,30.8,32.4,25.1
BNSF,MT1022102,2022-10-07,2:15 AM,Derailment,0,MINOT,ND,25,4,Dark,Clear,Yard,Yard/switching,8,6399,9083,15482,H307,48.233087,-101.304178,38.2,40.3,55.5
BNSF,MT0420102,2020-04-06,9:12 PM,Derailment,0,MINOT,ND,45,4,Dark,Clear,Yard,Freight Train,9,24618,107283,131901,E46C,48.238086,-101.158037,30.6,38.9,41.2
BNSF,MT0218116,2018-02-26,12:30 AM,Derailment,0,MINOT,ND,18,4,Dark,Clear,Yard,Yard/switching,7,45825,1000,46825,E34C,48.238287,-101.158092,24.2,29.4,23.4
ATK,139565,2015-10-10,8:56 AM,Hwy-rail crossing,0,MINTER CITY,MS,62,2,Day,Clear,Main,Passenger Train - Pulling,70,23607,0,23632,M302,33.767929,-90.242249,73.8,63.8,61.5
BNSF,TC0417113,2017-04-19,2:54 AM,Derailment,0,MINTO,ND,35,4,Dark,Clear,Main,Freight Train,8,266979,224930,491909,T001,48.354507,-97.389078,41.6,41.5,49.7
UP,0720MA038,2020-07-24,2:23 PM,Hwy-rail crossing,0,MINTURN,AR,91,2,Day,Clear,Main,Freight Train,37,12100,99,12199,M302,35.981151,-91.023146,80.3,82.6,82.4
SEPA,SEPA022023,2023-02-20,11:55 PM,Obstruction,0,MIQUON,PA,35,4,Dark,Clear,Main,EMU,45,0,36672,36672,T404,40.061086,-75.269109,41,51.2,45.2
NS,121759,2016-08-19,3:17 PM,Hwy-rail crossing,0,MISHAWAKA,IN,76,2,Day,Clear,Main,Freight Train,52,230,22596,22826,M303,41.657551,-86.196453,72.7,72.3,72.6
GTW,1131701,2023-04-17,12:59 PM,Obstruction,0,MISHAWAKA,IN,36,2,Day,Cloudy,Main,Maint./inspect Car,21,123816,0,123816,H997,41.663326,-86.237226,54.7,35.6,42.3
GTW,1131701,2023-04-17,12:59 PM,Obstruction,0,MISHAWAKA,IN,36,2,Day,Cloudy,Main,Maint./inspect Car,0,0,0,123816,H997,41.663326,-86.237226,54.7,35.6,42.3
GTW,975788,2018-10-14,3:00 AM,Hwy-rail crossing,0,MISHAWAKA,IN,37,4,Dark,Clear,Main,Freight Train,43,100,15137,15237,M308,41.69881,-86.15474,42.2,47.9,44
MRL,2014174,2014-12-16,4:05 AM,Other impacts,0,MISSOULA,MT,18,4,Dark,Cloudy,Yard,Yard/switching,4,500000,0,500000,H020,46.888454,-114.015872,29.2,26.9,29.7
MRL,2015153,2015-11-19,3:55 AM,Derailment,0,MISSOULA,MT,38,4,Dark,Clear,Main,Freight Train,1,19795,10900,30695,H503,46.88184,-114.004181,34.2,31.2,28.1
MRL,2015130,2015-09-24,11:00 AM,Other impacts,0,MISSOULA,MT,75,2,Day,Clear,Yard,Light loco(s),6,0,30000,30000,H307,46.889774,-114.020066,61.5,57.5,61.7
MRL,2022056,2022-08-23,8:07 AM,Derailment,0,MISSOULA,MT,60,2,Day,Clear,Yard,Freight Train,0,30000,45000,75000,H503,46.877752,-113.99594,73.2,72.8,76.4
MRL,2016059,2016-05-16,10:20 AM,Derailment,0,MISSOULA,MT,50,2,Day,Cloudy,Main,Freight Train,25,40000,22000,62000,E46C,46.985177,-114.103655,53.7,54.4,57
MRL,2018058,2018-04-22,11:30 AM,Derailment,0,MISSOULA,MT,55,2,Day,Cloudy,Yard,Yard/switching,10,90000,0,90000,H601,46.886799,-114.013767,46.2,45,45
MRL,2020106,2020-11-05,7:50 PM,Other impacts,0,MISSOULA,MT,50,4,Dark,Clear,Yard,Cut of cars,0,4100,0,35760,H302,46.896413,-114.032703,43.6,51.9,47.7
MRL,2019102,2019-09-07,5:10 AM,Side collision,0,MISSOULA,MT,55,4,Dark,Cloudy,Yard,Light loco(s),12,60000,0,160000,H607,46.88,-114.004686,67.2,65.3,60.7
MRL,2019102,2019-09-07,5:10 AM,Side collision,0,MISSOULA,MT,55,4,Dark,Cloudy,Yard,Freight Train,0,100000,0,160000,H607,46.882017,-114.004686,67.2,65.3,60.7
MRL,2020106,2020-11-05,7:50 PM,Other impacts,0,MISSOULA,MT,50,4,Dark,Clear,Yard,Yard/switching,3,31660,0,35760,H302,46.896413,-114.032703,43.6,51.9,47.7
MRL,2019091,2019-08-02,4:25 AM,Derailment,0,MISSOULA,MT,55,4,Dark,Clear,Main,Freight Train,24,37152,2132,39284,M299,46.963892,-114.116272,74.9,73.2,70
MRL,2021087,2021-11-02,10:20 AM,Derailment,0,MISSOULA,MT,30,2,Day,Clear,Yard,Yard/switching,10,6500,12000,18500,H312,46.884728,-114.009267,36.7,35.1,39.1
MRL,2017118,2017-09-15,8:50 AM,Derailment,0,MISSOULA,MT,43,2,Day,Rain,Yard,Freight Train,3,199000,20000,219000,T207,46.895,-114.03,55.2,44.3,47.2
UP,1015HO014,2015-10-14,12:40 PM,Hwy-rail crossing,0,MISSOURI CITY,TX,80,2,Day,Clear,Main,Freight Train,41,489,11000,11489,M308,29.623813,-95.526284,78.2,71.6,71.3
UP,1121HO023,2021-11-19,10:15 AM,Hwy-rail crossing,0,MISSOURI CITY,TX,58,2,Day,Clear,Main,,0,0,104615,106435,M304,29.623809,-95.526185,64.5,56.1,64.6
KCS,21111902,2021-11-19,10:15 AM,Hwy-rail crossing,0,MISSOURI CITY,TX,65,2,Day,Clear,Main,Freight Train,44,1820,0,106435,M304,29.623828,-95.526253,64.5,56.1,64.6
ATK,172105,2022-09-20,11:59 AM,Hwy-rail crossing,0,MISSOURI CITY,TX,87,2,Day,Clear,Main,Passenger Train - Pulling,72,18052,0,19202,M308,29.623809,-95.526185,82.3,83.4,82.4
UP,0922HO026,2022-09-20,11:59 AM,Hwy-rail crossing,0,MISSOURI CITY,TX,80,2,Day,Clear,Main,,0,0,1150,19202,M308,29.623809,-95.526185,82.3,83.4,82.4
UP,0918HO043,2018-09-21,1:33 PM,Hwy-rail crossing,0,MISSOURI CITY,TX,78,2,Day,Cloudy,Main,,0,0,16732,55448,M302,29.623809,-95.526185,81.5,82.2,79.1
UP,0917HO029,2017-09-29,7:10 AM,Hwy-rail crossing,0,MISSOURI CITY,TX,82,2,Day,Clear,Main,Freight Train,40,2988,23158,26146,M302,29.623809,-95.526185,79.6,80.7,78.7
UP,0917HO009,2017-09-13,6:55 AM,Hwy-rail crossing,0,MISSOURI CITY,TX,82,1,Dawn,Clear,Main,Freight Train,33,200,67602,67802,M304,29.619012,-95.538618,71.9,75.6,78
ATK,155431,2018-09-21,1:33 PM,Hwy-rail crossing,0,MISSOURI CITY,TX,93,2,Day,Cloudy,Main,Passenger Train - Pulling,57,38716,0,55448,M302,29.623828,-95.526253,81.5,82.2,79.1
UP,1116HO014,2016-11-11,10:50 PM,Hwy-rail crossing,0,MISSOURI CITY,TX,80,4,Dark,Clear,Main,Freight Train,43,4766,23442,28208,M302,29.623806,-95.526193,63.8,63.8,66
UP,0322GL021,2022-03-19,4:30 PM,Derailment,0,MISSOURI VALLEY,IA,28,2,Day,Cloudy,Main,Freight Train,6,11293,285025,296318,H705,41.55762,-95.99074,42.6,44.2,55
UP,0620GL009,2020-06-10,8:37 PM,Fire/violent rupture,0,MISSOURI VALLEY,IA,69,4,Dark,Clear,Main,Freight Train,0,19531,0,19531,E74L,41.575312,-95.848081,76.3,65.7,72.1
UP,0418NP013,2018-04-16,11:00 AM,Obstruction,0,MISSOURI VALLEY,IA,51,2,Day,Clear,Main,Spec. MoW Equip.,0,0,0,16590,H997,41.558519,-96.024674,26.6,33.9,41.9
UP,0224GL035,2024-02-26,6:04 PM,Obstruction,0,MISSOURI VALLEY,IA,69,3,Dusk,Clear,Main,Freight Train,49,7422,52960,60382,M506,41.607399,-95.824889,47,55.7,34.2
UP,0418NP013,2018-04-16,11:00 AM,Obstruction,0,MISSOURI VALLEY,IA,51,2,Day,Clear,Main,Spec. MoW Equip.,20,16590,0,16590,H997,41.558519,-96.024674,26.6,33.9,41.9
UP,0319GP060,2019-03-30,7:24 AM,Fire/violent rupture,0,MISSOURI VALLEY,IA,32,2,Day,Cloudy,Main,Freight Train,30,60362,0,60362,M406,41.558765,-96.033946,39.2,36.8,36.1
UP,1218GP012,2018-12-01,7:47 PM,Fire/violent rupture,0,MISSOURI VALLEY,IA,34,3,Dusk,Snow,Main,Freight Train,30,16419,0,16419,E74L,41.557728,-95.994801,34.7,35.4,29.9
UP,0823GL045,2023-08-26,3:30 PM,Derailment,0,MISSOURI VALLEY,IA,81,2,Day,Clear,Main,Freight Train,19,80366,85880,166246,T101,41.558683,-96.030855,81.6,72.7,68.8
UP,0724GL004,2024-07-03,1:45 PM,Derailment,0,MISSOURI VALLEY,IA,83,2,Day,Clear,Main,Freight Train,20,9774,414347,424121,T108,41.559634,-96.001115,73,72.8,74.2
UP,1118NP005,2018-11-04,1:00 PM,Fire/violent rupture,0,MITCHELL,NE,55,2,Day,Cloudy,Main,Freight Train,0,58210,0,58210,E73L,41.930711,-103.858197,40.8,38.2,42.3
UP,0323GP015,2023-03-13,10:50 PM,Derailment,0,MITCHELL,NE,36,4,Dark,Cloudy,Yard,Freight Train,12,37707,31835,69542,E49C,41.931342,-103.862592,28.2,35.6,46.2
RWRR,240123003,2024-01-23,10:45 AM,Hwy-rail crossing,0,MITCHELL,SD,21,2,Day,Snow,Main,Freight Train,9,25000,75000,100000,M302,43.709409,-98.04706,19.1,26.6,31.4
UP,0822GP004,2022-08-08,9:13 PM,Other impacts,0,MITCHELL,NE,81,4,Dark,Cloudy,Yard,Freight Train,4,69080,500,111631,H318,41.929723,-103.856556,72.4,75.2,79.1
UP,0624GP028,2024-06-20,3:55 PM,Other impacts,0,MITCHELL,NE,82,2,Day,Rain,Yard,Cut of cars,0,50491,0,220980,M102,41.931852,-103.88531,58,69.5,68.2
BNSF,PR1017203,2017-10-20,7:06 AM,Hwy-rail crossing,0,MITCHELL,NE,32,1,Dawn,Clear,Main,Freight Train,44,17916,0,17916,M308,41.955274,-103.852567,56.4,57,49.6
UP,0519GP037,2019-05-31,10:40 AM,Derailment,0,MITCHELL,NE,57,2,Day,Clear,Yard,Yard/switching,13,31730,10992,42722,E99C,41.930669,-103.887235,58.4,63,62.2
UP,0624GP028,2024-06-20,3:55 PM,Other impacts,0,MITCHELL,NE,82,2,Day,Rain,Yard,Freight Train,0,49799,17644,220980,M102,41.931852,-103.88531,58,69.5,68.2
UP,0822GP004,2022-08-08,9:13 PM,Other impacts,0,MITCHELL,NE,81,4,Dark,Cloudy,Yard,Single Car,0,42051,0,111631,H318,41.929723,-103.856556,72.4,75.2,79.1
UP,0719GP034,2019-07-28,3:15 PM,Derailment,0,MITCHELL,NE,89,2,Day,Clear,Yard,Freight Train,8,14269,1129,15398,E85C,41.929566,-103.853594,72.1,74.4,73.1
UP,0624GP028,2024-06-20,3:55 PM,Other impacts,0,MITCHELL,NE,82,2,Day,Rain,Yard,Cut of cars,5,103046,0,220980,M102,41.931852,-103.88531,58,69.5,68.2
BNSF,SF0515107,2015-05-17,9:00 PM,Derailment,0,MITCHELL,IL,65,4,Dark,Clear,Yard,Freight Train,3,44781,0,44905,H607,38.694191,-90.165862,70.8,73.3,72.5
ALS,20150517A,2015-05-17,9:00 PM,Derailment,0,MITCHELL,IL,73,4,Dark,Clear,Main,,0,0,124,44905,H607,38.694191,-90.165862,70.8,73.3,72.5
BNSF,PR0617116,2017-06-22,3:30 PM,Derailment,0,MITCHELL,NE,78,2,Day,Clear,Yard,Freight Train,3,18777,25852,44629,T201,41.940215,-103.81348,80.1,72.3,62.8
BNSF,TC1023105,2023-10-14,10:00 AM,Derailment,0,MITCHELL,SD,45,2,Day,Cloudy,Yard,Freight Train,0,0,285107,285107,T110,43.709565,-98.038839,46.4,48,47.9
RWRR,231014001,2023-10-14,10:20 AM,Derailment,0,MITCHELL,SD,48,2,Day,Rain,Yard,Freight Train,10,229167,0,229167,T110,43.709542,-98.039191,46.4,48,47.9
UP,0520RM033,2020-05-27,6:10 PM,Derailment,0,MOAB,UT,92,3,Dusk,Clear,Industry,Yard/switching,10,52203,200,52403,H995,38.605672,-109.607141,67.1,73.8,76.9
NS,124379,2017-03-18,5:50 AM,Derailment,0,MOBERLY,MO,39,1,Dawn,Clear,Yard,Yard/switching,5,1500,10853,12353,H525,39.430822,-92.465121,57,49.8,50
NS,140931,2021-03-15,3:04 PM,Hwy-rail crossing,0,MOBERLY,MO,45,2,Day,Fog,Main,Freight Train,17,8192,252777,260969,M303,39.387237,-92.43727,46.9,43.4,42
NS,128409,2018-02-06,12:45 AM,Derailment,0,MOBERLY,MO,8,4,Dark,Snow,Yard,Freight Train,10,14850,7827,22677,T313,39.421994,-92.437622,14.8,16,22.3
CSX,000167990,2017-04-04,10:30 AM,Side collision,0,MOBILE,AL,75,2,Day,Clear,Yard,Yard/switching,2,48600,0,81785,H307,30.711374,-88.046532,72.3,71.3,79
TASD,D20190104A,2019-01-04,6:30 PM,Derailment,0,MOBILE,AL,53,4,Dark,Cloudy,Yard,Yard/switching,2,11368,85,11453,E37C,30.7232,-88.0448,62.6,58.4,52.4
NS,126759,2017-09-24,3:00 PM,Derailment,0,MOBILE,AL,80,2,Day,Clear,Yard,Cut of cars,0,400,0,25199,H312,30.703907,-88.046944,79,76.6,78.4
NS,126759,2017-09-24,3:00 PM,Derailment,0,MOBILE,AL,80,2,Day,Clear,Yard,Freight Train,4,5100,19699,25199,H312,30.703907,-88.046944,79,76.6,78.4