reportingrailroadcode,accidentnumber,date,time,accidenttype,hazmatreleasedcars,station,stateabbr,temperature,visibility_code,visibility,weathercondition,tracktype,equipmenttype,trainspeed,equipmentdamagecost,trackdamagecost,totaldamagecost,primaryaccidentcausecode,latitude,longitude,prior_temp,actual_temp,following_temp
NS,125936,2017-07-23,2:45 PM,Derailment,0,MOBILE,AL,90,2,Day,Clear,Yard,Freight Train,3,34976,33274,68250,H312,30.71731,-88.05591,83.7,80.4,78.2
CSX,000148676,2015-07-02,3:30 AM,Other impacts,0,MOBILE,AL,74,4,Dark,Cloudy,Yard,Cut of cars,2,32631,0,66823,H021,30.70835,-88.045877,79.2,80.3,83.5
AGR,AGR945722,2022-04-06,11:45 AM,Derailment,0,MOBILE,AL,75,2,Day,Cloudy,Yard,,0,0,35000,727000,H525,30.71963,-88.051646,70.8,76.9,68.6
IC,842048,2015-02-27,9:05 AM,Derailment,0,MOBILE,AL,40,2,Day,Clear,Yard,Yard/switching,8,18472,950,19422,H703,30.704081,-88.044453,42.8,44.3,50.9
CSX,000140502,2015-01-24,2:32 AM,Side collision,0,MOBILE,AL,40,4,Dark,Clear,Yard,Single Car,0,22496,0,23743,H318,30.712991,-88.046871,49.3,45.8,51.9
CSX,000148676,2015-07-02,3:30 AM,Other impacts,0,MOBILE,AL,74,4,Dark,Cloudy,Yard,Freight Train,4,34192,0,66823,H021,30.70835,-88.045877,79.2,80.3,83.5
CSX,000177002,2018-06-14,11:50 AM,Derailment,0,MOBILE,AL,85,2,Day,Clear,Yard,Freight Train,5,23015,2010,25025,M405,30.711374,-88.046532,77.6,78.1,77.5
TASD,D20141211A,2014-12-11,12:30 AM,Derailment,0,MOBILE,AL,41,4,Dark,Clear,Industry,Freight Train,3,18500,708,19208,T220,30.653119,-88.034734,46.2,46.3,51.1
TASD,D20150109A,2015-01-09,10:30 PM,Other impacts,0,MOBILE,AL,39,4,Dark,Cloudy,Yard,Freight Train,6,22833,956,23789,H306,30.707566,-88.045231,30.4,36.6,40.9
CSX,000209583,2023-02-01,6:59 AM,Derailment,0,MOBILE,AL,70,1,Dawn,Clear,Yard,Freight Train,5,96319,10483,106802,H702,30.711383,-88.04655,65.5,59.9,55.1
CSX,000140502,2015-01-24,2:32 AM,Side collision,0,MOBILE,AL,40,4,Dark,Clear,Yard,Yard/switching,4,1121,126,23743,H318,30.712991,-88.046871,49.3,45.8,51.9
CSX,000216647,2024-03-10,5:30 AM,Other impacts,0,MOBILE,AL,50,1,Dawn,Clear,Yard,Yard/switching,0,47503,0,57440,H318,30.711363,-88.046535,67,58.7,54.8
CSX,000216647,2024-03-10,5:30 AM,Other impacts,0,MOBILE,AL,50,1,Dawn,Clear,Yard,Yard/switching,4,9840,97,57440,H318,30.711363,-88.046535,67,58.7,54.8
TASD,D20220908A,2022-09-08,4:30 AM,Derailment,0,MOBILE,AL,70,4,Dark,Clear,Industry,Freight Train,4,29150,127,29277,M101,30.654284,-88.042299,81.2,77.8,78.1
CSX,000203170,2022-02-17,11:25 PM,Other impacts,0,MOBILE,AL,63,4,Dark,Rain,Yard,Cut of cars,2,3938,0,12902,H318,30.711363,-88.046535,59.5,66.9,52.9
TASD,D20190906A,2019-09-06,4:00 PM,Derailment,0,MOBILE,AL,87,3,Dusk,Clear,Yard,,0,0,15385,16385,E46L,30.723,-88.0525,87.6,84.8,85
TASD,D20230422A,2023-04-22,7:30 PM,Derailment,0,MOBILE,AL,70,3,Dusk,Clear,Yard,Yard/switching,5,8636,6789,15425,H318,30.721415,-88.051221,69.7,69.4,66.4
CSX,000194402,2020-12-12,5:15 PM,Other impacts,0,MOBILE,AL,60,3,Dusk,Clear,Yard,Cut of cars,0,38252,0,53484,H306,30.711374,-88.046532,58.5,65.7,64.1
CSX,000179877,2018-11-16,3:35 AM,Derailment,0,MOBILE,AL,35,4,Dark,Clear,Yard,Yard/switching,2,31650,1609,33259,H318,30.711374,-88.046532,41.3,47,51.6
CSX,000194402,2020-12-12,5:15 PM,Other impacts,0,MOBILE,AL,60,3,Dusk,Clear,Yard,Yard/switching,3,15232,0,53484,H306,30.711374,-88.046532,58.5,65.7,64.1
CSX,000178205,2018-08-12,2:20 PM,Derailment,0,MOBILE,AL,80,2,Day,Clear,Industry,Freight Train,4,30976,0,39622,M101,30.711374,-88.046532,81.1,83.5,82.3
TASD,D20200526A,2020-05-26,8:00 PM,Side collision,0,MOBILE,AL,70,4,Dark,Clear,Yard,Freight Train,0,20159,1800,25157,H306,30.7103,-88.0464,81.3,77.7,76.3
CSX,000192464,2020-09-05,11:00 AM,Other impacts,0,MOBILE,AL,95,2,Day,Clear,Yard,Yard/switching,3,8658,0,79848,H309,30.711374,-88.046532,84.4,87.1,83.2
TASD,D20180905A,2018-09-05,7:00 PM,Derailment,0,MOBILE,AL,80,3,Dusk,Cloudy,Industry,Freight Train,5,13564,3453,17017,T221,30.6705,-88.0428,79.1,78.8,81.3
CSX,000192464,2020-09-05,11:00 AM,Other impacts,0,MOBILE,AL,95,2,Day,Clear,Yard,Cut of cars,3,70994,196,79848,H309,30.711374,-88.046532,84.4,87.1,83.2
CSX,000202836,2022-02-01,11:06 PM,Other impacts,0,MOBILE,AL,65,4,Dark,Cloudy,Yard,Yard/switching,8,14798,0,14798,H601,30.711363,-88.046535,52.4,57.4,61.9
CSX,000207573,2022-09-30,11:45 PM,Hwy-rail crossing,0,MOBILE,AL,65,4,Dark,Clear,Main,Freight Train,22,0,16480,16480,M301,30.683209,-88.038554,67.4,68.5,69.3
NS,143632,2021-12-02,10:25 AM,Derailment,0,MOBILE,AL,71,2,Day,Clear,Main,Freight Train,6,0,0,32077,M501,30.707239,-88.049283,54.1,59.6,61
ALE,2101DERAIL,2021-12-02,10:20 AM,Derailment,0,MOBILE,AL,71,2,Day,Clear,Yard,,0,0,32077,32077,H703,30.707239,-88.049283,54.1,59.6,61
TASD,D20211022A,2021-10-22,1:20 AM,Derailment,0,MOBILE,AL,67,4,Dark,Fog,Yard,Yard/switching,5,16526,7883,24409,T221,30.70283,-88.0418,73.9,74,69.3
TASD,D20180812A,2018-08-12,12:00 AM,Derailment,0,MOBILE,AL,80,4,Dark,Clear,Industry,,0,0,8646,39622,M101,30.711374,-88.046532,81.1,83.5,82.3
NS,134294,2019-06-11,11:30 AM,Side collision,0,MOBILE,AL,85,2,Day,Clear,Yard,Freight Train,9,220000,55868,293868,H306,30.706531,-88.048818,83.4,81.9,78.7
AGR,AGR477319,2019-09-06,4:00 PM,Derailment,0,MOBILE,AL,95,2,Day,Clear,Yard,Freight Train,8,1000,0,16385,E46L,30.7253,-88.0525,87.6,84.8,85
AGR,AGR988522,2022-07-07,9:00 PM,Derailment,0,MOBILE,AL,87,4,Dark,Cloudy,Yard,Freight Train,10,40000,0,40000,H503,30.72408,-88.05301,82.1,84,84.9
CSX,000211230,2023-05-09,4:18 AM,Derailment,0,MOBILE,AL,75,1,Dawn,Cloudy,Yard,Freight Train,7,12520,3020,15540,M101,30.711383,-88.04655,75.6,75.2,76.8
TASD,D20210416A,2021-04-16,9:45 AM,Derailment,0,MOBILE,AL,68,2,Day,Cloudy,Industry,Freight Train,3,15167,20381,35548,H702,30.6648,-88.0399,64.8,63.8,62.9
ALE,2001DERAIL,2020-08-08,4:45 PM,Derailment,0,MOBILE,AL,92,2,Day,Clear,Yard,Yard/switching,5,0,17968,17968,H704,30.708814,-88.050648,83.3,82.8,84.5
IC,1001622,2019-06-11,11:30 AM,Side collision,0,MOBILE,AL,86,2,Day,Clear,Yard,Yard/switching,7,18000,0,293868,H306,30.705118,-88.046481,83.4,81.9,78.7
CSX,000190427,2020-05-26,8:02 PM,Side collision,0,MOBILE,AL,70,4,Dark,Clear,Yard,Yard/switching,6,3198,0,25157,M501,30.684333,-88.038583,81.3,77.7,76.3
CSX,000217843,2024-05-06,4:50 PM,Derailment,0,MOBILE,AL,85,3,Dusk,Clear,Yard,Freight Train,2,38914,487,39401,H525,30.684319,-88.038593,77.6,80.3,81.2
TASD,D20190503A,2019-05-03,10:15 AM,Derailment,0,MOBILE,AL,80,2,Day,Clear,Industry,Freight Train,12,63476,4069,67545,H607,30.7653,-88.0621,75.6,75.7,75.4
CSX,000178533,2018-09-01,7:00 PM,Derailment,0,MOBILE,AL,80,3,Dusk,Clear,Industry,Freight Train,4,3500,9060,12560,T111,30.711374,-88.046532,81.1,79.1,82.1
CSX,000178768,2018-09-13,5:40 PM,Derailment,0,MOBILE,AL,85,2,Day,Clear,Yard,Light loco(s),4,44994,64,45058,T311,30.666691,-88.048677,82.5,83.3,82.5
TASD,D20210324A,2021-03-24,3:15 AM,Derailment,0,MOBILE,AL,61,4,Dark,Rain,Industry,Freight Train,4,2253,15506,17759,T110,30.659,-88.0354,64.1,66,72.5
ALE,2102DERAIL,2021-07-27,4:40 PM,Derailment,0,MOBILE,AL,75,2,Day,Clear,Yard,Freight Train,5,0,51294,51294,T110,30.70786,-88.194,84.8,85.2,82.7
ALE,0302DERAIL,2023-01-28,9:40 AM,Derailment,0,MOBILE,AL,56,2,Day,Clear,Yard,Light loco(s),5,0,0,27414,T111,30.715752,-88.05015,44,49.8,59.9
TASD,D20211028B,2021-10-28,5:30 PM,Derailment,0,MOBILE,AL,70,3,Dusk,Cloudy,Industry,Freight Train,5,11380,23737,35117,T207,30.654521,-88.034375,70,69.7,59.9
TASD,D20210408A,2021-04-08,8:00 AM,Derailment,0,MOBILE,AL,68,2,Day,Rain,Industry,Freight Train,5,9076,27460,36536,T110,30.6648,-88.0399,68.6,72,69.4
IC,915848,2017-03-11,7:45 AM,Derailment,0,MOBILE,AL,72,1,Dawn,Clear,Yard,Yard/switching,6,11891,0,24611,T210,30.717615,-88.050737,68.9,63.2,54
TASD,D20190530A,2019-05-30,10:38 PM,Derailment,0,MOBILE,AL,80,4,Dark,Clear,Industry,Freight Train,2,15000,2446,17446,T109,30.6572,-88.0416,82.6,83.8,84.2
AGR,AGR169318,2018-02-07,1:00 PM,Derailment,0,MOBILE,AL,45,2,Day,Clear,Yard,Yard/switching,4,6090,10513,16603,T110,30.712083,-88.051965,58.9,64.8,53.6
TASD,D20230126A,2023-01-26,1:35 AM,Derailment,0,MOBILE,AL,42,4,Dark,Clear,Yard,Freight Train,8,10130,15311,25441,T202,30.70956,-88.045794,57.8,47.5,44
TASD,D20141115A,2014-11-15,1:00 PM,Derailment,0,MOBILE,AL,53,2,Day,Clear,Industry,Freight Train,4,67700,2312,70012,T210,30.651513,-88.03571,40.9,43.6,60.3
TASD,D20230128A,2023-01-28,9:40 AM,Derailment,0,MOBILE,AL,56,2,Day,Clear,Yard,Freight Train,0,0,27414,27414,T111,30.715752,-88.05015,44,49.8,59.9
TASD,D20170311A,2017-03-11,7:45 AM,Derailment,0,MOBILE,AL,72,1,Dawn,Clear,Yard,Yard/switching,0,11620,1100,24611,T210,30.717615,-88.050737,68.9,63.2,54
TASD,D20220406A,2022-04-06,1:05 PM,Derailment,0,MOBILE,AL,79,2,Day,Cloudy,Yard,Freight Train,2,692000,0,727000,T111,30.71963,-88.051646,70.8,76.9,68.6
TASD,D20221120A,2022-11-20,8:30 PM,Derailment,0,MOBILE,AL,46,4,Dark,Clear,Industry,Freight Train,2,1639,10700,12339,T113,30.658245,-88.034934,49,46.7,50.5
BNSF,MT0520103,2020-05-26,6:30 AM,Derailment,0,MOBRIDGE,SD,60,1,Dawn,Fog,Main,Freight Train,34,52737,20000,72737,E51C,45.529215,-100.421615,57.7,62.3,64.6
UP,1216CB008,2016-12-18,4:33 AM,Derailment,0,MODALE,IA,-12,4,Dark,Clear,Main,Freight Train,3,250,42600,42850,H705,41.557728,-95.994801,6,-1.4,16.7
UP,0422MA003,2022-04-07,4:47 AM,Derailment,0,MODOC,IL,42,4,Dark,Cloudy,Yard,Freight Train,7,6019,29760,35779,M405,38.014336,-90.006726,54.7,46.4,38.5
UP,0922MA014,2022-09-10,5:16 AM,Derailment,0,MODOC,IL,61,1,Dawn,Clear,Yard,Freight Train,9,23816,287590,311406,M203,38.018084,-90.000765,68.6,72.7,66.2
SKOL,220414006,2022-04-14,4:30 AM,Derailment,0,MOLINE,KS,38,4,Dark,Clear,Main,Yard/switching,6,13886,0,13886,E85C,37.365389,-96.269086,52.1,48.8,62.7
SKOL,220311006,2022-03-11,3:58 AM,Derailment,0,MOLINE,KS,45,4,Dark,Clear,Industry,Yard/switching,6,11060,500,11560,T221,37.358384,-96.267639,31.4,27.2,31.8
SKOL,181025004,2018-10-25,6:00 PM,Derailment,0,MOLINE,KS,52,3,Dusk,Clear,Industry,Freight Train,5,20000,0,20000,T210,37.363928,-96.266084,54,49.9,51.5
SKOL,181031005,2018-10-31,4:00 PM,Derailment,0,MOLINE,KS,61,2,Day,Clear,Industry,Freight Train,5,28522,0,28522,T110,37.36036,-96.304473,64.6,53.8,49.6
NS,114221,2015-02-05,11:15 AM,Derailment,0,MONACA,PA,15,2,Day,Clear,Main,Yard/switching,5,4800,148127,152927,H309,40.692371,-80.262047,32.1,13.4,17.3
NS,120560,2016-05-18,8:46 PM,Derailment,0,MONACA,PA,51,4,Dark,Cloudy,Yard,Yard/switching,5,4071,40500,45414,M405,40.692371,-80.262047,55.6,54,55.7
NS,120560,2016-05-18,8:46 PM,Derailment,0,MONACA,PA,51,4,Dark,Cloudy,Yard,Freight Train,9,843,0,45414,M405,40.692371,-80.262047,55.6,54,55.7
UP,0518FW020,2018-05-14,4:00 PM,Hwy-rail crossing,0,MONAHANS,TX,90,2,Day,Cloudy,Main,Freight Train,60,60587,303600,364187,M302,31.550975,-103.054508,84.1,79.6,82.2
UP,0119TO043,2019-01-31,3:57 PM,Other impacts,0,MONAHANS,TX,71,2,Day,Clear,Yard,Light loco(s),0,5181,0,12127,H017,31.603455,-102.862623,41.8,48,52.7
UP,0519TO033,2019-05-30,8:30 AM,Hwy-rail crossing,0,MONAHANS,TX,62,2,Day,Cloudy,Main,Freight Train,40,56804,15386,72190,M304,31.588462,-102.917274,72.9,68.9,72.9
UP,1218TO017,2018-12-10,9:30 AM,Other (describe in narrative),0,MONAHANS,TX,35,2,Day,Clear,Yard,Yard/switching,3,12189,66,12255,E29C,31.597993,-102.882689,36.8,35.8,43
UP,0418FW020,2018-04-14,2:42 PM,Hwy-rail crossing,0,MONAHANS,TX,72,2,Day,Clear,Main,Freight Train,67,65763,19768,85531,M304,31.588462,-102.917274,70.4,53.2,59
UP,0318FW014,2018-03-06,5:19 PM,Hwy-rail crossing,0,MONAHANS,TX,65,2,Day,Clear,Main,Freight Train,55,56485,250,56735,M304,31.588462,-102.917274,56.8,50.2,49.5
UP,0418FW027,2018-04-18,1:31 AM,Raking collision,0,MONAHANS,TX,68,4,Dark,Clear,Main,Freight Train,65,3326694,233290,3646910,M404,31.593616,-102.898368,75.1,68,65.2
UP,0119TO043,2019-01-31,3:57 PM,Other impacts,0,MONAHANS,TX,71,2,Day,Clear,Yard,Yard/switching,4,2594,4352,12127,H017,31.603455,-102.862623,41.8,48,52.7
UP,0418FW027,2018-04-18,1:31 AM,Raking collision,0,MONAHANS,TX,68,4,Dark,Clear,Main,Freight Train,0,86926,0,3646910,M404,31.593616,-102.898368,75.1,68,65.2
UP,1218TO018,2018-12-12,11:20 AM,Hwy-rail crossing,0,MONAHANS,TX,55,2,Day,Clear,Main,Freight Train,58,49420,16940,66360,M303,31.588462,-102.917274,43,51.3,45.8
UP,0721TO021,2021-07-18,4:30 PM,Hwy-rail crossing,0,MONAHANS,TX,94,2,Day,Clear,Main,Work train,46,6383,13883,20266,M308,31.64505,-102.757823,86.2,82.6,80.6
TXN,D470715,2015-08-01,4:14 AM,Derailment,0,MONAHANS,TX,82,4,Dark,Clear,Main,Cut of cars,25,350000,92000,442000,H018,31.355866,-102.892174,88,87.8,86.7
UP,0417FW017,2017-04-15,5:40 AM,Other impacts,0,MONAHANS,TX,60,4,Dark,Clear,Yard,Freight Train,5,82441,0,82441,H318,31.603348,-102.862576,70,73.3,73.4
TXN,160522001,2016-05-22,1:35 AM,Derailment,0,MONAHANS,TX,68,4,Dark,Clear,Industry,Yard/switching,4,126402,2000,128402,H702,31.638864,-102.984739,78.1,82.3,83
UP,0418FW026,2018-04-18,1:23 AM,Derailment,0,MONAHANS,TX,68,4,Dark,Clear,Yard,Freight Train,8,341,219120,219461,T201,31.594889,-102.893844,75.1,68,65.2
UP,1215FW017,2015-12-27,6:30 AM,Derailment,0,MONAHANS,TX,25,4,Dark,Snow,Yard,Freight Train,5,18850,1655,20505,T310,31.592468,-102.902556,49.7,28.3,33.1
CSX,000161032,2016-07-04,3:00 PM,Derailment,0,MONCKS CORNER,SC,93,2,Day,Clear,Yard,Freight Train,6,22311,1756,24067,T217,33.05648,-79.982644,80.8,81.3,81.7
CSX,000210969,2023-04-24,5:10 PM,Derailment,0,MONCKS CORNER,SC,80,3,Dusk,Clear,Industry,Freight Train,5,28264,0,28264,H307,33.050186,-80.03186,64,60.7,62.4
CSX,000170886,2017-08-12,7:42 AM,Derailment,0,MONCKS CORNER,SC,83,2,Day,Cloudy,Industry,Freight Train,8,35318,5024,40342,T110,33.065672,-79.974297,79.5,79.4,80.1
WE,230084SP,2023-11-17,4:20 PM,Rear end collision,0,MONESSEN,PA,57,2,Day,Rain,Industry,Spec. MoW Equip.,0,15000,0,15000,H997,40.137139,-79.830109,52.3,55.8,41.2
WE,160089,2016-11-19,12:05 AM,Derailment,0,MONESSEN,PA,48,4,Dark,Clear,Industry,Freight Train,5,280,14099,14379,T110,40.135285,-79.866352,54.5,44.6,30.5
BNSF,HL0320115,2020-03-23,2:03 AM,Derailment,0,MONETT,MO,48,4,Dark,Cloudy,Main,Freight Train,21,858742,436000,1294742,H519,36.920874,-93.947665,42.9,50.7,51.1
BNSF,HL1022115,2022-10-24,10:30 AM,Other impacts,0,MONETT,MO,45,2,Day,Rain,Yard,,0,0,500000,500000,H021,36.920009,-93.920122,72.7,63.9,47.1
BNSF,HL0322109,2022-03-14,3:10 AM,Other impacts,0,MONETT,MO,45,4,Dark,Clear,Yard,Freight Train,4,55730,0,55730,H307,36.919523,-93.922403,48.3,51.4,52.9
AM,AM10242022,2022-10-24,10:30 AM,Other (describe in narrative),0,MONETT,MO,45,2,Day,Rain,Yard,Freight Train,2,600,750000,750600,H021,36.920088,-93.91963,72.7,63.9,47.1
NS,119315,2016-02-11,12:20 AM,Raking collision,0,MONETTA,SC,28,4,Dark,Clear,Industry,Freight Train,5,30000,1000,31000,H302,33.850042,-81.609586,31.6,38.5,41.5
IC,921033,2017-04-30,9:43 AM,Rear end collision,0,MONEY,MS,55,2,Day,Rain,Main,Freight Train,33,2242078,353072,4416059,H605,33.650755,-90.208319,80.4,71.5,62.7
IC,921033,2017-04-30,9:43 AM,Rear end collision,1,MONEY,MS,55,2,Day,Rain,Main,Freight Train,0,1820909,0,4416059,H605,33.650755,-90.208319,80.4,71.5,62.7
ATK,165546,2020-10-04,10:05 PM,Other (describe in narrative),0,MONMOUTH JUNCTION,NJ,60,4,Dark,Cloudy,Main,Passenger Train - Pulling,135,25865,21160,47025,E78L,40.33752,-74.596975,53.7,54.6,57.6
ATK,145819,2017-01-09,5:58 AM,Other (describe in narrative),0,MONMOUTH JUNCTION,NJ,30,4,Dark,Clear,Main,EMU,0,0,1000,12000,T404,40.469385,-74.475173,18.6,15.1,23.6
CSX,000205052,2022-05-19,8:00 PM,Derailment,0,MONON,IN,76,4,Dark,Clear,Yard,Single Car,0,2094,3990,62969,H704,40.862596,-86.8845,61,68.1,76
CSX,000205052,2022-05-19,8:00 PM,Derailment,0,MONON,IN,76,4,Dark,Clear,Yard,Freight Train,7,56885,0,62969,H704,40.862596,-86.8845,61,68.1,76
KCS,16031901,2016-03-19,11:50 AM,Other impacts,0,MONROE,LA,58,2,Day,Clear,Yard,Single Car,0,84135,9298,130989,H318,32.497775,-92.094517,59.5,54.1,47.4
UP,0223MA033,2023-02-14,12:52 PM,Other (describe in narrative),0,MONROE,LA,64,2,Day,Cloudy,Yard,Single Car,0,12019,0,12019,M507,32.477431,-92.106864,54.7,61.3,69
KCS,16031901,2016-03-19,11:50 AM,Other impacts,0,MONROE,LA,58,2,Day,Clear,Yard,Cut of cars,0,37556,0,130989,H318,32.497775,-92.094517,59.5,54.1,47.4
UP,0721MA023,2021-07-19,10:00 AM,Derailment,0,MONROE,LA,73,2,Day,Rain,Yard,Freight Train,0,30935,5330,36265,E22C,32.471225,-92.106302,80,76.6,78.9
KCS,16031901,2016-03-19,11:50 AM,Other impacts,0,MONROE,LA,58,2,Day,Clear,Yard,Yard/switching,7,0,0,130989,H318,32.497775,-92.094517,59.5,54.1,47.4
CSX,000206965,2022-08-30,9:35 AM,Derailment,0,MONROE,NC,79,2,Day,Fog,Yard,Freight Train,5,178108,4072,182180,H704,34.984837,-80.548089,77.8,76.2,78.9
KCS,20101003,2020-10-10,9:00 AM,Derailment,0,MONROE,LA,65,2,Day,Rain,Main,Freight Train,0,528118,0,528118,M105,32.507922,-92.338722,70.1,70.6,73.9
CSX,000220165,2024-08-26,2:50 PM,Other impacts,0,MONROE,NC,91,2,Day,Clear,Yard,Freight Train,3,5000,257,55257,H021,34.984837,-80.548089,72,74.3,76.8
CSX,000220165,2024-08-26,2:50 PM,Other impacts,0,MONROE,NC,91,2,Day,Clear,Yard,Single Car,3,5000,0,55257,H021,34.984837,-80.548089,72,74.3,76.8
CSX,000220165,2024-08-26,2:50 PM,Other impacts,0,MONROE,NC,91,2,Day,Clear,Yard,Cut of cars,0,45000,0,55257,H021,34.984837,-80.548089,72,74.3,76.8
KCS,15100301,2015-10-03,8:05 AM,Derailment,0,MONROE,LA,59,2,Day,Clear,Yard,Light loco(s),6,12796,900,13696,E64L,32.50407,-92.10688,66.5,63.7,60.5
UP,0416LV008,2016-04-11,7:14 AM,Hwy-rail crossing,0,MONROE,LA,65,2,Day,Clear,Main,Freight Train,48,184,98418,98602,M304,32.351031,-92.105543,69.9,66.3,60.3
UP,0822MA004,2022-08-03,11:20 AM,Derailment,0,MONROE,LA,84,2,Day,Cloudy,Industry,Light loco(s),7,12843,2920,15763,T311,32.439265,-92.100309,81.7,80.2,81.7
UP,0520GC023,2020-05-27,2:30 PM,Derailment,0,MONROE,LA,84,2,Day,Cloudy,Industry,Freight Train,6,17410,1259,18669,T110,32.441079,-92.104271,74,74.1,71.7
NS,157884,2024-08-31,1:30 AM,Derailment,0,MONROEVILLE,OH,72,4,Dark,Cloudy,Yard,Cut of cars,0,700,0,34317,S014,41.300089,-82.751367,78.1,74,70
NS,157884,2024-08-31,1:30 AM,Derailment,0,MONROEVILLE,OH,72,4,Dark,Cloudy,Yard,Yard/switching,8,22617,11000,34317,S014,41.300089,-82.751367,78.1,74,70
NECR,NEC873521A,2021-09-07,3:00 PM,Fire/violent rupture,0,MONSON,MA,78,2,Day,Clear,Main,Freight Train,13,350000,0,350000,E74L,42.077512,-72.311744,71,65.2,70.7
UP,0923HO016,2023-09-10,10:20 PM,Derailment,0,MONT BELVIEU,TX,79,4,Dark,Cloudy,Industry,Yard/switching,6,8642,7170,15812,T112,29.832659,-94.908135,85.5,85.9,83.2
NS,139594,2020-10-27,4:27 PM,Obstruction,0,MONT CLARE,PA,57,3,Dusk,Clear,Main,Spec. MoW Equip.,0,1286,0,16884,H997,40.149219,-75.52177,52.3,54.8,53.5
NS,139594,2020-10-27,4:27 PM,Obstruction,0,MONT CLARE,PA,57,3,Dusk,Clear,Main,Spec. MoW Equip.,20,15598,0,16884,H997,40.149219,-75.52177,52.3,54.8,53.5
ESPN,ESPN1902,2019-12-11,2:00 PM,Derailment,0,MONTCHANIN,DE,45,2,Day,Clear,Main,Freight Train,10,85000,50000,135000,H503,39.798889,-75.587222,53.8,35,31
NJTR,202109396,2021-09-10,9:58 AM,Other (describe in narrative),0,MONTCLAIR,NJ,80,2,Day,Clear,Main,Commuter Train - Pushing,58,12604,0,12604,M105,40.827032,-74.207843,71.6,68.9,67.6
SLRG,SL160429A,2016-04-29,3:39 PM,Derailment,0,MONTE VISTA,CO,34,2,Day,Cloudy,Main,Freight Train,25,1500,79205,80705,T221,37.532036,-106.0294,44.8,33.2,35.4
PSAP,PSA861015D,2015-12-28,9:18 PM,Derailment,0,MONTESANO,WA,34,4,Dark,Cloudy,Main,Freight Train,20,5491,7532,13023,M501,46.983692,-123.56595,37,37.9,35.7
PSAP,PSA414923D,2023-05-14,5:20 PM,Derailment,0,MONTESANO,WA,68,2,Day,Clear,Main,Freight Train,10,26134,25000,51134,T109,46.96592,-123.703452,70.2,76.4,66.1
PSAP,PSA645420D,2020-12-21,2:16 PM,Derailment,0,MONTESANO,WA,45,2,Day,Rain,Main,Freight Train,25,205103,100000,305103,T001,46.983473,-123.567096,49.2,47.2,41
TCWR,20180518A,2018-05-18,9:15 AM,Derailment,0,MONTEVIDEO,MN,80,2,Day,Clear,Yard,Yard/switching,2,31000,94000,125000,H702,44.950659,-95.715765,75.2,70.6,55.3
CVR,CVR042017D,2017-04-20,12:30 AM,Derailment,0,MONTEZUMA,KS,65,4,Dark,Clear,Main,Freight Train,7,120000,12000,132000,T102,37.590213,-100.476567,72.2,61.9,49.4
CVR,CVR000008,2021-10-30,3:00 PM,Derailment,0,MONTEZUMA,KS,45,2,Day,Clear,Main,Freight Train,10,307129,31995,339124,T308,37.56505,-100.55674,49.1,53.2,44
CSX,000178672,2018-09-10,12:38 AM,Other impacts,0,MONTGOMERY,AL,76,4,Dark,Cloudy,Yard,Cut of cars,0,11707,64,11871,H318,32.375967,-86.32647,81,78,78.9
MNJ,MNJ1601,2016-05-02,3:15 PM,Derailment,0,MONTGOMERY,NY,75,2,Day,Clear,Main,Freight Train,17,150000,5000,155000,H607,41.313462,-74.13575,47.1,49.2,51.1
CSX,000175812,2018-04-13,1:43 PM,Other impacts,0,MONTGOMERY,AL,78,2,Day,Clear,Yard,Yard/switching,10,11700,0,13823,M201,32.375967,-86.32647,61.6,65.1,71.3
CSX,000153625,2015-10-23,6:58 PM,Other impacts,0,MONTGOMERY,AL,75,3,Dusk,Clear,Yard,Freight Train,7,29944,4440,150515,H519,32.37595,-86.326296,67.1,70.6,70.9
CSX,000177442,2018-07-07,4:18 PM,Derailment,0,MONTGOMERY,AL,85,3,Dusk,Cloudy,Industry,Freight Train,8,29722,627,30349,E42C,32.291453,-86.309625,81.7,78.9,78
CSX,000174785,2018-02-16,10:15 PM,Derailment,0,MONTGOMERY,AL,60,4,Dark,Clear,Yard,Yard/switching,4,18112,50,18162,H702,32.396609,-86.307767,67.6,69.3,67.1
CSX,000153625,2015-10-23,6:58 PM,Other impacts,0,MONTGOMERY,AL,75,3,Dusk,Clear,Yard,Cut of cars,0,116131,0,150515,H519,32.37595,-86.326296,67.1,70.6,70.9
CSX,000160001,2016-05-22,5:30 AM,Derailment,0,MONTGOMERY,AL,63,1,Dawn,Clear,Yard,Yard/switching,6,23690,502,24192,E41C,32.375967,-86.32647,75.1,70.9,70.7
CSX,000176887,2018-06-08,4:51 PM,Derailment,0,MONTGOMERY,AL,92,3,Dusk,Clear,Yard,Freight Train,4,16854,11634,28488,H503,32.375967,-86.32647,79.6,81,78
CSX,000160834,2016-06-24,12:44 AM,Other impacts,0,MONTGOMERY,AL,72,4,Dark,Clear,Yard,Cut of cars,4,3060,0,12295,H018,32.399134,-86.317858,81.3,83.3,86
CSX,000175812,2018-04-13,1:43 PM,Other impacts,0,MONTGOMERY,AL,78,2,Day,Clear,Yard,Cut of cars,10,2123,0,13823,M201,32.375967,-86.32647,61.6,65.1,71.3