reportingrailroadcode,accidentnumber,date,time,accidenttype,hazmatreleasedcars,station,stateabbr,temperature,visibility_code,visibility,weathercondition,tracktype,equipmenttype,trainspeed,equipmentdamagecost,trackdamagecost,totaldamagecost,primaryaccidentcausecode,latitude,longitude,prior_temp,actual_temp,following_temp
CSX,000160834,2016-06-24,12:44 AM,Other impacts,0,MONTGOMERY,AL,72,4,Dark,Clear,Yard,Yard/switching,4,9235,0,12295,H018,32.399134,-86.317858,81.3,83.3,86
CSX,000219878,2024-08-10,3:00 AM,Derailment,0,MONTGOMERY,AL,75,4,Dark,Clear,Yard,Yard/switching,5,16682,1196,17878,H702,32.376041,-86.326437,85.8,84.6,81.9
CSX,000213373,2023-09-09,5:05 PM,Derailment,0,MONTGOMERY,AL,92,3,Dusk,Cloudy,Yard,Yard/switching,4,19382,2292,21674,H702,32.376258,-86.326212,77.6,76.8,78.9
CSX,000215904,2024-02-01,1:30 PM,Derailment,0,MONTGOMERY,AL,59,2,Day,Clear,Yard,Yard/switching,4,1959,40025,41984,H704,32.376041,-86.326437,50.3,45.4,52.1
CSX,000209496,2023-01-26,12:56 AM,Derailment,0,MONTGOMERY,AL,39,4,Dark,Clear,Yard,Yard/switching,8,62478,0,64437,H703,32.376258,-86.326212,54.2,42.3,40
CSX,000209496,2023-01-26,12:56 AM,Derailment,0,MONTGOMERY,AL,39,4,Dark,Clear,Yard,Yard/switching,0,500,1459,64437,H703,32.376258,-86.326212,54.2,42.3,40
CSX,000213694,2023-09-24,2:05 PM,Derailment,0,MONTGOMERY,AL,91,2,Day,Clear,Yard,Freight Train,4,38098,1460,39558,H702,32.376258,-86.326212,72.7,74.1,74.8
CSX,000210473,2023-03-27,4:00 AM,Other impacts,0,MONTGOMERY,AL,67,1,Dawn,Rain,Yard,Yard/switching,4,279004,774,292545,H309,32.376061,-86.32645,71.7,71.5,66.1
CSX,000197897,2021-05-30,10:05 PM,Other impacts,0,MONTGOMERY,AL,73,4,Dark,Clear,Yard,Yard/switching,6,11500,0,36632,H306,32.375967,-86.32647,70.8,66.4,72.2
BNSF,CH1123103,2023-11-02,8:10 PM,Derailment,0,MONTGOMERY,IL,42,3,Dusk,Clear,Industry,Yard/switching,9,4753,10000,14753,H307,41.712898,-88.35892,32.3,40.7,47.1
CSX,000194888,2021-01-08,9:42 PM,Derailment,0,MONTGOMERY,AL,60,4,Dark,Cloudy,Yard,Yard/switching,4,29870,97,29967,H312,32.375967,-86.32647,44.8,42.8,38.6
CSX,000190809,2020-06-15,5:36 AM,Side collision,0,MONTGOMERY,AL,67,4,Dark,Cloudy,Yard,Yard/switching,5,10408,0,36738,H702,32.375967,-86.32647,77.8,75.6,73.6
CSX,000210473,2023-03-27,4:00 AM,Other impacts,0,MONTGOMERY,AL,67,1,Dawn,Rain,Yard,Cut of cars,4,12767,0,292545,H309,32.376061,-86.32645,71.7,71.5,66.1
CSX,000215700,2024-01-23,7:16 AM,Other (describe in narrative),0,MONTGOMERY,AL,54,1,Dawn,Rain,Yard,Freight Train,4,42354,2527,44881,H306,32.376041,-86.326437,42.7,57.8,66.6
CSX,000206720,2022-08-17,8:35 AM,Derailment,0,MONTGOMERY,AL,71,2,Day,Rain,Yard,Yard/switching,4,34403,131,34534,H993,32.376258,-86.326212,82.1,76.7,77.6
CSX,000204022,2022-04-05,6:32 AM,Derailment,0,MONTGOMERY,AL,65,1,Dawn,Cloudy,Yard,Freight Train,7,10947,1860,12807,H704,32.39635,-86.314904,62,62.5,71.4
CSX,000190809,2020-06-15,5:36 AM,Side collision,0,MONTGOMERY,AL,67,4,Dark,Cloudy,Yard,Freight Train,8,25225,1105,36738,H702,32.375967,-86.32647,77.8,75.6,73.6
CSX,000197897,2021-05-30,10:05 PM,Other impacts,0,MONTGOMERY,AL,73,4,Dark,Clear,Yard,Cut of cars,6,25132,0,36632,H306,32.375967,-86.32647,70.8,66.4,72.2
CSX,000186262,2019-10-29,5:00 AM,Other impacts,0,MONTGOMERY,AL,70,4,Dark,Clear,Yard,Cut of cars,5,3832,48,13041,H307,32.375967,-86.32647,61,67.2,73
CSX,000178672,2018-09-10,12:38 AM,Other impacts,0,MONTGOMERY,AL,76,4,Dark,Cloudy,Yard,Single Car,5,100,0,11871,H318,32.375967,-86.32647,81,78,78.9
CSX,000186262,2019-10-29,5:00 AM,Other impacts,0,MONTGOMERY,AL,70,4,Dark,Clear,Yard,Yard/switching,5,9161,0,13041,H307,32.375967,-86.32647,61,67.2,73
CSX,000210415,2023-03-21,11:12 PM,Derailment,0,MONTGOMERY,AL,49,4,Dark,Clear,Yard,Yard/switching,4,23563,580,24143,E32C,32.376061,-86.32645,40.8,48,58.8
CSX,000162258,2016-08-20,11:28 PM,Derailment,0,MONTGOMERY,AL,84,4,Dark,Cloudy,Yard,Freight Train,4,24744,2385,27129,T299,32.375967,-86.32647,82.6,79.8,81.1
CSX,000141539,2015-02-13,4:55 PM,Derailment,0,MONTGOMERY,AL,45,2,Day,Clear,Yard,Work train,8,49128,5000,54128,T314,32.408887,-86.302104,44.5,36.8,44.8
NS,124924,2017-05-03,2:45 PM,Hwy-rail crossing,0,MONTGOMERY CITY,MO,57,2,Day,Rain,Main,Spec. MoW Equip.,10,15000,0,15000,M399,38.986707,-91.514745,54.5,48.7,50.9
TPW,TPW216222G,2022-10-07,3:20 PM,Hwy-rail crossing,0,MONTICELLO,IN,58,2,Day,Clear,Main,Freight Train,9,19207,0,19207,M302,40.75076,-86.81483,61.6,50.1,43
CSX,000180391,2018-12-18,2:29 AM,Obstruction,0,MONTICELLO,FL,40,4,Dark,Clear,Main,Freight Train,48,48360,97,48457,M404,30.477416,-84.022694,51.6,50.5,53.6
AKMD,AKM543318D,2018-01-11,10:52 PM,Derailment,0,MONTICELLO,AR,36,4,Dark,Rain,Main,Freight Train,14,15079,1000,16079,E24C,33.63108,-91.846944,54.5,61.9,32.5
AKMD,AKM887016D,2016-02-05,2:36 PM,Derailment,0,MONTICELLO,AR,53,2,Day,Clear,Yard,Yard/switching,4,25000,9000,34000,E46C,33.627906,-91.769073,38.9,40.5,43.4
NS,136146,2019-11-10,3:50 PM,Derailment,0,MONTICELLO,IL,45,2,Day,Clear,Industry,Freight Train,6,29163,3784,32947,T110,40.020785,-88.577137,38.3,44.1,28.1
UP,0115CB003,2015-01-05,5:10 PM,Fire/violent rupture,0,MONTOUR,IA,5,4,Dark,Cloudy,Main,Freight Train,50,138528,0,138528,E99L,41.992093,-92.747807,6.6,2.9,1.6
CPKC,1002127900,2024-06-29,7:05 PM,Derailment,0,MONTPELIER,IA,84,3,Dusk,Clear,Industry,Freight Train,41,3807167,9742,3816909,H510,41.4617,-90.83,68.4,77.1,66.3
UP,1219RM018,2019-12-29,8:20 PM,Derailment,0,MONTPELIER,ID,14,4,Dark,Snow,Yard,Freight Train,4,2338,181789,184127,H702,42.316392,-111.312676,6.7,8.9,10.4
NECR,NEC764924D,2024-04-10,12:22 AM,Derailment,0,MONTPELIER,VT,43,4,Dark,Cloudy,Main,Freight Train,25,4100,650000,654100,E53C,44.30058,-72.6888,46.8,44.2,44.4
NS,152173,2023-01-31,7:50 PM,Derailment,0,MONTPELIER,OH,12,3,Dusk,Clear,Yard,,0,0,3409,26920,H702,41.577541,-84.620045,22.7,12.6,14.1
CP,1001839480,2023-01-31,7:50 PM,Derailment,0,MONTPELIER,OH,12,3,Dusk,Clear,Main,Freight Train,4,23511,0,26920,H307,41.577541,-84.620045,22.7,12.6,14.1
NS,121690,2016-08-15,10:30 AM,Derailment,0,MONTPELIER,IN,72,2,Day,Rain,Industry,Freight Train,2,18459,0,18459,H306,40.538218,-85.29215,72.9,71.8,74.8
NS,121374,2016-07-24,1:44 AM,Derailment,0,MONTPELIER,OH,76,4,Dark,Clear,Yard,Freight Train,1,59629,49889,109518,T221,41.586368,-84.580116,80.6,79.9,79.9
NS,116272,2015-06-27,9:10 AM,Derailment,0,MONTREAT,NC,72,2,Day,Clear,Main,Freight Train,15,68000,8011,76011,H506,35.656953,-82.254288,77.5,73,69.8
BNSF,HL1121110,2021-11-13,11:51 PM,Obstruction,0,MONTROSE,IA,37,4,Dark,Cloudy,Main,Freight Train,30,786000,130000,916000,M404,40.506912,-91.37624,37.4,35.8,35.3
UP,0818LK009,2018-08-06,9:40 AM,Obstruction,0,MONTROSE,AR,89,2,Day,Clear,Main,Spec. MoW Equip.,5,86,33990,34076,H993,33.298008,-91.493778,80.9,82,82.1
MSR,190510003,2019-05-10,4:00 PM,Derailment,0,MONTROSE,MS,68,2,Day,Rain,Main,Freight Train,8,100000,303000,403000,T401,32.155833,-89.237278,70.1,69.3,71.5
BNSF,SF0316119,2016-03-25,8:50 AM,Derailment,0,MONTROSE,IA,45,1,Dawn,Clear,Industry,Freight Train,7,56007,250000,306007,T101,40.487948,-91.372461,41.1,40.8,47.9
NS,154761,2023-11-12,12:43 AM,Derailment,0,MONTVALE,VA,42,4,Dark,Clear,Main,Freight Train,19,28788,0,28788,E51C,37.454257,-79.774492,48.1,46.1,49
NJTR,202110416,2021-09-02,1:10 AM,Other (describe in narrative),0,MONTVALE,NJ,75,4,Dark,Rain,Main,Commuter Train - Pushing,15,54733,0,54733,M105,41.042236,-74.028004,69.4,67.3,65.4
BNSF,PR0520106,2020-05-13,9:15 PM,Derailment,0,MONUMENT,CO,55,4,Dark,Clear,Yard,Single Car,4,25861,15000,40861,M502,39.087041,-104.87282,44.4,58.1,56
UP,0115DV025,2015-01-27,12:12 PM,Hwy-rail crossing,0,MONUMENT,KS,75,2,Day,Clear,Main,Light loco(s),42,300423,38381,338804,M302,39.095501,-101.109176,47.9,52.7,47.8
ATK,172770,2022-11-16,2:04 PM,Hwy-rail crossing,0,MOODY,TX,50,2,Day,Cloudy,Main,Passenger Train - Pulling,79,11795,0,11795,M302,31.32135,-97.35768,42.2,43.8,48.1
BNSF,RD0621206,2021-06-25,1:45 PM,Hwy-rail crossing,0,MOODY,TX,95,2,Day,Clear,Main,Freight Train,25,1000,35000,36000,M302,31.297812,-97.363862,85.6,85.6,85.2
BNSF,RD1116108,2016-11-13,1:01 AM,Other (describe in narrative),0,MOODY,TX,52,4,Dark,Clear,Main,Light loco(s),5,0,21000,21000,H307,31.338264,-97.363041,60.5,60.1,65.5
BNSF,RD0218205,2018-02-26,9:00 AM,Hwy-rail crossing,0,MOODY,TX,45,2,Day,Fog,Main,Freight Train,30,500,30500,31000,M302,31.297812,-97.363862,53.9,53.8,61.9
ATK,174433,2023-04-18,4:10 PM,Hwy-rail crossing,0,MOODY,TX,74,2,Day,Clear,Main,Passenger Train - Pulling,71,37369,0,37369,M302,31.388065,-97.381804,62.7,67.7,73
BNSF,PR0815108,2015-08-13,9:10 AM,Head on collision,0,MOORCROFT,WY,71,2,Day,Clear,Main,Freight Train,0,18500,0,19700,H017,44.28202,-105.053763,80.8,77.1,82.1
BNSF,PR0815108,2015-08-13,9:10 AM,Head on collision,0,MOORCROFT,WY,71,2,Day,Clear,Main,Light loco(s),14,200,1000,19700,H017,44.28202,-105.053763,80.8,77.1,82.1
BNSF,PR1218115,2018-12-28,11:32 PM,Derailment,0,MOORCROFT,WY,12,4,Dark,Clear,Main,Freight Train,21,10000,255000,265000,E06C,44.187533,-104.821471,16.9,12.6,22.5
BNSF,RD1119102,2019-11-01,12:05 PM,Derailment,0,MOORE,OK,65,2,Day,Clear,Yard,Yard/switching,4,36000,300,36300,H514,35.374327,-97.48303,33.4,43.3,43.9
UP,1119SX016,2019-11-16,11:50 PM,Fire/violent rupture,0,MOORE,TX,50,4,Dark,Cloudy,Main,Freight Train,40,34633,0,34633,E79L,29.005951,-99.058164,46.5,47.6,54.1
BNSF,TX1114111,2014-11-24,1:00 PM,Other (describe in narrative),0,MOORE,OK,50,2,Day,Clear,Yard,Maint./inspect Car,7,15000,1000,16000,H997,35.376252,-97.480851,53.3,45.9,42.5
BNSF,RD0118124,2018-01-31,8:30 PM,Derailment,0,MOORE,OK,45,3,Dusk,Clear,Yard,Yard/switching,3,21751,55000,76751,S011,35.36436,-97.484391,40.5,54.1,42.3
BNSF,RD0319119,2019-03-25,5:50 AM,Derailment,0,MOORE,OK,57,1,Dawn,Clear,Yard,Yard/switching,6,17358,1500,18858,E40C,35.374645,-97.483134,58.7,51.7,53.4
BNSF,RD0323118,2023-03-18,5:05 PM,Derailment,0,MOORE,OK,45,3,Dusk,Clear,Yard,Yard/switching,8,39814,800,40614,H307,35.380705,-97.482861,39.8,37.2,35.3
BNSF,RD0518126,2018-05-26,6:00 PM,Derailment,0,MOORE,OK,95,3,Dusk,Clear,Yard,Yard/switching,4,65000,1000,66000,H317,35.374505,-97.48314,73.1,77.6,79.1
BNSF,RD1022119,2022-10-19,7:40 PM,Derailment,0,MOORE,OK,52,3,Dusk,Clear,Yard,Yard/switching,8,126400,0,451711,T199,35.368846,-97.484095,47.2,48,57.4
BNSF,RD1022119,2022-10-19,7:40 PM,Derailment,0,MOORE,OK,52,3,Dusk,Clear,Yard,Single Car,0,15800,309511,451711,T199,35.368846,-97.484095,47.2,48,57.4
BNSF,RD0823124,2023-08-18,4:55 PM,Derailment,0,MOORE,OK,98,2,Day,Clear,Main,Freight Train,32,679884,487282,1167166,T109,35.315701,-97.483997,82.4,83.8,89.5
BNSF,TX0316102,2016-03-12,8:25 PM,Derailment,0,MOORE,OK,65,4,Dark,Clear,Yard,Yard/switching,10,33900,11348,45248,T205,35.373873,-97.483214,56,57.3,58.2
BNSF,RD0221110,2021-02-09,4:45 PM,Derailment,0,MOORE,OK,18,2,Day,Cloudy,Yard,Yard/switching,4,38432,900,39332,T207,35.367605,-97.483143,27.8,18.5,19.4
BNSF,MT0320102,2020-03-06,2:06 PM,Derailment,0,MOORE,MT,65,2,Day,Clear,Industry,Yard/switching,9,7616,4000,11616,T001,46.978029,-109.695294,33,48.9,38.6
SCXF,20221117I,2022-11-17,3:45 PM,Hwy-rail crossing,0,MOORE HAVEN,FL,80,2,Day,Clear,Main,Freight Train,37,15000,0,15000,M302,26.783204,-80.985654,75.1,65,61.6
SCXF,20221031C,2022-10-31,10:34 AM,Hwy-rail crossing,0,MOORE HAVEN,FL,90,2,Day,Clear,Main,Freight Train,39,100000,2500,102500,M304,26.8963,-81.23812,75.6,77.1,79
NS,139589,2020-10-30,1:00 PM,Hwy-rail crossing,0,MOORESVILLE,NC,68,2,Day,Clear,Main,Freight Train,16,3802,10000,13802,M305,35.624585,-80.798664,73.4,59.7,49.1
BNSF,TC1216109,2016-12-13,3:47 AM,Derailment,0,MOORHEAD,MN,-5,4,Dark,Clear,Yard,Yard/switching,4,8951,1600,10551,H702,46.874213,-96.681169,-0.5,2.1,-1.8
BNSF,TC0117115,2017-01-16,6:28 PM,Derailment,0,MOORHEAD,MN,20,3,Dusk,Clear,Yard,Yard/switching,8,13000,500,13500,E34L,46.874221,-96.739305,12.4,12.1,12.7
BNSF,TC0523108,2023-05-20,9:02 PM,Other (describe in narrative),0,MOORHEAD,MN,50,4,Dark,Clear,Yard,Yard/switching,7,0,19143,19143,H306,46.874219,-96.735346,52.2,61.4,68.8
BNSF,TC1217105,2017-12-11,9:00 PM,Other impacts,0,MOORHEAD,MN,10,4,Dark,Clear,Main,Freight Train,12,52101,0,52101,H602,46.817474,-96.747007,25.8,23.2,24.7
NS,113940,2015-01-21,1:45 AM,Derailment,0,MORAINE,OH,38,4,Dark,Clear,Yard,Freight Train,4,31649,6133,37782,H302,39.706191,-84.218683,40.1,39,33.4
NS,140920,2021-03-13,4:00 PM,Derailment,0,MORAINE,OH,72,3,Dusk,Clear,Yard,Freight Train,5,327751,6703,334454,H303,39.687563,-84.2238,51,43.2,46.1
NS,116960,2015-08-16,3:05 PM,Derailment,0,MORAINE,OH,85,2,Day,Clear,Yard,Freight Train,3,39000,15200,54200,H018,39.706191,-84.218683,73,75.7,74.6
NS,114779,2015-03-11,6:00 PM,Derailment,0,MORAINE,OH,64,3,Dusk,Clear,Yard,Yard/switching,8,6000,6778,12778,T110,39.706191,-84.218683,45,46.2,41.7
CSX,000174126,2018-01-18,9:05 AM,Hwy-rail crossing,0,MORELAND,GA,23,2,Day,Clear,Main,Freight Train,48,23201,0,23201,M303,33.278867,-84.770829,22.4,28.4,37.8
CSX,000159721,2016-05-13,4:20 AM,Hwy-rail crossing,0,MORELAND,GA,64,1,Dawn,Clear,Main,Freight Train,44,5130,7459,12589,M302,33.234333,-84.835176,72.8,70,68.1
NS,120607,2016-05-22,4:45 PM,Hwy-rail crossing,0,MORENCI,MI,72,3,Dusk,Clear,Main,,0,0,1500,51385,M302,41.750959,-84.251405,62.1,62.8,60.1
CP,1000399733,2016-05-22,4:15 PM,Hwy-rail crossing,0,MORENCI,MI,70,2,Day,Clear,Main,Freight Train,47,49885,0,51385,M302,41.750959,-84.251405,62.1,62.8,60.1
BNSF,RD0619114,2019-06-16,12:30 AM,Derailment,0,MORGAN,TX,80,4,Dark,Clear,Main,Freight Train,18,43189,1000,44189,E22C,32.022616,-97.57406,84.6,75.6,75.2
BNSF,RD0218103,2018-02-01,1:45 AM,Derailment,0,MORGAN,TX,47,4,Dark,Clear,Main,Freight Train,21,38000,568918,606918,E61C,32.015438,-97.592225,57.6,54.4,44.7
NS,118842,2016-01-08,11:15 AM,Derailment,0,MORGANTOWN,WV,34,2,Day,Cloudy,Siding,Yard/switching,20,10680,1500,12180,T002,39.598307,-79.966938,32.8,37.6,48.4
BNSF,PR0423202,2023-04-07,9:00 AM,Hwy-rail crossing,0,MORRILL,NE,65,2,Day,Clear,Main,Freight Train,40,14421,0,14421,M302,41.96064,-103.91,40.1,47.4,52.7
UP,1115NP012,2015-11-19,5:52 PM,Other (describe in narrative),0,MORRILL,NE,40,4,Dark,Clear,Yard,Freight Train,4,139,10911,11050,E86C,41.930378,-103.856071,37.3,28.3,27.9
UP,0821GP014,2021-08-18,6:45 AM,Derailment,0,MORRILL,NE,69,1,Dawn,Clear,Yard,Freight Train,12,3428,15889,19317,T399,41.930808,-103.88935,78.7,77.2,67.9
UP,0916WH013,2016-09-30,3:30 PM,Hwy-rail crossing,0,MORRILTON,AR,72,2,Day,Clear,Main,Freight Train,30,75183,330,75513,M308,35.153261,-92.700844,63.1,64.5,63.8
BNSF,TC0621107,2021-06-30,3:30 PM,Derailment,0,MORRIS,MN,84,2,Day,Clear,Industry,Freight Train,5,10552,1000,11552,T110,45.58947,-95.91876,70,72,75.1
NJTR,202101019,2021-01-01,5:25 PM,Other (describe in narrative),0,MORRIS PLAINS,NJ,33,4,Dark,Rain,Main,Commuter Train - Pulling,35,11729,4460,16189,T404,40.798299,-74.474863,40.4,31.9,40.8
UP,1019PR012,2019-10-08,3:06 PM,Derailment,0,MORRISON,IL,73,2,Day,Clear,Main,Freight Train,12,41119,62726,103845,H519,41.860691,-90.067541,53.8,54.7,56.6
UP,0516PR005,2016-05-12,1:35 AM,Derailment,0,MORRISON,IL,62,4,Dark,Rain,Main,Freight Train,30,11713,264118,275831,E51C,41.815937,-89.987447,61.8,61.1,54.1
CSX,000142608,2015-03-06,11:00 AM,Hwy-rail crossing,0,MORRISTOWN,IN,35,2,Day,Clear,Main,Freight Train,29,0,47355,47355,M303,39.671076,-85.680627,19.8,16,33.2
NS,139366,2020-10-05,12:25 PM,Hwy-rail crossing,0,MORRISTOWN,TN,70,2,Day,Clear,Main,Freight Train,35,28,119120,119148,M302,36.201675,-83.328607,56.5,58,59.3
NJTR,202401054,2023-12-03,7:15 PM,Derailment,0,MORRISTOWN,NJ,49,4,Dark,Rain,Main,Work train,29,1200000,130192,1330192,M201,40.863608,-74.472019,48.6,48.7,45.3
NJTR,202011408,2020-11-20,5:48 PM,Derailment,0,MORRISTOWN,NJ,47,2,Day,Cloudy,Main,Commuter Train - Pulling,25,12454,2765,15219,T311,40.79872,-74.475192,36,49.9,52.7
NS,145235,2022-05-10,2:35 PM,Derailment,0,MORRISTOWN,TN,76,2,Day,Clear,Siding,Freight Train,4,483,40139,40622,T099,36.168537,-83.387469,62.9,66.2,68.7
NJTR,202104161,2021-04-20,9:35 PM,Derailment,0,MORRISTOWN,NJ,65,4,Dark,Clear,Yard,Light loco(s),5,47357,0,47357,T110,40.799264,-74.475373,55.2,60.1,54.3
NJTR,202210394,2022-09-27,8:45 AM,Derailment,0,MORRISVILLE,PA,51,2,Day,Clear,Yard,Commuter Train - Pulling,5,25933,0,25933,H607,40.194845,-74.792465,65,62.2,58.6
NJTR,201511612,2015-10-30,11:45 PM,Derailment,0,MORRISVILLE,PA,50,4,Dark,Clear,Yard,Commuter Train - Pulling,10,107000,810,107810,H704,40.195542,-74.784534,65.2,52.2,46.1
NJTR,201510583,2015-10-21,1:15 AM,Derailment,0,MORRISVILLE,PA,48,4,Dark,Clear,Yard,Yard/switching,4,12000,682,12682,H702,40.194632,-74.791204,55.2,60.1,60.9
NJTR,202405225,2024-05-01,10:07 AM,Derailment,0,MORRISVILLE,PA,78,2,Day,Cloudy,Yard,Yard/switching,5,13281,668,13949,H704,40.195401,-74.788483,63.2,65.8,68.7
NJTR,202306221,2023-06-10,2:03 PM,Derailment,0,MORRISVILLE,PA,65,2,Day,Clear,Yard,Commuter Train - Pushing,5,25933,683,26616,H704,40.195375,-74.789986,64.1,66.8,73.9
NJTR,201604199,2016-04-04,5:30 PM,Derailment,0,MORRISVILLE,PA,40,3,Dusk,Clear,Yard,Commuter Train - Pushing,3,8500,4895,13395,H704,40.195511,-74.785444,39.9,43.6,34.3
NJTR,201909530,2019-09-24,10:45 PM,Other impacts,0,MORRISVILLE,PA,65,4,Dark,Clear,Yard,EMU,3,16845,8020,84865,H020,40.194351,-74.792629,77.5,70.4,66.2
CRSH,122194,2016-09-26,3:10 AM,Derailment,0,MORRISVILLE,PA,54,4,Dark,Clear,Yard,Yard/switching,5,16702,0,16702,H503,40.194039,-74.805739,59.5,60.7,67
NS,136956,2018-01-30,3:02 PM,Hwy-rail crossing,0,MORRISVILLE,NC,40,2,Day,Clear,Main,,0,0,0,17150,M302,35.845824,-78.836822,45.8,33.9,33.1
NS,129328,2018-05-02,6:35 AM,Derailment,0,MORRISVILLE,PA,72,1,Dawn,Clear,Yard,Freight Train,6,178245,13618,191863,M405,40.192721,-74.828441,63,74,78.3
NJTR,202003123,2020-03-02,3:45 AM,Derailment,0,MORRISVILLE,PA,40,4,Dark,Clear,Yard,Work train,5,13384,1104,14488,M599,40.195273,-74.791357,33.8,46.9,51.2
NJTR,201909530,2019-09-24,10:45 PM,Other impacts,0,MORRISVILLE,PA,65,4,Dark,Clear,Yard,EMU,10,60000,0,84865,H020,40.194351,-74.792629,77.5,70.4,66.2
NJTR,201507418,2015-07-18,12:14 PM,Derailment,0,MORRISVILLE,PA,78,2,Day,Clear,Yard,Work train,5,28070,1029,29099,H704,40.195712,-74.784548,71.8,77.8,83.9
NJTR,202003148,2020-03-24,8:47 PM,Derailment,0,MORRISVILLE,PA,40,4,Dark,Clear,Yard,Light loco(s),5,20700,2783,23483,H303,40.194341,-74.792713,38.8,45.1,42.8
NJTR,202009304,2020-09-02,5:50 PM,Derailment,0,MORRISVILLE,PA,67,2,Day,Clear,Yard,Yard/switching,5,99252,1572,100824,H704,40.195125,-74.791871,71.3,76.1,78.1
NJTR,201412719,2014-12-16,12:00 PM,Derailment,0,MORRISVILLE,PA,40,2,Day,Cloudy,Yard,Yard/switching,5,15000,22000,37000,H303,40.19536,-74.789946,40.7,40.6,45.1
ATK,151766,2018-01-30,3:02 PM,Hwy-rail crossing,0,MORRISVILLE,NC,40,2,Day,Clear,Main,Passenger Train - Pulling,50,17150,0,17150,M399,35.845818,-78.836817,45.8,33.9,33.1
CRSH,128893,2018-03-17,5:40 PM,Raking collision,0,MORRISVILLE,PA,45,3,Dusk,Clear,Yard,Yard/switching,3,6315,550,11458,H018,40.194233,-74.802161,36,37.3,38
CRSH,118729,2015-12-29,3:30 AM,Raking collision,0,MORRISVILLE,PA,47,4,Dark,Rain,Yard,Yard/switching,4,1447,1000,35198,H021,40.196817,-74.790952,40.6,44.1,45
NJTR,201602074,2016-01-21,8:30 PM,Derailment,0,MORRISVILLE,PA,27,4,Dark,Clear,Yard,Light loco(s),6,30000,1914,31914,H303,40.194854,-74.791169,29.1,29.5,23.5
NJTR,202301019,2023-01-13,9:00 PM,Derailment,0,MORRISVILLE,PA,32,4,Dark,Clear,Yard,Passenger Train - Pulling,5,12441,446,12887,E99C,40.194612,-74.791972,44.8,47.5,31.2
CRSH,118729,2015-12-29,3:30 AM,Raking collision,0,MORRISVILLE,PA,47,4,Dark,Rain,Yard,Single Car,3,32751,0,35198,H021,40.196817,-74.790952,40.6,44.1,45
CRSH,128893,2018-03-17,5:40 PM,Raking collision,0,MORRISVILLE,PA,45,3,Dusk,Clear,Yard,Single Car,0,4593,0,11458,H018,40.194233,-74.802161,36,37.3,38
ATK,180614,2024-06-06,5:03 AM,Other (describe in narrative),0,MORRISVILLE,PA,0,1,Dawn,Clear,Main,Passenger Train - Pulling,119,416885,0,416885,M404,40.193211,-74.782081,72.2,76.3,75
CRSH,122614,2016-10-31,4:00 PM,Derailment,0,MORRISVILLE,PA,55,3,Dusk,Clear,Industry,Freight Train,5,17090,1600,18690,T113,40.166201,-74.763792,65.5,49.5,47.9
ATK,141535,2016-03-10,12:14 PM,Other (describe in narrative),0,MORRISVILLE,PA,78,2,Day,Cloudy,Main,Passenger Train - Pulling,0,10000,1000,11000,T404,40.19711,-74.779314,60.6,69.1,59.7
ATK,177899,2024-01-08,8:51 PM,Other (describe in narrative),0,MORRISVILLE,PA,29,4,Dark,Clear,Main,Passenger Train - Pulling,86,18449,0,18449,T404,40.206562,-74.769451,35.9,37,40.5
NIRC,2018071137,2018-12-03,6:26 PM,Fire/violent rupture,0,MORTON GROVE,IL,31,4,Dark,Cloudy,Main,Passenger Train - Pulling,0,450000,0,450000,E73L,42.035015,-87.785149,40.4,33.1,30.3
CVR,CVR00047F,2024-03-09,2:00 AM,Derailment,0,MOSCOW,KS,25,4,Dark,Clear,Main,Freight Train,10,34000,27190,61190,T210,37.336599,-101.194484,31.2,37.7,45.8
CVR,CVR000004,2021-06-22,10:30 PM,Derailment,0,MOSCOW,KS,75,4,Dark,Clear,Main,Freight Train,9,22900,27822,50722,T201,37.275009,-101.26142,68.7,74,85.9
NS,139888,2020-12-02,5:15 AM,Derailment,1,MOSELLE,MS,25,1,Dawn,Clear,Main,Freight Train,42,1602044,643320,2245364,T207,31.511501,-89.275444,37,41,54.5
CBRW,15080401,2015-08-04,11:53 AM,Derailment,0,MOSES LAKE,WA,90,2,Day,Clear,Yard,Freight Train,5,1300,15000,16300,H799,47.130141,-119.278077,80.8,78.5,73.8
NS,145891,2022-07-19,4:47 PM,Hwy-rail crossing,0,MOSHEIM,TN,88,3,Dusk,Clear,Main,Freight Train,34,1507,15000,16507,M303,36.18694,-82.95972,75.7,76.3,79.1
UP,0616PD002,2016-06-03,12:11 PM,Derailment,5,MOSIER,OR,79,2,Day,Clear,Main,Freight Train,24,1674996,176811,1851807,T111,45.684417,-121.396595,68.7,75.4,79.6
MSE,2401DERAIL,2024-03-12,8:00 AM,Derailment,0,MOSS POINT,MS,45,2,Day,Clear,Industry,Freight Train,2,45000,43869,88869,M101,30.531944,-88.559167,54.2,55.6,61.3
MSE,1601DERAIL,2016-03-08,7:00 PM,Derailment,0,MOSS POINT,MS,70,2,Day,Clear,Siding,Yard/switching,5,12550,980,13530,H305,30.581944,-88.566666,59,67.8,70.3