reportingrailroadcode,accidentnumber,date,time,accidenttype,hazmatreleasedcars,station,stateabbr,temperature,visibility_code,visibility,weathercondition,tracktype,equipmenttype,trainspeed,equipmentdamagecost,trackdamagecost,totaldamagecost,primaryaccidentcausecode,latitude,longitude,prior_temp,actual_temp,following_temp
MSE,2001DERAIL,2020-09-28,11:40 AM,Derailment,0,MOSS POINT,MS,89,2,Day,Clear,Industry,Freight Train,8,0,9101,9101,T319,30.518194,-88.516056,77.3,77,67.4
KCS,18021201,2018-02-12,3:00 AM,Side collision,0,MOSSVILLE,LA,38,4,Dark,Clear,Yard,Yard/switching,1,7024,0,22062,H318,30.259581,-93.306702,52.9,43.8,51.7
KCS,18021201,2018-02-12,3:00 AM,Side collision,0,MOSSVILLE,LA,38,4,Dark,Clear,Yard,Cut of cars,3,15038,0,22062,H318,30.259581,-93.306702,52.9,43.8,51.7
KCS,15082204,2015-08-22,6:15 PM,Derailment,0,MOSSVILLE,LA,90,2,Day,Cloudy,Yard,Yard/switching,5,45784,3800,49584,H702,30.256988,-93.305316,77.4,79.2,83.5
KCS,15042003,2015-04-20,2:40 PM,Other impacts,0,MOSSVILLE,LA,75,2,Day,Clear,Yard,Yard/switching,6,0,0,34181,H318,30.253606,-93.304281,72.1,67.6,67
NS,121592,2016-08-09,3:00 AM,Derailment,0,MOULTON HEIGHTS,AL,77,4,Dark,Cloudy,Industry,Yard/switching,4,15905,400,16305,M101,34.615618,-87.010066,80.6,79.7,80.6
IC,966983,2018-07-22,1:30 PM,Derailment,0,MOUND CITY,IL,79,2,Day,Cloudy,Industry,Freight Train,3,11815,35,11850,H505,37.084839,-89.162531,77.8,74.2,73.7
BNSF,HL0223104,2023-02-03,5:50 PM,Derailment,0,MOUND CITY,MO,26,3,Dusk,Clear,Main,Freight Train,34,2752,1783712,1786464,E61C,40.060523,-95.394329,24.3,16.8,39.2
BNSF,HL0220120,2020-02-09,12:30 AM,Other (describe in narrative),0,MOUND CITY,MO,20,4,Dark,Clear,Main,Freight Train,40,40255,10000,50255,E44C,40.061179,-95.38507,28.1,35.8,31.1
IC,1058817,2021-01-14,7:30 AM,Derailment,0,MOUND CITY,IL,45,2,Day,Clear,Siding,Yard/switching,8,59176,274,59450,T220,37.112136,-89.202327,37.1,42.3,35.4
IC,1060438,2021-02-02,10:30 PM,Derailment,0,MOUNDS,IL,28,4,Dark,Clear,Industry,Freight Train,6,64457,4000,68457,T110,37.11228,-89.202289,34.7,34,32.4
ATK,163289,2020-02-28,3:34 PM,Obstruction,0,MOUNDVILLE,AL,57,2,Day,Clear,Main,Passenger Train - Pulling,59,46137,0,46137,M404,33.012515,-87.615128,41.7,44.4,48.4
NS,137325,2020-02-28,3:34 PM,Obstruction,0,MOUNDVILLE,AL,57,2,Day,Clear,Main,,0,0,0,46137,M404,33.012362,-87.615333,41.7,44.4,48.4
YVRR,02232021,2021-02-23,9:30 AM,Derailment,0,MOUNT AIRY,NC,53,2,Day,Clear,Main,Freight Train,10,9044,9913,18957,T199,36.433536,-80.592068,39,47,51.6
BNSF,RD0523127,2023-05-29,6:01 PM,Derailment,0,MOUNT BELVIEW,TX,85,3,Dusk,Clear,Main,Yard/switching,5,27731,0,65951,H307,29.813177,-94.919606,56.1,55.8,58.1
CSX,000141581,2015-02-16,1:15 PM,Derailment,20,MOUNT CARBON,WV,18,2,Day,Snow,Main,Freight Train,33,2871245,199832,3071077,T221,38.143797,-81.291657,8.6,11,15.6
NS,116061,2015-06-13,4:45 AM,Derailment,0,MOUNT HOLLY SPRINGS,PA,71,1,Dawn,Clear,Industry,Freight Train,4,13082,350,13432,T314,40.124468,-77.175897,78.5,76.4,77.1
KO,IN201024,2020-10-24,12:40 PM,Derailment,0,MOUNT HOPE,KS,37,2,Day,Clear,Main,Freight Train,25,5000,7350,12350,E53C,37.836716,-97.6569,39.9,37.3,35.6
RJCV,RJCV2001,2020-02-14,1:35 PM,Derailment,0,MOUNT HOPE,WV,35,2,Day,Clear,Main,Freight Train,7,25300,9000,34300,T212,37.9206,-81.158,43.6,23.6,26.7
ATK,153605,2018-06-05,10:32 AM,Hwy-rail crossing,0,MOUNT JOY,PA,70,2,Day,Clear,Main,Passenger Train - Pushing,79,23100,0,23100,M302,40.107992,-76.474099,62.7,65.6,64
ATK,176369,2023-09-09,9:45 AM,Other (describe in narrative),0,MOUNT JOY,PA,75,2,Day,Cloudy,Main,Passenger Train - Pulling,56,19152,5115,24267,T404,40.106412,-76.444741,76.3,77.2,72.9
NERR,NERR2205,2022-03-21,12:40 PM,Derailment,0,MOUNT JULIET,TN,70,2,Day,Clear,Main,Freight Train,0,75000,0,75000,M201,36.20168,-86.56612,50.7,57.3,66.6
UP,0117ES003,2017-01-02,10:31 PM,Obstruction,0,MOUNT PLEASANT,TX,50,4,Dark,Clear,Main,Work train,0,1620,5000,14814,H993,33.120114,-94.9721,56.6,60,49.7
UP,0621ES015,2021-06-07,3:00 PM,Obstruction,0,MOUNT PLEASANT,TX,75,2,Day,Cloudy,Main,Spec. MoW Equip.,5,24092,0,24092,H995,33.153589,-94.968691,75,74.2,76.2
UP,0117ES003,2017-01-02,10:31 PM,Obstruction,0,MOUNT PLEASANT,TX,50,4,Dark,Clear,Main,Spec. MoW Equip.,10,8194,0,14814,H993,33.120114,-94.9721,56.6,60,49.7
DL,190702,2019-07-31,3:45 PM,Derailment,0,MOUNT POCONO,PA,73,2,Day,Clear,Siding,Cut of cars,8,26296,0,26296,M502,41.112994,-75.370468,73.2,69.5,69.4
DL,220317,2022-03-17,12:35 PM,Derailment,0,MOUNT POCONO,PA,55,2,Day,Cloudy,Siding,Freight Train,5,7967,32176,40143,T110,41.109241,-75.378365,49.8,46.6,52.1
DL,170101,2017-01-17,10:35 AM,Derailment,0,MOUNT POCONO,PA,32,2,Day,Sleet,Main,Freight Train,8,64052,327987,392039,T101,41.109084,-75.378636,23.1,31.8,34.4
ATK,180747,2024-06-18,10:25 PM,Derailment,0,MOUNT RAINIER,MD,74,4,Dark,Cloudy,Yard,Light loco(s),5,86864,8230,95094,H607,38.9174,-76.988116,79.8,81.5,79.8
CSX,000198760,2021-07-10,5:15 PM,Derailment,0,MOUNT STERLING,OH,72,3,Dusk,Clear,Main,Freight Train,2,8725,0,11225,E89C,39.681218,-83.308772,69.4,67.7,72.3
MNCW,78228,2022-10-17,7:36 AM,Derailment,0,MOUNT VERNON,NY,62,2,Day,Cloudy,Yard,EMU,11,48993,4228,53221,H607,40.92229,-73.843011,59,59.7,52.2
EVWR,E2017JAN1D,2018-01-07,5:55 AM,Derailment,0,MOUNT VERNON,IN,18,4,Dark,Clear,Industry,Freight Train,3,24785,0,24785,M101,37.925239,-87.860715,10.6,29.6,37.3
EVWR,E2017DEC1D,2017-12-30,5:30 PM,Derailment,0,MOUNT VERNON,IN,9,4,Dark,Clear,Main,Freight Train,3,147672,2285,149957,H510,37.938659,-87.905867,25.7,21.3,10.3
EVWR,2023APR1X,2023-04-03,7:50 AM,Hwy-rail crossing,0,MOUNT VERNON,IN,55,1,Dawn,Cloudy,Main,Light loco(s),26,90120,0,90120,M304,37.951379,-87.832117,48.6,61,71.8
MVT,0001,2022-12-28,10:30 AM,Derailment,0,MOUNT VERNON,WA,45,2,Day,Clear,Yard,,0,0,200000,200000,M599,48.425855,-122.338549,49.9,42.7,43.3
ATK,144459,2016-09-29,8:13 PM,Hwy-rail crossing,0,MOUNT VERNON,WA,58,3,Dusk,Cloudy,Main,Passenger Train - Pulling,79,10796,0,10796,M302,48.355898,-122.340972,55.3,51.5,51.4
BNSF,NW0916202,2016-09-29,8:13 PM,Hwy-rail crossing,0,MOUNT VERNON,WA,58,3,Dusk,Cloudy,Main,,0,0,0,10796,M302,48.335589,-122.340972,55.3,51.5,51.4
BNSF,NW0917109,2017-09-19,3:35 PM,Other (describe in narrative),0,MOUNT VERNON,WA,63,2,Day,Rain,Main,Freight Train,2,0,38352,38352,H705,48.380637,-122.338584,53.9,53.7,52.9
MNCW,201911,2019-01-26,1:30 AM,Obstruction,0,MOUNT VERNON,NY,30,4,Dark,Clear,Main,Commuter Train - Pulling,50,6127,7200,13327,H999,40.912085,-73.83221,35.1,29.6,40
NS,119482,2016-02-24,11:30 AM,Obstruction,0,MOUNT VERNON,IL,40,2,Day,Cloudy,Main,Freight Train,35,24581,0,24581,M404,38.373375,-88.913759,43,35.8,36.1
EVWR,E2024JUL1D,2024-07-07,12:37 AM,Derailment,0,MOUNT VERNON,IN,76,4,Dark,Clear,Main,Freight Train,25,0,46041,46041,E86C,37.939216,-87.907233,75.8,76.4,76.8
EVWR,E2023JUL1D,2023-07-20,7:35 PM,Derailment,0,MOUNT VERNON,IN,80,3,Dusk,Clear,Industry,Freight Train,9,0,15000,15000,T314,37.93039,-87.87355,75.2,78.2,74.6
CSX,000218753,2024-06-19,12:00 PM,Hwy-rail crossing,0,MOUNT VICTORY,OH,84,2,Day,Clear,Main,Freight Train,32,15576,11276,26852,M304,40.533885,-83.561222,82,81.6,82.1
UP,0116UT004,2016-01-14,7:06 PM,Fire/violent rupture,0,MOUNTAIN GREEN,UT,29,4,Dark,Clear,Main,Freight Train,30,100872,0,100872,E73L,41.138974,-111.841045,20.9,27.6,28.5
BNSF,HL0117106,2017-01-05,9:43 PM,Derailment,0,MOUNTAIN GROVE,MO,17,4,Dark,Cloudy,Main,Freight Train,9,380826,185000,565826,M101,37.126108,-92.289344,22.9,19.6,11.7
UP,0722PN021,2022-07-22,2:00 PM,Obstruction,0,MOUNTAIN HOME,ID,93,2,Day,Clear,Industry,Freight Train,2,17254,0,17254,M402,43.12143,-115.686993,82.4,80.5,78.9
UP,0719PN033,2019-07-30,9:23 PM,Fire/violent rupture,0,MOUNTAIN HOME,ID,93,4,Dark,Cloudy,Main,Freight Train,35,325532,0,325532,M406,43.038141,-115.620154,82.7,82,80.9
UP,0623PN018,2023-06-12,1:06 PM,Derailment,0,MOUNTAIN HOME,ID,74,2,Day,Clear,Industry,Single Car,10,14046,6450,20496,M504,43.13205,-115.696686,66.9,68,69.7
WC,954462,2018-04-01,6:20 AM,Derailment,0,MOUNTAIN IRON,MN,6,1,Dawn,Clear,Main,Freight Train,33,9905,179827,189732,M405,47.532595,-92.627483,15.7,17.3,20
WC,1090958,2021-12-23,10:10 AM,Other (describe in narrative),0,MOUNTAIN IRON,MN,20,2,Day,Clear,Industry,Yard/switching,2,14826,0,14826,M404,47.556917,-92.616402,1.6,18.2,29.4
RBMN,L07181601,2016-07-18,4:25 AM,Derailment,0,MOUNTAIN TOP,PA,65,1,Dawn,Clear,Yard,,0,0,0,15000,H306,41.166765,-75.864478,73.1,75.2,72.5
NS,121300,2016-07-18,4:25 AM,Derailment,0,MOUNTAIN TOP,PA,65,1,Dawn,Clear,Yard,Freight Train,3,15000,0,15000,H306,41.166765,-75.864478,73.1,75.2,72.5
RBMN,L09222201,2022-09-22,11:30 AM,Derailment,0,MOUNTAIN TOP,PA,70,2,Day,Rain,Siding,Freight Train,7,12059,3494,15553,T110,41.17101,-75.868622,65.2,61.6,49.7
NS,120935,2016-06-19,1:32 PM,Derailment,0,MOUNTAIN TOP,PA,87,2,Day,Clear,Main,Freight Train,25,56153,0,56153,T109,41.170585,-75.872959,70,72.7,74.4
RBMN,L06191601,2016-06-19,1:32 PM,Derailment,0,MOUNTAIN TOP,PA,87,2,Day,Clear,Main,Freight Train,0,0,0,56153,T109,41.170585,-75.872959,70,72.7,74.4
NS,151940,2023-01-07,5:00 AM,Other (describe in narrative),0,MOUNTAIN VIEW,GA,39,1,Dawn,Clear,Industry,Freight Train,5,26500,3308,29808,H704,33.645526,-84.390517,47.9,51.3,55.5
NS,137242,2020-02-20,1:05 PM,Derailment,0,MOUNTAIN VIEW,WV,30,2,Day,Cloudy,Main,Freight Train,5,12895,1097,13992,M204,37.535892,-82.050069,36.5,29.2,24.4
NS,113665,2015-01-05,3:30 AM,Derailment,0,MOUNTAIN VIEW,GA,40,4,Dark,Clear,Main,Freight Train,3,2800,10654,13454,T110,33.64978,-84.392311,58.4,41.5,41.5
NS,153124,2023-05-18,5:15 AM,Derailment,0,MOUNTAIN VIEW,GA,67,1,Dawn,Clear,Yard,Freight Train,5,11650,32528,44178,T311,33.642468,-84.390228,71.5,68.1,66.9
CSX,000162533,2016-08-30,10:09 PM,Derailment,0,MOUNTVILLE,SC,72,4,Dark,Clear,Main,Freight Train,12,15000,9966,24966,H305,34.428397,-81.922955,78.6,77.9,78.6
UP,0317PD027,2017-03-15,7:19 AM,Derailment,0,MOYIE SPRINGS,ID,42,2,Day,Rain,Main,Freight Train,15,286523,109600,396123,M103,48.76577,-116.170619,39.7,45.5,41.2
NJTR,202201059,2022-01-18,11:16 AM,Hwy-rail crossing,0,MT OLIVE,NJ,35,2,Day,Clear,Main,Commuter Train - Pulling,36,11355,22252,33607,M399,40.909956,-74.744203,36.1,30.8,33.6
NJTR,202108331,2021-07-07,9:30 PM,Hwy-rail crossing,0,MT OLIVE,NJ,73,4,Dark,Clear,Main,Commuter Train - Pulling,45,61213,0,61213,M303,40.909956,-74.744203,77.4,79.7,76.3
BNSF,CH0718203,2018-07-28,1:10 AM,Hwy-rail crossing,0,MT PLEASANT,IA,53,4,Dark,Clear,Main,Freight Train,55,2000,25000,27000,M302,40.96522,-91.525526,68.2,66.9,68.3
UPME,0124CM006,2024-01-10,8:00 AM,Obstruction,0,MT PROSPECT,IL,29,2,Day,Cloudy,Main,Passenger Train - Pulling,50,18820,2665,21485,M404,42.063241,-87.936723,34.2,32.2,30.9
UP,0916CB011,2016-09-30,8:35 AM,Fire/violent rupture,0,MT VERNON,IA,53,2,Day,Clear,Main,Freight Train,0,64225,0,64225,E79L,41.939583,-91.491908,61,58.6,61.1
NS,122490,2016-10-21,2:05 PM,Hwy-rail crossing,0,MT. HOLLY SPRINGS,PA,72,2,Day,Cloudy,Main,Freight Train,27,1879,60623,62502,M303,40.113894,-77.284288,70.5,66.5,52.8
CNYX,CNYX000002,2016-10-18,8:30 AM,Derailment,0,MULBERRY,FL,80,2,Day,Clear,Yard,Freight Train,5,692,11435,12127,H702,27.887749,-81.924363,77.3,76.9,75.5
CSX,000177612,2018-07-16,4:00 AM,Derailment,0,MULBERRY,FL,81,4,Dark,Clear,Industry,Freight Train,10,13872,97,13969,M506,27.841819,-82.041426,82.9,82.4,82.8
CSX,000182040,2019-03-29,3:10 PM,Derailment,0,MULBERRY,FL,78,2,Day,Clear,Yard,Freight Train,3,23173,4074,27247,M204,27.898949,-81.976599,66.7,68.9,71.4
NS,115120,2015-04-03,8:50 PM,Hwy-rail crossing,0,MULBERRY,IN,35,4,Dark,Clear,Main,Freight Train,41,30,62042,62072,M302,40.338566,-86.661114,57.9,48.8,41.3
CSX,000189393,2020-03-30,5:50 AM,Derailment,0,MULBERRY,FL,80,1,Dawn,Clear,Yard,Freight Train,8,25463,2013,27476,T210,27.898949,-81.976599,77.6,77.4,77.4
CSX,000191411,2020-07-17,1:45 AM,Derailment,0,MULBERRY,FL,90,4,Dark,Clear,Industry,Freight Train,8,52743,321,53064,T207,27.841819,-82.041426,81.5,82.5,80.8
CSX,000185053,2019-08-31,10:45 AM,Derailment,0,MULBERRY,FL,88,2,Day,Clear,Industry,Freight Train,9,22601,161,22762,T210,27.841819,-82.041426,81.7,82.4,81.1
CSX,000178882,2018-09-20,5:14 PM,Derailment,0,MULBERRY,FL,89,2,Day,Clear,Industry,Freight Train,7,10769,97,10866,T202,27.841819,-82.041426,81.7,82.3,80.3
UP,0723SX006,2023-07-08,3:00 PM,Derailment,0,MULDOON,TX,97,2,Day,Cloudy,Main,Freight Train,28,107761,764522,872283,T109,29.846076,-97.046613,81.7,85.8,87.9
UP,0516WH009,2016-05-24,10:05 AM,Obstruction,0,MULDROW,OK,68,2,Day,Cloudy,Main,Spec. MoW Equip.,1,0,0,45250,H995,35.417728,-94.668762,68.8,75,75.3
UP,0516WH009,2016-05-24,10:05 AM,Obstruction,0,MULDROW,OK,68,2,Day,Cloudy,Main,Maint./inspect Car,15,45250,0,45250,H995,35.417728,-94.668762,68.8,75,75.3
UP,0624TO022,2024-06-16,10:13 AM,Other (describe in narrative),0,MULDROW,OK,89,2,Day,Clear,Main,Freight Train,4,116280,0,116280,E27C,35.431929,-94.690198,83.7,84.4,83.2
BNSF,RD0820210,2020-08-31,5:05 PM,Hwy-rail crossing,0,MULESHOE,TX,94,3,Dusk,Clear,Main,Freight Train,42,3513,54290,57803,M308,34.212522,-102.70151,75.8,70.2,75.1
BNSF,RD1022126,2022-10-24,9:15 AM,Derailment,0,MULESHOE,TX,50,2,Day,Rain,Industry,Freight Train,4,8004,6363,14367,H307,34.283203,-102.816998,66.1,47,45.1
IC,1147437,2024-03-28,10:15 AM,Fire/violent rupture,0,MULKEYTOWN,IL,63,2,Day,Clear,Main,Maint./inspect Car,5,269176,0,269176,M599,37.959652,-89.099527,43.9,47.2,59.2
BNSF,PR0121106,2021-01-09,2:15 AM,Derailment,0,MULLEN,NE,25,4,Dark,Cloudy,Main,Freight Train,39,5625,49000,54625,E33C,42.038923,-101.38933,32.7,31.1,31.6
BNSF,PR0523106,2023-05-14,11:56 AM,Other (describe in narrative),0,MULLEN,NE,58,2,Day,Clear,Main,Freight Train,40,44942,0,44942,E33C,42.046823,-100.946859,59.8,52.7,51.6
BNSF,GC0816111,2016-08-19,1:00 PM,Obstruction,0,MULLIN,TX,75,2,Day,Clear,Siding,Maint./inspect Car,2,48499,0,48499,M410,31.556568,-98.667932,75.4,79.9,75.1
CSX,000185107,2019-09-03,10:40 PM,Derailment,0,MULLINS,SC,75,4,Dark,Cloudy,Industry,Freight Train,2,50493,97,50590,H306,34.099185,-79.3147,76.3,77.9,77.1
UP,0620HL004,2020-06-04,2:14 PM,Derailment,0,MULLINVILLE,KS,95,2,Day,Clear,Main,Freight Train,27,225574,372693,598267,T109,37.591082,-99.422654,80.8,82.3,83.7
CSX,000163279,2016-05-09,2:50 AM,Fire/violent rupture,0,MUNCIE,IN,80,4,Dark,Clear,Main,Light loco(s),30,170248,0,170248,M406,40.187,-85.393897,52.1,54.1,63.8
NS,126253,2017-08-16,12:25 PM,Derailment,0,MUNCIE,IN,84,2,Day,Clear,Main,Freight Train,23,138951,167699,306650,T102,40.235902,-85.366759,76.4,78.5,80.3
LVRR,LVRR012521,2021-01-25,12:30 PM,Derailment,0,MUNCY,PA,22,2,Day,Clear,Industry,Freight Train,8,19056,0,19056,H303,41.216631,-76.803429,26.3,28.8,32
WC,1114115,2022-09-16,12:37 PM,Derailment,0,MUNDELEIN,IL,84,2,Day,Clear,Industry,Freight Train,5,7000,4975,11975,H303,42.245802,-87.985425,68.2,72,75.3
UP,0716FW033,2016-07-27,2:00 PM,Other (describe in narrative),0,MURCHISON,TX,99,2,Day,Clear,Main,Freight Train,35,91984,0,91984,E34C,32.305096,-95.636716,80.8,81.5,80.7
CSX,000194667,2020-12-26,4:06 PM,Derailment,0,MURFREESBORO,TN,45,3,Dusk,Clear,Yard,Yard/switching,7,134547,8157,142704,H303,35.800594,-86.38926,21.2,31.7,45.8
BNSF,NE0515105,2015-05-17,2:55 AM,Derailment,0,MURRAY,IA,60,4,Dark,Clear,Main,Freight Train,23,1282259,20000,1302259,M102,41.053343,-93.922387,70.3,68.2,53.7
UP,1220HL012,2020-12-16,6:31 PM,Fire/violent rupture,0,MURRAY,NE,27,3,Dusk,Clear,Main,Freight Train,50,14955,33,14988,E73L,40.970888,-95.924277,20.4,23.1,25.7
ATK,143598,2016-08-03,8:38 PM,Hwy-rail crossing,0,MURRAY,IA,77,3,Dusk,Clear,Main,Passenger Train - Pulling,77,12996,0,12996,M302,41.041534,-93.88888,73.8,76.3,81.6
BNSF,NE0816200,2016-08-03,8:38 PM,Hwy-rail crossing,0,MURRAY,IA,77,3,Dusk,Clear,Main,,0,0,0,12996,M302,41.041534,-93.88888,73.8,76.3,81.6
CP,1000775421,2018-06-16,1:40 AM,Derailment,0,MUSCATINE,IA,75,4,Dark,Clear,Main,Single Car,50,48975,2285,51260,H303,41.458779,-90.823254,78.3,83.7,84.9
NS,122882,2016-11-25,1:26 AM,Other (describe in narrative),0,MUSCLE SHOALS,AL,50,4,Dark,Clear,Yard,Yard/switching,6,17235,0,17235,S007,34.712551,-87.616781,58,53,42.3
NS,126657,2017-09-16,4:25 PM,Derailment,0,MUSCLE SHOALS,AL,75,3,Dusk,Cloudy,Yard,Freight Train,7,12356,4930,17286,H210,34.712551,-87.616781,72.4,73.4,74.2
NS,123241,2016-12-21,2:05 AM,Other impacts,0,MUSCLE SHOALS,AL,28,4,Dark,Clear,Yard,Yard/switching,2,89941,0,89941,E09C,34.712551,-87.616781,34.8,42.9,50.5
NS,125407,2017-06-12,3:48 PM,Derailment,0,MUSCLE SHOALS,AL,93,2,Day,Clear,Yard,Light loco(s),4,13805,1000,14805,H306,34.712551,-87.616781,78.4,81.4,79.6
NS,127229,2017-10-29,11:30 PM,Other (describe in narrative),0,MUSCLE SHOALS,AL,40,4,Dark,Cloudy,Yard,Yard/switching,4,0,24133,24133,M408,34.712551,-87.616781,45.6,43.8,50.7
NS,124582,2017-04-04,5:00 AM,Derailment,0,MUSCLE SHOALS,AL,63,1,Dawn,Clear,Yard,Yard/switching,2,7308,8490,15798,M411,34.712551,-87.616781,65.6,67.8,66.8
NS,122706,2016-11-08,8:30 PM,Derailment,0,MUSCLE SHOALS,AL,72,4,Dark,Clear,Yard,Freight Train,2,10301,2163,12464,H306,34.712551,-87.616781,60.7,64.9,61.1
NS,127045,2017-10-17,12:45 AM,Derailment,0,MUSCLE SHOALS,AL,52,4,Dark,Clear,Yard,Yard/switching,2,5208,14204,19412,S007,34.712551,-87.616781,58.1,56,55.9
NS,121567,2016-08-05,7:15 PM,Other impacts,0,MUSCLE SHOALS,AL,85,3,Dusk,Cloudy,Yard,Yard/switching,2,29437,0,29437,H099,34.712551,-87.616781,81.2,83.7,80.4
NS,116824,2015-08-06,12:20 PM,Derailment,0,MUSCLE SHOALS,AL,88,2,Day,Rain,Yard,Yard/switching,5,100300,44548,144848,E39C,34.712551,-87.616782,82.4,74.4,77.1
NS,154344,2023-09-27,10:00 PM,Side collision,0,MUSCLE SHOALS,AL,60,4,Dark,Clear,Yard,Freight Train,4,6600,1544,80094,H702,34.712551,-87.616783,74.6,76,73.8
NS,153094,2023-05-15,9:30 AM,Other (describe in narrative),0,MUSCLE SHOALS,AL,82,2,Day,Clear,Yard,Cut of cars,1,0,12591,12591,H310,34.712551,-87.616783,77.8,76.5,75.3
NS,154121,2023-09-01,8:45 PM,Other impacts,0,MUSCLE SHOALS,AL,85,4,Dark,Clear,Yard,Single Car,0,150,0,13369,H312,34.712551,-87.616783,74.9,76.6,75.7
NS,154121,2023-09-01,8:45 PM,Other impacts,0,MUSCLE SHOALS,AL,85,4,Dark,Clear,Yard,Single Car,0,1000,0,13369,H312,34.712551,-87.616783,74.9,76.6,75.7
NS,154121,2023-09-01,8:45 PM,Other impacts,0,MUSCLE SHOALS,AL,85,4,Dark,Clear,Yard,Single Car,4,600,11619,13369,H312,34.712551,-87.616783,74.9,76.6,75.7
NS,154344,2023-09-27,10:00 PM,Side collision,0,MUSCLE SHOALS,AL,60,4,Dark,Clear,Yard,Yard/switching,6,71950,0,80094,H702,34.712551,-87.616783,74.6,76,73.8
NS,141016,2021-03-23,11:00 PM,Other impacts,0,MUSCLE SHOALS,AL,72,4,Dark,Cloudy,Yard,Single Car,0,776,0,43556,E31C,34.712551,-87.616782,60.1,62.6,62.5
NS,124097,2017-02-24,8:45 PM,Other impacts,0,MUSCLE SHOALS,AL,70,4,Dark,Cloudy,Yard,Yard/switching,0,2813,0,17347,M408,34.712551,-87.616781,62.4,68.9,47.1
NS,146202,2022-08-16,9:45 AM,Other (describe in narrative),0,MUSCLE SHOALS,AL,76,2,Day,Cloudy,Yard,Freight Train,5,1009,29896,30905,H306,34.712551,-87.616782,82.4,75.7,73.9
NS,141016,2021-03-23,11:00 PM,Other impacts,0,MUSCLE SHOALS,AL,72,4,Dark,Cloudy,Yard,Cut of cars,3,3566,39214,43556,E31C,34.712551,-87.616782,60.1,62.6,62.5
NS,129635,2018-05-29,6:10 AM,Other (describe in narrative),0,MUSCLE SHOALS,AL,70,1,Dawn,Clear,Yard,Yard/switching,4,15,143576,143591,H702,34.712551,-87.616781,76.6,73.8,75.5
NS,124097,2017-02-24,8:45 PM,Other impacts,0,MUSCLE SHOALS,AL,70,4,Dark,Cloudy,Yard,Yard/switching,2,14534,0,17347,M408,34.712551,-87.616781,62.4,68.9,47.1
NS,142340,2021-07-24,9:00 AM,Derailment,0,MUSCLE SHOALS,AL,95,2,Day,Clear,Yard,Light loco(s),8,3850,11300,15150,M404,34.712551,-87.616782,83.1,83.3,85
NS,131935,2018-12-05,5:00 PM,Derailment,0,MUSCLE SHOALS,AL,33,3,Dusk,Clear,Main,Freight Train,5,13400,3852,17252,E06C,34.706715,-87.658323,41,33.5,38.7
NS,128438,2018-02-07,1:30 PM,Derailment,0,MUSCLE SHOALS,AL,37,2,Day,Cloudy,Yard,Light loco(s),9,150,14585,14735,T110,34.712551,-87.616781,45.5,41,36.3
NS,142092,2021-07-04,1:28 PM,Derailment,0,MUSCLE SHOALS,AL,87,2,Day,Clear,Yard,Yard/switching,9,18000,2087,20087,T316,34.712551,-87.616782,75.7,75.3,79.7
NS,136633,2019-12-24,2:20 PM,Other (describe in narrative),0,MUSCLE SHOALS,AL,67,2,Day,Clear,Yard,Yard/switching,9,90306,11491,101797,T110,34.712551,-87.616781,56.1,54.1,55.8
NS,132127,2018-12-19,12:10 PM,Derailment,0,MUSCLE SHOALS,AL,50,2,Day,Cloudy,Yard,Yard/switching,2,2360,10773,13133,T110,34.712551,-87.616781,42.9,46.2,49.9
NS,155399,2024-01-15,10:25 PM,Derailment,0,MUSCLE SHOALS,AL,5,4,Dark,Snow,Yard,Freight Train,2,300,22500,22800,T202,34.712551,-87.616783,30.8,21.3,15.6
NS,115340,2015-04-20,12:45 PM,Derailment,0,MUSCLE SHOALS,AL,63,2,Day,Cloudy,Industry,Freight Train,3,18500,0,18500,T110,34.758148,-87.599521,68.5,60.4,57.6
NS,131456,2018-10-27,3:10 PM,Derailment,0,MUSCLE SHOALS,AL,63,2,Day,Clear,Yard,Yard/switching,6,175349,1158,176507,T314,34.712551,-87.616781,54.6,54.5,61.3
UP,1215WH003,2015-12-13,8:10 PM,Derailment,0,MUSKOGEE,OK,45,4,Dark,Rain,Yard,Yard/switching,2,5971,11080,17301,H020,35.768765,-95.35138,68.1,57.5,47.8
UP,1215WH003,2015-12-13,8:10 PM,Derailment,0,MUSKOGEE,OK,45,4,Dark,Rain,Yard,Light loco(s),0,250,0,17301,H020,35.768765,-95.35138,68.1,57.5,47.8
UP,0121TO035,2021-01-30,6:00 AM,Derailment,0,MUSKOGEE,OK,47,1,Dawn,Rain,Yard,Freight Train,6,386585,18200,404785,H702,35.744201,-95.370013,42.3,53.9,40.3
UP,0721TO004,2021-07-04,9:40 AM,Other impacts,0,MUSKOGEE,OK,74,2,Day,Cloudy,Yard,Yard/switching,5,36923,0,69248,E30C,35.765313,-95.354482,74.3,75.9,75.5
UP,0721TO004,2021-07-04,9:40 AM,Other impacts,0,MUSKOGEE,OK,74,2,Day,Cloudy,Yard,Freight Train,8,32325,0,69248,E30C,35.765313,-95.354482,74.3,75.9,75.5
UP,0817FW017,2017-08-12,10:00 PM,Fire/violent rupture,0,MUSKOGEE,OK,79,4,Dark,Cloudy,Main,Freight Train,10,232920,0,232920,E73L,35.697051,-95.398082,78.7,75.9,73