reportingrailroadcode,accidentnumber,date,time,accidenttype,hazmatreleasedcars,station,stateabbr,temperature,visibility_code,visibility,weathercondition,tracktype,equipmenttype,trainspeed,equipmentdamagecost,trackdamagecost,totaldamagecost,primaryaccidentcausecode,latitude,longitude,prior_temp,actual_temp,following_temp
MCCP,3202020,2020-03-20,7:45 AM,Derailment,0,MUSKOGEE,OK,45,2,Day,Clear,Industry,Yard/switching,5,0,21000,21000,H703,35.471011,-95.180861,65,47.9,44.6
UP,0115WH015,2015-01-28,5:00 PM,Derailment,0,MUSKOGEE,OK,63,2,Day,Cloudy,Main,Freight Train,17,32673,5213,37886,E34C,35.573102,-95.482174,51.4,56.9,49.2
BNSF,HL0823110,2023-08-18,3:15 PM,Derailment,0,MUSKOGEE,OK,90,2,Day,Clear,Industry,Freight Train,7,11094,4500,15594,T110,35.738733,-95.293616,77.8,82,86.1
NS,137048,2020-02-04,7:15 PM,Derailment,0,MYRTLE,WV,55,3,Dusk,Rain,Main,Freight Train,7,30019,3561,33580,M101,37.75063,-82.220909,58.5,55.8,42.9
NOGC,OP041821,2021-04-18,11:55 AM,Derailment,0,MYRTLE GROVE,LA,70,2,Day,Clear,Main,Freight Train,2,2992,37851,40843,T109,29.683529,-89.970185,61.7,61.2,62.6
AGR,AGR793221,2021-06-09,2:30 AM,Derailment,0,MYRTLEWOOD,AL,75,4,Dark,Clear,Main,Freight Train,9,7525,0,92649,T001,32.265846,-87.891557,76.9,77.7,75.2
MNBR,MNB640623D,2023-12-18,4:00 PM,Derailment,0,MYRTLEWOOD,AL,49,2,Day,Clear,Main,Freight Train,10,42867,20000,62867,T101,32.260706,-87.936734,51.9,46.7,38.2
MNBR,MNB793021,2021-06-09,2:30 AM,Derailment,0,MYRTLEWOOD,AL,75,4,Dark,Clear,Main,Freight Train,0,0,85124,92649,T001,32.265846,-87.891557,76.9,77.7,75.2
MNBR,MNB737315,2015-08-02,2:30 PM,Derailment,0,MYRTLEWOOD,AL,90,2,Day,Clear,Siding,Freight Train,4,500,17332,17832,T001,32.261827,-87.942729,81.1,80.8,82.2
MNBR,MNB563820,2020-03-03,4:15 PM,Derailment,0,MYRTLEWOOD,AL,60,2,Day,Cloudy,Siding,Freight Train,8,5000,6234,11234,T103,32.258543,-87.967348,63.5,67.7,57.2
ATK,147094,2017-04-16,5:26 PM,Other (describe in narrative),0,MYSTIC GROTON,CT,60,2,Day,Clear,Main,Passenger Train - Pulling,60,11245,12000,23245,E78L,41.34678,-71.975083,49.2,59.4,62.7
ATK,137946,2015-06-22,6:37 PM,Other (describe in narrative),0,MYSTIC GROTON,CT,86,4,Dark,Cloudy,Main,Passenger Train - Pulling,100,22816,0,22816,T401,41.349188,-71.96963,71.1,75.3,70.8
ATK,137901,2015-06-21,6:31 PM,Other (describe in narrative),0,MYSTIC GROTON,CT,70,3,Dusk,Clear,Main,Passenger Train - Pulling,60,44000,15000,59000,T401,41.346724,-71.975126,65.1,71.1,75.3
WC,846502,2015-04-12,9:43 AM,Derailment,0,N FOND DU LAC,WI,65,2,Day,Clear,Yard,Freight Train,7,34114,18025,52139,T220,43.803955,-88.473413,48.2,56.7,57
WC,855783,2015-06-17,10:05 PM,Derailment,0,N FOND DU LAC,WI,65,4,Dark,Clear,Yard,Yard/switching,7,6591,6742,13333,M599,43.809188,-88.475293,65.1,66.1,69.4
WC,923419,2017-05-22,11:00 PM,Derailment,0,N FOND DU LAC,WI,55,4,Dark,Clear,Yard,Yard/switching,6,17550,17070,34620,H703,43.811576,-88.475878,54.6,56.8,55.7
NS,126530,2017-09-06,6:55 PM,Hwy-rail crossing,0,N SHORE,LA,79,3,Dusk,Clear,Main,,0,0,0,22635,M302,30.223968,-89.819524,81.5,74.7,71.2
UP,0624HO005,2024-06-04,10:52 AM,Derailment,0,NACOGDOCHES,TX,81,2,Day,Rain,Industry,Freight Train,10,636,16280,16916,M506,31.572218,-94.653257,77.1,75.4,78
CSX,000220529,2024-06-20,6:11 AM,Obstruction,0,NAHUNTA,GA,77,1,Dawn,Cloudy,Main,,0,0,0,29800,M404,31.141355,-81.998704,80,80.7,79.4
ATK,180814,2024-06-20,6:11 AM,Obstruction,0,NAHUNTA,GA,77,1,Dawn,Clear,Main,Passenger Train - Pulling,74,29800,0,29800,M404,31.141371,-81.998703,80,80.7,79.4
CSX,000171864,2017-09-22,4:46 AM,Obstruction,0,NAHUNTA,GA,68,4,Dark,Clear,Main,,0,0,97,13827,M402,31.326773,-81.957908,78.4,78.4,77.1
ATK,149634,2017-09-22,4:41 AM,Obstruction,0,NAHUNTA,GA,68,4,Dark,Clear,Main,Passenger Train - Pulling,78,13730,0,13827,M402,31.313028,-81.961239,78.4,78.4,77.1
CSX,000154156,2015-11-10,11:40 PM,Derailment,0,NAHUNTA,NC,60,4,Dark,Rain,Main,Freight Train,17,143185,9680,152865,E30C,35.619503,-78.070867,58.3,60.9,54.7
UP,0119PN020,2019-01-17,10:00 PM,Derailment,0,NAMPA,ID,43,4,Dark,Rain,Yard,Yard/switching,10,83333,2132,85465,H312,43.586809,-116.569175,32,45.6,41.5
UP,1018PD019,2018-10-27,8:40 PM,Derailment,0,NAMPA,ID,52,4,Dark,Clear,Yard,Yard/switching,2,13878,150,14028,H312,43.59074,-116.575182,56.3,54.3,55.8
UP,0521PN026,2021-05-29,6:25 PM,Other impacts,0,NAMPA,ID,75,3,Dusk,Clear,Yard,Yard/switching,3,148,150,17983,E30C,43.583884,-116.564718,61,60.6,65.1
UP,0720PN026,2020-07-21,9:15 AM,Derailment,0,NAMPA,ID,64,2,Day,Clear,Yard,Yard/switching,10,30000,0,90000,T211,43.589406,-116.573962,79.1,80.8,80.1
BVRR,200721002,2020-07-21,9:15 AM,Derailment,0,NAMPA,ID,85,2,Day,Clear,Yard,,0,0,60000,90000,T211,43.589406,-116.573962,79.1,80.8,80.1
UP,1122PN010,2022-11-12,12:00 PM,Derailment,0,NAMPA,ID,34,2,Day,Cloudy,Yard,Freight Train,3,14130,5176,19306,E64L,43.577603,-116.554901,28.8,32.3,33.3
UP,0722PN005,2022-07-09,2:20 AM,Derailment,0,NAMPA,ID,72,4,Dark,Clear,Yard,Yard/switching,0,45075,0,298262,H704,43.583422,-116.56395,79.4,79.7,77.1
UP,0322PN013,2022-03-20,12:30 AM,Derailment,0,NAMPA,ID,43,4,Dark,Cloudy,Yard,Yard/switching,5,37108,2950,40058,E35C,43.587842,-116.570631,50.3,41.1,42.7
UP,0822PN027,2022-08-29,3:05 AM,Derailment,0,NAMPA,ID,58,4,Dark,Clear,Yard,Yard/switching,4,73255,133390,206645,H602,43.585843,-116.5677,70.1,71.2,76.3
UP,0722PN005,2022-07-09,2:20 AM,Derailment,0,NAMPA,ID,72,4,Dark,Clear,Yard,Freight Train,3,112349,140838,298262,H704,43.583422,-116.56395,79.4,79.7,77.1
UP,0521PN026,2021-05-29,6:25 PM,Other impacts,0,NAMPA,ID,75,3,Dusk,Clear,Yard,Cut of cars,0,17685,0,17983,E30C,43.583884,-116.564718,61,60.6,65.1
UP,0515PC009,2015-05-27,6:10 PM,Derailment,0,NAMPA,ID,78,2,Day,Clear,Main,Cut of cars,0,3627,0,279863,E47C,43.580861,-116.560228,63.1,64.2,64.8
UP,0515PC009,2015-05-27,6:10 PM,Derailment,0,NAMPA,ID,78,2,Day,Clear,Main,Freight Train,19,17364,258872,279863,E47C,43.580861,-116.560228,63.1,64.2,64.8
UP,1222PN016,2022-12-09,3:35 AM,Derailment,0,NAMPA,ID,32,4,Dark,Cloudy,Yard,Yard/switching,4,9289,56039,65328,H702,43.582921,-116.563221,28.7,31.3,37.6
BVRR,201108002,2020-11-08,1:00 PM,Other (describe in narrative),0,NAMPA,ID,32,2,Day,Rain,Industry,Cut of cars,0,15000,0,15000,M103,43.601057,-116.549289,42.8,33.5,31.8
UP,1223PN003,2023-12-02,9:30 AM,Derailment,0,NAMPA,ID,36,2,Day,Cloudy,Yard,Freight Train,3,7395,80610,88005,H702,43.583785,-116.564572,30,36.1,39
UP,0516PC004,2016-05-25,9:20 AM,Derailment,0,NAMPA,ID,61,2,Day,Cloudy,Yard,Single Car,0,883,0,187970,M405,43.561995,-116.532532,60.6,62.3,63.8
UP,0516PC004,2016-05-25,9:20 AM,Derailment,0,NAMPA,ID,61,2,Day,Cloudy,Yard,Freight Train,8,43453,143634,187970,M405,43.561995,-116.532532,60.6,62.3,63.8
UP,0216PC006,2016-02-20,9:00 AM,Hwy-rail crossing,0,NAMPA,ID,47,2,Day,Clear,Main,Freight Train,48,0,12801,12801,M308,43.603206,-116.593141,47.1,41,41.4
UP,0117PC010,2017-01-15,11:45 PM,Derailment,0,NAMPA,ID,-3,4,Dark,Snow,Yard,Light loco(s),4,18620,1018,19638,M101,43.586174,-116.567842,14.5,10.8,2
UP,0824PN018,2024-08-07,1:50 AM,Derailment,0,NAMPA,ID,84,4,Dark,Clear,Yard,Yard/switching,6,682444,163907,846351,M409,43.583884,-116.564718,83.6,79.3,77.8
UP,1020PN012,2020-10-12,6:05 PM,Derailment,0,NAMPA,ID,72,3,Dusk,Clear,Yard,Yard/switching,2,10786,597,11383,H318,43.586842,-116.569165,51.6,57.5,55.5
UP,0518PD032,2018-05-13,12:00 PM,Other (describe in narrative),0,NAMPA,ID,65,2,Day,Clear,Yard,Single Car,0,24960,0,24960,H312,43.563005,-116.534028,56.9,57.3,61.2
UP,0415PC006,2015-04-24,11:55 AM,Derailment,0,NAMPA,ID,50,2,Day,Clear,Yard,Yard/switching,6,27112,121911,149023,T111,43.580861,-116.560228,53.1,51.5,50.5
UP,0220PN020,2020-02-20,2:00 PM,Derailment,0,NAMPA,ID,37,2,Day,Clear,Yard,Yard/switching,6,59716,81960,141676,T206,43.565836,-116.538493,29.8,31.1,32.1
BNSF,NW0819114,2019-08-16,9:37 PM,Derailment,0,NAPAVINE,WA,64,4,Dark,Clear,Industry,,0,0,11980,12139,H303,46.573983,-122.910123,66.9,63.5,64.9
UP,0819PN020,2019-08-16,9:30 PM,Derailment,0,NAPAVINE,WA,66,4,Dark,Cloudy,Yard,Freight Train,5,159,0,12139,H303,46.573983,-122.911023,66.9,63.5,64.9
BNSF,NW1114200,2014-11-20,6:00 PM,Hwy-rail crossing,0,NAPAVINE,WA,45,3,Dusk,Clear,Main,Freight Train,38,15000,1100,16100,M304,46.574999,-122.909461,41.5,46.6,49.4
BNSF,CH1223111,2023-12-25,1:15 PM,Derailment,0,NAPERVILLE,IL,50,2,Day,Rain,Main,Freight Train,50,6804,99000,105804,E61C,41.783555,-88.120891,50.4,53.5,37.5
BNSO,CH0216102,2016-02-08,5:10 AM,Derailment,0,NAPERVILLE,IL,23,1,Dawn,Clear,Main,Commuter Train - Pushing,69,13000,0,72000,T399,41.780002,-88.137897,37.2,27.5,16.7
UP,0917PD030,2017-09-26,6:00 PM,Derailment,0,NAPLES,ID,80,2,Day,Clear,Main,Spec. MoW Equip.,15,72037,0,72037,H402,48.606462,-116.388143,52.1,53.4,55.3
DMVW,DE0528NAP,2017-05-28,12:30 AM,Derailment,0,NAPOLEON,ND,50,4,Dark,Clear,Yard,Freight Train,10,19775,6557,26332,H503,46.499295,-99.76452,57.7,56.5,53.5
NDW,NDW200819O,2020-08-19,1:38 PM,Fire/violent rupture,0,NAPOLEON,OH,78,2,Day,Clear,Main,Light loco(s),0,31880,0,31880,E79L,41.39322,-84.127,68.7,66.1,67.8
DMVW,OAN81823,2023-08-18,1:10 PM,Obstruction,0,NAPOLEON,ND,78,2,Day,Clear,Industry,Light loco(s),10,7550,28636,36186,M404,46.504137,-99.772161,62.3,72.2,70.6
DMVW,INC102122,2022-10-21,12:00 PM,Other (describe in narrative),0,NAPOLEON,ND,48,2,Day,Clear,Main,Freight Train,10,0,18150,18150,M506,46.502134,-99.76908,52.9,51.9,51
NDW,NDW190911D,2019-09-11,10:20 AM,Broken train collision,0,NAPOLEON,OH,84,2,Day,Rain,Main,Yard/switching,3,33000,17500,50500,T319,41.241296,-84.063647,74.5,79.1,74.8
DMVW,DE60920,2020-06-09,8:35 AM,Derailment,0,NAPOLEON,ND,55,2,Day,Cloudy,Main,Freight Train,10,11293,5000,16293,T001,46.324521,-99.555585,69.8,61.5,60.2
DMVW,DE0517KIN,2019-05-17,10:50 AM,Derailment,0,NAPOLEON,ND,41,2,Day,Cloudy,Main,Freight Train,10,68528,82424,150952,T099,46.540896,-99.874302,54,46.2,41.7
CSX,000176158,2018-05-02,11:22 PM,Derailment,0,NAPPANEE,IN,62,4,Dark,Rain,Main,Freight Train,42,721631,83505,805136,M105,41.43322,-85.899688,68.1,72.6,67.7
CSX,000153287,2015-10-15,4:26 PM,Hwy-rail crossing,0,NAPPANEE,IN,64,3,Dusk,Cloudy,Main,Freight Train,59,33581,6454,40035,M303,41.44071,-85.99872,49.6,51.7,45.1
BNSF,TC0222205,2022-02-22,3:40 PM,Hwy-rail crossing,0,NASHUA,MN,-10,2,Day,Snow,Main,Freight Train,25,5000,50000,55000,M305,46.035937,-96.346407,6.6,-4,-10.1
CSX,000202589,2022-01-22,10:00 AM,Other impacts,0,NASHVILLE,TN,26,2,Day,Clear,Yard,Yard/switching,7,14000,0,14000,M201,36.112136,-86.770713,23.7,25.1,35.3
CSX,000198730,2021-02-11,8:14 PM,Other impacts,0,NASHVILLE,TN,40,4,Dark,Cloudy,Yard,Cut of cars,5,15417,0,15417,M201,36.112142,-86.770737,45.4,33.2,28.9
CSX,000167908,2017-03-31,5:30 PM,Derailment,0,NASHVILLE,TN,63,2,Day,Cloudy,Yard,Cut of cars,9,25554,128,25682,E02C,36.112142,-86.770737,70.5,56.3,51.2
CSX,000176136,2018-05-01,10:20 PM,Derailment,0,NASHVILLE,TN,60,4,Dark,Clear,Yard,Yard/switching,7,77646,2814,80460,E30C,36.112142,-86.770737,58.4,67,72.7
CSX,000205344,2022-06-04,2:15 AM,Hwy-rail crossing,0,NASHVILLE,TN,65,4,Dark,Clear,Main,Freight Train,7,16024,592,16616,M308,36.090332,-86.750159,74.5,72.3,73.6
CSX,000212408,2023-07-18,4:25 PM,Derailment,0,NASHVILLE,TN,83,3,Dusk,Cloudy,Yard,Freight Train,6,310062,119007,429069,E64C,36.112136,-86.770713,79.2,77.5,72.6
CSX,000216112,2024-02-09,3:02 AM,Other impacts,0,NASHVILLE,TN,55,4,Dark,Clear,Yard,Yard/switching,6,37985,4023,71309,H510,36.112136,-86.770713,54.9,56.7,59.1
CSX,000148848,2015-07-06,8:25 PM,Derailment,0,NASHVILLE,TN,85,3,Dusk,Clear,Industry,Yard/switching,3,196871,15319,212190,H303,36.120712,-86.772372,75.3,77.7,79.3
CSX,000201050,2021-11-02,7:15 AM,Derailment,0,NASHVILLE,TN,58,1,Dawn,Cloudy,Yard,Cut of cars,0,137193,144234,845367,M411,36.112142,-86.770737,52.5,47.3,43.2
CSX,000180616,2019-01-04,6:35 AM,Other impacts,0,NASHVILLE,TN,42,1,Dawn,Rain,Yard,Yard/switching,2,185539,7696,325721,H099,36.112142,-86.770737,42.5,47.5,45.8
CSX,000178304,2018-08-21,11:30 PM,Other impacts,0,NASHVILLE,TN,72,4,Dark,Clear,Yard,Single Car,0,0,112,18425,H308,36.112142,-86.770737,79.3,76.7,74.4
CSX,000205490,2022-06-11,1:25 AM,Side collision,0,NASHVILLE,TN,80,4,Dark,Clear,Yard,Yard/switching,4,89159,0,166430,H306,36.112136,-86.770713,70.8,74.7,80.5
CSX,000185385,2019-09-17,6:00 AM,Derailment,0,NASHVILLE,TN,73,4,Dark,Clear,Industry,Yard/switching,4,4804,6548,11352,H702,36.126156,-86.772041,83.9,83.4,80.6
CSX,000185468,2019-09-19,4:00 AM,Derailment,0,NASHVILLE,TN,73,1,Dawn,Clear,Yard,Yard/switching,4,11032,1782,12814,M404,36.112142,-86.770737,80.6,79.2,78.7
CSX,000205490,2022-06-11,1:25 AM,Side collision,0,NASHVILLE,TN,80,4,Dark,Clear,Yard,Freight Train,0,47331,29940,166430,H306,36.112136,-86.770713,70.8,74.7,80.5
CSX,000186820,2019-11-28,5:45 AM,Other impacts,0,NASHVILLE,TN,34,4,Dark,Cloudy,Yard,Yard/switching,5,15770,0,17661,H306,36.112142,-86.770737,55.9,42.2,48.3
CSX,000170899,2017-08-13,3:27 PM,Other impacts,0,NASHVILLE,TN,89,2,Day,Cloudy,Yard,Cut of cars,0,144,560,15629,H018,36.100736,-86.75124,78.4,76.8,75.5
CSX,000211634,2023-06-05,7:05 AM,Derailment,0,NASHVILLE,TN,60,1,Dawn,Clear,Yard,Yard/switching,6,23413,28145,103379,H303,36.112136,-86.770713,76.6,77.4,76.6
CSX,000169042,2017-05-21,9:30 PM,Side collision,0,NASHVILLE,TN,75,4,Dark,Clear,Yard,Freight Train,5,48692,0,48792,H307,36.112142,-86.770737,76.6,73.4,67.6
CSX,000208508,2022-11-25,9:36 PM,Derailment,0,NASHVILLE,TN,45,4,Dark,Clear,Yard,Yard/switching,5,57697,26232,83929,E46C,36.112136,-86.770713,52.6,53.9,49
CSX,000206875,2022-08-25,8:11 AM,Derailment,0,NASHVILLE,TN,84,2,Day,Clear,Main,Freight Train,5,82228,31823,114051,M405,36.112136,-86.770713,79.3,79.6,78.9
UP,0415LK003,2015-04-02,3:45 AM,Derailment,0,NASHVILLE,AR,60,4,Dark,Cloudy,Main,Freight Train,3,4477,20704,25181,H303,34.070621,-93.856119,68.1,71.8,68.9
UP,1120ES041,2020-11-17,7:45 AM,Hwy-rail crossing,0,NASHVILLE,AR,42,1,Dawn,Clear,Main,Spec. MoW Equip.,8,32218,0,32218,M302,33.92669,-93.80266,49.1,51.6,52.3
UP,0920MA015,2020-09-14,10:04 AM,Head on collision,0,NASHVILLE,AR,78,2,Day,Cloudy,Main,Freight Train,15,1500,0,951500,H603,34.062609,-93.853667,78,76.1,77.1
CSX,000185377,2019-09-17,10:38 AM,Side collision,0,NASHVILLE,TN,93,2,Day,Cloudy,Yard,Yard/switching,7,23006,0,27437,H306,36.112142,-86.770737,83.9,83.4,80.6
CSX,000209011,2022-12-29,9:54 PM,Side collision,0,NASHVILLE,TN,60,4,Dark,Clear,Yard,Yard/switching,0,5923,0,19231,H307,36.112136,-86.770713,42.7,55.7,60.8
CSX,000185377,2019-09-17,10:38 AM,Side collision,0,NASHVILLE,TN,93,2,Day,Cloudy,Yard,Freight Train,6,953,3478,27437,H306,36.112142,-86.770737,83.9,83.4,80.6
CSX,000190186,2020-05-13,7:30 AM,Other impacts,0,NASHVILLE,TN,55,2,Day,Rain,Yard,Cut of cars,9,17558,96,17654,M408,36.112142,-86.770737,54.6,59.2,71.2
CSX,000150388,2015-08-10,3:00 PM,Raking collision,0,NASHVILLE,TN,87,2,Day,Clear,Yard,Cut of cars,7,12500,0,61048,E06C,36.09217,-86.760617,81,81.4,82
CSX,000211166,2023-05-02,11:04 AM,Other impacts,0,NASHVILLE,TN,65,2,Day,Clear,Yard,Single Car,5,638,0,23423,S016,36.112157,-86.770728,56.7,56.9,57.9
CSX,000191201,2020-07-04,7:00 AM,Other impacts,0,NASHVILLE,TN,76,1,Dawn,Clear,Yard,Yard/switching,6,14030,32,26042,M408,36.112142,-86.770737,82.4,81.6,78.4
CSX,000205343,2022-05-28,10:30 PM,Derailment,0,NASHVILLE,TN,70,4,Dark,Clear,Yard,Cut of cars,7,30896,1217,32113,M407,36.112136,-86.770713,65,65.9,71.7
CSX,000205508,2022-06-13,2:25 AM,Derailment,0,NASHVILLE,TN,80,4,Dark,Clear,Yard,Yard/switching,6,21891,30400,52291,M411,36.112136,-86.770713,80.5,86.4,87.2
CSX,000202736,2022-01-27,9:40 PM,Other impacts,0,NASHVILLE,TN,31,4,Dark,Cloudy,Yard,Single Car,2,9500,0,17000,H018,36.112136,-86.770713,25.6,34.9,34.3
CSX,000200015,2021-09-12,8:50 AM,Derailment,0,NASHVILLE,TN,80,2,Day,Clear,Yard,Single Car,9,13367,0,14017,M408,36.112142,-86.770737,70.8,74.4,77.2
CSX,000204122,2022-04-09,4:35 PM,Derailment,0,NASHVILLE,TN,58,2,Day,Clear,Yard,Yard/switching,2,11146,350,11496,E41C,36.112136,-86.770713,44,47.5,57.8
CSX,000179321,2018-10-15,10:35 PM,Derailment,0,NASHVILLE,TN,51,4,Dark,Clear,Yard,Yard/switching,4,25301,12520,37821,E45C,36.112142,-86.770737,60.9,60.9,50.6
CSX,000203356,2022-03-01,7:45 AM,Derailment,0,NASHVILLE,TN,39,1,Dawn,Clear,Yard,Yard/switching,4,170340,50800,221140,H504,36.112136,-86.770713,43.5,51.8,61.7
CSX,000191201,2020-07-04,7:00 AM,Other impacts,0,NASHVILLE,TN,76,1,Dawn,Clear,Yard,Single Car,7,11980,0,26042,M408,36.112142,-86.770737,82.4,81.6,78.4
CSX,000177687,2018-07-19,10:05 AM,Derailment,0,NASHVILLE,TN,89,2,Day,Clear,Yard,Yard/switching,4,22795,7548,30343,H315,36.112142,-86.770737,81,80.7,84.3
CSX,000150399,2015-08-10,9:30 PM,Side collision,0,NASHVILLE,TN,87,4,Dark,Clear,Yard,Single Car,0,0,0,12458,M408,36.112148,-86.770741,81,81.4,82
CSX,000211185,2023-05-04,12:30 AM,Derailment,0,NASHVILLE,TN,58,4,Dark,Clear,Yard,Single Car,3,500,1547,23389,M503,36.112157,-86.770728,57.9,58.1,62.3
CSX,000201050,2021-11-02,7:15 AM,Derailment,0,NASHVILLE,TN,58,1,Dawn,Cloudy,Yard,Cut of cars,0,5040,0,845367,M411,36.112142,-86.770737,52.5,47.3,43.2
CSX,000180293,2018-12-12,6:10 AM,Derailment,0,NASHVILLE,TN,29,4,Dark,Clear,Yard,Yard/switching,10,25010,20210,45220,S007,36.112142,-86.770737,33.7,45.4,52.4
CSX,000150388,2015-08-10,3:00 PM,Raking collision,0,NASHVILLE,TN,87,2,Day,Clear,Yard,Cut of cars,0,48548,0,61048,E06C,36.09217,-86.760617,81,81.4,82
CSX,000199334,2021-07-29,3:52 PM,Other impacts,0,NASHVILLE,TN,95,2,Day,Clear,Yard,Cut of cars,5,13695,150,13845,M411,36.112142,-86.770737,83.8,83.7,85.5
CSX,000217497,2024-04-18,6:00 PM,Derailment,0,NASHVILLE,TN,65,2,Day,Clear,Yard,Cut of cars,8,107580,25558,133138,S007,36.112136,-86.770713,73.6,74.6,64
CSX,000172479,2017-10-26,5:05 PM,Other impacts,0,NASHVILLE,TN,63,3,Dusk,Clear,Yard,Yard/switching,10,53869,48,53917,H318,36.112142,-86.770737,49.2,54.7,56.6
CSX,000217806,2024-05-03,7:00 PM,Derailment,0,NASHVILLE,TN,70,3,Dusk,Clear,Yard,Yard/switching,15,102026,3589,105615,M407,36.112136,-86.770713,73.8,72.1,69.9
CSX,000216361,2024-02-25,11:12 AM,Other impacts,0,NASHVILLE,TN,55,2,Day,Clear,Yard,Single Car,0,100,0,17100,S016,36.112136,-86.770713,45.2,48.5,65.5
CSX,000216649,2024-03-09,3:15 PM,Other (describe in narrative),0,NASHVILLE,TN,55,2,Day,Clear,Yard,Light loco(s),5,153500,22350,175850,H702,36.112136,-86.770713,60,50.2,44.4
CSX,000203943,2022-03-31,1:00 PM,Derailment,0,NASHVILLE,TN,48,2,Day,Cloudy,Industry,Yard/switching,4,26151,502,26653,M405,36.171066,-86.779487,71.2,51.9,46.9
CSX,000157530,2016-02-28,12:20 PM,Raking collision,0,NASHVILLE,TN,62,2,Day,Clear,Yard,Cut of cars,8,20598,0,22640,E04C,36.112142,-86.770737,45.6,56.7,56.7
CSX,000200561,2021-10-09,7:51 AM,Derailment,0,NASHVILLE,TN,75,1,Dawn,Clear,Yard,Freight Train,4,18425,1000,19425,H503,36.112142,-86.770737,69.9,72.6,74.2
CSX,000216361,2024-02-25,11:12 AM,Other impacts,0,NASHVILLE,TN,55,2,Day,Clear,Yard,Single Car,6,17000,0,17100,S016,36.112136,-86.770713,45.2,48.5,65.5
CSX,000157530,2016-02-28,12:20 PM,Raking collision,0,NASHVILLE,TN,62,2,Day,Clear,Yard,Cut of cars,8,2042,0,22640,E04C,36.112142,-86.770737,45.6,56.7,56.7
CSX,000201441,2021-11-18,5:00 PM,Derailment,0,NASHVILLE,TN,32,4,Dark,Clear,Yard,Yard/switching,7,12994,79750,92744,M405,36.112142,-86.770737,63.4,48,38.3
CSX,000170522,2017-07-26,11:20 AM,Derailment,0,NASHVILLE,TN,92,2,Day,Clear,Yard,Yard/switching,2,23853,342,24195,H524,36.123196,-86.749861,83.8,85.1,84.6
CSX,000181853,2019-03-16,3:48 AM,Derailment,0,NASHVILLE,TN,34,4,Dark,Clear,Yard,Freight Train,4,87934,19000,106934,E31C,36.112142,-86.770737,50,43.9,46.8
CSX,000140155,2015-01-16,2:43 AM,Other impacts,0,NASHVILLE,TN,30,4,Dark,Clear,Yard,Cut of cars,0,0,0,15100,M407,36.169386,-86.785302,32.6,37,43.6
CSX,000164420,2016-11-17,1:05 AM,Derailment,0,NASHVILLE,TN,48,4,Dark,Clear,Yard,Yard/switching,6,24508,12200,36708,E4BC,36.112142,-86.770737,55.8,61.6,65.4
CSX,000187302,2019-12-22,7:14 PM,Other impacts,0,NASHVILLE,TN,44,3,Dusk,Rain,Yard,Yard/switching,6,26833,0,27153,H999,36.112142,-86.770737,44.7,46.7,55.2
CSX,000189471,2020-03-09,7:46 PM,Other impacts,0,NASHVILLE,TN,65,3,Dusk,Clear,Yard,Yard/switching,6,52230,0,52230,M507,36.112142,-86.770737,51.3,58.7,59.9
CSX,000216684,2024-03-11,1:10 PM,Other impacts,0,NASHVILLE,TN,60,2,Day,Clear,Yard,Cut of cars,10,13304,0,13304,H399,36.112136,-86.770713,44.4,45.4,53.7
CSX,000216112,2024-02-09,3:02 AM,Other impacts,0,NASHVILLE,TN,55,4,Dark,Clear,Yard,Freight Train,5,29301,0,71309,H510,36.112136,-86.770713,54.9,56.7,59.1
CSX,000185889,2019-10-10,6:49 PM,Side collision,0,NASHVILLE,TN,88,3,Dusk,Clear,Yard,Cut of cars,7,110,48,25069,M408,36.112142,-86.770737,66.6,71.5,69.9
CSX,000174454,2018-01-31,4:42 PM,Derailment,0,NASHVILLE,TN,45,3,Dusk,Clear,Yard,Yard/switching,4,25587,1524,27111,E4BC,36.112142,-86.770737,31.9,43.9,44.9
CSX,000202736,2022-01-27,9:40 PM,Other impacts,0,NASHVILLE,TN,31,4,Dark,Cloudy,Yard,Light loco(s),2,7500,0,17000,H018,36.112136,-86.770713,25.6,34.9,34.3
CSX,000211166,2023-05-02,11:04 AM,Other impacts,0,NASHVILLE,TN,65,2,Day,Clear,Yard,Single Car,5,22785,0,23423,S016,36.112157,-86.770728,56.7,56.9,57.9
CSX,000194396,2020-12-12,5:20 AM,Other impacts,0,NASHVILLE,TN,57,1,Dawn,Rain,Yard,Single Car,7,5744,64,20041,M408,36.112142,-86.770737,53.9,57.8,43.5
CSX,000185047,2019-08-30,9:53 AM,Other impacts,0,NASHVILLE,TN,81,2,Day,Clear,Yard,Cut of cars,4,21112,0,21612,M408,36.112142,-86.770737,71.8,75.8,77.6
CSX,000157120,2016-02-16,6:30 PM,Derailment,0,NASHVILLE,TN,45,3,Dusk,Rain,Yard,Yard/switching,8,23217,1200,24417,E04C,36.09217,-86.760617,39.4,40.8,36.9
CSX,000171065,2017-08-20,8:30 AM,Derailment,0,NASHVILLE,TN,88,2,Day,Clear,Yard,Yard/switching,4,152089,5050,157139,H702,36.112142,-86.770737,79,81.9,82
CSX,000163582,2016-10-16,4:40 PM,Derailment,0,NASHVILLE,TN,80,2,Day,Clear,Yard,Freight Train,4,31750,8900,40650,H518,36.112142,-86.770737,70.4,71.4,73