reportingrailroadcode,accidentnumber,date,time,accidenttype,hazmatreleasedcars,station,stateabbr,temperature,visibility_code,visibility,weathercondition,tracktype,equipmenttype,trainspeed,equipmentdamagecost,trackdamagecost,totaldamagecost,primaryaccidentcausecode,latitude,longitude,prior_temp,actual_temp,following_temp
CSX,000170238,2017-07-15,10:30 AM,Derailment,0,NASHVILLE,TN,85,2,Day,Clear,Main,Freight Train,8,11350,200,11550,H503,36.17095,-86.777578,80.3,77.5,80.3
CSX,000145006,2015-04-19,12:35 AM,Side collision,0,NASHVILLE,TN,72,4,Dark,Clear,Yard,Freight Train,8,32039,0,39139,H607,36.169386,-86.785302,67.1,66.9,58.9
CSX,000140155,2015-01-16,2:43 AM,Other impacts,0,NASHVILLE,TN,30,4,Dark,Clear,Yard,Cut of cars,12,15000,100,15100,M407,36.169386,-86.785302,32.6,37,43.6
CSX,000185047,2019-08-30,9:53 AM,Other impacts,0,NASHVILLE,TN,81,2,Day,Clear,Yard,Single Car,8,500,0,21612,M408,36.112142,-86.770737,71.8,75.8,77.6
CSX,000200807,2021-09-30,11:48 AM,Other (describe in narrative),0,NASHVILLE,TN,81,2,Day,Cloudy,Yard,Cut of cars,14,10427,0,10427,M407,36.112142,-86.770737,73.4,74,75.8
CSX,000170586,2017-07-31,7:25 PM,Derailment,0,NASHVILLE,TN,80,3,Dusk,Clear,Yard,Yard/switching,4,78012,6135,84147,M405,36.095156,-86.761107,75.4,77,76.8
CSX,000210823,2023-04-16,8:15 AM,Other impacts,0,NASHVILLE,TN,73,2,Day,Cloudy,Yard,Cut of cars,5,40477,0,40477,H316,36.112157,-86.770728,67.3,59.6,57
CSX,000141991,2015-02-22,6:45 AM,Derailment,0,NASHVILLE,TN,24,4,Dark,Cloudy,Yard,Yard/switching,7,2464,29100,31564,E07C,36.169386,-86.785302,37.6,35.1,26.1
CSX,000145006,2015-04-19,12:35 AM,Side collision,0,NASHVILLE,TN,72,4,Dark,Clear,Yard,Light loco(s),4,7000,100,39139,H607,36.169386,-86.785302,67.1,66.9,58.9
CSX,000186494,2019-11-08,5:35 PM,Other impacts,0,NASHVILLE,TN,45,2,Day,Clear,Yard,Cut of cars,4,0,548,20083,M408,36.112142,-86.770737,49.7,35.4,40.1
CSX,000181586,2019-02-27,3:15 PM,Derailment,0,NASHVILLE,TN,68,2,Day,Clear,Main,Freight Train,24,221763,135820,357583,E40C,36.146926,-86.77183,47.7,54.2,45.4
CSX,000176903,2018-06-10,10:25 PM,Other impacts,0,NASHVILLE,TN,81,4,Dark,Cloudy,Yard,Cut of cars,10,0,16640,55534,H995,36.112142,-86.770737,80.8,75.7,80.3
CSX,000203060,2022-02-13,7:45 AM,Derailment,0,NASHVILLE,TN,23,1,Dawn,Clear,Yard,Cut of cars,6,27418,111,27529,M411,36.112136,-86.770713,37,30,36
CSX,000201519,2021-11-24,10:35 PM,Derailment,0,NASHVILLE,TN,51,4,Dark,Clear,Yard,Yard/switching,5,422529,40082,462611,H317,36.112142,-86.770737,35.7,46.3,47.7
CSX,000170884,2017-08-12,2:35 AM,Derailment,0,NASHVILLE,TN,73,4,Dark,Cloudy,Yard,Cut of cars,4,27650,870,28520,H310,36.087476,-86.753944,78.4,78.4,76.8
CSX,000186494,2019-11-08,5:35 PM,Other impacts,0,NASHVILLE,TN,45,2,Day,Clear,Yard,Yard/switching,8,19535,0,20083,M408,36.112142,-86.770737,49.7,35.4,40.1
CSX,000143434,2015-03-22,2:00 AM,Derailment,0,NASHVILLE,TN,50,4,Dark,Clear,Yard,Yard/switching,4,16000,500,16500,E04C,36.112148,-86.770741,54.3,56.5,57.9
CSX,000172986,2017-11-20,8:00 PM,Derailment,0,NASHVILLE,TN,45,4,Dark,Clear,Yard,Yard/switching,5,300709,9476,310185,M409,36.112142,-86.770737,41.4,38.3,46.3
CSX,000181610,2019-02-28,5:45 AM,Derailment,0,NASHVILLE,TN,49,4,Dark,Clear,Yard,Freight Train,5,13758,6560,20318,M405,36.112142,-86.770737,54.2,45.4,40.6
CSX,000163949,2016-10-30,10:28 AM,Derailment,0,NASHVILLE,TN,81,2,Day,Clear,Yard,Yard/switching,4,57949,8900,66849,H503,36.09217,-86.760617,67.5,69.2,70.9
CSX,000205115,2022-05-23,1:45 PM,Derailment,0,NASHVILLE,TN,68,2,Day,Clear,Yard,Freight Train,5,40059,2512,42571,E40C,36.112136,-86.770713,68.8,63.8,67.4
CSX,000176903,2018-06-10,10:25 PM,Other impacts,0,NASHVILLE,TN,81,4,Dark,Cloudy,Yard,Freight Train,10,38894,0,55534,H995,36.112142,-86.770737,80.8,75.7,80.3
CSX,000170899,2017-08-13,3:27 PM,Other impacts,0,NASHVILLE,TN,89,2,Day,Cloudy,Yard,Cut of cars,4,14925,0,15629,H018,36.100736,-86.75124,78.4,76.8,75.5
CSX,000164903,2016-12-04,8:50 PM,Derailment,0,NASHVILLE,TN,45,4,Dark,Clear,Yard,Yard/switching,6,46798,360,47158,H306,36.112142,-86.770737,40.8,44.4,44.8
CSX,000210397,2022-09-02,2:29 AM,Other impacts,0,NASHVILLE,TN,62,4,Dark,Clear,Industry,Yard/switching,2,0,24000,24000,M599,36.112157,-86.770728,75.8,77.4,76.1
CSX,000201050,2021-11-02,7:15 AM,Derailment,0,NASHVILLE,TN,58,1,Dawn,Cloudy,Yard,Yard/switching,10,558900,0,845367,M411,36.112142,-86.770737,52.5,47.3,43.2
NRTX,12120,2020-12-01,4:42 PM,Hwy-rail crossing,0,NASHVILLE,TN,40,3,Dusk,Clear,Main,Commuter Train - Pulling,50,75000,0,75000,M302,36.17747,-86.63036,35.3,32.5,32.9
CSX,000203564,2022-03-11,7:00 AM,Side collision,0,NASHVILLE,TN,40,1,Dawn,Clear,Yard,Yard/switching,10,54000,0,75250,H305,36.112136,-86.770713,48.2,44.5,26.6
CSX,000185889,2019-10-10,6:49 PM,Side collision,0,NASHVILLE,TN,88,3,Dusk,Clear,Yard,Yard/switching,6,24911,0,25069,M408,36.112142,-86.770737,66.6,71.5,69.9
CSX,000195339,2021-01-28,9:04 AM,Fire/violent rupture,0,NASHVILLE,TN,30,2,Day,Cloudy,Main,Freight Train,0,178300,0,178300,E73L,36.229378,-86.731413,38,32.1,33.1
CSX,000193388,2020-10-21,8:12 AM,Other impacts,0,NASHVILLE,TN,65,2,Day,Clear,Yard,Cut of cars,7,41160,0,173765,E31C,36.112142,-86.770737,70,69.3,71
CSX,000176561,2018-05-23,8:47 PM,Derailment,0,NASHVILLE,TN,62,4,Dark,Clear,Yard,Yard/switching,4,52301,59466,111767,H799,36.112142,-86.770737,74.4,76.4,77.6
CSX,000211254,2023-05-08,11:15 PM,Other impacts,0,NASHVILLE,TN,60,4,Dark,Clear,Yard,Single Car,2,49,0,15680,E69C,36.112157,-86.770728,71,69.8,73.7
NERR,12120,2020-12-01,4:42 PM,Hwy-rail crossing,0,NASHVILLE,TN,40,3,Dusk,Clear,Main,,0,0,0,75000,M302,36.17747,-86.63036,35.3,32.5,32.9
CSX,000187302,2019-12-22,7:14 PM,Other impacts,0,NASHVILLE,TN,44,3,Dusk,Rain,Yard,Single Car,0,0,320,27153,H999,36.112142,-86.770737,44.7,46.7,55.2
CSX,000201792,2021-12-09,5:50 PM,Derailment,0,NASHVILLE,TN,53,3,Dusk,Clear,Yard,Freight Train,7,15847,3000,18847,M208,36.112136,-86.770713,42.5,48.7,62.3
CSX,000173976,2018-01-11,9:56 AM,Derailment,0,NASHVILLE,TN,58,2,Day,Clear,Yard,Freight Train,6,162433,17978,180411,H503,36.112142,-86.770737,54.2,62.5,32.6
CSX,000214193,2023-10-24,8:45 AM,Other impacts,0,NASHVILLE,TN,68,2,Day,Clear,Yard,Single Car,4,16000,1949,26853,M411,36.112136,-86.770713,59.8,65.1,66.7
CSX,000192169,2020-08-20,3:02 PM,Other impacts,0,NASHVILLE,TN,74,2,Day,Cloudy,Yard,Single Car,6,27306,0,27406,S016,36.112142,-86.770737,74,77.4,73.2
CSX,000201289,2021-11-13,1:15 AM,Derailment,0,NASHVILLE,TN,32,4,Dark,Clear,Yard,Freight Train,7,23818,77200,101018,H704,36.112142,-86.770737,51.5,40.1,45.1
CSX,000169042,2017-05-21,9:30 PM,Side collision,0,NASHVILLE,TN,75,4,Dark,Clear,Yard,Yard/switching,2,0,100,48792,H307,36.112142,-86.770737,76.6,73.4,67.6
CSX,000214193,2023-10-24,8:45 AM,Other impacts,0,NASHVILLE,TN,68,2,Day,Clear,Yard,Yard/switching,4,8904,0,26853,M411,36.112136,-86.770713,59.8,65.1,66.7
CSX,000211634,2023-06-05,7:05 AM,Derailment,0,NASHVILLE,TN,60,1,Dawn,Clear,Yard,Single Car,6,51821,0,103379,H303,36.112136,-86.770713,76.6,77.4,76.6
CSX,000191154,2020-06-27,7:00 PM,Other impacts,0,NASHVILLE,TN,82,3,Dusk,Cloudy,Yard,Cut of cars,0,12809,64,12873,M201,36.112142,-86.770737,75.4,79,81.1
CSX,000186820,2019-11-28,5:45 AM,Other impacts,0,NASHVILLE,TN,34,4,Dark,Cloudy,Yard,Cut of cars,5,1599,292,17661,H306,36.112142,-86.770737,55.9,42.2,48.3
CSX,000193388,2020-10-21,8:12 AM,Other impacts,0,NASHVILLE,TN,65,2,Day,Clear,Yard,Freight Train,7,127545,5060,173765,E31C,36.112142,-86.770737,70,69.3,71
CSX,000170225,2017-07-12,10:00 AM,Other impacts,0,NASHVILLE,TN,90,2,Day,Clear,Yard,Cut of cars,12,36500,150,36650,H601,36.100736,-86.75124,81.1,82.9,83.1
CSX,000178304,2018-08-21,11:30 PM,Other impacts,0,NASHVILLE,TN,72,4,Dark,Clear,Yard,Cut of cars,4,18313,0,18425,H308,36.112142,-86.770737,79.3,76.7,74.4
CSX,000211185,2023-05-04,12:30 AM,Derailment,0,NASHVILLE,TN,58,4,Dark,Clear,Yard,Yard/switching,3,21342,0,23389,M503,36.112157,-86.770728,57.9,58.1,62.3
CSX,000201270,2021-10-23,10:56 PM,Other impacts,0,NASHVILLE,TN,60,4,Dark,Clear,Yard,Cut of cars,10,43667,121,43788,M407,36.112142,-86.770737,55.3,57.4,67.7
CSX,000177731,2018-07-21,6:00 PM,Side collision,0,NASHVILLE,TN,85,2,Day,Clear,Yard,Freight Train,3,174759,23248,198007,H306,36.112142,-86.770737,84.3,80.4,74.6
CSX,000209011,2022-12-29,9:54 PM,Side collision,0,NASHVILLE,TN,60,4,Dark,Clear,Yard,Yard/switching,4,13308,0,19231,H307,36.112136,-86.770713,42.7,55.7,60.8
CSX,000180616,2019-01-04,6:35 AM,Other impacts,0,NASHVILLE,TN,42,1,Dawn,Rain,Yard,Cut of cars,4,132486,0,325721,H099,36.112142,-86.770737,42.5,47.5,45.8
CSX,000150399,2015-08-10,9:30 PM,Side collision,0,NASHVILLE,TN,87,4,Dark,Clear,Yard,Cut of cars,4,12458,0,12458,M408,36.112148,-86.770741,81,81.4,82
CSX,000177731,2018-07-21,6:00 PM,Side collision,1,NASHVILLE,TN,85,2,Day,Clear,Yard,Freight Train,5,0,0,198007,H306,36.112142,-86.770737,84.3,80.4,74.6
CSX,000186150,2019-10-23,6:30 AM,Derailment,0,NASHVILLE,TN,41,4,Dark,Clear,Main,Yard/switching,5,19000,8012,27012,H702,36.093116,-86.696013,59,54.2,55.5
CSX,000200015,2021-09-12,8:50 AM,Derailment,0,NASHVILLE,TN,80,2,Day,Clear,Yard,Single Car,9,500,150,14017,M408,36.112142,-86.770737,70.8,74.4,77.2
CSX,000213967,2023-10-11,2:30 AM,Derailment,0,NASHVILLE,TN,55,4,Dark,Cloudy,Yard,Yard/switching,5,29826,5050,34876,H702,36.112136,-86.770713,61.3,61.1,66.5
CSX,000203564,2022-03-11,7:00 AM,Side collision,0,NASHVILLE,TN,40,1,Dawn,Clear,Yard,Yard/switching,10,18250,3000,75250,H305,36.112136,-86.770713,48.2,44.5,26.6
CLNA,06031901,2019-06-03,2:50 PM,Derailment,0,NASHVILLE,NC,81,2,Day,Clear,Main,Freight Train,10,99022,31000,130022,T220,35.967936,-77.957631,75.2,74,69.8
NERR,11232017,2017-11-23,3:13 AM,Derailment,0,NASHVILLE,TN,31,4,Dark,Clear,Yard,,0,0,51716,51716,H503,0,0,39.5,38.4,45.6
CSX,000208896,2022-12-20,2:20 AM,Derailment,0,NASHVILLE,TN,35,4,Dark,Clear,Yard,Yard/switching,5,8609,1998,10607,E21C,36.112136,-86.770713,33.4,41,40.6
CSX,000216484,2024-01-24,3:00 AM,Other impacts,0,NASHVILLE,TN,37,4,Dark,Clear,Yard,Cut of cars,0,47105,0,47105,M204,36.112136,-86.770713,49.7,58,59.3
CSX,000211254,2023-05-08,11:15 PM,Other impacts,0,NASHVILLE,TN,60,4,Dark,Clear,Yard,Single Car,2,15631,0,15680,E69C,36.112157,-86.770728,71,69.8,73.7
CSX,000151771,2015-09-04,11:15 PM,Derailment,0,NASHVILLE,TN,75,4,Dark,Clear,Yard,Yard/switching,4,243968,22100,266068,E30C,36.09217,-86.760617,83.1,82.9,80.9
DQE,IO200114,2020-09-14,10:00 AM,Head on collision,0,NASHVILLE,AR,85,2,Day,Clear,Yard,Yard/switching,0,950000,0,951500,H607,34.063123,-93.853765,78,76.1,77.1
UP,1114LK005,2014-11-07,11:55 PM,Derailment,0,NASHVILLE,AR,39,4,Dark,Clear,Industry,Freight Train,7,489,20070,20559,T110,33.93639,-93.843324,54.9,46.3,50.2
UP,0820MA039,2020-08-29,3:07 PM,Derailment,0,NASHVILLE,AR,94,2,Day,Cloudy,Yard,Freight Train,8,15928,2640,18568,T110,34.072096,-93.856755,81.6,83.7,77.2
CSX,000176352,2018-05-13,4:30 AM,Derailment,0,NASHVILLE,TN,65,1,Dawn,Clear,Yard,Yard/switching,7,16127,300,16427,T207,36.112142,-86.770737,77,76.7,79.3
CSX,000160795,2016-06-24,6:00 AM,Derailment,0,NASHVILLE,TN,75,1,Dawn,Cloudy,Yard,Freight Train,5,25600,6488,32088,T207,36.112142,-86.770737,87,80.7,83.1
CSX,000175756,2018-04-10,6:00 PM,Derailment,0,NASHVILLE,TN,46,3,Dusk,Clear,Yard,Yard/switching,7,22294,910,23204,T207,36.112142,-86.770737,50.4,48.7,51.3
CSX,000192591,2020-09-12,11:18 PM,Derailment,0,NASHVILLE,TN,80,4,Dark,Cloudy,Yard,Freight Train,6,110928,5677,116605,T403,36.112142,-86.770737,80.3,77.5,73.6
CSX,000180116,2018-11-28,11:16 AM,Derailment,0,NASHVILLE,TN,41,2,Day,Clear,Yard,Freight Train,8,118732,0,214948,T207,36.112142,-86.770737,29.8,29.4,45
CSX,000193555,2020-10-30,1:45 AM,Derailment,0,NASHVILLE,TN,50,4,Dark,Cloudy,Yard,Yard/switching,5,203427,3768,207195,T207,36.112142,-86.770737,62.3,49.1,51.8
CSX,000174336,2018-01-28,7:30 PM,Derailment,0,NASHVILLE,TN,50,3,Dusk,Cloudy,Yard,Freight Train,6,14196,1879,16075,T319,36.112142,-86.770737,54.8,50.1,37.5
CSX,000144410,2015-04-07,12:35 PM,Derailment,0,NASHVILLE,TN,70,2,Day,Cloudy,Yard,Freight Train,8,19048,500,19548,T310,36.112148,-86.770741,60.6,68.6,73.3
CSX,000138056,2014-11-25,1:30 PM,Derailment,0,NASHVILLE,TN,36,2,Day,Clear,Yard,Freight Train,5,29455,250,29705,T310,36.119261,-86.772365,56.5,42.2,39.7
CSX,000176618,2018-05-25,8:00 PM,Derailment,0,NASHVILLE,TN,75,3,Dusk,Cloudy,Yard,Yard/switching,5,8642,2506,11148,T110,36.112142,-86.770737,77.6,76.6,73.4
CSX,000162662,2016-09-06,7:20 AM,Derailment,0,NASHVILLE,TN,75,1,Dawn,Clear,Yard,Yard/switching,5,20408,200,20608,T207,36.112142,-86.770737,79.7,79.9,80.4
CSX,000181846,2019-03-15,8:50 PM,Derailment,0,NASHVILLE,TN,44,4,Dark,Clear,Yard,Freight Train,7,21148,1956,23104,T202,36.112142,-86.770737,69.3,50,43.9
CSX,000180116,2018-11-28,11:16 AM,Derailment,0,NASHVILLE,TN,41,2,Day,Clear,Yard,Cut of cars,8,40000,56216,214948,T207,36.112142,-86.770737,29.8,29.4,45
CSX,000156092,2016-01-16,5:05 AM,Derailment,0,NASHVILLE,TN,37,4,Dark,Cloudy,Yard,Freight Train,9,99400,100,99500,T314,36.112142,-86.770737,45.9,36.9,31.7
CSX,000174258,2018-01-25,1:18 AM,Derailment,0,NASHVILLE,TN,32,4,Dark,Clear,Yard,Yard/switching,6,21331,1765,23096,T103,36.112142,-86.770737,40.3,40.2,46.6
CSX,000184604,2019-08-06,11:55 AM,Derailment,0,NASHVILLE,TN,86,2,Day,Cloudy,Yard,Freight Train,5,33312,2152,35464,T102,36.112142,-86.770737,77.5,78.6,77.9
CSX,000185609,2019-09-24,10:00 PM,Derailment,0,NASHVILLE,TN,62,4,Dark,Cloudy,Yard,Yard/switching,8,19756,1300,21056,T102,36.112142,-86.770737,77.6,72.3,73.1
CSX,000189460,2020-04-02,10:30 AM,Derailment,0,NASHVILLE,TN,52,2,Day,Clear,Yard,Yard/switching,8,155294,0,194332,T210,36.112142,-86.770737,49.2,52.8,59
CSX,000189460,2020-04-02,10:30 AM,Derailment,0,NASHVILLE,TN,52,2,Day,Clear,Yard,Cut of cars,0,1000,38038,194332,T210,36.112142,-86.770737,49.2,52.8,59
LSRC,D200917,2020-09-17,1:15 AM,Derailment,0,NATIONAL CITY,MI,60,4,Dark,Clear,Main,Freight Train,9,34000,2979,36979,T202,44.19057,-83.752464,64.7,50.2,45.8
NS,151023,2022-10-02,4:10 AM,Derailment,0,NATURAL BRIDGE,AL,45,1,Dawn,Clear,Main,Freight Train,23,28224,39413,67637,E00C,34.070449,-87.583697,61.3,63.2,63.3
BNSF,SW0915103,2015-09-09,9:00 PM,Derailment,0,NAVAJO,AZ,70,4,Dark,Clear,Industry,Freight Train,20,2000,16500,18500,T108,34.618836,-109.301331,68.3,65.2,66.6
BNSF,RD0817121,2017-08-23,3:50 AM,Derailment,0,NAVASOTA,TX,77,4,Dark,Clear,Siding,Freight Train,9,11727,4500,16227,H503,30.347979,-96.017261,86.1,84.8,81.4
UP,1121HO005,2021-11-05,4:25 AM,Derailment,0,NAVASOTA,TX,44,1,Dawn,Clear,Siding,Freight Train,14,201387,640800,842187,T001,30.353315,-96.030518,51.9,51.9,53.9
CSX,000194442,2020-12-14,2:50 AM,Derailment,0,NAYLOR,GA,61,4,Dark,Cloudy,Main,Freight Train,22,8638,27501,36139,E53C,30.878505,-83.153888,64.7,62.7,52.1
NS,130775,2018-08-30,2:30 PM,Derailment,0,NAZARETH,PA,89,2,Day,Clear,Main,Freight Train,18,12469,0,12469,M101,40.732344,-75.322088,82.9,80.6,70.7
NS,141053,2021-03-28,10:30 AM,Derailment,0,NAZARETH,PA,52,2,Day,Rain,Industry,Freight Train,7,750,64272,65022,T110,40.728666,-75.339601,57,53.9,45.7
KCS,15041901,2015-04-19,3:30 AM,Other (describe in narrative),0,NEAME,LA,60,4,Dark,Fog,Main,Freight Train,6,0,11657,11657,H607,30.963621,-93.281828,69.9,70.3,64.1
UP,0518KC020,2018-05-25,5:00 PM,Obstruction,0,NEBRASKA CITY,NE,91,2,Day,Clear,Main,Freight Train,15,0,33,21484,H402,40.656422,-95.876257,77.5,78.3,85.1
UP,0518KC020,2018-05-25,5:00 PM,Obstruction,0,NEBRASKA CITY,NE,91,2,Day,Clear,Main,Maint./inspect Car,20,21451,0,21484,H402,40.656422,-95.876257,77.5,78.3,85.1
BNSF,HL0221114,2021-02-17,3:54 AM,Derailment,0,NEBRASKA CITY,NE,-10,4,Dark,Clear,Industry,Freight Train,2,25744,0,25744,M101,40.631761,-95.804525,-8.3,9.2,14.6
UP,1020HL012,2020-10-18,7:30 PM,Derailment,0,NEBRASKA CITY,NE,41,3,Dusk,Rain,Industry,Freight Train,6,22682,40000,62682,E85C,40.652151,-95.81499,58.9,40.9,39.8
UP,0215KC002,2015-02-05,6:32 AM,Derailment,0,NEBRASKA CITY,NE,-10,1,Dawn,Cloudy,Industry,Freight Train,3,193532,13998,207530,M404,40.668582,-95.855391,16.6,9.1,31.8
UP,0719HL028,2019-07-31,6:13 PM,Derailment,0,NEBRASKA CITY,NE,75,3,Dusk,Cloudy,Industry,Freight Train,10,586182,5042,591224,T401,40.672829,-95.848149,70.4,70.1,73.6
BNSF,HL0424115,2024-04-16,10:51 AM,Derailment,0,NEBRASKA CITY,NE,62,2,Day,Clear,Main,Freight Train,9,12108,150000,162108,T303,40.672294,-95.846312,69.8,65.6,59.2
UP,0416DV010,2016-04-18,9:40 PM,Derailment,0,NEDERLAND,CO,30,4,Dark,Clear,Main,Freight Train,16,1336,11083,12419,H019,39.923613,-105.355599,34.6,38.3,42
KCS,18100501,2018-10-05,5:30 AM,Derailment,0,NEDERLAND,TX,74,4,Dark,Clear,Industry,Yard/switching,4,21102,2500,23602,T110,29.982957,-93.997748,81.6,82.1,80.2
KCS,19011203,2019-01-12,7:20 PM,Derailment,0,NEDERLAND,TX,50,4,Dark,Clear,Yard,Freight Train,4,9265,110044,119309,T399,29.986942,-94.002698,54.2,62.8,48.1
LSI,70637,2021-04-21,3:40 PM,Derailment,0,NEGAUNEE,MI,35,2,Day,Cloudy,Yard,Yard/switching,5,2500,34647,37147,T111,46.304731,-87.31314,26.1,28.1,34.2
SKOL,190627001,2019-06-27,1:30 AM,Derailment,0,NEODESHA,KS,72,4,Dark,Clear,Main,Freight Train,7,25000,9390,34390,E85C,37.418876,-95.688963,78.5,81.6,83.4
SKOL,1901119001,2019-01-19,12:30 AM,Derailment,0,NEODESHA,KS,29,4,Dark,Clear,Main,Freight Train,11,204071,235000,439071,T401,37.41108,-95.668519,43.6,22.7,24
ATK,178424,2024-02-14,6:05 PM,Hwy-rail crossing,0,NEOGA,IL,50,4,Dark,Clear,Main,Passenger Train - Pulling,79,15721,0,15721,M302,39.277483,-88.472424,39,41.7,43.4
IC,1145031,2024-02-14,6:05 PM,Hwy-rail crossing,0,NEOGA,IL,46,3,Dusk,Clear,Main,,0,0,0,15721,M302,39.277483,-88.472424,39,41.7,43.4
BNSF,SF1215109,2015-12-27,9:30 AM,Derailment,0,NEOSHO,MO,36,2,Day,Rain,Siding,Freight Train,0,1260000,2500000,3760000,M103,36.896684,-94.362385,52.3,36.2,33.1
KCS,20030701,2020-03-07,11:05 AM,Derailment,0,NEOSHO,MO,65,2,Day,Clear,Main,Freight Train,37,390000,629421,1019421,E39C,36.762432,-94.395246,43,50.6,54.8
KCS,16081602,2016-08-16,10:00 AM,Other impacts,0,NEOSHO,MO,80,2,Day,Clear,Main,Single Car,50,0,15400,15400,H018,36.833816,-94.370383,68.6,72,75.2
BNSF,SF0116112,2016-01-23,9:49 PM,Derailment,0,NEOSHO,MO,30,4,Dark,Clear,Main,Freight Train,17,27017,1500,28517,E21C,36.915369,-94.343742,26.9,30.1,42.8
UP,0118UT017,2018-01-02,12:35 PM,Hwy-rail crossing,0,NEPHI,UT,35,2,Day,Clear,Main,Freight Train,45,23660,396,24056,M308,39.68478,-111.841545,28.6,26,23.3
RBMN,R02102001,2020-02-09,3:50 PM,Derailment,0,NESQUEHONING,PA,40,2,Day,Cloudy,Main,Freight Train,26,38880,108095,146975,T111,40.864136,-75.815305,29.7,32.9,40.5
KO,170221,2017-02-20,2:00 PM,Derailment,0,NESS CITY,KS,70,2,Day,Clear,Main,Freight Train,10,20500,15000,35500,T212,38.451598,-99.935416,54.2,54.9,51.3
NJTR,201904182,2019-04-06,12:45 AM,Derailment,0,NETCONG,NJ,40,4,Dark,Rain,Yard,Light loco(s),10,17625,1655,19280,H607,40.907907,-74.67361,36.9,47.2,53.7
NJTR,202202100,2021-12-27,4:25 AM,Obstruction,0,NETCONG,NJ,30,4,Dark,Cloudy,Main,Commuter Train - Pulling,45,12007,0,12007,M404,40.897667,-74.699434,44.8,33.1,38.5
BNSF,HL1117101,2017-11-04,5:19 PM,Derailment,0,NETTLETON,MS,72,3,Dusk,Cloudy,Main,Freight Train,37,15191,1500,16691,M501,34.109047,-88.632648,70.1,66.6,70.3
UP,0724GL007,2024-07-07,1:51 AM,Derailment,0,NEVADA,IA,66,4,Dark,Clear,Main,Freight Train,5,27503,1750,29253,E53C,42.01536,-93.44454,71.2,71.5,71.5
MNA,MNA475119,2019-09-01,11:55 PM,Derailment,0,NEVADA,MO,68,4,Dark,Clear,Yard,Freight Train,7,29617,0,59117,T311,37.842481,-94.347858,66.7,72,76.2
MNA,MNA475119,2019-09-01,11:55 PM,Derailment,0,NEVADA,MO,68,4,Dark,Clear,Yard,Cut of cars,0,27000,2500,59117,T311,37.842481,-94.347858,66.7,72,76.2
UP,0715CB002,2015-07-03,11:00 AM,Derailment,0,NEVADA,IA,76,2,Day,Clear,Main,Freight Train,23,213333,263092,476425,T102,42.024154,-93.477347,62.3,65.9,67.9
NS,119316,2016-02-11,6:30 AM,Side collision,0,NEW ALBANY,KY,20,1,Dawn,Clear,Yard,Freight Train,0,12000,0,12030,H307,38.263535,-85.801414,17,14.6,16.4
BNSF,HL1218106,2018-12-07,10:51 AM,Derailment,0,NEW ALBANY,MS,50,2,Day,Rain,Industry,Freight Train,9,9257,1500,10757,H306,34.410148,-88.89202,38.9,42.5,42.2
NS,122922,2016-11-28,11:45 AM,Other (describe in narrative),0,NEW ALBANY,KY,50,2,Day,Rain,Yard,Yard/switching,3,0,30566,30566,H318,38.263535,-85.801414,38.1,47.2,54.8
NS,141126,2021-04-04,7:25 PM,Derailment,0,NEW ALBANY,IN,70,3,Dusk,Clear,Main,Freight Train,6,181974,237715,419689,H524,38.285191,-85.814102,49.4,60.4,64
WN,1112015,2015-01-11,6:00 PM,Derailment,0,NEW AUBURN,WI,20,4,Dark,Clear,Industry,Freight Train,11,117760,175000,292760,H503,45.160843,-91.51607,2,7.2,-3.1
WN,05072018,2018-05-07,1:00 PM,Derailment,0,NEW AUBURN,WI,62,2,Day,Clear,Main,Freight Train,10,0,50611,50611,T212,45.280162,-91.619282,60.8,66,64.5
WN,1312015,2015-01-31,6:15 PM,Derailment,0,NEW AUBURN,WI,21,4,Dark,Clear,Industry,Freight Train,6,51301,187000,238301,H399,45.197493,-91.559997,11.3,22.7,11.9
WN,12132014,2014-12-14,2:00 AM,Derailment,0,NEW AUBURN,WI,37,4,Dark,Fog,Industry,Freight Train,2,18808,1500,20308,H306,45.249601,-91.596567,37.7,42.8,44.1
IC,894442,2016-07-12,8:20 AM,Hwy-rail crossing,0,NEW AUGUSTA,MS,73,2,Day,Clear,Main,Freight Train,50,27000,25,27025,M302,31.202185,-89.018936,79,78.6,80.4
MCRL,MC240423A,2024-04-23,5:53 PM,Other (describe in narrative),0,NEW BEDFORD,MA,50,2,Day,Clear,Main,Freight Train,10,2525,37693,40218,M599,41.679711,-70.940407,47.1,45.5,50.9
NS,141976,2021-06-23,11:35 PM,Other impacts,0,NEW BOSTON,OH,55,4,Dark,Clear,Yard,Cut of cars,0,38747,1236,40016,H018,38.745813,-82.940281,64.8,62.5,71
NS,130418,2018-08-01,12:30 AM,Other (describe in narrative),0,NEW BOSTON,OH,70,4,Dark,Cloudy,Yard,Freight Train,2,13138,11500,24638,H702,38.746477,-82.938605,72.7,71.5,73.5
NS,151962,2023-01-09,12:15 PM,Broken train collision,0,NEW BOSTON,OH,45,2,Day,Clear,Yard,Freight Train,5,28087,29026,57113,H008,38.746477,-82.938605,35,34.4,35.6