reportingrailroadcode,accidentnumber,date,time,accidenttype,hazmatreleasedcars,station,stateabbr,temperature,visibility_code,visibility,weathercondition,tracktype,equipmenttype,trainspeed,equipmentdamagecost,trackdamagecost,totaldamagecost,primaryaccidentcausecode,latitude,longitude,prior_temp,actual_temp,following_temp
NS,141976,2021-06-23,11:35 PM,Other impacts,0,NEW BOSTON,OH,55,4,Dark,Clear,Yard,Yard/switching,9,33,0,40016,H018,38.745813,-82.940281,64.8,62.5,71
NS,152340,2023-02-16,11:15 PM,Other (describe in narrative),0,NEW BOSTON,OH,35,4,Dark,Rain,Yard,Light loco(s),5,20000,1646,21646,H702,38.746477,-82.938605,61.2,54.9,37.7
NS,114367,2015-02-15,2:50 AM,Derailment,0,NEW BOSTON,OH,26,4,Dark,Snow,Yard,Freight Train,4,12800,2000,14800,H702,38.744825,-82.941787,27.2,13.3,11
NS,122810,2016-11-18,11:40 PM,Derailment,0,NEW BOSTON,OH,35,4,Dark,Cloudy,Yard,Work train,10,56760,2000,58760,H525,38.747554,-82.935163,50.5,56.9,44
UP,1215SA003,2015-12-02,9:00 AM,Obstruction,0,NEW BRAUNFELS,TX,65,2,Day,Cloudy,Main,Spec. MoW Equip.,0,20036,0,20330,H404,29.702771,-98.129185,52.4,54.1,49.4
UP,1215SA003,2015-12-02,9:00 AM,Obstruction,0,NEW BRAUNFELS,TX,65,2,Day,Cloudy,Main,Freight Train,15,294,0,20330,H404,29.702771,-98.129185,52.4,54.1,49.4
UP,0522SX025,2022-05-27,1:19 PM,Hwy-rail crossing,0,NEW BRAUNFELS,TX,91,2,Day,Clear,Main,Freight Train,39,482487,183500,665987,M308,29.660544,-98.196637,76.6,81.4,83
WRRC,2015002,2015-07-11,10:30 PM,Other impacts,0,NEW BRAUNFELS,TX,80,4,Dark,Clear,Yard,Yard/switching,14,381000,36000,417000,E06L,29.675,-98.1032,82.5,82,82.8
UP,0115SA002,2015-01-02,9:50 PM,Derailment,0,NEW BRAUNFELS,TX,55,4,Dark,Rain,Industry,Freight Train,8,31899,2150,34049,T211,29.626244,-98.268881,38.2,41.6,47.9
UP,0820SX009,2020-08-13,3:04 PM,Derailment,0,NEW BRAUNFELS,TX,101,2,Day,Clear,Main,Freight Train,27,1347755,459176,1806931,T308,29.672972,-98.167564,89.8,89.6,90.9
UP,0524SX020,2024-05-19,2:38 PM,Derailment,0,NEW BRAUNFELS,TX,89,2,Day,Cloudy,Industry,Freight Train,7,16500,14120,30620,T110,29.687781,-98.168249,80,82.1,83.2
UP,0616SA005,2016-06-03,4:40 PM,Derailment,0,NEW BRAUNFELS,TX,80,2,Day,Cloudy,Industry,Freight Train,7,3875,7458,11333,T111,29.689284,-98.164722,75.1,72.8,73.4
GRS,20161206X1,2016-12-06,3:40 PM,Derailment,0,NEW BRITAIN,CT,56,2,Day,Clear,Main,Freight Train,10,79500,104614,184114,M203,41.668841,-72.771431,35.6,37.3,38.4
SEPA,SEPA111122,2022-11-11,11:14 PM,Other (describe in narrative),0,NEW BRITAIN,PA,50,4,Dark,Clear,Main,EMU,0,0,25680,25680,T404,40.29753,-75.179579,51.3,63,65.3
NJTR,201602073,2016-01-20,5:45 PM,Other (describe in narrative),0,NEW BRUNSWICK,NJ,40,4,Dark,Clear,Yard,EMU,5,11375,0,11375,H599,40.477358,-74.470326,22.2,30.8,29.9
NJTR,201806316,2018-01-31,6:15 AM,Obstruction,0,NEW BRUNSWICK,NJ,35,1,Dawn,Clear,Yard,EMU,5,13609,0,13609,M507,0,0,31.6,24.8,36.6
NJTR,202103092,2021-02-22,8:20 PM,Other impacts,0,NEW BRUNSWICK,NJ,35,4,Dark,Clear,Yard,EMU,7,30287,0,30287,H607,40.471733,-74.473354,27.5,31.8,38.6
NJTR,202408375,2024-07-29,9:00 PM,Derailment,0,NEW BRUNSWICK,NJ,90,4,Dark,Clear,Yard,EMU,4,52000,0,52000,M505,40.79978,-74.464016,75.8,78,79.7
ATK,162667,2020-01-02,9:14 PM,Other (describe in narrative),0,NEW BRUNSWICK,NJ,42,4,Dark,Clear,Yard,,0,0,1613,12827,E78L,40.477353,-74.47079,36.6,36.2,45.1
NJTR,202001004,2020-01-02,9:14 PM,Other (describe in narrative),0,NEW BRUNSWICK,NJ,42,4,Dark,Clear,Yard,EMU,10,11214,0,12827,E78L,40.477353,-74.47079,36.6,36.2,45.1
NJTR,201709359,2017-08-04,7:40 AM,Other (describe in narrative),0,NEW BRUNSWICK,NJ,75,2,Day,Clear,Main,EMU,60,28214,0,29957,T404,40.441078,-74.495562,74.7,77,72.9
ATK,136332,2015-01-26,5:35 PM,Other (describe in narrative),0,NEW BRUNSWICK,NJ,25,4,Dark,Snow,Industry,Freight Train,0,0,0,22806,T404,40.478104,-74.466882,36.8,24.5,24.7
NJTR,202402100,2024-02-13,5:39 PM,Derailment,0,NEW BRUNSWICK,NJ,37,2,Day,Clear,Yard,Commuter Train - Pulling,5,13533,8684,22217,T113,40.481063,-74.463227,41.7,36.4,33.2
NJTR,201806282,2018-06-06,3:40 PM,Other (describe in narrative),0,NEW BRUNSWICK,NJ,68,2,Day,Cloudy,Yard,Commuter Train - Pushing,10,14005,0,14005,T404,40.477876,-74.467376,66.1,63.4,64.5
NJTR,202310412,2023-09-14,10:00 AM,Derailment,0,NEW BRUNSWICK,NJ,66,2,Day,Clear,Yard,Work train,8,49823,0,49823,T113,40.479978,-74.464016,73.6,70,64.1
ATK,148817,2017-08-04,7:40 AM,Other (describe in narrative),0,NEW BRUNSWICK,NJ,75,2,Day,Clear,Main,EMU,0,0,1743,29957,T404,40.441078,-74.495562,74.7,77,72.9
ATK,154963,2018-06-06,3:40 PM,Other (describe in narrative),0,NEW BRUNSWICK,NJ,68,2,Day,Clear,Siding,Freight Train,0,0,0,14005,T404,40.477876,-74.467376,66.1,63.4,64.5
NJTR,201607323,2016-06-24,6:56 PM,Derailment,0,NEW BRUNSWICK,NJ,80,2,Day,Clear,Yard,EMU,5,21000,7870,28870,T314,40.478487,-74.465972,71.9,73.2,73.3
NJTR,202407373,2024-07-12,9:07 PM,Derailment,0,NEW BRUNSWICK,NJ,80,4,Dark,Clear,Yard,Yard/switching,4,68426,24795,93221,T102,40.479978,-74.46733,80.6,76.6,80.4
NJTR,201702042,2017-01-09,5:58 AM,Other (describe in narrative),0,NEW BRUNSWICK,NJ,30,4,Dark,Clear,Main,Commuter Train - Pulling,40,11000,0,12000,T404,40.448642,-74.490379,19,15.7,24.7
NJTR,201502069,2015-01-26,5:35 PM,Other (describe in narrative),0,NEW BRUNSWICK,NJ,25,4,Dark,Snow,Yard,EMU,5,22806,0,22806,T404,40.478104,-74.466882,36.8,24.5,24.7
ATK,150548,2017-11-18,7:48 PM,Obstruction,0,NEW BUFFALO,MI,41,3,Dusk,Cloudy,Main,Passenger Train - Pulling,63,20653,0,20653,M404,41.809947,-86.703373,39.3,42.7,33.3
CSX,000180296,2017-11-18,7:48 PM,Obstruction,0,NEW BUFFALO,MI,41,3,Dusk,Cloudy,Main,,0,0,0,20653,M404,41.809947,-86.703373,39.3,42.7,33.3
MNCW,79079,2023-02-14,7:22 AM,Obstruction,0,NEW CANAAN,CT,41,2,Day,Clear,Main,EMU,6,44068,16527,60595,H307,41.14564,-73.49656,44.9,44.3,48.8
MNCW,2016041408,2016-04-14,6:56 AM,Derailment,0,NEW CANAAN,CT,48,1,Dawn,Clear,Yard,EMU,7,52239,11000,63239,T319,41.144318,-73.498306,43.7,46.8,47.3
UP,0120GC010,2020-01-11,11:50 AM,Hwy-rail crossing,0,NEW CANEY,TX,54,2,Day,Cloudy,Main,Freight Train,56,241,30400,30641,M308,30.078736,-95.237624,72.2,51.9,41.5
UP,0823HO035,2023-08-31,6:00 AM,Hwy-rail crossing,0,NEW CANEY,TX,71,1,Dawn,Clear,Main,Freight Train,50,15490,102700,118190,M304,30.122344,-95.222499,84.2,83.5,84.2
NICD,N1800014,2018-06-15,5:30 PM,Other (describe in narrative),0,NEW CARLISLE,IN,90,2,Day,Clear,Main,Passenger Train - Pulling,15,41000,9084,50084,T404,41.425841,-86.345529,67.5,72.6,78.6
NICD,N1700033,2017-10-10,6:45 AM,Other (describe in narrative),0,NEW CARLISLE,IN,60,1,Dawn,Clear,Main,Commuter Train - Pulling,15,32933,5719,38652,T404,41.716733,-86.602626,64.7,63.9,55.2
ATK,154196,2018-07-11,8:07 PM,Obstruction,0,NEW CARROLLTON,MD,80,3,Dusk,Clear,Main,Passenger Train - Pulling,122,21354,0,21354,M509,38.948179,-76.871668,82.7,83.6,78.5
CSX,000215383,2024-01-05,12:00 AM,Other impacts,0,NEW CASTLE,PA,32,4,Dark,Cloudy,Yard,Single Car,4,42126,0,42626,H318,40.969832,-80.372767,28.7,25.6,29.2
CSX,000215383,2024-01-05,12:00 AM,Other impacts,0,NEW CASTLE,PA,32,4,Dark,Cloudy,Yard,Cut of cars,5,500,0,42626,H318,40.969832,-80.372767,28.7,25.6,29.2
ATK,156644,2018-12-10,2:16 AM,Other (describe in narrative),0,NEW CASTLE,DE,34,4,Dark,Clear,Main,Passenger Train - Pulling,125,29497,4550,34047,E78L,39.663148,-75.771789,30.1,30.8,30.2
CSX,000178018,2018-08-06,1:22 AM,Derailment,0,NEW CASTLE,PA,72,4,Dark,Fog,Yard,Yard/switching,5,14860,500,15360,E69C,40.972428,-80.375781,75.5,77.9,75.8
NS,153062,2023-05-10,11:10 PM,Derailment,0,NEW CASTLE,PA,60,4,Dark,Cloudy,Main,Freight Train,5,599644,237159,836803,E53C,40.969846,-80.381105,59.6,53.8,60.2
CSX,000162089,2016-08-14,3:23 AM,Derailment,0,NEW CASTLE,PA,78,4,Dark,Fog,Main,Freight Train,21,37194,26700,63894,E79L,40.991839,-80.400151,79.9,74.2,73.8
CSX,000179509,2018-10-25,4:31 PM,Derailment,0,NEW CASTLE JUNCTION,PA,46,2,Day,Cloudy,Yard,Yard/switching,7,11116,294,11410,T299,40.963719,-80.369478,41.5,36.7,41.4
NS,129522,2018-05-19,3:15 AM,Derailment,0,NEW FLORENCE,PA,55,4,Dark,Rain,Main,Freight Train,25,15250,33374,48624,E51C,40.373256,-79.114959,61.5,56.1,66.4
NS,138711,2020-08-02,7:21 AM,Derailment,0,NEW FLORENCE,MO,71,1,Dawn,Clear,Main,Freight Train,50,1379857,199846,1579703,T221,38.90729,-91.445566,70.8,71.5,67.8
NS,138942,2020-08-24,9:00 AM,Other (describe in narrative),0,NEW FREEPORT,PA,78,2,Day,Clear,Main,Freight Train,10,7800,4934,12734,H599,39.834467,-80.328115,75.5,76.7,76.3
NS,131337,2018-10-15,5:53 AM,Rear end collision,0,NEW GALILEE,PA,58,1,Dawn,Rain,Main,Light loco(s),14,32,0,69724,H222,40.81716,-80.397623,46.8,54.9,43.4
NS,131337,2018-10-15,5:53 AM,Rear end collision,0,NEW GALILEE,PA,58,1,Dawn,Rain,Main,Freight Train,0,54569,15123,69724,H222,40.81716,-80.397623,46.8,54.9,43.4
NS,144500,2022-02-23,9:35 PM,Derailment,0,NEW GALILEE,PA,72,4,Dark,Cloudy,Main,Freight Train,7,311678,20703,332381,H506,40.818634,-80.370025,52.7,36,29
GRS,20210315G1,2021-03-15,11:45 PM,Hwy-rail crossing,0,NEW GLOUCESTER,ME,32,4,Dark,Clear,Main,Freight Train,25,0,15001,15001,M302,43.85387,-70.24439,26.6,12.5,22.7
CP,1001554059,2021-08-28,4:02 PM,Derailment,1,NEW HAMPTON,IA,75,2,Day,Clear,Main,Freight Train,38,5696338,3006997,8703335,M103,43.03539,-92.383167,73.8,75.3,71.5
MNCW,81724,2023-10-29,1:23 PM,Other (describe in narrative),0,NEW HAVEN,CT,52,2,Day,Rain,Main,,0,0,56000,58073,E78L,41.298254,-72.925251,67.5,54.1,52.9
MNCW,77269,2022-06-03,12:45 AM,Obstruction,0,NEW HAVEN,CT,62,4,Dark,Cloudy,Yard,EMU,5,18309,0,18309,H211,41.294088,-72.929055,66,66.7,67.3
CDOT,172570,2022-10-30,8:03 AM,Obstruction,0,NEW HAVEN,CT,42,2,Day,Clear,Yard,Light loco(s),0,2688,82789,184982,H099,41.295285,-72.928377,47,46.3,56.1
MNCW,82805,2024-06-23,2:45 PM,Obstruction,0,NEW HAVEN,CT,85,2,Day,Cloudy,Main,Spec. MoW Equip.,1,11000,0,31155,H997,41.288308,-72.939352,77,78.3,76.1
ATK,138546,2015-08-02,6:15 PM,Other (describe in narrative),0,NEW HAVEN,CT,80,2,Day,Clear,Yard,Light loco(s),5,17963,0,17963,H702,41.296961,-72.925851,75.5,74.4,77.2
ATK,176985,2023-10-29,1:23 PM,Other (describe in narrative),0,NEW HAVEN,CT,52,2,Day,Rain,Main,Yard/switching,15,2073,0,58073,E78L,41.298254,-72.925251,67.5,54.1,52.9
MNCW,76971,2022-04-19,11:40 AM,Other impacts,0,NEW HAVEN,CT,46,2,Day,Cloudy,Yard,Yard/switching,1,14686,0,14686,E78L,41.296175,-72.924706,46.3,48.4,51.1
MNCW,77442,2022-06-25,8:00 PM,Other impacts,0,NEW HAVEN,CT,84,3,Dusk,Clear,Yard,Yard/switching,5,14974,3472,18446,E78L,41.296555,-72.92429,69.1,75.9,76.2
MNCW,2015060323,2015-06-03,2:15 PM,Derailment,0,NEW HAVEN,CT,70,2,Day,Clear,Yard,Cut of cars,1,25000,5000,30000,H099,41.29887,-72.923635,50.8,55.7,56
CDOT,172570,2022-10-30,8:03 AM,Obstruction,0,NEW HAVEN,CT,42,2,Day,Clear,Yard,Light loco(s),5,16716,82789,184982,H099,41.295285,-72.928377,47,46.3,56.1
MNCW,76787,2022-03-21,2:40 AM,Other impacts,0,NEW HAVEN,CT,44,4,Dark,Clear,Yard,Commuter Train - Pulling,5,18272,0,18272,E78L,41.297561,-72.924814,52.9,52.2,48.6
MNCW,83164,2024-08-02,12:48 AM,Other (describe in narrative),0,NEW HAVEN,CT,77,4,Dark,Clear,Yard,EMU,10,58030,21600,79630,H607,41.294764,-72.928366,82,81.9,81.4
NS,146150,2022-08-12,9:50 AM,Other impacts,0,NEW HAVEN,IN,76,2,Day,Clear,Yard,Yard/switching,5,14200,1285,15485,H312,41.07412,-85.043589,68.1,64.7,62.1
MNCW,82805,2024-06-23,2:45 PM,Obstruction,0,NEW HAVEN,CT,85,2,Day,Cloudy,Main,Spec. MoW Equip.,0,20155,0,31155,H997,41.288308,-72.939352,77,78.3,76.1
NS,114133,2015-02-02,3:55 AM,Other impacts,0,NEW HAVEN,IN,14,4,Dark,Snow,Yard,Yard/switching,4,45670,0,45670,H318,41.074135,-85.038857,29.7,14.3,18.3
MNCW,77014,2022-04-24,10:45 PM,Other impacts,0,NEW HAVEN,CT,49,4,Dark,Clear,Yard,EMU,7,18272,0,18272,E78L,41.292515,-72.929628,53.9,53.6,51.6
MNCW,76890,2022-04-04,1:00 AM,Other impacts,0,NEW HAVEN,CT,40,4,Dark,Clear,Yard,EMU,0,22510,0,45020,M507,41.297948,-72.924718,42.4,48.5,46.8
MNCW,76890,2022-04-04,1:00 AM,Other impacts,0,NEW HAVEN,CT,40,4,Dark,Clear,Yard,Yard/switching,1,22510,0,45020,M507,41.297948,-72.924718,42.4,48.5,46.8
CDOT,152148,2018-02-28,3:36 AM,Obstruction,0,NEW HAVEN,CT,35,4,Dark,Clear,Main,Commuter Train - Pulling,59,18276,0,18276,M402,41.308274,-72.927883,41,44.4,47.8
MNCW,2019157,2019-10-15,9:40 AM,Other (describe in narrative),0,NEW HAVEN,CT,60,2,Day,Clear,Yard,EMU,10,0,17991,17991,H704,41.293004,-72.929587,61.4,55.1,56.6
MNCW,78069,2022-09-23,4:33 AM,Derailment,0,NEW HAVEN,CT,55,4,Dark,Clear,Yard,Yard/switching,9,26107,14905,41012,H211,41.294001,-72.929216,69.4,56.8,58.5
NS,154636,2023-10-30,9:40 PM,Other impacts,0,NEW HAVEN,IN,32,4,Dark,Clear,Yard,Single Car,0,3500,0,17900,H312,41.074131,-85.037634,45.3,40.3,30.9
NS,154636,2023-10-30,9:40 PM,Other impacts,0,NEW HAVEN,IN,32,4,Dark,Clear,Yard,Yard/switching,10,3500,9000,17900,H312,41.074131,-85.037634,45.3,40.3,30.9
NS,154636,2023-10-30,9:40 PM,Other impacts,0,NEW HAVEN,IN,32,4,Dark,Clear,Yard,Single Car,0,1600,0,17900,H312,41.074131,-85.037634,45.3,40.3,30.9
NS,126094,2017-08-04,10:00 PM,Derailment,0,NEW HAVEN,IN,60,4,Dark,Clear,Yard,Yard/switching,3,188,10770,10958,H399,41.071636,-85.019841,70.6,63.2,65.1
NS,156526,2024-04-30,1:57 PM,Derailment,0,NEW HAVEN,IN,72,2,Day,Clear,Yard,Freight Train,4,13067,1950,15017,H503,41.071574,-85.066086,66.7,63.1,67
NS,154636,2023-10-30,9:40 PM,Other impacts,0,NEW HAVEN,IN,32,4,Dark,Clear,Yard,Single Car,0,300,0,17900,H312,41.074131,-85.037634,45.3,40.3,30.9
NS,126741,2017-09-22,11:45 AM,Derailment,0,NEW HAVEN,IN,91,2,Day,Clear,Yard,Yard/switching,2,9423,2500,11923,H312,41.074135,-85.038844,76.7,77,75.6
NS,114132,2015-02-02,4:30 AM,Derailment,0,NEW HAVEN,IN,16,1,Dawn,Snow,Yard,Yard/switching,4,3550,13092,16642,H312,41.074436,-85.057585,29.7,14.3,18.3
NS,131675,2018-11-14,11:40 AM,Other impacts,0,NEW HAVEN,IN,31,2,Day,Clear,Yard,Cut of cars,0,978,0,18905,H312,41.074123,-85.042597,31.6,27,31.9
CSX,000159948,2016-05-21,2:30 AM,Obstruction,0,NEW HAVEN,WV,58,4,Dark,Rain,Industry,Freight Train,4,49213,0,49213,M501,38.982138,-81.947333,58.9,59.4,58.9
MNCW,2016011231,2016-01-12,7:15 PM,Derailment,0,NEW HAVEN,CT,23,4,Dark,Clear,Main,EMU,7,300000,102000,402000,H221,41.294955,-72.9284,34.4,30.6,27
MNCW,2017112411,2017-11-24,9:45 AM,Obstruction,0,NEW HAVEN,CT,42,2,Day,Clear,Yard,Yard/switching,1,19000,1000,20000,H999,41.29663,-72.92569,37.1,37.8,46.3
CDOT,157688,2019-02-19,8:40 PM,Derailment,0,NEW HAVEN,CT,26,4,Dark,Clear,Yard,Commuter Train - Pulling,1,18580,0,18580,H992,41.294008,-72.927844,33.6,28.3,27.3
MNCW,2017062530,2017-06-25,6:26 PM,Other impacts,0,NEW HAVEN,CT,74,2,Day,Cloudy,Yard,Cut of cars,1,16400,500,16900,E78L,41.29832,-72.923825,75.5,71.2,68.9
MNCW,2019155,2019-10-13,10:30 AM,Obstruction,0,NEW HAVEN,CT,60,2,Day,Clear,Yard,EMU,5,18174,0,18174,H307,41.298565,-72.923845,58.3,58.7,61.4
MNCW,69443,2018-09-27,3:54 AM,Other impacts,0,NEW HAVEN,CT,65,4,Dark,Clear,Yard,Yard/switching,2,20852,0,41704,E31C,41.298765,-72.92346,74.4,67.2,59.5
MNCW,201984,2019-07-05,7:00 PM,Other (describe in narrative),0,NEW HAVEN,CT,70,3,Dusk,Clear,Yard,EMU,1,18138,0,18138,H999,41.297505,-72.92314,78.5,76.5,79.6
MNCW,71666,2020-01-02,12:45 AM,Other (describe in narrative),0,NEW HAVEN,CT,35,4,Dark,Clear,Yard,Cut of cars,2,42014,0,42014,H399,41.294075,-72.928835,39.3,40.2,44.5
MNCW,2019175,2019-11-20,11:24 AM,Other (describe in narrative),0,NEW HAVEN,CT,55,2,Day,Clear,Yard,EMU,1,18174,0,18174,H399,41.297602,-72.924893,44.4,43.3,45.6
PW,PWR819718R,2018-10-15,5:01 PM,Derailment,0,NEW HAVEN,CT,50,2,Day,Rain,Yard,Yard/switching,6,171000,0,172500,H503,41.334608,-72.900631,50,58.6,54.4
MNCW,2019126,2019-08-24,10:15 PM,Other impacts,0,NEW HAVEN,CT,75,4,Dark,Clear,Yard,EMU,5,18174,0,18174,H999,41.294716,-72.926338,71.9,69.2,68.3
MNCW,69443,2018-09-27,3:54 AM,Other impacts,0,NEW HAVEN,CT,65,4,Dark,Clear,Yard,Cut of cars,0,20852,0,41704,E31C,41.298765,-72.92346,74.4,67.2,59.5
ATK,152873,2018-02-28,3:36 AM,Obstruction,0,NEW HAVEN,CT,35,4,Dark,Clear,Main,,0,0,0,18276,M402,41.308274,-72.927883,41,44.4,47.8
NS,131675,2018-11-14,11:40 AM,Other impacts,0,NEW HAVEN,IN,31,2,Day,Clear,Yard,Single Car,6,3603,14324,18905,H312,41.074123,-85.042597,31.6,27,31.9
MNCW,201979,2019-06-30,2:00 PM,Other impacts,0,NEW HAVEN,CT,75,2,Day,Clear,Yard,EMU,10,70427,3000,73427,H999,41.294361,-72.926533,77.9,75.8,75.8
ATK,158682,2019-04-26,5:37 AM,Derailment,0,NEW HAVEN,CT,54,1,Dawn,Clear,Main,,0,0,49216,49216,E59C,41.30825,-72.924156,53.3,54.2,52.1
MNCW,2019147,2019-09-26,6:49 PM,Other (describe in narrative),0,NEW HAVEN,CT,75,2,Day,Clear,Main,EMU,16,0,20105,20105,H605,41.30365,-72.92255,67.2,66.3,63.8
MNCW,2018101216,2018-10-12,8:40 AM,Derailment,0,NEW HAVEN,CT,61,2,Day,Clear,Yard,,0,0,0,15505,H799,41.38868,-72.86089,72.9,60.8,51
NS,127161,2017-10-25,5:30 AM,Derailment,0,NEW HAVEN,IN,40,1,Dawn,Clear,Yard,Yard/switching,5,8572,6904,15476,H306,41.074135,-85.038844,46.9,42.6,42.8
NS,121417,2016-07-26,8:41 PM,Derailment,0,NEW HAVEN,IN,83,4,Dark,Cloudy,Main,Freight Train,11,33207,901,34108,H210,41.071597,-85.058354,78.4,75.3,76.6
MNCW,78597,2022-11-22,11:30 PM,Derailment,0,NEW HAVEN,CT,35,4,Dark,Clear,Yard,EMU,7,117663,0,117663,H607,41.29682,-72.82578,36.6,44.5,44.3
MNCW,77731,2022-08-11,12:45 AM,Other impacts,0,NEW HAVEN,CT,74,4,Dark,Cloudy,Yard,EMU,2,22476,0,22476,M507,41.294075,-72.928838,80.1,78.7,76.8
MNCW,77711,2022-08-07,8:10 PM,Other (describe in narrative),0,NEW HAVEN,CT,84,3,Dusk,Clear,Yard,Yard/switching,5,18309,3132,21441,H999,41.296165,-72.92472,81.9,83.6,83.6
MNCW,79320,2023-03-18,10:41 AM,Other (describe in narrative),0,NEW HAVEN,CT,47,2,Day,Clear,Yard,Yard/switching,5,18322,0,18322,H399,41.296526,-72.924209,45.2,47.9,37.6
MNCW,2019179,2019-12-04,8:00 PM,Other (describe in narrative),0,NEW HAVEN,CT,50,4,Dark,Clear,Yard,EMU,5,18174,0,18174,M507,41.29792,-72.92425,34.8,36.7,39.9
MNCW,78598,2022-11-28,2:27 AM,Other (describe in narrative),0,NEW HAVEN,CT,54,4,Dark,Clear,Yard,EMU,3,18247,0,18247,H212,41.296178,-72.926519,49.7,51.6,38.8
NS,126290,2017-08-18,10:45 PM,Derailment,0,NEW HAVEN,IN,75,4,Dark,Clear,Main,Freight Train,25,264942,337833,602775,E65C,41.073407,-85.024884,76.7,72.1,71
MNCW,82830,2024-06-24,5:45 PM,Other (describe in narrative),0,NEW HAVEN,CT,72,2,Day,Cloudy,Yard,EMU,5,18177,0,18177,H311,41.296565,-72.924282,78.3,76.1,78
NS,142397,2021-07-29,5:15 AM,Derailment,0,NEW HAVEN,IN,72,1,Dawn,Clear,Main,Freight Train,4,13650,9715,23365,T102,41.07162,-85.050622,76.3,77.2,69.3
ATK,135169,2014-11-09,1:18 PM,Derailment,0,NEW HAVEN,CT,48,2,Day,Clear,Yard,Light loco(s),4,49341,0,49341,T113,41.323717,-72.894845,43.8,49.5,46.9
NS,137505,2020-03-16,11:25 PM,Derailment,0,NEW HAVEN,IN,39,4,Dark,Cloudy,Yard,Freight Train,8,16649,12678,29327,T110,41.074437,-85.057632,36.1,34.7,40
NS,122828,2016-11-20,9:20 PM,Derailment,0,NEW HAVEN,IN,33,4,Dark,Clear,Yard,Freight Train,8,51162,10865,62027,T315,41.074437,-85.057632,36.7,33.4,34.1
CDOT,154059,2018-06-28,3:12 PM,Derailment,0,NEW HAVEN,CT,80,2,Day,Cloudy,Yard,Yard/switching,0,23746,0,47492,T499,41.310726,-72.929916,69,72.2,76.6
CSO,CSO031719R,2019-04-26,3:45 AM,Derailment,0,NEW HAVEN,CT,54,4,Dark,Clear,Main,Freight Train,8,0,0,49216,T110,41.30825,-72.924156,53.3,54.2,52.1
ATK,155828,2018-10-12,8:40 AM,Derailment,0,NEW HAVEN,CT,61,2,Day,Clear,Yard,Light loco(s),0,15505,0,15505,T319,41.38868,-72.86089,72.9,60.8,51
NS,127997,2018-01-05,2:12 AM,Derailment,0,NEW HAVEN,IN,72,4,Dark,Cloudy,Main,Freight Train,22,115389,238346,353735,T110,41.072406,-85.027451,13.6,8,5.8
CDOT,166069,2020-12-20,7:00 PM,Derailment,0,NEW HAVEN,CT,34,4,Dark,Clear,Yard,Yard/switching,4,18520,720,19240,T399,41.29712,-72.92598,22.9,30.4,35.1
ATK,166268,2020-12-24,9:45 AM,Derailment,0,NEW HAVEN,CT,45,2,Day,Clear,Yard,Light loco(s),5,12620,1720,14340,T111,41.292639,-72.928692,37.4,48.9,51.8
CSX,000155639,2015-12-31,3:55 PM,Derailment,0,NEW HAVEN,CT,48,2,Day,Clear,Yard,Freight Train,7,20654,2000,22654,T111,41.365713,-72.871158,35.6,41.6,39.3
MNCW,80330,2023-07-29,1:25 PM,Derailment,0,NEW HAVEN,CT,83,2,Day,Clear,Yard,Freight Train,0,0,64821,97888,T311,41.30221,-72.92439,81.9,81.4,71.9
NS,122817,2016-11-19,1:40 PM,Derailment,0,NEW HAVEN,IN,35,2,Day,Snow,Yard,Freight Train,4,1547,16495,18042,T207,41.074437,-85.057632,60.4,36.7,33.4
CDOT,154059,2018-06-28,3:12 PM,Derailment,0,NEW HAVEN,CT,80,2,Day,Cloudy,Yard,Yard/switching,0,23746,0,47492,T499,41.310726,-72.929916,69,72.2,76.6
NS,135251,2019-08-26,3:05 PM,Derailment,0,NEW HAVEN,IN,69,2,Day,Rain,Yard,Freight Train,3,28595,300,28895,T314,41.074342,-85.053839,64.1,65.8,72.7
NS,135235,2019-08-25,9:15 PM,Derailment,0,NEW HAVEN,IN,65,4,Dark,Clear,Yard,Freight Train,6,18435,8000,26435,T314,41.071636,-85.019841,63.1,64.1,65.8
ATK,175736,2023-07-29,1:25 PM,Derailment,0,NEW HAVEN,CT,83,2,Day,Clear,Yard,Yard/switching,6,33067,0,97888,T311,41.30221,-72.92439,81.9,81.4,71.9
ATK,175983,2023-08-16,1:25 PM,Derailment,0,NEW HAVEN,CT,71,2,Day,Clear,Yard,Light loco(s),5,15984,2250,18234,T110,41.2949,-72.928959,73.1,73.2,73.2
NS,134492,2019-06-22,9:10 PM,Other (describe in narrative),0,NEW HOPE,OH,70,4,Dark,Clear,Main,Freight Train,48,50000,0,50000,E73L,39.798203,-84.790232,70.4,69,69.5
LI,80124,2023-07-03,9:13 AM,Other (describe in narrative),0,NEW HYDE PARK,NY,79,2,Day,Clear,Main,EMU,65,12346,0,12346,M509,40.730242,-73.682892,75.6,79.7,76.6
LI,EQ20161001,2016-10-08,9:00 PM,Derailment,0,NEW HYDE PARK,NY,67,4,Dark,Rain,Main,EMU,50,6000000,1465437,9665437,H702,40.733466,-73.669544,62.4,63.9,58.5
LI,EQ20161001,2016-10-08,9:00 PM,Derailment,0,NEW HYDE PARK,NY,67,4,Dark,Rain,Main,Spec. MoW Equip.,15,2200000,0,9665437,H702,40.733466,-73.669544,62.4,63.9,58.5
BNSF,RD0823203,2023-08-21,5:03 PM,Hwy-rail crossing,0,NEW IBERIA,LA,100,3,Dusk,Clear,Main,Freight Train,47,1545691,1534234,3079925,M302,30.054554,-91.875514,89.5,88.6,88.5