reportingrailroadcode,accidentnumber,date,time,accidenttype,hazmatreleasedcars,station,stateabbr,temperature,visibility_code,visibility,weathercondition,tracktype,equipmenttype,trainspeed,equipmentdamagecost,trackdamagecost,totaldamagecost,primaryaccidentcausecode,latitude,longitude,prior_temp,actual_temp,following_temp
NIRC,9419002246,2024-07-15,10:08 PM,Obstruction,0,NEW LENOX,IL,91,4,Dark,Rain,Main,Commuter Train - Pushing,60,16002,0,16002,M404,41.50608,-87.96231,77.1,78.2,76.3
CSX,000212457,2023-07-22,2:47 PM,Hwy-rail crossing,0,NEW LONDON,OH,78,2,Day,Rain,Main,Freight Train,58,114,14547,14661,M308,41.088003,-82.394808,68.7,68.4,69.1
NS,145701,2022-06-29,10:05 AM,Derailment,0,NEW LONDON,NC,80,2,Day,Clear,Siding,Freight Train,0,65241,1552,66793,H020,35.42122,-80.211062,75.9,75.7,77.1
CSX,000183222,2019-05-28,5:54 AM,Derailment,0,NEW LONDON,OH,60,1,Dawn,Clear,Main,Freight Train,40,1777307,437258,2214565,E59L,41.115208,-82.329678,64.9,72.7,68.7
NS,154202,2023-09-12,10:50 PM,Derailment,0,NEW MARKET,TN,64,4,Dark,Clear,Main,Freight Train,31,236,24749,24985,E67C,36.084695,-83.618465,71.8,71.5,71.1
CSX,000161098,2016-07-06,5:05 PM,Other impacts,0,NEW MARTINSVILLE,WV,87,2,Day,Clear,Yard,Yard/switching,4,13184,0,19566,H020,39.634445,-80.864151,74.7,76.7,74
CSX,000171937,2017-09-29,6:50 PM,Side collision,0,NEW MARTINSVILLE,WV,71,3,Dusk,Clear,Yard,Yard/switching,0,8612,0,30660,H318,39.634445,-80.864151,66,58.5,54.2
CSX,000155478,2015-12-24,2:30 AM,Derailment,0,NEW MARTINSVILLE,WV,60,4,Dark,Rain,Yard,Freight Train,8,446066,20000,466066,T211,39.628383,-80.868292,59.2,58.6,52.9
CSX,000171937,2017-09-29,6:50 PM,Side collision,0,NEW MARTINSVILLE,WV,71,3,Dusk,Clear,Yard,Single Car,3,22000,48,30660,H318,39.634445,-80.864151,66,58.5,54.2
CSX,000171877,2017-09-26,8:25 AM,Derailment,0,NEW MARTINSVILLE,WV,80,2,Day,Clear,Yard,Yard/switching,2,31558,196,31754,E4BC,39.634445,-80.864151,73.7,73.6,73.8
CSX,000208819,2022-12-14,9:10 AM,Derailment,0,NEW MARTINSVILLE,WV,53,2,Day,Clear,Yard,Freight Train,2,57174,574,57748,H702,39.634455,-80.864163,36,36.7,45.1
CSX,000150512,2015-08-13,1:30 AM,Derailment,0,NEW MARTINSVILLE,WV,68,4,Dark,Clear,Industry,Freight Train,8,84287,2500,86787,T220,39.628383,-80.868292,68.7,66.6,69.8
CSX,000161098,2016-07-06,5:05 PM,Other impacts,0,NEW MARTINSVILLE,WV,87,2,Day,Clear,Yard,Cut of cars,4,6319,63,19566,H020,39.634445,-80.864151,74.7,76.7,74
CSX,000215402,2024-01-08,5:00 PM,Derailment,0,NEW MARTINSVILLE,WV,40,3,Dusk,Clear,Yard,Freight Train,3,26773,1155,27928,H702,39.634455,-80.864163,35.5,35,42.8
CSX,000139289,2014-12-23,5:45 AM,Derailment,0,NEW MIAMI,OH,50,4,Dark,Cloudy,Yard,Freight Train,9,29607,500,30107,T210,39.387969,-84.556712,39.2,52,50.4
HRRC,0123,2023-01-24,9:05 AM,Derailment,0,NEW MILFORD,CT,35,2,Day,Cloudy,Main,Freight Train,10,0,105274,105274,T110,41.583691,-73.405971,34.9,35.4,34.8
HRRC,0317,2017-03-27,9:10 PM,Derailment,0,NEW MILFORD,CT,43,4,Dark,Cloudy,Main,Freight Train,25,2000,15000,17000,T101,41.583691,-73.405971,36.4,39.1,41.8
CSX,000213374,2023-09-10,6:55 AM,Derailment,0,NEW ORLEANS,LA,75,1,Dawn,Clear,Yard,Yard/switching,4,24804,39392,64196,H702,30.005993,-90.019455,83.7,83.3,84.2
CSX,000140278,2015-01-19,9:20 AM,Side collision,0,NEW ORLEANS,LA,66,2,Day,Clear,Yard,Yard/switching,4,14035,942,15440,H399,30.006007,-90.01937,53.3,53,57.8
CSX,000165016,2016-12-08,5:40 AM,Side collision,0,NEW ORLEANS,LA,50,1,Dawn,Cloudy,Industry,Yard/switching,3,21081,0,36775,H020,30.005989,-90.019451,59.4,53.4,45.2
NS,129339,2018-05-02,5:15 PM,Derailment,0,NEW ORLEANS,LA,82,3,Dusk,Clear,Yard,Freight Train,2,1043,17382,18425,H306,29.962169,-90.050072,74.6,77.4,76.8
CSX,000140278,2015-01-19,9:20 AM,Side collision,0,NEW ORLEANS,LA,66,2,Day,Clear,Yard,Single Car,4,463,0,15440,H399,30.006007,-90.01937,53.3,53,57.8
NOPB,D20160706T,2016-07-06,3:55 AM,Derailment,0,NEW ORLEANS,LA,90,4,Dark,Clear,Main,Freight Train,5,0,0,17000,H522,29.962434,-90.048934,88.5,89.9,90.1
NS,157189,2024-06-27,9:55 AM,Other impacts,0,NEW ORLEANS,LA,85,2,Day,Clear,Yard,Yard/switching,0,0,0,30000,H018,29.975955,-90.044582,86.5,84.6,83.6
ATK,177379,2023-11-27,11:30 PM,Derailment,0,NEW ORLEANS,LA,50,4,Dark,Clear,Yard,Yard/switching,5,30841,0,30841,H303,29.953584,-90.090745,64.1,51.7,51.8
NS,157189,2024-06-27,9:55 AM,Other impacts,0,NEW ORLEANS,LA,85,2,Day,Clear,Yard,Single Car,5,30000,0,30000,H018,29.975955,-90.044582,86.5,84.6,83.6
NOPB,NOPB00065F,2024-02-21,8:00 PM,Raking collision,0,NEW ORLEANS,LA,65,4,Dark,Clear,Yard,Light loco(s),0,300,0,17300,H307,29.91584,-90.10418,55.9,60.9,65.2
NOPB,D20170329T,2017-03-29,4:30 AM,Other impacts,0,NEW ORLEANS,LA,55,4,Dark,Clear,Yard,Freight Train,0,0,0,21000,H999,29.915546,-90.118758,76.9,75.9,69.4
CSX,000215207,2023-12-23,4:51 PM,Derailment,0,NEW ORLEANS,LA,65,3,Dusk,Clear,Yard,Yard/switching,4,20300,3088,23388,H318,30.005993,-90.019455,61.3,64.1,64.8
CSX,000168400,2017-04-19,7:48 AM,Derailment,0,NEW ORLEANS,LA,68,1,Dawn,Clear,Main,Yard/switching,3,85339,10974,96313,E69C,30.005989,-90.019451,74.3,76.3,77.1
CSX,000165016,2016-12-08,5:40 AM,Side collision,0,NEW ORLEANS,LA,50,1,Dawn,Cloudy,Industry,Cut of cars,2,15694,0,36775,H020,30.005989,-90.019451,59.4,53.4,45.2
NOPB,NOPB00004F,2022-02-10,9:45 PM,Raking collision,0,NEW ORLEANS,LA,56,4,Dark,Clear,Yard,Yard/switching,6,0,0,32718,H401,29.915466,-90.121263,54.2,57.7,59.1
NOPB,S20170507T,2017-05-07,9:00 AM,Side collision,0,NEW ORLEANS,LA,82,2,Day,Clear,Yard,Single Car,5,750,0,15750,H318,29.915469,-90.117014,71.1,74.2,76.1
ATK,177477,2023-12-06,9:44 PM,Derailment,0,NEW ORLEANS,LA,57,4,Dark,Clear,Yard,Light loco(s),5,26504,0,26504,H303,29.950534,-90.086254,56.4,54,54.2
IC,1121834,2022-12-31,10:46 PM,Derailment,0,NEW ORLEANS,LA,49,4,Dark,Clear,Yard,Freight Train,9,10000,10000,20000,E46C,29.97397,-90.192604,62.8,63.6,63
CSX,000155656,2015-12-29,11:15 PM,Side collision,0,NEW ORLEANS,LA,55,4,Dark,Clear,Yard,Freight Train,3,2000,0,13041,H995,30.005989,-90.019452,64,57,59.3
CSX,000215542,2024-01-14,1:30 AM,Derailment,0,NEW ORLEANS,LA,37,4,Dark,Clear,Main,Freight Train,4,369372,59853,429225,H524,30.005993,-90.019455,47.2,53,54.5
NS,142200,2021-07-11,6:00 PM,Other impacts,0,NEW ORLEANS,LA,72,3,Dusk,Rain,Yard,Single Car,0,0,0,126000,H312,29.975954,-90.044582,83.6,80.9,80.9
CSX,000155656,2015-12-29,11:15 PM,Side collision,0,NEW ORLEANS,LA,55,4,Dark,Clear,Yard,Light loco(s),3,11041,0,13041,H995,30.005989,-90.019452,64,57,59.3
NS,142200,2021-07-11,6:00 PM,Other impacts,0,NEW ORLEANS,LA,72,3,Dusk,Rain,Yard,Single Car,6,63000,0,126000,H312,29.975954,-90.044582,83.6,80.9,80.9
NOPB,D20180622T,2018-06-22,6:30 PM,Side collision,0,NEW ORLEANS,LA,90,3,Dusk,Clear,Yard,Freight Train,8,154560,65200,369760,H607,29.91547,-90.117001,86.2,86.2,87.3
NS,131334,2018-10-14,11:15 PM,Other (describe in narrative),0,NEW ORLEANS,LA,80,4,Dark,Clear,Yard,Yard/switching,5,8222,11760,19982,H702,29.982192,-90.043715,76.5,80.2,79.6
NS,142200,2021-07-11,6:00 PM,Other impacts,0,NEW ORLEANS,LA,72,3,Dusk,Rain,Yard,Single Car,0,63000,0,126000,H312,29.975954,-90.044582,83.6,80.9,80.9
NS,142616,2021-08-22,2:55 AM,Derailment,0,NEW ORLEANS,LA,72,4,Dark,Clear,Main,Freight Train,9,39500,21095,60595,H505,30.002479,-90.045396,87.7,88.3,87.5
NS,142228,2021-07-16,2:50 PM,Side collision,0,NEW ORLEANS,LA,85,2,Day,Cloudy,Yard,Yard/switching,8,12500,46,20974,H020,29.975954,-90.044582,83.1,80.9,82
NS,145806,2022-07-12,3:15 PM,Side collision,0,NEW ORLEANS,LA,90,2,Day,Clear,Yard,Single Car,0,14420,0,48907,H310,29.985592,-90.042207,86.6,83.6,83.7
NOPB,D20170319T,2017-03-19,4:15 AM,Side collision,0,NEW ORLEANS,LA,65,4,Dark,Cloudy,Siding,Freight Train,4,0,0,77000,H306,29.915469,-90.117014,70.2,71.5,71.7
CSX,000155821,2016-01-07,3:38 AM,Side collision,0,NEW ORLEANS,LA,44,4,Dark,Clear,Yard,Freight Train,6,19387,814,242977,H607,30.005989,-90.019451,54.9,54.9,58.1
BNSF,RD0418130,2018-04-24,6:30 AM,Derailment,0,NEW ORLEANS,LA,70,1,Dawn,Clear,Yard,Freight Train,5,32156,0,32356,T220,30.005989,-90.019451,66.5,71.3,73.5
NOPB,D20180622T,2018-06-22,6:30 PM,Side collision,0,NEW ORLEANS,LA,90,3,Dusk,Clear,Yard,Freight Train,9,150000,0,369760,H607,29.91547,-90.117001,86.2,86.2,87.3
NOPB,D20170329T,2017-03-29,4:30 AM,Other impacts,0,NEW ORLEANS,LA,55,4,Dark,Clear,Yard,Cut of cars,2,20000,1000,21000,H999,29.915546,-90.118758,76.9,75.9,69.4
CSX,000155821,2016-01-07,3:38 AM,Side collision,0,NEW ORLEANS,LA,44,4,Dark,Clear,Yard,Freight Train,0,222776,0,242977,H607,30.005989,-90.019451,54.9,54.9,58.1
NOPB,D20210907T,2021-09-07,9:50 PM,Derailment,0,NEW ORLEANS,LA,70,4,Dark,Clear,Yard,Yard/switching,4,15000,0,15000,H307,29.915512,-90.107472,80.1,80.4,81.1
CSX,000179246,2018-10-11,6:45 AM,Derailment,0,NEW ORLEANS,LA,70,1,Dawn,Cloudy,Yard,Yard/switching,4,15733,2164,17897,H702,30.005989,-90.019451,81,76,71.2
NS,142228,2021-07-16,2:50 PM,Side collision,0,NEW ORLEANS,LA,85,2,Day,Cloudy,Yard,Yard/switching,5,8428,0,20974,H020,29.975954,-90.044582,83.1,80.9,82
CSX,000204134,2022-04-10,9:30 PM,Side collision,0,NEW ORLEANS,LA,68,4,Dark,Clear,Main,Yard/switching,3,2103,7662,78827,H307,30.005993,-90.019455,63.9,69.5,70.7
NOPB,NOPB00065F,2024-02-21,8:00 PM,Raking collision,0,NEW ORLEANS,LA,65,4,Dark,Clear,Yard,Freight Train,0,17000,0,17300,H307,29.91584,-90.10418,55.9,60.9,65.2
NOPB,NOPB00004F,2022-02-10,9:45 PM,Raking collision,0,NEW ORLEANS,LA,56,4,Dark,Clear,Yard,Yard/switching,5,32718,0,32718,H401,29.915466,-90.121263,54.2,57.7,59.1
NOPB,D20210528E,2021-05-28,10:30 PM,Derailment,0,NEW ORLEANS,LA,70,4,Dark,Clear,Yard,Freight Train,8,20000,7019,27019,T212,29.915389,-90.107764,81.5,81.4,78
CSX,000154642,2015-11-21,8:30 PM,Derailment,0,NEW ORLEANS,LA,46,4,Dark,Clear,Yard,Freight Train,3,12860,2114,14974,M101,30.007423,-90.012966,63.5,63.6,49.7
CSX,000204134,2022-04-10,9:30 PM,Side collision,0,NEW ORLEANS,LA,68,4,Dark,Clear,Main,Yard/switching,5,69062,0,78827,H307,30.005993,-90.019455,63.9,69.5,70.7
NOPB,D20190113E,2019-01-13,7:00 PM,Derailment,0,NEW ORLEANS,LA,48,3,Dusk,Clear,Main,Freight Train,5,460000,4660,477505,E46L,30.002793,-90.02831,61.5,49.1,43.8
NS,121134,2016-07-06,4:00 AM,Derailment,0,NEW ORLEANS,LA,82,1,Dawn,Clear,Yard,,0,0,17000,17000,H524,29.962434,-90.048934,88.5,89.9,90.1
CSX,000197062,2021-04-16,6:57 AM,Derailment,0,NEW ORLEANS,LA,72,1,Dawn,Clear,Yard,Light loco(s),0,18574,748,21127,H703,30.005989,-90.019451,68.9,65.4,64.1
NOPB,020150405T,2015-04-05,7:00 PM,Other impacts,0,NEW ORLEANS,LA,80,3,Dusk,Clear,Yard,Yard/switching,4,11074,0,11074,H018,29.915593,-90.106228,68.8,68.6,76
CSX,000217634,2024-04-26,5:15 AM,Other (describe in narrative),0,NEW ORLEANS,LA,68,4,Dark,Clear,Yard,Yard/switching,8,169906,15284,185190,H306,30.005993,-90.019455,74.3,76.7,77.8
NS,145188,2022-05-05,1:35 PM,Side collision,0,NEW ORLEANS,LA,72,2,Day,Clear,Yard,Cut of cars,0,0,0,40598,H307,29.975954,-90.044582,81.4,81.7,77.7
NS,145188,2022-05-05,1:35 PM,Side collision,0,NEW ORLEANS,LA,72,2,Day,Clear,Yard,Freight Train,5,40000,598,40598,H307,29.975954,-90.044582,81.4,81.7,77.7
NS,130389,2018-07-28,10:00 PM,Other impacts,0,NEW ORLEANS,LA,79,4,Dark,Clear,Yard,Single Car,3,200,17682,17965,H312,29.989434,-90.044345,87.5,87.3,84.4
NS,145717,2022-06-30,9:20 AM,Other impacts,0,NEW ORLEANS,LA,72,2,Day,Clear,Siding,Freight Train,5,22000,0,95500,H307,29.986469,-90.060863,83.1,82.1,81.7
CSX,000169991,2017-06-30,7:10 PM,Derailment,0,NEW ORLEANS,LA,87,2,Day,Clear,Main,Yard/switching,8,6591,16074,22665,M405,30.013075,-89.98707,80.5,85.6,86.6
CSX,000180621,2019-01-06,2:27 PM,Derailment,0,NEW ORLEANS,LA,68,2,Day,Clear,Main,Light loco(s),5,200,11086,89641,H019,30.005989,-90.019451,53.7,58.4,63.2
ATK,156901,2018-12-25,10:45 PM,Derailment,0,NEW ORLEANS,LA,65,4,Dark,Clear,Yard,Light loco(s),4,23384,8500,31884,H702,29.954429,-90.09231,54.3,62.3,63.4
NOPB,S20170507T,2017-05-07,9:00 AM,Side collision,0,NEW ORLEANS,LA,82,2,Day,Clear,Yard,Single Car,5,15000,0,15750,H318,29.915469,-90.117014,71.1,74.2,76.1
CSX,000155628,2015-12-28,2:20 PM,Derailment,0,NEW ORLEANS,LA,75,2,Day,Clear,Yard,Yard/switching,5,24448,2020,26468,H523,30.005989,-90.019452,76.1,64,57
NS,137107,2020-02-09,3:10 PM,Other impacts,0,NEW ORLEANS,LA,72,2,Day,Clear,Yard,Single Car,6,4000,0,14881,H312,29.973692,-90.045276,60.6,64.5,71.2
NS,145717,2022-06-30,9:20 AM,Other impacts,0,NEW ORLEANS,LA,72,2,Day,Clear,Main,Cut of cars,0,73500,0,95500,H307,29.986469,-90.060863,83.1,82.1,81.7
NOPB,D20150907T,2015-09-07,5:15 AM,Broken train collision,0,NEW ORLEANS,LA,80,4,Dark,Clear,Yard,Yard/switching,3,54768,108,69674,H307,29.915514,-90.11827,82.5,83.8,84.5
CSX,000210072,2023-02-27,8:15 AM,Derailment,0,NEW ORLEANS,LA,75,2,Day,Clear,Main,Freight Train,8,28189,13223,41412,M204,30.013097,-89.987079,70.8,75.1,74.6
CSX,000180761,2019-01-13,7:00 PM,Derailment,0,NEW ORLEANS,LA,45,4,Dark,Cloudy,Main,,0,0,12845,477505,E46L,30.005989,-90.019451,61.5,49.1,43.8
NS,137107,2020-02-09,3:10 PM,Other impacts,0,NEW ORLEANS,LA,72,2,Day,Clear,Yard,Single Car,6,4000,6881,14881,H312,29.973692,-90.045276,60.6,64.5,71.2
NOPB,D20160702E,2016-07-02,12:50 AM,Derailment,0,NEW ORLEANS,LA,85,4,Dark,Clear,Yard,Yard/switching,4,58000,10000,68000,H704,29.914863,-90.114366,87,88.9,88.2
CSX,000161982,2016-08-09,5:45 PM,Hwy-rail crossing,0,NEW ORLEANS,LA,86,2,Day,Clear,Main,Freight Train,49,9471,20000,29471,M302,30.040302,-89.896742,83.9,86.4,83.2
NOPB,NOPB00033F,2022-11-09,3:00 PM,Derailment,0,NEW ORLEANS,LA,81,2,Day,Clear,Yard,Yard/switching,4,20000,4000,24000,H306,29.91533,-90.114074,77.3,72.7,68
CSX,000180682,2019-01-10,4:45 AM,Derailment,0,NEW ORLEANS,LA,36,1,Dawn,Clear,Yard,,0,0,9487,98487,H503,30.005989,-90.019451,57.8,50.3,52.5
CSX,000211288,2023-05-13,7:00 AM,Derailment,0,NEW ORLEANS,LA,73,1,Dawn,Clear,Yard,Yard/switching,2,152901,81728,234629,H702,30.006013,-90.01947,81.3,80.8,81.3
NOPB,D20150907T,2015-09-07,5:15 AM,Broken train collision,0,NEW ORLEANS,LA,80,4,Dark,Clear,Yard,Yard/switching,3,14690,108,69674,H307,29.915541,-90.11827,82.5,83.8,84.5
CSX,000180621,2019-01-06,2:27 PM,Derailment,0,NEW ORLEANS,LA,68,2,Day,Clear,Main,Yard/switching,4,78355,0,89641,H019,30.005989,-90.019451,53.7,58.4,63.2
CSX,000171795,2017-09-18,9:10 PM,Derailment,0,NEW ORLEANS,LA,84,4,Dark,Cloudy,Yard,Yard/switching,6,413261,120539,534970,M405,30.005989,-90.019451,83.3,84.7,83.8
NS,130389,2018-07-28,10:00 PM,Other impacts,0,NEW ORLEANS,LA,79,4,Dark,Clear,Yard,Single Car,3,83,0,17965,H312,29.989434,-90.044345,87.5,87.3,84.4
NOPB,D20150702T,2015-07-02,2:18 AM,Derailment,0,NEW ORLEANS,LA,80,4,Dark,Clear,Industry,Yard/switching,3,9791,19406,29197,H702,29.914576,-90.125299,80.2,83.3,86
CSX,000171795,2017-09-18,9:10 PM,Derailment,0,NEW ORLEANS,LA,84,4,Dark,Cloudy,Yard,Freight Train,0,1170,0,534970,M405,30.005989,-90.019451,83.3,84.7,83.8
NOPB,D20170319T,2017-03-19,4:15 AM,Side collision,0,NEW ORLEANS,LA,65,4,Dark,Cloudy,Siding,Cut of cars,0,77000,0,77000,H306,29.915469,-90.117014,70.2,71.5,71.7
CSX,000176006,2018-04-24,6:30 AM,Derailment,0,NEW ORLEANS,LA,70,4,Dark,Clear,Yard,,0,0,200,32356,T220,30.005989,-90.019451,66.5,71.3,73.5
NS,134516,2019-06-28,4:45 AM,Other (describe in narrative),0,NEW ORLEANS,LA,72,1,Dawn,Clear,Yard,,0,0,124559,124559,H702,29.975082,-90.04485,87.6,83.3,81.9
KCS,22012601,2022-01-26,5:35 PM,Derailment,0,NEW ORLEANS,LA,55,2,Day,Clear,Yard,Freight Train,6,4356,12962,17318,H704,29.971562,-90.121128,50.4,47.8,50
NOPB,D20150301E,2015-03-01,6:15 PM,Derailment,0,NEW ORLEANS,LA,58,4,Dark,Clear,Industry,Freight Train,5,45868,16337,62205,M507,30.00468,-90.02233,52.6,58.9,65.8
UP,0523GC005,2023-05-08,9:25 PM,Derailment,0,NEW ORLEANS,LA,78,4,Dark,Clear,Main,Freight Train,4,12726,0,12726,T303,29.970605,-90.16841,76.5,77.9,76.6
NOPB,D20160704,2016-07-04,12:09 AM,Derailment,0,NEW ORLEANS,LA,84,4,Dark,Clear,Main,Freight Train,6,35000,800,36650,T001,30.004227,-90.027526,88.2,89.3,88.5
NS,139605,2020-11-01,1:38 AM,Derailment,0,NEW ORLEANS,LA,60,4,Dark,Clear,Main,Freight Train,3,1960,18290,20250,T110,29.975082,-90.04485,61.6,66.6,60.3
NOPB,D20171103E,2017-11-03,1:00 PM,Derailment,0,NEW ORLEANS,LA,74,2,Day,Clear,Yard,Freight Train,2,12780,13232,26012,T101,29.915774,-90.104662,76.8,76.3,75.9
NOPB,D20181028F,2018-10-28,7:50 PM,Derailment,0,NEW ORLEANS,LA,68,4,Dark,Clear,Main,Freight Train,6,48500,0,69897,T111,30.004227,-90.027526,66.4,72,74.7
NOPB,D20190110F,2019-01-10,4:45 AM,Derailment,0,NEW ORLEANS,LA,44,4,Dark,Clear,Yard,Freight Train,8,89000,0,98487,T103,30.005989,-90.019451,57.8,50.3,52.5
NS,117942,2015-10-27,12:25 PM,Derailment,0,NEW ORLEANS,LA,75,2,Day,Cloudy,Yard,Freight Train,10,12800,4500,17300,T207,29.974938,-90.044895,72.8,71.3,72.3
CSX,000211232,2023-05-09,12:20 PM,Derailment,0,NEW ORLEANS,LA,78,2,Day,Cloudy,Yard,Freight Train,4,40132,5025,45157,T207,30.006013,-90.01947,77.9,76.6,79
NOPB,D20170610E,2017-06-10,8:45 AM,Derailment,0,NEW ORLEANS,LA,82,2,Day,Clear,Siding,Freight Train,7,60780,14167,114947,T199,29.961803,-90.053603,78.8,80.8,81
NS,139128,2020-09-11,12:05 PM,Derailment,0,NEW ORLEANS,LA,90,2,Day,Clear,Yard,Freight Train,4,14040,2096,16136,T314,29.975082,-90.04485,85,82.4,80.9
ATK,139186,2015-09-11,5:38 PM,Derailment,0,NEW ORLEANS,LA,90,2,Day,Clear,Yard,Light loco(s),5,12800,5000,17800,T110,29.951978,-89.998713,79.1,75.3,77.5
NS,139205,2020-09-19,8:30 PM,Derailment,0,NEW ORLEANS,LA,69,4,Dark,Clear,Yard,Freight Train,5,25607,4099,29706,T314,29.989434,-90.044345,79,74,72.7
NS,125383,2017-06-10,8:45 AM,Derailment,0,NEW ORLEANS,LA,80,2,Day,Clear,Yard,Freight Train,0,0,40000,114947,T199,29.966775,-90.047507,78.8,80.8,81
UP,0421GC025,2021-04-16,6:57 AM,Derailment,0,NEW ORLEANS,LA,72,1,Dawn,Clear,Yard,Light loco(s),0,0,0,21127,T309,30.005989,-90.019451,68.9,65.4,64.1
UP,1118LV003,2018-11-03,1:50 PM,Derailment,0,NEW ORLEANS,LA,73,2,Day,Clear,Main,Yard/switching,5,38049,0,65134,T110,29.970151,-90.173806,60.6,65,70.5
NOPB,D20180405T,2018-04-05,12:05 AM,Derailment,0,NEW ORLEANS,LA,55,4,Dark,Clear,Yard,Freight Train,5,3680,9530,13210,T319,29.91598,-90.102899,67.8,62.3,70.3
NOPB,D20210726E,2021-07-26,6:30 PM,Derailment,0,NEW ORLEANS,LA,95,2,Day,Clear,Yard,Freight Train,7,20000,50000,70000,T110,29.915687,-90.105272,86.4,88.7,88
UP,0421GC025,2021-04-16,6:57 AM,Derailment,0,NEW ORLEANS,LA,72,1,Dawn,Clear,Yard,Freight Train,4,1805,0,21127,T309,30.005989,-90.019451,68.9,65.4,64.1
CSX,000161116,2016-07-04,12:09 AM,Derailment,0,NEW ORLEANS,LA,84,4,Dark,Clear,Main,Freight Train,0,0,850,36650,T001,30.004227,-90.027526,88.2,89.3,88.5
NOPB,D20200306E,2020-03-06,3:30 AM,Derailment,0,NEW ORLEANS,LA,65,4,Dark,Clear,Yard,Freight Train,2,61000,14487,75487,T199,29.987744,-90.026636,61,61.4,56.2
NS,121889,2016-08-30,1:05 PM,Derailment,0,NEW ORLEANS,LA,90,2,Day,Clear,Yard,Yard/switching,2,206,12162,12368,T314,29.967949,-90.047147,83.8,85.4,86.2
CSX,000179570,2018-10-28,7:50 PM,Derailment,0,NEW ORLEANS,LA,68,3,Dusk,Clear,Main,Freight Train,0,0,21397,69897,T111,30.004227,-90.027526,66.4,72,74.7
BNSF,GC0616101,2016-06-05,11:30 AM,Derailment,0,NEW ORLEANS,LA,84,2,Day,Clear,Yard,Freight Train,7,32000,0,38000,T110,29.966544,-90.047579,79.8,79.4,82.7
NS,120743,2016-06-05,11:30 AM,Derailment,0,NEW ORLEANS,LA,84,2,Day,Clear,Yard,Freight Train,0,0,6000,38000,T110,29.966544,-90.047579,79.8,79.4,82.7
ATK,156834,2018-12-21,11:45 PM,Derailment,0,NEW ORLEANS,LA,43,4,Dark,Clear,Yard,Yard/switching,8,20378,15000,35378,T399,30.0219,-89.91873,53.6,51.2,55.1
NS,136744,2020-01-05,1:10 AM,Derailment,0,NEW ORLEANS,LA,36,4,Dark,Clear,Yard,Freight Train,5,110,16575,16685,T210,29.995667,-90.044845,58.2,56.3,61.4
ATK,139959,2015-11-09,5:35 PM,Derailment,0,NEW ORLEANS,LA,60,3,Dusk,Clear,Yard,Yard/switching,4,9400,15500,24900,T113,29.94766,-90.081423,63.7,61.8,63.4
UP,0517LV043,2017-05-29,1:40 PM,Derailment,0,NEW ORLEANS,LA,85,2,Day,Clear,Main,Freight Train,10,0,0,27000,T317,29.970711,-90.167903,84.4,77.9,74.1
NOPB,NOPB0079F,2024-07-13,9:15 AM,Derailment,0,NEW ORLEANS,LA,88,2,Day,Clear,Yard,Freight Train,5,25000,1200,26200,T103,29.9156,-90.10686,85,87.9,87.6
NS,114275,2015-02-09,2:30 PM,Derailment,0,NEW PARIS,IN,34,2,Day,Cloudy,Industry,Freight Train,5,7400,5000,12400,T111,39.82289,-84.821253,37.5,21.4,16.2
UP,0515TC008,2015-05-19,2:00 PM,Hwy-rail crossing,0,NEW PRAGUE,MN,48,2,Day,Clear,Main,Freight Train,30,10562,431,10993,M304,44.572564,-93.583097,42.9,44.8,49.5
NJTR,201811531,2018-11-15,5:52 PM,Hwy-rail crossing,0,NEW PROVIDENCE,NJ,29,4,Dark,Snow,Main,EMU,53,9525,9321,18846,M306,40.687793,-74.416781,36.7,30.9,38.7
KCS,18010401,2018-01-04,7:20 AM,Derailment,0,NEW ROADS,LA,31,2,Day,Clear,Main,Freight Train,38,1569515,329187,1898702,T307,30.71423,-91.54404,31.5,33.5,36.7
MNCW,78999,2023-02-02,6:47 PM,Other (describe in narrative),0,NEW ROCHELLE,NY,36,3,Dusk,Clear,Yard,EMU,7,18322,4861,23183,H999,40.917867,-73.778711,30.9,32.8,22.5
BNSF,TC0221103,2021-02-04,11:07 PM,Other (describe in narrative),0,NEW ROCKFORD,ND,9,4,Dark,Cloudy,Siding,Freight Train,5,0,31000,31000,H702,47.678267,-99.142365,23.2,3.6,-0.6
BNSF,TC1119201,2019-11-07,10:58 AM,Hwy-rail crossing,0,NEW ROCKFORD,ND,32,2,Day,Cloudy,Main,Freight Train,59,300000,0,300000,M302,47.630847,-99.005898,14.7,15.4,28.9
NS,155044,2023-12-12,9:30 AM,Derailment,0,NEW SALEM,IL,30,2,Day,Clear,Main,Freight Train,39,1897620,350674,2248294,M505,39.700277,-90.831734,35.4,36,36.7
FEC,D26060218,2018-06-02,10:20 PM,Derailment,0,NEW SMYRNA BEACH,FL,78,4,Dark,Cloudy,Yard,Light loco(s),5,23733,6733,30466,M501,29.007592,-80.920081,78,79.9,80.2
FEC,D59112320,2020-11-23,7:43 AM,Derailment,0,NEW SMYRNA BEACH,FL,70,1,Dawn,Clear,Yard,Yard/switching,10,1250,10209,11459,E4BC,29.015088,-80.923726,69.4,68.8,68.6
FEC,D14022417,2017-02-24,3:30 AM,Obstruction,0,NEW SMYRNA BEACH,FL,67,4,Dark,Clear,Main,Freight Train,52,21929,2049,23978,M402,29.020205,-80.925633,68.1,70.2,68.8