reportingrailroadcode,accidentnumber,date,time,accidenttype,hazmatreleasedcars,station,stateabbr,temperature,visibility_code,visibility,weathercondition,tracktype,equipmenttype,trainspeed,equipmentdamagecost,trackdamagecost,totaldamagecost,primaryaccidentcausecode,latitude,longitude,prior_temp,actual_temp,following_temp
RCPE,826918D,2018-10-23,11:15 AM,Derailment,0,NEW UNDERWOOD,SD,50,2,Day,Clear,Main,Freight Train,38,2500,10950,13450,E53C,44.046978,-102.661251,46.9,47.9,55.9
RCPE,RCP094919D,2019-06-26,11:40 PM,Derailment,0,NEW UNDERWOOD,SD,67,4,Dark,Clear,Main,Freight Train,37,118748,66000,184748,T106,44.090809,-102.835357,65,67.6,69.5
RCPE,RCP458219,2019-08-01,3:30 AM,Derailment,0,NEW UNDERWOOD,SD,75,4,Dark,Fog,Main,Freight Train,35,1065159,500000,1565159,T002,44.070114,-102.715467,74.8,71,70.3
UP,0216HO043,2016-02-29,3:45 PM,Fire/violent rupture,0,NEW WAVERLY,TX,75,2,Day,Clear,Main,Freight Train,45,21723,0,21723,E74L,30.537726,-95.482144,59.8,64.6,67.3
UP,1119HO010,2019-11-07,3:30 PM,Derailment,0,NEW WAVERLY,TX,68,2,Day,Cloudy,Industry,Freight Train,5,18620,132,18752,M101,30.492262,-95.478242,67.6,58.7,49.5
ATK,173434,2023-01-16,9:39 AM,Derailment,0,NEW YORK,NY,41,2,Day,Clear,Yard,Yard/switching,7,10763,4182,14945,H607,40.450002,-73.550081,34.6,36.9,41.9
ATK,165861,2020-11-17,4:20 PM,Other (describe in narrative),0,NEW YORK,NY,40,3,Dusk,Cloudy,Yard,Yard/switching,5,26157,8482,34639,E78L,40.749337,-73.93081,50.8,44.3,34.2
ATK,158159,2019-03-22,11:30 PM,Derailment,0,NEW YORK,NY,39,4,Dark,Clear,Main,Work train,8,110000,1000,111000,M404,40.75058,-73.993584,43.5,44,40.8
ATK,162339,2019-12-15,2:26 AM,Obstruction,0,NEW YORK,NY,37,4,Dark,Clear,Main,Passenger Train - Pushing,15,0,9649,9649,H307,40.75058,-73.993584,50.5,43.5,35.2
ATK,175871,2023-08-10,2:15 AM,Side collision,0,NEW YORK,NY,60,4,Dark,Clear,Yard,Yard/switching,3,16000,0,16944,H702,40.74895,-73.93147,77.8,74.4,76.2
ATK,177434,2023-11-21,11:55 AM,Derailment,0,NEW YORK,NY,48,2,Day,Cloudy,Main,,0,0,0,85960,E49C,40.750477,-73.994749,41,41.4,51.7
ATK,160855,2019-08-26,9:40 AM,Derailment,0,NEW YORK,NY,75,2,Day,Clear,Yard,Yard/switching,6,57000,5000,62000,E4BC,40.739824,-73.935415,69.7,66.7,68.2
ATK,167591,2021-07-02,11:50 PM,Derailment,0,NEW YORK,NY,60,4,Dark,Rain,Yard,Yard/switching,3,15720,2500,18220,E64C,40.747122,-73.932322,76.4,72.5,63.3
ATK,162152,2019-12-01,6:08 AM,Other (describe in narrative),0,NEW YORK,NY,34,1,Dawn,Clear,Yard,Passenger Train - Pulling,0,0,50000,50000,H212,40.743163,-73.922891,36.8,33.4,35
ATK,160161,2019-07-19,11:40 AM,Other (describe in narrative),0,NEW YORK,NY,90,2,Day,Clear,Yard,Light loco(s),10,27364,0,27364,H399,40.739824,-73.935415,75.1,81.5,89.4
ATK,175871,2023-08-10,2:15 AM,Side collision,0,NEW YORK,NY,60,4,Dark,Clear,Yard,Yard/switching,0,944,0,16944,H702,40.74895,-73.93147,77.8,74.4,76.2
ATK,177740,2023-12-29,4:36 PM,Other (describe in narrative),0,NEW YORK,NY,65,2,Day,Clear,Main,,0,0,18854,31843,E78L,40.75023,-73.99304,50.8,49.9,43.3
CSX,000163366,2016-10-05,9:22 AM,Derailment,0,NEW YORK,NY,56,2,Day,Clear,Yard,Yard/switching,10,79108,7180,86288,H503,40.804146,-73.908687,64.8,60.1,63
ATK,171417,2022-05-26,6:35 AM,Other (describe in narrative),0,NEW YORK,NY,51,1,Dawn,Clear,Main,,0,0,9715,26033,E78L,40.754507,-74.003118,60.8,62.7,69.4
ATK,180753,2024-06-18,6:21 AM,Other (describe in narrative),0,NEW YORK,NY,80,4,Dark,Clear,Main,,0,0,7630,21022,E78L,40.7506,-73.9935,74.8,78.8,78.9
ATK,164538,2020-06-02,10:30 PM,Fire/violent rupture,0,NEW YORK,NY,70,4,Dark,Clear,Main,Passenger Train - Pulling,0,13522,0,13522,M406,37.345413,-77.427872,61.5,66.9,70.4
ATK,181676,2024-08-19,4:19 AM,Derailment,0,NEW YORK,NY,71,4,Dark,Clear,Yard,Passenger Train - Pulling,5,12751,0,12751,H605,40.750132,-73.927049,74.4,75.4,67.3
ATK,176381,2023-09-12,8:05 PM,Derailment,0,NEW YORK,NY,80,4,Dark,Clear,Main,,0,0,49474,70425,E79L,40.75058,-73.99352,74.2,74.2,75.2
ATK,180822,2024-06-21,7:14 AM,Other (describe in narrative),0,NEW YORK,NY,84,2,Day,Cloudy,Main,,0,0,15190,15190,E78L,40.750327,-73.994459,81.6,84.5,81.3
ATK,169780,2022-02-02,3:04 PM,Other (describe in narrative),0,NEW YORK,NY,72,2,Day,Clear,Main,,0,0,60580,82698,E78L,40.7506,-73.9935,29.4,38.1,44.7
ATK,170007,2022-03-09,1:08 AM,Derailment,0,NEW YORK,NY,40,4,Dark,Clear,Yard,Yard/switching,5,25000,2000,27000,E79L,40.745696,-73.939412,43.3,36.8,40.3
CSX,000155580,2015-12-29,11:27 PM,Side collision,0,NEW YORK,NY,34,4,Dark,Cloudy,Industry,Yard/switching,4,11391,0,22637,H307,40.811928,-73.898171,40.3,40.4,43.2
ATK,172470,2022-10-22,9:31 PM,Derailment,0,NEW YORK,NY,55,4,Dark,Clear,Yard,Yard/switching,3,36518,9414,45932,H303,40.757451,-74.009549,54.6,57.4,57.8
CSX,000155580,2015-12-29,11:27 PM,Side collision,0,NEW YORK,NY,34,4,Dark,Cloudy,Industry,Cut of cars,4,11246,0,22637,H307,40.811928,-73.898171,40.3,40.4,43.2
ATK,181818,2024-08-27,12:39 AM,Derailment,0,NEW YORK,NY,70,4,Dark,Clear,Yard,Yard/switching,5,30401,0,30401,H307,40.750132,-73.927049,76.3,75.8,81.9
ATK,160989,2019-09-02,2:40 PM,Fire/violent rupture,0,NEW YORK,NY,69,2,Day,Cloudy,Yard,Passenger Train - Pulling,8,22283,0,22283,E7BL,40.745696,-73.939412,70.8,72,73.8
ATK,172443,2022-09-01,2:52 PM,Other (describe in narrative),0,NEW YORK,NY,84,2,Day,Clear,Main,EMU,0,0,2100,50683,T404,40.756679,-74.008059,76.8,77.2,70.2
ATK,160521,2019-08-04,11:02 AM,Other (describe in narrative),0,NEW YORK,NY,85,2,Day,Clear,Main,Passenger Train - Pulling,15,15240,0,15240,T399,40.750488,-73.992945,78.4,77.4,75.7
ATK,177617,2023-06-24,7:59 AM,Other (describe in narrative),0,NEW YORK,NY,77,2,Day,Clear,Main,EMU,0,0,1075,1075,T404,40.75078,-73.994255,67.9,73.1,75.9
ATK,175818,2023-06-24,5:59 PM,Other (describe in narrative),0,NEW YORK,NY,77,2,Day,Clear,Main,EMU,0,0,1075,14825,T404,40.750735,-73.994362,67.9,73.1,75.9
ATK,167308,2021-06-08,9:58 PM,Derailment,0,NEW YORK,NY,84,4,Dark,Clear,Yard,Yard/switching,10,100000,3802,103802,T311,40.747767,-73.933523,82.4,79.9,80.6
ATK,169362,2021-12-17,4:00 PM,Derailment,0,NEW YORK,NY,58,3,Dusk,Clear,Yard,Freight Train,0,0,76000,89881,T110,40.745696,-73.939412,58,56.8,43.7
ATK,157298,2019-01-23,7:53 AM,Other (describe in narrative),0,NEW YORK,NY,32,2,Day,Clear,Main,EMU,0,0,564,11065,T404,40.750592,-73.993538,22,38,50.2
ATK,163473,2020-03-13,6:56 PM,Other (describe in narrative),0,NEW YORK,NY,67,3,Dusk,Clear,Main,EMU,0,0,0,78383,T404,40.762832,-74.008899,46.1,55.8,48.9
ATK,162700,2020-01-09,11:35 PM,Derailment,0,NEW YORK,NY,40,4,Dark,Clear,Yard,Light loco(s),5,31034,800,31834,T111,40.743163,-73.922891,35,28.8,44.4
CRSH,145927,2022-07-25,12:45 PM,Other impacts,0,NEW YORK  RICHMOND,NY,92,2,Day,Clear,Industry,Yard/switching,6,9936,0,17373,H302,40.581007,-74.200434,85.5,81.6,76.6
CRSH,145927,2022-07-25,12:45 PM,Other impacts,0,NEW YORK  RICHMOND,NY,92,2,Day,Clear,Industry,Cut of cars,0,7437,0,17373,H302,40.581007,-74.200434,85.5,81.6,76.6
MNCW,82364,2024-04-22,4:16 PM,Derailment,0,NEW YORK -BRONX,NY,55,2,Day,Clear,Yard,EMU,10,36463,0,36463,H702,40.832266,-73.932733,47.4,50.6,52.4
MNCW,68416,2018-09-05,9:15 PM,Obstruction,0,NEW YORK -BRONX,NY,76,4,Dark,Clear,Yard,Maint./inspect Car,0,18000,0,18000,H607,40.838115,-73.930605,85.2,82.9,83.1
MNCW,69634,2019-03-16,5:11 AM,Rear end collision,0,NEW YORK -BRONX,NY,33,4,Dark,Clear,Main,Maint./inspect Car,16,50000,0,50000,H607,40.82617,-73.914505,58.4,48.1,38.4
MNCW,69634,2019-03-16,5:11 AM,Rear end collision,0,NEW YORK -BRONX,NY,33,4,Dark,Clear,Main,Maint./inspect Car,0,0,0,50000,H607,40.82617,-73.914505,58.4,48.1,38.4
MNCW,68416,2018-09-05,9:15 PM,Obstruction,0,NEW YORK -BRONX,NY,76,4,Dark,Clear,Yard,Spec. MoW Equip.,3,0,0,18000,H607,40.838115,-73.930605,85.2,82.9,83.1
MNCW,80153,2023-07-08,11:53 AM,Obstruction,0,NEW YORK -BRONX,NY,85,2,Day,Clear,Main,EMU,3,16082,0,16082,M402,40.819894,-73.924676,79.7,79.4,77.5
MNCW,75777,2021-10-19,11:30 AM,Obstruction,0,NEW YORK -BRONX,NY,57,2,Day,Clear,Main,Spec. MoW Equip.,0,800,0,32774,H607,40.90077,-73.859155,53.7,57,67
MNCW,75748,2021-10-14,8:24 PM,Obstruction,0,NEW YORK -BRONX,NY,66,4,Dark,Clear,Yard,Work train,7,151197,0,151197,H607,40.872032,-73.90712,66.7,69.7,70.9
MNCW,75777,2021-10-19,11:30 AM,Obstruction,0,NEW YORK -BRONX,NY,57,2,Day,Clear,Main,Spec. MoW Equip.,11,15912,0,32774,H607,40.90077,-73.859155,53.7,57,67
MNCW,2019010420,2019-01-04,9:10 AM,Derailment,0,NEW YORK -BRONX,NY,36,2,Day,Clear,Yard,Commuter Train - Pulling,3,48737,3000,51737,H702,40.831782,-73.932752,41,40.9,43.7
MNCW,2018022426,2018-02-23,11:05 PM,Obstruction,0,NEW YORK -BRONX,NY,30,4,Dark,Clear,Yard,Light loco(s),5,0,64000,64000,H997,40.834565,-73.932162,44.9,38.3,47.3
MNCW,75078,2021-05-29,7:31 AM,Obstruction,0,NEW YORK -BRONX,NY,50,1,Dawn,Rain,Main,,0,0,0,19751,M404,40.853126,-73.92068,60,49.5,49.5
MNCW,75777,2021-10-19,11:30 AM,Obstruction,0,NEW YORK -BRONX,NY,57,2,Day,Clear,Main,Spec. MoW Equip.,0,2100,0,32774,H607,40.90077,-73.859155,53.7,57,67
MNCW,75777,2021-10-19,11:30 AM,Obstruction,0,NEW YORK -BRONX,NY,57,2,Day,Clear,Main,Spec. MoW Equip.,0,13962,0,32774,H607,40.90077,-73.859155,53.7,57,67
CSX,000170209,2017-07-14,3:30 AM,Derailment,0,NEW YORK -BRONX,NY,68,4,Dark,Cloudy,Yard,Freight Train,0,0,2351,50249,T311,40.804146,-73.908687,83.4,68.5,75.2
PW,PWR366117R,2017-07-14,3:30 AM,Derailment,0,NEW YORK -BRONX,NY,68,4,Dark,Cloudy,Yard,Freight Train,10,47898,0,50249,T311,40.804147,-73.908687,83.4,68.5,75.2
PATH,I06202104,2021-06-14,5:30 AM,Other impacts,0,NEW YORK NEW YORK,NY,67,1,Dawn,Clear,Main,EMU,40,15238,14582,29820,M599,40.71509,-74.01826,67.9,68.7,72.7
NJTR,201703105,2017-03-24,9:00 AM,Derailment,0,NEW YORK NEW YORK,NY,42,2,Day,Clear,Main,Commuter Train - Pulling,5,53271,0,342031,T217,40.751731,-73.996882,32.6,45.4,52.7
MNCW,2015012852,2015-01-28,5:20 PM,Derailment,0,NEW YORK NEW YORK,NY,30,4,Dark,Clear,Yard,Commuter Train - Pulling,11,149178,146736,295914,T220,40.752998,-73.997056,24.2,24.4,27.3
ATK,155182,2018-09-07,11:30 PM,Other (describe in narrative),0,NEW YORK NEW YORK,NY,50,4,Dark,Clear,Main,,0,0,198415,540835,E78L,40.757562,-74.009283,82.7,74,67.9
LI,70255,2019-08-07,2:35 AM,Other impacts,0,NEW YORK NEW YORK,NY,72,4,Dark,Cloudy,Yard,EMU,5,4793,17986,22779,H607,40.754344,-74.001163,75.4,75.6,75.4
MNCW,69390,2018-11-16,5:30 PM,Obstruction,0,NEW YORK NEW YORK,NY,39,2,Day,Cloudy,Main,EMU,3,43999,0,43999,H025,40.751366,-73.973174,32.4,40.4,43.1
ATK,155041,2018-08-25,7:40 PM,Derailment,0,NEW YORK NEW YORK,NY,72,3,Dusk,Clear,Yard,Yard/switching,5,33904,100000,133904,H704,42.66094,-77.05365,74.1,73.8,76.6
ATK,146813,2017-03-24,9:00 AM,Derailment,0,NEW YORK NEW YORK,NY,42,2,Day,Clear,Main,Passenger Train - Pulling,5,288760,0,342031,T217,40.751731,-73.996882,32.6,45.4,52.7
NJTR,202401042,2023-12-29,4:36 PM,Other (describe in narrative),0,NEW YORK NEW YORK,NY,41,4,Dark,Clear,Main,Commuter Train - Pulling,5,12989,0,31843,E78L,40.753338,-74.000026,50.8,49.9,43.3
NJTR,202312549,2023-11-21,11:55 AM,Derailment,0,NEW YORK NEW YORK,NY,48,2,Day,Cloudy,Main,Commuter Train - Pushing,5,85960,0,85960,E49C,40.750477,-73.994749,41,41.4,51.7
MNCW,80465,2023-08-02,9:49 AM,Other (describe in narrative),0,NEW YORK NEW YORK,NY,58,2,Day,Clear,Main,EMU,6,0,35632,35632,H221,40.753152,-73.97738,73.9,72.2,73.1
MNCW,73524,2020-11-12,1:48 PM,Derailment,0,NEW YORK NEW YORK,NY,50,2,Day,Cloudy,Main,Spec. MoW Equip.,10,21362,1687,23049,H699,40.774708,-73.961342,66.7,56.7,48.6
NJTR,202407357,2024-06-21,7:14 AM,Other (describe in narrative),0,NEW YORK NEW YORK,NY,84,2,Day,Clear,Main,Commuter Train - Pulling,5,13371,0,13371,E78L,40.750327,-73.994459,81.6,84.5,81.3
LI,EQ20150307,2015-03-22,3:32 PM,Derailment,0,NEW YORK NEW YORK,NY,42,2,Day,Clear,Yard,EMU,4,20000,5000,25000,H305,40.75127,-73.995233,37,37.6,30.6
ATK,152411,2018-03-20,9:58 AM,Derailment,0,NEW YORK NEW YORK,NY,39,2,Day,Clear,Main,Passenger Train - Pulling,12,89010,5000,94010,T220,40.750568,-73.993518,39.3,35,34.1
MNCW,76450,2022-02-01,6:30 AM,Other impacts,0,NEW YORK NEW YORK,NY,15,1,Dawn,Clear,Yard,EMU,0,49938,0,49938,M507,40.75409,-73.97536,25,29.4,38.1
NJTR,202409454,2024-05-21,6:45 AM,Other (describe in narrative),0,NEW YORK NEW YORK,NY,60,4,Dark,Clear,Main,Commuter Train - Pushing,60,15757,0,15757,E78L,40.755357,-74.004935,63.3,69.8,75
ATK,135959,2015-01-15,2:45 PM,Other (describe in narrative),0,NEW YORK NEW YORK,NY,34,2,Day,Clear,Main,Passenger Train - Pulling,90,11381,0,11381,E78L,40.746834,-73.981977,24.4,29.8,31.8
LI,75957,2021-11-11,3:30 AM,Other impacts,0,NEW YORK NEW YORK,NY,48,4,Dark,Clear,Yard,EMU,2,15542,0,15542,E31C,40.755131,-74.004172,59,53.9,61.6
NJTR,202310415,2023-09-12,8:55 AM,Derailment,0,NEW YORK NEW YORK,NY,80,2,Day,Clear,Main,Commuter Train - Pushing,15,20951,0,70425,E79L,40.75058,-73.99352,74.2,74.2,75.2
ATK,146920,2017-04-03,9:00 AM,Derailment,0,NEW YORK NEW YORK,NY,55,2,Day,Clear,Main,Freight Train,0,0,718000,963409,T113,40.751737,-73.996821,51.7,54.7,49
NJTR,202209364,2022-09-01,2:52 PM,Other (describe in narrative),0,NEW YORK NEW YORK,NY,84,2,Day,Clear,Main,Commuter Train - Pulling,45,48583,0,50683,T404,40.756679,-74.008059,76.8,77.2,70.2
NJTR,202307283,2023-06-24,7:59 AM,Other (describe in narrative),0,NEW YORK NEW YORK,NY,77,2,Day,Clear,Main,Commuter Train - Pulling,0,18797,0,18797,T404,40.75078,-73.994255,67.9,73.1,75.9
ATK,149157,2017-08-23,3:30 AM,Derailment,0,NEW YORK NEW YORK,NY,70,4,Dark,Clear,Main,Commuter Train - Pulling,10,34114,1000,35114,T110,40.751905,-73.996713,81.2,76.1,73.2
LI,69992,2019-06-23,8:03 PM,Derailment,0,NEW YORK NEW YORK,NY,75,3,Dusk,Clear,Yard,EMU,10,11000,49779,60779,T111,40.754344,-74.00127,72,75,76.7
ATK,139799,2015-10-21,1:00 AM,Other (describe in narrative),0,NEW YORK NEW YORK,NY,60,4,Dark,Clear,Main,EMU,0,0,1000,35704,T404,40.752117,-73.997657,57.9,64.7,65.9
NJTR,201704133,2017-04-14,3:10 PM,Other (describe in narrative),0,NEW YORK NEW YORK,NY,60,2,Day,Clear,Main,Commuter Train - Pulling,50,15000,0,17000,T404,40.759086,-74.011438,56.7,56,57.5
NJTR,202307281,2023-06-24,5:59 PM,Other (describe in narrative),0,NEW YORK NEW YORK,NY,77,2,Day,Clear,Main,EMU,5,13750,0,14825,T404,40.750735,-73.994362,67.9,73.1,75.9
MNCW,2015122605,2015-12-26,8:30 AM,Derailment,0,NEW YORK NEW YORK,NY,49,2,Day,Clear,Main,EMU,8,10281,21119,31400,T111,40.752726,-73.977229,60.2,52.5,52.9
NJTR,202407359,2024-06-18,6:21 AM,Other (describe in narrative),0,NEW YORK NEW YORK,NY,70,2,Day,Clear,Main,Commuter Train - Pushing,10,13392,0,21022,T404,40.750778,-73.995155,74.8,78.8,79
NJTR,201901024,2018-12-04,11:48 PM,Other (describe in narrative),0,NEW YORK NEW YORK,NY,45,4,Dark,Clear,Main,Commuter Train - Pulling,0,62479,0,62479,T499,40.750281,-73.994155,52.4,38.4,32.6
NJTR,202206237,2022-05-26,6:35 AM,Other (describe in narrative),0,NEW YORK NEW YORK,NY,51,1,Dawn,Clear,Main,EMU,5,16318,0,26033,T404,40.754507,-74.003118,60.8,62.7,69.4
NJTR,201909509,2019-01-23,7:57 AM,Other (describe in narrative),0,NEW YORK NEW YORK,NY,32,2,Day,Clear,Main,Commuter Train - Pulling,5,10501,0,11065,T404,40.750592,-73.993538,22,38,50.2
MNCW,77571,2022-07-16,3:13 PM,Derailment,0,NEW YORK NEW YORK,NY,76,2,Day,Cloudy,Main,EMU,10,116687,30484,147171,T399,40.752655,-73.977295,77.9,75.5,77.5
NJTR,202004168,2020-03-13,6:56 PM,Other (describe in narrative),0,NEW YORK NEW YORK,NY,50,4,Dark,Cloudy,Main,Commuter Train - Pulling,0,78383,0,78383,T404,40.752052,-73.995976,46.1,55.8,48.9
NJTR,201510584,2015-10-21,1:00 AM,Other (describe in narrative),0,NEW YORK NEW YORK,NY,60,4,Dark,Clear,Main,EMU,4,34704,0,35704,T404,40.752117,-73.997657,57.9,64.7,65.9
MNCW,77538,2022-07-11,4:08 PM,Derailment,0,NEW YORK NEW YORK,NY,82,2,Day,Cloudy,Main,EMU,9,164559,142843,307402,T399,40.752655,-73.977295,74,75,80.3
LI,EQ20150904,2015-09-23,4:37 PM,Derailment,0,NEW YORK NEW YORK,NY,74,2,Day,Cloudy,Yard,EMU,8,636136,15000,651136,T108,40.754158,-74.003346,66.7,67.9,70.2
NJTR,201809464,2018-09-07,11:30 PM,Other (describe in narrative),0,NEW YORK NEW YORK,NY,50,4,Dark,Clear,Main,EMU,60,342420,0,540835,T404,40.757562,-74.009283,82.7,74,67.9
ATK,147091,2017-04-14,3:10 PM,Other (describe in narrative),0,NEW YORK NEW YORK,NY,60,2,Day,Clear,Main,EMU,0,0,2000,17000,T404,40.696769,-74.011438,56.7,56,57.5
ATK,148296,2017-07-06,8:55 PM,Derailment,0,NEW YORK NEW YORK,NY,75,4,Dark,Clear,Main,Freight Train,0,0,13000,37371,T111,40.753969,-74.002218,76.2,73.3,72.9
NJTR,201708272,2017-07-06,8:55 PM,Derailment,0,NEW YORK NEW YORK,NY,75,4,Dark,Clear,Main,Commuter Train - Pulling,8,24371,0,37371,T111,40.753969,-74.002218,76.2,73.3,72.9
NJTR,201704122,2017-04-03,9:00 AM,Derailment,0,NEW YORK NEW YORK,NY,55,2,Day,Clear,Main,Commuter Train - Pulling,13,245409,0,963409,T113,40.751737,-73.996821,51.7,54.7,49
LI,68209,2018-07-21,4:45 PM,Derailment,0,NEW YORK NEW YORK,NY,77,2,Day,Rain,Yard,EMU,15,2000000,107975,2107975,T307,40.754344,-74.001383,74.8,71.7,74.8
NYA,042716,2016-04-27,12:11 PM,Derailment,0,NEW YORK -QUEENS,NY,58,2,Day,Clear,Yard,,0,0,53355,57355,H704,40.76489,-73.88037,53,51.9,52.3
NYA,022016,2016-02-20,3:35 PM,Raking collision,0,NEW YORK -QUEENS,NY,65,2,Day,Clear,Yard,Yard/switching,5,19050,0,19050,H302,40.706506,-73.886074,31.8,50.6,51.2
NYA,072018,2018-07-20,3:30 PM,Derailment,0,NEW YORK -QUEENS,NY,80,2,Day,Clear,Yard,Yard/switching,2,39894,71127,111021,H506,40.707968,-73.889501,74.8,75.5,72.3
LI,EQ20160702,2016-07-17,3:13 PM,Derailment,0,NEW YORK -QUEENS,NY,85,2,Day,Clear,Main,Freight Train,10,0,29280,29280,M201,40.699868,-73.806673,82.3,83,83.9
ATK,138587,2015-08-04,12:00 PM,Derailment,0,NEW YORK -QUEENS,NY,84,2,Day,Clear,Yard,Yard/switching,5,13000,0,13000,H303,40.741177,-73.955755,82.7,82.2,79.8
NYA,122619,2019-12-26,7:35 PM,Derailment,0,NEW YORK -QUEENS,NY,40,4,Dark,Clear,Yard,Yard/switching,5,31083,4630,35713,T220,40.710204,-73.894884,37.7,39.9,49.9
MNCW,79256,2023-02-28,6:30 PM,Raking collision,0,NEW YORK -QUEENS,NY,37,2,Day,Cloudy,Yard,EMU,2,236047,0,236047,M599,40.743259,-73.948871,37.8,35.3,39.4
NYA,021919,2019-02-19,4:15 PM,Derailment,0,NEW YORK -QUEENS,NY,40,2,Day,Clear,Industry,Freight Train,4,13954,0,23954,M101,40.698547,-73.829443,34.7,29.3,28.5
NYA,112717,2017-11-27,1:23 PM,Derailment,0,NEW YORK -QUEENS,NY,60,2,Day,Clear,Yard,Yard/switching,3,14846,35000,49846,H505,40.70788,-73.890047,46.3,45.1,45.3
LI,77019,2022-04-25,7:44 PM,Obstruction,0,NEW YORK -QUEENS,NY,54,3,Dusk,Cloudy,Main,EMU,40,173622,0,173622,M503,40.752916,-73.842645,54,51.4,53.7
NYA,070815,2015-07-08,12:38 AM,Hwy-rail crossing,0,NEW YORK -QUEENS,NY,81,4,Dark,Clear,Yard,Freight Train,22,21553,75000,96553,H607,40.72289,-73.913851,80.3,80.7,73.3
NYA,111620,2020-11-16,11:50 AM,Derailment,0,NEW YORK -QUEENS,NY,57,2,Day,Clear,Yard,Yard/switching,5,20391,32860,53251,H506,40.707385,-73.888602,51.9,51.9,45.7
ATK,156482,2018-11-25,9:08 AM,Other (describe in narrative),0,NEW YORK -QUEENS,NY,50,2,Day,Cloudy,Main,Passenger Train - Pulling,30,13396,0,13396,T404,40.916471,-73.780112,39.8,50.5,48.7
NYA,91117,2017-09-11,5:15 PM,Derailment,0,NEW YORK -QUEENS,NY,70,2,Day,Clear,Yard,Yard/switching,7,1000,39200,40200,T319,40.707016,-73.889954,65.5,67.8,71.6
ATK,156483,2018-11-25,7:08 AM,Other (describe in narrative),0,NEW YORK -QUEENS,NY,50,1,Dawn,Cloudy,Main,Passenger Train - Pulling,30,13396,13769,27165,T404,41.031248,-73.592824,39.8,50.5,48.7
ATK,156477,2018-11-25,8:22 AM,Other (describe in narrative),0,NEW YORK -QUEENS,NY,50,1,Dawn,Cloudy,Main,Passenger Train - Pulling,30,11497,0,11497,T404,41.295285,-72.928377,39.8,50.5,48.7
LI,EQ20161007,2016-10-31,10:00 AM,Obstruction,0,NEW YORK-KINGS,NY,59,2,Day,Clear,Yard,EMU,5,0,13962,13962,M402,40.682214,-73.972318,65.5,51,50.7
NYA,021820,2020-02-18,12:25 AM,Derailment,0,NEW YORK-KINGS,NY,37,4,Dark,Clear,Yard,Single Car,10,10483,0,210483,E0HC,40.64384,-74.03252,42.6,41.7,43.2
NYA,NYA000043,2022-01-04,11:50 PM,Derailment,0,NEW YORK-KINGS,NY,30,4,Dark,Clear,Yard,Yard/switching,7,7328,22800,30128,E44C,40.637529,-74.021243,30.6,27.2,39.4
NYNJ,202004,2020-02-18,12:25 AM,Derailment,0,NEW YORK-KINGS,NY,37,4,Dark,Clear,Yard,,0,0,200000,210483,H025,40.64384,-74.03252,42.6,41.7,43.2
CRSH,146886,2024-07-10,8:35 AM,Other impacts,0,NEWARK,NJ,92,2,Day,Clear,Yard,Freight Train,5,70052,5334,1794263,H307,40.714583,-74.158927,84.3,85.4,83.5
NS,115342,2015-04-20,8:20 AM,Raking collision,0,NEWARK,NJ,51,2,Day,Rain,Yard,Freight Train,5,11000,0,13000,H302,40.713668,-74.142477,54.4,53.4,59.4
CRSH,118866,2016-01-09,9:30 PM,Raking collision,0,NEWARK,NJ,42,4,Dark,Rain,Yard,Yard/switching,2,248,0,121784,H316,40.706713,-74.13466,39.2,44.4,52.5
CRSH,118866,2016-01-09,9:30 PM,Raking collision,0,NEWARK,NJ,42,4,Dark,Rain,Yard,Yard/switching,7,116536,5000,121784,H316,40.706713,-74.13466,39.2,44.4,52.5
NS,114695,2015-03-05,6:30 PM,Derailment,0,NEWARK,DE,20,3,Dusk,Snow,Yard,Freight Train,2,95267,200,95467,H306,39.666359,-75.753722,38.1,28.6,17
CRSH,146886,2024-07-10,8:35 AM,Other impacts,0,NEWARK,NJ,92,2,Day,Clear,Yard,Yard/switching,7,1708375,0,1794263,H307,40.714583,-74.158927,84.3,85.4,83.5
CRSH,116580,2015-07-17,4:00 AM,Derailment,0,NEWARK,NJ,75,1,Dawn,Clear,Industry,Yard/switching,9,17582,0,17582,H306,40.735443,-74.17211,72.5,72.8,78.7
MNA,MNA533523R,2023-09-13,5:30 PM,Derailment,0,NEWARK,AR,80,2,Day,Clear,Industry,Freight Train,5,29100,55633,84733,H704,35.679337,-91.38205,68.4,69.1,67.1
CRSH,118505,2015-12-08,1:00 AM,Raking collision,0,NEWARK,NJ,40,4,Dark,Clear,Yard,Single Car,1,5702,0,29900,H301,40.713668,-74.142477,45.7,43.4,45.9
CRSH,118505,2015-12-08,1:00 AM,Raking collision,0,NEWARK,NJ,40,4,Dark,Clear,Yard,Yard/switching,3,23198,1000,29900,H301,40.713668,-74.142477,45.7,43.4,45.9
NS,152250,2023-02-07,8:40 AM,Other (describe in narrative),0,NEWARK,NJ,40,2,Day,Clear,Yard,Freight Train,8,12000,0,12000,H702,40.707791,-74.143552,43.2,36.2,46