reportingrailroadcode,accidentnumber,date,time,accidenttype,hazmatreleasedcars,station,stateabbr,temperature,visibility_code,visibility,weathercondition,tracktype,equipmenttype,trainspeed,equipmentdamagecost,trackdamagecost,totaldamagecost,primaryaccidentcausecode,latitude,longitude,prior_temp,actual_temp,following_temp
CRSH,122688,2016-11-06,5:45 PM,Raking collision,0,NEWARK,NJ,52,3,Dusk,Clear,Yard,Single Car,0,26081,0,71062,S016,40.708915,-74.138802,52.1,52.8,46.8
CRSH,122688,2016-11-06,5:45 PM,Raking collision,0,NEWARK,NJ,52,3,Dusk,Clear,Yard,Yard/switching,3,44981,0,71062,S016,40.708915,-74.138802,52.1,52.8,46.8
ATK,146911,2017-03-16,10:17 AM,Other (describe in narrative),0,NEWARK,NJ,30,2,Day,Cloudy,Main,,0,0,0,12980,H599,40.711868,-74.189464,23.8,31.7,36.6
ATK,166702,2021-03-25,12:40 AM,Obstruction,0,NEWARK,NJ,57,4,Dark,Rain,Main,Spec. MoW Equip.,10,0,0,32006,H607,40.715136,-74.177267,52,57.1,64.2
CRSH,146813,2023-12-22,10:46 AM,Other impacts,0,NEWARK,NJ,34,2,Day,Clear,Yard,Yard/switching,5,126052,0,128166,M407,40.706501,-74.133751,37.8,32,37.6
ATK,152899,2018-04-16,5:30 PM,Other (describe in narrative),0,NEWARK,NJ,50,2,Day,Cloudy,Main,,0,0,0,13197,H999,40.710097,-74.194182,42.7,48.7,44
CRSH,122745,2016-11-12,7:15 PM,Side collision,0,NEWARK,NJ,52,3,Dusk,Clear,Yard,Yard/switching,4,129195,0,320685,H020,40.703418,-74.127859,51.7,43.7,47.3
CRSH,122745,2016-11-12,7:15 PM,Side collision,0,NEWARK,NJ,52,3,Dusk,Clear,Yard,Yard/switching,4,93647,97843,320685,H020,40.703418,-74.127859,51.7,43.7,47.3
CSX,000173310,2017-12-10,2:30 PM,Derailment,0,NEWARK,NJ,35,2,Day,Cloudy,Yard,Freight Train,4,13589,0,17589,H704,40.708117,-74.13553,32.7,33.7,36.8
CRSH,146826,2024-02-06,7:30 PM,Derailment,0,NEWARK,NJ,35,3,Dusk,Clear,Yard,Yard/switching,5,1176,18574,19750,T221,40.725256,-74.130585,37.6,35.2,39.4
NS,144134,2022-01-25,8:30 AM,Derailment,0,NEWARK,NJ,39,2,Day,Clear,Yard,Freight Train,5,12160,0,23128,T213,40.70988,-74.14317,29.4,34.7,23.1
CRSH,144032,2022-01-14,9:40 PM,Derailment,0,NEWARK,NJ,25,4,Dark,Clear,Yard,,0,0,9428,14578,H704,40.686535,-74.162575,36.9,36.8,15.9
CRSH,144141,2022-01-25,8:30 AM,Derailment,0,NEWARK,NJ,39,2,Day,Clear,Yard,,0,0,10968,23128,T213,40.713407,-74.149072,29.4,34.7,23.1
CRSH,146843,2024-03-15,12:20 PM,Derailment,0,NEWARK,NJ,68,2,Day,Cloudy,Yard,Cut of cars,0,49543,0,103905,M409,40.693089,-74.159008,56.8,60.8,53.6
ATK,166702,2021-03-25,12:40 AM,Obstruction,0,NEWARK,NJ,57,4,Dark,Rain,Main,Spec. MoW Equip.,0,16003,0,32006,H607,40.715136,-74.177267,52,57.1,64.2
CRSH,146843,2024-03-15,12:20 PM,Derailment,0,NEWARK,NJ,68,2,Day,Cloudy,Yard,Yard/switching,9,44195,10167,103905,M409,40.693089,-74.159008,56.8,60.8,53.6
CRSH,127720,2017-12-10,2:30 PM,Derailment,0,NEWARK,NJ,35,2,Day,Clear,Yard,,0,0,4000,17589,H702,40.712538,-74.149051,32.7,33.7,36.8
CRSH,132769,2019-01-15,11:31 AM,Raking collision,0,NEWARK,NJ,36,2,Day,Clear,Yard,Cut of cars,3,56481,0,56481,S016,40.706612,-74.134558,26.1,29.5,32.3
CRSH,132349,2019-01-08,4:50 AM,Raking collision,0,NEWARK,NJ,31,1,Dawn,Sleet,Yard,Yard/switching,8,29453,0,30157,M204,40.709578,-74.141095,29.8,39.3,41.3
CRSH,135850,2019-10-16,2:55 AM,Raking collision,0,NEWARK,NJ,55,4,Dark,Clear,Yard,Yard/switching,0,1588,0,13872,S016,40.706396,-74.133991,57.9,60,54.8
CRSH,131914,2018-12-02,10:50 AM,Raking collision,0,NEWARK,NJ,55,2,Day,Rain,Yard,Yard/switching,2,37094,4500,41594,S016,40.706515,-74.134021,40.9,49.2,51.7
CRSH,146813,2023-12-22,10:46 AM,Other impacts,0,NEWARK,NJ,34,2,Day,Clear,Yard,Single Car,5,2114,0,128166,M407,40.706501,-74.133751,37.8,32,37.6
CRSH,132349,2019-01-08,4:50 AM,Raking collision,0,NEWARK,NJ,31,1,Dawn,Sleet,Yard,Cut of cars,0,704,0,30157,M204,40.709578,-74.141095,29.8,39.3,41.3
CRSH,146694,2022-12-18,9:15 PM,Derailment,0,NEWARK,NJ,30,4,Dark,Clear,Siding,Freight Train,9,6346,75025,81371,T211,40.712091,-74.185763,40.8,36.3,34.3
NJTR,201703102,2017-03-16,10:17 AM,Other (describe in narrative),0,NEWARK,NJ,30,2,Day,Cloudy,Main,Work train,30,12980,0,12980,H599,40.711868,-74.189464,23.8,31.7,36.6
CRSH,125991,2017-07-27,1:01 AM,Derailment,0,NEWARK,NJ,66,4,Dark,Cloudy,Yard,,0,0,2500,18861,H702,40.713802,-74.142775,70.8,72.6,77.4
CRSH,135824,2019-10-10,3:15 PM,Other (describe in narrative),0,NEWARK,NJ,70,2,Day,Clear,Yard,Cut of cars,2,19214,0,19214,M407,40.70779,-74.136092,56,61.6,60.1
NJTR,202104138,2021-03-13,1:14 PM,Other (describe in narrative),0,NEWARK,NJ,40,2,Day,Clear,Main,Commuter Train - Pulling,0,14247,0,14247,S010,40.732738,-74.165727,61.7,43.1,44.2
CRSH,132750,2019-01-11,11:40 AM,Raking collision,0,NEWARK,NJ,48,2,Day,Clear,Yard,Cut of cars,0,47136,0,47136,S016,40.709414,-74.141551,32.2,26.4,27
CRSH,114308,2015-02-11,3:30 AM,Raking collision,0,NEWARK,NJ,21,4,Dark,Clear,Yard,Yard/switching,9,9550,2800,15653,H306,40.713686,-74.142477,30.1,26.9,30.7
CRSH,135850,2019-10-16,2:55 AM,Raking collision,0,NEWARK,NJ,55,4,Dark,Clear,Yard,Single Car,2,12284,0,13872,S016,40.706396,-74.133991,57.9,60,54.8
CRSH,126448,2017-08-30,10:30 AM,Raking collision,0,NEWARK,NJ,75,2,Day,Clear,Yard,Cut of cars,3,30993,0,56245,S016,40.706022,-74.132528,66.1,69.4,71.3
CRSH,126448,2017-08-30,10:30 AM,Raking collision,0,NEWARK,NJ,75,2,Day,Clear,Yard,Freight Train,4,22752,2500,56245,S016,40.706022,-74.132528,66.1,69.4,71.3
CRSH,114609,2015-02-28,4:30 PM,Derailment,0,NEWARK,NJ,25,3,Dusk,Clear,Yard,Single Car,0,7637,25537,45266,S006,40.713668,-74.142477,23.3,21.8,24.4
CRSH,137514,2020-03-17,3:20 PM,Derailment,0,NEWARK,NJ,54,2,Day,Clear,Yard,Yard/switching,3,282,14640,14922,S006,40.710569,-74.143793,39.1,47,47
CRSH,115355,2015-04-20,8:20 AM,Raking collision,0,NEWARK,NJ,52,2,Day,Rain,Yard,,0,0,2000,13000,H302,40.713668,-74.142477,54.4,53.4,59.4
CRSH,140350,2021-01-21,2:15 PM,Derailment,0,NEWARK,NJ,30,2,Day,Clear,Yard,Yard/switching,6,24929,0,24929,H704,40.715101,-74.172758,33.7,33.2,38.5
CRSH,114609,2015-02-28,4:30 PM,Derailment,0,NEWARK,NJ,25,3,Dusk,Clear,Yard,Yard/switching,9,12092,0,45266,S006,40.713668,-74.142477,23.3,21.8,24.4
CSX,000211508,2023-05-26,8:00 PM,Derailment,0,NEWARK,NJ,70,3,Dusk,Clear,Yard,Freight Train,4,33892,0,33892,H702,40.714239,-74.144451,61.1,64.8,67.4
CRSH,146742,2023-04-17,9:14 AM,Hwy-rail crossing,0,NEWARK,NJ,68,2,Day,Cloudy,Main,,0,0,12349,13718,M304,40.709173,-74.145171,63.1,60.2,53
CRSH,139055,2020-09-02,4:00 PM,Derailment,0,NEWARK,NJ,82,3,Dusk,Cloudy,Main,,0,0,8150,29650,H524,40.709743,-74.148634,73.1,76,78.5
CRSH,113847,2015-01-13,9:10 AM,Raking collision,0,NEWARK,NJ,23,2,Day,Cloudy,Yard,Single Car,0,10073,0,17253,S006,40.713668,-74.142477,35.7,26.5,22.8
CRSH,146374,2022-09-03,10:00 AM,Derailment,0,NEWARK,NJ,80,2,Day,Clear,Yard,Yard/switching,10,1344,16202,17546,H702,40.703931,-74.128644,70.2,73,78.4
CUOH,CUO1165165,2016-10-19,8:25 PM,Other impacts,0,NEWARK,OH,64,4,Dark,Cloudy,Yard,Yard/switching,8,461150,0,461150,H018,40.055419,-82.399378,72.4,70.2,62.8
CSX,000219205,2024-07-10,9:30 AM,Side collision,0,NEWARK,NJ,80,2,Day,Clear,Yard,Freight Train,4,10502,0,1794263,H307,40.714583,-74.158927,84.3,85.4,83.5
CRSH,142902,2021-09-20,9:45 PM,Derailment,0,NEWARK,NJ,70,4,Dark,Clear,Yard,,0,0,14092,70092,H506,40.688728,-74.162056,72.6,69.3,72.1
CRSH,140159,2021-01-01,4:00 AM,Other impacts,0,NEWARK,NJ,37,1,Dawn,Clear,Yard,Yard/switching,5,915,500,168153,H317,40.706693,-74.133706,42.5,34.8,41.9
PATH,I031515,2015-03-14,12:40 PM,Fire/violent rupture,0,NEWARK,NJ,45,2,Day,Rain,Yard,EMU,13,41175,0,41175,E75L,40.735657,-74.172367,36.9,44.2,42.4
ATK,139127,2015-09-07,12:48 PM,Other (describe in narrative),0,NEWARK,NJ,89,2,Day,Clear,Main,Passenger Train - Pushing,94,20000,1800,21800,E78L,40.747289,-74.163916,73.2,79.8,84
CRSH,131138,2018-09-29,4:40 AM,Derailment,0,NEWARK,NJ,66,1,Dawn,Clear,Yard,Yard/switching,0,1273,0,70073,S007,40.70636,-74.134506,61,64.2,62.2
CRSH,131138,2018-09-29,4:40 AM,Derailment,0,NEWARK,NJ,66,1,Dawn,Clear,Yard,Single Car,9,68164,0,70073,S007,40.70636,-74.134506,61,64.2,62.2
CRSH,140159,2021-01-01,4:00 AM,Other impacts,0,NEWARK,NJ,37,1,Dawn,Clear,Yard,Yard/switching,5,166738,0,168153,H317,40.706693,-74.133706,42.5,34.8,41.9
CUOH,CUO694915D,2015-02-14,11:29 AM,Derailment,0,NEWARK,OH,30,2,Day,Snow,Yard,Yard/switching,2,14000,14300,28300,E47C,40.056567,-82.396325,13.2,21.9,2.9
CUOH,CUO628220D,2020-11-30,11:15 AM,Derailment,0,NEWARK,OH,36,2,Day,Snow,Yard,Yard/switching,8,18060,20978,39038,E65C,40.054986,-82.381656,38.8,38,31.8
NJTR,201804193,2018-04-16,5:30 PM,Other (describe in narrative),0,NEWARK,NJ,50,2,Day,Cloudy,Main,Commuter Train - Pulling,52,13197,0,13197,H999,40.710097,-74.194182,42.7,48.7,44
CRSH,131138,2018-09-29,4:40 AM,Derailment,0,NEWARK,NJ,66,1,Dawn,Clear,Yard,Cut of cars,9,636,0,70073,S007,40.70636,-74.134506,61,64.2,62.2
NS,143049,2021-09-20,9:45 PM,Derailment,0,NEWARK,NJ,72,4,Dark,Clear,Main,Freight Train,6,56000,0,70092,H518,40.688728,-74.162056,72.6,69.3,72.1
CSX,000210844,2023-04-17,9:14 AM,Hwy-rail crossing,0,NEWARK,NJ,68,2,Day,Fog,Main,Light loco(s),15,1369,0,13718,M304,40.709173,-74.145171,63.1,60.2,53
ATK,166702,2021-03-25,12:40 AM,Obstruction,0,NEWARK,NJ,50,4,Dark,Rain,Main,Spec. MoW Equip.,5,16003,0,32006,H699,40.715136,-74.177267,52,57.1,64.2
PATH,I081115,2015-08-11,4:55 AM,Obstruction,0,NEWARK,NJ,70,4,Dark,Clear,Main,EMU,30,0,1300000,1300000,M599,40.735657,-74.172366,74.8,75.2,77.5
CUOH,CUO814821D,2021-06-27,6:00 PM,Derailment,0,NEWARK,OH,85,2,Day,Clear,Main,Freight Train,6,10232,4535,14767,M203,40.061078,-82.350753,79.3,81.4,79.6
CRSH,143719,2021-12-08,1:26 PM,Other impacts,0,NEWARK,NJ,42,2,Day,Clear,Yard,Single Car,0,7196,0,72411,H316,40.710014,-74.141941,39.9,38.7,36.4
CRSH,116938,2015-08-13,10:10 AM,Raking collision,0,NEWARK,NJ,85,2,Day,Clear,Yard,Cut of cars,10,268,0,145414,S006,40.713668,-74.142477,77.5,76.4,77.4
CRSH,143586,2021-11-25,4:40 AM,Other impacts,0,NEWARK,NJ,35,1,Dawn,Clear,Yard,Yard/switching,4,36584,0,42019,H318,40.705679,-74.129617,39.2,46.4,43.9
CRSH,120844,2016-06-12,7:00 PM,Derailment,0,NEWARK,NJ,81,3,Dusk,Clear,Yard,Yard/switching,4,113191,3000,116191,H501,40.702852,-74.151512,74.9,78.7,66.4
ATK,137409,2015-05-12,3:55 PM,Other (describe in narrative),0,NEWARK,NJ,86,2,Day,Clear,Main,Passenger Train - Pulling,0,17918,0,17918,E78L,40.734316,-74.16398,74.8,76.1,62.2
CRSH,143586,2021-11-25,4:40 AM,Other impacts,0,NEWARK,NJ,35,1,Dawn,Clear,Yard,Yard/switching,0,5000,435,42019,H318,40.705679,-74.129617,39.2,46.4,43.9
CSX,000202443,2022-01-14,9:40 PM,Derailment,0,NEWARK,NJ,28,4,Dark,Clear,Yard,Freight Train,3,5150,0,14578,H704,40.686535,-74.162575,36.9,36.8,15.9
CSX,000203148,2022-02-17,11:40 AM,Derailment,0,NEWARK,NJ,47,2,Day,Cloudy,Yard,Freight Train,3,6582,0,16478,H702,40.704566,-74.129962,35.4,57.5,45.9
CRSH,143400,2021-11-08,1:15 AM,Derailment,0,NEWARK,NJ,45,4,Dark,Clear,Yard,Yard/switching,5,5556,9010,14566,H702,40.705271,-74.135569,46,55.7,59.4
CRSH,144419,2022-02-17,11:40 AM,Derailment,0,NEWARK,NJ,66,2,Day,Clear,Yard,,0,0,9896,16478,H702,40.704566,-74.129962,35.4,57.5,45.9
CRSH,116938,2015-08-13,10:10 AM,Raking collision,0,NEWARK,NJ,85,2,Day,Clear,Yard,Yard/switching,10,144396,750,145414,S006,40.713668,-74.142477,77.5,76.4,77.4
NJTR,202103095,2021-02-23,4:20 PM,Other (describe in narrative),0,NEWARK,NJ,40,2,Day,Clear,Main,Commuter Train - Pulling,0,16990,0,16990,H508,40.733039,-74.166098,33.2,38.6,44.2
CRSH,143399,2021-11-07,6:43 PM,Derailment,0,NEWARK,NJ,50,3,Dusk,Clear,Yard,Yard/switching,7,2482958,277031,2759989,H704,40.711028,-74.144926,45.2,46,55.7
CRSH,127962,2018-01-02,4:57 AM,Derailment,0,NEWARK,NJ,16,1,Dawn,Clear,Yard,Yard/switching,8,14507,7500,22007,S016,40.704423,-74.129265,13,18.6,21.5
CRSH,146803,2023-10-31,9:55 AM,Derailment,0,NEWARK,NJ,53,2,Day,Clear,Industry,Yard/switching,6,34012,0,34012,M501,40.674211,-74.154911,55.5,50.3,46.5
CUOH,CUO802415D,2015-09-11,10:30 PM,Derailment,0,NEWARK,OH,62,4,Dark,Rain,Yard,Yard/switching,10,40000,5000,45000,H309,40.05669,-82.39579,71.7,64,60.3
CRSH,134613,2019-07-06,12:15 PM,Derailment,0,NEWARK,NJ,90,2,Day,Cloudy,Yard,Yard/switching,6,9811,11238,21049,M101,40.710168,-74.142748,78,81.5,78.2
CRSH,114011,2015-01-23,12:30 PM,Raking collision,0,NEWARK,NJ,39,2,Day,Clear,Yard,Cut of cars,0,45830,1860,48079,T306,40.713668,-74.142477,33.9,32.8,34.7
NJTR,201702041,2016-10-21,8:16 PM,Other (describe in narrative),0,NEWARK,NJ,68,4,Dark,Cloudy,Main,Commuter Train - Pulling,20,9000,0,15300,T404,40.727514,-74.171358,66.2,68,51
CSX,000172275,2017-10-15,5:30 PM,Derailment,0,NEWARK,NJ,70,3,Dusk,Cloudy,Yard,Freight Train,8,83228,488,91216,T110,40.714225,-74.178,66.2,68.9,59
CRSH,146768,2023-07-11,9:59 AM,Derailment,0,NEWARK,NJ,77,2,Day,Clear,Main,Yard/switching,5,2884,53334,56218,T110,40.712453,-74.153633,79.1,81,84.3
CRSH,114011,2015-01-23,12:30 PM,Raking collision,0,NEWARK,NJ,39,2,Day,Clear,Yard,Yard/switching,10,239,150,48079,T306,40.713686,-74.142477,33.9,32.8,34.7
CRSH,135172,2019-08-20,12:15 PM,Derailment,0,NEWARK,NJ,87,2,Day,Clear,Yard,Yard/switching,5,10589,35200,45789,T317,40.71026,-74.142665,80.8,80.9,80.4
ATK,159898,2019-07-04,11:59 PM,Other (describe in narrative),0,NEWARK,NJ,73,4,Dark,Clear,Main,EMU,0,0,3161,42427,T404,40.73151,-74.174393,81.6,80.9,78
CRSH,116614,2015-07-20,1:00 AM,Derailment,0,NEWARK,NJ,88,4,Dark,Clear,Yard,Single Car,3,24122,0,70063,T305,40.713668,-74.142477,86.6,88.7,83.9
CRSH,127025,2017-10-15,5:30 PM,Derailment,0,NEWARK,NJ,69,3,Dusk,Clear,Yard,Freight Train,0,0,7500,91216,T110,40.714225,-74.178,66.2,68.9,59
NJTR,201907407,2019-07-04,11:57 PM,Other (describe in narrative),0,NEWARK,NJ,73,4,Dark,Clear,Main,Commuter Train - Pushing,30,39266,0,42427,T404,40.712426,-74.185884,81.6,80.9,78
CRSH,137425,2020-03-07,3:32 AM,Derailment,0,NEWARK,NJ,38,4,Dark,Clear,Yard,Yard/switching,3,7671,86950,94621,T110,40.710396,-74.14317,40.6,41.2,46
PATH,I10102019,2019-10-10,5:01 PM,Derailment,0,NEWARK,NJ,71,3,Dusk,Cloudy,Yard,EMU,6,127393,79671,207064,T110,40.729444,-74.169166,56,61.6,60.1
CRSH,146792,2023-09-16,10:08 AM,Derailment,0,NEWARK,NJ,76,2,Day,Clear,Main,Freight Train,0,0,343482,505666,T319,40.70678,-74.149666,64.8,68.4,68.3
CSX,000213507,2023-09-16,10:08 AM,Derailment,0,NEWARK,NJ,66,2,Day,Clear,Main,Freight Train,8,162184,0,505666,T319,40.70678,-74.149666,64.8,68.4,68.3
NJTR,202206235,2022-05-21,11:10 AM,Other (describe in narrative),0,NEWARK,NJ,57,2,Day,Cloudy,Main,EMU,30,21255,0,32868,T404,40.716465,-74.182937,63.1,78.8,83.9
CRSH,116614,2015-07-20,1:00 AM,Derailment,0,NEWARK,NJ,88,4,Dark,Clear,Yard,Yard/switching,7,42941,3000,70063,T305,40.713668,-74.142477,86.6,88.7,83.9
CRSH,119172,2016-01-30,4:45 AM,Derailment,0,NEWARK,NJ,28,1,Dawn,Clear,Yard,Freight Train,4,24999,4000,28999,T110,40.713668,-74.142477,35.7,32.7,40.8
NJTR,201606272,2016-05-25,7:30 AM,Other (describe in narrative),0,NEWARK,NJ,75,2,Day,Clear,Main,EMU,25,10500,1800,12300,T404,40.747343,-74.196178,66,75.5,79.5
CSX,000189465,2020-04-03,6:20 AM,Derailment,0,NEWARK,NJ,50,1,Dawn,Cloudy,Yard,Freight Train,8,25663,12000,49663,T315,40.714239,-74.144451,49.1,50.4,51.6
CRSH,141837,2021-06-09,3:45 PM,Derailment,0,NEWARK,NJ,89,2,Day,Clear,Yard,Freight Train,8,13680,125191,138871,T110,40.683425,-74.165704,80.9,81.4,77.1
CRSH,126024,2017-07-30,2:20 PM,Derailment,0,NEWARK,NJ,82,2,Day,Clear,Yard,Yard/switching,8,51676,90357,142033,T110,40.712014,-74.152938,72.7,72.9,77.6
CRSH,124922,2017-05-03,3:10 AM,Derailment,0,NEWARK,NJ,55,4,Dark,Clear,Industry,Yard/switching,6,20049,1500,21549,T307,40.674009,-74.154472,71.2,61.7,53.7
CRSH,121507,2016-08-01,1:30 PM,Derailment,0,NEWARK,NJ,80,2,Day,Cloudy,Yard,Freight Train,7,11523,3500,15023,T110,40.712911,-74.187187,76,73.6,74.3
CRSH,125046,2017-05-14,12:00 PM,Derailment,0,NEWARK,NJ,63,2,Day,Clear,Industry,Yard/switching,9,58364,1200,59564,T307,40.674009,-74.154472,49.3,55.9,61.2
ATK,144805,2016-10-21,8:16 PM,Other (describe in narrative),0,NEWARK,NJ,68,4,Dark,Cloudy,Main,EMU,0,0,6300,15300,T404,40.727514,-74.171358,66.2,68,51
ATK,171415,2022-05-21,11:10 AM,Other (describe in narrative),0,NEWARK,NJ,57,2,Day,Cloudy,Main,EMU,0,0,11613,32868,T404,40.716465,-74.182937,63.1,78.8,83.9
IC,1041580,2020-07-14,9:05 PM,Hwy-rail crossing,0,NEWBERN,TN,80,4,Dark,Clear,Main,Freight Train,44,10487,25000,35487,M399,36.112215,-89.262599,79.8,81.6,84.6
ATK,141551,2016-03-13,5:38 AM,Obstruction,0,NEWBERN,TN,60,4,Dark,Cloudy,Main,Passenger Train - Pulling,70,20389,0,20389,M404,35.97495,-89.386482,60.3,63.8,61.3
CSX,000191777,2020-08-04,4:45 AM,Other impacts,0,NEWBERRY,SC,80,1,Dawn,Cloudy,Industry,Freight Train,0,7841,0,20110,E08C,34.304057,-81.621423,76.9,75.6,77.4
CSX,000191777,2020-08-04,4:45 AM,Other impacts,0,NEWBERRY,SC,80,1,Dawn,Cloudy,Industry,Cut of cars,3,10846,1423,20110,E08C,34.304057,-81.621423,76.9,75.6,77.4
CSX,000182143,2019-04-03,7:13 AM,Derailment,0,NEWBURG,MD,56,1,Dawn,Clear,Industry,Freight Train,5,29801,1000,30801,M506,38.366357,-76.957879,40.8,52,54.3
CSX,000167261,2017-03-07,3:11 PM,Hwy-rail crossing,0,NEWBURGH,NY,52,2,Day,Cloudy,Siding,Spec. MoW Equip.,0,330000,0,1888187,M303,41.4894,-74.009238,29,41,50.1
CSX,000167261,2017-03-07,3:11 PM,Hwy-rail crossing,0,NEWBURGH,NY,52,2,Day,Cloudy,Siding,Spec. MoW Equip.,0,850000,0,1888187,M303,41.4894,-74.009238,29,41,50.1
CSX,000167261,2017-03-07,3:11 PM,Hwy-rail crossing,0,NEWBURGH,NY,52,2,Day,Cloudy,Main,Freight Train,31,563100,145087,1888187,M303,41.4894,-74.009238,29,41,50.1
MBTA,3026,2015-11-20,11:06 AM,Hwy-rail crossing,0,NEWBURY,MA,59,2,Day,Clear,Main,Passenger Train - Pushing,24,14194,6803,20997,M304,42.790505,-70.875761,48.6,53.4,38.7
MBTA,YR202225,2022-02-20,4:50 AM,Obstruction,0,NEWBURYPORT,MA,19,1,Dawn,Clear,Main,Passenger Train - Pulling,61,83582,0,83582,M404,42.702497,-70.852653,25.6,23.3,40.5
ATK,172164,2022-09-27,5:04 PM,Obstruction,0,NEWCARROLLTON,MD,72,2,Day,Clear,Main,Passenger Train - Pulling,90,29955,0,29955,M404,38.949075,-76.871232,68.2,65,60.3
BNSF,PR1217106,2017-12-06,1:30 PM,Obstruction,0,NEWCASTLE,WY,30,2,Day,Cloudy,Main,Maint./inspect Car,13,70000,500,70500,H997,43.692468,-104.123205,25.3,23.2,25.4
BNSF,PR0715111,2015-07-24,8:32 PM,Derailment,0,NEWCASTLE,WY,59,3,Dusk,Rain,Main,Freight Train,19,382273,15748,398021,M105,43.841496,-104.178004,76.2,72.4,75.2
BNSF,PR0224102,2024-02-05,9:50 AM,Derailment,0,NEWCASTLE,WY,47,2,Day,Clear,Industry,Freight Train,4,3169,13748,16917,T111,43.851098,-104.204298,36.5,40.8,44.5
CUOH,CUO681315D,2015-01-15,3:13 AM,Derailment,0,NEWCOMERSTOWN,OH,10,4,Dark,Clear,Main,Freight Train,32,40500,14000,54500,E52C,40.279184,-81.585613,17.2,22.8,30.2
CSX,000219571,2024-07-26,10:05 AM,Derailment,0,NEWFIELDS,NH,80,2,Day,Clear,Main,Freight Train,3,16091,1700,17791,T205,43.050057,-70.933555,72.6,74,72.1
CDOT,152241,2018-03-07,10:44 PM,Derailment,0,NEWINGTON,CT,31,4,Dark,Snow,Yard,Light loco(s),5,17263,0,17263,M101,41.673283,-72.714623,36.9,33.6,36
ATK,162870,2020-01-24,11:10 AM,Obstruction,0,NEWINGTON,CT,44,2,Day,Clear,Main,Maint./inspect Car,0,65000,32514,159766,H402,41.67762,-72.750006,28.2,34.9,40.2
ATK,162870,2020-01-24,11:10 AM,Obstruction,0,NEWINGTON,CT,44,2,Day,Clear,Main,Passenger Train - Pushing,80,29738,32514,159766,H402,41.67762,-72.750006,28.2,34.9,40.2
CSX,000183412,2019-06-05,9:20 PM,Other impacts,0,NEWNAN,GA,72,4,Dark,Cloudy,Industry,Cut of cars,1,38582,0,79060,H020,33.406697,-84.76994,75.2,75.6,73.9
CSX,000183412,2019-06-05,9:20 PM,Other impacts,0,NEWNAN,GA,72,4,Dark,Cloudy,Industry,Cut of cars,1,37930,2548,79060,H020,33.406697,-84.76994,75.2,75.6,73.9
UP,0716LK026,2016-07-29,8:45 AM,Fire/violent rupture,0,NEWPORT,AR,82,2,Day,Cloudy,Main,Freight Train,40,41231,0,41231,E74L,35.564377,-91.355486,81.6,77.8,78.4
UP,0622MA032,2022-06-24,9:15 AM,Derailment,0,NEWPORT,AR,82,2,Day,Clear,Yard,Yard/switching,7,6188,5250,11438,H503,35.611283,-91.278661,83.1,83,85.9
CSX,000160971,2016-06-28,11:31 AM,Hwy-rail crossing,0,NEWPORT,IN,80,2,Day,Clear,Main,Maint./inspect Car,5,10850,1000,11850,M399,39.913149,-87.426795,79,70.3,63.4
GTW,864691,2015-09-07,2:25 AM,Hwy-rail crossing,0,NEWPORT,MI,73,4,Dark,Clear,Main,Freight Train,23,0,15943,15943,M399,42.002365,-83.308853,76.2,79,78.5
NS,140709,2021-02-22,6:30 PM,Derailment,0,NEWPORT,PA,30,3,Dusk,Clear,Main,Freight Train,55,1167855,837721,2005576,E61C,40.498715,-77.135367,27.4,32.3,39.9
CSX,000203121,2022-02-16,8:30 AM,Other impacts,0,NEWPORT NEWS,VA,40,2,Day,Clear,Industry,Cut of cars,2,52418,0,60095,H302,37.017219,-76.448281,30.1,44.1,61.3
CSX,000177257,2018-06-27,9:40 AM,Hwy-rail crossing,0,NEWPORT NEWS,VA,75,2,Day,Clear,Main,Freight Train,46,121,16099,16220,M308,37.165153,-76.550072,73.8,78.8,81.7
CSX,000178527,2018-09-02,6:40 PM,Derailment,0,NEWPORT NEWS,VA,90,2,Day,Clear,Yard,Freight Train,6,721705,49721,771426,E09L,37.008687,-76.443027,77.6,79.2,81.7
CSX,000203121,2022-02-16,8:30 AM,Other impacts,0,NEWPORT NEWS,VA,40,2,Day,Clear,Industry,Freight Train,2,7581,96,60095,H302,37.017219,-76.448281,30.1,44.1,61.3
CSX,000218788,2024-06-21,1:20 AM,Derailment,0,NEWPORT NEWS,VA,71,4,Dark,Clear,Yard,Freight Train,5,30000,0,30000,M501,37.017219,-76.448281,75.6,79.5,84.9
CSX,000176364,2018-05-13,6:04 PM,Derailment,0,NEWPORT NEWS,VA,75,3,Dusk,Clear,Yard,Freight Train,8,543198,256283,799481,T108,37.008687,-76.443027,79.9,70.5,72.1
BNSF,KS0121107,2021-01-06,11:52 PM,Derailment,0,NEWTON,KS,36,4,Dark,Cloudy,Yard,Freight Train,3,28000,7000,35000,T217,38.042764,-97.35125,40.3,39.6,36.5
BNSF,KS0620108,2020-06-11,7:32 AM,Derailment,0,NEWTON,KS,64,1,Dawn,Clear,Yard,Light loco(s),4,109,16000,16109,H307,38.046265,-97.345637,65.6,74.9,79.4
BNSF,KS0220203,2020-02-21,9:22 AM,Hwy-rail crossing,0,NEWTON,KS,24,2,Day,Clear,Main,Freight Train,28,500,12990,13490,M308,38.042734,-97.351642,22.7,27.9,43.4
BNSF,KS1016110,2016-10-17,4:30 AM,Derailment,0,NEWTON,KS,74,1,Dawn,Clear,Yard,Yard/switching,4,16642,1369,18011,H312,38.031367,-97.367838,74.7,78.2,64.5