reportingrailroadcode,accidentnumber,date,time,accidenttype,hazmatreleasedcars,station,stateabbr,temperature,visibility_code,visibility,weathercondition,tracktype,equipmenttype,trainspeed,equipmentdamagecost,trackdamagecost,totaldamagecost,primaryaccidentcausecode,latitude,longitude,prior_temp,actual_temp,following_temp
BNSF,KS1214101,2014-12-03,8:09 AM,Derailment,0,NEWTON,KS,30,1,Dawn,Clear,Yard,Yard/switching,5,11509,500,12009,H303,38.04472,-97.348179,27.2,33.8,41.3
BNSF,KS1216100,2016-12-01,3:00 PM,Derailment,0,NEWTON,KS,49,2,Day,Clear,Yard,Freight Train,6,58359,358650,417009,H503,38.023778,-97.379407,36.1,35.9,39.3
BNSF,KS1020102,2020-10-01,10:59 PM,Derailment,0,NEWTON,KS,54,4,Dark,Clear,Yard,Freight Train,8,2675,137500,140175,E65C,38.035156,-97.362957,64.5,54.1,55.5
BNSF,KS0422101,2022-04-01,6:15 AM,Derailment,0,NEWTON,KS,33,1,Dawn,Clear,Main,Freight Train,2,581,28831,29412,H305,38.023129,-97.383148,37.3,47.1,52
MBTA,7060,2017-07-12,6:48 PM,Other impacts,0,NEWTON,MA,75,2,Day,Rain,Main,Passenger Train - Pushing,55,20818,0,20818,M404,42.354875,-71.193755,74.1,74.8,63.8
BNSF,KS0123115,2023-01-26,10:36 PM,Derailment,0,NEWTON,KS,24,4,Dark,Clear,Yard,Freight Train,7,12829,21250,34079,E64C,38.025081,-97.375827,28.6,29.4,39.2
BNSF,KS0616107,2016-06-22,11:25 AM,Derailment,0,NEWTON,KS,95,2,Day,Clear,Yard,Freight Train,5,53738,5000,58738,H704,38.023974,-97.378218,85.6,88.3,79.3
INRD,644204,2015-07-15,12:50 PM,Derailment,0,NEWTON,IL,80,2,Day,Clear,Industry,Freight Train,18,700000,150000,850000,T221,38.98856,-88.189059,81.9,72,75.9
BNSF,KS1019105,2019-10-12,10:54 AM,Derailment,0,NEWTON,KS,57,2,Day,Clear,Yard,Yard/switching,6,170820,49506,220326,T207,38.033847,-97.36481,39.1,48.8,52.8
CSX,000142242,2015-02-27,3:05 AM,Derailment,0,NEWTON,AL,35,4,Dark,Clear,Siding,Freight Train,8,75431,46134,121565,T111,31.355725,-85.598774,40.4,44.5,46.7
BNSF,KS1223114,2023-12-18,1:20 PM,Derailment,0,NEWTON,KS,52,2,Day,Clear,Yard,Freight Train,5,165867,103960,269827,T207,38.025878,-97.374354,39.8,35.4,39.8
BNSF,KS0123107,2023-01-17,5:10 AM,Derailment,0,NEWTON,KS,32,1,Dawn,Clear,Yard,Light loco(s),4,2500,21132,23632,T207,38.043713,-97.350087,49.8,39.4,41.4
IAIS,2015049,2015-04-27,8:25 AM,Derailment,0,NEWTON,IA,55,2,Day,Clear,Yard,Yard/switching,10,19110,1835,20945,T309,41.727461,-93.019472,50.7,53.2,59.8
BNSF,KS0116101,2016-01-09,4:30 AM,Derailment,0,NEWTON,KS,23,1,Dawn,Clear,Yard,Yard/switching,4,15935,2200,18135,T110,38.026214,-97.374526,34,22.9,15.1
BNSF,KS1123101,2023-11-05,7:45 PM,Derailment,0,NEWTON,KS,65,3,Dusk,Clear,Yard,Freight Train,10,175895,605680,781575,T206,38.02819,-97.370906,54.1,56.5,59.2
CSX,000156408,2016-01-19,3:30 PM,Other impacts,0,NIAGARA FALLS,NY,30,2,Day,Cloudy,Yard,Light loco(s),8,15369,0,15369,H601,43.118651,-78.996528,16.6,18.9,23.3
CSX,000186618,2019-11-16,3:13 PM,Derailment,0,NIAGARA FALLS,NY,26,3,Dusk,Cloudy,Yard,Freight Train,8,324402,4000,328402,T207,43.118651,-78.996528,32.4,24.4,29.1
CSX,000153483,2015-10-20,7:05 PM,Derailment,0,NIAGARA FALLS,NY,50,3,Dusk,Cloudy,Yard,Yard/switching,6,39927,2100,42027,T206,43.118713,-78.99617,45.4,57.9,57
CSX,000155446,2015-12-22,1:26 PM,Hwy-rail crossing,0,NICHOLLS,GA,77,2,Day,Rain,Main,Freight Train,52,240000,0,240000,M302,31.514675,-82.683144,59.6,68.8,68.5
CSX,000200382,2021-09-28,7:15 PM,Derailment,0,NICHOLLS,GA,80,3,Dusk,Clear,Main,Freight Train,47,18765,164,18929,E33C,31.50915,-82.73882,70.3,72.6,74
CSX,000172891,2017-11-13,2:55 PM,Hwy-rail crossing,0,NICHOLLS,GA,73,2,Day,Clear,Main,Freight Train,47,11000,97,11097,M308,31.513642,-82.69484,54.7,59.2,55
AOK,050420,2020-05-04,3:40 PM,Derailment,0,NICOMA PARK,OK,78,2,Day,Clear,Main,,0,0,164258,165794,E4BC,35.486559,-97.352166,72.4,77.6,66.3
BNSF,RD0520103,2020-05-04,3:40 PM,Derailment,0,NICOMA PARK,OK,81,2,Day,Clear,Main,Freight Train,6,1536,0,165794,T110,35.486559,-97.352166,72.4,77.6,66.3
ATK,162111,2019-11-27,8:14 AM,Obstruction,0,NILWOOD,IL,39,2,Day,Cloudy,Main,Passenger Train - Pulling,65,15718,0,15718,M404,39.36448,-89.830876,47.1,41.6,33.4
UP,1119MA055,2019-11-27,8:14 AM,Obstruction,0,NILWOOD,IL,38,2,Day,Cloudy,Main,,0,0,0,15718,M404,39.36448,-89.830876,47.1,41.6,33.4
BNSF,CH1217114,2017-12-29,7:32 PM,Other (describe in narrative),0,NIOTA,IL,15,3,Dusk,Sleet,Main,Freight Train,2,500,14000,14500,H702,40.61894,-91.282511,8.2,13.2,3.9
DAIR,022023,2023-08-30,3:54 PM,Derailment,0,NO SIOUX CITY,SD,85,2,Day,Clear,Siding,Freight Train,10,891684,211700,1103384,M507,42.528595,-96.483208,72.9,72.3,72.2
KCS,15063003,2015-06-30,9:05 PM,Derailment,0,NORCO,LA,76,4,Dark,Rain,Industry,Yard/switching,7,473994,18013,492007,H702,30.010794,-90.405953,82.6,82.5,79.1
NS,122762,2016-11-15,4:17 PM,Hwy-rail crossing,0,NORCROSS,GA,70,3,Dusk,Clear,Main,Freight Train,42,0,16713,16713,M303,33.940604,-84.214426,48.8,51.4,54.2
NS,128218,2018-01-19,7:00 PM,Hwy-rail crossing,0,NORCROSS,GA,35,3,Dusk,Clear,Main,Freight Train,55,6372,17504,23876,M303,33.941101,-84.213997,25.6,35.7,41.8
NS,152714,2023-04-04,9:43 AM,Hwy-rail crossing,0,NORCROSS,GA,58,2,Day,Clear,Main,Freight Train,37,6189,16316,22505,M303,33.939098,-84.215302,54,64.3,73.2
NS,130634,2018-08-19,1:20 AM,Derailment,0,NORFOLK,VA,72,4,Dark,Rain,Yard,Work train,6,39222,22043,61265,H703,36.873777,-76.301703,82.1,79.5,79
NS,118864,2016-01-11,4:40 AM,Derailment,0,NORFOLK,VA,33,1,Dawn,Clear,Yard,Yard/switching,0,11396,100,11496,M411,36.875899,-76.316873,61.1,39.7,43.2
NCRC,OP111618,2018-11-16,11:40 AM,Derailment,0,NORFOLK,NE,55,2,Day,Clear,Yard,Freight Train,5,31000,7800,38800,H306,42.014,-97.415,40.8,40.2,22.1
NS,128340,2018-01-31,1:40 AM,Derailment,0,NORFOLK,VA,26,4,Dark,Clear,Yard,Cut of cars,2,3200,9850,13050,H999,36.873777,-76.301703,36.3,32,50.3
NS,137843,2020-04-29,8:45 PM,Other impacts,0,NORFOLK,VA,69,4,Dark,Cloudy,Yard,Single Car,4,258,0,29565,M411,36.871434,-76.293489,56,69.3,67.1
NS,122993,2016-12-04,11:15 AM,Derailment,0,NORFOLK,VA,43,2,Day,Cloudy,Yard,Yard/switching,10,17206,24653,41859,H306,36.873777,-76.301703,46.8,45.2,48.8
NS,137843,2020-04-29,8:45 PM,Other impacts,0,NORFOLK,VA,69,4,Dark,Cloudy,Yard,Single Car,0,1693,0,29565,M411,36.871434,-76.293489,56,69.3,67.1
NS,154240,2023-09-15,10:20 AM,Other impacts,0,NORFOLK,VA,80,2,Day,Clear,Yard,Cut of cars,0,63115,0,119030,H302,36.871878,-76.295016,77.5,71.8,71.2
NS,155177,2023-12-29,2:05 AM,Derailment,0,NORFOLK,VA,54,4,Dark,Clear,Yard,Single Car,7,37761,0,37761,H313,36.871878,-76.295016,55.2,48.3,44.4
NS,137843,2020-04-29,8:45 PM,Other impacts,0,NORFOLK,VA,69,4,Dark,Cloudy,Yard,Single Car,0,250,27364,29565,M411,36.871434,-76.293489,56,69.3,67.1
NS,136510,2019-12-14,10:20 PM,Other (describe in narrative),0,NORFOLK,VA,40,4,Dark,Clear,Yard,Single Car,0,1947,141,12684,H306,36.871434,-76.293489,51.9,54.7,49.2
NS,157766,2024-08-18,1:05 AM,Other impacts,0,NORFOLK,VA,-1,4,Dark,Cloudy,Yard,Single Car,2,50,34050,35800,M411,36.871878,-76.295016,78.9,81.7,76.8
NS,151195,2022-10-18,3:30 AM,Derailment,0,NORFOLK,VA,56,4,Dark,Cloudy,Yard,Freight Train,5,129736,6447,136183,H702,36.873608,-76.301108,65.2,55.3,50.5
NS,136713,2020-01-02,10:30 PM,Other (describe in narrative),0,NORFOLK,VA,35,4,Dark,Clear,Yard,Cut of cars,2,72517,0,72517,M599,36.840938,-76.275176,47.4,49.6,54.4
NS,138770,2020-08-06,1:12 PM,Other impacts,0,NORFOLK,VA,90,2,Day,Clear,Yard,Single Car,0,15000,0,31262,H020,36.871434,-76.293489,83.4,79.7,78.2
NS,122574,2016-10-28,7:45 AM,Derailment,0,NORFOLK,VA,58,1,Dawn,Clear,Yard,Single Car,3,16371,7000,23371,H313,36.877728,-76.326311,62.1,61.3,59.4
NS,156638,2024-05-08,2:12 PM,Derailment,0,NORFOLK,VA,75,2,Day,Clear,Yard,Yard/switching,4,88260,9400,97660,M599,36.87387,-76.302021,72.8,80.1,75.4
NS,132309,2019-01-04,9:45 PM,Derailment,0,NORFOLK,VA,72,4,Dark,Cloudy,Yard,Cut of cars,4,500,41108,41608,M599,36.873777,-76.301703,49.1,49.5,57.2
NS,154240,2023-09-15,10:20 AM,Other impacts,0,NORFOLK,VA,80,2,Day,Clear,Yard,Yard/switching,6,55915,0,119030,H302,36.871878,-76.295016,77.5,71.8,71.2
NS,136510,2019-12-14,10:20 PM,Other (describe in narrative),0,NORFOLK,VA,40,4,Dark,Clear,Yard,Yard/switching,4,10596,0,12684,H306,36.871434,-76.293489,51.9,54.7,49.2
NS,157766,2024-08-18,1:05 AM,Other impacts,0,NORFOLK,VA,-1,4,Dark,Cloudy,Yard,Single Car,6,1700,0,35800,M411,36.871878,-76.295016,78.9,81.7,76.8
NS,133223,2019-03-14,6:15 PM,Other (describe in narrative),0,NORFOLK,VA,70,3,Dusk,Clear,Yard,Yard/switching,4,18963,5477,24440,H306,36.873777,-76.301703,45.2,59.1,69
NS,156814,2024-05-23,9:48 PM,Other impacts,0,NORFOLK,VA,67,4,Dark,Clear,Yard,Single Car,0,26130,3130,55390,H302,36.871878,-76.295016,74.6,77.6,75
NS,138770,2020-08-06,1:12 PM,Other impacts,0,NORFOLK,VA,90,2,Day,Clear,Yard,Single Car,4,15000,1262,31262,H020,36.871434,-76.293489,83.4,79.7,78.2
NS,155712,2024-02-07,9:41 AM,Derailment,0,NORFOLK,VA,48,2,Day,Cloudy,Yard,Cut of cars,4,32248,0,32248,H307,36.871878,-76.295016,41.4,40.8,40.5
NS,128710,2018-03-05,2:25 AM,Other impacts,0,NORFOLK,VA,37,4,Dark,Clear,Yard,Cut of cars,3,0,26942,26942,M411,36.873777,-76.301703,44.1,41.7,40.9
NS,156814,2024-05-23,9:48 PM,Other impacts,0,NORFOLK,VA,67,4,Dark,Clear,Yard,Single Car,7,26130,0,55390,H302,36.871878,-76.295016,74.6,77.6,75
NS,123665,2017-01-22,10:15 PM,Other (describe in narrative),0,NORFOLK,VA,60,4,Dark,Rain,Yard,Light loco(s),8,60,26922,26982,H702,36.87191,-76.295127,50,49.9,53
NS,131828,2018-11-27,1:00 PM,Derailment,0,NORFOLK,VA,51,2,Day,Cloudy,Yard,Yard/switching,6,29780,2624,136790,T207,36.873777,-76.301703,55.6,43.9,38.1
NS,133521,2019-04-10,9:30 AM,Derailment,0,NORFOLK,VA,72,2,Day,Clear,Yard,Yard/switching,4,7311,8666,15977,T314,36.873777,-76.301703,68.6,62.3,59
NS,129294,2018-04-29,10:30 AM,Derailment,0,NORFOLK,VA,68,2,Day,Clear,Yard,Yard/switching,4,26673,13524,40197,T207,36.873777,-76.301703,66.8,58.7,58
NS,120229,2016-04-22,8:00 AM,Derailment,0,NORFOLK,VA,72,2,Day,Clear,Yard,Freight Train,5,6614,4118,10732,T207,0,0,63.1,67.6,64.7
NS,131828,2018-11-27,1:00 PM,Derailment,0,NORFOLK,VA,51,2,Day,Cloudy,Yard,Yard/switching,6,19972,0,136790,T207,36.873777,-76.301703,55.6,43.9,38.1
NS,129878,2018-06-18,8:50 PM,Derailment,0,NORFOLK,VA,78,4,Dark,Clear,Yard,Yard/switching,3,17488,2500,19988,T314,36.873777,-76.301703,80.6,80.6,86.1
NS,123656,2017-01-21,7:30 PM,Derailment,0,NORFOLK,VA,49,3,Dusk,Rain,Yard,Freight Train,6,32883,28000,60883,T207,36.873777,-76.301703,46.6,50,49.9
NS,153769,2023-07-31,4:45 AM,Derailment,0,NORFOLK,VA,85,1,Dawn,Clear,Yard,Yard/switching,8,22400,19834,42234,T319,36.872762,-76.298057,78.9,75.7,77.5
NS,153952,2023-08-17,2:20 AM,Derailment,0,NORFOLK,VA,79,4,Dark,Clear,Yard,Freight Train,5,68800,0,68800,T113,36.871878,-76.295016,79.5,80.8,81.5
NS,125832,2017-07-15,3:30 PM,Derailment,0,NORFOLK,VA,92,2,Day,Clear,Yard,Freight Train,3,9394,2500,11894,T110,36.873777,-76.301703,87.6,81.7,81.1
NS,153754,2023-07-29,10:05 PM,Derailment,0,NORFOLK,VA,85,4,Dark,Clear,Yard,Freight Train,0,2440,12000,14440,T108,36.871878,-76.295016,87.1,86.9,78.9
NS,125058,2017-05-15,4:00 PM,Derailment,0,NORFOLK,VA,70,3,Dusk,Clear,Yard,Yard/switching,5,6774,25714,32488,T207,36.873777,-76.301703,68.1,69.6,68.7
NS,153823,2023-08-04,10:15 PM,Derailment,0,NORFOLK,VA,75,4,Dark,Clear,Yard,Freight Train,10,178750,24318,203068,T108,36.871878,-76.295016,74.3,73.3,77.7
NS,131828,2018-11-27,1:00 PM,Derailment,0,NORFOLK,VA,51,2,Day,Cloudy,Yard,Freight Train,4,84414,0,136790,T207,36.873777,-76.301703,55.6,43.9,38.1
SLWC,220122003,2022-01-22,8:00 AM,Derailment,0,NORGE,OK,22,2,Day,Clear,Main,Freight Train,21,250000,150000,400000,T210,34.991387,-98.057819,21,31.2,39.9
NPR,DR021501,2015-02-23,2:30 PM,Derailment,0,NORMA,ND,20,2,Day,Clear,Industry,Freight Train,5,11300,10500,21800,T299,48.727228,-101.969753,-15.6,16.6,20
UP,0221MA022,2021-02-13,5:02 AM,Derailment,0,NORMAL,IL,3,1,Dawn,Snow,Main,Freight Train,24,224106,711124,935230,E65C,40.509302,-88.982778,8.6,3.6,-2.3
NS,141974,2021-06-23,1:30 PM,Derailment,0,NORRIS,SC,79,2,Day,Clear,Main,Freight Train,26,670205,543788,1213993,E40C,34.759854,-82.755098,75.2,70.9,70.3
GRS,20161213X1,2016-12-13,4:25 PM,Obstruction,0,NORTH ADAMS,MA,34,2,Day,Clear,Main,Freight Train,15,2000,15977,17977,S009,42.675447,-73.091376,34,34.1,25.9
CSX,000190663,2020-06-06,4:33 AM,Side collision,0,NORTH BALTIMORE,OH,66,1,Dawn,Cloudy,Yard,Freight Train,10,8867,0,141168,H607,41.182016,-83.684342,77.4,77.8,69.3
CSX,000190663,2020-06-06,4:33 AM,Side collision,0,NORTH BALTIMORE,OH,66,1,Dawn,Cloudy,Yard,Yard/switching,10,42583,89718,141168,H607,41.182016,-83.684342,77.4,77.8,69.3
CSX,000153187,2015-10-13,7:16 AM,Raking collision,0,NORTH BALTIMORE,OH,46,1,Dawn,Cloudy,Yard,Yard/switching,3,14154,0,14154,H399,41.182022,-83.684399,66.3,57.5,53.7
CSX,000188986,2020-03-09,3:43 AM,Other impacts,0,NORTH BALTIMORE,OH,50,4,Dark,Cloudy,Yard,Cut of cars,0,0,0,45499,H307,41.182016,-83.684342,47.2,56.6,49.3
CSX,000188986,2020-03-09,3:43 AM,Other impacts,0,NORTH BALTIMORE,OH,50,4,Dark,Cloudy,Yard,Yard/switching,15,45499,0,45499,H307,41.182016,-83.684342,47.2,56.6,49.3
CSX,000153187,2015-10-13,7:16 AM,Raking collision,0,NORTH BALTIMORE,OH,46,1,Dawn,Cloudy,Yard,Light loco(s),6,0,0,14154,H399,41.182022,-83.684399,66.3,57.5,53.7
CSX,000187621,2020-01-01,9:30 AM,Side collision,0,NORTH BALTIMORE,OH,31,2,Day,Cloudy,Yard,Light loco(s),8,53430,12100,135451,H306,41.182016,-83.684342,31.9,34.2,43.9
CSX,000187621,2020-01-01,9:30 AM,Side collision,0,NORTH BALTIMORE,OH,31,2,Day,Cloudy,Yard,Freight Train,5,69921,0,135451,H306,41.182016,-83.684342,31.9,34.2,43.9
CSX,000179141,2018-10-05,10:15 PM,Raking collision,0,NORTH BALTIMORE,OH,61,4,Dark,Cloudy,Yard,Light loco(s),5,64,32,21412,H306,41.182016,-83.684342,71.9,56.2,73.3
CSX,000179141,2018-10-05,10:15 PM,Raking collision,0,NORTH BALTIMORE,OH,61,4,Dark,Cloudy,Yard,Light loco(s),5,21316,0,21412,H306,41.182016,-83.684342,71.9,56.2,73.3
CSX,000166373,2017-01-30,6:39 AM,Derailment,0,NORTH BALTIMORE,OH,25,4,Dark,Clear,Yard,Light loco(s),4,13350,1339,14689,H307,41.182016,-83.684343,28.6,26,35.8
UP,1214CB015,2014-12-26,4:40 AM,Derailment,0,NORTH BEND,NE,32,4,Dark,Cloudy,Main,Freight Train,45,1017504,819229,1836733,E53C,41.462677,-96.862406,36.1,31.6,21.1
UP,0819GL031,2019-08-21,12:05 PM,Derailment,0,NORTH BEND,NE,71,2,Day,Cloudy,Siding,Freight Train,5,154306,21385,175691,T110,41.461551,-96.811994,83.3,72.4,69.6
CSX,000191296,2020-07-11,1:04 PM,Side collision,0,NORTH BERGEN,NJ,85,2,Day,Cloudy,Yard,Single Car,2,11512,0,11562,H318,40.806954,-74.021372,75.1,77.4,79.3
NYSW,08012301,2018-01-23,9:30 AM,Derailment,0,NORTH BERGEN,NJ,54,2,Day,Clear,Siding,Freight Train,9,10000,55000,65000,H306,40.819119,-74.014871,42.9,48.5,38.5
CSX,000191296,2020-07-11,1:04 PM,Side collision,0,NORTH BERGEN,NJ,85,2,Day,Cloudy,Yard,Yard/switching,6,50,0,11562,H318,40.806954,-74.021372,75.1,77.4,79.3
CSX,000208676,2022-12-04,10:40 AM,Hwy-rail crossing,0,NORTH BERGEN,NJ,40,2,Day,Clear,Industry,Freight Train,7,39538,0,39538,M303,40.796224,-74.027285,52,41.4,40.4
ATK,135259,2014-11-18,7:00 AM,Other (describe in narrative),0,NORTH BERGEN,NJ,30,1,Dawn,Cloudy,Main,Passenger Train - Pulling,90,21849,0,21849,E78L,40.772612,-74.044225,44.1,31.7,27.7
NJTR,202111465,2021-10-14,9:30 PM,Other (describe in narrative),0,NORTH BERGEN,NJ,52,4,Dark,Clear,Main,Commuter Train - Pushing,45,13000,0,13000,T404,40.771868,-74.042872,66,68.7,69.9
NJTR,202111466,2021-10-14,9:20 PM,Other (describe in narrative),0,NORTH BERGEN,NJ,52,4,Dark,Clear,Main,Commuter Train - Pushing,45,13720,0,24220,T404,40.771868,-74.042872,66,68.7,69.9
ATK,169573,2021-10-14,9:20 PM,Other (describe in narrative),0,NORTH BERGEN,NJ,66,4,Dark,Cloudy,Main,EMU,0,0,10500,24220,T404,40.771868,-74.042872,66,68.7,69.9
ATK,169572,2021-10-14,9:30 PM,Other (describe in narrative),0,NORTH BERGEN,NJ,52,4,Dark,Clear,Main,EMU,0,0,0,13000,T404,40.771868,-74.042872,66,68.7,69.9
GRS,20210811N1,2021-08-11,4:56 PM,Obstruction,0,NORTH BERWICK,ME,87,2,Day,Cloudy,Main,,0,0,0,14324,M404,43.286594,-70.752922,67.2,75.9,82.7
CSX,000220548,2024-08-05,8:50 AM,Fire/violent rupture,0,NORTH BERWICK,ME,78,2,Day,Clear,Main,,0,0,0,70443,M406,43.286327,-70.753179,75.2,75.4,67.8
ATK,181450,2024-08-05,8:50 AM,Fire/violent rupture,0,NORTH BERWICK,ME,0,2,Day,Clear,Main,Passenger Train - Pulling,75,70443,0,70443,M406,43.28489,-70.75517,75.2,75.4,67.8
ATK,168043,2021-08-11,4:56 PM,Obstruction,0,NORTH BERWICK,ME,87,2,Day,Cloudy,Main,Passenger Train - Pulling,78,14324,0,14324,M404,43.286594,-70.752922,67.2,75.9,82.7
GRS,10172016L1,2016-10-17,4:00 PM,Derailment,0,NORTH BILLERICA,MA,70,2,Day,Clear,Industry,Freight Train,2,25351,748,26099,T106,42.586329,-71.261594,54.5,65.9,59.5
ATK,153869,2018-06-18,12:32 PM,Other (describe in narrative),0,NORTH BRUNSWICK,NJ,97,2,Day,Clear,Main,Passenger Train - Pulling,47,9798,1047,10845,E78L,40.379177,-74.54404,75.6,79,79.6
CSX,000176248,2018-05-07,10:43 AM,Derailment,0,NORTH CHARLESTON,SC,70,2,Day,Clear,Yard,Yard/switching,4,106838,7302,114140,H503,32.85697,-80.022954,75.9,72.3,70.1
CSX,000213894,2023-10-05,6:50 PM,Derailment,0,NORTH CHARLESTON,SC,75,3,Dusk,Clear,Yard,Yard/switching,5,15042,1554,16596,H704,32.846129,-79.968544,73.2,74.2,74.6
CSX,000170035,2017-07-05,3:00 AM,Other impacts,0,NORTH CHARLESTON,SC,80,4,Dark,Clear,Yard,Yard/switching,5,15000,0,42927,H020,32.85697,-80.022954,84,86.3,84.8
NS,146473,2022-09-12,10:30 PM,Other (describe in narrative),0,NORTH CHARLESTON,SC,72,4,Dark,Clear,Yard,Freight Train,9,9217,5982,15199,H702,32.867705,-79.999531,81.7,79.7,79.2
CSX,000210154,2023-03-02,12:15 PM,Derailment,0,NORTH CHARLESTON,SC,65,2,Day,Clear,Yard,Yard/switching,5,22932,0,22932,H306,32.856947,-80.022919,71.4,71.3,72.3
NS,114395,2015-02-17,9:20 PM,Derailment,0,NORTH CHARLESTON,SC,40,4,Dark,Clear,Yard,Freight Train,3,900,25123,27943,H306,32.82851,-79.952679,41.1,46.6,41.5
CSX,000181828,2019-03-13,5:20 PM,Side collision,0,NORTH CHARLESTON,SC,60,2,Day,Clear,Yard,Single Car,7,10764,97,11315,H318,32.85697,-80.022954,57.6,56.6,64.1
CSX,000202948,2022-02-07,5:00 AM,Other impacts,0,NORTH CHARLESTON,SC,41,1,Dawn,Rain,Yard,Yard/switching,8,14886,0,41945,H018,32.856925,-80.022907,42.1,43.3,45.1
NS,154138,2023-06-22,8:30 AM,Other impacts,0,NORTH CHARLESTON,SC,65,2,Day,Cloudy,Yard,Light loco(s),0,8500,0,20820,E39C,32.867705,-79.999531,78.1,77.3,77.4
CSX,000167339,2017-03-08,3:00 PM,Derailment,0,NORTH CHARLESTON,SC,74,2,Day,Cloudy,Main,,0,0,8900,22098,T212,32.893806,-79.979997,64.7,68,61.2
CSX,000180903,2019-01-22,4:30 PM,Other impacts,0,NORTH CHARLESTON,SC,50,2,Day,Clear,Yard,Freight Train,7,113827,0,258251,H018,32.85697,-80.022954,36,39.9,57.7
CSX,000210248,2023-03-06,5:00 AM,Derailment,0,NORTH CHARLESTON,SC,67,4,Dark,Cloudy,Yard,Freight Train,3,20765,116,20881,E27C,32.856947,-80.022919,62.4,66,72.4
CSX,000170035,2017-07-05,3:00 AM,Other impacts,0,NORTH CHARLESTON,SC,80,4,Dark,Clear,Yard,Cut of cars,5,19347,8580,42927,H020,32.85697,-80.022954,84,86.3,84.8
NS,123037,2016-12-06,5:45 PM,Derailment,0,NORTH CHARLESTON,SC,64,3,Dusk,Cloudy,Yard,Yard/switching,6,1367,31449,32816,H702,32.867713,-79.999538,59,61.4,54.4
CSX,000202948,2022-02-07,5:00 AM,Other impacts,0,NORTH CHARLESTON,SC,41,1,Dawn,Rain,Yard,Cut of cars,10,26141,918,41945,H018,32.856925,-80.022907,42.1,43.3,45.1
NS,141706,2021-05-30,11:50 AM,Derailment,0,NORTH CHARLESTON,SC,72,2,Day,Cloudy,Yard,Yard/switching,9,1171,74682,75853,E24C,32.879557,-80.010632,77.6,66.8,66.3
CSX,000173482,2017-12-16,11:40 AM,Derailment,0,NORTH CHARLESTON,SC,58,2,Day,Clear,Yard,Yard/switching,9,14000,3576,17576,H702,32.85756,-79.989058,52.8,43.9,48.5
NS,140212,2021-01-09,4:00 AM,Derailment,0,NORTH CHARLESTON,SC,36,1,Dawn,Clear,Industry,Freight Train,3,8500,83801,92301,H505,32.867705,-79.999531,45.6,43.8,42.3
PR,2024020202,2024-02-28,5:30 PM,Other impacts,0,NORTH CHARLESTON,SC,61,3,Dusk,Clear,Yard,Cut of cars,2,8670,0,20671,H018,32.89727,-79.97951,61.9,67.3,55.3
CSX,000171227,2017-08-26,2:00 AM,Other impacts,0,NORTH CHARLESTON,SC,75,4,Dark,Clear,Yard,Cut of cars,10,11363,942,23003,H318,32.865162,-79.999369,78.1,80.2,78.1
CSX,000194687,2020-12-27,8:21 PM,Derailment,0,NORTH CHARLESTON,SC,41,4,Dark,Clear,Yard,Freight Train,8,9450,2449,11899,H505,32.889354,-79.980004,33.3,40.6,49.1
CSX,000171227,2017-08-26,2:00 AM,Other impacts,0,NORTH CHARLESTON,SC,75,4,Dark,Clear,Yard,Freight Train,10,10698,0,23003,H318,32.865162,-79.999369,78.1,80.2,78.1
CSX,000219377,2024-07-16,10:26 PM,Other impacts,0,NORTH CHARLESTON,SC,79,4,Dark,Rain,Yard,Yard/switching,6,11890,1293,239634,M204,32.856925,-80.022907,85.4,84.3,85.6
CSX,000219377,2024-07-16,10:26 PM,Other impacts,0,NORTH CHARLESTON,SC,79,4,Dark,Rain,Yard,Cut of cars,0,226451,0,239634,M204,32.856925,-80.022907,85.4,84.3,85.6
CSX,000202273,2022-01-06,1:00 PM,Derailment,0,NORTH CHARLESTON,SC,60,2,Day,Clear,Yard,Cut of cars,0,36121,0,144354,M204,32.856925,-80.022907,51.4,51.1,49.8
NCT,000000001,2015-06-30,5:30 PM,Derailment,0,NORTH CHARLESTON,SC,85,2,Day,Clear,Industry,,0,0,3500,62232,M501,32.873853,-79.980185,81,80.4,78.5
ATK,168851,2021-10-30,2:36 AM,Hwy-rail crossing,0,NORTH CHARLESTON,SC,50,4,Dark,Clear,Main,Passenger Train - Pulling,69,39901,0,48581,M308,32.899892,-80.011778,64.7,57.1,60
NS,116639,2015-07-22,6:00 PM,Derailment,0,NORTH CHARLESTON,SC,91,3,Dusk,Clear,Yard,Yard/switching,7,150,17576,17726,H318,32.867704,-79.999531,85.4,85.3,84.6
CSX,000202273,2022-01-06,1:00 PM,Derailment,0,NORTH CHARLESTON,SC,60,2,Day,Clear,Yard,Freight Train,8,72399,35834,144354,M204,32.856925,-80.022907,51.4,51.1,49.8
CSX,000211523,2023-05-27,12:00 PM,Derailment,0,NORTH CHARLESTON,SC,62,2,Day,Rain,Yard,Cut of cars,10,268050,1600,269650,H318,32.856925,-80.022907,62.5,60.3,65.7
CSX,000204904,2022-04-30,7:00 PM,Other impacts,0,NORTH CHARLESTON,SC,70,3,Dusk,Clear,Yard,Cut of cars,4,14930,0,14930,M599,32.856925,-80.022907,66.1,68.9,71.3