reportingrailroadcode,accidentnumber,date,time,accidenttype,hazmatreleasedcars,station,stateabbr,temperature,visibility_code,visibility,weathercondition,tracktype,equipmenttype,trainspeed,equipmentdamagecost,trackdamagecost,totaldamagecost,primaryaccidentcausecode,latitude,longitude,prior_temp,actual_temp,following_temp
CSX,000201157,2021-11-06,5:30 AM,Derailment,0,NORTH CHARLESTON,SC,45,1,Dawn,Rain,Main,Freight Train,4,18000,260,18260,H525,32.870855,-79.996169,46.1,47.9,53.2
CSX,000148629,2015-06-30,5:30 PM,Derailment,0,NORTH CHARLESTON,SC,85,2,Day,Clear,Industry,Yard/switching,6,58732,0,62232,M501,32.873853,-79.980185,81,80.4,78.5
CSX,000180903,2019-01-22,4:30 PM,Other impacts,0,NORTH CHARLESTON,SC,50,2,Day,Clear,Yard,Cut of cars,4,41932,102492,258251,H018,32.85697,-80.022954,36,39.9,57.7
CSX,000211929,2023-06-22,8:30 AM,Other impacts,0,NORTH CHARLESTON,SC,65,2,Day,Cloudy,Yard,Yard/switching,4,11160,1160,20820,E39C,32.856925,-80.022907,78.1,77.3,77.4
NS,125608,2017-06-28,9:35 AM,Derailment,0,NORTH CHARLESTON,SC,72,2,Day,Clear,Main,Yard/switching,7,3420,18102,21522,H306,32.867713,-79.999538,77.8,77.7,78.5
CSX,000199399,2021-08-09,6:30 PM,Derailment,0,NORTH CHARLESTON,SC,84,3,Dusk,Cloudy,Yard,Yard/switching,6,119187,6226,125413,H702,32.85756,-79.989058,79.3,80.5,81.7
PR,2024020202,2024-02-28,5:30 PM,Other impacts,0,NORTH CHARLESTON,SC,61,3,Dusk,Clear,Yard,Freight Train,2,12001,0,20671,H018,32.89727,-79.97951,61.9,67.3,55.3
CSX,000181828,2019-03-13,5:20 PM,Side collision,0,NORTH CHARLESTON,SC,60,2,Day,Clear,Yard,Single Car,5,454,0,11315,H318,32.85697,-80.022954,57.6,56.6,64.1
NS,124244,2017-03-08,3:15 PM,Derailment,0,NORTH CHARLESTON,SC,70,2,Day,Clear,Industry,Freight Train,4,3098,10100,22098,T221,32.867713,-79.999538,64.7,68,61.2
CSX,000191677,2020-07-28,3:26 PM,Other impacts,0,NORTH CHARLESTON,SC,92,2,Day,Clear,Yard,Cut of cars,0,45617,97,55606,H993,32.85756,-79.989058,83.4,83.1,81.2
CSX,000178321,2018-08-22,8:35 PM,Other impacts,0,NORTH CHARLESTON,SC,80,4,Dark,Clear,Yard,Single Car,5,24452,0,27749,H318,32.842903,-79.956641,83.5,82.5,80.1
CSX,000192478,2020-09-07,7:26 AM,Derailment,0,NORTH CHARLESTON,SC,75,1,Dawn,Clear,Main,Freight Train,1,17227,97,17324,H514,32.871941,-79.994298,78.5,77.5,75.9
CSX,000141666,2015-02-17,9:20 PM,Derailment,0,NORTH CHARLESTON,SC,36,4,Dark,Clear,Yard,Yard/switching,2,1920,0,27943,H306,32.82851,-79.980185,41.1,46.6,41.5
CSX,000178321,2018-08-22,8:35 PM,Other impacts,0,NORTH CHARLESTON,SC,80,4,Dark,Clear,Yard,Single Car,5,3200,97,27749,H318,32.842903,-79.956641,83.5,82.5,80.1
PR,2023120206,2023-12-15,9:00 PM,Derailment,0,NORTH CHARLESTON,SC,48,4,Dark,Clear,Yard,Freight Train,4,10500,500,11000,H306,32.90443,-79.9676,49.7,49.2,58
NS,143121,2021-10-11,10:40 PM,Derailment,0,NORTH CHARLESTON,SC,66,4,Dark,Cloudy,Industry,Freight Train,8,1541,62110,63651,T111,32.867705,-79.999531,71.6,70.6,69
CSX,000185768,2019-10-05,2:09 AM,Derailment,0,NORTH CHARLESTON,SC,74,4,Dark,Clear,Yard,Yard/switching,7,81534,2005,83539,T199,32.85697,-80.022954,80.4,74.6,72.9
CSX,000177066,2018-06-16,7:41 AM,Derailment,0,NORTH CHARLESTON,SC,85,1,Dawn,Clear,Yard,Freight Train,7,113071,9023,122094,T207,32.85697,-80.022954,80.6,80.6,82.4
VTR,1460,2018-10-06,8:57 AM,Derailment,0,NORTH CLARENDON,VT,55,2,Day,Cloudy,Yard,Yard/switching,7,26556,1500,28056,E46C,43.578073,-72.959338,47.8,53.2,54.3
NS,122352,2016-10-07,7:53 PM,Side collision,0,NORTH EAST,PA,72,3,Dusk,Clear,Main,Single Car,0,10237,0,27822,H302,42.206347,-79.846369,63.5,65.5,59.8
NS,122352,2016-10-07,7:53 PM,Side collision,0,NORTH EAST,PA,72,3,Dusk,Clear,Industry,Freight Train,8,17585,0,27822,H302,42.206347,-79.846369,63.5,65.5,59.8
NS,143630,2021-12-02,1:15 PM,Derailment,0,NORTH EAST,PA,38,2,Day,Cloudy,Industry,Freight Train,3,0,47474,47474,T110,42.218723,-79.81298,38.6,45.9,37.6
NS,142518,2021-08-13,10:12 AM,Derailment,0,NORTH EAST,PA,79,2,Day,Cloudy,Industry,Light loco(s),3,12845,0,12845,T314,42.208255,-79.84116,77.4,75.9,70.7
UP,0120HL030,2020-01-21,7:29 AM,Derailment,0,NORTH ENID,OK,20,2,Day,Cloudy,Yard,Cut of cars,0,0,0,326274,H503,36.433915,-97.862847,31.3,31.1,38
UP,0120HL030,2020-01-21,7:29 AM,Derailment,0,NORTH ENID,OK,20,2,Day,Cloudy,Yard,Freight Train,2,260168,66106,326274,H503,36.433915,-97.862847,31.3,31.1,38
GU,1224221,2022-12-24,1:26 AM,Derailment,0,NORTH GRAFTON,MA,10,4,Dark,Cloudy,Yard,,0,0,21474,1028374,H303,42.239796,-71.712891,43,9.8,15.9
CSX,000208965,2022-12-24,1:45 AM,Derailment,0,NORTH GRAFTON,MA,15,4,Dark,Clear,Yard,Freight Train,0,1006900,0,1028374,H303,42.239796,-71.712891,43,9.8,15.9
ATK,181561,2024-08-09,5:51 AM,Hwy-rail crossing,0,NORTH HAVEN,CT,72,2,Day,Rain,Main,Passenger Train - Pulling,80,57919,0,57919,M308,41.368294,-72.882999,67.4,76.7,78.3
CSX,000179344,2018-10-15,5:01 PM,Derailment,0,NORTH HAVEN,CT,50,3,Dusk,Rain,Yard,,0,0,1500,172500,H503,41.334608,-72.900631,47.4,55.8,52
CSX,000195261,2021-01-25,4:22 AM,Derailment,0,NORTH HAVEN,CT,17,4,Dark,Clear,Yard,Freight Train,0,0,1013,17121,T207,41.365712,-72.871158,23.8,27.8,29.6
CSO,CSO673321R,2021-01-25,4:22 AM,Derailment,0,NORTH HAVEN,CT,17,4,Dark,Clear,Yard,Freight Train,10,16108,0,17121,T207,41.365712,-72.871158,23.8,27.8,29.6
KAW,200528007,2020-05-28,2:30 PM,Other (describe in narrative),0,NORTH KANSAS CITY,MO,64,2,Day,Rain,Industry,Cut of cars,0,32000,0,32000,M103,39.142968,-94.552357,69.2,66.9,67.8
BNSF,HL1022109,2022-10-15,4:40 PM,Derailment,0,NORTH KANSAS CITY,MO,65,2,Day,Clear,Yard,Yard/switching,2,15762,16000,31762,H506,39.121569,-94.583271,56.9,54.3,54.7
UP,0715KC010,2015-07-12,3:32 PM,Derailment,0,NORTH KANSAS CITY,MO,95,2,Day,Clear,Yard,Light loco(s),6,29315,0,34714,H607,39.133916,-94.566568,82.2,85.4,88.1
BNSF,HL0518104,2018-05-04,6:11 PM,Other (describe in narrative),0,NORTH KANSAS CITY,MO,70,3,Dusk,Clear,Yard,Light loco(s),6,0,21000,21000,H607,39.118722,-94.580529,70.5,67.9,70.7
NS,138235,2020-06-15,4:30 AM,Other (describe in narrative),0,NORTH KANSAS CITY,MO,72,1,Dawn,Cloudy,Yard,Freight Train,6,7395,31829,39224,H702,39.146343,-94.550766,83.2,83.4,81.9
UP,0424HL019,2024-04-17,12:15 AM,Derailment,0,NORTH KANSAS CITY,MO,65,4,Dark,Clear,Yard,Freight Train,4,14480,0,23459,H702,39.146342,-94.550787,73.6,68.1,55.8
KAW,190830006,2019-08-30,11:10 PM,Derailment,0,NORTH KANSAS CITY,MO,68,4,Dark,Clear,Industry,Freight Train,8,16845,0,16845,H306,39.133641,-94.557519,79.2,72.2,69.6
BNSF,HL0118116,2018-01-20,1:27 AM,Derailment,0,NORTH KANSAS CITY,MO,40,4,Dark,Clear,Yard,Yard/switching,5,13093,3000,16093,H703,39.135358,-94.585069,41.9,48.1,54
NS,116480,2015-07-12,3:32 PM,Derailment,0,NORTH KANSAS CITY,MO,93,2,Day,Clear,Yard,,0,0,5399,34714,H607,39.133916,-94.566568,82.2,85.4,88.1
BNSF,HL0118118,2018-01-23,1:57 PM,Derailment,0,NORTH KANSAS CITY,MO,45,2,Day,Clear,Industry,Yard/switching,8,80000,0,80000,H307,39.155468,-94.586097,40.2,32.2,37.2
NS,132616,2019-01-27,8:45 PM,Other (describe in narrative),0,NORTH KANSAS CITY,MO,45,4,Dark,Clear,Yard,Light loco(s),5,17254,0,17254,H702,39.130756,-94.569776,33.6,36.7,31.1
BNSF,HL1023113,2023-10-25,3:55 AM,Derailment,0,NORTH KANSAS CITY,MO,65,4,Dark,Rain,Industry,Yard/switching,3,40000,0,480000,H607,39.126863,-94.574734,67.5,66,70.5
BNSF,HL0819130,2019-08-26,4:39 AM,Derailment,0,NORTH KANSAS CITY,MO,75,1,Dawn,Clear,Yard,Freight Train,5,26475,174000,200475,M409,39.126102,-94.585776,70.4,71.4,73.5
NS,138439,2020-07-07,12:50 AM,Other (describe in narrative),0,NORTH KANSAS CITY,MO,78,4,Dark,Clear,Yard,,0,0,75,75,H702,39.126499,-94.574097,84.1,86,86.6
BNSF,KS1223116,2023-12-26,5:24 AM,Derailment,0,NORTH KANSAS CITY,MO,30,1,Dawn,Cloudy,Yard,Freight Train,3,36733,166319,203052,T216,39.147327,-94.584872,36.9,34.5,35.5
KAW,231025001,2023-10-25,3:55 AM,Derailment,0,NORTH KANSAS CITY,MO,65,4,Dark,Rain,Industry,Yard/switching,5,40000,200000,480000,H702,39.126583,-94.574526,67.5,66,70.5
BNSF,HL0319121,2019-03-25,12:38 AM,Rear end collision,0,NORTH KANSAS CITY,MO,50,4,Dark,Clear,Yard,Yard/switching,6,4975,250,14043,H306,39.140419,-94.584694,54,51,52.2
KAW,200720004,2020-07-20,12:05 PM,Derailment,0,NORTH KANSAS CITY,MO,76,2,Day,Clear,Industry,Freight Train,3,0,40000,40000,H702,39.126117,-94.572262,81.7,75.8,76.1
KAW,231025001,2023-10-25,3:55 AM,Derailment,0,NORTH KANSAS CITY,MO,65,4,Dark,Rain,Industry,,0,0,200000,480000,H607,39.126583,-94.574526,67.5,66,70.5
BNSF,HL0319121,2019-03-25,12:38 AM,Rear end collision,0,NORTH KANSAS CITY,MO,50,4,Dark,Clear,Yard,Cut of cars,0,8818,0,14043,H306,39.140419,-94.584694,54,51,52.2
NS,156394,2024-04-17,12:15 AM,Derailment,0,NORTH KANSAS CITY,MO,51,4,Dark,Clear,Yard,,0,0,8980,23459,H702,39.146342,-94.550787,73.6,68.1,55.8
KAW,230714002,2023-07-14,5:00 PM,Other (describe in narrative),0,NORTH KANSAS CITY,MO,90,2,Day,Rain,Yard,Cut of cars,0,35000,0,35000,M103,39.142092,-94.55241,83.9,80.3,77.7
BNSF,HL0722119,2022-07-25,1:13 AM,Derailment,0,NORTH KANSAS CITY,MO,75,4,Dark,Cloudy,Yard,Freight Train,6,78219,160000,238219,H525,39.138473,-94.583637,84.2,71.3,70.8
BNSF,HL0418119,2018-04-27,12:30 AM,Derailment,0,NORTH KANSAS CITY,MO,42,4,Dark,Clear,Yard,Freight Train,0,10000,51000,62250,E4BC,39.125275,-94.496551,55,62,60
BNSF,HL1023118,2023-10-29,6:30 AM,Derailment,0,NORTH KANSAS CITY,MO,30,1,Dawn,Clear,Yard,Freight Train,2,88202,33040,121242,T207,39.148899,-94.585635,36.5,36.3,33.5
BNSF,NE0715110,2015-07-20,12:30 PM,Derailment,0,NORTH KANSAS CITY,MO,92,2,Day,Clear,Yard,Yard/switching,5,13300,1500,14800,T310,39.13139,-94.585215,82,79.9,76.3
BNSF,HL1123106,2023-11-09,12:13 PM,Derailment,0,NORTH KANSAS CITY,MO,60,2,Day,Clear,Yard,Yard/switching,2,25128,1500,26628,T101,39.138691,-94.585503,62.6,48.3,45.2
BNSF,HL0518119,2018-05-28,4:17 PM,Derailment,0,NORTH KANSAS CITY,MO,91,2,Day,Cloudy,Yard,Freight Train,0,0,800,25997,T319,39.132581,-94.585212,84.5,85.2,82.4
BNSF,HL1122106,2022-11-15,2:30 AM,Derailment,0,NORTH KANSAS CITY,MO,33,4,Dark,Rain,Yard,Freight Train,5,6464,8110,14574,T001,39.1284,-94.586528,36,33.2,27.8
BNSF,HL0822102,2022-08-03,12:30 PM,Derailment,0,NORTH KANSAS CITY,MO,95,2,Day,Cloudy,Yard,Light loco(s),5,310,32238,32548,T001,39.139265,-94.585395,88.5,83.7,83.4
NS,129175,2018-04-18,5:45 AM,Derailment,0,NORTH KANSAS CITY,MO,72,1,Dawn,Clear,Main,Freight Train,3,7500,21136,28636,T313,39.146504,-94.548902,51.2,46.6,47.4
BNSF,HL0921104,2021-09-04,7:45 AM,Derailment,0,NORTH KANSAS CITY,MO,85,1,Dawn,Cloudy,Yard,Freight Train,7,134791,13000,147791,T111,39.128493,-94.585879,78,72.8,71.5
BNSF,HL1221120,2021-12-28,10:00 AM,Derailment,0,NORTH KANSAS CITY,MO,60,2,Day,Clear,Yard,Yard/switching,6,99584,13200,112784,T207,39.130486,-94.585363,47.4,44.5,28
KAW,210710001,2021-07-10,12:45 AM,Derailment,0,NORTH KANSAS CITY,MO,78,4,Dark,Clear,Yard,Freight Train,0,0,76000,107257,T001,39.123422,-94.57738,81.8,74.9,68.7
NS,131622,2018-11-11,12:45 AM,Derailment,0,NORTH KANSAS CITY,MO,29,4,Dark,Clear,Yard,Freight Train,8,162578,28207,190785,T207,39.146504,-94.548902,27.3,39.1,28.7
BNSF,HL1121104,2021-11-06,8:16 AM,Derailment,0,NORTH KANSAS CITY,MO,50,1,Dawn,Clear,Yard,Freight Train,8,249658,80385,330043,T001,39.142962,-94.586299,48.8,52.9,58.1
KAW,211130004,2021-11-30,7:45 PM,Derailment,0,NORTH KANSAS CITY,MO,45,4,Dark,Clear,Yard,Yard/switching,7,23000,24000,63000,T309,39.12612,-94.57479,50,47,51.3
KAW,211130004,2021-11-30,7:45 PM,Derailment,0,NORTH KANSAS CITY,MO,45,4,Dark,Clear,Yard,Cut of cars,0,16000,0,63000,T309,39.12612,-94.57479,50,47,51.3
UP,0418KC028,2018-04-27,12:30 AM,Derailment,0,NORTH KANSAS CITY,MO,55,4,Dark,Cloudy,Yard,Work train,8,1250,0,62250,T319,39.125275,-94.496551,55,62,60
KAW,220220001,2022-02-20,7:30 AM,Derailment,0,NORTH KANSAS CITY,MO,55,1,Dawn,Clear,Industry,Yard/switching,5,0,28000,28000,T001,39.123563,-94.574815,28.8,47.3,54.4
NS,132817,2019-02-12,1:30 PM,Derailment,0,NORTH KANSAS CITY,MO,38,2,Day,Clear,Yard,Work train,5,4704,60633,65337,T110,39.146504,-94.548902,34.6,33.2,40
BNSF,HL0520109,2020-05-30,3:38 AM,Derailment,0,NORTH KANSAS CITY,MO,60,4,Dark,Clear,Yard,Freight Train,10,25000,1000,26000,T311,39.133907,-94.585232,67.8,67.6,70.3
BNSF,HL0720103,2020-07-05,4:43 PM,Derailment,0,NORTH KANSAS CITY,MO,85,2,Day,Clear,Yard,Freight Train,10,57928,8500,66428,T402,39.128001,-94.585886,79.7,83,84.1
BNSF,HL0121115,2021-01-26,4:55 PM,Derailment,0,NORTH KANSAS CITY,MO,34,2,Day,Clear,Yard,Freight Train,8,20248,11000,31248,T307,39.125051,-94.586009,34.1,26.6,25.4
BNSF,HL0323103,2023-03-03,5:15 PM,Derailment,0,NORTH KANSAS CITY,MO,56,3,Dusk,Clear,Yard,Freight Train,0,0,30358,31312,T001,39.124045,-94.585922,38,43.1,46.5
BNSF,HL0617115,2017-06-29,4:40 PM,Derailment,0,NORTH KANSAS CITY,MO,87,2,Day,Cloudy,Yard,Freight Train,6,21000,1000,22000,T319,39.155929,-94.58766,81.4,76,75.1
KAW,230701001,2023-07-01,9:00 AM,Derailment,0,NORTH KANSAS CITY,MO,80,2,Day,Clear,Yard,Yard/switching,10,6000,12000,18000,T311,39.126924,-94.572357,84.9,75.7,76.8
MBTA,202333,2023-03-20,4:52 PM,Other (describe in narrative),0,NORTH KINGSTOWN,RI,46,2,Day,Clear,Siding,Passenger Train - Pushing,79,111539,0,111539,H999,41.582509,-71.490545,34.9,36.1,43.8
PW,PWR780924R,2024-04-25,12:30 AM,Derailment,0,NORTH KINGSTOWN,RI,39,4,Dark,Cloudy,Yard,Freight Train,8,18000,18178,36178,T399,41.604217,-71.448219,50.6,41.4,43.2
UP,1117PR004,2017-11-06,12:49 PM,Hwy-rail crossing,0,NORTH LAKE,WI,39,2,Day,Cloudy,Main,Freight Train,46,0,17896,17896,M309,43.161422,-88.364755,44.4,34,34.2
UP,0824MA001,2024-08-01,7:30 AM,Derailment,0,NORTH LITTLE ROCK,AR,78,2,Day,Clear,Main,Freight Train,2,38463,100,38563,H518,34.775396,-92.273514,87,87.9,88.4
UP,0216LK008,2016-02-06,1:36 AM,Derailment,0,NORTH LITTLE ROCK,AR,32,4,Dark,Clear,Yard,Yard/switching,2,258,26246,26504,S007,34.77093,-92.227792,40.3,41.7,46.3
UP,0417LK015,2017-04-17,11:45 PM,Other impacts,0,NORTH LITTLE ROCK,AR,75,4,Dark,Cloudy,Yard,Yard/switching,4,1340,0,12078,S015,34.773064,-92.229567,71.2,67,69.7
UP,0524MA049,2024-05-31,5:40 PM,Other impacts,0,NORTH LITTLE ROCK,AR,77,2,Day,Rain,Yard,Single Car,0,14963,0,30226,S016,34.774676,-92.221965,77.8,74.7,77.3
UP,0822MA014,2022-08-02,12:00 AM,Other impacts,0,NORTH LITTLE ROCK,AR,74,4,Dark,Cloudy,Yard,Single Car,0,0,0,28593,M411,34.773192,-92.227274,83,83.8,84.5
UP,0218LK032,2018-02-21,9:16 AM,Other impacts,0,NORTH LITTLE ROCK,AR,49,2,Day,Rain,Yard,Single Car,0,14949,0,14982,S016,34.77396,-92.223349,71.3,46.3,42.3
UP,0415LK016,2015-04-14,4:34 AM,Derailment,0,NORTH LITTLE ROCK,AR,65,1,Dawn,Cloudy,Yard,Yard/switching,2,150,0,19530,M411,34.774303,-92.226251,68.1,61.5,63.4
UP,0417LK015,2017-04-17,11:45 PM,Other impacts,0,NORTH LITTLE ROCK,AR,75,4,Dark,Cloudy,Yard,Single Car,4,10738,0,12078,S015,34.773064,-92.229567,71.2,67,69.7
UP,1218MA003,2018-12-02,6:30 AM,Derailment,0,NORTH LITTLE ROCK,AR,45,1,Dawn,Cloudy,Yard,Yard/switching,8,33150,139110,172260,M405,34.776721,-92.21738,63.5,51.2,40.6
UP,0418LK015,2018-04-10,2:03 PM,Other impacts,0,NORTH LITTLE ROCK,AR,58,2,Day,Clear,Yard,Single Car,0,0,0,40101,M401,34.77114,-92.232982,49.3,52.7,58.1
UP,0117LK010,2017-01-06,4:45 PM,Derailment,0,NORTH LITTLE ROCK,AR,20,2,Day,Cloudy,Yard,Freight Train,8,153751,38250,192001,T220,34.769582,-92.236953,32.4,21.8,20.6
UP,0519MA012,2019-05-08,4:00 AM,Other impacts,0,NORTH LITTLE ROCK,AR,66,1,Dawn,Cloudy,Yard,Single Car,0,31504,0,52642,M407,34.775555,-92.220627,73,67.1,69.1
UP,1021MA039,2021-10-23,11:25 AM,Other impacts,0,NORTH LITTLE ROCK,AR,73,2,Day,Cloudy,Yard,Yard/switching,3,6901,0,138038,S016,34.775166,-92.221826,60.3,67.2,74.2
UP,0819MA019,2019-08-09,10:18 AM,Other impacts,0,NORTH LITTLE ROCK,AR,79,2,Day,Cloudy,Yard,Yard/switching,5,9705,750,10715,H307,34.76992,-92.23622,79.6,81.5,77.7
UP,0316LK012,2016-03-15,3:00 PM,Raking collision,0,NORTH LITTLE ROCK,AR,70,2,Day,Clear,Yard,Yard/switching,2,783,0,12622,S016,34.763821,-92.260122,63.6,73.2,62.8
UP,0817LK025,2017-08-20,7:09 AM,Other impacts,0,NORTH LITTLE ROCK,AR,79,2,Day,Cloudy,Yard,Freight Train,0,14866,99,28653,H306,34.77931,-92.21198,81.1,85.1,83.3
UP,0417LK005,2017-04-07,7:21 PM,Derailment,0,NORTH LITTLE ROCK,AR,74,2,Day,Clear,Yard,Single Car,0,516,0,304336,M405,34.763996,-92.260131,56.1,55.7,62.5
UP,0821MA010,2021-08-09,11:05 AM,Other impacts,0,NORTH LITTLE ROCK,AR,89,2,Day,Clear,Yard,Yard/switching,0,23446,33,26214,M407,34.775279,-92.221879,82.7,85.2,85.6
UP,0316LK012,2016-03-15,3:00 PM,Raking collision,0,NORTH LITTLE ROCK,AR,70,2,Day,Clear,Yard,Single Car,1,11633,0,12622,S016,34.763821,-92.260122,63.6,73.2,62.8
UP,0218LK032,2018-02-21,9:16 AM,Other impacts,0,NORTH LITTLE ROCK,AR,49,2,Day,Rain,Yard,Yard/switching,10,0,33,14982,S016,34.77396,-92.223349,71.3,46.3,42.3
UP,0824MA024,2024-08-20,12:40 PM,Hwy-rail crossing,0,NORTH LITTLE ROCK,AR,83,2,Day,Clear,Main,Freight Train,25,3000,10167,13167,M303,34.823692,-92.32521,78.9,78.1,75.1
UP,0220MA016,2020-02-13,7:05 AM,Other impacts,0,NORTH LITTLE ROCK,AR,39,1,Dawn,Cloudy,Yard,Yard/switching,2,24101,0,63018,M407,34.774174,-92.223459,41.1,40.7,29.5
UP,0415LK016,2015-04-14,4:34 AM,Derailment,0,NORTH LITTLE ROCK,AR,65,1,Dawn,Cloudy,Yard,Single Car,0,150,19230,19530,M411,34.774303,-92.226251,68.1,61.5,63.4
UP,0123MA030,2023-01-02,7:25 PM,Other impacts,0,NORTH LITTLE ROCK,AR,69,3,Dusk,Rain,Yard,Yard/switching,5,17356,1300,22785,M407,34.774762,-92.222021,58.6,68.3,65.4
UP,1021MA039,2021-10-23,11:25 AM,Other impacts,0,NORTH LITTLE ROCK,AR,73,2,Day,Cloudy,Yard,Single Car,3,131137,0,138038,S016,34.775166,-92.221826,60.3,67.2,74.2
UP,0219MA045,2019-02-25,2:35 AM,Derailment,0,NORTH LITTLE ROCK,AR,33,4,Dark,Clear,Yard,Yard/switching,4,500,49178,49678,H702,34.77019,-92.235546,46.2,42.6,48.6
UP,0820MA038,2020-08-29,8:20 AM,Other impacts,0,NORTH LITTLE ROCK,AR,78,2,Day,Cloudy,Yard,Yard/switching,4,12540,0,19878,S016,34.774899,-92.222225,81.3,81,78.4
UP,0419MA054,2019-04-21,5:25 PM,Obstruction,0,NORTH LITTLE ROCK,AR,79,2,Day,Clear,Yard,Yard/switching,4,17374,9680,27054,M410,34.775611,-92.2215,59.5,63.8,67.8
UP,1018LK033,2018-10-29,8:48 AM,Other impacts,0,NORTH LITTLE ROCK,AR,80,2,Day,Clear,Yard,Yard/switching,4,487,13310,14284,M411,34.774857,-92.220709,63.1,58.7,65.5
UP,0320MA037,2020-03-28,3:35 PM,Other impacts,0,NORTH LITTLE ROCK,AR,73,2,Day,Rain,Yard,Single Car,10,38572,0,111892,M407,34.774463,-92.221908,72.3,69,59.4
UP,0820MA038,2020-08-29,8:20 AM,Other impacts,0,NORTH LITTLE ROCK,AR,78,2,Day,Cloudy,Yard,Cut of cars,0,7188,150,19878,S016,34.774899,-92.222225,81.3,81,78.4
UP,1119MA007,2019-11-02,9:46 AM,Derailment,0,NORTH LITTLE ROCK,AR,42,2,Day,Clear,Yard,Freight Train,2,8844,55350,64194,M405,34.763868,-92.260118,40.9,45.3,46.3
UP,1118LK025,2018-11-16,1:55 PM,Derailment,0,NORTH LITTLE ROCK,AR,60,2,Day,Clear,Yard,Yard/switching,4,394574,4200,398774,S006,34.77612,-92.221871,36,45.8,49.8
UP,0719MA051,2019-07-26,6:30 PM,Obstruction,0,NORTH LITTLE ROCK,AR,85,3,Dusk,Cloudy,Yard,Yard/switching,8,11698,5070,16768,M409,34.771751,-92.231261,73.9,75.1,78.3
UP,0121MA030,2021-01-23,9:14 AM,Other impacts,0,NORTH LITTLE ROCK,AR,34,2,Day,Cloudy,Yard,Yard/switching,4,652,23012,23936,M411,34.77479,-92.224544,44.9,38.8,47.1
UP,0319MA025,2019-03-17,4:06 PM,Other impacts,0,NORTH LITTLE ROCK,AR,67,2,Day,Clear,Yard,Single Car,2,176,0,23685,S007,34.772141,-92.228803,47.2,51.1,51.1
UP,1017LK019,2017-10-07,2:52 AM,Other (describe in narrative),0,NORTH LITTLE ROCK,AR,60,4,Dark,Clear,Yard,Yard/switching,2,11648,0,11648,M507,34.775871,-92.219741,72.6,75.5,76.8
UP,0720MA002,2020-07-02,2:00 AM,Derailment,0,NORTH LITTLE ROCK,AR,74,4,Dark,Cloudy,Industry,Freight Train,5,16304,875,17179,T217,34.772824,-92.216894,80.9,81.9,80.4
UP,0518LK026,2018-05-16,12:45 PM,Derailment,0,NORTH LITTLE ROCK,AR,85,2,Day,Clear,Yard,Yard/switching,8,22294,120579,142873,E4TC,34.776137,-92.218832,75.3,75.5,72.2
UP,0819MA019,2019-08-09,10:18 AM,Other impacts,0,NORTH LITTLE ROCK,AR,79,2,Day,Cloudy,Yard,Yard/switching,2,260,0,10715,H307,34.76992,-92.23622,79.6,81.5,77.7
UP,0319MA018,2019-03-11,10:30 AM,Derailment,0,NORTH LITTLE ROCK,AR,49,2,Day,Cloudy,Yard,Yard/switching,4,96439,86778,183217,H508,34.763863,-92.248448,53.4,52.4,52.7
UP,1118LK011,2018-11-04,4:00 PM,Other (describe in narrative),0,NORTH LITTLE ROCK,AR,65,2,Day,Cloudy,Yard,Single Car,0,38499,0,38499,E27C,34.771337,-92.234704,54.7,57.4,52.8
UP,0319MA025,2019-03-17,4:06 PM,Other impacts,0,NORTH LITTLE ROCK,AR,67,2,Day,Clear,Yard,Yard/switching,6,22189,1320,23685,S007,34.772141,-92.228803,47.2,51.1,51.1
UP,0320MA037,2020-03-28,3:35 PM,Other impacts,0,NORTH LITTLE ROCK,AR,73,2,Day,Rain,Yard,Yard/switching,3,67504,5816,111892,M407,34.774463,-92.221908,72.3,69,59.4
UP,0121MA030,2021-01-23,9:14 AM,Other impacts,0,NORTH LITTLE ROCK,AR,34,2,Day,Cloudy,Yard,Single Car,0,272,0,23936,M411,34.77479,-92.224544,44.9,38.8,47.1
UP,0821MA001,2021-08-02,10:28 AM,Other impacts,0,NORTH LITTLE ROCK,AR,77,2,Day,Cloudy,Yard,Cut of cars,5,2483,0,33184,M411,34.775332,-92.222235,82.8,78.5,77.6
UP,0721MA020,2021-07-16,5:57 PM,Other impacts,0,NORTH LITTLE ROCK,AR,84,2,Day,Cloudy,Yard,Yard/switching,9,58769,880,60158,M411,34.771751,-92.229233,82,78.2,75.1
UP,0722MA019,2022-07-09,1:15 PM,Derailment,0,NORTH LITTLE ROCK,AR,100,2,Day,Cloudy,Yard,Light loco(s),4,250,45474,45724,S011,34.775373,-92.221236,90.6,89.9,83.4
UP,0918LK020,2018-09-13,12:57 PM,Other impacts,0,NORTH LITTLE ROCK,AR,85,2,Day,Clear,Yard,Cut of cars,1,6563,0,37984,S016,34.772238,-92.22989,70.6,76.1,80.6
UP,0621MA020,2021-06-15,4:59 PM,Derailment,0,NORTH LITTLE ROCK,AR,93,2,Day,Clear,Yard,Freight Train,9,75171,8800,83971,H508,34.764176,-92.258973,82.6,81.3,80.5
UP,1121MA044,2021-11-30,2:47 AM,Other impacts,0,NORTH LITTLE ROCK,AR,45,4,Dark,Cloudy,Yard,Yard/switching,8,75407,300,75928,H309,34.774961,-92.225463,47.7,53.9,56.6
UP,0821MA001,2021-08-02,10:28 AM,Other impacts,0,NORTH LITTLE ROCK,AR,77,2,Day,Cloudy,Yard,Yard/switching,5,1481,29220,33184,M411,34.775332,-92.222235,82.8,78.5,77.6