reportingrailroadcode,accidentnumber,date,time,accidenttype,hazmatreleasedcars,station,stateabbr,temperature,visibility_code,visibility,weathercondition,tracktype,equipmenttype,trainspeed,equipmentdamagecost,trackdamagecost,totaldamagecost,primaryaccidentcausecode,latitude,longitude,prior_temp,actual_temp,following_temp
UP,1221MA027,2021-12-26,4:10 AM,Other impacts,0,NORTH LITTLE ROCK,AR,55,1,Dawn,Fog,Yard,Yard/switching,5,169313,952,174447,H307,34.780699,-92.211087,68.6,61.2,68.1
UP,0721MA020,2021-07-16,5:57 PM,Other impacts,0,NORTH LITTLE ROCK,AR,84,2,Day,Cloudy,Yard,Single Car,0,265,0,60158,M411,34.771751,-92.229233,82,78.2,75.1
UP,1121MA044,2021-11-30,2:47 AM,Other impacts,0,NORTH LITTLE ROCK,AR,45,4,Dark,Cloudy,Yard,Yard/switching,4,221,0,75928,H309,34.774961,-92.225463,47.7,53.9,56.6
UP,0721MA020,2021-07-16,5:57 PM,Other impacts,0,NORTH LITTLE ROCK,AR,84,2,Day,Cloudy,Yard,Cut of cars,0,244,0,60158,M411,34.771751,-92.229233,82,78.2,75.1
UP,1021MA045,2021-10-29,8:26 PM,Derailment,0,NORTH LITTLE ROCK,AR,55,4,Dark,Cloudy,Industry,Cut of cars,0,2234,0,12989,H704,34.764982,-92.215683,55.5,54.5,57.7
UP,1221MA027,2021-12-26,4:10 AM,Other impacts,0,NORTH LITTLE ROCK,AR,55,1,Dawn,Fog,Yard,Yard/switching,0,4182,0,174447,H307,34.780699,-92.211087,68.6,61.2,68.1
UP,0918LK020,2018-09-13,12:57 PM,Other impacts,0,NORTH LITTLE ROCK,AR,85,2,Day,Clear,Yard,Yard/switching,7,31421,0,37984,S016,34.772238,-92.22989,70.6,76.1,80.6
UP,1021MA045,2021-10-29,8:26 PM,Derailment,0,NORTH LITTLE ROCK,AR,55,4,Dark,Cloudy,Industry,Yard/switching,4,10755,0,12989,H704,34.764982,-92.215683,55.5,54.5,57.7
UP,0223MA001,2023-02-01,1:39 PM,Other impacts,0,NORTH LITTLE ROCK,AR,29,2,Day,Cloudy,Yard,Yard/switching,10,4280,0,28887,H304,34.773846,-92.2233,30,29.6,34
UP,0622MA040,2022-06-30,4:00 PM,Derailment,0,NORTH LITTLE ROCK,AR,92,2,Day,Cloudy,Yard,Light loco(s),5,13093,4500,17593,H702,34.775396,-92.22057,78,82.2,83.2
UP,0223MA020,2023-02-16,1:28 PM,Derailment,0,NORTH LITTLE ROCK,AR,50,2,Day,Cloudy,Yard,Freight Train,4,198000,64442,262442,T220,34.764949,-92.251522,65.5,54.7,40.6
UP,0723MA012,2023-07-06,8:54 PM,Derailment,0,NORTH LITTLE ROCK,AR,78,4,Dark,Cloudy,Yard,Yard/switching,9,125685,119360,245045,E89C,34.771627,-92.229026,80.9,82.8,81.5
UP,0922MA042,2022-09-20,7:00 AM,Derailment,0,NORTH LITTLE ROCK,AR,70,2,Day,Clear,Yard,Single Car,5,26360,0,33789,M407,34.775336,-92.221478,84.6,85,85.6
UP,0324MA004,2024-03-07,6:45 PM,Other impacts,0,NORTH LITTLE ROCK,AR,62,3,Dusk,Cloudy,Yard,Cut of cars,0,82130,0,221369,H302,34.772857,-92.225141,60.5,59.7,61.1
UP,0823MA027,2023-08-20,11:45 PM,Other impacts,0,NORTH LITTLE ROCK,AR,85,4,Dark,Clear,Yard,Yard/switching,4,21578,0,35302,M407,34.7753,-92.221198,85.3,88.2,87.9
UP,0123MA030,2023-01-02,7:25 PM,Other impacts,0,NORTH LITTLE ROCK,AR,69,3,Dusk,Rain,Yard,Cut of cars,2,4129,0,22785,M407,34.774762,-92.222021,58.6,68.3,65.4
UP,0422MA017,2022-04-21,1:55 AM,Other impacts,0,NORTH LITTLE ROCK,AR,67,4,Dark,Cloudy,Yard,Single Car,5,815,0,53025,S007,34.773739,-92.227498,57.3,71,75.1
UP,0422MA017,2022-04-21,1:55 AM,Other impacts,0,NORTH LITTLE ROCK,AR,67,4,Dark,Cloudy,Yard,Yard/switching,10,52210,0,53025,S007,34.773739,-92.227498,57.3,71,75.1
UP,0821MA010,2021-08-09,11:05 AM,Other impacts,0,NORTH LITTLE ROCK,AR,89,2,Day,Clear,Yard,Cut of cars,4,2735,0,26214,M407,34.775279,-92.221879,82.7,85.2,85.6
UP,0223MA001,2023-02-01,1:39 PM,Other impacts,0,NORTH LITTLE ROCK,AR,29,2,Day,Cloudy,Yard,Single Car,10,24607,0,28887,H304,34.773846,-92.2233,30,29.6,34
UP,0923MA037,2023-09-25,10:45 AM,Other impacts,0,NORTH LITTLE ROCK,AR,80,2,Day,Clear,Yard,Single Car,5,1655,0,32231,S016,34.772278,-92.228858,76.3,79.7,80.3
UP,0120MA018,2020-01-20,10:50 PM,Other impacts,0,NORTH LITTLE ROCK,AR,28,4,Dark,Clear,Yard,Yard/switching,14,700,66,29592,M203,34.775127,-92.220471,39.1,30.7,28.9
UP,0223MA043,2023-02-27,10:19 PM,Other impacts,0,NORTH LITTLE ROCK,AR,60,4,Dark,Clear,Yard,Cut of cars,5,66235,0,73301,M411,34.783918,-92.208668,55,66.5,64.9
UP,1120MA034,2020-11-28,10:31 AM,Other impacts,0,NORTH LITTLE ROCK,AR,49,2,Day,Clear,Yard,Yard/switching,4,986,0,57730,M407,34.774385,-92.224383,52.1,46.3,43
UP,0223MA019,2023-02-15,11:22 AM,Other impacts,0,NORTH LITTLE ROCK,AR,69,2,Day,Clear,Yard,Yard/switching,5,1241,0,14317,H019,34.77171,-92.229057,55.8,65.5,54.7
UP,0823MA027,2023-08-20,11:45 PM,Other impacts,0,NORTH LITTLE ROCK,AR,85,4,Dark,Clear,Yard,Yard/switching,3,13124,600,35302,M407,34.7753,-92.221198,85.3,88.2,87.9
UP,0223MA019,2023-02-15,11:22 AM,Other impacts,0,NORTH LITTLE ROCK,AR,69,2,Day,Clear,Yard,Single Car,0,13076,0,14317,H019,34.77171,-92.229057,55.8,65.5,54.7
UP,1123MA030,2023-11-22,7:28 PM,Derailment,0,NORTH LITTLE ROCK,AR,45,3,Dusk,Clear,Yard,Freight Train,8,3642,188210,191852,S011,34.763927,-92.261872,53.8,49.4,46.2
UP,0223MA043,2023-02-27,10:19 PM,Other impacts,0,NORTH LITTLE ROCK,AR,60,4,Dark,Clear,Yard,Yard/switching,3,2666,4400,73301,M411,34.783918,-92.208668,55,66.5,64.9
UP,0120MA018,2020-01-20,10:50 PM,Other impacts,0,NORTH LITTLE ROCK,AR,28,4,Dark,Clear,Yard,Yard/switching,0,28826,0,29592,M203,34.775127,-92.220471,39.1,30.7,28.9
UP,1120MA034,2020-11-28,10:31 AM,Other impacts,0,NORTH LITTLE ROCK,AR,49,2,Day,Clear,Yard,Yard/switching,2,56744,0,57730,M407,34.774385,-92.224383,52.1,46.3,43
UP,0822MA022,2022-08-12,3:20 PM,Other impacts,0,NORTH LITTLE ROCK,AR,92,2,Day,Clear,Yard,Yard/switching,0,260,0,24294,M407,34.77514,-92.221988,80.6,81.9,79.9
UP,1022MA026,2022-10-13,7:27 PM,Obstruction,0,NORTH LITTLE ROCK,AR,69,3,Dusk,Clear,Yard,Yard/switching,6,4888,9320,14308,M404,34.772542,-92.229035,72.8,66.1,67.1
UP,0822MA022,2022-08-12,3:20 PM,Other impacts,0,NORTH LITTLE ROCK,AR,92,2,Day,Clear,Yard,Yard/switching,13,0,0,24294,M407,34.77514,-92.221988,80.6,81.9,79.9
UP,0922MA005,2022-09-05,9:59 PM,Derailment,0,NORTH LITTLE ROCK,AR,70,4,Dark,Cloudy,Yard,Freight Train,5,9410,16175,25585,H507,34.773017,-92.23167,79.6,76.1,75.3
UP,0223MA014,2023-02-01,7:00 AM,Other (describe in narrative),0,NORTH LITTLE ROCK,AR,28,2,Day,Clear,Yard,Single Car,0,15597,0,15597,M507,34.774828,-92.221531,30,29.6,34
UP,1222MA006,2022-12-07,2:51 AM,Other impacts,0,NORTH LITTLE ROCK,AR,65,4,Dark,Rain,Yard,Yard/switching,18,247,0,43794,M407,34.772739,-92.229592,63.6,61.9,58
UP,1022MA026,2022-10-13,7:27 PM,Obstruction,0,NORTH LITTLE ROCK,AR,69,3,Dusk,Clear,Yard,Single Car,0,100,0,14308,M404,34.772542,-92.229035,72.8,66.1,67.1
UP,0324MA004,2024-03-07,6:45 PM,Other impacts,0,NORTH LITTLE ROCK,AR,62,3,Dusk,Cloudy,Yard,Freight Train,4,76254,62985,221369,H302,34.772857,-92.225141,60.5,59.7,61.1
UP,1222MA006,2022-12-07,2:51 AM,Other impacts,0,NORTH LITTLE ROCK,AR,65,4,Dark,Rain,Yard,Single Car,4,8231,35316,43794,M407,34.772739,-92.229592,63.6,61.9,58
UP,0322MA036,2022-03-27,5:40 PM,Derailment,0,NORTH LITTLE ROCK,AR,59,2,Day,Cloudy,Yard,Yard/switching,8,2486,33241,35727,E35C,34.776602,-92.21767,58.2,52.6,54.3
UP,0822MA022,2022-08-12,3:20 PM,Other impacts,0,NORTH LITTLE ROCK,AR,92,2,Day,Clear,Yard,Single Car,0,24034,0,24294,M407,34.77514,-92.221988,80.6,81.9,79.9
UP,0923MA037,2023-09-25,10:45 AM,Other impacts,0,NORTH LITTLE ROCK,AR,80,2,Day,Clear,Yard,Yard/switching,4,30576,0,32231,S016,34.772278,-92.228858,76.3,79.7,80.3
UP,0118LK043,2018-01-24,11:13 AM,Fire/violent rupture,0,NORTH LITTLE ROCK,AR,50,2,Day,Clear,Main,Freight Train,45,26125,33,26158,E71L,34.808548,-92.307002,44.4,41.5,44.4
UP,0919MA033,2019-09-17,12:50 PM,Derailment,0,NORTH LITTLE ROCK,AR,93,2,Day,Clear,Yard,Freight Train,4,262,11173,11435,T221,34.770088,-92.235353,82.6,83.3,83
UP,0818LK028,2018-08-16,3:00 AM,Derailment,0,NORTH LITTLE ROCK,AR,81,4,Dark,Clear,Yard,Yard/switching,5,194303,189149,383452,M405,34.776089,-92.218982,79.1,84.4,74.4
UP,0415LK012,2015-04-11,6:45 PM,Derailment,0,NORTH LITTLE ROCK,AR,71,2,Day,Clear,Yard,Yard/switching,8,225,21877,22102,S006,34.763821,-92.260122,60.8,60.6,67.2
UP,0417LK005,2017-04-07,7:21 PM,Derailment,0,NORTH LITTLE ROCK,AR,74,2,Day,Clear,Yard,Yard/switching,6,176374,127446,304336,M405,34.763996,-92.260131,56.1,55.7,62.5
UP,0815LK018,2015-08-21,5:15 AM,Derailment,0,NORTH LITTLE ROCK,AR,68,4,Dark,Clear,Yard,Yard/switching,4,3031,17391,20422,E49C,34.763821,-92.260122,72.6,76,77.5
UP,0221MA015,2021-02-06,7:00 AM,Other impacts,0,NORTH LITTLE ROCK,AR,40,1,Dawn,Cloudy,Yard,Cut of cars,4,45318,264,50117,M407,34.776035,-92.219129,42.3,43,35.1
UP,0123MA041,2023-01-12,9:53 AM,Derailment,0,NORTH LITTLE ROCK,AR,0,2,Day,Cloudy,Yard,Single Car,0,30208,114,31590,E09C,34.772808,-92.229817,66.2,53.3,38.3
UP,1015LK033,2015-10-15,6:35 PM,Fire/violent rupture,0,NORTH LITTLE ROCK,AR,80,3,Dusk,Clear,Yard,Light loco(s),0,33461,0,33461,E73L,34.76195,-92.275658,70.2,74.8,67.2
UP,0418LK006,2018-04-07,6:55 PM,Derailment,0,NORTH LITTLE ROCK,AR,65,4,Dark,Clear,Yard,Yard/switching,7,201580,0,614837,E40C,34.775982,-92.219277,53,38.5,40.5
UP,0617LK015,2017-06-08,9:00 AM,Other (describe in narrative),0,NORTH LITTLE ROCK,AR,75,2,Day,Clear,Yard,Single Car,0,12377,0,12377,E35C,34.774061,-92.216199,73.5,71,70.9
UP,1221MA032,2021-12-24,9:46 AM,Other (describe in narrative),0,NORTH LITTLE ROCK,AR,43,2,Day,Fog,Yard,Single Car,0,28445,0,28445,M411,34.774527,-92.225282,49.5,64.7,68.6
UP,0416LK006,2016-04-15,2:00 PM,Obstruction,0,NORTH LITTLE ROCK,AR,75,2,Day,Clear,Yard,Cut of cars,0,15344,0,15344,M105,34.766295,-92.242543,59.1,62.7,63.4
UP,1021MA033,2021-10-15,5:37 AM,Other (describe in narrative),0,NORTH LITTLE ROCK,AR,69,1,Dawn,Cloudy,Yard,Yard/switching,10,25621,0,25621,M411,34.775719,-92.222421,74.4,69.6,58.5
UP,0822MA014,2022-08-02,12:00 AM,Other impacts,0,NORTH LITTLE ROCK,AR,74,4,Dark,Cloudy,Yard,Yard/switching,4,28593,0,28593,M411,34.773192,-92.227274,83,83.8,84.5
UP,0917LK017,2017-09-13,2:43 AM,Other (describe in narrative),0,NORTH LITTLE ROCK,AR,70,4,Dark,Clear,Yard,Single Car,0,26393,0,26393,M507,34.770365,-92.23289,63.8,70.1,73.2
UP,0915LK009,2015-09-06,2:00 AM,Derailment,0,NORTH LITTLE ROCK,AR,77,4,Dark,Clear,Yard,Yard/switching,5,11368,20161,31529,M507,34.764185,-92.258873,85,85.5,85.2
UP,1116LK007,2016-11-11,7:48 PM,Raking collision,0,NORTH LITTLE ROCK,AR,55,4,Dark,Clear,Yard,Yard/switching,0,5405,0,78359,H302,34.775873,-92.221286,53,59,52.9
UP,0415LK013,2015-04-10,8:25 PM,Derailment,0,NORTH LITTLE ROCK,AR,65,4,Dark,Clear,Yard,Yard/switching,8,300,18562,18862,S006,34.763821,-92.260122,75.1,60.8,60.6
UP,0220MA016,2020-02-13,7:05 AM,Other impacts,0,NORTH LITTLE ROCK,AR,39,1,Dawn,Cloudy,Yard,Single Car,6,38818,99,63018,M407,34.774174,-92.223459,41.1,40.7,29.5
UP,0119MA025,2019-01-20,1:50 AM,Derailment,0,NORTH LITTLE ROCK,AR,29,4,Dark,Clear,Yard,Yard/switching,5,586,71350,71936,S006,34.774517,-92.222414,43.5,30.4,32.8
UP,0917LK011,2017-09-05,7:39 AM,Other (describe in narrative),0,NORTH LITTLE ROCK,AR,75,2,Day,Clear,Yard,Yard/switching,6,13480,0,13480,M507,34.774256,-92.226875,79.6,72.6,66.4
UP,0123MA041,2023-01-12,9:53 AM,Derailment,0,NORTH LITTLE ROCK,AR,0,2,Day,Cloudy,Yard,Yard/switching,7,1268,0,31590,E09C,34.772808,-92.229817,66.2,53.3,38.3
UP,0418LK006,2018-04-07,6:55 PM,Derailment,0,NORTH LITTLE ROCK,AR,65,4,Dark,Clear,Yard,Yard/switching,7,232433,180824,614837,E40C,34.775982,-92.219277,53,38.5,40.5
UP,0524MA036,2024-05-26,2:05 PM,Derailment,0,NORTH LITTLE ROCK,AR,88,2,Day,Clear,Yard,Yard/switching,7,18613,10061,28674,M410,34.77566,-92.220332,78,82.8,83
UP,0415LK017,2015-04-14,2:04 PM,Derailment,0,NORTH LITTLE ROCK,AR,70,2,Day,Cloudy,Yard,Yard/switching,2,150,25000,25150,M404,34.774445,-92.222539,68.1,61.5,63.4
UP,0221MA015,2021-02-06,7:00 AM,Other impacts,0,NORTH LITTLE ROCK,AR,40,1,Dawn,Cloudy,Yard,Yard/switching,0,4535,0,50117,M407,34.776035,-92.219129,42.3,43,35.1
UP,0116LK020,2016-01-22,9:40 AM,Other impacts,0,NORTH LITTLE ROCK,AR,32,2,Day,Clear,Yard,Yard/switching,7,2064,40000,42580,M411,34.763821,-92.260122,32.8,35.4,32.5
UP,1018LK033,2018-10-29,8:48 AM,Other impacts,0,NORTH LITTLE ROCK,AR,80,2,Day,Clear,Yard,Single Car,4,487,0,14284,M411,34.774857,-92.220709,63.1,58.7,65.5
UP,0316LK012,2016-03-15,3:00 PM,Raking collision,0,NORTH LITTLE ROCK,AR,70,2,Day,Clear,Yard,Single Car,1,206,0,12622,S016,34.763821,-92.260122,63.6,73.2,62.8
UP,0524MA049,2024-05-31,5:40 PM,Other impacts,0,NORTH LITTLE ROCK,AR,77,2,Day,Rain,Yard,Yard/switching,3,13063,2200,30226,S016,34.774676,-92.221965,77.8,74.7,77.3
UP,0418LK015,2018-04-10,2:03 PM,Other impacts,0,NORTH LITTLE ROCK,AR,58,2,Day,Clear,Yard,Yard/switching,7,397,39704,40101,M401,34.77114,-92.232982,49.3,52.7,58.1
UP,0724MA013,2024-07-07,4:00 PM,Derailment,0,NORTH LITTLE ROCK,AR,91,2,Day,Cloudy,Yard,Yard/switching,10,17999,13984,31983,M101,34.771984,-92.230355,82,81.8,81.2
UP,1114LK012,2014-11-17,2:15 PM,Derailment,0,NORTH LITTLE ROCK,AR,54,2,Day,Clear,Yard,Yard/switching,10,1747,18070,19817,M411,34.763821,-92.260122,38.2,33.3,32
UP,0618LK014,2018-06-09,5:30 PM,Other impacts,0,NORTH LITTLE ROCK,AR,89,2,Day,Cloudy,Yard,Cut of cars,0,28756,0,30455,E32C,34.772567,-92.233194,78.1,77.7,80.2
UP,1116LK014,2016-11-22,5:56 AM,Derailment,0,NORTH LITTLE ROCK,AR,43,4,Dark,Cloudy,Yard,Light loco(s),2,18620,0,18620,H307,34.763858,-92.260136,46.1,53.2,56.8
UP,0820MA001,2020-08-02,10:50 PM,Derailment,0,NORTH LITTLE ROCK,AR,76,4,Dark,Cloudy,Yard,Yard/switching,10,6083,109804,115887,E64C,34.772003,-92.230169,77.4,77,77.5
UP,0618LK014,2018-06-09,5:30 PM,Other impacts,0,NORTH LITTLE ROCK,AR,89,2,Day,Cloudy,Yard,Yard/switching,6,1666,33,30455,E32C,34.772567,-92.233194,78.1,77.7,80.2
UP,0815LK027,2015-08-30,5:30 PM,Derailment,0,NORTH LITTLE ROCK,AR,90,4,Dark,Clear,Yard,Light loco(s),7,54093,2065,56158,T111,34.763821,-92.260122,78.8,81.7,82.1
UP,0415LK004,2015-04-04,5:30 PM,Derailment,0,NORTH LITTLE ROCK,AR,71,2,Day,Clear,Yard,Yard/switching,4,111026,11140,122166,T311,34.763821,-92.260122,68.9,53.3,51.8
UP,0820MA031,2020-08-24,4:36 AM,Derailment,0,NORTH LITTLE ROCK,AR,71,1,Dawn,Clear,Yard,Yard/switching,4,107255,2190,177141,T403,34.771893,-92.229269,80.5,81.4,82.5
UP,0121MA022,2021-01-20,4:32 PM,Derailment,0,NORTH LITTLE ROCK,AR,45,2,Day,Rain,Yard,Yard/switching,3,18580,7640,26220,T207,34.771469,-92.228674,51.8,42.7,46.7
UP,0922MA012,2022-09-10,12:35 AM,Derailment,0,NORTH LITTLE ROCK,AR,74,4,Dark,Clear,Industry,Yard/switching,4,65829,2280,68109,T210,34.768816,-92.21787,76.8,76.9,74.1
UP,0115LK021,2015-01-24,11:55 AM,Derailment,0,NORTH LITTLE ROCK,AR,58,2,Day,Clear,Yard,Yard/switching,5,12372,7998,20370,T310,34.773479,-92.216891,41.7,44.1,48.9
UP,0918LK004,2018-09-05,6:46 AM,Derailment,0,NORTH LITTLE ROCK,AR,75,1,Dawn,Clear,Yard,Yard/switching,6,42607,18607,61700,T102,34.772359,-92.229548,81.3,80,75.9
UP,0918LK004,2018-09-05,6:46 AM,Derailment,0,NORTH LITTLE ROCK,AR,75,1,Dawn,Clear,Yard,Single Car,3,486,0,61700,T102,34.772359,-92.229548,81.3,80,75.9
UP,0820MA031,2020-08-24,4:36 AM,Derailment,0,NORTH LITTLE ROCK,AR,71,1,Dawn,Clear,Yard,Single Car,0,67696,0,177141,T403,34.771893,-92.229269,80.5,81.4,82.5
UP,0820MA012,2020-08-08,5:30 PM,Derailment,0,NORTH LITTLE ROCK,AR,92,2,Day,Cloudy,Yard,Yard/switching,3,64134,7400,71534,T314,34.771908,-92.229094,78.4,81.6,84.8
UP,0818LK004,2018-08-03,7:00 AM,Derailment,0,NORTH LITTLE ROCK,AR,85,2,Day,Clear,Yard,Freight Train,10,127091,96133,223224,T315,34.769799,-92.236268,77.8,79.1,81.1
UP,0817LK034,2017-08-27,1:16 AM,Derailment,0,NORTH LITTLE ROCK,AR,75,4,Dark,Cloudy,Yard,Freight Train,2,9732,3386,13118,T201,34.775444,-92.216567,73.8,76.5,75.9
UP,0116LK015,2016-01-18,5:15 PM,Derailment,0,NORTH LITTLE ROCK,AR,40,2,Day,Clear,Yard,Light loco(s),5,18597,0,18597,T311,34.764605,-92.255971,38.5,27.3,30.9
UP,0323MA019,2023-03-15,5:02 AM,Derailment,0,NORTH LITTLE ROCK,AR,35,1,Dawn,Clear,Yard,Yard/switching,8,50577,0,102264,T210,34.774465,-92.225579,41.9,46,56.8
UP,0323MA019,2023-03-15,5:02 AM,Derailment,0,NORTH LITTLE ROCK,AR,35,1,Dawn,Clear,Yard,Cut of cars,6,49102,2585,102264,T210,34.774465,-92.225579,41.9,46,56.8
FEC,X35081822,2022-08-18,4:52 PM,Hwy-rail crossing,0,NORTH MIAMI,FL,82,2,Day,Clear,Main,,0,0,33451,41073,M308,25.906103,-80.159063,85.3,85.5,86.1
FEC,X13030323,2023-03-03,2:47 PM,Hwy-rail crossing,0,NORTH MIAMI,FL,82,2,Day,Clear,Main,,0,0,445,21183,M308,25.906103,-80.159063,75.2,78.8,79.7
BLF,20231671,2023-03-03,2:47 PM,Hwy-rail crossing,0,NORTH MIAMI,FL,82,2,Day,Clear,Main,Passenger Train - Pulling,60,20738,0,21183,M308,25.906103,-80.159063,75.2,78.8,79.7
BLF,20220750,2022-08-18,4:52 PM,Hwy-rail crossing,0,NORTH MIAMI,FL,82,2,Day,Clear,Main,Passenger Train - Pulling,76,7622,0,41073,M308,25.906103,-80.159063,85.3,85.5,86.1
FEC,X38081423,2023-08-14,2:38 PM,Hwy-rail crossing,0,NORTH MIAMI BEACH,FL,97,2,Day,Clear,Main,,0,0,333,11736,M308,25.947475,-80.147559,84.9,86.5,85.4
BLF,20244373,2024-04-06,4:48 AM,Other (describe in narrative),0,NORTH MIAMI BEACH,FL,65,4,Dark,Clear,Main,Passenger Train - Pulling,79,27403,0,27653,M402,25.964035,-80.147431,72,72.5,73.2
FEC,X17040724,2024-04-07,6:02 AM,Hwy-rail crossing,0,NORTH MIAMI BEACH,FL,75,1,Dawn,Clear,Main,,0,0,421,21173,M308,25.947475,-80.147559,72.5,73.2,73.6
FEC,X42111519,2019-11-15,3:24 PM,Hwy-rail crossing,0,NORTH MIAMI BEACH,FL,84,2,Day,Cloudy,Main,,0,0,960,25367,M308,25.574969,-80.085105,75.2,76,68.6
BLF,20190451,2019-11-15,3:24 PM,Hwy-rail crossing,0,NORTH MIAMI BEACH,FL,84,2,Day,Cloudy,Main,Passenger Train - Pulling,55,24407,0,25367,M308,25.574969,-80.085105,75.2,76,68.6
BLF,20210069,2021-11-09,6:05 PM,Obstruction,0,NORTH MIAMI BEACH,FL,73,3,Dusk,Clear,Main,Passenger Train - Pulling,70,18441,0,18541,M402,25.926139,-80.154249,68.4,70.2,73.3
FEC,X40111219,2019-11-12,6:33 PM,Hwy-rail crossing,0,NORTH MIAMI BEACH,FL,85,3,Dusk,Cloudy,Main,,0,0,353,19037,M308,25.560566,-80.090523,77.8,78.1,74.4
BLF,20233160,2023-08-14,2:38 PM,Hwy-rail crossing,0,NORTH MIAMI BEACH,FL,97,2,Day,Clear,Main,Passenger Train - Pulling,57,11403,0,11736,M308,25.947475,-80.147559,84.9,86.5,85.4
BLF,20190448,2019-11-12,6:33 PM,Hwy-rail crossing,0,NORTH MIAMI BEACH,FL,85,3,Dusk,Cloudy,Main,Passenger Train - Pulling,52,18684,0,19037,M308,25.560566,-80.090523,77.8,78.1,74.4
BLF,20244381,2024-04-07,6:02 AM,Hwy-rail crossing,0,NORTH MIAMI BEACH,FL,75,1,Dawn,Clear,Main,Passenger Train - Pulling,45,20752,0,21173,M308,25.947475,-80.147559,72.5,73.2,73.6
FEC,D22040624,2024-04-06,4:48 AM,Other (describe in narrative),0,NORTH MIAMI BEACH,FL,65,4,Dark,Clear,Main,,0,0,250,27653,M402,25.964035,-80.147431,72,72.5,73.2
MS,MSR171919A,2019-09-04,8:00 AM,Other (describe in narrative),0,NORTH MUSKEGON,MI,58,2,Day,Rain,Siding,Cut of cars,0,12000,0,12000,M105,43.300164,-86.249096,69.4,64.1,59.7
UP,1016NP025,2016-10-31,4:00 AM,Derailment,0,NORTH PLATTE,NE,65,4,Dark,Clear,Yard,Light loco(s),5,18620,33,18653,H303,41.146731,-100.82392,52.8,56.1,48.7
UP,0522GP014,2022-05-20,10:31 AM,Other impacts,0,NORTH PLATTE,NE,51,2,Day,Cloudy,Yard,Single Car,0,13648,0,107020,M411,41.143873,-100.79466,72,50.7,48.2
UP,0619GP019,2019-06-16,10:30 AM,Other impacts,0,NORTH PLATTE,NE,74,2,Day,Cloudy,Yard,Yard/switching,10,21830,600,22430,H307,41.149585,-100.850463,72.1,63.6,65.1
UP,0919GP018,2019-09-20,7:07 AM,Other impacts,0,NORTH PLATTE,NE,67,1,Dawn,Clear,Yard,Single Car,0,5082,792,10956,M411,41.150565,-100.818232,70.3,74.8,70.4
UP,0619GP051,2019-06-11,12:00 PM,Other (describe in narrative),0,NORTH PLATTE,NE,64,2,Day,Cloudy,Yard,Single Car,0,12940,0,12940,M201,41.145653,-100.804614,60.8,61.9,60.1
UP,0921GP017,2021-09-20,4:30 AM,Other impacts,0,NORTH PLATTE,NE,60,1,Dawn,Cloudy,Yard,Yard/switching,3,100,0,12959,E09C,41.152641,-100.824932,77,63.7,56.7
UP,0619GP020,2019-06-17,3:30 AM,Derailment,0,NORTH PLATTE,NE,59,4,Dark,Cloudy,Yard,Single Car,0,6071,10758,16829,S007,41.147222,-100.833807,63.6,65.1,63.1
UP,0723GP004,2023-07-03,6:30 AM,Derailment,0,NORTH PLATTE,NE,66,1,Dawn,Clear,Yard,Yard/switching,9,254385,622228,1025688,S102,41.149844,-100.810169,72.6,77,73.8
UP,0321GP036,2021-03-22,2:30 PM,Obstruction,0,NORTH PLATTE,NE,49,2,Day,Cloudy,Yard,Yard/switching,4,63354,399,64212,M411,41.150002,-100.814979,50.3,41.4,39.6
UP,0616NP006,2016-06-08,1:30 AM,Derailment,0,NORTH PLATTE,NE,65,4,Dark,Clear,Yard,Yard/switching,10,58512,33509,92021,T217,41.146483,-100.823586,64.8,76.1,78.6
UP,0516NP024,2016-05-23,12:50 PM,Other impacts,0,NORTH PLATTE,NE,76,2,Day,Clear,Yard,Single Car,0,11209,0,11778,S007,41.149555,-100.84704,69.8,63.1,64.4
UP,0720GP023,2020-07-20,12:00 PM,Other impacts,0,NORTH PLATTE,NE,79,2,Day,Clear,Yard,Single Car,0,52385,0,53201,M411,41.146788,-100.833913,75.4,74.7,72.5
UP,0616NP013,2016-06-13,4:58 PM,Derailment,0,NORTH PLATTE,NE,85,2,Day,Clear,Yard,Yard/switching,8,23541,105764,129305,S099,41.144949,-100.804739,76.1,73.3,71.9
UP,0720GP023,2020-07-20,12:00 PM,Other impacts,0,NORTH PLATTE,NE,79,2,Day,Clear,Yard,Single Car,0,216,0,53201,M411,41.146788,-100.833913,75.4,74.7,72.5
UP,0420GP009,2020-04-02,11:00 AM,Other impacts,0,NORTH PLATTE,NE,22,2,Day,Snow,Yard,Single Car,0,55204,0,184551,M407,41.147128,-100.830809,53.3,25.2,26.6
UP,0618NP029,2018-06-24,8:48 AM,Other impacts,0,NORTH PLATTE,NE,80,2,Day,Clear,Yard,Single Car,0,16113,0,17845,M411,41.151827,-100.816178,72.3,66.9,61.9
UP,0521GP029,2021-05-30,11:10 AM,Other impacts,0,NORTH PLATTE,NE,58,2,Day,Rain,Yard,Single Car,0,3344,0,146653,M407,41.146946,-100.833882,54,57.8,60.8
UP,0521GP029,2021-05-30,11:10 AM,Other impacts,0,NORTH PLATTE,NE,58,2,Day,Rain,Yard,Single Car,0,7867,0,146653,M407,41.146946,-100.833882,54,57.8,60.8
UP,0816NP009,2016-08-09,12:19 AM,Other impacts,0,NORTH PLATTE,NE,70,4,Dark,Clear,Yard,Yard/switching,10,12998,0,12998,H99E,41.145821,-100.814103,72.8,78.6,81.9
UP,0618NP016,2018-06-13,7:31 PM,Derailment,0,NORTH PLATTE,NE,80,2,Day,Cloudy,Yard,Yard/switching,4,31381,5040,36421,M411,41.152459,-100.822993,68.6,72.5,82.8