reportingrailroadcode,accidentnumber,date,time,accidenttype,hazmatreleasedcars,station,stateabbr,temperature,visibility_code,visibility,weathercondition,tracktype,equipmenttype,trainspeed,equipmentdamagecost,trackdamagecost,totaldamagecost,primaryaccidentcausecode,latitude,longitude,prior_temp,actual_temp,following_temp
UP,0418NP032,2018-04-25,12:00 PM,Other (describe in narrative),0,NORTH PLATTE,NE,58,2,Day,Clear,Yard,Single Car,0,34554,0,34554,M411,41.150951,-100.813407,43.2,48.2,52.3
UP,0323GP017,2023-03-15,9:00 PM,Other impacts,0,NORTH PLATTE,NE,53,4,Dark,Clear,Yard,Cut of cars,1,100,0,42404,M411,41.148524,-100.842691,43.4,53.3,34.4
UP,0323GP017,2023-03-15,9:00 PM,Other impacts,0,NORTH PLATTE,NE,53,4,Dark,Clear,Yard,Yard/switching,6,31054,11250,42404,M411,41.148524,-100.842691,43.4,53.3,34.4
UP,0723GP031,2023-07-22,3:23 AM,Derailment,0,NORTH PLATTE,NE,66,4,Dark,Clear,Yard,Yard/switching,4,30537,10522,41059,H607,41.147697,-100.834695,69.7,73.1,76.1
UP,1118NP016,2018-11-11,7:20 PM,Other impacts,0,NORTH PLATTE,NE,38,3,Dusk,Clear,Yard,Light loco(s),10,30737,0,30837,H307,41.143957,-100.798294,26.3,31,22
UP,0823GP016,2023-08-04,8:00 AM,Other (describe in narrative),0,NORTH PLATTE,NE,68,2,Day,Cloudy,Yard,Single Car,0,13226,0,13226,M507,41.142367,-100.776296,74.8,74.5,72.8
UP,0218NP068,2018-02-11,9:00 AM,Other impacts,0,NORTH PLATTE,NE,16,2,Day,Cloudy,Yard,Single Car,0,5653,528,12003,M411,41.146629,-100.814609,5.1,12.4,13.6
UP,1021GP043,2021-10-27,5:30 PM,Other impacts,0,NORTH PLATTE,NE,60,2,Day,Clear,Yard,Cut of cars,8,30417,155636,244485,M411,41.149573,-100.808944,52.6,49.7,49.3
UP,0515NP015,2015-05-13,5:45 PM,Other impacts,0,NORTH PLATTE,NE,60,2,Day,Rain,Yard,Yard/switching,3,0,2165,12319,S007,41.150601,-100.845587,52.1,59.3,61.9
UP,0221GP007,2021-02-07,11:22 AM,Other impacts,0,NORTH PLATTE,NE,2,2,Day,Snow,Yard,Single Car,4,0,240600,253326,S007,41.148571,-100.84716,14.5,4,-6.4
UP,0117NP024,2017-01-25,2:30 AM,Derailment,0,NORTH PLATTE,NE,20,4,Dark,Snow,Yard,Yard/switching,8,1363,17677,19040,M411,41.14652,-100.823958,29.9,22.3,23.1
UP,0423GP011,2023-04-10,2:37 PM,Other impacts,0,NORTH PLATTE,NE,72,2,Day,Clear,Yard,Cut of cars,15,0,0,323657,M407,41.146889,-100.837752,57.7,56,66.9
UP,0223GP005,2023-02-03,4:10 PM,Other impacts,0,NORTH PLATTE,NE,38,2,Day,Clear,Yard,Cut of cars,0,1172,0,39891,M411,41.1528,-100.822907,13.3,21.3,27.6
UP,0423GP011,2023-04-10,2:37 PM,Other impacts,0,NORTH PLATTE,NE,72,2,Day,Clear,Yard,Yard/switching,0,321137,2520,323657,M407,41.146889,-100.837752,57.7,56,66.9
UP,1222GP039,2022-12-23,12:00 PM,Other (describe in narrative),0,NORTH PLATTE,NE,5,2,Day,Clear,Yard,Single Car,0,13657,0,13657,M507,41.151429,-100.871932,-8.8,-1.4,11.4
UP,0921GP001,2021-09-02,2:25 PM,Other impacts,0,NORTH PLATTE,NE,75,2,Day,Clear,Yard,Single Car,0,28460,0,28659,M411,41.148749,-100.848502,71.2,75.1,67.9
UP,1022GP021,2022-10-21,5:06 PM,Derailment,0,NORTH PLATTE,NE,78,2,Day,Clear,Yard,Cut of cars,4,85163,0,96775,S016,41.150279,-100.811993,51.9,53.6,57.2
UP,0921GP001,2021-09-02,2:25 PM,Other impacts,0,NORTH PLATTE,NE,75,2,Day,Clear,Yard,Yard/switching,4,100,99,28659,M411,41.148749,-100.848502,71.2,75.1,67.9
UP,0622GP015,2022-06-15,12:00 PM,Other impacts,0,NORTH PLATTE,NE,78,2,Day,Clear,Yard,Single Car,0,254,0,51681,H707,41.143964,-100.785995,76.5,72.9,75.4
UP,0223GP001,2023-02-01,1:30 AM,Other impacts,0,NORTH PLATTE,NE,3,4,Dark,Clear,Yard,Yard/switching,2,116623,7664,284022,M407,41.147176,-100.832213,3.2,11.4,13.3
UP,1022GP021,2022-10-21,5:06 PM,Derailment,0,NORTH PLATTE,NE,78,2,Day,Clear,Yard,Yard/switching,4,1552,10060,96775,S016,41.150279,-100.811993,51.9,53.6,57.2
UP,0122GP031,2022-01-20,1:06 PM,Other impacts,0,NORTH PLATTE,NE,13,2,Day,Cloudy,Yard,Yard/switching,5,41399,0,41399,E49C,41.146686,-100.837987,16.5,10.3,20.1
UP,0418NP012,2018-04-16,5:09 PM,Other impacts,0,NORTH PLATTE,NE,52,2,Day,Clear,Yard,Yard/switching,7,12354,15200,33303,M411,41.146788,-100.833913,26.2,34.5,44.6
UP,0619GP014,2019-06-09,3:26 PM,Other impacts,0,NORTH PLATTE,NE,67,2,Day,Clear,Yard,Single Car,0,6262,0,24676,M411,41.148524,-100.842691,72.1,58.8,60.8
UP,0223GP005,2023-02-03,4:10 PM,Other impacts,0,NORTH PLATTE,NE,38,2,Day,Clear,Yard,Yard/switching,4,38719,0,39891,M411,41.1528,-100.822907,13.3,21.3,27.6
UP,0918NP021,2018-09-23,5:30 AM,Derailment,0,NORTH PLATTE,NE,60,1,Dawn,Clear,Yard,Yard/switching,2,28399,2620,31019,H704,41.151328,-100.81827,61.8,67,61.2
UP,0623GP022,2023-06-17,3:27 PM,Derailment,0,NORTH PLATTE,NE,73,2,Day,Clear,Yard,Yard/switching,7,41875,119160,161035,H607,41.1473,-100.830796,65.2,63.9,71.1
UP,0519GP035,2019-05-15,9:28 PM,Other (describe in narrative),0,NORTH PLATTE,NE,75,4,Dark,Cloudy,Yard,Single Car,0,45338,0,45338,M411,41.14932,-100.852771,67.4,71.2,70.3
UP,0315NP038,2015-03-31,5:30 AM,Derailment,0,NORTH PLATTE,NE,50,4,Dark,Clear,Yard,Freight Train,7,7686,4814,12500,H303,41.15313,-100.870713,54.5,55.2,64.2
UP,0622GP019,2022-06-18,3:45 PM,Other impacts,0,NORTH PLATTE,NE,100,2,Day,Clear,Yard,Single Car,0,54978,4720,131925,M411,41.152975,-100.823883,81.6,89.2,89.1
UP,0921GP017,2021-09-20,4:30 AM,Other impacts,0,NORTH PLATTE,NE,60,1,Dawn,Cloudy,Yard,Cut of cars,0,424,12435,12959,E09C,41.152641,-100.824932,77,63.7,56.7
UP,0622GP019,2022-06-18,3:45 PM,Other impacts,0,NORTH PLATTE,NE,100,2,Day,Clear,Yard,Cut of cars,13,72227,0,131925,M411,41.152975,-100.823883,81.6,89.2,89.1
UP,0619GP014,2019-06-09,3:26 PM,Other impacts,0,NORTH PLATTE,NE,67,2,Day,Clear,Yard,Yard/switching,4,6146,12268,24676,M411,41.148524,-100.842691,72.1,58.8,60.8
UP,0223GP027,2023-02-12,12:00 PM,Other (describe in narrative),0,NORTH PLATTE,NE,41,2,Day,Cloudy,Yard,Single Car,0,25974,0,25974,M411,41.150619,-100.81347,28.1,31.2,35.1
UP,0418NP012,2018-04-16,5:09 PM,Other impacts,0,NORTH PLATTE,NE,52,2,Day,Clear,Yard,Single Car,0,5749,0,33303,M411,41.146788,-100.833913,26.2,34.5,44.6
UP,0619GP037,2019-06-27,2:15 AM,Derailment,0,NORTH PLATTE,NE,73,4,Dark,Clear,Yard,Yard/switching,4,20970,34020,54990,M411,41.145564,-100.793332,74.3,78.5,79.7
UP,0223GP001,2023-02-01,1:30 AM,Other impacts,0,NORTH PLATTE,NE,3,4,Dark,Clear,Yard,Yard/switching,0,159735,0,284022,M407,41.147176,-100.832213,3.2,11.4,13.3
UP,1022GP019,2022-10-17,2:00 PM,Derailment,0,NORTH PLATTE,NE,54,2,Day,Clear,Yard,Yard/switching,4,75997,188675,264672,E35C,41.157261,-100.862839,47.9,41.2,41.7
UP,0824GP008,2024-08-06,2:20 AM,Other (describe in narrative),0,NORTH PLATTE,NE,64,4,Dark,Clear,Yard,Yard/switching,4,59941,0,59941,E29C,41.146504,-100.836862,84.3,67.9,72.6
UP,0724GP002,2024-07-03,4:30 AM,Other impacts,0,NORTH PLATTE,NE,57,1,Dawn,Clear,Yard,Cut of cars,9,994,0,18522,E06C,41.15213,-100.825032,70.8,67.8,66.7
UP,1117NP037,2017-11-22,7:18 PM,Other impacts,0,NORTH PLATTE,NE,38,4,Dark,Clear,Yard,Single Car,0,100,0,27477,M411,41.146756,-100.835845,34.9,40.4,46.2
UP,0515NP015,2015-05-13,5:45 PM,Other impacts,0,NORTH PLATTE,NE,60,2,Day,Rain,Yard,Cut of cars,0,4452,0,12319,S007,41.150601,-100.845587,52.1,59.3,61.9
UP,0321GP006,2021-03-05,11:00 AM,Other impacts,0,NORTH PLATTE,NE,52,2,Day,Clear,Yard,Single Car,0,603,1976,114882,M407,41.1437,-100.795497,44.9,46,51.3
UP,0515NP015,2015-05-13,5:45 PM,Other impacts,0,NORTH PLATTE,NE,60,2,Day,Rain,Yard,Single Car,0,313,0,12319,S007,41.150601,-100.845587,52.1,59.3,61.9
UP,0724GP002,2024-07-03,4:30 AM,Other impacts,0,NORTH PLATTE,NE,57,1,Dawn,Clear,Yard,Yard/switching,9,4030,0,18522,E06C,41.15213,-100.825032,70.8,67.8,66.7
UP,0522GP025,2022-05-30,9:00 AM,Other impacts,0,NORTH PLATTE,NE,59,2,Day,Cloudy,Yard,Single Car,4,53719,150,55130,M411,41.150885,-100.823291,70.8,61,59.8
UP,0515NP015,2015-05-13,5:45 PM,Other impacts,0,NORTH PLATTE,NE,60,2,Day,Rain,Yard,Single Car,0,1605,0,12319,S007,41.150601,-100.845587,52.1,59.3,61.9
UP,0823GP025,2023-08-11,12:30 PM,Other impacts,0,NORTH PLATTE,NE,82,2,Day,Clear,Yard,Single Car,6,14229,0,31467,M411,41.145922,-100.836026,73.4,76,72.6
UP,0221GP005,2021-02-04,9:00 AM,Other impacts,0,NORTH PLATTE,NE,27,2,Day,Clear,Yard,Single Car,0,54723,0,56555,M407,41.146542,-100.834532,39.9,33.5,32.7
UP,1022GP029,2022-10-18,4:32 AM,Other (describe in narrative),0,NORTH PLATTE,NE,38,1,Dawn,Cloudy,Yard,Single Car,0,13129,0,13129,M411,41.151429,-100.871932,41.2,41.7,46.3
UP,1018NP013,2018-10-13,9:10 PM,Derailment,0,NORTH PLATTE,NE,42,4,Dark,Cloudy,Yard,Yard/switching,4,2094,10494,12588,M409,41.148109,-100.837537,44.6,47.7,30.8
UP,0120GP053,2020-01-27,3:50 AM,Derailment,0,NORTH PLATTE,NE,25,4,Dark,Clear,Yard,Yard/switching,4,10738,10892,21630,E69L,41.153065,-100.871942,35.2,31.3,33.8
UP,0717NP037,2017-07-09,12:30 PM,Other (describe in narrative),0,NORTH PLATTE,NE,98,2,Day,Clear,Yard,Single Car,0,43799,0,43799,E29C,41.147438,-100.804256,79,80,81.4
UP,0515NP015,2015-05-13,5:45 PM,Other impacts,0,NORTH PLATTE,NE,60,2,Day,Rain,Yard,Cut of cars,0,3784,0,12319,S007,41.150601,-100.845587,52.1,59.3,61.9
UP,0522GP015,2022-05-20,4:58 PM,Other impacts,0,NORTH PLATTE,NE,54,2,Day,Cloudy,Yard,Cut of cars,0,0,0,16606,M411,41.152913,-100.824316,72,50.7,48.2
UP,0720GP006,2020-07-03,3:15 PM,Derailment,0,NORTH PLATTE,NE,93,2,Day,Clear,Yard,Freight Train,13,61325,1032,62357,H605,41.154313,-100.832511,74.9,77.5,78.1
UP,0515NP015,2015-05-13,5:45 PM,Other impacts,0,NORTH PLATTE,NE,60,2,Day,Rain,Yard,Cut of cars,0,0,0,12319,S007,41.150601,-100.845587,52.1,59.3,61.9
UP,0724GP031,2024-07-24,7:20 PM,Derailment,0,NORTH PLATTE,NE,91,3,Dusk,Clear,Yard,Yard/switching,4,75046,195086,270132,H702,41.146496,-100.823763,72.1,75.8,79.9
UP,1122GP016,2022-11-21,9:20 AM,Derailment,0,NORTH PLATTE,NE,21,2,Day,Clear,Yard,Yard/switching,5,7327,122314,129641,H702,41.146782,-100.827885,28.1,28.6,31.9
UP,1117NP037,2017-11-22,7:18 PM,Other impacts,0,NORTH PLATTE,NE,38,4,Dark,Clear,Yard,Single Car,0,27377,0,27477,M411,41.146756,-100.835845,34.9,40.4,46.2
UP,0221GP005,2021-02-04,9:00 AM,Other impacts,0,NORTH PLATTE,NE,27,2,Day,Clear,Yard,Single Car,19,1733,99,56555,M407,41.146542,-100.834532,39.9,33.5,32.7
UP,0923GP016,2023-09-14,12:00 PM,Explosion-detonation,1,NORTH PLATTE,NE,66,2,Day,Cloudy,Yard,Yard/switching,0,39113,85681,124794,H304,41.156801,-100.860041,64.3,65.3,63.3
UP,0720GP010,2020-07-12,10:43 PM,Fire/violent rupture,0,NORTH PLATTE,NE,72,4,Dark,Clear,Yard,Cut of cars,0,153287,150,153437,M406,41.147965,-100.841447,75.3,74.6,78.6
UP,0522GP015,2022-05-20,4:58 PM,Other impacts,0,NORTH PLATTE,NE,54,2,Day,Cloudy,Yard,Yard/switching,4,15806,800,16606,M411,41.152913,-100.824316,72,50.7,48.2
UP,1118NP016,2018-11-11,7:20 PM,Other impacts,0,NORTH PLATTE,NE,38,3,Dusk,Clear,Yard,Single Car,0,100,0,30837,H307,41.143957,-100.798294,26.3,31,22
UP,0724GP002,2024-07-03,4:30 AM,Other impacts,0,NORTH PLATTE,NE,57,1,Dawn,Clear,Yard,Cut of cars,6,13498,0,18522,E06C,41.15213,-100.825032,70.8,67.8,66.7
UP,0824GP003,2024-08-03,3:00 PM,Derailment,0,NORTH PLATTE,NE,95,2,Day,Clear,Yard,Yard/switching,7,560,26595,27155,H704,41.143949,-100.795428,79.5,81.3,82.8
UP,1021GP043,2021-10-27,5:30 PM,Other impacts,0,NORTH PLATTE,NE,60,2,Day,Clear,Yard,Yard/switching,0,11810,0,244485,M411,41.149573,-100.808944,52.6,49.7,49.3
UP,0120GP015,2020-01-02,7:07 AM,Derailment,0,NORTH PLATTE,NE,24,1,Dawn,Clear,Yard,Yard/switching,7,25989,5640,31629,H505,41.149969,-100.809999,27,30.5,31.2
UP,0218NP068,2018-02-11,9:00 AM,Other impacts,0,NORTH PLATTE,NE,16,2,Day,Cloudy,Yard,Single Car,0,5822,0,12003,M411,41.146629,-100.814609,5.1,12.4,13.6
UP,0118NP007,2018-01-06,8:48 PM,Other impacts,0,NORTH PLATTE,NE,18,4,Dark,Cloudy,Yard,Yard/switching,4,5717,0,12855,M411,41.15221,-100.819072,17,16.7,32.9
UP,0823GP013,2023-08-04,9:00 PM,Derailment,0,NORTH PLATTE,NE,69,4,Dark,Rain,Yard,Light loco(s),5,12843,297,13140,H307,41.15508,-100.851102,74.8,74.5,72.8
UP,1021GP043,2021-10-27,5:30 PM,Other impacts,0,NORTH PLATTE,NE,60,2,Day,Clear,Yard,Yard/switching,7,46622,0,244485,M411,41.149573,-100.808944,52.6,49.7,49.3
UP,0622GP015,2022-06-15,12:00 PM,Other impacts,0,NORTH PLATTE,NE,78,2,Day,Clear,Yard,Single Car,10,51328,99,51681,H707,41.143964,-100.785995,76.5,72.9,75.4
UP,0823GP025,2023-08-11,12:30 PM,Other impacts,0,NORTH PLATTE,NE,82,2,Day,Clear,Yard,Single Car,0,17238,0,31467,M411,41.145922,-100.836026,73.4,76,72.6
UP,0922GP028,2022-09-28,6:00 PM,Obstruction,0,NORTH PLATTE,NE,77,3,Dusk,Clear,Yard,Yard/switching,5,11424,0,11424,M404,41.145307,-100.832668,60.7,61,66.8
UP,0317NP041,2017-03-19,9:01 PM,Other impacts,0,NORTH PLATTE,NE,50,4,Dark,Clear,Yard,Single Car,0,4241,0,12060,H522,41.147011,-100.841592,49.3,62,51.8
UP,1018NP029,2018-10-25,2:30 AM,Derailment,0,NORTH PLATTE,NE,46,4,Dark,Rain,Yard,Yard/switching,3,43020,10766,53786,S011,41.152566,-100.813142,49.1,46.8,51.8
UP,0818NP030,2018-08-15,5:35 AM,Other impacts,0,NORTH PLATTE,NE,70,1,Dawn,Clear,Yard,Yard/switching,10,28413,56360,92717,M411,41.151565,-100.814645,71.2,69.4,71.4
UP,1114NP035,2014-11-28,6:38 AM,Derailment,0,NORTH PLATTE,NE,67,1,Dawn,Cloudy,Yard,Yard/switching,3,5088,100,12831,M411,41.149069,-100.819498,30.1,38.4,36.9
UP,0818NP011,2018-08-05,5:10 PM,Other impacts,0,NORTH PLATTE,NE,76,2,Day,Cloudy,Yard,Yard/switching,3,7258,300,18717,H307,41.148049,-100.804333,75.8,74.9,71.6
UP,0917NP039,2017-09-29,9:30 AM,Derailment,0,NORTH PLATTE,NE,58,2,Day,Cloudy,Yard,Yard/switching,7,10617,1416,12033,M409,41.151243,-100.81533,58.3,60.7,62.1
UP,1222GP001,2022-12-01,1:44 AM,Other impacts,0,NORTH PLATTE,NE,29,4,Dark,Clear,Yard,Single Car,0,0,0,24468,M407,41.148264,-100.841374,16.4,35.9,29.2
UP,1123GP012,2023-11-10,7:45 PM,Derailment,0,NORTH PLATTE,NE,41,3,Dusk,Clear,Yard,Yard/switching,4,8740,5280,14020,E67C,41.153953,-100.871933,35,35.3,43.1
UP,0723GP022,2023-07-15,4:42 AM,Derailment,0,NORTH PLATTE,NE,61,1,Dawn,Clear,Yard,Freight Train,10,12843,3432,16275,M501,41.152718,-100.881218,70.3,71.9,73.1
UP,0116NP010,2016-01-26,10:12 AM,Derailment,0,NORTH PLATTE,NE,25,2,Day,Clear,Yard,Single Car,0,15026,0,224922,S016,41.150601,-100.845587,30.1,24.4,30.5
UP,0221GP007,2021-02-07,11:22 AM,Other impacts,0,NORTH PLATTE,NE,2,2,Day,Snow,Yard,Single Car,0,12726,0,253326,S007,41.148571,-100.84716,14.5,4,-6.4
UP,0718NP005,2018-07-03,1:45 PM,Derailment,0,NORTH PLATTE,NE,91,2,Day,Clear,Yard,Cut of cars,8,3483,12200,15683,S006,41.150725,-100.813442,74.8,81.9,79.2
UP,0718NP021,2018-07-14,9:00 PM,Derailment,0,NORTH PLATTE,NE,80,3,Dusk,Clear,Yard,Yard/switching,6,25124,13700,38824,M409,41.149579,-100.809443,75.8,75.7,73.8
UP,0617NP036,2017-06-29,3:00 AM,Derailment,0,NORTH PLATTE,NE,60,4,Dark,Rain,Yard,Cut of cars,0,12996,33,13029,M105,41.1393,-100.757267,74.5,74.2,66
UP,1222GP034,2022-12-28,2:00 AM,Other impacts,0,NORTH PLATTE,NE,30,4,Dark,Cloudy,Yard,Yard/switching,5,7192,33750,87396,M411,41.147913,-100.833679,33.8,37.8,34.9
UP,0316NP014,2016-03-18,1:45 PM,Derailment,0,NORTH PLATTE,NE,43,2,Day,Cloudy,Yard,Light loco(s),4,17131,2475,19606,H305,41.152155,-100.830314,33.6,31.9,26.8
UP,0223GP030,2023-02-17,3:30 PM,Derailment,0,NORTH PLATTE,NE,39,2,Day,Clear,Yard,Yard/switching,3,19896,1008,20904,E49C,41.146846,-100.82509,23,24.9,30.3
UP,1223GP011,2023-12-06,4:50 PM,Other impacts,0,NORTH PLATTE,NE,30,2,Day,Clear,Yard,Freight Train,9,22765,0,22765,H601,41.155447,-100.842527,35.6,40.1,42.3
UP,0522GP014,2022-05-20,10:31 AM,Other impacts,0,NORTH PLATTE,NE,51,2,Day,Cloudy,Yard,Yard/switching,5,41518,36172,107020,M411,41.143873,-100.79466,72,50.7,48.2
UP,0517NP034,2017-05-19,8:20 PM,Derailment,0,NORTH PLATTE,NE,60,3,Dusk,Cloudy,Yard,Yard/switching,7,184648,10450,195098,H702,41.146447,-100.823173,49,46.7,38.9
UP,0218NP039,2018-02-16,12:00 PM,Fire/violent rupture,0,NORTH PLATTE,NE,33,2,Day,Clear,Yard,Light loco(s),0,16000,0,16000,E74L,41.145307,-100.832668,32.8,24,35.2
UP,1222GP003,2022-12-04,10:30 AM,Obstruction,0,NORTH PLATTE,NE,28,2,Day,Clear,Yard,Yard/switching,5,46621,203521,250142,M409,41.145816,-100.814103,23.6,29.9,31.1
UP,0320GP010,2020-03-13,7:53 PM,Other impacts,0,NORTH PLATTE,NE,33,3,Dusk,Sleet,Yard,Single Car,0,6032,1650,20327,M411,41.151128,-100.81308,46.4,33,30.7
UP,0717NP006,2017-07-06,12:40 PM,Derailment,0,NORTH PLATTE,NE,100,2,Day,Clear,Yard,Light loco(s),5,37241,150,37391,H207,41.144493,-100.836237,79.5,82.6,74.2
UP,0122GP046,2022-01-31,11:00 PM,Derailment,0,NORTH PLATTE,NE,36,4,Dark,Clear,Yard,Freight Train,5,36574,363678,400252,H508,41.146653,-100.800547,33,34.3,25.8
UP,0321GP036,2021-03-22,2:30 PM,Obstruction,0,NORTH PLATTE,NE,49,2,Day,Cloudy,Yard,Single Car,0,187,0,64212,M411,41.150002,-100.814979,50.3,41.4,39.6
UP,0619GP049,2019-06-30,12:18 PM,Other impacts,0,NORTH PLATTE,NE,91,2,Day,Cloudy,Yard,Cut of cars,0,1517,34920,36437,M411,41.150647,-100.817423,82.8,83.2,77.9
UP,1222GP030,2022-12-24,4:45 AM,Derailment,0,NORTH PLATTE,NE,5,1,Dawn,Clear,Yard,Yard/switching,4,22461,22000,44461,M409,41.152091,-100.819102,-1.4,11.4,23.7
UP,0718NP029,2018-07-21,8:55 AM,Derailment,0,NORTH PLATTE,NE,73,2,Day,Clear,Yard,Yard/switching,8,280793,192294,473087,S007,41.147957,-100.844343,79,77.5,78.4
UP,0316NP025,2016-03-14,2:30 PM,Other (describe in narrative),0,NORTH PLATTE,NE,45,2,Day,Rain,Yard,Work train,0,12000,0,12000,E29C,41.146681,-100.843549,57.5,46.6,40.9
UP,1015NP005,2015-10-05,6:45 PM,Derailment,0,NORTH PLATTE,NE,65,2,Day,Cloudy,Yard,Yard/switching,10,14711,7394,22105,S007,41.146736,-100.844666,51,57,59.2
UP,1123GP007,2023-11-05,9:00 AM,Derailment,0,NORTH PLATTE,NE,47,2,Day,Cloudy,Yard,Yard/switching,10,81345,396,81741,M407,41.147608,-100.833736,51.6,51.6,47.9
UP,1222GP024,2022-12-15,12:00 PM,Other impacts,0,NORTH PLATTE,NE,26,2,Day,Cloudy,Yard,Single Car,1,12160,0,12260,M407,41.149075,-100.839292,24.4,23.3,23
UP,0817NP033,2017-08-20,5:45 AM,Derailment,0,NORTH PLATTE,NE,72,4,Dark,Cloudy,Yard,Light loco(s),3,55861,2350,58211,E04L,41.148635,-100.806398,73.8,75.3,76.1
UP,0920GP027,2020-09-17,8:15 PM,Other (describe in narrative),0,NORTH PLATTE,NE,72,4,Dark,Clear,Yard,Single Car,0,33297,0,33297,M411,41.149263,-100.808597,62.2,58.9,64.1
UP,0522GP012,2022-05-13,12:00 PM,Other (describe in narrative),0,NORTH PLATTE,NE,70,2,Day,Clear,Yard,Single Car,0,35410,0,35410,M411,41.143707,-100.795495,75.1,60.2,61.6
UP,0917NP026,2017-09-16,2:20 AM,Derailment,0,NORTH PLATTE,NE,60,4,Dark,Clear,Yard,Light loco(s),5,56384,850,57234,H702,41.145239,-100.833563,72.4,58.5,55.7
UP,1218GP010,2018-12-04,11:00 PM,Derailment,0,NORTH PLATTE,NE,14,4,Dark,Cloudy,Yard,Yard/switching,4,8436,17216,25652,M411,41.146414,-100.835904,23.8,25.8,20.8
UP,1123GP034,2023-11-27,3:22 PM,Other impacts,0,NORTH PLATTE,NE,40,2,Day,Clear,Yard,Single Car,0,29369,0,32766,M407,41.147137,-100.830229,21.6,21.8,25.9
UP,0818NP011,2018-08-05,5:10 PM,Other impacts,0,NORTH PLATTE,NE,76,2,Day,Cloudy,Yard,Yard/switching,0,11159,0,18717,H307,41.148049,-100.804333,75.8,74.9,71.6
UP,0320GP010,2020-03-13,7:53 PM,Other impacts,0,NORTH PLATTE,NE,33,3,Dusk,Sleet,Yard,Yard/switching,4,12645,0,20327,M411,41.151128,-100.819308,46.4,33,30.7
UP,0317NP041,2017-03-19,9:01 PM,Other impacts,0,NORTH PLATTE,NE,50,4,Dark,Clear,Yard,Yard/switching,4,7769,50,12060,H522,41.147011,-100.841592,49.3,62,51.8
UP,1222GP029,2022-12-24,2:06 AM,Other impacts,0,NORTH PLATTE,NE,3,4,Dark,Clear,Yard,Single Car,0,10993,0,40986,S016,41.146781,-100.832939,-1.4,11.4,23.7
UP,0623GP024,2023-06-21,12:53 AM,Other impacts,0,NORTH PLATTE,NE,72,4,Dark,Cloudy,Yard,Light loco(s),2,7269,0,16188,H306,41.149348,-100.852962,76.8,73.1,71.1
UP,1222GP034,2022-12-28,2:00 AM,Other impacts,0,NORTH PLATTE,NE,30,4,Dark,Cloudy,Yard,Cut of cars,0,46454,0,87396,M411,41.147913,-100.833679,33.8,37.8,34.9
UP,1222GP029,2022-12-24,2:06 AM,Other impacts,0,NORTH PLATTE,NE,3,4,Dark,Clear,Yard,Yard/switching,21,29894,99,40986,S016,41.146781,-100.832939,-1.4,11.4,23.7
UP,0219GP075,2019-02-04,2:57 AM,Other (describe in narrative),0,NORTH PLATTE,NE,16,4,Dark,Cloudy,Yard,Single Car,0,17355,0,17355,M411,41.143822,-100.795463,34.4,17.4,14.9
UP,1222GP001,2022-12-01,1:44 AM,Other impacts,0,NORTH PLATTE,NE,29,4,Dark,Clear,Yard,Yard/switching,2,24402,66,24468,M407,41.148264,-100.841374,16.4,35.9,29.2
UP,0818NP030,2018-08-15,5:35 AM,Other impacts,0,NORTH PLATTE,NE,70,1,Dawn,Clear,Yard,Single Car,0,7944,0,92717,M411,41.151565,-100.814645,71.2,69.4,71.4
UP,0623GP024,2023-06-21,12:53 AM,Other impacts,0,NORTH PLATTE,NE,72,4,Dark,Cloudy,Yard,Light loco(s),10,8769,150,16188,H306,41.149348,-100.852962,76.8,73.1,71.1
UP,0322GP012,2022-03-14,2:48 PM,Other impacts,0,NORTH PLATTE,NE,67,2,Day,Clear,Yard,Yard/switching,4,182,0,20476,M411,41.148164,-100.835578,43.1,44.9,45.6
UP,0517NP040,2017-05-23,10:22 AM,Other impacts,0,NORTH PLATTE,NE,55,2,Day,Cloudy,Yard,Yard/switching,0,1075,0,13162,E34C,41.150761,-100.864271,54.6,50.4,52.7
UP,0515NP018,2015-05-25,3:37 PM,Derailment,0,NORTH PLATTE,NE,70,2,Day,Cloudy,Yard,Cut of cars,10,14572,0,93274,H503,41.145248,-100.80843,60.5,58.9,59.8
UP,0224GP018,2024-02-05,5:40 AM,Other impacts,0,NORTH PLATTE,NE,39,1,Dawn,Cloudy,Yard,Yard/switching,19,73121,396,73517,M407,41.150323,-100.813539,40.2,39.6,40.9
UP,0515NP018,2015-05-25,3:37 PM,Derailment,0,NORTH PLATTE,NE,70,2,Day,Cloudy,Yard,Yard/switching,0,26147,30352,93274,H503,41.145248,-100.80843,60.5,58.9,59.8
UP,0515NP018,2015-05-25,3:37 PM,Derailment,0,NORTH PLATTE,NE,70,2,Day,Cloudy,Yard,Cut of cars,0,16835,0,93274,H503,41.145248,-100.80843,60.5,58.9,59.8
UP,1215NP013,2015-12-12,12:13 PM,Other impacts,0,NORTH PLATTE,NE,35,2,Day,Cloudy,Yard,Yard/switching,4,3631,0,13652,M411,41.146422,-100.8416,38.3,31.7,32.4
UP,0124GP015,2024-01-13,1:52 PM,Derailment,0,NORTH PLATTE,NE,-15,2,Day,Cloudy,Yard,Yard/switching,10,11854,7100,18954,M101,41.14986,-100.809822,2.8,-9.8,-6.6
UP,0815NP010,2015-08-13,3:00 AM,Other impacts,0,NORTH PLATTE,NE,75,4,Dark,Clear,Yard,Yard/switching,2,17419,0,34838,S007,41.146797,-100.823901,73.4,76.2,73.8