reportingrailroadcode,accidentnumber,date,time,accidenttype,hazmatreleasedcars,station,stateabbr,temperature,visibility_code,visibility,weathercondition,tracktype,equipmenttype,trainspeed,equipmentdamagecost,trackdamagecost,totaldamagecost,primaryaccidentcausecode,latitude,longitude,prior_temp,actual_temp,following_temp
UP,0220GP002,2020-02-02,12:06 PM,Derailment,0,NORTH PLATTE,NE,67,2,Day,Cloudy,Yard,Single Car,11,294,75344,76414,S016,41.14803,-100.840455,41,47.5,29
UP,1219ME021,2019-12-18,1:15 AM,Derailment,0,NORTH PLATTE,NE,13,4,Dark,Clear,Yard,Light loco(s),3,22411,2326,24737,H703,41.149294,-100.833026,17,20.8,22.9
UP,0815NP010,2015-08-13,3:00 AM,Other impacts,0,NORTH PLATTE,NE,75,4,Dark,Clear,Yard,Single Car,0,17419,0,34838,S007,41.146797,-100.823901,73.4,76.2,73.8
UP,0520GP026,2020-05-25,10:30 PM,Side collision,0,NORTH PLATTE,NE,53,4,Dark,Clear,Yard,Yard/switching,5,1372,2100,67297,M408,41.143937,-100.785615,61.7,57.3,58.4
UP,0322GP012,2022-03-14,2:48 PM,Other impacts,0,NORTH PLATTE,NE,67,2,Day,Clear,Yard,Single Car,0,20294,0,20476,M411,41.148164,-100.835578,43.1,44.9,45.6
UP,0424GL021,2024-04-18,6:30 AM,Obstruction,0,NORTH PLATTE,NE,37,1,Dawn,Clear,Yard,Yard/switching,5,49055,2069,51124,M404,41.150512,-100.811962,51.1,41.8,38
UP,0522GP001,2022-05-03,4:50 AM,Derailment,0,NORTH PLATTE,NE,31,1,Dawn,Cloudy,Yard,Freight Train,8,23069,10184,33253,H607,41.152854,-100.871956,41.6,41.9,45.2
UP,0124GP034,2024-01-25,9:00 PM,Other impacts,0,NORTH PLATTE,NE,29,4,Dark,Clear,Yard,Yard/switching,2,123,0,27297,M407,41.146758,-100.823515,30.7,33.1,31.8
UP,0522GP025,2022-05-30,9:00 AM,Other impacts,0,NORTH PLATTE,NE,59,2,Day,Cloudy,Yard,Single Car,0,1261,0,55130,M411,41.150885,-100.823291,70.8,61,59.8
UP,0124GP034,2024-01-25,9:00 PM,Other impacts,0,NORTH PLATTE,NE,29,4,Dark,Clear,Yard,Cut of cars,6,20534,6640,27297,M407,41.146758,-100.823515,30.7,33.1,31.8
UP,1114NP031,2014-11-23,8:15 AM,Derailment,0,NORTH PLATTE,NE,33,2,Day,Clear,Yard,Yard/switching,4,7735,56199,64184,H704,41.141574,-100.775598,37,40.3,33
UP,0224GP002,2024-02-02,12:53 PM,Other impacts,0,NORTH PLATTE,NE,37,2,Day,Fog,Yard,Yard/switching,10,14732,7360,26070,M411,41.146787,-100.841832,41.1,37.4,41.9
UP,0520GP026,2020-05-25,10:30 PM,Side collision,0,NORTH PLATTE,NE,53,4,Dark,Clear,Yard,Yard/switching,0,63825,0,67297,M408,41.143937,-100.785615,61.7,57.3,58.4
UP,0324GP004,2024-03-03,8:00 PM,Other impacts,0,NORTH PLATTE,NE,40,4,Dark,Clear,Yard,Yard/switching,2,3930,1180,71681,H306,41.14921,-100.852411,43.9,44.2,40.8
UP,0517NP040,2017-05-23,10:22 AM,Other impacts,0,NORTH PLATTE,NE,55,2,Day,Cloudy,Yard,Yard/switching,4,12087,0,13162,E34C,41.150761,-100.864271,54.6,50.4,52.7
UP,1114NP031,2014-11-23,8:15 AM,Derailment,0,NORTH PLATTE,NE,33,2,Day,Clear,Yard,Cut of cars,0,250,0,64184,H704,41.141574,-100.775598,37,40.3,33
UP,1218GP045,2018-12-25,10:30 PM,Other impacts,0,NORTH PLATTE,NE,34,4,Dark,Cloudy,Yard,Single Car,3,54762,0,57761,S007,41.15228,-100.82105,31.8,29.7,33.5
UP,0224GP002,2024-02-02,12:53 PM,Other impacts,0,NORTH PLATTE,NE,37,2,Day,Fog,Yard,Cut of cars,10,3978,0,26070,M411,41.146787,-100.841832,41.1,37.4,41.9
UP,1114NP035,2014-11-28,6:38 AM,Derailment,0,NORTH PLATTE,NE,67,1,Dawn,Cloudy,Yard,Single Car,0,7643,0,12831,M411,41.149069,-100.819498,30.1,38.4,36.9
UP,1218GP045,2018-12-25,10:30 PM,Other impacts,0,NORTH PLATTE,NE,34,4,Dark,Cloudy,Yard,Yard/switching,6,1151,1848,57761,S007,41.15228,-100.82105,31.8,29.7,33.5
UP,1115NP009,2015-11-13,1:15 PM,Derailment,0,NORTH PLATTE,NE,55,2,Day,Clear,Main,Freight Train,36,15828,172883,188711,E51C,41.1075,-100.621654,36.9,37.4,41.4
UP,1121GP011,2021-11-05,7:00 PM,Other impacts,0,NORTH PLATTE,NE,55,3,Dusk,Clear,Yard,Cut of cars,0,6865,1200,15346,E09C,41.15155,-100.824767,42.9,52.6,47.2
UP,0422GP026,2022-04-23,5:00 AM,Derailment,0,NORTH PLATTE,NE,45,1,Dawn,Cloudy,Yard,Yard/switching,3,12375,150,12525,M101,41.152822,-100.82532,75.5,53.8,47.8
UP,0919GP011,2019-09-11,10:30 PM,Other impacts,0,NORTH PLATTE,NE,74,4,Dark,Rain,Yard,Cut of cars,12,119286,0,1012804,M105,41.143721,-100.78511,73,76,64.6
UP,1121GP015,2021-11-05,3:00 AM,Other (describe in narrative),0,NORTH PLATTE,NE,47,4,Dark,Clear,Yard,Single Car,0,29210,0,29210,M411,41.152232,-100.823035,42.9,52.6,47.2
UP,0921GP029,2021-09-25,10:45 AM,Other impacts,0,NORTH PLATTE,NE,63,2,Day,Clear,Yard,Yard/switching,0,0,0,86297,M407,41.151168,-100.817313,60.4,62.7,69.4
UP,0524GP007,2024-05-03,6:05 AM,Other impacts,0,NORTH PLATTE,NE,49,1,Dawn,Rain,Yard,Yard/switching,7,10414,1500,21195,M411,41.152306,-100.813164,53.2,52.3,49.8
UP,0415NP010,2015-04-13,5:00 AM,Derailment,0,NORTH PLATTE,NE,38,4,Dark,Cloudy,Yard,Yard/switching,7,14930,128236,143166,H704,41.144081,-100.793337,59.5,48.3,56.6
UP,0521GP029,2021-05-30,11:10 AM,Other impacts,0,NORTH PLATTE,NE,58,2,Day,Rain,Yard,Yard/switching,2,117742,17700,146653,M407,41.146946,-100.833882,54,57.8,60.8
UP,0919GP020,2019-09-01,4:48 AM,Derailment,0,NORTH PLATTE,NE,66,1,Dawn,Clear,Yard,Light loco(s),9,250,10658,10908,M101,41.149255,-100.852775,71.9,74.2,79.2
UP,1219GP017,2019-12-14,12:45 PM,Derailment,0,NORTH PLATTE,NE,27,2,Day,Snow,Yard,Yard/switching,7,38323,57405,95728,E24C,41.150279,-100.811993,34.4,26.7,24.7
UP,0516NP024,2016-05-23,12:50 PM,Other impacts,0,NORTH PLATTE,NE,76,2,Day,Clear,Yard,Yard/switching,2,569,0,11778,S007,41.149555,-100.84704,69.8,63.1,64.4
UP,0523GP045,2023-05-16,10:00 AM,Other impacts,0,NORTH PLATTE,NE,50,2,Day,Fog,Yard,Single Car,0,100,0,37102,M407,41.141083,-100.768694,53.6,56.1,60
UP,0722GP016,2022-07-25,11:25 AM,Other impacts,0,NORTH PLATTE,NE,68,2,Day,Cloudy,Yard,Freight Train,4,172426,22860,195286,H017,41.15415,-100.842738,76.6,68.2,72.3
UP,0220GP016,2020-02-13,9:21 PM,Other impacts,0,NORTH PLATTE,NE,18,4,Dark,Clear,Yard,Yard/switching,1,26508,66,58018,S016,41.146011,-100.835028,26.4,14.2,28.2
UP,0919GP011,2019-09-11,10:30 PM,Other impacts,0,NORTH PLATTE,NE,74,4,Dark,Rain,Yard,Cut of cars,12,471356,422162,1012804,M105,41.143721,-100.78511,73,76,64.6
UP,0116NP010,2016-01-26,10:12 AM,Derailment,0,NORTH PLATTE,NE,25,2,Day,Clear,Yard,Yard/switching,3,5479,204417,224922,S016,41.150601,-100.845587,30.1,24.4,30.5
UP,0422GP015,2022-04-19,6:00 AM,Other impacts,0,NORTH PLATTE,NE,40,1,Dawn,Cloudy,Yard,Single Car,11,0,0,28142,M407,41.150696,-100.812498,44.1,55.1,58.5
UP,0821GP020,2021-08-22,1:50 PM,Other impacts,0,NORTH PLATTE,NE,80,2,Day,Clear,Yard,Cut of cars,3,6293,0,83267,E59C,41.146648,-100.833358,64.9,73.8,77.6
UP,0715NP025,2015-07-30,2:25 AM,Obstruction,0,NORTH PLATTE,NE,65,4,Dark,Clear,Yard,Yard/switching,7,9497,10672,20169,M404,41.148758,-100.848567,67.9,72.2,76.1
UP,0618NP029,2018-06-24,8:48 AM,Other impacts,0,NORTH PLATTE,NE,80,2,Day,Clear,Yard,Single Car,0,689,0,17845,M411,41.151827,-100.816178,72.3,66.9,61.9
UP,1020GP002,2020-10-05,8:45 AM,Derailment,0,NORTH PLATTE,NE,39,2,Day,Clear,Yard,Yard/switching,15,10813,150,10963,H303,41.154586,-100.832489,55.8,63.6,59.8
UP,0216NP016,2016-02-19,10:30 AM,Derailment,0,NORTH PLATTE,NE,64,2,Day,Clear,Yard,Freight Train,6,59965,96848,156813,M405,41.143943,-100.795415,47.8,51.2,42.7
UP,0324GP017,2024-03-11,4:30 PM,Derailment,0,NORTH PLATTE,NE,62,2,Day,Cloudy,Yard,Yard/switching,4,186811,182918,369729,H506,41.156465,-100.85908,30.1,37.5,45.1
UP,0219GP031,2019-02-12,10:29 PM,Other impacts,0,NORTH PLATTE,NE,34,4,Dark,Cloudy,Yard,Cut of cars,0,745,0,56534,M411,41.150681,-100.819395,24.3,24.1,39
UP,0717NP035,2017-07-29,9:40 AM,Other impacts,0,NORTH PLATTE,NE,69,2,Day,Clear,Yard,Yard/switching,2,3188,462,13374,S007,41.147594,-100.842859,74.2,73.6,73.6
UP,0823GP031,2023-08-19,6:40 PM,Derailment,0,NORTH PLATTE,NE,96,3,Dusk,Clear,Yard,Yard/switching,10,20624,800,21424,E64C,41.15123,-100.823239,77.6,83.3,79.4
UP,0821GP020,2021-08-22,1:50 PM,Other impacts,0,NORTH PLATTE,NE,80,2,Day,Clear,Yard,Yard/switching,2,76374,600,83267,E59C,41.146648,-100.833358,64.9,73.8,77.6
UP,0520GP012,2020-05-14,11:35 PM,Derailment,0,NORTH PLATTE,NE,58,4,Dark,Clear,Yard,Freight Train,7,10341,1890,12231,H702,41.142681,-100.780074,50.2,59.8,57.7
UP,0919GP023,2019-09-21,10:04 PM,Other impacts,0,NORTH PLATTE,NE,51,4,Dark,Clear,Yard,Yard/switching,8,261174,0,324783,H607,41.152403,-100.830936,74.8,70.4,60.4
UP,1121GP011,2021-11-05,7:00 PM,Other impacts,0,NORTH PLATTE,NE,55,3,Dusk,Clear,Yard,Cut of cars,6,7281,0,15346,E09C,41.15155,-100.824767,42.9,52.6,47.2
UP,0216NP012,2016-02-03,2:40 AM,Derailment,0,NORTH PLATTE,NE,20,4,Dark,Snow,Yard,Light loco(s),3,71907,2774,74681,M506,41.145262,-100.835807,26.4,18.1,16.1
UP,0921GP029,2021-09-25,10:45 AM,Other impacts,0,NORTH PLATTE,NE,63,2,Day,Clear,Yard,Single Car,0,86297,0,86297,M407,41.151168,-100.817313,60.4,62.7,69.4
UP,0919GP018,2019-09-20,7:07 AM,Other impacts,0,NORTH PLATTE,NE,67,1,Dawn,Clear,Yard,Yard/switching,4,5082,0,10956,M411,41.150565,-100.818232,70.3,74.8,70.4
UP,0524GP007,2024-05-03,6:05 AM,Other impacts,0,NORTH PLATTE,NE,49,1,Dawn,Rain,Yard,Single Car,0,9281,0,21195,M411,41.152306,-100.813164,53.2,52.3,49.8
UP,0321GP006,2021-03-05,11:00 AM,Other impacts,0,NORTH PLATTE,NE,52,2,Day,Clear,Yard,Cut of cars,0,5441,0,114882,M407,41.1437,-100.795497,44.9,46,51.3
UP,0219GP031,2019-02-12,10:29 PM,Other impacts,0,NORTH PLATTE,NE,34,4,Dark,Cloudy,Yard,Yard/switching,5,7789,48000,56534,M411,41.150681,-100.819395,24.3,24.1,39
UP,0422GP006,2022-04-09,3:30 PM,Other impacts,0,NORTH PLATTE,NE,82,2,Day,Clear,Yard,Cut of cars,13,11384,0,63160,E06C,41.151849,-100.824697,42.9,53,50.5
UP,0224GP040,2024-02-01,7:48 PM,Other impacts,0,NORTH PLATTE,NE,48,3,Dusk,Clear,Yard,Single Car,0,0,0,30419,M407,41.150464,-100.813507,39.2,41.1,37.4
UP,0719GP026,2019-07-23,3:30 AM,Other impacts,0,NORTH PLATTE,NE,58,4,Dark,Clear,Yard,Light loco(s),7,250,264,14577,H602,41.143751,-100.795476,68.5,68.1,73.2
UP,0620GP028,2020-06-28,6:34 PM,Other impacts,0,NORTH PLATTE,NE,93,3,Dusk,Clear,Yard,Cut of cars,0,34839,0,45863,S007,41.146602,-100.833957,78.5,78.8,81.6
UP,0420GP009,2020-04-02,11:00 AM,Other impacts,0,NORTH PLATTE,NE,22,2,Day,Snow,Yard,Yard/switching,3,128555,792,184551,M407,41.147128,-100.830809,53.3,25.2,26.6
UP,0319GP006,2019-03-04,4:11 PM,Other impacts,0,NORTH PLATTE,NE,14,2,Day,Clear,Yard,Cut of cars,0,492,0,18025,M411,41.147688,-100.833722,-0.3,-3.5,8.2
UP,0723GP005,2023-07-07,6:06 PM,Other impacts,0,NORTH PLATTE,NE,81,3,Dusk,Clear,Yard,Cut of cars,5,1272,0,20531,M411,41.151452,-100.821226,60.6,70.2,60.4
UP,0422GP015,2022-04-19,6:00 AM,Other impacts,0,NORTH PLATTE,NE,40,1,Dawn,Cloudy,Yard,Yard/switching,3,28142,0,28142,M407,41.150696,-100.812498,44.1,55.1,58.5
UP,0322GP001,2022-03-01,10:30 AM,Derailment,0,NORTH PLATTE,NE,51,2,Day,Clear,Yard,Yard/switching,9,168763,1760,220024,H506,41.153054,-100.85136,40.6,46.4,48.9
UP,0721GP026,2021-07-19,4:34 AM,Other impacts,0,NORTH PLATTE,NE,63,1,Dawn,Clear,Yard,Freight Train,0,0,0,123188,H306,41.154205,-100.844309,77.4,74.7,72.1
UP,0121GP021,2021-01-22,12:45 AM,Other impacts,0,NORTH PLATTE,NE,31,4,Dark,Cloudy,Yard,Cut of cars,0,32455,0,93535,S007,41.147852,-100.841472,29.8,28.7,26
UP,0422GP010,2022-04-13,5:00 PM,Other impacts,0,NORTH PLATTE,NE,46,2,Day,Cloudy,Yard,Single Car,7,7080,1500,8728,M105,41.150402,-100.81012,56.5,32.3,37.2
UP,0415NP006,2015-04-11,8:45 PM,Derailment,0,NORTH PLATTE,NE,50,4,Dark,Cloudy,Yard,Yard/switching,4,19462,58540,78002,H307,41.144291,-100.794847,44.2,58.3,59.5
UP,1115NP019,2015-11-28,8:20 AM,Derailment,0,NORTH PLATTE,NE,27,2,Day,Cloudy,Yard,Yard/switching,4,13893,0,24703,S007,41.145262,-100.835807,21,25.7,28
UP,0624GP035,2024-06-27,2:55 PM,Derailment,0,NORTH PLATTE,NE,82,2,Day,Clear,Yard,Yard/switching,13,78266,3195,81461,E40C,41.147689,-100.843799,75.1,77.2,78.2
UP,0723GP005,2023-07-07,6:06 PM,Other impacts,0,NORTH PLATTE,NE,81,3,Dusk,Clear,Yard,Cut of cars,5,18259,0,20531,M411,41.151452,-100.821226,60.6,70.2,60.4
UP,0315NP016,2015-03-10,8:55 AM,Derailment,0,NORTH PLATTE,NE,31,2,Day,Clear,Yard,Light loco(s),1,37194,10064,47258,H017,41.1455,-100.833625,41.7,43.4,45.6
UP,1119GP032,2019-11-26,8:30 PM,Derailment,0,NORTH PLATTE,NE,27,4,Dark,Clear,Yard,Yard/switching,9,5183,6314,11497,M101,41.151559,-100.828379,40.6,30.5,17.5
UP,0319GP046,2019-03-24,10:45 PM,Derailment,0,NORTH PLATTE,NE,47,4,Dark,Cloudy,Yard,Yard/switching,8,11658,4058,15716,E42C,41.151705,-100.818203,44.5,46.3,46.1
UP,0115NP034,2015-01-23,7:15 PM,Derailment,0,NORTH PLATTE,NE,30,4,Dark,Cloudy,Yard,Yard/switching,9,3392,7322,10714,H702,41.154746,-100.855578,25,28.4,35.9
UP,0319GP006,2019-03-04,4:11 PM,Other impacts,0,NORTH PLATTE,NE,14,2,Day,Clear,Yard,Yard/switching,4,2051,15482,18025,M411,41.147688,-100.833722,-0.3,-3.5,8.2
UP,0422GP010,2022-04-13,5:00 PM,Other impacts,0,NORTH PLATTE,NE,46,2,Day,Cloudy,Yard,Single Car,0,148,0,8728,M105,41.150402,-100.81012,56.5,32.3,37.2
UP,0422GP006,2022-04-09,3:30 PM,Other impacts,0,NORTH PLATTE,NE,82,2,Day,Clear,Yard,Cut of cars,0,49416,2360,63160,E06C,41.151849,-100.824697,42.9,53,50.5
UP,0518NP010,2018-05-07,2:09 AM,Other impacts,0,NORTH PLATTE,NE,50,4,Dark,Cloudy,Yard,Yard/switching,4,3609,9367,12976,M411,41.145686,-100.807486,62.8,67.1,68.6
UP,0216NP004,2016-02-03,5:48 PM,Other (describe in narrative),0,NORTH PLATTE,NE,1,3,Dusk,Snow,Yard,Single Car,0,15772,0,15772,M411,41.14488,-100.804752,26.4,18.1,16.1
UP,0417NP025,2017-04-22,12:16 PM,Other impacts,0,NORTH PLATTE,NE,75,2,Day,Cloudy,Yard,Yard/switching,6,10812,93048,109811,H601,41.146186,-100.834233,49.8,46.6,54.1
UP,0719GP026,2019-07-23,3:30 AM,Other impacts,0,NORTH PLATTE,NE,58,4,Dark,Clear,Yard,Freight Train,0,14063,0,14577,H602,41.143751,-100.795476,68.5,68.1,73.2
UP,0321GP006,2021-03-05,11:00 AM,Other impacts,0,NORTH PLATTE,NE,52,2,Day,Clear,Yard,Cut of cars,1,106590,0,114882,M407,41.1437,-100.795497,44.9,46,51.3
UP,0324GP004,2024-03-03,8:00 PM,Other impacts,0,NORTH PLATTE,NE,40,4,Dark,Clear,Yard,Freight Train,10,66571,0,71681,H306,41.14921,-100.852411,43.9,44.2,40.8
UP,0620GP028,2020-06-28,6:34 PM,Other impacts,0,NORTH PLATTE,NE,93,3,Dusk,Clear,Yard,Single Car,0,10874,0,45863,S007,41.146602,-100.833957,78.5,78.8,81.6
UP,0816NP025,2016-08-27,3:01 AM,Derailment,0,NORTH PLATTE,NE,78,4,Dark,Fog,Yard,Yard/switching,2,3233,0,84939,S016,41.15398,-100.829009,61,66.9,74.4
UP,1019GP007,2019-10-13,8:22 AM,Derailment,0,NORTH PLATTE,NE,22,2,Day,Clear,Yard,Yard/switching,4,1440,22284,23724,M404,41.145843,-100.794809,38.2,41.2,49.2
UP,1120GP003,2020-11-04,11:15 PM,Other impacts,0,NORTH PLATTE,NE,48,4,Dark,Clear,Yard,Yard/switching,5,11529,0,11629,M411,41.152005,-100.82447,49,53,53.5
UP,0621GP003,2021-06-02,3:27 PM,Derailment,0,NORTH PLATTE,NE,79,2,Day,Clear,Yard,Yard/switching,4,46827,11751,58578,M204,41.147238,-100.828764,60,65.3,71.9
UP,1119GP023,2019-11-18,6:45 AM,Derailment,0,NORTH PLATTE,NE,37,1,Dawn,Cloudy,Yard,Yard/switching,7,7022,10396,17418,H506,41.150311,-100.809767,40.6,48.1,41
UP,0823GP003,2023-08-02,12:45 PM,Other impacts,0,NORTH PLATTE,NE,83,2,Day,Clear,Yard,Single Car,5,56431,264,56695,M411,41.147608,-100.833736,77.1,77.6,74.8
UP,0519GP010,2019-05-12,1:45 AM,Derailment,0,NORTH PLATTE,NE,35,4,Dark,Clear,Yard,Yard/switching,4,37435,150251,187686,H702,41.15067,-100.814451,49.1,50.3,58.9
UP,1115NP019,2015-11-28,8:20 AM,Derailment,0,NORTH PLATTE,NE,27,2,Day,Cloudy,Yard,Cut of cars,0,10210,600,24703,S007,41.145262,-100.835807,21,25.7,28
UP,0621GP034,2021-06-26,7:55 AM,Other impacts,0,NORTH PLATTE,NE,63,1,Dawn,Cloudy,Yard,Single Car,0,65,0,198930,M411,41.147434,-100.833779,69.5,69,69.7
UP,0315NP003,2015-03-05,2:00 PM,Derailment,0,NORTH PLATTE,NE,48,2,Day,Clear,Yard,Yard/switching,4,38206,123146,161352,E39C,41.143616,-100.794382,17.9,22.1,36.1
UP,0224GP040,2024-02-01,7:48 PM,Other impacts,0,NORTH PLATTE,NE,48,3,Dusk,Clear,Yard,Single Car,10,30419,0,30419,M407,41.150464,-100.813507,39.2,41.1,37.4
UP,0120ME015,2020-01-20,6:15 AM,Other impacts,0,NORTH PLATTE,NE,10,1,Dawn,Clear,Yard,Light loco(s),5,0,0,19217,H017,41.15145,-100.812906,23.4,16.6,25.3
UP,0322GP001,2022-03-01,10:30 AM,Derailment,0,NORTH PLATTE,NE,51,2,Day,Clear,Yard,Freight Train,0,3068,0,220024,H506,41.153054,-100.85136,40.6,46.4,48.9
UP,0324GP037,2024-03-29,11:17 PM,Other impacts,0,NORTH PLATTE,NE,41,4,Dark,Clear,Yard,Cut of cars,0,114413,0,228826,M407,41.147128,-100.831842,45.3,44.9,42
UP,0919GP023,2019-09-21,10:04 PM,Other impacts,0,NORTH PLATTE,NE,51,4,Dark,Clear,Yard,Yard/switching,10,26259,37350,324783,H607,41.152403,-100.830936,74.8,70.4,60.4
UP,0919GP014,2019-09-12,12:15 AM,Other (describe in narrative),0,NORTH PLATTE,NE,65,4,Dark,Rain,Yard,Cut of cars,1,0,31075,31075,M105,41.154829,-100.817947,76,64.6,63.3
UP,1120GP006,2020-11-02,3:30 PM,Other (describe in narrative),0,NORTH PLATTE,NE,78,2,Day,Clear,Yard,Cut of cars,0,34651,0,34651,M411,41.143614,-100.791376,38.5,46.5,49
UP,0220GP025,2020-02-22,4:40 AM,Derailment,0,NORTH PLATTE,NE,18,1,Dawn,Clear,Yard,Yard/switching,5,33225,37122,70347,H703,41.150504,-100.813499,31.3,36.1,38.5
UP,0823GP003,2023-08-02,12:45 PM,Other impacts,0,NORTH PLATTE,NE,83,2,Day,Clear,Yard,Single Car,5,0,0,56695,M411,41.147608,-100.833736,77.1,77.6,74.8
UP,0620GP028,2020-06-28,6:34 PM,Other impacts,0,NORTH PLATTE,NE,93,3,Dusk,Clear,Yard,Yard/switching,17,0,150,45863,S007,41.146602,-100.833957,78.5,78.8,81.6
UP,0721GP026,2021-07-19,4:34 AM,Other impacts,0,NORTH PLATTE,NE,63,1,Dawn,Clear,Yard,Yard/switching,14,118256,4932,123188,H306,41.154205,-100.844309,77.4,74.7,72.1
UP,0519GP017,2019-05-18,7:45 PM,Derailment,0,NORTH PLATTE,NE,62,3,Dusk,Cloudy,Yard,Yard/switching,10,134216,304213,438429,E29C,41.153921,-100.816891,66.7,55.9,47.2
UP,0121GP021,2021-01-22,12:45 AM,Other impacts,0,NORTH PLATTE,NE,31,4,Dark,Cloudy,Yard,Yard/switching,2,6065,55015,93535,S007,41.147852,-100.841472,29.8,28.7,26
UP,0723GP005,2023-07-07,6:06 PM,Other impacts,0,NORTH PLATTE,NE,81,3,Dusk,Clear,Yard,Single Car,0,100,900,20531,M411,41.151452,-100.821226,60.6,70.2,60.4
UP,0322GP022,2022-03-31,10:23 PM,Derailment,0,NORTH PLATTE,NE,34,4,Dark,Cloudy,Yard,Yard/switching,4,162378,21839,184217,H607,41.155447,-100.842527,33,36,39.6
UP,1119GP008,2019-11-07,5:50 AM,Derailment,0,NORTH PLATTE,NE,16,1,Dawn,Clear,Yard,Light loco(s),5,37734,696,38430,H702,41.155128,-100.852074,29.2,26.7,39.1
UP,0417NP025,2017-04-22,12:16 PM,Other impacts,0,NORTH PLATTE,NE,75,2,Day,Cloudy,Yard,Single Car,0,5951,0,109811,H601,41.146186,-100.834233,49.8,46.6,54.1
UP,0120ME015,2020-01-20,6:15 AM,Other impacts,0,NORTH PLATTE,NE,10,1,Dawn,Clear,Yard,Light loco(s),5,19217,0,19217,H017,41.15145,-100.812906,23.4,16.6,25.3
UP,0816NP025,2016-08-27,3:01 AM,Derailment,0,NORTH PLATTE,NE,78,4,Dark,Fog,Yard,Yard/switching,3,75722,5984,84939,S016,41.15398,-100.829009,61,66.9,74.4
UP,0715NP002,2015-07-04,2:15 AM,Other (describe in narrative),0,NORTH PLATTE,NE,68,4,Dark,Clear,Yard,Light loco(s),4,55791,10768,66559,H702,41.146157,-100.839652,70.1,76.7,82.3
UP,0919GP012,2019-09-07,12:00 PM,Other (describe in narrative),0,NORTH PLATTE,NE,73,2,Day,Cloudy,Yard,Single Car,0,33983,0,33983,M507,41.144684,-100.833492,66.6,70,66.3
UP,0621GP034,2021-06-26,7:55 AM,Other impacts,0,NORTH PLATTE,NE,63,1,Dawn,Cloudy,Yard,Yard/switching,7,15829,183036,198930,M411,41.147434,-100.833779,69.5,69,69.7
UP,0118NP055,2018-01-08,8:09 PM,Fire/violent rupture,0,NORTH PLATTE,NE,32,4,Dark,Clear,Yard,Light loco(s),0,70861,0,70861,E73L,41.145307,-100.832668,32.9,32.1,39.9
UP,0524GP023,2024-05-22,8:17 PM,Derailment,0,NORTH PLATTE,NE,65,4,Dark,Cloudy,Yard,Freight Train,8,58797,92662,151459,E64C,41.143811,-100.785672,53.7,57.4,64.3
UP,0519GP034,2019-05-17,12:50 AM,Other (describe in narrative),0,NORTH PLATTE,NE,67,4,Dark,Cloudy,Yard,Single Car,0,49009,0,49009,M411,41.14932,-100.852771,70.3,66.7,55.9
UP,1120GP003,2020-11-04,11:15 PM,Other impacts,0,NORTH PLATTE,NE,48,4,Dark,Clear,Yard,Cut of cars,2,100,0,11629,M411,41.152005,-100.82447,49,53,53.5
UP,0719GP033,2019-07-28,4:13 AM,Derailment,0,NORTH PLATTE,NE,70,1,Dawn,Clear,Yard,Yard/switching,10,36400,147125,183525,H506,41.14986,-100.809822,77.1,77.7,73
UP,0318NP011,2018-03-07,2:00 AM,Fire/violent rupture,0,NORTH PLATTE,NE,20,4,Dark,Clear,Yard,Freight Train,0,269754,0,269754,E72L,41.155169,-100.842162,33.4,29.8,34
UP,0122GP031,2022-01-20,1:06 PM,Other impacts,0,NORTH PLATTE,NE,13,2,Day,Cloudy,Yard,Cut of cars,4,0,0,41399,E49C,41.146686,-100.837987,16.5,10.3,20.1
UP,0821GP023,2021-08-22,6:30 PM,Derailment,0,NORTH PLATTE,NE,90,3,Dusk,Clear,Yard,Yard/switching,4,6703,24620,31323,E79L,41.15347,-100.832688,64.9,73.8,77.6
UP,0220GP016,2020-02-13,9:21 PM,Other impacts,0,NORTH PLATTE,NE,18,4,Dark,Clear,Yard,Single Car,0,31444,0,58018,S016,41.146011,-100.835028,26.4,14.2,28.2
UP,0817NP009,2017-08-05,3:40 AM,Other (describe in narrative),0,NORTH PLATTE,NE,60,4,Dark,Clear,Yard,Yard/switching,3,32904,0,32904,S016,41.147894,-100.837967,63,71.1,69.9
UP,1020GP045,2020-10-31,10:20 AM,Obstruction,0,NORTH PLATTE,NE,49,2,Day,Clear,Yard,Yard/switching,7,13470,1920,15390,M404,41.15243,-100.826951,47.4,49.1,38.5
UP,0523GP045,2023-05-16,10:00 AM,Other impacts,0,NORTH PLATTE,NE,50,2,Day,Fog,Yard,Single Car,4,36903,99,37102,M407,41.141083,-100.768694,53.6,56.1,60
UP,0319GP008,2019-03-05,1:30 AM,Derailment,0,NORTH PLATTE,NE,-4,4,Dark,Clear,Yard,Yard/switching,10,23548,29056,52604,H607,41.143189,-100.780167,-3.5,8.2,18.8
UP,0422GP013,2022-04-17,7:20 PM,Derailment,0,NORTH PLATTE,NE,61,3,Dusk,Cloudy,Yard,Freight Train,15,47716,412180,459896,E49C,41.140163,-100.763566,37.5,50.6,44.1
UP,0322GP001,2022-03-01,10:30 AM,Derailment,0,NORTH PLATTE,NE,51,2,Day,Clear,Yard,Single Car,0,46433,0,220024,H506,41.153054,-100.85136,40.6,46.4,48.9
UP,0224GP022,2024-02-17,1:00 AM,Obstruction,0,NORTH PLATTE,NE,8,4,Dark,Clear,Yard,Yard/switching,6,90771,16356,107127,M410,41.150145,-100.813963,20.9,19.7,29.9