reportingrailroadcode,accidentnumber,date,time,accidenttype,hazmatreleasedcars,station,stateabbr,temperature,visibility_code,visibility,weathercondition,tracktype,equipmenttype,trainspeed,equipmentdamagecost,trackdamagecost,totaldamagecost,primaryaccidentcausecode,latitude,longitude,prior_temp,actual_temp,following_temp
UP,0721GP006,2021-07-07,1:10 AM,Derailment,0,NORTH PLATTE,NE,67,4,Dark,Cloudy,Yard,Yard/switching,6,22116,3700,25816,H306,41.1465,-100.834926,75.8,72.7,80.2
UP,0621GP031,2021-06-23,2:45 PM,Derailment,0,NORTH PLATTE,NE,95,2,Day,Clear,Yard,Cut of cars,10,12311,99,12410,M404,41.151647,-100.813248,73.2,78.4,75.8
UP,0719GP032,2019-07-26,2:00 PM,Derailment,0,NORTH PLATTE,NE,89,2,Day,Clear,Yard,Yard/switching,7,797,256472,257269,M409,41.153033,-100.837658,76.8,76.1,77.1
UP,0618NP029,2018-06-24,8:48 AM,Other impacts,0,NORTH PLATTE,NE,80,2,Day,Clear,Yard,Single Car,0,1043,0,17845,M411,41.151827,-100.816178,72.3,66.9,61.9
UP,0823GP014,2023-08-03,3:00 AM,Derailment,0,NORTH PLATTE,NE,71,4,Dark,Rain,Yard,Cut of cars,5,14813,6427,21240,M105,41.141939,-100.776345,77.6,74.8,74.5
UP,0715NP004,2015-07-04,6:30 AM,Derailment,0,NORTH PLATTE,NE,60,1,Dawn,Clear,Yard,Yard/switching,8,3543,12322,15865,H702,41.142874,-100.779447,70.1,76.7,82.3
UP,0324GP037,2024-03-29,11:17 PM,Other impacts,0,NORTH PLATTE,NE,41,4,Dark,Clear,Yard,Yard/switching,24,114413,0,228826,M407,41.147128,-100.831842,45.3,44.9,42
UP,0717NP035,2017-07-29,9:40 AM,Other impacts,0,NORTH PLATTE,NE,69,2,Day,Clear,Yard,Single Car,0,9724,0,13374,S007,41.147594,-100.842859,74.2,73.6,73.6
UP,1214NP012,2014-12-15,9:30 AM,Other (describe in narrative),0,NORTH PLATTE,NE,40,2,Day,Clear,Yard,Cut of cars,0,12597,0,12597,M411,41.154188,-100.816818,41.4,28.2,21
UP,0720GP023,2020-07-20,12:00 PM,Other impacts,0,NORTH PLATTE,NE,79,2,Day,Clear,Yard,Single Car,3,0,600,53201,M411,41.146788,-100.833913,75.4,74.7,72.5
UP,0619GP019,2019-06-16,10:30 AM,Other impacts,0,NORTH PLATTE,NE,74,2,Day,Cloudy,Yard,Light loco(s),4,0,0,22430,H307,41.149585,-100.850463,72.1,63.6,65.1
UP,0723GP004,2023-07-03,6:30 AM,Derailment,0,NORTH PLATTE,NE,66,1,Dawn,Clear,Yard,Yard/switching,10,149075,0,1025688,S102,41.149844,-100.810169,72.6,77,73.8
UP,0118NP007,2018-01-06,8:48 PM,Other impacts,0,NORTH PLATTE,NE,18,4,Dark,Cloudy,Yard,Single Car,0,5717,1421,12855,M411,41.15221,-100.819072,17,16.7,32.9
UP,0321GP036,2021-03-22,2:30 PM,Obstruction,0,NORTH PLATTE,NE,49,2,Day,Cloudy,Yard,Single Car,4,272,0,64212,M411,41.150002,-100.814979,50.3,41.4,39.6
UP,1216NP005,2016-12-09,9:03 PM,Derailment,0,NORTH PLATTE,NE,12,4,Dark,Cloudy,Yard,Yard/switching,8,28967,2000,30967,M405,41.143596,-100.791986,8.3,14.4,23.6
UP,0617NP019,2017-06-12,7:30 PM,Derailment,0,NORTH PLATTE,NE,81,2,Day,Clear,Yard,Yard/switching,4,10480,89970,100450,H702,41.152655,-100.831459,81.1,79.1,79.1
UP,0915NP004,2015-09-04,8:30 AM,Derailment,0,NORTH PLATTE,NE,80,2,Day,Clear,Yard,Freight Train,6,5552,16715,22267,M409,41.144456,-100.791352,75.6,75.7,78.5
UP,0821GP029,2021-08-28,1:37 PM,Derailment,0,NORTH PLATTE,NE,88,2,Day,Clear,Yard,Freight Train,3,25989,83504,109493,H607,41.155647,-100.820761,76.7,79.8,70.1
UP,0222GP014,2022-02-16,11:45 AM,Derailment,0,NORTH PLATTE,NE,34,2,Day,Cloudy,Yard,Yard/switching,4,13265,79130,92395,E35C,41.148984,-100.808036,37.3,30.6,23
UP,0315NP001,2015-03-03,12:49 PM,Derailment,0,NORTH PLATTE,NE,29,2,Day,Clear,Yard,Yard/switching,4,17766,66,17832,H303,41.15089,-100.809998,30.3,25.4,17.9
UP,0718NP011,2018-07-10,4:28 PM,Derailment,0,NORTH PLATTE,NE,95,2,Day,Clear,Yard,Freight Train,9,144358,243327,387685,T109,41.154972,-100.849929,80.5,78.2,84.1
UP,1023GP001,2023-10-01,7:30 AM,Derailment,0,NORTH PLATTE,NE,70,2,Day,Cloudy,Yard,Yard/switching,4,20918,7560,28478,T207,41.151179,-100.827289,70.8,76.9,75.6
UP,0523GP019,2023-05-11,10:13 AM,Derailment,0,NORTH PLATTE,NE,66,2,Day,Clear,Yard,Yard/switching,7,7495,7355,14850,T202,41.146397,-100.821976,61.7,62.9,58.2
UP,0419GP006,2019-04-03,1:00 PM,Derailment,0,NORTH PLATTE,NE,50,2,Day,Clear,Yard,Yard/switching,4,10836,1691,12527,T199,41.153284,-100.848365,42.6,47.9,47.3
UP,0719GP038,2019-07-30,10:15 AM,Derailment,0,NORTH PLATTE,NE,74,2,Day,Clear,Yard,Light loco(s),6,560,11860,12420,T311,41.150566,-100.817434,73,74.7,74.8
UP,0421GP039,2021-04-26,1:15 PM,Derailment,0,NORTH PLATTE,NE,77,2,Day,Clear,Yard,Freight Train,19,220990,177916,398906,T108,41.15371,-100.877262,60.7,67.4,58.9
UP,0423GP004,2023-04-04,10:34 AM,Derailment,0,NORTH PLATTE,NE,31,2,Day,Cloudy,Yard,Yard/switching,7,25704,86247,111951,T314,41.153837,-100.834723,45.6,31.9,29.7
UP,0817NP038,2017-08-21,3:25 PM,Derailment,0,NORTH PLATTE,NE,80,2,Day,Clear,Yard,Yard/switching,2,13789,41337,55126,T202,41.152552,-100.858256,75.3,76.1,66.1
UP,0623GP006,2023-06-02,11:05 AM,Derailment,0,NORTH PLATTE,NE,67,2,Day,Cloudy,Yard,Yard/switching,4,31815,87000,118815,T001,41.147148,-100.832418,67.6,67.2,64.4
UP,0716NP003,2016-07-21,3:50 PM,Derailment,0,NORTH PLATTE,NE,95,2,Day,Clear,Yard,Yard/switching,7,408,10413,10821,T110,41.147239,-100.804371,82.5,81.8,82.3
UP,0217NP036,2017-02-24,2:30 PM,Derailment,0,NORTH PLATTE,NE,25,2,Day,Cloudy,Yard,Single Car,2,39344,0,127671,T106,41.146243,-100.83404,31.2,22,19.2
UP,0523GP046,2023-05-31,2:04 AM,Derailment,0,NORTH PLATTE,NE,62,4,Dark,Clear,Yard,Yard/switching,4,71752,59890,131642,T001,41.14731,-100.831399,70.4,69.4,67.6
UP,0217NP036,2017-02-24,2:30 PM,Derailment,0,NORTH PLATTE,NE,25,2,Day,Cloudy,Yard,Single Car,3,100,0,127671,T106,41.146243,-100.83404,31.2,22,19.2
UP,0521GP022,2021-05-22,3:26 PM,Derailment,0,NORTH PLATTE,NE,78,2,Day,Cloudy,Yard,Light loco(s),6,1680,14310,15990,T314,41.147949,-100.833673,71.7,70.3,69.7
UP,0716NP010,2016-07-31,7:10 AM,Derailment,0,NORTH PLATTE,NE,80,2,Day,Clear,Yard,Freight Train,9,6409,7182,13591,T314,41.153114,-100.852429,72.6,76.7,78.9
UP,0217NP036,2017-02-24,2:30 PM,Derailment,0,NORTH PLATTE,NE,25,2,Day,Cloudy,Yard,Yard/switching,2,43255,44972,127671,T106,41.146243,-100.83404,31.2,22,19.2
UP,0323GP029,2023-03-27,10:55 PM,Derailment,0,NORTH PLATTE,NE,31,4,Dark,Cloudy,Yard,Yard/switching,7,41944,3459,45403,T111,41.146843,-100.833294,30,26.9,30.9
UP,1117NP006,2017-11-04,3:30 AM,Derailment,0,NORTH PLATTE,NE,50,4,Dark,Clear,Yard,Yard/switching,7,29873,148840,178713,T111,41.146843,-100.833294,34.5,43.8,36.8
UP,0823GP028,2023-08-20,5:00 PM,Derailment,0,NORTH PLATTE,NE,92,2,Day,Clear,Yard,Yard/switching,7,116495,85681,202176,T111,41.153053,-100.835111,83.3,79.4,84.9
UP,0719GP028,2019-07-23,6:45 PM,Derailment,0,NORTH PLATTE,NE,79,3,Dusk,Clear,Yard,Yard/switching,10,58199,47210,105409,T001,41.14986,-100.809822,68.5,68.1,73.2
UP,1118NP032,2018-11-25,1:08 AM,Derailment,1,NORTH PLATTE,NE,31,4,Dark,Snow,Yard,Yard/switching,4,499489,160110,659599,T207,41.145843,-100.794809,35.1,26.9,23.2
UP,1118NP002,2018-11-02,9:36 AM,Derailment,0,NORTH PLATTE,NE,53,2,Day,Clear,Yard,Yard/switching,3,11596,2800,14396,T311,41.151565,-100.814645,39.5,41.1,42.3
UP,0722GP010,2022-07-16,9:32 AM,Derailment,0,NORTH PLATTE,NE,78,2,Day,Cloudy,Yard,Yard/switching,7,241974,177813,419787,T111,41.153003,-100.834735,84,83,79.7
UP,0715NP015,2015-07-26,10:00 PM,Derailment,0,NORTH PLATTE,NE,72,4,Dark,Rain,Yard,Yard/switching,3,93681,35725,132646,T110,41.146065,-100.816617,75.8,76.7,78
UP,0215NP015,2015-02-07,5:15 AM,Derailment,0,NORTH PLATTE,NE,31,4,Dark,Clear,Yard,Yard/switching,2,16417,276966,293383,T207,41.149275,-100.854062,36.4,43.4,44.7
UP,1221GP001,2021-12-02,10:56 AM,Derailment,0,NORTH PLATTE,NE,48,2,Day,Cloudy,Yard,Freight Train,10,15808,7146,22954,T314,41.154898,-100.850134,43.9,47.7,46.9
UP,0715NP015,2015-07-26,10:00 PM,Derailment,0,NORTH PLATTE,NE,72,4,Dark,Rain,Yard,Cut of cars,0,3240,0,132646,T110,41.146065,-100.816617,75.8,76.7,78
UP,0315NP035,2015-03-26,9:25 AM,Derailment,0,NORTH PLATTE,NE,29,2,Day,Cloudy,Yard,Yard/switching,9,19908,9981,29889,T111,41.142443,-100.778353,43.8,37.2,42.4
UP,0124GP037,2024-01-30,4:00 PM,Derailment,0,NORTH PLATTE,NE,61,2,Day,Clear,Yard,Yard/switching,4,1217,23088,24305,T311,41.150579,-100.815466,40,39.2,39.2
UP,1020GP027,2020-10-25,11:49 PM,Derailment,0,NORTH PLATTE,NE,18,4,Dark,Snow,Yard,Freight Train,7,77304,2360,79664,T207,41.147313,-100.841941,28.8,24,17.3
UP,0819GP016,2019-08-27,8:12 AM,Derailment,0,NORTH PLATTE,NE,56,2,Day,Clear,Yard,Yard/switching,4,25191,258442,283633,T111,41.151336,-100.823214,69.6,60.9,66.2
FWWR,17062301,2017-06-23,2:30 AM,Derailment,0,NORTH RICHLAND HILLS,TX,82,4,Dark,Clear,Industry,Freight Train,3,4750,8100,12850,T110,32.834166,-97.228611,81.6,87.7,76.5
UFRC,0121172,2017-01-21,9:52 AM,Hwy-rail crossing,0,NORTH SALT LAKE,UT,28,2,Day,Snow,Main,Commuter Train - Pushing,44,250000,0,250000,M307,40.861671,-111.910133,33.9,33.1,32.3
UFRC,0104171,2017-01-04,8:27 PM,Obstruction,0,NORTH SALT LAKE,UT,28,4,Dark,Snow,Main,Commuter Train - Pushing,61,15000,0,15000,M402,40.856569,-111.911891,23.4,31,12.8
CSX,000218130,2024-05-17,7:56 PM,Hwy-rail crossing,0,NORTH TONAWANDA,NY,63,3,Dusk,Cloudy,Main,,0,0,0,24204,M308,43.04758,-78.889951,64.4,64.1,65.6
ATK,180267,2024-05-17,7:56 PM,Hwy-rail crossing,0,NORTH TONAWANDA,NY,60,2,Day,Rain,Main,Passenger Train - Pulling,52,24204,0,24204,M308,43.04758,-78.889951,64.4,64.1,65.6
OHRY,15040601,2015-04-06,11:56 AM,Derailment,0,NORTH TOWANDA,PA,68,2,Day,Clear,Main,,0,0,0,132000,M203,41.81474,-76.5029,33.2,45,44.1
LRWY,15040601,2015-04-06,11:56 AM,Derailment,0,NORTH TOWANDA,PA,68,2,Day,Clear,Main,Freight Train,9,57000,75000,132000,M203,41.81474,-76.5029,33.3,45,44.1
CSX,000219672,2024-07-30,6:45 PM,Derailment,0,NORTH VERSAILLES,PA,74,3,Dusk,Clear,Yard,Freight Train,4,2535,10260,12795,H702,40.386139,-79.846696,76.9,74.3,80
CSX,000213965,2023-10-10,5:30 AM,Derailment,0,NORTH VERSAILLES,PA,50,1,Dawn,Clear,Yard,Yard/switching,7,207514,4649,212163,H702,40.386139,-79.846696,49.8,53.4,55.2
CSX,000208204,2022-11-04,6:30 AM,Derailment,0,NORTH VERSAILLES,PA,55,1,Dawn,Clear,Yard,Freight Train,7,15977,798,16775,T311,40.386139,-79.846696,55.9,60.7,68.1
BNSF,RD1218133,2018-12-29,12:51 AM,Derailment,0,NORTH ZULCH,TX,42,4,Dark,Cloudy,Main,Freight Train,11,14311,4500,18811,H019,30.935011,-96.109814,47.2,43.8,42.7
NS,144572,2022-03-02,10:22 PM,Hwy-rail crossing,0,NORTHAMPTON,PA,25,4,Dark,Clear,Main,Light loco(s),8,0,0,0,M302,40.678569,-75.488451,37.6,42.8,36.7
CMQX,1001881412,2023-04-15,8:28 AM,Derailment,0,NORTHEAST SOMERSET,ME,54,2,Day,Clear,Main,Freight Train,35,5235942,7536,5243478,M103,45.633287,-69.898287,51.9,41.3,43
NECR,NEC81625D,2015-10-05,10:04 AM,Derailment,0,NORTHFIELD,VT,45,2,Day,Clear,Main,,0,0,181732,4329857,M101,44.112841,-72.676234,42.3,43.9,48.8
ATK,139478,2015-10-05,10:04 AM,Derailment,0,NORTHFIELD,VT,45,2,Day,Clear,Main,Passenger Train - Pulling,59,4148125,0,4329857,M101,44.112841,-72.676234,42.3,43.9,48.8
PGR,07102015,2015-07-10,3:00 PM,Derailment,0,NORTHFIELD,MN,82,2,Day,Clear,Yard,,0,0,4610,23238,E64C,44.45249,-93.17337,69.1,74.1,73.1
CP,1000235363,2015-07-10,3:00 PM,Derailment,0,NORTHFIELD,MN,82,2,Day,Clear,Yard,Freight Train,4,18628,0,23238,T314,44.45249,-93.17337,69.1,74.1,73.1
CP,1001074269,2019-09-21,2:20 PM,Derailment,0,NORTHFIELD,MN,85,2,Day,Clear,Yard,Light loco(s),4,31544,0,31844,T314,44.403888,-93.169444,73.9,74.7,62.2
PGR,09052018,2018-09-05,9:45 AM,Derailment,0,NORTHFIELD,MN,70,2,Day,Cloudy,Yard,Yard/switching,10,0,116302,116302,T113,44.2713,-93.1013,70.7,65.2,59.1
NS,144459,2022-02-19,2:15 AM,Other (describe in narrative),0,NORTHFORK,WV,18,4,Dark,Clear,Main,Freight Train,14,2430,26570,29000,E30C,37.405647,-81.421709,32.3,26.5,34.8
NS,139249,2020-09-24,12:05 PM,Hwy-rail crossing,0,NORTHFORK,WV,65,2,Day,Clear,Main,Freight Train,25,6539,11456,17995,M303,37.416249,-81.435933,55.3,56.8,56.6
BNSF,MT0717103,2017-07-08,2:15 PM,Derailment,0,NORTHGATE,ND,87,2,Day,Clear,Yard,Freight Train,5,13000,400,13400,H702,48.987639,-102.259625,69,71.1,71.3
UP,0615PR005,2015-06-12,6:26 AM,Other (describe in narrative),0,NORTHLAKE,IL,65,1,Dawn,Rain,Yard,Single Car,10,36466,0,36466,H601,41.895953,-87.907423,67,60.8,69.4
UP,0715PR018,2015-07-29,10:00 AM,Derailment,0,NORTHLAKE,IL,89,2,Day,Clear,Yard,Yard/switching,4,111298,792,185657,M411,41.909337,-87.915129,80.9,80.4,78.1
UP,0215PR006,2015-02-03,10:00 AM,Other impacts,0,NORTHLAKE,IL,30,2,Day,Cloudy,Yard,Single Car,0,13555,0,13555,H601,41.909293,-87.91538,12.2,17.9,18.4
UP,0315PR024,2015-03-19,9:52 AM,Derailment,0,NORTHLAKE,IL,40,2,Day,Cloudy,Yard,Yard/switching,5,75293,57223,132516,E44C,41.894929,-87.898258,38.5,41.8,43.5
UP,0715PR018,2015-07-29,10:00 AM,Derailment,0,NORTHLAKE,IL,89,2,Day,Clear,Yard,Single Car,0,73567,0,185657,M411,41.909337,-87.915129,80.9,80.4,78.1
UP,0415PR031,2015-04-22,12:27 PM,Other (describe in narrative),0,NORTHLAKE,IL,65,2,Day,Clear,Yard,Single Car,10,12964,0,12964,H601,41.894929,-87.898258,44.5,39.8,42.7
UP,0715PR019,2015-07-27,1:12 PM,Other (describe in narrative),0,NORTHLAKE,IL,65,2,Day,Clear,Yard,Cut of cars,10,68508,0,68508,H601,41.895953,-87.907423,74.8,77.9,80.9
UP,0415PR025,2015-04-22,3:30 AM,Derailment,0,NORTHLAKE,IL,61,4,Dark,Cloudy,Yard,Yard/switching,4,1245,10510,11755,T221,41.895774,-87.896484,44.5,39.8,42.7
UP,0315PR018,2015-03-10,6:30 PM,Derailment,0,NORTHLAKE,IL,40,3,Dusk,Clear,Yard,Freight Train,10,55884,660,57042,S007,41.899352,-87.903809,38.1,41.3,41.9
UP,0515PR003,2015-05-01,10:30 AM,Other impacts,0,NORTHLAKE,IL,65,2,Day,Clear,Yard,Cut of cars,10,9289,0,68732,H601,41.895953,-87.907423,45.3,52.8,64.8
UP,0219GL019,2019-02-07,11:58 PM,Derailment,0,NORTHLAKE,IL,10,4,Dark,Clear,Yard,Yard/switching,4,43566,2660,46226,H505,41.923761,-87.914819,33.6,32.2,9.1
UP,0515PR026,2015-05-27,5:45 AM,Other (describe in narrative),0,NORTHLAKE,IL,68,1,Dawn,Clear,Yard,Single Car,10,11078,0,11078,H601,41.895953,-87.907423,69.8,68.4,70.4
UP,0315PR009,2015-03-09,10:00 AM,Other (describe in narrative),0,NORTHLAKE,IL,20,2,Day,Clear,Yard,Single Car,5,12960,0,12960,H601,41.910672,-87.915234,35.1,38.1,41.3
UP,0418PR002,2018-04-02,9:20 AM,Other impacts,0,NORTHLAKE,IL,30,2,Day,Cloudy,Yard,Yard/switching,4,3796,0,22260,M411,41.94927,-87.91084,30.7,33.6,38.3
UP,0418PR002,2018-04-02,9:20 AM,Other impacts,0,NORTHLAKE,IL,30,2,Day,Cloudy,Yard,Single Car,3,18464,0,22260,M411,41.94927,-87.91084,30.7,33.6,38.3
UP,0517PR012,2017-05-10,2:40 AM,Other impacts,0,NORTHLAKE,IL,60,4,Dark,Rain,Yard,Yard/switching,4,124220,66,137435,M411,41.899576,-87.907842,49.3,54.8,55.7
UP,0517PR012,2017-05-10,2:40 AM,Other impacts,0,NORTHLAKE,IL,60,4,Dark,Rain,Yard,Cut of cars,0,13149,0,137435,M411,41.899576,-87.907842,49.3,54.8,55.7
UP,1214PR001,2014-12-02,9:00 AM,Other impacts,0,NORTHLAKE,IL,42,2,Day,Cloudy,Yard,Single Car,6,11709,0,11709,H601,41.894762,-87.875786,20.2,27.2,29.6
UP,1214PR015,2014-12-21,6:35 PM,Derailment,0,NORTHLAKE,IL,36,4,Dark,Cloudy,Yard,Yard/switching,4,11131,300,11431,S011,41.905046,-87.916893,30.9,33.8,35.1
UP,0215PR019,2015-02-20,5:45 AM,Derailment,0,NORTHLAKE,IL,10,4,Dark,Cloudy,Yard,Yard/switching,5,27564,1984,29548,M404,41.903089,-87.917877,-1.4,7.9,24.6
UP,0215PR016,2015-02-03,10:00 AM,Other impacts,0,NORTHLAKE,IL,10,2,Day,Cloudy,Yard,Single Car,10,12979,0,12979,H601,41.909293,-87.91538,12.2,17.9,18.4
UP,0215PR007,2015-02-07,7:10 AM,Other impacts,0,NORTHLAKE,IL,30,1,Dawn,Clear,Yard,Single Car,0,139,0,49763,M407,41.909293,-87.91538,21.3,33.3,33.5
UP,0215PR007,2015-02-07,7:10 AM,Other impacts,0,NORTHLAKE,IL,30,1,Dawn,Clear,Yard,Single Car,10,47924,1700,49763,M407,41.909293,-87.91538,21.3,33.3,33.5
UP,0921PR008,2021-09-08,9:15 AM,Other impacts,0,NORTHLAKE,IL,67,2,Day,Clear,Yard,Single Car,0,9307,0,12634,M599,41.922734,-87.915532,73,69.1,66.7
UP,0816PR016,2016-08-21,7:00 PM,Other impacts,0,NORTHLAKE,IL,72,3,Dusk,Cloudy,Yard,Single Car,2,16607,0,17748,M411,41.903097,-87.917887,73,66.4,68.1
UP,0816PR016,2016-08-21,7:00 PM,Other impacts,0,NORTHLAKE,IL,72,3,Dusk,Cloudy,Yard,Single Car,0,1141,0,17748,M411,41.903097,-87.917887,73,66.4,68.1
UP,0816PR017,2016-08-22,8:00 AM,Other impacts,0,NORTHLAKE,IL,64,2,Day,Clear,Yard,Cut of cars,5,32898,0,32898,H601,41.903097,-87.917887,66.4,68.1,71.9
UP,0921PR008,2021-09-08,9:15 AM,Other impacts,0,NORTHLAKE,IL,67,2,Day,Clear,Yard,Yard/switching,2,137,3190,12634,M599,41.922734,-87.915532,73,69.1,66.7
UP,0921PR011,2021-09-12,12:00 PM,Other (describe in narrative),0,NORTHLAKE,IL,84,2,Day,Clear,Yard,Light loco(s),0,15454,0,15454,M501,41.900248,-87.907489,75.5,76.7,75.4
UP,0918PR022,2018-09-17,4:21 PM,Other (describe in narrative),0,NORTHLAKE,IL,75,2,Day,Clear,Yard,Single Car,2,14608,0,14608,M411,41.898885,-87.90788,76.6,79.4,71.8
UP,0521PR007,2021-05-13,12:02 AM,Derailment,0,NORTHLAKE,IL,44,4,Dark,Clear,Yard,Yard/switching,6,12918,30036,42954,H307,41.909334,-87.915438,51,56.8,60.6
UP,0417PR005,2017-04-03,2:00 PM,Other impacts,0,NORTHLAKE,IL,40,2,Day,Rain,Yard,Single Car,5,79623,0,79892,M411,41.899692,-87.908588,50.4,49.1,49.1
UP,1015PR018,2015-10-19,8:44 PM,Other (describe in narrative),0,NORTHLAKE,IL,60,3,Dusk,Cloudy,Yard,Single Car,10,54271,0,54271,H601,41.895953,-87.907423,45.6,59.2,63.3
UP,0916PR009,2016-09-15,12:30 PM,Other impacts,0,NORTHLAKE,IL,87,2,Day,Clear,Yard,Single Car,0,0,0,75912,M411,41.90945,-87.915287,68.6,68.9,73.7
UP,0915PR008,2015-09-05,9:53 AM,Other (describe in narrative),0,NORTHLAKE,IL,70,2,Day,Clear,Yard,Single Car,10,54747,0,54747,H601,41.895953,-87.907423,74.3,76.5,81.5
UP,0720PR020,2020-07-19,12:25 AM,Other impacts,0,NORTHLAKE,IL,82,4,Dark,Clear,Yard,Cut of cars,1,4903,0,20682,M105,41.926835,-87.915205,84.1,79.5,77.3
UP,0216PR013,2016-02-21,4:30 AM,Derailment,0,NORTHLAKE,IL,30,4,Dark,Clear,Yard,Yard/switching,4,159564,73962,233526,H703,41.894929,-87.898258,48.1,37.4,35.4
UP,0322PR026,2022-03-31,12:40 AM,Derailment,0,NORTHLAKE,IL,45,4,Dark,Rain,Yard,Freight Train,9,127843,70617,198460,E63C,41.929534,-87.914252,53.4,39.4,36.8
UP,0516PR001,2016-05-02,2:45 AM,Derailment,0,NORTHLAKE,IL,40,4,Dark,Clear,Yard,Yard/switching,7,18452,3490,21942,E40C,41.909337,-87.915129,45.6,50.2,55.4
UP,0417PR016,2017-04-17,12:00 PM,Other (describe in narrative),0,NORTHLAKE,IL,75,2,Day,Clear,Yard,Single Car,0,35431,0,35431,M411,41.899778,-87.907617,65,55.1,61
UP,0420PR015,2020-04-23,10:02 AM,Hwy-rail crossing,0,NORTHLAKE,IL,55,2,Day,Cloudy,Industry,Yard/switching,10,14274,0,14274,M303,41.916623,-87.912914,47.3,49.1,44.4
UP,0417PR005,2017-04-03,2:00 PM,Other impacts,0,NORTHLAKE,IL,40,2,Day,Rain,Yard,Cut of cars,1,269,0,79892,M411,41.899692,-87.908588,50.4,49.1,49.1
UP,0717PR025,2017-07-20,10:30 AM,Derailment,0,NORTHLAKE,IL,88,2,Day,Clear,Yard,Yard/switching,4,24848,11294,36142,M409,41.899225,-87.90817,79,76.8,79.4
UP,0916PR017,2016-09-24,7:10 AM,Other impacts,0,NORTHLAKE,IL,65,2,Day,Clear,Yard,Single Car,10,23133,99,23232,H601,41.894937,-87.898268,70.6,68.7,72.8
UP,1019PR024,2019-10-29,8:25 AM,Derailment,0,NORTHLAKE,IL,37,2,Day,Cloudy,Yard,Yard/switching,7,42526,2000,44526,H703,41.923767,-87.914673,46.3,38.7,37.3
UP,0117PR020,2017-01-30,8:00 AM,Other (describe in narrative),0,NORTHLAKE,IL,25,2,Day,Clear,Yard,Single Car,6,71312,0,71312,M411,41.909328,-87.91514,26.1,24.4,37.1
UP,0916PR009,2016-09-15,12:30 PM,Other impacts,0,NORTHLAKE,IL,87,2,Day,Clear,Yard,Yard/switching,3,44766,150,75912,M411,41.90945,-87.915287,68.6,68.9,73.7
UP,0117PR010,2017-01-07,12:30 PM,Derailment,0,NORTHLAKE,IL,10,2,Day,Cloudy,Yard,Yard/switching,5,40792,1000,41792,M411,41.903096,-87.917886,3.7,8.6,10.7
UP,0716PR006,2016-07-13,9:00 AM,Other impacts,0,NORTHLAKE,IL,75,2,Day,Clear,Yard,Cut of cars,5,98102,0,98102,H601,41.909442,-87.915277,80.7,76.9,77.1
UP,0819PR033,2019-08-12,9:21 AM,Other (describe in narrative),0,NORTHLAKE,IL,78,2,Day,Cloudy,Yard,Single Car,0,41654,0,41654,M507,41.891328,-87.871617,74.9,75.5,75.1
UP,0415PR023,2015-04-23,8:26 PM,Fire/violent rupture,0,NORTHLAKE,IL,44,4,Dark,Clear,Yard,Single Car,0,48936,1328,50264,M406,41.90534,-87.915474,39.8,42.7,44.6
UP,0416PR004,2016-04-08,6:15 PM,Derailment,0,NORTHLAKE,IL,45,3,Dusk,Cloudy,Yard,Yard/switching,3,252664,228482,481146,H510,41.90534,-87.915474,38.8,35.9,30
UP,0720PR023,2020-07-26,11:30 PM,Other impacts,0,NORTHLAKE,IL,74,4,Dark,Rain,Yard,Cut of cars,0,100,0,45518,H302,41.925965,-87.915365,81.2,85.7,79.1
UP,0720PR023,2020-07-26,11:30 PM,Other impacts,0,NORTHLAKE,IL,74,4,Dark,Rain,Yard,Yard/switching,5,45418,0,45518,H302,41.925965,-87.915365,81.2,85.7,79.1
CP,1001044886,2019-08-08,11:05 AM,Other impacts,0,NORTHLAKE,IL,85,2,Day,Clear,Yard,Freight Train,10,32944,0,50355,H318,41.899843,-87.907786,77.9,78,72.7
UP,0720PR020,2020-07-19,12:25 AM,Other impacts,0,NORTHLAKE,IL,82,4,Dark,Clear,Yard,Yard/switching,3,15779,0,20682,M105,41.926835,-87.915205,84.1,79.5,77.3
UP,0120PR010,2020-01-18,10:40 PM,Derailment,0,NORTHLAKE,IL,9,4,Dark,Cloudy,Yard,Yard/switching,3,57921,5212,63133,E22C,41.927123,-87.913997,21.9,25.9,10.8
UP,0819PR021,2019-08-14,12:00 PM,Other (describe in narrative),0,NORTHLAKE,IL,80,2,Day,Cloudy,Yard,Single Car,0,73620,0,73620,E27C,41.899778,-87.907617,75.1,71.8,70.4
UP,0819PR006,2019-08-08,11:05 AM,Other impacts,0,NORTHLAKE,IL,82,2,Day,Clear,Yard,Yard/switching,8,7023,10388,50355,H318,41.899843,-87.907786,77.9,78,72.7
UP,0715PR007,2015-07-15,7:17 PM,Other impacts,0,NORTHLAKE,IL,70,4,Dark,Cloudy,Yard,Single Car,0,3745,0,18790,M411,41.893905,-87.889093,73.2,66,67.1
UP,1216PR005,2016-12-10,10:00 PM,Derailment,0,NORTHLAKE,IL,22,4,Dark,Snow,Yard,Yard/switching,5,46783,5980,52763,M101,41.905174,-87.915655,22.2,20.9,28.9
UP,0915PR017,2015-09-19,3:08 PM,Side collision,0,NORTHLAKE,IL,75,2,Day,Clear,Yard,Single Car,6,1148,1050,16973,H020,41.894929,-87.898258,71,63.8,61
UP,0315PR018,2015-03-10,6:30 PM,Derailment,0,NORTHLAKE,IL,40,3,Dusk,Clear,Yard,Cut of cars,0,498,0,57042,S007,41.899352,-87.903809,38.1,41.3,41.9
UP,0719PR014,2019-07-07,3:17 AM,Other impacts,0,NORTHLAKE,IL,68,4,Dark,Clear,Yard,Single Car,0,19669,0,31312,M411,41.89892,-87.907863,75.6,70.7,70.9