reportingrailroadcode,accidentnumber,date,time,accidenttype,hazmatreleasedcars,station,stateabbr,temperature,visibility_code,visibility,weathercondition,tracktype,equipmenttype,trainspeed,equipmentdamagecost,trackdamagecost,totaldamagecost,primaryaccidentcausecode,latitude,longitude,prior_temp,actual_temp,following_temp
UP,0317PR004,2017-03-05,9:30 PM,Derailment,0,NORTHLAKE,IL,46,4,Dark,Cloudy,Yard,Yard/switching,5,25444,1320,26764,H702,41.909336,-87.915386,34.4,46.3,56.8
UP,0517PR023,2017-05-16,12:00 PM,Other (describe in narrative),0,NORTHLAKE,IL,70,2,Day,Clear,Yard,Single Car,0,42475,0,42475,M411,41.900159,-87.911359,66.6,75.9,77.9
UP,0318PR004,2018-03-06,6:20 PM,Raking collision,0,NORTHLAKE,IL,30,4,Dark,Snow,Yard,Yard/switching,7,93122,141346,260441,H307,41.929885,-87.914129,35.9,35.4,29.5
UP,0315PR032,2015-03-30,10:00 AM,Other (describe in narrative),0,NORTHLAKE,IL,35,2,Day,Clear,Yard,Single Car,5,13248,0,13248,H601,41.910868,-87.914992,35.5,47.4,48.3
UP,1214PR021,2014-12-01,9:00 AM,Other impacts,0,NORTHLAKE,IL,40,2,Day,Clear,Yard,Single Car,4,11785,0,11785,H601,41.893482,-87.87542,40.8,20.2,27.2
UP,0517PR027,2017-05-31,12:00 PM,Other (describe in narrative),0,NORTHLAKE,IL,75,2,Day,Clear,Yard,Single Car,5,11388,0,11388,M411,41.900159,-87.911359,63.9,64.3,66.5
UP,0915PR017,2015-09-19,3:08 PM,Side collision,0,NORTHLAKE,IL,75,2,Day,Clear,Yard,Cut of cars,0,14775,0,16973,H020,41.894929,-87.898258,71,63.8,61
UP,0719PR032,2019-07-24,12:00 PM,Other (describe in narrative),0,NORTHLAKE,IL,79,2,Day,Clear,Yard,Single Car,0,34959,0,34959,M411,41.89558,-87.892996,70.6,71.9,74.3
UP,1115PR006,2015-11-08,6:15 PM,Side collision,0,NORTHLAKE,IL,42,4,Dark,Clear,Yard,Light loco(s),8,9876,0,14863,H301,41.928348,-87.914593,43.4,41.1,43.3
UP,0315PR027,2015-03-27,8:15 AM,Other impacts,0,NORTHLAKE,IL,20,2,Day,Cloudy,Yard,Cut of cars,0,4166,0,44374,S011,41.910868,-87.914992,36.4,27,27.6
UP,0318PR004,2018-03-06,6:20 PM,Raking collision,0,NORTHLAKE,IL,30,4,Dark,Snow,Yard,Freight Train,10,25973,0,260441,H307,41.929885,-87.914129,35.9,35.4,29.5
UP,1119PR015,2019-11-25,3:45 AM,Derailment,0,NORTHLAKE,IL,38,4,Dark,Clear,Yard,Yard/switching,10,88477,40872,129349,H703,41.927391,-87.914558,41.6,44.1,41.4
UP,1115PR006,2015-11-08,6:15 PM,Side collision,0,NORTHLAKE,IL,42,4,Dark,Clear,Yard,Light loco(s),0,4687,300,14863,H301,41.928348,-87.914593,43.4,41.1,43.3
UP,1021PR001,2021-10-01,6:24 AM,Other impacts,0,NORTHLAKE,IL,61,1,Dawn,Clear,Yard,Cut of cars,0,808,0,14413,M599,41.923776,-87.914358,68.8,72.1,71.8
UP,0719PR014,2019-07-07,3:17 AM,Other impacts,0,NORTHLAKE,IL,68,4,Dark,Clear,Yard,Yard/switching,1,11610,33,31312,M411,41.89892,-87.907863,75.6,70.7,70.9
UP,1021PR001,2021-10-01,6:24 AM,Other impacts,0,NORTHLAKE,IL,61,1,Dawn,Clear,Yard,Yard/switching,2,13355,250,14413,M599,41.923776,-87.914358,68.8,72.1,71.8
UP,0517PR026,2017-05-15,12:00 PM,Other (describe in narrative),0,NORTHLAKE,IL,65,2,Day,Clear,Yard,Single Car,0,11953,0,11953,M411,41.900159,-87.911359,58.9,66.6,75.9
UP,0415PR008,2015-04-13,10:30 AM,Derailment,0,NORTHLAKE,IL,51,2,Day,Clear,Yard,Yard/switching,5,84849,101255,186104,T220,41.910868,-87.914992,56.5,59.9,55.7
UP,0515PR003,2015-05-01,10:30 AM,Other impacts,0,NORTHLAKE,IL,65,2,Day,Clear,Yard,Single Car,0,59443,0,68732,H601,41.895953,-87.907423,45.3,52.8,64.8
UP,0615PR015,2015-06-19,1:30 AM,Side collision,0,NORTHLAKE,IL,65,4,Dark,Cloudy,Yard,Light loco(s),3,17327,66,75955,H605,41.909337,-87.915129,71,59.8,65.7
UP,0715PR023,2015-07-28,9:30 PM,Other impacts,0,NORTHLAKE,IL,78,4,Dark,Clear,Yard,Cut of cars,5,3575,3612,60749,H020,41.909337,-87.915129,77.9,80.9,80.4
UP,0415PR006,2015-04-08,6:10 PM,Derailment,0,NORTHLAKE,IL,65,3,Dusk,Cloudy,Yard,Yard/switching,0,26720,264,26984,M411,41.89718,-87.901289,41.5,43.8,56.7
UP,0115PR015,2015-01-17,1:05 PM,Other (describe in narrative),0,NORTHLAKE,IL,25,2,Day,Cloudy,Yard,Single Car,10,11296,0,11296,H601,41.909293,-87.91538,28.5,37.1,35.5
UP,0315PR027,2015-03-27,8:15 AM,Other impacts,0,NORTHLAKE,IL,20,2,Day,Cloudy,Yard,Cut of cars,5,39680,528,44374,S011,41.910868,-87.914992,36.4,27,27.6
UP,0515PR001,2015-05-01,10:00 AM,Other (describe in narrative),0,NORTHLAKE,IL,58,2,Day,Clear,Yard,Single Car,5,34591,0,34591,H601,41.910672,-87.915234,45.3,52.8,64.8
UP,0715PR023,2015-07-28,9:30 PM,Other impacts,0,NORTHLAKE,IL,78,4,Dark,Clear,Yard,Yard/switching,0,53562,0,60749,H020,41.909337,-87.915129,77.9,80.9,80.4
UP,1216PR017,2016-12-21,12:00 PM,Other impacts,0,NORTHLAKE,IL,25,2,Day,Clear,Yard,Single Car,7,11041,0,11041,M411,41.903096,-87.917886,22.6,28.4,32.8
UP,0715PR024,2015-07-31,9:00 AM,Other (describe in narrative),0,NORTHLAKE,IL,77,2,Day,Clear,Yard,Single Car,5,45026,0,45026,H601,41.909337,-87.915129,78.1,77.7,76.4
UP,0515PR023,2015-05-22,10:59 AM,Other (describe in narrative),0,NORTHLAKE,IL,65,2,Day,Clear,Yard,Single Car,10,48096,0,48096,H601,41.895953,-87.907423,55.9,57.1,65.2
UP,0919PR012,2019-09-14,3:30 PM,Derailment,0,NORTHLAKE,IL,80,2,Day,Clear,Yard,Freight Train,8,10670,800,11470,T204,41.89829,-87.899164,70.8,68.8,70.7
UP,1023PR014,2023-10-22,5:20 AM,Derailment,0,NORTHLAKE,IL,44,1,Dawn,Clear,Yard,Yard/switching,4,10138,11250,21388,T317,41.925965,-87.914154,53.7,50.2,55.4
UP,0216PR021,2016-02-29,10:10 AM,Derailment,0,NORTHLAKE,IL,40,2,Day,Clear,Yard,Yard/switching,7,438,11905,12343,T314,41.909337,-87.915129,50.9,37.6,25.7
UP,0215PR012,2015-02-14,8:00 AM,Derailment,0,NORTHLAKE,IL,10,2,Day,Cloudy,Yard,Freight Train,5,12659,1980,14639,T101,41.894805,-87.884375,14.9,13.8,7
UP,1214PR013,2014-12-11,9:23 PM,Derailment,0,NORTHLAKE,IL,35,4,Dark,Cloudy,Yard,Yard/switching,4,29729,4326,34055,T113,41.909293,-87.91538,31,27.4,30.7
UP,0520PR020,2020-05-29,12:30 PM,Derailment,0,NORTHLAKE,IL,73,2,Day,Clear,Industry,Yard/switching,4,11885,2513,14398,T110,41.909367,-87.914699,73.1,66,62.4
UP,0315PR021,2015-03-18,1:15 PM,Derailment,0,NORTHLAKE,IL,45,2,Day,Cloudy,Yard,Freight Train,5,175084,262200,437284,T101,41.893709,-87.887155,39.1,38.5,41.8
UP,1015PR025,2015-10-29,1:15 PM,Derailment,0,NORTHLAKE,IL,37,2,Day,Cloudy,Yard,Freight Train,8,15761,12021,27782,T210,41.909337,-87.915129,50.7,41.7,46.3
UP,1015PR008,2015-10-11,4:20 AM,Derailment,0,NORTHLAKE,IL,47,4,Dark,Clear,Yard,Yard/switching,10,39251,2312,41563,T207,41.909326,-87.915428,54.3,64.5,65.7
UP,0918PR004,2018-09-03,3:01 AM,Derailment,0,NORTHLAKE,IL,72,4,Dark,Cloudy,Yard,Yard/switching,3,7900,10700,18600,T314,41.909328,-87.91514,80.6,75.2,81.7
UP,1015PR010,2015-10-17,12:40 PM,Derailment,0,NORTHLAKE,IL,55,2,Day,Clear,Yard,Yard/switching,2,16032,4570,20602,T316,41.909337,-87.915129,47.5,42.1,45.6
UP,0216PR008,2016-02-18,5:00 AM,Derailment,0,NORTHLAKE,IL,26,1,Dawn,Cloudy,Yard,Yard/switching,4,37788,36856,74644,T207,41.894722,-87.896426,27.7,33.3,50.2
UP,0217PR018,2017-02-14,6:20 PM,Derailment,0,NORTHLAKE,IL,35,4,Dark,Clear,Yard,Freight Train,4,11242,1056,12298,T403,41.909328,-87.91514,35.5,40.4,31.3
UP,1215PR007,2015-12-14,4:00 PM,Derailment,0,NORTHLAKE,IL,50,3,Dusk,Rain,Yard,Freight Train,5,15699,9248,30230,T308,41.909337,-87.915129,58,51.4,40.6
UP,0819PR031,2019-08-29,5:58 PM,Derailment,0,NORTHLAKE,IL,84,2,Day,Cloudy,Yard,Light loco(s),9,7099,76129,83228,T403,41.915396,-87.913955,67.8,71.9,67.5
UP,1215PR007,2015-12-14,4:00 PM,Derailment,0,NORTHLAKE,IL,50,3,Dusk,Rain,Yard,Light loco(s),0,5283,0,30230,T308,41.909337,-87.915129,58,51.4,40.6
BPRR,BPR671518D,2018-05-23,6:45 AM,Derailment,0,NORTHPOINT,PA,62,1,Dawn,Fog,Main,Freight Train,30,554891,250000,804891,T111,40.90209,-79.139049,65.8,63.9,66.2
BPRR,BPR982922D,2022-01-17,12:00 PM,Derailment,0,NORTHPOINT,PA,21,2,Day,Snow,Main,Freight Train,30,790588,160458,951046,T207,40.906657,-79.121298,13,27,24.8
SVRR,SVRR092718,2018-09-27,8:51 AM,Other (describe in narrative),0,NORTHUMBERLAND,PA,57,2,Day,Clear,Main,Freight Train,14,0,0,19322,H221,40.876592,-76.786392,70.4,58.6,58.8
NS,131208,2018-09-27,8:51 AM,Other (describe in narrative),0,NORTHUMBERLAND,PA,57,2,Day,Clear,Main,,0,0,19322,19322,H221,40.876592,-76.786392,70.4,58.6,58.8
NS,152141,2023-01-30,11:00 PM,Derailment,0,NORTHUMBERLAND,PA,34,4,Dark,Rain,Yard,Yard/switching,6,88500,3294,91794,T207,40.899891,-76.821003,37.2,43.2,33.6
CSX,000144488,2015-04-09,8:30 AM,Obstruction,0,NORTHVILLE,MI,41,2,Day,Fog,Main,Spec. MoW Equip.,18,63000,0,63000,H997,42.396018,-83.549047,41.9,49.6,55.5
CSX,000144488,2015-04-09,8:30 AM,Obstruction,0,NORTHVILLE,MI,41,2,Day,Fog,Main,Spec. MoW Equip.,0,0,0,63000,H997,42.396018,-83.549047,41.9,49.6,55.5
ATK,177431,2023-12-02,4:49 AM,Hwy-rail crossing,0,NORTHWOOD,OH,44,4,Dark,Rain,Main,Passenger Train - Pulling,78,14075,0,14075,M308,41.587994,-83.461199,46.5,44,43.1
BNSF,TC1023114,2023-10-27,2:11 PM,Derailment,0,NORTHWOOD,ND,32,2,Day,Rain,Industry,Freight Train,8,42265,0,42265,T110,47.740947,-97.569368,32.9,26.5,20.5
MCRL,MC240625A,2024-06-25,1:30 PM,Other (describe in narrative),0,NORTON,MA,80,2,Day,Clear,Main,Spec. MoW Equip.,1,0,51087,51087,M599,41.945759,-71.231661,76.7,76.9,78.1
MNCW,2019156,2019-10-14,10:45 AM,Rear end collision,0,NORWALK,CT,60,2,Day,Clear,Main,Spec. MoW Equip.,10,0,0,21084,H607,41.133485,-73.42511,56.7,59.5,52.6
MNCW,2019156,2019-10-14,10:45 AM,Rear end collision,0,NORWALK,CT,60,2,Day,Clear,Main,Spec. MoW Equip.,0,357,0,21084,H607,41.133485,-73.42511,56.7,59.5,52.6
MNCW,2019156,2019-10-14,10:45 AM,Rear end collision,0,NORWALK,CT,60,2,Day,Clear,Main,Spec. MoW Equip.,10,7085,0,21084,H607,41.133485,-73.42511,56.7,59.5,52.6
MNCW,80569,2023-08-29,9:50 AM,Derailment,0,NORWALK,CT,80,2,Day,Clear,Main,Spec. MoW Equip.,0,25000,0,25000,H999,41.099909,-73.417415,70.9,70.8,74.2
MNCW,2019156,2019-10-14,10:45 AM,Rear end collision,0,NORWALK,CT,60,2,Day,Clear,Main,Spec. MoW Equip.,10,52,0,21084,H607,41.133485,-73.42511,56.7,59.5,52.6
MNCW,2019156,2019-10-14,10:45 AM,Rear end collision,0,NORWALK,CT,60,2,Day,Clear,Main,Spec. MoW Equip.,0,4262,0,21084,H607,41.133485,-73.42511,56.7,59.5,52.6
MNCW,2019156,2019-10-14,10:45 AM,Rear end collision,0,NORWALK,CT,60,2,Day,Clear,Main,Spec. MoW Equip.,0,9328,0,21084,H607,41.133485,-73.42511,56.7,59.5,52.6
MNCW,2016052819,2016-05-28,2:05 PM,Other (describe in narrative),0,NORWALK,CT,90,2,Day,Clear,Main,Commuter Train - Pushing,7,25000,2500,27500,H999,41.100175,-73.416705,70.9,75.4,74.3
MNCW,2019156,2019-10-14,10:45 AM,Rear end collision,0,NORWALK,CT,60,2,Day,Clear,Main,Spec. MoW Equip.,10,0,0,21084,H607,41.133485,-73.42511,56.7,59.5,52.6
MNCW,201973,2019-06-20,7:05 AM,Obstruction,0,NORWALK,CT,70,1,Dawn,Clear,Main,EMU,39,14854,0,14904,H999,41.109786,-73.391397,67,67.7,69.7
MNCW,201973,2019-06-20,7:05 AM,Obstruction,0,NORWALK,CT,70,1,Dawn,Clear,Main,Spec. MoW Equip.,0,50,0,14904,H999,41.109786,-73.391397,67,67.7,69.7
MNCW,71669,2020-01-25,1:10 AM,Derailment,0,NORWALK,CT,40,4,Dark,Clear,Main,Spec. MoW Equip.,2,31203,0,31203,E99C,41.098757,-73.419201,36.6,39.5,39.3
ATK,143856,2016-08-16,5:17 PM,Other (describe in narrative),0,NORWALK,CT,85,2,Day,Clear,Main,Passenger Train - Pulling,14,11928,0,12678,T404,41.09853,-73.41927,80.1,79,78.9
MNCW,2016081632,2016-08-16,5:17 PM,Other (describe in narrative),0,NORWALK,CT,82,2,Day,Clear,Main,EMU,0,0,750,12678,T404,41.09853,-73.41927,80.1,79,78.9
MNCW,82577,2024-05-20,4:44 PM,Other (describe in narrative),0,NORWALK,CT,69,2,Day,Clear,Main,EMU,30,63626,40000,103626,T404,41.102757,-73.407769,63.5,61.8,66.3
MNCW,82945,2024-06-11,7:10 PM,Other (describe in narrative),0,NORWALK,CT,72,3,Dusk,Cloudy,Main,EMU,0,0,27890,54976,T404,41.119256,-73.36926,65.4,64.1,66.2
ATK,180655,2024-06-11,6:55 PM,Other (describe in narrative),0,NORWALK,CT,0,2,Day,Clear,Main,Passenger Train - Pulling,70,27086,0,54976,T404,41.118359,-73.374195,65.4,64.1,66.2
MNCW,2017111614,2017-11-16,8:22 AM,Other (describe in narrative),0,NORWALK,CT,48,2,Day,Rain,Main,EMU,70,15000,500,15500,T404,41.10512,-73.401295,40.3,49.7,41.8
PW,PWR505017A,2017-11-30,4:00 AM,Other impacts,0,NORWICH,CT,42,4,Dark,Clear,Main,Freight Train,10,64000,0,64000,H508,41.458299,-72.07909,50.4,38.8,45.1
BNSF,HL1021123,2021-10-29,11:20 AM,Derailment,0,NORWOOD,MO,40,2,Day,Rain,Main,Freight Train,1,178316,0,178316,M101,37.104064,-92.440301,51.3,48.7,52
TCWR,20190110A,2019-01-10,9:00 PM,Derailment,0,NORWOOD,MN,20,4,Dark,Cloudy,Main,Freight Train,10,20000,5500,25500,E67C,44.767246,-93.911047,9.6,18.1,25.4
UP,0320TO031,2020-03-25,10:25 AM,Obstruction,0,NOTREES,TX,65,2,Day,Clear,Main,Freight Train,47,12030,165,12195,M402,31.648747,-102.751503,66.6,71.1,74.9
BNSF,TC0222110,2022-02-23,2:14 PM,Derailment,0,NOYES,MN,-10,2,Day,Clear,Main,Freight Train,6,13778,7500,21278,M101,48.959787,-97.174572,-15.7,-15.1,-12.6
CPKC,1001954852,2023-08-29,6:15 PM,Hwy-rail crossing,0,NOYES,MN,75,3,Dusk,Clear,Main,Freight Train,37,11961,2239,14200,M302,48.963135,-97.062677,66.8,63.7,63.9
BNSF,TC0317115,2017-03-21,8:30 PM,Other (describe in narrative),0,NOYES,MN,27,3,Dusk,Clear,Siding,Freight Train,10,0,25570,25570,H704,48.962452,-97.183196,34.4,16.4,23.5
CSX,000144850,2015-04-13,11:55 AM,Derailment,0,O FALLON,IL,64,2,Day,Cloudy,Siding,Freight Train,10,39966,1140,41106,E34C,38.592601,-89.92508,62.1,62.7,60.2
RWRR,220925001,2022-09-25,11:00 AM,Derailment,0,OACOMA,SD,69,2,Day,Clear,Main,Freight Train,10,5000,639000,644000,T001,43.816823,-99.423912,63.4,60.6,57.8
UP,0920RM022,2020-09-21,1:32 PM,Derailment,0,OAK CREEK,CO,70,2,Day,Clear,Main,Freight Train,36,6786,98380,105166,E61C,40.341625,-106.94518,57.4,59.6,58.4
UP,0519PR008,2019-05-27,9:24 AM,Other impacts,0,OAK CREEK,WI,58,2,Day,Clear,Industry,Freight Train,9,262288,15768,329318,H605,42.847205,-87.836779,62.9,53.8,53.8
UP,0519PR008,2019-05-27,9:24 AM,Other impacts,0,OAK CREEK,WI,58,2,Day,Clear,Industry,Cut of cars,0,51262,0,329318,H605,42.847205,-87.836779,62.9,53.8,53.8
UP,0218DV006,2018-02-14,12:41 AM,Derailment,0,OAK CREEK,CO,18,4,Dark,Cloudy,Industry,Freight Train,1,155458,2577,158035,T111,40.350745,-107.066295,32.9,36.2,27.6
NS,153592,2023-06-24,7:00 AM,Other impacts,0,OAK HARBOR,OH,86,1,Dawn,Clear,Main,Work train,19,10000,300000,310000,E19C,41.520185,-83.150723,68.1,73,74.7
IHB,2163,2015-12-06,4:50 AM,Hwy-rail crossing,0,OAK LAWN,IL,31,4,Dark,Clear,Main,Freight Train,10,12625,0,12625,M302,41.695652,-87.759155,35.4,39.5,36.7
BNSF,NW1017116,2017-10-25,1:41 AM,Obstruction,0,OAKBROOK,OR,42,4,Dark,Clear,Main,Freight Train,35,22264,1490,23754,M404,45.331753,-120.950188,74.1,65.1,61.8
NS,115601,2015-05-10,5:30 AM,Derailment,0,OAKDALE,GA,68,1,Dawn,Clear,Yard,Yard/switching,8,12871,2998,15869,H305,33.793908,-84.445462,74.7,77.2,78.8
NS,122890,2016-11-26,4:45 AM,Side collision,0,OAKDALE,GA,72,1,Dawn,Clear,Yard,Yard/switching,8,7868,0,11609,H607,33.793887,-84.445407,65.5,60.3,52
NS,118341,2015-11-23,11:45 PM,Derailment,0,OAKDALE,GA,31,4,Dark,Clear,Main,Freight Train,16,5650,50000,55650,E67C,33.809524,-84.487033,58.2,46.9,47.9
NS,122890,2016-11-26,4:45 AM,Side collision,0,OAKDALE,GA,72,1,Dawn,Clear,Yard,Yard/switching,3,1000,2741,11609,H607,33.793887,-84.445407,65.5,60.3,52
UP,0116LV004,2016-01-09,9:19 PM,Hwy-rail crossing,0,OAKDALE,LA,47,4,Dark,Clear,Main,Freight Train,49,44297,15500,59797,M303,30.787575,-92.677632,59.4,55,41.2
NS,120833,2016-06-11,12:05 PM,Derailment,0,OAKDALE,GA,90,2,Day,Clear,Yard,Yard/switching,8,15,11703,11718,T207,33.793908,-84.445462,81.3,81.1,85
NS,116243,2015-06-25,3:30 AM,Derailment,0,OAKDALE,GA,88,4,Dark,Clear,Yard,Yard/switching,6,28,10966,10994,T110,33.806706,-84.462846,84,79.7,81.9
NS,119791,2016-03-18,1:30 PM,Derailment,0,OAKDALE,GA,74,2,Day,Clear,Yard,Freight Train,7,200,20550,20750,T311,33.793908,-84.445462,70.4,67.4,67.9
RRVW,102018,2018-10-20,11:30 AM,Hwy-rail crossing,0,OAKES,ND,40,2,Day,Clear,Main,Freight Train,22,43387,0,43387,M302,46.230639,-98.131134,49.3,33.7,41.1
DMVW,DM240613A,2024-06-13,3:00 PM,Derailment,0,OAKES,ND,79,2,Day,Clear,Main,Freight Train,25,937726,100000,1037726,T109,46.137834,-97.96887,74.4,69.3,67.8
RRVW,32718OAKES,2018-03-27,6:40 PM,Derailment,0,OAKES,ND,40,3,Dusk,Clear,Yard,Freight Train,9,154978,61442,216420,T110,46.131736,-98.096936,30.5,34.1,32.8
DMVW,DE531NOR,2017-05-31,4:35 PM,Derailment,0,OAKES,ND,77,2,Day,Clear,Main,Freight Train,10,28220,6168,34388,T319,46.141033,-98.150291,53.1,60.7,67.7
RRVW,20704,2020-04-22,4:30 AM,Derailment,0,OAKES,ND,40,4,Dark,Cloudy,Main,Freight Train,8,325000,500000,825000,T001,46.19626,-98.108484,38.9,49.5,53.8
MNR,65194,2017-05-26,8:47 PM,Derailment,0,OAKFIELD,ME,51,4,Dark,Clear,Main,Freight Train,17,10000,100000,110000,M405,46.170565,-68.162268,56.6,48.8,52.2
MNR,689322,2023-04-11,6:05 PM,Derailment,0,OAKFIELD,ME,52,4,Dark,Clear,Yard,Yard/switching,5,0,14518,14518,H514,46.109821,-68.147621,45.2,50.8,45.8
MNR,155827,2019-05-21,11:23 PM,Derailment,0,OAKFIELD,ME,40,4,Dark,Clear,Main,Freight Train,10,133000,71549,204549,T101,46.336724,-68.253832,49.9,48.6,47.7
MNR,429204,2021-07-06,3:45 PM,Derailment,0,OAKFIELD,ME,77,2,Day,Clear,Yard,Yard/switching,3,32000,16640,48640,T110,46.108105,-68.146619,64.4,67.5,67.6
CORP,COR648520D,2020-12-23,3:40 PM,Derailment,0,OAKLAND,OR,45,2,Day,Cloudy,Main,Freight Train,11,9160,82000,91160,E4BC,43.489258,-123.293629,40.9,36.4,34.1
CORP,COR620620D,2020-11-30,8:50 AM,Derailment,0,OAKLAND,OR,40,2,Day,Cloudy,Main,Freight Train,1,30000,0,30000,H522,43.527393,-123.283,37.9,42.4,38.7
CORP,COR654914D,2014-11-17,10:20 AM,Derailment,0,OAKLAND,OR,30,2,Day,Clear,Main,Freight Train,15,110000,70000,180000,T207,43.414346,-123.307607,39,37.8,39.3
ISRR,ISR041819A,2019-05-07,2:00 PM,Fire/violent rupture,0,OAKLAND CITY,IN,75,2,Day,Clear,Main,Spec. MoW Equip.,0,30000,0,30000,M406,38.350597,-87.337094,63.4,67.3,72.6
FEC,X13030622,2022-03-06,5:20 PM,Hwy-rail crossing,0,OAKLAND PARK,FL,79,2,Day,Clear,Main,,0,0,890,16326,M308,26.170479,-80.131404,77,77.7,78
FEC,X19042022,2022-04-20,9:36 AM,Hwy-rail crossing,0,OAKLAND PARK,FL,84,2,Day,Clear,Main,,0,0,1026,18329,M308,26.170479,-80.131404,77.2,76,76.4
FEC,X33091219,2019-09-12,10:30 AM,Hwy-rail crossing,0,OAKLAND PARK,FL,90,2,Day,Clear,Main,,0,0,7012,422111,M308,26.10135,-80.075291,85,83.2,83
BLF,20190361,2019-09-12,10:30 AM,Hwy-rail crossing,0,OAKLAND PARK,FL,90,2,Day,Clear,Main,Passenger Train - Pulling,78,415099,0,422111,M308,26.10135,-80.075291,85,83.2,83
BLF,20220431,2022-04-20,9:36 AM,Hwy-rail crossing,0,OAKLAND PARK,FL,84,2,Day,Clear,Main,Passenger Train - Pulling,78,17303,0,18329,M308,26.170479,-80.131404,77.2,76,76.4
BLF,20220540,2022-06-07,2:24 PM,Hwy-rail crossing,0,OAKLAND PARK,FL,80,2,Day,Rain,Main,Passenger Train - Pulling,77,28000,0,28208,M308,26.20364,-80.13234,82.3,78.9,79.6
BLF,20220330,2022-03-06,5:20 PM,Hwy-rail crossing,0,OAKLAND PARK,FL,79,2,Day,Clear,Main,Passenger Train - Pulling,79,15436,0,16326,M308,26.170479,-80.131404,77,77.7,78
FEC,X30060722,2022-06-07,2:24 PM,Hwy-rail crossing,0,OAKLAND PARK,FL,80,2,Day,Rain,Main,,0,0,208,28208,M308,26.20364,-80.13234,82.3,78.9,79.6
BLF,20190026,2019-01-23,2:17 PM,Hwy-rail crossing,0,OAKLAND PARK,FL,77,2,Day,Clear,Main,Passenger Train - Pulling,79,15470,0,16604,M303,26.174178,-80.13187,70.7,74.1,74.4
FEC,X04012319,2019-01-23,2:17 PM,Hwy-rail crossing,0,OAKLAND PARK,FL,77,2,Day,Clear,Main,,0,0,1134,16604,M303,26.174178,-80.13187,70.7,74.1,74.4
NS,135212,2019-08-23,11:30 AM,Other impacts,0,OAKLEY,IL,82,2,Day,Clear,Yard,Freight Train,8,44512,0,142278,H306,39.862598,-88.881305,73.4,67.3,63.7
NS,135212,2019-08-23,11:30 AM,Other impacts,0,OAKLEY,IL,82,2,Day,Clear,Yard,Cut of cars,0,64238,33528,142278,H306,39.862598,-88.881305,73.4,67.3,63.7
UP,0117DV014,2017-01-09,5:32 PM,Derailment,0,OAKLEY,KS,42,2,Day,Cloudy,Yard,Yard/switching,2,567,12743,13310,T206,39.124644,-100.859252,26.1,41.2,44.9
NS,137507,2020-03-17,2:00 AM,Derailment,0,OAKLEY,IL,45,4,Dark,Clear,Yard,Yard/switching,7,11732,2781,14513,T110,39.862598,-88.881305,39.1,43.2,45.2
NS,155638,2024-01-31,7:45 AM,Hwy-rail crossing,0,OAKMAN,AL,31,1,Dawn,Clear,Siding,Spec. MoW Equip.,5,25000,0,25000,M302,33.713908,-87.334928,47.7,45.7,44.7
UP,0415PD004,2015-04-02,12:30 PM,Derailment,0,OAKRIDGE,OR,65,2,Day,Clear,Siding,Maint./inspect Car,3,8463,3148,11611,H702,43.746963,-122.45271,45.5,46.1,44.3
UP,0315PD005,2015-03-02,3:22 AM,Derailment,0,OAKRIDGE,OR,28,4,Dark,Clear,Main,Freight Train,20,344163,115506,459669,T001,43.646369,-122.2429,40.9,44.8,40.3
CSX,000207564,2022-09-30,9:20 PM,Side collision,0,OAKTOWN,IN,53,4,Dark,Clear,Industry,Freight Train,5,5481,0,26308,H702,38.871733,-87.439665,53.6,55.4,58.4
CSX,000207564,2022-09-30,9:20 PM,Side collision,0,OAKTOWN,IN,53,4,Dark,Clear,Industry,Freight Train,0,20827,0,26308,H702,38.871733,-87.439665,53.6,55.4,58.4
CSX,000174838,2018-02-21,8:30 AM,Derailment,0,OAKTOWN,IN,33,2,Day,Clear,Industry,Freight Train,4,45097,250,45347,M501,38.871734,-87.439675,68.3,40.1,43.6
CSX,000186061,2019-10-19,6:35 PM,Hwy-rail crossing,0,OAKTOWN,IN,60,3,Dusk,Clear,Main,Freight Train,34,22908,2299,25207,M302,38.804448,-87.456792,47.6,53.3,59.2
ATK,165800,2020-11-11,7:20 AM,Obstruction,0,OAKVILLE,MO,36,1,Dawn,Cloudy,Main,Passenger Train - Pulling,60,17799,0,17799,M404,38.429473,-90.305802,64.3,42.6,45.1
PSAP,PSA834524D,2024-06-17,12:30 AM,Derailment,0,OAKVILLE,WA,46,4,Dark,Clear,Main,Freight Train,15,500000,5000,505000,T207,46.831448,-123.188783,51.9,53.5,57.3
NS,156656,2024-05-10,12:45 AM,Other impacts,0,OAKWOD,MI,50,4,Dark,Clear,Yard,Freight Train,0,34000,0,55800,H306,42.279664,-83.16782,53.2,53.9,51
NS,156656,2024-05-10,12:45 AM,Other impacts,0,OAKWOD,MI,50,4,Dark,Clear,Yard,Yard/switching,7,20300,1500,55800,H306,42.279664,-83.16782,53.2,53.9,51
UP,1017HO034,2017-10-31,10:58 AM,Fire/violent rupture,0,OAKWOOD,TX,72,2,Day,Cloudy,Main,Freight Train,20,88649,9184,97833,M506,31.555655,-95.87646,59.1,56,62.7