reportingrailroadcode,accidentnumber,date,time,accidenttype,hazmatreleasedcars,station,stateabbr,temperature,visibility_code,visibility,weathercondition,tracktype,equipmenttype,trainspeed,equipmentdamagecost,trackdamagecost,totaldamagecost,primaryaccidentcausecode,latitude,longitude,prior_temp,actual_temp,following_temp
NS,137530,2020-03-19,4:00 PM,Other (describe in narrative),0,OBERLIN,PA,55,3,Dusk,Cloudy,Yard,Yard/switching,8,114000,9312,123312,H306,40.262669,-76.788229,47.8,48.6,60.6
NS,128314,2018-01-29,4:50 AM,Other (describe in narrative),0,OBERLIN,PA,36,1,Dawn,Clear,Yard,Light loco(s),6,12495,150,12645,H702,40.256386,-76.802178,45.6,38.7,28.6
NS,121433,2016-07-28,1:15 AM,Derailment,0,OBERLIN,PA,74,4,Dark,Clear,Yard,Yard/switching,16,13517,0,13517,H306,40.256386,-76.802178,83,78.7,81.1
NS,130781,2018-08-31,12:15 PM,Other (describe in narrative),0,OBERLIN,PA,78,2,Day,Cloudy,Yard,Yard/switching,2,30000,1510,31510,H702,40.256386,-76.802178,82.5,75.6,73.5
NS,136773,2020-01-08,10:00 AM,Other (describe in narrative),0,OBERLIN,PA,35,2,Day,Clear,Yard,Single Car,5,2000,9126,11126,H018,40.256386,-76.802178,34.2,30.7,26.8
NS,126532,2017-09-06,8:25 PM,Derailment,0,OBERLIN,PA,60,4,Dark,Rain,Yard,Yard/switching,7,12227,585,12812,H702,40.256386,-76.802178,70.3,62.5,62.8
NS,133442,2019-04-03,5:35 AM,Derailment,0,OBERLIN,PA,28,1,Dawn,Clear,Siding,Freight Train,5,292418,41555,333973,T208,40.256386,-76.802178,40.6,48.3,51.3
NS,124059,2017-02-21,5:00 PM,Derailment,0,OBETZ,OH,66,3,Dusk,Clear,Yard,Freight Train,0,26600,0,26600,H312,39.92165,-82.946547,47.1,56.5,56.6
IC,1141547,2023-11-15,7:40 AM,Derailment,0,OBION,TN,50,2,Day,Clear,Industry,Maint./inspect Car,0,300000,5000,305000,H993,36.259582,-89.187327,51.6,56.8,59.2
CSX,000164377,2016-11-16,3:55 AM,Side collision,0,OCALA,FL,45,4,Dark,Clear,Main,Freight Train,20,1045972,284087,4441401,H221,29.393677,-82.103023,59.1,58.7,58.1
CSX,000140971,2015-02-04,7:05 PM,Hwy-rail crossing,0,OCALA,FL,58,3,Dusk,Cloudy,Main,Freight Train,35,854,56897,57751,M399,29.134962,-82.103379,47.1,56.1,57.7
CSX,000164377,2016-11-16,3:55 AM,Side collision,0,OCALA,FL,45,4,Dark,Clear,Main,Freight Train,38,3111342,0,4441401,H221,29.393677,-82.103023,59.1,58.7,58.1
CSX,000200336,2021-09-27,3:13 PM,Derailment,0,OCALA,FL,85,2,Day,Clear,Main,Freight Train,23,10800,694,11494,E53C,29.196872,-82.132737,77.2,75.3,74.9
FNOR,FN1721,2021-08-14,9:20 AM,Derailment,0,OCALA,FL,88,2,Day,Cloudy,Yard,Freight Train,0,8168,17329,25497,T109,29.081533,-82.04424,79.7,77.2,79.8
CSX,000213822,2023-10-01,3:00 AM,Obstruction,0,OCEAN SPGS,MS,68,4,Dark,Clear,Main,Freight Train,40,0,46662,46662,M402,30.415414,-88.820362,78.1,78.5,76.4
NS,142543,2021-08-16,12:45 AM,Derailment,0,OCONEE,GA,72,4,Dark,Clear,Main,Freight Train,42,1308285,427678,1735963,T221,32.857344,-82.950462,78.4,77.7,80.2
CP,1000959689,2019-03-22,8:10 AM,Hwy-rail crossing,0,OCONOMOWOC,WI,45,2,Day,Clear,Main,Freight Train,49,50000,72000,122000,M302,43.109436,-88.499364,38.6,36.7,35.8
ELS,22003,2022-06-15,2:50 PM,Derailment,0,OCONTO FALLS,WI,71,2,Day,Clear,Yard,Cut of cars,5,42000,15500,57500,T205,44.8739,-88.1429,70.5,80.6,73.1
NS,134451,2019-06-22,4:30 PM,Obstruction,0,ODELL,IN,72,3,Dusk,Cloudy,Main,Freight Train,0,2199,27698,29897,M404,40.338162,-87.125522,64.8,69.2,72.3
UP,0215HO022,2015-02-13,7:20 AM,Derailment,0,ODEM,TX,50,1,Dawn,Cloudy,Yard,Freight Train,3,6029,176770,182799,T313,27.946662,-97.579769,62.2,59.1,62.3
ATK,148217,2017-06-21,2:00 AM,Other (describe in narrative),0,ODENTON,MD,64,4,Dark,Clear,Main,Passenger Train - Pulling,0,23121,0,23121,E78L,39.083998,-76.700246,77.7,78.1,79.1
ATK,136592,2015-03-06,9:23 PM,Derailment,0,ODENTON,MD,15,4,Dark,Clear,Main,Passenger Train - Pulling,85,57406,288630,346036,E69C,39.084205,-76.707895,30.4,18.6,27.9
ATK,160023,2019-07-12,8:12 AM,Derailment,0,ODENTON,MD,75,2,Day,Clear,Main,Work train,2,64700,0,64700,M299,38.90148,-77.004578,79.1,80.4,81
UP,1214FW002,2014-12-04,2:55 PM,Hwy-rail crossing,0,ODESSA,TX,65,2,Day,Clear,Main,Freight Train,61,21366,0,21366,M302,31.719148,-102.63081,54.6,54.1,58
UP,1114FW036,2014-11-29,5:25 PM,Derailment,0,ODESSA,TX,50,2,Day,Clear,Yard,Light loco(s),3,12939,3628,16567,H702,31.870087,-102.317165,55.9,58.8,59.7
UP,0518FW001,2018-05-01,10:00 AM,Derailment,0,ODESSA,TX,80,2,Day,Clear,Yard,Freight Train,5,677475,14520,691995,H702,31.886684,-102.284981,72.2,76.8,79.7
UP,0423TO028,2023-04-19,8:25 AM,Hwy-rail crossing,0,ODESSA,TX,63,2,Day,Clear,Main,Freight Train,50,8788,30000,38788,M302,31.814471,-102.424739,74.4,76.7,70.6
UP,0722TO013,2022-07-07,12:00 PM,Derailment,0,ODESSA,TX,91,2,Day,Clear,Yard,Freight Train,1,7916,99,8015,H503,31.873699,-102.310207,87.1,90,89.2
UP,0818FW040,2018-08-27,3:57 PM,Other (describe in narrative),0,ODESSA,TX,78,2,Day,Rain,Yard,Yard/switching,0,54557,100,54657,H318,31.873131,-102.311222,85.8,84.8,85.3
UP,0621TO029,2021-06-29,6:41 AM,Hwy-rail crossing,0,ODESSA,TX,68,1,Dawn,Clear,Main,Freight Train,60,5910,50033,55943,M308,31.898101,-102.263009,70.8,72.8,75.7
UP,0521TO029,2021-05-30,3:28 PM,Derailment,0,ODESSA,TX,80,2,Day,Clear,Industry,Freight Train,4,43450,1408,44858,H303,31.840556,-102.373701,70.9,71.3,65.7
UP,0218FW030,2018-02-27,4:14 PM,Hwy-rail crossing,0,ODESSA,TX,65,2,Day,Clear,Main,Freight Train,59,73990,2065,76055,M302,31.898854,-102.261553,50,62.6,63.2
BNSF,NW1017107,2017-10-15,7:50 PM,Derailment,0,ODESSA,WA,32,3,Dusk,Clear,Main,Spec. MoW Equip.,40,60000,19000,79000,H997,47.359664,-118.483414,41.9,43.8,44.5
UP,0615FW034,2015-06-25,9:25 AM,Hwy-rail crossing,0,ODESSA,TX,85,2,Day,Clear,Main,Freight Train,53,29526,0,29526,M303,31.656906,-102.737516,79.8,82.1,81.3
UP,0615FW019,2015-06-13,3:30 AM,Derailment,0,ODESSA,TX,70,4,Dark,Clear,Main,Freight Train,45,290121,407071,697192,E51C,31.90799,-102.243862,80.1,78,77.2
UP,0317FW040,2017-03-29,4:20 PM,Derailment,0,ODESSA,TX,70,2,Day,Clear,Yard,Yard/switching,5,14042,3860,17902,H704,31.870092,-102.317177,69.8,54.7,61.7
UP,1216FW003,2016-12-02,5:58 PM,Hwy-rail crossing,0,ODESSA,TX,48,3,Dusk,Rain,Main,Freight Train,60,27906,2500,30406,M304,31.8981,-102.263008,49.4,48.8,43.5
UP,0615FW001,2015-06-02,4:16 PM,Obstruction,0,ODESSA,TX,90,2,Day,Clear,Main,Freight Train,68,2956,72604,75560,M402,31.843261,-102.369039,76,78,79.8
UP,1118FW034,2018-11-27,5:05 AM,Derailment,0,ODESSA,TX,38,1,Dawn,Clear,Yard,Yard/switching,5,214692,41541,256233,T210,31.870027,-102.317121,40.5,49.8,54.9
UP,0718FW026,2018-07-10,6:10 PM,Derailment,0,ODESSA,TX,95,2,Day,Clear,Yard,Yard/switching,4,283325,23540,306865,T110,31.873131,-102.311222,77.7,78.6,83.1
UP,0419TO037,2019-04-24,2:00 AM,Derailment,0,ODESSA,TX,54,4,Dark,Rain,Industry,Yard/switching,5,132125,31200,163325,T201,31.874753,-102.296746,64.2,57.3,66.9
UP,1016FW024,2016-10-30,7:26 PM,Derailment,0,ODESSA,TX,67,3,Dusk,Clear,Industry,Freight Train,8,46599,330,46929,T299,31.861505,-102.333782,73.4,73.7,73.8
RCPE,RCP706024D,2024-02-20,7:30 PM,Derailment,0,OELRICHS,SD,35,4,Dark,Clear,Siding,Freight Train,2,100000,20000,120000,E46C,42.990588,-103.240252,38.3,41.4,39.5
UP,0720GP028,2020-07-26,1:01 PM,Fire/violent rupture,0,OGALLALA,NE,72,2,Day,Rain,Main,Freight Train,40,21405,0,21405,E73L,41.129617,-101.686848,78.8,72.3,74.8
UP,0222RM014,2022-02-16,11:16 PM,Derailment,0,OGDEN,UT,32,4,Dark,Clear,Yard,Freight Train,6,31483,63285,94768,H307,41.20334,-111.984943,41.6,33.1,31.6
UP,1017UT003,2017-10-01,1:50 PM,Derailment,0,OGDEN,UT,55,2,Day,Cloudy,Yard,Yard/switching,5,1469,191942,193411,M101,41.215755,-111.982732,55.3,48.9,40.9
UP,0720RM026,2020-07-23,8:21 PM,Derailment,0,OGDEN,UT,86,4,Dark,Clear,Yard,Light loco(s),5,22624,1495,24119,H702,41.206201,-111.984578,76.4,77.4,78.8
UP,0524RM011,2024-05-10,4:55 PM,Other impacts,0,OGDEN,UT,70,2,Day,Cloudy,Yard,Light loco(s),4,5309,15208,47747,H017,41.213316,-111.983614,52.7,60.2,61.8
UP,0419RM020,2019-04-15,11:00 AM,Derailment,0,OGDEN,UT,43,2,Day,Rain,Yard,Yard/switching,3,5291,38408,43699,M204,41.217159,-111.984236,48.3,46.9,43.9
UP,0523RM018,2023-05-18,12:30 AM,Derailment,0,OGDEN,UT,67,4,Dark,Clear,Yard,Yard/switching,7,9747,2533,12280,H305,41.215838,-111.983332,68.2,67.6,70
UP,0124RM016,2024-01-21,11:52 PM,Derailment,0,OGDEN,UT,37,4,Dark,Clear,Yard,Yard/switching,4,88415,37025,125440,E22C,41.202085,-111.985873,37.9,39.2,39.7
UP,1022RM025,2022-10-26,2:17 AM,Derailment,0,OGDEN,UT,40,4,Dark,Cloudy,Yard,Yard/switching,4,36682,113339,150021,E79L,41.214342,-111.983667,46.4,40.9,39.3
UP,0220RM019,2020-02-11,10:35 PM,Other (describe in narrative),0,OGDEN,UT,30,4,Dark,Clear,Main,Freight Train,20,100,17096,17196,E61C,41.210416,-111.988428,26.8,27.6,33.9
UP,0817UT015,2017-08-16,11:40 AM,Derailment,0,OGDEN,UT,75,2,Day,Clear,Yard,Freight Train,8,24648,30648,55296,E64C,41.201332,-111.985276,68.2,71.5,75.1
UP,1019RM026,2019-10-27,8:01 PM,Other impacts,0,OGDEN,UT,32,4,Dark,Cloudy,Yard,Yard/switching,6,115597,3828,226731,H310,41.188316,-111.989389,45.8,33.6,27.7
UP,0519RM024,2019-05-21,4:40 AM,Other impacts,0,OGDEN,UT,43,1,Dawn,Rain,Yard,Cut of cars,2,18416,0,175165,M199,41.199116,-111.9868,49.2,44.7,47.6
UP,1217UT028,2017-12-19,11:35 AM,Derailment,0,OGDEN,UT,35,2,Day,Clear,Yard,Yard/switching,3,42114,81748,123862,M405,41.199061,-111.986411,29.8,33.3,36.5
UP,1219RM014,2019-12-23,3:00 PM,Derailment,0,OGDEN,UT,45,2,Day,Cloudy,Yard,Yard/switching,8,17423,5267,22690,E29C,41.181872,-111.990695,41.8,44.1,42.8
UP,0621RM002,2021-06-03,4:15 PM,Derailment,0,OGDEN,UT,94,2,Day,Clear,Yard,Yard/switching,4,2560,13860,16420,T221,41.193742,-111.986786,76.1,80.4,83.3
UP,0419RM040,2019-04-23,9:48 PM,Derailment,0,OGDEN,UT,60,4,Dark,Clear,Yard,Freight Train,9,124293,24765,149058,H503,41.227448,-111.985863,52.5,54,57
UP,0919RM018,2019-09-28,3:30 AM,Other impacts,0,OGDEN,UT,56,4,Dark,Rain,Yard,Yard/switching,8,2961,1200,14053,H307,41.199138,-111.986901,60.8,52.4,41.7
UP,1222RM021,2022-12-20,10:05 AM,Other impacts,0,OGDEN,UT,26,2,Day,Cloudy,Main,Yard/switching,5,500,12758,299666,E04L,41.23345,-111.987805,19.8,28.5,36.5
UP,0423RM025,2023-04-26,2:40 PM,Other impacts,0,OGDEN,UT,56,2,Day,Clear,Industry,Freight Train,4,2652,0,14130,H318,41.26671,-112.21373,42.8,50.7,56.9
UP,0119RM042,2019-01-15,11:50 PM,Side collision,0,OGDEN,UT,28,4,Dark,Snow,Yard,Yard/switching,7,13920,250,14600,H020,41.227195,-111.985771,18.3,23.1,31.9
UP,0119RM030,2019-01-10,3:20 PM,Derailment,0,OGDEN,UT,33,2,Day,Snow,Yard,Yard/switching,5,10880,9220,20100,T211,41.217153,-111.983882,34,31.4,31.3
UP,1120RM031,2020-11-25,6:50 PM,Derailment,0,OGDEN,UT,44,3,Dusk,Clear,Yard,Yard/switching,3,13011,20198,33209,E53C,41.199071,-111.986459,32.4,35.9,32.7
UP,0418UT016,2018-04-19,2:40 PM,Other impacts,0,OGDEN,UT,65,2,Day,Cloudy,Yard,Freight Train,0,19020,0,176986,E39C,41.202344,-111.985192,43,53.5,55.8
UP,0519RM027,2019-05-21,10:28 PM,Derailment,0,OGDEN,UT,44,4,Dark,Cloudy,Yard,Yard/switching,7,48587,480,49067,H303,41.199037,-111.986138,49.2,44.7,47.6
UP,1019RM026,2019-10-27,8:01 PM,Other impacts,0,OGDEN,UT,32,4,Dark,Cloudy,Yard,Cut of cars,0,107306,0,226731,H310,41.188316,-111.989389,45.8,33.6,27.7
UP,1023RM018,2023-10-22,3:45 PM,Other impacts,0,OGDEN,UT,73,2,Day,Clear,Yard,Yard/switching,5,1646,300,13789,H310,41.200897,-111.985986,60.7,62.3,60.7
UP,0424RM025,2024-04-22,7:45 AM,Derailment,0,OGDEN,UT,53,2,Day,Clear,Yard,Yard/switching,5,11417,704,12523,T221,41.182025,-111.990723,61.7,60.7,61.8
UP,0917UT002,2017-09-10,11:45 PM,Other (describe in narrative),0,OGDEN,UT,70,4,Dark,Clear,Yard,Yard/switching,4,0,182891,182891,H702,41.199061,-111.986411,71.8,72.4,74.6
UP,1018UT009,2018-10-06,7:52 PM,Derailment,0,OGDEN,UT,53,3,Dusk,Cloudy,Yard,Yard/switching,25,110797,3164,113961,E08C,41.202257,-111.985886,50.2,50.2,52.9
UP,0818UT010,2018-08-08,4:55 PM,Derailment,0,OGDEN,UT,90,2,Day,Clear,Yard,Freight Train,5,4158,46265,50423,H702,41.204854,-111.984745,75.9,78.9,81.3
UP,0221RM032,2021-02-25,4:02 PM,Derailment,0,OGDEN,UT,37,2,Day,Cloudy,Yard,Yard/switching,10,145066,23395,168461,M405,41.227698,-111.985944,31.6,30,33.8
UP,0519RM017,2019-05-17,3:50 AM,Derailment,0,OGDEN,UT,46,4,Dark,Cloudy,Yard,Yard/switching,4,4424,13876,18300,H702,41.212579,-111.983824,65,45.7,46.3
UP,1222RM021,2022-12-20,10:05 AM,Other impacts,0,OGDEN,UT,26,2,Day,Cloudy,Main,Freight Train,5,286408,0,299666,E04L,41.23345,-111.987805,19.8,28.5,36.5
UP,0418UT010,2018-04-14,10:00 PM,Derailment,0,OGDEN,UT,50,4,Dark,Clear,Yard,Yard/switching,3,11840,600,12440,E04C,41.199108,-111.986744,39.2,44.5,54
UP,0621RM005,2021-06-04,1:30 PM,Derailment,0,OGDEN,UT,87,2,Day,Clear,Yard,Yard/switching,5,7340,15540,22880,M405,41.222134,-111.985154,80.4,83.3,82.7
UP,0317UT001,2017-03-02,12:40 AM,Derailment,0,OGDEN,UT,25,4,Dark,Cloudy,Yard,Yard/switching,3,19722,139325,159047,H702,41.199802,-111.985502,31.9,33.2,38.2
UP,0118UT029,2018-01-17,7:15 AM,Derailment,0,OGDEN,UT,35,4,Dark,Clear,Yard,Freight Train,2,6985,7838,14823,H702,41.215755,-111.982732,37.4,37.4,41.1
UP,0823RM029,2023-08-22,5:30 AM,Derailment,0,OGDEN,UT,74,1,Dawn,Rain,Yard,Yard/switching,1,20366,1654,22020,H318,41.203103,-111.985782,76.9,70.6,73.9
UP,0424RM025,2024-04-22,7:45 AM,Derailment,0,OGDEN,UT,53,2,Day,Clear,Yard,Freight Train,0,402,0,12523,T221,41.182025,-111.990723,61.7,60.7,61.8
UP,0721RM009,2021-07-09,8:55 PM,Derailment,0,OGDEN,UT,99,4,Dark,Cloudy,Yard,Yard/switching,2,155408,14881,170289,H503,41.225348,-111.984608,88.2,87.5,81
UP,0418UT016,2018-04-19,2:40 PM,Other impacts,0,OGDEN,UT,65,2,Day,Cloudy,Yard,Yard/switching,8,123299,34667,176986,E39C,41.202344,-111.985192,43,53.5,55.8
UP,0819RM011,2019-08-09,7:43 PM,Derailment,0,OGDEN,UT,84,3,Dusk,Clear,Yard,Freight Train,9,15347,300,15647,H504,41.218411,-111.986048,68,70.8,78
UP,0919RM018,2019-09-28,3:30 AM,Other impacts,0,OGDEN,UT,56,4,Dark,Rain,Yard,Light loco(s),0,0,0,14053,H307,41.199138,-111.986901,60.8,52.4,41.7
UP,0224RM016,2024-02-20,8:20 PM,Derailment,0,OGDEN,UT,44,4,Dark,Rain,Yard,Yard/switching,5,3974,32939,36913,E33C,41.213316,-111.983614,37.7,42.2,38.9
UP,0719RM022,2019-07-22,4:50 PM,Derailment,0,OGDEN,UT,95,2,Day,Clear,Yard,Yard/switching,2,28105,2739,30844,H702,41.227698,-111.985944,80.2,84.2,83.4
UP,0123RM002,2023-01-02,7:30 PM,Derailment,0,OGDEN,UT,30,3,Dusk,Cloudy,Yard,Yard/switching,2,4680,8437,13117,H018,41.213316,-111.983614,33.9,30.5,30.3
UP,0519RM024,2019-05-21,4:40 AM,Other impacts,0,OGDEN,UT,43,1,Dawn,Rain,Yard,Yard/switching,4,146424,10325,175165,M199,41.199116,-111.9868,49.2,44.7,47.6
UP,0218UT002,2018-02-03,7:40 PM,Derailment,0,OGDEN,UT,45,4,Dark,Clear,Yard,Yard/switching,3,291747,23822,315569,M501,41.215897,-111.983751,45.6,48,47.5
UP,0524RM011,2024-05-10,4:55 PM,Other impacts,0,OGDEN,UT,70,2,Day,Cloudy,Yard,Yard/switching,5,27230,0,47747,H017,41.213316,-111.983614,52.7,60.2,61.8
UP,0423RM025,2023-04-26,2:40 PM,Other impacts,0,OGDEN,UT,56,2,Day,Clear,Industry,Single Car,0,11478,0,14130,H318,41.26671,-112.21373,42.8,50.7,56.9
UP,0317UT012,2017-03-19,10:30 AM,Derailment,0,OGDEN,UT,68,2,Day,Clear,Yard,Yard/switching,5,1534,256155,257689,M410,41.20073,-111.986024,60.8,57.9,57.7
UP,1119RM019,2019-11-24,2:30 AM,Derailment,0,OGDEN,UT,30,4,Dark,Cloudy,Yard,Yard/switching,7,667,30325,30992,M404,41.18474,-111.990432,34.4,34.5,30.7
UP,1120RM033,2020-11-27,1:35 PM,Derailment,0,OGDEN,UT,37,2,Day,Clear,Yard,Yard/switching,10,318139,2719,320858,H524,41.235942,-111.989665,32.7,29.1,30.6
UP,0624RM001,2024-06-01,12:21 AM,Derailment,0,OGDEN,UT,63,4,Dark,Clear,Yard,Yard/switching,5,32468,4520,36988,H607,41.213316,-111.983614,65.2,71.4,74
UP,0724RM009,2024-07-09,12:38 AM,Other impacts,0,OGDEN,UT,88,4,Dark,Clear,Yard,Cut of cars,0,0,0,26860,H307,41.19898,-111.985924,80.4,83.5,87.1
UP,0724RM009,2024-07-09,12:38 AM,Other impacts,0,OGDEN,UT,88,4,Dark,Clear,Yard,Freight Train,8,23704,3156,26860,H307,41.19898,-111.985924,80.4,83.5,87.1
UP,1218RM045,2018-12-27,7:30 AM,Derailment,0,OGDEN,UT,22,2,Day,Snow,Yard,Yard/switching,4,754,10197,10951,H702,41.22496,-111.98583,29.6,23.5,23.8
UP,0823RM008,2023-08-08,4:00 PM,Derailment,0,OGDEN,UT,79,2,Day,Clear,Yard,Yard/switching,8,7416,5093,12509,H704,41.200387,-111.986033,76.3,73.1,74
UP,1023RM018,2023-10-22,3:45 PM,Other impacts,0,OGDEN,UT,73,2,Day,Clear,Yard,Yard/switching,5,100,300,13789,H310,41.200897,-111.985986,60.7,62.3,60.7
UP,0621RM015,2021-06-15,6:20 AM,Derailment,0,OGDEN,UT,75,1,Dawn,Clear,Yard,Freight Train,9,20640,99,20739,H601,41.213316,-111.983614,85.8,89.1,82.4
UP,0620RM037,2020-06-26,9:20 PM,Derailment,0,OGDEN,UT,87,4,Dark,Clear,Yard,Yard/switching,6,50069,101470,151539,H702,41.222117,-111.985315,77.8,76.8,79.2
UP,0419RM018,2019-04-15,6:00 AM,Derailment,0,OGDEN,UT,47,1,Dawn,Rain,Yard,Yard/switching,4,10751,1089,11840,E25C,41.210569,-111.990256,48.3,46.9,43.9
UP,0317UT009,2017-03-17,9:15 AM,Derailment,0,OGDEN,UT,48,2,Day,Clear,Yard,Freight Train,5,23203,338858,362061,E69C,41.202595,-111.985832,58.9,55.9,60.8
UP,1023RM018,2023-10-22,3:45 PM,Other impacts,0,OGDEN,UT,73,2,Day,Clear,Yard,Single Car,5,11443,0,13789,H310,41.200897,-111.985986,60.7,62.3,60.7
UP,0119RM042,2019-01-15,11:50 PM,Side collision,0,OGDEN,UT,28,4,Dark,Snow,Yard,Freight Train,0,430,0,14600,H020,41.227195,-111.985771,18.3,23.1,31.9
UP,0418UT018,2018-04-21,4:40 PM,Other impacts,0,OGDEN,UT,70,2,Day,Clear,Yard,Yard/switching,2,3242,13617,16859,H312,41.204492,-111.984655,55.8,53.9,59.2
UP,0919RM018,2019-09-28,3:30 AM,Other impacts,0,OGDEN,UT,56,4,Dark,Rain,Yard,Yard/switching,0,9892,0,14053,H307,41.199138,-111.986901,60.8,52.4,41.7
UP,1215CB016,2015-12-28,11:25 AM,Derailment,0,OGDEN,IA,23,2,Day,Snow,Main,Freight Train,44,14719,117269,131988,E53C,42.039398,-94.036472,21.1,21.8,23
UP,0223RM006,2023-02-05,7:43 AM,Derailment,0,OGDEN,UT,30,2,Day,Cloudy,Yard,Freight Train,3,266240,34611,300851,H306,41.213316,-111.983614,27.9,30.4,31.2
UP,0115UT001,2015-01-02,5:29 PM,Derailment,0,OGDEN,UT,26,2,Day,Clear,Yard,Freight Train,8,278,115641,115919,T207,41.199844,-111.986327,14.8,16.5,23.1
UP,0220RM022,2020-02-17,8:00 AM,Derailment,0,OGDEN,UT,30,2,Day,Cloudy,Yard,Freight Train,3,41862,57823,99685,T205,41.203017,-111.985113,37.1,33.3,27.1
UP,1018UT015,2018-10-11,4:45 PM,Derailment,0,OGDEN,UT,54,2,Day,Clear,Yard,Freight Train,9,41355,54970,96325,T110,41.207348,-111.984219,41.8,45.4,46
UP,0419RM011,2019-04-08,2:10 PM,Derailment,0,OGDEN,UT,65,2,Day,Clear,Yard,Yard/switching,4,30945,5040,35985,T110,41.227351,-111.986189,50.1,55.2,48.6
UP,0218UT013,2018-02-13,11:45 PM,Derailment,0,OGDEN,UT,28,4,Dark,Clear,Yard,Yard/switching,10,35645,54570,90215,T314,41.20365,-111.984776,39.3,32.5,37.8
UP,0216UT005,2016-02-11,12:20 PM,Derailment,0,OGDEN,UT,40,2,Day,Cloudy,Yard,Yard/switching,4,1208,99917,101125,T299,41.199206,-111.985794,26.9,26.8,26.9
UP,0323RM001,2023-03-02,3:50 PM,Derailment,0,OGDEN,UT,34,2,Day,Clear,Yard,Yard/switching,7,360630,289761,650391,T111,41.215808,-111.983153,33.5,29.2,32.3
NICD,N1700042,2017-12-09,10:00 AM,Other impacts,0,OGDEN DUNES,IN,20,2,Day,Clear,Main,Commuter Train - Pulling,20,5191,19012,24203,T499,41.622061,-87.190605,24.7,28.4,26.8
CSX,000184009,2019-07-08,6:38 PM,Derailment,0,OGLETHORPE,GA,90,2,Day,Clear,Industry,Freight Train,7,17198,1483,18681,M501,32.331521,-84.111098,84.1,82.4,83.1
CSX,000216824,2024-03-18,8:15 AM,Derailment,0,OGLETHORPE,GA,65,2,Day,Clear,Yard,Freight Train,5,43783,0,43783,E08C,32.29841,-84.060297,59.3,57.4,48
CSX,000180087,2018-11-27,3:29 AM,Derailment,0,OGLETHORPE,GA,29,4,Dark,Clear,Main,Freight Train,23,385538,97823,483361,T102,32.31016,-84.065382,53,40.4,38.4
NS,141400,2021-04-30,9:00 AM,Hwy-rail crossing,0,O'HARA TOWNSHIP,PA,50,2,Day,Rain,Main,Freight Train,15,476,20068,20544,M303,40.488351,-79.868703,63.3,49.5,49.3
CSX,000169052,2017-05-18,11:26 PM,Derailment,0,OHLEY,WV,60,4,Dark,Cloudy,Main,Freight Train,7,77338,71200,148538,T221,38.116565,-81.453452,74.1,74.3,69.4
UP,0221HL006,2021-02-08,4:00 PM,Hwy-rail crossing,0,OKARCHE,OK,19,2,Day,Cloudy,Main,Freight Train,45,1531,50000,51531,M306,35.769693,-97.955903,31,25.2,17.6
UP,0418KC003,2018-04-06,5:45 PM,Derailment,0,OKARCHE,OK,42,2,Day,Cloudy,Industry,Yard/switching,7,43383,17600,60983,M506,35.779161,-97.952142,56.8,49.2,32.1
CSX,000179933,2018-11-16,5:20 AM,Derailment,0,OKEECHOBEE,FL,50,1,Dawn,Clear,Main,Freight Train,38,13056,1343,14399,M599,27.3471,-81.058933,70.3,57.8,61
BNSF,RD0617127,2017-06-27,9:30 AM,Derailment,0,OKLAHOMA CITY,OK,88,2,Day,Clear,Yard,Yard/switching,4,132516,10000,142516,E30C,35.381068,-97.482898,77.1,79.7,81.6
BNSF,TX0416104,2016-04-28,1:25 AM,Derailment,0,OKLAHOMA CITY,OK,65,4,Dark,Clear,Yard,,0,0,1000,16008,E4AC,35.455983,-97.508376,62.5,62.7,61.1
SLWC,170401001,2017-04-01,2:00 AM,Derailment,0,OKLAHOMA CITY,OK,50,4,Dark,Clear,Siding,Freight Train,4,19111,500,19611,H303,35.411084,-97.631392,54.3,56.7,55.1
BNSF,RD0620106,2020-06-07,2:30 AM,Derailment,0,OKLAHOMA CITY,OK,78,4,Dark,Clear,Yard,Yard/switching,6,156611,15000,171611,H703,35.382501,-97.483087,83,81.4,81.7
SLWC,190128001,2019-01-28,10:45 PM,Derailment,0,OKLAHOMA CITY,OK,22,4,Dark,Clear,Siding,Freight Train,8,11500,100,11600,H503,35.4719,-97.4431,44.1,40.9,31.1
BNSF,RD0420114,2020-04-25,11:30 AM,Derailment,0,OKLAHOMA CITY,OK,65,2,Day,Clear,Yard,Freight Train,6,15909,69677,85586,H607,35.386566,-97.484344,66.9,61.2,64.3
SLWC,200102003,2020-01-02,9:15 AM,Side collision,0,OKLAHOMA CITY,OK,50,2,Day,Clear,Yard,Yard/switching,5,66300,0,132600,H306,35.454941,-97.496655,45,49.7,43.9
BNSF,RD0919129,2019-09-28,5:41 AM,Side collision,0,OKLAHOMA CITY,OK,75,1,Dawn,Clear,Yard,Freight Train,10,53860,0,72362,H318,35.386323,-97.484,80.9,79.1,79.6
BNSF,RD0919129,2019-09-28,5:41 AM,Side collision,0,OKLAHOMA CITY,OK,75,1,Dawn,Clear,Yard,Yard/switching,3,3502,15000,72362,H318,35.386323,-97.484,80.9,79.1,79.6
UP,1122HL027,2022-11-29,10:30 AM,Other impacts,0,OKLAHOMA CITY,OK,61,2,Day,Clear,Yard,Cut of cars,0,0,0,11704,E21C,35.468124,-97.495302,47.2,49.7,33.1