reportingrailroadcode,accidentnumber,date,time,accidenttype,hazmatreleasedcars,station,stateabbr,temperature,visibility_code,visibility,weathercondition,tracktype,equipmenttype,trainspeed,equipmentdamagecost,trackdamagecost,totaldamagecost,primaryaccidentcausecode,latitude,longitude,prior_temp,actual_temp,following_temp
SLWC,200102003,2020-01-02,9:15 AM,Side collision,0,OKLAHOMA CITY,OK,50,2,Day,Clear,Yard,Yard/switching,5,66300,0,132600,H306,35.454941,-97.496655,45,49.7,43.9
BNSF,RD0923128,2023-09-17,6:45 PM,Derailment,0,OKLAHOMA CITY,OK,78,3,Dusk,Clear,Yard,Freight Train,8,3270,42585,45855,H307,35.387314,-97.484352,71.6,72.5,75.5
SLWC,IN16083100,2016-08-31,12:25 AM,Derailment,0,OKLAHOMA CITY,OK,73,4,Dark,Clear,Yard,Yard/switching,9,9663,15500,25163,T220,35.47695,-97.521625,81.9,77.2,75.9
SLWC,210118003,2021-01-18,8:30 AM,Derailment,0,OKLAHOMA CITY,OK,55,2,Day,Clear,Yard,,0,0,20579,41158,H702,35.471535,-97.445336,43.2,43.9,41.5
BNSF,TX0215200,2015-02-02,9:20 PM,Hwy-rail crossing,0,OKLAHOMA CITY,OK,33,4,Dark,Clear,Main,,0,0,20000,20000,M302,35.580154,-97.523911,37.4,25.8,40.9
BNSF,RD0319115,2019-03-14,2:40 PM,Derailment,0,OKLAHOMA CITY,OK,55,2,Day,Cloudy,Yard,Freight Train,6,24994,40000,64994,H607,35.386523,-97.48434,61.7,47.8,44.4
SLWC,191030001,2019-10-30,12:15 AM,Derailment,0,OKLAHOMA CITY,OK,36,4,Dark,Sleet,Industry,Freight Train,6,48000,11993,59993,M404,35.473561,-97.440654,35,34.6,33.6
ATK,155211,2018-09-09,8:30 AM,Hwy-rail crossing,0,OKLAHOMA CITY,OK,63,2,Day,Rain,Main,Passenger Train - Pulling,40,30,0,200030,M304,35.435297,-97.508767,70.1,66.4,66
BNSF,RD0918204,2018-09-09,8:30 AM,Hwy-rail crossing,0,OKLAHOMA CITY,OK,63,1,Dawn,Clear,Main,,0,0,200000,200030,M304,35.435297,-97.508768,70.1,66.4,66
UP,0215WH002,2015-02-02,9:22 PM,Hwy-rail crossing,0,OKLAHOMA CITY,OK,25,4,Dark,Clear,Main,Freight Train,38,0,0,20000,M304,35.580154,-97.523911,37.4,25.8,40.9
AOK,011821,2021-01-18,8:30 AM,Derailment,0,OKLAHOMA CITY,OK,55,2,Day,Clear,Yard,Freight Train,5,0,20579,41158,H702,35.471535,-97.445336,43.2,43.9,41.5
UP,1122HL027,2022-11-29,10:30 AM,Other impacts,0,OKLAHOMA CITY,OK,61,2,Day,Clear,Yard,Yard/switching,2,11704,0,11704,E21C,35.468124,-97.495302,47.2,49.7,33.1
BNSF,RD1219201,2019-12-11,9:46 PM,Hwy-rail crossing,0,OKLAHOMA CITY,OK,43,4,Dark,Clear,Main,Freight Train,39,250,60000,60250,M302,35.594634,-97.512609,35.3,38.9,45
BNSF,RD0119117,2019-01-15,6:40 AM,Derailment,0,OKLAHOMA CITY,OK,40,1,Dawn,Cloudy,Yard,Yard/switching,3,384,162753,163137,S006,35.37369,-97.483067,36,40.7,43.3
SLWC,160428001,2016-04-28,1:00 AM,Derailment,0,OKLAHOMA CITY,OK,65,4,Dark,Clear,Yard,Freight Train,5,15008,0,16008,T102,35.455983,-97.507376,62.5,62.7,61.1
BNSF,RD0320130,2020-03-25,4:35 PM,Derailment,0,OKLAHOMA CITY,OK,72,2,Day,Clear,Yard,Freight Train,8,13271,5000,18271,T001,35.374403,-97.480469,61.6,65.3,76
SLWC,240531001,2024-05-31,8:30 AM,Derailment,0,OKLAHOMA CITY,OK,70,2,Day,Clear,Yard,Yard/switching,9,10000,55000,65000,T001,35.45576,-97.50001,71.2,69.8,74.9
SLWC,210717003,2021-07-17,1:00 AM,Derailment,0,OKLAHOMA CITY,OK,75,4,Dark,Clear,Yard,Freight Train,10,4655,14993,19648,T314,35.453825,-97.489027,81,78.4,79.2
SLWC,170625002,2017-06-25,11:30 PM,Derailment,0,OKLAHOMA CITY,OK,72,4,Dark,Clear,Yard,Yard/switching,4,5573,12250,17823,T402,35.454051,-97.484376,76.2,76.4,77.1
BNSF,RD0719130,2019-07-29,2:00 PM,Derailment,0,OKLAHOMA CITY,OK,98,2,Day,Clear,Siding,Freight Train,24,14600,10500,25100,T102,35.570992,-97.528537,83.3,86,84.4
BNSF,RD0122107,2022-01-08,9:53 AM,Derailment,28,OKLAUNION,TX,59,2,Day,Cloudy,Main,Freight Train,50,4398905,387770,4786675,T207,34.133441,-99.16284,27.5,57.2,42.7
BNSF,TX0116100,2016-01-04,1:30 PM,Derailment,0,OKMULGEE,OK,37,2,Day,Clear,Yard,Yard/switching,5,19781,500,20281,T201,35.62875,-95.96448,35.5,29.1,31.5
UP,1218TO032,2018-12-24,10:14 PM,Fire/violent rupture,0,OKTAHA,OK,46,4,Dark,Clear,Main,Freight Train,25,220319,0,220319,E73L,35.602784,-95.463753,42.5,40.8,50.8
UP,0618FW007,2018-06-06,9:05 PM,Hwy-rail crossing,0,OKTAHA,OK,78,4,Dark,Clear,Main,Freight Train,0,33118,822,33940,M302,35.575424,-95.481112,75.3,79.3,74
BNSF,KS0223108,2023-02-10,4:30 PM,Derailment,0,OLATHE,KS,32,2,Day,Cloudy,Yard,Freight Train,4,33718,119425,153143,T111,38.862861,-94.834458,36,29.4,32.2
NS,142682,2021-08-28,2:35 AM,Hwy-rail crossing,0,OLD FORT,OH,80,4,Dark,Clear,Main,Freight Train,53,6000,10500,16500,M308,41.237532,-83.168098,79.1,79,80.8
NS,137967,2020-05-16,6:35 AM,Hwy-rail crossing,0,OLD FORT,OH,53,1,Dawn,Fog,Main,Freight Train,49,14100,1200,15300,M308,41.237532,-83.168098,66.1,59.8,58.2
NS,134240,2019-06-07,4:00 PM,Derailment,0,OLD FORT,NC,72,3,Dusk,Cloudy,Siding,Freight Train,9,2936,14241,17177,T207,35.631147,-82.174871,72.5,69,69.4
ATK,173615,2023-02-02,3:00 AM,Obstruction,0,OLD LYME,CT,19,4,Dark,Clear,Main,Spec. MoW Equip.,0,100000,0,100000,H607,41.310394,-72.343409,30.1,31.2,23.6
ATK,173615,2023-02-02,3:00 AM,Obstruction,0,OLD LYME,CT,19,4,Dark,Clear,Main,Spec. MoW Equip.,5,0,0,100000,H607,41.310394,-72.343409,30.1,31.2,23.6
UP,0618HO025,2018-06-18,10:50 PM,Derailment,0,OLD OCEAN,TX,82,4,Dark,Rain,Industry,Freight Train,6,18786,150,18936,T113,29.033319,-95.754373,81.2,77.8,79.2
PW,160503,2016-05-20,12:40 AM,Derailment,0,OLD SAYBROOK,CT,53,4,Dark,Clear,Main,Single Car,5,734,0,15934,H099,41.305671,-72.36598,55.7,58,55.9
ATK,142489,2016-05-20,12:17 AM,Derailment,0,OLD SAYBROOK,CT,50,4,Dark,Clear,Main,,0,0,15200,15934,H018,41.298811,-72.381573,55.7,58,55.9
UP,1019TO016,2019-10-17,10:23 AM,Fire/violent rupture,0,OLDEN,TX,54,2,Day,Cloudy,Main,Freight Train,20,15501,0,15501,M406,32.418251,-98.761295,61.2,59.2,65.3
WNYP,W2019026,2019-10-10,7:50 AM,Obstruction,0,OLEAN,NY,50,1,Dawn,Fog,Yard,Maint./inspect Car,0,75000,0,118000,H607,42.082918,-78.482533,48.2,49.7,53.1
WNYP,W2019026,2019-10-10,7:50 AM,Obstruction,0,OLEAN,NY,50,1,Dawn,Fog,Yard,Yard/switching,2,43000,0,118000,H607,42.082918,-78.482533,48.2,49.7,53.1
WNYP,W2018003,2018-01-18,3:58 PM,Derailment,0,OLEAN,NY,18,2,Day,Clear,Yard,Freight Train,6,324674,0,324674,E46C,42.083594,-78.47083,10.1,12.8,26
WNYP,W2023002,2023-07-05,7:44 AM,Derailment,0,OLEAN,NY,70,1,Dawn,Cloudy,Yard,Yard/switching,3,2243,50000,52243,H799,42.08342,-78.476062,71.8,74,74.6
WNYP,W2017022,2017-12-13,3:50 PM,Derailment,0,OLEAN,NY,18,2,Day,Cloudy,Yard,Freight Train,8,0,11852,11852,T205,42.085943,-78.456883,22.8,13.9,14.8
BNSF,HL0522202,2022-05-20,2:20 PM,Hwy-rail crossing,0,OLIVE BRANCH,MS,87,2,Day,Clear,Main,Freight Train,42,20000,1500,21500,M302,34.962166,-89.824743,79.7,79.9,76.7
BNSF,HL1217117,2017-12-22,3:40 AM,Obstruction,0,OLIVE BRANCH,MS,42,4,Dark,Rain,Main,Freight Train,52,500,12500,13000,M404,34.91689,-89.766615,51.1,60.4,40.7
NS,124316,2017-03-15,4:15 AM,Derailment,0,OLIVER,GA,38,1,Dawn,Clear,Main,Freight Train,2,4334,8800,13134,H701,32.506674,-81.434497,48.9,42,41.5
NS,135942,2019-10-25,8:33 AM,Hwy-rail crossing,0,OLIVER,GA,72,2,Day,Clear,Main,Freight Train,47,264,47200,47464,M303,32.521318,-81.532952,64.2,72,72.1
CMR,06252015,2015-06-25,11:30 AM,Side collision,0,OLIVETTE,MO,80,2,Day,Clear,Yard,Freight Train,0,5808,2800,13746,H307,38.68424,-90.38059,77.8,81,74.4
CMR,02182016,2016-02-18,10:30 AM,Derailment,0,OLIVETTE,MO,44,2,Day,Cloudy,Yard,Freight Train,5,68752,15100,83852,T221,38.685562,-90.390051,41.2,47.2,63.5
NS,122579,2016-10-28,11:30 AM,Hwy-rail crossing,0,OLMSTED FALLS,OH,50,2,Day,Clear,Main,Freight Train,42,3951,25868,29819,M303,41.37518,-81.902457,49.2,49.8,65.2
WRL,20193,2019-05-07,10:00 AM,Hwy-rail crossing,0,OLYMPIA,WA,60,2,Day,Cloudy,Main,Freight Train,9,15000,65000,80000,M308,46.895323,-122.966318,60.2,59.4,60
UP,0515PD021,2015-05-22,1:35 AM,Derailment,0,OLYMPIA,WA,55,4,Dark,Cloudy,Siding,,0,0,100,20100,H704,46.969784,-122.83188,61.6,54.9,55.7
TMBL,05222015A,2015-05-22,1:35 AM,Derailment,0,OLYMPIA,WA,55,4,Dark,Cloudy,Siding,Yard/switching,4,20000,0,20100,H704,46.969784,-122.83188,61.6,54.9,55.7
NIRC,2018071138,2018-12-08,10:47 PM,Other (describe in narrative),0,OLYMPIA FIELDS,IL,30,4,Dark,Clear,Main,EMU,50,33939,3442,37381,T404,41.523032,-87.689277,20.6,23,22.7
BNSF,HL0419104,2019-04-07,9:26 PM,Derailment,0,OMAHA,NE,68,4,Dark,Clear,Yard,Freight Train,6,16000,125000,141000,H704,41.226788,-95.917884,64.1,61.9,63.7
BNSF,HL0117113,2017-01-16,9:19 PM,Derailment,0,OMAHA,NE,33,4,Dark,Rain,Yard,Yard/switching,4,1250,0,30950,H318,41.217914,-95.927959,31.1,33.4,29.7
BNSF,HL0623112,2023-06-12,12:05 PM,Derailment,0,OMAHA,NE,82,2,Day,Clear,Yard,Freight Train,5,23556,42000,65556,E69C,41.227005,-95.917561,64.7,63.9,72.8
BNSF,HL1123115,2023-11-23,6:30 AM,Other (describe in narrative),0,OMAHA,NE,22,1,Dawn,Clear,Yard,Freight Train,0,20308,0,23703,H307,41.229946,-95.914634,38.6,33.8,25.5
UP,0724GL011,2024-07-10,12:30 PM,Derailment,0,OMAHA,NE,84,2,Day,Clear,Yard,Freight Train,4,120275,396,120671,M204,41.318738,-95.927899,75.7,77.6,75.1
BNSF,HL0323104,2023-03-04,10:00 AM,Derailment,0,OMAHA,NE,42,2,Day,Clear,Yard,Yard/switching,5,3600,119649,123249,E21C,41.226527,-95.916286,37,38.1,41.4
BNSF,HL0117113,2017-01-16,9:19 PM,Derailment,0,OMAHA,NE,33,4,Dark,Rain,Yard,Cut of cars,0,29700,0,30950,H318,41.217914,-95.927959,31.1,33.4,29.7
UP,0124GL018,2024-01-11,5:59 PM,Derailment,0,OMAHA,NE,13,2,Day,Snow,Main,Yard/switching,7,10191,56500,66691,H511,41.249734,-95.921786,21.7,14.8,5.4
BNSF,HL0423109,2023-04-21,8:10 PM,Derailment,0,OMAHA,NE,46,3,Dusk,Clear,Yard,Yard/switching,6,7010,8962,15972,H318,41.219315,-95.926726,49.7,41.2,38.2
UP,1218GP017,2018-12-06,8:45 PM,Derailment,0,OMAHA,NE,24,4,Dark,Clear,Main,Freight Train,9,152960,494457,647417,M401,41.219646,-95.956919,26,23.5,21.8
UP,1123GL016,2023-11-23,6:30 AM,Other impacts,0,OMAHA,NE,29,1,Dawn,Clear,Industry,Yard/switching,4,3395,0,23703,H307,41.255973,-95.92246,38.6,33.8,25.5
UP,0517CB018,2017-05-22,2:00 PM,Obstruction,0,OMAHA,NE,80,2,Day,Clear,Main,Spec. MoW Equip.,5,100,0,27326,M402,41.22151,-96.077926,54.1,61.3,53.9
UP,0517CB018,2017-05-22,2:00 PM,Obstruction,0,OMAHA,NE,80,2,Day,Clear,Main,Freight Train,12,27226,0,27326,M402,41.22151,-96.077926,54.1,61.3,53.9
BNSF,HL0920108,2020-09-15,3:50 AM,Derailment,0,OMAHA,NE,60,4,Dark,Clear,Yard,,0,0,298089,529060,T221,41.25439,-95.921587,66.3,69.9,67.8
UP,0715CB003,2015-07-10,3:33 PM,Derailment,0,OMAHA,NE,79,2,Day,Clear,Main,Freight Train,12,9710,279392,289102,E54C,41.229095,-95.952994,71.6,72.8,80
BNSF,HL0420107,2020-04-20,7:00 PM,Derailment,0,OMAHA,NE,60,3,Dusk,Clear,Yard,,0,0,200000,266871,E46C,41.230948,-95.914154,52.8,56.9,55.7
UP,0920GL015,2020-09-15,3:50 AM,Derailment,0,OMAHA,NE,63,4,Dark,Clear,Yard,Freight Train,5,230971,0,529060,T221,41.25439,-95.921587,66.3,69.9,67.8
BNSF,HL0722110,2022-07-16,6:21 PM,Derailment,0,OMAHA,NE,82,3,Dusk,Clear,Yard,Freight Train,9,34051,195501,229552,H702,41.21259,-95.93186,85.1,77.6,78.3
UP,0516CB006,2016-05-17,6:40 PM,Derailment,0,OMAHA,NE,68,2,Day,Clear,Main,Freight Train,14,150468,101400,251868,M405,41.24976,-95.92117,53.3,56.3,59.3
ATK,164541,2020-06-04,10:37 PM,Derailment,0,OMAHA,NE,80,4,Dark,Clear,Main,Passenger Train - Pulling,30,47100,0,49100,E46L,41.229003,-95.915335,81.3,80.3,83.2
UP,0718NP008,2018-07-06,8:50 AM,Derailment,0,OMAHA,NE,80,2,Day,Clear,Yard,Yard/switching,10,10704,1320,12024,H702,41.275084,-95.926368,76.2,75.8,77.3
BNSF,HL0620103,2020-06-04,10:45 PM,Derailment,0,OMAHA,NE,80,4,Dark,Clear,Main,,0,0,2000,49100,E46L,41.229049,-95.915307,81.3,80.3,83.2
UP,0219GP030,2019-02-13,10:00 AM,Derailment,0,OMAHA,NE,18,2,Day,Cloudy,Yard,Yard/switching,5,1172,112000,113172,T314,41.220184,-96.019293,20.9,20.3,21.4
UP,0420GL016,2020-04-20,7:00 PM,Derailment,0,OMAHA,NE,68,3,Dusk,Clear,Yard,Freight Train,6,66871,0,266871,T313,41.230948,-95.914154,52.8,56.9,55.7
UP,1216CB003,2016-12-06,7:00 PM,Derailment,0,OMAHA,NE,30,4,Dark,Cloudy,Industry,Yard/switching,2,22605,216,22821,T111,41.273172,-95.936663,40,28.6,19.9
UP,0920GL012,2020-09-12,2:30 PM,Derailment,0,OMAHA,NE,67,2,Day,Cloudy,Industry,Yard/switching,6,26228,150,26378,T112,41.22098,-96.106896,56.1,60.2,64.4
BNSF,HL1118113,2018-11-12,4:11 PM,Derailment,0,OMAHA,NE,48,2,Day,Clear,Yard,Freight Train,9,12000,10000,22000,T314,41.217725,-95.928291,31,23.4,23.4
BNSF,NE1215108,2015-12-15,7:45 PM,Derailment,0,OMAHA,NE,36,3,Dusk,Clear,Yard,Yard/switching,6,10000,800,10800,T311,41.221433,-95.923762,37.5,38.4,33.2
UP,0318NP017,2018-03-11,12:10 AM,Derailment,0,OMAHA,NE,40,4,Dark,Cloudy,Yard,Freight Train,11,272841,218439,491280,T319,41.221479,-96.045564,39.3,33.7,36.1
UP,0819HL003,2019-08-01,4:24 PM,Other (describe in narrative),0,ONAGA,KS,83,2,Day,Cloudy,Main,Freight Train,24,159,694257,694516,M202,39.558661,-96.278638,78.6,76.8,74.3
UP,0819HL003,2019-08-01,4:24 PM,Other (describe in narrative),0,ONAGA,KS,83,2,Day,Cloudy,Main,Freight Train,21,100,0,694516,M202,39.558661,-96.278638,78.6,76.8,74.3
BNSF,CH0717107,2017-07-21,3:59 AM,Derailment,0,ONALASKA,WI,80,4,Dark,Rain,Yard,Freight Train,5,42502,230330,272832,H703,43.869153,-91.230393,77.9,72.7,76.9
NS,139462,2020-10-19,3:30 AM,Derailment,0,ONEIDA,TN,52,4,Dark,Clear,Main,Freight Train,26,750,40581,41331,E61C,36.497214,-84.516765,52.3,63.1,64.4
BNSF,TC0823110,2023-08-12,1:40 AM,Derailment,0,ONEILL,NE,66,4,Dark,Clear,Industry,Freight Train,9,22436,0,22436,T110,42.453844,-98.652757,75,72.5,65.9
BNSF,TC1118109,2018-11-20,9:11 PM,Derailment,0,ONEILL,NE,33,4,Dark,Clear,Industry,Freight Train,3,18925,1000,19925,T204,42.447845,-98.618822,31.4,36.9,43
RCPE,RCP770015R,2015-07-08,1:00 PM,Derailment,0,ONIDA,SD,78,2,Day,Clear,Siding,Yard/switching,25,200000,0,200000,H022,44.70771,-100.061735,63.5,67.4,69.5
RCPE,RCP523220D,2020-08-19,6:15 PM,Derailment,0,ONIDA,SD,98,2,Day,Clear,Main,Freight Train,7,214472,60000,274472,T103,44.716911,-100.072661,78.9,82.1,81.2
UP,0117PC003,2017-01-07,5:35 PM,Hwy-rail crossing,0,ONTARIO,OR,7,4,Dark,Snow,Main,Freight Train,34,0,12951,12951,M303,44.021689,-116.962693,-5.1,-4.4,20.3
UP,1022PN003,2022-10-05,7:45 PM,Derailment,0,ONTARIO,OR,83,3,Dusk,Clear,Yard,Freight Train,5,748,20510,21258,E64C,44.011139,-116.966137,61.1,61.1,61.1
UP,0418FW005,2018-04-06,8:44 AM,Derailment,0,OOLOGAH,OK,58,2,Day,Cloudy,Industry,Freight Train,5,27384,298,27682,T199,36.435936,-95.702913,50.5,46.8,34.2
UP,0720PR004,2020-07-05,2:06 PM,Derailment,0,OOSTBURG,WI,86,2,Day,Cloudy,Main,Freight Train,21,383014,83604,466618,M103,43.634406,-87.794699,77.5,78.2,78.9
SFRV,120120232,2023-12-01,1:05 PM,Fire/violent rupture,0,OPA LOCKA,FL,78,2,Day,Clear,Main,Commuter Train - Pulling,0,120000,0,120000,M406,25.92155,-80.21705,70.6,75.9,78.4
CSX,000163418,2016-10-06,6:45 PM,Hwy-rail crossing,0,OPELIKA,AL,83,2,Day,Clear,Main,Freight Train,49,22490,0,22490,M302,32.699296,-85.347025,73.6,71.9,73.2
CSX,000191526,2020-07-21,11:40 AM,Hwy-rail crossing,0,OPELIKA,AL,93,2,Day,Clear,Main,Freight Train,41,11533,11598,23131,M302,32.630114,-85.419385,81.9,81.6,82.2
NS,119959,2016-04-01,8:15 AM,Derailment,0,OPELIKA,AL,67,2,Day,Cloudy,Main,Freight Train,38,805189,65486,870675,T002,32.622992,-85.321347,65.6,65.3,58.2
UP,0919GC017,2019-09-10,3:00 PM,Hwy-rail crossing,0,OPELOUSAS,LA,89,2,Day,Clear,Main,Freight Train,40,15843,767,16610,M302,30.540731,-92.105596,81.4,79,81
UP,0120HL014,2020-01-04,1:43 AM,Derailment,0,OPTIMA,OK,31,4,Dark,Clear,Siding,Freight Train,3,18620,1425,20045,H211,36.804154,-101.292514,37.3,40.4,42.6
CSX,000185442,2019-09-19,4:00 PM,Hwy-rail crossing,0,ORA,SC,75,3,Dusk,Clear,Main,Freight Train,21,16189,2791,18980,M308,34.621689,-81.979361,73.2,68.3,64.4
UP,0923MA028,2023-09-15,1:37 AM,Derailment,0,ORAN,MO,56,4,Dark,Clear,Main,Freight Train,39,824361,760590,1584951,E61C,37.111486,-89.768153,65.9,64.1,67.3
UP,0322GC014,2022-03-12,10:30 AM,Derailment,0,ORANGE,TX,55,2,Day,Clear,Yard,Freight Train,7,13593,2024,15617,H993,30.08908,-93.771395,60.2,46.1,51.2
BNSF,RD1019202,2019-10-14,4:38 AM,Hwy-rail crossing,0,ORANGE,TX,70,1,Dawn,Clear,Main,Freight Train,25,10150,0,14660,M308,30.121476,-93.746074,68.2,73.3,80
BNSF,RD0421201,2021-04-02,3:15 PM,Hwy-rail crossing,0,ORANGE,TX,65,2,Day,Clear,Main,Freight Train,25,422,0,25572,M308,30.110682,-93.743902,58.6,53.2,55.9
UP,1019GC016,2019-10-14,4:38 AM,Hwy-rail crossing,0,ORANGE,TX,71,1,Dawn,Cloudy,Main,,0,0,4510,14660,M308,30.121481,-93.746084,68.2,73.3,80
BB,2022C1027,2022-10-27,10:20 AM,Derailment,0,ORANGE,VA,35,2,Day,Clear,Main,Spec. MoW Equip.,9,20000,0,20000,H607,38.219796,-78.121136,57.5,51.8,49.5
UP,0421GC001,2021-04-02,3:15 PM,Hwy-rail crossing,0,ORANGE,TX,66,2,Day,Cloudy,Main,,0,0,25150,25572,M308,30.111521,-93.744078,58.6,53.2,55.9
GRS,20210718W4,2021-07-18,10:15 PM,Derailment,0,ORANGE,MA,70,4,Dark,Cloudy,Main,Freight Train,20,10950,107200,118150,M101,42.35324,-72.26199,74.4,67.5,68.9
CSX,000171240,2017-08-27,9:15 AM,Derailment,0,ORANGE HEIGHTS,FL,82,2,Day,Clear,Main,Freight Train,47,12720,1850,14570,E22C,29.710206,-82.137618,79.6,79.2,79
ATK,138210,2015-07-13,4:37 PM,Hwy-rail crossing,0,ORANGE PARK,FL,92,2,Day,Cloudy,Main,Passenger Train - Pulling,60,190,0,73162,M308,30.13585,-81.75455,85.2,86,87.7
CSX,000149120,2015-07-13,4:37 PM,Hwy-rail crossing,0,ORANGE PARK,FL,92,2,Day,Clear,Main,,0,0,72972,73162,M308,30.135788,-81.75423,85.2,86,87.7
CSX,000143831,2015-03-27,8:00 AM,Hwy-rail crossing,0,ORANGE PARK,FL,55,2,Day,Cloudy,Main,Freight Train,35,29568,7081,36649,M308,30.142178,-81.745398,69.2,69.3,57.6
CSX,000199871,2021-09-02,6:56 AM,Derailment,0,ORANGEBURG,NY,59,1,Dawn,Cloudy,Main,Freight Train,20,272903,0,272903,M103,41.116046,-73.951668,69.1,66.4,64.6
NCRC,OP011422,2022-01-14,3:05 AM,Derailment,0,ORD,NE,16,4,Dark,Clear,Siding,Freight Train,5,10000,37766,47766,H702,41.59138,-98.90386,41.6,31.5,17.5
IR,IR140933,2014-12-16,10:13 AM,Derailment,0,OREGON,IL,34,2,Day,Cloudy,Yard,Cut of cars,4,20000,0,30000,T222,42.001459,-89.334702,44,36.3,23.6
CSX,000201927,2021-12-17,4:21 PM,Other impacts,0,OREGON,OH,37,3,Dusk,Clear,Yard,Cut of cars,5,13518,0,13518,E99C,41.589911,-83.496929,54.8,37.2,36.4
NS,156229,2024-04-02,3:10 AM,Other (describe in narrative),0,OREGON,OH,42,4,Dark,Rain,Yard,Yard/switching,4,1710,37000,38710,H702,41.666977,-83.474674,43.6,44.5,43.9
NS,127780,2017-12-15,3:24 AM,Derailment,0,OREGON,OH,17,4,Dark,Clear,Yard,Yard/switching,0,16850,1000,35024,E39C,41.663389,-83.467411,16.3,22.3,33.2
NS,141332,2021-04-23,9:37 PM,Derailment,0,OREGON,OH,43,4,Dark,Clear,Main,Freight Train,8,9261,27851,37112,E41C,41.64499,-83.429295,38.6,48.2,49.6
NS,138570,2020-07-18,9:55 PM,Other (describe in narrative),0,OREGON,OH,78,4,Dark,Clear,Yard,Yard/switching,2,30168,67086,97254,H702,41.660544,-83.462117,77.6,81,80.1
CSX,000171982,2017-10-02,9:45 AM,Derailment,0,OREGON,OH,65,2,Day,Clear,Yard,Yard/switching,3,9553,2302,11855,H702,41.669537,-83.47266,54.3,60.6,69
NS,127780,2017-12-15,3:24 AM,Derailment,0,OREGON,OH,17,4,Dark,Clear,Yard,Yard/switching,4,17174,0,35024,E39C,41.663389,-83.467411,16.3,22.3,33.2
IR,192408,2019-02-23,10:30 PM,Derailment,0,OREGON,IL,38,4,Dark,Rain,Main,Cut of cars,15,927000,13638,940638,M502,42.003519,-89.365955,26.8,34,25.3
BNSF,CH1214110,2014-12-16,10:13 AM,Derailment,0,OREGON,IL,34,2,Day,Cloudy,Yard,,0,0,10000,30000,T222,42.001459,-89.334702,44,36.3,23.6
CSX,000187197,2019-12-17,10:38 AM,Derailment,0,OREGON,OH,32,2,Day,Cloudy,Yard,Yard/switching,9,19622,2000,21622,T207,41.668966,-83.473559,31.2,29.6,21.9
CSX,000178370,2018-08-23,8:49 AM,Derailment,0,OREGON,OH,70,2,Day,Cloudy,Yard,Yard/switching,5,39841,2408,42249,T111,41.669446,-83.472782,68,67.6,68.5
IR,182310,2018-11-18,10:03 PM,Derailment,0,OREGON,IL,25,4,Dark,Cloudy,Industry,Yard/switching,5,58105,0,58105,T402,41.997899,-89.367094,30.8,27.2,27.3
NS,115497,2015-05-01,7:47 AM,Derailment,0,OREGON,OH,64,1,Dawn,Cloudy,Main,Freight Train,5,90000,0,91336,T111,41.679393,-83.499107,49.2,58.1,61.5
CSX,000164898,2016-12-04,7:45 AM,Derailment,0,OREGON,OH,30,1,Dawn,Cloudy,Main,Freight Train,15,383780,85162,468942,T207,41.667453,-83.482577,37.1,35.7,35.3
UFRC,05161901,2019-05-16,8:35 AM,Hwy-rail crossing,0,OREM,UT,70,2,Day,Clear,Main,Commuter Train - Pushing,62,50000,0,50000,M302,40.289844,-111.73277,67.9,62.7,46.7
KFR,KFR202706,2020-01-06,4:40 PM,Derailment,0,ORIENT,WA,30,4,Dark,Cloudy,Main,Freight Train,12,45000,78000,123000,T110,48.736326,-118.129155,32.5,30.6,32.1
NIRC,9419002188,2024-06-19,7:40 PM,Hwy-rail crossing,0,ORLAND PARK,IL,85,3,Dusk,Clear,Main,Commuter Train - Pulling,45,4108,33788,37896,M308,41.600952,-87.87655,83.7,84.3,77.1
CFRC,21272,2021-09-29,6:38 AM,Hwy-rail crossing,0,ORLANDO,FL,70,4,Dark,Clear,Main,Commuter Train - Pushing,71,40000,28896,68896,M302,28.392735,-81.374537,77.1,77.5,78
CFRC,22308,2022-11-04,5:00 AM,Other impacts,0,ORLANDO,FL,77,4,Dark,Clear,Industry,,0,0,10000,314660,H302,28.432064,-81.36952,77.1,75.3,76.2
CFRC,23317,2023-11-13,2:30 AM,Other impacts,0,ORLANDO,FL,75,4,Dark,Clear,Main,Spec. MoW Equip.,5,40995,0,81990,H699,28.499848,-81.37732,73,71.1,72.7
BLF,20233662,2023-11-27,1:15 AM,Derailment,0,ORLANDO,FL,65,4,Dark,Clear,Yard,Yard/switching,5,80000,7000,87000,H704,28.398003,-81.322423,70.7,65.8,54.1
CSX,000208351,2022-11-14,9:00 AM,Derailment,0,ORLANDO,FL,76,2,Day,Clear,Yard,Freight Train,3,200,0,11962,H602,28.432064,-81.36952,69.6,71.1,73.7
CSX,000208212,2022-11-04,5:00 AM,Other impacts,0,ORLANDO,FL,77,4,Dark,Clear,Industry,Cut of cars,0,4660,0,314660,H302,28.432064,-81.36952,77.1,75.3,76.2
CSX,000208212,2022-11-04,5:00 AM,Other impacts,0,ORLANDO,FL,77,4,Dark,Clear,Industry,Yard/switching,4,300000,0,314660,H302,28.432064,-81.36952,77.1,75.3,76.2
CSX,000208351,2022-11-14,9:00 AM,Derailment,0,ORLANDO,FL,76,2,Day,Clear,Yard,Cut of cars,3,11762,0,11962,H602,28.432064,-81.36952,69.6,71.1,73.7
CSX,000168733,2017-05-06,6:17 PM,Hwy-rail crossing,0,ORLANDO,KY,70,2,Day,Clear,Main,Freight Train,41,0,25092,25092,M302,37.433625,-84.312199,51.2,45.8,50.7