reportingrailroadcode,accidentnumber,date,time,accidenttype,hazmatreleasedcars,station,stateabbr,temperature,visibility_code,visibility,weathercondition,tracktype,equipmenttype,trainspeed,equipmentdamagecost,trackdamagecost,totaldamagecost,primaryaccidentcausecode,latitude,longitude,prior_temp,actual_temp,following_temp
CFRC,23317,2023-11-13,2:30 AM,Other impacts,0,ORLANDO,FL,75,4,Dark,Clear,Main,Spec. MoW Equip.,5,40995,0,81990,H699,28.499848,-81.37732,73,71.1,72.7
CSX,000163146,2016-09-26,5:10 AM,Derailment,0,ORLANDO,FL,86,4,Dark,Cloudy,Industry,Freight Train,8,48716,50790,102470,T110,28.450073,-81.366967,81.5,77.2,78.6
CFRC,16160A,2016-06-08,2:57 AM,Derailment,0,ORLANDO,FL,80,4,Dark,Cloudy,Siding,Freight Train,0,0,4683,31333,T110,28.509858,-81.37977,80.5,80,76.5
CSX,000160428,2016-06-08,2:57 AM,Derailment,0,ORLANDO,FL,80,4,Dark,Cloudy,Siding,Freight Train,6,24041,2609,31333,T110,28.509857,-81.37977,80.5,80,76.5
CSX,000169640,2017-06-16,1:40 AM,Derailment,0,ORLANDO,FL,80,4,Dark,Clear,Yard,Freight Train,8,46987,2065,49052,T110,28.432076,-81.369546,75.6,75.4,79.8
CFRC,16270,2016-09-26,5:10 AM,Derailment,0,ORLANDO,FL,86,4,Dark,Cloudy,Industry,Freight Train,0,0,2964,102470,T110,28.450074,-81.366967,81.5,77.2,78.6
WC,1109943,2022-07-30,7:05 PM,Derailment,0,ORR,MN,80,4,Dark,Clear,Main,Freight Train,47,907818,613373,1521191,T109,47.938657,-92.766838,63.6,69.8,69
BNSF,CH0720110,2020-07-14,4:00 PM,Rear end collision,0,ORRICK,MO,92,2,Day,Clear,Main,Spec. MoW Equip.,18,187500,0,375000,H997,39.191446,-94.137936,81.5,81.6,77.4
BNSF,CH0720110,2020-07-14,4:00 PM,Rear end collision,0,ORRICK,MO,92,2,Day,Clear,Main,Spec. MoW Equip.,0,187500,0,375000,H997,39.191446,-94.137936,81.5,81.6,77.4
NS,153249,2023-06-01,2:40 PM,Derailment,0,ORRVILLE,OH,82,2,Day,Clear,Yard,Freight Train,4,44065,380,44445,H303,40.839882,-81.766519,71.4,69.1,73.1
BNSF,TC1217103,2017-12-04,6:10 PM,Derailment,0,ORTONVILLE,MN,15,3,Dusk,Snow,Yard,Light loco(s),9,24500,5000,29500,T206,45.267754,-96.404768,33.8,33.5,18.3
CC,1086466,2021-10-25,4:17 PM,Hwy-rail crossing,0,OSAGE,IA,50,2,Day,Cloudy,Main,Freight Train,24,29000,0,29000,M302,43.285028,-92.81967,41.7,43,45.4
BNSF,PR0717103,2017-07-03,4:13 PM,Derailment,0,OSAGE,WY,90,2,Day,Clear,Main,Freight Train,32,25329,6800,32129,T499,44.02494,-104.481026,73.2,74.5,76.7
UP,0119HL012,2019-01-15,11:20 AM,Other (describe in narrative),0,OSAWATOMIE,KS,37,2,Day,Cloudy,Main,Freight Train,40,1846,20773,22619,E69C,38.418254,-94.95662,27.9,31.7,32
UP,0718KC016,2018-07-19,4:20 PM,Derailment,0,OSAWATOMIE,KS,83,2,Day,Rain,Main,Freight Train,40,471895,55720,527615,M105,38.489632,-94.923584,77.9,79.4,78.8
UP,0323HL028,2023-03-23,1:29 AM,Derailment,0,OSAWATOMIE,KS,50,4,Dark,Fog,Main,Freight Train,17,282201,689233,971434,E61C,38.448974,-95.069706,54.4,45.3,41.5
UP,0621HL009,2021-06-10,1:38 PM,Derailment,0,OSAWATOMIE,KS,91,2,Day,Clear,Main,Freight Train,41,26876,6705,33581,T109,38.461003,-95.028638,80.2,82,77.6
NS,140837,2021-03-05,3:55 PM,Derailment,0,OSCEOLA,IN,38,2,Day,Clear,Yard,Yard/switching,10,13442,10279,23721,M404,41.666583,-86.033424,31.4,30.9,31.5
NS,151522,2022-11-18,3:30 PM,Other (describe in narrative),0,OSCEOLA,IN,23,2,Day,Clear,Yard,Yard/switching,4,17054,34551,51605,H702,41.666583,-86.033424,30.3,25.3,22
NS,152240,2023-02-07,4:00 PM,Hwy-rail crossing,0,OSCEOLA,IN,48,3,Dusk,Cloudy,Main,Freight Train,56,500,25822,26322,M303,41.662822,-86.070673,33,42.8,34.6
NS,151970,2023-01-10,10:10 AM,Side collision,0,OSCEOLA,IN,40,2,Day,Clear,Yard,Yard/switching,0,6000,629,11821,M407,41.666583,-86.033424,32.6,37.6,42.4
NS,151970,2023-01-10,10:10 AM,Side collision,0,OSCEOLA,IN,40,2,Day,Clear,Yard,Yard/switching,4,5192,0,11821,M407,41.666583,-86.033424,32.6,37.6,42.4
BNSF,HL0423202,2023-04-12,10:03 AM,Hwy-rail crossing,0,OSCEOLA,AR,70,2,Day,Clear,Main,Light loco(s),45,34779,0,34779,M302,35.747828,-89.945923,61.8,63.5,64.8
NS,135481,2019-09-13,3:15 PM,Other (describe in narrative),0,OSCEOLA,IN,82,2,Day,Clear,Yard,Light loco(s),5,2847,22585,25432,H702,41.666583,-86.033424,74.3,72.9,66.1
NS,142583,2021-08-11,6:30 PM,Other impacts,0,OSCEOLA,IN,72,3,Dusk,Clear,Yard,Light loco(s),5,10000,894,17894,H305,41.666583,-86.033424,80.9,76.7,77.7
NS,142583,2021-08-11,6:30 PM,Other impacts,0,OSCEOLA,IN,72,3,Dusk,Clear,Yard,Light loco(s),2,7000,0,17894,H305,41.666583,-86.033424,80.9,76.7,77.7
NS,130825,2018-09-05,4:27 AM,Hwy-rail crossing,0,OSCEOLA,IN,73,1,Dawn,Clear,Main,Freight Train,55,1890,23505,25395,M308,41.663747,-86.061073,78.8,79.3,69.6
NS,156868,2024-05-28,8:30 AM,Derailment,0,OSCEOLA,IN,62,2,Day,Clear,Yard,Yard/switching,4,32712,53340,86052,M409,41.666583,-86.033424,61.5,61.3,59.8
NS,140049,2020-12-17,6:52 PM,Side collision,0,OSCEOLA,IN,26,3,Dusk,Clear,Yard,Light loco(s),7,1160,0,87173,H305,41.664668,-86.052581,28,28.9,31.1
NS,140049,2020-12-17,6:52 PM,Side collision,0,OSCEOLA,IN,26,3,Dusk,Clear,Yard,Cut of cars,4,83926,2087,87173,H305,41.664668,-86.052581,28,28.9,31.1
BNSF,HL0517202,2017-05-03,1:35 PM,Hwy-rail crossing,0,OSCEOLA,AR,70,2,Day,Rain,Main,Freight Train,52,1000,60000,61000,M308,35.732963,-89.964137,63.8,64,52.8
NS,144856,2022-04-01,6:37 AM,Derailment,0,OSCEOLA,IN,32,1,Dawn,Snow,Yard,Yard/switching,15,333209,129817,463026,T207,41.664668,-86.052581,41.8,33.8,35.6
LSRC,D141020,2014-10-20,9:30 PM,Derailment,0,OSCODA,MI,46,4,Dark,Rain,Main,Freight Train,10,9500,8353,17853,T110,44.439694,-83.34485,41,47.2,43.1
UP,0319GP002,2019-03-03,11:18 PM,Derailment,0,OSHKOSH,NE,-15,4,Dark,Clear,Main,Freight Train,40,1729168,225700,1954868,T207,41.440028,-102.445295,13,-2.7,-0.9
UP,0319GP009,2019-03-05,1:31 PM,Derailment,0,OSHKOSH,NE,28,2,Day,Clear,Main,Freight Train,23,1202510,214682,1417192,T105,41.439669,-102.444047,-0.9,12.7,23.1
UP,0615CB019,2015-06-29,12:55 PM,Derailment,0,OSKALOOSA,IA,81,2,Day,Cloudy,Industry,Yard/switching,3,139,29750,29889,M101,41.977125,-92.823143,68.6,71.8,70.9
UP,1020GL007,2020-10-06,1:56 AM,Derailment,0,OSKALOOSA,IA,58,4,Dark,Clear,Industry,Yard/switching,3,651,93995,94646,T102,41.273471,-92.614489,53.6,64.7,68.3
BNSF,NE0515109,2015-05-27,1:30 AM,Derailment,0,OSMOND,NE,45,4,Dark,Clear,Industry,Freight Train,5,1895,55000,56895,M101,42.35132,-97.608379,61.5,67.7,70.2
NS,142553,2021-08-16,7:16 PM,Derailment,0,OSSIAN,IN,72,3,Dusk,Clear,Main,Freight Train,56,26835,27790,54625,E4TC,40.875707,-85.177303,65.8,67.6,71.2
BNSF,MT0418103,2018-04-07,6:08 AM,Derailment,0,OSWEGO,MT,12,1,Dawn,Clear,Main,Freight Train,52,1524279,961881,2486160,E61C,48.059937,-105.854892,13.7,23.8,25.2
UP,1020HL010,2020-10-15,8:27 AM,Hwy-rail crossing,0,OSWEGO,KS,60,2,Day,Cloudy,Main,Light loco(s),53,13811,33,13844,M302,37.120979,-95.122987,68.2,60.4,50.2
IC,846126,2015-03-02,1:40 PM,Obstruction,0,OSYKA,MS,67,2,Day,Rain,Main,,0,0,25,25283,M404,31.227353,-90.449173,58.6,61.7,66.6
ATK,136497,2015-03-02,1:40 PM,Obstruction,0,OSYKA,MS,67,2,Day,Rain,Main,Passenger Train - Pulling,60,25258,0,25283,M404,31.227353,-90.449173,58.6,61.7,66.6
CBRW,16080301,2016-08-03,10:05 AM,Hwy-rail crossing,0,OTHELLO,WA,80,2,Day,Clear,Main,Freight Train,17,10000,500,10500,M302,46.839434,-119.052357,69.9,70.7,74.3
IR,IR161584,2016-09-27,10:00 AM,Derailment,0,OTTAWA,IL,60,2,Day,Clear,Industry,Yard/switching,8,140000,10000,150000,T220,41.34908,-88.870963,63,60.2,56.1
IR,IR151327,2015-11-25,9:17 PM,Other impacts,0,OTTAWA,IL,35,4,Dark,Clear,Industry,Yard/switching,6,51521,0,51521,H302,41.346388,-88.874722,33,43.3,55.4
CSX,000198509,2021-06-28,3:00 PM,Derailment,0,OTTAWA,IL,75,2,Day,Rain,Yard,Cut of cars,3,300,0,33328,M105,41.354211,-88.830469,76.6,74.3,76.5
BNSF,KS1023110,2023-10-23,10:05 AM,Derailment,0,OTTAWA,KS,68,2,Day,Cloudy,Yard,Freight Train,4,60158,51855,112013,H307,38.635793,-95.266753,61.2,72.2,66.8
CSX,000198509,2021-06-28,3:00 PM,Derailment,0,OTTAWA,IL,75,2,Day,Rain,Yard,Cut of cars,3,30528,2500,33328,M105,41.354211,-88.830469,76.6,74.3,76.5
IR,IR233339,2023-06-10,9:30 PM,Derailment,0,OTTAWA,IL,66,4,Dark,Clear,Industry,Yard/switching,8,22000,0,22000,T216,41.348663,-88.872936,67.5,72.8,60.7
IR,IR192473,2019-05-09,11:44 AM,Hwy-rail crossing,0,OTTAWA,IL,55,2,Day,Clear,Main,Light loco(s),9,3000,0,3000,M303,41.350555,-88.864722,58,55.5,50.9
CSX,000143691,2015-03-24,11:40 AM,Derailment,0,OTTAWA,IL,35,2,Day,Cloudy,Yard,Freight Train,8,584507,0,699862,T110,41.35436,-88.831208,31.6,31.9,39
BNSF,KS0724107,2024-07-20,12:27 AM,Derailment,0,OTTAWA,KS,65,4,Dark,Cloudy,Main,Freight Train,52,1850289,641000,2491289,T204,38.621252,-95.337884,71.5,69.6,72.1
IR,202717,2020-01-30,10:00 AM,Derailment,0,OTTAWA,IL,33,2,Day,Clear,Yard,Yard/switching,4,19250,15000,34250,T101,41.360216,-88.83215,28.9,30.4,32.3
CSX,000143691,2015-03-24,11:40 AM,Derailment,0,OTTAWA,IL,35,2,Day,Cloudy,Yard,Freight Train,8,50459,64896,699862,T110,41.35436,-88.831208,31.6,31.9,39
IR,IR202858,2020-12-03,10:40 AM,Derailment,0,OTTAWA,IL,45,2,Day,Clear,Yard,Yard/switching,5,25259,4200,29459,T210,41.345833,-88.875,30.1,33.2,35
IC,851624,2015-05-29,2:30 AM,Derailment,0,OTTO,IL,80,4,Dark,Clear,Yard,Freight Train,3,48511,1577,50088,T220,41.05215,-87.889969,70.1,74.6,62.1
CP,1000155175,2014-12-20,3:25 AM,Derailment,0,OTTUMWA,IA,34,4,Dark,Cloudy,Yard,Freight Train,5,26819,3540,30359,T221,41.01937,-92.45025,28.5,32.8,39.2
BNSF,CH0221109,2021-02-11,8:15 PM,Other impacts,0,OTTUMWA,IA,-10,3,Dusk,Clear,Yard,Light loco(s),4,15150,0,15150,H306,41.012305,-92.407114,8.3,3,-2.2
CP,1000537117,2017-04-03,8:43 AM,Hwy-rail crossing,0,OTTUMWA,IA,50,2,Day,Rain,Main,Freight Train,20,15000,175,15175,M302,41.025985,-92.426745,50,50.5,50.5
BNSF,CH0518108,2018-05-27,1:44 PM,Derailment,0,OTTUMWA,IA,100,2,Day,Clear,Main,Freight Train,24,1536181,450000,1986181,T109,41.051809,-92.475009,79.2,82.9,82.3
UP,0721GP002,2021-07-04,8:00 AM,Derailment,0,OVID,CO,67,2,Day,Clear,Main,Freight Train,50,3256,95300,98556,E68C,40.990235,-102.369144,76.2,77.7,78.5
SKOL,160429001,2016-04-29,10:25 AM,Derailment,0,OWASSO,OK,72,2,Day,Clear,Yard,Freight Train,10,15927,6800,22727,M503,36.25686,-95.855196,62.5,64.2,63
SKOL,D523415,2015-10-29,2:30 PM,Derailment,0,OWASSO,OK,70,2,Day,Clear,Main,Freight Train,9,2800,24000,26800,T222,36.250688,-95.833857,59.4,53.8,48.4
SKOL,211028,2021-10-28,12:25 AM,Derailment,0,OWASSO,OK,52,4,Dark,Rain,Yard,Freight Train,5,57019,16839,140546,T201,36.267487,-95.859393,60.4,53.6,55.3
SKOL,D523114,2014-12-05,4:35 PM,Derailment,0,OWASSO,OK,40,2,Day,Rain,Yard,Yard/switching,5,23963,5000,28963,T205,36.161624,-95.877317,46.9,54.2,45.5
SKOL,211028,2021-10-28,12:25 AM,Derailment,0,OWASSO,OK,52,4,Dark,Rain,Yard,Freight Train,5,57019,9669,140546,T201,36.155794,-95.513036,60.4,53.6,55.3
NS,136542,2019-12-17,3:55 AM,Derailment,0,OWEGO,NY,28,4,Dark,Snow,Industry,Freight Train,7,0,13098,13098,T314,42.105607,-76.274853,25,26.9,20.2
CSX,000214655,2023-11-21,6:15 AM,Derailment,0,OWENSBORO,KY,45,4,Dark,Cloudy,Industry,Freight Train,10,1759,40158,41917,H309,37.788765,-87.142478,53.2,49.7,43.9
CSX,000216800,2024-03-17,10:45 PM,Other impacts,0,OWENSBORO,KY,45,4,Dark,Clear,Yard,Yard/switching,3,2825,0,24975,H318,37.773969,-87.080107,50.9,47.6,33.9
CSX,000216800,2024-03-17,10:45 PM,Other impacts,0,OWENSBORO,KY,45,4,Dark,Clear,Yard,Single Car,0,22150,0,24975,H318,37.773969,-87.080107,50.9,47.6,33.9
GLC,GLC4062017,2017-04-06,2:05 PM,Hwy-rail crossing,0,OWOSSO,MI,34,2,Day,Sleet,Main,Maint./inspect Car,7,0,11000,11000,M308,42.999855,-84.186459,40.9,35.6,40.1
GLC,GLC111718,2018-11-17,7:30 PM,Derailment,0,OWOSSO,MI,31,4,Dark,Clear,Main,Freight Train,10,45000,4087,49087,T201,42.994685,-84.181791,32.7,32.8,31.2
CSX,000184214,2019-07-18,1:55 PM,Hwy-rail crossing,0,OXFORD,FL,92,2,Day,Clear,Main,Freight Train,44,400,12672,13072,M303,28.912777,-82.030582,80.8,80.6,81.2
UP,0623ES023,2023-06-20,11:20 AM,Obstruction,0,OXFORD,WI,79,2,Day,Clear,Main,Maint./inspect Car,20,1678,0,12678,H401,43.783499,-89.572641,75.3,72.7,75.5
UP,0623ES023,2023-06-20,11:20 AM,Obstruction,0,OXFORD,WI,79,2,Day,Clear,Main,Maint./inspect Car,15,11000,0,12678,H401,43.783499,-89.572641,75.3,72.7,75.5
ESPN,ESPN1801,2018-03-02,12:42 PM,Derailment,0,OXFORD,PA,30,2,Day,Snow,Main,Freight Train,9,80000,50000,130000,M105,39.798267,-75.940986,48,37.3,38.7
MSCI,09022015,2015-09-02,2:15 PM,Derailment,0,OXFORD,MS,89,2,Day,Clear,Main,Freight Train,5,110000,10000,120000,T110,34.462778,-89.528333,76.1,76,76.1
BNSF,HL1221102,2021-12-03,6:32 AM,Rear end collision,0,PACIFIC JCTN,IA,40,1,Dawn,Clear,Main,Freight Train,0,197947,0,1572598,H404,40.990178,-95.799898,55.4,47.2,38.8
BNSF,HL1221102,2021-12-03,6:32 AM,Rear end collision,0,PACIFIC JCTN,IA,40,1,Dawn,Clear,Main,Freight Train,42,1284651,90000,1572598,H404,40.990178,-95.799898,55.4,47.2,38.8
BNSF,HL1120106,2020-11-11,5:41 PM,Derailment,0,PACIFIC JCTN,IA,55,3,Dusk,Clear,Yard,Freight Train,6,1183,18000,19183,T210,41.012494,-95.801077,32.6,37,32.7
NS,120792,2016-06-08,6:30 PM,Other impacts,0,PACOLET,SC,90,3,Dusk,Clear,Industry,Freight Train,7,12000,0,12000,H307,34.903384,-81.810618,77.1,73,71.1
PAL,2024FEB1D,2024-02-08,2:51 PM,Derailment,0,PADUCAH,KY,64,2,Day,Clear,Yard,Freight Train,9,31262,1500,32762,H702,37.065334,-88.608928,44.2,57.7,60.6
PAL,2015SEPT2D,2015-09-15,6:35 PM,Derailment,0,PADUCAH,KY,70,2,Day,Clear,Yard,Freight Train,9,3025,11484,14509,H312,37.053274,-88.61036,64.3,67,69.3
PAL,2022SEPT2D,2022-09-10,12:45 PM,Derailment,0,PADUCAH,KY,86,2,Day,Cloudy,Yard,Freight Train,8,110000,45000,155000,M503,37.04456,-88.6109,71,73.5,70.1
PAL,2015APR3D,2015-04-21,8:15 PM,Derailment,0,PADUCAH,KY,54,4,Dark,Rain,Yard,Freight Train,5,13053,13068,26121,T221,37.054927,-88.610119,58,56,56.7
PAL,2019SEP1D,2019-09-08,9:50 AM,Derailment,0,PADUCAH,KY,85,2,Day,Clear,Yard,Freight Train,7,4505,44947,49452,T201,37.084481,-88.593811,71.7,70.6,76.1
PAL,2023AUG1D,2023-08-09,6:25 AM,Derailment,0,PADUCAH,KY,79,1,Dawn,Cloudy,Yard,Freight Train,7,8385,23593,31978,T314,37.06568,-88.609,72.5,72.2,75.1
KCS,15121204,2015-12-12,10:05 PM,Obstruction,0,PAGE,OK,68,4,Dark,Cloudy,Main,Freight Train,40,20873,0,20873,M404,34.735021,-94.600967,60.8,70.4,60.6
SCXF,20191025R,2019-10-25,12:00 PM,Hwy-rail crossing,0,PAHOKEE,FL,90,2,Day,Clear,Main,Freight Train,33,350000,50000,400000,M302,26.748441,-80.659562,80.5,79.6,77.7
SCXF,20200515I,2020-05-15,3:25 PM,Rear end collision,0,PAHOKEE,FL,90,2,Day,Rain,Main,Freight Train,0,50000,0,50500,H607,26.843872,-80.644311,76,75.4,77
SCXF,20200515I,2020-05-15,3:25 PM,Rear end collision,0,PAHOKEE,FL,90,2,Day,Rain,Main,Freight Train,15,500,0,50500,H607,26.843872,-80.644311,76,75.4,77
NS,144392,2022-02-14,2:45 PM,Other impacts,0,PAINESVILLE,OH,72,2,Day,Cloudy,Industry,Single Car,2,30528,0,30828,H018,41.753123,-81.224172,18.2,12.3,18.5
NS,144392,2022-02-14,2:45 PM,Other impacts,0,PAINESVILLE,OH,72,2,Day,Cloudy,Industry,Cut of cars,3,0,300,30828,H018,41.753123,-81.224172,18.2,12.3,18.5
NS,130787,2018-08-31,11:30 PM,Other (describe in narrative),0,PAINTED POST,NY,72,4,Dark,Clear,Yard,Freight Train,6,50987,91706,145510,H702,42.147629,-77.106746,70.7,66.7,71.4
NS,133432,2019-03-29,5:50 PM,Other (describe in narrative),0,PAINTED POST,NY,72,3,Dusk,Clear,Yard,Freight Train,4,65000,407,65407,E21C,42.149504,-77.101923,44.9,46,53.7
NS,130787,2018-08-31,11:30 PM,Other (describe in narrative),0,PAINTED POST,NY,72,4,Dark,Clear,Yard,Single Car,0,2817,0,145510,H702,42.147629,-77.106746,70.7,66.7,71.4
NS,130226,2018-07-16,8:45 PM,Derailment,0,PAINTED POST,NY,72,4,Dark,Rain,Yard,Freight Train,7,46726,2527,49253,T207,42.140279,-77.116049,77.1,78.3,74.5
CSX,000179634,2018-10-31,11:26 AM,Hwy-rail crossing,0,PALATKA,FL,81,2,Day,Clear,Main,,0,0,97,33885,M304,29.725472,-81.652022,64.5,67.6,71.5
CSX,000198903,2021-07-15,9:31 PM,Hwy-rail crossing,0,PALATKA,FL,80,4,Dark,Clear,Main,,0,0,18813,59279,M302,29.745547,-81.642086,80.6,80.7,80.8
ATK,156069,2018-10-31,11:26 AM,Hwy-rail crossing,0,PALATKA,FL,0,2,Day,Clear,Main,Passenger Train - Pulling,70,33788,0,33885,M302,29.725472,-81.652022,64.5,67.6,71.5
CSX,000179753,2018-11-08,10:39 AM,Hwy-rail crossing,0,PALATKA,FL,84,2,Day,Clear,Main,,0,0,97,35938,M304,29.745547,-81.642086,74.4,73.8,75
ATK,167720,2021-07-15,9:29 PM,Hwy-rail crossing,0,PALATKA,FL,77,3,Dusk,Clear,Main,Passenger Train - Pulling,75,40466,0,59279,M302,29.745547,-81.642086,80.6,80.7,80.8
ATK,156193,2018-11-08,10:39 AM,Hwy-rail crossing,0,PALATKA,FL,82,2,Day,Clear,Main,Passenger Train - Pulling,73,35841,0,35938,M304,29.745547,-81.642086,74.4,73.8,75
BNSF,MT0722106,2022-07-14,4:22 PM,Derailment,0,PALERMO,ND,95,2,Day,Clear,Main,Freight Train,65,1086781,1300000,2386781,T109,48.337507,-102.241313,68.2,74,74.9
UP,0815LK014,2015-08-18,3:15 PM,Hwy-rail crossing,0,PALESTINE,AR,85,2,Day,Clear,Main,Freight Train,22,34048,0,34048,M302,34.961659,-90.942703,78.7,79.1,76
UP,1022MA006,2022-10-04,6:15 PM,Hwy-rail crossing,0,PALESTINE,AR,75,3,Dusk,Clear,Main,Freight Train,55,11718,300,12018,M303,34.973589,-90.902008,64.6,63.3,62.4
UP,0416HO048,2016-04-30,2:50 AM,Derailment,0,PALESTINE,TX,70,4,Dark,Rain,Main,Freight Train,20,34771,691200,725971,M103,31.707207,-95.69291,76.9,72.4,70.8
UP,0321ES032,2021-03-16,2:00 PM,Obstruction,0,PALESTINE,TX,77,2,Day,Cloudy,Main,Spec. MoW Equip.,15,2455,33,19188,H997,31.698661,-95.714445,62.3,70.9,65.4
UP,0517HO019,2017-05-09,10:00 AM,Fire/violent rupture,0,PALESTINE,TX,76,2,Day,Clear,Main,Freight Train,25,59718,0,59718,E73L,31.721389,-95.611346,71.6,72.6,74.1
UP,0916HO013,2016-09-06,10:02 AM,Derailment,0,PALESTINE,TX,78,2,Day,Cloudy,Yard,Yard/switching,4,14111,4000,18111,M507,31.7614,-95.632671,79.4,80.9,81.6
INRD,644242,2018-08-06,8:45 PM,Derailment,0,PALESTINE,IL,90,3,Dusk,Clear,Main,Freight Train,5,200000,8000,208000,H704,39.004985,-87.610696,78.1,79.5,74.5
TESR,LSER91820D,2020-09-18,2:35 PM,Derailment,0,PALESTINE,TX,71,2,Day,Clear,Main,Passenger Train - Pulling,22,47318,39360,86678,T110,31.762042,-95.416532,76.3,75.6,70.7
TESR,TESR00006F,2022-09-20,12:30 PM,Derailment,0,PALESTINE,TX,91,2,Day,Clear,Main,Freight Train,9,0,18108,18108,T102,31.743164,-95.607137,83,83.4,81.9
UP,0123HO037,2023-01-31,9:05 PM,Derailment,0,PALESTINE,TX,30,4,Dark,Rain,Yard,Freight Train,8,19453,91036,110489,T202,31.76089,-95.641154,32.6,31.2,31.2
INRD,644294,2023-01-04,10:20 PM,Derailment,0,PALESTINE,IL,39,4,Dark,Clear,Industry,Freight Train,9,20000,15000,35000,T202,39.007,-87.37296,59.6,41.3,36.7
FEC,X20072118,2018-07-21,5:05 PM,Hwy-rail crossing,0,PALM BEACH GARDENS,FL,90,2,Day,Rain,Main,Light loco(s),58,780,12674,13454,M309,26.837895,-80.093928,83.8,82.8,82.2
FEC,X46082624,2024-08-26,2:15 PM,Hwy-rail crossing,0,PALM BEACH GARDENS,FL,94,2,Day,Clear,Main,,0,0,393,13254,M308,26.830627,-80.091951,80.9,84.4,86
BLF,20245263,2024-08-26,2:15 PM,Hwy-rail crossing,0,PALM BEACH GARDENS,FL,94,2,Day,Clear,Main,Passenger Train - Pulling,76,12861,0,13254,M308,26.830627,-80.091951,80.9,84.4,86
SCXF,20230914C,2023-09-14,10:00 AM,Hwy-rail crossing,0,PALMDALE,FL,84,2,Day,Clear,Main,Freight Train,37,16500,500,17000,M302,26.958387,-81.317144,83.7,83.2,82.4
SCXF,20231030C,2023-10-30,9:55 AM,Hwy-rail crossing,0,PALMDALE,FL,85,2,Day,Clear,Main,Freight Train,37,1000000,500000,1500000,M304,26.896313,-81.238197,75.2,75.6,76.4
MCER,20220609,2022-06-09,12:50 PM,Derailment,0,PALMER,MA,79,2,Day,Cloudy,Main,Freight Train,22,20000,17513,37513,M405,42.209372,-72.31313,68.9,68.1,67.1
LSI,67748,2017-10-30,6:00 PM,Derailment,0,PALMER,MI,36,3,Dusk,Cloudy,Main,Freight Train,16,189000,56821,245821,T220,46.502998,-87.562822,33.7,35.8,32.8
ARR,2023111,2023-07-14,11:30 AM,RR grade crossing,0,PALMER,AK,65,2,Day,Clear,Industry,Spec. MoW Equip.,3,0,0,0,M302,61.3415,-149.0926,64.9,63.8,57.4
LSI,64167,2015-03-01,1:00 AM,Other impacts,0,PALMER,MI,9,4,Dark,Clear,Industry,Light loco(s),7,48123,0,48123,H302,46.431146,-87.629107,12.1,16.7,16.7
LSI,69187,2019-03-09,9:00 AM,Derailment,0,PALMER,MI,25,2,Day,Cloudy,Industry,Light loco(s),12,17500,0,17500,M101,46.255021,-87.374228,14.5,22.5,28.3
LSI,72163,2023-03-16,10:40 AM,Derailment,0,PALMER,MI,20,2,Day,Cloudy,Industry,Freight Train,7,1000,59150,60150,T111,46.435951,-87.646491,32.6,35.9,23.3
LSI,73205,2024-05-12,9:00 AM,Derailment,0,PALMER,MI,60,2,Day,Cloudy,Industry,Freight Train,1,17113,30570,47683,T399,46.437798,-87.65739,44.6,54.8,44.3
LSI,67399,2017-08-05,9:30 AM,Derailment,0,PALMER,MI,60,2,Day,Clear,Industry,Yard/switching,5,0,21157,21157,T205,46.438312,-87.660368,58.4,60.5,57.6
MCER,0215,2015-04-14,5:00 PM,Derailment,0,PALMER,MA,55,2,Day,Clear,Siding,Freight Train,5,6198,5498,11696,T110,42.172688,-72.345752,52.9,57.7,54.4
LSI,66205,2016-10-03,5:00 PM,Derailment,0,PALMER,MI,67,2,Day,Clear,Industry,Freight Train,5,0,12821,12821,T206,46.43434,-87.639509,56.5,53.4,60.8
LSI,64316,2015-03-26,12:30 PM,Derailment,0,PALMER,MI,28,2,Day,Cloudy,Industry,Freight Train,2,3350,16996,20346,T314,46.433389,-87.637786,30,24.5,13.5
MAUP,102221,2021-10-22,7:45 AM,Derailment,0,PALMETTO,FL,65,1,Dawn,Clear,Industry,Yard/switching,6,21620,4163,25783,H702,27.6373,-82.5378,76.6,77.5,78.1
CSX,000166314,2017-01-22,1:55 AM,Derailment,0,PALMETTO,GA,55,4,Dark,Fog,Main,Freight Train,7,14000,827,14827,M599,33.50979,-84.670808,59.2,57.3,51.8
UP,0216LV009,2016-02-16,7:56 AM,Hwy-rail crossing,0,PALMETTO,LA,64,2,Day,Clear,Main,Freight Train,37,6376,29321,35697,M304,30.717587,-91.890098,58.6,55.9,54.8
MAUP,012419,2019-01-24,3:20 PM,Derailment,0,PALMETTO,FL,75,2,Day,Clear,Industry,Yard/switching,6,100,25644,25744,T110,27.638143,-82.536624,69.8,67.4,56.1
IANR,PLD0519182,2018-05-19,6:15 AM,Derailment,0,PALO,IA,60,1,Dawn,Cloudy,Main,Freight Train,25,9992,3450,13442,E86C,42.033495,-91.763351,67.9,68.1,59.3
IANR,PLD0810201,2020-08-10,12:53 PM,Derailment,0,PALO,IA,80,2,Day,Rain,Industry,Cut of cars,0,108199,250,108449,M105,42.086796,-91.80373,77.6,71.7,69.6