reportingrailroadcode,accidentnumber,date,time,accidenttype,hazmatreleasedcars,station,stateabbr,temperature,visibility_code,visibility,weathercondition,tracktype,equipmenttype,trainspeed,equipmentdamagecost,trackdamagecost,totaldamagecost,primaryaccidentcausecode,latitude,longitude,prior_temp,actual_temp,following_temp
WIR,01,2018-04-20,12:30 PM,Derailment,0,PALOUSE,WA,68,2,Day,Clear,Main,Freight Train,8,70000,5000,75000,T001,46.937528,-117.099485,48.2,48.9,50.3
BNSF,KS0820202,2020-08-17,4:13 PM,Hwy-rail crossing,0,PAMPA,TX,90,2,Day,Clear,Main,Freight Train,48,5949,184292,190241,M308,35.496405,-101.042959,78.4,77.2,80.2
BNSF,KS0324114,2024-03-28,3:56 PM,Derailment,0,PAMPA,TX,65,2,Day,Clear,Main,Freight Train,22,290868,159749,450617,M505,35.576116,-100.891814,44.1,53.2,64.5
BNSF,KS0322202,2022-03-03,11:06 AM,Hwy-rail crossing,0,PAMPA,TX,65,2,Day,Clear,Main,Freight Train,60,5600,20927,26527,M308,35.501296,-101.032371,55.4,59.8,63.7
BNSF,KS0320113,2020-03-15,1:45 PM,Other impacts,0,PAMPA,TX,50,2,Day,Clear,Yard,Freight Train,5,74576,0,74576,H318,35.528745,-100.972693,43,39.4,53.6
BNSF,KS1117105,2017-11-12,1:00 PM,Derailment,0,PAMPA,TX,45,2,Day,Cloudy,Yard,Light loco(s),4,40575,10500,51075,H703,35.528742,-100.972701,56.5,46.7,52.8
BNSF,KS1115104,2015-11-16,7:20 PM,Derailment,0,PAMPA,TX,62,4,Dark,Rain,Main,Freight Train,0,40547,10300,50847,M102,35.620366,-100.796725,53.3,61.5,39.8
NS,139674,2020-11-08,6:55 AM,Derailment,0,PANAMA,IL,60,1,Dawn,Clear,Main,Freight Train,27,876832,118849,995681,T207,39.023541,-89.521635,57.8,65.3,67
BAYL,BAY674615,2015-03-21,9:08 AM,Derailment,0,PANAMA CITY,FL,65,2,Day,Clear,Yard,Freight Train,8,60000,30000,90000,T103,30.185513,-85.645911,68.3,70.7,71.2
BAYL,BAY726121,2021-02-01,5:30 AM,Derailment,0,PANAMA CITY,FL,45,1,Dawn,Cloudy,Industry,Yard/switching,2,15000,100000,115000,T403,30.182821,-85.728057,65.1,46.7,44.3
BAYL,BAY045722,2022-10-20,5:15 AM,Derailment,0,PANAMA CITY,FL,45,1,Dawn,Clear,Industry,Yard/switching,8,54800,43000,97800,T311,30.182821,-85.728057,52,53.9,58.1
BNSF,KS1023114,2023-10-27,10:05 AM,Derailment,0,PANHANDLE,TX,65,2,Day,Clear,Yard,Freight Train,8,13388,0,13388,H307,35.332406,-101.402298,68.4,49.7,40.8
PNR,PNR223172,2022-07-29,2:45 PM,Derailment,0,PANHANDLE,TX,98,2,Day,Clear,Yard,Yard/switching,11,133872,15000,148872,H704,35.335776,-101.404754,82.7,75.5,74.4
PNR,PNR2333395,2023-10-27,10:05 AM,Derailment,0,PANHANDLE,TX,65,2,Day,Clear,Yard,Freight Train,8,13388,0,13388,H307,35.332406,-101.402298,68.4,49.7,40.8
BNSF,KS0718110,2018-07-17,3:53 PM,Derailment,1,PANHANDLE,TX,95,2,Day,Clear,Siding,Freight Train,4,463403,90000,553403,H306,35.331589,-101.398009,81.2,85,86.1
BNSF,KS0820116,2020-08-29,9:20 PM,Derailment,0,PANHANDLE,TX,64,4,Dark,Rain,Main,Freight Train,0,793460,3900,797360,M105,35.271466,-101.591193,89,77.9,78.1
BNSF,KS0616108,2016-06-28,8:21 AM,Head on collision,1,PANHANDLE,TX,70,1,Dawn,Clear,Main,Freight Train,65,6397615,0,15828190,H220,35.360988,-101.334873,79.3,80.8,77.9
BNSF,KS0616200,2016-06-08,1:20 PM,Hwy-rail crossing,0,PANHANDLE,TX,85,2,Day,Clear,Main,Freight Train,32,11592,87164,98756,M302,35.325247,-101.417128,74.7,77.7,78.8
BNSF,KS0616108,2016-06-28,8:21 AM,Head on collision,0,PANHANDLE,TX,70,1,Dawn,Clear,Main,Freight Train,33,8036734,1393841,15828190,H220,35.360988,-101.334873,79.3,80.8,77.9
CLNA,12281801,2018-12-28,2:45 PM,Derailment,0,PANTEGO,NC,67,2,Day,Rain,Main,Freight Train,8,33900,11610,45510,T101,35.601056,-76.767611,47.1,64.2,59.8
UP,0817KC017,2017-08-15,11:37 AM,Hwy-rail crossing,0,PAOLA,KS,88,2,Day,Cloudy,Main,Freight Train,38,39080,101284,140364,M303,38.574205,-94.888084,73.9,76.4,75.7
UP,1016KC007,2016-10-16,4:45 PM,Derailment,0,PAOLA,KS,75,2,Day,Clear,Main,Freight Train,37,547059,991104,1538163,T001,38.59718,-94.852578,68,74.3,77
ATK,163276,2020-02-27,10:40 AM,Other (describe in narrative),0,PAOLI,PA,35,2,Day,Clear,Siding,Light loco(s),8,18351,0,18351,H699,40.042955,-75.484725,46.2,37.3,33.6
ATK,172427,2022-10-19,6:40 PM,Obstruction,0,PAOLI,PA,53,3,Dusk,Cloudy,Main,Spec. MoW Equip.,0,0,15300,30599,T404,40.04319,-75.486932,46.3,43.8,46.3
SEPA,SEPA101922,2022-10-19,6:40 PM,Obstruction,0,PAOLI,PA,53,3,Dusk,Cloudy,Main,EMU,50,15299,0,30599,T404,40.04319,-75.486932,46.3,43.8,46.3
SRC,202201,2022-11-02,11:23 AM,Obstruction,0,PARADISE,PA,69,2,Day,Clear,Yard,Light loco(s),10,30914,0,30914,H607,40.004812,-76.11286,61.4,58.4,54.6
MRL,2023036,2023-04-02,9:19 AM,Derailment,0,PARADISE,MT,35,2,Day,Clear,Main,Freight Train,40,2000000,1900000,3900000,T207,47.334024,-114.789184,28.3,24.9,24.8
UP,0316LK027,2016-03-24,6:40 AM,Obstruction,0,PARAGOULD,AR,51,1,Dawn,Rain,Main,Freight Train,44,0,84434,84434,M402,36.049362,-90.488243,62.6,57.3,43.2
CSX,000171069,2017-08-18,2:29 PM,Other impacts,0,PARIS,IL,90,2,Day,Clear,Main,Freight Train,5,4734,0,19334,H020,39.613918,-87.704536,75.8,72.8,74.5
CSX,000171069,2017-08-18,2:29 PM,Other impacts,0,PARIS,IL,90,2,Day,Clear,Main,Cut of cars,5,14600,0,19334,H020,39.613918,-87.704536,75.8,72.8,74.5
NS,151492,2022-11-17,11:00 AM,Hwy-rail crossing,0,PARIS,MO,40,2,Day,Clear,Main,Freight Train,49,238592,237953,476545,M303,39.48491,-92.000105,28.8,30.3,23.8
KRR,KRR577020,2020-03-31,8:45 AM,Derailment,0,PARIS,TX,55,2,Day,Cloudy,Main,Freight Train,10,58279,21791,80070,T220,33.713052,-95.55455,56,57,58.6
CSX,000138883,2014-12-15,2:45 AM,Derailment,0,PARIS,KY,40,4,Dark,Cloudy,Main,Freight Train,6,137404,100000,237404,T499,38.212451,-84.247722,42,44.8,45.9
KRR,KRR730221,2021-02-09,7:15 PM,Derailment,0,PARIS,TX,28,4,Dark,Clear,Main,Freight Train,10,45107,32168,77275,T207,33.75238,-95.544793,44.6,32.8,30.1
NJTR,201906332,2019-06-17,7:29 AM,Obstruction,0,PARK RIDGE,NJ,78,2,Day,Clear,Main,Commuter Train - Pushing,36,14184,0,14184,M509,41.036684,-74.0326,73.2,72.8,70.7
UP,0116WH001,2016-01-04,4:30 PM,Derailment,0,PARKER,KS,40,2,Day,Cloudy,Main,Freight Train,19,576512,111380,687892,T299,38.282228,-94.990329,28.7,22.9,27.7
CP,1000442675,2016-08-30,5:10 PM,Hwy-rail crossing,0,PARKERS PRAIRIE,MN,78,2,Day,Clear,Main,Light loco(s),40,25577,120,25697,M304,46.180436,-95.336007,73.5,68,65.9
CSX,000145311,2015-04-22,10:31 PM,Derailment,0,PARKERSBURG,WV,41,4,Dark,Clear,Main,Freight Train,6,34810,300,35110,E67C,39.267578,-81.564647,53.4,48.4,44.9
CSX,000138455,2014-12-05,4:41 PM,Derailment,0,PARKERSBURG,WV,38,3,Dusk,Rain,Yard,Yard/switching,4,13488,500,13988,T207,39.276565,-81.558631,32.4,42.9,47.3
ATK,153501,2018-05-30,10:16 PM,Hwy-rail crossing,0,PARKS,NE,58,4,Dark,Clear,Main,Passenger Train - Pulling,77,35661,0,37856,M302,40.035153,-101.749048,62.9,67.6,71.8
BNSF,PR1023201,2023-10-07,11:08 AM,Hwy-rail crossing,0,PARKS,NE,72,2,Day,Clear,Main,Freight Train,46,250000,200113,450113,M302,40.03515,-101.749,50,50.9,57.8
BNSF,PR0518204,2018-05-30,10:16 PM,Hwy-rail crossing,0,PARKS,NE,58,4,Dark,Clear,Main,,0,0,2195,37856,M308,40.035153,-101.749048,62.9,67.6,71.8
BNSF,NW0319109,2019-03-07,8:16 AM,Derailment,0,PARKWATER,WA,27,1,Dawn,Cloudy,Yard,Yard/switching,5,3000,17000,20000,H306,47.674121,-117.314218,35.6,30.5,28.8
CRSH,123936,2017-02-10,7:15 PM,Derailment,0,PARLIN,NJ,30,3,Dusk,Snow,Industry,Yard/switching,7,1505,10000,11505,T112,40.449437,-74.334218,29.5,25.5,37.4
UP,1220PN021,2020-12-22,9:55 AM,Hwy-rail crossing,0,PARMA,ID,36,2,Day,Cloudy,Main,Freight Train,60,16335,99,16434,M302,43.736509,-116.906137,41.9,38.9,30
CSX,000138406,2014-12-03,11:45 PM,Derailment,0,PARMA,OH,35,4,Dark,Clear,Industry,Yard/switching,7,20456,500,20956,T110,41.406978,-81.787482,30,34.7,30.4
NS,116787,2015-08-04,2:30 AM,Derailment,0,PARRISH,AL,72,4,Dark,Clear,Main,Light loco(s),4,37064,0,37064,H017,33.72383,-87.294159,81.4,84.2,83.3
CP,1001307177,2020-08-22,3:59 PM,Derailment,0,PARSHALL,ND,87,2,Day,Clear,Main,Freight Train,23,225480,16484,241964,T199,47.971708,-102.014868,74.1,71.5,68.8
NJTR,202007235,2020-07-10,3:20 PM,Obstruction,0,PARSIPPANY,NJ,85,2,Day,Rain,Main,Commuter Train - Pulling,40,14273,0,14273,M404,40.866417,-74.476826,80.2,75.6,79
UP,0316WH006,2016-03-17,8:50 PM,Other impacts,0,PARSONS,KS,51,4,Dark,Clear,Yard,Yard/switching,10,135782,60171,239214,H306,37.334204,-95.262965,50,52.1,45.2
UP,0622HL014,2022-06-16,12:17 PM,Other (describe in narrative),0,PARSONS,KS,79,2,Day,Cloudy,Yard,Single Car,0,20650,0,20650,M507,37.347952,-95.270389,83.1,84.9,83.6
UP,1121HL007,2021-11-14,8:11 AM,Other impacts,0,PARSONS,KS,39,2,Day,Clear,Yard,Freight Train,5,30714,0,59960,H306,37.362987,-95.275673,39.1,45.4,53.5
UP,0124HL012,2024-01-15,10:00 AM,Fire/violent rupture,0,PARSONS,KS,20,2,Day,Cloudy,Yard,Single Car,0,64835,0,64835,M406,37.346407,-95.269946,-0.2,3.4,7.2
UP,1121HL007,2021-11-14,8:11 AM,Other impacts,0,PARSONS,KS,39,2,Day,Clear,Yard,Yard/switching,3,11565,1060,59960,H306,37.362987,-95.275673,39.1,45.4,53.5
UP,0717FW015,2017-07-13,10:30 PM,Derailment,0,PARSONS,KS,71,4,Dark,Rain,Yard,Freight Train,0,59788,0,111108,H307,37.33757,-95.264827,85.7,84.9,76.6
UP,0717FW015,2017-07-13,10:30 PM,Derailment,0,PARSONS,KS,71,4,Dark,Rain,Yard,Yard/switching,10,50838,482,111108,H307,37.33757,-95.264827,85.7,84.9,76.6
UP,0123HL018,2023-01-25,11:00 PM,Derailment,0,PARSONS,KS,24,4,Dark,Cloudy,Yard,Freight Train,7,13320,25360,38680,M409,37.3469,-95.2698,32,33.7,28.9
UP,0316WH006,2016-03-17,8:50 PM,Other impacts,0,PARSONS,KS,51,4,Dark,Clear,Yard,Light loco(s),0,18879,0,239214,H306,37.334204,-95.262965,50,52.1,45.2
UP,0316WH006,2016-03-17,8:50 PM,Other impacts,0,PARSONS,KS,51,4,Dark,Clear,Yard,Cut of cars,0,24382,0,239214,H306,37.334204,-95.262965,50,52.1,45.2
UP,0624HL020,2024-06-14,12:15 PM,Derailment,0,PARSONS,KS,89,2,Day,Clear,Yard,Yard/switching,5,9350,46809,56159,H702,37.346522,-95.269687,80.7,84.4,83.4
BNSF,KS1217202,2017-12-27,1:27 PM,Hwy-rail crossing,0,PARTRIDGE,KS,19,2,Day,Clear,Main,Freight Train,56,13500,500,14000,M302,37.970965,-98.142206,12.4,15.1,26.7
PTRA,2016000022,2016-07-06,11:00 PM,Derailment,0,PASADENA,TX,83,4,Dark,Clear,Yard,Yard/switching,6,23260,6000,29260,H702,29.726494,-95.191664,86.7,86.6,86.1
PTRA,20180128PA,2018-01-28,5:00 AM,Derailment,0,PASADENA,TX,60,4,Dark,Clear,Yard,Yard/switching,4,25000,1000,26000,H318,29.72609,-95.194334,62.3,61.4,54.8
PTRA,2021000004,2021-03-12,4:15 AM,Other (describe in narrative),0,PASADENA,TX,70,4,Dark,Cloudy,Industry,,0,0,74668,74668,H607,29.716029,-95.228025,72.2,73.3,71.8
PTRA,2020000019,2020-09-11,9:30 AM,Raking collision,0,PASADENA,TX,95,2,Day,Clear,Yard,Cut of cars,4,4000,0,39000,H018,29.726313,-95.192098,81.8,80.1,84.3
PTRA,2020000019,2020-09-11,9:30 AM,Raking collision,0,PASADENA,TX,95,2,Day,Clear,Yard,Freight Train,5,35000,0,39000,H018,29.726313,-95.192098,81.8,80.1,84.3
BNSF,RD0621126,2021-06-26,8:50 AM,Other (describe in narrative),0,PASADENA,TX,90,1,Dawn,Cloudy,Industry,Freight Train,10,0,0,94000,H607,29.716141,-95.227837,86.5,85.5,84.9
PTRA,2021000015,2021-06-26,8:50 AM,Other (describe in narrative),0,PASADENA,TX,90,2,Day,Cloudy,Industry,,0,0,94000,94000,H607,29.716141,-95.227837,86.5,85.5,84.9
UP,0321HO024,2021-03-12,4:15 AM,Other (describe in narrative),0,PASADENA,TX,68,4,Dark,Cloudy,Yard,Light loco(s),7,0,0,74668,H607,29.716029,-95.228025,72.2,73.3,71.8
PTRA,2019000019,2019-07-10,9:50 PM,Derailment,0,PASADENA,TX,77,4,Dark,Clear,Main,Freight Train,5,100000,100000,200000,H702,29.72345,-95.165133,86.8,87,88.1
PTRA,2022000027,2022-06-13,12:00 PM,Hwy-rail crossing,0,PASADENA,TX,95,2,Day,Clear,Main,Freight Train,15,17076,0,17076,M302,29.720794,-95.157714,86.2,86.5,86
UP,0722HO010,2022-07-17,11:23 AM,Other impacts,0,PASADENA,TX,92,2,Day,Cloudy,Yard,Freight Train,5,318,0,52818,H307,29.716079,-95.226997,86.1,86.6,87
PTRA,2021000003,2021-02-07,4:55 PM,Other (describe in narrative),0,PASADENA,TX,70,2,Day,Clear,Main,Light loco(s),20,0,54000,54000,H702,29.720441,-95.152961,56.7,52.5,61.3
UP,1022HO003,2022-10-04,8:30 AM,Derailment,0,PASADENA,TX,66,2,Day,Clear,Yard,Yard/switching,5,147557,16080,163637,H702,29.637153,-95.058687,75.4,75.8,75.3
PTRA,2017000010,2017-04-17,6:15 PM,Raking collision,0,PASADENA,TX,80,3,Dusk,Cloudy,Siding,Freight Train,10,30000,0,30000,H302,29.720689,-95.126431,75,73.9,70.3
PTRA,2015000025,2015-07-23,10:00 AM,Derailment,0,PASADENA,TX,98,2,Day,Clear,Yard,Cut of cars,0,28500,1500,30000,H020,29.726501,-95.19122,85.7,86,86.1
PTRA,2019000017,2019-06-26,8:50 AM,Derailment,1,PASADENA,TX,83,2,Day,Cloudy,Industry,Freight Train,6,15000,0,15000,T311,29.729106,-95.175563,75.9,82,83
PTRA,2019000030,2019-09-29,3:45 AM,Derailment,0,PASADENA,TX,90,4,Dark,Clear,Yard,Yard/switching,5,3500,35000,38500,T314,29.726414,-95.191629,83.6,84.1,84.4
BNSF,NW0217108,2017-02-15,6:35 AM,Other impacts,0,PASCO,WA,29,1,Dawn,Rain,Yard,Yard/switching,10,12201,0,12201,S007,46.271719,-119.101312,26.6,30.4,37.2
BNSF,NW0120110,2020-01-14,3:45 PM,Other impacts,0,PASCO,WA,25,2,Day,Clear,Yard,Yard/switching,7,50950,0,50950,S016,46.272559,-119.102416,28.2,19.4,20.2
BNSF,NW0218110,2018-02-24,5:35 AM,Derailment,0,PASCO,WA,28,1,Dawn,Cloudy,Yard,Freight Train,3,5100,6000,11100,T221,46.270564,-119.102734,26.1,37.9,43.2
BNSF,NW0921118,2021-09-26,2:36 AM,Other impacts,0,PASCO,WA,65,4,Dark,Clear,Yard,Yard/switching,5,85688,0,91388,E30C,46.272863,-119.102435,69.7,74.1,67.1
BNSF,NW0323115,2023-03-25,10:11 PM,Derailment,0,PASCO,WA,36,4,Dark,Clear,Yard,Yard/switching,2,24977,2000,26977,E34C,46.283864,-119.109428,44.3,43.2,43
BNSF,NW0723109,2023-07-07,4:14 PM,Other impacts,0,PASCO,WA,95,2,Day,Clear,Yard,Yard/switching,10,29100,750,35810,M407,46.266152,-119.100497,80,80.6,82.5
BNSF,NW0222203,2022-02-20,11:58 PM,Hwy-rail crossing,0,PASCO,WA,40,4,Dark,Clear,Yard,Yard/switching,5,3000,10295,13295,M308,46.30543,-119.115327,45.6,45.1,36.4
BNSF,NW0921118,2021-09-26,2:36 AM,Other impacts,0,PASCO,WA,65,4,Dark,Clear,Yard,Yard/switching,3,2700,3000,91388,E30C,46.272863,-119.102435,69.7,74.1,67.1
BNSF,NW0120121,2020-01-26,2:00 PM,Derailment,0,PASCO,WA,42,2,Day,Clear,Yard,Yard/switching,7,35531,40000,75531,H523,46.250339,-119.09259,45.9,46.1,48.1
BNSF,NW0222110,2022-02-13,7:00 AM,Derailment,0,PASCO,WA,55,1,Dawn,Clear,Yard,Yard/switching,2,12117,12500,24617,E33C,46.280042,-119.107121,35.1,34.9,40.9
BNSF,NW0820101,2020-08-31,11:15 PM,Derailment,0,PASCO,WA,68,4,Dark,Clear,Yard,Freight Train,9,58124,229381,287505,H519,46.235412,-119.085412,69.6,72.8,76.9
BNSF,NW0219116,2019-02-17,1:38 PM,Other impacts,0,PASCO,WA,32,2,Day,Cloudy,Yard,Yard/switching,5,17889,0,17889,S016,46.272983,-119.10207,31,33.3,25.6
BNSF,NW0222116,2022-02-22,8:15 AM,Derailment,0,PASCO,WA,20,1,Dawn,Cloudy,Yard,Cut of cars,5,4990,24830,29820,M105,46.243425,-119.089058,36.4,24.6,21.9
BNSF,NW1223107,2023-12-15,5:15 AM,Derailment,0,PASCO,WA,43,1,Dawn,Cloudy,Yard,Yard/switching,6,11010,0,54102,H307,46.267569,-119.099526,37.3,35.2,37
BNSF,NW0723111,2023-07-12,5:10 PM,Derailment,0,PASCO,WA,90,3,Dusk,Clear,Yard,Light loco(s),4,25793,2440,28233,H307,46.223379,-119.076367,76.1,80.5,80.4
BNSF,NW0923110,2023-09-15,6:37 PM,Derailment,0,PASCO,WA,78,3,Dusk,Clear,Yard,Yard/switching,7,132546,0,170737,M411,46.272333,-119.102735,66.5,66.8,66.9
BNSF,NW1120104,2020-11-05,10:00 AM,Derailment,0,PASCO,WA,60,2,Day,Clear,Yard,Yard/switching,4,56301,850,57151,M411,46.270854,-119.102637,62.7,60.1,48.2
BNSF,NW0923110,2023-09-15,6:37 PM,Derailment,0,PASCO,WA,78,3,Dusk,Clear,Yard,Yard/switching,5,2610,35581,170737,M411,46.272333,-119.102735,66.5,66.8,66.9
BNSF,NW0621104,2021-06-10,4:53 PM,Other impacts,0,PASCO,WA,75,2,Day,Clear,Yard,Yard/switching,6,13421,0,13421,M105,46.27308,-119.102651,67.1,66.6,66.3
BNSF,NW1223107,2023-12-15,5:15 AM,Derailment,0,PASCO,WA,43,1,Dawn,Cloudy,Yard,Yard/switching,4,30000,13092,54102,H307,46.267569,-119.099526,37.3,35.2,37
BNSF,NW0723109,2023-07-07,4:14 PM,Other impacts,0,PASCO,WA,95,2,Day,Clear,Yard,Yard/switching,0,5960,0,35810,M407,46.266152,-119.100497,80,80.6,82.5
BNSF,NW0216122,2016-02-29,8:30 PM,Other (describe in narrative),0,PASCO,WA,42,3,Dusk,Clear,Yard,Freight Train,8,15000,0,15000,H509,46.222625,-119.075511,46.8,47.4,44.5
BNSF,NW1116106,2016-11-06,2:15 AM,Derailment,0,PASCO,WA,48,4,Dark,Clear,Yard,Yard/switching,4,13902,23801,37703,S006,46.274678,-119.104017,45.7,53.3,49
BNSF,NW1216120,2016-12-26,3:15 PM,Other (describe in narrative),0,PASCO,WA,34,2,Day,Cloudy,Yard,Yard/switching,10,23111,0,23111,S007,46.272701,-119.102243,26.3,27,41.2
BNSF,NW0917108,2017-09-19,4:30 AM,Other (describe in narrative),0,PASCO,WA,58,1,Dawn,Clear,Yard,Light loco(s),10,0,30000,30000,H702,46.211462,-119.045187,61.6,58.4,54
BNSF,NW0724113,2024-07-15,1:54 AM,Derailment,0,PASCO,WA,70,4,Dark,Clear,Yard,Freight Train,10,28190,19840,48030,H518,46.236382,-119.085909,85.3,86.1,80.2
BNSF,NW0218103,2018-02-07,12:30 AM,Derailment,0,PASCO,WA,48,4,Dark,Cloudy,Yard,Yard/switching,5,24740,15000,39740,M101,46.26771,-119.09674,43.7,49,56.8
BNSF,NW0216109,2016-02-17,8:45 PM,Derailment,0,PASCO,WA,45,3,Dusk,Clear,Yard,Yard/switching,6,17375,4000,21375,M411,46.26958,-119.10042,54.8,49,48.8
BNSF,NW1016121,2016-10-12,10:00 PM,Other impacts,0,PASCO,WA,50,4,Dark,Cloudy,Yard,Yard/switching,2,14319,0,14319,S016,46.267941,-119.099675,48.1,43.1,47.8
BNSF,NW0115104,2015-01-10,5:40 PM,Derailment,0,PASCO,WA,36,3,Dusk,Cloudy,Yard,Yard/switching,9,29571,500,30071,H601,46.233654,-119.0851,35.4,35,36.7
BNSF,NW1217112,2017-12-22,4:30 AM,Side collision,0,PASCO,WA,28,1,Dawn,Cloudy,Yard,Yard/switching,10,86000,0,104600,S016,46.266369,-119.099683,29.3,31.5,26.7
BNSF,NW1217112,2017-12-22,4:30 AM,Side collision,0,PASCO,WA,28,1,Dawn,Cloudy,Yard,Yard/switching,6,18600,0,104600,S016,46.266369,-119.099683,29.3,31.5,26.7
BNSF,NW0115103,2015-01-10,12:45 AM,Other (describe in narrative),0,PASCO,WA,34,4,Dark,Cloudy,Main,Freight Train,10,0,22000,22000,H221,46.273405,-119.104915,35.4,35,36.7
BNSF,NW1215112,2015-12-24,8:50 PM,Derailment,0,PASCO,WA,26,3,Dusk,Clear,Yard,Light loco(s),3,0,18000,18000,H307,46.230167,-119.083303,40.2,36.9,28.9
BNSF,NW0122109,2022-01-07,5:30 PM,Derailment,0,PASCO,WA,35,3,Dusk,Clear,Industry,Yard/switching,2,28215,0,28215,H210,46.259546,-119.087,28.6,41.2,37.5
BNSF,NW0819105,2019-08-07,1:00 PM,Derailment,0,PASCO,WA,98,2,Day,Clear,Yard,Freight Train,4,4200,7600,11800,H702,46.263197,-119.098861,79.6,84.5,81.2
BNSF,NW0319114,2019-03-08,9:45 PM,Derailment,0,PASCO,WA,28,4,Dark,Snow,Yard,Yard/switching,5,2000,16100,18100,T110,46.267172,-119.099566,33.6,28.2,28
BNSF,NW0123110,2023-01-11,3:30 PM,Derailment,0,PASCO,WA,40,2,Day,Cloudy,Yard,Yard/switching,5,15322,1000,16322,T110,46.257725,-119.093695,34.9,38,40.1
BNSF,NW0320114,2020-03-19,11:19 AM,Derailment,0,PASCO,WA,57,2,Day,Clear,Yard,Light loco(s),5,45000,3500,48500,T399,46.239134,-119.087279,43.2,44.8,48
BNSF,NW1017115,2017-10-24,5:30 AM,Derailment,0,PASCO,WA,40,1,Dawn,Clear,Yard,Yard/switching,5,31117,12500,43617,T201,46.262219,-119.098146,51,46.6,50.5
BNSF,NW0219120,2019-02-22,7:36 PM,Derailment,0,PASCO,WA,39,3,Dusk,Cloudy,Yard,Freight Train,5,16263,213000,229263,T207,46.235625,-119.085502,22.6,29.7,25.2
BNSF,NW0116115,2016-01-19,4:40 AM,Derailment,0,PASCO,WA,34,4,Dark,Cloudy,Yard,Yard/switching,7,19693,60000,79693,T201,46.260068,-119.095659,35.4,36.2,45.2
BNSF,NW1117105,2017-11-10,4:20 AM,Derailment,0,PASCO,WA,43,1,Dawn,Cloudy,Yard,Yard/switching,7,1312,16800,18112,T207,46.272502,-119.101632,41,39.5,43.9
LI,GR20170303,2017-03-25,6:08 PM,Hwy-rail crossing,0,PATCHOGUE,NY,43,3,Dusk,Cloudy,Main,Passenger Train - Pushing,28,53413,0,53413,M308,40.760252,-73.021978,38.9,48.4,39.5
LI,77943,2022-09-08,9:29 AM,Hwy-rail crossing,0,PATCHOGUE,NY,72,2,Day,Clear,Main,Passenger Train - Pulling,40,3375,11825,15200,M399,40.770154,-72.963887,68.5,68.5,67.1
LI,GR20150302,2015-03-03,12:03 PM,Hwy-rail crossing,0,PATCHOGUE,NY,38,2,Day,Cloudy,Main,Passenger Train - Pulling,32,13909,20889,34798,M304,40.763711,-73.008679,31.5,25.2,37.6
NJTR,201601029,2016-01-07,7:30 PM,Hwy-rail crossing,0,PATERSON,NJ,40,4,Dark,Clear,Main,Commuter Train - Pulling,58,5649,17468,23117,M308,40.93556,-74.158229,27,32,36.8
NJTR,201903154,2019-03-16,10:40 AM,Derailment,0,PATERSON,NJ,39,2,Day,Cloudy,Main,,0,0,20732,21698,H306,40.910268,-74.167403,59.4,47.1,37.3
NS,133236,2019-03-16,10:40 AM,Derailment,0,PATERSON,NJ,51,2,Day,Cloudy,Main,Freight Train,5,966,0,21698,H306,40.910268,-74.167403,59.4,47.1,37.3
NJTR,202408389,2024-07-15,7:15 PM,Fire/violent rupture,0,PATERSON,NJ,95,3,Dusk,Clear,Main,Commuter Train - Pulling,43,1274127,0,1274127,E74L,40.935322,-74.15841,81.4,84.4,86.8
CSX,000171075,2017-08-18,7:00 AM,Hwy-rail crossing,0,PATRICK,SC,80,1,Dawn,Clear,Main,,0,0,51454,85115,M302,34.575125,-80.045795,81.9,84.6,83.6
ATK,149067,2017-08-18,7:00 AM,Hwy-rail crossing,0,PATRICK,SC,80,2,Day,Cloudy,Main,Passenger Train - Pulling,54,33661,0,85115,M302,34.575008,-80.045961,81.9,84.6,83.6
MNCW,72767,2020-08-08,1:45 PM,Obstruction,0,PATTERSON,NY,78,2,Day,Cloudy,Main,Spec. MoW Equip.,0,20000,0,23495,H607,41.484691,-73.610991,71.5,74.1,76.5
MNCW,72767,2020-08-08,1:45 PM,Obstruction,0,PATTERSON,NY,78,2,Day,Cloudy,Main,Spec. MoW Equip.,10,3495,0,23495,H607,41.484691,-73.610991,71.5,74.1,76.5
EIRR,221003002,2022-10-03,7:20 AM,Derailment,0,PAUL,ID,50,1,Dawn,Clear,Main,Freight Train,20,16000,13862,29862,T213,42.608881,-113.725088,55.3,54.2,55.6
IC,1117681,2022-11-02,1:35 PM,Derailment,1,PAULINA,LA,70,2,Day,Clear,Main,Freight Train,21,47616,570011,617627,T109,30.023624,-90.74295,66.8,69.6,71.1
BNSF,KS0323111,2023-03-16,7:23 PM,Derailment,0,PAULINE,KS,33,3,Dusk,Snow,Industry,Freight Train,6,19046,500,19546,H307,38.933152,-95.690759,49.5,44.9,33.3
BNSF,RD0820209,2020-08-29,11:55 AM,Hwy-rail crossing,0,PAULS VALLEY,OK,100,2,Day,Clear,Main,Freight Train,47,2433881,130927,2564808,M302,34.709519,-97.196816,83.2,85.6,79.6
BNSF,RD0418107,2018-04-08,7:00 AM,Derailment,0,PAULS VALLEY,OK,45,1,Dawn,Cloudy,Main,Freight Train,49,4579,190000,194579,T199,34.766524,-97.247641,34.2,39.6,53.2