reportingrailroadcode,accidentnumber,date,time,accidenttype,hazmatreleasedcars,station,stateabbr,temperature,visibility_code,visibility,weathercondition,tracktype,equipmenttype,trainspeed,equipmentdamagecost,trackdamagecost,totaldamagecost,primaryaccidentcausecode,latitude,longitude,prior_temp,actual_temp,following_temp
CRSH,137672,2020-04-05,5:15 PM,Other impacts,0,PAULSBORO,NJ,63,3,Dusk,Clear,Industry,Freight Train,5,351839,0,351839,H302,39.843655,-75.224524,51.5,55.6,58.1
CRSH,114374,2015-02-14,2:00 AM,Derailment,0,PAULSBORO,NJ,16,4,Dark,Cloudy,Industry,Freight Train,5,11872,1600,13472,H308,39.834081,-75.248139,17.7,26.1,13.2
CRSH,122377,2016-10-11,12:45 AM,Derailment,0,PAULSBORO,NJ,56,4,Dark,Clear,Yard,Yard/switching,5,19637,1350,20987,T110,39.835417,-75.248988,55.4,54.9,58.8
CRSH,144488,2022-02-22,3:15 PM,Derailment,0,PAULSBORO,NJ,57,2,Day,Rain,Yard,Freight Train,5,4681,13393,18074,T199,39.834206,-75.247341,44.5,53.3,60.6
NS,133972,2019-05-17,2:30 AM,Derailment,0,PAW CREEK,NC,64,4,Dark,Clear,Yard,Freight Train,15,121396,0,121396,H210,35.230222,-80.967484,67.4,74.3,79.3
NS,145481,2022-06-07,11:30 PM,Other (describe in narrative),0,PAW CREEK,NC,70,4,Dark,Clear,Yard,Yard/switching,3,22000,62102,84102,H702,35.230224,-80.967472,74.5,75.3,79.3
NS,132445,2019-01-16,4:00 AM,Other (describe in narrative),0,PAW CREEK,NC,40,1,Dawn,Clear,Yard,Freight Train,10,108046,60096,168142,H704,35.230222,-80.967484,41.8,41.5,41.1
NS,130363,2018-07-27,6:13 AM,Derailment,0,PAW CREEK,NC,72,1,Dawn,Clear,Yard,Light loco(s),10,12488,100,12588,H306,35.230222,-80.967484,79.4,80.9,81.3
CSX,000216177,2024-02-12,3:11 PM,Derailment,0,PAW PAW,WV,45,2,Day,Cloudy,Main,Freight Train,39,510827,522754,1033581,T001,39.538197,-78.447853,49.1,42.4,38.8
MNCW,69480,2019-03-25,12:48 PM,Hwy-rail crossing,0,PAWLING,NY,55,2,Day,Clear,Main,Commuter Train - Pushing,57,550000,31267,581267,M304,41.574815,-73.594428,42.1,45.3,35.6
IMRR,IMR283917D,2017-04-29,5:00 PM,Derailment,0,PAWNEE,IL,50,2,Day,Rain,Main,Freight Train,8,116000,1918,117918,M105,39.590029,-89.590181,53.3,52.8,58.7
BNSF,RD0417205,2017-04-29,3:05 PM,Hwy-rail crossing,0,PAWNEE,OK,60,2,Day,Rain,Main,Freight Train,38,10701,0,10701,M302,36.32509,-96.889381,65.4,54.2,47.5
NS,143419,2021-11-08,9:28 PM,Derailment,0,PAXTANG,PA,48,4,Dark,Clear,Yard,Freight Train,1,32150,4208,36358,H503,40.255323,-76.816979,41.2,50.5,53.3
IC,1128413,2023-03-17,8:10 PM,Side collision,0,PAXTON,IL,25,4,Dark,Clear,Industry,Cut of cars,0,21897,0,24341,H302,40.473853,-88.091469,42.9,33.8,20.3
IC,1128413,2023-03-17,8:10 PM,Side collision,0,PAXTON,IL,25,4,Dark,Clear,Industry,Light loco(s),3,2444,0,24341,H302,40.473853,-88.091469,42.9,33.8,20.3
NS,139492,2020-10-21,8:59 AM,Hwy-rail crossing,0,PAYNE,OH,59,2,Day,Clear,Main,Freight Train,39,66,20000,20066,M303,41.077688,-84.803346,45.8,55.7,60.7
NS,139485,2020-10-20,2:42 PM,Hwy-rail crossing,0,PAYNE,OH,45,2,Day,Cloudy,Main,Freight Train,39,78480,0,78480,M303,41.077688,-84.803346,44.7,45.8,55.7
BNSF,KS0724111,2024-07-30,12:15 PM,Derailment,0,PEABODY,KS,100,2,Day,Clear,Main,Freight Train,30,41557,142000,183557,M402,38.161647,-97.110449,87.3,86.9,88.3
BNSF,KS0219201,2019-02-12,2:45 AM,Hwy-rail crossing,0,PEABODY,KS,30,4,Dark,Clear,Main,,0,0,250,27385,M302,38.188172,-97.045127,34.3,34.9,42.7
BNSF,KS1123111,2023-11-23,2:45 AM,Derailment,0,PEABODY,KS,30,4,Dark,Clear,Main,Freight Train,30,72083,0,136010,H019,38.141562,-97.119467,39.9,42.3,31
UP,1123HL025,2023-11-23,1:20 AM,Derailment,0,PEABODY,KS,38,4,Dark,Clear,Main,,0,0,63927,136010,H019,38.163463,-97.110796,39.9,42.3,31
ATK,157589,2019-02-12,2:45 AM,Hwy-rail crossing,0,PEABODY,KS,29,4,Dark,Clear,Main,Passenger Train - Pulling,79,27135,0,27385,M302,38.188172,-97.045127,34.3,34.9,42.7
BNSF,KS0723105,2023-07-15,5:57 PM,Derailment,0,PEABODY,KS,90,3,Dusk,Clear,Siding,Freight Train,9,615967,1257503,1873470,T001,38.161385,-97.111229,76.7,77.8,80.7
CSX,000142192,2015-02-27,9:38 PM,Derailment,0,PEACH CREEK,WV,15,4,Dark,Clear,Yard,Freight Train,8,134311,4000,138311,T203,37.904686,-81.983097,30.1,17.7,24.5
BNSF,SW0518105,2018-05-14,3:55 PM,Rear end collision,0,PEACH SPRINGS,AZ,85,2,Day,Clear,Main,Spec. MoW Equip.,15,11000,0,101000,H402,35.514445,-113.459683,66.5,67.1,70.5
BNSF,SW0316102,2016-03-04,4:00 PM,Other impacts,0,PEACH SPRINGS,AZ,65,2,Day,Clear,Main,Maint./inspect Car,4,4000,18000,22000,H402,35.512935,-113.337949,60.1,61.9,60.1
BNSF,SW0518105,2018-05-14,3:55 PM,Rear end collision,0,PEACH SPRINGS,AZ,85,2,Day,Clear,Main,Spec. MoW Equip.,0,90000,0,101000,H402,35.514445,-113.459683,66.5,67.1,70.5
NS,122997,2016-12-04,3:02 PM,Derailment,0,PEAK,SC,51,2,Day,Rain,Main,Freight Train,33,415134,291920,707054,H704,34.25095,-81.323189,46.4,45.4,50
NS,128256,2018-01-23,12:10 PM,Derailment,0,PEARISBURG,VA,60,2,Day,Clear,Main,Freight Train,7,70000,56078,126078,T206,37.356645,-80.699831,49.3,48.5,33.5
KCS,15020402,2015-02-04,8:30 AM,Other impacts,0,PEARL,IL,21,2,Day,Cloudy,Main,Freight Train,30,112021,35800,147821,E69L,39.457646,-90.611947,29.9,26.3,11.3
KCS,15070806,2015-07-08,6:35 PM,Derailment,0,PEARL,MS,100,2,Day,Clear,Main,Yard/switching,5,17626,3442,21068,H704,32.2875,-90.180833,81.8,82.2,83.6
KCS,17061203,2017-06-12,12:00 PM,Derailment,0,PEARL,MS,80,2,Day,Clear,Yard,Yard/switching,4,6764,8293,15057,H702,32.25756,-90.149283,76.9,77.5,77.5
KCS,19010901,2019-01-09,1:00 PM,Other impacts,0,PEARL,MS,57,2,Day,Clear,Yard,Yard/switching,4,14440,0,24186,H318,32.25576,-90.145661,63.4,48.4,41.3
KCS,15013101,2015-01-31,4:00 AM,Other impacts,0,PEARL,MS,33,4,Dark,Cloudy,Yard,Yard/switching,5,0,0,19000,H318,32.253303,-90.140729,46.2,46.8,57.2
KCS,15013101,2015-01-31,4:00 AM,Other impacts,0,PEARL,MS,33,4,Dark,Cloudy,Yard,Single Car,0,19000,0,19000,H318,32.253303,-90.140729,46.2,46.8,57.2
BNSF,RD1218117,2018-12-15,8:13 PM,Derailment,0,PEARLAND,TX,60,3,Dusk,Clear,Yard,Freight Train,8,25750,40000,65750,H704,29.597767,-95.297457,48.6,54.8,54.3
PBVR,080818,2018-08-08,8:52 AM,Other impacts,0,PEARLINGTON,MS,87,2,Day,Clear,Siding,Yard/switching,3,12410,0,12410,E08C,30.222038,-89.575351,82.8,81.3,82.5
PBVR,08262018,2018-08-26,10:58 AM,Other impacts,0,PEARLINGTON,MS,87,2,Day,Clear,Siding,Yard/switching,5,24984,0,24984,H525,30.227474,-89.569075,81.7,83.1,80.5
UP,1015SA010,2015-10-15,9:22 AM,Hwy-rail crossing,0,PEARSALL,TX,80,2,Day,Clear,Main,Freight Train,55,6605,120000,126605,M302,28.84164,-99.11145,78.8,78.2,76.4
UP,0220SX015,2020-02-17,5:02 PM,Hwy-rail crossing,0,PEARSALL,TX,82,2,Day,Clear,Main,Freight Train,52,16500,0,16500,M302,28.841717,-99.11144,61.1,71.2,67.1
UP,1221HL024,2021-12-29,10:31 AM,Broken train collision,0,PECK,KS,28,2,Day,Cloudy,Main,Single Car,0,7522,0,15957,H601,37.48413,-97.372579,47.5,30,32.4
UP,0515WH004,2015-05-06,1:45 AM,Derailment,0,PECK,KS,52,4,Dark,Rain,Main,Freight Train,47,2161732,162800,2324532,T299,37.428277,-97.390269,68,65.7,69.4
UP,0819TO031,2019-08-25,3:51 PM,Hwy-rail crossing,0,PECOS,TX,106,2,Day,Cloudy,Main,Freight Train,30,20175,1642,21817,M304,31.391226,-103.602104,84.8,90.9,93.5
UP,0118ST005,2018-01-09,1:03 AM,Hwy-rail crossing,0,PECOS,TX,35,4,Dark,Clear,Main,Freight Train,50,29589,900,30489,M303,31.382868,-103.626268,46.5,51,52
UP,0118ST023,2018-01-25,9:46 PM,Hwy-rail crossing,0,PECOS,TX,48,4,Dark,Clear,Main,Freight Train,44,56910,500,57410,M304,31.373858,-103.652319,40,42.3,48.7
UP,0922TO027,2022-09-30,6:55 AM,Hwy-rail crossing,0,PECOS,TX,59,1,Dawn,Clear,Main,Freight Train,60,19938,21943,41881,M302,31.44313,-103.445948,71.3,72.4,73.5
UP,0719TO028,2019-07-21,4:00 PM,Hwy-rail crossing,0,PECOS,TX,105,2,Day,Clear,Main,Freight Train,40,35558,300,35858,M302,31.391226,-103.602104,91.5,91.8,84.7
UP,0718FW044,2018-07-26,9:00 AM,Hwy-rail crossing,0,PECOS,TX,90,2,Day,Clear,Main,Freight Train,70,61253,99,61352,M304,31.373858,-103.652319,88.5,87.5,85.8
UP,0318ST002,2018-03-05,6:05 PM,Hwy-rail crossing,0,PECOS,TX,60,2,Day,Cloudy,Main,Freight Train,49,51636,900,52536,M304,31.373858,-103.652319,65.1,55.3,50.7
UP,0418FW039,2018-04-24,5:00 PM,Hwy-rail crossing,0,PECOS,TX,90,2,Day,Clear,Main,Freight Train,15,0,15510,15510,M304,31.410665,-103.545899,67.4,74.9,54.6
UP,0617FW009,2017-06-08,12:40 AM,Derailment,0,PECOS,TX,74,4,Dark,Clear,Industry,Freight Train,5,83510,1292,159802,T113,31.425017,-103.504198,79.5,79.4,86
PVS,170608001,2017-06-08,12:40 AM,Derailment,0,PECOS,TX,74,4,Dark,Clear,Industry,Freight Train,0,0,75000,159802,T113,31.425017,-103.504198,79.5,79.4,86
ATK,181316,2024-07-26,1:09 PM,Hwy-rail crossing,0,PEE DEE,SC,89,2,Day,Clear,Main,Passenger Train - Pulling,76,21303,0,21419,M302,34.251486,-79.497811,77.3,76.3,77.7
BNSF,PR0120202,2020-01-10,6:02 PM,Hwy-rail crossing,0,PEETZ,CO,36,3,Dusk,Clear,Main,Freight Train,49,231684,3500,235184,M308,40.96414,-103.109787,33,18.1,20.6
TZPR,TZP587718A,2018-02-25,5:30 AM,Obstruction,0,PEKIN,IL,38,1,Dawn,Clear,Main,,0,0,10680,11180,M404,40.621985,-89.626413,40.5,38.7,42.6
BNSF,CH0318109,2018-02-25,5:30 AM,Obstruction,0,PEKIN,IL,38,1,Dawn,Clear,Main,Freight Train,10,500,0,11180,M404,40.621985,-89.626413,40.5,38.7,42.6
IMRR,IMR028622D,2022-03-08,1:45 PM,Derailment,0,PEKIN,IL,33,2,Day,Clear,Main,Freight Train,5,14000,0,14000,M299,40.54313,-89.67379,31.4,30.2,34
IMRR,IMR272919O,2019-12-09,6:45 AM,Derailment,0,PEKIN,IL,50,1,Dawn,Clear,Industry,Cut of cars,20,16917,3242,20159,M504,40.54541,-89.671627,41.6,39.7,19.7
TZPR,TZP617218S,2018-03-23,12:45 AM,Other impacts,0,PEKIN,IL,41,4,Dark,Clear,Industry,Freight Train,3,20243,0,20243,H702,40.590228,-89.662197,40.2,42.4,32.7
MNCW,2015011327,2015-01-13,8:40 PM,Other (describe in narrative),0,PELHAM,NY,22,4,Dark,Clear,Main,Commuter Train - Pulling,30,14000,0,14000,E78L,40.910299,-73.810189,35.8,24.9,23.6
CSX,000163068,2016-09-22,11:09 AM,Hwy-rail crossing,0,PELHAM,AL,90,2,Day,Clear,Main,Freight Train,40,18118,250,18368,M302,33.288357,-86.814444,80.3,80,81.1
NS,116422,2015-07-08,6:15 PM,Derailment,0,PELHAM,NC,85,3,Dusk,Cloudy,Industry,Freight Train,1,12705,164,12869,M101,36.538442,-79.458779,77.5,78.3,81.9
CSX,000199014,2021-07-21,11:11 PM,Hwy-rail crossing,0,PELHAM,AL,80,4,Dark,Clear,Main,Freight Train,30,12959,0,12959,M302,33.263142,-86.79326,75.1,77,79.6
ATK,178756,2024-03-08,6:58 PM,Obstruction,0,PELL CITY,AL,60,4,Dark,Cloudy,Main,Passenger Train - Pulling,31,32822,0,33222,M404,33.59147,-86.26699,59.1,61.9,61.3
NS,156507,2024-03-08,6:58 PM,Obstruction,0,PELL CITY,AL,60,3,Dusk,Clear,Main,,0,0,400,33222,M404,33.591494,-86.266744,59.1,61.9,61.3
NS,130088,2018-07-05,3:13 AM,Derailment,0,PELL CITY,AL,72,4,Dark,Clear,Main,Freight Train,40,1446457,634078,2080535,H504,33.586973,-86.30817,79.7,79.6,77.2
CSX,000200010,2021-09-11,4:47 AM,Derailment,0,PEMBROKE,NC,55,1,Dawn,Clear,Main,Freight Train,36,25198,15952,41150,E53C,34.672776,-79.19975,71.5,69.5,73.6
CSX,000202831,2022-02-02,1:40 AM,Derailment,0,PEMBROKE,KY,40,4,Dark,Rain,Industry,Freight Train,5,84593,662,85255,T110,36.772466,-87.349915,50.8,47.1,32.1
UP,0717PD004,2017-07-01,10:52 AM,Fire/violent rupture,0,PENDLETON,OR,70,2,Day,Clear,Main,Freight Train,60,59404,0,59404,E74L,45.453458,-118.414566,72.6,74,75
UP,0119PN038,2019-01-13,1:14 PM,Other (describe in narrative),0,PENDLETON,OR,31,2,Day,Clear,Main,Freight Train,11,13344,348,13692,E79L,45.532384,-118.354141,32.6,30.9,30.3
CSX,000193151,2020-10-09,5:38 PM,Hwy-rail crossing,0,PENDLETON,IN,65,3,Dusk,Clear,Main,Freight Train,47,73351,502,73853,M302,39.996424,-85.738274,58.4,65.2,68.9
UP,0122PN026,2022-01-18,5:35 PM,Derailment,0,PENDLETON,OR,33,2,Day,Rain,Main,Freight Train,15,7115,52346,59461,E67C,45.479845,-118.303178,31.3,41.2,36.7
UP,0815ES004,2015-08-06,7:30 AM,Obstruction,0,PENDLETON,OR,60,2,Day,Clear,Main,Spec. MoW Equip.,15,13852,0,23545,H212,45.696997,-118.399321,72,67.2,68.8
UP,0815ES004,2015-08-06,7:30 AM,Obstruction,0,PENDLETON,OR,60,2,Day,Clear,Main,Spec. MoW Equip.,0,9693,0,23545,H212,45.696997,-118.399321,72,67.2,68.8
URR,CN2102,2021-12-29,8:55 AM,Derailment,0,PENN HILLS,PA,42,2,Day,Cloudy,Yard,,0,0,8000,29336,H503,40.494066,-79.788369,41.9,46.1,46.5
BLE,1091309,2021-12-29,8:55 AM,Derailment,0,PENN HILLS,PA,42,2,Day,Cloudy,Yard,Freight Train,9,21336,0,29336,T110,40.494066,-79.788369,41.9,46.1,46.5
ATK,172597,2022-11-02,4:25 AM,Other (describe in narrative),0,PENN VALLEY,PA,56,4,Dark,Clear,Main,Passenger Train - Pulling,110,18457,21532,39989,T404,40.181034,-74.78598,61.7,58.8,53.7
MNBR,MNB557920,2020-02-20,10:40 AM,Derailment,0,PENNINGTON,AL,50,2,Day,Rain,Main,Freight Train,10,16777,18740,35517,M103,32.237799,-88.01378,50.8,45.5,38.5
SNJX,20190131,2019-01-31,5:38 AM,Fire/violent rupture,0,PENNSAUKEN,NJ,15,4,Dark,Clear,Main,DMU,0,100000,0,100000,M406,39.97779,-75.061977,21.6,11.3,14.7
SNJX,20201005,2020-10-05,7:35 PM,Fire/violent rupture,0,PENNSAUKEN,NJ,66,4,Dark,Clear,Main,DMU,0,25000,0,25000,M406,39.978388,-75.061947,57.4,59.7,59.8
RRRR,01032024DR,2024-01-03,7:30 AM,Derailment,0,PENROSE,CO,20,2,Day,Clear,Main,Freight Train,33,560000,0,911840,T207,38.388721,-105.013505,34.2,31.6,29.1
UP,0124GP002,2024-01-03,7:30 AM,Derailment,0,PENROSE,CO,20,2,Day,Clear,Main,Freight Train,0,0,351840,911840,T207,38.388721,-105.013505,34.2,31.6,29.1
CSX,000207699,2022-10-07,9:40 AM,Side collision,0,PENSACOLA,FL,80,2,Day,Clear,Yard,Freight Train,0,94931,967,131048,H702,30.437013,-87.219916,72.4,73.3,75.8
CSX,000211060,2023-04-28,3:30 PM,Derailment,0,PENSACOLA,FL,72,2,Day,Clear,Yard,Freight Train,7,16000,19037,35037,M405,30.437033,-87.219929,70.8,74.6,68.9
CSX,000207699,2022-10-07,9:40 AM,Side collision,0,PENSACOLA,FL,80,2,Day,Clear,Yard,Freight Train,10,35150,0,131048,H702,30.437013,-87.219916,72.4,73.3,75.8
CNYX,CNYX0000P1,2017-06-07,6:40 AM,Obstruction,0,PENSACOLA,FL,73,1,Dawn,Rain,Industry,,0,0,21413,28512,M404,30.437012,-87.219928,77.9,78.3,78
CSX,000169422,2017-06-07,6:40 AM,Obstruction,0,PENSACOLA,FL,73,1,Dawn,Rain,Industry,Freight Train,5,7000,99,28512,M404,30.437012,-87.219927,77.9,78.3,78
CSX,000150393,2015-08-10,3:50 AM,Derailment,0,PENSACOLA,FL,79,1,Dawn,Clear,Main,Freight Train,2,84325,39056,123381,H503,30.454135,-87.228817,81.2,84.1,84.6
CSX,000208507,2022-11-25,2:29 AM,Derailment,0,PENSACOLA,FL,62,4,Dark,Rain,Yard,Yard/switching,4,11665,692,12357,T202,30.437013,-87.219916,63.3,69.6,65.9
CSX,000201197,2021-11-08,4:15 PM,Derailment,0,PENSACOLA,FL,69,3,Dusk,Clear,Yard,Cut of cars,0,211450,1500,231577,T207,30.437012,-87.219927,56.5,59.2,60.2
CSX,000201197,2021-11-08,4:15 PM,Derailment,0,PENSACOLA,FL,69,3,Dusk,Clear,Yard,Freight Train,5,18627,0,231577,T207,30.437012,-87.219927,56.5,59.2,60.2
UP,0118PR031,2018-01-26,11:16 PM,Derailment,0,PEORIA,IL,40,4,Dark,Clear,Yard,Freight Train,7,50200,1500,51700,H303,40.665897,-89.625002,38.7,44.9,44.6
TZPR,TZP987219R,2019-03-16,1:25 AM,Other impacts,0,PEORIA,IL,30,4,Dark,Clear,Industry,Freight Train,5,64218,2000,66218,H510,40.590788,-89.66232,38.1,36.8,38
BNSF,CH0617104,2017-06-05,4:30 PM,Derailment,0,PEORIA,IL,86,2,Day,Clear,Main,Freight Train,23,32005,232154,264159,T109,40.698831,-89.648067,78.3,76.9,68.7
BNSF,CH1115111,2015-11-25,1:28 PM,Derailment,0,PEORIA,IL,52,2,Day,Cloudy,Siding,Freight Train,4,104549,8000,112549,T111,40.659622,-89.636076,40.7,49.3,58.4
IC,1142923,2023-10-13,9:10 PM,Obstruction,0,PEOTONE,IL,56,4,Dark,Cloudy,Main,,0,0,0,0,M404,41.299557,-87.808006,57.2,55.7,52.6
ATK,176787,2023-10-13,9:10 PM,Obstruction,0,PEOTONE,IL,56,4,Dark,Cloudy,Main,Passenger Train - Pulling,30,336955,0,336955,M404,41.299557,-87.808006,57.2,55.7,52.6
IC,1079704,2021-08-12,4:59 PM,Hwy-rail crossing,0,PEOTONE,IL,75,2,Day,Clear,Main,,0,0,33000,39594,M308,41.295517,-87.81015,79.2,74.9,72.4
ATK,168046,2021-08-12,4:59 PM,Hwy-rail crossing,0,PEOTONE,IL,75,2,Day,Clear,Main,Passenger Train - Pulling,68,6594,0,39594,M308,41.295517,-87.81015,79.2,74.9,72.4
BNSF,CH0515114,2015-05-05,3:00 PM,Other (describe in narrative),0,PEPIN,WI,78,2,Day,Clear,Main,Spec. MoW Equip.,3,13558,0,13558,M599,44.442803,-92.165088,60.7,56.7,61.7
BNSF,TC0823101,2023-08-04,12:01 AM,Derailment,0,PERHAM,MN,72,4,Dark,Clear,Main,Freight Train,13,150000,240000,390000,M599,46.654777,-95.650878,76.1,71.3,73
UP,0516LK016,2016-05-10,12:20 PM,Derailment,0,PERLA,AR,85,2,Day,Cloudy,Main,,0,0,44789,66789,S011,34.383966,-92.725584,68.6,75.2,76.5
BNSF,RD1118131,2018-11-26,4:20 AM,Derailment,0,PERRY,OK,23,1,Dawn,Clear,Main,Freight Train,24,5000,25000,30000,E62C,36.340245,-97.214391,41.6,32.7,35.5
BNSF,RD0423207,2023-04-29,12:35 PM,Hwy-rail crossing,0,PERRY,OK,62,2,Day,Clear,Main,Freight Train,50,1200,12000,13200,M302,36.297072,-97.273913,53,58.9,58.7
NS,144643,2022-03-05,2:45 AM,Derailment,0,PERRYMAN,MD,32,4,Dark,Clear,Main,Freight Train,30,828121,0,2665230,E61C,39.556704,-76.078292,30,40,55.1
ATK,169963,2022-03-05,2:45 AM,Derailment,0,PERRYMAN,MD,32,4,Dark,Clear,Main,,0,0,1837109,2665230,E69C,39.441146,-76.234027,30,40,55.1
CSX,000174994,2018-03-02,6:57 PM,Derailment,0,PERRYVILLE,MD,42,4,Dark,Cloudy,Main,Freight Train,0,171512,5000,176512,M105,39.567628,-76.090569,46.7,39.1,40.9
ATK,153689,2018-06-08,6:18 AM,Other (describe in narrative),0,PERRYVILLE,MD,74,2,Day,Clear,Main,Work train,10,0,25000,25000,H221,39.560113,-76.071339,67,69.5,71.9
ATK,142980,2016-06-23,11:45 PM,Derailment,0,PERRYVILLE,MD,70,4,Dark,Clear,Main,Spec. MoW Equip.,25,40759,0,40759,E4BC,39.56447,-76.049307,75.7,73.4,72.8
ATK,135171,2014-11-10,10:00 AM,Derailment,0,PERRYVILLE,MD,55,2,Day,Clear,Yard,Work train,3,122930,5390,128320,T110,39.558672,-76.071138,47.6,47.4,53
NJTR,202011410,2020-11-24,12:20 AM,Derailment,0,PERTH AMBOY,NJ,40,4,Dark,Clear,Main,Commuter Train - Pulling,57,652000,0,652000,T299,40.595595,-74.284984,51,43.3,48.5
IAIS,2020009,2020-03-20,3:13 AM,Obstruction,0,PERU,IL,45,4,Dark,Cloudy,Main,Freight Train,22,30486,0,30486,M402,41.325121,-89.121277,51,42.2,33.2
NS,115084,2015-04-01,3:20 AM,Derailment,0,PERU,IN,39,4,Dark,Clear,Yard,Freight Train,4,12621,1100,13721,H303,40.770632,-86.022997,49.3,50.7,56.7
IR,IR213059,2021-11-22,11:10 AM,Derailment,0,PERU,IL,38,2,Day,Clear,Main,Yard/switching,8,59400,10500,69900,T102,41.375277,-89.179722,41.8,27.4,33.5
NS,157415,2024-07-18,1:40 AM,Derailment,0,PERU,IN,60,4,Dark,Clear,Yard,Freight Train,8,18640,4000,30600,T399,40.760679,-86.060965,74.9,66.1,66.9
NS,157415,2024-07-18,1:40 AM,Derailment,0,PERU,IN,60,4,Dark,Clear,Yard,Freight Train,0,7960,0,30600,T399,40.760679,-86.060965,74.9,66.1,66.9
IR,IR223110,2022-04-04,2:50 PM,Derailment,0,PERU,IL,47,2,Day,Cloudy,Industry,Freight Train,7,125500,200000,325500,T001,41.373333,-89.181944,43.2,44.6,47.8
IC,1070057,2021-05-11,8:00 PM,Derailment,0,PESOTUM,IL,62,3,Dusk,Clear,Main,Freight Train,30,417764,1668805,2086569,E53C,39.942139,-88.268738,49.4,50.3,51.1
NS,146213,2022-08-17,7:00 AM,Other (describe in narrative),0,PETAL,MS,80,1,Dawn,Clear,Siding,Freight Train,6,11821,2438,14259,H702,31.373624,-89.267509,83.3,79.1,76.8
ATK,176988,2023-10-30,11:49 AM,Hwy-rail crossing,0,PETAL,MS,62,2,Day,Clear,Main,Passenger Train - Pulling,79,19516,0,19516,M308,31.395586,-89.271788,71.6,62.5,51.1
NS,154644,2023-10-30,11:45 AM,Hwy-rail crossing,0,PETAL,MS,60,2,Day,Cloudy,Main,,0,0,0,19516,M308,31.364477,-89.268822,71.6,62.5,51.1
NS,136924,2020-01-24,12:05 AM,Other (describe in narrative),1,PETAL,MS,50,4,Dark,Clear,Industry,Freight Train,8,637022,31216,668238,H306,31.346279,-89.271844,49.7,52.6,45.3
NS,122789,2016-11-17,10:57 AM,Derailment,0,PETERSBURG,PA,55,2,Day,Clear,Main,Freight Train,42,3318,7944,11262,E61C,40.558491,-78.03861,45.9,45.6,49.8
ISRR,ISR346917D,2017-06-26,5:15 PM,Derailment,0,PETERSBURG,IN,80,2,Day,Clear,Main,Freight Train,7,12400,24000,36400,E85C,38.5327,-87.2421,67.8,64.6,64.5
IORY,IOR480620D,2020-07-09,3:15 PM,Derailment,0,PETERSBURG,MI,92,2,Day,Clear,Main,Freight Train,11,82004,36368,118372,E46C,41.844967,-83.757889,79.4,80.9,75
NS,131653,2018-11-13,1:44 PM,Derailment,1,PETERSBURG,VA,52,2,Day,Cloudy,Main,Freight Train,56,1431375,1780310,3211685,E71L,37.188063,-77.441808,40.6,48.2,42.3
ISRR,ISR814624A,2024-05-26,10:15 PM,Other (describe in narrative),0,PETERSBURG,IN,64,4,Dark,Rain,Main,Freight Train,0,125000,0,125000,M105,38.540351,-87.223379,70.1,69.5,67.8
IMRR,IMR559823A,2023-10-04,11:20 AM,Other impacts,0,PETERSBURG,IL,76,2,Day,Clear,Main,Freight Train,23,14000,0,14000,M404,40.01811,-89.862364,73.3,72.5,67
BNSF,TC0518111,2018-05-21,11:57 AM,Rear end collision,0,PETERSBURG,ND,71,2,Day,Cloudy,Main,Maint./inspect Car,0,120000,0,130000,H402,48.020875,-98.031993,57.4,61.4,67.2
BNSF,SW0918116,2018-09-13,3:20 PM,Obstruction,0,PETRIFIED FOREST NATIONAL PARK,AZ,80,2,Day,Clear,Main,Spec. MoW Equip.,0,140000,0,160000,H997,35.052511,-109.677168,61.5,62.9,62.9
BNSF,SW0918116,2018-09-13,3:20 PM,Obstruction,0,PETRIFIED FOREST NATIONAL PARK,AZ,80,2,Day,Clear,Main,Spec. MoW Equip.,12,20000,0,160000,H997,35.052511,-109.677168,61.5,62.9,62.9
CP,1001665033,2022-03-19,6:20 AM,Derailment,0,PEWAUKEE,WI,35,1,Dawn,Rain,Main,Freight Train,28,206303,3970,210273,E52C,43.100292,-88.333568,37.7,37,42.9
CSX,000194493,2020-12-16,4:00 AM,Hwy-rail crossing,0,PEWEE VALLEY,KY,31,4,Dark,Sleet,Main,Freight Train,18,15651,2356,18007,M308,38.302408,-85.496619,32.3,36.2,33.6
FGLK,11172022,2022-11-17,9:59 AM,Derailment,0,PHELPS,NY,35,2,Day,Cloudy,Industry,Freight Train,2,0,14122,14122,E46C,42.966862,-77.085111,36.7,33.3,32
NS,133778,2019-04-30,4:30 PM,Derailment,0,PHELPS,KY,70,3,Dusk,Clear,Main,Freight Train,10,13324,2518,15842,E00C,37.497628,-82.137814,62.2,71.8,73.6
CSX,000154684,2015-11-24,4:45 AM,Derailment,0,PHELPS,KY,28,4,Dark,Clear,Industry,Freight Train,5,34773,5000,39773,T312,37.528877,-82.385388,32.6,42,48
BNSF,HL0824201,2024-08-08,12:00 PM,Hwy-rail crossing,0,PHELPS CITY,MO,71,2,Day,Clear,Main,Single Car,20,70000,0,70000,M302,40.367231,-95.586567,71.8,70,62.4
ATK,165993,2020-12-07,1:40 PM,Derailment,0,PHILADELPHIA,PA,42,2,Day,Clear,Yard,Light loco(s),5,85736,7650,93386,H303,39.958993,-75.182728,38.7,32.9,34.8