reportingrailroadcode,accidentnumber,date,time,accidenttype,hazmatreleasedcars,station,stateabbr,temperature,visibility_code,visibility,weathercondition,tracktype,equipmenttype,trainspeed,equipmentdamagecost,trackdamagecost,totaldamagecost,primaryaccidentcausecode,latitude,longitude,prior_temp,actual_temp,following_temp
ATK,158717,2019-04-29,12:04 PM,Side collision,0,PHILADELPHIA,PA,61,2,Day,Clear,Yard,Light loco(s),4,40001,11625,63747,H306,39.953148,-75.138802,56.1,51.7,60.6
ATK,165854,2020-11-02,2:50 PM,Derailment,0,PHILADELPHIA,PA,65,2,Day,Clear,Yard,Yard/switching,4,12000,0,12000,M201,39.960601,-75.182714,48.7,42.5,47.9
ATK,136487,2015-02-27,3:40 PM,Derailment,0,PHILADELPHIA,PA,27,2,Day,Clear,Yard,Light loco(s),2,31300,0,31300,M101,39.957024,-75.183434,29.1,26,23.2
CSX,000185821,2019-10-07,10:00 AM,Other impacts,0,PHILADELPHIA,PA,73,2,Day,Cloudy,Yard,Yard/switching,4,8957,0,54511,H318,39.898302,-75.16734,64.8,73,61.1
CSX,000214941,2023-12-06,11:55 PM,Derailment,0,PHILADELPHIA,PA,32,4,Dark,Clear,Yard,Yard/switching,7,60315,1809,62124,H702,39.898701,-75.16696,41.4,38.4,36.3
SEPA,22635,2016-12-04,10:10 AM,Other impacts,0,PHILADELPHIA,PA,46,2,Day,Cloudy,Yard,Passenger Train - Pulling,2,12000,5100,17100,H307,40.016098,-75.166047,45.8,43.8,43.4
CRSH,117833,2015-10-18,12:00 AM,Raking collision,0,PHILADELPHIA,PA,36,4,Dark,Clear,Yard,Cut of cars,0,28972,0,125377,H306,39.902887,-75.139811,50,44.2,43.7
CSX,000153698,2015-10-28,9:31 AM,Other impacts,0,PHILADELPHIA,PA,65,2,Day,Rain,Yard,Cut of cars,5,737,106,11317,H018,39.898268,-75.17376,51,63,66.1
SEPA,26117,2018-02-12,7:22 PM,Fire/violent rupture,0,PHILADELPHIA,PA,30,4,Dark,Clear,Main,EMU,0,21496,0,21496,M406,39.981387,-75.149424,55.4,47.2,34.1
ATK,154222,2018-07-05,9:00 PM,Other (describe in narrative),0,PHILADELPHIA,PA,85,4,Dark,Clear,Yard,Light loco(s),5,11528,1152,12680,H999,39.90283,-75.14003,81.6,83,79.3
SEPA,SEPA112021,2021-11-20,5:15 AM,Side collision,0,PHILADELPHIA,PA,35,4,Dark,Clear,Yard,EMU,4,800,0,75800,H305,40.016177,-75.162595,44.1,40.4,46.3
ATK,137928,2015-06-19,2:06 AM,Derailment,0,PHILADELPHIA,PA,70,4,Dark,Clear,Yard,Freight Train,5,8700,3200,11900,H702,39.957106,-75.184915,68.4,77.5,76.8
CSX,000209550,2023-01-31,10:24 AM,Side collision,0,PHILADELPHIA,PA,39,2,Day,Cloudy,Yard,Freight Train,7,11461,0,13388,H306,39.898725,-75.16697,44.6,38.2,33.6
CRSH,146887,2024-07-12,1:30 AM,Derailment,0,PHILADELPHIA,PA,80,4,Dark,Clear,Main,,0,0,17955,28707,H702,39.904638,-75.139701,81.6,76.6,81.6
ATK,168158,2021-08-23,1:00 PM,Derailment,0,PHILADELPHIA,PA,95,2,Day,Clear,Yard,Yard/switching,8,17185,23696,40881,H605,39.962307,-75.183576,76,78.9,82.3
ATK,157513,2019-02-06,6:30 PM,Obstruction,0,PHILADELPHIA,PA,45,4,Dark,Rain,Yard,Light loco(s),3,13630,3331,16961,H999,39.958922,-75.186414,48.8,43.5,43.4
SEPA,0717222164,2022-07-17,12:17 PM,Obstruction,0,PHILADELPHIA,PA,80,2,Day,Clear,Yard,Maint./inspect Car,20,12800,0,12800,H101,40.060062,-75.089666,78.6,79.1,83.1
ATK,155257,2018-09-11,7:37 PM,Obstruction,0,PHILADELPHIA,PA,73,4,Dark,Cloudy,Yard,Light loco(s),5,9955,1912,11867,T214,39.93328,-75.162764,62.8,69.2,75.3
CSX,000179273,2018-10-11,7:20 PM,Other impacts,0,PHILADELPHIA,PA,70,4,Dark,Rain,Yard,Single Car,3,119926,0,145126,H318,39.898302,-75.16734,74.6,75.3,61.4
SEPA,SEPA110322,2022-11-03,5:41 PM,Other (describe in narrative),0,PHILADELPHIA,PA,60,2,Day,Clear,Main,EMU,0,15000,0,15000,M101,39.954239,-75.16772,60.7,56.3,58.4
ATK,171313,2022-07-14,8:40 AM,Derailment,0,PHILADELPHIA,PA,80,2,Day,Clear,Yard,Light loco(s),3,25000,0,25000,H799,39.95641,-75.18435,82.4,82.9,79.3
NS,145515,2022-06-08,9:00 PM,Other (describe in narrative),0,PHILADELPHIA,TN,84,4,Dark,Cloudy,Main,Freight Train,18,275,20000,20275,M404,35.706157,-84.372044,72.5,74.9,74
NS,141124,2021-04-04,10:30 AM,Derailment,0,PHILADELPHIA,PA,66,2,Day,Clear,Yard,,0,0,3646,13245,H702,40.009691,-75.204297,41.1,54.6,58.2
CRSH,117833,2015-10-18,12:00 AM,Raking collision,0,PHILADELPHIA,PA,36,4,Dark,Clear,Yard,Cut of cars,0,64703,1000,125377,H306,39.902887,-75.139811,50,44.2,43.7
CSX,000201287,2021-11-12,3:00 PM,Other impacts,0,PHILADELPHIA,PA,68,2,Day,Clear,Yard,Freight Train,0,36999,0,41389,H318,39.898302,-75.16734,53.2,59.2,46.4
CSX,000204311,2022-04-15,12:00 PM,Obstruction,0,PHILADELPHIA,PA,70,2,Day,Clear,Industry,Freight Train,5,0,14550,14550,H307,39.898701,-75.16696,71.8,60.1,62.1
ATK,159984,2019-07-10,11:00 AM,Derailment,0,PHILADELPHIA,PA,85,2,Day,Clear,Yard,Yard/switching,5,37600,50000,87600,M201,39.962306,-75.183576,77.7,80.4,76.2
CRSH,116333,2015-07-02,12:00 AM,Derailment,0,PHILADELPHIA,PA,65,4,Dark,Clear,Yard,Yard/switching,8,7353,3795,12921,H703,39.998679,-75.094584,77.3,72.4,74.2
CRSH,117192,2015-08-30,11:41 AM,Derailment,0,PHILADELPHIA,PA,70,2,Day,Clear,Yard,Freight Train,4,1191,2000,21638,H306,39.998679,-75.094584,75.4,79.2,81.8
CRSH,116333,2015-07-02,12:00 AM,Derailment,0,PHILADELPHIA,PA,65,4,Dark,Clear,Yard,Cut of cars,0,1773,0,12921,H703,39.998679,-75.094584,77.3,72.4,74.2
SEPA,24391,2017-07-25,5:50 PM,Other (describe in narrative),0,PHILADELPHIA,PA,76,2,Day,Cloudy,Yard,Passenger Train - Pulling,14,346,17423,17769,H307,39.9894,-75.2494,76.6,70.8,71.6
CRSH,117192,2015-08-30,11:41 AM,Derailment,0,PHILADELPHIA,PA,70,2,Day,Clear,Yard,Single Car,0,18447,0,21638,H306,39.998679,-75.094584,75.4,79.2,81.8
CSX,000151446,2015-08-30,4:30 AM,Other impacts,0,PHILADELPHIA,PA,89,2,Day,Clear,Yard,Cut of cars,0,8542,0,21944,H318,39.898852,-75.167386,75.4,79.2,81.8
SEPA,0717222164,2022-07-17,12:17 PM,Obstruction,0,PHILADELPHIA,PA,80,2,Day,Clear,Yard,Maint./inspect Car,0,0,0,12800,H101,40.060062,-75.089666,78.6,79.1,83.1
ATK,163563,2020-03-20,3:00 PM,Derailment,0,PHILADELPHIA,PA,80,2,Day,Cloudy,Yard,Light loco(s),4,24241,0,24241,H702,39.95516,-75.182651,48.8,62.7,51.9
CSX,000172270,2017-10-18,6:39 AM,Derailment,0,PHILADELPHIA,PA,48,1,Dawn,Cloudy,Main,Freight Train,17,108676,10700,119376,M203,39.965544,-75.178874,50.4,57.3,59.5
CRSH,141129,2021-04-04,10:30 AM,Derailment,0,PHILADELPHIA,PA,66,2,Day,Clear,Main,Freight Train,3,9599,0,13245,H702,40.009691,-75.204297,41.1,54.6,58.2
CRSH,117833,2015-10-18,12:00 AM,Raking collision,0,PHILADELPHIA,PA,36,4,Dark,Clear,Yard,Freight Train,4,30702,0,125377,H306,39.902887,-75.139811,50,44.2,43.7
ATK,169218,2021-12-06,8:59 AM,Obstruction,0,PHILADELPHIA,PA,54,2,Day,Clear,Main,Passenger Train - Pulling,109,32062,0,32062,M404,40.023845,-75.038212,43.6,54.4,38.7
ATK,136922,2015-04-02,6:31 PM,Other (describe in narrative),0,PHILADELPHIA,PA,61,2,Day,Clear,Main,Passenger Train - Pulling,35,15611,60,15671,E78L,40.00464,-75.089536,44.2,51.8,60.9
SEPA,HAZ3840,2018-02-02,10:15 PM,Other impacts,0,PHILADELPHIA,PA,21,4,Dark,Clear,Yard,EMU,2,0,35075,35075,H307,40.019936,-75.163121,38.9,29.4,24.6
CSX,000153698,2015-10-28,9:31 AM,Other impacts,0,PHILADELPHIA,PA,65,2,Day,Rain,Yard,Freight Train,0,10474,0,11317,H018,39.898268,-75.17376,51,63,66.1
SEPA,SEPA072622,2022-07-26,6:35 AM,Other (describe in narrative),0,PHILADELPHIA,PA,85,2,Day,Clear,Yard,EMU,0,100000,0,100000,E78L,39.981805,-75.236574,85.4,78.2,80.7
CSX,000185821,2019-10-07,10:00 AM,Other impacts,0,PHILADELPHIA,PA,73,2,Day,Cloudy,Yard,Single Car,3,45554,0,54511,H318,39.898302,-75.16734,64.8,73,61.1
CSX,000216337,2024-02-23,5:50 AM,Derailment,0,PHILADELPHIA,PA,39,1,Dawn,Cloudy,Yard,Yard/switching,4,30385,434,30819,H503,39.898701,-75.16696,37.5,44,38.6
CSX,000219243,2024-07-12,1:30 AM,Derailment,0,PHILADELPHIA,PA,78,4,Dark,Clear,Yard,Freight Train,10,9797,955,28707,H702,39.898701,-75.16696,81.6,76.6,81.6
CSX,000212668,2023-08-02,11:20 PM,Derailment,0,PHILADELPHIA,PA,68,4,Dark,Clear,Yard,Yard/switching,9,19968,250,20218,E22C,39.898701,-75.16696,73.4,72.2,72.6
CRSH,138342,2020-06-25,3:00 PM,Derailment,0,PHILADELPHIA,PA,80,2,Day,Cloudy,Main,Freight Train,8,59122,105602,164724,H519,40.003576,-75.114788,80,77.1,77.2
SEPA,28639,2018-06-23,8:10 AM,Other (describe in narrative),0,PHILADELPHIA,PA,64,2,Day,Rain,Main,EMU,50,21190,10000,31190,E99L,39.94784,-75.19034,69.3,66.9,77.4
CSX,000173853,2018-01-08,3:20 AM,Derailment,0,PHILADELPHIA,PA,12,4,Dark,Snow,Yard,,0,0,300,17729,H703,39.898065,-75.17282,12.4,25.3,35.3
CSX,000178365,2018-08-23,4:20 PM,Derailment,0,PHILADELPHIA,PA,83,2,Day,Clear,Main,Freight Train,8,15678,2157,17835,M404,39.947616,-75.184668,76.7,72.1,72.8
CSX,000212726,2023-08-05,10:55 PM,Other impacts,0,PHILADELPHIA,PA,80,4,Dark,Cloudy,Yard,Yard/switching,9,9114,0,133716,H318,39.898701,-75.16696,72.1,77.1,79
ATK,139182,2015-09-11,5:43 AM,Other (describe in narrative),0,PHILADELPHIA,PA,75,1,Dawn,Clear,Main,Passenger Train - Pulling,30,8278,3513,11791,E78L,39.968323,-75.194979,74.8,73.3,72.4
CSX,000151446,2015-08-30,4:30 AM,Other impacts,0,PHILADELPHIA,PA,89,2,Day,Clear,Yard,Yard/switching,4,13402,0,21944,H318,39.898852,-75.167386,75.4,79.2,81.8
CSX,000212726,2023-08-05,10:55 PM,Other impacts,0,PHILADELPHIA,PA,80,4,Dark,Cloudy,Yard,Cut of cars,0,124490,112,133716,H318,39.898701,-75.16696,72.1,77.1,79
CRSH,128035,2018-01-08,3:00 AM,Derailment,0,PHILADELPHIA,PA,12,4,Dark,Clear,Yard,Yard/switching,10,17429,0,17729,H703,39.898078,-75.172908,12.4,25.3,35.3
ATK,158717,2019-04-29,12:04 PM,Side collision,0,PHILADELPHIA,PA,61,2,Day,Clear,Yard,Light loco(s),3,496,11625,63747,H306,39.953148,-75.138802,56.1,51.7,60.6
ATK,157734,2018-12-02,7:00 PM,Other (describe in narrative),0,PHILADELPHIA,PA,50,4,Dark,Cloudy,Yard,Work train,10,29976,0,29976,H601,39.9761,-75.22418,40.6,52.1,52.1
ATK,141333,2016-02-23,10:05 PM,Derailment,0,PHILADELPHIA,PA,42,4,Dark,Rain,Main,Light loco(s),1,24548,0,24548,H303,39.965529,-75.187524,44.1,39.4,51.8
CSX,000201287,2021-11-12,3:00 PM,Other impacts,0,PHILADELPHIA,PA,68,2,Day,Clear,Yard,Cut of cars,2,4290,100,41389,H318,39.898302,-75.16734,53.2,59.2,46.4
SEPA,38708,2020-02-23,7:58 PM,Derailment,0,PHILADELPHIA,PA,47,4,Dark,Clear,Yard,EMU,5,41331,1925,43256,H303,40.018921,-75.163092,37.9,41.8,45.8
CRSH,115640,2015-05-12,9:20 PM,Derailment,0,PHILADELPHIA,PA,70,4,Dark,Clear,Yard,,0,0,767792,31538754,H999,40.001644,-75.09366,74.7,77.1,64.6
CSX,000170096,2017-07-08,8:30 PM,Other impacts,0,PHILADELPHIA,PA,82,3,Dusk,Clear,Yard,Cut of cars,2,15757,0,49674,H018,39.898302,-75.16734,75.3,77.4,75.8
SEPA,22611,2016-11-30,10:59 PM,Other impacts,0,PHILADELPHIA,PA,56,4,Dark,Rain,Yard,Passenger Train - Pulling,3,20000,10000,30000,H307,40.020059,-75.162925,54.9,57.2,52.3
ATK,160191,2019-07-21,1:10 PM,Other (describe in narrative),0,PHILADELPHIA,PA,95,2,Day,Clear,Yard,Light loco(s),5,13630,0,13630,H599,39.9566,-75.181,88.9,90.4,82.4
ATK,143247,2016-07-05,10:43 PM,Derailment,0,PHILADELPHIA,PA,75,4,Dark,Clear,Yard,Yard/switching,3,36955,1000,37955,H702,39.995808,-75.158908,71.8,79.5,83.9
SEPA,SEPA011724,2024-01-17,7:00 AM,Obstruction,0,PHILADELPHIA,PA,20,1,Dawn,Clear,Main,EMU,60,16300,10531,26831,M404,39.99932,-75.158929,26.4,20.1,27.6
SEPA,17566,2015-02-17,8:33 PM,Other (describe in narrative),0,PHILADELPHIA,PA,17,2,Day,Snow,Main,Passenger Train - Pulling,20,14288,0,14288,M406,40.0269,-75.2253,10.4,19.8,22.5
ATK,142920,2016-06-17,12:01 AM,Other (describe in narrative),0,PHILADELPHIA,PA,70,4,Dark,Clear,Yard,Spec. MoW Equip.,5,0,10661,10661,H402,39.961318,-75.183168,66.8,71.4,71.8
CSX,000209550,2023-01-31,10:24 AM,Side collision,0,PHILADELPHIA,PA,39,2,Day,Cloudy,Yard,Yard/switching,7,1656,271,13388,H306,39.898725,-75.16697,44.6,38.2,33.6
ATK,147849,2017-06-11,3:00 AM,Other (describe in narrative),0,PHILADELPHIA,PA,72,4,Dark,Clear,Main,,0,0,58582,58582,E75L,40.035837,-75.020225,76.1,79.9,82.6
SEPA,SEPA042022,2022-04-20,11:45 AM,Other (describe in narrative),0,PHILADELPHIA,PA,60,2,Day,Clear,Yard,EMU,3,155208,0,155208,H212,40.018088,-75.163105,44.6,48.6,53.9
SEPA,38609,2020-02-11,9:20 PM,Derailment,0,PHILADELPHIA,PA,49,4,Dark,Cloudy,Yard,EMU,5,15000,1213,16213,H306,39.98145,-75.234924,44.3,48,42.5
CSX,000179273,2018-10-11,7:20 PM,Other impacts,0,PHILADELPHIA,PA,70,4,Dark,Rain,Yard,Yard/switching,5,25000,200,145126,H318,39.898302,-75.16734,74.6,75.3,61.4
CSX,000170096,2017-07-08,8:30 PM,Other impacts,0,PHILADELPHIA,PA,82,3,Dusk,Clear,Yard,Yard/switching,0,33917,0,49674,H018,39.898302,-75.16734,75.3,77.4,75.8
CSX,000140788,2015-01-31,1:40 AM,Derailment,0,PHILADELPHIA,PA,10,4,Dark,Clear,Industry,Yard/switching,4,38722,2000,40722,T221,39.898261,-75.167681,33.8,21.5,31.8
SEPA,SEPA072124,2024-07-21,7:30 PM,Derailment,0,PHILADELPHIA,PA,85,2,Day,Clear,Yard,EMU,5,26550,33359,59909,E46C,40.01827,-75.163041,76.9,78.8,77.3
SEPA,23959,2017-06-11,3:00 AM,Other (describe in narrative),0,PHILADELPHIA,PA,72,4,Dark,Clear,Main,Passenger Train - Pulling,40,0,0,58582,E75L,40.035837,-75.020225,76.1,79.9,82.6
ATK,137404,2015-05-12,9:20 PM,Derailment,0,PHILADELPHIA,PA,70,4,Dark,Clear,Main,Passenger Train - Pulling,106,27140000,3630962,31538754,H999,39.957106,-75.184915,74.7,77.1,64.6
CRSH,120122,2016-04-13,1:35 AM,Derailment,0,PHILADELPHIA,PA,40,4,Dark,Clear,Industry,Yard/switching,1,10448,5000,15448,H307,39.921756,-75.188115,56.9,48,50.7
SEPA,SEPA102021,2021-10-20,9:49 PM,Other (describe in narrative),0,PHILADELPHIA,PA,65,4,Dark,Clear,Main,EMU,50,0,16332,16332,T404,39.896524,-75.24056,56.9,64.5,64.5
ATK,136178,2015-02-02,7:45 PM,Other (describe in narrative),0,PHILADELPHIA,PA,24,4,Dark,Clear,Main,Spec. MoW Equip.,0,0,36569,36569,T499,39.900486,-75.236993,31.8,33.4,23.9
ATK,139647,2015-10-16,8:40 PM,Other (describe in narrative),0,PHILADELPHIA,PA,65,4,Dark,Clear,Main,Passenger Train - Pulling,65,12270,1889,14159,T404,39.962782,-75.184263,57.8,57.4,50
CSX,000185769,2019-10-05,12:20 PM,Derailment,0,PHILADELPHIA,PA,61,2,Day,Clear,Yard,Yard/switching,3,10727,250,10977,T316,39.898302,-75.16734,61.7,53.3,64.8
ATK,165860,2020-11-19,12:01 AM,Other (describe in narrative),0,PHILADELPHIA,PA,31,4,Dark,Clear,Main,Passenger Train - Pulling,80,33,11958,11991,T404,40.034617,-75.020797,35.2,38.9,51.6
CSX,000182684,2019-04-30,2:18 AM,Derailment,0,PHILADELPHIA,PA,53,4,Dark,Clear,Yard,Yard/switching,7,187385,550,187935,T309,39.898302,-75.16734,51.7,60.6,55.9
SEPA,SEPA061822,2022-06-18,2:28 PM,Other (describe in narrative),0,PHILADELPHIA,PA,70,2,Day,Clear,Main,EMU,10,17129,0,17129,T404,40.033177,-75.141117,82.5,70.6,66.5
SEPA,11920T9402,2020-11-09,5:05 AM,Other (describe in narrative),0,PHILADELPHIA,PA,48,4,Dark,Clear,Main,EMU,30,8419,26387,34806,T404,39.927452,-75.223471,58.4,59.6,61.5
ATK,157403,2019-01-30,1:45 AM,Derailment,0,PHILADELPHIA,PA,5,4,Dark,Clear,Yard,Passenger Train - Pulling,1,106804,1500,108304,T111,39.957524,-75.182984,33.1,21.2,11.2
SEPA,SEPA111820,2020-11-18,7:04 AM,Other (describe in narrative),0,PHILADELPHIA,PA,35,1,Dawn,Clear,Main,EMU,30,0,11995,11995,T404,40.051628,-75.172129,42.9,35.2,38.9
ATK,161816,2019-11-02,3:15 PM,Other (describe in narrative),0,PHILADELPHIA,PA,60,2,Day,Clear,Main,EMU,0,0,41711,80413,T404,39.9684,-75.1951,49.9,44.9,45.2
SEPA,37756,2019-11-02,3:15 PM,Other (describe in narrative),0,PHILADELPHIA,PA,60,2,Day,Clear,Main,EMU,30,38702,0,80413,T404,39.9684,-75.1951,49.9,44.9,45.2
SEPA,5521T726,2021-05-05,8:12 PM,Other (describe in narrative),0,PHILADELPHIA,PA,60,4,Dark,Clear,Main,EMU,30,8500,5930,14430,T404,40.005127,-75.133672,67.2,62.3,57.6
ATK,165757,2020-11-03,12:22 PM,Derailment,0,PHILADELPHIA,PA,55,2,Day,Clear,Siding,Light loco(s),6,14928,1977,16905,T110,39.945972,-75.193284,42.5,47.9,51.2
SEPA,SEPA122922,2022-12-29,11:58 AM,Derailment,0,PHILADELPHIA,PA,30,2,Day,Clear,Yard,EMU,5,10080,9672,19752,T110,39.957129,-75.18489,35.8,39.1,42.7
ATK,158472,2019-04-13,5:16 AM,Other (describe in narrative),0,PHILADELPHIA,PA,60,4,Dark,Rain,Main,Passenger Train - Pulling,29,13640,7955,21595,T404,39.962306,-75.183576,59.4,66.8,66.5
SEPA,38200,2019-12-26,2:10 PM,Other (describe in narrative),0,PHILADELPHIA,PA,48,2,Day,Clear,Main,EMU,20,9110,8396,17506,T404,39.955538,-75.177556,35.9,38.2,47.2
SEPA,SEP011521,2021-01-15,4:53 PM,Other (describe in narrative),0,PHILADELPHIA,PA,48,2,Day,Cloudy,Main,EMU,50,10000,5948,15948,T404,39.893335,-75.243467,39.4,43,43.5
ATK,169386,2022-01-04,4:58 AM,Other (describe in narrative),0,PHILADELPHIA,PA,19,4,Dark,Clear,Main,Passenger Train - Pulling,5,12256,4669,16925,T404,39.961213,-75.183089,32.3,28,37.3
ATK,141700,2016-03-29,12:15 AM,Derailment,0,PHILADELPHIA,PA,50,4,Dark,Clear,Yard,Yard/switching,3,16082,5800,21882,T314,39.95722,-75.183104,53.1,51.3,47.5
SEPA,SEPA101223,2023-10-12,7:03 AM,Other (describe in narrative),0,PHILADELPHIA,PA,60,2,Day,Clear,Main,EMU,0,0,15838,15838,T404,40.041151,-75.112034,58.7,60.1,58.5
ATK,152240,2018-03-07,8:44 PM,Derailment,0,PHILADELPHIA,PA,35,4,Dark,Clear,Yard,Light loco(s),4,128664,19500,148164,T314,39.95578,-75.181968,38.7,33.9,35.8
ATK,142185,2016-04-30,10:08 PM,Derailment,0,PHILADELPHIA,PA,54,4,Dark,Clear,Yard,Passenger Train - Pushing,3,49200,11500,60700,T311,39.997357,-75.154698,48.5,53.4,49.9
ATK,142778,2016-06-08,11:56 AM,Other (describe in narrative),0,PHILADELPHIA,PA,68,2,Day,Rain,Main,Passenger Train - Pulling,60,22631,4482,27113,T404,40.001663,-75.143079,75,63.2,65
SEPA,SEPA071622,2022-07-16,1:40 PM,Other (describe in narrative),0,PHILADELPHIA,PA,85,2,Day,Cloudy,Main,EMU,0,23192,0,23192,T404,40.005127,-75.133672,79.3,78.6,79.1
SEPA,SEPA101823,2023-10-18,6:29 PM,Other (describe in narrative),0,PHILADELPHIA,PA,60,4,Dark,Clear,Main,EMU,0,0,18123,18123,T404,40.043296,-75.248595,57.1,57.4,57.3
SEPA,SEPA111620,2020-11-16,12:10 PM,Other (describe in narrative),0,PHILADELPHIA,PA,54,2,Day,Clear,Main,EMU,30,5430,24299,29729,T404,39.927452,-75.223471,51.6,50.2,42.9
RCPE,622618D,2018-04-03,6:15 PM,Derailment,0,PHILIP,SD,35,2,Day,Cloudy,Main,Freight Train,10,8500,16000,24500,T221,44.036666,-101.6691,30.1,16.8,24
RCPE,RCP309617D,2017-05-24,8:32 AM,Derailment,0,PHILIP,SD,60,2,Day,Clear,Siding,Freight Train,6,4615,8100,12715,T314,44.0211,-101.4001,52.5,55.3,63.5
RCPE,RCP966216D,2016-05-06,2:30 AM,Derailment,0,PHILIP,SD,50,4,Dark,Cloudy,Main,Freight Train,10,15000,1000,16000,T101,44.039602,-101.5662,68.5,66.2,56.6
RCPE,RCP836718D,2018-10-28,5:39 PM,Derailment,0,PHILIP,SD,47,2,Day,Clear,Main,Freight Train,10,23330,363,23693,T199,44.035998,-101.670197,46.2,44.6,46.8
RCPE,RCP619823D,2023-11-29,8:00 PM,Derailment,0,PHILIP,SD,20,4,Dark,Clear,Main,Freight Train,10,60000,80000,140000,T207,44.025172,-101.686936,33.5,32.9,25.9
RCPE,RCP991122D,2022-01-27,11:19 PM,Derailment,0,PHILIP,SD,22,4,Dark,Clear,Main,Freight Train,9,569991,979200,1549191,T401,44.034147,-101.673431,24.8,29.2,30.5
IC,867948,2015-10-10,8:56 AM,Hwy-rail crossing,0,PHILIPP,MS,62,2,Day,Clear,Main,,0,0,25,23632,M302,33.767929,-90.242249,73.9,63.8,61.4
IC,845121,2015-03-30,8:50 PM,Derailment,1,PHILIPP,MS,65,4,Dark,Clear,Main,Freight Train,23,442606,2169692,2612298,T106,33.767667,-90.241079,56.4,67.6,66.1
AO,A2021FEB1D,2021-02-05,11:20 PM,Derailment,0,PHILIPPI,WV,25,4,Dark,Cloudy,Industry,Freight Train,9,30611,59000,89611,T210,39.195422,-80.058775,26.3,36.2,33.7
RJCP,RJCP17001,2017-05-14,8:00 PM,Derailment,0,PHILIPSBURG,PA,50,3,Dusk,Clear,Main,Freight Train,10,23000,13900,36900,T110,40.879276,-78.237489,50.2,52.7,55.7
NS,133728,2019-04-27,2:00 PM,Other impacts,0,PHILLIPSBURG,NJ,65,2,Day,Clear,Main,Freight Train,6,15000,0,15000,H996,40.687965,-75.200578,58.3,55.5,50
DD,042719,2019-04-27,2:00 PM,Raking collision,0,PHILLIPSBURG,NJ,65,2,Day,Clear,Main,,0,0,0,15000,H996,40.687965,-75.200578,58.3,55.5,50
KYLE,KYL071322D,2022-04-29,5:00 PM,Derailment,0,PHILLIPSBURG,KS,65,2,Day,Clear,Main,Freight Train,0,394951,70000,464951,T206,39.763318,-99.213766,68.8,65.6,54.2
UP,0720LA036,2020-07-28,7:30 AM,Other impacts,0,PHOENIX,AZ,91,1,Dawn,Clear,Yard,Yard/switching,1,125,2651,31418,H020,33.443784,-112.059964,100.3,101.5,102.4
BNSF,SW0616105,2016-06-18,9:30 AM,Other impacts,0,PHOENIX,AZ,98,2,Day,Clear,Yard,Cut of cars,4,21489,300,40885,H020,33.457689,-112.101038,92.1,95.9,102
UP,0818ST021,2018-08-28,6:30 AM,Derailment,0,PHOENIX,AZ,85,1,Dawn,Clear,Main,Freight Train,10,31869,37332,69201,M409,33.44946,-112.083013,94.6,92.8,93.4
UP,0817ST019,2017-08-21,12:01 AM,Derailment,0,PHOENIX,AZ,90,4,Dark,Cloudy,Yard,Yard/switching,3,161119,63744,224863,H601,33.444341,-112.046313,93.2,93.5,95.4
UP,0821LA038,2021-08-18,6:20 PM,Derailment,0,PHOENIX,AZ,80,3,Dusk,Cloudy,Yard,Yard/switching,4,102240,2750,104990,M599,33.443889,-112.059969,83.2,83.4,85.9
UP,0123LA034,2023-01-22,6:15 AM,Derailment,0,PHOENIX,AZ,37,1,Dawn,Clear,Yard,Freight Train,7,11801,7399,19200,H307,33.443724,-112.059965,48,48.2,44.5
UP,1116ST002,2016-11-07,11:06 PM,Derailment,0,PHOENIX,AZ,72,4,Dark,Clear,Yard,Yard/switching,8,37590,3070,56424,H318,33.444154,-112.148797,71.8,72.8,78.2
BNSF,SW0716105,2016-07-20,11:20 AM,Other impacts,0,PHOENIX,AZ,103,2,Day,Clear,Yard,Yard/switching,1,13188,2500,15688,H018,33.45703,-112.100917,95.1,96,100.1
BNSF,SW0918201,2018-09-13,10:54 AM,Hwy-rail crossing,0,PHOENIX,AZ,101,2,Day,Clear,Yard,Freight Train,8,12500,0,12500,M302,33.425948,-112.092863,94,92,93.8
UP,0816ST018,2016-08-22,1:00 PM,Derailment,0,PHOENIX,AZ,105,2,Day,Clear,Siding,Spec. MoW Equip.,5,16830,0,16830,H997,33.443052,-112.091777,89,88.3,85.9
UP,0122LA041,2022-01-15,6:35 PM,Derailment,0,PHOENIX,AZ,69,3,Dusk,Cloudy,Main,Yard/switching,4,9283,2131,11414,H702,33.444347,-112.039517,59,60.6,59.6
UP,1122LA011,2022-11-07,4:45 PM,Other impacts,0,PHOENIX,AZ,80,2,Day,Clear,Yard,Yard/switching,6,47392,2320,49812,H021,33.444148,-112.15163,63.5,65.6,66.7
UP,1122LA011,2022-11-07,4:45 PM,Other impacts,0,PHOENIX,AZ,80,2,Day,Clear,Yard,Cut of cars,4,100,0,49812,H021,33.444148,-112.15163,63.5,65.6,66.7
BNSF,SW0215110,2015-02-19,7:40 PM,Derailment,0,PHOENIX,AZ,65,3,Dusk,Clear,Yard,Yard/switching,3,17488,4000,21488,H607,33.444017,-112.090573,64.8,65.3,66.1