reportingrailroadcode,accidentnumber,date,time,accidenttype,hazmatreleasedcars,station,stateabbr,temperature,visibility_code,visibility,weathercondition,tracktype,equipmenttype,trainspeed,equipmentdamagecost,trackdamagecost,totaldamagecost,primaryaccidentcausecode,latitude,longitude,prior_temp,actual_temp,following_temp
UP,1223LA014,2023-12-09,4:30 PM,Derailment,0,PHOENIX,AZ,65,2,Day,Clear,Yard,Yard/switching,4,56817,2104,58921,H702,33.444,-112.059973,59.7,57.6,57.9
UP,1018ST027,2018-10-25,1:50 AM,Other (describe in narrative),0,PHOENIX,AZ,73,4,Dark,Clear,Yard,Yard/switching,2,0,25675,25675,H307,33.444,-112.059973,73.3,74.4,74.9
UP,0415ST028,2015-04-30,10:25 PM,Derailment,0,PHOENIX,AZ,86,4,Dark,Clear,Yard,Yard/switching,4,1896,19013,20909,H312,33.444236,-112.047775,82.9,85.2,86.2
UP,0822LA037,2022-08-27,9:15 AM,Derailment,0,PHOENIX,AZ,87,2,Day,Clear,Main,Yard/switching,9,53467,5180,58647,M409,33.444345,-112.042915,96,94,94.4
UP,0520ST015,2020-05-28,7:05 AM,Derailment,0,PHOENIX,AZ,83,2,Day,Clear,Main,Freight Train,4,81655,32367,114022,H702,33.444311,-112.063442,92.1,95.9,97.5
BNSF,SW0524104,2024-05-17,2:20 PM,Derailment,0,PHOENIX,AZ,99,2,Day,Clear,Yard,Freight Train,4,12931,4929,17860,M409,33.475702,-112.111888,86.2,88.8,90.1
UP,1122LA007,2022-11-06,12:10 AM,Derailment,0,PHOENIX,AZ,60,4,Dark,Clear,Yard,Yard/switching,7,536135,761301,1297436,H306,33.44395,-112.048033,58.1,63.5,65.6
BNSF,SW0617111,2017-06-29,9:10 AM,Derailment,0,PHOENIX,AZ,94,2,Day,Clear,Yard,Freight Train,6,52338,8103,60441,H607,33.462863,-112.101007,97.1,95.8,96
UP,1116ST002,2016-11-07,11:06 PM,Derailment,0,PHOENIX,AZ,72,4,Dark,Clear,Yard,Single Car,1,15764,0,56424,H318,33.444154,-112.148797,71.8,72.8,78.2
UP,1020LA016,2020-10-07,5:00 PM,Derailment,0,PHOENIX,AZ,101,2,Day,Clear,Siding,Freight Train,4,209116,3390,212506,H303,33.430025,-112.137591,87.2,86.7,86.1
BNSF,SW0616105,2016-06-18,9:30 AM,Other impacts,0,PHOENIX,AZ,98,2,Day,Clear,Yard,Yard/switching,8,19096,0,40885,H020,33.457689,-112.101038,92.1,95.9,102
UP,0720LA036,2020-07-28,7:30 AM,Other impacts,0,PHOENIX,AZ,91,1,Dawn,Clear,Yard,Single Car,5,28642,0,31418,H020,33.443784,-112.059964,100.3,101.5,102.4
UP,1116ST001,2016-11-05,6:28 AM,Derailment,0,PHOENIX,AZ,64,4,Dark,Clear,Main,Freight Train,4,3080,18954,22034,H702,33.444244,-112.073753,69.3,71.1,71.8
UP,0620LA033,2020-06-19,7:35 PM,Derailment,0,PHOENIX,AZ,101,3,Dusk,Clear,Main,Freight Train,10,65476,51344,116820,T206,33.443737,-112.09435,90.4,90.4,92.2
BNSF,SW0222101,2022-02-03,5:55 PM,Derailment,0,PHOENIX,AZ,65,3,Dusk,Clear,Yard,Yard/switching,7,69487,10000,79487,T111,33.466072,-112.101134,55.1,48,52.4
BNSF,SW1118106,2018-11-06,8:53 AM,Derailment,0,PHOENIX,AZ,80,1,Dawn,Clear,Yard,Yard/switching,3,8800,3700,12500,T202,33.465699,-112.100816,70.1,70.5,69.9
BNSF,SW0617104,2017-06-08,4:32 PM,Derailment,0,PHOENIX,AZ,106,2,Day,Clear,Yard,Yard/switching,10,3000,18000,21000,T202,33.464512,-112.100679,93.7,92.4,93.6
UP,0419ST024,2019-04-10,6:30 PM,Derailment,0,PHOENIX,AZ,64,3,Dusk,Clear,Industry,Yard/switching,5,112063,8998,121061,T399,33.443991,-112.120898,81.3,69.1,67.2
UP,1214ST012,2014-12-17,1:45 PM,Derailment,0,PHOENIX,AZ,74,2,Day,Cloudy,Yard,Yard/switching,4,1152,14150,15302,T202,33.444312,-112.05997,56.4,55.4,54.8
UP,1218ST046,2018-12-26,7:50 AM,Derailment,0,PHOENIX,AZ,48,2,Day,Clear,Yard,Freight Train,4,47206,15607,62813,T202,33.444298,-112.042913,54.7,52.3,49.8
UP,1018ST022,2018-10-22,6:22 AM,Derailment,0,PHOENIX,AZ,70,1,Dawn,Cloudy,Yard,Freight Train,3,450,19490,19940,T207,33.444115,-112.062344,80.6,78,76.9
NS,122201,2016-09-26,9:35 PM,Derailment,0,PICAYUNE,MS,80,4,Dark,Clear,Industry,Freight Train,6,34266,1522,35788,H303,30.505091,-89.685883,80.8,78.7,78.2
ATK,174612,2023-05-04,11:57 AM,Hwy-rail crossing,0,PICAYUNE,MS,81,2,Day,Clear,Main,Passenger Train - Pulling,76,0,0,0,M303,30.510863,-89.684412,70.3,70.8,73.9
AGR,AGR148217,2017-12-28,4:00 PM,Head on collision,0,PICKENSVILLE,AL,40,2,Day,Cloudy,Main,Light loco(s),24,65000,0,140000,H607,33.213881,-88.273623,36.1,32.3,33.9
AGR,AGR148217,2017-12-28,4:00 PM,Head on collision,0,PICKENSVILLE,AL,40,2,Day,Cloudy,Main,Light loco(s),18,75000,0,140000,H607,33.213881,-88.273623,36.1,32.3,33.9
UP,0516SL010,2016-05-26,4:21 AM,Derailment,0,PIEDMONT,MO,66,4,Dark,Cloudy,Industry,Work train,3,77735,412402,490137,M501,37.242472,-90.689675,69.3,69.5,69.5
UP,0519GP038,2019-05-31,4:50 PM,Hwy-rail crossing,0,PIERCE,CO,76,2,Day,Cloudy,Main,Freight Train,59,21963,297,22260,M304,40.64006,-104.75368,56.2,59.5,61.6
UP,0918DV032,2018-09-29,1:00 PM,Hwy-rail crossing,0,PIERCE,CO,75,2,Day,Clear,Main,Freight Train,44,14602,99,14701,M302,40.668264,-104.764856,44.5,54,47.2
RCPE,607318D,2018-03-16,1:00 AM,Derailment,0,PIERRE,SD,32,4,Dark,Cloudy,Main,Freight Train,0,94158,54501,148659,E53C,44.38901,-99.99606,32.4,30,30.8
CSX,000143735,2015-03-26,2:07 PM,Hwy-rail crossing,0,PIERRON,IL,65,2,Day,Clear,Main,Freight Train,59,4500,9839,14339,M308,38.780344,-89.598952,49.2,41.7,35.7
BNSF,CH1023113,2023-10-29,7:16 AM,Derailment,0,PIERRON,IL,37,1,Dawn,Rain,Main,,0,0,37383,40363,E53C,38.778152,-89.294026,43.8,43.8,36.3
NS,154642,2023-10-29,7:36 AM,Derailment,0,PIERRON,IL,39,1,Dawn,Cloudy,Main,Freight Train,44,2980,0,40363,E53C,38.778151,-89.294026,43.8,43.8,36.3
UP,0516FW012,2016-05-13,8:00 AM,Derailment,0,PILOT POINT,TX,68,2,Day,Clear,Main,Freight Train,23,24404,328063,352467,M204,33.45656,-96.921878,72.4,69.9,65.1
UP,0115PD001,2015-01-02,12:00 PM,Derailment,0,PILOT ROCK,OR,23,2,Day,Cloudy,Main,Freight Train,15,10201,465,10666,M101,45.648452,-118.872034,11.1,19.8,27.8
INRD,644232,2017-09-18,11:48 PM,Derailment,0,PIMENTO,IN,82,4,Dark,Clear,Industry,Freight Train,9,80000,55000,135000,T101,39.294569,-87.343222,74.3,74.2,72.8
UP,1122MA031,2022-11-26,7:05 AM,Other impacts,0,PINE BLUFF,AR,50,2,Day,Cloudy,Yard,Single Car,0,13290,0,13290,H308,34.243896,-91.945867,54.9,53.9,51.9
UP,0717LK017,2017-07-08,10:00 PM,Obstruction,0,PINE BLUFF,AR,80,4,Dark,Cloudy,Yard,Yard/switching,4,895,0,27402,E12C,34.243238,-91.945399,83.2,79.2,80.2
UP,0318LK006,2018-03-03,7:52 PM,Other impacts,0,PINE BLUFF,AR,55,3,Dusk,Clear,Yard,Light loco(s),0,306811,5078,329597,H307,34.251062,-91.937929,52.4,50.8,49.9
UP,1115LK007,2015-11-10,12:05 AM,Derailment,0,PINE BLUFF,AR,47,4,Dark,Clear,Yard,Yard/switching,7,3292,42926,46218,E64C,34.233468,-91.957819,52.1,55.5,64.4
UP,1017LK013,2017-10-05,2:55 AM,Derailment,0,PINE BLUFF,AR,70,4,Dark,Cloudy,Yard,Yard/switching,1,9027,2560,11587,T221,34.227361,-91.964894,75.5,73.3,72
UP,0519MA023,2019-05-12,7:20 AM,Derailment,0,PINE BLUFF,AR,60,2,Day,Cloudy,Yard,Light loco(s),4,12100,350,12450,H704,34.252917,-91.936556,61,64.3,66
UP,0115LK001,2015-01-05,8:30 AM,Side collision,0,PINE BLUFF,AR,30,2,Day,Cloudy,Yard,Light loco(s),0,6535,528,15304,H607,34.232617,-91.958758,38.4,28.4,36.4
UP,1023MA032,2023-10-21,12:50 AM,Other impacts,0,PINE BLUFF,AR,64,4,Dark,Clear,Yard,Yard/switching,4,40281,800,41081,H307,34.230836,-91.959061,69.6,69.2,70.3
UP,1023MA037,2023-10-22,1:27 PM,Other impacts,0,PINE BLUFF,AR,79,2,Day,Clear,Yard,Single Car,2,0,0,14007,E23C,34.249587,-91.940144,69.2,70.3,73.3
UP,0822MA005,2022-08-03,11:30 AM,Other impacts,0,PINE BLUFF,AR,87,2,Day,Clear,Yard,Yard/switching,0,28860,0,29067,H318,34.249421,-91.9397,84.4,84.3,80.1
UP,0717LK003,2017-07-01,11:30 AM,Derailment,0,PINE BLUFF,AR,87,2,Day,Clear,Yard,Yard/switching,3,140396,177142,317538,M411,34.247051,-91.9416,79.8,75.9,77.4
UP,0524MA040,2024-05-29,1:00 AM,Derailment,0,PINE BLUFF,AR,73,4,Dark,Cloudy,Yard,Yard/switching,4,16356,1056,17412,M404,34.252926,-91.936318,76.3,77.1,77.2
UP,1222MA012,2022-12-12,12:39 PM,Other (describe in narrative),0,PINE BLUFF,AR,50,2,Day,Clear,Yard,Single Car,0,24402,0,24402,M507,34.252178,-91.937717,52,49.8,60.9
UP,0821MA012,2021-08-11,2:48 AM,Derailment,0,PINE BLUFF,AR,81,4,Dark,Clear,Yard,Yard/switching,10,25102,97404,122506,H505,34.249542,-91.939361,86.9,87.3,86.1
UP,1023MA037,2023-10-22,1:27 PM,Other impacts,0,PINE BLUFF,AR,79,2,Day,Clear,Yard,Yard/switching,2,12927,1080,14007,E23C,34.249587,-91.940144,69.2,70.3,73.3
UP,0124MA015,2024-01-12,10:38 PM,Other impacts,0,PINE BLUFF,AR,19,4,Dark,Cloudy,Yard,Cut of cars,5,1397,0,18757,E06C,34.249654,-91.94089,50.7,47.6,37.1
UP,0318LK011,2018-03-02,5:02 AM,Other impacts,0,PINE BLUFF,AR,50,4,Dark,Cloudy,Yard,Single Car,0,3614,0,13475,S007,34.24363,-91.944833,59.6,52.4,50.8
UP,1021MA030,2021-10-13,7:00 AM,Other (describe in narrative),0,PINE BLUFF,AR,74,2,Day,Cloudy,Yard,Single Car,0,44719,33,44752,M201,34.253113,-91.936264,70.8,77.5,76.3
UP,0717LK017,2017-07-08,10:00 PM,Obstruction,0,PINE BLUFF,AR,80,4,Dark,Cloudy,Yard,Single Car,0,14895,0,27402,E12C,34.243238,-91.945399,83.2,79.2,80.2
UP,1017LK031,2017-10-25,7:03 PM,Derailment,0,PINE BLUFF,AR,55,4,Dark,Clear,Yard,Yard/switching,7,23016,2200,25216,T220,34.237598,-91.95075,58.1,54.4,61.1
UP,0115LK001,2015-01-05,8:30 AM,Side collision,0,PINE BLUFF,AR,30,2,Day,Cloudy,Yard,Yard/switching,4,8241,0,15304,H607,34.232617,-91.958758,38.4,28.4,36.4
UP,0622MA023,2022-06-17,11:29 AM,Derailment,0,PINE BLUFF,AR,92,2,Day,Clear,Yard,Yard/switching,4,50744,407,51151,M405,34.249726,-91.940034,86.2,87.2,87.3
UP,0120MA016,2020-01-18,8:00 PM,Other impacts,0,PINE BLUFF,AR,47,4,Dark,Clear,Yard,Light loco(s),7,0,183,23716,H017,34.252795,-91.936677,43.8,57,40.2
UP,0319MA015,2019-03-09,8:00 PM,Derailment,0,PINE BLUFF,AR,59,4,Dark,Clear,Yard,Yard/switching,6,6881,40497,47378,E07C,34.249069,-91.940578,58.5,62.7,53.4
UP,0418LK023,2018-04-15,12:50 AM,Derailment,0,PINE BLUFF,AR,44,4,Dark,Cloudy,Yard,Cut of cars,0,58527,0,330148,T221,34.24856,-91.939275,58.4,45.3,50.4
UP,0319MA008,2019-03-05,5:20 AM,Obstruction,0,PINE BLUFF,AR,26,1,Dawn,Clear,Yard,Freight Train,5,1758,34205,35963,M404,34.234612,-91.953216,26.4,33,34.7
UP,1018LK032,2018-10-27,4:55 AM,Other (describe in narrative),0,PINE BLUFF,AR,45,1,Dawn,Clear,Yard,Yard/switching,7,24921,450,25371,S099,34.243466,-91.945662,54.8,57.1,65.7
UP,0219MA035,2019-02-19,1:27 AM,Derailment,0,PINE BLUFF,AR,36,4,Dark,Cloudy,Yard,Yard/switching,10,80592,1530,82471,M411,34.247249,-91.942314,37.2,35.3,42.8
UP,0418LK023,2018-04-15,12:50 AM,Derailment,0,PINE BLUFF,AR,44,4,Dark,Cloudy,Yard,Freight Train,9,192889,78732,330148,T221,34.24856,-91.939275,58.4,45.3,50.4
UP,0218LK038,2018-02-26,10:50 AM,Derailment,0,PINE BLUFF,AR,57,2,Day,Clear,Yard,Yard/switching,5,8490,4565,13055,H702,34.243059,-91.945138,51.3,52.4,54.1
UP,1217LK029,2017-12-26,6:55 PM,Derailment,0,PINE BLUFF,AR,40,4,Dark,Clear,Yard,Yard/switching,5,42930,2750,45680,E24C,34.263849,-91.919898,33.1,36.3,27.4
UP,1219MA032,2019-12-10,6:53 AM,Other (describe in narrative),0,PINE BLUFF,AR,35,1,Dawn,Clear,Yard,Single Car,0,34737,33,34770,M507,34.249932,-91.938493,63.5,37.9,36.2
UP,0520MA017,2020-05-12,2:08 AM,Derailment,0,PINE BLUFF,AR,54,4,Dark,Cloudy,Yard,Yard/switching,7,62997,7134,70131,E86C,34.251879,-91.937432,61.7,57.6,68.6
UP,0419MA051,2019-04-21,3:05 AM,Other impacts,0,PINE BLUFF,AR,53,4,Dark,Clear,Yard,Yard/switching,5,6967,400,103999,H306,34.25216,-91.937242,59.5,64.8,67.3
UP,1220MA015,2020-12-14,6:30 AM,Derailment,0,PINE BLUFF,AR,36,1,Dawn,Cloudy,Yard,Freight Train,4,65036,3179,68215,H702,34.235106,-91.952765,39.6,35.9,32.9
UP,0917LK031,2017-09-30,3:05 AM,Other impacts,0,PINE BLUFF,AR,65,4,Dark,Clear,Yard,Yard/switching,1,23716,33,23876,H302,34.245206,-91.945044,71.3,71.4,71.6
UP,0619MA049,2019-06-22,7:50 PM,Derailment,0,PINE BLUFF,AR,90,3,Dusk,Clear,Main,Freight Train,40,564253,126972,691225,E27C,34.110838,-92.10138,84.2,84.7,79.2
UP,0420MA020,2020-04-22,7:05 AM,Derailment,0,PINE BLUFF,AR,59,2,Day,Cloudy,Yard,Yard/switching,5,43819,21115,64934,T220,34.246285,-91.942504,67,62.4,63.4
UP,0720MA014,2020-07-09,1:46 AM,Derailment,0,PINE BLUFF,AR,77,4,Dark,Cloudy,Yard,Yard/switching,10,9138,4370,13508,M405,34.248853,-91.938984,79.1,79.3,81.7
UP,0319MA016,2019-03-12,12:10 AM,Other impacts,0,PINE BLUFF,AR,54,4,Dark,Cloudy,Yard,Yard/switching,2,154689,233,165584,H306,34.244061,-91.946275,53.1,56.2,60.1
UP,0120MA016,2020-01-18,8:00 PM,Other impacts,0,PINE BLUFF,AR,47,4,Dark,Clear,Yard,Freight Train,0,23533,0,23716,H017,34.252795,-91.936677,43.8,57,40.2
UP,0221MA004,2021-02-03,2:00 PM,Obstruction,0,PINE BLUFF,AR,50,2,Day,Clear,Yard,Yard/switching,4,20613,77252,97865,M404,34.242391,-91.948453,34.4,38.1,50.6
UP,0518LK007,2018-05-07,12:10 AM,Other impacts,0,PINE BLUFF,AR,60,4,Dark,Cloudy,Yard,Light loco(s),5,11030,37808,282562,H306,34.221443,-91.924421,71.5,73.5,77
UP,0419MA021,2019-04-11,2:45 AM,Other impacts,0,PINE BLUFF,AR,70,4,Dark,Cloudy,Yard,Light loco(s),0,6453,0,19070,H702,34.252159,-91.937699,71.8,70.6,59.9
UP,0917LK031,2017-09-30,3:05 AM,Other impacts,0,PINE BLUFF,AR,65,4,Dark,Clear,Yard,Cut of cars,1,127,0,23876,H302,34.245206,-91.945044,71.3,71.4,71.6
UP,0722MA007,2022-07-03,1:29 PM,Other impacts,0,PINE BLUFF,AR,83,2,Day,Clear,Yard,Cut of cars,0,22356,0,81320,H601,34.249858,-91.940199,78.9,80,84.7
UP,1221MA024,2021-12-22,7:26 PM,Derailment,0,PINE BLUFF,AR,43,3,Dusk,Cloudy,Yard,Yard/switching,5,97920,93640,191560,M405,34.249202,-91.939477,45.4,44,50.9
UP,0722MA016,2022-07-07,6:47 PM,Other impacts,0,PINE BLUFF,AR,95,3,Dusk,Cloudy,Yard,Single Car,5,453,0,74658,H020,34.249805,-91.939637,86.7,86.2,88.8
UP,0219MA035,2019-02-19,1:27 AM,Derailment,0,PINE BLUFF,AR,36,4,Dark,Cloudy,Yard,Single Car,0,349,0,82471,M411,34.247249,-91.942314,37.2,35.3,42.8
UP,0921ME013,2021-09-13,7:29 AM,Derailment,0,PINE BLUFF,AR,70,1,Dawn,Clear,Yard,Light loco(s),4,12843,352,13195,H306,34.231424,-91.957168,75.6,77.6,78.2
UP,0722MA016,2022-07-07,6:47 PM,Other impacts,0,PINE BLUFF,AR,95,3,Dusk,Cloudy,Yard,Yard/switching,4,74005,200,74658,H020,34.249805,-91.939637,86.7,86.2,88.8
UP,0721MA030,2021-07-23,6:15 PM,Derailment,0,PINE BLUFF,AR,92,3,Dusk,Clear,Yard,Yard/switching,5,7544,6760,14304,M405,34.241737,-91.947032,83.1,84.8,86.1
UP,0721MA025,2021-07-20,6:23 AM,Other impacts,0,PINE BLUFF,AR,74,1,Dawn,Cloudy,Yard,Cut of cars,0,736,0,67017,H312,34.249373,-91.939642,79.4,79.7,79.5
UP,0521MA009,2021-05-06,2:00 PM,Derailment,0,PINE BLUFF,AR,79,2,Day,Clear,Yard,Yard/switching,7,17415,9431,26846,E49C,34.246393,-91.944333,63.6,67.8,64.9
UP,1220MA002,2020-12-02,10:42 AM,Derailment,0,PINE BLUFF,AR,46,2,Day,Clear,Yard,Yard/switching,8,103150,7334,110484,S001,34.249421,-91.9397,37.7,42.5,42.3
UP,1222MA004,2022-12-03,11:30 PM,Derailment,0,PINE BLUFF,AR,43,4,Dark,Cloudy,Yard,Yard/switching,4,19466,17790,37256,H307,34.233554,-91.955297,56.5,57.4,41.3
UP,0122MA024,2022-01-21,7:20 PM,Derailment,0,PINE BLUFF,AR,28,3,Dusk,Cloudy,Yard,Yard/switching,9,7059,2283,30115,H318,34.244061,-91.946275,29.1,26.5,29.3
UP,0123MA053,2023-01-24,10:30 PM,Other impacts,0,PINE BLUFF,AR,42,4,Dark,Clear,Yard,Single Car,5,775,0,34864,H018,34.249402,-91.93945,41.9,41.3,41
UP,0324MA013,2024-03-10,6:09 AM,Other impacts,0,PINE BLUFF,AR,39,1,Dawn,Cloudy,Yard,Light loco(s),5,23480,64858,105674,H607,34.232058,-91.95914,53.4,50.9,54.1
UP,1222MA043,2022-12-29,4:00 AM,Other impacts,0,PINE BLUFF,AR,63,1,Dawn,Cloudy,Yard,Yard/switching,4,153,0,12624,H018,34.246269,-91.943722,47.5,63.3,58.6
BNSF,HL1122112,2022-11-22,8:35 AM,Other impacts,0,PINE BLUFF,AR,38,1,Dawn,Clear,Yard,Freight Train,7,269000,0,270504,H702,34.249932,-91.938493,41.2,47.6,49.8
UP,0722MA026,2022-07-10,11:10 PM,Other impacts,0,PINE BLUFF,AR,76,4,Dark,Cloudy,Yard,Cut of cars,5,100,0,40293,H601,34.244847,-91.944626,86.5,81.9,82.8
UP,1022MA011,2022-10-05,2:11 PM,Other (describe in narrative),0,PINE BLUFF,AR,81,2,Day,Clear,Yard,Single Car,0,30395,0,30395,M411,34.238788,-91.951529,67.6,65,70.1
UP,1122MA031,2022-11-26,7:05 AM,Other impacts,0,PINE BLUFF,AR,50,2,Day,Cloudy,Yard,Yard/switching,4,0,0,13290,H308,34.243896,-91.945867,54.9,53.9,51.9
UP,0523MA022,2023-05-16,6:10 AM,Other impacts,0,PINE BLUFF,AR,72,1,Dawn,Cloudy,Yard,Yard/switching,4,49081,0,52975,S016,34.251925,-91.937481,80.7,77.6,73.2
UP,0722MA007,2022-07-03,1:29 PM,Other impacts,0,PINE BLUFF,AR,83,2,Day,Clear,Yard,Yard/switching,16,58434,530,81320,H601,34.249858,-91.940199,78.9,80,84.7
UP,1022MA048,2022-10-29,1:40 PM,Derailment,0,PINE BLUFF,AR,63,2,Day,Rain,Yard,Yard/switching,4,132516,78600,211116,H318,34.243034,-91.946186,60.7,63.8,61.6
UP,0524MA017,2024-05-18,9:53 PM,Derailment,0,PINE BLUFF,AR,79,4,Dark,Clear,Yard,Yard/switching,5,15940,9790,25730,H607,34.249215,-91.941898,75.1,78.1,79.9
UP,0523MA022,2023-05-16,6:10 AM,Other impacts,0,PINE BLUFF,AR,72,1,Dawn,Cloudy,Yard,Single Car,4,3894,0,52975,S016,34.251925,-91.937481,80.7,77.6,73.2
UP,0722MA041,2022-07-19,11:00 PM,Other impacts,0,PINE BLUFF,AR,84,4,Dark,Cloudy,Yard,Yard/switching,5,100,0,48248,H318,34.244187,-91.945428,85.1,88,89.1
UP,0324MA005,2024-03-08,12:54 AM,Other impacts,0,PINE BLUFF,AR,57,4,Dark,Rain,Yard,Yard/switching,11,7335,980,50687,S016,34.249326,-91.942013,59.4,61.1,53.4
UP,0423MA042,2023-04-29,3:25 AM,Other impacts,0,PINE BLUFF,AR,60,4,Dark,Rain,Yard,Yard/switching,0,12307,0,16983,M105,34.245804,-91.943221,63.4,62.3,64.2
UP,0522MA002,2022-05-01,6:05 PM,Other impacts,0,PINE BLUFF,AR,82,3,Dusk,Cloudy,Yard,Single Car,5,460,0,56182,H312,34.24317,-91.945294,73.3,72.5,72.4
UP,1222MA011,2022-12-12,10:56 AM,Other (describe in narrative),0,PINE BLUFF,AR,50,2,Day,Clear,Yard,Single Car,0,18049,0,18049,M507,34.249652,-91.940206,52,49.8,60.9
UP,0823MA036,2023-08-26,3:30 AM,Derailment,0,PINE BLUFF,AR,79,4,Dark,Clear,Yard,Yard/switching,10,16353,11802,28155,H305,34.242019,-91.946586,90.2,88.8,83
UP,1022MA010,2022-10-05,2:11 PM,Other (describe in narrative),0,PINE BLUFF,AR,81,2,Day,Clear,Yard,Single Car,0,39072,0,39072,M507,34.238097,-91.952512,67.6,65,70.1
UP,0523MA030,2023-05-15,8:19 AM,Other (describe in narrative),0,PINE BLUFF,AR,75,2,Day,Clear,Yard,Single Car,0,18670,0,18670,S016,34.249402,-91.939684,80.6,80.7,77.6
UP,1223MA026,2023-12-20,7:00 AM,Other impacts,0,PINE BLUFF,AR,59,2,Day,Clear,Yard,Single Car,0,11792,0,11792,H312,34.251436,-91.939319,39.6,43.1,46.8
UP,0423MA021,2023-04-06,3:43 AM,Other impacts,0,PINE BLUFF,AR,53,4,Dark,Rain,Yard,Yard/switching,5,18830,0,37660,S016,34.249297,-91.939811,70.3,53.5,55.5
UP,0423MA042,2023-04-29,3:25 AM,Other impacts,0,PINE BLUFF,AR,60,4,Dark,Rain,Yard,Yard/switching,0,2338,0,16983,M105,34.245804,-91.943221,63.4,62.3,64.2
UP,0722MA049,2022-07-19,12:10 PM,Derailment,0,PINE BLUFF,AR,92,2,Day,Clear,Yard,Single Car,4,26806,0,26806,M411,34.249563,-91.939867,85.1,88,89.1
UP,0522MA002,2022-05-01,6:05 PM,Other impacts,0,PINE BLUFF,AR,82,3,Dusk,Cloudy,Yard,Yard/switching,5,55722,0,56182,H312,34.24317,-91.945294,73.3,72.5,72.4
UP,1022MA031,2022-10-15,8:30 PM,Other (describe in narrative),0,PINE BLUFF,AR,73,4,Dark,Clear,Yard,Single Car,0,19825,0,19825,M507,34.239874,-91.949985,65.6,75,69.3
UP,0223MA034,2023-02-17,7:57 AM,Other (describe in narrative),0,PINE BLUFF,AR,33,2,Day,Clear,Yard,Single Car,4,91984,0,91984,M411,34.244371,-91.946615,59.3,40.7,42.7
UP,0123MA053,2023-01-24,10:30 PM,Other impacts,0,PINE BLUFF,AR,42,4,Dark,Clear,Yard,Yard/switching,5,33939,150,34864,H018,34.249402,-91.93945,41.9,41.3,41
UP,0822MA032,2022-08-19,7:00 AM,Other (describe in narrative),0,PINE BLUFF,AR,66,2,Day,Clear,Yard,Single Car,0,20162,0,20162,M411,34.252178,-91.937717,76.6,79.5,82.2
UP,0324MA005,2024-03-08,12:54 AM,Other impacts,0,PINE BLUFF,AR,57,4,Dark,Rain,Yard,Yard/switching,2,42372,0,50687,S016,34.249326,-91.942013,59.4,61.1,53.4
UP,0922MA031,2022-09-21,7:00 AM,Other (describe in narrative),0,PINE BLUFF,AR,75,2,Day,Clear,Yard,Cut of cars,0,25141,0,25141,H601,34.235007,-91.954964,82.9,84.6,79.4
UP,0523MA041,2023-05-24,5:05 PM,Other impacts,0,PINE BLUFF,AR,83,2,Day,Cloudy,Yard,Single Car,4,557,0,50543,E35C,34.243102,-91.947732,75.1,74.7,76.8
UP,0722MA001,2022-07-01,12:46 AM,Derailment,0,PINE BLUFF,AR,76,4,Dark,Cloudy,Yard,Yard/switching,1,206870,77000,283870,M405,34.2438,-91.946014,81.2,81.7,78.9
UP,0223MA028,2023-02-15,7:20 PM,Other (describe in narrative),0,PINE BLUFF,AR,76,3,Dusk,Clear,Yard,Yard/switching,4,18991,0,18991,S016,34.247855,-91.942231,57.1,66.4,59.3
UP,0722MA026,2022-07-10,11:10 PM,Other impacts,0,PINE BLUFF,AR,76,4,Dark,Cloudy,Yard,Yard/switching,0,40193,0,40293,H601,34.244847,-91.944626,86.5,81.9,82.8
UP,0324MA013,2024-03-10,6:09 AM,Other impacts,0,PINE BLUFF,AR,39,1,Dawn,Cloudy,Yard,Light loco(s),0,17336,0,105674,H607,34.232058,-91.95914,53.4,50.9,54.1
UP,0722MA059,2022-07-28,5:05 AM,Other (describe in narrative),0,PINE BLUFF,AR,75,1,Dawn,Clear,Yard,Single Car,0,26809,0,26809,M411,34.24837,-91.941034,85.2,85.6,81.1
UP,1222MA043,2022-12-29,4:00 AM,Other impacts,0,PINE BLUFF,AR,63,1,Dawn,Cloudy,Yard,Cut of cars,2,12471,0,12624,H018,34.246269,-91.943722,47.5,63.3,58.6
UP,0722MA041,2022-07-19,11:00 PM,Other impacts,0,PINE BLUFF,AR,84,4,Dark,Cloudy,Yard,Yard/switching,0,48148,0,48248,H318,34.244187,-91.945428,85.1,88,89.1
UP,0822MA005,2022-08-03,11:30 AM,Other impacts,0,PINE BLUFF,AR,87,2,Day,Clear,Yard,Yard/switching,4,207,0,29067,H318,34.249421,-91.9397,84.4,84.3,80.1
UP,0122MA024,2022-01-21,7:20 PM,Derailment,0,PINE BLUFF,AR,28,3,Dusk,Cloudy,Yard,Single Car,9,20773,0,30115,H318,34.244061,-91.946275,29.1,26.5,29.3
UP,0423MA042,2023-04-29,3:25 AM,Other impacts,0,PINE BLUFF,AR,60,4,Dark,Rain,Yard,Yard/switching,0,2338,0,16983,M105,34.245804,-91.943221,63.4,62.3,64.2
UP,0523MA041,2023-05-24,5:05 PM,Other impacts,0,PINE BLUFF,AR,83,2,Day,Cloudy,Yard,Yard/switching,4,49953,33,50543,E35C,34.243102,-91.947732,75.1,74.7,76.8
UP,1123MA041,2023-11-27,5:55 PM,Other impacts,0,PINE BLUFF,AR,50,2,Day,Clear,Yard,Single Car,4,16102,1100,17202,M411,34.242254,-91.946818,46.4,40.9,43.4
UP,1022MA019,2022-10-05,1:33 AM,Other (describe in narrative),0,PINE BLUFF,AR,56,4,Dark,Clear,Yard,Single Car,0,29083,0,29083,M507,34.249563,-91.939867,67.6,65,70.1