reportingrailroadcode,accidentnumber,date,time,accidenttype,hazmatreleasedcars,station,stateabbr,temperature,visibility_code,visibility,weathercondition,tracktype,equipmenttype,trainspeed,equipmentdamagecost,trackdamagecost,totaldamagecost,primaryaccidentcausecode,latitude,longitude,prior_temp,actual_temp,following_temp
UP,0423MA021,2023-04-06,3:43 AM,Other impacts,0,PINE BLUFF,AR,53,4,Dark,Rain,Yard,Single Car,0,18830,0,37660,S016,34.249297,-91.939811,70.3,53.5,55.5
UP,0419MA021,2019-04-11,2:45 AM,Other impacts,0,PINE BLUFF,AR,70,4,Dark,Cloudy,Yard,Yard/switching,6,12584,33,19070,H702,34.252159,-91.937699,71.8,70.6,59.9
UP,1018LK007,2018-10-06,12:46 PM,Derailment,1,PINE BLUFF,AR,85,2,Day,Clear,Yard,Freight Train,5,150523,16160,166683,H525,34.231048,-91.960362,79.1,78.2,78.2
UP,1017LK015,2017-10-11,5:05 PM,Derailment,0,PINE BLUFF,AR,72,2,Day,Cloudy,Yard,Yard/switching,4,7820,8820,16640,M404,34.246684,-91.942946,75.1,59.8,62.7
UP,0117LK022,2017-01-19,3:30 AM,Derailment,0,PINE BLUFF,AR,51,4,Dark,Rain,Yard,Yard/switching,4,6675,6303,12978,E48C,34.243414,-91.945606,48.6,51.6,60.2
UP,0124MA037,2024-01-30,4:17 PM,Other impacts,0,PINE BLUFF,AR,74,2,Day,Cloudy,Yard,Single Car,2,0,0,33754,S016,34.244207,-91.94644,46.3,56.9,47.5
UP,0319MA016,2019-03-12,12:10 AM,Other impacts,0,PINE BLUFF,AR,54,4,Dark,Cloudy,Yard,Yard/switching,0,10662,0,165584,H306,34.244061,-91.946275,53.1,56.2,60.1
UP,1217LK017,2017-12-13,6:41 AM,Raking collision,0,PINE BLUFF,AR,40,1,Dawn,Clear,Yard,Yard/switching,0,4779,0,12490,H702,34.255849,-91.934206,45.3,44.1,43.1
UP,0821MA014,2021-08-05,8:00 AM,Other (describe in narrative),0,PINE BLUFF,AR,71,2,Day,Clear,Yard,Single Car,0,13392,0,13392,M411,34.253014,-91.936119,78.2,77.2,78.3
UP,0518ES031,2018-05-26,9:16 AM,Other impacts,0,PINE BLUFF,AR,86,2,Day,Clear,Yard,Spec. MoW Equip.,0,28939,33,28973,H993,34.249933,-91.939764,75.5,75,77.5
UP,1217LK017,2017-12-13,6:41 AM,Raking collision,0,PINE BLUFF,AR,40,1,Dawn,Clear,Yard,Light loco(s),8,7446,265,12490,H702,34.255849,-91.934206,45.3,44.1,43.1
UP,0620MA026,2020-06-20,2:26 PM,Derailment,0,PINE BLUFF,AR,87,2,Day,Cloudy,Yard,Yard/switching,3,116229,43202,159431,E36C,34.249494,-91.941234,79.2,78.5,76.4
UP,1017LK016,2017-10-10,9:20 PM,Derailment,0,PINE BLUFF,AR,70,4,Dark,Clear,Yard,Yard/switching,4,38938,132348,171286,E07C,34.249862,-91.940322,79.1,75.1,59.8
UP,0724MA045,2024-07-25,7:04 PM,Other (describe in narrative),0,PINE BLUFF,AR,76,3,Dusk,Clear,Yard,Single Car,0,65641,0,65641,E23C,34.228738,-91.962892,78.9,76.9,76.8
UP,1023MA032,2023-10-21,12:50 AM,Other impacts,0,PINE BLUFF,AR,64,4,Dark,Clear,Yard,Freight Train,0,0,0,41081,H307,34.230836,-91.959061,69.6,69.2,70.3
UP,0124MA015,2024-01-12,10:38 PM,Other impacts,0,PINE BLUFF,AR,19,4,Dark,Cloudy,Yard,Yard/switching,3,9060,8300,18757,E06C,34.249654,-91.94089,50.7,47.6,37.1
UP,0824MA038,2024-08-25,2:56 PM,Derailment,0,PINE BLUFF,AR,96,2,Day,Clear,Yard,Yard/switching,6,11779,7206,18985,H306,34.250535,-91.938935,82.9,81.6,82.9
UP,1122MA029,2022-11-22,8:35 AM,Other impacts,0,PINE BLUFF,AR,38,2,Day,Cloudy,Yard,Yard/switching,8,250,1254,270504,H306,34.249932,-91.938493,41.2,47.6,49.8
UP,1122MA020,2022-11-09,3:45 AM,Other (describe in narrative),0,PINE BLUFF,AR,63,4,Dark,Clear,Yard,Single Car,0,26156,0,26156,M411,34.249473,-91.940023,66.7,69.9,62
UP,0621MA031,2021-06-23,8:26 PM,Derailment,0,PINE BLUFF,AR,83,4,Dark,Clear,Yard,Yard/switching,4,7778,52699,60477,H306,34.244061,-91.946275,73.6,75,83.3
UP,0318LK006,2018-03-03,7:52 PM,Other impacts,0,PINE BLUFF,AR,55,3,Dusk,Clear,Yard,Yard/switching,8,17708,0,329597,H307,34.251062,-91.937929,52.4,50.8,49.9
UP,0124MA037,2024-01-30,4:17 PM,Other impacts,0,PINE BLUFF,AR,74,2,Day,Cloudy,Yard,Yard/switching,10,33754,0,33754,S016,34.244207,-91.94644,46.3,56.9,47.5
UP,1021MA014,2021-10-12,10:00 AM,Derailment,0,PINE BLUFF,AR,74,2,Day,Clear,Yard,Yard/switching,7,79337,3619,82956,M405,34.250082,-91.940827,75.3,70.8,77.5
UP,0918LK006,2018-09-05,8:05 AM,Derailment,0,PINE BLUFF,AR,85,2,Day,Clear,Yard,Cut of cars,0,41204,0,119439,T210,34.236954,-91.951054,80.1,79.1,75.1
UP,1015LK014,2015-10-10,9:25 PM,Derailment,0,PINE BLUFF,AR,68,4,Dark,Cloudy,Siding,Freight Train,30,763,53760,54523,T001,34.28348,-92.07313,69.7,63.4,62.5
UP,0918LK006,2018-09-05,8:05 AM,Derailment,0,PINE BLUFF,AR,85,2,Day,Clear,Yard,Freight Train,9,16403,61832,119439,T210,34.236954,-91.951054,80.1,79.1,75.1
UP,1215LK007,2015-12-11,9:30 PM,Derailment,0,PINE BLUFF,AR,68,4,Dark,Cloudy,Yard,Yard/switching,9,132819,177685,310504,T299,34.244484,-91.945683,55.4,67.1,69.5
UP,0218LK012,2018-02-08,3:26 AM,Derailment,0,PINE BLUFF,AR,28,4,Dark,Cloudy,Yard,Yard/switching,4,72233,76958,149191,T210,34.241779,-91.947076,34.8,36.9,47.4
UP,0621MA012,2021-06-12,8:24 PM,Derailment,0,PINE BLUFF,AR,91,4,Dark,Clear,Yard,Yard/switching,5,164701,106095,270796,T202,34.243148,-91.945251,81.8,86,86.9
UP,0120MA015,2020-01-18,4:55 PM,Derailment,0,PINE BLUFF,AR,62,2,Day,Clear,Main,Freight Train,15,34925,162710,197635,T318,34.22594,-91.998208,43.8,57,40.2
UP,0621MA032,2021-06-24,1:20 AM,Derailment,0,PINE BLUFF,AR,76,4,Dark,Clear,Yard,Yard/switching,7,42125,83435,125560,T111,34.24454,-91.946803,75,83.3,85.5
UP,1217NP014,2017-12-23,5:14 PM,Fire/violent rupture,0,PINE BLUFFS,WY,5,4,Dark,Snow,Main,Freight Train,35,59223,0,59223,E74L,41.148648,-104.17618,16.3,13.3,6.9
UP,0818NP025,2018-08-11,8:49 PM,Other (describe in narrative),0,PINE BLUFFS,WY,85,4,Dark,Clear,Main,Freight Train,45,270902,0,270902,E73L,41.184243,-104.068328,71.2,71.9,70.4
ATK,144392,2016-09-25,10:16 PM,Obstruction,0,PINE CASTLE,FL,85,4,Dark,Clear,Main,Passenger Train - Pulling,58,12961,0,12961,M402,28.471906,-81.369879,82.2,81.5,77.2
NS,134078,2019-05-26,7:15 AM,Other (describe in narrative),0,PINE HALL,NC,84,1,Dawn,Clear,Industry,Freight Train,3,17880,7500,25380,H702,36.276276,-80.076997,80.9,81.7,79.8
AGR,AGR095723,2023-01-30,8:00 PM,Side collision,0,PINE HILL,AL,60,4,Dark,Cloudy,Yard,Freight Train,5,38928,0,41778,H301,31.96746,-87.46995,50.5,60.7,61.7
NS,143262,2021-10-19,3:30 PM,Hwy-rail crossing,0,PINE HILL,AL,75,2,Day,Clear,Main,Freight Train,40,33,35000,35033,M308,31.978978,-87.586838,53.9,57.7,66.9
AGR,AGR095723,2023-01-30,8:00 PM,Side collision,0,PINE HILL,AL,60,4,Dark,Cloudy,Yard,Freight Train,5,2050,800,41778,H301,31.96746,-87.46995,50.5,60.7,61.7
NS,135791,2019-10-09,10:13 PM,Derailment,0,PINE KNOT,KY,60,4,Dark,Clear,Main,Freight Train,40,3500,7685,11185,E33C,36.646561,-84.438396,58.3,62.1,64.4
CSX,000154867,2015-12-03,6:45 AM,Hwy-rail crossing,0,PINEBLUFF,NC,40,1,Dawn,Clear,Siding,Cut of cars,0,677,0,70383,M308,35.096797,-79.45479,59.5,48,42.1
BNSF,PR1123105,2023-11-12,7:15 AM,Derailment,0,PINECLIFFE,CO,42,1,Dawn,Clear,Main,Freight Train,20,1395931,0,1439728,T204,39.931846,-105.428438,41,44.6,42.4
NS,126906,2017-10-05,1:15 PM,Other (describe in narrative),0,PINEVILLE,WV,70,2,Day,Clear,Industry,Freight Train,1,15548,0,15548,M404,37.58,-81.53,59,60.5,63
NS,123588,2017-01-16,7:10 AM,Other impacts,0,PINEVILLE,WV,72,1,Dawn,Cloudy,Industry,Freight Train,2,24586,0,24586,M404,37.547059,-81.501772,43,50.4,53.5
NS,113939,2015-01-20,8:55 PM,Derailment,0,PINEVILLE,WV,47,4,Dark,Clear,Main,Freight Train,18,22000,21500,43500,M201,37.586276,-81.656385,39,39,40.1
NS,127729,2017-12-11,1:52 PM,Derailment,0,PINEVILLE,WV,40,2,Day,Clear,Main,Freight Train,25,7215,7080,14295,E06C,37.595255,-81.648527,29.6,31.9,32.5
CSX,000204923,2022-05-14,3:00 AM,Obstruction,0,PINEVILLE,KY,62,4,Dark,Clear,Main,Maint./inspect Car,22,19469,0,19469,M404,36.718915,-83.637679,69,66.4,68.8
NS,121319,2016-07-19,8:45 PM,Derailment,0,PINEVILLE,NC,85,4,Dark,Clear,Yard,Freight Train,2,21124,800,21924,T102,35.090446,-80.88798,80.3,82.2,82.1
CSX,000147039,2015-05-30,2:30 PM,Derailment,0,PINSON,AL,85,2,Day,Clear,Yard,Yard/switching,7,16695,1556,18251,E02C,33.543695,-86.790082,73.1,76.3,76.7
NS,114640,2015-03-03,1:15 AM,Derailment,0,PIONEER,TN,42,4,Dark,Cloudy,Industry,Freight Train,7,14600,4757,19357,M101,36.393958,-84.281702,41,44.1,53
BNSF,TC0819102,2019-08-09,3:56 PM,Derailment,0,PISEK,ND,77,2,Day,Clear,Main,Freight Train,25,75000,100000,175000,T109,48.286439,-97.701165,62.4,64.5,68.8
UP,0322MA005,2022-03-06,12:51 PM,Derailment,0,PITTSBURG,TX,80,2,Day,Cloudy,Main,Freight Train,42,1191279,985240,2176519,H504,33.039133,-94.972577,68.6,72.2,43.3
KCS,20052102,2020-05-21,1:45 PM,Hwy-rail crossing,0,PITTSBURG,TX,85,2,Day,Cloudy,Main,Freight Train,38,76103,45735,121838,M308,33.000925,-94.959183,70.6,74.6,79.4
UP,0823MA018,2023-08-16,2:02 PM,Derailment,0,PITTSBURG,TX,86,2,Day,Clear,Industry,Freight Train,14,14981,0,14981,H607,32.996254,-94.970866,80.8,76.4,82.5
UP,0816LK015,2016-08-19,4:06 PM,Derailment,0,PITTSBURG,TX,85,2,Day,Cloudy,Industry,Freight Train,3,397121,82350,479471,T110,32.995559,-94.969083,75.2,77.8,76.9
AVR,AVR152211,2015-11-22,4:30 AM,Derailment,0,PITTSBURGH,PA,34,4,Dark,Clear,Siding,,0,0,19150,44150,H099,40.319138,-79.97937,44.4,34.4,30.5
NS,152769,2023-04-08,9:30 AM,Derailment,0,PITTSBURGH,PA,60,2,Day,Clear,Main,Freight Train,4,184246,6001,190247,H518,40.456748,-80.044697,44.3,41.9,48.5
CSX,000157871,2016-03-07,7:40 AM,Fire/violent rupture,0,PITTSBURGH,PA,62,1,Dawn,Clear,Main,Freight Train,30,700000,0,700000,E73L,40.406923,-79.914473,36.8,50.1,59.9
AVR,0514159,2015-05-14,9:55 AM,Derailment,0,PITTSBURGH,PA,60,2,Day,Clear,Yard,Freight Train,0,110000,200,110200,H505,40.420494,-79.949724,49.1,54.2,67.1
AVR,081415115,2015-08-14,6:25 AM,Derailment,0,PITTSBURGH,PA,73,1,Dawn,Clear,Yard,Freight Train,0,24500,0,24500,M202,40.440624,-79.995888,66.8,72.4,75.3
WE,190020,2019-02-14,5:30 PM,Derailment,0,PITTSBURGH,PA,40,2,Day,Clear,Main,Freight Train,10,140,14811,14951,T001,40.295698,-79.97075,28.9,35.5,43.9
NS,130464,2018-08-05,1:02 PM,Derailment,0,PITTSBURGH,PA,80,2,Day,Clear,Main,Freight Train,18,769960,542040,1312000,T207,40.431025,-80.002481,75,74.6,78.4
POHC,POH949321R,2021-12-02,2:10 PM,Derailment,0,PITTSBURGH,PA,53,2,Day,Clear,Industry,Freight Train,2,0,12450,12450,T110,40.444305,-80.079152,41,51.5,39.7
CSX,000169850,2017-06-25,1:59 PM,Derailment,0,PITTSFIELD,MA,73,2,Day,Cloudy,Yard,Freight Train,3,15835,1502,17337,E04C,42.453389,-73.229019,72.1,65.4,60.9
RBMN,L06172401,2024-06-17,7:00 PM,Derailment,0,PITTSTON,PA,96,3,Dusk,Clear,Yard,Freight Train,4,7810,35577,43387,H306,41.351859,-75.797582,66.7,76.8,81.6
RBMN,L03182401,2024-03-18,6:55 PM,Derailment,0,PITTSTON,PA,42,3,Dusk,Cloudy,Main,Freight Train,5,0,58257,58257,T110,41.343187,-75.786468,48.8,37.1,34.7
RBMN,L08162201,2022-08-16,1:10 AM,Derailment,0,PITTSTON,PA,65,4,Dark,Clear,Yard,Freight Train,7,16351,8977,25328,T110,41.362436,-75.803485,71.5,72.8,69
RBMN,L01172402,2024-01-17,6:10 PM,Derailment,0,PITTSTON,PA,11,3,Dusk,Clear,Main,Freight Train,10,18990,27562,46552,T314,41.344905,-75.787896,21.1,14.1,21.1
UP,1222MA013,2022-12-13,8:30 AM,Hwy-rail crossing,0,PLAIN DEALING,LA,61,2,Day,Cloudy,Main,Freight Train,47,9699,25100,34799,M302,32.906729,-93.701092,56.6,62.8,55.7
UP,0215LK008,2015-02-10,10:28 AM,Hwy-rail crossing,0,PLAIN DEALING,LA,51,2,Day,Clear,Main,Freight Train,48,16285,1650,17935,M308,32.943181,-93.690366,58.9,49.5,52.9
UP,1015LK017,2015-10-12,1:29 PM,Hwy-rail crossing,0,PLAIN DEALING,LA,87,2,Day,Clear,Main,Freight Train,43,12821,2286,15107,M302,32.919382,-93.699516,68.9,80.6,76.5
WC,1700952,2024-08-05,5:24 PM,Hwy-rail crossing,0,PLAINFIELD,IL,82,2,Day,Rain,Main,Freight Train,15,0,40000,40000,M308,41.61388,-88.2,78.7,78.6,71.7
WC,1056007,2020-12-05,3:30 PM,Derailment,0,PLAINFIELD,IL,40,2,Day,Clear,Main,,0,0,10053,10053,M503,41.60888,-88.1925,35.9,32.2,34.3
WC,927769,2017-06-30,6:51 PM,Derailment,5,PLAINFIELD,IL,72,3,Dusk,Clear,Main,Freight Train,40,3787440,257573,4045013,M506,41.564272,-88.096804,74.8,74.1,73.9
WC,1058952,2021-01-15,6:09 PM,Hwy-rail crossing,0,PLAINFIELD,IL,50,4,Dark,Fog,Main,Freight Train,34,0,28247,28247,M308,41.61388,-88.2,34.4,32.1,32.4
IC,916280,2017-03-16,9:10 AM,Hwy-rail crossing,0,PLAINFIELD,IL,35,2,Day,Clear,Main,Freight Train,37,75,20335,20410,M308,41.680203,-88.234143,24.4,30.5,41
MRL,2020051,2020-05-27,4:15 PM,Obstruction,0,PLAINS,MT,80,2,Day,Clear,Industry,Spec. MoW Equip.,0,40000,0,40000,H499,47.522141,-114.994209,45.6,49,55.1
MRL,2020051,2020-05-27,4:15 PM,Obstruction,0,PLAINS,MT,80,2,Day,Clear,Main,Freight Train,9,0,0,40000,H499,47.522141,-114.994209,45.6,49,55.1
RBMN,L08222304,2023-08-22,7:50 PM,Derailment,0,PLAINS,PA,78,3,Dusk,Clear,Main,Freight Train,30,24745,48818,73563,T101,41.262047,-75.787679,72.9,68.1,65.4
ATK,145918,2017-01-13,12:26 PM,Other (describe in narrative),0,PLAINSBORO,NJ,45,2,Day,Clear,Main,Passenger Train - Pulling,0,23013,1000,24013,E78L,40.338129,-74.596498,58.1,47.3,31.1
ATK,177992,2024-01-12,8:15 AM,Other (describe in narrative),0,PLAINSBORO,NJ,46,2,Day,Cloudy,Main,Passenger Train - Pulling,108,20249,0,20249,E78L,40.34792,-74.58375,41.6,39.7,47.9
BNSF,RD0720109,2020-07-17,12:55 AM,Derailment,0,PLAINVIEW,TX,90,4,Dark,Clear,Industry,Freight Train,9,151350,0,151350,H704,34.178915,-101.617677,83.3,85.4,84.8
BNSF,RD0524107,2024-05-06,1:00 PM,Derailment,0,PLAINVIEW,TX,80,2,Day,Clear,Yard,Freight Train,7,1000,15604,16604,M503,34.194363,-101.704134,59.9,72.1,66.5
BNSF,RD0819111,2019-08-09,6:35 AM,Derailment,0,PLAINVIEW,TX,81,1,Dawn,Clear,Siding,Freight Train,6,1000,20534,21534,H607,34.291118,-101.721954,80.8,82.7,83.1
BNSF,TC0123201,2023-01-04,6:30 PM,Hwy-rail crossing,0,PLAINVIEW,NE,25,3,Dusk,Clear,Main,Freight Train,10,12000,0,12000,M306,42.34969,-97.7763,27.5,26,23.6
BNSF,TC0822204,2022-08-17,11:30 AM,Hwy-rail crossing,0,PLAINVIEW,NE,82,2,Day,Clear,Main,Freight Train,10,25000,0,25000,M302,42.34949,-97.7779,68.3,70.2,74.9
BNSF,RD0118107,2018-01-08,11:07 PM,Derailment,0,PLAINVIEW,TX,45,4,Dark,Clear,Yard,Freight Train,4,129991,46000,175991,T220,34.193813,-101.701342,46.5,41.2,52.7
BNSF,RD0522106,2022-05-07,4:40 AM,Derailment,0,PLAINVIEW,TX,75,1,Dawn,Clear,Industry,Freight Train,5,25200,7000,32200,T319,34.12136,-101.758754,68.2,75.9,80.6
BNSF,RD0818108,2018-08-07,7:00 PM,Derailment,0,PLAINVIEW,TX,90,3,Dusk,Clear,Industry,Freight Train,9,174641,0,174641,T111,34.244817,-101.702784,78.4,78.9,76.4
NS,131499,2018-10-31,7:20 AM,Hwy-rail crossing,0,PLAINVILLE,GA,52,1,Dawn,Clear,Main,Freight Train,29,64,31657,31721,M303,34.402503,-85.038616,53.2,61.5,64.1
CSX,000219495,2024-06-20,8:30 PM,Obstruction,0,PLAISTOW,NH,75,4,Dark,Rain,Main,,0,0,0,27604,M404,42.847774,-71.086642,82.6,82.6,72.8
ATK,180793,2024-06-20,8:30 PM,Obstruction,0,PLAISTOW,NH,75,4,Dark,Clear,Main,Passenger Train - Pushing,72,27604,0,27604,M404,42.84751,-71.08691,82.6,82.6,72.8
LI,74358,2021-03-25,1:50 PM,Obstruction,0,PLANDOME,NY,0,2,Day,Cloudy,Main,EMU,30,36320,0,36320,M404,40.811282,-73.695135,49,54.7,61.4
KCS,18061701,2018-06-17,10:45 AM,Derailment,0,PLANO,TX,82,2,Day,Clear,Main,Spec. MoW Equip.,0,12988,0,12988,H999,33.009798,-96.706479,86.1,84.7,82.4
BNSF,CH0421102,2021-04-06,6:14 AM,Derailment,0,PLANO,IL,60,1,Dawn,Clear,Main,Freight Train,29,21600,1000,22600,E33C,41.670025,-88.5032,64.6,66.5,64.2
BNSF,CH0416102,2016-04-09,7:00 AM,Derailment,0,PLANO,IL,24,1,Dawn,Clear,Main,Freight Train,34,48343,121283,169626,E53C,41.647845,-88.599579,37.1,31.7,42.4
ATK,142222,2016-05-03,12:50 PM,Hwy-rail crossing,0,PLANT CITY,FL,82,2,Day,Clear,Main,Passenger Train - Pulling,70,15066,0,15212,M302,27.997755,-82.204376,81.1,81.1,71.5
CSX,000159507,2016-05-03,12:50 PM,Hwy-rail crossing,0,PLANT CITY,FL,85,2,Day,Clear,Main,,0,0,146,15212,M302,28.020007,-82.095781,81.1,81.1,71.5
CSX,000206070,2022-07-12,8:30 AM,Derailment,0,PLANT CITY,FL,85,2,Day,Clear,Industry,Freight Train,5,8155,3912,12067,M501,28.011698,-82.143706,83.3,86.1,85
UP,0321HO009,2021-03-08,7:37 AM,Hwy-rail crossing,0,PLANTERSVILLE,TX,38,1,Dawn,Clear,Main,Freight Train,43,14646,0,14646,M302,30.337113,-95.890227,53.8,56.2,64.8
UP,0217LV009,2017-02-06,12:05 PM,Hwy-rail crossing,0,PLAQUEMINE,LA,74,2,Day,Cloudy,Main,Freight Train,35,12170,400,12570,M303,30.313238,-91.248914,63.8,68.9,70.8
WATX,240123004,2024-01-23,3:20 PM,Other impacts,0,PLAQUEMINE,LA,61,2,Day,Clear,Yard,Yard/switching,3,22832,0,26153,H302,30.332062,-91.246156,52.9,63.4,66.4
WATX,240123004,2024-01-23,3:20 PM,Other impacts,0,PLAQUEMINE,LA,61,2,Day,Clear,Yard,Cut of cars,0,3321,0,26153,H302,30.332062,-91.246156,52.9,63.4,66.4
WIRS,240526001,2024-05-26,11:30 AM,Other impacts,0,PLAQUEMINE,LA,85,2,Day,Clear,Yard,Cut of cars,0,9080,0,48116,H301,30.324441,-91.250189,84.7,84.2,87
WIRS,240526001,2024-05-26,11:30 AM,Other impacts,0,PLAQUEMINE,LA,85,2,Day,Clear,Yard,Yard/switching,3,39036,0,48116,H301,30.324441,-91.250189,84.7,84.2,87
UP,0822GC027,2022-08-30,10:07 AM,Other (describe in narrative),0,PLAQUEMINE,LA,80,2,Day,Clear,Industry,Single Car,0,20685,0,20685,M501,30.240711,-91.196325,81,81,82.5
UP,1021ES055,2021-10-25,12:23 PM,Hwy-rail crossing,0,PLAQUEMINE,LA,82,2,Day,Clear,Industry,Spec. MoW Equip.,5,39044,33,39077,M302,30.238278,-91.203884,74.4,74.4,71.6
UP,0717DV004,2017-07-08,10:35 AM,Hwy-rail crossing,0,PLATTEVILLE,CO,75,2,Day,Clear,Main,Freight Train,43,47610,150,47760,M303,40.24582,-104.816586,72.8,75.4,76.2
UP,1219GP005,2019-12-04,5:24 AM,Hwy-rail crossing,0,PLATTEVILLE,CO,23,1,Dawn,Cloudy,Main,Freight Train,57,1100616,192674,1293290,M304,40.202966,-104.819916,36.5,29.9,34.7
UP,0419GP007,2019-04-03,8:15 AM,Hwy-rail crossing,0,PLATTEVILLE,CO,37,2,Day,Cloudy,Main,Freight Train,46,63053,99,63152,M303,40.260846,-104.799834,45.3,49.1,49.4
BNSF,HL0319125,2019-03-16,12:13 PM,Other (describe in narrative),0,PLATTSMOUTH,NE,55,2,Day,Rain,Main,Freight Train,0,500000,0,500000,M103,41.04882,-95.929639,36.7,39.6,37.2
UP,0223HL011,2023-02-07,9:24 AM,Hwy-rail crossing,0,PLEASANT HILL,MO,39,2,Day,Clear,Main,,0,0,198,24477,M302,38.81736,-94.29816,52.5,42.9,36.4
ATK,173699,2023-02-07,9:24 AM,Hwy-rail crossing,0,PLEASANT HILL,MO,35,2,Day,Clear,Main,Passenger Train - Pulling,58,24279,0,24477,M302,38.817418,-94.298162,52.5,42.9,36.4
BNSF,CH0824201,2024-08-01,12:45 PM,Hwy-rail crossing,0,PLEASANT VALLEY,IA,82,2,Day,Clear,Main,Freight Train,30,20000,0,20030,M302,41.567828,-90.42634,77.1,77.5,76.6
CPKC,1002146114,2024-08-01,12:20 PM,Hwy-rail crossing,0,PLEASANT VALLEY,IA,82,2,Day,Clear,Main,,0,0,30,20030,M302,41.567392,-90.427805,77.1,77.5,76.6
UP,0119SX014,2019-01-16,1:37 PM,Hwy-rail crossing,0,PLEASANTON,TX,54,2,Day,Cloudy,Main,Freight Train,51,16254,132,16386,M304,29.003234,-98.478363,47.7,52.8,56.2
UP,0515SA008,2015-05-15,2:18 AM,Derailment,0,PLEASANTON,TX,65,4,Dark,Cloudy,Main,Freight Train,37,1437445,38460,1475905,T102,28.999669,-98.478719,74.2,71.8,76.8
UP,0623HL015,2023-06-20,1:49 PM,Hwy-rail crossing,0,PLEASANTVILLE,IA,82,2,Day,Clear,Main,Freight Train,46,20788,0,20788,M304,41.345491,-93.290989,74.8,76,75.9
UP,0519PN028,2019-05-26,10:45 AM,Derailment,0,PLUMMER,ID,55,2,Day,Clear,Industry,Work train,6,37241,11045,48286,T199,47.333488,-116.881469,55.6,59.4,62.6
CSX,000180001,2018-11-24,7:58 PM,Derailment,0,PLYMOUTH,MI,44,3,Dusk,Cloudy,Yard,Freight Train,6,12068,200,12268,M503,42.380528,-83.432795,37,46.1,44.6
BNSF,NW0617201,2017-06-21,2:25 PM,Hwy-rail crossing,0,PLYMOUTH,WA,88,2,Day,Clear,Main,Freight Train,58,67500,0,67500,M302,45.927633,-119.413923,78.4,71.7,67.1
BNSF,NW0617201,2017-06-21,2:25 PM,Hwy-rail crossing,0,PLYMOUTH,WA,88,2,Day,Clear,Main,Freight Train,58,67500,0,67500,M302,45.927633,-119.413923,78.4,71.7,67.1
BNSF,CH1016203,2016-10-25,1:00 PM,Hwy-rail crossing,0,PLYMOUTH,IL,65,2,Day,Clear,Main,Maint./inspect Car,5,80000,0,80000,M302,40.309218,-90.907459,51.4,51.2,55.6
WE,150159,2015-12-10,11:30 PM,Derailment,0,PLYMOUTH,OH,40,4,Dark,Clear,Main,Freight Train,39,165923,493491,659414,T222,40.988447,-82.7178,44.8,45.8,50.9
UP,0115NP010,2015-01-08,3:30 AM,Derailment,0,PLYMOUTH,NE,-4,4,Dark,Clear,Industry,Yard/switching,10,7816,10490,18306,H022,40.303831,-96.984613,5.9,18.2,12.5
UP,0221GP036,2021-02-23,7:30 AM,Derailment,0,PLYMOUTH,NE,31,1,Dawn,Clear,Industry,Freight Train,2,127994,58878,186872,T111,40.29191,-96.995853,35.9,41.7,34.9
CP,1001445633,2021-03-07,12:50 PM,Derailment,0,PLYMOUTH,MN,60,2,Day,Clear,Main,Freight Train,31,219751,25778,245529,T109,45.046998,-93.447255,35.4,45.7,46.1
CSX,000190491,2020-05-29,1:03 AM,Hwy-rail crossing,0,POCAHONTAS,IL,67,4,Dark,Cloudy,Main,Freight Train,48,590,47000,47590,M303,38.80834,-89.56482,69.4,68.5,64.4
NS,129959,2018-06-25,12:06 PM,Derailment,0,POCAHONTAS,VA,80,2,Day,Clear,Main,Freight Train,5,862,64679,65541,T311,37.288209,-81.313486,70.3,66.3,64.6
UP,0617FW021,2017-06-21,10:20 AM,Derailment,0,POCASSET,OK,90,2,Day,Clear,Industry,Cut of cars,5,57701,9594,67295,H513,35.198795,-97.951305,79.4,81.4,79.5
UP,0317WH007,2017-03-14,9:50 AM,Hwy-rail crossing,0,POCASSET,OK,45,2,Day,Clear,Main,Freight Train,29,34103,0,34103,M302,35.188122,-97.950639,42.7,40.8,43.7
UP,0816PC001,2016-08-02,5:00 PM,Derailment,0,POCATELLO,ID,90,2,Day,Clear,Yard,Yard/switching,4,10080,82200,92280,H702,42.873966,-112.46067,77.2,74.8,71.4
UP,0823RM010,2023-08-08,6:59 PM,Other impacts,0,POCATELLO,ID,76,3,Dusk,Clear,Yard,Yard/switching,5,7982,150,19992,H021,42.857142,-112.441363,65.3,63.2,66.3
UP,1217UT003,2017-12-04,5:40 PM,Other impacts,0,POCATELLO,ID,26,4,Dark,Cloudy,Yard,Cut of cars,3,18909,0,19909,H318,42.856785,-112.441032,39.6,26.3,24.3
UP,0719RM008,2019-07-11,12:55 AM,Derailment,0,POCATELLO,ID,76,4,Dark,Clear,Yard,Yard/switching,10,115795,114881,230676,H306,42.878098,-112.465858,68.5,71.4,73.3
UP,0718UT026,2018-07-25,1:30 PM,Derailment,0,POCATELLO,ID,94,2,Day,Clear,Yard,Yard/switching,3,165661,14490,180151,E07C,42.853598,-112.437139,78.1,79.3,76.5
UP,0520ME011,2020-05-14,9:43 AM,Other (describe in narrative),0,POCATELLO,ID,51,2,Day,Clear,Yard,Light loco(s),7,0,12312,12312,H307,42.868594,-112.45436,50,49.1,50.7