reportingrailroadcode,accidentnumber,date,time,accidenttype,hazmatreleasedcars,station,stateabbr,temperature,visibility_code,visibility,weathercondition,tracktype,equipmenttype,trainspeed,equipmentdamagecost,trackdamagecost,totaldamagecost,primaryaccidentcausecode,latitude,longitude,prior_temp,actual_temp,following_temp
UP,1220RM022,2020-12-25,6:20 PM,Derailment,0,POCATELLO,ID,35,3,Dusk,Cloudy,Yard,Yard/switching,5,3619,9856,13475,E40C,42.873498,-112.460214,25,21.1,28.3
UP,1120RM022,2020-11-17,7:20 PM,Obstruction,0,POCATELLO,ID,60,3,Dusk,Cloudy,Yard,Yard/switching,6,135306,13978,149284,M409,42.856195,-112.440516,32.3,36.2,38.8
UP,0121RM014,2021-01-11,1:45 PM,Derailment,0,POCATELLO,ID,30,2,Day,Clear,Yard,Freight Train,3,47132,46030,93162,H702,42.837872,-112.420574,24.7,23.6,24
UP,0123RM038,2023-01-29,10:25 PM,Other impacts,0,POCATELLO,ID,1,4,Dark,Clear,Yard,Yard/switching,6,392223,31729,674271,H702,42.862707,-112.447594,16.9,2.1,0.2
UP,0123RM038,2023-01-29,10:25 PM,Other impacts,0,POCATELLO,ID,1,4,Dark,Clear,Yard,Yard/switching,0,218131,0,674271,H702,42.862707,-112.447594,16.9,2.1,0.2
UP,0122RM044,2022-01-30,10:30 PM,Derailment,0,POCATELLO,ID,6,4,Dark,Clear,Industry,Freight Train,4,11210,396,11606,M101,42.905338,-112.553212,15.2,14.3,13.5
UP,0622RM017,2022-06-10,6:23 AM,Derailment,0,POCATELLO,ID,59,1,Dawn,Cloudy,Main,Freight Train,0,2031,0,1430122,M204,42.827427,-112.409665,64.5,68.4,67.8
UP,0622RM022,2022-06-14,1:30 AM,Derailment,0,POCATELLO,ID,47,4,Dark,Clear,Yard,Yard/switching,3,16546,9186,25732,H307,42.843768,-112.427012,53.9,52.2,55.3
UP,0323RM025,2023-03-16,10:57 AM,Derailment,0,POCATELLO,ID,28,2,Day,Clear,Yard,Yard/switching,8,11259,92306,103565,H703,42.86862,-112.4548,30.8,25.1,25.3
UP,0323RM050,2023-03-27,6:00 AM,Derailment,0,POCATELLO,ID,20,1,Dawn,Snow,Main,Freight Train,4,165788,35806,403558,M405,42.896561,-112.493171,25.7,22.9,27.9
UP,0115PC004,2015-01-24,12:40 PM,Derailment,0,POCATELLO,ID,40,2,Day,Clear,Yard,Yard/switching,6,31931,16500,48431,H702,42.859887,-112.445628,24.3,29.4,32.4
UP,0523RM031,2023-05-29,6:40 PM,Derailment,0,POCATELLO,ID,64,3,Dusk,Cloudy,Yard,Yard/switching,5,30349,6766,37115,E64C,42.866283,-112.452586,63.4,63.2,62
UP,0622RM017,2022-06-10,6:23 AM,Derailment,0,POCATELLO,ID,59,1,Dawn,Cloudy,Main,Freight Train,27,822742,605349,1430122,M204,42.827427,-112.409665,64.5,68.4,67.8
UP,0723RM025,2023-07-17,5:10 PM,Hwy-rail crossing,0,POCATELLO,ID,89,2,Day,Clear,Main,Freight Train,50,9308,0,9308,M302,42.90975,-112.524131,73.2,71.7,71.2
UP,1115PC007,2015-11-16,11:35 PM,Derailment,0,POCATELLO,ID,24,4,Dark,Clear,Yard,Freight Train,10,10952,8970,19922,S011,42.879988,-112.468048,38.1,30.5,32.5
UP,0619RM014,2019-06-14,11:59 AM,Derailment,0,POCATELLO,ID,75,2,Day,Clear,Yard,Yard/switching,9,873,48966,49839,H503,42.849892,-112.432008,68.4,65.7,65.4
UP,0215PC005,2015-02-17,9:25 AM,Derailment,0,POCATELLO,ID,34,2,Day,Clear,Yard,Yard/switching,8,14110,149461,163571,T221,42.862184,-112.448291,32.7,29.9,37.3
UP,0517UT017,2017-05-23,9:00 PM,Fire/violent rupture,0,POCATELLO,ID,72,4,Dark,Clear,Main,Freight Train,10,41865,0,41865,E73L,42.859673,-112.723934,60.2,61.4,66
UP,0515PC007,2015-05-29,3:45 AM,Derailment,0,POCATELLO,ID,48,4,Dark,Clear,Yard,Freight Train,5,27408,1250,28658,H702,42.84406,-112.428862,55.9,60,64.9
UP,0923RM022,2023-09-21,2:12 PM,Derailment,0,POCATELLO,ID,48,2,Day,Cloudy,Yard,Freight Train,5,22512,19485,41997,H702,42.875552,-112.461882,54.8,48.1,48.8
UP,0723RM001,2023-07-01,7:45 PM,Derailment,0,POCATELLO,ID,92,3,Dusk,Clear,Yard,Yard/switching,5,26961,4716,31677,E51C,42.860364,-112.445277,70.2,72.5,71.7
UP,0823RM010,2023-08-08,6:59 PM,Other impacts,0,POCATELLO,ID,76,3,Dusk,Clear,Yard,Cut of cars,5,11860,0,19992,H021,42.857142,-112.441363,65.3,63.2,66.3
UP,0617UT013,2017-06-15,5:15 PM,Other impacts,0,POCATELLO,ID,76,2,Day,Clear,Yard,Cut of cars,0,3026,0,16267,H306,42.862689,-112.447621,59.1,64,66.2
UP,0723RM021,2023-07-16,9:30 AM,Other impacts,0,POCATELLO,ID,67,2,Day,Clear,Yard,Cut of cars,3,14361,0,16976,H018,42.842474,-112.425419,69.3,73.2,71.7
UP,1023RM011,2023-10-17,6:31 PM,Other impacts,0,POCATELLO,ID,68,3,Dusk,Clear,Yard,Yard/switching,0,17232,0,17467,H318,42.866084,-112.452293,51.2,53.4,53.7
UP,1023RM011,2023-10-17,6:31 PM,Other impacts,0,POCATELLO,ID,68,3,Dusk,Clear,Yard,Cut of cars,2,235,0,17467,H318,42.866084,-112.452293,51.2,53.4,53.7
UP,0323RM050,2023-03-27,6:00 AM,Derailment,0,POCATELLO,ID,20,1,Dawn,Snow,Main,Freight Train,4,166158,35806,403558,M405,42.896561,-112.493171,25.7,22.9,27.9
UP,1223RM011,2023-12-14,2:31 PM,Derailment,0,POCATELLO,ID,30,2,Day,Cloudy,Yard,Yard/switching,7,11408,4814,16222,H306,42.866283,-112.452586,27.9,28.5,23.3
UP,0516PC002,2016-05-14,11:15 AM,Derailment,0,POCATELLO,ID,70,2,Day,Cloudy,Yard,Yard/switching,6,4819,10000,14819,E21C,42.856691,-112.44094,63.3,60.8,54.5
UP,0524RM005,2024-05-07,7:35 AM,Derailment,0,POCATELLO,ID,38,2,Day,Sleet,Yard,Yard/switching,3,35792,4718,40510,E44C,42.847153,-112.430047,46.5,42.2,44.5
UP,0723RM021,2023-07-16,9:30 AM,Other impacts,0,POCATELLO,ID,67,2,Day,Clear,Yard,Freight Train,0,2615,0,16976,H018,42.842474,-112.425419,69.3,73.2,71.7
UP,0617UT013,2017-06-15,5:15 PM,Other impacts,0,POCATELLO,ID,76,2,Day,Clear,Yard,Yard/switching,4,9499,1364,16267,H306,42.862689,-112.447621,59.1,64,66.2
UP,0724RM021,2024-07-17,6:30 PM,Derailment,0,POCATELLO,ID,84,3,Dusk,Cloudy,Yard,Yard/switching,5,43061,242881,285942,E76L,42.858162,-112.443316,75,73.9,75.8
UP,0724RM012,2024-07-12,9:40 PM,Derailment,0,POCATELLO,ID,92,4,Dark,Clear,Yard,Yard/switching,4,243026,14960,257986,E39C,42.872743,-112.459819,75.9,74.6,72.7
UP,0318UT017,2018-03-15,9:20 PM,Derailment,0,POCATELLO,ID,30,4,Dark,Clear,Yard,Yard/switching,3,7517,4776,12293,M404,42.86627,-112.452548,42.2,38,39
UP,0418UT019,2018-04-22,11:55 PM,Derailment,0,POCATELLO,ID,50,4,Dark,Rain,Yard,Yard/switching,6,7201,5049,12250,H702,42.858162,-112.443316,56.9,57.6,46.6
UP,0419RM034,2019-04-24,10:04 AM,Hwy-rail crossing,0,POCATELLO,ID,56,2,Day,Clear,Main,Light loco(s),35,29264,2215,31479,M304,42.863846,-112.450124,54,59,53.8
UP,1217UT021,2017-12-17,8:00 AM,Derailment,0,POCATELLO,ID,25,2,Day,Clear,Yard,Yard/switching,4,86885,22642,109527,H702,42.854891,-112.438959,26.4,25.2,34.6
UP,1223RM015,2023-12-19,11:29 PM,Derailment,0,POCATELLO,ID,34,4,Dark,Cloudy,Yard,Yard/switching,7,45810,21192,67002,T403,42.866084,-112.452293,25.4,30.8,30
UP,0121RM033,2021-01-28,8:15 PM,Derailment,0,POCATELLO,ID,44,4,Dark,Clear,Yard,Yard/switching,10,1189,43661,44850,T202,42.861414,-112.446752,20.9,38.1,32.8
UP,0718UT007,2018-07-06,2:25 PM,Derailment,0,POCATELLO,ID,90,2,Day,Clear,Yard,Yard/switching,7,150,11186,11336,T311,42.85285,-112.436244,74.1,77,76.1
UP,0620RM030,2020-06-21,6:30 AM,Derailment,0,POCATELLO,ID,62,1,Dawn,Cloudy,Yard,Yard/switching,4,38590,7690,46280,T309,42.84396,-112.427291,63.2,63.7,67.7
UP,0715PC003,2015-07-19,9:36 AM,Derailment,0,POCATELLO,ID,72,2,Day,Clear,Yard,Freight Train,6,2388,21891,24279,T319,42.865496,-112.449303,63.4,66.1,67.5
UP,0520RM011,2020-05-10,6:17 PM,Derailment,0,POCATELLO,ID,80,3,Dusk,Clear,Yard,Yard/switching,7,47695,9746,57441,T309,42.877088,-112.464845,49.8,50.9,54.5
UP,0718UT028,2018-07-25,8:45 PM,Derailment,0,POCATELLO,ID,70,4,Dark,Clear,Yard,Yard/switching,10,4131,40094,44225,T113,42.877838,-112.463964,78.1,79.3,76.5
UP,0615PC010,2015-06-29,11:50 PM,Derailment,0,POCATELLO,ID,75,4,Dark,Rain,Yard,Yard/switching,4,60554,22729,83283,T111,42.860831,-112.445076,79,81.2,78.7
UP,0421RM034,2021-04-30,9:26 PM,Derailment,0,POCATELLO,ID,78,4,Dark,Cloudy,Yard,Yard/switching,9,5556,67865,73421,T206,42.862888,-112.447056,55.5,64.8,58.1
UP,0116PC011,2016-01-30,11:00 PM,Derailment,0,POCATELLO,ID,21,4,Dark,Clear,Yard,Yard/switching,5,10816,4222,15038,T210,42.871677,-112.45838,36.4,30.2,23
UP,0124RM012,2024-01-17,7:05 PM,Derailment,0,POCATELLO,ID,32,3,Dusk,Sleet,Yard,Freight Train,5,33509,3095,36604,T207,42.831987,-112.414663,1,15.2,32.9
UP,0717UT003,2017-07-06,1:40 AM,Derailment,0,POCATELLO,ID,65,4,Dark,Clear,Yard,Yard/switching,6,5046,36354,41400,T399,42.860365,-112.444951,78.8,76.4,77.3
UP,0622RM002,2022-06-02,4:11 AM,Derailment,0,POCATELLO,ID,53,1,Dawn,Cloudy,Yard,Freight Train,6,266905,216298,483203,T111,42.847518,-112.43246,54.6,60.2,63.2
UP,0523RM016,2023-05-16,8:45 PM,Derailment,0,POCATELLO,ID,73,4,Dark,Cloudy,Main,Freight Train,24,673474,308582,982056,T001,42.827326,-112.409519,64,61.5,57.5
UP,0422RM002,2022-04-04,9:29 PM,Derailment,0,POCATELLO,ID,51,4,Dark,Cloudy,Yard,Yard/switching,9,3422,8000,11422,T207,42.8798,-112.467801,40.4,44.1,38.4
UP,0320RM009,2020-03-07,1:35 PM,Fire/violent rupture,0,POINT OF ROCKS,WY,44,2,Day,Clear,Main,Freight Train,30,326281,0,326281,E73L,41.678238,-108.787712,38.6,43.5,35.8
CSX,000168816,2017-05-05,8:30 PM,Derailment,0,POINT OF ROCKS,MD,73,4,Dark,Cloudy,Main,,0,0,0,500000,M404,39.308691,-77.560083,56,64.9,55.2
MACZ,1705052030,2017-05-05,8:30 PM,Derailment,0,POINT OF ROCKS,MD,60,3,Dusk,Clear,Main,Commuter Train - Pulling,38,500000,0,500000,M404,39.274399,-77.543612,56,64.9,55.2
NJTR,202409445,2024-08-10,12:40 PM,Fire/violent rupture,0,POINT PLEASANT,NJ,80,2,Day,Clear,Main,Commuter Train - Pulling,10,66079,0,66079,E99C,40.084821,-74.047129,78.6,79,74.5
IC,1142881,2023-12-27,1:25 PM,Derailment,0,POLK,TN,48,2,Day,Clear,Main,Freight Train,4,107920,166500,274420,H303,36.249018,-89.120182,55.9,49.2,41
UP,0615KC017,2015-06-20,5:17 AM,Derailment,0,POLO,MO,80,1,Dawn,Clear,Main,Work train,6,27081,0,27081,M506,39.63006,-93.965946,74.7,81.9,76.7
UP,0318KC023,2018-03-15,9:30 AM,Derailment,0,POLO,MO,50,2,Day,Clear,Main,Spec. MoW Equip.,3,159,11764,11923,H702,39.59183,-94.012033,43.1,56.6,45.8
GRNW,200618003,2020-06-18,8:30 PM,Derailment,0,POMEROY,WA,72,3,Dusk,Clear,Industry,Freight Train,4,16240,6590,22830,H503,46.631844,-117.80247,60.4,65.6,69.4
BLF,20210095,2021-11-17,7:30 PM,Obstruction,0,POMPANO,FL,71,3,Dusk,Clear,Main,Passenger Train - Pulling,74,15208,0,15308,M402,26.2603,-80.117897,72.4,78.1,78.7
FEC,D40090618,2018-09-06,12:30 PM,Derailment,0,POMPANO,FL,90,2,Day,Clear,Industry,Yard/switching,6,2607,11615,14222,T111,26.242576,-80.139366,83.9,83.9,80.6
FEC,X01010420,2020-01-04,8:06 AM,Hwy-rail crossing,0,POMPANO BEACH,FL,80,2,Day,Clear,Main,,0,0,656,17350,M308,26.15375,-80.0704,78.4,78.1,62.6
BLF,20190151,2019-04-02,3:00 PM,Hwy-rail crossing,0,POMPANO BEACH,FL,89,2,Day,Cloudy,Main,Passenger Train - Pulling,79,10793,0,11205,M308,26.234206,-80.125141,76.4,76.7,75.9
BLF,20190162,2019-04-12,11:59 AM,Other (describe in narrative),0,POMPANO BEACH,FL,80,2,Day,Clear,Main,Passenger Train - Pulling,79,15325,0,15325,M599,26.203612,-80.132372,76.9,79.8,80.8
BLF,20200004,2020-01-04,8:06 AM,Hwy-rail crossing,0,POMPANO BEACH,FL,80,2,Day,Clear,Main,Passenger Train - Pulling,79,16694,0,17350,M308,26.15375,-80.0704,78.4,78.1,62.6
BLF,20220523,2022-05-31,4:16 PM,Other (describe in narrative),0,POMPANO BEACH,FL,82,2,Day,Clear,Main,Passenger Train - Pulling,79,15436,0,15436,M599,26.260778,-80.117568,80.1,80.7,80.6
BLF,20200066,2020-02-18,10:15 AM,Hwy-rail crossing,0,POMPANO BEACH,FL,80,2,Day,Clear,Main,Passenger Train - Pulling,78,66998,0,67371,M308,26.234183,-80.125086,75.7,78.2,78.9
BLF,20220452,2022-05-02,5:41 AM,Hwy-rail crossing,0,POMPANO BEACH,FL,75,4,Dark,Clear,Main,Passenger Train - Pulling,79,67510,0,67664,M308,26.236923,-80.124311,78.7,79.9,79.6
SFRV,03242019,2019-03-24,10:24 AM,Hwy-rail crossing,0,POMPANO BEACH,FL,76,2,Day,Clear,Main,Commuter Train - Pulling,70,18000,28698,46698,M302,26.135535,-80.083698,68.1,75.2,76.1
FEC,X16031720,2020-03-17,11:09 AM,Hwy-rail crossing,0,POMPANO BEACH,FL,78,2,Day,Clear,Main,,0,0,499,24355,M308,26.236923,-80.124311,76.7,77.6,76.9
FEC,X20050222,2022-05-02,5:41 AM,Hwy-rail crossing,0,POMPANO BEACH,FL,75,4,Dark,Clear,Main,,0,0,154,67664,M308,26.236923,-80.124311,78.7,79.9,79.6
SFRV,12272019,2019-12-27,11:08 PM,Hwy-rail crossing,0,POMPANO BEACH,FL,88,4,Dark,Cloudy,Main,,0,0,24265,28422,M303,26.274848,-80.134276,75.9,76.6,77.4
BLF,20210065,2021-11-08,10:18 AM,Hwy-rail crossing,0,POMPANO BEACH,FL,75,2,Day,Clear,Main,Passenger Train - Pulling,79,17154,0,17344,M308,26.234183,-80.125086,65.5,69,71.2
FEC,X17040219,2019-04-02,3:00 PM,Hwy-rail crossing,0,POMPANO BEACH,FL,89,2,Day,Cloudy,Main,,0,0,412,11205,M308,26.234206,-80.125141,76.4,76.7,75.9
CSX,000187593,2019-12-27,11:08 PM,Hwy-rail crossing,0,POMPANO BEACH,FL,88,4,Dark,Cloudy,Main,Freight Train,50,4157,0,28422,M303,26.274848,-80.134276,75.9,76.6,77.4
FEC,T12041219,2019-04-12,11:59 AM,Other (describe in narrative),0,POMPANO BEACH,FL,80,2,Day,Clear,Main,,0,0,0,15325,M599,26.203612,-80.132372,76.9,79.8,80.8
FEC,T20053122,2022-05-31,4:16 PM,Other (describe in narrative),0,POMPANO BEACH,FL,82,2,Day,Clear,Main,,0,0,0,15436,M599,26.260778,-80.117568,80.1,80.7,80.6
FEC,D18032723,2023-03-27,6:00 AM,Derailment,0,POMPANO BEACH,FL,75,1,Dawn,Clear,Industry,Yard/switching,2,8777,10026,18803,M501,26.240135,-80.139409,79.9,80.1,78
FEC,X20110821,2021-11-08,10:18 AM,Hwy-rail crossing,0,POMPANO BEACH,FL,75,2,Day,Clear,Main,,0,0,190,17344,M308,26.234183,-80.125086,65.5,69,71.2
FEC,D83A111721,2021-11-17,7:30 PM,Obstruction,0,POMPANO BEACH,FL,71,3,Dusk,Clear,Main,,0,0,100,15308,M402,26.2603,-80.117897,72.4,78.1,78.7
BLF,20200110,2020-03-17,11:09 AM,Hwy-rail crossing,0,POMPANO BEACH,FL,78,2,Day,Clear,Main,Passenger Train - Pulling,50,23856,0,24355,M308,26.236923,-80.124311,76.7,77.6,76.9
FEC,X01010823,2023-01-08,6:39 PM,Hwy-rail crossing,0,POMPANO BEACH,FL,76,4,Dark,Clear,Main,,0,0,583,12947,M303,26.234183,-80.125086,68.8,73,70.6
BLF,20231302,2023-01-08,6:39 PM,Hwy-rail crossing,0,POMPANO BEACH,FL,76,4,Dark,Clear,Main,Passenger Train - Pulling,38,12364,0,12947,M303,26.234183,-80.125086,68.8,73,70.6
FEC,X09021820,2020-02-18,10:15 AM,Hwy-rail crossing,0,POMPANO BEACH,FL,80,2,Day,Clear,Main,,0,0,373,67371,M308,26.15375,-80.0704,75.7,78.2,78.9
FEC,X44082324,2024-08-23,12:25 PM,Hwy-rail crossing,0,POMPANO BEACH,FL,88,2,Day,Cloudy,Main,,0,0,782,15282,M308,26.2616,-80.114478,80.4,83.9,83.4
BLF,20245245,2024-08-23,12:25 PM,Hwy-rail crossing,0,POMPANO BEACH,FL,88,2,Day,Cloudy,Main,Passenger Train - Pulling,79,14500,0,15282,M308,26.2616,-80.114478,80.4,83.9,83.4
FEC,X09013024,2024-01-30,9:33 PM,Hwy-rail crossing,0,POMPANO BEACH,FL,64,4,Dark,Clear,Main,,0,0,1010,17010,M302,26.231583,-80.125823,59.3,61.9,63.5
BLF,20244034,2024-01-30,9:33 PM,Hwy-rail crossing,0,POMPANO BEACH,FL,64,4,Dark,Clear,Main,Passenger Train - Pulling,76,16000,0,17010,M302,26.231583,-80.125823,59.3,61.9,63.5
SFRV,012816,2016-01-28,5:09 AM,Derailment,0,POMPANO BEACH,FL,70,4,Dark,Rain,Main,Commuter Train - Pushing,55,200000,700000,900000,T207,26.214273,-80.147448,72.5,71.3,60.7
GLC,GLC6072018,2018-06-07,3:25 PM,Derailment,0,POMPEII,MI,83,2,Day,Cloudy,Main,Freight Train,8,50550,4196,54746,T201,43.183219,-84.63945,60.1,69.6,68.9
BNSF,MT0718103,2018-07-12,1:55 PM,Obstruction,0,POMPEYS PILLAR,MT,92,2,Day,Clear,Main,Spec. MoW Equip.,5,20000,0,20000,H402,46.046076,-107.79517,73.6,75.1,79.6
IC,956066,2018-04-18,11:52 AM,Hwy-rail crossing,0,PONCHATOULA,LA,75,2,Day,Clear,Main,,0,0,16350,16649,M308,30.438433,-90.44136,62,69.2,65.6
ATK,152821,2018-04-18,11:52 AM,Hwy-rail crossing,0,PONCHATOULA,LA,75,2,Day,Clear,Main,Passenger Train - Pulling,40,299,0,16649,M308,30.438804,-90.441322,62,69.2,65.6
IC,1044307,2020-08-10,2:59 PM,Hwy-rail crossing,0,PONCHATOULA,LA,90,2,Day,Clear,Main,,0,0,0,116000,M302,30.407217,-90.431709,81.5,82.3,82.6
ATK,165083,2020-08-10,2:59 PM,Hwy-rail crossing,0,PONCHATOULA,LA,90,2,Day,Clear,Main,Passenger Train - Pulling,74,116000,0,116000,M302,30.407217,-90.431709,81.5,82.3,82.6
UP,0117WH010,2017-01-19,5:00 PM,Derailment,0,PONDCREEK,OK,53,2,Day,Clear,Main,Freight Train,49,3744,28869,32613,E53C,36.714801,-97.790396,45.1,47.6,45.8
UP,0517KC021,2017-05-21,2:13 PM,Derailment,0,PONDCREEK,OK,69,2,Day,Clear,Main,Freight Train,43,224441,238378,462819,E61C,36.682033,-97.799412,59.7,61.3,60.7
BNSF,TX0615110,2015-06-17,2:55 PM,Derailment,0,PONDER,TX,85,2,Day,Cloudy,Main,Freight Train,11,54000,783604,837604,T001,33.192816,-97.283833,76.8,73.7,80.9
ATK,163493,2020-03-13,11:41 PM,Obstruction,0,PONDERAY,ID,21,4,Dark,Snow,Main,Passenger Train - Pulling,80,13692,0,13692,M404,48.330631,-116.560257,33,29,17.4
ATK,181205,2024-07-17,5:43 AM,Derailment,0,PONTIAC,MI,74,1,Dawn,Clear,Siding,Passenger Train - Pulling,7,209255,0,209255,H306,42.621778,-83.280253,77.8,73.7,65.9
ATK,139773,2015-10-24,5:35 PM,Derailment,0,PONTIAC,MI,55,2,Day,Rain,Yard,Passenger Train - Pulling,3,20000,1650,21650,H303,42.629202,-83.289555,47.6,57,51.2
GTW,864723,2015-09-06,9:30 AM,Other impacts,0,PONTIAC,MI,75,2,Day,Clear,Yard,Freight Train,3,11678,25,11703,H318,42.65871,-83.323928,74.3,77,78
UP,0715SL002,2015-07-06,11:45 PM,Derailment,0,PONTIAC,IL,70,4,Dark,Rain,Industry,Freight Train,4,317327,185980,503307,E64C,40.919668,-88.600207,71.3,75.6,67.7
UP,1017SL006,2017-10-08,12:45 AM,Derailment,0,PONTIAC,IL,49,4,Dark,Cloudy,Industry,Freight Train,4,235035,6489,241524,T205,40.918761,-88.603684,68.7,63.5,64.6
UP,0115SL003,2015-01-06,9:15 AM,Other (describe in narrative),0,POPLAR BLUFF,MO,35,2,Day,Clear,Yard,Freight Train,7,12557,0,12557,E22L,36.727394,-90.419765,22.1,29.8,21.1
UP,0416SL001,2016-04-01,12:30 AM,Fire/violent rupture,0,POPLAR BLUFF,MO,55,4,Dark,Clear,Main,Freight Train,49,31844,0,31844,E74L,36.760543,-90.333977,66.4,54,53.5
UP,0217SL005,2017-02-06,11:30 PM,Derailment,0,POPLAR BLUFF,MO,65,4,Dark,Clear,Yard,Yard/switching,4,31664,16732,48396,M405,36.73486,-90.412561,41.9,52.3,64.3
UP,0323GC031,2023-03-29,6:30 AM,Derailment,0,PORT ALLEN,LA,53,1,Dawn,Clear,Industry,Yard/switching,3,701269,72500,773769,S103,30.48518,-91.211774,70.5,57.9,64.4
UP,1017LV003,2017-10-03,5:40 AM,Side collision,0,PORT ALLEN,LA,70,1,Dawn,Cloudy,Industry,Yard/switching,7,3154,0,41154,H605,30.485242,-91.211775,74.1,77.4,74.9
UP,1017LV003,2017-10-03,5:40 AM,Side collision,0,PORT ALLEN,LA,70,1,Dawn,Cloudy,Industry,Light loco(s),0,38000,0,41154,H605,30.485242,-91.211775,74.1,77.4,74.9
PGBX,RAI895822,2022-01-04,6:30 AM,Derailment,0,PORT ALLEN,LA,40,1,Dawn,Clear,Industry,Yard/switching,5,5000,10000,15000,M101,30.433567,-91.206872,37.2,41.8,57.3
PGBX,RAI911322,2022-02-03,9:30 AM,Derailment,0,PORT ALLEN,LA,65,2,Day,Cloudy,Industry,Yard/switching,5,15000,10000,25000,E69C,30.433567,-91.206872,66.2,53.9,35.5
UP,0522GC019,2022-05-16,11:44 PM,Derailment,0,PORT ALLEN,LA,79,4,Dark,Clear,Main,Yard/switching,7,218026,1704,219730,H303,30.435707,-91.209964,78.8,80,81.7
UP,0717LV018,2017-07-11,9:30 PM,Fire/violent rupture,0,PORT ALLEN,LA,73,4,Dark,Cloudy,Main,Freight Train,7,17681,0,17681,E74L,30.506607,-91.204604,76.4,76.6,78.6
UP,1120GC017,2020-11-14,2:00 AM,Derailment,0,PORT ALLEN,LA,59,4,Dark,Cloudy,Industry,Freight Train,7,20695,4550,25245,H303,30.450053,-91.210894,64.6,67.9,65.8
UP,0719GC018,2019-07-08,10:30 PM,Derailment,0,PORT ALLEN,LA,84,4,Dark,Clear,Main,Yard/switching,4,100,29260,29360,H702,30.491573,-91.217711,86.1,86,87.2
KCS,17071105,2017-07-11,9:30 PM,Fire/violent rupture,0,PORT ALLEN,LA,73,4,Dark,Cloudy,Main,,0,0,0,17681,E74L,30.506607,-91.204604,76.4,76.6,78.6
UP,0322GC027,2022-03-29,2:45 AM,Derailment,0,PORT ALLEN,LA,67,4,Dark,Clear,Yard,Yard/switching,7,17699,1872,19571,T315,30.482186,-91.21529,70.1,72.1,70.7
UP,0618LV019,2018-06-20,2:00 AM,Derailment,0,PORT ALLEN,LA,73,4,Dark,Cloudy,Industry,Yard/switching,5,34856,3600,38456,T111,30.441348,-91.210206,77.9,80.5,81
PGBX,RAI062517,2017-06-19,1:45 PM,Derailment,0,PORT ALLEN,LA,88,2,Day,Cloudy,Industry,Yard/switching,6,11600,7557,19157,T314,30.436363,-91.20618,78.1,79.6,75.3
PGBX,RAI055517,2017-06-07,10:30 AM,Derailment,0,PORT ALLEN,LA,82,2,Day,Clear,Yard,Freight Train,0,0,50000,105757,T113,30.445528,-91.210589,74.3,75.7,73.9
PGBX,RAI139123,2023-04-22,10:00 AM,Derailment,0,PORT ALLEN,LA,70,2,Day,Clear,Industry,Yard/switching,5,10000,2000,12000,T314,30.43344,-91.208548,71.7,67.6,63.7
UP,0617LV010,2017-06-07,10:30 AM,Derailment,0,PORT ALLEN,LA,75,2,Day,Clear,Industry,Freight Train,8,54947,810,105757,T113,30.445528,-91.210589,74.3,75.7,73.9
UP,0920GC025,2020-09-16,1:30 AM,Derailment,0,PORT ALLEN,LA,78,4,Dark,Cloudy,Yard,Yard/switching,6,4823,26034,30857,T001,30.439701,-91.214907,81.2,79.4,78.2
KCS,15102502,2015-10-25,4:00 PM,Other impacts,0,PORT ARTHUR,TX,70,2,Day,Rain,Yard,Light loco(s),5,5000,0,25239,H702,29.85758,-93.945125,75,67.7,64
KCS,15102502,2015-10-25,4:00 PM,Other impacts,0,PORT ARTHUR,TX,70,2,Day,Rain,Yard,Cut of cars,0,17739,2500,25239,H702,29.85758,-93.945125,75,67.7,64
KCS,21091002,2021-09-10,8:30 AM,Derailment,0,PORT ARTHUR,TX,85,2,Day,Clear,Yard,Yard/switching,5,8000,10653,18653,H702,29.850377,-93.951941,79.6,78.1,75.9
UP,0923GC010,2023-09-05,7:30 PM,Derailment,0,PORT ARTHUR,TX,86,3,Dusk,Clear,Industry,Freight Train,7,3574,10264,13838,H702,29.853605,-93.973221,85.7,88.1,87.8
KCS,21102201,2021-10-22,1:00 AM,Derailment,0,PORT ARTHUR,TX,75,4,Dark,Cloudy,Yard,Freight Train,7,9130,32705,41835,M409,29.887914,-93.944907,76.3,74.9,75.9
KCS,15011603,2015-01-16,3:15 PM,Derailment,0,PORT ARTHUR,TX,59,2,Day,Clear,Industry,Freight Train,7,4128,15470,19598,M599,29.879467,-93.953183,42,43.9,50.6
UP,0415LV026,2015-04-26,8:00 AM,Derailment,0,PORT ARTHUR,TX,76,2,Day,Cloudy,Industry,Freight Train,5,12138,4864,17002,T216,29.835168,-93.968162,75.2,74.3,71.3
UP,0616LV003,2016-06-02,7:15 AM,Derailment,0,PORT ARTHUR,TX,80,1,Dawn,Rain,Industry,Freight Train,4,73005,20629,93634,E64C,29.874187,-93.997301,75.9,74.4,73.8
KCS,18041406,2018-04-14,10:15 PM,Derailment,0,PORT ARTHUR,TX,45,4,Dark,Clear,Yard,Freight Train,5,99215,5104,104319,T201,29.858434,-93.944492,74.7,60.9,54.2