reportingrailroadcode,accidentnumber,date,time,accidenttype,hazmatreleasedcars,station,stateabbr,temperature,visibility_code,visibility,weathercondition,tracktype,equipmenttype,trainspeed,equipmentdamagecost,trackdamagecost,totaldamagecost,primaryaccidentcausecode,latitude,longitude,prior_temp,actual_temp,following_temp
UP,1016LV008,2016-10-13,3:45 PM,Derailment,0,PORT ARTHUR,TX,85,2,Day,Cloudy,Industry,Freight Train,4,5230,10230,15460,T110,29.863644,-94.001547,76.6,76.5,74.9
KCS,17060704,2017-06-07,7:15 PM,Derailment,0,PORT ARTHUR,TX,84,2,Day,Clear,Yard,Cut of cars,0,0,0,826620,T201,29.855925,-93.947066,76.4,79.6,76.7
KCS,17121001,2017-12-10,1:00 AM,Derailment,0,PORT ARTHUR,TX,44,4,Dark,Clear,Yard,Freight Train,6,109585,6350,115935,T210,29.86649,-93.93665,42.4,46.3,52.8
KCS,17060704,2017-06-07,7:15 PM,Derailment,0,PORT ARTHUR,TX,84,2,Day,Clear,Yard,Cut of cars,0,3621,0,826620,T201,29.855925,-93.947066,76.4,79.6,76.7
KCS,20012501,2020-01-25,4:30 AM,Derailment,0,PORT ARTHUR,TX,48,4,Dark,Cloudy,Industry,Yard/switching,4,1928,13868,15796,T101,29.869044,-93.941019,52.1,53.7,60.8
KCS,15122001,2015-12-20,3:00 AM,Derailment,0,PORT ARTHUR,TX,49,4,Dark,Clear,Yard,Freight Train,5,6100,6272,12372,T314,29.85732,-93.945591,49.5,59.1,70.7
KCS,16071801,2016-07-18,4:30 AM,Derailment,0,PORT ARTHUR,TX,85,4,Dark,Clear,Yard,Light loco(s),5,19742,474,20216,T314,29.860843,-93.946861,81.1,82.9,82.7
KCS,17060704,2017-06-07,7:15 PM,Derailment,0,PORT ARTHUR,TX,84,2,Day,Clear,Yard,Yard/switching,6,689688,133311,826620,T201,29.855925,-93.947066,76.4,79.6,76.7
KCS,17060704,2017-06-07,7:15 PM,Derailment,0,PORT ARTHUR,TX,84,2,Day,Clear,Yard,Cut of cars,0,0,0,826620,T201,29.855925,-93.947066,76.4,79.6,76.7
CSX,000179290,2018-10-12,3:10 PM,Hwy-rail crossing,0,PORT BYRON,NY,50,2,Day,Clear,Main,Freight Train,46,56311,9136,65447,M302,43.052472,-76.623269,68,49.8,45.1
NS,121283,2016-07-16,2:15 AM,Derailment,0,PORT DICKINSON,NY,62,4,Dark,Cloudy,Yard,Yard/switching,7,1300,300,51800,H306,42.098659,-75.856665,75.4,69.6,70.1
NS,121283,2016-07-16,2:15 AM,Derailment,0,PORT DICKINSON,NY,62,4,Dark,Cloudy,Yard,Cut of cars,0,50200,0,51800,H306,42.098659,-75.856665,75.4,69.6,70.1
NS,124375,2017-03-17,6:15 PM,Derailment,0,PORT DICKINSON,NY,30,3,Dusk,Clear,Yard,Freight Train,7,15000,0,15000,H702,42.098659,-75.856665,21.3,27,26.1
NS,124877,2017-05-01,12:25 AM,Derailment,0,PORT DICKINSON,NY,56,4,Dark,Clear,Yard,Yard/switching,5,25600,71138,96738,H504,42.098659,-75.856665,50.2,61.1,52.1
NS,137340,2020-03-01,6:45 AM,Other impacts,0,PORT DICKINSON,NY,17,1,Dawn,Clear,Yard,Yard/switching,9,7500,12361,20361,H399,42.098659,-75.856665,16.9,25,43.6
NS,137340,2020-03-01,6:45 AM,Other impacts,0,PORT DICKINSON,NY,17,1,Dawn,Clear,Yard,Freight Train,0,500,0,20361,H399,42.098659,-75.856665,16.9,25,43.6
NS,146456,2022-09-10,3:49 AM,Derailment,0,PORT DICKINSON,NY,65,4,Dark,Fog,Yard,Freight Train,8,6000,23556,29556,H306,42.098692,-75.856888,65.2,66.6,63.1
CSX,000192423,2020-09-02,4:16 PM,Derailment,0,PORT ELIZABETH,NJ,78,2,Day,Cloudy,Main,Freight Train,2,21500,0,29650,H524,40.714239,-74.144451,73.1,77.3,79.1
CSX,000176265,2018-05-08,7:25 AM,Derailment,0,PORT HURON,MI,55,1,Dawn,Clear,Yard,,0,0,8910,19323,H702,42.972512,-82.420641,48.9,60,65.3
GTW,958463,2018-05-08,7:25 AM,Derailment,0,PORT HURON,MI,55,1,Dawn,Clear,Yard,Freight Train,4,10413,0,19323,H306,42.972513,-82.420641,48.9,60,65.3
CSX,000165402,2016-12-21,12:35 PM,Other impacts,0,PORT HURON,MI,34,2,Day,Cloudy,Yard,Single Car,1,5424,228,85652,H318,42.962954,-82.47134,20.5,26.1,34.1
CSX,000165402,2016-12-21,12:35 PM,Other impacts,0,PORT HURON,MI,34,2,Day,Cloudy,Yard,Yard/switching,5,80000,0,85652,H318,42.962954,-82.47134,20.5,26.1,34.1
GTW,1115004,2022-09-29,7:29 AM,Derailment,0,PORT HURON,MI,50,2,Day,Cloudy,Main,Freight Train,28,1424393,289112,1713505,E53C,42.460964,-82.996516,52.4,53.2,51.6
LI,76421,2022-01-30,4:15 PM,Derailment,0,PORT JEFFERSON STA,NY,24,3,Dusk,Clear,Yard,Passenger Train - Pulling,8,6792,43053,49845,M101,40.93355,-73.043935,21,16.4,18.8
NJTR,201801018,2017-12-04,3:48 AM,Derailment,0,PORT JERVIS,NY,32,4,Dark,Clear,Yard,Commuter Train - Pulling,7,19947,0,20766,H607,41.37511,-74.69498,33.2,32,49.9
MNCW,2017082203,2017-08-22,12:45 AM,Derailment,0,PORT JERVIS,NY,78,4,Dark,Clear,Yard,,0,0,75875,128299,H704,41.378465,-74.698399,71.7,76.8,70.8
NJTR,201708331,2017-08-22,12:45 AM,Derailment,0,PORT JERVIS,NY,78,4,Dark,Clear,Yard,Yard/switching,4,52424,0,128299,H704,41.378465,-74.698399,71.7,76.8,70.8
NJTR,201702069,2017-02-09,7:42 AM,Derailment,0,PORT JERVIS,NY,24,1,Dawn,Snow,Yard,Commuter Train - Pulling,3,29909,0,29909,M101,41.375532,-74.69545,39.9,24.1,21.3
MNCW,2017120404,2017-12-04,3:48 AM,Derailment,0,PORT JERVIS,NY,32,4,Dark,Fog,Yard,,0,0,819,20766,H607,41.37511,-74.69498,33.2,32,49.9
NJTR,202301007,2022-12-09,12:40 AM,Side collision,0,PORT JERVIS,NY,45,4,Dark,Clear,Yard,Yard/switching,0,49662,0,85578,H307,41.378469,-74.698418,45.9,33.7,28.9
NJTR,202301007,2022-12-09,12:40 AM,Side collision,0,PORT JERVIS,NY,45,4,Dark,Clear,Yard,Yard/switching,5,27276,0,85578,H307,41.378469,-74.698418,45.9,33.7,28.9
NJTR,202202071,2022-01-17,5:20 AM,Derailment,0,PORT JERVIS,NY,21,4,Dark,Clear,Yard,Commuter Train - Pushing,5,10557,0,16578,H607,41.376186,-74.695776,11.5,32.6,26.7
MNCW,76463,2022-01-17,5:20 AM,Derailment,0,PORT JERVIS,NY,21,4,Dark,Clear,Yard,,0,0,6021,16578,H607,41.376186,-74.695776,11.5,32.6,26.7
MNCW,2017020921,2017-02-09,7:42 AM,Derailment,0,PORT JERVIS,NY,24,1,Dawn,Snow,Yard,,0,0,0,29909,M101,41.375532,-74.69545,39.9,24.1,21.3
MNCW,78612,2022-12-09,12:40 AM,Side collision,0,PORT JERVIS,NY,45,4,Dark,Clear,Yard,,0,0,8640,85578,H607,41.378469,-74.698418,45.9,33.7,28.9
NBER,NBER050224,2024-05-02,9:30 AM,Hwy-rail crossing,0,PORT MATILDA,PA,70,3,Dusk,Clear,Main,Freight Train,40,12335,1622,13957,M302,40.833292,-78.00767,65.5,70.2,64.9
KCS,22051402,2022-05-14,1:30 AM,Derailment,0,PORT NECHES,TX,75,4,Dark,Clear,Yard,Yard/switching,5,6937,22548,29485,H306,29.9689,-93.945784,77.3,78.6,78.7
CRSH,137673,2020-04-03,6:00 AM,Derailment,0,PORT NEWARK,NJ,48,1,Dawn,Cloudy,Yard,Freight Train,0,0,12000,49663,T309,40.682993,-74.165913,49.2,50.4,51.6
CRSH,114343,2015-02-13,4:15 AM,Derailment,0,PORT READING,NJ,5,1,Dawn,Cloudy,Yard,Freight Train,5,28146,0,28146,H306,40.566579,-74.250975,30.7,14.3,23.2
CRSH,129889,2018-06-18,4:15 PM,Derailment,0,PORT READING,NJ,98,3,Dusk,Clear,Yard,Yard/switching,6,25111,750,25861,T110,40.565594,-74.243751,77.9,81.8,81.8
FEC,D64092722,2022-09-27,10:00 AM,Other (describe in narrative),0,PORT SAINT LUCIE,FL,78,2,Day,Clear,Main,Work train,32,165000,0,165000,M299,27.381253,-80.295399,79.3,76.9,81
LI,68966,2018-12-31,12:31 AM,Derailment,0,PORT WASHINGTON,NY,34,4,Dark,Cloudy,Yard,EMU,2,135549,13784,149333,M507,40.827954,-73.687034,36.6,41,50.6
LI,EQ20160501,2016-05-09,8:16 AM,Other (describe in narrative),0,PORT WASHINGTON,NY,60,2,Day,Clear,Yard,EMU,2,17131,0,17131,H307,40.830194,-73.687675,56.5,62.9,57.2
CSX,000178652,2018-09-07,7:07 PM,Derailment,0,PORT WENTWORTH,GA,80,2,Day,Clear,Industry,Yard/switching,8,2465,25399,27864,E64C,32.167254,-81.202402,82.2,78.4,79.6
NS,135847,2019-10-15,8:45 PM,Other (describe in narrative),0,PORT WENTWORTH,GA,70,4,Dark,Rain,Main,Freight Train,13,9813,171530,181343,T207,32.13946,-81.190035,76,70.8,74.2
NS,152161,2023-02-01,12:14 PM,Other impacts,0,PORTAGE,IN,15,2,Day,Clear,Yard,Single Car,0,200,12937,13337,H312,41.620515,-87.144907,9.7,14.9,24.5
NS,152161,2023-02-01,12:14 PM,Other impacts,0,PORTAGE,IN,15,2,Day,Clear,Yard,Single Car,3,200,0,13337,H312,41.620515,-87.144907,9.7,14.9,24.5
CP,1001711589,2022-06-11,5:30 AM,Derailment,0,PORTAGE,WI,58,4,Dark,Clear,Yard,Freight Train,10,375075,0,375075,T220,43.547597,-89.469395,65.1,62.4,62.7
UP,0119RM013,2019-01-02,11:53 PM,Other impacts,0,PORTAGE,UT,10,4,Dark,Clear,Industry,Yard/switching,4,318,66,12076,H307,41.882668,-112.19309,7.9,13,13.9
UP,0119RM013,2019-01-02,11:53 PM,Other impacts,0,PORTAGE,UT,10,4,Dark,Clear,Industry,Single Car,0,11692,0,12076,H307,41.882668,-112.19309,7.9,13,13.9
NS,129146,2018-04-13,10:20 AM,Derailment,0,PORTAGE,IN,57,2,Day,Clear,Main,Freight Train,43,775,15881,16656,E53C,41.610666,-87.221325,60,52.3,44.2
NS,140095,2020-12-23,11:44 AM,Derailment,0,PORTAGE,IN,40,2,Day,Clear,Main,Freight Train,40,701654,2223806,2925460,E53C,41.610666,-87.221325,36.5,44.9,16.4
NICD,N1500030,2015-11-16,4:52 PM,Hwy-rail crossing,0,PORTAGE,IN,50,4,Dark,Cloudy,Main,Passenger Train - Pulling,65,10694,0,10694,M399,41.617247,-87.189749,50.7,48.6,54
BHS,BHS0523,2023-03-02,10:15 AM,Derailment,0,PORTAGE,IN,38,2,Day,Cloudy,Yard,Freight Train,0,0,1800,1800,T112,41.6223,-87.150405,44.1,35.3,34.1
CP,1000421892,2016-07-11,2:25 PM,Derailment,0,PORTAGE,WI,88,2,Day,Cloudy,Yard,Freight Train,7,70824,2114,72938,T314,43.5473,-89.45838,69.8,79.7,76.5
SW,SWC061616D,2016-06-16,2:55 PM,Derailment,0,PORTALES,NM,105,2,Day,Clear,Siding,Freight Train,6,9000,30120,39120,T220,34.0754,-103.4925,78.2,79,81.5
BNSF,SW0819201,2019-08-22,4:44 PM,Hwy-rail crossing,0,PORTALES,NM,88,2,Day,Clear,Main,Freight Train,35,193307,436439,629746,M302,34.21531,-103.30112,79.1,74.6,74.3
NS,156704,2024-05-13,11:35 PM,Derailment,0,PORTER,IN,46,4,Dark,Rain,Main,Freight Train,45,329801,180000,509801,E67C,41.6157,-87.097128,64.2,66.4,59.6
UP,1121GC013,2021-11-13,6:22 AM,Hwy-rail crossing,0,PORTER,TX,47,1,Dawn,Cloudy,Main,Freight Train,44,10760,184938,195698,M302,30.078736,-95.237624,61.2,54,59.8
UP,0823PN023,2023-08-23,3:45 AM,Other impacts,0,PORTLAND,OR,60,4,Dark,Clear,Yard,Yard/switching,4,56605,0,56605,H318,45.552663,-122.692864,67.4,68.1,73.5
UP,1117PD023,2017-11-13,6:50 PM,Derailment,0,PORTLAND,OR,23,4,Dark,Clear,Yard,Yard/switching,4,55861,1155,57016,H704,45.604932,-122.748253,50.4,50.7,51.2
UP,0316PD007,2016-03-07,11:00 AM,Other impacts,0,PORTLAND,OR,55,2,Day,Clear,Yard,Light loco(s),0,21129,0,22934,H312,45.544302,-122.684116,50.3,47.6,43
UP,1020PN013,2020-10-12,6:28 AM,Derailment,0,PORTLAND,OR,55,1,Dawn,Cloudy,Yard,Light loco(s),5,26186,615,26801,H702,45.54427,-122.684204,56.9,59,59.3
UP,0517PD020,2017-05-22,3:45 AM,Derailment,0,PORTLAND,OR,56,4,Dark,Clear,Yard,Freight Train,1,36660,1100,37760,T221,45.496182,-122.645898,68.3,74,69.5
BNSF,NW0417108,2017-04-11,1:05 AM,Derailment,0,PORTLAND,OR,48,4,Dark,Cloudy,Yard,Freight Train,7,25673,152713,178386,H506,45.610726,-122.711157,48.3,47.9,51.7
UP,1216PD018,2016-12-21,5:00 PM,Hwy-rail crossing,0,PORTLAND,OR,40,2,Day,Clear,Main,Freight Train,29,50716,0,50716,M303,45.577269,-122.65366,46.6,33.8,35.9
CSX,000163261,2016-10-01,3:34 AM,Hwy-rail crossing,0,PORTLAND,TN,65,4,Dark,Clear,Main,Freight Train,45,71412,0,71412,M301,36.516392,-86.472673,57.7,63.9,66.9
UP,0318PD027,2018-03-18,3:55 PM,Derailment,0,PORTLAND,OR,51,2,Day,Clear,Main,Freight Train,6,50666,1192,51858,H518,45.524449,-122.664785,45.5,46.9,45.1
UP,0923PN003,2023-09-04,5:54 PM,Derailment,0,PORTLAND,OR,66,2,Day,Clear,Yard,Freight Train,5,12761,8103,20864,H503,45.605886,-122.751889,67.6,63,62.4
UP,1122PN029,2022-11-27,11:00 PM,Derailment,0,PORTLAND,OR,42,4,Dark,Cloudy,Yard,Yard/switching,10,229943,228015,457958,H307,45.551441,-122.690782,44.7,45,40.6
UP,1220PN027,2020-12-28,4:30 AM,Derailment,0,PORTLAND,OR,40,1,Dawn,Cloudy,Yard,Freight Train,4,190792,124482,315274,S104,45.544004,-122.684724,43.9,36.3,35.5
PTO,111122,2022-11-11,1:50 PM,Derailment,0,PORTLAND,OR,47,2,Day,Cloudy,Yard,Yard/switching,0,170292,4500,174792,H312,45.55257,-122.71752,42.6,43.7,44.9
UP,0524PN022,2024-05-31,5:00 AM,Derailment,0,PORTLAND,OR,52,1,Dawn,Clear,Yard,Yard/switching,8,81823,71444,153267,H607,45.598261,-122.729822,57.8,63.3,64.4
BNSF,NW0618114,2018-06-16,12:49 PM,Derailment,0,PORTLAND,OR,75,2,Day,Clear,Yard,Freight Train,7,9900,0,38635,H702,45.552226,-122.69463,62,64.3,68.3
ATK,173196,2022-12-13,11:17 AM,Hwy-rail crossing,0,PORTLAND,OR,36,2,Day,Clear,Main,Passenger Train - Pushing,34,12430,0,12529,M308,45.512252,-122.664888,42.7,36.5,39.8
UP,0322PN009,2022-03-10,8:02 AM,Other impacts,0,PORTLAND,OR,32,2,Day,Cloudy,Yard,Yard/switching,6,6478,1400,24698,H306,45.555888,-122.694496,44.6,40.4,46.2
UP,0923PN027,2023-09-23,5:25 AM,Other impacts,0,PORTLAND,OR,57,1,Dawn,Cloudy,Yard,Cut of cars,1,26856,0,27008,H021,45.553373,-122.693198,64.6,62.6,58.9
UP,0519PN018,2019-05-18,7:01 PM,Derailment,0,PORTLAND,OR,73,3,Dusk,Rain,Yard,Yard/switching,4,8177,70050,78227,H702,45.544448,-122.683872,57.8,59.5,57.4
UP,1022PN014,2022-10-13,12:08 PM,Other impacts,0,PORTLAND,OR,61,2,Day,Clear,Yard,Single Car,0,2986,0,39659,H312,45.549952,-122.690225,61.7,64,63.3
UP,1123PN001,2023-11-05,5:54 AM,Derailment,0,PORTLAND,OR,52,1,Dawn,Cloudy,Yard,Freight Train,6,29887,600,30487,H503,45.542877,-122.684109,60.3,55.8,54.6
UP,0520PN010,2020-05-15,9:03 AM,Derailment,0,PORTLAND,OR,53,2,Day,Cloudy,Industry,Freight Train,10,26706,35360,62066,E06C,45.615555,-122.765285,54.6,58.1,59.5
UP,0919PN024,2019-09-13,4:04 AM,Other (describe in narrative),0,PORTLAND,OR,62,1,Dawn,Cloudy,Industry,Single Car,0,31266,0,31266,M504,45.605133,-122.749015,66.4,67.6,67.1
UP,0720PN012,2020-07-14,1:57 AM,Derailment,0,PORTLAND,OR,66,4,Dark,Clear,Yard,Yard/switching,3,14649,8943,23592,H312,45.545818,-122.686302,66.7,70.3,73.5
UP,0319PN026,2019-03-29,8:08 PM,Obstruction,0,PORTLAND,OR,59,4,Dark,Cloudy,Main,Freight Train,5,0,48800,48800,M402,45.540154,-122.677962,47.6,52.2,52.9
UP,0618PD019,2018-06-16,12:49 PM,Derailment,0,PORTLAND,OR,75,2,Day,Clear,Yard,,0,0,28735,38635,H702,45.552226,-122.69463,62,64.3,68.3
UP,1123PN002,2023-11-07,12:45 AM,Derailment,0,PORTLAND,OR,51,4,Dark,Rain,Yard,Freight Train,7,2838,10942,13780,H607,45.482695,-122.64162,54.6,52.9,46.9
UP,0217PD065,2017-02-24,10:30 AM,Other (describe in narrative),0,PORTLAND,OR,55,2,Day,Cloudy,Yard,Yard/switching,4,126375,0,126375,M201,45.535915,-122.58737,37.7,37.4,39.2
UP,0318PD013,2018-03-09,4:45 PM,Derailment,0,PORTLAND,OR,36,2,Day,Clear,Yard,Light loco(s),4,18546,4400,22946,M410,45.545399,-122.681173,50.4,47.4,46.6
UP,0322PN009,2022-03-10,8:02 AM,Other impacts,0,PORTLAND,OR,32,2,Day,Cloudy,Yard,Yard/switching,0,16820,0,24698,H306,45.555888,-122.694496,44.6,40.4,46.2
UP,0821PN003,2021-08-02,9:50 PM,Derailment,0,PORTLAND,OR,81,4,Dark,Cloudy,Yard,Yard/switching,3,191430,56000,247430,H522,45.544067,-122.684602,73.3,73.7,75.2
UP,0723PN004,2023-07-05,3:25 PM,Derailment,0,PORTLAND,OR,88,2,Day,Clear,Yard,Yard/switching,7,42841,46288,89129,E39C,45.544448,-122.683872,77.9,80.3,74
UP,0615PD007,2015-06-10,11:30 AM,Derailment,0,PORTLAND,OR,65,2,Day,Clear,Main,Freight Train,5,7474,11167,18641,H508,45.522446,-122.664824,74.2,64.3,63.6
PTO,08081501,2015-08-08,6:00 AM,Derailment,0,PORTLAND,OR,65,1,Dawn,Clear,Yard,Yard/switching,6,8500,2500,11000,H703,45.5486,-122.7109,71.6,70.5,72.8
UP,1019PN005,2019-10-08,9:53 PM,Derailment,0,PORTLAND,OR,50,4,Dark,Cloudy,Yard,Freight Train,3,250,0,15530,H607,45.561163,-122.742305,56.3,53,45.3
UP,0919PN011,2019-09-05,7:57 AM,Fire/violent rupture,0,PORTLAND,OR,62,2,Day,Clear,Yard,Light loco(s),0,10818,150,10968,E74L,45.605417,-122.75036,69.6,71.9,71.1
UP,0521PN027,2021-05-29,5:05 PM,Derailment,0,PORTLAND,OR,77,2,Day,Clear,Yard,Freight Train,4,19337,2718,22055,H503,45.547643,-122.687911,59.1,64.4,68.9
UP,0421PN019,2021-04-15,9:45 PM,Other impacts,0,PORTLAND,OR,47,4,Dark,Clear,Yard,Single Car,2,42190,0,56866,H018,45.605911,-122.775779,56.9,59.3,62.3
UP,0421PN019,2021-04-15,9:45 PM,Other impacts,0,PORTLAND,OR,47,4,Dark,Clear,Yard,Yard/switching,7,14676,0,56866,H018,45.605911,-122.775779,56.9,59.3,62.3
UP,0419PN023,2019-04-12,10:00 AM,Derailment,0,PORTLAND,OR,49,2,Day,Rain,Yard,Yard/switching,3,12126,5680,17806,H702,45.54409,-122.684556,51.3,52.9,49
UP,0417PD005,2017-04-05,7:15 PM,Derailment,0,PORTLAND,OR,48,2,Day,Clear,Yard,Yard/switching,4,37241,500,37741,E64L,45.606708,-122.764098,51.4,53.4,53.1
UP,1214PD014,2014-12-22,11:20 PM,Derailment,0,PORTLAND,OR,50,4,Dark,Cloudy,Industry,Yard/switching,2,13258,81434,94692,H523,45.604875,-122.743671,54.5,49,47.4
BNSF,NW1216113,2016-12-22,2:10 AM,Other (describe in narrative),0,PORTLAND,OR,34,4,Dark,Fog,Yard,Freight Train,8,21044,0,21044,H310,45.624707,-122.729928,33.8,35.9,39.6
BNSF,NW0516112,2016-05-29,2:15 AM,Derailment,0,PORTLAND,OR,60,4,Dark,Clear,Yard,Yard/switching,3,385,20000,20385,H702,45.560021,-122.740569,59.6,61.6,62.3
UP,0520PN013,2020-05-19,4:36 AM,Derailment,0,PORTLAND,OR,53,1,Dawn,Cloudy,Yard,Yard/switching,4,102463,47798,150261,M101,45.606379,-122.7665,56.9,57.1,55.3
UP,1217PD001,2017-12-01,5:23 AM,Derailment,0,PORTLAND,OR,45,1,Dawn,Rain,Yard,Freight Train,4,16672,5600,22272,H702,45.485182,-122.642456,43.3,47.5,45.7
UP,0316PD003,2016-03-07,7:45 PM,Derailment,0,PORTLAND,OR,43,4,Dark,Clear,Yard,Light loco(s),10,37033,990,38023,H702,45.54193,-122.683737,50.3,47.6,43
UP,0818PD012,2018-08-10,10:55 PM,Derailment,0,PORTLAND,OR,70,4,Dark,Clear,Yard,Freight Train,2,13517,695,14212,H525,45.544505,-122.684479,78.4,75.9,69.3
ATK,141657,2016-01-20,4:30 PM,Fire/violent rupture,0,PORTLAND,OR,49,2,Day,Cloudy,Yard,Passenger Train - Pulling,0,500000,0,500000,M406,45.529091,-122.676228,44.1,46.5,47.6
UP,1117PD041,2017-11-29,5:30 AM,Derailment,0,PORTLAND,OR,41,4,Dark,Clear,Yard,Freight Train,5,43808,330,44138,E64L,45.553324,-122.691862,45.1,45.5,43.3
UP,0816PD011,2016-08-25,2:09 AM,Derailment,0,PORTLAND,OR,67,4,Dark,Clear,Yard,Freight Train,2,18620,0,18620,H702,45.534255,-122.673707,74.6,77.3,77.8
UP,0417PD022,2017-04-20,8:45 AM,Derailment,0,PORTLAND,OR,48,2,Day,Cloudy,Yard,Freight Train,8,16918,33534,50452,H702,45.492033,-122.644734,51,51.6,54.3
UP,0518PD024,2018-05-24,5:30 PM,Derailment,0,PORTLAND,OR,86,2,Day,Clear,Yard,Yard/switching,4,17170,12600,29770,H704,45.550683,-122.688798,68.5,65.2,60.6
BNSF,NW0219113,2019-02-13,7:47 PM,Derailment,0,PORTLAND,OR,39,3,Dusk,Cloudy,Yard,Freight Train,6,12466,19397,31863,H307,45.634346,-122.746429,41.8,39.6,38.7
UP,0923PN027,2023-09-23,5:25 AM,Other impacts,0,PORTLAND,OR,57,1,Dawn,Cloudy,Yard,Yard/switching,0,2,150,27008,H021,45.553373,-122.693198,64.6,62.6,58.9
UP,0221PN004,2021-02-06,12:26 PM,Other impacts,0,PORTLAND,OR,42,2,Day,Cloudy,Yard,Cut of cars,0,0,0,38066,H318,45.550053,-122.690056,48.2,44.3,44.6
UP,0222PN014,2022-02-16,8:00 AM,Derailment,0,PORTLAND,OR,43,2,Day,Cloudy,Yard,Freight Train,4,7000,74528,81528,H503,45.552099,-122.692586,45.2,47.4,47.2
UP,0316PD007,2016-03-07,11:00 AM,Other impacts,0,PORTLAND,OR,55,2,Day,Clear,Yard,Light loco(s),3,1805,0,22934,H312,45.544302,-122.684116,50.3,47.6,43
UP,0823PN023,2023-08-23,3:45 AM,Other impacts,0,PORTLAND,OR,60,4,Dark,Clear,Yard,Single Car,0,0,0,56605,H318,45.552663,-122.692864,67.4,68.1,73.5
UP,0923PN018,2023-09-16,7:40 AM,Other impacts,0,PORTLAND,OR,62,2,Day,Clear,Yard,Light loco(s),0,5377,0,11765,H307,45.555493,-122.69423,73.9,69.8,64
UP,0822PN011,2022-08-13,2:19 PM,Derailment,0,PORTLAND,OR,71,2,Day,Cloudy,Main,Freight Train,6,28820,154519,183339,M405,45.528105,-122.66798,70,69.3,71.2
UP,0323PN009,2023-03-10,12:40 PM,Other impacts,0,PORTLAND,OR,40,2,Day,Cloudy,Yard,Yard/switching,10,64479,18576,185597,H309,45.549807,-122.690548,42.4,43.7,45.7
UP,0619PN029,2019-06-24,10:00 AM,Other (describe in narrative),0,PORTLAND,OR,54,2,Day,Clear,Yard,Single Car,0,26454,0,26454,M507,45.535403,-122.583482,61.9,61.1,62.8
PTO,01072023,2023-01-08,8:02 AM,Obstruction,0,PORTLAND,OR,44,2,Day,Cloudy,Yard,Yard/switching,6,0,0,0,M402,45.533511,-122.723611,44.3,46.9,46.5
UP,0621PN010,2021-06-08,8:02 AM,Derailment,0,PORTLAND,OR,54,2,Day,Rain,Yard,Yard/switching,8,15011,16996,32007,H703,45.606232,-122.753458,57.5,59,59.7
BNSF,NW0821115,2021-08-24,4:15 AM,Derailment,0,PORTLAND,OR,56,1,Dawn,Clear,Yard,Cut of cars,4,9625,7043,16668,E09C,45.54924,-122.717241,61.6,68.7,67.2
UP,0318PD028,2018-03-20,10:20 AM,Derailment,0,PORTLAND,OR,50,2,Day,Clear,Yard,Yard/switching,7,19506,99,19605,H601,45.48517,-122.642714,45.1,45.8,46.9
UP,0119PN012,2019-01-11,5:05 PM,Derailment,0,PORTLAND,OR,40,2,Day,Cloudy,Yard,Yard/switching,5,7694,3946,11640,T220,45.60368,-122.740011,44.6,43.6,42.6
BNSF,NW1121105,2021-11-03,4:25 PM,Derailment,0,PORTLAND,OR,50,2,Day,Rain,Yard,Light loco(s),8,3000,35000,38000,H607,45.610652,-122.711045,49.8,52.4,54.4
UP,1022PN014,2022-10-13,12:08 PM,Other impacts,0,PORTLAND,OR,61,2,Day,Clear,Yard,Yard/switching,7,11998,24675,39659,H312,45.549952,-122.690225,61.7,64,63.3
UP,0323PN009,2023-03-10,12:40 PM,Other impacts,0,PORTLAND,OR,40,2,Day,Cloudy,Yard,Yard/switching,10,102542,0,185597,H309,45.549807,-122.690548,42.4,43.7,45.7
UP,0221PN004,2021-02-06,12:26 PM,Other impacts,0,PORTLAND,OR,42,2,Day,Cloudy,Yard,Yard/switching,7,33734,4332,38066,H318,45.550053,-122.690056,48.2,44.3,44.6
UP,0923PN018,2023-09-16,7:40 AM,Other impacts,0,PORTLAND,OR,62,2,Day,Clear,Yard,Yard/switching,6,6289,99,11765,H307,45.555493,-122.69423,73.9,69.8,64
GRS,20220823B1,2022-08-23,11:55 PM,Fire/violent rupture,0,PORTLAND,ME,73,4,Dark,Cloudy,Siding,Cut of cars,0,41956,375,42331,M502,43.620377,-70.296986,67,70.5,69.8
UP,1222PN020,2022-12-13,1:20 PM,Hwy-rail crossing,0,PORTLAND,OR,38,2,Day,Cloudy,Main,,0,0,99,12529,M303,45.511491,-122.664902,42.7,36.5,39.8
BNSF,NW1019104,2019-10-08,9:53 PM,Derailment,0,PORTLAND,OR,40,4,Dark,Clear,Yard,,0,0,15280,15530,H607,45.561163,-122.742305,56.3,53,45.3
UP,0118PD032,2018-01-27,4:30 AM,Other impacts,0,PORTLAND,OR,42,4,Dark,Clear,Yard,Cut of cars,0,2874,0,11826,T102,45.545287,-122.680817,43.8,47.9,50.8
UP,0616PD004,2016-06-06,12:10 AM,Derailment,0,PORTLAND,OR,73,4,Dark,Clear,Yard,Yard/switching,4,7587,5062,12649,T316,45.592656,-122.712302,80.8,75.9,72.7
UP,0218PD029,2018-02-23,1:15 AM,Derailment,0,PORTLAND,OR,30,4,Dark,Clear,Yard,Freight Train,4,13408,5862,19270,T110,45.54219,-122.684599,34.3,32.8,42.4
GRS,062322J1,2022-06-23,3:50 AM,Derailment,0,PORTLAND,ME,56,4,Dark,Rain,Yard,Freight Train,4,13661,800,14461,T314,43.61229,-70.29958,58.7,62,65.6