reportingrailroadcode,accidentnumber,date,time,accidenttype,hazmatreleasedcars,station,stateabbr,temperature,visibility_code,visibility,weathercondition,tracktype,equipmenttype,trainspeed,equipmentdamagecost,trackdamagecost,totaldamagecost,primaryaccidentcausecode,latitude,longitude,prior_temp,actual_temp,following_temp
NS,123806,2017-02-02,1:15 PM,Derailment,0,PORTLAND,PA,29,2,Day,Clear,Main,Freight Train,2,44700,70324,115024,T207,40.91668,-75.095606,32.7,29.1,22.1
ATK,137065,2015-04-14,2:36 PM,Derailment,0,PORTLAND,ME,58,2,Day,Clear,Main,Passenger Train - Pushing,30,72634,0,110634,T111,43.640924,-70.289674,51,57.5,52.2
UP,0118PD032,2018-01-27,4:30 AM,Other impacts,0,PORTLAND,OR,42,4,Dark,Clear,Yard,Yard/switching,6,6500,2452,11826,T102,45.545287,-122.680817,43.8,47.9,50.8
UP,1220PN024,2020-12-23,8:07 PM,Derailment,0,PORTLAND,OR,35,4,Dark,Cloudy,Yard,Yard/switching,6,9193,4147,13340,T319,45.605668,-122.749637,43.5,38,38.4
UP,0819PN015,2019-08-13,4:20 PM,Derailment,0,PORTLAND,OR,84,2,Day,Clear,Industry,Yard/switching,4,51898,6210,58108,T314,45.604473,-122.76876,70.2,73.6,73.6
UP,0919PN002,2019-09-01,7:32 AM,Derailment,0,PORTLAND,OR,67,2,Day,Cloudy,Siding,Freight Train,4,37241,9320,46561,T314,45.604327,-122.768403,70.8,73.3,70.3
UP,0516PD012,2016-05-23,9:55 AM,Derailment,0,PORTLAND,OR,60,2,Day,Cloudy,Yard,Yard/switching,7,34976,5047,40023,T316,45.605336,-122.759947,56.4,59.1,61.5
UP,1121PN015,2021-11-12,11:37 PM,Derailment,0,PORTLAND,OR,58,4,Dark,Cloudy,Main,Freight Train,10,55339,317980,373319,T207,45.567166,-122.706632,52.9,59.9,52.4
UP,0320PN015,2020-03-22,10:30 AM,Derailment,0,PORTLAND,OR,39,2,Day,Clear,Yard,Freight Train,4,8562,9953,18515,T207,45.48517,-122.64278,49.6,48.3,47.5
UP,0221PN006,2021-02-10,10:54 AM,Derailment,0,PORTLAND,OR,35,2,Day,Cloudy,Yard,Freight Train,8,19511,16790,36301,T111,45.493421,-122.645006,36.1,38.9,35.3
UP,0320PN020,2020-03-24,4:56 AM,Derailment,0,PORTLAND,OR,43,1,Dawn,Fog,Yard,Freight Train,8,6552,12994,19546,T201,45.493406,-122.645057,47.5,44.7,43.6
UP,0320PN021,2020-03-22,10:05 PM,Derailment,0,PORTLAND,OR,56,4,Dark,Cloudy,Yard,Freight Train,6,12389,5082,17471,T309,45.544408,-122.687341,49.6,48.3,47.5
UP,0919PN007,2019-09-07,8:28 AM,Derailment,0,PORTLAND,OR,61,2,Day,Cloudy,Yard,Yard/switching,9,147454,16978,164432,T207,45.557647,-122.6959,71.1,64.4,63.8
UP,0615PD022,2015-06-12,10:00 AM,Derailment,0,PORTLAND,OR,61,2,Day,Clear,Yard,Light loco(s),3,15000,2000,17000,T108,45.534116,-122.673271,63.6,61.8,62.1
UP,1214PD008,2014-12-09,9:14 AM,Derailment,0,PORTLAND,OR,50,2,Day,Rain,Yard,Freight Train,9,163830,77835,241665,T204,45.615137,-122.763318,46.5,47.7,51.4
UP,0423GC032,2023-04-29,1:10 AM,Derailment,0,PORTLAND,TX,65,4,Dark,Rain,Industry,Yard/switching,4,45857,99,45956,T110,27.872068,-97.237015,74.8,69.5,72.4
UP,0719PN011,2019-07-15,12:27 PM,Derailment,0,PORTLAND,OR,64,2,Day,Cloudy,Main,Freight Train,3,25100,199393,224493,T113,45.529481,-122.668039,71.6,70,70.7
UP,0624HO013,2024-06-10,12:50 PM,Derailment,0,PORTLAND,TX,80,2,Day,Clear,Yard,Freight Train,5,73128,5056,78184,T108,27.926863,-97.299461,86.1,85.1,85.8
NS,140535,2021-02-08,2:45 PM,Other impacts,0,PORTSMOUTH,OH,40,2,Day,Clear,Yard,Single Car,3,5908,3086,12684,H312,38.736825,-82.957246,27.6,28.2,32.9
NS,140535,2021-02-08,2:45 PM,Other impacts,0,PORTSMOUTH,OH,40,2,Day,Clear,Yard,Single Car,0,3690,0,12684,H312,38.736825,-82.957246,27.6,28.2,32.9
NS,152914,2023-04-25,12:10 AM,Other impacts,0,PORTSMOUTH,OH,32,4,Dark,Clear,Yard,Cut of cars,4,0,0,11577,H312,38.735206,-82.967056,45.5,46.1,52.8
NS,144107,2022-01-21,11:00 PM,Derailment,0,PORTSMOUTH,OH,72,4,Dark,Clear,Yard,Yard/switching,7,12200,861,13061,E32C,38.736825,-82.957246,25.9,20,17.8
NS,156896,2024-05-30,5:40 AM,Other impacts,0,PORTSMOUTH,OH,65,1,Dawn,Clear,Yard,Cut of cars,7,27487,6060,33547,H318,38.744826,-82.941788,61.5,61.2,60.4
CWRY,CWR940822,2022-04-04,4:39 PM,Derailment,0,PORTSMOUTH,VA,68,2,Day,Clear,Yard,Yard/switching,4,83702,10000,93702,E49L,36.872203,-76.369061,56.8,49.8,62.2
CWRY,CWR617723D,2023-11-21,4:18 PM,Derailment,0,PORTSMOUTH,VA,55,2,Day,Clear,Yard,Freight Train,1,130000,0,130000,H503,36.872203,-76.369061,48.7,59.5,59.4
CWRY,CWR993622,2022-07-19,4:00 PM,Derailment,0,PORTSMOUTH,VA,88,2,Day,Clear,Industry,Light loco(s),10,0,51430,51430,H702,36.877482,-76.365596,83.4,82.8,84
CWRY,CWR785815,2015-11-06,7:00 AM,Derailment,0,PORTSMOUTH,VA,60,1,Dawn,Cloudy,Yard,Freight Train,5,3753,11788,15541,H702,36.877022,-76.366332,67.9,71.5,67.1
CWRY,CWR700815,2015-05-19,6:00 AM,Other (describe in narrative),0,PORTSMOUTH,VA,80,1,Dawn,Clear,Yard,Yard/switching,18,14000,0,14000,H601,36.85487,-76.354665,80.1,79.4,72.6
CWRY,CWR877221,2021-11-28,6:30 PM,Derailment,0,PORTSMOUTH,VA,52,4,Dark,Clear,Yard,Yard/switching,7,270000,1500,271500,H525,36.872484,-76.3687,37.8,49,44.2
NS,152914,2023-04-25,12:10 AM,Other impacts,0,PORTSMOUTH,OH,32,4,Dark,Clear,Yard,Single Car,0,11577,0,11577,H312,38.735206,-82.967056,45.5,46.1,52.8
NS,143813,2021-12-21,11:00 AM,Derailment,0,PORTSMOUTH,OH,42,2,Day,Cloudy,Yard,Yard/switching,6,12507,13962,26469,H504,38.737209,-82.973107,31.9,31.7,32.1
NS,144512,2022-02-23,2:00 AM,Raking collision,0,PORTSMOUTH,OH,30,4,Dark,Clear,Yard,Cut of cars,4,39459,0,41459,H302,38.736825,-82.957246,57,41.2,35.4
NS,152265,2023-02-10,9:38 AM,Derailment,0,PORTSMOUTH,OH,48,2,Day,Cloudy,Yard,Yard/switching,5,11000,8535,19535,H508,38.736826,-82.957246,60.8,44.6,34.9
NS,144512,2022-02-23,2:00 AM,Raking collision,0,PORTSMOUTH,OH,30,4,Dark,Clear,Yard,Single Car,0,2000,0,41459,H302,38.736825,-82.957246,57,41.2,35.4
NS,156302,2024-04-08,10:00 PM,Other impacts,0,PORTSMOUTH,OH,50,4,Dark,Clear,Yard,Yard/switching,4,38000,585,46585,H306,38.736826,-82.957246,48.2,64.4,61.7
NS,144150,2022-01-25,4:30 AM,Other impacts,0,PORTSMOUTH,OH,25,1,Dawn,Clear,Yard,Single Car,0,32393,0,54684,H312,38.736825,-82.957246,29.7,30.2,18.7
NS,156302,2024-04-08,10:00 PM,Other impacts,0,PORTSMOUTH,OH,50,4,Dark,Clear,Yard,Cut of cars,0,8000,0,46585,H306,38.736826,-82.957246,48.2,64.4,61.7
NS,152671,2023-03-29,6:15 AM,Derailment,0,PORTSMOUTH,OH,35,1,Dawn,Clear,Yard,Yard/switching,4,11450,797,12247,E32C,38.73721,-82.973108,45.7,43.9,46.5
NS,144150,2022-01-25,4:30 AM,Other impacts,0,PORTSMOUTH,OH,25,1,Dawn,Clear,Yard,Single Car,4,21805,486,54684,H312,38.736825,-82.957246,29.7,30.2,18.7
NS,142997,2021-09-30,1:00 AM,Other (describe in narrative),0,PORTSMOUTH,OH,68,4,Dark,Clear,Yard,Yard/switching,5,80209,5970,86179,H702,38.736825,-82.957246,66.9,61.6,60.1
NS,136813,2020-01-13,6:45 AM,Other (describe in narrative),0,PORTSMOUTH,OH,35,1,Dawn,Fog,Yard,Freight Train,4,67794,906,68700,H702,38.736737,-82.970788,46.2,39.5,46.2
NS,138822,2020-08-10,6:25 PM,Derailment,0,PORTSMOUTH,OH,80,3,Dusk,Clear,Yard,Cut of cars,0,518714,950,549915,E34C,38.736963,-82.956996,74.3,77,76.4
NS,155523,2024-01-23,10:00 AM,Other (describe in narrative),0,PORTSMOUTH,OH,45,2,Day,Cloudy,Yard,Cut of cars,8,0,2631,28616,H702,38.736826,-82.957246,23,36.1,45.7
NS,138822,2020-08-10,6:25 PM,Derailment,0,PORTSMOUTH,OH,80,3,Dusk,Clear,Yard,Yard/switching,5,30251,0,549915,E34C,38.736963,-82.956996,74.3,77,76.4
NS,152416,2023-02-23,10:30 PM,Other impacts,0,PORTSMOUTH,OH,32,4,Dark,Cloudy,Yard,Yard/switching,7,102264,409,102673,H318,38.736784,-82.971003,59.3,66,40.3
NS,129857,2018-06-16,10:41 AM,Derailment,0,PORTSMOUTH,OH,85,2,Day,Clear,Yard,Yard/switching,6,13936,1000,14936,M405,38.736963,-82.956996,71.7,75,79.1
NS,134414,2019-06-20,9:00 AM,Derailment,0,PORTSMOUTH,OH,72,2,Day,Rain,Yard,Freight Train,7,205742,73809,279551,T207,38.73613,-82.968653,74,70.5,69.3
BNSF,RD1023101,2023-10-01,2:26 AM,Other impacts,0,POST,TX,79,4,Dark,Clear,Main,Yard/switching,5,545426,1000178,2513736,H310,33.285503,-101.479555,78.4,75.9,74.8
BNSF,RD1023101,2023-10-01,2:26 AM,Other impacts,0,POST,TX,79,4,Dark,Clear,Main,Freight Train,0,968132,0,2513736,H310,33.285503,-101.479555,78.4,75.9,74.8
BNSF,NW1022109,2022-10-19,2:10 AM,Derailment,0,POST FALLS,ID,42,4,Dark,Clear,Yard,Freight Train,5,21543,55000,76543,H703,47.775324,-116.959052,53.2,51.7,50.2
UP,1221PN002,2021-12-01,7:40 PM,Derailment,0,POST FALLS,ID,55,3,Dusk,Cloudy,Main,Freight Train,37,6325,186659,192984,E53C,47.754027,-116.919984,47.9,54.7,46.5
BNSF,NW0224101,2024-02-02,9:45 AM,Derailment,0,POST FALLS,ID,45,2,Day,Clear,Industry,Freight Train,3,13791,39157,52948,T111,47.71005,-116.912096,39.3,40.9,37.8
KCS,21122202,2021-12-22,2:14 PM,Hwy-rail crossing,0,POTEAU,OK,60,2,Day,Clear,Main,Freight Train,40,3044,69597,72641,M308,35.040692,-94.622164,38.2,41.9,52.5
BNSF,CH0420108,2020-04-20,10:40 AM,Obstruction,0,POTOSI,WI,56,2,Day,Clear,Main,Freight Train,46,744992,175000,919992,M404,42.594579,-90.663611,50.1,48,42.8
WC,957890,2018-05-04,1:30 AM,Derailment,0,POTTER,WI,50,4,Dark,Rain,Main,Freight Train,30,17252,28811,46063,M103,44.129831,-88.111913,50.3,58.4,60.9
GTW,953706,2018-03-24,8:37 PM,Hwy-rail crossing,0,POTTERVILLE,MI,29,4,Dark,Clear,Main,,0,0,45656,67785,M308,42.62567,-84.75087,32.2,31.1,29.7
ATK,152432,2018-03-24,8:37 PM,Hwy-rail crossing,0,POTTERVILLE,MI,29,4,Dark,Clear,Main,Passenger Train - Pulling,63,22129,0,67785,M308,42.62567,-84.75087,32.2,31.1,29.7
RBMN,R12082305,2023-12-08,11:59 AM,Derailment,0,POTTSVILLE,PA,45,2,Day,Clear,Main,Freight Train,3,0,22392,22392,T110,40.674356,-76.187469,33.7,38.5,41.1
MNCW,81864,2024-02-13,7:40 AM,Other (describe in narrative),0,POUGHKEEPSIE,NY,30,2,Day,Snow,Yard,Commuter Train - Pushing,40,0,17025,17025,H701,41.714316,-73.937325,31.6,31.8,29.4
BNSF,PR0521111,2021-05-26,3:40 PM,Rear end collision,0,POWDER RIVER,WY,65,2,Day,Clear,Main,Spec. MoW Equip.,0,125000,0,150000,H997,43.030339,-106.797748,58.3,56,53.8
BNSF,PR0521111,2021-05-26,3:40 PM,Rear end collision,0,POWDER RIVER,WY,65,2,Day,Clear,Main,Spec. MoW Equip.,10,25000,0,150000,H997,43.030339,-106.797748,58.3,56,53.8
NS,142196,2021-07-14,5:50 PM,Hwy-rail crossing,0,POWDER SPRINGS,GA,80,3,Dusk,Clear,Main,Freight Train,44,4688,15000,19688,M303,33.869003,-84.708795,74.6,76.9,79.7
KRR,KRR091216D,2016-09-26,9:05 AM,Derailment,0,POWDERLY,TX,75,2,Day,Cloudy,Main,Freight Train,8,26000,14500,40500,T220,33.802732,-95.527708,78,67.5,67.2
WC,989354,2019-02-27,9:00 AM,Derailment,0,POWERS,MI,3,2,Day,Snow,Yard,Yard/switching,6,9132,2000,11132,M101,45.687003,-87.528468,4.4,10.1,3.7
BNSF,CH0916200,2016-09-07,12:54 PM,Hwy-rail crossing,0,PRAIRIE DU CHIEN,WI,71,2,Day,Rain,Main,Maint./inspect Car,20,400000,0,400000,M302,43.064604,-91.142635,81.1,71.2,72.4
BNSF,CH0815111,2015-08-30,5:55 PM,Derailment,0,PRAIRIE DU CHIEN,WI,88,3,Dusk,Clear,Yard,Freight Train,7,97200,48000,145200,T221,43.015417,-91.131787,65.7,65.8,70.8
BNSF,CH0320106,2020-03-17,3:30 PM,Other impacts,0,PRAIRIE DU CHIEN,WI,46,2,Day,Clear,Industry,Freight Train,2,0,12000,12000,H307,43.064187,-91.139444,35,38,37.9
WSOR,230818005,2023-08-18,1:15 PM,Derailment,0,PRAIRIE DU CHIEN,WI,85,2,Day,Clear,Industry,Freight Train,9,139000,2663,141663,H303,43.06073,-91.15963,70.1,65.7,76.1
BNSF,CH0918102,2018-09-03,11:45 PM,Derailment,0,PRAIRIE DU CHIEN,WI,72,4,Dark,Rain,Main,Freight Train,55,1850,1567311,1569161,M103,43.11742,-91.142045,70.6,70.1,77.7
WSOR,IN17032902,2017-03-29,10:30 PM,Derailment,0,PRAIRIE DU CHIEN,WI,40,4,Dark,Rain,Yard,Freight Train,9,300000,0,381929,T210,43.017102,-91.133629,47.3,41.4,38.7
BNSF,CH0317123,2017-03-29,10:30 PM,Derailment,0,PRAIRIE DU CHIEN,WI,40,4,Dark,Rain,Yard,Freight Train,0,0,81929,381929,T210,43.017102,-91.133629,47.3,41.4,38.7
UP,0916KC006,2016-09-11,11:50 PM,Derailment,0,PRATT,KS,75,4,Dark,Cloudy,Yard,Freight Train,7,12215,24386,36601,H303,37.653805,-98.738732,62.6,66.7,74
UP,0420HL023,2020-04-30,4:25 PM,Derailment,0,PRATT,KS,78,2,Day,Clear,Yard,Freight Train,8,8893,4136,13029,T103,37.66481,-98.724576,59.1,61.7,70.9
UP,0317LK047,2017-03-30,9:00 AM,Fire/violent rupture,0,PRESCOTT,AR,65,2,Day,Clear,Main,Freight Train,38,21655,33,21688,E73L,33.799266,-93.384473,70,59.4,59.9
UP,0416KC008,2016-04-17,4:26 PM,Fire/violent rupture,0,PRESTON,KS,70,2,Day,Clear,Main,Freight Train,50,17712,33,17745,E74L,37.752782,-98.574346,59.3,53.7,48.9
CSX,000216357,2024-02-24,6:25 PM,Obstruction,0,PRESTONSBURG,KY,35,3,Dusk,Cloudy,Main,Freight Train,33,310000,0,310000,M404,37.665725,-82.742312,50.8,38.3,41.5
BNSF,SW1222104,2022-12-14,8:09 PM,Derailment,0,PREWITT,NM,17,3,Dusk,Clear,Main,Freight Train,5,100366,0,100366,E37C,35.379434,-108.09284,24.8,24.5,22.3
BNSF,SW0216107,2016-02-24,3:00 PM,Derailment,0,PREWITT,NM,53,2,Day,Clear,Main,Maint./inspect Car,3,18000,0,18000,H402,35.356525,-108.019957,30.8,33,34.7
UP,0621RM010,2021-06-07,4:22 PM,Derailment,0,PRICE,UT,90,2,Day,Clear,Main,Freight Train,45,10585,71310,81895,E34C,39.499487,-110.661221,77.2,76.3,72.3
UP,0718UT033,2018-07-29,8:40 AM,Derailment,0,PRICE,UT,92,2,Day,Clear,Siding,,0,0,3832,52901,H702,39.524503,-110.699283,74.6,76.3,80
UTAH,UTA097922R,2022-05-29,10:00 PM,Obstruction,0,PRICE,UT,45,4,Dark,Cloudy,Industry,Freight Train,3,68000,0,96334,E86C,39.596472,-110.768599,66.2,52.5,48.1
UP,0522RM028,2022-05-29,10:00 PM,Obstruction,0,PRICE,UT,48,4,Dark,Clear,Industry,,0,0,28334,96334,E86C,39.527374,-110.768585,66.2,52.5,48.1
BNSF,PR0718112,2018-07-29,8:40 AM,Derailment,0,PRICE,UT,80,1,Dawn,Clear,Siding,Light loco(s),5,49069,0,52901,H607,39.524503,-110.699283,74.6,76.3,80
UP,1221RM019,2021-12-21,12:20 AM,Derailment,0,PRICE,UT,21,4,Dark,Cloudy,Industry,Freight Train,1,18779,9450,28229,T110,39.527374,-110.768585,23,23.8,23.2
UP,0422RM001,2022-04-03,5:15 AM,Derailment,0,PRICE,UT,49,1,Dawn,Cloudy,Industry,Freight Train,4,171115,76691,247806,T402,39.537975,-110.768955,49.4,52,48.2
NS,134219,2019-06-06,9:40 AM,Hwy-rail crossing,0,PRICHARD,WV,72,2,Day,Clear,Main,Freight Train,44,16,96419,96435,M303,38.222095,-82.602764,71.2,73,70.5
ALE,2001CONTR,2020-11-17,2:26 PM,Obstruction,0,PRICHARD,AL,73,2,Day,Clear,Main,Spec. MoW Equip.,0,25000,0,53000,H315,30.738818,-88.087084,57.4,57.2,57.8
ALE,2001CONTR,2020-11-17,2:26 PM,Obstruction,0,PRICHARD,AL,73,2,Day,Clear,Main,Freight Train,18,0,0,53000,H315,30.738818,-88.087084,57.4,57.2,57.8
CSX,000175828,2018-04-16,9:30 AM,Derailment,0,PRINCE,WV,52,2,Day,Rain,Main,Freight Train,31,216032,2040,218072,M199,37.888356,-81.064108,61.4,35.9,35.6
NS,118247,2015-11-18,12:47 AM,Derailment,0,PRINCETON,IN,65,4,Dark,Rain,Industry,Freight Train,3,14000,0,14000,M101,38.36281,-87.591403,58.2,59.6,46.7
NS,122357,2016-10-08,11:15 AM,Derailment,0,PRINCETON,IN,70,2,Day,Clear,Yard,Freight Train,2,25250,700,25950,H601,38.340329,-87.539323,68.4,56.8,58
CSX,000207732,2022-10-11,12:45 AM,Obstruction,0,PRINCETON,IN,58,4,Dark,Clear,Industry,Freight Train,3,1000000,0,1000000,M404,38.36752,-87.587974,59.7,64.3,65.1
PAL,2016JAN1D,2016-01-20,2:40 AM,Other impacts,0,PRINCETON,KY,22,4,Dark,Snow,Main,Light loco(s),3,60000,0,60000,E09L,37.098849,-88.018759,18.8,27.1,29
NS,153704,2023-07-24,9:00 AM,Other (describe in narrative),0,PRINCETON,IN,76,2,Day,Clear,Yard,Freight Train,5,43970,4000,47970,H702,38.342158,-87.556993,75.5,79.8,81.1
NS,153543,2023-07-07,1:05 AM,Other impacts,0,PRINCETON,IN,70,4,Dark,Clear,Industry,Freight Train,9,130000,3000,133000,H702,38.334975,-87.523604,77.6,77.1,76.6
NS,120604,2016-05-22,3:35 PM,Derailment,0,PRINCETON,IN,80,2,Day,Clear,Yard,Freight Train,7,2180,11491,13671,M101,38.342193,-87.565399,61.4,66.1,68.2
NJTR,202407362,2024-06-30,1:00 AM,Other (describe in narrative),0,PRINCETON,NJ,74,4,Dark,Clear,Siding,EMU,0,21670,0,21670,E78L,40.317673,-40.317673,74,77.4,71.9
PAL,2019OCT1D,2019-10-11,6:16 PM,Derailment,0,PRINCETON,KY,54,3,Dusk,Cloudy,Yard,,0,0,38923,38923,H503,37.1076,-87.903,70.6,63.5,46.9
CP,1001416213,2021-01-22,6:20 PM,Hwy-rail crossing,0,PRINCETON,IA,25,3,Dusk,Clear,Main,Freight Train,37,21,36786,36807,M302,41.67727,-90.340787,33.1,12.7,13.9
FVRR,RRC201901,2019-10-11,6:16 PM,Derailment,0,PRINCETON,KY,54,3,Dusk,Cloudy,Yard,Freight Train,5,0,0,38923,T319,37.1076,-87.903,70.6,63.5,46.9
CSX,000177060,2018-06-17,8:12 PM,Derailment,2,PRINCETON,IN,89,3,Dusk,Clear,Main,Freight Train,38,1388329,0,1803908,T109,38.320793,-87.575316,83,83.7,83.4
CSX,000177060,2018-06-17,8:12 PM,Derailment,0,PRINCETON,IN,89,3,Dusk,Clear,Main,Cut of cars,0,131923,283656,1803908,T109,38.320793,-87.575316,83,83.7,83.4
UP,0715KC013,2015-07-17,3:47 PM,Derailment,0,PRINCETON,MO,95,2,Day,Clear,Main,Freight Train,44,10152,490497,500649,T002,40.395861,-93.573112,79,84.7,80.3
ATK,163227,2020-01-16,8:38 AM,Other (describe in narrative),0,PRINCETON JUNCTION,NJ,40,2,Day,Clear,Main,,0,0,0,398974,E07L,40.295976,-74.6497,43.9,42.7,26.7
NJTR,202002096,2020-01-16,8:38 AM,Other (describe in narrative),0,PRINCETON JUNCTION,NJ,40,2,Day,Clear,Main,Commuter Train - Pulling,80,398974,0,398974,E07L,40.295976,-74.6347,43.9,42.7,26.7
ATK,162017,2019-11-20,12:32 AM,Obstruction,0,PRINCETON JUNCTION,NJ,40,4,Dark,Clear,Main,Passenger Train - Pulling,81,37000,0,37000,M402,40.316786,-74.62342,42.1,42.2,45.1
ATK,181588,2024-08-13,9:42 AM,Obstruction,0,PRINCETON JUNCTION,NJ,81,2,Day,Clear,Main,Passenger Train - Pulling,90,29106,0,29106,M404,40.295976,-74.649699,71.3,70.8,73.4
ATK,161094,2019-09-15,6:11 PM,Other (describe in narrative),0,PRINCETON JUNCTION,NJ,70,4,Dark,Clear,Main,Passenger Train - Pulling,110,31200,4801,36001,E78L,40.323294,-74.621157,68.2,73.3,70.8
ATK,169569,2021-11-08,6:45 PM,Other (describe in narrative),0,PRINCETON JUNCTION,NJ,50,4,Dark,Clear,Main,EMU,0,0,6500,21500,T404,40.403145,-74.521748,41.4,49.9,54.2
NJTR,202112507,2021-11-08,6:45 PM,Other (describe in narrative),0,PRINCETON JUNCTION,NJ,50,4,Dark,Clear,Main,Commuter Train - Pulling,90,15000,0,21500,T404,40.403145,-74.521748,41.4,49.9,54.2
WC,1148465,2024-04-19,2:06 PM,Derailment,0,PROCTOR,MN,33,2,Day,Clear,Yard,Maint./inspect Car,0,4000,0,16505,M599,46.743584,-92.228495,42,34.6,36.7
WC,1148465,2024-04-19,2:06 PM,Derailment,0,PROCTOR,MN,33,2,Day,Clear,Yard,Freight Train,1,12505,0,16505,M599,46.743584,-92.228495,42,34.6,36.7
CSX,000197741,2021-05-22,7:30 AM,Derailment,0,PROCTOR,WV,70,1,Dawn,Clear,Industry,Freight Train,2,12280,500,12780,M504,39.5656,-80.6771,72.2,70.5,74.6
WC,1106366,2022-06-22,5:30 PM,Derailment,0,PROCTOR,MN,75,2,Day,Clear,Yard,Freight Train,5,8956,184406,193362,H704,46.742841,-92.227821,74.4,68.2,74.6
WC,1105800,2022-06-16,11:34 AM,Derailment,0,PROCTOR,MN,69,2,Day,Clear,Yard,Yard/switching,6,17367,12000,29367,H309,46.785216,-92.164307,59.2,66.3,66.2
WC,1150547,2024-05-26,7:15 AM,Derailment,0,PROCTOR,MN,65,2,Day,Clear,Yard,Freight Train,1,31894,36560,68454,H525,46.750465,-92.234331,56.5,55.2,56.7
WC,980014,2018-11-26,12:00 PM,Other impacts,0,PROCTOR,MN,16,2,Day,Clear,Yard,Yard/switching,5,13500,0,13500,H318,46.755693,-92.241719,21.3,15.2,16.1
WC,926214,2017-06-16,7:50 AM,Derailment,0,PROCTOR,MN,65,2,Day,Clear,Yard,Yard/switching,5,12000,5447,17447,H506,46.762042,-92.250393,62.5,68.5,64.5
VTR,1464,2018-11-27,1:40 PM,Derailment,0,PROCTOR,VT,30,2,Day,Cloudy,Siding,Freight Train,2,141457,15800,157257,T210,43.654921,-73.035881,36.1,32.5,32.1
BNSF,RD0317103,2017-03-03,12:55 AM,Other (describe in narrative),0,PROSPER,TX,39,4,Dark,Clear,Main,Freight Train,2,0,15000,15000,H702,33.254933,-96.802309,49.8,52.5,52.4
CSX,000139478,2014-12-26,10:00 AM,Derailment,0,PROSPERITY,SC,50,2,Day,Clear,Industry,Cut of cars,0,4668,0,112353,H307,34.217679,-81.497163,48,44,46.8
NS,113644,2014-12-26,10:00 AM,Derailment,0,PROSPERITY,SC,55,2,Day,Clear,Siding,,0,0,107685,112353,H307,34.217679,-81.497163,48,44,46.8
BNSF,NW0721107,2021-07-12,12:15 PM,Derailment,0,PROSSER,WA,100,2,Day,Clear,Yard,Freight Train,8,13171,26359,39530,M404,46.204633,-119.773281,79.6,79.3,81.5
UP,0616NP016,2016-06-15,2:20 AM,Derailment,0,PROSSER,NE,68,4,Dark,Clear,Industry,Yard/switching,1,139,12336,12475,M201,40.66706,-98.595677,77.5,83.1,83.2
PW,PWR240117R,2017-03-08,1:30 AM,Derailment,0,PROVIDENCE,RI,48,4,Dark,Rain,Industry,Yard/switching,3,58000,4000,62000,H306,41.798985,-71.399884,39.5,50.4,47.5
PAL,2015APR4D,2015-04-23,10:08 AM,Derailment,0,PROVIDENCE,KY,60,2,Day,Clear,Industry,Freight Train,4,18498,0,18498,T211,37.455169,-87.779663,54.8,51,52.4
CSX,000215605,2024-01-16,1:20 PM,Hwy-rail crossing,0,PROVIDENCE FORGE,VA,34,2,Day,Rain,Main,Freight Train,47,23838,10750,34588,M306,37.463936,-77.141207,32.9,30.1,23.7
ATK,157246,2019-01-18,11:09 AM,Hwy-rail crossing,0,PROVIDENCE FORGE,VA,46,2,Day,Cloudy,Main,Passenger Train - Pulling,61,20022,0,20022,M302,37.415722,-76.940075,36.1,41.3,43.7
BNSF,PR1218106,2018-12-07,10:25 AM,Derailment,0,PROVO,SD,10,2,Day,Clear,Main,Freight Train,37,14813,51000,65813,E61C,43.152633,-103.732538,12.3,14.8,25.8
BNSF,PR1218101,2018-12-01,1:50 AM,Other (describe in narrative),0,PROVO,SD,28,4,Dark,Fog,Main,Freight Train,4,0,35192,35192,H705,43.152467,-103.732313,35.7,30.1,25.6
UP,0617UT001,2017-06-01,10:00 PM,Other impacts,0,PROVO,UT,50,4,Dark,Clear,Yard,Cut of cars,0,2500,0,18382,H306,40.220094,-111.646006,73.2,71.5,67.6
UTAH,UTA998622D,2022-02-05,10:30 AM,Derailment,0,PROVO,UT,40,2,Day,Cloudy,Yard,,0,0,200000,393518,H607,40.213192,-111.639449,22.1,27.6,29.3
UFRC,0606161,2016-06-06,1:15 PM,Hwy-rail crossing,0,PROVO,UT,95,2,Day,Clear,Main,Commuter Train - Pushing,69,35750,1000,36750,M302,40.152737,-111.422212,76.1,80.9,79.5
UP,0617UT001,2017-06-01,10:00 PM,Other impacts,0,PROVO,UT,50,4,Dark,Clear,Yard,Yard/switching,6,14418,1464,18382,H306,40.220094,-111.646006,73.2,71.5,67.6
UTAH,UTA150019D,2019-08-17,3:10 PM,Derailment,0,PROVO,UT,91,2,Day,Clear,Yard,Freight Train,5,190000,34460,224460,H306,40.2143,-111.6408,75,74.3,76.6
UP,0323RM056,2023-03-29,2:37 PM,Derailment,0,PROVO,UT,54,2,Day,Clear,Yard,Yard/switching,6,18684,8154,26838,H703,40.218147,-111.647898,39.3,48,35.3