reportingrailroadcode,accidentnumber,date,time,accidenttype,hazmatreleasedcars,station,stateabbr,temperature,visibility_code,visibility,weathercondition,tracktype,equipmenttype,trainspeed,equipmentdamagecost,trackdamagecost,totaldamagecost,primaryaccidentcausecode,latitude,longitude,prior_temp,actual_temp,following_temp
UFRC,11091801,2018-11-09,11:39 AM,Hwy-rail crossing,0,PROVO,UT,37,2,Day,Clear,Main,Commuter Train - Pushing,55,70000,0,70000,M399,40.2387,-111.68669,33.3,29.6,34.8
UP,0623RM023,2023-06-23,3:45 PM,Derailment,0,PROVO,UT,76,2,Day,Clear,Yard,Yard/switching,5,27054,11620,38674,H307,40.216863,-111.647068,67.1,68.4,66.6
UTAH,UTA022722D,2022-03-06,10:00 AM,Derailment,0,PROVO,UT,33,2,Day,Snow,Yard,Freight Train,5,91815,30000,121815,H704,40.222489,-111.65024,40.4,32.1,30.3
BNSF,PR0222104,2022-02-05,10:30 AM,Derailment,0,PROVO,UT,45,2,Day,Clear,Yard,Freight Train,7,193518,0,393518,H607,40.213192,-111.639449,22.1,27.6,29.3
UP,0117UT010,2017-01-18,10:15 AM,Derailment,0,PROVO,UT,30,2,Day,Clear,Yard,Freight Train,5,11578,0,11578,M101,40.223196,-111.651452,22.6,23.7,32.4
UP,1015UT008,2015-10-27,8:50 AM,Derailment,0,PROVO,UT,45,2,Day,Clear,Yard,Freight Train,4,37260,100,37360,M404,40.207543,-111.648643,56.2,47.2,43.8
UP,1014UT011,2014-10-29,1:05 PM,Derailment,0,PROVO,UT,85,2,Day,Clear,Yard,Freight Train,4,6492,10796,17288,T199,40.211572,-111.64308,41.4,43.9,46.6
UP,0218UT029,2018-02-28,8:25 AM,Derailment,0,PROVO,UT,40,2,Day,Clear,Yard,Freight Train,5,52582,51764,104346,T205,40.223637,-111.650875,31.5,32,34.9
UP,1016WH006,2016-10-31,3:00 PM,Fire/violent rupture,0,PRYOR,OK,80,2,Day,Cloudy,Yard,Single Car,0,43971,0,43971,M406,36.249408,-95.336531,63,67.9,69.7
UP,1016WH005,2016-10-30,6:00 PM,Fire/violent rupture,0,PRYOR,OK,85,3,Dusk,Cloudy,Yard,Single Car,0,43971,0,43971,M406,36.243959,-95.337585,70.2,63,67.9
UP,0419HL010,2019-04-08,10:15 PM,Derailment,0,PRYOR,OK,63,4,Dark,Clear,Yard,Yard/switching,3,57147,102198,159345,H702,36.237489,-95.33869,64.8,66.2,66.8
UP,1220HL020,2020-12-27,3:30 PM,Derailment,0,PRYOR,OK,60,2,Day,Clear,Yard,Yard/switching,10,26722,44700,71422,E49C,36.243083,-95.337703,45.4,51,36.6
UP,0115WH009,2015-01-20,9:40 PM,Other impacts,0,PRYOR,OK,30,3,Dusk,Fog,Industry,Freight Train,5,8629,3000,11629,H306,36.246837,-95.336928,47.6,42.3,39.3
UP,1015WH004,2015-10-21,10:30 AM,Derailment,0,PRYOR,OK,75,2,Day,Clear,Yard,Freight Train,11,6047,8752,14799,T399,36.246816,-95.337022,66.9,68.4,67.7
BNSF,PR0115122,2015-01-31,9:40 AM,Derailment,0,PUEBLO,CO,50,2,Day,Clear,Yard,Yard/switching,5,9885,12000,21885,H507,38.271281,-104.625052,37.2,37.5,30.4
BNSF,PR0215111,2015-02-27,10:10 AM,Derailment,0,PUEBLO,CO,17,2,Day,Cloudy,Yard,Freight Train,6,16595,2500,19095,M101,38.223517,-104.604167,17.8,13.9,13.3
BNSF,PR0417104,2017-04-12,7:30 AM,Derailment,0,PUEBLO,CO,60,1,Dawn,Clear,Yard,Yard/switching,4,18832,0,18832,H507,38.271127,-104.624486,52.6,60.1,60.6
BNSF,PR0715110,2015-07-22,9:36 PM,Derailment,0,PUEBLO,CO,74,4,Dark,Clear,Yard,Freight Train,6,9690,2000,11690,E35C,38.272198,-104.626103,72.8,77.1,82.8
BNSF,PR0118103,2018-01-06,5:03 AM,Derailment,0,PUEBLO,CO,20,1,Dawn,Clear,Yard,Yard/switching,5,13070,100,13170,E29C,38.268354,-104.620926,30.5,32.9,41.5
SLAL,103019VP02,2019-10-30,4:10 PM,Derailment,0,PUEBLO,CO,0,2,Day,Clear,Industry,,0,0,744,1488,H017,38.188447,-104.613387,21.3,12.3,15.9
UP,0517DV008,2017-05-09,12:40 PM,Derailment,0,PUEBLO,CO,55,2,Day,Rain,Yard,Yard/switching,5,130263,8412,138675,H317,38.265756,-104.620204,61.1,55.1,54.5
BNSF,PR1018107,2018-10-11,5:15 AM,Derailment,0,PUEBLO,CO,45,1,Dawn,Rain,Yard,Light loco(s),0,4000,0,68246,H307,38.269588,-104.622186,38.7,40.7,49.5
BNSF,PR1115104,2015-11-15,9:30 PM,Derailment,0,PUEBLO,CO,45,4,Dark,Clear,Industry,Freight Train,10,44050,2000,46050,H607,38.115787,-104.634915,41.9,43.2,42.9
BNSF,PR0120114,2020-01-22,3:05 AM,Derailment,0,PUEBLO,CO,29,4,Dark,Clear,Yard,Yard/switching,10,14810,18633,33443,H506,38.235076,-104.602949,33.2,43.3,32
BNSF,PR0316103,2016-03-09,4:00 PM,Raking collision,0,PUEBLO,CO,55,2,Day,Clear,Yard,Yard/switching,9,169447,0,170247,H307,38.281566,-104.634381,43.3,46,48.4
BNSF,PR0715122,2015-07-31,3:22 PM,Derailment,0,PUEBLO,CO,90,2,Day,Clear,Yard,Freight Train,6,43187,7000,61453,E35C,38.270714,-104.623335,77.3,77.1,75.7
BNSF,PR1023107,2023-10-13,11:33 AM,Derailment,0,PUEBLO,CO,55,2,Day,Clear,Yard,Yard/switching,8,264061,0,264061,H306,38.273534,-104.626125,56.4,49.5,41.8
BNSF,PR0715122,2015-07-31,3:22 PM,Derailment,0,PUEBLO,CO,90,2,Day,Clear,Yard,Cut of cars,0,11266,0,61453,E35C,38.270714,-104.623335,77.3,77.1,75.7
UP,1119GP021,2019-11-19,8:08 AM,Derailment,0,PUEBLO,CO,61,2,Day,Clear,Yard,Yard/switching,4,61009,5401,66410,H702,38.27643,-104.637785,47.9,44.6,43.5
BNSF,PR0323105,2023-03-08,10:45 AM,Derailment,0,PUEBLO,CO,35,2,Day,Clear,Yard,,0,0,2147,26448,H607,38.211423,-104.611319,30.2,32.8,37.7
BNSF,PR1215108,2015-12-08,7:20 PM,Side collision,0,PUEBLO,CO,48,3,Dusk,Clear,Yard,Yard/switching,7,17000,0,17500,H018,38.272312,-104.624984,37.7,50.1,46.1
BNSF,PR1215108,2015-12-08,7:20 PM,Side collision,0,PUEBLO,CO,48,3,Dusk,Clear,Yard,Single Car,2,500,0,17500,H018,38.272312,-104.624984,37.7,50.1,46.1
BNSF,PR1023108,2023-10-15,4:24 PM,Derailment,0,PUEBLO,CO,62,2,Day,Clear,Main,Freight Train,32,2353722,10400000,12753722,M505,38.389038,-104.619159,41.8,48.9,53.9
BNSF,PR0316103,2016-03-09,4:00 PM,Raking collision,0,PUEBLO,CO,55,2,Day,Clear,Yard,Cut of cars,0,800,0,170247,H307,38.281566,-104.634381,43.3,46,48.4
BNSF,PR0216109,2016-02-09,2:55 AM,Derailment,0,PUEBLO,CO,18,4,Dark,Clear,Yard,Yard/switching,6,16487,0,16487,H507,38.277246,-104.631522,33.9,37.3,51.4
BNSF,PR0416106,2016-04-22,8:45 PM,Derailment,0,PUEBLO,CO,65,3,Dusk,Clear,Yard,Yard/switching,2,15620,12500,28120,H504,38.268141,-104.620571,55.7,60.9,63.9
BNSF,PR1018107,2018-10-11,5:15 AM,Derailment,0,PUEBLO,CO,45,1,Dawn,Rain,Yard,Yard/switching,6,62746,1500,68246,H307,38.269588,-104.622186,38.7,40.7,49.5
UP,0517DV031,2017-05-30,5:22 PM,Derailment,0,PUEBLO,CO,80,3,Dusk,Rain,Yard,Freight Train,8,4560,21937,26497,H702,38.273882,-104.630247,61.8,63,66.2
BNSF,PR0315200,2015-03-13,5:30 PM,Hwy-rail crossing,0,PUEBLO,CO,47,3,Dusk,Cloudy,Main,Freight Train,38,28759,0,28759,M308,38.158823,-104.615674,51.7,52.8,48.6
UP,1015DV009,2015-10-21,2:10 PM,Derailment,0,PUEBLO,CO,50,2,Day,Rain,Yard,Yard/switching,4,14156,99,14255,E39C,38.273081,-104.628748,61.8,53.2,52.1
CW,04032023,2023-03-08,10:45 AM,Derailment,0,PUEBLO,CO,35,2,Day,Clear,Yard,Yard/switching,4,22804,1497,26448,H607,38.211423,-104.611319,30.2,32.8,37.7
UP,0523GP011,2023-05-08,4:30 PM,Other impacts,0,PUEBLO,CO,76,2,Day,Cloudy,Yard,Yard/switching,7,33372,7876,88621,H307,38.272403,-104.627955,64.1,61.1,67.9
UP,0523GP011,2023-05-08,4:30 PM,Other impacts,0,PUEBLO,CO,76,2,Day,Cloudy,Yard,Cut of cars,0,47373,0,88621,H307,38.272403,-104.627955,64.1,61.1,67.9
BNSF,PR1219114,2019-12-26,10:36 AM,Derailment,0,PUEBLO,CO,40,2,Day,Clear,Yard,Yard/switching,4,24403,13500,37903,H505,38.275981,-104.630671,39.9,32.3,30
BNSF,PR0820105,2020-08-08,10:20 AM,Derailment,0,PUEBLO,CO,85,2,Day,Clear,Yard,Yard/switching,3,14865,2900,17765,H505,38.274868,-104.629545,81.8,80.4,81.5
BNSF,PR0520103,2020-05-09,10:41 PM,Derailment,0,PUEBLO,CO,55,4,Dark,Clear,Yard,Light loco(s),8,12000,7200,19200,H307,38.268299,-104.620757,51.5,55.5,54.5
BNSF,PR0623104,2023-06-09,3:19 AM,Derailment,0,PUEBLO,CO,40,4,Dark,Clear,Yard,Yard/switching,10,13202,5200,18402,H504,38.27204,-104.626232,71.4,67.9,65.6
BNSF,PR0818110,2018-08-31,6:30 AM,Derailment,0,PUEBLO,CO,71,1,Dawn,Cloudy,Yard,Freight Train,0,20000,0,331952,H704,38.272067,-104.624736,77.8,78.7,75.5
BNSF,PR0620108,2020-06-18,3:30 AM,Derailment,0,PUEBLO,CO,61,4,Dark,Clear,Siding,,0,0,5000,23166,H702,38.211944,-104.610833,81.5,72.8,62.2
BNSF,PR0820101,2020-08-01,7:30 AM,Derailment,0,PUEBLO,CO,80,1,Dawn,Clear,Yard,Yard/switching,1,6573,38000,44573,E39C,38.273051,-104.626697,70.9,73.4,72.4
BNSF,PR1121107,2021-11-27,11:00 PM,Derailment,0,PUEBLO,CO,20,4,Dark,Clear,Yard,Freight Train,6,14456,0,14456,H503,38.267706,-104.620377,45.1,43.8,40.2
BNSF,PR0818110,2018-08-31,6:30 AM,Derailment,0,PUEBLO,CO,71,1,Dawn,Cloudy,Yard,Yard/switching,6,311452,500,331952,H704,38.272067,-104.624736,77.8,78.7,75.5
CW,19112020,2020-11-09,8:00 PM,Derailment,0,PUEBLO,CO,45,4,Dark,Clear,Yard,Yard/switching,30,4535,14861,19396,H008,38.241869,-104.594865,54.6,43.9,37.2
CW,10062020,2020-06-18,3:30 AM,Derailment,0,PUEBLO,CO,61,4,Dark,Clear,Siding,Yard/switching,3,12305,5861,23166,H702,38.211944,-104.610833,81.5,72.8,62.2
UP,0922GP001,2022-09-01,2:00 AM,Derailment,0,PUEBLO,CO,65,4,Dark,Clear,Yard,Freight Train,8,11755,7920,19675,E4TC,38.275363,-104.634829,75.9,75.5,77.6
BNSF,PR0617118,2017-06-25,3:51 AM,Other impacts,0,PUEBLO,CO,60,4,Dark,Clear,Yard,Yard/switching,7,7172,0,113901,H307,38.273433,-104.6287,67.8,70.6,72.6
BNSF,PR1217107,2017-12-10,12:25 AM,Derailment,0,PUEBLO,CO,28,4,Dark,Clear,Yard,Yard/switching,8,11500,0,11500,H607,38.267219,-104.620127,43.1,35.1,36
BNSF,PR1116113,2016-11-21,11:02 AM,Derailment,0,PUEBLO,CO,55,2,Day,Clear,Yard,Yard/switching,10,11228,28634,39862,H503,38.271678,-104.623791,54,51.1,44.7
BNSF,PR1217111,2017-12-08,1:12 PM,Derailment,0,PUEBLO,CO,57,2,Day,Cloudy,Yard,Yard/switching,3,9301,15000,24301,H703,38.271398,-104.625022,25.7,45.4,43.1
CW,15052015,2015-05-05,2:15 PM,Derailment,0,PUEBLO,CO,0,2,Day,Rain,Yard,Yard/switching,8,8041,10710,18751,T110,38.230118,-104.599166,59.2,52.7,55.5
UP,0619GP044,2019-06-29,1:32 PM,Derailment,0,PUEBLO,CO,99,2,Day,Clear,Yard,Freight Train,5,21870,2430,24300,T110,38.271926,-104.628231,82.2,82.1,80.8
CW,14072020,2020-07-16,7:30 PM,Derailment,0,PUEBLO,CO,95,3,Dusk,Clear,Yard,Yard/switching,4,11093,7185,18278,T110,38.221388,-104.607222,71.8,73.4,80
BNSF,PR0715100,2015-07-01,11:15 AM,Derailment,0,PUEBLO,CO,82,2,Day,Clear,Yard,Freight Train,5,5600,54771,60371,T316,38.290208,-104.639927,80.5,79.6,72.4
UP,0421GP021,2021-04-10,4:03 PM,Derailment,0,PUEBLO,CO,69,2,Day,Clear,Yard,Light loco(s),3,250,28050,28300,T314,38.259788,-104.614107,49.8,46.9,52
NS,131993,2018-12-09,8:00 PM,Hwy-rail crossing,0,PURVIS,MS,40,4,Dark,Clear,Main,Freight Train,44,11679,9278,20957,M308,31.207039,-89.386778,48,42.3,44.1
ATK,177651,2023-12-20,8:38 PM,Hwy-rail crossing,0,PUYALLUP,WA,41,4,Dark,Fog,Main,Passenger Train - Pulling,72,12158,0,12158,M308,47.19318,-122.298393,47.7,41.6,42.5
ATK,172554,2022-10-30,10:33 PM,Hwy-rail crossing,0,PUYALLUP,WA,55,4,Dark,Rain,Main,Passenger Train - Pulling,74,24402,0,24402,M308,47.195217,-122.309637,48.7,52.5,51.4
BNSF,NW1223204,2023-12-20,8:38 PM,Hwy-rail crossing,0,PUYALLUP,WA,41,4,Dark,Fog,Main,,0,0,0,12158,M402,47.193256,-122.29872,47.7,41.6,42.5
UP,0519TO001,2019-05-01,7:08 AM,Fire/violent rupture,0,PYOTE,TX,60,2,Day,Clear,Main,Freight Train,5,33371,0,33371,E73L,31.504601,-103.223634,76,74,69.8
UP,0519ES049,2019-05-24,3:22 AM,Derailment,0,PYOTE,TX,76,4,Dark,Clear,Main,Spec. MoW Equip.,20,12324,0,12324,E68C,31.527191,-103.141379,84.8,80,78.2
UP,0524TO004,2024-05-01,2:50 PM,Derailment,0,PYOTE,TX,92,2,Day,Cloudy,Main,Freight Train,56,2899921,490795,3390716,T204,31.518153,-103.174336,77.4,78.8,76.9
BNSF,RD0923120,2023-09-13,3:17 PM,Derailment,0,QUANAH,TX,94,2,Day,Clear,Yard,Light loco(s),3,2000,11269,13269,H306,34.307739,-99.731574,69.2,70.9,71.3
CSX,000164905,2016-12-06,5:48 AM,Obstruction,0,QUANTICO,VA,44,1,Dawn,Clear,Main,,0,0,0,13707,M402,38.438328,-77.338245,43.8,43.6,44.3
VREX,120616,2016-12-06,5:48 AM,Obstruction,0,QUANTICO,VA,44,1,Dawn,Clear,Main,Commuter Train - Pushing,27,13707,0,13707,M402,38.438329,-77.338246,43.8,43.6,44.3
ATK,171989,2022-09-11,5:30 PM,Fire/violent rupture,0,QUANTICO,VA,81,2,Day,Cloudy,Main,Passenger Train - Pulling,54,13095,0,13095,M406,38.473625,-77.32093,73.6,76.4,76.1
BNSF,HL0720117,2020-07-27,1:30 AM,Derailment,0,QUAPAW,OK,78,4,Dark,Clear,Main,Freight Train,41,11547,200,11747,E34C,36.989342,-94.760686,84,77.6,77.8
UP,0317LK022,2017-03-15,9:15 AM,Derailment,0,QUEEN CITY,TX,40,2,Day,Clear,Industry,Yard/switching,1,63611,6930,70541,H522,33.271064,-94.099742,44.5,44.4,52.5
UP,0915LK040,2015-09-27,12:30 PM,Fire/violent rupture,0,QUEEN CITY,TX,90,2,Day,Clear,Main,Freight Train,40,707971,0,707971,E73L,33.233337,-94.134717,74.2,75,77
LI,EQ20170602,2017-06-10,10:12 AM,Other (describe in narrative),0,QUEENS VILLAGE,NY,81,2,Day,Clear,Main,EMU,78,29129,1138,30267,M599,40.71797,-73.734519,69.1,74.2,78.3
LI,80585,2023-09-07,10:09 AM,Derailment,0,QUEENS VILLAGE,NY,90,2,Day,Clear,Main,Work train,5,0,215706,215706,M405,40.71838,-73.732498,83.1,83,77.7
LI,82924,2024-07-06,8:33 AM,Derailment,0,QUEENS VILLAGE,NY,71,2,Day,Clear,Yard,Passenger Train - Pulling,2,544629,60060,604689,H704,40.71699,-73.72877,77.1,77.4,80.8
UP,1218SX021,2018-12-27,1:20 AM,Derailment,0,QUEMADO,TX,48,4,Dark,Rain,Main,Work train,17,5381,510300,515681,M204,29.160558,-100.393218,55,51.8,39.9
UP,1020SX001,2020-10-01,3:24 AM,Derailment,0,QUEMADO,TX,59,4,Dark,Clear,Main,,0,0,116145,750263,T220,29.197261,-100.296086,68.5,71.8,73
ATK,152121,2018-02-26,11:16 PM,Hwy-rail crossing,0,QUINBY,SC,47,4,Dark,Clear,Main,Passenger Train - Pulling,78,16714,0,16714,M308,34.202414,-79.704567,68.4,61.6,52.4
BJRY,101220201,2020-10-12,11:31 AM,Derailment,0,QUINCY,IL,59,2,Day,Clear,Yard,Yard/switching,8,140000,61750,201750,T220,39.897679,-91.407813,69.4,63.7,59.1
ATK,159297,2019-06-02,12:11 PM,Derailment,0,QUINCY,IL,71,2,Day,Clear,Industry,Passenger Train - Pushing,9,57602,0,59102,H507,39.958195,-91.366252,70.8,68.7,67.7
BNSF,NW1214120,2014-12-13,8:23 AM,Fire/violent rupture,0,QUINCY,WA,70,1,Dawn,Clear,Main,Freight Train,10,11000,0,11000,E71L,47.384923,-119.433649,42.4,40.8,33.7
IORY,IOR305820D,2020-01-15,4:45 PM,Derailment,0,QUINCY,OH,46,2,Day,Rain,Main,Freight Train,20,4282,86448,90730,E53C,40.296547,-83.971169,38.7,39.7,31.1
BNSF,CH0619102,2019-06-02,1:07 PM,Derailment,0,QUINCY,IL,76,2,Day,Clear,Yard,,0,0,1500,59102,H507,39.960705,-91.36232,70.8,68.7,67.7
BNSF,HL0217101,2017-02-09,12:59 AM,Derailment,0,QUINCY,IL,17,4,Dark,Clear,Yard,Yard/switching,10,7475,0,7475,T110,39.951982,-91.418256,24,16.9,42.3
CSX,000174412,2018-01-30,6:50 AM,Derailment,2,QUINCY,FL,43,1,Dawn,Cloudy,Main,Freight Train,24,264175,157174,421349,T207,30.582315,-84.591416,58.6,44.2,43.5
BJRY,1228161,2016-12-28,3:30 PM,Derailment,0,QUINCY,IL,48,2,Day,Clear,Industry,Yard/switching,5,10000,1000000,1010000,T210,39.889455,-91.404747,34.2,39.5,37.7
CSX,000212702,2023-08-01,3:12 PM,Derailment,0,QUINWOOD,WV,85,2,Day,Clear,Industry,Freight Train,6,16918,2500,19418,T109,38.027619,-80.630288,67.1,64.3,65.5
MDS,20021701,2020-02-07,12:08 PM,Derailment,0,QUITMAN,MS,61,2,Day,Cloudy,Main,Freight Train,6,290000,135000,425000,T202,32.010993,-88.726368,49.7,42.1,50.2
LI,69002,2019-01-03,5:03 AM,Hwy-rail crossing,0,QUOGUE,NY,40,4,Dark,Clear,Main,Passenger Train - Pulling,20,24885,818,25703,M303,40.834515,-72.607656,33.6,39.6,34.3
BNSF,RD0921105,2021-09-04,12:20 PM,Derailment,0,RACELAND,LA,90,2,Day,Clear,Main,Freight Train,5,233094,100597,333691,H701,29.747358,-90.609796,82.8,83.3,82.2
BNSF,RD1021203,2021-10-08,8:00 AM,Hwy-rail crossing,0,RACELAND,LA,75,1,Dawn,Clear,Main,Maint./inspect Car,13,70000,0,70000,M302,29.749769,-90.626545,77,77.1,76.2
CSX,000171428,2017-09-03,12:19 PM,Derailment,0,RACINE,WV,86,2,Day,Clear,Main,Freight Train,18,80878,71200,152078,E47C,38.14174,-81.65959,61.1,64.6,69.1
UP,0419GL012,2019-04-08,3:59 AM,Derailment,0,RACINE,WI,53,4,Dark,Clear,Main,Freight Train,12,152644,594678,747322,T205,42.803125,-87.821451,51.1,58.4,53.8
NS,152838,2023-04-17,8:00 AM,Derailment,0,RADFORD,VA,50,2,Day,Clear,Yard,Light loco(s),0,12843,0,12843,H017,37.135983,-80.540768,59,51.1,56.5
NS,137771,2020-04-20,12:13 AM,Hwy-rail crossing,0,RADFORD,VA,61,4,Dark,Clear,Main,Work train,17,16100,5099,21199,M303,37.15073,-80.522071,47.4,53.1,54.8
BNSF,SW1019115,2019-10-31,2:30 AM,Derailment,0,RADIUM SPRINGS,NM,30,4,Dark,Clear,Main,Freight Train,37,499217,200000,699217,T207,32.495656,-106.919684,48.8,38.3,45.6
SEPA,18710,2015-07-01,5:20 AM,Other (describe in narrative),0,RADNOR,PA,70,1,Dawn,Cloudy,Main,Passenger Train - Pulling,50,5272,0,23157,M404,40.0496,-75.4038,73.1,75.4,70.5
ATK,138090,2015-07-01,5:20 AM,Other (describe in narrative),0,RADNOR,PA,70,1,Dawn,Cloudy,Main,,0,0,17885,23157,M404,40.049694,-75.403783,73.1,75.4,70.5
SEPA,SEPA040223,2023-04-02,6:17 AM,Other (describe in narrative),0,RADNOR,PA,45,1,Dawn,Cloudy,Main,EMU,0,0,27383,54766,T404,40.044788,-75.35903,61,45.1,47.1
ATK,174665,2023-04-02,6:17 AM,Other (describe in narrative),0,RADNOR,PA,45,1,Dawn,Cloudy,Main,EMU,0,0,27383,54766,T404,40.044788,-75.35903,61,45.1,47.1
KO,20160218,2016-02-17,3:00 PM,Fire/violent rupture,0,RAGO,KS,78,2,Day,Clear,Main,Freight Train,9,0,12892,12892,H599,37.472335,-98.090885,47,49,62.2
ATK,145293,2016-11-23,7:15 AM,Other (describe in narrative),0,RAHWAY,NJ,40,2,Day,Clear,Main,Passenger Train - Pulling,60,20000,1500,21500,E78L,40.621651,-74.260234,38.9,39.8,43.6
ATK,152805,2018-04-16,2:41 PM,Other (describe in narrative),0,RAHWAY,NJ,62,2,Day,Rain,Main,Passenger Train - Pulling,120,41498,0,41498,E78L,40.608159,-74.277646,42.1,49.3,42.9
ATK,175420,2023-07-07,5:40 AM,Other (describe in narrative),0,RAHWAY,NJ,75,1,Dawn,Clear,Main,,0,0,44590,44590,E78L,40.599527,-74.284203,82.8,79.8,80.3
ATK,138544,2015-07-30,7:35 PM,Other (describe in narrative),0,RAHWAY,NJ,82,3,Dusk,Clear,Main,Passenger Train - Pulling,30,20000,1000,21000,T404,40.701138,-74.234598,85.7,80.7,82.2
ATK,174384,2023-04-13,6:48 PM,Other (describe in narrative),0,RAHWAY,NJ,65,4,Dark,Clear,Main,Passenger Train - Pulling,0,13565,7469,21034,T404,40.606104,-74.276815,73.2,76.4,77.8
CSX,000166332,2017-01-28,12:16 AM,Derailment,0,RAINELLE,WV,21,4,Dark,Snow,Industry,Freight Train,6,28567,1370,29937,E42C,37.965917,-80.780267,27.1,30.7,29.9
CSX,000139374,2014-12-29,8:30 PM,Derailment,0,RALEIGH,NC,43,4,Dark,Rain,Yard,Freight Train,6,11677,1000,12677,T314,35.792418,-78.640154,54.9,49.3,37
NS,118811,2016-01-06,11:40 PM,Derailment,0,RALEIGH,NC,72,4,Dark,Cloudy,Industry,Freight Train,5,24812,200,25012,T110,35.749943,-78.634698,27.9,33.2,40.2
CSX,000160585,2016-06-15,8:41 PM,Derailment,0,RALEIGH,NC,75,4,Dark,Rain,Yard,Freight Train,5,41667,1075,42742,T310,35.792614,-78.640074,75.2,78.1,80.7
UP,1022GL011,2022-10-10,1:40 PM,Hwy-rail crossing,0,RALSTON,IA,77,2,Day,Clear,Main,Freight Train,45,9101,140150,149251,M303,42.041756,-94.641298,53.2,55.2,66.4
SKOL,161207003,2016-12-07,9:15 PM,Derailment,0,RAMONA,OK,29,4,Dark,Clear,Main,Freight Train,10,34998,4500,39498,T210,36.532341,-95.923058,40.2,33.7,24.8
SKOL,231029002,2023-10-29,10:48 AM,Derailment,0,RAMONA,OK,37,2,Day,Clear,Main,Freight Train,24,314475,27476,341951,T202,36.509493,-95.909757,44.6,38,36.4
BNSF,PR1117106,2017-11-10,1:00 PM,Obstruction,0,RANCHESTER,WY,42,2,Day,Clear,Yard,Maint./inspect Car,10,75000,250,150250,H402,44.910611,-107.165232,28.7,33.6,30.2
BNSF,PR1117106,2017-11-10,1:00 PM,Obstruction,0,RANCHESTER,WY,42,2,Day,Clear,Yard,Maint./inspect Car,0,75000,0,150250,H402,44.910611,-107.165232,28.7,33.6,30.2
UP,0124GL002,2024-01-03,10:00 AM,Obstruction,0,RANDALL,IA,28,2,Day,Cloudy,Main,Freight Train,17,0,0,70000,H404,42.239988,-93.603909,31.2,29.3,28
UP,0124GL002,2024-01-03,10:00 AM,Obstruction,0,RANDALL,IA,28,2,Day,Cloudy,Main,Spec. MoW Equip.,0,70000,0,70000,H404,42.239988,-93.603909,31.2,29.3,28
NS,121077,2016-07-01,5:05 PM,Derailment,0,RANDLEMAN,NC,83,3,Dusk,Clear,Main,Freight Train,21,19742,238765,258507,E40C,35.798651,-79.814684,74.2,77.8,79
NS,132559,2019-01-23,12:20 PM,Derailment,0,RANDLEMAN,NC,35,2,Day,Cloudy,Industry,Freight Train,4,84945,50,84995,H307,35.803223,-79.824855,27.5,43.4,54.5
NS,134351,2019-06-14,3:16 PM,Other impacts,0,RANDOLPH,AL,83,2,Day,Clear,Main,Freight Train,7,0,16723,16723,H312,32.955245,-86.908097,70.6,70.9,75.3
MBTA,19113,2019-05-05,8:48 AM,Hwy-rail crossing,0,RANDOLPH,MA,55,2,Day,Rain,Main,Passenger Train - Pushing,62,31373,0,31373,M308,42.149686,-71.029188,52.2,49.4,51.4
WSOR,240814005,2024-08-14,2:07 PM,Hwy-rail crossing,0,RANDOM LAKE,WI,82,2,Day,Clear,Main,Freight Train,25,369983,120280,490263,M302,43.572,-87.954853,69.5,67.8,67.4
ALAB,12232015,2015-12-23,10:00 AM,Derailment,0,RANGE,AL,74,2,Day,Rain,Main,Freight Train,7,2600,18000,20600,T110,31.324444,-87.24,65.8,69.5,75
PNRW,PN160718A,2016-07-18,1:17 PM,Hwy-rail crossing,0,RANLO,NC,84,2,Day,Clear,Main,Freight Train,26,112203,27477,139680,M302,35.277275,-81.120739,77.1,79.8,81.6
RBMN,L04022401,2024-04-02,12:30 PM,Derailment,0,RANSOM,PA,42,2,Day,Rain,Siding,Freight Train,6,3924,10027,13951,T101,41.386181,-75.799911,45.7,44.7,42.3
BNSF,CH0420106,2020-04-11,7:49 PM,Derailment,0,RANSOM,IL,40,3,Dusk,Rain,Industry,Freight Train,3,19600,0,19600,T311,41.157863,-88.657472,41.7,53.5,55.4
ATK,138006,2015-06-27,10:15 PM,Hwy-rail crossing,0,RANTOUL,IL,66,4,Dark,Clear,Main,Passenger Train - Pulling,79,16548,0,17071,M308,40.282752,-88.171116,69.9,68.7,69.1
IC,856858,2015-06-27,10:15 PM,Hwy-rail crossing,0,RANTOUL,IL,66,4,Dark,Clear,Main,,0,0,523,17071,M308,40.282752,-88.171116,69.9,68.7,69.1
RCPE,RCP648420D,2020-12-23,6:30 PM,Derailment,0,RAPID CITY,SD,25,4,Dark,Cloudy,Yard,Yard/switching,5,1810,30000,31810,T103,44.0589,-103.19066,46.4,18.5,36.9
RCPE,RCP761115D,2015-06-23,12:00 PM,Derailment,0,RAPID CITY,SD,78,2,Day,Cloudy,Yard,Yard/switching,5,10000,5000,15000,T001,44.062762,-103.191366,66.9,66.6,68.6
NJTR,202011394,2020-11-06,4:07 AM,Derailment,0,RARITAN,NJ,50,4,Dark,Clear,Yard,Yard/switching,5,17928,4795,22723,H704,40.570547,-74.643187,47.9,51.6,52.9
NJTR,201610528,2016-10-05,11:45 PM,Derailment,0,RARITAN,NJ,60,4,Dark,Clear,Yard,Yard/switching,5,11000,2371,13371,H704,40.570274,-74.648976,62.1,59.2,57.6
NJTR,201811542,2018-11-17,1:45 AM,Derailment,0,RARITAN,NJ,40,4,Dark,Cloudy,Yard,Yard/switching,6,57566,51830,109396,H704,40.570323,-74.647319,38.1,41.7,37.9