reportingrailroadcode,accidentnumber,date,time,accidenttype,hazmatreleasedcars,station,stateabbr,temperature,visibility_code,visibility,weathercondition,tracktype,equipmenttype,trainspeed,equipmentdamagecost,trackdamagecost,totaldamagecost,primaryaccidentcausecode,latitude,longitude,prior_temp,actual_temp,following_temp
NJTR,202202072,2022-01-03,1:16 AM,Derailment,0,RARITAN,NJ,19,4,Dark,Clear,Yard,Yard/switching,2,10277,1234,11511,H018,40.570457,-74.643427,51,30.5,24.5
NJTR,202303083,2023-02-22,10:02 PM,Derailment,0,RARITAN,NJ,37,4,Dark,Cloudy,Yard,Commuter Train - Pushing,6,16554,939,17493,H303,40.570514,-74.64229,40.3,33.9,41.7
NJTR,201912652,2019-11-28,9:25 PM,Derailment,0,RARITAN,NJ,40,4,Dark,Clear,Yard,Light loco(s),10,19215,0,19215,H017,40.570202,-74.64472,47,45.6,35.8
NJTR,201911640,2019-11-20,12:50 AM,Derailment,0,RARITAN,NJ,43,4,Dark,Cloudy,Yard,Yard/switching,5,18550,42634,61184,H704,40.570362,-74.646319,41.7,41.7,44
NJTR,201503152,2015-03-02,9:30 PM,Derailment,0,RARITAN,NJ,29,4,Dark,Clear,Yard,Yard/switching,5,24485,0,24485,H303,40.570355,-74.646584,19.5,32.5,25.2
NJTR,202001001,2020-01-01,9:15 PM,Derailment,0,RARITAN,NJ,37,4,Dark,Clear,Yard,Commuter Train - Pushing,10,25674,36030,61704,H704,40.570323,-74.650977,40.2,35.9,33.3
NJTR,201702059,2017-02-17,12:01 AM,Other impacts,0,RARITAN,NJ,27,4,Dark,Clear,Yard,Yard/switching,3,33142,3850,71984,H020,40.570282,-74.643301,32.6,32.2,41.5
NJTR,201702059,2017-02-17,12:01 AM,Other impacts,0,RARITAN,NJ,27,4,Dark,Clear,Yard,Single Car,1,31142,3850,71984,H020,40.570282,-74.643301,32.6,32.2,41.5
NJTR,201808408,2018-08-15,6:35 AM,Derailment,0,RARITAN,NJ,74,1,Dawn,Cloudy,Yard,Yard/switching,5,7000,13423,20423,T110,40.570109,-74.647133,71.6,76.8,78
BNSF,NW0720109,2020-07-18,2:10 PM,Derailment,0,RATHDRUM,ID,80,2,Day,Clear,Yard,Freight Train,2,6900,3940,10840,H318,47.776722,-116.955214,69.7,69.2,71.2
BNSF,NW1121101,2021-11-01,7:30 PM,Derailment,0,RATHDRUM,ID,37,3,Dusk,Clear,Yard,Freight Train,10,20847,0,20847,H706,47.786544,-116.937447,38,39.6,42.4
BNSF,NW0623104,2023-06-07,4:20 AM,Derailment,0,RATHDRUM,ID,50,1,Dawn,Clear,Yard,Light loco(s),5,42500,14488,56988,H207,47.787206,-116.936762,69.5,74.5,69.7
BNSF,NW1115103,2015-11-07,7:00 PM,Derailment,0,RATHDRUM,ID,46,3,Dusk,Rain,Main,Freight Train,3,13741,35000,48741,H702,47.762412,-116.981956,38.4,45,44
BNSF,KS0724201,2024-07-01,10:51 AM,Hwy-rail crossing,0,RATON,NM,81,2,Day,Clear,Main,,0,0,0,12464,M302,36.862206,-104.457373,71.2,75.2,73.4
ATK,180943,2024-07-01,10:51 AM,Hwy-rail crossing,0,RATON,NM,78,2,Day,Clear,Main,Passenger Train - Pulling,74,12464,0,12464,M302,36.862491,-104.45735,71.2,75.2,73.4
ATK,137645,2015-05-30,3:15 AM,Raking collision,0,RAVENNA,OH,55,4,Dark,Clear,Main,Passenger Train - Pulling,79,20480,0,20485,E83C,41.202988,-81.376419,73.2,73.1,65.4
NS,130818,2018-09-04,11:50 AM,Derailment,0,RAVENNA,OH,90,2,Day,Clear,Main,Light loco(s),5,28,19188,19216,E71L,41.153837,-81.264621,76.7,77.6,78.9
NS,151339,2022-11-01,7:04 PM,Derailment,0,RAVENNA,OH,45,3,Dusk,Cloudy,Main,Freight Train,35,768202,307858,1076060,H504,41.117709,-81.228178,56.8,55.4,49.9
CSX,000172307,2017-10-19,11:00 AM,Other impacts,0,RAVENNA,OH,60,2,Day,Clear,Main,Spec. MoW Equip.,4,17992,0,29436,H997,41.151809,-81.157605,54,57.6,55.4
CSX,000172307,2017-10-19,11:00 AM,Other impacts,0,RAVENNA,OH,60,2,Day,Clear,Main,Spec. MoW Equip.,15,11412,32,29436,H997,41.151809,-81.157605,54,57.6,55.4
ATK,181363,2024-04-29,2:33 AM,Obstruction,0,RAVENNA,OH,0,4,Dark,Clear,Main,Passenger Train - Pulling,57,38270,0,38270,M404,41.148834,-81.253213,70.7,70,61.7
BNSF,PR0119128,2019-01-30,4:19 AM,Derailment,0,RAVENNA,NE,-5,1,Dawn,Snow,Main,Freight Train,53,259213,561000,820213,T204,41.024646,-98.731879,16.4,5.2,22.5
BNSF,RD0520201,2020-05-05,10:35 AM,Hwy-rail crossing,0,RAVIA,OK,87,2,Day,Clear,Main,Freight Train,39,18671,2000,20671,M302,34.346923,-96.800334,77.9,67.5,61.5
UP,1122RM012,2022-11-09,6:50 PM,Derailment,0,RAWLINS,WY,30,3,Dusk,Snow,Yard,Freight Train,4,56256,2643,58899,H307,41.786813,-107.237623,45.4,39.7,22.8
UP,0817DV011,2017-08-09,11:59 PM,Fire/violent rupture,0,RAWLINS,WY,55,4,Dark,Cloudy,Main,Freight Train,10,33340,0,33340,E73L,41.776252,-107.373549,60.6,59.1,59.2
UP,0920RM003,2020-09-05,9:40 AM,Derailment,0,RAWLINS,WY,55,2,Day,Clear,Yard,Freight Train,9,1251,53606,54857,M204,41.788715,-107.208765,65.7,70,73.8
UP,1118DV011,2018-11-23,6:15 AM,Derailment,0,RAWLINS,WY,35,1,Dawn,Cloudy,Yard,Freight Train,5,34390,73446,107836,H702,41.785689,-107.240948,35.2,32.4,29
UP,0119RM020,2019-01-04,8:30 AM,Other (describe in narrative),0,RAWLINS,WY,30,2,Day,Clear,Main,Freight Train,30,9984,8226,18210,E22C,41.755538,-107.459279,17,31.5,35
WE,170089,2017-08-15,7:50 PM,Derailment,0,RAYLAND,OH,75,4,Dark,Clear,Yard,Yard/switching,5,16112,21235,37347,T314,40.208862,-80.67064,68.2,74.3,74.1
BNSF,TC1018203,2018-10-22,6:04 PM,Hwy-rail crossing,0,RAYMOND,MN,50,3,Dusk,Clear,Main,Freight Train,43,11000,0,11000,M302,45.012432,-95.247821,39.3,41.5,35.2
BNSF,TC0323144,2023-03-30,1:02 AM,Derailment,5,RAYMOND,MN,28,4,Dark,Clear,Main,Freight Train,45,1803663,669411,2473074,T210,45.013759,-95.245071,10.2,22.3,33.7
KCS,16050501,2016-05-05,8:23 AM,Hwy-rail crossing,0,RAYVILLE,LA,70,2,Day,Clear,Main,Freight Train,35,18063,586,18649,M304,32.47893,-91.77799,66.9,66.2,63.5
CSX,000204935,2022-05-14,3:15 AM,Derailment,0,READER,WV,63,4,Dark,Clear,Main,Freight Train,18,33543,2063,35606,E47C,39.576114,-80.760034,67.6,68.5,70.1
CSX,000203821,2022-03-22,11:00 PM,Other (describe in narrative),0,READER,WV,42,4,Dark,Clear,Main,Freight Train,25,14455,64,14519,M501,39.576057,-80.771233,50.6,53.7,60.5
NS,117623,2015-10-04,11:05 AM,Derailment,0,READING,PA,54,2,Day,Clear,Yard,Freight Train,8,16100,3000,19100,H702,40.345781,-75.923081,48.7,54.3,54.8
NS,152713,2023-03-30,2:48 AM,Other (describe in narrative),0,READING,PA,40,4,Dark,Clear,Yard,Freight Train,9,29503,3238,32741,H307,40.345501,-75.927458,46.4,39.2,44.8
NS,154209,2023-09-13,10:45 AM,Derailment,0,READING,PA,75,2,Day,Clear,Siding,Freight Train,5,8823,15562,24385,E27C,40.345503,-75.923143,72.9,72.2,66.8
NS,121965,2016-09-07,12:45 AM,Derailment,0,READING,PA,65,4,Dark,Clear,Yard,Light loco(s),5,23714,0,23714,H702,40.34578,-75.923081,75.4,76.6,81.9
NS,119740,2016-03-15,1:50 PM,Derailment,0,READING,PA,57,2,Day,Clear,Siding,Freight Train,10,36750,800,37550,H702,40.345781,-75.923081,45.5,46.9,51.9
NS,145101,2022-04-26,4:29 AM,Other (describe in narrative),0,READING,PA,57,1,Dawn,Clear,Yard,Yard/switching,7,18423,0,18423,H702,40.345502,-75.923143,55.1,57.8,48.5
IORY,IOR204422D,2022-09-26,12:55 PM,Derailment,0,READING,OH,72,2,Day,Clear,Yard,Freight Train,7,9446,2100,11546,E04C,39.230906,-84.4368,64.8,60,54.4
NS,128247,2018-01-22,11:45 PM,Derailment,0,READING,PA,47,4,Dark,Cloudy,Yard,Freight Train,0,0,200,200,T110,40.34578,-75.923081,41.6,44.4,45.7
NS,154457,2023-10-10,11:17 AM,Derailment,0,READING,PA,65,2,Day,Clear,Yard,Light loco(s),7,29254,500,29754,T402,40.345503,-75.923143,51.6,54,56.5
NS,124199,2017-03-05,9:45 PM,Derailment,1,READING,PA,37,4,Dark,Clear,Yard,Freight Train,10,14200,4500,18700,T205,40.34578,-75.923081,25.5,24.6,38
NS,133935,2019-05-14,3:15 AM,Derailment,0,READING,PA,47,4,Dark,Cloudy,Yard,Freight Train,6,1203,85042,86245,T110,40.34578,-75.923081,46.5,50.2,57.7
RBMN,R04102201,2022-04-10,9:10 AM,Derailment,0,READING,PA,43,2,Day,Cloudy,Yard,Freight Train,4,7985,65171,73156,T101,40.40026,-75.941051,47.6,44.7,48.8
EWG,EWG201707,2017-08-20,9:00 PM,Derailment,0,REARDAN,WA,78,3,Dusk,Clear,Main,Freight Train,10,0,20000,20000,E4BC,47.665259,-117.939452,66.2,66.7,69.2
UP,0517LK015,2017-05-07,2:50 AM,Obstruction,0,RECTOR,AR,54,4,Dark,Cloudy,Main,Freight Train,53,4180,9148,13328,M402,36.269655,-90.283663,64.1,63.6,70.3
NJTR,202308316,2023-07-30,5:11 PM,Fire/violent rupture,0,RED BANK,NJ,80,2,Day,Cloudy,Main,Commuter Train - Pushing,0,27522,0,27522,E06C,40.348393,-74.074621,82.2,73.3,72.8
UP,1219RM022,2019-12-30,11:30 PM,Fire/violent rupture,0,RED DESERT,WY,-6,4,Dark,Clear,Main,Freight Train,50,44462,0,44462,E73L,41.648188,-108.135573,6.2,4.4,10.9
UP,0820RM008,2020-08-05,8:30 AM,Fire/violent rupture,0,RED DESERT,WY,54,2,Day,Cloudy,Main,Freight Train,60,20703,0,20703,E73L,41.655421,-108.051674,72.1,72.5,74.5
ATK,139330,2015-09-21,12:50 PM,Obstruction,0,RED HOOK,NY,85,2,Day,Clear,Main,Maint./inspect Car,0,101690,0,126987,H402,41.932837,-73.944683,66.5,59.3,60.1
ATK,139330,2015-09-21,12:50 PM,Obstruction,0,RED HOOK,NY,85,2,Day,Clear,Main,Passenger Train - Pulling,59,25297,0,126987,H402,41.932837,-73.944683,66.5,59.3,60.1
NS,155487,2024-01-20,3:30 PM,Derailment,0,RED JACKET,WV,8,2,Day,Snow,Industry,Freight Train,6,48209,920,49129,M101,37.690508,-82.086332,24.7,10.9,15
NS,152334,2023-02-17,4:00 AM,Other (describe in narrative),0,RED JACKET,WV,35,1,Dawn,Rain,Yard,Freight Train,0,183326,19589,202915,M199,37.697986,-82.112477,56.5,37.6,32.6
BNSF,HL0619116,2019-06-29,3:50 PM,Derailment,0,RED OAK,IA,95,2,Day,Clear,Yard,Freight Train,9,95880,476090,571970,T109,41.001838,-95.23297,83.5,85.1,84.6
BNSF,HL1119107,2019-11-13,3:01 AM,Derailment,0,RED OAK,IA,15,4,Dark,Clear,Main,Freight Train,41,1431064,488000,1919064,T201,41.011311,-95.338733,13.4,30.3,28.9
BNSF,HL1222110,2022-12-15,12:38 PM,Derailment,0,RED OAK,IA,38,2,Day,Clear,Yard,Freight Train,10,400,45000,45400,T299,40.953898,-95.256078,32.2,27.4,22.3
UP,0919ST009,2019-09-17,8:15 PM,Derailment,0,RED ROCK,AZ,92,4,Dark,Clear,Main,Freight Train,1,159,53693,53852,M599,32.568198,-111.317576,79.3,81.6,85.3
RCPE,RCP225117R,2017-02-21,11:30 PM,Derailment,0,REDFIELD,SD,45,4,Dark,Cloudy,Industry,Freight Train,5,53104,4000,61104,T111,44.872811,-98.512334,47.7,46.9,39.9
BNSF,TC0217114,2017-02-21,11:30 PM,Derailment,0,REDFIELD,SD,32,4,Dark,Clear,Yard,Freight Train,0,0,4000,61104,T111,44.872811,-98.512334,47.7,46.9,39.9
BNSF,RD0523108,2023-05-11,3:54 AM,Derailment,0,REDROCK,OK,75,4,Dark,Clear,Main,Freight Train,40,10077,49480,59557,E33C,36.447742,-97.171258,73.9,71.3,78
BNSF,RD0918133,2018-09-22,9:41 AM,Derailment,0,REDROCK,OK,60,2,Day,Clear,Industry,Freight Train,4,87209,0,87209,T314,36.454765,-97.073724,68.5,65.4,67.4
UP,0516LK007,2016-05-04,4:03 AM,Obstruction,0,REDWATER,TX,65,4,Dark,Cloudy,Main,Freight Train,50,22095,0,22095,M101,33.353854,-94.272419,59.6,66.3,66.3
BNSF,MT0224107,2024-02-06,6:03 AM,Derailment,0,REEDPOINT,MT,35,1,Dawn,Clear,Main,Freight Train,45,25000,294600,319600,E61C,45.686047,-109.447571,40.7,38,34.5
MRL,2018116,2018-09-10,9:15 AM,Other impacts,0,REEDPOINT,MT,79,2,Day,Clear,Siding,Single Car,30,150000,0,150000,E08C,45.70682,-109.502323,66.8,65.3,61.9
MRL,2023059,2023-06-24,6:12 AM,Derailment,10,REEDPOINT,MT,50,1,Dawn,Cloudy,Main,Freight Train,38,0,0,0,T204,45.686944,-109.438329,58.8,58.7,63.2
UP,1122GC036,2022-11-29,8:00 PM,Derailment,0,REEVES,LA,75,4,Dark,Cloudy,Siding,Freight Train,5,10112,162562,172674,H701,30.518994,-93.043231,56.2,71.9,59.2
ABS,190819003,2019-08-19,11:54 AM,Obstruction,0,REFORM,AL,96,2,Day,Clear,Main,Spec. MoW Equip.,12,20000,0,36751,H104,33.389326,-88.067636,82.9,81.6,80.9
ABS,190819003,2019-08-19,11:54 AM,Obstruction,0,REFORM,AL,96,2,Day,Clear,Main,Spec. MoW Equip.,15,16751,0,36751,H104,33.389326,-88.067636,82.9,81.6,80.9
ABS,200712001,2020-07-12,3:00 PM,Other (describe in narrative),0,REFORM,AL,90,2,Day,Rain,Main,Freight Train,20,20000,0,20000,M105,33.401167,-88.091835,82.7,78.9,80.6
ABS,200524001,2020-05-24,3:15 AM,Derailment,0,REFORM,AL,68,4,Dark,Clear,Main,Freight Train,11,13640,0,13640,M404,33.348862,-87.955017,74.8,77.7,80.1
ABS,160922001,2016-09-22,2:40 AM,Derailment,0,REFORM,AL,66,4,Dark,Clear,Main,Freight Train,8,123000,40000,163000,T207,33.373755,-88.004273,78.8,79.3,81.1
UP,0522GC010,2022-05-04,5:00 PM,Derailment,0,REFUGIO,TX,83,2,Day,Clear,Industry,Freight Train,4,6427,0,6427,T217,28.329039,-97.253477,80.2,81.1,81.6
RWRR,220621001,2022-06-21,2:20 AM,Derailment,0,RELIANCE,SD,62,4,Dark,Clear,Main,Freight Train,10,298268,96005,394273,T221,43.877798,-99.620774,80.9,69,72.1
NS,142027,2019-03-03,7:55 PM,Hwy-rail crossing,0,REMINGTON,VA,34,3,Dusk,Rain,Main,,0,0,0,13400,M303,38.675186,-77.745781,40.4,39.3,36.7
ATK,157869,2019-03-03,7:55 PM,Hwy-rail crossing,0,REMINGTON,VA,31,4,Dark,Rain,Main,Passenger Train - Pulling,60,13400,0,13400,M302,38.675186,-77.745781,40.4,39.3,36.7
UP,0120HL013,2020-01-01,4:20 PM,Fire/violent rupture,0,RENICK,MO,53,2,Day,Clear,Main,Freight Train,41,20343,66,20409,E73L,39.131775,-94.106741,34.9,41.4,45.2
CSX,000173612,2017-12-21,11:05 PM,Derailment,0,RENSSELAER,IN,30,4,Dark,Cloudy,Main,Freight Train,32,1568145,54798,1622943,E63C,40.943155,-87.148209,34,35.4,36.3
NS,124822,2017-04-25,5:05 PM,Hwy-rail crossing,0,RENSSELAER,MO,75,3,Dusk,Clear,Main,Freight Train,42,2,13550,13552,M302,39.66941,-91.556772,63.6,68.7,57.2
ATK,166693,2021-03-24,1:30 AM,Derailment,0,RENSSELAER,NY,52,4,Dark,Clear,Yard,Yard/switching,5,10913,13768,24681,H702,42.64405,-73.74208,50,48.8,56.7
ATK,162161,2019-12-02,5:35 AM,Side collision,0,RENSSELAER,NY,28,4,Dark,Snow,Yard,Yard/switching,5,5337,0,12658,H212,42.64125,-73.741187,21.7,30.2,27.7
ATK,162161,2019-12-02,5:35 AM,Side collision,0,RENSSELAER,NY,28,4,Dark,Snow,Yard,Yard/switching,0,7321,0,12658,H212,42.64125,-73.741187,21.7,30.2,27.7
ATK,140597,2015-12-30,5:30 AM,Other impacts,0,RENSSELAER,NY,40,1,Dawn,Clear,Yard,Light loco(s),4,1000,0,14000,H211,42.63965,-73.742178,29.9,36.4,38.6
ATK,154341,2018-07-18,11:50 PM,Derailment,0,RENSSELAER,NY,63,4,Dark,Clear,Yard,Yard/switching,5,58339,400,58739,H307,42.652579,-73.756232,75.5,71.9,69.2
NS,142421,2021-08-02,12:23 PM,Derailment,0,RENSSELAER,MO,81,2,Day,Clear,Main,Freight Train,44,3391094,857990,4249084,H518,39.660787,-91.595766,71,69.4,69.9
ATK,181649,2024-08-18,1:15 PM,Fire/violent rupture,0,RENSSELAER,NY,0,2,Day,Cloudy,Main,Passenger Train - Pulling,10,16125,0,16125,M406,42.626691,-73.744985,73.8,71.2,70.8
ATK,140597,2015-12-30,5:30 AM,Other impacts,0,RENSSELAER,NY,40,1,Dawn,Clear,Yard,Yard/switching,5,12000,1000,14000,H211,42.63965,-73.742178,29.9,36.4,38.6
ATK,142271,2016-05-05,4:30 PM,Derailment,0,RENSSELAER,NY,47,2,Day,Cloudy,Yard,Light loco(s),0,20712,0,20712,H303,42.646115,-73.74038,49.2,51.7,55.2
CSX,000186211,2019-10-25,11:49 AM,Hwy-rail crossing,0,RENSSELAER,IN,55,2,Day,Clear,Main,Freight Train,40,12484,50,12534,M303,40.914858,-87.021634,47.9,44.4,44.7
ATK,151127,2017-12-24,3:19 PM,Derailment,0,RENSSELAER,NY,32,4,Dark,Clear,Yard,Light loco(s),4,45679,0,45679,T110,42.641169,-73.740874,32.1,32,26.8
ATK,166138,2020-12-26,6:40 AM,Derailment,0,RENSSELAER,NY,22,4,Dark,Cloudy,Yard,Yard/switching,5,14643,200,14843,T002,42.653061,-73.73927,51.4,27.8,28
ATK,151331,2018-01-04,9:10 PM,Derailment,0,RENSSELAER,NY,17,4,Dark,Snow,Yard,Light loco(s),5,30117,0,30117,T319,42.68313,-73.77845,15,18.1,5.7
BNSF,NW0616109,2016-06-26,11:59 AM,Derailment,0,RENTON,WA,73,2,Day,Clear,Main,,0,0,1500,61300,H705,47.467572,-122.243421,63.3,67.3,72.2
TCWR,TCW021919A,2019-02-19,11:58 AM,Hwy-rail crossing,0,RENVILLE,MN,10,2,Day,Cloudy,Main,Freight Train,20,20000,5000,25000,M302,44.789258,-95.158628,2.3,2.3,18.4
BNSF,HL0622201,2022-06-21,5:52 PM,Hwy-rail crossing,0,REPUBLIC,MO,88,3,Dusk,Clear,Main,Freight Train,30,350,26788,27138,M302,37.146979,-93.430064,77.6,81.1,80.3
BNSF,SF1114113,2014-11-22,10:47 PM,Derailment,0,REPUBLIC,MO,54,4,Dark,Rain,Main,Freight Train,41,3587,73376,76963,E35C,37.18833,-93.406608,42.9,51.9,54.3
CSX,000167381,2017-03-10,6:03 PM,Derailment,0,RESACA,GA,58,3,Dusk,Clear,Main,Freight Train,19,366060,31301,397361,H519,34.614373,-84.934779,53.8,57.5,42.5
IC,989814,2019-03-03,5:45 AM,Side collision,0,RESERVE,LA,45,1,Dawn,Clear,Industry,Freight Train,0,50150,0,50550,H306,30.095983,-90.590596,69,64.9,44.3
IC,989814,2019-03-03,5:45 AM,Side collision,0,RESERVE,LA,45,1,Dawn,Clear,Industry,Cut of cars,5,400,0,50550,H306,30.095983,-90.590596,69,64.9,44.3
IC,1086933,2021-10-30,8:30 AM,Derailment,0,RESERVE,LA,63,2,Day,Cloudy,Yard,Freight Train,4,102091,200504,302595,H307,30.059289,-90.600729,62.8,59.7,63.1
KCS,19110403,2019-11-04,11:20 AM,Other impacts,0,RESERVE,LA,65,2,Day,Clear,Main,Freight Train,3,81702,0,81702,H302,30.069407,-90.575365,56.7,59.5,65.3
KCS,20031801,2020-03-18,1:20 AM,Derailment,0,RESERVE,LA,60,4,Dark,Clear,Yard,Light loco(s),3,18565,2041,20606,T220,30.071275,-90.577414,74.2,74.6,77.6
IC,912164,2017-01-25,11:00 PM,Derailment,0,RESERVE,LA,54,4,Dark,Clear,Industry,Yard/switching,4,16030,6662,22692,M504,30.059949,-90.583011,58.7,66.6,56.6
IC,1051476,2020-10-16,12:30 AM,Derailment,0,RESERVE,LA,70,4,Dark,Clear,Main,Yard/switching,4,14540,1260,15800,H702,30.059606,-90.59411,76.3,69.1,67.5
KCS,17071303,2017-07-13,7:55 PM,Derailment,0,RESERVE,LA,90,3,Dusk,Cloudy,Yard,Yard/switching,5,36434,2217,38651,T314,30.070997,-90.57564,82.2,81.7,81.3
UP,0720HL007,2020-07-08,3:02 PM,Derailment,0,RESERVE,KS,91,2,Day,Clear,Main,Freight Train,30,623479,435626,1059105,T109,39.973828,-95.561532,81.5,82.4,76.9
BNSF,MT0620103,2020-06-22,6:00 PM,Derailment,0,RESERVE,MT,73,3,Dusk,Clear,Main,Freight Train,9,136090,94000,230090,T001,48.576759,-104.47557,60.5,62,69.7
EIRR,190130008,2019-01-30,1:00 PM,Derailment,0,REXBURG,ID,25,2,Day,Snow,Main,Light loco(s),25,36000,0,36000,M101,43.765296,-111.719194,9.4,7.5,17.6
CSX,000206391,2022-07-29,4:59 AM,Hwy-rail crossing,0,REYNOLDS,IN,67,1,Dawn,Clear,Main,Freight Train,27,0,12892,12892,M302,40.736446,-86.872765,72.2,68.2,69.4
ATK,174887,2023-05-25,8:10 AM,Hwy-rail crossing,0,REYNOLDS,IN,48,2,Day,Clear,Main,Passenger Train - Pulling,60,35507,0,35507,M302,40.717743,-86.872062,69.4,59.3,60.9
TPW,TPW311923D,2023-01-27,7:54 PM,Derailment,0,REYNOLDS,IN,33,4,Dark,Snow,Main,Freight Train,9,1600,15000,16600,E62C,40.752778,-86.873333,24.9,25.7,29.5
CSX,000211499,2023-05-25,8:10 AM,Hwy-rail crossing,0,REYNOLDS,IN,48,2,Day,Clear,Main,,0,0,0,35507,M302,40.717743,-86.872062,69.4,59.3,60.9
NS,134801,2019-07-21,8:30 PM,Derailment,0,RHEATOWN,TN,86,4,Dark,Clear,Main,Freight Train,29,10000,2792,12792,E39C,36.198422,-82.709081,78.5,78.5,73.8
ATK,157895,2019-03-05,7:50 AM,Other (describe in narrative),0,RHINECLIFF,NY,25,2,Day,Clear,Main,Passenger Train - Pulling,52,107610,0,107610,E59C,41.741814,-73.935786,30.9,23,19.8
ATK,152047,2018-02-19,11:05 PM,Obstruction,0,RHINECLIFF,NY,38,4,Dark,Fog,Main,Passenger Train - Pulling,0,13288,0,13288,M404,41.919583,-73.951304,34.9,34.9,51.8
BNSF,RD0622208,2022-06-29,9:56 AM,Hwy-rail crossing,0,RHOME,TX,93,2,Day,Clear,Main,Freight Train,40,4000,25000,29000,M302,33.026276,-97.44442,81.4,81.8,85.9
UP,0324TO030,2024-03-15,9:50 AM,Derailment,0,RICE,TX,62,2,Day,Cloudy,Main,Freight Train,6,233142,71070,304212,H503,32.219368,-96.487738,74.3,64.4,61.6
RSOR,RSO765315D,2015-06-30,10:50 AM,Derailment,0,RICEBORO,GA,88,2,Day,Clear,Main,Freight Train,4,13487,9420,22907,E4BC,31.742686,-81.427628,79.3,78.4,80.1
LC,LC032023,2023-03-20,2:10 PM,Derailment,0,RICHBURG,SC,49,2,Day,Cloudy,Main,Freight Train,12,283076,192494,475570,T215,34.719019,-81.044694,43.3,40.6,44.8
LC,20180111,2018-01-11,6:45 PM,Derailment,0,RICHBURG,SC,44,4,Dark,Clear,Siding,Freight Train,5,3480,13550,17030,T220,34.71827,-81.01258,53.5,56.6,62.5
LC,0925151,2015-09-25,2:15 PM,Derailment,0,RICHBURG,SC,68,2,Day,Cloudy,Main,Freight Train,5,11500,10000,21500,E4TC,34.693067,-80.961078,64.1,65.5,66.4
LC,20190723D,2019-07-23,11:00 AM,Derailment,0,RICHBURG,SC,88,2,Day,Clear,Main,Freight Train,8,156033,5100,161133,E25C,34.684415,-80.950896,80.7,73.5,72.1
BNSF,NW0720117,2020-07-31,4:16 PM,Derailment,0,RICHLAND,WA,109,2,Day,Clear,Main,Freight Train,8,509453,0,678146,H606,46.244735,-119.251748,90.1,92.1,82.2
TCRY,200731,2020-07-31,4:16 PM,Derailment,0,RICHLAND,WA,109,2,Day,Clear,Main,,0,0,168693,678146,H606,46.244735,-119.251748,90.1,92.1,82.2
KCS,21033001,2021-03-30,1:40 AM,Derailment,0,RICHLAND,MS,60,4,Dark,Clear,Yard,Yard/switching,9,2491,10769,13260,M507,32.25576,-90.145661,56.3,64.6,62.8
BNSF,NW1222113,2022-12-15,5:29 AM,Derailment,0,RICHLAND,WA,30,1,Dawn,Cloudy,Yard,Freight Train,5,67128,5000,72128,T110,46.335827,-119.285815,30,26.3,28
ATK,177466,2023-12-06,8:10 AM,Other (describe in narrative),0,RICHMOND,RI,30,2,Day,Snow,Main,Passenger Train - Pulling,0,26883,0,26883,E78L,41.456,-71.606829,38.4,33.6,29.9
CSX,000206643,2022-08-13,6:25 AM,Derailment,0,RICHMOND,KY,77,1,Dawn,Clear,Yard,Cut of cars,13,23279,496,23775,H316,37.844845,-84.263315,70.8,69.8,72.3
CSX,000162384,2016-08-17,8:20 PM,Other impacts,0,RICHMOND,VA,86,4,Dark,Clear,Industry,Freight Train,2,20324,0,20324,M504,37.464762,-77.438661,82.7,84.4,80.3
UP,0521HO005,2021-05-05,10:30 AM,Hwy-rail crossing,0,RICHMOND,TX,71,2,Day,Clear,Main,Freight Train,40,4613,21365,25978,M304,29.583488,-95.762304,80.7,74.2,75.5
CSX,000175345,2018-03-21,9:16 PM,Side collision,0,RICHMOND,VA,34,4,Dark,Cloudy,Yard,Yard/switching,3,0,0,34691,H301,37.594322,-77.484607,39.5,33.4,41.2
CSX,000175345,2018-03-21,9:16 PM,Side collision,0,RICHMOND,VA,34,4,Dark,Cloudy,Yard,Yard/switching,3,34691,0,34691,H301,37.594322,-77.484607,39.5,33.4,41.2
CSX,000155481,2015-12-23,6:00 PM,Other impacts,0,RICHMOND,KY,67,4,Dark,Rain,Industry,Yard/switching,7,22000,1775,23775,M105,37.850352,-84.256836,58.3,62.6,60.3
CSX,000185177,2019-09-05,7:00 PM,Derailment,0,RICHMOND,VA,75,3,Dusk,Cloudy,Yard,Yard/switching,5,23551,250,23801,H995,37.594322,-77.484607,80.4,75.9,71.2
CSX,000179434,2018-10-21,6:30 AM,Other impacts,0,RICHMOND,VA,0,1,Dawn,Clear,Yard,Yard/switching,3,17195,0,33826,H318,37.570106,-77.466873,59.3,50.4,45.2
CSX,000164445,2016-11-16,8:08 PM,Derailment,0,RICHMOND,VA,50,4,Dark,Clear,Yard,Freight Train,7,67902,856,71631,H018,37.41026,-77.435772,48.1,48.1,48.8