reportingrailroadcode,accidentnumber,date,time,accidenttype,hazmatreleasedcars,station,stateabbr,temperature,visibility_code,visibility,weathercondition,tracktype,equipmenttype,trainspeed,equipmentdamagecost,trackdamagecost,totaldamagecost,primaryaccidentcausecode,latitude,longitude,prior_temp,actual_temp,following_temp
CSX,000150730,2015-08-16,2:10 AM,Derailment,0,RICHMOND,VA,74,4,Dark,Clear,Yard,Yard/switching,7,37771,0,37771,H310,37.581739,-77.475373,74.1,76.5,78.6
CSX,000138816,2014-12-12,6:00 PM,Side collision,0,RICHMOND,VA,44,4,Dark,Cloudy,Yard,Yard/switching,4,1278,0,20023,H306,37.509596,-77.408015,38.5,40.8,38
CSX,000210105,2023-03-01,5:25 AM,Other impacts,0,RICHMOND,VA,44,4,Dark,Clear,Yard,Light loco(s),7,799,0,56576,H306,37.57583,-77.471319,52.6,48.9,57.6
CSX,000196430,2021-03-18,7:30 AM,Derailment,0,RICHMOND,VA,60,1,Dawn,Rain,Yard,Cut of cars,7,28124,144,28268,H318,37.575929,-77.471137,46.4,51.6,44.7
CSX,000184968,2019-08-27,12:40 AM,Derailment,0,RICHMOND,VA,72,4,Dark,Clear,Main,Freight Train,37,81868,8598,90466,E86C,37.405933,-77.453859,68.7,72.6,74.3
CSX,000179434,2018-10-21,6:30 AM,Other impacts,0,RICHMOND,VA,0,1,Dawn,Clear,Yard,Single Car,7,16631,0,33826,H318,37.570106,-77.466873,59.3,50.4,45.2
CSX,000199036,2021-07-23,1:20 PM,Derailment,0,RICHMOND,VA,84,2,Day,Cloudy,Main,Freight Train,15,194647,69180,263827,E4AC,37.532816,-77.456703,75.8,74.9,74.8
CSX,000164445,2016-11-16,8:08 PM,Derailment,0,RICHMOND,VA,50,4,Dark,Clear,Yard,Single Car,5,2873,0,71631,H018,37.41026,-77.435772,48.1,48.1,48.8
CSX,000186064,2019-10-20,8:20 AM,Other impacts,0,RICHMOND,VA,58,2,Day,Rain,Yard,Yard/switching,2,38811,0,38860,H021,37.594322,-77.484607,52,57.5,56.7
CSX,000186064,2019-10-20,8:20 AM,Other impacts,0,RICHMOND,VA,58,2,Day,Rain,Yard,Cut of cars,2,49,0,38860,H021,37.594322,-77.484607,52,57.5,56.7
CSX,000209831,2023-02-15,9:46 PM,Derailment,0,RICHMOND,VA,54,4,Dark,Clear,Yard,Freight Train,4,35700,0,57842,H312,37.569947,-77.466884,49,57,65.2
CSX,000170093,2017-07-08,2:59 AM,Derailment,0,RICHMOND,VA,81,4,Dark,Clear,Main,Freight Train,4,39461,58384,97845,H503,37.599467,-77.487802,80.8,82.2,76.9
UP,1221HO007,2021-12-10,6:50 AM,Hwy-rail crossing,0,RICHMOND,TX,76,1,Dawn,Clear,Main,Freight Train,37,20401,26132,46533,M304,29.584265,-95.760448,76.2,79.4,62.7
CSX,000166769,2017-02-13,12:15 AM,Derailment,0,RICHMOND,VA,38,4,Dark,Clear,Yard,Freight Train,5,153527,7000,166141,T220,37.581856,-77.475458,61.7,46.3,38.4
CSX,000198122,2021-06-08,6:12 PM,Derailment,0,RICHMOND,VA,82,3,Dusk,Clear,Main,Freight Train,14,173467,20754,194221,E46C,37.532816,-77.456703,80.5,80.6,78.2
CSX,000209831,2023-02-15,9:46 PM,Derailment,0,RICHMOND,VA,54,4,Dark,Clear,Yard,Cut of cars,8,22142,0,57842,H312,37.569947,-77.466884,49,57,65.2
CSX,000179511,2018-10-12,1:00 AM,Other (describe in narrative),0,RICHMOND,VA,68,4,Dark,Cloudy,Yard,Cut of cars,0,33848,0,33848,M103,37.578216,-77.472965,75.5,62.4,55.7
CSX,000168283,2017-04-16,2:43 AM,Side collision,0,RICHMOND,VA,65,4,Dark,Clear,Yard,Single Car,4,51294,0,56194,H318,37.584345,-77.477281,67.3,74.7,69.3
CSX,000166769,2017-02-13,12:15 AM,Derailment,0,RICHMOND,VA,38,4,Dark,Clear,Yard,Cut of cars,0,5614,0,166141,T220,37.581856,-77.475458,61.7,46.3,38.4
CSX,000209247,2023-01-10,10:35 PM,Other impacts,0,RICHMOND,VA,40,4,Dark,Clear,Main,Cut of cars,0,2000,0,59377,H995,37.552216,-77.427961,42.9,35.6,37.8
CSX,000138816,2014-12-12,6:00 PM,Side collision,0,RICHMOND,VA,44,4,Dark,Cloudy,Yard,Yard/switching,4,18695,50,20023,H306,37.509596,-77.408015,38.5,40.8,38
CSX,000210105,2023-03-01,5:25 AM,Other impacts,0,RICHMOND,VA,44,4,Dark,Clear,Yard,Cut of cars,0,55777,0,56576,H306,37.57583,-77.471319,52.6,48.9,57.6
CSX,000209247,2023-01-10,10:35 PM,Other impacts,0,RICHMOND,VA,40,4,Dark,Clear,Main,Single Car,4,57377,0,59377,H995,37.552216,-77.427961,42.9,35.6,37.8
CSX,000168283,2017-04-16,2:43 AM,Side collision,0,RICHMOND,VA,65,4,Dark,Clear,Yard,Cut of cars,3,4900,0,56194,H318,37.584345,-77.477281,67.3,74.7,69.3
BNSF,CH0123112,2023-01-18,8:50 PM,Obstruction,0,RICHMOND,MO,32,3,Dusk,Clear,Main,Freight Train,22,1500,126577,128077,M404,39.256833,-94.063661,39.6,36.9,34.5
CSX,000144162,2015-04-02,10:30 PM,Derailment,0,RICHMOND,KY,40,4,Dark,Rain,Main,Yard/switching,6,102127,0,102127,H525,37.850352,-84.256836,52,61,58.8
CSX,000212333,2023-07-14,1:14 PM,Derailment,0,RICHMOND,KY,90,2,Day,Clear,Main,Freight Train,18,12164,0,12164,H601,37.732941,-84.289546,80.3,80.2,74.4
NS,141192,2021-04-09,11:15 PM,Hwy-rail crossing,0,RICHMOND,IN,46,4,Dark,Clear,Main,Freight Train,35,750,16000,16750,M303,39.834781,-84.891488,64.3,63.2,60.8
NS,140333,2021-01-20,2:45 PM,Derailment,0,RICHMOND,IN,30,2,Day,Clear,Yard,Freight Train,3,4287,15300,19587,T102,39.834854,-84.890614,32.7,31.7,38.3
ATK,167898,2021-07-29,1:00 AM,Raking collision,0,RICHMOND,RI,70,4,Dark,Cloudy,Main,Spec. MoW Equip.,4,46133,0,46133,T099,41.455988,-71.606774,68.5,66.2,72.5
NS,128206,2018-01-19,6:30 AM,Derailment,0,RICHMOND,VA,32,1,Dawn,Clear,Yard,Freight Train,5,530,20085,20615,T315,37.526898,-77.451431,27.8,38.8,45.2
CSX,000167686,2017-03-24,4:57 AM,Derailment,0,RICHMOND,VA,36,4,Dark,Clear,Main,Freight Train,7,11200,145894,157094,T110,37.577934,-77.472707,38.5,50.1,66
NS,128060,2018-01-09,12:15 PM,Derailment,0,RICHMOND,VA,48,2,Day,Clear,Yard,Freight Train,6,996,21922,22918,T110,37.531578,-77.434777,30,41.3,37.2
CSX,000213128,2023-08-25,5:15 AM,Derailment,0,RICHMOND,VA,80,1,Dawn,Clear,Yard,Yard/switching,8,21016,155,21171,T108,37.492968,-77.472196,75.7,83.3,84.4
NS,128376,2018-02-02,9:00 PM,Derailment,0,RICHMOND,VA,36,4,Dark,Clear,Yard,Freight Train,4,925,21265,22190,T308,37.526898,-77.451431,45.7,36.7,25.6
CSX,000175816,2018-04-15,9:15 AM,Derailment,0,RICHMOND,VA,65,2,Day,Cloudy,Yard,Freight Train,8,69535,7438,76973,T206,37.580633,-77.474595,72.4,70.2,58.4
NS,133358,2019-03-27,7:15 AM,Derailment,0,RICHMOND,VA,32,1,Dawn,Clear,Main,Freight Train,9,9719,109321,119040,T207,37.523908,-77.414406,46.4,42.1,47.5
CSX,000165558,2016-12-29,1:14 PM,Derailment,0,RICHMOND,VA,49,2,Day,Cloudy,Yard,Freight Train,4,25000,4852,29852,T202,37.514813,-77.413709,45.2,43.9,38
CSX,000166533,2017-02-05,5:30 AM,Derailment,0,RICHMOND,VA,30,1,Dawn,Clear,Yard,Yard/switching,7,33992,5752,39744,T202,37.570107,-77.466873,30.7,40.1,49.1
NS,133345,2019-03-25,7:15 PM,Derailment,0,RICHMOND,VA,55,3,Dusk,Rain,Main,Freight Train,24,41180,178092,219272,T110,37.53387,-77.5153,50.5,57.2,46.4
BNSF,NW0115102,2015-01-10,9:50 AM,Rear end collision,0,RICHMOND BEACH,WA,46,2,Day,Cloudy,Main,Freight Train,20,1000,0,36000,H402,47.730866,-122.373347,42.9,44.4,46.5
BNSF,NW0115102,2015-01-10,9:50 AM,Rear end collision,0,RICHMOND BEACH,WA,46,2,Day,Cloudy,Main,Maint./inspect Car,5,35000,0,36000,H402,47.730866,-122.373347,42.9,44.4,46.5
LI,77394,2022-06-20,11:40 AM,Derailment,0,RICHMOND HILL,NY,75,2,Day,Clear,Yard,Yard/switching,5,43861,0,43861,H703,40.69741,-73.82358,64.8,69.4,70.1
ATK,181243,2024-07-20,9:34 PM,Obstruction,0,RICHMOND HILL,GA,0,4,Dark,Clear,Main,Passenger Train - Pulling,75,18620,0,18620,M404,31.920406,-81.351509,80.4,79.7,79.7
CSX,000220552,2024-07-20,9:34 AM,Obstruction,0,RICHMOND HILL,GA,81,2,Day,Cloudy,Main,,0,0,0,18620,M404,31.919593,-81.353053,80.4,79.7,79.7
LI,70431,2019-09-08,8:57 PM,Derailment,0,RICHMOND HILL,NY,70,4,Dark,Cloudy,Yard,Yard/switching,3,9050,2566,11616,H607,40.696042,-73.822342,66.7,70.2,70.4
LI,80145,2023-07-09,8:20 PM,Derailment,0,RICHMOND HILL,NY,73,3,Dusk,Cloudy,Yard,Light loco(s),5,30048,0,30048,H303,40.698019,-73.817965,78.5,77.2,78.1
LI,69317,2019-02-19,4:15 PM,Derailment,0,RICHMOND HILL,NY,40,2,Day,Clear,Industry,,0,0,10000,23954,M101,40.698547,-73.829443,35,29.3,28.8
LI,74125,2021-02-18,11:45 PM,Derailment,0,RICHMOND HILL,NY,28,4,Dark,Clear,Yard,Yard/switching,3,18779,0,18779,H702,40.697098,-73.822025,29.4,27.7,30.8
LI,68134,2018-06-22,2:10 PM,Other impacts,0,RICHMOND HILL,NY,69,2,Day,Clear,Yard,Yard/switching,5,15349,0,43991,H307,40.697334,-73.823729,73.4,68.8,64.7
LI,68712,2018-11-07,10:35 AM,Derailment,0,RICHMOND HILL,NY,57,2,Day,Clear,Yard,Yard/switching,5,22802,0,22802,M507,40.703339,-73.800194,54.7,57.8,51.2
LI,72462,2020-06-23,1:59 PM,Derailment,0,RICHMOND HILL,NY,80,2,Day,Clear,Yard,Light loco(s),5,10648,300,10948,H303,40.697472,-73.819559,78.9,77.3,80.1
LI,EQ20170403,2017-04-07,7:42 PM,Obstruction,0,RICHMOND HILL,NY,44,4,Dark,Rain,Yard,Passenger Train - Pulling,5,26597,0,26597,M402,40.697893,-73.825212,46.3,47.5,48.4
LI,68134,2018-06-22,2:10 PM,Other impacts,0,RICHMOND HILL,NY,69,2,Day,Clear,Yard,Yard/switching,5,28142,500,43991,H307,40.697334,-73.823729,73.4,68.8,64.7
LI,70848,2019-11-04,2:00 AM,Derailment,0,RICHMOND HILL,NY,44,4,Dark,Clear,Yard,EMU,3,184791,6586,191377,M405,40.696948,-73.82388,48.1,49.3,56.6
LI,68968,2019-01-03,1:01 PM,Derailment,0,RICHMOND HILL,NY,42,2,Day,Clear,Yard,Yard/switching,5,8000,7808,15808,H702,40.696957,-73.821919,37.3,41.2,40.8
LI,68215,2018-07-28,10:20 AM,Derailment,0,RICHMOND HILL,NY,78,2,Day,Clear,Yard,Yard/switching,7,24969,3500,28469,M507,40.696952,-73.821918,78.5,77.9,77.4
LI,80568,2023-08-28,3:03 PM,Derailment,0,RICHMOND HILL,NY,76,2,Day,Cloudy,Yard,Yard/switching,3,4325,9406,13731,M405,40.69709,-73.82209,75.3,71.5,72.6
LI,75658,2021-10-02,11:05 AM,Derailment,0,RICHMOND HILL,NY,75,2,Day,Clear,Yard,Light loco(s),2,157491,17795,175286,H017,40.68061,-73.81564,60.5,66.2,69.4
LI,80385,2023-08-07,10:18 PM,Derailment,0,RICHMOND HILL,NY,75,4,Dark,Cloudy,Yard,Passenger Train - Pulling,5,31750,0,31750,M405,40.696903,-73.821699,76.6,74.8,74.9
LI,80969,2023-10-30,4:30 PM,Derailment,0,RICHMOND HILL,NY,59,2,Day,Cloudy,Yard,Yard/switching,4,15662,0,15662,M405,40.6971,-73.82209,56.2,56.2,49.1
LI,EQ20150202,2015-02-19,10:30 PM,Other impacts,0,RICHMOND HILL,NY,5,4,Dark,Clear,Yard,Yard/switching,5,82275,5000,240195,H399,40.697061,-73.822239,24.5,18.9,11.6
LI,80269,2023-07-23,8:00 PM,Derailment,0,RICHMOND HILL,NY,76,3,Dusk,Clear,Yard,Passenger Train - Pushing,5,3522,12291,15813,M405,40.697189,-73.82302,77.4,77.9,78
LI,69235,2019-02-22,2:24 PM,Derailment,0,RICHMOND HILL,NY,41,2,Day,Clear,Yard,Single Car,4,7032,6714,13746,E0HC,40.698047,-73.815748,41.6,40.9,36.4
LI,EQ20150202,2015-02-19,10:30 PM,Other impacts,0,RICHMOND HILL,NY,5,4,Dark,Clear,Yard,Light loco(s),5,152920,0,240195,H399,40.697061,-73.822239,24.5,18.9,11.6
LI,EQ20150305,2015-03-11,6:50 PM,Derailment,0,RICHMOND HILL,NY,55,2,Day,Clear,Yard,Light loco(s),5,53561,8872,62433,H799,40.69743,-73.819635,41.9,49.7,44.4
LI,80724,2023-09-28,3:00 PM,Derailment,0,RICHMOND HILL,NY,65,2,Day,Cloudy,Yard,Yard/switching,3,14294,23456,37750,M405,40.69709,-73.82209,59.3,59.9,60.1
LI,81515,2023-12-21,2:50 PM,Derailment,0,RICHMOND HILL,NY,40,2,Day,Clear,Yard,Yard/switching,4,0,23273,23273,T210,40.697332,-73.823055,36.5,36.4,31.5
LI,72660,2020-07-23,10:38 AM,Derailment,0,RICHMOND HILL,NY,86,2,Day,Cloudy,Yard,Light loco(s),3,10000,5808,15808,T111,40.6977,-73.8179,81.3,79.6,76.6
LI,81840,2024-02-08,3:20 PM,Derailment,0,RICHMOND HILL,NY,35,2,Day,Cloudy,Yard,Yard/switching,3,9261,7593,16854,T499,40.696958,-73.820267,38.7,41.6,44.6
LI,76562,2022-02-15,3:55 PM,Derailment,0,RICHMOND HILL,NY,28,2,Day,Clear,Yard,Passenger Train - Pulling,5,45257,32678,77935,T111,40.69698,-73.82169,21.7,23.6,36.9
LI,81591,2024-01-06,12:44 AM,Derailment,0,RICHMOND HILL,NY,33,4,Dark,Clear,Yard,Light loco(s),8,146149,0,146149,T399,40.696745,-73.819851,32,34,37
LI,81154,2023-11-28,8:30 AM,Derailment,0,RICHMOND HILL,NY,39,2,Day,Clear,Main,Yard/switching,6,0,38190,38190,T111,40.69674,-73.81929,46.8,35.5,32.5
LI,81645,2024-01-15,6:20 AM,Derailment,0,RICHMOND HILL,NY,40,1,Dawn,Cloudy,Yard,Yard/switching,2,8732,4487,13219,T499,40.698143,-73.823809,35,26.7,27.9
NS,138695,2020-07-30,9:45 PM,Derailment,0,RICHVALLEY,IN,69,4,Dark,Clear,Main,Freight Train,7,68083,25533,93616,H303,40.789603,-85.902089,76.1,72.8,72.2
CORP,COR786615G,2015-08-13,1:25 AM,Hwy-rail crossing,0,RIDDLE,OR,60,4,Dark,Clear,Main,Freight Train,23,10000,2350,12350,M302,42.940681,-123.38649,72.1,70,65.7
NS,116852,2015-08-07,1:11 PM,Head on collision,0,RIDDLEVILLE,GA,94,2,Day,Clear,Main,Freight Train,27,217632,171325,4605468,H404,32.951395,-82.727133,78.8,79.6,81.3
NS,116852,2015-08-07,1:11 PM,Head on collision,0,RIDDLEVILLE,GA,94,2,Day,Clear,Main,Freight Train,34,4216511,0,4605468,H404,32.951395,-82.727133,78.8,79.6,81.3
BNSF,NW1116207,2016-11-27,5:05 PM,Hwy-rail crossing,0,RIDGEFIELD,WA,45,3,Dusk,Rain,Main,,0,0,0,10573,M302,45.816864,-122.748469,47.5,44.7,45.5
ATK,145261,2016-11-27,5:05 PM,Hwy-rail crossing,0,RIDGEFIELD,WA,46,4,Dark,Rain,Main,Passenger Train - Pulling,48,10573,0,10573,M302,45.816864,-122.748469,47.5,44.7,45.5
CRSH,119790,2016-03-17,10:45 PM,Derailment,0,RIDGEFIELD,NJ,55,4,Dark,Clear,Yard,Yard/switching,7,25132,5000,30132,T110,40.828298,-74.023741,53.6,51.5,49.7
NYSW,18072801,2018-07-28,8:20 AM,Derailment,0,RIDGEFIELD PARK,NJ,78,2,Day,Cloudy,Yard,Freight Train,10,3926,280000,283926,T499,40.846855,-74.02776,78.3,77.6,77.2
CSX,000192384,2020-09-01,8:45 AM,Hwy-rail crossing,0,RIDGELAND,SC,88,2,Day,Clear,Main,,0,0,0,17802,M302,32.435917,-81.004972,81.9,84.9,85.2
ATK,165274,2020-09-01,8:45 AM,Hwy-rail crossing,0,RIDGELAND,SC,88,2,Day,Clear,Main,Passenger Train - Pulling,77,17802,0,17802,M302,32.435917,-81.004972,81.9,84.9,85.2
NS,129152,2018-04-13,6:48 PM,Hwy-rail crossing,0,RIDGEVILLE,SC,70,3,Dusk,Clear,Main,Freight Train,29,16389,13863,30252,M303,33.095468,-80.315042,58.2,63.3,67.6
NS,119990,2016-04-04,6:20 AM,Derailment,0,RIDGEVILLE,SC,68,1,Dawn,Clear,Siding,Freight Train,12,400,14956,15356,H701,33.097826,-80.319446,60.1,60.3,59.1
NS,134779,2019-07-19,4:00 AM,Derailment,0,RIDGEVILLE,SC,79,1,Dawn,Cloudy,Main,Freight Train,48,1418987,1187257,2606244,T208,33.075926,-80.278514,81.5,79.4,79.7
UP,0415FW002,2015-04-04,4:26 PM,Derailment,0,RIESEL,TX,58,2,Day,Cloudy,Main,Freight Train,24,216681,81457,298138,M204,31.497061,-96.939183,70.3,60.2,55.6
UP,0718FW039,2018-07-23,4:59 PM,Derailment,0,RIESEL,TX,108,2,Day,Clear,Main,Freight Train,12,469027,136204,605231,T105,31.508002,-96.949569,92.9,94.3,90.2
NS,138948,2020-08-24,12:35 PM,Derailment,0,RILEYVILLE,VA,82,2,Day,Clear,Main,Freight Train,32,179022,94738,273760,E33C,38.765398,-78.387195,74.3,76.7,76.7
UP,1019ST005,2019-10-04,12:02 PM,Hwy-rail crossing,0,RILLITO,AZ,82,2,Day,Clear,Main,Freight Train,62,57371,1000,58371,M302,32.397245,-111.124206,77,79.8,77.4
NS,136235,2019-11-18,11:53 PM,Derailment,0,RINCON,GA,52,4,Dark,Clear,Siding,Freight Train,15,232152,0,432152,H504,32.288667,-81.268839,52.1,55,54.2
BNSF,SW0122105,2022-01-11,12:50 PM,Derailment,0,RINCON,NM,68,2,Day,Clear,Yard,Freight Train,10,150,11389,11539,H307,32.672355,-107.064198,39.3,41.2,43
SERX,136235NS,2019-11-18,11:53 PM,Derailment,0,RINCON,GA,52,4,Dark,Clear,Main,,0,0,200000,432152,M505,32.310818,-81.240031,52.1,55,54.2
BNSF,SW0918103,2018-09-03,5:50 PM,Derailment,0,RINCON,NM,87,3,Dusk,Clear,Main,Freight Train,12,31000,992087,1023087,T110,32.526002,-106.982142,71.6,71.8,74.5
UP,0322LA011,2022-03-16,10:05 AM,Derailment,0,RIO RICO,AZ,49,2,Day,Clear,Main,Freight Train,2,24678,82935,107613,H306,31.458444,-110.970847,60.9,60.9,57.2
UP,0916ST015,2016-09-13,10:05 PM,Derailment,0,RIO RICO,AZ,74,4,Dark,Clear,Main,Freight Train,13,217082,33626,250708,H601,31.454368,-110.969262,72.3,73.8,73.4
BNSF,RD0722118,2022-07-24,10:35 AM,Derailment,0,RIO VISTA,TX,91,2,Day,Clear,Main,Freight Train,50,21535,800,22335,E34C,32.266669,-97.378985,88.3,90.3,91.7
ATK,178917,2024-03-19,4:57 PM,Hwy-rail crossing,0,RIO VISTA,TX,65,2,Day,Cloudy,Main,Passenger Train - Pulling,79,14239,0,14239,M302,32.183617,-97.380635,53.1,51.9,58.8
BNSF,RD0324206,2024-03-19,4:57 PM,Hwy-rail crossing,0,RIO VISTA,TX,65,2,Day,Clear,Main,,0,0,0,14239,M302,32.183617,-97.380635,53.1,51.9,58.8
BNSF,RD0823128,2023-08-22,3:33 PM,Obstruction,0,RIO VISTA,TX,105,2,Day,Clear,Main,Freight Train,55,0,22000,22000,M404,32.232902,-97.378253,94,92,91
NS,119566,2016-03-01,9:27 PM,Derailment,2,RIPLEY,NY,27,4,Dark,Snow,Main,Freight Train,51,641974,65079,707053,T207,42.265734,-79.707734,38.2,31.8,21.8
WSOR,IN18111201,2018-11-12,11:30 AM,Broken train collision,0,RIPON,WI,35,2,Day,Clear,Main,Freight Train,12,21097,4585,25682,E46C,43.848967,-88.830925,30.3,25.9,18.5
NS,154989,2023-12-07,9:51 PM,Hwy-rail crossing,0,RIPPLEMEAD,VA,32,4,Dark,Clear,Main,Freight Train,35,0,20787,20787,M302,37.332996,-80.678746,35,38.3,44.5
NS,115487,2015-05-01,2:15 PM,Other (describe in narrative),0,RIPPON,WV,65,2,Day,Clear,Main,Light loco(s),56,12500,0,12500,E73L,39.204086,-77.923498,56.8,56.9,61.6
NS,145572,2022-06-17,5:25 AM,Derailment,0,RISING FAWN,GA,87,1,Dawn,Clear,Main,Freight Train,42,4758,7550,12308,E33C,34.731427,-85.524817,82.6,79,77.5
UP,0115LK011,2015-01-17,5:20 PM,Derailment,0,RISON,AR,47,3,Dusk,Clear,Main,Work train,38,467906,238738,706644,E61C,33.965569,-92.184529,40,46.9,51
UP,0319PN012,2019-03-14,7:53 PM,Derailment,0,RITZVILLE,WA,38,3,Dusk,Cloudy,Main,Freight Train,45,1242045,239956,1482001,M101,46.838404,-118.138695,31.2,30.3,32.5
BNSF,NW0623112,2023-06-17,8:52 AM,Derailment,0,RITZVILLE,WA,73,1,Dawn,Clear,Industry,Light loco(s),10,18000,0,18000,H307,47.220281,-118.235592,67.6,66.6,57.9
NJTR,201909519,2019-09-19,7:30 AM,Hwy-rail crossing,0,RIVER EDGE,NJ,48,2,Day,Clear,Main,Commuter Train - Pushing,40,12957,16531,29488,M304,40.912709,-74.034412,63.3,60.8,66.3
CRSH,117296,2015-09-09,1:30 AM,Derailment,0,RIVER ROUGE,MI,72,4,Dark,Clear,Yard,Freight Train,4,1011,10800,11811,H702,42.274454,-83.138534,79.3,73.3,66.9
CRSH,113440,2014-12-13,12:30 AM,Raking collision,0,RIVER ROUGE,MI,35,4,Dark,Cloudy,Yard,Cut of cars,0,1143,0,23797,H020,42.274454,-83.138534,32.6,38.6,47.7
CRSH,113440,2014-12-13,12:30 AM,Raking collision,0,RIVER ROUGE,MI,35,4,Dark,Cloudy,Yard,Yard/switching,7,22654,0,23797,H020,42.274454,-83.138534,32.6,38.6,47.7
CRSH,129162,2018-04-14,5:20 PM,Raking collision,0,RIVER ROUGE,MI,36,3,Dusk,Rain,Yard,Yard/switching,5,38998,0,40000,H318,42.261456,-83.142938,46.7,38.7,35.3
CRSH,129162,2018-04-14,5:20 PM,Raking collision,0,RIVER ROUGE,MI,36,3,Dusk,Rain,Yard,Single Car,0,1002,0,40000,H318,42.261456,-83.142938,46.7,38.7,35.3
CRSH,140176,2021-01-01,3:30 PM,Derailment,0,RIVER ROUGE,MI,30,2,Day,Sleet,Industry,Yard/switching,3,23243,0,23243,H307,42.275963,-83.165942,30,29.5,34
CRSH,135421,2019-09-07,6:30 PM,Raking collision,0,RIVER ROUGE,MI,70,3,Dusk,Clear,Yard,Cut of cars,0,1578,0,131151,H020,42.260292,-83.143082,64,67.8,63.4
CRSH,135421,2019-09-07,6:30 PM,Raking collision,0,RIVER ROUGE,MI,70,3,Dusk,Clear,Yard,Yard/switching,4,129573,0,131151,H020,42.260292,-83.143082,64,67.8,63.4
CRSH,132307,2019-01-04,2:38 AM,Derailment,0,RIVER ROUGE,MI,32,4,Dark,Clear,Main,Freight Train,5,95347,16000,111347,T110,42.280559,-83.136553,32.8,37,38.7
CSX,000183395,2019-06-04,10:36 PM,Derailment,0,RIVERDALE,IL,72,4,Dark,Rain,Main,Freight Train,5,83300,7723,91023,H211,41.648034,-87.667944,58.4,68.7,72.2
IHB,2558,2019-11-07,4:30 AM,Derailment,0,RIVERDALE,IL,28,4,Dark,Clear,Yard,Freight Train,9,374107,6500,380607,T220,41.640476,-87.656593,40.8,28.2,24.9
UP,0817PR030,2017-08-24,2:40 AM,Derailment,0,RIVERDALE,IL,65,4,Dark,Cloudy,Main,Yard/switching,4,50266,0,85266,M405,41.898166,-87.869082,66.8,64.2,62.6
IHB,2468,2018-12-01,10:40 AM,Other impacts,0,RIVERDALE,IL,42,2,Day,Rain,Yard,Cut of cars,2,42029,0,42029,H318,41.639664,-87.656223,35.4,39.4,42
CSX,000216519,2024-03-02,6:29 PM,Rear end collision,0,RIVERDALE,IL,35,2,Day,Clear,Yard,Yard/switching,10,12045,8724,240226,H306,41.649857,-87.631209,38.4,46.1,56.9
CSX,000217595,2024-04-23,9:15 PM,Other impacts,0,RIVERDALE,IL,40,4,Dark,Cloudy,Yard,Yard/switching,5,46632,0,46738,H018,41.650035,-87.643692,53.4,55.6,40
CSX,000217595,2024-04-23,9:15 PM,Other impacts,0,RIVERDALE,IL,40,4,Dark,Cloudy,Yard,Cut of cars,3,106,0,46738,H018,41.650035,-87.643692,53.4,55.6,40
CSX,000216519,2024-03-02,6:29 PM,Rear end collision,0,RIVERDALE,IL,35,2,Day,Clear,Yard,Yard/switching,10,219457,0,240226,H306,41.649857,-87.631209,38.4,46.1,56.9
CSX,000216672,2024-03-11,1:45 AM,Derailment,0,RIVERDALE,IL,40,4,Dark,Clear,Yard,Yard/switching,5,6361,6175,12536,H702,41.856304,-87.739619,36.7,46.9,56.5
CSX,000211142,2023-05-04,6:05 AM,Derailment,0,RIVERDALE,IL,45,1,Dawn,Clear,Yard,Freight Train,10,47317,17100,64417,H702,41.649888,-87.627422,46.8,55.7,65.7
IHB,2419,2018-05-19,5:55 AM,Other impacts,0,RIVERDALE,IL,68,1,Dawn,Clear,Yard,Cut of cars,2,63976,0,63976,H316,41.640007,-87.653678,57.2,61.3,49
CSX,000213841,2023-10-02,9:53 PM,Other impacts,0,RIVERDALE,IL,75,4,Dark,Clear,Yard,Yard/switching,9,61750,949,62699,H306,41.650035,-87.643692,69.9,70.3,72.3
IHB,2407,2018-03-13,4:30 AM,Side collision,0,RIVERDALE,IL,30,1,Dawn,Clear,Yard,Yard/switching,9,20000,0,25200,H607,41.640099,-87.643795,35.4,29.7,32.6
CSX,000158521,2016-03-28,6:50 PM,Other impacts,0,RIVERDALE,IL,42,3,Dusk,Clear,Yard,Yard/switching,7,15591,0,16398,H310,41.650151,-87.644899,49.5,44.7,44.9
CSX,000158521,2016-03-28,6:50 PM,Other impacts,0,RIVERDALE,IL,42,3,Dusk,Clear,Yard,Cut of cars,2,557,250,16398,H310,41.650151,-87.644899,49.5,44.7,44.9
CSX,000156889,2016-02-06,1:10 AM,Derailment,0,RIVERDALE,IL,25,4,Dark,Clear,Yard,Yard/switching,5,47057,2500,49557,H702,41.650201,-87.645272,29.4,31.7,38.8
IHB,2186,2016-02-26,1:40 PM,Derailment,0,RIVERDALE,IL,32,2,Day,Clear,Yard,,0,0,11341,11841,S104,41.639269,-87.669902,33.1,31.5,37.7
BNSF,CH0216114,2016-02-26,1:40 PM,Derailment,0,RIVERDALE,IL,33,2,Day,Clear,Yard,Freight Train,10,500,0,11841,S104,41.639269,-87.669902,33.1,31.5,37.7
CSX,000157806,2016-03-07,3:17 AM,Other impacts,0,RIVERDALE,IL,46,4,Dark,Clear,Yard,Cut of cars,4,7758,0,17738,H318,41.650471,-87.647441,41.6,53.3,62.2
CSX,000157806,2016-03-07,3:17 AM,Other impacts,0,RIVERDALE,IL,46,4,Dark,Clear,Yard,Yard/switching,5,9830,150,17738,H318,41.650471,-87.647441,41.6,53.3,62.2