reportingrailroadcode,accidentnumber,date,time,accidenttype,hazmatreleasedcars,station,stateabbr,temperature,visibility_code,visibility,weathercondition,tracktype,equipmenttype,trainspeed,equipmentdamagecost,trackdamagecost,totaldamagecost,primaryaccidentcausecode,latitude,longitude,prior_temp,actual_temp,following_temp
CSX,000209593,2023-02-02,1:06 AM,Other impacts,0,RIVERDALE,IL,21,4,Dark,Clear,Yard,Single Car,3,9789,0,20635,H305,41.648513,-87.62199,16.5,24.5,8.8
CSX,000154158,2015-11-07,12:30 PM,Other impacts,0,RIVERDALE,IL,51,2,Day,Clear,Yard,Single Car,7,14259,0,15285,H302,41.643124,-87.615776,50.7,44.1,40.8
CSX,000209593,2023-02-02,1:06 AM,Other impacts,0,RIVERDALE,IL,21,4,Dark,Clear,Yard,Yard/switching,3,10846,0,20635,H305,41.648513,-87.62199,16.5,24.5,8.8
CSX,000154158,2015-11-07,12:30 PM,Other impacts,0,RIVERDALE,IL,51,2,Day,Clear,Yard,Single Car,7,876,150,15285,H302,41.643124,-87.615776,50.7,44.1,40.8
IHB,2194,2016-03-12,6:00 PM,Other impacts,0,RIVERDALE,IL,49,2,Day,Clear,Yard,Yard/switching,8,15647,0,15647,H019,41.639557,-87.656525,41.9,46.3,48.8
IHB,2637,2020-10-26,7:20 AM,Derailment,0,RIVERDALE,IL,36,1,Dawn,Clear,Main,,0,0,88307,437064,H503,41.642142,-87.650442,44.4,38.2,35.5
CSX,000162625,2016-09-02,7:27 PM,Side collision,0,RIVERDALE,IL,73,2,Day,Clear,Yard,Yard/switching,2,8528,0,14300,H307,41.650201,-87.645272,68.3,67.8,67.4
IHB,2680,2021-05-07,8:45 PM,Other impacts,0,RIVERDALE,IL,50,4,Dark,Clear,Yard,Yard/switching,2,12644,0,12644,H318,41.641423,-87.654293,48,46.7,43.8
CSX,000162625,2016-09-02,7:27 PM,Side collision,0,RIVERDALE,IL,73,2,Day,Clear,Yard,Yard/switching,7,5772,0,14300,H307,41.650201,-87.645272,68.3,67.8,67.4
UP,0818UT046,2018-08-29,9:20 PM,Fire/violent rupture,0,RIVERDALE,UT,78,4,Dark,Clear,Main,Freight Train,0,135285,0,135285,E99L,41.184607,-111.989741,62.4,68.6,77
UP,0524RM025,2024-05-31,9:15 AM,Other impacts,0,RIVERDALE,UT,55,2,Day,Clear,Yard,Yard/switching,10,22743,0,22743,H702,41.187722,-111.989959,61.7,65.1,71.3
UP,0524RM025,2024-05-31,9:15 AM,Other impacts,0,RIVERDALE,UT,55,2,Day,Clear,Yard,Cut of cars,0,0,0,22743,H702,41.187722,-111.989959,61.7,65.1,71.3
UP,1022RM028,2022-10-27,1:10 AM,Derailment,0,RIVERDALE,UT,33,4,Dark,Cloudy,Yard,Yard/switching,4,34405,636,35041,H511,41.167556,-111.994656,40.9,39.3,40.9
IHB,2736,2022-02-12,9:46 AM,Derailment,0,RIVERDALE,IL,16,2,Day,Snow,Yard,Cut of cars,0,389641,0,630369,M407,41.639261,-87.652638,36.3,19.6,15
IHB,2736,2022-02-12,9:46 AM,Derailment,0,RIVERDALE,IL,16,2,Day,Snow,Yard,Yard/switching,7,223933,16795,630369,M407,41.639261,-87.652638,36.3,19.6,15
CSX,000162962,2016-09-18,10:35 AM,Derailment,0,RIVERDALE,IL,79,2,Day,Clear,Yard,Yard/switching,4,12304,11508,23812,H523,41.649266,-87.62405,71.8,68.7,72.1
CSX,000191443,2020-07-17,9:20 AM,Derailment,0,RIVERDALE,IL,81,2,Day,Clear,Yard,Yard/switching,8,29708,800,30508,M405,41.643124,-87.615775,73.3,76.3,81.2
CSX,000186505,2019-11-09,1:03 AM,Other impacts,0,RIVERDALE,IL,30,4,Dark,Clear,Yard,Cut of cars,2,19926,50,19976,E35C,41.649836,-87.634368,24.9,37.1,39.8
IHB,2613,2020-07-05,4:15 PM,Derailment,0,RIVERDALE,IL,88,2,Day,Clear,Yard,Yard/switching,9,101300,1500,102800,T217,41.639655,-87.659383,78.3,80.5,82.2
CSX,000189378,2020-03-29,9:45 AM,Derailment,0,RIVERDALE,IL,53,2,Day,Clear,Yard,Freight Train,5,18142,3050,21192,H702,41.649836,-87.634368,52.9,49.8,43.4
IHB,2671,2021-03-09,2:10 AM,Side collision,0,RIVERDALE,IL,45,4,Dark,Cloudy,Yard,Single Car,0,5078,0,90961,S014,41.639711,-87.645171,51.6,53.6,60
CSX,000205088,2022-05-22,9:29 AM,Side collision,0,RIVERDALE,IL,58,2,Day,Clear,Yard,Single Car,4,310,0,73310,H702,41.649857,-87.631209,58.8,56.6,53.6
IHB,2674,2021-03-18,8:25 AM,Side collision,0,RIVERDALE,IL,37,2,Day,Rain,Yard,Cut of cars,10,30000,0,34100,M105,41.639498,-87.654897,36.8,38.3,37.5
CSX,000205088,2022-05-22,9:29 AM,Side collision,0,RIVERDALE,IL,58,2,Day,Clear,Yard,Cut of cars,4,73000,0,73310,H702,41.649857,-87.631209,58.8,56.6,53.6
IHB,2206,2016-04-24,3:30 PM,Derailment,0,RIVERDALE,IL,0,2,Day,Clear,Yard,Cut of cars,5,11954,834,12788,M411,41.639258,-87.652143,49.3,61.6,71.1
IHB,20232855,2023-07-28,3:45 AM,Derailment,0,RIVERDALE,IL,85,4,Dark,Clear,Yard,Freight Train,4,95993,2963,98956,H020,41.639261,-87.630605,81.7,81.9,73.3
IHB,2518,2019-05-16,8:16 AM,Derailment,0,RIVERDALE,IL,71,2,Day,Clear,Yard,Cut of cars,2,21816,1157,22973,S016,41.639261,-87.652638,62.6,64.9,52.3
IHB,2674,2021-03-18,8:25 AM,Side collision,0,RIVERDALE,IL,37,2,Day,Rain,Yard,Cut of cars,0,4100,0,34100,M105,41.639498,-87.654897,36.8,38.3,37.5
IHB,2320,2017-06-20,2:25 AM,Derailment,0,RIVERDALE,IL,58,4,Dark,Clear,Yard,Yard/switching,6,11494,66835,78329,M405,41.63957,-87.6421,68.3,66,68.8
IHB,2344,2017-08-27,5:50 PM,Other impacts,0,RIVERDALE,IL,75,2,Day,Clear,Yard,Cut of cars,5,34000,145,34145,S016,41.639595,-87.655229,66.4,68.4,68.3
IHB,2274,2016-12-28,5:46 PM,Other impacts,0,RIVERDALE,IL,36,4,Dark,Clear,Yard,Yard/switching,3,13803,0,13803,S016,41.639438,-87.655,28.4,33.6,33.2
IHB,2035,2014-12-02,10:30 AM,Other impacts,0,RIVERDALE,IL,25,2,Day,Clear,Yard,Cut of cars,7,84947,0,84947,M599,41.639966,-87.655377,23.8,27.3,30.2
CSX,000180204,2018-12-06,12:00 AM,Derailment,0,RIVERDALE,IL,32,4,Dark,Clear,Yard,Freight Train,6,35494,1998,37492,H503,41.649836,-87.634368,28.1,28.7,20.7
IHB,2671,2021-03-09,2:10 AM,Side collision,0,RIVERDALE,IL,45,4,Dark,Cloudy,Yard,Yard/switching,9,85450,433,90961,S014,41.639711,-87.645171,51.6,53.6,60
IHB,2324,2017-06-25,7:21 AM,Derailment,0,RIVERDALE,IL,68,1,Dawn,Clear,Yard,Yard/switching,5,11880,271,12151,H503,41.640763,-87.654244,67.6,64.1,63.2
IHB,2053,2015-01-03,6:45 PM,Derailment,0,RIVERDALE,IL,30,4,Dark,Rain,Yard,Yard/switching,5,16424,2625,19049,T220,41.639261,-87.652638,27.3,33.7,24.9
IHB,2681,2021-05-24,11:45 PM,Derailment,0,RIVERDALE,IL,73,4,Dark,Clear,Yard,Yard/switching,4,21241,6884,28125,H702,41.639302,-87.658823,72.3,73.6,76.5
CSX,000193416,2020-10-22,7:36 PM,Side collision,0,RIVERDALE,IL,73,3,Dusk,Clear,Yard,Yard/switching,6,536,0,36290,H306,41.649836,-87.634368,50.7,61.1,55.2
UP,1020PR021,2020-10-26,7:20 AM,Derailment,0,RIVERDALE,IL,37,1,Dawn,Cloudy,Main,Freight Train,2,348757,0,437064,H503,41.642142,-87.650442,44.4,38.2,35.5
CSX,000193416,2020-10-22,7:36 PM,Side collision,0,RIVERDALE,IL,73,3,Dusk,Clear,Yard,Yard/switching,4,35254,500,36290,H306,41.649836,-87.634368,50.7,61.1,55.2
CSX,000207082,2022-09-01,8:52 AM,Raking collision,0,RIVERDALE,IL,89,2,Day,Clear,Yard,Yard/switching,4,5568,0,18073,M204,41.650035,-87.643692,72.2,75.6,75.8
CSX,000152166,2015-09-16,6:50 PM,Other impacts,0,RIVERDALE,IL,79,3,Dusk,Clear,Yard,Cut of cars,3,50900,0,50900,E31C,41.650474,-87.647465,70.1,69.5,73.1
CSX,000182382,2019-04-15,4:24 PM,Derailment,0,RIVERDALE,IL,54,2,Day,Cloudy,Yard,Freight Train,4,17456,724,18180,H506,41.649979,-87.657311,34.9,42.3,57
IHB,2074,2015-03-05,10:30 AM,Derailment,0,RIVERDALE,IL,18,2,Day,Clear,Yard,Cut of cars,5,30575,1900,32475,M411,41.639052,-87.650041,22.8,13.2,14.3
IHB,2099,2015-05-08,11:05 PM,Derailment,0,RIVERDALE,IL,60,4,Dark,Rain,Yard,Yard/switching,5,86836,3815,90651,M507,41.640887,-87.657505,71.7,69.7,55.3
UP,0217UT010,2017-02-13,11:45 PM,Derailment,0,RIVERDALE,UT,26,4,Dark,Clear,Yard,Yard/switching,5,8159,30385,38544,H524,41.184655,-111.990043,31.5,29.7,32.8
BNSF,CH1221101,2021-12-06,1:40 PM,Derailment,0,RIVERDALE,IA,32,2,Day,Clear,Industry,Freight Train,4,1070,145000,146070,T111,41.534818,-90.456461,37.7,25.4,19.2
BNSF,CH0322116,2022-03-23,12:05 PM,Derailment,0,RIVERDALE,IA,48,2,Day,Cloudy,Industry,Freight Train,7,2500,80117,82617,T110,41.5345,-90.457153,53.4,48.5,40.2
IHB,2687,2021-06-25,1:32 PM,Other impacts,0,RIVERDALE,IL,73,2,Day,Rain,Yard,Yard/switching,0,20438,0,20438,T103,41.63976,-87.654801,69.6,72.2,73.8
CSX,000154782,2015-11-30,1:32 PM,Derailment,0,RIVERDALE,IL,43,2,Day,Cloudy,Yard,Freight Train,3,27306,700,28006,T207,41.650193,-87.65613,36.2,40.9,40.9
UP,1122RM003,2022-11-04,1:50 AM,Derailment,0,RIVERDALE,UT,30,4,Dark,Cloudy,Yard,Yard/switching,6,15170,55974,71144,T207,41.167556,-111.994656,36.7,35.6,42.2
UP,0617UT022,2017-06-30,1:19 PM,Derailment,0,RIVERDALE,UT,80,2,Day,Clear,Yard,Yard/switching,6,45360,228105,273465,T205,41.186592,-111.989955,71.7,71.4,74.5
BNSF,CH1221106,2021-12-27,11:15 AM,Derailment,0,RIVERDALE,IA,40,2,Day,Cloudy,Industry,Freight Train,2,4155,75000,79155,T111,41.534946,-90.456246,32.8,36.9,32.2
UP,1223RM001,2023-12-01,1:00 AM,Derailment,0,RIVERDALE,UT,28,4,Dark,Clear,Yard,Yard/switching,4,130629,67347,197976,T102,41.186418,-111.99026,31.1,31.3,35.1
IHB,2299,2017-03-30,8:45 AM,Derailment,0,RIVERDALE,IL,44,2,Day,Rain,Industry,Yard/switching,10,390870,13613,404483,T202,41.640607,-87.64194,42.8,43.8,38.7
LI,GR20150601,2015-06-18,1:44 PM,Hwy-rail crossing,0,RIVERHEAD,NY,70,2,Day,Clear,Main,DMU,37,14922,26284,41206,M303,40.917924,-72.689812,68,63.3,73.9
CSCD,CSC909316D,2016-03-14,1:20 PM,Derailment,0,RIVERSIDE,WA,40,2,Day,Clear,Main,Freight Train,10,29643,71900,101543,M599,48.541969,-119.4881,36.2,39,41.1
NS,155386,2024-01-16,9:37 AM,Other impacts,0,RIVERSIDE,AL,19,2,Day,Cloudy,Main,Spec. MoW Equip.,15,15000,0,20000,H402,33.589121,-86.237558,43.7,23,21
NS,125135,2017-05-19,5:55 PM,Derailment,2,RIVERSIDE,AL,91,3,Dusk,Clear,Main,Freight Train,45,1131511,506637,1638148,H503,33.595938,-86.222794,77.9,79.7,74.6
CSCD,CSC484620D,2020-07-14,8:15 AM,Derailment,0,RIVERSIDE,WA,70,2,Day,Clear,Main,Freight Train,10,114887,266293,381180,T001,48.57715,-119.481969,66.5,72.3,76.3
NS,145342,2022-04-29,7:45 PM,Other (describe in narrative),0,RIVERTON,VA,43,3,Dusk,Clear,Main,Freight Train,5,13200,0,13200,E21C,39.00164,-78.145653,44,49,50.2
SNJX,05052016,2016-05-05,10:15 AM,Hwy-rail crossing,0,RIVERTON,NJ,55,2,Day,Cloudy,Main,DMU,30,12810,0,12810,M308,40.009648,-75.011895,51.4,52.7,51.3
GTW,945462,2017-12-27,10:05 AM,Hwy-rail crossing,0,RIVERVIEW,MI,12,2,Day,Clear,Main,Maint./inspect Car,5,30000,0,30000,H402,42.1707,-83.172203,9,5,6.7
IC,1120537,2022-12-11,3:02 PM,Derailment,0,RIVES,TN,45,2,Day,Cloudy,Main,Freight Train,5,3500,100000,103500,E67C,36.469337,-88.918533,48.3,46,42
FEC,D88123115,2015-12-31,10:00 AM,Derailment,0,RIVIERA BEACH,FL,84,2,Day,Clear,Yard,Freight Train,6,14843,6180,21023,T221,26.771373,-80.062009,79.4,79,77.8
PPBD,001,2023-05-05,7:35 AM,Derailment,0,RIVIERA BEACH,FL,85,1,Dawn,Clear,Industry,Cut of cars,3,150000,0,150000,H018,26.767202,-80.053186,75.7,77.9,79
FEC,D09021815,2015-02-18,6:20 PM,Derailment,0,RIVIERA BEACH,FL,55,4,Dark,Cloudy,Industry,Yard/switching,10,4452,12827,17279,T110,26.782826,-80.066759,71.9,61.9,50.6
FEC,D31042321,2021-04-23,6:45 AM,Derailment,0,RIVIERA BEACH,FL,75,1,Dawn,Clear,Yard,Yard/switching,6,4147,33698,37845,T111,26.772451,-80.078042,76.4,76.8,79.8
NS,139531,2020-10-25,12:20 PM,Derailment,0,ROANOKE,IN,48,2,Day,Clear,Yard,Freight Train,12,23519,51310,74829,H504,40.981451,-85.347554,42.1,42.9,44.6
NS,155420,2024-01-19,1:30 AM,Other impacts,0,ROANOKE,VA,25,4,Dark,Cloudy,Yard,Cut of cars,4,80817,2765,185288,H312,37.277575,-79.978824,29.7,32.9,20.9
NS,155420,2024-01-19,1:30 AM,Other impacts,0,ROANOKE,VA,25,4,Dark,Cloudy,Yard,Cut of cars,0,101706,0,185288,H312,37.277575,-79.978824,29.7,32.9,20.9
NS,155539,2024-01-24,9:14 AM,Other impacts,0,ROANOKE,VA,51,2,Day,Cloudy,Yard,Yard/switching,6,152200,4672,156872,H312,37.277109,-79.982324,40.9,49.4,57.7
NS,153466,2023-06-29,4:15 AM,Other impacts,0,ROANOKE,VA,74,1,Dawn,Clear,Yard,Cut of cars,8,170,0,109320,H020,37.271116,-79.997916,75.3,72.8,76.7
NS,154734,2023-11-08,12:01 PM,Other impacts,0,ROANOKE,VA,49,2,Day,Cloudy,Yard,Single Car,4,30000,0,30150,H312,37.277575,-79.978824,65.8,63.5,68.1
NS,139456,2020-10-18,11:55 AM,Derailment,0,ROANOKE,VA,72,2,Day,Clear,Yard,Yard/switching,5,32050,53557,85607,E30C,37.271098,-79.997944,49.8,50.1,56.6
NS,144118,2022-01-24,2:30 AM,Derailment,0,ROANOKE,VA,38,4,Dark,Cloudy,Yard,Yard/switching,9,155042,108,155150,H602,37.271115,-79.997916,34.2,38.9,42.3
NS,155663,2024-02-03,6:06 PM,Obstruction,0,ROANOKE,VA,50,3,Dusk,Clear,Yard,Yard/switching,6,13500,0,13500,M404,37.278856,-79.97373,50.1,42,41.2
NS,121042,2016-06-29,2:30 AM,Derailment,0,ROANOKE,VA,65,4,Dark,Clear,Yard,Yard/switching,5,19331,200,19531,H306,37.271098,-79.997944,76,75,71.3
NS,113752,2015-01-09,7:05 PM,Derailment,0,ROANOKE,VA,30,3,Dusk,Clear,Yard,Freight Train,3,56473,8575,65048,E64L,37.267787,-79.965191,14.3,30.2,23.2
NS,153998,2023-08-22,3:00 PM,Other impacts,0,ROANOKE,VA,93,2,Day,Cloudy,Yard,Single Car,4,71816,0,106096,H312,37.272099,-80.009416,81.4,82.1,75.6
NS,144557,2022-03-02,3:30 AM,Other impacts,0,ROANOKE,VA,51,4,Dark,Cloudy,Yard,Single Car,0,51667,0,207000,H318,37.277109,-79.982323,49.4,58.7,61.3
NS,143883,2021-12-30,8:00 AM,Obstruction,0,ROANOKE,VA,55,2,Day,Fog,Yard,Yard/switching,2,14835,0,48383,M404,37.277109,-79.982323,58.1,57.3,53.5
NS,140029,2020-12-16,2:16 AM,Derailment,0,ROANOKE,VA,72,4,Dark,Cloudy,Main,Freight Train,6,261256,301411,562667,H517,37.273201,-79.939819,35.2,32.7,39.5
NS,154607,2023-10-27,5:30 PM,Other impacts,0,ROANOKE,VA,80,3,Dusk,Clear,Yard,Single Car,4,94632,494,95126,H317,37.277575,-79.978824,63.4,66.8,73.7
NS,143501,2021-10-11,12:15 PM,Other impacts,0,ROANOKE,VA,75,2,Day,Clear,Yard,Single Car,3,15600,0,15600,H602,37.278032,-79.970283,66.6,65.7,68.3
NS,153466,2023-06-29,4:15 AM,Other impacts,0,ROANOKE,VA,74,1,Dawn,Clear,Yard,Freight Train,4,109000,150,109320,H020,37.271116,-79.997916,75.3,72.8,76.7
NS,145930,2022-07-17,1:35 PM,Raking collision,0,ROANOKE,VA,88,2,Day,Cloudy,Yard,Yard/switching,5,11000,750,11750,H020,37.271115,-79.997916,77.3,77.2,78.3
NS,153998,2023-08-22,3:00 PM,Other impacts,0,ROANOKE,VA,93,2,Day,Cloudy,Yard,Single Car,4,34280,0,106096,H312,37.272099,-80.009416,81.4,82.1,75.6
NS,146195,2022-08-15,7:35 PM,Other impacts,0,ROANOKE,VA,64,3,Dusk,Rain,Yard,Single Car,2,11682,0,22182,H601,37.277109,-79.982323,69.6,66.6,66
NS,146096,2022-08-05,7:30 PM,Other impacts,0,ROANOKE,VA,72,3,Dusk,Rain,Yard,Single Car,0,500,0,30500,H312,37.277109,-79.982323,80.8,78.9,74
NS,143377,2021-11-05,10:55 PM,Derailment,0,ROANOKE,VA,72,4,Dark,Clear,Main,Freight Train,9,25500,25893,51393,H505,37.273325,-79.940487,41.9,39.9,40.9
NS,143883,2021-12-30,8:00 AM,Obstruction,0,ROANOKE,VA,55,2,Day,Fog,Yard,Single Car,0,3000,30548,48383,M404,37.277109,-79.982323,58.1,57.3,53.5
NS,127776,2017-12-14,6:00 PM,Derailment,0,ROANOKE,VA,33,3,Dusk,Clear,Yard,Yard/switching,2,849,35673,36522,M405,37.270171,-79.99944,30.4,40.8,32.6
NS,156060,2024-03-15,8:40 PM,Derailment,0,ROANOKE,VA,57,4,Dark,Cloudy,Yard,Freight Train,6,14000,3000,17000,M599,37.271116,-79.997916,63.2,65.6,61.2
NS,118135,2015-11-10,12:15 AM,Derailment,0,ROANOKE,VA,46,4,Dark,Rain,Yard,Light loco(s),4,211237,3000,214237,H702,37.271115,-79.997916,41.6,54.2,54.4
NS,138890,2020-08-18,2:07 AM,Other impacts,0,ROANOKE,VA,72,4,Dark,Cloudy,Yard,Cut of cars,0,7752,9552,18504,H312,37.277109,-79.982321,74.3,74.7,74.2
NS,154734,2023-11-08,12:01 PM,Other impacts,0,ROANOKE,VA,49,2,Day,Cloudy,Yard,Single Car,0,150,0,30150,H312,37.277575,-79.978824,65.8,63.5,68.1
NS,137790,2020-04-22,7:15 PM,Derailment,0,ROANOKE,VA,70,3,Dusk,Clear,Yard,Yard/switching,5,10525,2295,12820,H504,37.277024,-79.965102,59.3,55.2,53
NS,144557,2022-03-02,3:30 AM,Other impacts,0,ROANOKE,VA,51,4,Dark,Cloudy,Yard,Single Car,4,51563,2977,207000,H318,37.277109,-79.982323,49.4,58.7,61.3
NS,138983,2020-08-25,8:00 AM,Derailment,0,ROANOKE,VA,77,2,Day,Clear,Yard,Cut of cars,2,22070,0,22070,M599,37.277109,-79.982321,78.6,81,79.8
NS,146308,2022-08-28,4:50 PM,Other impacts,0,ROANOKE,VA,85,3,Dusk,Clear,Yard,Cut of cars,4,980,6817,20851,H317,37.277024,-79.965086,77.3,78.8,79.3
NS,156901,2024-05-29,10:51 AM,Other (describe in narrative),0,ROANOKE,VA,70,2,Day,Clear,Yard,Single Car,1,32563,0,32563,M599,37.277109,-79.982324,72.3,69.5,67
NS,137026,2020-02-02,3:00 PM,Other impacts,0,ROANOKE,VA,60,2,Day,Clear,Yard,Single Car,0,0,0,51662,H312,37.277109,-79.982321,41.4,51.4,60.2
NS,156701,2024-05-14,10:30 AM,Derailment,0,ROANOKE,VA,63,2,Day,Rain,Yard,Freight Train,4,13399,2260,15659,H702,37.277109,-79.982324,61.9,63.4,65.9
NS,144557,2022-03-02,3:30 AM,Other impacts,0,ROANOKE,VA,51,4,Dark,Cloudy,Yard,Single Car,0,17009,0,207000,H318,37.277109,-79.982323,49.4,58.7,61.3
NS,134976,2019-08-02,7:40 PM,Derailment,0,ROANOKE,VA,78,3,Dusk,Clear,Main,Freight Train,8,10044,56782,66826,H507,37.273201,-79.939819,73.7,73.7,76.8
NS,155798,2024-02-17,8:00 AM,Other impacts,0,ROANOKE,VA,50,2,Day,Clear,Yard,Single Car,4,30000,0,30000,H602,37.277109,-79.982324,47,36.5,36.1
NS,125500,2017-06-20,7:00 AM,Derailment,0,ROANOKE,VA,75,1,Dawn,Clear,Yard,Yard/switching,5,2291,18025,20316,H702,37.271098,-79.997944,75.4,73.5,76.4
NS,142529,2021-08-12,5:00 PM,Hwy-rail crossing,0,ROANOKE,VA,90,3,Dusk,Clear,Main,Freight Train,14,4982,15766,20748,M303,37.277958,-79.923798,79.8,81.5,81.4
NS,153298,2023-06-07,9:00 PM,Other impacts,0,ROANOKE,VA,74,4,Dark,Clear,Yard,Cut of cars,8,50377,0,50377,H317,37.277024,-79.965087,68.1,68.5,64.8
NS,145219,2022-05-09,4:05 PM,Derailment,0,ROANOKE,VA,72,3,Dusk,Clear,Main,Freight Train,9,2025,22119,24144,E36C,37.27181,-79.936886,51.1,57.3,60.7
UP,0124TO001,2024-01-02,3:15 AM,Derailment,0,ROANOKE,TX,30,4,Dark,Cloudy,Main,Freight Train,40,67137,1065960,1133097,E51C,33.043903,-97.207988,36.9,38.7,45.6
NS,145775,2022-07-07,3:00 AM,Other impacts,0,ROANOKE,VA,72,4,Dark,Clear,Yard,Yard/switching,4,25000,613,25613,H318,37.277109,-79.982323,80.2,81.1,79.8
NS,140384,2021-01-23,9:00 AM,Other impacts,0,ROANOKE,VA,50,2,Day,Cloudy,Yard,Yard/switching,3,37050,0,37050,H601,37.277109,-79.982323,43.5,35.7,33.1
NS,138890,2020-08-18,2:07 AM,Other impacts,0,ROANOKE,VA,72,4,Dark,Cloudy,Yard,Single Car,5,1200,0,18504,H312,37.277109,-79.982321,74.3,74.7,74.2
NS,156012,2024-03-12,3:30 AM,Other impacts,0,ROANOKE,VA,43,4,Dark,Clear,Yard,Yard/switching,3,60842,4420,65262,M599,37.278302,-79.977205,46.7,56.8,60
NS,139057,2020-09-03,5:40 AM,Other (describe in narrative),0,ROANOKE,VA,72,1,Dawn,Clear,Yard,Light loco(s),3,25000,0,25000,H702,37.277109,-79.982321,79.6,81.7,78.2
NS,155739,2024-02-12,8:30 AM,Other impacts,0,ROANOKE,VA,54,2,Day,Cloudy,Yard,Single Car,2,20000,0,70000,H601,37.277109,-79.982324,54.8,51.6,47
NS,146096,2022-08-05,7:30 PM,Other impacts,0,ROANOKE,VA,72,3,Dusk,Rain,Yard,Single Car,4,30000,0,30500,H312,37.277109,-79.982323,80.8,78.9,74
NS,146195,2022-08-15,7:35 PM,Other impacts,0,ROANOKE,VA,64,3,Dusk,Rain,Yard,Single Car,0,10500,0,22182,H601,37.277109,-79.982323,69.6,66.6,66
NS,144735,2022-03-18,3:30 AM,Other impacts,0,ROANOKE,VA,50,4,Dark,Cloudy,Yard,Single Car,0,37787,0,39045,H312,37.277109,-79.982323,59.5,60.5,63.7
NS,137026,2020-02-02,3:00 PM,Other impacts,0,ROANOKE,VA,60,2,Day,Clear,Yard,Cut of cars,4,50000,1662,51662,H312,37.277109,-79.982321,41.4,51.4,60.2
NS,138168,2020-06-07,3:04 AM,Derailment,1,ROANOKE,VA,71,4,Dark,Clear,Yard,Cut of cars,0,1695187,81851,1777038,H021,37.277786,-79.923957,78.2,77.1,72.7
NS,137695,2020-04-09,2:40 AM,Derailment,0,ROANOKE,VA,57,4,Dark,Cloudy,Yard,Yard/switching,5,3700,7791,11491,M405,37.271098,-79.997944,66.5,61.3,45.5
NS,146331,2022-08-30,3:00 AM,Other impacts,0,ROANOKE,VA,75,4,Dark,Clear,Yard,Yard/switching,3,6282,0,25669,H312,37.271115,-79.997916,79.3,76,75.7
NS,146308,2022-08-28,4:50 PM,Other impacts,0,ROANOKE,VA,85,3,Dusk,Clear,Yard,Cut of cars,0,13054,0,20851,H317,37.277024,-79.965086,77.3,78.8,79.3
NS,144557,2022-03-02,3:30 AM,Other impacts,0,ROANOKE,VA,51,4,Dark,Cloudy,Yard,Single Car,0,51634,0,207000,H318,37.277109,-79.982323,49.4,58.7,61.3
NS,138746,2020-08-03,3:00 PM,Other impacts,0,ROANOKE,VA,82,2,Day,Clear,Yard,Single Car,1,29468,0,29468,H312,37.277574,-79.978824,78.9,73.1,77.3
NS,151889,2023-01-01,11:00 PM,Other impacts,0,ROANOKE,VA,50,4,Dark,Clear,Yard,Cut of cars,0,195342,2223,246691,H318,37.277109,-79.982324,52.2,56.1,55.1
NS,133104,2019-03-06,2:15 AM,Derailment,0,ROANOKE,VA,21,4,Dark,Clear,Yard,Freight Train,7,4608,27890,32498,E39C,37.273788,-79.950442,31.2,28,35.7
NS,151889,2023-01-01,11:00 PM,Other impacts,0,ROANOKE,VA,50,4,Dark,Clear,Yard,Freight Train,4,49126,0,246691,H318,37.277109,-79.982324,52.2,56.1,55.1
NS,133301,2019-03-21,10:47 AM,Derailment,0,ROANOKE,VA,55,2,Day,Clear,Main,Freight Train,9,29907,13486,43393,E39C,37.273607,-79.94874,43,48,47.3
NS,144557,2022-03-02,3:30 AM,Other impacts,0,ROANOKE,VA,51,4,Dark,Cloudy,Yard,Single Car,0,17000,0,207000,H318,37.277109,-79.982323,49.4,58.7,61.3
NS,144557,2022-03-02,3:30 AM,Other impacts,0,ROANOKE,VA,51,4,Dark,Cloudy,Yard,Single Car,0,12150,0,207000,H318,37.277109,-79.982323,49.4,58.7,61.3
NS,151273,2022-10-25,4:45 PM,Other (describe in narrative),0,ROANOKE,VA,68,3,Dusk,Clear,Yard,Freight Train,5,13289,10705,23994,H702,37.271116,-79.997916,57.4,57.2,60.9
NS,141882,2021-06-14,4:00 PM,Derailment,0,ROANOKE,VA,72,3,Dusk,Clear,Yard,Yard/switching,4,68150,1070,69220,H399,37.278301,-79.977205,73.5,76,73.8
NS,145857,2022-07-15,8:15 PM,Derailment,0,ROANOKE,VA,80,4,Dark,Cloudy,Yard,Yard/switching,4,16000,9706,25706,H506,37.278301,-79.977205,77.1,77.3,77.3
NS,146331,2022-08-30,3:00 AM,Other impacts,0,ROANOKE,VA,75,4,Dark,Clear,Yard,Single Car,3,14676,4711,25669,H312,37.271115,-79.997916,79.3,76,75.7
NS,144528,2022-02-26,10:00 AM,Other impacts,0,ROANOKE,VA,42,2,Day,Clear,Yard,Single Car,2,29787,0,29787,E27C,37.271115,-79.997916,43.6,40.5,45.5
NS,155739,2024-02-12,8:30 AM,Other impacts,0,ROANOKE,VA,54,2,Day,Cloudy,Yard,Single Car,0,50000,0,70000,H601,37.277109,-79.982324,54.8,51.6,47
NS,144557,2022-03-02,3:30 AM,Other impacts,0,ROANOKE,VA,51,4,Dark,Cloudy,Yard,Single Car,0,3000,0,207000,H318,37.277109,-79.982323,49.4,58.7,61.3
NS,144735,2022-03-18,3:30 AM,Other impacts,0,ROANOKE,VA,50,4,Dark,Cloudy,Yard,Single Car,4,250,1008,39045,H312,37.277109,-79.982323,59.5,60.5,63.7