reportingrailroadcode,accidentnumber,date,time,accidenttype,hazmatreleasedcars,station,stateabbr,temperature,visibility_code,visibility,weathercondition,tracktype,equipmenttype,trainspeed,equipmentdamagecost,trackdamagecost,totaldamagecost,primaryaccidentcausecode,latitude,longitude,prior_temp,actual_temp,following_temp
NS,138746,2020-08-03,3:00 PM,Other impacts,0,ROANOKE,VA,82,2,Day,Clear,Yard,Single Car,0,0,0,29468,H312,37.277574,-79.978824,78.9,73.1,77.3
NS,155808,2024-02-19,3:15 PM,Other impacts,0,ROANOKE,VA,53,2,Day,Clear,Yard,Single Car,4,45000,0,45000,H602,37.277109,-79.982324,36.1,43.8,40.2
NS,146259,2022-08-20,6:28 PM,Other impacts,0,ROANOKE,VA,78,3,Dusk,Clear,Yard,Single Car,4,20000,0,20000,H601,37.277109,-79.982323,72.6,74,73.2
NS,135345,2019-09-01,4:24 PM,Other (describe in narrative),0,ROANOKE,VA,82,3,Dusk,Cloudy,Main,Freight Train,10,28,15000,15028,S005,37.277574,-79.978824,77,75.6,75.4
ATK,142210,2016-05-02,1:38 PM,Hwy-rail crossing,0,ROANOKE,LA,75,2,Day,Cloudy,Main,Passenger Train - Pulling,69,11343,0,11343,M302,30.237854,-92.878161,69.9,70.6,68.3
CSX,000198125,2021-06-08,7:00 PM,Other impacts,0,ROANOKE,AL,70,3,Dusk,Rain,Main,Freight Train,50,14510,0,14510,M404,33.138838,-85.450007,75.8,74.4,75.4
NS,145589,2022-06-19,1:30 PM,Derailment,0,ROANOKE,IN,79,2,Day,Clear,Yard,Work train,10,118016,126070,244086,H506,40.976716,-85.34943,68,67,74.2
NS,151865,2022-12-29,10:50 AM,Derailment,0,ROANOKE,IN,52,2,Day,Cloudy,Siding,Freight Train,12,111421,39141,150562,H504,40.980031,-85.348117,35,48.6,50.5
UP,0415FW022,2015-04-30,12:15 PM,Derailment,0,ROANOKE,TX,78,2,Day,Clear,Industry,Freight Train,4,40271,2470,42741,T206,33.002017,-97.229067,60,64.7,67.1
UP,0816FW020,2016-08-21,6:00 PM,Derailment,0,ROANOKE,TX,82,2,Day,Clear,Main,Freight Train,38,1612749,4600000,6212749,T108,33.042568,-97.208309,76,78.2,76.8
NS,137017,2020-02-01,11:20 PM,Derailment,0,ROANOKE,VA,39,4,Dark,Cloudy,Yard,Yard/switching,6,9300,15383,24683,T207,37.271098,-79.997944,35.3,41.4,51.4
NS,125148,2017-05-21,2:20 PM,Derailment,0,ROANOKE,VA,65,2,Day,Cloudy,Yard,Freight Train,0,1200,12166,43285,T319,37.271098,-79.997944,73,62.1,66.5
NS,140763,2021-02-27,12:00 AM,Derailment,0,ROANOKE,VA,34,4,Dark,Rain,Yard,Freight Train,5,1800,13916,15716,T110,37.277537,-79.968579,41.8,43.8,50.1
NS,138633,2020-07-24,2:30 PM,Derailment,0,ROANOKE,VA,87,2,Day,Clear,Yard,Yard/switching,9,23000,26107,49107,T110,37.270171,-79.99944,76.4,79.8,81.4
NS,121519,2016-08-02,12:45 PM,Derailment,0,ROANOKE,VA,85,2,Day,Clear,Yard,Freight Train,6,20094,18348,38442,T110,37.270171,-79.999441,78.2,77.8,73.6
NS,136368,2019-11-30,7:30 PM,Derailment,0,ROANOKE,VA,41,3,Dusk,Rain,Yard,Yard/switching,7,51800,0,51800,T210,37.271098,-79.997944,46,42.7,41.4
NS,127307,2017-11-06,3:15 AM,Derailment,0,ROANOKE,VA,72,4,Dark,Fog,Yard,Yard/switching,8,7094,17884,24978,T110,37.272138,-80.011322,51.8,60.2,50.9
NS,125148,2017-05-21,2:20 PM,Derailment,0,ROANOKE,VA,65,2,Day,Cloudy,Yard,Freight Train,8,29919,0,43285,T319,37.271098,-79.997944,73,62.1,66.5
NS,141197,2021-04-10,6:45 AM,Derailment,0,ROANOKE,IN,57,1,Dawn,Clear,Yard,Freight Train,11,15279,0,49111,T101,40.973558,-85.350682,60.9,57.5,50.2
NS,141197,2021-04-10,6:45 AM,Derailment,0,ROANOKE,IN,57,1,Dawn,Clear,Yard,Freight Train,0,29500,4332,49111,T101,40.973558,-85.350682,60.9,57.5,50.2
NS,157610,2024-08-04,7:30 AM,Derailment,0,ROANOKE CITy,VA,74,1,Dawn,Clear,Yard,Yard/switching,8,45098,0,45098,H601,37.277109,-79.982324,77.9,79.6,80.9
NS,157599,2024-08-03,7:00 AM,Other (describe in narrative),0,ROANOKE CITy,VA,75,1,Dawn,Clear,Yard,Yard/switching,9,24546,348,24894,H601,37.277109,-79.982324,81,77.9,79.6
CSX,000173873,2017-10-28,3:00 PM,Obstruction,0,ROANOKE RAPIDS,NC,75,2,Day,Clear,Industry,Yard/switching,4,26533,0,26533,H210,36.450398,-77.66254,50.8,55.1,58.9
YVRR,YV072023,2023-07-20,1:30 PM,Derailment,0,ROARING RIVER,NC,92,2,Day,Clear,Industry,Freight Train,9,0,4150,4150,M404,36.198007,-81.031698,73.7,72.9,76.2
BNSF,TC1220103,2020-12-23,8:16 AM,Derailment,0,ROBBINSDALE,MN,24,1,Dawn,Cloudy,Yard,Yard/switching,8,7693,36000,43693,M411,45.031533,-93.270443,31.7,30.2,1.3
UP,0220RM031,2020-02-25,3:46 PM,Hwy-rail crossing,0,ROBERTS,ID,22,2,Day,Clear,Main,Freight Train,38,8475,4494,12969,M304,43.720162,-112.126234,22,9.3,13.6
UP,0815PC003,2015-08-09,2:43 AM,Derailment,0,ROBERTS,ID,61,4,Dark,Clear,Main,Freight Train,23,26274,75000,101274,E53C,43.741926,-112.112661,59.9,62.9,67.2
KNWA,180518003,2018-05-18,6:05 AM,Other (describe in narrative),0,ROBSON,WV,60,1,Dawn,Rain,Main,Freight Train,11,109000,0,109000,H020,38.012826,-81.203825,68.5,66.8,69.7
KCS,17122302,2017-12-23,5:35 AM,Derailment,0,ROBSTOWN,TX,48,4,Dark,Clear,Siding,Freight Train,2,0,0,13090,S104,27.782356,-97.666447,72.8,52.9,55.4
UP,1217HO019,2017-12-23,5:35 AM,Derailment,0,ROBSTOWN,TX,45,1,Dawn,Clear,Siding,,0,0,13090,13090,H702,27.782356,-97.666447,72.8,52.9,55.4
KCS,21061201,2021-06-12,9:15 PM,Derailment,0,ROBSTOWN,TX,80,4,Dark,Clear,Main,Freight Train,10,2332,10046,12378,T111,27.787957,-97.664366,85.6,86.1,84.5
KCS,21091701,2021-09-17,7:15 PM,Derailment,0,ROBSTOWN,TX,90,3,Dusk,Clear,Siding,Freight Train,8,69775,15259,103500,T303,27.787144,-97.662584,82.4,85.2,85.9
UP,0815HO025,2015-08-16,6:00 PM,Derailment,0,ROBSTOWN,TX,87,2,Day,Clear,Industry,Freight Train,6,75777,82113,157890,T110,27.760921,-97.683743,86.9,83.1,83.3
UP,0921GC030,2021-09-17,7:15 PM,Derailment,0,ROBSTOWN,TX,90,3,Dusk,Clear,Siding,Freight Train,0,0,18466,103500,T303,27.787144,-97.662584,82.4,85.2,85.9
UP,0219GL015,2019-02-01,11:59 PM,Other (describe in narrative),0,ROCHELLE,IL,10,4,Dark,Cloudy,Yard,Yard/switching,4,177065,0,177065,E21C,41.902291,-89.120198,-15.6,6.7,27.2
UP,1218GL008,2018-12-06,11:15 PM,Fire/violent rupture,0,ROCHELLE,IL,24,4,Dark,Clear,Main,Freight Train,30,60896,0,60896,E73L,41.929715,-88.97276,27.7,25.9,17.9
UP,0618PR023,2018-06-19,11:35 AM,Other impacts,0,ROCHELLE,IL,80,2,Day,Cloudy,Yard,Yard/switching,7,63524,132,63656,H601,41.915265,-89.087066,80.6,71.7,69.6
UP,1122PR001,2022-11-02,7:52 PM,Derailment,0,ROCHELLE,IL,56,3,Dusk,Cloudy,Yard,Freight Train,7,90408,85753,176161,E4TC,41.910819,-89.095235,48.1,52.6,57.9
UP,1122PR005,2022-11-10,4:23 PM,Derailment,0,ROCHELLE,IL,62,2,Day,Clear,Yard,Yard/switching,6,810,52201,53011,H706,41.902102,-89.120686,57.8,61.6,36.4
UP,0618PR023,2018-06-19,11:35 AM,Other impacts,0,ROCHELLE,IL,80,2,Day,Cloudy,Yard,Single Car,0,0,0,63656,H601,41.915265,-89.087066,80.6,71.7,69.6
UP,1019PR014,2019-10-15,1:10 AM,Derailment,0,ROCHELLE,IL,37,4,Dark,Clear,Yard,Freight Train,3,28626,860,29486,H310,41.903041,-89.117625,41.3,50.1,45.7
UP,0220PR002,2020-02-03,7:30 AM,Derailment,0,ROCHELLE,IL,25,2,Day,Cloudy,Yard,Freight Train,9,13663,2766,16429,H704,41.90782,-89.104034,35.6,32.1,30.3
BNSF,CH0518103,2018-05-09,6:00 AM,Derailment,0,ROCHELLE,IL,52,1,Dawn,Clear,Yard,Freight Train,3,21304,500,21804,H307,41.90886,-89.047795,67.6,67.4,63.4
UP,0317PR011,2017-03-10,7:09 PM,Derailment,0,ROCHELLE,IL,19,4,Dark,Clear,Yard,Freight Train,8,28290,11873,40163,E64C,41.915265,-89.087066,34.6,26.9,23.4
UP,0518PR016,2018-05-18,7:20 AM,Derailment,0,ROCHELLE,IL,63,2,Day,Cloudy,Yard,Yard/switching,3,85348,297,85645,M405,41.905287,-89.108719,66,62.3,63.8
BNSF,CH0417102,2017-04-04,7:19 PM,Derailment,0,ROCHELLE,IL,47,3,Dusk,Cloudy,Yard,Freight Train,5,1500,43277,44777,T111,41.910285,-89.048228,48.4,47.4,40.7
CSX,000171404,2017-09-01,12:30 PM,Derailment,0,ROCHESTER,NY,90,2,Day,Clear,Siding,Freight Train,3,27528,32125,59653,H702,43.163424,-77.608978,63,55.2,57.4
MCRL,MC220112B,2022-01-12,12:15 PM,Derailment,0,ROCHESTER,MA,13,2,Day,Cloudy,Yard,Yard/switching,4,55463,0,55463,M501,41.79868,-70.784375,14.1,27.4,33.6
RSR,RSR511220A,2020-08-05,10:10 AM,Other (describe in narrative),0,ROCHESTER,NY,73,2,Day,Clear,Yard,Single Car,0,38442,0,38442,M599,43.135996,-77.6696,69.8,67.4,64.9
CP,1001279933,2020-07-13,10:10 AM,Hwy-rail crossing,0,ROCHESTER,MN,73,2,Day,Clear,Main,Spec. MoW Equip.,5,60000,0,60000,M399,44.033242,-92.558265,72.1,73.7,70
EWR,EWR200902D,2020-09-02,10:13 AM,Derailment,0,ROCHESTER,IN,80,2,Day,Clear,Main,Freight Train,5,2829,9100,11929,T103,41.08425,-86.20665,74.8,74.8,74.6
BNSF,KS0519103,2019-05-07,5:40 PM,Derailment,0,ROCK,KS,57,3,Dusk,Rain,Main,Freight Train,0,491187,0,491187,M105,37.430328,-97.010502,67.6,64.3,60.7
NS,136880,2020-01-20,7:03 AM,Other impacts,0,ROCK HILL,SC,27,1,Dawn,Clear,Yard,Freight Train,5,23002,0,23002,H018,34.935439,-81.014441,48.2,32.4,30.7
NS,120453,2016-05-11,1:45 AM,Derailment,0,ROCK HILL,SC,67,4,Dark,Clear,Yard,Freight Train,9,2759,9355,12114,T207,34.920654,-81.037293,72.5,71.4,73.7
IAIS,2021038,2021-09-13,2:10 PM,Derailment,0,ROCK ISLAND,IL,84,2,Day,Clear,Main,Freight Train,5,60000,73889,133889,E46C,41.508881,-90.558123,77.5,75.6,74.6
IAIS,2019033,2019-07-10,11:02 AM,Derailment,0,ROCK ISLAND,IL,88,2,Day,Clear,Main,Freight Train,0,0,45541,52092,T401,41.517186,-90.565579,78.7,83.1,77.3
BNSF,CH1122115,2022-11-23,10:11 AM,Derailment,0,ROCK ISLAND,IL,60,2,Day,Clear,Yard,Freight Train,10,1600,175000,176600,T314,41.510616,-90.583691,34.4,42.8,47.9
CP,1001027739,2019-07-10,11:02 AM,Derailment,0,ROCK ISLAND,IL,88,2,Day,Clear,Main,Freight Train,8,6551,0,52092,T401,41.517186,-90.565579,78.7,83.1,77.3
UP,0623RM007,2023-06-08,4:00 PM,Derailment,0,ROCK SPRINGS,WY,64,2,Day,Clear,Siding,Freight Train,2,14010,11366,25376,H701,41.557472,-108.542023,60.1,58.1,57.8
UP,0522RM001,2022-05-01,1:30 PM,Derailment,0,ROCK SPRINGS,WY,53,2,Day,Cloudy,Industry,Freight Train,7,99118,4790,103908,H505,41.694153,-109.192302,42,46.6,46.5
UP,1221RM010,2021-12-10,8:00 AM,Other impacts,0,ROCK SPRINGS,WY,10,2,Day,Cloudy,Industry,Freight Train,0,76593,0,168835,M501,41.732444,-108.779659,28.2,15,18.1
UP,0622RM015,2022-06-09,11:00 PM,Derailment,0,ROCK SPRINGS,WY,66,4,Dark,Cloudy,Main,Freight Train,50,23525,7341,30866,E39C,41.591546,-108.706739,60.6,68.6,70.3
UP,1120RM018,2020-11-12,3:00 AM,Derailment,0,ROCK SPRINGS,WY,20,4,Dark,Cloudy,Main,Freight Train,50,7212,19110,26322,E07C,41.556135,-108.698896,22.1,19.2,22.2
UP,1221RM010,2021-12-10,8:00 AM,Other impacts,0,ROCK SPRINGS,WY,10,2,Day,Cloudy,Industry,Freight Train,7,92143,99,168835,M501,41.732444,-108.779659,28.2,15,18.1
UP,0323RM042,2023-03-17,10:56 PM,Other (describe in narrative),0,ROCK SPRINGS,WY,22,4,Dark,Clear,Main,Freight Train,40,48664,9040,57704,E22C,41.668484,-108.946264,22.1,20.1,20.8
UP,0418DV015,2018-04-13,7:00 AM,Fire/violent rupture,0,ROCK SPRINGS,WY,40,2,Day,Cloudy,Main,Freight Train,40,180000,150,180150,M406,41.570613,-109.246395,40.6,30.9,36.7
UP,0923RM028,2023-09-25,11:50 AM,Derailment,0,ROCK SPRINGS,WY,52,2,Day,Clear,Industry,Freight Train,1,16866,41495,58361,T205,41.733252,-108.780479,52.3,57,60.1
UP,0717DV002,2017-07-05,12:09 PM,Derailment,0,ROCK SPRINGS,WY,90,2,Day,Clear,Siding,Freight Train,24,661618,257863,919481,T001,41.537169,-108.579359,73.5,75.3,76.1
UP,0620RM024,2020-06-13,2:49 PM,Derailment,4,ROCK SPRINGS,WY,80,2,Day,Clear,Main,Freight Train,35,1072776,258632,1331408,T108,41.595484,-109.16555,70.1,70.6,60.5
UP,1120RM014,2020-11-12,10:10 AM,Derailment,0,ROCK SPRINGS,WY,22,2,Day,Cloudy,Main,Freight Train,20,5381,14480,19861,T108,41.562168,-109.28539,22.1,19.2,22.2
CSX,000210561,2023-03-31,10:06 AM,Other impacts,0,ROCKDALE,IL,45,2,Day,Cloudy,Main,Freight Train,5,16155,0,21006,H018,41.501568,-88.127422,42.7,59.4,39.5
CSX,000210561,2023-03-31,10:06 AM,Other impacts,0,ROCKDALE,IL,45,2,Day,Cloudy,Main,Single Car,5,4851,0,21006,H018,41.501568,-88.127422,42.7,59.4,39.5
UP,0415SA007,2015-04-08,9:50 PM,Hwy-rail crossing,0,ROCKDALE,TX,70,4,Dark,Clear,Main,Freight Train,52,14452,0,14452,M302,30.635276,-97.080884,74.5,73.4,75.4
NS,127681,2017-12-07,7:35 AM,Derailment,0,ROCKFIELD,IN,23,1,Dawn,Clear,Siding,Freight Train,24,169140,129512,298652,T207,40.641293,-86.574837,31.8,23.8,23.5
IR,IR151158,2015-06-16,12:40 PM,Derailment,0,ROCKFORD,IL,75,2,Day,Cloudy,Main,Freight Train,0,0,14784,242889,T110,42.163043,-89.088701,74.2,70.8,67.1
CP,1000224302,2015-06-16,12:40 PM,Derailment,0,ROCKFORD,IL,75,2,Day,Cloudy,Main,Freight Train,10,228105,0,242889,T110,42.163043,-89.088701,74.2,70.8,67.1
UP,0218PD008,2018-02-08,2:20 PM,Derailment,0,ROCKFORD,WA,55,2,Day,Clear,Industry,Freight Train,11,2953,18560,21513,T106,47.435102,-117.159537,45.1,48.3,33.6
CSX,000185306,2019-09-11,7:30 PM,Derailment,0,ROCKINGHAM,NC,80,3,Dusk,Cloudy,Industry,Freight Train,5,38374,85097,123471,M501,34.921757,-79.813601,79.9,80,79.6
FEC,D86122015,2015-12-20,5:00 AM,Derailment,0,ROCKLEDGE,FL,68,1,Dawn,Clear,Main,Freight Train,12,300000,271419,571419,E51L,28.258708,-80.687335,63.7,70.3,74.5
FEC,D76112217,2017-11-22,10:07 AM,Derailment,0,ROCKLEDGE,FL,80,2,Day,Clear,Industry,Freight Train,8,2991,18707,21698,M101,28.273756,-80.69327,72.2,71.3,72.9
NS,125210,2017-05-25,2:11 PM,Derailment,0,ROCKMART,GA,74,2,Day,Clear,Industry,Freight Train,5,18309,200,18509,H306,34.008827,-85.056594,66.6,63.2,67.5
CSX,000192371,2020-08-31,5:00 AM,Derailment,0,ROCKMART,GA,75,1,Dawn,Clear,Industry,Freight Train,5,4005,228,15041,H702,34.007393,-85.091799,79.7,78.9,79.9
CSX,000192371,2020-08-31,5:00 AM,Derailment,0,ROCKMART,GA,75,1,Dawn,Clear,Industry,Cut of cars,5,10808,0,15041,H702,34.007393,-85.091799,79.7,78.9,79.9
UP,0322GL026,2022-03-24,1:59 AM,Derailment,0,ROCKWELL,IA,33,4,Dark,Cloudy,Main,Freight Train,46,1341026,620774,1961800,H504,42.950196,-93.231481,34.8,35,37.9
CSX,000154773,2015-11-30,8:15 AM,Derailment,0,ROCKWOOD,PA,38,2,Day,Cloudy,Yard,Freight Train,3,15103,377,15480,H307,39.914012,-79.155347,40.3,32.7,40.1
UP,0617SL019,2017-06-27,1:30 PM,Obstruction,0,ROCKWOOD,IL,75,2,Day,Clear,Main,Freight Train,45,50,0,15417,H993,37.800159,-89.623877,68.3,67.9,73.4
UP,0617SL019,2017-06-27,1:30 PM,Obstruction,0,ROCKWOOD,IL,75,2,Day,Clear,Main,Spec. MoW Equip.,25,15367,0,15417,H993,37.800159,-89.623877,68.3,67.9,73.4
UP,1220PN004,2020-12-04,3:14 PM,Fire/violent rupture,0,ROCKWOOD,OR,49,2,Day,Clear,Main,Freight Train,30,18865,0,18865,E74L,45.542872,-122.477255,43.2,42.3,40.3
UP,0117SL008,2017-01-03,3:56 AM,Derailment,0,ROCKWOOD,IL,28,4,Dark,Cloudy,Industry,Freight Train,6,111389,135929,247318,T110,37.81336,-89.661636,47.1,43.3,23.6
NS,121653,2016-08-13,2:15 AM,Derailment,0,ROCKWOOD,TN,80,4,Dark,Clear,Industry,Freight Train,7,6796,4500,11296,T110,35.868311,-84.684939,80.8,79.5,79.9
NS,139672,2020-11-08,3:50 AM,Derailment,0,ROCKY GAP,WV,38,4,Dark,Clear,Main,Freight Train,17,985972,20430,1006402,H508,37.301353,-81.074773,57.7,59.8,61
NS,138855,2020-08-15,1:50 AM,Derailment,0,ROCKY GAP,WV,62,4,Dark,Clear,Main,Freight Train,5,217374,3792,221166,H508,37.302501,-81.093268,68.7,65.7,64.1
CSX,000219285,2024-07-14,3:15 AM,Derailment,0,ROCKY HILL,KY,75,4,Dark,Clear,Main,Freight Train,55,12507,8712,21219,E4AC,37.069123,-86.137147,79.5,81,82.5
CSX,000180427,2018-12-20,10:39 AM,Other impacts,0,ROCKY MOUNT,NC,40,2,Day,Fog,Yard,Cut of cars,6,2200,0,19640,H318,35.918853,-77.804447,38.5,54,60.6
CSX,000180778,2019-01-14,6:53 PM,Other impacts,0,ROCKY MOUNT,NC,35,3,Dusk,Clear,Yard,Single Car,5,13168,0,13465,H318,35.918853,-77.804447,36.6,34,35.4
CSX,000180778,2019-01-14,6:53 PM,Other impacts,0,ROCKY MOUNT,NC,35,3,Dusk,Clear,Yard,Single Car,5,200,97,13465,H318,35.918853,-77.804447,36.6,34,35.4
CSX,000194577,2020-12-20,4:40 AM,Derailment,0,ROCKY MOUNT,NC,35,4,Dark,Rain,Yard,Yard/switching,2,18635,0,18635,H018,35.918853,-77.804447,35.4,39.9,45
CSX,000196440,2021-03-17,4:30 AM,Fire/violent rupture,0,ROCKY MOUNT,NC,35,4,Dark,Clear,Yard,Cut of cars,0,31535,0,31535,M406,35.918853,-77.804447,41.3,47.7,61.6
CSX,000202254,2022-01-05,11:15 PM,Derailment,0,ROCKY MOUNT,NC,48,4,Dark,Cloudy,Yard,Yard/switching,8,50873,3030,53903,E24C,35.917687,-77.805567,33.6,42.8,46
CSX,000168230,2017-04-12,7:58 AM,Derailment,0,ROCKY MOUNT,NC,70,2,Day,Clear,Yard,Freight Train,0,70815,7120,77935,H599,35.918853,-77.804447,67.6,69.3,67.5
CSX,000201631,2021-12-03,2:51 AM,Derailment,0,ROCKY MOUNT,NC,45,4,Dark,Clear,Yard,Yard/switching,7,22124,5708,27832,E39C,35.918853,-77.804447,56.5,58,52.6
CSX,000170967,2017-03-14,4:25 PM,Other impacts,0,ROCKY MOUNT,NC,51,3,Dusk,Cloudy,Main,Freight Train,45,20500,0,20500,M404,35.918853,-77.804447,35.7,41.5,32
CSX,000188911,2020-03-05,7:21 PM,Other impacts,0,ROCKY MOUNT,NC,54,4,Dark,Rain,Yard,Yard/switching,2,18146,100,21386,H020,35.918853,-77.804447,53.7,49.1,47.9
CSX,000173553,2017-12-18,8:32 PM,Derailment,0,ROCKY MOUNT,NC,50,4,Dark,Clear,Yard,Yard/switching,8,54417,10000,64417,T221,35.918853,-77.804447,39.6,47.2,50.2
CSX,000177151,2018-06-22,4:29 PM,Derailment,0,ROCKY MOUNT,NC,98,2,Day,Clear,Yard,Yard/switching,3,16570,1322,17892,E39C,35.918853,-77.804447,82.2,82.8,81.4
CSX,000188911,2020-03-05,7:21 PM,Other impacts,0,ROCKY MOUNT,NC,54,4,Dark,Rain,Yard,Cut of cars,3,3140,0,21386,H020,35.918853,-77.804447,53.7,49.1,47.9
CSX,000212127,2023-07-06,6:06 AM,Side collision,0,ROCKY MOUNT,NC,74,1,Dawn,Clear,Yard,Yard/switching,0,41020,0,41182,H310,35.917687,-77.805567,79.4,78.5,78.2
CSX,000140850,2015-02-02,6:15 AM,Other impacts,0,ROCKY MOUNT,NC,54,1,Dawn,Rain,Yard,Cut of cars,2,6853,0,14362,H018,35.931645,-77.799742,44,51.5,32
CSX,000208861,2022-12-16,11:31 PM,Derailment,0,ROCKY MOUNT,NC,40,4,Dark,Clear,Yard,Yard/switching,4,10850,498,11348,E86C,35.917687,-77.805567,46,44.5,40.4
CSX,000140850,2015-02-02,6:15 AM,Other impacts,0,ROCKY MOUNT,NC,54,1,Dawn,Rain,Yard,Yard/switching,4,258,0,14362,H018,35.931645,-77.799742,44,51.5,32
CSX,000220151,2024-08-25,5:54 PM,Derailment,0,ROCKY MOUNT,NC,85,3,Dusk,Clear,Yard,Yard/switching,7,96055,99829,195884,E42C,35.917687,-77.805567,68.9,71.7,74.5
CSX,000213130,2023-08-27,3:42 AM,Other impacts,0,ROCKY MOUNT,NC,75,4,Dark,Clear,Yard,Cut of cars,0,33307,0,92487,H306,35.917687,-77.805567,84,79.9,78.3
CSX,000176040,2018-04-26,2:57 AM,Derailment,0,ROCKY MOUNT,NC,53,4,Dark,Clear,Yard,Freight Train,9,113346,127,113473,E29C,35.886867,-77.818431,63.1,63.8,65.2
CSX,000213130,2023-08-27,3:42 AM,Other impacts,0,ROCKY MOUNT,NC,75,4,Dark,Clear,Yard,Yard/switching,5,59180,0,92487,H306,35.917687,-77.805567,84,79.9,78.3
CSX,000140850,2015-02-02,6:15 AM,Other impacts,0,ROCKY MOUNT,NC,54,1,Dawn,Rain,Yard,Cut of cars,5,7101,150,14362,H018,35.931645,-77.799742,44,51.5,32
CSX,000215969,2024-02-05,6:25 AM,Derailment,0,ROCKY MOUNT,NC,38,1,Dawn,Clear,Yard,Yard/switching,6,81559,655,82214,H702,35.917687,-77.805567,39.9,42.4,40.6
CSX,000212127,2023-07-06,6:06 AM,Side collision,0,ROCKY MOUNT,NC,74,1,Dawn,Clear,Yard,Yard/switching,1,50,112,41182,H310,35.917687,-77.805567,79.4,78.5,78.2
CSX,000180427,2018-12-20,10:39 AM,Other impacts,0,ROCKY MOUNT,NC,40,2,Day,Fog,Yard,Single Car,6,17343,97,19640,H318,35.918853,-77.804447,38.5,54,60.6
CSX,000173674,2017-12-24,7:50 PM,Derailment,0,ROCKY MOUNT,NC,45,3,Dusk,Clear,Yard,Yard/switching,6,18731,264,18995,M405,35.918853,-77.804447,59.2,49.4,40.5
CSX,000148766,2015-07-05,12:46 AM,Derailment,0,ROCKY MOUNT,NC,75,4,Dark,Clear,Yard,Yard/switching,6,11097,0,49779,T111,35.931645,-77.799742,78,79.8,80.5
CSX,000174683,2018-02-12,12:35 PM,Derailment,0,ROCKY MOUNT,NC,74,2,Day,Clear,Yard,Light loco(s),6,15183,314,15497,T110,35.918853,-77.804447,70,56.5,41.1
CSX,000212999,2023-08-19,9:26 AM,Derailment,0,ROCKY MOUNT,NC,80,2,Day,Clear,Yard,Yard/switching,2,153159,2264,155423,T319,35.917687,-77.805567,80.1,76.7,78.7
CSX,000148766,2015-07-05,12:46 AM,Derailment,0,ROCKY MOUNT,NC,75,4,Dark,Clear,Yard,Yard/switching,5,33742,4940,49779,T111,35.931645,-77.799742,78,79.8,80.5
CSX,000212937,2023-08-16,5:00 AM,Derailment,0,ROCKY MOUNT,NC,80,4,Dark,Clear,Yard,Yard/switching,10,37096,3000,40096,T207,35.917687,-77.805567,81.4,79.7,80.3
CSX,000207176,2022-09-08,2:23 AM,Derailment,0,ROCKY MOUNT,NC,75,4,Dark,Clear,Yard,Freight Train,9,111168,2329,113497,T207,35.917687,-77.805567,75.6,73.1,71.8
CSX,000174478,2018-02-02,1:59 PM,Derailment,0,ROCKY MOUNT,NC,40,2,Day,Clear,Yard,Freight Train,4,28309,1004,29313,T207,35.918853,-77.804447,47.9,41.2,29.3
BNSF,PR0415119,2015-04-24,4:00 AM,Derailment,0,ROCKY MT ARSENAL,CO,45,4,Dark,Clear,Yard,Yard/switching,0,11814,0,11814,E0HC,39.861798,-104.878613,45.5,46.3,46.3
BNSF,NW0224118,2024-02-26,11:00 PM,Derailment,0,ROCKY POINT,WA,31,4,Dark,Snow,Yard,Freight Train,5,771,14825,15596,M101,46.16385,-122.91292,46.5,38.8,40.1
CPKC,23110101,2023-11-01,5:30 AM,Derailment,0,RODESSA,LA,33,4,Dark,Clear,Main,Freight Train,52,256323,4319,260642,E33C,32.972378,-93.995393,46.9,43.1,45.7
KCS,22072903,2022-07-29,3:00 PM,Hwy-rail crossing,0,RODESSA,LA,100,2,Day,Clear,Main,Freight Train,56,41585,2104,43689,M302,32.94484,-93.99371,89.4,86.4,83.7
UP,0519MA031,2019-05-13,8:31 PM,Derailment,0,ROE,AR,69,4,Dark,Clear,Main,Freight Train,37,7118,256220,263338,T001,34.651655,-91.367178,62.9,65.5,69.3
SNJX,20200804,2020-08-04,10:46 AM,Other (describe in narrative),0,ROEBLING,NJ,75,2,Day,Rain,Main,DMU,50,45000,0,45000,M404,40.120369,-74.758092,81.5,74.9,78.3
BNSF,RD1019103,2019-10-03,12:21 PM,Head on collision,0,ROFF,OK,85,2,Day,Clear,Industry,Light loco(s),0,21412,0,21612,H307,34.636895,-96.832431,79.4,75,69.2
BNSF,RD1019103,2019-10-03,12:21 PM,Head on collision,0,ROFF,OK,85,2,Day,Clear,Industry,Light loco(s),4,200,0,21612,H307,34.636895,-96.832431,79.4,75,69.2
AM,AM121222,2022-12-12,6:15 PM,Derailment,0,ROGERS,AR,40,4,Dark,Clear,Industry,Freight Train,4,53167,23888,77055,H702,36.266151,-94.479976,45.7,49.4,52.7
BNSF,RD0523204,2023-05-24,1:38 AM,Hwy-rail crossing,0,ROGERS,TX,71,4,Dark,Cloudy,Main,Freight Train,39,11639,30000,41639,M302,30.945912,-97.243484,76.1,73.1,74.1
BNSF,RD0518101,2018-05-01,5:04 PM,Derailment,0,ROGERS,TX,65,3,Dusk,Clear,Industry,Freight Train,5,9400,5000,14400,H307,30.931036,-97.224711,69.3,72.7,77.2