reportingrailroadcode,accidentnumber,date,time,accidenttype,hazmatreleasedcars,station,stateabbr,temperature,visibility_code,visibility,weathercondition,tracktype,equipmenttype,trainspeed,equipmentdamagecost,trackdamagecost,totaldamagecost,primaryaccidentcausecode,latitude,longitude,prior_temp,actual_temp,following_temp
NPR,DR122202,2022-12-23,4:20 PM,Derailment,0,ROHRVILLE,ND,-6,2,Day,Snow,Main,Freight Train,10,8353,9803,18156,E59L,48.143604,-98.654402,-13.5,-10.9,-17.1
UP,1216WH005,2016-12-15,5:39 PM,Fire/violent rupture,0,ROLAND,OK,37,2,Day,Cloudy,Main,Freight Train,40,20264,0,20264,E79L,35.415833,-94.543697,38.1,34,40.4
UP,0618ST007,2018-06-07,5:40 PM,Fire/violent rupture,0,ROLL,AZ,102,2,Day,Clear,Main,Freight Train,60,20440,0,20440,E73L,32.711586,-113.855128,87.8,89,90.1
UP,0521LA001,2021-05-01,5:53 AM,Derailment,0,ROLL,AZ,71,1,Dawn,Clear,Main,Freight Train,45,6576,7360,13936,H503,32.734631,-113.702053,84.5,83.6,78.4
NS,133136,2019-03-08,11:24 AM,Derailment,0,ROLLING PRAIRIE,IN,37,2,Day,Clear,Main,Freight Train,46,313122,25745,338867,E33C,41.641386,-86.669533,24,30,36.1
ATK,174708,2023-05-12,9:22 PM,Other (describe in narrative),0,ROLLINGSTONE,MN,64,4,Dark,Cloudy,Main,Passenger Train - Pulling,64,12604,0,12604,E79L,44.15867,-91.811584,66.2,63.1,64.8
CPKC,1001916633,2023-05-12,9:22 PM,Other (describe in narrative),0,ROLLINGSTONE,MN,64,4,Dark,Cloudy,Main,,0,0,0,12604,E79L,44.15867,-91.811584,66.2,63.1,64.8
UP,1123RM018,2023-11-12,7:30 AM,Derailment,0,ROLLINSVILLE,CO,35,2,Day,Clear,Main,,0,0,43797,1439728,T221,39.923902,-105.460161,31.5,36.6,37.5
NS,157078,2024-06-16,10:40 PM,Other impacts,0,ROME,GA,85,4,Dark,Clear,Yard,Cut of cars,8,30196,0,32148,H310,34.277317,-85.141959,83.3,82.9,82.4
NS,116810,2015-08-05,2:45 PM,Hwy-rail crossing,0,ROME,GA,95,2,Day,Clear,Main,Freight Train,37,3500,11170,14670,M303,34.244515,-85.166363,80.9,81.1,74.4
NS,145728,2022-07-01,10:55 PM,Derailment,0,ROME,GA,75,4,Dark,Clear,Yard,Freight Train,2,1628,14493,16121,E08C,34.285335,-85.127826,78.3,79.9,81
NS,153902,2023-08-11,10:45 PM,Other (describe in narrative),0,ROME,GA,77,4,Dark,Clear,Industry,Freight Train,4,708,22955,23663,H303,34.267953,-85.205433,75.4,79.7,79.5
NS,157078,2024-06-16,10:40 PM,Other impacts,0,ROME,GA,85,4,Dark,Clear,Yard,Single Car,0,1952,0,32148,H310,34.277317,-85.141959,83.3,82.9,82.4
NS,144845,2022-03-31,6:14 AM,Derailment,0,ROME,GA,61,1,Dawn,Cloudy,Industry,Freight Train,7,28573,1500,30073,T110,34.216379,-85.182222,69.5,63.6,54.2
IC,1022239,2019-12-27,7:44 PM,Hwy-rail crossing,0,ROMEOVILLE,IL,28,4,Dark,Cloudy,Main,,0,0,18624,67330,M308,41.66335,-88.033886,51.4,32.8,38.7
ATK,162530,2019-12-27,7:41 PM,Hwy-rail crossing,0,ROMEOVILLE,IL,32,4,Dark,Clear,Main,Passenger Train - Pulling,76,48706,0,67330,M308,41.66335,-88.033886,51.4,32.8,38.7
WC,1080422,2021-08-12,11:28 AM,Obstruction,0,ROMEOVILLE,IL,82,2,Day,Clear,Main,,0,0,0,21337,M404,41.644986,-88.048634,78.5,75.2,73.9
ATK,168047,2021-08-12,11:28 AM,Obstruction,0,ROMEOVILLE,IL,80,2,Day,Clear,Main,Passenger Train - Pulling,74,21337,0,21337,M404,41.644986,-88.048634,78.5,75.2,73.9
BNSF,CH0920105,2020-09-28,7:16 PM,Derailment,0,ROMEOVILLE,IL,57,3,Dusk,Cloudy,Industry,Yard/switching,5,7649,32625,40274,T110,41.663196,-88.038985,67.7,54.3,51
CSX,000214346,2023-11-02,9:30 AM,Derailment,0,ROMULUS,MI,45,2,Day,Clear,Main,Freight Train,39,454204,46105,500309,E62C,42.238603,-83.395838,34.2,40.2,49.3
CSX,000202137,2022-01-01,1:04 AM,Derailment,0,ROMULUS,MI,45,4,Dark,Cloudy,Main,Freight Train,33,739426,430187,1169613,E62C,42.195543,-83.394502,40.2,36.2,23.1
CSX,000137735,2014-11-18,1:40 AM,Other impacts,0,ROMULUS,MI,13,4,Dark,Clear,Industry,Freight Train,4,16253,500,16992,H302,42.223869,-83.395345,26.9,16.2,22
CSX,000183420,2019-06-06,6:40 PM,Obstruction,0,ROMULUS,MI,70,3,Dusk,Clear,Industry,Freight Train,3,2375,10966,13341,H306,42.265992,-83.396722,70.3,65,69.3
FGLK,03062020,2020-03-06,12:11 PM,Derailment,0,ROMULUS,NY,46,2,Day,Cloudy,Yard,Yard/switching,2,1347,29989,31336,T110,42.703516,-76.865243,36.4,34.1,28.1
LI,77420,2022-06-24,2:57 AM,Derailment,0,RONKONKOMA,NY,60,4,Dark,Clear,Main,,0,0,16168,48890,E70L,40.809697,-73.09147,66.5,66.9,75.9
LI,EQ20150503,2015-05-13,11:51 PM,Derailment,0,RONKONKOMA,NY,55,4,Dark,Clear,Yard,EMU,5,151958,4000,155958,M507,40.808474,-73.096587,71.5,61.7,58.1
NYA,NYA00065F,2022-06-24,2:57 AM,Derailment,0,RONKONKOMA,NY,60,4,Dark,Clear,Main,Freight Train,10,32722,0,48890,E70L,40.809697,-73.09147,66.5,66.9,75.9
BNSF,NW0820107,2020-08-15,7:51 AM,Derailment,0,ROOSEVELT,WA,83,1,Dawn,Clear,Industry,Yard/switching,3,18861,3000,21861,H306,45.750063,-120.198341,70.8,76.3,80.2
UP,1118SA036,2018-11-27,9:19 PM,Fire/violent rupture,0,ROSANKY,TX,47,4,Dark,Clear,Main,Freight Train,30,24586,700,25286,E74L,29.932987,-97.328563,46.3,46.3,57
LSRC,M170731,2017-07-31,10:00 PM,Obstruction,0,ROSCOMMON,MI,80,4,Dark,Cloudy,Siding,Spec. MoW Equip.,0,145700,0,227477,H702,44.500865,-84.595274,67.8,72.2,72.8
LSRC,M170731,2017-07-31,10:00 PM,Obstruction,0,ROSCOMMON,MI,80,4,Dark,Cloudy,Siding,Spec. MoW Equip.,0,66390,0,227477,H702,44.500865,-84.595274,67.8,72.2,72.8
CSX,000162810,2016-09-09,2:15 AM,Derailment,0,ROSE HILL,NC,70,4,Dark,Clear,Industry,Freight Train,6,15879,328,16207,H303,34.804103,-78.021557,80.8,79.3,79.3
BNSF,KS0315200,2015-03-22,10:20 PM,Hwy-rail crossing,0,ROSE HILL,KS,62,4,Dark,Clear,Main,Freight Train,53,1500,32600,34100,M301,37.533708,-97.173495,55.1,58.8,58.5
MNN,MNN5272021,2021-05-27,8:25 AM,Derailment,0,ROSEAU,MN,45,2,Day,Clear,Main,Freight Train,10,10000,26180,36180,T221,48.838195,-95.895745,41.3,42.7,49.3
MNN,MN10042019,2019-10-04,8:15 AM,Derailment,0,ROSEAU,MN,42,2,Day,Cloudy,Siding,Freight Train,7,12492,28230,40722,T110,48.844147,-95.772384,41.8,43.7,44
CSX,000183611,2019-06-14,3:45 PM,Other (describe in narrative),0,ROSEDALE,IN,70,2,Day,Cloudy,Main,Freight Train,60,8000,7749,15749,E44C,39.581226,-87.223444,61.8,63.3,66.1
ATK,157344,2019-01-27,1:04 AM,Derailment,0,ROSEDALE,MD,21,4,Dark,Clear,Main,,0,0,215330,492905,E69C,39.305139,-76.508416,29.8,35.3,31.8
NS,132608,2019-01-27,1:04 AM,Derailment,0,ROSEDALE,MD,25,4,Dark,Clear,Main,Freight Train,6,15331,262244,492905,M409,39.309497,-76.498541,29.8,35.3,31.8
CSX,000212036,2023-06-29,1:10 PM,Derailment,0,ROSEDALE,MD,85,2,Day,Clear,Yard,Freight Train,5,38441,530,38971,H702,39.304517,-76.532485,72.8,72.2,72.5
CSX,000213006,2023-08-20,10:15 AM,Derailment,0,ROSEDALE,MD,79,2,Day,Clear,Yard,Freight Train,4,20600,380,20980,H702,39.304517,-76.532485,71.4,74.1,79.4
CSX,000199081,2021-07-26,5:30 AM,Derailment,0,ROSEDALE,MD,83,4,Dark,Clear,Yard,Freight Train,3,32623,100,32723,M405,39.304566,-76.532433,80,81.4,80.8
CSX,000205351,2022-06-05,5:50 AM,Derailment,0,ROSEDALE,MD,72,1,Dawn,Clear,Yard,Freight Train,4,75639,18588,94227,H306,39.304517,-76.532485,72.1,69.8,69.7
CSX,000171939,2017-09-30,9:00 AM,Derailment,0,ROSEDALE,MD,60,2,Day,Cloudy,Yard,Freight Train,4,44507,10000,54507,E67C,39.304566,-76.532433,62.6,60.7,56.7
ATK,150447,2017-11-01,12:04 PM,Other (describe in narrative),0,ROSEDALE,MD,55,2,Day,Clear,Main,Passenger Train - Pulling,110,2669,11181,13850,E78L,39.306691,-76.504447,49.1,50.9,60.5
CSX,000206540,2022-08-05,6:20 PM,Hwy-rail crossing,0,ROSEDALE,MD,81,2,Day,Rain,Main,Freight Train,40,270335,138,270473,M302,39.323778,-76.497453,80.8,78.1,79.6
CSX,000184637,2019-08-08,3:02 PM,Derailment,0,ROSEDALE,IN,87,2,Day,Clear,Main,Freight Train,44,672954,97381,770335,T109,39.647301,-87.375665,75.4,76,75.6
MACZ,169830,2022-01-25,1:40 PM,Other (describe in narrative),0,ROSEDALE,MD,25,2,Day,Cloudy,Main,Commuter Train - Pulling,0,13881,0,23011,T404,39.314549,-76.492736,33,36,27.2
ATK,169829,2022-01-25,1:40 PM,Other (describe in narrative),0,ROSEDALE,MD,35,2,Day,Cloudy,Main,EMU,0,0,9130,23011,T404,39.314549,-76.492736,33,36,27.2
IC,866620,2015-09-27,6:35 PM,Derailment,0,ROSELAND,LA,75,3,Dusk,Cloudy,Industry,Freight Train,5,53941,6838,60779,T111,30.773982,-90.509569,76.3,73.9,76.4
NIRC,2017070305,2017-09-11,12:08 AM,Hwy-rail crossing,0,ROSELLE,IL,0,4,Dark,Clear,Main,,0,0,24791,28181,M302,41.983637,-88.077658,59.6,61.2,63.3
CP,1000617809,2017-09-11,12:08 AM,Hwy-rail crossing,0,ROSELLE,IL,56,4,Dark,Clear,Main,Freight Train,36,3390,0,28181,M302,41.983637,-88.077658,59.6,61.2,63.3
UP,1122GL002,2022-11-04,10:45 AM,Derailment,0,ROSEMOUNT,MN,40,2,Day,Cloudy,Yard,Freight Train,5,53738,9270,63008,T221,44.747564,-93.045082,60.7,40.6,36.5
UP,0617TC003,2017-06-07,3:11 PM,Derailment,0,ROSEMOUNT,MN,90,2,Day,Clear,Yard,Yard/switching,6,51187,150,51337,T403,44.78458,-93.04721,70.4,74.5,75.9
UP,0716TC003,2016-07-07,8:30 AM,Derailment,0,ROSEMOUNT,MN,85,2,Day,Cloudy,Industry,Freight Train,2,750,65896,66646,T110,44.791449,-93.044412,74.4,73.2,70.9
UP,0423GL008,2023-04-05,9:58 AM,Derailment,0,ROSEMOUNT,MN,33,2,Day,Cloudy,Yard,Freight Train,7,685916,10362,696278,T204,44.749584,-93.045024,35.3,31,28.5
UP,0521HO009,2021-05-08,8:28 PM,Derailment,0,ROSENBERG,TX,78,4,Dark,Cloudy,Main,Freight Train,41,55428,9304,64732,E33C,29.5499,-95.906072,74.4,76.1,81.1
UP,0220HO028,2020-02-19,9:24 AM,Hwy-rail crossing,0,ROSENBERG,TX,58,2,Day,Cloudy,Main,Freight Train,38,792,62782,63574,M302,29.551873,-95.888951,71.1,59.1,49.3
BNSF,RD0123204,2023-01-24,11:25 AM,Hwy-rail crossing,0,ROSENBERG,TX,61,2,Day,Clear,Main,Maint./inspect Car,20,15000,0,15000,M302,29.54339,-95.742437,49.9,54.6,46.8
BNSF,RD0916111,2016-09-21,1:26 PM,Derailment,0,ROSENBERG,TX,88,2,Day,Clear,Main,Freight Train,17,29000,32000,61000,T311,29.560646,-95.813151,80.9,81.4,81.5
CPKC,23112103,2023-11-21,12:20 PM,Derailment,0,ROSENBERG,TX,60,2,Day,Cloudy,Main,Freight Train,40,4278,0,54381,T304,29.560602,-95.812619,72.1,57.9,50.1
UP,1123HO019,2023-11-21,12:10 PM,Derailment,0,ROSENBERG,TX,59,2,Day,Cloudy,Main,Freight Train,0,0,50103,54381,T304,29.560602,-95.812619,72.1,57.9,50.1
BNSF,TC1019106,2019-10-12,12:05 PM,Derailment,0,ROSEVILLE,MN,45,2,Day,Cloudy,Yard,Freight Train,2,0,45000,45000,H704,44.970131,-93.166742,38,35.8,38.1
MNNR,0515001,2015-05-12,1:30 AM,Other impacts,0,ROSEVILLE,MN,45,4,Dark,Rain,Industry,Yard/switching,7,17425,2398,19823,H306,45.002021,-93.122853,50.7,47.1,54.5
NS,123977,2017-02-15,1:41 AM,Derailment,0,ROSSFORD,OH,31,4,Dark,Clear,Yard,Yard/switching,4,1200,13494,14694,H702,41.63694,-83.588411,39.4,31.9,28.9
CSX,000155196,2015-12-14,7:15 PM,Derailment,0,ROSSFORD,OH,47,3,Dusk,Cloudy,Yard,Yard/switching,4,11167,1000,12167,T110,41.607998,-83.553451,60.9,55.8,43.9
NS,118339,2015-11-23,1:42 PM,Other (describe in narrative),0,ROSSVILLE,TN,56,2,Day,Clear,Main,Yard/switching,10,0,14500,14500,H221,35.048109,-89.568087,34.6,40.8,47.9
NS,156741,2024-05-16,11:12 PM,Other (describe in narrative),0,ROSSVILLE,TN,68,4,Dark,Clear,Yard,Yard/switching,4,0,1200,1200,H702,35.048717,-89.54509,69.5,73.9,72.6
NS,139496,2020-10-21,8:15 AM,Other impacts,1,ROSSVILLE,TN,68,2,Day,Clear,Main,Freight Train,3,200,16919,17119,H399,35.048146,-89.568967,72.1,72.9,74.3
UP,1116KC009,2016-11-10,5:31 PM,Other (describe in narrative),0,ROSSVILLE,KS,60,3,Dusk,Cloudy,Main,Freight Train,25,27011,0,27011,E39C,39.202047,-95.903644,45.7,52.1,50
NS,134056,2019-05-24,12:30 PM,Other impacts,0,ROSSVILLE,TN,87,2,Day,Clear,Yard,Yard/switching,5,56228,0,56228,H306,35.048708,-89.545162,80.5,79.7,79.8
NS,156049,2024-03-14,11:55 PM,Other (describe in narrative),0,ROSSVILLE,TN,66,4,Dark,Rain,Yard,Light loco(s),2,3,14729,14732,H702,35.048717,-89.54509,65.2,69.3,57.5
BNSF,SW0117107,2017-01-25,3:30 PM,Rear end collision,0,ROSWELL,NM,52,2,Day,Clear,Main,Maint./inspect Car,2,500,0,20500,H402,33.585409,-104.35199,50.8,42.4,35.6
BNSF,SW0117107,2017-01-25,3:30 PM,Rear end collision,0,ROSWELL,NM,52,2,Day,Clear,Main,Maint./inspect Car,10,20000,0,20500,H402,33.585409,-104.35199,50.8,42.4,35.6
BNSF,SW0717201,2017-07-24,2:38 PM,Hwy-rail crossing,0,ROSWELL,NM,92,2,Day,Clear,Main,Freight Train,41,22000,0,22000,M302,33.559997,-104.383797,80.6,83.7,87
SW,SWC42815DF,2015-04-28,6:24 AM,Head on collision,0,ROSWELL,NM,50,1,Dawn,Clear,Siding,Freight Train,37,1498000,286000,2386000,H702,33.262048,-104.418854,51.1,55.5,58
SW,SWC42815DF,2015-04-28,6:24 AM,Head on collision,0,ROSWELL,NM,50,1,Dawn,Clear,Siding,Freight Train,0,602000,0,2386000,H702,33.262048,-104.418854,51.1,55.5,58
SW,SWC050515D,2015-05-05,1:15 PM,Derailment,0,ROSWELL,NM,67,2,Day,Cloudy,Industry,Freight Train,3,2741,8703,11444,T001,33.3872,-104.5281,64.1,63.7,66.3
BNSF,SW0921101,2021-09-01,2:45 PM,Derailment,0,ROSWELL,NM,82,2,Day,Cloudy,Yard,Freight Train,3,2981,10706,13687,T110,33.32111,-104.512907,81.2,79.8,77.7
BNSF,CH0815110,2015-08-28,7:40 AM,Derailment,0,ROTHVILLE,MO,64,1,Dawn,Clear,Yard,Freight Train,9,22500,85222,107722,T314,39.69974,-92.962252,67.3,70.3,73.7
CSX,000139277,2014-12-23,4:07 PM,Other impacts,0,ROTTERDAM,NY,35,3,Dusk,Cloudy,Yard,Freight Train,2,1500,0,17223,H306,42.787217,-73.993798,32.2,36.5,42.9
CSX,000139277,2014-12-23,4:07 PM,Other impacts,0,ROTTERDAM,NY,35,3,Dusk,Cloudy,Yard,Single Car,0,15723,0,17223,H306,42.787217,-73.993798,32.2,36.5,42.9
UP,1223SX004,2023-12-04,6:10 PM,Hwy-rail crossing,0,ROUND ROCK,TX,65,3,Dusk,Cloudy,Main,,0,0,25000,54622,M302,30.502576,-97.682549,58.4,55.9,54.4
UP,0124SX018,2024-01-22,2:16 AM,Hwy-rail crossing,0,ROUND ROCK,TX,42,4,Dark,Rain,Main,Freight Train,27,0,19510,19510,M302,30.489289,-97.696763,37.9,47.4,53.7
UP,1121SX012,2021-11-15,4:45 PM,Hwy-rail crossing,0,ROUND ROCK,TX,71,2,Day,Clear,Main,Light loco(s),56,9174,25000,34174,M302,30.527678,-97.624614,61.7,66,70.2
ATK,177442,2023-12-04,6:06 PM,Hwy-rail crossing,0,ROUND ROCK,TX,57,4,Dark,Clear,Main,Passenger Train - Pulling,61,29622,0,54622,M302,30.502626,-97.68248,58.4,55.9,54.4
BNSF,MT0320103,2020-03-17,12:52 AM,Derailment,0,ROUNDUP,MT,6,4,Dark,Clear,Main,Freight Train,30,27425,2253996,2281421,E53C,46.139522,-108.625746,18.3,30.7,24.7
BNSF,MT0117103,2017-01-07,7:50 PM,Derailment,0,ROUNDUP,MT,5,3,Dusk,Clear,Industry,Freight Train,1,41134,1000,42134,M101,46.269789,-108.432253,12.2,9,9.1
CP,1000449873,2016-08-06,1:00 PM,Obstruction,0,ROUSES POINT,NY,80,2,Day,Clear,Main,,0,0,0,12660,M503,44.882973,-73.455177,77,74.3,68.9
ATK,143685,2016-08-06,1:00 PM,Obstruction,0,ROUSES POINT,NY,80,2,Day,Clear,Main,Passenger Train - Pulling,60,12660,0,12660,M503,44.882973,-73.455177,77,74.3,68.9
CSX,000207899,2022-10-19,11:42 AM,Hwy-rail crossing,0,ROWLAND,NC,60,2,Day,Clear,Main,,0,0,25006,30080,M308,34.537122,-79.292452,54.7,45.7,48.2
CSX,000214961,2023-12-06,11:41 AM,Obstruction,0,ROWLAND,NC,54,2,Day,Clear,Main,Maint./inspect Car,25,9300,0,15361,H997,34.635232,-79.226272,46.9,43.7,40
CSX,000214961,2023-12-06,11:41 AM,Obstruction,0,ROWLAND,NC,54,2,Day,Clear,Main,Maint./inspect Car,0,6061,0,15361,H997,34.635232,-79.226272,46.9,43.7,40
ATK,172432,2022-10-19,11:42 AM,Hwy-rail crossing,0,ROWLAND,NC,57,2,Day,Clear,Main,Passenger Train - Pulling,79,5074,0,30080,M308,34.537122,-79.292452,54.7,45.7,48.2
CSX,000141900,2015-02-22,7:10 PM,Derailment,0,ROWLESBURG,WV,28,4,Dark,Cloudy,Main,Freight Train,22,20672,77779,98451,E67C,39.377457,-79.641442,25.2,33.7,19.8
NS,123350,2016-12-29,8:50 AM,Derailment,1,ROXANA,IL,40,2,Day,Clear,Yard,Yard/switching,10,426570,2500,429070,T210,38.841166,-90.070816,38.6,39.4,38.7
UP,0315SL003,2015-03-02,2:23 AM,Fire/violent rupture,0,ROYAL,IL,20,4,Dark,Clear,Main,Freight Train,47,199889,0,199889,E72L,40.25939,-87.935922,22.7,20.3,33
GRS,20180703W1,2018-07-03,2:15 PM,Derailment,0,ROYALSTON,MA,95,2,Day,Clear,Main,Freight Train,24,7000,50000,57000,T109,42.6291,-72.1491,82.7,82.9,81.9
NS,142031,2021-06-28,2:36 PM,Derailment,0,ROYALTON,PA,92,2,Day,Clear,Main,Freight Train,41,2227361,558307,2785668,H501,40.175692,-76.754421,82.9,85.6,87.4
KO,IN200822,2020-08-22,10:00 PM,Hwy-rail crossing,0,ROZEL,KS,75,4,Dark,Clear,Main,Freight Train,5,16800,0,16800,M302,38.189845,-99.351678,74,76,79.5
BNSF,PR0315116,2015-03-26,11:00 PM,Derailment,0,ROZET,WY,44,4,Dark,Rain,Yard,Yard/switching,5,17388,0,17388,H607,44.289889,-105.282904,33.4,43.3,52.1
BNSF,PR0821111,2021-08-27,10:21 PM,Derailment,0,ROZET,WY,77,4,Dark,Cloudy,Yard,Freight Train,10,3000,58284,61284,H508,44.278879,-105.204355,69.5,68.3,57
AM,AM010422,2022-01-04,2:52 AM,Derailment,0,RUDY,AR,30,4,Dark,Clear,Main,Freight Train,35,100000,500000,600000,T202,35.59638,-94.134251,30.5,38.6,41.1
BNSF,TC0624119,2024-06-22,2:33 PM,Derailment,0,RUGBY,ND,75,2,Day,Clear,Main,Freight Train,4,127333,177900,305233,T001,48.435255,-100.089188,62.7,66.3,67
BNSF,TC0722101,2022-07-04,2:35 PM,Derailment,0,RUGBY,ND,77,2,Day,Cloudy,Main,Freight Train,3,17594,20000,37594,T001,48.433028,-100.086382,68.4,69.9,66.9
GRS,20201214G5,2020-12-14,1:05 AM,Derailment,0,RUMFORD,ME,35,4,Dark,Fog,Main,Freight Train,10,22500,3100,25600,T220,44.314661,-70.302604,35.4,30.1,20.2
UP,0222RM016,2022-02-17,2:35 AM,Derailment,0,RUPERT,ID,14,4,Dark,Cloudy,Main,Freight Train,33,5578,13162,18740,H501,42.741979,-113.431696,31.2,32.3,35
EIRR,230706004,2023-07-06,1:50 PM,Derailment,0,RUPERT,ID,82,2,Day,Clear,Yard,Freight Train,5,1600,78000,79600,E64C,42.622319,-113.663672,66.4,69.1,69
EIRR,230723002,2023-07-23,4:15 PM,Derailment,0,RUPERT,ID,98,2,Day,Clear,Yard,Yard/switching,7,10000,13978,23978,E64C,42.622167,-113.663859,78.2,82.1,76.7
UP,0518UT005,2018-05-04,8:02 AM,Hwy-rail crossing,0,RUPERT,ID,55,2,Day,Clear,Main,Freight Train,0,1500,0,61914,M308,42.760048,-113.51141,52.8,58.1,62.4
UP,0518UT005,2018-05-04,8:02 AM,Hwy-rail crossing,0,RUPERT,ID,55,2,Day,Clear,Main,Freight Train,50,60216,198,61914,M308,42.760048,-113.51141,52.8,58.1,62.4
NS,133494,2019-04-06,3:15 PM,Derailment,0,RURAL RETREAT,VA,72,2,Day,Clear,Main,Freight Train,42,1763170,428947,2192117,T109,36.893693,-81.274582,52.8,58.5,60.3
BNSF,HL0919119,2019-09-23,8:10 AM,Obstruction,0,RUSHVILLE,MO,58,1,Dawn,Fog,Main,Freight Train,36,20250,0,20250,M402,39.556689,-95.045622,68.1,67,70.1
CSX,000208098,2022-10-29,9:45 AM,Other impacts,0,RUSSELL,KY,48,2,Day,Clear,Yard,Yard/switching,4,31833,0,79745,H318,38.532101,-82.69768,51.6,51,55.4
CSX,000170858,2017-08-10,11:30 AM,Side collision,0,RUSSELL,KY,67,2,Day,Rain,Yard,Yard/switching,8,360000,0,672930,H399,38.532124,-82.697651,65.6,69.5,73.8
CSX,000170858,2017-08-10,11:30 AM,Side collision,0,RUSSELL,KY,67,2,Day,Rain,Yard,Yard/switching,3,312930,0,672930,H399,38.532124,-82.697651,65.6,69.5,73.8
CSX,000209272,2023-01-13,1:05 PM,Derailment,0,RUSSELL,KY,38,2,Day,Cloudy,Yard,Yard/switching,6,16700,100,16800,E59C,38.543408,-82.730347,52.7,35.7,29.6
CSX,000208098,2022-10-29,9:45 AM,Other impacts,0,RUSSELL,KY,48,2,Day,Clear,Yard,Cut of cars,4,47328,584,79745,H318,38.532101,-82.69768,51.6,51,55.4
CSX,000211081,2023-04-30,10:25 AM,Derailment,0,RUSSELL,KY,55,2,Day,Cloudy,Yard,Yard/switching,7,11210,492,11702,T212,38.532124,-82.697693,58,54.2,46.3
CSX,000182320,2019-04-12,4:35 AM,Derailment,0,RUSSELL,KY,62,4,Dark,Cloudy,Yard,Yard/switching,6,16876,510,17386,T220,38.531874,-82.697192,67.5,68.3,59.8
CSX,000142805,2015-03-10,8:40 PM,Derailment,0,RUSSELL,KY,52,4,Dark,Rain,Yard,Cut of cars,5,12849,100,12949,H318,38.531911,-82.69725,44.2,44.8,53.1
CSX,000215150,2023-12-19,11:55 AM,Derailment,0,RUSSELL,KY,38,2,Day,Cloudy,Yard,Yard/switching,2,36447,11642,48089,E39C,38.532101,-82.69768,37.7,30.8,29.9
CSX,000185981,2019-10-14,9:30 PM,Derailment,0,RUSSELL,KY,52,4,Dark,Clear,Yard,Yard/switching,4,34218,100,34318,E27C,38.531874,-82.697192,48.4,52.6,55.9
CSX,000212165,2023-07-06,4:46 PM,Other impacts,0,RUSSELL,KY,82,2,Day,Clear,Yard,Cut of cars,7,28500,0,95953,H021,38.532101,-82.69768,78.5,76.2,77.2
CSX,000173322,2017-12-08,5:00 AM,Side collision,0,RUSSELL,KY,28,4,Dark,Clear,Yard,Yard/switching,0,133203,0,141503,H607,38.531874,-82.697192,32,27,28.7
CSX,000212165,2023-07-06,4:46 PM,Other impacts,0,RUSSELL,KY,82,2,Day,Clear,Yard,Cut of cars,7,67341,112,95953,H021,38.532101,-82.69768,78.5,76.2,77.2
CSX,000173322,2017-12-08,5:00 AM,Side collision,0,RUSSELL,KY,28,4,Dark,Clear,Yard,Yard/switching,4,8300,0,141503,H607,38.531874,-82.697192,32,27,28.7
CSX,000156090,2016-01-15,8:26 PM,Derailment,0,RUSSELL,KY,45,4,Dark,Clear,Yard,Yard/switching,8,178645,35600,214245,T207,38.529968,-82.69452,42.2,40.8,35.9
CSX,000211682,2023-06-05,5:47 AM,Hwy-rail crossing,0,RUSSIA,OH,58,1,Dawn,Clear,Main,Freight Train,48,12258,0,12258,M304,40.244583,-84.368717,68.6,64.2,66.2
CSX,000199176,2021-07-30,11:39 AM,Rear end collision,0,RUSSIA,OH,75,2,Day,Clear,Main,Freight Train,0,0,0,66166,H993,40.240517,-84.382739,76.7,70.6,68.5
CSX,000199176,2021-07-30,11:39 AM,Rear end collision,0,RUSSIA,OH,75,2,Day,Clear,Main,Maint./inspect Car,22,66166,0,66166,H993,40.240517,-84.382739,76.7,70.6,68.5
KCS,15032702,2015-03-27,7:00 AM,Hwy-rail crossing,0,RUSTON,LA,40,2,Day,Clear,Main,Freight Train,46,1284,19083,20367,M304,32.528793,-92.675278,58.1,51.2,52
CSX,000200984,2021-10-28,2:52 PM,Hwy-rail crossing,0,RUTHER GLEN,VA,70,2,Day,Cloudy,Main,Freight Train,58,144000,24077,168077,M303,37.957312,-77.370644,59.4,57.7,62.1
BNSF,TC0319128,2019-03-28,7:15 AM,Derailment,0,RUTHTON,MN,25,1,Dawn,Clear,Industry,Freight Train,5,141159,6000,156092,H704,44.169289,-96.111237,50.2,38.6,34.3
BNSF,TC0719202,2019-07-24,4:51 PM,Hwy-rail crossing,0,RUTHTON,MN,85,2,Day,Clear,Main,Freight Train,26,15000,500,15500,M302,44.138868,-96.120611,67.8,69.9,69.1
BNSF,TC0319128,2019-03-28,7:15 AM,Derailment,0,RUTHTON,MN,25,1,Dawn,Clear,Industry,Cut of cars,0,8933,0,156092,H704,44.169289,-96.111237,50.2,38.6,34.3
VTR,1325,2017-01-29,6:47 PM,Derailment,0,RUTLAND,VT,18,4,Dark,Cloudy,Yard,Freight Train,4,22499,38801,61300,T110,43.595221,-72.97543,31.6,30.8,23.4
VTR,1333,2017-03-07,8:24 AM,Derailment,0,RUTLAND,VT,35,2,Day,Rain,Yard,Yard/switching,3,105473,46824,152297,T210,43.590273,-72.97599,23.4,38.9,43.5
UP,1117FW025,2017-11-20,6:49 PM,Derailment,0,RYAN,OK,45,3,Dusk,Clear,Main,Freight Train,38,200405,81005,281410,T212,33.998132,-97.947673,46,48.7,52.1