reportingrailroadcode,accidentnumber,date,time,accidenttype,hazmatreleasedcars,station,stateabbr,temperature,visibility_code,visibility,weathercondition,tracktype,equipmenttype,trainspeed,equipmentdamagecost,trackdamagecost,totaldamagecost,primaryaccidentcausecode,latitude,longitude,prior_temp,actual_temp,following_temp
CC,912994,2017-02-06,2:20 PM,Hwy-rail crossing,0,RYAN,IA,45,2,Day,Clear,Main,Freight Train,24,5515,15000,20515,M303,42.350883,-91.479183,28.3,34.8,33.7
ATK,143084,2016-06-11,7:24 PM,Obstruction,0,RYDERWOOD,WA,68,3,Dusk,Clear,Main,Passenger Train - Pulling,55,16931,0,16931,M404,46.382345,-122.984848,54.4,56.4,58.2
MNCW,2015012411,2015-01-24,6:20 AM,Other (describe in narrative),0,RYE,NY,32,1,Dawn,Clear,Main,Commuter Train - Pulling,60,11500,200,11700,M404,40.985425,-73.684415,30.3,33.7,33.8
MNCW,2017051832,2017-05-18,4:54 PM,Derailment,0,RYE,NY,95,2,Day,Clear,Main,EMU,56,781821,153000,934821,H404,40.989117,-73.674438,72.8,83.4,80
MNCW,2016081524,2016-08-15,8:45 PM,Other (describe in narrative),0,RYE,NY,80,4,Dark,Clear,Main,EMU,50,35698,950,36648,T404,40.98861,-73.675055,82.9,80.5,80
UP,0522SX028,2022-05-30,11:25 AM,Hwy-rail crossing,0,SABINAL,TX,82,2,Day,Clear,Main,Freight Train,44,5387,30300,35687,M303,29.319215,-99.466748,84.5,84,84.9
TCWR,TCW022120A,2020-02-21,6:20 PM,Derailment,0,SACRED HEART,MN,35,4,Dark,Clear,Siding,Work train,9,15000,0,15000,M101,44.788456,-95.339412,3.8,25.6,27.1
TCWR,01222020A,2020-01-22,9:00 AM,Derailment,0,SACRED HEART,MN,34,2,Day,Cloudy,Siding,Work train,6,12800,12800,25600,M101,44.788456,-95.339412,12.4,32.6,30.8
NS,140397,2021-01-27,6:55 PM,Derailment,0,SADIEVILLE,KY,25,3,Dusk,Snow,Main,Freight Train,25,55681,165936,221617,E53C,38.445572,-84.526336,44.6,33.4,23.6
NS,145853,2022-07-15,6:00 AM,Derailment,0,SADIEVILLE,KY,67,1,Dawn,Clear,Yard,Freight Train,5,430331,89550,519881,H507,38.30108,-84.53813,76.9,76.4,80.8
NS,144200,2022-01-30,8:00 PM,Derailment,0,SADIEVILLE,KY,25,4,Dark,Clear,Yard,Freight Train,10,0,17425,17425,H303,38.303669,-84.537222,15.3,30.7,31.1
UP,0515FW005,2015-05-11,1:00 PM,Derailment,0,SADLER,TX,72,2,Day,Clear,Main,Freight Train,18,10790,7043,17833,T403,33.70846,-96.758855,69.8,63.7,63.8
MNBR,MNB730215,2015-07-17,11:30 AM,Derailment,0,SAFFORD,AL,96,2,Day,Clear,Main,Freight Train,17,200354,365997,566351,H525,32.3185,-87.35679,84,85.2,86.7
BNSF,TX1115104,2015-11-14,7:20 AM,Derailment,0,SAGINAW,TX,55,1,Dawn,Clear,Industry,Yard/switching,4,13599,2500,16099,H307,32.873027,-97.36562,55.6,56.6,57.7
BNSF,RD0219101,2019-02-01,9:30 AM,Derailment,0,SAGINAW,TX,54,2,Day,Fog,Yard,Light loco(s),0,2500,0,220876,T220,32.843426,-97.359402,48.2,56.7,58.7
BNSF,RD0219101,2019-02-01,9:30 AM,Derailment,0,SAGINAW,TX,54,2,Day,Fog,Yard,Yard/switching,6,175576,42800,220876,T220,32.843426,-97.359402,48.2,56.7,58.7
BNSF,RD0823116,2023-08-09,9:00 AM,Other impacts,0,SAGINAW,TX,97,2,Day,Clear,Industry,Yard/switching,2,15668,0,15668,H307,32.836399,-97.351393,93.6,94.3,93.4
BNSF,RD0923137,2023-09-25,8:34 PM,Derailment,0,SAGINAW,TX,82,3,Dusk,Clear,Yard,Yard/switching,7,30671,12248,42919,H306,32.859658,-97.361286,88.1,81.5,82.1
UP,0922TO010,2022-09-07,6:58 PM,Hwy-rail crossing,0,SAGINAW,TX,93,3,Dusk,Clear,Main,Freight Train,20,8936,26000,34936,M303,32.905164,-97.402215,81.5,83.1,81.1
BNSF,RD0918132,2018-09-19,2:25 PM,Rear end collision,0,SAGINAW,TX,94,2,Day,Clear,Main,Spec. MoW Equip.,0,20000,0,30000,H402,32.888475,-97.387585,79.7,79.3,75.6
BNSF,RD0818103,2018-08-02,6:10 PM,Derailment,0,SAGINAW,TX,90,3,Dusk,Clear,Yard,Yard/switching,9,77212,0,77212,H307,32.840438,-97.359434,80.8,84,86
BNSF,RD0219106,2019-02-05,8:00 AM,Derailment,0,SAGINAW,TX,45,1,Dawn,Clear,Industry,Yard/switching,8,2000,37000,39000,H399,32.865817,-97.36551,67.2,67.9,70.4
BNSF,RD0518103,2018-05-02,1:30 AM,Derailment,0,SAGINAW,TX,68,4,Dark,Rain,Yard,Yard/switching,10,418479,35000,453479,H021,32.823419,-97.354036,75.1,79.3,76.2
BNSF,RD0819105,2019-08-05,1:50 AM,Derailment,0,SAGINAW,TX,80,4,Dark,Clear,Yard,Yard/switching,4,117931,85771,203918,H504,32.831308,-97.357788,83.8,86,88.6
UP,0620ES064,2020-06-14,1:30 PM,Derailment,0,SAGINAW,TX,88,2,Day,Clear,Main,Spec. MoW Equip.,2,41506,33,41539,E99C,32.817882,-97.350263,81.4,81.8,83.6
BNSF,RD0918132,2018-09-19,2:25 PM,Rear end collision,0,SAGINAW,TX,94,2,Day,Clear,Main,Spec. MoW Equip.,10,10000,0,30000,H402,32.888475,-97.387585,79.7,79.3,75.6
BNSF,RD0419131,2019-04-23,4:50 AM,Derailment,0,SAGINAW,TX,62,1,Dawn,Clear,Yard,Yard/switching,4,31577,20000,51577,H524,32.834361,-97.358784,70,68.5,62.2
BNSF,RD0519124,2019-05-24,1:38 PM,Derailment,0,SAGINAW,TX,80,2,Day,Clear,Yard,Yard/switching,6,4524,10849,15373,H318,32.830448,-97.358138,81.9,81.6,80.4
BNSF,RD0519123,2019-05-22,5:15 AM,Derailment,0,SAGINAW,TX,72,1,Dawn,Clear,Yard,Yard/switching,5,3348,30527,33875,H703,32.830923,-97.357678,73.6,78.4,81.9
BNSF,RD0718139,2018-07-30,4:02 AM,Derailment,0,SAGINAW,TX,82,1,Dawn,Clear,Yard,Yard/switching,4,10500,2300,12800,H702,32.833731,-97.358602,89.5,82.1,81.4
BNSF,RD0220105,2020-02-07,10:59 PM,Derailment,0,SAGINAW,TX,50,4,Dark,Clear,Industry,Yard/switching,5,38000,0,38000,H307,32.867773,-97.369135,35.6,44.9,50.9
UP,0715FW017,2015-07-17,12:45 AM,Derailment,0,SAGINAW,TX,85,4,Dark,Clear,Main,Freight Train,25,15806,194407,210213,E53C,32.840176,-97.358426,87,88.1,89.3
BNSF,RD0817116,2017-08-13,6:45 PM,Derailment,0,SAGINAW,TX,84,2,Day,Clear,Yard,Yard/switching,3,13722,13700,27422,H318,32.830028,-97.357406,85.2,81.4,84
BNSF,RD0818102,2018-08-02,4:50 PM,Derailment,0,SAGINAW,TX,102,2,Day,Clear,Yard,Yard/switching,8,24592,2300,26892,H607,32.836224,-97.341976,80.8,84,86
LSRC,D160712,2016-07-12,2:10 PM,Derailment,0,SAGINAW,MI,90,2,Day,Clear,Yard,Freight Train,5,68296,3500,71796,H702,43.443408,-83.91427,75.3,78.8,76.6
HESR,HES603018G,2018-03-13,2:30 AM,Hwy-rail crossing,0,SAGINAW,MI,31,4,Dark,Cloudy,Main,Freight Train,8,14000,0,14000,M301,43.437154,-83.94172,27.5,28.8,29.1
LSRC,D230603,2023-06-03,9:05 PM,Derailment,0,SAGINAW,MI,71,4,Dark,Cloudy,Yard,Yard/switching,4,15635,0,15635,H306,43.443151,-83.915742,73.7,70.3,65.2
BNSF,RD0718130,2018-07-21,9:00 PM,Derailment,0,SAGINAW,TX,98,4,Dark,Clear,Yard,Yard/switching,5,17024,3500,20524,H019,32.828372,-97.356846,93.8,92.7,94.1
LSRC,D210102,2021-01-02,9:00 AM,Derailment,0,SAGINAW,MI,36,2,Day,Clear,Industry,Yard/switching,6,27000,18000,45000,E64C,43.451444,-83.936474,24.1,31.1,32.3
LSRC,D160406A,2016-04-06,7:18 AM,Derailment,0,SAGINAW,MI,35,1,Dawn,Snow,Yard,Freight Train,6,23892,3000,26892,T399,43.439708,-83.92647,29.6,37.9,35.8
LSRC,D211022,2021-10-22,7:10 AM,Derailment,0,SAGINAW,MI,35,2,Day,Clear,Main,Freight Train,10,21844,5500,27344,T309,43.448728,-83.92853,56.3,42.4,44.2
LSRC,D171030,2017-10-30,7:54 PM,Derailment,0,SAGINAW,MI,38,4,Dark,Cloudy,Industry,Freight Train,5,6000,65000,81000,T110,43.450333,-83.937387,41.7,39.7,39.3
HESR,HES473917O,2017-10-30,7:54 PM,Derailment,0,SAGINAW,MI,40,4,Dark,Cloudy,Main,Freight Train,0,0,10000,81000,T110,43.44419,-83.944366,41.7,39.7,39.3
HESR,HES632418R,2018-04-12,9:40 AM,Derailment,0,SAGINAW,MI,46,2,Day,Cloudy,Yard,Freight Train,6,9803,0,11743,T110,43.443132,-83.917231,40.7,50.2,37.8
LSRC,D180222,2018-02-22,6:20 AM,Derailment,0,SAGINAW,MI,32,4,Dark,Cloudy,Yard,Yard/switching,8,5940,8480,14420,T110,43.439846,-83.923416,35.4,31.1,36.3
BNSF,RD0818129,2018-08-25,5:30 PM,Derailment,0,SAGINAW,TX,90,3,Dusk,Clear,Yard,Yard/switching,7,18255,1500,19755,T303,32.835326,-97.359129,89.6,88.4,87.5
BNSF,RD0818116,2018-08-15,6:30 AM,Derailment,0,SAGINAW,TX,85,1,Dawn,Clear,Industry,Yard/switching,3,35686,2000,37686,T110,32.869511,-97.364735,78.8,85.6,88
BNSF,RD0120116,2020-01-24,11:29 AM,Derailment,0,SAGINAW,TX,50,2,Day,Clear,Industry,Freight Train,4,31069,0,31069,T111,32.835528,-97.359657,48.6,48.3,52.7
BNSF,TX1114106,2014-11-18,3:45 PM,Derailment,0,SAGINAW,TX,48,2,Day,Clear,Industry,Yard/switching,4,2776,8500,11276,T110,32.848788,-97.352907,33.8,41.7,50.1
BNSF,TX0215107,2015-02-17,2:15 AM,Derailment,0,SAGINAW,TX,52,4,Dark,Clear,Industry,Yard/switching,6,21135,156398,177533,T110,32.866305,-97.368205,34.9,40,45.5
LSRC,D180412,2018-04-12,9:40 AM,Derailment,0,SAGINAW,MI,46,2,Day,Cloudy,Yard,Freight Train,0,0,1940,11743,T110,43.443132,-83.917231,40.7,50.2,37.8
NECR,NEC322223O,2023-02-06,9:04 PM,Derailment,0,SAINT ALBANS,VT,11,4,Dark,Cloudy,Yard,,0,0,0,34536,M101,44.823419,-73.106342,24.9,26.6,24.3
NECR,NEC324117D,2017-06-07,5:00 AM,Derailment,0,SAINT ALBANS,VT,39,1,Dawn,Clear,Main,Freight Train,10,180,12675,12855,T111,44.813501,-73.086591,52,58.4,66.1
NS,120277,2016-04-27,6:20 AM,Derailment,0,SAINT BERNARD,OH,62,1,Dawn,Clear,Yard,Freight Train,7,55583,0,65457,H306,39.143378,-84.543969,68.6,57.7,64.6
NS,120277,2016-04-27,6:20 AM,Derailment,0,SAINT BERNARD,OH,62,1,Dawn,Clear,Yard,Single Car,0,460,9414,65457,H306,39.143378,-84.543969,68.6,57.7,64.6
CSX,000144692,2015-03-20,1:10 PM,Other (describe in narrative),0,SAINT ELMO,IL,30,2,Day,Clear,Main,Freight Train,30,51000,0,51000,E39L,39.00797,-88.848063,45.1,44.6,51
UP,0915PR021,2015-09-29,5:02 PM,Rear end collision,0,SAINT FRANCIS,WI,68,2,Day,Cloudy,Main,Freight Train,10,15789,3000,26439,H221,42.981054,-87.883742,69.8,58.6,55.6
UP,0915PR021,2015-09-29,5:02 PM,Rear end collision,0,SAINT FRANCIS,WI,68,2,Day,Cloudy,Main,Work train,0,7650,0,26439,H221,42.981054,-87.883742,69.8,58.6,55.6
WACR,1217,2015-08-31,3:25 PM,Derailment,0,SAINT JOHNSBURY,VT,81,2,Day,Clear,Main,Freight Train,12,15700,45160,60860,E46C,44.26242,-72.01027,68.5,68.5,66.9
ATK,169008,2021-11-17,2:53 PM,Obstruction,0,SAINT LOUIS,MO,50,2,Day,Rain,Main,Passenger Train - Pulling,51,55483,0,55483,M404,38.626667,-90.246765,53.9,58.5,41.4
ATK,169884,2022-02-25,12:09 AM,Derailment,0,SAINT LOUIS,MO,19,4,Dark,Clear,Yard,Passenger Train - Pulling,10,95400,45000,140400,T220,38.620785,-90.197891,27,25.1,26.8
BNSF,HL0120109,2020-01-14,6:45 AM,Derailment,0,SAINT LOUIS,MO,40,1,Dawn,Clear,Yard,Light loco(s),4,20400,3200,23600,H307,38.60327,-90.311947,33.8,41.3,47
BNSF,HL0820119,2020-08-21,3:00 AM,Derailment,0,SAINT LOUIS,MO,67,4,Dark,Clear,Yard,Yard/switching,5,16544,4000,20544,T210,38.612005,-90.304651,69.8,71.5,73.7
NS,121671,2016-08-15,8:05 AM,Derailment,0,SAINT STEPHENS,NC,94,2,Day,Clear,Yard,Freight Train,5,159,18173,18332,T314,35.729542,-81.281819,81,80.9,80.6
UP,0215SL006,2015-02-19,4:50 AM,Derailment,0,SALEM,IL,-5,4,Dark,Cloudy,Yard,Freight Train,6,40265,2178,66916,T220,38.649398,-88.919917,14,5.6,16.2
UP,0818SL017,2018-08-26,1:25 PM,Derailment,0,SALEM,IL,92,2,Day,Clear,Yard,Freight Train,0,100,0,225149,M405,38.643125,-88.9247,78.6,82.3,82.7
UP,0818SL017,2018-08-26,1:25 PM,Derailment,0,SALEM,IL,92,2,Day,Clear,Yard,Yard/switching,5,193370,31679,225149,M405,38.643125,-88.9247,78.6,82.3,82.7
UP,0215SL006,2015-02-19,4:50 AM,Derailment,0,SALEM,IL,-5,4,Dark,Cloudy,Yard,Freight Train,0,24473,0,66916,T220,38.649398,-88.919917,14,5.6,16.2
UP,0418SL005,2018-04-07,10:07 PM,Derailment,0,SALEM,IL,34,4,Dark,Cloudy,Yard,Yard/switching,10,59355,38858,98213,H702,38.648707,-88.919131,44.6,34.3,36.3
UP,0221PN020,2021-02-16,8:05 AM,Hwy-rail crossing,0,SALEM,OR,40,2,Day,Cloudy,Main,Freight Train,35,12395,150,12545,M303,44.937403,-123.0269,47.8,43.9,41.7
UP,0921PN011,2021-09-12,9:27 PM,Obstruction,0,SALEM,OR,71,4,Dark,Cloudy,Main,,0,0,150,94211,M402,44.90692,-123.015949,65.7,65.7,63.4
NS,120628,2016-05-24,8:45 AM,Hwy-rail crossing,0,SALEM,VA,68,2,Day,Clear,Main,Freight Train,33,12175,722,12897,M308,37.270788,-80.032845,59.7,66.5,70
NS,138157,2020-06-06,1:25 AM,Other (describe in narrative),0,SALEM,VA,70,4,Dark,Clear,Yard,Yard/switching,7,69387,32338,101725,H306,37.270744,-80.023725,75.2,78,76.9
NS,143069,2021-10-05,4:32 PM,Obstruction,0,SALEM,VA,80,3,Dusk,Clear,Yard,Spec. MoW Equip.,0,10000,36710,59976,H306,37.271994,-80.014903,70.3,69.8,70
NS,143069,2021-10-05,4:32 PM,Obstruction,0,SALEM,VA,80,3,Dusk,Clear,Yard,Spec. MoW Equip.,0,10000,0,59976,H306,37.271994,-80.014903,70.3,69.8,70
NS,140393,2021-01-26,8:30 AM,Other impacts,0,SALEM,VA,55,2,Day,Clear,Yard,Single Car,0,15000,0,21840,H312,37.271994,-80.014903,36.8,37.6,43.2
NS,156725,2024-05-15,7:45 PM,Obstruction,0,SALEM,VA,68,3,Dusk,Cloudy,Yard,Freight Train,7,19000,884,19884,E79L,37.272034,-80.018499,63.2,65.7,70.4
NS,119667,2016-03-10,1:15 AM,Derailment,0,SALEM,VA,60,4,Dark,Clear,Yard,Freight Train,3,20403,43,20446,T221,37.272102,-80.00953,62.4,68.8,68.7
NS,143069,2021-10-05,4:32 PM,Obstruction,0,SALEM,VA,80,3,Dusk,Clear,Yard,Yard/switching,5,3266,0,59976,H306,37.271994,-80.014903,70.3,69.8,70
NS,140393,2021-01-26,8:30 AM,Other impacts,0,SALEM,VA,55,2,Day,Clear,Yard,Single Car,2,6840,0,21840,H312,37.271994,-80.014903,36.8,37.6,43.2
NS,140989,2021-03-10,5:30 AM,Other (describe in narrative),0,SALEM,VA,72,1,Dawn,Clear,Yard,Yard/switching,5,22000,0,22000,H317,37.271994,-80.014903,53,56.7,63.1
UP,1015SL004,2015-10-06,9:40 PM,Derailment,0,SALEM,IL,65,4,Dark,Clear,Yard,Freight Train,3,11000,528,11528,H607,38.648698,-88.919119,66.5,67.8,66.7
UP,1016PD022,2016-10-15,2:47 PM,Obstruction,0,SALEM,OR,61,2,Day,Clear,Main,,0,0,150,23433,M404,44.859095,-122.9654,57.7,56.1,53.3
NS,136451,2019-12-09,5:13 AM,Derailment,0,SALEM,OH,46,1,Dawn,Rain,Industry,Freight Train,4,13482,0,13482,H303,40.892107,-80.8563,38.1,49.1,37
ATK,144660,2016-10-15,2:47 PM,Obstruction,0,SALEM,OR,61,2,Day,Clear,Main,Passenger Train - Pulling,71,23283,0,23433,M404,44.859095,-122.9654,57.7,56.1,53.3
BNSF,HL0720203,2020-07-27,9:00 AM,Hwy-rail crossing,0,SALEM,NE,70,2,Day,Rain,Main,Spec. MoW Equip.,8,25000,0,25000,M302,40.081136,-95.712651,78.7,75.7,76.5
UP,0815SL003,2015-08-05,9:45 AM,Derailment,0,SALEM,IL,68,2,Day,Clear,Yard,Freight Train,6,17656,7016,24672,T220,38.660243,-88.907642,77.8,73.6,75.3
IC,839326,2015-01-30,10:48 AM,Derailment,0,SALEM,IL,40,2,Day,Clear,Yard,Freight Train,6,6575,0,16015,T220,38.65521,-88.913362,42.5,33.3,36
ATK,168341,2021-09-12,9:27 PM,Obstruction,0,SALEM,OR,65,4,Dark,Cloudy,Main,Passenger Train - Pushing,57,94061,0,94211,M402,44.895462,-122.997627,65.7,65.7,63.4
UP,0115SL013,2015-01-30,10:48 AM,Derailment,0,SALEM,IL,34,2,Day,Clear,Yard,,0,0,9440,16015,T220,38.65521,-88.913362,42.5,33.3,36
PNWR,PNW190719D,2019-09-29,12:50 AM,Derailment,0,SALEM,OR,42,4,Dark,Clear,Main,Freight Train,25,404881,1300,406181,T207,45.056716,-122.983791,49.9,47,48.2
NS,139598,2020-10-30,10:15 PM,Derailment,0,SALEM,VA,40,4,Dark,Clear,Main,Freight Train,34,1258001,2005662,3263663,T207,37.268829,-80.129348,69.6,56.4,44.7
UP,1118KC026,2018-11-24,12:15 PM,Derailment,0,SALINA,KS,55,2,Day,Clear,Yard,Yard/switching,5,166857,192616,359473,H702,38.853907,-97.597321,53.3,47.5,32
UP,0715DV003,2015-07-04,2:38 AM,Derailment,0,SALINA,KS,70,4,Dark,Cloudy,Yard,Yard/switching,6,55791,66,55857,H702,38.851557,-97.604484,75.7,78.5,87.9
UP,1223HL008,2023-12-09,9:04 AM,Derailment,0,SALINA,KS,40,2,Day,Cloudy,Yard,Single Car,0,9535,0,172707,H318,38.851913,-97.603502,46.7,40.3,35.2
UP,1223HL008,2023-12-09,9:04 AM,Derailment,0,SALINA,KS,40,2,Day,Cloudy,Yard,Yard/switching,7,42871,120301,172707,H318,38.851913,-97.603502,46.7,40.3,35.2
KYLE,KYL169022R,2022-08-23,6:40 PM,Derailment,0,SALINA,KS,88,3,Dusk,Clear,Yard,Freight Train,8,40000,0,40700,H704,38.857806,-97.583678,75.1,75.7,77.7
UP,1022HL016,2022-10-18,7:57 AM,Derailment,0,SALINA,KS,27,2,Day,Clear,Yard,Yard/switching,10,32960,22627,55587,H702,38.851854,-97.603872,43.2,38.1,44.1
UP,0822HL022,2022-08-23,6:40 PM,Derailment,0,SALINA,KS,88,3,Dusk,Clear,Yard,,0,0,700,40700,H704,38.854928,-97.593593,75.1,75.7,77.7
KO,211130002,2021-11-30,9:30 AM,Other impacts,0,SALINA,KS,50,2,Day,Clear,Industry,Cut of cars,0,3500,0,24003,H302,38.857007,-97.659286,50.4,42.4,47.8
KO,IN191229,2019-12-29,9:30 PM,Derailment,0,SALINA,KS,35,4,Dark,Snow,Industry,Cut of cars,15,20800,0,20800,H022,38.856208,-97.657049,43.2,34,33.4
UP,0918DV022,2018-09-23,10:40 AM,Derailment,0,SALINA,KS,75,2,Day,Clear,Yard,Freight Train,8,93222,3370,96592,T210,38.853033,-97.600954,59.7,63.9,69.9
HRRC,0118,2018-04-10,10:15 AM,Derailment,0,SALISBURY,CT,34,2,Day,Cloudy,Main,Freight Train,24,84000,15000,99000,T221,41.933704,-73.389286,33.3,36.4,36.1
NS,131717,2018-11-18,12:20 PM,Derailment,0,SALISBURY,NC,52,2,Day,Clear,Main,Freight Train,8,107,13707,13814,T001,35.675467,-80.476347,41.7,43.1,48.9
UP,0219GP029,2019-02-13,8:00 AM,Hwy-rail crossing,0,SALIX,IA,4,2,Day,Cloudy,Main,Freight Train,39,1450,60358,61808,M303,42.308442,-96.285888,15.8,15.4,16.7
UP,0224GL038,2024-02-27,11:45 PM,Derailment,0,SALIX,IA,12,4,Dark,Cloudy,Main,Freight Train,24,529160,51005,580165,T202,42.279512,-96.264218,51.1,26.7,17.7
UP,0316WH005,2016-03-10,7:21 PM,Derailment,0,SALLISAW,OK,60,4,Dark,Cloudy,Main,Freight Train,39,3408,13150,16558,M404,35.482234,-94.885004,58.9,59.9,54.5
UP,0817LK020,2017-08-13,8:25 AM,Derailment,0,SALLISAW,OK,79,2,Day,Rain,Main,Freight Train,30,1072201,171036,1243237,M103,35.45084,-94.707895,78.1,71.7,74.6
KCS,22062703,2022-06-27,12:01 PM,Hwy-rail crossing,0,SALLISAW,OK,85,2,Day,Clear,Main,Freight Train,40,78501,0,78501,M302,35.44236,-94.76109,80.7,76.6,71.9
UP,0423RM030,2023-04-28,4:25 PM,Other impacts,0,SALT LAKE CITY,UT,67,2,Day,Clear,Yard,Yard/switching,2,13019,0,23083,E20C,40.724454,-111.908578,58.9,58.5,64.3
UP,0817UT004,2017-08-06,2:30 AM,Other impacts,0,SALT LAKE CITY,UT,90,4,Dark,Clear,Yard,Single Car,0,6560,0,12301,H312,40.71443,-111.908441,84.7,79.9,78.5
UP,0316UT001,2016-03-06,1:30 AM,Other impacts,0,SALT LAKE CITY,UT,53,4,Dark,Clear,Yard,Yard/switching,2,674,0,32899,H306,40.705888,-111.908697,57.9,49.6,40.4
UP,1123RM028,2023-11-24,3:00 AM,Derailment,0,SALT LAKE CITY,UT,33,4,Dark,Snow,Yard,Yard/switching,5,95416,57810,153226,H523,40.726479,-111.908594,36.9,33.8,32.9
UP,0916UT003,2016-09-12,10:18 AM,Derailment,0,SALT LAKE CITY,UT,80,2,Day,Clear,Yard,Yard/switching,7,48944,500,49444,M206,40.724169,-111.908722,73.4,75.6,63.8
UP,0320RM020,2020-03-19,11:00 PM,Other impacts,0,SALT LAKE CITY,UT,39,4,Dark,Cloudy,Yard,Single Car,1,100,0,11963,S103,40.708953,-111.9107,46.2,42.1,41
UP,0618UT003,2018-06-05,9:15 AM,Obstruction,0,SALT LAKE CITY,UT,83,2,Day,Clear,Yard,Yard/switching,4,24401,12481,36882,M410,40.7339,-111.908544,79.2,82.5,79.8
TSWS,77720172,2017-09-14,11:37 PM,Derailment,0,SALT LAKE CITY,UT,65,4,Dark,Clear,Yard,Yard/switching,7,75000,35000,110000,H307,40.745432,-111.999508,77,70.5,60.4
UP,0823RM035,2023-08-27,3:23 AM,Derailment,0,SALT LAKE CITY,UT,75,4,Dark,Cloudy,Main,Freight Train,2,46146,25895,72041,H303,40.7516,-112.025884,81.8,81.5,80.3
UP,0718UT032,2018-07-27,12:05 AM,Derailment,0,SALT LAKE CITY,UT,90,4,Dark,Clear,Yard,Freight Train,7,36382,99,36481,H307,40.784031,-111.906451,85.1,85.7,86.3
TSWS,7772020001,2020-07-30,3:22 AM,Other impacts,0,SALT LAKE CITY,UT,78,4,Dark,Clear,Yard,Yard/switching,8,50000,0,50150,H702,40.752437,-112.020281,78.7,85.6,89.3
SL,SLC589520D,2020-10-30,1:15 AM,Derailment,0,SALT LAKE CITY,UT,40,4,Dark,Clear,Yard,Freight Train,8,21501,0,21501,H512,40.745849,-111.948225,46.4,50,51.4
TSWS,06072023,2023-06-07,1:00 AM,Derailment,0,SALT LAKE CITY,UT,65,4,Dark,Clear,Yard,Freight Train,10,30000,20000,50000,H511,40.751883,-112.001766,73.6,72.4,69.5
UP,0115UT005,2015-01-09,7:30 PM,Side collision,0,SALT LAKE CITY,UT,35,4,Dark,Cloudy,Yard,Yard/switching,4,62424,0,143310,H307,40.788327,-111.909914,33.7,32.7,31.6
UP,0323RM006,2023-03-07,7:47 AM,Derailment,0,SALT LAKE CITY,UT,28,2,Day,Cloudy,Yard,Yard/switching,5,51937,955,52892,H306,40.72966,-111.908674,32.8,33.2,33.8
UP,0916UT008,2016-09-19,3:14 PM,Fire/violent rupture,0,SALT LAKE CITY,UT,76,2,Day,Cloudy,Main,Freight Train,50,727562,0,727562,E73L,40.760395,-111.943108,71.6,75.3,76.2
UP,1018UT023,2018-10-19,2:11 AM,Derailment,0,SALT LAKE CITY,UT,40,4,Dark,Clear,Yard,Freight Train,5,53605,3230,56835,H303,40.78416,-111.906244,53,51.2,53.5
UP,1123RM024,2023-11-19,7:15 PM,Derailment,0,SALT LAKE CITY,UT,50,3,Dusk,Rain,Yard,Yard/switching,3,25654,7094,32748,H702,40.710562,-111.910565,44.8,42.7,39.4
UP,1217UT032,2017-12-22,12:00 PM,Derailment,0,SALT LAKE CITY,UT,40,2,Day,Clear,Yard,Yard/switching,5,12202,3300,15502,H312,40.788688,-111.909239,29.9,30.7,35.9
UP,0817UT004,2017-08-06,2:30 AM,Other impacts,0,SALT LAKE CITY,UT,90,4,Dark,Clear,Yard,Yard/switching,4,4141,1600,12301,H312,40.71443,-111.908441,84.7,79.9,78.5
UP,0323ES054,2023-03-25,2:40 PM,Obstruction,0,SALT LAKE CITY,UT,33,2,Day,Clear,Main,Spec. MoW Equip.,6,9000,0,14000,H995,40.709375,-111.907423,35.2,32.5,28.8
UTAX,6142023,2023-06-14,1:40 PM,Hwy-rail crossing,0,SALT LAKE CITY,UT,76,2,Day,Cloudy,Main,EMU,50,50000,50000,100000,M302,40.73351,-111.896824,68.4,70.2,65.5
UP,0315UT011,2015-03-09,11:40 AM,Derailment,0,SALT LAKE CITY,UT,58,2,Day,Clear,Yard,Yard/switching,5,101571,29900,131471,E66C,41.244237,-112.252652,45.8,45.7,48.7
UP,0115UT005,2015-01-09,7:30 PM,Side collision,0,SALT LAKE CITY,UT,35,4,Dark,Cloudy,Yard,Light loco(s),0,80886,0,143310,H307,40.788327,-111.909914,33.7,32.7,31.6
UP,0619RM021,2019-06-16,11:30 AM,Derailment,0,SALT LAKE CITY,UT,76,2,Day,Cloudy,Yard,,0,0,12688,12688,H704,40.646831,-111.900361,74.1,73.5,71.7
UP,0423RM030,2023-04-28,4:25 PM,Other impacts,0,SALT LAKE CITY,UT,67,2,Day,Clear,Yard,Single Car,2,10064,0,23083,E20C,40.724454,-111.908578,58.9,58.5,64.3
UP,0320RM020,2020-03-19,11:00 PM,Other impacts,0,SALT LAKE CITY,UT,39,4,Dark,Cloudy,Yard,Yard/switching,5,11863,0,11963,S103,40.708953,-111.9107,46.2,42.1,41
UP,0617UT002,2017-06-02,5:10 PM,Other impacts,0,SALT LAKE CITY,UT,78,2,Day,Clear,Yard,Yard/switching,4,32091,0,32250,H021,40.788637,-111.909316,74.8,70.4,75
UP,0120RM017,2020-01-09,5:15 PM,Fire/violent rupture,0,SALT LAKE CITY,UT,37,2,Day,Cloudy,Yard,Yard/switching,5,39192,0,39192,E74L,40.703361,-111.906605,36.2,34.5,28.7