reportingrailroadcode,accidentnumber,date,time,accidenttype,hazmatreleasedcars,station,stateabbr,temperature,visibility_code,visibility,weathercondition,tracktype,equipmenttype,trainspeed,equipmentdamagecost,trackdamagecost,totaldamagecost,primaryaccidentcausecode,latitude,longitude,prior_temp,actual_temp,following_temp
UP,0615UT006,2015-06-20,2:50 AM,Derailment,0,SALT LAKE CITY,UT,63,4,Dark,Clear,Yard,Freight Train,4,25670,112679,138349,H704,40.774549,-111.90531,83.1,78.8,82.2
UP,0718UT011,2018-07-09,2:50 AM,Derailment,0,SALT LAKE CITY,UT,77,4,Dark,Clear,Yard,Yard/switching,7,74050,72072,146122,H503,40.709005,-111.909042,85.6,85.5,85.5
UP,0916UT006,2016-09-19,11:40 AM,Derailment,0,SALT LAKE CITY,UT,89,2,Day,Clear,Industry,Freight Train,4,18898,0,18898,M101,40.331415,-111.736944,71.6,75.3,76.2
UP,0316UT001,2016-03-06,1:30 AM,Other impacts,0,SALT LAKE CITY,UT,53,4,Dark,Clear,Yard,Cut of cars,0,32225,0,32899,H306,40.705888,-111.908697,57.9,49.6,40.4
UP,0720RM031,2020-07-30,3:22 AM,Other impacts,0,SALT LAKE CITY,UT,78,4,Dark,Clear,Yard,,0,0,150,50150,H702,40.752437,-112.020281,78.7,85.6,89.3
UP,0216UT017,2016-02-27,4:45 AM,Derailment,0,SALT LAKE CITY,UT,45,4,Dark,Clear,Yard,Yard/switching,3,255,59704,59959,H702,40.778063,-111.905309,45.4,49.2,45.1
UFRC,0726161,2016-07-25,8:08 PM,Hwy-rail crossing,0,SALT LAKE CITY,UT,95,2,Day,Clear,Main,Commuter Train - Pushing,47,25800,0,25800,M308,40.749752,-111.908962,80.7,86.6,89.9
UP,1122RM008,2022-11-05,4:41 AM,Derailment,0,SALT LAKE CITY,UT,42,1,Dawn,Cloudy,Yard,Yard/switching,1,6127,5969,12096,H307,40.726045,-111.908623,36.4,44.4,44.2
UP,0317UT020,2017-03-25,12:00 PM,Other (describe in narrative),0,SALT LAKE CITY,UT,37,2,Day,Clear,Yard,Single Car,0,71599,0,71599,H312,40.789692,-111.908973,46.1,45.7,45
UP,1122RM011,2022-11-07,4:50 AM,Derailment,0,SALT LAKE CITY,UT,55,1,Dawn,Cloudy,Yard,Yard/switching,7,114262,11931,126193,H306,40.787746,-111.90789,44.2,54.8,45.3
UP,0621RM024,2021-06-20,7:30 AM,Derailment,0,SALT LAKE CITY,UT,71,1,Dawn,Clear,Yard,Freight Train,9,102992,246555,349547,E64C,40.75253,-112.00195,90.2,83.2,80.8
UP,0323ES054,2023-03-25,2:40 PM,Obstruction,0,SALT LAKE CITY,UT,33,2,Day,Clear,Main,Spec. MoW Equip.,5,5000,0,14000,H995,40.709375,-111.907423,35.2,32.5,28.8
UP,0617UT002,2017-06-02,5:10 PM,Other impacts,0,SALT LAKE CITY,UT,78,2,Day,Clear,Yard,Cut of cars,3,159,0,32250,H021,40.788637,-111.909316,74.8,70.4,75
UP,0516UT010,2016-05-24,11:15 PM,Derailment,0,SALT LAKE CITY,UT,47,4,Dark,Clear,Yard,Freight Train,5,23947,0,23947,E64L,40.800782,-111.9193,56.3,59.6,59.1
TSWS,77720171,2017-04-02,6:43 AM,Derailment,0,SALT LAKE CITY,UT,45,1,Dawn,Rain,Yard,Yard/switching,7,335032,30499,365531,H525,40.751312,-112.001007,52.8,47.4,44.2
UP,1220RM024,2020-12-27,6:32 AM,Derailment,0,SALT LAKE CITY,UT,31,1,Dawn,Clear,Yard,Yard/switching,10,20732,28856,49588,T202,40.718103,-111.910487,28.1,30.7,27
UP,0118UT045,2018-01-29,12:10 AM,Derailment,0,SALT LAKE CITY,UT,28,4,Dark,Clear,Industry,Yard/switching,4,39363,0,54363,T314,40.751504,-111.908947,43.8,42.5,46.7
UFRC,0129182,2018-01-29,12:10 AM,Derailment,0,SALT LAKE CITY,UT,28,4,Dark,Clear,Industry,Freight Train,0,0,15000,54363,T314,40.751504,-111.908947,43.8,42.5,46.7
UP,0819RM027,2019-08-24,7:15 PM,Derailment,0,SALT LAKE CITY,UT,93,3,Dusk,Clear,Yard,Yard/switching,10,95369,8483,103852,T110,40.720992,-111.91026,75,78.9,82.7
UP,0516UT001,2016-05-03,1:10 AM,Derailment,0,SALT LAKE CITY,UT,48,4,Dark,Clear,Yard,Yard/switching,6,61072,37888,98960,T205,40.706624,-111.909348,56.8,60.8,67.6
UP,0615UT007,2015-06-21,1:55 AM,Derailment,0,SALT LAKE CITY,UT,75,4,Dark,Clear,Yard,Freight Train,6,4888,47561,52449,T205,40.797601,-111.916956,78.8,82.2,79
CSX,000155637,2015-12-31,12:25 AM,Obstruction,0,SALT ROCK,WV,40,4,Dark,Cloudy,Main,Freight Train,35,21344,50,21394,M101,38.345171,-82.217185,45,38.6,34
TXPF,04022015,2015-04-02,8:00 PM,Derailment,0,SAN ANGELO,TX,65,3,Dusk,Clear,Yard,Yard/switching,5,2000,13150,15150,H702,31.492615,-100.413586,74,77.6,69.1
TXPF,11282016,2016-11-28,10:20 PM,Derailment,0,SAN ANGELO,TX,46,4,Dark,Clear,Yard,Freight Train,8,141796,40874,182670,T221,31.493703,-100.412948,63.4,60.3,56.7
TXPF,11142016,2016-11-14,4:20 PM,Derailment,0,SAN ANGELO,TX,70,2,Day,Clear,Yard,Freight Train,10,30000,15000,45000,T207,31.495349,-100.412094,57.7,61.8,60.7
UP,0520SX008,2020-05-10,2:38 AM,Other impacts,0,SAN ANTONIO,TX,63,4,Dark,Clear,Yard,Single Car,0,108,0,29632,H312,29.373816,-98.559242,69.2,69.9,73.9
UP,1022SX020,2022-10-22,9:46 PM,Other impacts,0,SAN ANTONIO,TX,77,4,Dark,Clear,Yard,Yard/switching,4,15298,132,29588,H312,29.375722,-98.556394,69.5,72.9,76
UP,1023SX018,2023-10-16,3:50 AM,Other impacts,0,SAN ANTONIO,TX,59,4,Dark,Clear,Yard,Yard/switching,4,7357,0,14853,H702,29.361262,-98.569681,68.6,63.8,62.1
UP,0819SX025,2019-08-20,9:30 PM,Derailment,0,SAN ANTONIO,TX,93,4,Dark,Clear,Main,Freight Train,8,309445,315890,625335,E71L,29.389785,-98.541584,88.9,88.4,86.8
UP,0923SX005,2023-09-09,5:25 PM,Other impacts,0,SAN ANTONIO,TX,100,2,Day,Clear,Yard,Single Car,5,0,0,32691,H309,29.380323,-98.554423,90.8,88.5,86.7
UP,0116SA012,2016-01-21,7:58 PM,Derailment,0,SAN ANTONIO,TX,55,4,Dark,Clear,Yard,Yard/switching,3,145608,45755,191363,M405,29.436527,-98.466656,54.9,58.3,49.3
UP,0722SX006,2022-07-04,11:59 PM,Other impacts,0,SAN ANTONIO,TX,84,4,Dark,Clear,Yard,Yard/switching,5,3043,0,337436,H318,29.435088,-98.448701,86.6,86.7,87.5
UP,0819SX022,2019-08-16,8:15 PM,Derailment,0,SAN ANTONIO,TX,96,4,Dark,Clear,Yard,Yard/switching,8,36609,3499,40108,H524,29.436389,-98.466666,87.6,90,89
UP,0721SX005,2021-07-07,3:00 PM,Derailment,0,SAN ANTONIO,TX,82,2,Day,Clear,Yard,Yard/switching,5,37620,197440,476851,H703,29.434045,-98.468022,78.1,77.4,78.6
UP,0923SX005,2023-09-09,5:25 PM,Other impacts,0,SAN ANTONIO,TX,100,2,Day,Clear,Yard,Yard/switching,4,32691,0,32691,H309,29.380323,-98.554423,90.8,88.5,86.7
UP,1021SX018,2021-10-16,2:40 AM,Derailment,0,SAN ANTONIO,TX,65,4,Dark,Clear,Industry,Yard/switching,4,66095,2640,68735,H508,29.54441,-98.427483,78.1,66.9,61.7
UP,0122SX010,2022-01-14,1:35 AM,Other impacts,0,SAN ANTONIO,TX,42,4,Dark,Clear,Yard,Single Car,0,187,0,34301,H310,29.383976,-98.547255,54.3,57.8,53.7
UP,0616SA006,2016-06-05,10:00 PM,Other (describe in narrative),0,SAN ANTONIO,TX,75,4,Dark,Clear,Yard,Yard/switching,7,0,14196,14196,H706,29.359279,-98.571291,75.3,77.6,77.7
UP,0116SA006,2016-01-13,9:45 AM,Other (describe in narrative),0,SAN ANTONIO,TX,61,2,Day,Clear,Yard,Yard/switching,4,0,25001,25001,H706,29.35911,-98.571413,48.4,49.4,57.6
UP,1117SA004,2017-11-05,1:30 AM,Derailment,0,SAN ANTONIO,TX,72,4,Dark,Cloudy,Yard,Yard/switching,9,47853,103469,151322,M405,29.435481,-98.459958,76.9,77.3,77.2
UP,0722SX006,2022-07-04,11:59 PM,Other impacts,0,SAN ANTONIO,TX,84,4,Dark,Clear,Yard,Yard/switching,10,289209,45184,337436,H318,29.435088,-98.448701,86.6,86.7,87.5
UP,0815SA012,2015-08-14,5:50 AM,Raking collision,0,SAN ANTONIO,TX,79,4,Dark,Clear,Yard,Light loco(s),10,3223,0,11017,H509,29.436455,-98.468057,87.9,88.4,86
UP,1023SX017,2023-10-13,10:30 PM,Derailment,0,SAN ANTONIO,TX,79,4,Dark,Cloudy,Yard,Light loco(s),5,250,14200,14450,H607,29.435271,-98.454882,74.4,80.6,73
UP,0822SX025,2022-08-30,6:00 PM,Other impacts,0,SAN ANTONIO,TX,80,3,Dusk,Rain,Yard,Yard/switching,10,7366,299,37476,H018,29.435089,-98.448254,84.9,81.2,82.8
UP,0119SX002,2019-01-04,5:20 AM,Other impacts,0,SAN ANTONIO,TX,38,1,Dawn,Clear,Yard,Yard/switching,4,63932,199,152810,H702,29.380338,-98.554445,44.9,50,52.2
UP,0620SX022,2020-06-13,3:40 PM,Other impacts,0,SAN ANTONIO,TX,91,2,Day,Clear,Yard,Yard/switching,0,34,0,17031,E08C,29.436069,-98.461607,78.4,79.9,79.2
UP,1223SX018,2023-12-25,4:05 AM,Other impacts,0,SAN ANTONIO,TX,67,1,Dawn,Clear,Yard,Single Car,5,63461,0,64382,H312,29.377409,-98.555931,65.7,52.1,48.8
UP,0319SX019,2019-03-18,8:43 PM,Hwy-rail crossing,0,SAN ANTONIO,TX,61,4,Dark,Cloudy,Main,Freight Train,35,473,93868,94341,M302,29.408102,-98.511089,54.4,56,57.4
UP,0723SX019,2023-07-25,6:35 AM,Other (describe in narrative),0,SAN ANTONIO,TX,76,1,Dawn,Clear,Main,Yard/switching,8,0,30000,30000,H307,29.348934,-98.58144,87.6,88.1,89.5
UP,1118SA017,2018-11-14,3:40 AM,Derailment,0,SAN ANTONIO,TX,27,4,Dark,Cloudy,Yard,Yard/switching,4,18738,14052,32790,H703,29.435393,-98.469976,40.7,40.8,46.7
UP,0923SX024,2023-09-26,3:40 PM,Other impacts,0,SAN ANTONIO,TX,93,2,Day,Clear,Yard,Light loco(s),2,2500,0,19093,H306,29.381568,-98.55336,86.7,84.5,84.1
UP,0719SX019,2019-07-24,6:00 AM,Derailment,0,SAN ANTONIO,TX,75,1,Dawn,Clear,Yard,Cut of cars,0,6416,0,515588,H503,29.373809,-98.559231,84.8,82.2,79.5
UP,0724SX003,2024-07-02,8:45 AM,Derailment,0,SAN ANTONIO,TX,78,2,Day,Clear,Main,Yard/switching,4,10618,20610,31228,M401,29.361373,-98.569822,87.7,88.7,87.7
UP,1123SX009,2023-11-09,2:30 AM,Derailment,0,SAN ANTONIO,TX,71,4,Dark,Clear,Yard,Yard/switching,5,16425,1826,91791,H318,29.436304,-98.464979,73.6,70.6,57.6
UP,0422SX029,2022-04-27,8:30 PM,Other impacts,0,SAN ANTONIO,TX,78,4,Dark,Cloudy,Yard,Yard/switching,4,461419,0,462110,M105,29.37242,-98.56063,66.4,72.4,77.6
UP,0421SX017,2021-04-24,8:10 AM,Derailment,0,SAN ANTONIO,TX,58,2,Day,Cloudy,Yard,Yard/switching,5,189639,5040,194679,H707,29.361814,-98.569353,71.5,74.1,74.1
BNSF,RD1222129,2022-12-30,6:15 AM,Other impacts,0,SAN ANTONIO,TX,60,1,Dawn,Clear,Yard,Freight Train,4,32205,0,32205,H318,29.325841,-98.624006,65.3,60.4,59.1
UP,0622SX018,2022-06-22,2:40 PM,Obstruction,0,SAN ANTONIO,TX,95,2,Day,Clear,Main,Freight Train,24,12080,266,12346,M402,29.44191,-98.506918,87.6,87,88.2
UP,0824SX020,2024-08-18,9:47 AM,Derailment,0,SAN ANTONIO,TX,83,2,Day,Clear,Yard,Freight Train,4,1837,12566,14403,H307,29.356842,-98.574464,89.4,90,89.7
UP,0822SX020,2022-08-24,8:45 PM,Derailment,0,SAN ANTONIO,TX,80,4,Dark,Clear,Siding,Light loco(s),0,33326,0,39166,H503,29.326609,-98.622661,79.9,81.1,82.9
UP,0821SX013,2021-08-09,1:22 AM,Derailment,0,SAN ANTONIO,TX,80,4,Dark,Cloudy,Yard,Yard/switching,7,6444,7040,13484,H503,29.43637,-98.467343,84.8,84.6,84.9
UP,0520SX006,2020-05-06,3:25 PM,Other (describe in narrative),0,SAN ANTONIO,TX,85,2,Day,Cloudy,Yard,Yard/switching,9,0,48914,48914,H706,29.374272,-98.558765,79.3,75.9,74.5
UP,1118SA029,2018-11-26,5:30 PM,Other impacts,0,SAN ANTONIO,TX,52,2,Day,Clear,Yard,Yard/switching,6,0,1564,68449,H318,29.435088,-98.448106,62.5,52.5,48.3
UP,0920SX025,2020-09-18,4:30 PM,Other impacts,0,SAN ANTONIO,TX,88,2,Day,Clear,Yard,Yard/switching,9,10954,4362,20541,H513,29.435089,-98.451948,78.7,79.1,76.5
UP,0223SX003,2023-02-04,6:25 AM,Other impacts,0,SAN ANTONIO,TX,32,1,Dawn,Clear,Yard,Yard/switching,4,31869,366,32723,E27C,29.375779,-98.55647,44.7,47.7,56
UP,0919SX023,2019-09-22,8:50 PM,Other impacts,0,SAN ANTONIO,TX,90,4,Dark,Cloudy,Yard,Yard/switching,10,134582,62043,227462,H702,29.383359,-98.551181,84.6,84.8,85.9
UP,0122SX010,2022-01-14,1:35 AM,Other impacts,0,SAN ANTONIO,TX,42,4,Dark,Clear,Yard,Yard/switching,4,6000,28114,34301,H310,29.383976,-98.547255,54.3,57.8,53.7
BNSF,RD0820126,2020-08-26,9:30 PM,Derailment,0,SAN ANTONIO,TX,80,4,Dark,Clear,Yard,Freight Train,3,12822,0,12822,H318,29.32514,-98.633386,85.7,86.7,87.2
UP,1123SX009,2023-11-09,2:30 AM,Derailment,0,SAN ANTONIO,TX,71,4,Dark,Clear,Yard,Cut of cars,5,73540,0,91791,H318,29.436304,-98.464979,73.6,70.6,57.6
UP,0519SX018,2019-05-19,12:20 PM,Derailment,0,SAN ANTONIO,TX,82,2,Day,Clear,Yard,Yard/switching,5,20530,4885,25415,M405,29.374152,-98.559664,79.3,81.5,82.2
UP,0124ES002,2024-01-05,10:20 AM,Other (describe in narrative),0,SAN ANTONIO,TX,62,2,Day,Clear,Main,Spec. MoW Equip.,10,0,31400,31400,H702,29.402743,-98.486412,51.7,55.9,51.5
UP,0518SA005,2018-05-05,3:15 AM,Derailment,0,SAN ANTONIO,TX,70,4,Dark,Cloudy,Yard,Yard/switching,10,570996,101166,672162,H310,29.358019,-98.572253,70.2,75.1,74.2
UP,0324ES020,2024-03-12,3:40 PM,Obstruction,0,SAN ANTONIO,TX,73,2,Day,Clear,Main,Spec. MoW Equip.,0,35000,0,40000,H025,29.492415,-98.356211,61.6,67,74.6
UP,1118SA029,2018-11-26,5:30 PM,Other impacts,0,SAN ANTONIO,TX,52,2,Day,Clear,Yard,Yard/switching,0,66885,0,68449,H318,29.435088,-98.448106,62.5,52.5,48.3
UP,0321SX004,2021-03-04,12:45 PM,Derailment,0,SAN ANTONIO,TX,69,2,Day,Clear,Yard,Maint./inspect Car,5,17183,99,17282,E27C,29.371628,-98.560392,54.6,59.8,66.5
UP,1022SX010,2022-10-13,5:45 PM,Other impacts,0,SAN ANTONIO,TX,92,2,Day,Clear,Yard,Yard/switching,1,20461,233,21884,H022,29.380979,-98.553087,81.3,81.8,79.6
UP,0718SA016,2018-07-07,6:00 AM,Fire/violent rupture,0,SAN ANTONIO,TX,78,1,Dawn,Cloudy,Main,Freight Train,0,34417,0,34417,E79L,29.348934,-98.58144,83,80.9,81.2
UP,0923SX024,2023-09-26,3:40 PM,Other impacts,0,SAN ANTONIO,TX,93,2,Day,Clear,Yard,Freight Train,9,16593,0,19093,H306,29.381568,-98.55336,86.7,84.5,84.1
UP,0420SX001,2020-04-01,10:22 AM,Derailment,0,SAN ANTONIO,TX,62,2,Day,Clear,Main,Freight Train,6,11494,102086,113580,M204,29.402525,-98.450149,67.9,65.8,66.2
UP,0718SA005,2018-07-08,3:21 AM,Derailment,0,SAN ANTONIO,TX,72,4,Dark,Clear,Siding,Freight Train,2,14778,15198,29976,H702,29.592499,-98.587887,80.9,81.2,77.1
UP,0223SX005,2023-02-10,6:10 AM,Derailment,0,SAN ANTONIO,TX,50,1,Dawn,Cloudy,Yard,Yard/switching,10,73108,263156,336264,M409,29.46755,-98.393721,53.9,51.6,46.9
UP,1022SX021,2022-10-23,9:05 AM,Other impacts,0,SAN ANTONIO,TX,68,2,Day,Clear,Yard,Yard/switching,4,69559,66,69895,H302,29.379064,-98.55544,72.9,76,79.1
UP,0621SX029,2021-06-25,10:00 AM,Derailment,0,SAN ANTONIO,TX,83,2,Day,Cloudy,Yard,Yard/switching,5,142407,137449,279856,E7AL,29.434402,-98.469616,84.6,84.8,84.9
UP,1023SX018,2023-10-16,3:50 AM,Other impacts,0,SAN ANTONIO,TX,59,4,Dark,Clear,Yard,Freight Train,0,7496,0,14853,H702,29.361262,-98.569681,68.6,63.8,62.1
UP,0323SX004,2023-03-05,10:30 PM,Other impacts,0,SAN ANTONIO,TX,67,4,Dark,Clear,Yard,Single Car,0,39351,0,50838,H602,29.375918,-98.55665,64.2,65.3,71.2
UP,0622SX027,2022-06-27,7:00 AM,Other (describe in narrative),0,SAN ANTONIO,TX,76,2,Day,Clear,Yard,Single Car,0,12020,66,12086,H312,29.434853,-98.462998,87.3,84.7,78.3
UP,0821SX021,2021-08-17,1:45 AM,Derailment,0,SAN ANTONIO,TX,79,4,Dark,Clear,Yard,Yard/switching,7,272,60099,60371,H702,29.382914,-98.542362,82.7,84.4,86.8
UP,0118SA009,2018-01-17,3:30 AM,Derailment,0,SAN ANTONIO,TX,25,4,Dark,Cloudy,Main,Freight Train,5,12225,3365,15590,M299,29.394801,-98.487744,31.9,31.6,39.8
UP,1022SX021,2022-10-23,9:05 AM,Other impacts,0,SAN ANTONIO,TX,68,2,Day,Clear,Yard,Single Car,0,270,0,69895,H302,29.379064,-98.55544,72.9,76,79.1
UP,0422SX009,2022-04-13,2:35 AM,Derailment,0,SAN ANTONIO,TX,74,4,Dark,Cloudy,Yard,Yard/switching,6,20026,300,20326,H305,29.435079,-98.451061,81.3,83.2,74.2
UP,0519SX015,2019-05-18,7:55 AM,Derailment,0,SAN ANTONIO,TX,75,2,Day,Rain,Yard,Yard/switching,3,302710,93934,396644,H503,29.366166,-98.565613,79.3,79.3,81.5
UP,0822SX013,2022-08-10,12:30 PM,Other (describe in narrative),0,SAN ANTONIO,TX,91,2,Day,Clear,Yard,Single Car,4,35110,150,35260,H312,29.365704,-98.566079,86.4,87.8,83.7
UP,0818SA020,2018-08-22,8:50 AM,Derailment,0,SAN ANTONIO,TX,84,2,Day,Clear,Yard,Yard/switching,4,29981,2641,32622,H704,29.375465,-98.558713,88.2,88.4,88.1
UP,1223SX014,2023-12-21,4:37 PM,Derailment,0,SAN ANTONIO,TX,70,2,Day,Cloudy,Yard,Yard/switching,5,5617,7400,13017,H702,29.375096,-98.557441,62.1,63.6,65.8
UP,0719SX019,2019-07-24,6:00 AM,Derailment,0,SAN ANTONIO,TX,75,1,Dawn,Clear,Yard,Yard/switching,5,142034,253588,515588,H503,29.373809,-98.559231,84.8,82.2,79.5
UP,0721SX033,2021-07-27,3:00 AM,Derailment,0,SAN ANTONIO,TX,76,4,Dark,Clear,Yard,Freight Train,4,123836,1155,124991,H303,29.38345,-98.551045,83.6,82.9,84.1
UP,0922SX012,2022-09-13,7:40 AM,Other impacts,0,SAN ANTONIO,TX,74,2,Day,Clear,Yard,Yard/switching,0,40520,0,47317,H312,29.380072,-98.554627,82.1,82.6,81
UP,0220SX005,2020-02-07,7:47 PM,Derailment,0,SAN ANTONIO,TX,65,3,Dusk,Clear,Yard,Freight Train,1,21501,1099,22600,S011,29.361548,-98.569529,42.2,52.2,58.3
UP,0620SX022,2020-06-13,3:40 PM,Other impacts,0,SAN ANTONIO,TX,91,2,Day,Clear,Yard,Yard/switching,1,13247,3750,17031,E08C,29.436069,-98.461607,78.4,79.9,79.2
UP,1022SX010,2022-10-13,5:45 PM,Other impacts,0,SAN ANTONIO,TX,92,2,Day,Clear,Yard,Yard/switching,0,1190,0,21884,H022,29.380979,-98.553087,81.3,81.8,79.6
UP,0920SX025,2020-09-18,4:30 PM,Other impacts,0,SAN ANTONIO,TX,88,2,Day,Clear,Yard,Yard/switching,6,5225,0,20541,H513,29.435089,-98.451948,78.7,79.1,76.5
UP,0923SX006,2023-09-10,1:30 AM,Derailment,0,SAN ANTONIO,TX,79,4,Dark,Cloudy,Yard,Yard/switching,4,20412,2940,23352,H504,29.379251,-98.555649,88.5,86.7,86.7
UP,0919SX023,2019-09-22,8:50 PM,Other impacts,0,SAN ANTONIO,TX,90,4,Dark,Cloudy,Yard,Yard/switching,0,30837,0,227462,H702,29.383359,-98.551181,84.6,84.8,85.9
UP,0322SX022,2022-03-26,3:30 PM,Other impacts,0,SAN ANTONIO,TX,90,2,Day,Clear,Yard,Yard/switching,0,11645,0,53018,H306,29.382309,-98.552471,65.9,70.7,70
UP,0122SX007,2022-01-14,3:00 AM,Other impacts,0,SAN ANTONIO,TX,43,4,Dark,Clear,Yard,Single Car,5,0,0,12544,H318,29.436216,-98.466513,54.3,57.8,53.7
UP,0123SX022,2023-01-26,6:30 AM,Other impacts,0,SAN ANTONIO,TX,33,1,Dawn,Clear,Yard,Yard/switching,7,9027,33,40548,H602,29.379859,-98.553773,48.2,46,47.1
UP,0721SX005,2021-07-07,3:00 PM,Derailment,0,SAN ANTONIO,TX,82,2,Day,Clear,Yard,Yard/switching,5,44351,197440,476851,H703,29.434045,-98.468022,78.1,77.4,78.6
UP,0722SX021,2022-07-22,9:30 PM,Broken train collision,0,SAN ANTONIO,TX,91,4,Dark,Cloudy,Yard,Yard/switching,6,2742,150,22281,E34C,29.373765,-98.559181,87.8,87.5,87.2
UP,0421SX011,2021-04-13,4:58 PM,Other (describe in narrative),0,SAN ANTONIO,TX,83,2,Day,Cloudy,Yard,Single Car,0,12712,0,12712,M411,29.36743,-98.56431,77.1,77.2,78.6
UP,0921ES041,2021-09-23,4:44 PM,Obstruction,0,SAN ANTONIO,TX,87,2,Day,Clear,Main,Maint./inspect Car,35,33609,432,37941,H402,29.501841,-98.342588,78.5,72.1,73.7
UP,0118SA019,2018-01-29,6:20 AM,Derailment,0,SAN ANTONIO,TX,40,4,Dark,Clear,Yard,Yard/switching,9,604224,129322,733546,H503,29.352703,-98.57806,59.2,55.2,51.4
UP,0122SX007,2022-01-14,3:00 AM,Other impacts,0,SAN ANTONIO,TX,43,4,Dark,Clear,Yard,Yard/switching,8,12344,200,12544,H318,29.436216,-98.466513,54.3,57.8,53.7
UP,0823SX028,2023-08-17,11:30 PM,Derailment,0,SAN ANTONIO,TX,86,4,Dark,Clear,Yard,Freight Train,4,41702,15591,57293,H704,29.35942,-98.572295,92.3,91.6,90.4
UP,1021SX005,2021-10-05,1:11 PM,Derailment,0,SAN ANTONIO,TX,87,2,Day,Cloudy,Industry,Yard/switching,6,7926,40800,48726,H524,29.54441,-98.427483,79.7,76.1,75.9
UP,0822SX020,2022-08-24,8:45 PM,Derailment,0,SAN ANTONIO,TX,80,4,Dark,Clear,Siding,Yard/switching,5,5408,432,39166,H503,29.326609,-98.622661,79.9,81.1,82.9
UP,0520SX008,2020-05-10,2:38 AM,Other impacts,0,SAN ANTONIO,TX,63,4,Dark,Clear,Yard,Yard/switching,4,29425,99,29632,H312,29.373816,-98.559242,69.2,69.9,73.9
UP,1122SX022,2022-11-17,3:30 PM,Derailment,0,SAN ANTONIO,TX,59,2,Day,Cloudy,Yard,Yard/switching,2,18868,56160,75028,S011,29.381666,-98.541849,48.7,51.9,52.1
BNSF,RD0921128,2021-09-23,4:44 PM,Obstruction,0,SAN ANTONIO,TX,87,2,Day,Clear,Main,Freight Train,0,3900,0,37941,H997,29.501841,-98.342588,78.5,72.1,73.7
UP,0321SX003,2021-03-04,7:41 PM,Derailment,0,SAN ANTONIO,TX,70,3,Dusk,Cloudy,Yard,Yard/switching,8,142959,59060,202019,H702,29.383934,-98.547246,54.6,59.8,66.5
UP,1122SX001,2022-11-02,5:15 AM,Other impacts,0,SAN ANTONIO,TX,57,1,Dawn,Clear,Yard,Single Car,5,6312,0,78013,H312,29.38057,-98.554212,65.9,67.1,74.6
UP,0122SX012,2022-01-16,6:35 PM,Derailment,0,SAN ANTONIO,TX,61,3,Dusk,Cloudy,Industry,Yard/switching,5,14388,329,14717,H505,29.544948,-98.428271,53.7,48.2,51.1
UP,0523SX023,2023-05-20,2:25 AM,Derailment,0,SAN ANTONIO,TX,73,4,Dark,Rain,Yard,Yard/switching,5,18449,4840,23289,T220,29.435946,-98.440299,78.5,74.2,70.1
UP,0422SX029,2022-04-27,8:30 PM,Other impacts,0,SAN ANTONIO,TX,78,4,Dark,Cloudy,Yard,Cut of cars,2,392,299,462110,M105,29.37242,-98.56063,66.4,72.4,77.6
UP,0424SX012,2024-04-14,9:30 AM,Obstruction,0,SAN ANTONIO,TX,70,2,Day,Clear,Yard,Yard/switching,5,32035,38346,70381,M409,29.380802,-98.55398,71.8,74.4,76.6
UP,1223SX018,2023-12-25,4:05 AM,Other impacts,0,SAN ANTONIO,TX,67,1,Dawn,Clear,Yard,Yard/switching,7,393,528,64382,H312,29.377409,-98.555931,65.7,52.1,48.8
UP,0119SX002,2019-01-04,5:20 AM,Other impacts,0,SAN ANTONIO,TX,38,1,Dawn,Clear,Yard,Light loco(s),2,88679,0,152810,H702,29.380338,-98.554445,44.9,50,52.2
UP,0523SX028,2023-05-16,8:44 AM,Fire/violent rupture,0,SAN ANTONIO,TX,70,2,Day,Clear,Yard,Single Car,0,12491,33,12524,M406,29.435397,-98.460489,73.4,71.5,75.3
UP,0118SA018,2018-01-25,11:20 PM,Derailment,0,SAN ANTONIO,TX,55,4,Dark,Clear,Main,Freight Train,5,19325,2283,21608,H704,29.564869,-98.576467,47.3,47.8,58.7
UP,1121SX011,2021-11-13,9:30 AM,Derailment,0,SAN ANTONIO,TX,59,2,Day,Clear,Yard,Freight Train,4,415,12340,12755,S103,29.437529,-98.437462,63.2,60,63.3
UP,0719SX019,2019-07-24,6:00 AM,Derailment,0,SAN ANTONIO,TX,75,1,Dawn,Clear,Yard,Cut of cars,0,113550,0,515588,H503,29.373809,-98.559231,84.8,82.2,79.5
UP,0419SX020,2019-04-23,5:30 PM,Derailment,0,SAN ANTONIO,TX,79,2,Day,Cloudy,Yard,Yard/switching,5,19543,1750,21293,H523,29.361262,-98.569681,72.6,72.9,65.4
UP,1022SX020,2022-10-22,9:46 PM,Other impacts,1,SAN ANTONIO,TX,77,4,Dark,Clear,Yard,Single Car,0,14158,0,29588,H312,29.375722,-98.556394,69.5,72.9,76
UP,0324ES020,2024-03-12,3:40 PM,Obstruction,0,SAN ANTONIO,TX,73,2,Day,Clear,Main,Spec. MoW Equip.,10,5000,0,40000,H025,29.492415,-98.356211,61.6,67,74.6
UP,0218SA011,2018-02-21,8:00 PM,Other (describe in narrative),0,SAN ANTONIO,TX,45,4,Dark,Fog,Main,Yard/switching,5,16198,150,16348,E39C,29.374078,-98.559572,72.4,54.6,46.6
UP,0824SX033,2024-08-29,4:15 PM,Derailment,0,SAN ANTONIO,TX,93,2,Day,Cloudy,Yard,Yard/switching,3,11308,795,12103,M505,29.464402,-98.398156,80.7,82.9,85.9