reportingrailroadcode,accidentnumber,date,time,accidenttype,hazmatreleasedcars,station,stateabbr,temperature,visibility_code,visibility,weathercondition,tracktype,equipmenttype,trainspeed,equipmentdamagecost,trackdamagecost,totaldamagecost,primaryaccidentcausecode,latitude,longitude,prior_temp,actual_temp,following_temp
UP,0123SX022,2023-01-26,6:30 AM,Other impacts,0,SAN ANTONIO,TX,33,1,Dawn,Clear,Yard,Single Car,5,31488,0,40548,H602,29.379859,-98.553773,48.2,46,47.1
UP,0722SX021,2022-07-22,9:30 PM,Broken train collision,0,SAN ANTONIO,TX,91,4,Dark,Cloudy,Yard,Cut of cars,0,19389,0,22281,E34C,29.373765,-98.559181,87.8,87.5,87.2
UP,0921SX002,2021-09-02,10:20 AM,Hwy-rail crossing,0,SAN ANTONIO,TX,85,2,Day,Clear,Main,Freight Train,21,0,14699,14699,M303,29.436498,-98.473215,87.6,87.2,86.5
UP,0719SX016,2019-07-20,6:30 PM,Derailment,0,SAN ANTONIO,TX,98,3,Dusk,Clear,Yard,Yard/switching,4,12576,4914,17490,H704,29.373816,-98.559242,85.8,86.1,85.9
UP,1122SX001,2022-11-02,5:15 AM,Other impacts,0,SAN ANTONIO,TX,57,1,Dawn,Clear,Yard,Yard/switching,8,17877,53824,78013,H312,29.38057,-98.554212,65.9,67.1,74.6
UP,0922SX012,2022-09-13,7:40 AM,Other impacts,0,SAN ANTONIO,TX,74,2,Day,Clear,Yard,Yard/switching,4,2957,3840,47317,H312,29.380072,-98.554627,82.1,82.6,81
UP,0223SX003,2023-02-04,6:25 AM,Other impacts,0,SAN ANTONIO,TX,32,1,Dawn,Clear,Yard,Cut of cars,5,488,0,32723,E27C,29.375779,-98.55647,44.7,47.7,56
UP,0323SX004,2023-03-05,10:30 PM,Other impacts,0,SAN ANTONIO,TX,67,4,Dark,Clear,Yard,Yard/switching,5,11355,132,50838,H602,29.375918,-98.55665,64.2,65.3,71.2
UP,0322SX022,2022-03-26,3:30 PM,Other impacts,0,SAN ANTONIO,TX,90,2,Day,Clear,Yard,Yard/switching,3,40067,1306,53018,H306,29.382309,-98.552471,65.9,70.7,70
UP,0824ME033,2024-08-23,1:30 PM,Derailment,0,SAN ANTONIO,TX,96,2,Day,Clear,Yard,Light loco(s),5,250,21674,21924,H702,29.37131,-98.561332,93.9,90.1,88.5
UP,0417SA013,2017-04-11,3:45 PM,Hwy-rail crossing,0,SAN ANTONIO,TX,74,2,Day,Rain,Main,Freight Train,38,3128,15500,18628,M304,29.477444,-98.405223,75.4,70.4,69.6
UP,1217SA001,2017-12-01,7:15 PM,Derailment,0,SAN ANTONIO,TX,70,3,Dusk,Clear,Yard,Yard/switching,6,167748,297370,465118,H522,29.436459,-98.471738,62.3,66.8,65.1
UP,0215SA026,2015-02-25,6:00 AM,Derailment,0,SAN ANTONIO,TX,40,4,Dark,Cloudy,Main,Freight Train,6,43767,27800,71567,H704,29.408019,-98.510775,36.1,48.5,46.3
BNSF,RD0717119,2017-07-29,7:15 PM,Derailment,0,SAN ANTONIO,TX,99,3,Dusk,Clear,Yard,Yard/switching,7,32826,0,32826,H307,29.326278,-98.621601,87.9,89.4,89.5
UP,0417SA002,2017-04-01,9:15 PM,Derailment,0,SAN ANTONIO,TX,72,4,Dark,Cloudy,Siding,Freight Train,6,12771,27000,39771,M204,29.327853,-98.671526,68.9,72.6,70.9
UP,0915SA006,2015-09-10,9:30 PM,Derailment,0,SAN ANTONIO,TX,75,4,Dark,Cloudy,Yard,Yard/switching,15,30083,9715,39798,H318,29.37402,-98.559161,84.1,82.1,81.8
UP,0318SA015,2018-03-25,4:43 AM,Other impacts,0,SAN ANTONIO,TX,50,4,Dark,Clear,Industry,Yard/switching,12,4592,600,15940,H607,29.321805,-98.644118,73.1,72.6,75.7
UP,0315SA005,2015-03-09,5:55 PM,Derailment,0,SAN ANTONIO,TX,55,2,Day,Cloudy,Yard,Yard/switching,6,3257,11038,14295,M409,29.367778,-98.564788,53.7,55.3,58.8
UP,0318SA015,2018-03-25,4:43 AM,Other impacts,0,SAN ANTONIO,TX,50,4,Dark,Clear,Industry,Light loco(s),0,10748,0,15940,H607,29.321805,-98.644118,73.1,72.6,75.7
UP,0915SA009,2015-09-13,12:10 AM,Derailment,0,SAN ANTONIO,TX,85,4,Dark,Cloudy,Yard,Yard/switching,4,30083,0,30083,H308,29.361363,-98.569568,81,78.7,77.3
UP,0417SA006,2017-04-03,7:30 PM,Other (describe in narrative),0,SAN ANTONIO,TX,80,3,Dusk,Clear,Yard,Yard/switching,7,0,15051,15051,H303,29.359114,-98.571424,70.9,67,71.3
UP,0418SA005,2018-04-04,2:00 PM,Derailment,0,SAN ANTONIO,TX,75,2,Day,Clear,Industry,Freight Train,3,17160,157,17317,M101,29.591777,-98.587809,74.8,63.2,68.6
UP,0415SA008,2015-04-12,9:15 AM,Derailment,0,SAN ANTONIO,TX,68,2,Day,Rain,Industry,Yard/switching,3,15809,1400,17209,H307,29.347301,-98.461477,66,72.1,71.1
UP,0815SA012,2015-08-14,5:50 AM,Raking collision,0,SAN ANTONIO,TX,79,4,Dark,Clear,Yard,Yard/switching,6,7794,0,11017,H509,29.436455,-98.468057,87.9,88.4,86
UP,1017SA005,2017-10-07,3:43 AM,Derailment,0,SAN ANTONIO,TX,68,4,Dark,Clear,Yard,Yard/switching,7,21890,14796,36686,M503,29.471996,-98.386474,77.4,77,80.4
UP,0815SA003,2015-08-05,2:50 AM,Derailment,0,SAN ANTONIO,TX,80,4,Dark,Cloudy,Yard,Yard/switching,3,34238,0,34238,E22C,29.435763,-98.454862,87.3,87.4,87.2
UP,0215SA013,2015-02-10,3:00 AM,Derailment,0,SAN ANTONIO,TX,48,4,Dark,Clear,Yard,Yard/switching,5,15895,3600,19495,H524,29.435864,-98.456548,63.5,62.6,60.6
UP,0117SA008,2017-01-10,4:00 PM,Derailment,0,SAN ANTONIO,TX,75,2,Day,Cloudy,Yard,Yard/switching,9,6204,33600,39804,H703,29.383256,-98.551371,57.6,63.7,67.7
UP,0917SA005,2017-09-08,5:07 AM,Derailment,0,SAN ANTONIO,TX,60,4,Dark,Clear,Yard,Yard/switching,7,179468,26744,206212,H518,29.358565,-98.571825,73.1,73.4,75.7
UP,1217SA019,2017-12-20,7:42 AM,Hwy-rail crossing,0,SAN ANTONIO,TX,50,2,Day,Clear,Main,,0,0,216,24036,M302,29.503212,-98.399914,62.5,58.4,60.8
UP,0318SA001,2018-03-02,2:45 AM,Fire/violent rupture,0,SAN ANTONIO,TX,70,4,Dark,Cloudy,Main,Freight Train,30,17526,150,17676,E73L,29.54976,-98.383465,68.2,62.7,63.2
UP,0216SA022,2016-02-24,2:30 PM,Derailment,0,SAN ANTONIO,TX,70,2,Day,Clear,Yard,Yard/switching,3,27380,61201,88581,H525,29.435033,-98.457327,58.5,53.3,53.8
BNSF,GC0716108,2016-07-13,4:57 PM,Derailment,0,SAN ANTONIO,TX,95,2,Day,Clear,Yard,Yard/switching,4,25524,1000,26524,H303,29.325202,-98.625846,86.3,88.3,87.2
UP,0318SA006,2018-03-14,7:00 AM,Derailment,0,SAN ANTONIO,TX,50,4,Dark,Clear,Main,Freight Train,17,12501,12774,25275,E67C,29.435916,-98.50762,58.8,59.9,61.6
UP,1116SA007,2016-11-11,1:00 PM,Derailment,0,SAN ANTONIO,TX,75,2,Day,Clear,Yard,Yard/switching,4,10000,10000,20000,H307,29.321176,-98.645781,64,64.1,66.9
UP,0122SX001,2022-01-03,5:30 PM,Derailment,0,SAN ANTONIO,TX,55,2,Day,Clear,Yard,Yard/switching,10,32722,55101,87823,H707,29.372438,-98.560651,41.1,41.3,51.6
UP,1118SA035,2018-11-29,12:35 AM,Derailment,0,SAN ANTONIO,TX,56,4,Dark,Cloudy,Yard,Yard/switching,5,9380,7156,16536,T314,29.435688,-98.469887,56.2,60.2,69.9
UP,1216SA004,2016-12-05,6:25 PM,Derailment,0,SAN ANTONIO,TX,45,4,Dark,Clear,Yard,Light loco(s),3,18620,2000,20620,T207,29.367746,-98.564746,52.1,50.8,53.1
UP,0118SA010,2018-01-18,6:45 PM,Derailment,0,SAN ANTONIO,TX,48,3,Dusk,Clear,Yard,Freight Train,7,47190,24152,71342,T207,29.374078,-98.559572,31.6,39.8,45.7
UP,0319SX002,2019-03-06,6:05 AM,Derailment,0,SAN ANTONIO,TX,36,1,Dawn,Cloudy,Yard,Freight Train,9,12175,764,12939,T207,29.370881,-98.562108,39.2,46.4,59.3
UP,0717SA019,2017-07-23,5:00 PM,Derailment,0,SAN ANTONIO,TX,97,2,Day,Clear,Main,Freight Train,21,1013031,77852,1090883,T102,29.345105,-98.457982,87.9,86.7,88.2
UP,0822SX009,2022-08-15,3:00 PM,Derailment,0,SAN ANTONIO,TX,88,2,Day,Cloudy,Yard,Yard/switching,4,79918,5514,85432,T106,29.436038,-98.465834,81.7,79.7,84.9
UP,1215SA006,2015-12-04,12:11 AM,Derailment,0,SAN ANTONIO,TX,41,4,Dark,Clear,Main,Freight Train,29,254157,142789,396946,T207,29.366251,-98.469834,49.4,48.7,51.2
UP,0423SX005,2023-04-06,6:45 PM,Derailment,0,SAN ANTONIO,TX,54,3,Dusk,Rain,Yard,Yard/switching,7,27195,6600,33795,T106,29.370751,-98.561942,72.8,53.8,53.3
UP,1115SA005,2015-11-04,8:48 AM,Derailment,0,SAN ANTONIO,TX,78,2,Day,Clear,Main,Freight Train,9,7926,6212,14138,T303,29.348933,-98.581431,68.7,72.2,79.5
UP,0523SX032,2023-05-25,5:00 PM,Derailment,0,SAN ANTONIO,TX,84,2,Day,Clear,Industry,Yard/switching,2,15589,4400,19989,T110,29.542682,-98.426008,77.3,77.4,78.2
UP,0715SA007,2015-07-10,10:00 AM,Derailment,0,SAN ANTONIO,TX,78,2,Day,Clear,Industry,Freight Train,4,7734,3857,11591,T110,29.376214,-98.47605,83.1,83,82.4
UP,1122SX015,2022-11-11,9:00 PM,Derailment,0,SAN ANTONIO,TX,49,4,Dark,Clear,Industry,Yard/switching,3,18292,150,18442,T110,29.442524,-98.432044,74.2,65.5,51
AGCR,05162015,2015-05-16,5:35 PM,Derailment,0,SAN ANTONIO,TX,83,2,Day,Cloudy,Yard,Freight Train,6,8000,20000,28000,T109,29.603736,-98.594534,71.7,76.5,76.1
BNSF,RD0817205,2017-08-21,10:35 AM,Hwy-rail crossing,1,SAN AUGUSTINE,TX,88,2,Day,Cloudy,Main,Freight Train,21,1289638,76304,1365942,M308,31.588315,-94.112408,83.9,83.4,83.3
BNSF,RD0918110,2018-09-07,8:50 AM,Derailment,0,SAN AUGUSTINE,TX,90,1,Dawn,Clear,Main,Freight Train,22,320226,48253,368479,M405,31.483258,-94.114628,81.5,80.3,77.7
TIBR,160514001,2016-05-14,4:15 PM,Derailment,0,SAN AUGUSTINE,TX,84,2,Day,Clear,Main,Freight Train,20,20000,56000,76000,T205,31.290213,-94.070204,73.9,71.2,68.7
KCS,19040402,2019-04-04,10:50 PM,Hwy-rail crossing,0,SAN DIEGO,TX,68,4,Dark,Clear,Main,Freight Train,16,10000,1341,11341,M308,27.765035,-98.234026,66.6,72.7,73.3
UP,0320SX017,2020-03-13,5:11 PM,Hwy-rail crossing,0,SAN MARCOS,TX,83,2,Day,Clear,Main,Freight Train,46,0,20260,20260,M302,29.858794,-97.957794,74.2,73.7,75.5
UP,1019SX011,2019-10-10,5:51 AM,Hwy-rail crossing,0,SAN MARCOS,TX,78,1,Dawn,Cloudy,Main,Freight Train,25,3871,19750,23621,M304,29.789758,-98.043015,78.8,84.4,60.4
UP,1217SA016,2017-12-18,7:46 PM,Hwy-rail crossing,0,SAN MARCOS,TX,56,4,Dark,Fog,Main,,0,0,850,20305,M302,29.859254,-97.957223,48.7,53.6,63.6
UP,0717SA008,2017-07-10,6:00 PM,Obstruction,0,SAN MARCOS,TX,100,2,Day,Cloudy,Main,Freight Train,26,0,13033,13033,M404,29.822026,-98.003348,86,85,85.3
ATK,151016,2017-12-18,7:46 PM,Hwy-rail crossing,0,SAN MARCOS,TX,56,4,Dark,Fog,Main,Passenger Train - Pulling,50,19455,0,20305,M302,29.859911,-97.956389,48.7,53.6,63.6
UP,0621SX005,2021-06-06,11:45 AM,Derailment,0,SAN MARCOS,TX,80,2,Day,Cloudy,Main,Freight Train,22,637905,653172,1291077,T001,29.818697,-98.006949,73.2,77.8,82.4
UP,0818ST008,2018-08-11,10:00 PM,Fire/violent rupture,0,SAN SIMON,AZ,85,4,Dark,Cloudy,Main,Freight Train,45,326281,746,327027,E74L,32.241742,-109.097363,81.6,82.1,80.6
UP,0324LA023,2024-03-15,6:15 PM,Derailment,0,SAN SIMON,AZ,62,3,Dusk,Rain,Main,Freight Train,42,15191,115450,130641,E53C,32.24358,-109.115195,55.2,57.8,49.9
SSR,SSRC182190,2018-07-19,1:15 PM,Raking collision,0,SAND SPRINGS,OK,101,2,Day,Clear,Yard,Freight Train,2,49000,0,49000,H018,36.081254,-96.06601,81.8,88.5,92.9
BNSF,SW0522201,2022-05-01,1:40 PM,Hwy-rail crossing,0,SANDERS,AZ,60,2,Day,Clear,Main,Freight Train,70,1200,20000,21200,M303,35.122795,-109.536823,52.9,57.9,58.5
SAN,07292022,2022-07-29,6:30 AM,Derailment,0,SANDERSVILLE,GA,77,1,Dawn,Clear,Yard,Yard/switching,8,26425,1250,27675,H318,32.962849,-82.794012,83.5,84.4,81.9
ATK,174638,2023-05-05,12:41 PM,Hwy-rail crossing,0,SANDERSVILLE,MS,76,2,Day,Clear,Main,Passenger Train - Pulling,76,400,0,400,M303,31.786524,-89.034466,65.7,68.6,70.1
SAN,09042019,2019-09-04,9:45 AM,Hwy-rail crossing,0,SANDERSVILLE,GA,85,2,Day,Clear,Main,Freight Train,19,11000,97,11097,M304,33.00073,-82.83596,79.3,81.3,83.8
BNSF,MT0320109,2020-03-13,11:41 PM,Obstruction,0,SANDPOINT,ID,21,4,Dark,Snow,Main,,0,0,0,13692,M404,48.330631,-116.560257,33,29,17.4
MRL,2020112,2020-12-08,9:00 AM,Other (describe in narrative),0,SANDPOINT,ID,32,2,Day,Clear,Main,Freight Train,28,0,0,0,H221,48.278435,-116.546041,27.3,33.7,34.5
BNSF,MT1122201,2022-11-08,6:00 PM,Hwy-rail crossing,0,SANDPOINT,ID,25,3,Dusk,Clear,Main,Freight Train,45,1100,25000,26100,M308,48.42929,-116.493208,24.5,27.4,27.6
BNSF,MT1120201,2020-11-03,6:35 AM,Hwy-rail crossing,0,SANDPOINT,ID,35,1,Dawn,Cloudy,Main,Freight Train,51,39580,130943,170523,M302,48.42929,-116.493208,36.1,36.7,52.7
BNSF,NW1116110,2016-11-16,9:50 PM,Derailment,0,SANDPOINT,ID,36,4,Dark,Cloudy,Main,Freight Train,24,1359,275000,276359,E61C,48.237358,-116.524562,43.2,36.3,34
CSX,000167252,2017-02-09,11:10 AM,Obstruction,0,SANDSTON,VA,45,2,Day,Cloudy,Main,,0,0,0,13000,M404,37.485357,-77.278438,63.3,43.3,32.4
ATK,146415,2017-02-09,11:10 AM,Obstruction,0,SANDSTON,VA,45,2,Day,Rain,Main,Passenger Train - Pulling,70,13000,0,13000,M404,37.485291,-77.27836,63.3,43.3,32.4
CSX,000179700,2018-11-06,1:06 PM,Fire/violent rupture,0,SANDSTONE,WV,77,2,Day,Clear,Main,Freight Train,30,30000,0,30000,E74L,37.730431,-80.898543,51.8,56,48.1
CSX,000217594,2024-04-23,10:00 PM,Derailment,0,SANDSTONE,WV,68,4,Dark,Clear,Main,Freight Train,20,17198,0,17198,E51C,37.751444,-80.915486,44.6,53.6,57
CSX,000210247,2023-03-08,4:47 AM,Derailment,0,SANDSTONE,WV,27,4,Dark,Clear,Main,Freight Train,47,2003799,212778,2216577,M404,37.763656,-80.894515,46.1,34.1,42.1
ATK,162105,2019-11-27,8:47 PM,Obstruction,0,SANDSTONE,MI,36,4,Dark,Rain,Main,Passenger Train - Pulling,77,22933,0,22933,M404,42.258492,-84.56282,43.9,43.5,34.7
NS,118643,2015-11-27,6:50 PM,Other (describe in narrative),0,SANDUSKY,OH,51,3,Dusk,Clear,Yard,Cut of cars,2,36000,0,36000,M407,41.29052,-82.788126,55.1,52.3,37
NS,151570,2022-11-27,4:25 PM,Other (describe in narrative),0,SANDUSKY,OH,38,3,Dusk,Rain,Yard,Freight Train,5,7000,4619,11619,H306,41.435807,-82.740192,41.6,44.5,40.1
NS,116437,2015-07-09,12:48 PM,Hwy-rail crossing,0,SANDUSKY,OH,72,2,Day,Rain,Main,Freight Train,51,10193,4800,14993,M303,41.436267,-82.674369,63.8,67,68
NS,153601,2023-07-12,3:40 PM,Other (describe in narrative),0,SANDUSKY,OH,75,2,Day,Cloudy,Yard,Light loco(s),4,12200,1000,13200,H702,41.435807,-82.740192,75.9,72.4,71.1
NS,125249,2017-05-29,6:26 PM,Derailment,0,SANDUSKY,OH,68,3,Dusk,Clear,Yard,Freight Train,7,2000,43325,45325,M204,41.435805,-82.740191,64.8,70.9,69.4
NS,155256,2024-01-06,8:01 PM,Other (describe in narrative),0,SANDUSKY,OH,36,4,Dark,Rain,Yard,Freight Train,5,7300,104124,111424,H702,41.409424,-82.743993,26.4,32.8,33.6
NS,151086,2022-10-08,4:30 PM,Derailment,1,SANDUSKY,OH,55,3,Dusk,Clear,Main,EMU,31,1768698,503572,2272270,E54L,41.437439,-82.686554,51.2,48.2,51.7
ATK,140620,2015-12-31,3:20 PM,Derailment,0,SANFORD,FL,5,2,Day,Clear,Yard,Light loco(s),2,14700,0,14700,H303,28.807255,-81.289228,74.8,76.1,74.9
ATK,144913,2016-11-02,2:55 PM,Derailment,0,SANFORD,FL,85,2,Day,Clear,Yard,Passenger Train - Pulling,5,42078,6000,48078,H305,28.807276,-81.288569,73,75.6,73.1
CSX,000192911,2020-09-28,10:05 AM,Derailment,0,SANFORD,FL,82,2,Day,Clear,Yard,Freight Train,0,0,0,38261,E85C,28.819004,-81.306789,81.3,77.6,77.6
CFRC,20231,2020-08-18,2:25 AM,Derailment,0,SANFORD,FL,77,4,Dark,Clear,Yard,,0,0,3000,69835,T221,28.827988,-81.321705,80.9,79.2,80.8
ATK,139366,2015-09-24,9:19 AM,Derailment,0,SANFORD,FL,80,2,Day,Cloudy,Yard,Light loco(s),4,60000,1000,61000,H303,28.80716,-81.28956,79.1,78,78.2
CSX,000192083,2020-08-18,2:25 AM,Derailment,0,SANFORD,FL,77,4,Dark,Clear,Yard,Freight Train,5,66335,500,69835,T221,28.828082,-81.321649,80.9,79.2,80.8
ATW,ATW582923D,2023-10-26,2:06 PM,Derailment,0,SANFORD,NC,72,2,Day,Clear,Yard,Yard/switching,4,42133,0,42133,H704,35.506528,-79.20628,54.9,60.9,63.1
IC,925049,2017-06-06,7:35 AM,Derailment,0,SANFORD,MS,77,2,Day,Rain,Main,Freight Train,42,63802,116880,180682,T002,31.448918,-89.403637,76.4,73.8,75.3
NS,129198,2017-04-25,3:59 PM,Derailment,0,SANFORD,NC,65,2,Day,Cloudy,Yard,Freight Train,0,0,8000,11150,T110,35.556882,-79.237539,54.7,60.3,67.4
ATW,ATW034817,2017-04-25,3:59 PM,Derailment,0,SANFORD,NC,65,2,Day,Cloudy,Yard,Freight Train,7,3150,0,11150,T110,35.556882,-79.237539,54.7,60.3,67.4
BNSF,RD0916208,2016-09-30,2:01 PM,Hwy-rail crossing,0,SANGER,TX,85,2,Day,Clear,Main,Freight Train,40,6000,10000,16000,M302,33.362136,-97.169237,65,63.7,67.9
BNSF,RD0623204,2023-06-15,12:30 PM,Hwy-rail crossing,0,SANGER,TX,90,2,Day,Clear,Main,Freight Train,40,3000,25000,28000,M302,33.323049,-97.167765,78.9,82.2,79.1
BNSF,RD0219202,2019-02-14,9:39 AM,Hwy-rail crossing,0,SANGER,TX,60,2,Day,Clear,Main,Freight Train,37,4000,16000,20000,M302,33.323049,-97.167765,48.2,61.7,50.3
BNSF,RD0321205,2021-03-15,1:24 PM,Hwy-rail crossing,0,SANGER,TX,79,2,Day,Clear,Main,Freight Train,35,1500,20000,21500,M302,33.323049,-97.167765,60.7,59.9,63.9
BNSF,RD0118204,2018-01-16,7:00 PM,Hwy-rail crossing,0,SANGER,TX,22,3,Dusk,Clear,Main,Freight Train,43,25000,25000,50000,M302,33.420169,-97.162969,38.5,19.9,18.5
BNSF,RD0717202,2017-07-18,7:40 PM,Hwy-rail crossing,0,SANGER,TX,90,3,Dusk,Clear,Main,Freight Train,52,500,30000,30500,M302,33.437372,-97.159094,84.5,85.9,86.6
BNSF,TX0815200,2015-08-07,4:40 PM,Hwy-rail crossing,0,SANGER,TX,100,2,Day,Clear,Main,Freight Train,54,20000,104634,124634,M302,33.362136,-97.169237,90.8,90.2,89
NS,143439,2021-11-12,7:45 AM,Derailment,0,SANKERTOWN,PA,40,1,Dawn,Clear,Main,Freight Train,11,162782,48035,210817,H507,40.474316,-78.582024,52.1,50,37.7
NS,114715,2015-03-06,11:30 PM,Derailment,0,SANKERTOWN,PA,10,4,Dark,Cloudy,Yard,Light loco(s),5,120,14256,14376,H702,40.466877,-78.588003,17.3,11.1,29.1
NS,136137,2019-11-09,2:18 AM,Derailment,0,SANKERTOWN,PA,19,4,Dark,Clear,Yard,Freight Train,6,226,46327,46553,T110,40.474398,-78.581959,28.3,29.4,43.9
HOS,001,2021-11-29,8:45 AM,Derailment,0,SANTA CLAUS,IN,34,2,Day,Clear,Main,,0,0,9759,78759,H602,38.107134,-86.975507,39.3,35.9,43
ORSR,001,2021-11-29,8:45 AM,Derailment,0,SANTA CLAUS,IN,34,2,Day,Clear,Main,Passenger Train - Pulling,7,69000,0,78759,T110,38.107134,-86.975507,39.3,35.9,43
BNSF,RD0418125,2018-04-27,5:30 PM,Derailment,0,SANTA FE,TX,75,3,Dusk,Clear,Siding,Freight Train,9,52663,8200,60863,T319,29.400611,-95.17246,66.3,68,69.9
NMRX,20180823,2018-08-23,6:19 AM,Derailment,0,SANTA FE,NM,68,1,Dawn,Clear,Main,Commuter Train - Pushing,6,21800,14135,35935,T111,35.683879,-105.94707,64.1,66.6,70.9
UP,1116ST007,2016-11-22,6:45 AM,Derailment,0,SANTA ROSA,NM,31,1,Dawn,Clear,Main,Freight Train,44,764998,467406,1232404,E60C,35.004463,-104.523203,53,48.4,43.8
UP,0922HL016,2022-09-16,9:39 PM,Obstruction,0,SANTA ROSA,NM,75,4,Dark,Clear,Main,Freight Train,43,11353,0,11353,M501,34.996061,-104.54076,72.5,73.4,75.2
UP,0324HL015,2024-03-19,6:45 AM,Derailment,0,SANTA ROSA,NM,33,1,Dawn,Clear,Industry,Freight Train,7,56258,1078,57336,H306,34.947749,-104.676465,43.9,47.6,51.4
UP,0819ST008,2019-08-04,4:20 PM,Derailment,0,SANTA ROSA,NM,95,2,Day,Clear,Main,Freight Train,37,540344,364886,905230,T104,34.95472,-104.627164,77.3,75.8,79.6
UP,1114ST010,2014-11-17,1:21 PM,Fire/violent rupture,0,SANTA TERESA,NM,45,2,Day,Clear,Yard,Freight Train,0,14588,0,14588,M406,31.88455,-106.72253,51.4,37,40.6
UP,1215ST006,2015-12-11,7:20 PM,Derailment,0,SANTA TERESA,NM,59,4,Dark,Clear,Yard,Yard/switching,4,500,32369,32869,H995,31.891016,-106.730635,55.7,62.5,48.8
ITSL,ITSL1510,2015-12-11,7:20 PM,Derailment,0,SANTA TERESA,NM,59,4,Dark,Clear,Yard,Yard/switching,4,0,30000,30000,H702,31.891016,-106.730635,55.7,62.5,48.8
UP,0415ST019,2015-04-17,6:42 AM,Fire/violent rupture,0,SANTA TERESA,NM,34,1,Dawn,Clear,Main,Freight Train,48,39456,0,39456,M406,32.091586,-106.981903,67.3,59,63.2
UP,0722ES005,2022-07-05,11:42 AM,Hwy-rail crossing,0,SANTO,TX,96,2,Day,Clear,Main,Spec. MoW Equip.,15,40378,33,40411,M302,32.607439,-98.209447,87.5,90.2,92
UP,0823TO037,2023-08-22,5:57 PM,Derailment,0,SANTO,TX,100,2,Day,Clear,Main,Freight Train,36,23234,5656,28890,E39C,32.576184,-98.239134,94.2,92.2,90.5
NMRX,01042016,2016-04-01,4:30 AM,Rear end collision,0,SANTO DOMINGO PUEBLO,NM,39,4,Dark,Cloudy,Main,Spec. MoW Equip.,0,0,0,59442,M599,35.511364,-106.325735,39.4,38.1,42.7
NMRX,01042016,2016-04-01,4:30 AM,Rear end collision,0,SANTO DOMINGO PUEBLO,NM,39,4,Dark,Cloudy,Main,Spec. MoW Equip.,12,59442,0,59442,M599,35.511364,-106.325735,39.4,38.1,42.7
BNSF,RD0523114,2023-05-20,9:47 AM,Derailment,0,SAPULPA,OK,74,2,Day,Clear,Main,Freight Train,20,46719,156956,203675,E33C,36.005457,-96.100865,64.6,61.8,64.7
TSU,12019,2019-01-28,3:40 PM,Derailment,0,SAPULPA,OK,47,2,Day,Clear,Siding,Freight Train,6,5100,10325,15425,T101,36.001717,-96.103472,41.4,42,31.7
IC,969963,2018-08-17,12:30 PM,Hwy-rail crossing,0,SARAH,MS,84,2,Day,Cloudy,Main,Freight Train,38,720,16693,17413,M399,34.569202,-90.209784,83.2,75.4,75.7
IC,1054648,2020-11-18,12:04 PM,Hwy-rail crossing,0,SARAH,MS,68,2,Day,Clear,Main,Freight Train,33,0,23000,23000,M302,34.569202,-90.209784,48.4,49.1,54.6
NS,120060,2016-04-08,1:40 PM,Hwy-rail crossing,0,SARALAND,AL,78,2,Day,Clear,Main,Freight Train,42,11356,0,11356,M302,30.8238,-88.067336,68.6,66.2,60.6
SGLR,SG202316,2023-02-28,10:48 AM,Derailment,0,SARASOTA,FL,78,2,Day,Clear,Yard,Freight Train,5,0,57550,57550,T109,27.41171,-82.54257,69.3,74.7,73.3
CCET,042301,2023-04-04,3:30 PM,Derailment,0,SARDINIA,OH,63,2,Day,Cloudy,Main,Freight Train,10,250000,250000,500000,T221,39.01315,-83.83204,54.6,63.3,69.9
BNSF,TC0918110,2018-09-22,7:01 AM,Obstruction,0,SARTELL,MN,40,1,Dawn,Clear,Main,Freight Train,50,11000,0,11000,M402,45.621112,-94.200243,51.4,51,59.3
CSX,000161895,2016-08-03,7:45 PM,Derailment,0,SASSAFRAS,KY,82,2,Day,Clear,Industry,Freight Train,7,13979,530,14509,T110,37.221012,-83.056146,73.3,75.4,75
GSWR,GSW733715,2015-07-21,8:40 PM,Other (describe in narrative),0,SASSER,GA,90,3,Dusk,Clear,Yard,Cut of cars,0,65000,0,65000,M501,31.733377,-84.368573,81.6,82.9,81.6
CVR,CVR514172D,2017-05-14,3:35 PM,Derailment,0,SATANTA,KS,95,2,Day,Clear,Main,Freight Train,10,207903,8644,216547,T111,37.404838,-101.026711,64.5,72.5,76.3
CSX,000181988,2019-03-27,6:20 AM,Raking collision,0,SAUGERTIES,NY,25,4,Dark,Clear,Main,Freight Train,45,3116,0,27207,E89C,42.116143,-73.930162,35,35.3,42.8
CSX,000181988,2019-03-27,6:20 AM,Raking collision,0,SAUGERTIES,NY,25,4,Dark,Clear,Main,Freight Train,35,24091,0,27207,E89C,42.116143,-73.930162,35,35.3,42.8
UP,0824MA010,2024-08-09,10:20 PM,Derailment,0,SAUGET,IL,69,4,Dark,Cloudy,Main,Freight Train,2,5045,99250,104295,H518,38.580272,-90.166804,76.3,73.4,69.5
KCS,22090801,2022-09-08,6:30 AM,Derailment,0,SAUGET,IL,65,1,Dawn,Clear,Industry,Yard/switching,3,2173,10749,12922,H210,38.604752,-90.168839,72.3,69.3,69.6
TRRA,22031OR,2022-08-05,6:44 AM,Derailment,0,SAUGET,IL,85,1,Dawn,Clear,Yard,Freight Train,0,0,5191,5191,T207,38.602889,-90.175733,77.5,80,83.3
KCS,20101902,2020-10-19,11:20 AM,Derailment,0,SAUGET,IL,45,2,Day,Rain,Main,Freight Train,1,3667,1776,34604,T110,38.629718,-90.16285,55.5,45.7,51.3