reportingrailroadcode,accidentnumber,date,time,accidenttype,hazmatreleasedcars,station,stateabbr,temperature,visibility_code,visibility,weathercondition,tracktype,equipmenttype,trainspeed,equipmentdamagecost,trackdamagecost,totaldamagecost,primaryaccidentcausecode,latitude,longitude,prior_temp,actual_temp,following_temp
BNSF,TC0523112,2023-05-27,1:10 PM,Derailment,0,SAUK RAPIDS,MN,80,2,Day,Clear,Yard,Freight Train,10,1215258,128000,1343258,T110,45.57695,-94.155096,67.9,67.6,68.9
BNSF,TC0619109,2019-06-18,4:00 PM,Derailment,0,SAUNDERS,WI,58,2,Day,Cloudy,Yard,Freight Train,0,0,45000,106977,T111,46.677174,-92.029294,48.1,51.5,54.9
UP,0822GL034,2022-08-27,11:30 AM,Other impacts,0,SAVAGE,MN,75,2,Day,Rain,Industry,Single Car,0,5620,0,17478,H607,44.782525,-93.354694,69.2,71.6,73.2
UP,1016TC007,2016-10-24,11:29 AM,Derailment,0,SAVAGE,MN,50,2,Day,Clear,Yard,Freight Train,4,10592,15200,25792,E60C,44.779472,-93.337668,50.5,46.3,45.8
UP,0822GL034,2022-08-27,11:30 AM,Other impacts,0,SAVAGE,MN,75,2,Day,Rain,Industry,Freight Train,5,11858,0,17478,H607,44.782525,-93.354694,69.2,71.6,73.2
UP,0915TC010,2015-09-10,10:41 AM,Derailment,0,SAVAGE,MN,67,2,Day,Clear,Industry,Freight Train,4,996,25000,25996,T112,44.779372,-93.352995,62.8,63.3,56.5
CSX,000190298,2020-05-18,6:05 PM,Derailment,0,SAVANNAH,GA,75,2,Day,Clear,Yard,Freight Train,1,10825,1775,12600,H505,32.074536,-81.142501,76.1,76.2,77.3
CSX,000201268,2021-11-11,8:13 AM,Side collision,0,SAVANNAH,GA,62,2,Day,Cloudy,Yard,Yard/switching,7,3000,0,20639,H307,32.027718,-81.14885,57,65.2,65.3
GIMY,GIM821216,2016-01-20,11:30 AM,Derailment,0,SAVANNAH,GA,60,2,Day,Clear,Yard,Yard/switching,8,157202,1000,158202,H704,32.051368,-81.155838,36.5,41.4,51.3
CSX,000147995,2015-04-25,10:40 PM,Obstruction,0,SAVANNAH,GA,65,4,Dark,Clear,Main,,0,0,0,18708,M404,32.018809,-81.198675,66.6,70.6,74.8
CSX,000173443,2017-12-14,6:00 AM,Other impacts,0,SAVANNAH,GA,45,1,Dawn,Clear,Yard,Yard/switching,7,42000,0,42097,H318,32.027718,-81.14885,43.4,50.1,52.7
ATK,137191,2015-04-25,10:40 PM,Obstruction,0,SAVANNAH,GA,60,4,Dark,Rain,Main,Passenger Train - Pulling,44,18708,0,18708,M404,32.018809,-81.198675,66.6,70.6,74.8
CSX,000173443,2017-12-14,6:00 AM,Other impacts,0,SAVANNAH,GA,45,1,Dawn,Clear,Yard,Single Car,7,0,97,42097,H318,32.027718,-81.14885,43.4,50.1,52.7
CSX,000173806,2018-01-03,9:30 PM,Derailment,0,SAVANNAH,GA,26,4,Dark,Snow,Main,,0,0,165,77315,H702,32.086884,-81.151499,28.4,27.5,29.4
GIMY,GIM088917,2017-08-10,1:25 PM,Derailment,0,SAVANNAH,GA,85,2,Day,Clear,Yard,Yard/switching,5,47789,3200,50989,H306,32.068238,-81.14742,76.8,79.6,82.1
ATK,151285,2018-01-03,9:30 PM,Derailment,0,SAVANNAH,GA,26,4,Dark,Clear,Main,Passenger Train - Pushing,5,77150,0,77315,M101,32.076176,-81.088371,28.4,27.5,29.4
GIMY,GIM757215,2015-09-13,11:30 PM,Derailment,0,SAVANNAH,GA,79,4,Dark,Clear,Yard,Freight Train,7,5000,20000,25000,E4BC,32.051326,-81.155888,74.7,71.7,69.5
GIMY,GIM854921,2021-10-11,4:00 PM,Derailment,0,SAVANNAH,GA,78,2,Day,Clear,Main,Yard/switching,5,50000,0,331415,H993,32.063426,-81.134421,72.2,72.8,71.3
GSWY,GIW715915R,2015-03-24,7:10 PM,Derailment,0,SAVANNAH,GA,61,3,Dusk,Cloudy,Industry,Yard/switching,5,7468,11417,18885,M599,32.080424,-81.028205,57.5,59.6,64.9
CSX,000178050,2018-05-31,2:20 PM,Fire/violent rupture,0,SAVANNAH,GA,84,2,Day,Cloudy,Main,,0,0,97,15097,E74L,32.069581,-81.147804,77.7,79.5,80.7
CSX,000142306,2015-03-02,1:04 PM,Side collision,0,SAVANNAH,GA,68,2,Day,Clear,Yard,Yard/switching,0,4993,0,62776,H699,32.027669,-81.148944,45.6,58.5,61.2
CSX,000158999,2016-04-12,5:45 AM,Other impacts,0,SAVANNAH,GA,63,1,Dawn,Clear,Yard,Light loco(s),1,23516,100,23616,H306,32.027718,-81.14885,63.8,66.3,63.8
CSX,000185200,2019-09-06,12:05 PM,Side collision,0,SAVANNAH,GA,90,2,Day,Clear,Yard,Single Car,1,22480,0,24176,H310,32.027718,-81.14885,80,81.3,83.1
CSX,000191864,2020-08-08,1:50 PM,Side collision,0,SAVANNAH,GA,95,2,Day,Clear,Yard,Cut of cars,0,55987,0,102936,H021,32.027718,-81.14885,79,81.5,79.2
CSX,000185200,2019-09-06,12:05 PM,Side collision,0,SAVANNAH,GA,90,2,Day,Clear,Yard,Yard/switching,6,1500,196,24176,H310,32.027718,-81.14885,80,81.3,83.1
CSX,000178709,2018-09-10,9:35 PM,Derailment,0,SAVANNAH,GA,78,4,Dark,Clear,Main,Freight Train,38,7415,41129,48544,E44C,32.085652,-81.150597,79.5,79.2,80.8
CSX,000193639,2020-10-29,9:25 AM,Other impacts,0,SAVANNAH,GA,82,2,Day,Cloudy,Yard,Cut of cars,0,0,2000,42000,H702,32.027718,-81.14885,77.9,78.3,64.1
CSX,000191864,2020-08-08,1:50 PM,Side collision,0,SAVANNAH,GA,95,2,Day,Clear,Yard,Yard/switching,5,46503,446,102936,H021,32.027718,-81.14885,79,81.5,79.2
GC,GCR557820,2020-02-23,12:15 PM,Derailment,0,SAVANNAH,GA,56,2,Day,Cloudy,Yard,Yard/switching,5,8783350,0,8783350,H704,32.080385,-81.132724,41.7,48.6,60
CSX,000199434,2021-08-12,6:00 AM,Derailment,0,SAVANNAH,GA,87,1,Dawn,Clear,Industry,Yard/switching,4,5434,2016,7450,H702,32.092039,-81.131293,83.1,82.1,82
CSX,000163498,2016-10-11,4:59 AM,Derailment,0,SAVANNAH,GA,62,1,Dawn,Clear,Yard,Freight Train,1,84902,153975,238877,H505,32.027669,-81.148943,64,65.4,68.8
NS,139507,2020-10-23,3:40 AM,Derailment,0,SAVANNAH,GA,72,4,Dark,Cloudy,Industry,Freight Train,3,250,49523,49773,M101,32.128767,-81.151344,75.2,74.2,73.3
CSX,000201268,2021-11-11,8:13 AM,Side collision,0,SAVANNAH,GA,62,2,Day,Cloudy,Yard,Yard/switching,10,17639,0,20639,H307,32.027718,-81.14885,57,65.2,65.3
CSX,000205206,2022-05-27,2:30 AM,Side collision,0,SAVANNAH,GA,75,4,Dark,Clear,Yard,Yard/switching,5,400,472,111205,H307,32.02769,-81.148832,79.8,78,78.8
CSX,000209281,2023-01-13,10:12 PM,Side collision,0,SAVANNAH,GA,40,4,Dark,Clear,Yard,Light loco(s),0,2170,0,124543,H306,32.02769,-81.148832,63.2,53.4,42.2
NS,142152,2021-07-10,9:15 AM,Derailment,0,SAVANNAH,GA,77,2,Day,Clear,Yard,Yard/switching,6,2080,47512,49592,E04C,32.083673,-81.136552,82.2,77.4,79.3
NS,151348,2022-11-02,3:00 AM,Other (describe in narrative),0,SAVANNAH,GA,56,4,Dark,Cloudy,Yard,Yard/switching,5,21300,400,86599,H702,32.079082,-81.1204,71.4,65.9,66.4
CSX,000209430,2023-01-22,10:05 AM,Other impacts,0,SAVANNAH,GA,54,2,Day,Rain,Yard,Single Car,9,30415,0,65249,E30C,32.02769,-81.148832,52.3,54.8,53.4
CSX,000209281,2023-01-13,10:12 PM,Side collision,0,SAVANNAH,GA,40,4,Dark,Clear,Yard,Yard/switching,5,122245,128,124543,H306,32.02769,-81.148832,63.2,53.4,42.2
CSX,000209430,2023-01-22,10:05 AM,Other impacts,0,SAVANNAH,GA,54,2,Day,Rain,Yard,Cut of cars,2,34834,0,65249,E30C,32.02769,-81.148832,52.3,54.8,53.4
CSX,000205206,2022-05-27,2:30 AM,Side collision,0,SAVANNAH,GA,75,4,Dark,Clear,Yard,Yard/switching,5,110333,0,111205,H307,32.02769,-81.148832,79.8,78,78.8
NS,145798,2022-07-09,5:36 AM,Other impacts,0,SAVANNAH,GA,80,1,Dawn,Clear,Yard,Single Car,0,500,0,18520,H312,32.083673,-81.136552,79.7,79.8,78.8
NS,145798,2022-07-09,5:36 AM,Other impacts,0,SAVANNAH,GA,80,1,Dawn,Clear,Yard,Single Car,5,500,17520,18520,H312,32.083673,-81.136552,79.7,79.8,78.8
CSX,000168280,2017-04-15,11:48 AM,Derailment,0,SAVANNAH,GA,80,2,Day,Clear,Main,Freight Train,17,23930,0,23930,S013,32.06355,-81.13451,70.1,70.3,70
NS,151348,2022-11-02,3:00 AM,Other (describe in narrative),0,SAVANNAH,GA,56,4,Dark,Cloudy,Yard,Yard/switching,5,59588,5311,86599,H702,32.079082,-81.1204,71.4,65.9,66.4
GIMY,GIM881921,2021-12-04,11:40 PM,Side collision,0,SAVANNAH,GA,55,4,Dark,Clear,Yard,Single Car,0,45914,0,45914,H306,32.066275,-81.148762,60.9,60.7,59.3
NS,145848,2022-07-15,5:02 AM,Other impacts,0,SAVANNAH,GA,80,1,Dawn,Clear,Yard,Single Car,5,500,17689,18587,H312,32.083673,-81.136552,81,78.4,79.7
NS,145656,2022-06-24,12:00 PM,Other impacts,0,SAVANNAH,GA,91,2,Day,Clear,Yard,Cut of cars,0,2250,0,116909,H312,32.083673,-81.136552,85.5,82.3,81.6
NS,145848,2022-07-15,5:02 AM,Other impacts,0,SAVANNAH,GA,80,1,Dawn,Clear,Yard,Single Car,0,398,0,18587,H312,32.083673,-81.136552,81,78.4,79.7
NS,151593,2022-11-29,6:30 AM,Other impacts,0,SAVANNAH,GA,57,1,Dawn,Cloudy,Yard,Yard/switching,5,21849,439,22288,H318,32.079082,-81.1204,60.2,59.6,65.7
NS,145656,2022-06-24,12:00 PM,Other impacts,0,SAVANNAH,GA,91,2,Day,Clear,Yard,Single Car,5,114359,300,116909,H312,32.083673,-81.136552,85.5,82.3,81.6
SVHO,230109001,2023-01-09,6:30 AM,Other impacts,0,SAVANNAH,GA,54,4,Dark,Clear,Yard,Single Car,0,28831,0,33017,H302,32.076849,-81.070869,53.5,55.5,50.6
CSX,000200621,2021-10-11,4:00 PM,Derailment,0,SAVANNAH,GA,78,2,Day,Clear,Main,Freight Train,12,242025,39390,331415,H993,32.063426,-81.134421,72.2,72.8,71.3
GC,GCR981422,2022-06-23,8:25 AM,Derailment,0,SAVANNAH,GA,90,2,Day,Clear,Yard,Yard/switching,2,11530,500,12030,E46C,32.076651,-81.119907,82.3,85.5,82.3
SVHO,230109001,2023-01-09,6:30 AM,Other impacts,0,SAVANNAH,GA,54,4,Dark,Clear,Yard,Yard/switching,5,4186,0,33017,H302,32.076849,-81.070869,53.5,55.5,50.6
NS,153185,2023-05-26,1:00 PM,Other (describe in narrative),0,SAVANNAH,GA,65,2,Day,Cloudy,Yard,Single Car,0,51493,1524,53017,H995,32.080316,-81.115315,70.3,66.5,57.2
CSX,000217111,2024-03-31,9:00 PM,Derailment,0,SAVANNAH,GA,62,4,Dark,Clear,Yard,Yard/switching,2,55683,3455,59138,H306,32.02769,-81.148832,62.8,67.7,71.9
NS,146161,2022-08-12,2:30 PM,Other impacts,0,SAVANNAH,GA,88,2,Day,Clear,Yard,Yard/switching,5,1000,22042,23042,M411,32.083673,-81.136552,77,78.2,78.1
CSX,000183970,2019-07-07,4:48 PM,Obstruction,0,SAVANNAH,NY,86,3,Dusk,Cloudy,Main,,0,0,0,12875,M402,43.066452,-76.802252,76.4,70,67.1
RSOR,RSO218818,2018-05-31,2:20 PM,Fire/violent rupture,0,SAVANNAH,GA,84,2,Day,Cloudy,Main,Freight Train,15,15000,0,15097,E74L,32.069581,-81.147804,77.7,79.5,80.7
CSX,000142306,2015-03-02,1:04 PM,Side collision,0,SAVANNAH,GA,68,2,Day,Clear,Yard,Yard/switching,7,39283,18500,62776,H699,32.027669,-81.148944,45.6,58.5,61.2
GC,GCR787515,2015-11-12,2:25 AM,Derailment,0,SAVANNAH,GA,57,4,Dark,Clear,Yard,Freight Train,5,12829,10000,22829,E64C,32.078316,-81.125426,61.9,67.1,61.3
CSX,000180170,2018-12-04,6:26 PM,Derailment,0,SAVANNAH,GA,55,4,Dark,Clear,Main,Freight Train,20,105564,37480,143044,E53C,32.114857,-81.171142,64.3,53.2,43.7
CSX,000219579,2024-07-28,9:00 PM,Derailment,0,SAVANNAH,GA,80,4,Dark,Clear,Yard,Yard/switching,7,21146,1468,22614,H601,32.02769,-81.148832,81.5,82,80.9
NS,142288,2021-07-20,4:03 PM,Derailment,0,SAVANNAH,GA,82,3,Dusk,Clear,Yard,Freight Train,6,2750,14355,17105,T207,32.083673,-81.136552,77,77.8,79.9
SVHO,220916009,2022-09-16,11:00 PM,Derailment,0,SAVANNAH,GA,70,4,Dark,Clear,Yard,Yard/switching,9,36500,1200,37700,T319,32.075249,-81.064539,75,75,75.7
NS,155121,2023-12-20,6:30 AM,Derailment,0,SAVANNAH,GA,30,1,Dawn,Clear,Yard,Yard/switching,2,450,18483,18933,T207,32.084561,-81.131567,43.1,41.5,45.2
NS,113489,2014-12-17,6:20 PM,Derailment,0,SAVANNAH,GA,72,3,Dusk,Clear,Industry,Yard/switching,5,12787,300,13087,T314,32.085938,-81.105972,57.7,51.7,48.4
CSX,000155106,2015-12-12,11:25 AM,Derailment,0,SAVANNAH,GA,69,2,Day,Clear,Yard,Single Car,0,0,0,27100,T311,32.056332,-81.152394,59.9,60.9,63.7
CSX,000155106,2015-12-12,11:25 AM,Derailment,0,SAVANNAH,GA,69,2,Day,Clear,Yard,Freight Train,8,0,100,27100,T311,32.056332,-81.152394,59.9,60.9,63.7
GIMY,GIM803215,2015-12-12,11:30 AM,Derailment,0,SAVANNAH,GA,74,2,Day,Clear,Yard,Freight Train,0,0,27000,27100,T311,32.056332,-81.152394,59.9,60.9,63.7
GC,GCR807915,2015-12-27,12:10 PM,Derailment,0,SAVANNAH,GA,75,2,Day,Cloudy,Yard,Yard/switching,4,11894,14000,25894,T202,32.077427,-81.122666,71.3,71.2,72.6
KO,210428003,2021-04-28,6:50 AM,Derailment,0,SAWYER,KS,64,1,Dawn,Clear,Industry,Freight Train,4,2000,10558,12558,H312,37.496753,-98.679419,69.2,62.7,64.4
CP,1000971076,2019-04-10,3:00 AM,Derailment,0,SAWYER,ND,21,4,Dark,Cloudy,Main,Freight Train,50,107065,6976,114041,E33C,48.147366,-101.147707,33.8,26.4,31.2
NS,151689,2022-12-12,1:45 AM,Other (describe in narrative),0,SAXON,SC,46,4,Dark,Fog,Yard,Cut of cars,3,8928,44059,52987,H702,34.961144,-81.957403,47.5,48.2,41.5
NS,136694,2019-12-31,11:31 PM,Hwy-rail crossing,0,SAXON,SC,42,4,Dark,Clear,Main,,0,0,0,22239,M303,34.95661,-81.997239,60.2,45.9,42
NS,125118,2017-05-19,12:10 AM,Derailment,0,SAXON,SC,73,4,Dark,Clear,Yard,Freight Train,4,12407,200,12607,H307,34.961175,-81.957445,72.7,75.4,74.8
NS,157358,2024-07-13,9:31 AM,Other (describe in narrative),0,SAXON,SC,82,2,Day,Clear,Yard,Freight Train,5,56100,9500,65600,H702,34.961144,-81.957403,79.8,80.3,82.3
NS,145306,2022-05-19,10:50 AM,Other (describe in narrative),0,SAXON,SC,88,2,Day,Clear,Yard,Freight Train,2,20315,64435,84750,H702,34.961143,-81.957403,71.5,77.9,79.4
NS,121961,2016-09-06,6:10 PM,Derailment,0,SAXON,SC,72,3,Dusk,Clear,Yard,Yard/switching,8,4743,7392,12135,E09L,34.961144,-81.957402,73.9,75.5,77.2
NS,129945,2018-06-24,4:33 PM,Derailment,0,SAXON,SC,98,3,Dusk,Clear,Yard,Freight Train,10,72849,1258,74107,H518,34.961175,-81.957445,75.9,78.8,76.7
NS,137247,2020-02-20,10:15 PM,Derailment,0,SAXON,SC,37,4,Dark,Cloudy,Yard,Freight Train,5,15000,1956,16956,T399,34.961175,-81.957445,51.1,38.9,35.5
LI,82162,2024-03-22,3:18 AM,Obstruction,0,SAYVILLE,NY,29,4,Dark,Clear,Siding,Spec. MoW Equip.,5,12601,0,12601,H607,40.7405,-73.09192,34.7,33.8,45.3
NS,130567,2018-08-13,7:20 PM,Derailment,0,SCALP LEVEL,PA,72,3,Dusk,Cloudy,Industry,Freight Train,9,16248,0,16248,T207,40.249442,-78.838111,69.6,65.8,64.2
KYLE,KYL798324D,2024-05-16,7:00 AM,Derailment,0,SCANDIA,KS,60,1,Dawn,Clear,Yard,Freight Train,5,0,100000,100000,E40C,39.787054,-97.787054,65.5,66.2,72
KYLE,KYL900616D,2016-03-01,10:45 PM,Derailment,0,SCANDIA,KS,34,4,Dark,Clear,Main,Freight Train,5,92000,800,92800,H511,39.787026,-97.786674,49,32.9,44.8
PNWR,PNW964816G,2016-05-05,8:39 AM,Hwy-rail crossing,0,SCAPPOOSE,OR,59,2,Day,Clear,Main,Freight Train,10,463,11120,11583,M302,45.780235,-122.873619,56.4,60.5,68.1
GRS,20220603W1,2022-06-03,4:25 PM,Derailment,0,SCHAGHTICOKE,NY,80,2,Day,Clear,Main,Freight Train,25,25000,191000,216000,T106,42.88584,-73.63506,69.5,69,65.5
NS,156178,2024-03-28,1:32 AM,Other (describe in narrative),0,SCHENECTADY,NY,45,4,Dark,Rain,Yard,Cut of cars,0,12000,0,46150,H702,42.814066,-73.942703,43.6,44,41.9
NS,156178,2024-03-28,1:32 AM,Other (describe in narrative),0,SCHENECTADY,NY,45,4,Dark,Rain,Yard,Freight Train,4,14150,20000,46150,H702,42.814066,-73.942703,43.6,44,41.9
CSX,000212721,2023-08-04,7:59 AM,Derailment,0,SCHENECTADY,NY,70,1,Dawn,Clear,Main,Freight Train,40,1216049,373707,1589756,T304,42.901544,-74.089915,69.1,69.3,69.4
NS,146433,2022-09-09,1:00 PM,Obstruction,0,SCHERERVILLE,IN,85,2,Day,Clear,Main,Freight Train,30,0,96000,96000,M404,41.522749,-87.466442,66.9,68.3,70.5
UP,0922SX013,2022-09-15,1:30 PM,Hwy-rail crossing,0,SCHERTZ,TX,87,2,Day,Clear,Main,Freight Train,30,3430,85132,88562,M303,29.552458,-98.269967,79,78.4,82.6
UP,0323SX017,2023-03-21,8:45 AM,Hwy-rail crossing,0,SCHERTZ,TX,59,2,Day,Rain,Main,Freight Train,25,362,25200,25562,M303,29.555307,-98.263684,50.5,62.3,71.8
WC,931690,2017-08-05,4:15 AM,Derailment,0,SCHILLER PARK,IL,80,4,Dark,Clear,Main,Freight Train,10,20000,4164,24164,H218,41.965699,-87.870729,61.4,69.4,70.3
CSX,000188049,2020-01-24,6:22 AM,Derailment,0,SCHILLER PARK,IL,37,1,Dawn,Fog,Yard,Freight Train,7,9676,0,70025,H702,41.974048,-87.870145,32.1,35.2,33
CP,1001163209,2020-01-24,5:22 AM,Derailment,0,SCHILLER PARK,IL,32,4,Dark,Cloudy,Yard,,0,0,4998,70025,H702,41.974048,-87.870145,32.1,35.2,33
WC,1024843,2020-01-24,6:22 AM,Derailment,0,SCHILLER PARK,IL,32,4,Dark,Cloudy,Yard,,0,0,55351,70025,H702,41.974048,-87.870145,32.1,35.2,33
NS,146364,2022-08-30,5:45 PM,Other impacts,0,SCHNEIDER,IN,86,3,Dusk,Clear,Main,Spec. MoW Equip.,0,32000,0,32000,H997,41.188667,-87.478144,73.4,70.5,69.3
NS,146364,2022-08-30,5:45 PM,Other impacts,0,SCHNEIDER,IN,86,3,Dusk,Clear,Main,Spec. MoW Equip.,3,0,0,32000,H997,41.188667,-87.478144,73.4,70.5,69.3
GDLK,210226002,2021-02-26,4:30 PM,Derailment,0,SCHOOLCRAFT,MI,40,3,Dusk,Clear,Main,Freight Train,10,19000,0,19000,E53C,42.094011,-85.632032,30.6,30.5,39.1
MBTA,7016,2016-05-13,9:30 PM,Derailment,0,SCITUATE,MA,50,4,Dark,Rain,Yard,Passenger Train - Pulling,6,13421,1109,14530,H799,42.180582,-70.745966,60.3,60.5,65.6
MBTA,YR202181,2021-10-27,5:32 AM,Other (describe in narrative),0,SCITUATE,MA,51,4,Dark,Rain,Main,Passenger Train - Pushing,45,86819,0,86819,M404,42.215229,-70.769331,59.4,51.2,49.3
MBTA,19207,2019-10-17,5:46 AM,Other impacts,0,SCITUATE,MA,50,1,Dawn,Clear,Main,Passenger Train - Pulling,30,24054,0,267054,M101,42.10074,-70.739867,52,55.6,52.8
UP,0217UT003,2017-02-07,5:30 PM,Derailment,0,SCOFIELD,UT,37,3,Dusk,Snow,Yard,Freight Train,4,61948,0,61948,M101,39.682867,-111.157466,37.1,38.1,42.2
BNSF,TC0915110,2015-09-19,6:18 AM,Derailment,3,SCOTLAND,SD,45,1,Dawn,Fog,Main,Freight Train,10,699748,1107649,1807397,T207,43.088747,-97.676927,55.3,54.8,65
KO,IN190430,2019-04-30,3:00 PM,Derailment,0,SCOTT CITY,KS,52,2,Day,Clear,Main,Freight Train,3,5000,12900,17900,T220,38.487228,-100.909671,51.9,42.4,44.2
SWP,191114SWP,2019-11-14,12:55 PM,Derailment,0,SCOTTDALE,PA,0,2,Day,Clear,Siding,Single Car,0,40455,0,40455,M502,40.07869,-79.602796,20.1,31.8,34.5
BNSF,PR0918205,2018-09-25,8:45 AM,Hwy-rail crossing,0,SCOTTSBLUFF,NE,51,1,Dawn,Clear,Main,Freight Train,25,19870,366,20236,M308,41.843265,-103.618055,59.9,52.3,53.9
BNSF,PR1220110,2020-12-31,4:50 PM,Derailment,0,SCOTTSBLUFF,NE,33,2,Day,Clear,Main,Freight Train,45,57000,80200,137200,E51C,41.844405,-103.621672,15.8,26,28.5
BNSF,PR0123202,2023-01-07,3:14 AM,Hwy-rail crossing,0,SCOTTSBLUFF,NE,43,4,Dark,Clear,Main,Freight Train,45,2656,22000,24656,M302,41.861923,-103.665622,24.2,27.3,22.2
BNSF,PR0123112,2023-01-22,6:19 AM,Derailment,0,SCOTTSBLUFF,NE,20,1,Dawn,Clear,Yard,Freight Train,3,12000,73665,85665,H607,41.850115,-103.639795,26,28,28
BNSF,PR1214103,2014-12-15,10:01 PM,Derailment,0,SCOTTSBLUFF,NE,13,4,Dark,Clear,Main,Freight Train,3,31520,1000,32520,H307,41.853182,-103.650003,31.6,25.7,12.8
BNSF,PR0422102,2022-04-06,4:37 AM,Derailment,0,SCOTTSBLUFF,NE,33,1,Dawn,Clear,Yard,Freight Train,7,18500,4049,22549,H702,41.850495,-103.640797,45.2,39.4,40.8
LIRC,030120151,2015-03-01,11:10 PM,Derailment,0,SCOTTSBURG,IN,2,4,Dark,Clear,Siding,Freight Train,9,40000,100000,140000,T111,38.665874,-85.771281,26.4,34.9,33.1
CSX,000169341,2016-10-24,1:18 PM,Fire/violent rupture,0,SCOTTSVILLE,VA,75,2,Day,Clear,Main,Freight Train,40,34005,0,34005,M599,37.765931,-78.557789,56.7,64.2,52.5
BNSF,MT0122103,2022-01-07,12:13 AM,Derailment,0,SCRANTON,ND,-10,4,Dark,Clear,Main,Freight Train,32,17208,2000,19208,E00C,46.166554,-103.204829,-10,6.9,13.9
DL,180601,2018-06-13,8:30 AM,Derailment,0,SCRANTON,PA,65,2,Day,Cloudy,Siding,Freight Train,5,9000,17463,26463,E64L,41.427839,-75.654319,63.7,67.7,69.6
DL,170901,2017-09-29,3:30 PM,Derailment,0,SCRANTON,PA,67,2,Day,Clear,Yard,Freight Train,5,4580,9297,13877,H506,41.413978,-75.673423,64.4,54,52.3
SNCX,1,2019-10-06,9:30 AM,Derailment,0,SCRANTON,PA,55,2,Day,Cloudy,Yard,Light loco(s),5,11472,0,11472,H702,41.40673,-75.668975,48,58.5,61.3
UP,0219GP021,2019-02-07,2:31 PM,Derailment,0,SCRANTON,IA,7,2,Day,Cloudy,Main,Freight Train,40,102999,114708,217707,H503,42.022626,-94.569149,14.1,5.7,0.1
DL,141102,2014-11-28,11:00 AM,Derailment,0,SCRANTON,PA,30,2,Day,Clear,Siding,Freight Train,5,25000,62777,87777,T110,41.41539,-75.66366,29.6,24.5,23.3
DL,170201,2017-02-16,10:20 PM,Derailment,0,SCRANTON,PA,38,4,Dark,Clear,Siding,Yard/switching,5,3537,21556,25093,T110,41.40527,-75.662969,36.1,27.2,28.9
DL,161101,2016-11-25,11:40 AM,Derailment,0,SCRANTON,PA,40,2,Day,Cloudy,Main,Freight Train,9,12000,38600,50600,T110,41.431292,-75.654242,38.3,41.3,39.2
DL,210801,2021-08-28,4:00 PM,Derailment,0,SCRANTON,PA,72,2,Day,Cloudy,Yard,Yard/switching,5,25000,9084,34084,T314,41.430677,-75.654095,75.9,72.3,72.3
DL,240101,2024-01-12,9:45 AM,Derailment,0,SCRANTON,PA,40,2,Day,Clear,Siding,Freight Train,5,2916,110818,113734,T110,41.402927,-75.635515,38.8,39.7,40.3
DL,210701,2021-07-07,4:40 PM,Derailment,0,SCRANTON,PA,89,2,Day,Cloudy,Yard,Freight Train,7,50500,29198,79698,T314,41.410087,-75.672221,76.8,78.6,72.8
CSX,000190672,2020-06-06,12:20 AM,Derailment,1,SCREVEN,GA,73,4,Dark,Cloudy,Main,Freight Train,37,310399,33460,343859,M599,31.485297,-82.017204,78.8,77.2,75.4
CSX,000211548,2023-05-30,10:05 AM,Hwy-rail crossing,0,SCREVEN,GA,85,2,Day,Clear,Main,Freight Train,57,13621,0,13621,M304,31.522295,-81.975612,70.5,73.6,73.4
BNSF,TX1114103,2014-11-09,10:32 AM,Derailment,0,SCULLIN,OK,60,2,Day,Clear,Yard,Freight Train,9,159914,208000,367914,T001,34.466152,-96.841686,54.3,52.2,64.5
UP,0523HO017,2023-05-16,5:15 AM,Derailment,0,SEABROOK,TX,71,1,Dawn,Cloudy,Industry,Yard/switching,5,56933,250,57183,H307,29.604193,-95.031199,79.1,77.3,77.3
ATK,135545,2014-12-11,10:30 AM,Other (describe in narrative),0,SEABROOK,MD,33,2,Day,Clear,Main,Passenger Train - Pulling,115,8559,2000,10559,E78L,38.970103,-76.849022,43.3,38.2,39.8
DCR,190507DCR,2019-05-07,11:10 AM,Derailment,0,SEAFORD,DE,75,2,Day,Clear,Yard,Yard/switching,6,28000,26000,54000,T205,38.636662,-75.616681,58.8,64,63.8
CCHA,CCH102723,2023-02-12,9:59 PM,Derailment,0,SEALE,AL,37,4,Dark,Cloudy,Main,Freight Train,11,5000,102000,107000,E46L,32.338887,-85.053329,49.4,44.4,46.4
BNSF,GC0116103,2016-01-04,1:00 PM,Derailment,0,SEALY,TX,65,2,Day,Clear,Main,,0,0,70349,73949,E64C,29.78093,-96.154636,48.8,46.2,45.8
BNSF,RD0124104,2024-01-06,7:45 AM,Derailment,0,SEALY,TX,51,1,Dawn,Clear,Main,Freight Train,0,0,294087,537280,T110,29.782817,-96.159378,53.8,50.5,51.2
UP,0615SA016,2015-06-17,7:31 AM,Derailment,0,SEALY,TX,74,2,Day,Rain,Industry,Freight Train,9,388818,44825,433643,T002,29.780532,-96.127607,78,79.1,80.2
UP,0116SA002,2016-01-04,1:00 PM,Derailment,0,SEALY,TX,50,2,Day,Clear,Main,Freight Train,8,3600,0,73949,T113,29.78093,-96.154636,48.8,46.2,45.8
BNSF,RD0317108,2017-03-14,12:10 PM,Derailment,0,SEALY,TX,70,2,Day,Clear,Yard,Freight Train,0,0,45550,79934,T110,29.782538,-96.155544,56.7,55.6,59