reportingrailroadcode,accidentnumber,date,time,accidenttype,hazmatreleasedcars,station,stateabbr,temperature,visibility_code,visibility,weathercondition,tracktype,equipmenttype,trainspeed,equipmentdamagecost,trackdamagecost,totaldamagecost,primaryaccidentcausecode,latitude,longitude,prior_temp,actual_temp,following_temp
UP,0124SX003,2024-01-06,7:45 AM,Derailment,0,SEALY,TX,50,2,Day,Clear,Main,Freight Train,3,243193,0,537280,T110,29.775823,-96.153575,53.8,50.5,51.2
UP,0317SA019,2017-03-14,12:19 PM,Derailment,0,SEALY,TX,62,2,Day,Clear,Siding,Freight Train,5,34384,0,79934,T110,29.782538,-96.155544,56.7,55.6,59
BNSF,NW0922110,2022-09-23,10:15 AM,Derailment,0,SEATTLE,WA,68,2,Day,Cloudy,Yard,Freight Train,3,22500,66000,88500,H307,47.645036,-122.381413,61.8,62.2,62.6
BNSF,NW0221108,2021-02-15,5:50 PM,Derailment,0,SEATTLE,WA,39,3,Dusk,Rain,Industry,Light loco(s),3,34720,1000,35720,M101,47.571094,-122.364522,32.5,38,42.2
BNSF,NW0220107,2020-02-10,1:00 PM,Rear end collision,0,SEATTLE,WA,48,2,Day,Clear,Main,Maint./inspect Car,0,100000,0,101500,H402,47.477858,-122.253385,41,41.1,41.7
BNSF,NW0123109,2023-01-09,8:05 PM,Derailment,0,SEATTLE,WA,40,3,Dusk,Rain,Yard,Yard/switching,6,40000,425147,465147,M503,47.57272,-122.336917,43.8,47,47.3
ATK,155863,2018-10-16,9:50 PM,Derailment,0,SEATTLE,WA,49,4,Dark,Clear,Yard,Yard/switching,5,9180,2200,11380,H303,47.58621,-122.32766,53.3,55.2,54.1
BNSF,NW0624109,2024-06-22,3:32 PM,Derailment,0,SEATTLE,WA,72,2,Day,Clear,Yard,Cut of cars,0,1651,0,298335,H607,47.656654,-122.386796,72.6,66.7,62.6
BNSF,NW0919103,2019-09-04,8:40 AM,Derailment,0,SEATTLE,WA,70,1,Dawn,Clear,Yard,Single Car,0,500,0,72523,H306,47.643475,-122.381516,69.5,67,68.8
BNSF,NW0622104,2022-06-09,7:05 PM,Derailment,0,SEATTLE,WA,55,3,Dusk,Rain,Yard,Freight Train,5,3900,25000,28900,E69C,47.497395,-122.274726,62.8,57,61.1
BNSF,NW0821117,2021-08-26,8:00 PM,Derailment,0,SEATTLE,WA,70,3,Dusk,Clear,Yard,Yard/switching,8,11947,10000,21947,M503,47.589693,-122.337151,64.8,63.7,62.2
BNSF,NW1020106,2020-10-09,6:50 PM,Derailment,0,SEATTLE,WA,60,3,Dusk,Clear,Yard,Freight Train,2,70857,20000,90857,H503,47.652811,-122.382669,60.7,62.1,57.9
BNSF,NW0220107,2020-02-10,1:00 PM,Rear end collision,0,SEATTLE,WA,48,2,Day,Clear,Main,Freight Train,45,1500,0,101500,H402,47.477585,-122.253385,41,41.1,41.7
BNSF,NW0120120,2020-01-23,11:15 AM,Derailment,0,SEATTLE,WA,46,2,Day,Rain,Industry,Yard/switching,5,1050,600000,601050,T211,47.55432,-122.346361,46.1,51.6,49.4
ATK,157422,2019-02-01,4:15 AM,Fire/violent rupture,0,SEATTLE,WA,35,4,Dark,Rain,Yard,Light loco(s),0,82229,0,82229,M406,47.597298,-122.32966,46.4,48.1,46.1
BNSF,NW0223106,2023-02-19,8:05 AM,Other impacts,0,SEATTLE,WA,35,1,Dawn,Cloudy,Yard,Yard/switching,0,9106,0,32931,H399,47.588174,-122.337596,43.7,44.7,46.9
BNSF,NW0923104,2023-09-03,10:59 AM,Other (describe in narrative),0,SEATTLE,WA,68,2,Day,Clear,Yard,Yard/switching,3,11937,0,11937,H317,47.641255,-122.381198,71.2,64.9,59.4
UP,0617PD022,2017-06-24,10:00 AM,Other impacts,0,SEATTLE,WA,83,2,Day,Clear,Yard,Cut of cars,2,800,0,11546,H020,47.558702,-122.326463,68.4,74.3,78.6
BNSF,NW0123106,2023-01-08,10:30 AM,Derailment,0,SEATTLE,WA,45,2,Day,Cloudy,Yard,Light loco(s),5,68000,1800,69800,H307,47.6467,-122.381664,45.4,43.8,47
BNSF,NW1214107,2014-12-12,10:35 AM,Derailment,0,SEATTLE,WA,55,2,Day,Clear,Yard,Yard/switching,10,17124,1000,18124,H318,47.55,-122.33,53.1,51,46.7
ATK,155658,2017-11-30,9:35 AM,Fire/violent rupture,0,SEATTLE,WA,44,2,Day,Rain,Yard,Passenger Train - Pulling,6,19921,0,19921,E47L,47.583351,-122.332039,46.3,44.9,45
BNSF,NW1220109,2020-12-19,9:21 AM,Derailment,0,SEATTLE,WA,46,2,Day,Cloudy,Yard,Yard/switching,8,32814,9000,41814,S102,47.63541,-122.380745,47.2,47.5,50.9
UP,0617PD022,2017-06-24,10:00 AM,Other impacts,0,SEATTLE,WA,83,2,Day,Clear,Yard,Yard/switching,4,10218,528,11546,H020,47.558702,-122.326463,68.4,74.3,78.6
BNSF,NW0921116,2021-09-24,7:37 AM,Derailment,0,SEATTLE,WA,54,1,Dawn,Cloudy,Yard,Commuter Train - Pushing,5,25000,2700,27700,H307,47.582695,-122.331775,61,62,64.4
BNSF,NW1120118,2020-11-22,8:23 PM,Derailment,0,SEATTLE,WA,35,3,Dusk,Rain,Yard,Freight Train,5,232773,253000,485773,H607,47.495931,-122.271633,47.6,41.4,45.2
BNSF,NW0919103,2019-09-04,8:40 AM,Derailment,0,SEATTLE,WA,70,1,Dawn,Clear,Yard,Yard/switching,7,29970,42053,72523,H306,47.643475,-122.381516,69.5,67,68.8
BNSF,NW0624109,2024-06-22,3:32 PM,Derailment,0,SEATTLE,WA,72,2,Day,Clear,Yard,Freight Train,9,31050,265634,298335,H607,47.656654,-122.386796,72.6,66.7,62.6
UP,0722PN016,2022-07-20,1:00 AM,Derailment,0,SEATTLE,WA,67,4,Dark,Clear,Industry,Freight Train,4,6600,14986,21586,H702,47.561897,-122.328278,67.8,72,69
BNSF,NW0323117,2023-03-27,12:50 PM,Derailment,0,SEATTLE,WA,55,2,Day,Clear,Yard,Yard/switching,5,12934,28090,41024,H607,47.656665,-122.386813,42.9,45.3,53.3
BNSF,NW1117122,2017-11-30,9:35 AM,Fire/violent rupture,0,SEATTLE,WA,44,2,Day,Rain,Yard,,0,0,0,19921,E47L,47.583351,-122.332039,46.3,44.9,45
UP,1221ES012,2021-12-07,3:48 PM,Obstruction,0,SEATTLE,WA,48,2,Day,Rain,Yard,Spec. MoW Equip.,3,14635,0,14635,H993,47.450119,-122.241914,41,46.5,44.4
BNSF,NW0115111,2015-01-22,2:30 AM,Derailment,0,SEATTLE,WA,46,4,Dark,Cloudy,Yard,Yard/switching,8,35720,10000,45720,H607,47.653296,-122.382599,40.3,47.4,52
BNSF,NW1021116,2021-10-19,8:00 AM,Derailment,0,SEATTLE,WA,60,1,Dawn,Clear,Yard,Yard/switching,6,19715,170000,189715,M503,47.589642,-122.337166,52.4,52.8,54.6
BNSF,NW0223106,2023-02-19,8:05 AM,Other impacts,0,SEATTLE,WA,35,1,Dawn,Cloudy,Yard,Yard/switching,4,23825,0,32931,H399,47.588174,-122.337596,43.7,44.7,46.9
BNSF,NW1019112,2019-10-17,9:15 PM,Derailment,0,SEATTLE,WA,60,4,Dark,Cloudy,Yard,Yard/switching,7,79787,165000,244787,H607,47.649758,-122.380841,54.5,53.8,50.7
BNSF,NW0416117,2016-04-24,3:30 PM,Other impacts,0,SEATTLE,WA,75,2,Day,Cloudy,Yard,Yard/switching,5,14010,0,14010,M201,47.636995,-122.381301,56.7,50.9,51
BNSF,NW1214100,2014-12-03,3:45 PM,Derailment,0,SEATTLE,WA,42,2,Day,Clear,Industry,Yard/switching,4,15043,1000,16043,M101,47.60934,-122.34238,35.3,40.8,43.9
BNSF,NW0218203,2018-02-27,6:29 PM,Hwy-rail crossing,0,SEATTLE,WA,41,3,Dusk,Rain,Main,,0,0,0,0,M302,47.571594,-122.331717,38.2,42,43
BNSF,NW1016100,2016-10-02,2:03 AM,Derailment,0,SEATTLE,WA,43,4,Dark,Clear,Yard,Freight Train,3,15314,250,15564,H607,47.655958,-122.38585,55.4,55.9,56
BNSF,NW0220102,2020-02-02,5:04 AM,Derailment,0,SEATTLE,WA,40,1,Dawn,Rain,Yard,Yard/switching,3,500,18780,19280,M411,47.640772,-122.380914,47.7,38.2,38.4
ATK,138705,2015-08-11,4:11 AM,Derailment,0,SEATTLE,WA,66,4,Dark,Cloudy,Yard,Light loco(s),2,23412,1500,24912,H303,47.597135,-122.329395,73.7,75.4,74.5
UP,0217PD021,2017-02-12,12:50 AM,Derailment,0,SEATTLE,WA,36,4,Dark,Clear,Yard,Light loco(s),5,18620,700,19320,H702,47.563737,-122.335445,42.6,40.5,43.2
BNSF,NW1017109,2017-10-17,3:00 AM,Derailment,0,SEATTLE,WA,50,4,Dark,Cloudy,Yard,Yard/switching,3,57524,47500,105024,H607,47.616394,-122.356671,52.5,54.2,53.7
UP,0917PD005,2017-09-06,2:40 AM,Derailment,0,SEATTLE,WA,75,4,Dark,Cloudy,Yard,Yard/switching,4,39984,8126,48110,H702,47.60621,-122.332071,75.3,72.4,69.2
ATK,144407,2016-09-26,12:52 AM,Derailment,0,SEATTLE,WA,56,4,Dark,Clear,Yard,Yard/switching,5,59917,3500,63417,H702,47.59604,-122.329665,65.7,65.4,63.7
BNSF,NW0418116,2018-04-28,8:40 PM,Derailment,0,SEATTLE,WA,50,3,Dusk,Cloudy,Yard,Light loco(s),8,75000,17000,92000,H607,47.654213,-122.383847,54.3,51.4,53.7
BNSF,NW0119103,2019-01-11,8:42 AM,Derailment,0,SEATTLE,WA,40,1,Dawn,Clear,Yard,Light loco(s),9,6720,5150,11870,H607,47.591504,-122.330235,49.6,47.5,44.6
BNSF,NW0515116,2015-05-27,12:10 PM,Raking collision,0,SEATTLE,WA,75,2,Day,Clear,Industry,Yard/switching,10,1000,10000,34001,H022,47.575092,-122.331758,62.6,66.1,69.4
BNSF,NW0515116,2015-05-27,12:10 PM,Raking collision,0,SEATTLE,WA,75,2,Day,Clear,Industry,Single Car,5,23001,0,34001,H022,47.575092,-122.331758,62.6,66.1,69.4
BNSF,NW0917202,2017-09-25,4:05 AM,Hwy-rail crossing,0,SEATTLE,WA,57,1,Dawn,Cloudy,Yard,Freight Train,5,1501,9200,10701,M302,47.57445,-122.33678,60.1,61.3,63
BNSF,NW0824122,2024-08-31,4:40 AM,Derailment,0,SEATTLE,WA,65,1,Dawn,Clear,Yard,Yard/switching,4,39232,27042,66274,H607,47.589362,-122.337169,69.8,71.8,71.9
ATK,173843,2023-02-14,8:10 PM,Derailment,0,SEATTLE,WA,35,4,Dark,Cloudy,Yard,Passenger Train - Pulling,2,43624,7400,51024,H307,47.5861,-122.332013,42.2,36.5,36
BNSF,NW0622102,2022-06-06,11:00 AM,Derailment,0,SEATTLE,WA,58,2,Day,Clear,Industry,Light loco(s),5,15000,6000,21000,T111,47.624722,-122.368627,60.2,57.8,61.9
BNSF,NW1221107,2021-12-14,11:30 AM,Derailment,0,SEATTLE,WA,40,2,Day,Clear,Industry,Yard/switching,6,13599,6000,19599,T314,47.626226,-122.370131,40.1,37.3,39.9
ATK,157182,2019-01-12,10:40 PM,Derailment,0,SEATTLE,WA,42,4,Dark,Clear,Yard,Light loco(s),2,59413,3267,62680,T499,47.585771,-122.331081,47.5,44.6,41.8
BNSF,NW1221112,2021-12-18,9:45 AM,Derailment,0,SEATTLE,WA,42,2,Day,Rain,Yard,Yard/switching,7,26940,8000,34940,T202,47.64832,-122.381396,39.2,41.9,40.8
BNSF,NW0220104,2020-02-04,2:30 AM,Derailment,0,SEATTLE,WA,45,4,Dark,Clear,Industry,Yard/switching,3,1500,12000,13500,T110,47.624657,-122.367947,38.4,35.8,46.6
BNSF,NW0318101,2018-03-01,6:20 PM,Derailment,0,SEATTLE,WA,35,3,Dusk,Cloudy,Yard,Light loco(s),5,500,13415,13915,T314,47.580662,-122.33743,43,44.2,41.6
BNSF,NW0819110,2019-08-13,7:30 PM,Derailment,0,SEATTLE,WA,70,3,Dusk,Clear,Industry,Yard/switching,5,14076,0,14076,T311,47.578541,-122.351477,69.6,72,73
BNSF,NW0918115,2018-09-24,6:30 PM,Derailment,0,SEATTLE,WA,65,3,Dusk,Clear,Yard,Yard/switching,6,52753,8595,61348,T207,47.568877,-122.33686,58.8,57.5,58.2
EMRY,144574,2019-02-15,6:35 AM,Derailment,0,SEBOEIS,ME,5,1,Dawn,Cloudy,Main,Freight Train,10,862813,187829,1050642,T202,45.330017,-68.816278,18.1,19,29.2
CSX,000149180,2015-07-14,3:38 PM,Hwy-rail crossing,0,SEBREE,KY,90,2,Day,Clear,Main,Freight Train,13,847,87000,87847,M399,37.600363,-87.532717,84.4,85.9,76.7
CSX,000207522,2022-09-27,5:45 PM,Hwy-rail crossing,0,SEBREE,KY,72,3,Dusk,Clear,Main,Freight Train,28,9645,8178,17823,M304,37.596764,-87.531795,62.2,57.7,55.3
CSX,000170153,2017-07-11,3:25 PM,Hwy-rail crossing,0,SEBRING,FL,91,2,Day,Cloudy,Main,,0,0,97,11574,M302,27.438062,-81.240724,81.5,81.3,79
ATK,148383,2017-07-11,3:16 PM,Hwy-rail crossing,0,SEBRING,FL,88,2,Day,Cloudy,Main,Passenger Train - Pulling,71,11477,0,11574,M308,27.437746,-81.240266,81.5,81.3,79
SEPA,Y166,2021-07-13,1:22 PM,Hwy-rail crossing,0,SECANE,PA,90,2,Day,Clear,Main,EMU,55,14000,12826,26826,M308,39.917106,-75.307181,81.2,78.5,81.9
NS,139178,2020-09-17,5:05 AM,Other (describe in narrative),0,SECAUCUS,NJ,62,1,Dawn,Cloudy,Yard,Yard/switching,7,14060,1729,15789,H306,40.764746,-74.071339,63,68.6,65.3
NJTR,202205199,2022-05-01,8:12 PM,Other (describe in narrative),0,SECAUCUS,NJ,50,4,Dark,Cloudy,Main,Commuter Train - Pulling,35,13462,0,18270,E78L,40.770604,-74.055284,54.9,56.8,53.8
NS,120808,2016-06-09,9:09 PM,Derailment,0,SECAUCUS,NJ,71,4,Dark,Clear,Yard,Freight Train,4,21682,1500,23182,H702,40.76315,-74.071006,61.1,62.8,66.8
ATK,160757,2019-08-22,7:23 PM,Other (describe in narrative),0,SECAUCUS,NJ,80,2,Day,Clear,Main,Passenger Train - Pulling,0,23210,0,23210,E78L,40.760981,-74.07674,80.2,80.5,70.8
ATK,171073,2022-05-01,8:12 PM,Other (describe in narrative),0,SECAUCUS,NJ,50,4,Dark,Cloudy,Main,,0,0,4808,18270,E78L,40.770604,-74.055284,54.9,56.8,53.8
ATK,172441,2022-08-23,6:00 PM,Other (describe in narrative),0,SECAUCUS,NJ,92,2,Day,Cloudy,Main,EMU,0,0,11659,20069,T404,40.767396,-74.062322,75.1,77.4,79.3
NS,117965,2015-10-28,4:40 PM,Derailment,0,SECAUCUS,NJ,65,3,Dusk,Rain,Yard,Freight Train,8,12164,0,12164,T311,40.760342,-74.069795,50.5,59.6,66.1
NJTR,202208329,2022-08-23,6:00 PM,Other (describe in narrative),0,SECAUCUS,NJ,92,2,Day,Cloudy,Main,EMU,55,8410,0,20069,T404,40.767396,-74.062322,75.1,77.4,79.3
UP,0622HL001,2022-06-04,1:55 AM,Derailment,0,SEDALIA,MO,64,4,Dark,Clear,Main,Cut of cars,0,12852,0,44157,E22C,38.723762,-93.279629,68.9,68.7,71.4
UP,0622HL001,2022-06-04,1:55 AM,Derailment,0,SEDALIA,MO,64,4,Dark,Clear,Main,Freight Train,48,16252,15053,44157,E22C,38.723762,-93.279629,68.9,68.7,71.4
UP,1119HL004,2019-11-04,1:50 AM,Other (describe in narrative),0,SEDALIA,MO,48,4,Dark,Clear,Main,Work train,40,100,107651,107751,E44C,38.712514,-93.234984,47.2,48.4,46.6
UP,0718SA008,2018-07-09,4:15 AM,Hwy-rail crossing,0,SEGUIN,TX,75,4,Dark,Clear,Main,Freight Train,30,1929,15772,17701,M303,29.586904,-97.986561,79.6,75.7,81.3
BNSF,MT0316102,2016-03-29,11:45 PM,Derailment,0,SELBY,SD,45,4,Dark,Rain,Industry,Freight Train,4,12933,5000,17933,H703,45.503297,-100.033221,48.5,49.9,47.7
BNSF,SW0315100,2015-03-01,6:05 PM,Derailment,0,SELIGMAN,AZ,34,3,Dusk,Snow,Main,Freight Train,39,120000,586944,706944,M404,35.31808,-112.245058,43.7,41.2,39.2
BNSF,SW1018110,2018-10-19,10:45 AM,Raking collision,0,SELIGMAN,AZ,50,2,Day,Clear,Main,Spec. MoW Equip.,1,15000,0,16000,H997,35.30175,-112.780862,42.2,44.6,52.3
BNSF,SW0618107,2018-06-21,9:00 AM,Derailment,0,SELIGMAN,AZ,85,2,Day,Clear,Main,Freight Train,17,265719,97000,362719,E22L,35.321871,-112.859961,70.1,74.9,75
BNSF,SW1018110,2018-10-19,10:45 AM,Raking collision,0,SELIGMAN,AZ,50,2,Day,Clear,Main,Freight Train,10,1000,0,16000,H997,35.30175,-112.780862,42.2,44.6,52.3
CSX,000162087,2016-08-13,6:50 PM,Side collision,0,SELKIRK,NY,89,2,Day,Clear,Yard,Yard/switching,0,148303,0,359659,H306,42.565903,-73.854184,79.1,79.1,77.5
CSX,000180642,2019-01-08,3:00 AM,Other impacts,0,SELKIRK,NY,25,4,Dark,Cloudy,Yard,Single Car,7,9680,0,22357,E09C,42.565903,-73.854184,19.2,34.4,36
CSX,000180642,2019-01-08,3:00 AM,Other impacts,0,SELKIRK,NY,25,4,Dark,Cloudy,Yard,Single Car,7,12677,0,22357,E09C,42.565903,-73.854184,19.2,34.4,36
CSX,000143287,2015-03-19,4:35 AM,Other impacts,0,SELKIRK,NY,11,1,Dawn,Clear,Yard,Yard/switching,7,118407,6884,162445,H702,42.564654,-73.85257,25,24.8,26
CSX,000159414,2016-04-30,8:20 PM,Side collision,0,SELKIRK,NY,55,4,Dark,Clear,Yard,Yard/switching,8,55266,0,69232,H306,42.565903,-73.854184,48.7,54,47.1
CSX,000171966,2017-08-05,7:34 AM,Other (describe in narrative),0,SELKIRK,NY,81,2,Day,Clear,Yard,Cut of cars,6,26000,0,26000,M407,42.565903,-73.854184,74.4,71,65.3
CSX,000209674,2023-02-06,4:30 AM,Derailment,0,SELKIRK,NY,34,1,Dawn,Clear,Yard,Cut of cars,4,90241,518,90759,M411,42.566078,-73.854463,30.2,32.8,27.5
CSX,000216454,2024-02-28,11:41 PM,Derailment,0,SELKIRK,NY,25,4,Dark,Cloudy,Yard,Yard/switching,7,70479,17848,88327,M404,42.5757,-73.936,46.2,52.1,25.2
CSX,000176024,2018-04-25,9:45 PM,Derailment,0,SELKIRK,NY,55,4,Dark,Rain,Yard,Single Car,15,159097,601,194744,M407,42.565903,-73.854184,56.5,52.8,51.6
CSX,000176024,2018-04-25,9:45 PM,Derailment,0,SELKIRK,NY,55,4,Dark,Rain,Yard,Single Car,12,9150,0,194744,M407,42.565903,-73.854184,56.5,52.8,51.6
CSX,000140671,2015-01-28,7:45 AM,Derailment,0,SELKIRK,NY,10,1,Dawn,Clear,Yard,Cut of cars,4,12597,377,12974,M411,42.566588,-73.852296,12.7,14,15
CSX,000176496,2018-05-16,12:30 PM,Other impacts,0,SELKIRK,NY,66,2,Day,Cloudy,Yard,Cut of cars,14,105055,0,105055,M407,42.565903,-73.854184,64.7,60.3,66.6
CSX,000144316,2015-04-07,9:05 AM,Derailment,0,SELKIRK,NY,40,2,Day,Cloudy,Yard,Single Car,0,27445,0,64903,M407,42.564654,-73.85257,44.2,42.5,36.4
CSX,000171406,2017-09-01,9:50 PM,Derailment,0,SELKIRK,NY,54,4,Dark,Clear,Yard,Cut of cars,5,10880,506,11386,S007,42.565903,-73.854184,61.4,54.5,54.4
CSX,000176524,2018-05-10,7:57 PM,Other impacts,0,SELKIRK,NY,64,3,Dusk,Cloudy,Yard,Single Car,18,30000,0,30000,S016,42.565903,-73.854184,67.3,62.9,57.7
CSX,000144316,2015-04-07,9:05 AM,Derailment,0,SELKIRK,NY,40,2,Day,Cloudy,Yard,Cut of cars,17,35871,1587,64903,M407,42.564654,-73.85257,44.2,42.5,36.4
CSX,000186838,2019-11-30,11:31 AM,Derailment,0,SELKIRK,NY,35,2,Day,Clear,Yard,Yard/switching,5,15208,1000,16208,E46C,42.565903,-73.854184,30.4,25.5,21.6
CSX,000143139,2015-03-10,12:10 AM,Other impacts,0,SELKIRK,NY,28,4,Dark,Clear,Yard,Single Car,2,189,0,24333,H019,42.564654,-73.85257,30.3,35.3,41.9
CSX,000143139,2015-03-10,12:10 AM,Other impacts,0,SELKIRK,NY,28,4,Dark,Clear,Yard,Single Car,0,24144,0,24333,H019,42.564654,-73.85257,30.3,35.3,41.9
CSX,000170848,2017-08-10,6:30 PM,Raking collision,0,SELKIRK,NY,74,3,Dusk,Clear,Yard,Single Car,9,13200,0,16860,S014,42.565903,-73.854184,67.5,71.9,71.2
CSX,000176020,2018-04-18,6:09 AM,Other impacts,0,SELKIRK,NY,36,4,Dark,Cloudy,Yard,Single Car,8,0,50,28650,E46C,42.565903,-73.854184,38.4,38.5,37.9
CSX,000170829,2017-08-02,8:00 PM,Other (describe in narrative),0,SELKIRK,NY,73,4,Dark,Cloudy,Yard,Cut of cars,6,11200,0,11200,M407,42.565903,-73.854184,73.5,71,72.8
CSX,000211497,2023-05-25,8:07 AM,Derailment,0,SELKIRK,NY,60,2,Day,Clear,Yard,Yard/switching,1,139857,4059,143916,E64C,42.566078,-73.854463,58,52.7,56.8
CSX,000176534,2018-05-12,9:50 AM,Other impacts,0,SELKIRK,NY,48,2,Day,Cloudy,Yard,Single Car,24,28170,0,28170,M507,42.565903,-73.854184,57.7,48.1,54.9
CSX,000176535,2018-05-12,10:49 PM,Other impacts,0,SELKIRK,NY,45,4,Dark,Cloudy,Yard,Single Car,18,22177,0,22177,S016,42.565903,-73.854184,57.7,48.1,54.9
CSX,000216108,2024-02-10,10:07 AM,Other impacts,0,SELKIRK,NY,46,2,Day,Clear,Yard,Single Car,4,0,0,206176,M407,42.5757,-73.936,45.1,45.9,40.1
CSX,000176554,2018-05-20,4:38 AM,Other impacts,0,SELKIRK,NY,57,1,Dawn,Cloudy,Yard,Cut of cars,18,36651,0,36651,S016,42.565903,-73.854184,53.1,64.1,63.1
CSX,000171416,2017-09-03,6:02 AM,Derailment,0,SELKIRK,NY,51,1,Dawn,Rain,Yard,Freight Train,4,27225,1152,28377,H702,42.565903,-73.854184,54.4,53.9,66.3
CSX,000193817,2020-11-13,9:30 PM,Side collision,0,SELKIRK,NY,45,4,Dark,Clear,Yard,Single Car,10,65960,0,206614,S014,42.565903,-73.854184,46.3,37.6,38.7
CSX,000196037,2021-03-01,10:15 PM,Side collision,0,SELKIRK,NY,12,4,Dark,Cloudy,Yard,Single Car,0,5514,400,110214,H316,42.565903,-73.854184,36.1,33.8,16
CSX,000145037,2015-04-19,6:29 PM,Derailment,0,SELKIRK,NY,53,3,Dusk,Clear,Yard,Freight Train,8,167590,32512,200102,T221,42.566588,-73.852296,56.6,50.7,48.3
CSX,000196037,2021-03-01,10:15 PM,Side collision,0,SELKIRK,NY,12,4,Dark,Cloudy,Yard,Yard/switching,10,104300,0,110214,H316,42.565903,-73.854184,36.1,33.8,16
CSX,000159414,2016-04-30,8:20 PM,Side collision,0,SELKIRK,NY,55,4,Dark,Clear,Yard,Yard/switching,0,13966,0,69232,H306,42.565903,-73.854184,48.7,54,47.1
CSX,000142845,2015-03-11,2:23 PM,Derailment,0,SELKIRK,NY,50,2,Day,Clear,Yard,Single Car,7,322,12686,13008,S016,42.566588,-73.852296,35.3,41.9,34.6
CSX,000176553,2018-05-19,9:22 PM,Other impacts,0,SELKIRK,NY,55,4,Dark,Cloudy,Yard,Cut of cars,18,44459,0,44459,M203,42.565903,-73.854184,61.4,53.1,64.1
CSX,000193817,2020-11-13,9:30 PM,Side collision,0,SELKIRK,NY,45,4,Dark,Clear,Yard,Single Car,10,140654,0,206614,S014,42.565903,-73.854184,46.3,37.6,38.7
CSX,000160988,2016-07-01,2:47 AM,Derailment,0,SELKIRK,NY,65,4,Dark,Clear,Yard,Yard/switching,4,14508,1060,24706,E21C,42.565903,-73.854184,70.7,69.4,65.9
CSX,000193992,2020-11-22,10:20 AM,Other impacts,0,SELKIRK,NY,35,2,Day,Cloudy,Yard,Single Car,2,995,0,12356,E99C,42.565903,-73.854184,42.9,32.7,38
CSX,000166274,2017-01-25,11:06 AM,Derailment,0,SELKIRK,NY,36,2,Day,Cloudy,Yard,Cut of cars,19,29771,314,30085,M407,42.565903,-73.854184,32.9,33.5,38.3
CSX,000172350,2017-10-22,9:40 AM,Derailment,0,SELKIRK,NY,70,2,Day,Clear,Yard,Freight Train,5,60152,697,60849,M405,42.565903,-73.854184,53.9,55.9,59.9
CSX,000170237,2017-07-15,10:55 PM,Derailment,0,SELKIRK,NY,75,4,Dark,Clear,Yard,Yard/switching,2,24000,40896,64896,M405,42.565903,-73.854184,64.2,70.7,72.1
CSX,000176024,2018-04-25,9:45 PM,Derailment,0,SELKIRK,NY,55,4,Dark,Rain,Yard,Single Car,11,25896,0,194744,M407,42.565903,-73.854184,56.5,52.8,51.6
CSX,000175144,2018-03-07,2:35 AM,Other impacts,0,SELKIRK,NY,30,4,Dark,Snow,Yard,Cut of cars,18,0,0,57350,S016,42.565903,-73.854184,33.7,31.5,31.5
CSX,000191266,2020-07-10,1:25 AM,Side collision,0,SELKIRK,NY,79,4,Dark,Clear,Yard,Freight Train,0,84213,112,89574,H607,42.565903,-73.854184,80.1,78,79.6
CSX,000185538,2019-09-25,4:48 AM,Other impacts,0,SELKIRK,NY,70,1,Dawn,Clear,Yard,Cut of cars,14,60022,0,60022,M407,42.565903,-73.854184,63.6,60.9,60.3
CSX,000161469,2016-07-21,4:30 AM,Other impacts,0,SELKIRK,NY,58,1,Dawn,Clear,Yard,Single Car,7,100,0,24000,S014,42.565903,-73.854184,66.7,71.7,79.3
CSX,000161051,2016-07-05,1:50 AM,Side collision,0,SELKIRK,NY,68,4,Dark,Rain,Yard,Freight Train,5,0,0,404079,H020,42.565903,-73.854184,71.5,76,76.9
CSX,000173473,2017-12-16,1:30 AM,Derailment,0,SELKIRK,NY,10,4,Dark,Clear,Yard,Yard/switching,6,6800,5000,11800,M405,42.565903,-73.854184,15.9,21.8,17.4
CSX,000176021,2018-04-23,5:50 PM,Derailment,0,SELKIRK,NY,60,2,Day,Clear,Yard,Yard/switching,5,168042,46030,214072,M405,42.565903,-73.854184,47,50.9,56.5
CSX,000140370,2015-01-21,5:37 PM,Side collision,0,SELKIRK,NY,17,3,Dusk,Cloudy,Yard,Light loco(s),0,325,0,62974,H607,42.566588,-73.852296,24.5,16,22.9
CSX,000170848,2017-08-10,6:30 PM,Raking collision,0,SELKIRK,NY,74,3,Dusk,Clear,Yard,Cut of cars,0,884,2776,16860,S014,42.565903,-73.854184,67.5,71.9,71.2
CSX,000204715,2022-05-05,2:15 AM,Derailment,0,SELKIRK,NY,50,4,Dark,Clear,Yard,Yard/switching,6,20500,2262,22762,E34C,42.566078,-73.854463,53.1,57.2,55.7
CSX,000140370,2015-01-21,5:37 PM,Side collision,0,SELKIRK,NY,17,3,Dusk,Cloudy,Yard,Yard/switching,4,59461,3188,62974,H607,42.566588,-73.852296,24.5,16,22.9
CSX,000161469,2016-07-21,4:30 AM,Other impacts,0,SELKIRK,NY,58,1,Dawn,Clear,Yard,Single Car,11,23900,0,24000,S014,42.565903,-73.854184,66.7,71.7,79.3
CSX,000159846,2016-05-18,7:23 AM,Raking collision,0,SELKIRK,NY,55,1,Dawn,Cloudy,Yard,Cut of cars,0,12642,0,14642,H607,42.565903,-73.854184,53.9,54.2,58.3