reportingrailroadcode,accidentnumber,date,time,accidenttype,hazmatreleasedcars,station,stateabbr,temperature,visibility_code,visibility,weathercondition,tracktype,equipmenttype,trainspeed,equipmentdamagecost,trackdamagecost,totaldamagecost,primaryaccidentcausecode,latitude,longitude,prior_temp,actual_temp,following_temp
CSX,000166694,2017-02-10,4:46 PM,Derailment,0,SELKIRK,NY,24,3,Dusk,Clear,Yard,Yard/switching,4,31431,0,31431,E44C,42.565903,-73.854184,19.1,15.5,27.4
CSX,000191266,2020-07-10,1:25 AM,Side collision,0,SELKIRK,NY,79,4,Dark,Clear,Yard,Light loco(s),10,5249,0,89574,H607,42.565903,-73.854184,80.1,78,79.6
CSX,000178763,2018-09-12,3:01 AM,Other impacts,0,SELKIRK,NY,59,4,Dark,Cloudy,Yard,Single Car,25,27445,96,27541,M407,42.565903,-73.854184,63.5,68.7,72.3
CSX,000175624,2018-04-01,5:30 AM,Raking collision,0,SELKIRK,NY,35,4,Dark,Clear,Yard,Single Car,0,15562,50,15612,S016,42.575131,-73.862528,43,40.9,34.7
CSX,000175144,2018-03-07,2:35 AM,Other impacts,0,SELKIRK,NY,30,4,Dark,Snow,Yard,Single Car,0,57300,50,57350,S016,42.565903,-73.854184,33.7,31.5,31.5
CSX,000166658,2017-02-09,3:45 AM,Other impacts,0,SELKIRK,NY,24,4,Dark,Snow,Yard,Yard/switching,1,55772,0,68910,H607,42.565903,-73.854184,36.3,19.1,15.5
CSX,000170820,2017-08-09,6:20 PM,Derailment,0,SELKIRK,NY,73,3,Dusk,Cloudy,Yard,Freight Train,1,9889,948,10837,E23C,42.565903,-73.854184,67.4,67.5,71.9
CSX,000183732,2019-06-22,1:50 PM,Side collision,0,SELKIRK,NY,75,2,Day,Clear,Yard,Yard/switching,5,212107,250,212357,H306,42.565903,-73.854184,67.2,66.7,69.5
CSX,000161051,2016-07-05,1:50 AM,Side collision,0,SELKIRK,NY,68,4,Dark,Rain,Yard,Cut of cars,2,147563,1060,404079,H020,42.565903,-73.854184,71.5,76,76.9
CSX,000189372,2020-03-28,8:00 PM,Derailment,0,SELKIRK,NY,40,4,Dark,Rain,Yard,Single Car,8,30235,0,30235,S099,42.565903,-73.854184,51.2,40.3,45.2
CSX,000161430,2016-07-19,1:36 AM,Derailment,0,SELKIRK,NY,68,4,Dark,Clear,Yard,Freight Train,2,5278,0,62675,M405,42.565903,-73.854184,75,69.9,66.7
CSX,000166658,2017-02-09,3:45 AM,Other impacts,0,SELKIRK,NY,24,4,Dark,Snow,Yard,Freight Train,1,13138,0,68910,H607,42.565903,-73.854184,36.3,19.1,15.5
CSX,000161430,2016-07-19,1:36 AM,Derailment,0,SELKIRK,NY,68,4,Dark,Clear,Yard,Cut of cars,4,43176,14221,62675,M405,42.565903,-73.854184,75,69.9,66.7
CSX,000178371,2018-08-24,4:00 PM,Derailment,0,SELKIRK,NY,75,2,Day,Clear,Yard,Yard/switching,10,82258,11248,93506,H303,42.565903,-73.854184,67.3,68.5,69.9
CSX,000183732,2019-06-22,1:50 PM,Side collision,0,SELKIRK,NY,75,2,Day,Clear,Yard,Light loco(s),5,0,0,212357,H306,42.565903,-73.854184,67.2,66.7,69.5
CSX,000159846,2016-05-18,7:23 AM,Raking collision,0,SELKIRK,NY,55,1,Dawn,Cloudy,Yard,Yard/switching,5,2000,0,14642,H607,42.565903,-73.854184,53.9,54.2,58.3
CSX,000191157,2020-07-02,8:15 AM,Raking collision,0,SELKIRK,NY,74,2,Day,Cloudy,Yard,Single Car,6,9105,0,17606,S014,42.565903,-73.854184,69.4,73.5,73.5
CSX,000176020,2018-04-18,6:09 AM,Other impacts,0,SELKIRK,NY,36,4,Dark,Cloudy,Yard,Single Car,0,28600,0,28650,E46C,42.565903,-73.854184,38.4,38.5,37.9
CSX,000175871,2018-04-10,7:35 PM,Other impacts,0,SELKIRK,NY,43,3,Dusk,Cloudy,Yard,Cut of cars,5,15242,50,19989,M101,42.565903,-73.854184,32.6,35.7,36.4
CSX,000191157,2020-07-02,8:15 AM,Raking collision,0,SELKIRK,NY,74,2,Day,Cloudy,Yard,Single Car,6,8501,0,17606,S014,42.565903,-73.854184,69.4,73.5,73.5
CSX,000148498,2015-06-29,10:11 AM,Derailment,0,SELKIRK,NY,67,2,Day,Clear,Yard,Yard/switching,4,13714,3486,17200,M411,42.566588,-73.852296,57.8,63.5,64.7
CSX,000175624,2018-04-01,5:30 AM,Raking collision,0,SELKIRK,NY,35,4,Dark,Clear,Yard,Single Car,10,0,0,15612,S016,42.575131,-73.862528,43,40.9,34.7
CSX,000168462,2017-04-23,1:52 AM,Derailment,0,SELKIRK,NY,40,4,Dark,Clear,Yard,Freight Train,4,5877,4884,10761,H525,42.565903,-73.854184,49.1,52.1,55.8
CSX,000160988,2016-07-01,2:47 AM,Derailment,0,SELKIRK,NY,65,4,Dark,Clear,Yard,Freight Train,4,9138,0,24706,E21C,42.565903,-73.854184,70.7,69.4,65.9
CSX,000143287,2015-03-19,4:35 AM,Other impacts,0,SELKIRK,NY,11,1,Dawn,Clear,Yard,Yard/switching,5,37154,0,162445,H702,42.564654,-73.85257,25,24.8,26
CSX,000161051,2016-07-05,1:50 AM,Side collision,0,SELKIRK,NY,68,4,Dark,Rain,Yard,Yard/switching,5,255456,0,404079,H020,42.565903,-73.854184,71.5,76,76.9
CSX,000162087,2016-08-13,6:50 PM,Side collision,0,SELKIRK,NY,89,2,Day,Clear,Yard,Freight Train,7,26159,0,359659,H306,42.565903,-73.854184,79.1,79.1,77.5
CSX,000158292,2016-03-17,7:18 PM,Other impacts,0,SELKIRK,NY,45,3,Dusk,Clear,Yard,Single Car,9,18066,0,39795,E06C,42.565903,-73.854184,51.2,48.2,40.8
CSX,000202900,2022-02-05,1:33 PM,Derailment,0,SELKIRK,NY,18,2,Day,Clear,Yard,Yard/switching,3,11875,1332,13207,E07C,42.566078,-73.854463,19.5,13.7,13.9
CSX,000143947,2015-03-29,2:28 AM,Side collision,0,SELKIRK,NY,21,4,Dark,Cloudy,Yard,Single Car,12,0,0,12600,H316,42.564654,-73.85257,27.9,27,36.4
CSX,000192202,2020-08-22,11:10 AM,Side collision,0,SELKIRK,NY,78,2,Day,Clear,Yard,Single Car,10,7137,0,21130,M411,42.565903,-73.854184,68.4,71.3,70.1
CSX,000178989,2018-09-28,6:00 AM,Raking collision,0,SELKIRK,NY,52,1,Dawn,Rain,Yard,Single Car,8,0,0,23857,M407,42.565903,-73.854184,59.5,56.4,57.2
CSX,000193260,2020-10-10,5:47 PM,Side collision,0,SELKIRK,NY,50,3,Dusk,Clear,Yard,Yard/switching,1,11773,0,12326,E99C,42.565903,-73.854184,48.4,61.6,52.1
CSX,000174945,2018-02-28,12:10 PM,Derailment,0,SELKIRK,NY,58,2,Day,Cloudy,Yard,Freight Train,3,66884,475,67359,T220,42.565903,-73.854184,40,46.1,45.2
CSX,000179667,2018-11-02,10:35 PM,Other impacts,0,SELKIRK,NY,45,4,Dark,Rain,Yard,Cut of cars,15,18556,80,18636,M407,42.565903,-73.854184,53.1,57.7,49.8
CSX,000173951,2018-01-10,3:40 AM,Derailment,0,SELKIRK,NY,36,4,Dark,Cloudy,Yard,Yard/switching,8,49655,188,49843,M411,42.565903,-73.854184,31.4,26.2,44.1
CSX,000183100,2019-05-21,12:00 PM,Derailment,0,SELKIRK,NY,59,2,Day,Clear,Yard,Freight Train,7,35307,2000,37307,T221,42.565903,-73.854184,70.6,56.8,58.2
CSX,000216108,2024-02-10,10:07 AM,Other impacts,0,SELKIRK,NY,46,2,Day,Clear,Yard,Cut of cars,4,111746,0,206176,M407,42.5757,-73.936,45.1,45.9,40.1
CSX,000189214,2020-03-19,4:44 AM,Side collision,0,SELKIRK,NY,39,1,Dawn,Rain,Yard,Yard/switching,7,11578,0,11723,H995,42.565903,-73.854184,43,43.2,51.9
CSX,000215397,2024-01-08,12:50 PM,Derailment,0,SELKIRK,NY,37,2,Day,Cloudy,Yard,Yard/switching,10,141492,5419,146911,H307,42.5757,-73.936,29.3,29.9,28.7
CSX,000166165,2017-01-23,12:06 AM,Derailment,0,SELKIRK,NY,39,4,Dark,Clear,Yard,Single Car,4,1837,0,23192,H316,42.565903,-73.854184,39.2,35.2,32.9
CSX,000216193,2024-02-13,9:25 AM,Other impacts,0,SELKIRK,NY,35,2,Day,Clear,Yard,Cut of cars,19,12058,0,24116,M407,42.5757,-73.936,35.7,33.7,26.5
CSX,000188982,2020-03-06,4:40 AM,Other impacts,0,SELKIRK,NY,29,1,Dawn,Clear,Yard,Cut of cars,10,17853,150,18003,M411,42.565903,-73.854184,38.2,36.4,32.9
CSX,000207515,2022-09-27,4:27 PM,Side collision,0,SELKIRK,NY,68,2,Day,Clear,Yard,Yard/switching,7,991,0,71619,H403,42.566078,-73.854463,60,55.8,57.3
CSX,000156127,2016-01-17,1:50 AM,Side collision,0,SELKIRK,NY,29,4,Dark,Cloudy,Yard,Cut of cars,4,12086,0,18985,H316,42.565903,-73.854184,34.5,30.7,20
CSX,000180735,2019-01-12,9:49 PM,Side collision,0,SELKIRK,NY,5,4,Dark,Clear,Yard,Single Car,9,14625,0,16696,H302,42.565903,-73.854184,15.4,16.9,14.7
CSX,000172799,2017-11-10,1:09 AM,Derailment,0,SELKIRK,NY,23,4,Dark,Clear,Yard,Cut of cars,5,34461,3000,37461,S014,42.565903,-73.854184,36.5,29.3,23.5
CSX,000192076,2020-08-16,10:00 PM,Derailment,0,SELKIRK,NY,59,4,Dark,Clear,Yard,Yard/switching,8,11416,11277,22693,M405,42.565903,-73.854184,69.6,66.1,65.6
CSX,000194611,2020-12-17,7:15 AM,Other impacts,0,SELKIRK,NY,16,1,Dawn,Snow,Yard,Single Car,8,6600,0,17361,M101,42.565903,-73.854184,15.5,17.7,13.4
CSX,000174832,2018-02-21,11:50 PM,Derailment,0,SELKIRK,NY,41,4,Dark,Cloudy,Yard,Yard/switching,5,10369,44072,54441,H522,42.565903,-73.854184,51.9,56.1,32.9
CSX,000153650,2015-10-26,5:40 PM,Derailment,0,SELKIRK,NY,49,3,Dusk,Clear,Yard,Yard/switching,9,11537,73550,85087,S014,42.566588,-73.852296,50.8,42.3,39.2
CSX,000180934,2019-01-23,9:38 AM,Derailment,0,SELKIRK,NY,28,2,Day,Clear,Yard,Cut of cars,0,11571,0,22906,S007,42.565903,-73.854184,8.6,28.3,41.1
CSX,000213590,2023-09-20,4:21 AM,Derailment,0,SELKIRK,NY,48,4,Dark,Clear,Yard,Yard/switching,7,401463,580,402043,H403,42.5757,-73.936,62.1,59.3,57.3
CSX,000162400,2016-08-24,6:28 PM,Other impacts,0,SELKIRK,NY,73,3,Dusk,Clear,Yard,Single Car,7,10881,0,10881,H317,42.565903,-73.854184,63.8,69.9,72
CSX,000207515,2022-09-27,4:27 PM,Side collision,0,SELKIRK,NY,68,2,Day,Clear,Yard,Light loco(s),7,70628,0,71619,H403,42.566078,-73.854463,60,55.8,57.3
CSX,000189842,2020-04-24,8:08 AM,Derailment,0,SELKIRK,NY,42,2,Day,Rain,Yard,Light loco(s),7,8632,6581,15213,H702,42.565903,-73.854184,40.5,44.2,51.9
CSX,000166165,2017-01-23,12:06 AM,Derailment,0,SELKIRK,NY,39,4,Dark,Clear,Yard,Cut of cars,4,21355,0,23192,H316,42.565903,-73.854184,39.2,35.2,32.9
CSX,000174226,2018-01-23,12:28 PM,Other impacts,0,SELKIRK,NY,48,2,Day,Rain,Yard,Cut of cars,8,31088,0,31088,S016,42.565903,-73.854184,34.4,40.7,27.6
CSX,000213292,2023-09-04,1:36 PM,Derailment,0,SELKIRK,NY,86,2,Day,Clear,Yard,Yard/switching,10,131295,171309,302604,T220,42.5757,-73.936,73.4,76,77.7
CSX,000165026,2016-12-09,3:20 AM,Side collision,0,SELKIRK,NY,33,4,Dark,Cloudy,Yard,Cut of cars,10,6048,0,34586,E23C,42.565903,-73.854184,33.3,27.2,20.7
CSX,000208516,2022-11-27,9:55 PM,Derailment,0,SELKIRK,NY,35,4,Dark,Rain,Yard,Yard/switching,15,27961,112,28073,H607,42.566447,-73.854116,41.4,40.4,42.9
CSX,000212573,2023-07-28,6:37 PM,Side collision,0,SELKIRK,NY,74,3,Dusk,Clear,Yard,Yard/switching,10,1208,0,27209,H305,42.5757,-73.936,77,79.7,74.4
CSX,000171224,2017-08-25,11:10 AM,Derailment,0,SELKIRK,NY,87,2,Day,Clear,Yard,Yard/switching,6,50575,1396,51971,M405,42.565903,-73.854184,64.1,63.5,59.3
CSX,000193992,2020-11-22,10:20 AM,Other impacts,0,SELKIRK,NY,35,2,Day,Cloudy,Yard,Single Car,2,11361,0,12356,E99C,42.565903,-73.854184,42.9,32.7,38
CSX,000143947,2015-03-29,2:28 AM,Side collision,0,SELKIRK,NY,21,4,Dark,Cloudy,Yard,Single Car,5,12600,0,12600,H316,42.564654,-73.85257,27.9,27,36.4
CSX,000180934,2019-01-23,9:38 AM,Derailment,0,SELKIRK,NY,28,2,Day,Clear,Yard,Cut of cars,6,10585,750,22906,S007,42.565903,-73.854184,8.6,28.3,41.1
CSX,000216193,2024-02-13,9:25 AM,Other impacts,0,SELKIRK,NY,35,2,Day,Clear,Yard,Cut of cars,19,12058,0,24116,M407,42.5757,-73.936,35.7,33.7,26.5
CSX,000216108,2024-02-10,10:07 AM,Other impacts,0,SELKIRK,NY,46,2,Day,Clear,Yard,Cut of cars,4,94430,0,206176,M407,42.5757,-73.936,45.1,45.9,40.1
CSX,000181005,2019-01-26,4:00 PM,Other impacts,0,SELKIRK,NY,32,3,Dusk,Clear,Yard,Single Car,16,31119,0,31119,M407,42.565903,-73.854184,28.6,20.3,25.4
CSX,000212573,2023-07-28,6:37 PM,Side collision,0,SELKIRK,NY,74,3,Dusk,Clear,Yard,Light loco(s),10,26001,0,27209,H305,42.5757,-73.936,77,79.7,74.4
CSX,000193260,2020-10-10,5:47 PM,Side collision,0,SELKIRK,NY,50,3,Dusk,Clear,Yard,Yard/switching,4,553,0,12326,E99C,42.565903,-73.854184,48.4,61.6,52.1
CSX,000192202,2020-08-22,11:10 AM,Side collision,0,SELKIRK,NY,78,2,Day,Clear,Yard,Single Car,5,13993,0,21130,M411,42.565903,-73.854184,68.4,71.3,70.1
CSX,000158292,2016-03-17,7:18 PM,Other impacts,0,SELKIRK,NY,45,3,Dusk,Clear,Yard,Single Car,8,21729,0,39795,E06C,42.565903,-73.854184,51.2,48.2,40.8
CSX,000179403,2018-10-18,2:15 AM,Other impacts,0,SELKIRK,NY,38,4,Dark,Clear,Yard,Cut of cars,10,26573,96,26669,S016,42.565903,-73.854184,44,38.1,45.4
CSX,000165026,2016-12-09,3:20 AM,Side collision,0,SELKIRK,NY,33,4,Dark,Cloudy,Yard,Single Car,10,28538,0,34586,E23C,42.565903,-73.854184,33.3,27.2,20.7
CSX,000156127,2016-01-17,1:50 AM,Side collision,0,SELKIRK,NY,29,4,Dark,Cloudy,Yard,Yard/switching,4,6899,0,18985,H316,42.565903,-73.854184,34.5,30.7,20
CSX,000180735,2019-01-12,9:49 PM,Side collision,0,SELKIRK,NY,5,4,Dark,Clear,Yard,Single Car,9,2071,0,16696,H302,42.565903,-73.854184,15.4,16.9,14.7
CSX,000178989,2018-09-28,6:00 AM,Raking collision,0,SELKIRK,NY,52,1,Dawn,Rain,Yard,Yard/switching,8,23757,100,23857,M407,42.565903,-73.854184,59.5,56.4,57.2
CSX,000172738,2017-11-08,2:06 AM,Derailment,0,SELKIRK,NY,31,4,Dark,Clear,Yard,Cut of cars,5,43151,8442,51593,H316,42.565903,-73.854184,38.9,34.3,36.5
CSX,000189214,2020-03-19,4:44 AM,Side collision,0,SELKIRK,NY,39,1,Dawn,Rain,Yard,Single Car,7,145,0,11723,H995,42.565903,-73.854184,43,43.2,51.9
CSX,000162087,2016-08-13,6:50 PM,Side collision,0,SELKIRK,NY,89,2,Day,Clear,Yard,Yard/switching,7,80158,105039,359659,H306,42.565903,-73.854184,79.1,79.1,77.5
CSX,000194611,2020-12-17,7:15 AM,Other impacts,0,SELKIRK,NY,16,1,Dawn,Snow,Yard,Single Car,8,10761,0,17361,M101,42.565903,-73.854184,15.5,17.7,13.4
CSX,000171965,2017-08-01,12:01 AM,Other (describe in narrative),0,SELKIRK,NY,76,4,Dark,Clear,Yard,Single Car,8,26000,0,26000,M407,42.565903,-73.854184,70.5,73.5,71
CSX,000175788,2018-04-13,6:10 AM,Derailment,0,SELKIRK,NY,47,1,Dawn,Cloudy,Yard,Freight Train,10,6800,7000,13800,E46L,42.565903,-73.854184,43.9,51.8,42.9
CSX,000171216,2017-08-25,2:00 PM,Derailment,0,SELKIRK,NY,75,2,Day,Clear,Yard,Cut of cars,10,34758,64,34822,M411,42.565903,-73.854184,64.1,63.5,59.3
CSX,000174872,2018-02-24,10:30 PM,Derailment,0,SELKIRK,NY,35,4,Dark,Clear,Yard,Yard/switching,8,28579,43876,72455,T111,42.565903,-73.854184,29.8,39.6,37.1
CSX,000152198,2015-09-19,5:30 PM,Side collision,0,SELKIRK,NY,75,3,Dusk,Clear,Yard,Cut of cars,9,36000,50,36210,T305,42.566588,-73.852296,68.5,70.2,62.1
CSX,000152198,2015-09-19,5:30 PM,Side collision,0,SELKIRK,NY,75,3,Dusk,Clear,Yard,Cut of cars,0,160,0,36210,T305,42.566588,-73.852296,68.5,70.2,62.1
CSX,000181683,2019-03-06,1:40 AM,Derailment,0,SELKIRK,NY,8,4,Dark,Clear,Yard,Yard/switching,7,65598,13833,79431,T310,42.565903,-73.854184,18.6,15.4,15
CSX,000149635,2015-07-24,5:30 AM,Derailment,0,SELKIRK,NY,70,1,Dawn,Clear,Yard,Yard/switching,20,47362,2315,65259,T103,42.564654,-73.85257,68.1,65.7,69.9
CSX,000149635,2015-07-24,5:30 AM,Derailment,0,SELKIRK,NY,70,1,Dawn,Clear,Yard,Cut of cars,0,15582,0,65259,T103,42.564654,-73.85257,68.1,65.7,69.9
CSX,000193499,2020-10-28,4:20 AM,Derailment,0,SELKIRK,NY,42,4,Dark,Clear,Yard,Yard/switching,4,48574,5295,53869,T207,42.565903,-73.854184,45.7,42.4,41.4
CSX,000216252,2024-02-17,4:20 AM,Derailment,0,SELLERS,SC,57,4,Dark,Clear,Main,Freight Train,40,840621,168877,1009498,E53C,34.313694,-79.450702,53.7,52,40.3
LIRC,0805202001,2020-08-05,11:40 AM,Hwy-rail crossing,0,SELLERSBURG,IN,75,2,Day,Clear,Main,Freight Train,46,10336,8495,18831,M308,38.411587,-85.752319,71.7,70.7,72.7
LIRC,1218201901,2019-12-18,5:06 PM,Hwy-rail crossing,0,SELLERSBURG,IN,32,2,Day,Clear,Main,Freight Train,43,1500,13500,15000,M304,38.3709,-85.7462,34.7,26.7,30.6
ESPN,ESPN1701,2017-06-20,1:30 PM,Derailment,0,SELLERSVILLE,PA,84,2,Day,Clear,Main,Freight Train,10,250000,80000,330000,T110,40.365795,-75.309428,76.9,74.8,71.7
NS,121306,2016-07-17,8:30 AM,Derailment,0,SELMA,AL,85,2,Day,Cloudy,Yard,Freight Train,7,10357,2368,12725,H020,32.414944,-87.01584,79.5,79.1,82
WTNN,320,2020-07-09,10:30 AM,Other (describe in narrative),0,SELMER,TN,90,2,Day,Clear,Main,Maint./inspect Car,27,250000,0,250000,H104,35.126929,-88.609911,79.9,80.4,80.5
NS,127518,2017-11-23,12:30 AM,Derailment,0,SELMONT,AL,30,4,Dark,Clear,Main,Freight Train,22,57571,249721,307292,T207,32.463987,-86.908724,50.7,43.3,47.5
GRYR,GR170601A,2017-06-01,11:30 AM,Other impacts,0,SENATOBIA,MS,50,2,Day,Rain,Siding,Single Car,10,11211,0,11211,H309,34.651293,-89.972433,74.7,74.6,73.5
NS,121070,2016-06-29,10:15 PM,Hwy-rail crossing,0,SENECA,SC,80,4,Dark,Clear,Main,Freight Train,42,3642,10353,13995,M303,34.712692,-82.917297,79.5,83,79.1
NS,126469,2017-05-05,3:06 AM,Obstruction,0,SENECA,SC,60,4,Dark,Clear,Main,,0,0,0,65362,M404,34.677693,-83.022532,67.2,56.9,56.8
ATK,147361,2017-05-05,3:00 AM,Obstruction,0,SENECA,SC,58,4,Dark,Clear,Main,Passenger Train - Pulling,57,65362,0,65362,M404,34.677693,-83.022532,67.2,56.9,56.8
CSX,000198101,2021-06-07,6:30 PM,Derailment,0,SENECA,IL,78,2,Day,Rain,Industry,Freight Train,3,45093,900,45993,H306,41.322162,-88.603632,78.7,73.6,76
BNSF,PR0917101,2017-09-05,12:54 PM,Derailment,0,SENECA,NE,74,2,Day,Clear,Main,Freight Train,47,1771,338418,340189,E54C,42.032504,-100.767354,65.3,56.9,56.6
CSX,000153084,2015-10-11,1:50 AM,Other impacts,0,SENECA,IL,55,4,Dark,Clear,Yard,Cut of cars,0,9539,0,89878,H302,41.319101,-88.611721,52.4,63.2,66
CSX,000153084,2015-10-11,1:50 AM,Other impacts,0,SENECA,IL,55,4,Dark,Clear,Yard,Freight Train,4,80339,0,89878,H302,41.319101,-88.611721,52.4,63.2,66
FGLK,12082021,2021-12-08,12:27 PM,Derailment,0,SENECA FALLS,NY,32,2,Day,Cloudy,Industry,Freight Train,4,0,24379,24379,T110,42.920924,-76.783997,30,28,27.7
FGLK,06182015,2015-06-18,6:30 PM,Derailment,0,SENECA FALLS,NY,77,2,Day,Clear,Main,Freight Train,22,23170,88823,111993,T001,42.927467,-76.775163,65.5,70.2,63.5
FGLK,10212021,2021-10-21,1:25 PM,Derailment,0,SENECA FALLS,NY,71,2,Day,Clear,Industry,Freight Train,5,3721,14997,18718,T110,42.921339,-76.782526,61.2,59.5,49.2
FGLK,11152018,2018-11-15,9:30 AM,Derailment,0,SENNETT,NY,26,2,Day,Clear,Industry,Freight Train,8,0,12975,12975,T106,42.958211,-76.553962,26.3,23.8,31.1
BNSF,CH0220105,2020-02-08,8:09 AM,Derailment,0,SESSER,IL,32,2,Day,Cloudy,Main,Freight Train,43,947729,806279,1754008,T001,38.051994,-89.043622,32.9,32,43.1
ATK,158456,2019-04-11,2:58 PM,Hwy-rail crossing,0,SEVILLE,FL,84,2,Day,Clear,Main,Passenger Train - Pulling,78,14951,0,15048,M302,29.3056,-81.487992,71.3,71.3,75.6
CSX,000201018,2021-10-30,11:45 AM,Hwy-rail crossing,0,SEVILLE,FL,73,2,Day,Cloudy,Main,,0,0,0,15214,M302,29.354497,-81.503353,71.4,65.1,62.6
CSX,000182304,2019-04-11,2:58 PM,Hwy-rail crossing,0,SEVILLE,FL,77,2,Day,Clear,Siding,,0,0,97,15048,M302,29.305552,-81.488008,71.3,71.3,75.6
ATK,174786,2023-05-18,3:34 PM,Hwy-rail crossing,0,SEVILLE,FL,86,2,Day,Cloudy,Main,Passenger Train - Pulling,79,23791,0,23791,M302,29.290611,-81.481006,77.5,76.6,77.1
CSX,000211404,2023-05-18,3:34 PM,Hwy-rail crossing,0,SEVILLE,FL,86,2,Day,Cloudy,Main,,0,0,0,23791,M302,29.290611,-81.481006,77.5,76.6,77.1
ATK,168854,2021-10-30,11:38 AM,Hwy-rail crossing,0,SEVILLE,FL,65,2,Day,Clear,Main,Passenger Train - Pulling,57,15214,0,15214,M302,29.354497,-81.503353,71.4,65.1,62.6
WE,170087,2017-08-04,2:10 AM,Derailment,0,SEVILLE,OH,76,4,Dark,Clear,Main,Yard/switching,3,779,12949,13728,E64C,41.00918,-81.981589,72.8,69.8,64.1
CSX,000175093,2018-03-07,8:46 PM,Derailment,0,SEWANEE,TN,42,4,Dark,Cloudy,Main,Freight Train,19,425802,80960,506762,H520,35.121433,-85.93971,53.9,38.2,33.2
BNSF,RD1117118,2017-11-14,6:15 AM,Other impacts,0,SEWARD,OK,55,1,Dawn,Clear,Main,Freight Train,28,16611,0,16611,E33C,35.811343,-97.473136,36.7,41.9,45.7
ARR,2023086,2023-06-04,11:54 AM,RR grade crossing,0,SEWARD,AK,62,2,Day,Clear,Main,Passenger Train - Pushing,3,0,0,0,M304,60.1242,-149.4304,46.7,49.7,48.6
BNSF,RD0124201,2024-01-11,10:54 AM,Hwy-rail crossing,0,SEWARD,OK,63,2,Day,Clear,Main,Freight Train,55,21974,0,21974,M302,35.798065,-97.490292,32.4,31.2,34
ARR,2021177,2021-12-13,1:00 PM,Obstruction,0,SEWARD,AK,-3,2,Day,Clear,Main,Spec. MoW Equip.,15,11000,0,11000,E04C,60.6285,-149.2472,10.8,6,10.5
ARR,2021177,2021-12-13,1:00 PM,Rear end collision,0,SEWARD,AK,-3,2,Day,Clear,Main,Spec. MoW Equip.,36,0,0,11000,H402,60.6285,-149.2472,10.8,6,10.5
BNSF,PR0117104,2017-01-08,2:45 AM,Derailment,0,SEWARD,NE,-1,4,Dark,Clear,Main,Freight Train,47,4711,28000,32711,E61C,40.87414,-97.090215,9.7,18.3,25.1
NS,145827,2022-07-13,2:20 AM,Obstruction,0,SEWARD,PA,70,4,Dark,Clear,Main,Freight Train,35,1719,26389,28108,M404,40.407977,-79.025353,72.5,71.1,68.1
NS,154756,2023-11-11,1:05 AM,Obstruction,0,SHADY DALE,GA,51,4,Dark,Rain,Main,Freight Train,10,7500,11447,18947,M404,33.348264,-83.628074,62.2,50.7,51.5
KCS,22110802,2022-11-08,9:10 PM,Derailment,0,SHADY POINT,OK,70,4,Dark,Clear,Industry,Freight Train,2,2130,27760,29890,H306,35.20311,-94.653785,63.4,66,69.4
UP,1222GL001,2022-12-01,11:30 PM,Derailment,0,SHAKOPEE,MN,31,4,Dark,Cloudy,Yard,Freight Train,10,10981,1462,12443,T213,44.788805,-93.417569,17.5,21.5,30.9
UP,0316TC003,2016-03-07,11:50 PM,Derailment,0,SHAKOPEE,MN,58,4,Dark,Clear,Siding,Cut of cars,0,1295,0,11304,M404,44.796853,-93.532295,45,55.6,56.5
UP,0316TC003,2016-03-07,11:50 PM,Derailment,0,SHAKOPEE,MN,58,4,Dark,Clear,Siding,Freight Train,3,9217,792,11304,M404,44.796853,-93.532295,45,55.6,56.5
UP,0115TC007,2015-01-22,11:55 AM,Other impacts,0,SHAKOPEE,MN,33,2,Day,Clear,Yard,Cut of cars,2,6651,0,15284,H020,44.789214,-93.4187,27.7,23.5,32.5
UP,0115TC007,2015-01-22,11:55 AM,Other impacts,0,SHAKOPEE,MN,33,2,Day,Clear,Yard,Light loco(s),2,0,99,15284,H020,44.789214,-93.4187,27.7,23.5,32.5
UP,0115TC007,2015-01-22,11:55 AM,Other impacts,0,SHAKOPEE,MN,33,2,Day,Clear,Yard,Light loco(s),2,8534,0,15284,H020,44.789214,-93.4187,27.7,23.5,32.5
UP,0116TC009,2016-01-20,2:30 AM,Derailment,0,SHAKOPEE,MN,9,4,Dark,Snow,Industry,Freight Train,2,8261,97983,106244,T220,44.796853,-93.532295,0.8,17,22.2
UP,0819GL040,2019-08-29,1:25 AM,Other impacts,0,SHAKOPEE,MN,57,4,Dark,Clear,Yard,Yard/switching,6,5612,315,22251,H020,44.78784,-93.412654,62.8,65,62.6
UP,0819GL040,2019-08-29,1:25 AM,Other impacts,0,SHAKOPEE,MN,57,4,Dark,Clear,Yard,Cut of cars,1,16324,0,22251,H020,44.78784,-93.412654,62.8,65,62.6
UP,0321GL014,2021-03-13,7:50 PM,Derailment,0,SHAKOPEE,MN,51,3,Dusk,Cloudy,Yard,Freight Train,3,45911,67449,113360,H607,44.79445,-93.445055,34.1,43.2,41.7
UP,0920GL028,2020-09-24,2:56 PM,Derailment,0,SHAKOPEE,MN,75,2,Day,Clear,Yard,Yard/switching,8,14360,154798,169158,T111,44.787454,-93.410077,70.2,67.5,68.2
UP,0723GL013,2023-07-08,4:50 AM,Derailment,0,SHAKOPEE,MN,57,1,Dawn,Clear,Yard,Yard/switching,7,4331,9884,14215,T311,44.788805,-93.417569,65.8,67,71.2