reportingrailroadcode,accidentnumber,date,time,accidenttype,hazmatreleasedcars,station,stateabbr,temperature,visibility_code,visibility,weathercondition,tracktype,equipmenttype,trainspeed,equipmentdamagecost,trackdamagecost,totaldamagecost,primaryaccidentcausecode,latitude,longitude,prior_temp,actual_temp,following_temp
UP,0321GL025,2021-03-27,2:02 AM,Derailment,0,SHAKOPEE,MN,41,4,Dark,Clear,Industry,Yard/switching,2,100,34083,34183,T314,44.795755,-93.467202,36.5,41.2,37.3
UP,0418TC003,2018-04-05,2:47 AM,Derailment,0,SHAKOPEE,MN,15,4,Dark,Cloudy,Yard,Freight Train,8,174936,19952,194888,T110,44.795588,-93.450582,20,26,19.3
NECR,NEC339723G,2023-02-27,11:35 AM,Hwy-rail crossing,0,SHARON,VT,30,2,Day,Clear,Main,,0,0,0,63347,M302,43.743256,-72.440037,11.9,21.7,28.3
ATK,173898,2023-02-27,11:30 AM,Hwy-rail crossing,0,SHARON,VT,30,2,Day,Clear,Main,Passenger Train - Pulling,59,63347,0,63347,M302,43.743256,-72.440037,11.9,21.7,28.3
ATK,171032,2022-06-12,3:15 AM,Obstruction,0,SHARON,MA,60,4,Dark,Clear,Main,Spec. MoW Equip.,0,125000,0,425000,H607,42.138668,-71.171135,67.3,67.1,74
ATK,171032,2022-06-12,3:15 AM,Obstruction,0,SHARON,MA,60,4,Dark,Clear,Main,Spec. MoW Equip.,5,300000,0,425000,H607,42.138668,-71.171135,67.3,67.1,74
ATK,175588,2023-07-19,12:58 PM,Obstruction,0,SHARON,MA,85,2,Day,Clear,Main,Passenger Train - Pulling,130,43219,0,43219,M404,42.128716,-71.180747,78.5,78.5,75.5
UP,0817DV010,2017-08-07,10:53 AM,Derailment,0,SHARON SPRINGS,KS,72,2,Day,Cloudy,Siding,Freight Train,8,19158,432,19590,H702,38.894536,-101.718439,68.8,63.6,63.8
NS,153080,2023-05-12,7:35 PM,Other (describe in narrative),0,SHARONVILLE,OH,65,3,Dusk,Clear,Yard,Yard/switching,6,1993,14934,16927,E30C,39.276508,-84.410708,65.3,68,71.1
NS,152510,2023-03-10,4:55 PM,Derailment,0,SHARP,NC,71,3,Dusk,Clear,Yard,Freight Train,6,14751,2834,17585,S011,35.738906,-80.33295,45.9,48.7,46.6
NS,151979,2023-01-11,8:50 PM,Derailment,0,SHARPSBURG,MD,40,4,Dark,Clear,Main,Freight Train,25,863882,368058,1231940,M201,39.507042,-77.764528,35.4,33.5,41.6
NS,124263,2017-03-09,11:35 PM,Other impacts,0,SHARPSBURG,PA,33,4,Dark,Snow,Main,Freight Train,40,13312,0,13312,E36L,40.493682,-79.931083,47.2,47.9,29.1
BNSF,KS1119102,2019-11-02,11:53 PM,Obstruction,0,SHAWNEE,KS,36,4,Dark,Clear,Main,,0,0,0,18624,M402,39.04016,-94.87086,41,40.2,48.4
UP,0719GP031,2019-07-24,6:13 PM,Fire/violent rupture,0,SHAWNEE,WY,89,3,Dusk,Cloudy,Main,Freight Train,30,15997,0,15997,M406,42.74299,-105.053942,74.8,78,76.1
ATK,161820,2019-11-02,11:53 PM,Obstruction,0,SHAWNEE,KS,36,4,Dark,Clear,Main,Passenger Train - Pulling,76,18624,0,18624,M402,39.04016,-94.87086,41,40.2,48.4
UP,0516NP010,2016-05-12,8:00 PM,Fire/violent rupture,0,SHAWNEE,WY,60,3,Dusk,Clear,Main,Freight Train,0,25610,0,25610,E79L,42.868623,-105.244967,42,48.9,42.1
NS,113739,2015-01-09,9:15 AM,Other (describe in narrative),0,SHAWSVILLE,VA,22,2,Day,Clear,Main,Spec. MoW Equip.,3,0,60000,60000,H997,37.182894,-80.244835,11.6,26.9,19.4
NS,134237,2019-06-07,10:45 AM,Derailment,0,SHAWSVILLE,VA,67,2,Day,Rain,Main,Freight Train,12,103599,23563,127162,H599,37.173092,-80.262948,73.3,67.8,64.2
UP,0522PR001,2022-05-04,4:16 PM,Derailment,0,SHEBOYGAN,WI,53,2,Day,Cloudy,Industry,Freight Train,4,42298,102945,145243,H306,43.711044,-87.706384,40,40.4,42
UP,0423GL009,2023-04-05,3:27 PM,Other (describe in narrative),0,SHEFFIELD,IA,36,2,Day,Clear,Main,Freight Train,11,9456,4400,13856,E20C,42.860259,-93.23165,43.4,34.9,35.4
UP,0922GL007,2022-09-05,2:40 AM,Derailment,5,SHEFFIELD,IA,61,4,Dark,Clear,Main,Freight Train,45,1880851,532200,2413051,H504,42.815163,-93.231745,63.7,64.3,66.7
CSX,000208374,2022-11-16,6:50 AM,Derailment,0,SHELBIANA,KY,32,1,Dawn,Cloudy,Yard,Freight Train,4,18691,208,18899,H702,37.432068,-82.490047,39,35.8,29.4
CSX,000139619,2015-01-06,11:59 AM,Hwy-rail crossing,0,SHELBURN,IN,25,2,Day,Clear,Main,Freight Train,8,21977,0,21977,M308,39.202946,-87.387134,14.1,20.7,8.8
BNSF,MT1117104,2017-11-20,1:55 AM,Derailment,0,SHELBY,MT,21,4,Dark,Clear,Industry,Freight Train,5,23000,19000,42000,H607,48.475578,-111.832347,38.7,30.2,22.7
BNSF,MT0917100,2017-09-12,6:00 AM,Derailment,0,SHELBY,MT,48,1,Dawn,Clear,Yard,Freight Train,8,24200,36000,60200,H303,48.523,-111.900163,70.2,64.5,49.2
CSX,000168382,2017-04-18,9:46 AM,Derailment,0,SHELBY,NC,65,2,Day,Clear,Industry,Freight Train,5,39782,8900,48682,H018,35.317967,-81.48015,68.9,63.5,58.7
CSX,000214200,2023-10-24,1:32 PM,Hwy-rail crossing,0,SHELBY,NC,70,2,Day,Clear,Main,Freight Train,20,6503,7754,14257,M303,35.316646,-81.653454,52,52.1,55.5
ASRY,D161104,2016-11-04,5:00 PM,Derailment,0,SHELBY,OH,54,2,Day,Clear,Main,Freight Train,10,60682,78347,139029,T210,40.86958,-82.649434,58.6,48.7,47.6
BNSF,MT1018104,2018-10-11,6:46 PM,Derailment,0,SHELBY,MT,50,3,Dusk,Clear,Industry,Freight Train,5,13000,2000,15000,T110,48.500877,-111.8493,29.3,30.5,43.2
BNSF,MT0516104,2016-05-16,8:10 AM,Derailment,0,SHELBY,MT,60,2,Day,Clear,Main,Freight Train,27,289876,637382,927258,T102,48.417188,-111.80941,46.7,51.6,56.8
BNSF,MT0417104,2017-04-17,5:52 PM,Derailment,0,SHELBY,MT,40,3,Dusk,Clear,Yard,Yard/switching,9,9000,43274,52274,T110,48.518089,-111.880769,35.3,36.3,48.7
NS,143092,2021-10-07,8:20 PM,Other (describe in narrative),0,SHELBYVILLE,KY,72,4,Dark,Clear,Industry,Freight Train,5,600,6079,16070,H704,38.20648,-85.25717,71,69.6,69.8
NS,143092,2021-10-07,8:20 PM,Other (describe in narrative),0,SHELBYVILLE,KY,72,4,Dark,Clear,Industry,Cut of cars,5,2700,0,16070,H704,38.20648,-85.25717,71,69.6,69.8
NS,143092,2021-10-07,8:20 PM,Other (describe in narrative),0,SHELBYVILLE,KY,72,4,Dark,Clear,Industry,Cut of cars,5,2900,0,16070,H704,38.20648,-85.25717,71,69.6,69.8
NS,143092,2021-10-07,8:20 PM,Other (describe in narrative),0,SHELBYVILLE,KY,72,4,Dark,Clear,Industry,Cut of cars,5,3188,0,16070,H704,38.20648,-85.25717,71,69.6,69.8
NS,143092,2021-10-07,8:20 PM,Other (describe in narrative),0,SHELBYVILLE,KY,72,4,Dark,Clear,Industry,Cut of cars,5,603,0,16070,H704,38.20648,-85.25717,71,69.6,69.8
NS,122428,2016-10-15,4:20 PM,Derailment,0,SHELBYVILLE,KY,72,3,Dusk,Clear,Industry,Freight Train,8,14500,1500,16000,H702,38.209189,-85.217095,57,69.4,70.8
UP,0116SL001,2016-01-04,6:15 AM,Fire/violent rupture,0,SHELBYVILLE,IL,25,4,Dark,Clear,Main,Freight Train,27,15000,0,15000,E71L,39.322335,-88.741239,30.6,29.1,28.3
NS,139696,2020-11-10,1:45 PM,Other impacts,0,SHELBYVILLE,KY,72,2,Day,Clear,Yard,Single Car,0,27997,0,28847,H318,38.209811,-85.289676,64,68.6,58.5
NS,139696,2020-11-10,1:45 PM,Other impacts,0,SHELBYVILLE,KY,72,2,Day,Clear,Yard,Single Car,3,350,500,28847,H318,38.209811,-85.289676,64,68.6,58.5
TPW,TPW291823D,2023-01-09,4:05 PM,Derailment,0,SHELDON,IL,33,2,Day,Cloudy,Yard,Yard/switching,7,21000,0,21000,T220,40.770909,-87.549426,29.7,32.3,38.6
WC,1074433,2021-06-22,6:29 AM,Hwy-rail crossing,0,SHELDON,WI,60,1,Dawn,Clear,Main,Freight Train,56,25112,0,25112,M302,45.305492,-90.95075,55.5,58.3,64
TPW,TPW572720S,2020-10-18,10:30 AM,Other impacts,0,SHELDON,IL,63,2,Day,Clear,Main,Cut of cars,0,46309,0,53019,H307,40.770278,-87.538056,49.1,50.5,43.8
TPW,TPW572720S,2020-10-18,10:30 AM,Other impacts,0,SHELDON,IL,63,2,Day,Clear,Main,Yard/switching,2,6710,0,53019,H307,40.770278,-87.538056,49.1,50.5,43.8
RRVW,19711,2019-10-04,4:35 PM,Derailment,0,SHELDON,ND,48,2,Day,Cloudy,Main,Freight Train,8,28700,55044,83744,T111,46.573519,-97.54063,41.1,45.5,48.3
IANR,BUD1117211,2021-11-17,7:22 AM,Other (describe in narrative),0,SHELL ROCK,IA,40,1,Dawn,Cloudy,Main,Freight Train,0,17802,500,18302,H021,42.73126,-92.615824,41.3,41.4,29.4
NS,125145,2017-05-21,7:50 AM,Side collision,0,SHELOCTA,PA,60,1,Dawn,Clear,Industry,Freight Train,0,76047,0,146285,H022,40.649421,-79.283207,59.5,61.1,60.9
NS,125145,2017-05-21,7:50 AM,Side collision,0,SHELOCTA,PA,60,1,Dawn,Clear,Industry,Cut of cars,2,70238,0,146285,H022,40.649421,-79.283207,59.5,61.1,60.9
NS,113466,2014-12-16,5:00 PM,Derailment,0,SHELOCTA,PA,43,3,Dusk,Rain,Industry,Freight Train,0,18500,0,77000,T309,40.657475,-79.303408,41.3,42.1,33.7
NS,113466,2014-12-16,5:00 PM,Derailment,0,SHELOCTA,PA,43,3,Dusk,Rain,Industry,Freight Train,6,58500,0,77000,T309,40.657475,-79.303408,41.3,42.1,33.7
UP,1119GP011,2019-11-08,12:57 PM,Hwy-rail crossing,0,SHELTON,NE,48,2,Day,Clear,Main,Freight Train,29,12643,16400,29043,M303,40.778251,-98.740903,24.7,37.7,52.7
UP,0422GP037,2022-04-29,5:50 PM,Derailment,0,SHELTON,NE,73,2,Day,Cloudy,Main,Freight Train,39,174392,110625,285017,M105,40.773184,-98.759317,68.1,62.6,49.5
PSAP,PSA278822R,2022-12-21,7:30 PM,Derailment,0,SHELTON,WA,28,4,Dark,Clear,Industry,Freight Train,4,25000,0,25000,T110,47.209833,-123.09924,32.1,26.6,22.8
NS,144340,2022-02-10,6:00 AM,Other (describe in narrative),0,SHENANDOAH,VA,36,1,Dawn,Clear,Yard,Cut of cars,3,11672,3485,15157,H306,38.486331,-78.627242,38.9,42.6,45.5
NS,137802,2020-04-23,12:30 PM,Derailment,0,SHENANDOAH,VA,65,2,Day,Cloudy,Yard,Freight Train,9,155388,58226,213614,H520,38.46954,-78.617002,49.5,49.5,55.3
NS,145227,2022-05-09,8:20 PM,Other (describe in narrative),0,SHENANDOAH,VA,55,4,Dark,Clear,Main,Freight Train,11,50563,500,51063,E21C,38.539146,-78.578097,46.2,51.1,54.9
CSX,000180252,2018-12-10,5:35 PM,Hwy-rail crossing,0,SHENANDOAH JUNCTION,WV,32,3,Dusk,Clear,Main,,0,0,0,66884,M303,39.362867,-77.864786,27.6,25.6,30
ATK,156667,2018-12-10,5:35 PM,Hwy-rail crossing,0,SHENANDOAH JUNCTION,WV,32,4,Dark,Clear,Main,Passenger Train - Pulling,60,66884,0,66884,M302,39.362899,-77.864881,27.6,25.6,30
NS,121777,2016-08-21,10:46 PM,Derailment,0,SHEPHERD,TN,80,4,Dark,Clear,Yard,Yard/switching,10,6466,6767,13233,M408,35.085649,-85.225965,78.4,78.2,76.7
NS,119783,2016-03-18,6:30 AM,Derailment,0,SHEPHERD,TN,74,1,Dawn,Cloudy,Yard,Light loco(s),3,11857,0,11857,H303,35.076193,-85.216146,60.9,60.1,59.3
UP,1020GC026,2020-10-16,10:50 PM,Hwy-rail crossing,0,SHEPHERD,TX,58,4,Dark,Clear,Main,Freight Train,40,60,18000,18060,M301,30.445282,-95.02887,76.1,60.4,65.4
NS,122559,2016-10-27,6:50 AM,Derailment,0,SHEPHERD,TN,63,1,Dawn,Cloudy,Yard,Yard/switching,4,5809,4759,10568,H306,35.085649,-85.225966,62.9,70,66.1
NS,115003,2015-03-27,4:30 AM,Derailment,0,SHEPHERD,TN,42,1,Dawn,Clear,Yard,Freight Train,9,2900,16208,24108,T207,35.076193,-85.216146,67,48,41.6
NS,115003,2015-03-27,4:30 AM,Derailment,0,SHEPHERD,TN,42,1,Dawn,Clear,Yard,Cut of cars,0,5000,0,24108,T207,35.076193,-85.216146,67,48,41.6
CSX,000203163,2022-02-17,11:07 AM,Hwy-rail crossing,0,SHEPHERDSVILLE,KY,62,2,Day,Rain,Main,Freight Train,39,2769,21141,23910,M302,38.061273,-85.710178,58,55.8,30.8
CSX,000215646,2024-01-13,6:40 AM,Obstruction,0,SHEPHERDSVILLE,KY,23,4,Dark,Cloudy,Main,Freight Train,53,12304,0,12304,M404,37.956749,-85.705256,43,27.5,14.8
CSX,000200358,2021-09-28,9:15 AM,Hwy-rail crossing,0,SHEPHERDSVILLE,KY,65,2,Day,Clear,Main,Freight Train,45,9302,28911,38213,M302,37.990456,-85.713592,69.4,74.4,74.5
MBTA,YR2022123,2022-10-23,12:12 PM,Derailment,0,SHERBORN,MA,56,2,Day,Cloudy,Industry,,0,0,40523,45558,H508,42.248952,-71.416145,51.5,51,56.5
CSX,000208032,2022-10-23,12:12 PM,Derailment,0,SHERBORN,MA,56,2,Day,Cloudy,Industry,Yard/switching,7,5035,0,45558,T110,42.248952,-71.416145,51.5,51,56.5
BNSF,PR0123113,2023-01-24,6:01 AM,Derailment,0,SHERIDAN,WY,29,1,Dawn,Cloudy,Yard,Freight Train,5,500,11424,11924,E71L,44.809091,-106.952567,30.8,30.1,30.3
BNSF,PR0823112,2023-08-27,3:40 PM,Derailment,0,SHERIDAN,WY,85,2,Day,Clear,Yard,Freight Train,8,42145,5000,47145,H607,44.818506,-106.953012,69.7,74.3,71.1
BNSF,PR0918109,2018-09-14,8:35 PM,Other (describe in narrative),0,SHERIDAN,WY,57,3,Dusk,Clear,Main,Freight Train,21,0,27600,27600,H403,44.841554,-106.957944,60.5,60.8,55.6
BNSF,PR0423115,2023-04-30,8:50 AM,Derailment,1,SHERIDAN,WY,43,1,Dawn,Clear,Yard,Freight Train,6,156659,28189,184848,T309,44.817651,-106.952701,56.3,52.8,55.3
BNSF,RD0819123,2019-08-18,2:00 PM,Derailment,0,SHERMAN,TX,99,2,Day,Clear,Siding,Freight Train,8,92902,75000,167902,T217,33.650977,-96.601558,88.8,89,89.5
BNSF,HL1222201,2022-12-19,5:35 PM,Hwy-rail crossing,0,SHERMAN,MS,40,3,Dusk,Clear,Main,Freight Train,54,6000,6000,12000,M302,34.358577,-88.841105,36.3,38,43.7
DGNO,DGN476219,2019-09-04,7:00 PM,Derailment,0,SHERMAN,TX,95,2,Day,Clear,Yard,Freight Train,0,250000,16000,266000,T220,33.566819,-96.596635,84.6,84.4,83.6
BNSF,RD0719104,2019-07-04,5:02 PM,Derailment,0,SHERMAN,TX,85,3,Dusk,Clear,Yard,Freight Train,20,6000,30000,36000,H606,33.648505,-96.603626,82,84.2,84.3
BNSF,RD0817106,2017-08-04,9:55 AM,Derailment,0,SHERMAN,TX,90,2,Day,Clear,Yard,Single Car,10,7415,500,20450,H018,33.649102,-96.603336,78.2,81,84.1
BNSF,HL0719202,2019-07-10,9:55 PM,Hwy-rail crossing,0,SHERMAN,MS,81,4,Dark,Clear,Main,Freight Train,34,2500,30327,32827,M308,34.36502,-88.847989,86,86.1,83.2
BNSF,RD0817106,2017-08-04,9:55 AM,Derailment,0,SHERMAN,TX,90,2,Day,Clear,Yard,Freight Train,5,12535,0,20450,H018,33.649102,-96.603336,78.2,81,84.1
BNSF,RD0918142,2018-09-28,3:35 AM,Derailment,0,SHERMAN,TX,60,4,Dark,Clear,Yard,Freight Train,6,150000,100000,250000,T111,33.649697,-96.602682,64.5,65.6,67.4
DGNO,TNE281117D,2017-04-25,2:55 PM,Derailment,0,SHERMAN,TX,72,2,Day,Cloudy,Yard,Freight Train,4,10000,5000,15000,T110,33.641114,-96.603887,61.7,71.3,59.8
BNSF,RD1222117,2022-12-15,3:37 PM,Derailment,0,SHERMAN,TX,50,2,Day,Clear,Industry,Freight Train,7,9339,3000,12339,T110,33.591664,-96.615301,47.1,42.7,38.3
DGNO,DGN988222,2022-07-07,3:00 PM,Derailment,0,SHERMAN,TX,103,2,Day,Clear,Yard,Freight Train,10,40502,121647,162149,T108,33.54718,-96.601099,90.1,90.9,91.7
MNR,884755,2024-07-26,2:46 PM,Derailment,0,SHERMAN MILLS,ME,77,2,Day,Clear,Main,Freight Train,21,6863,6647,13510,H607,45.818233,-68.498029,65.1,70.4,70.4
CP,1000170207,2015-02-04,11:20 AM,Derailment,7,SHERRILL,IA,16,2,Day,Clear,Main,Freight Train,24,954289,10911,965200,T220,42.66187,-90.84879,11.2,13.5,1.9
NS,130869,2018-09-08,9:27 AM,Derailment,0,SHERRILLS FORD,NC,84,2,Day,Clear,Industry,Freight Train,1,138788,0,138788,H508,35.602926,-80.980478,79.7,78.5,74.2
UP,0622SX004,2022-06-03,6:42 PM,Derailment,0,SHINER,TX,92,3,Dusk,Clear,Main,Freight Train,36,584728,161219,745947,M204,29.42289,-97.181723,82.3,82.9,82.9
CSX,000173458,2017-12-14,6:55 AM,Derailment,0,SHINNSTON,WV,33,1,Dawn,Cloudy,Industry,Freight Train,4,267230,496,267726,T210,39.367333,-80.410798,24.1,31.6,28.6
NS,123774,2017-01-31,3:00 AM,Derailment,0,SHINROCK,OH,27,4,Dark,Snow,Yard,Freight Train,6,16404,14084,30488,H702,41.340151,-82.546879,24.7,32.8,34.6
ATK,147263,2017-04-30,7:48 AM,Obstruction,0,SHIPMAN,IL,52,2,Day,Rain,Main,Passenger Train - Pulling,55,29734,0,29734,M404,39.182922,-89.969143,56.4,59.4,50.9
UP,0417SL016,2017-04-30,7:48 AM,Obstruction,0,SHIPMAN,IL,52,2,Day,Rain,Main,,0,0,0,29734,M404,39.182922,-89.969143,56.4,59.4,50.9
NS,157183,2024-05-15,3:20 PM,Other (describe in narrative),0,SHIPPENSBURG,PA,68,2,Day,Clear,Yard,Freight Train,4,0,0,35000,H996,40.254528,-76.872779,60.7,59.7,64.6
NS,145933,2022-07-22,6:20 AM,Other (describe in narrative),0,SHIREMANSTOWN,PA,74,1,Dawn,Clear,Yard,Freight Train,5,28860,500,29360,H702,40.225678,-76.951812,85,84.6,84.4
NS,119041,2016-01-22,11:00 AM,Derailment,0,SHIREMANSTOWN,PA,22,2,Day,Clear,Yard,Yard/switching,2,23641,100,23741,H702,40.225678,-76.951812,27.4,22.8,24.4
NS,137148,2020-02-12,10:40 AM,Derailment,0,SHIREMANSTOWN,PA,40,2,Day,Cloudy,Industry,Freight Train,4,13407,0,13407,T314,40.232583,-76.918869,45.9,41.5,43.2
PAL,2019DEC2D,2019-12-26,6:54 AM,Derailment,0,SHIVELY,KY,60,1,Dawn,Cloudy,Siding,Freight Train,9,15000,74460,89460,M507,38.208817,-85.811329,49.6,57.8,59.8
NS,116858,2015-08-08,1:45 PM,Derailment,0,SHIVELY,KY,85,2,Day,Clear,Yard,Yard/switching,4,26042,937,26979,H306,38.2349,-85.803991,72.6,76.9,78.8
CSX,000179456,2018-10-22,4:56 PM,Derailment,0,SHORTER,AL,60,2,Day,Clear,Main,Freight Train,45,11941,355,12296,E53C,32.416002,-85.96463,55.4,57,61.6
CSX,000202045,2021-12-23,6:30 PM,Fire/violent rupture,0,SHORTER,AL,50,3,Dusk,Clear,Main,Freight Train,50,78000,95,78095,M406,32.41603,-85.964641,46,44.6,53.8
CSX,000210806,2023-04-14,8:03 AM,Other impacts,0,SHORTER,AL,74,2,Day,Clear,Main,Spec. MoW Equip.,12,2000,0,27300,M599,32.441824,-85.901658,67.8,66.4,66.6
CSX,000210806,2023-04-14,8:03 AM,Other impacts,0,SHORTER,AL,74,2,Day,Clear,Main,Spec. MoW Equip.,12,25300,0,27300,M599,32.441824,-85.901658,67.8,66.4,66.6
KCS,20042402,2020-04-24,7:27 AM,Derailment,0,SHREVEPORT,LA,58,2,Day,Clear,Main,,0,0,10786,121543,H524,32.5146,-93.744518,68.9,69.1,66.5
KCS,18060901,2018-06-09,11:21 AM,Derailment,0,SHREVEPORT,LA,90,2,Day,Clear,Yard,Yard/switching,5,10952,61958,72910,E02C,32.532323,-93.831667,85,84.2,80.9
UP,0217LK008,2017-02-07,8:28 PM,Derailment,0,SHREVEPORT,LA,64,4,Dark,Clear,Yard,Freight Train,6,487,66,16856,H307,32.431128,-93.906396,66.7,71.8,63.7
KCS,14122601,2014-12-26,2:28 AM,Derailment,0,SHREVEPORT,LA,50,4,Dark,Clear,Yard,Yard/switching,4,663,16985,17648,H702,32.532928,-93.832234,45.1,52.5,54.5
UP,0319MA013,2019-03-07,2:45 AM,Derailment,0,SHREVEPORT,LA,47,4,Dark,Cloudy,Main,Freight Train,8,8480,481808,490288,M507,32.436811,-93.812752,41.4,54.8,69.6
KCS,17011301,2017-01-13,9:15 AM,Derailment,0,SHREVEPORT,LA,67,2,Day,Cloudy,Yard,,0,0,44377,62823,E60C,32.512222,-93.744722,70.7,66.6,64.7
UP,0117LK017,2017-01-15,5:46 AM,Derailment,0,SHREVEPORT,LA,57,4,Dark,Cloudy,Yard,Yard/switching,8,1570,185163,186733,T220,32.513549,-93.743473,64.7,61.9,65.9
KCS,17061302,2017-06-13,10:30 AM,Other impacts,0,SHREVEPORT,LA,84,2,Day,Clear,Yard,Single Car,4,11794,0,22172,M411,32.535843,-93.835273,80.3,82,84.1
UP,1216LK025,2016-12-28,5:10 PM,Derailment,0,SHREVEPORT,LA,65,3,Dusk,Clear,Yard,Yard/switching,4,2936,0,18824,H307,32.447516,-93.802008,62.3,64.6,56.6
PSBX,15060501,2015-06-05,7:00 AM,Other (describe in narrative),0,SHREVEPORT,LA,90,1,Dawn,Clear,Industry,Cut of cars,0,29989,0,364389,M103,32.360609,-93.628973,77.9,79.3,81
PSBX,15060501,2015-06-05,7:00 AM,Other (describe in narrative),0,SHREVEPORT,LA,90,1,Dawn,Clear,Industry,Cut of cars,0,32072,0,364389,M103,32.360609,-93.628973,77.9,79.3,81
UP,1216LK025,2016-12-28,5:10 PM,Derailment,0,SHREVEPORT,LA,65,3,Dusk,Clear,Yard,Yard/switching,6,15888,0,18824,H307,32.447516,-93.802008,62.3,64.6,56.6
PSBX,15060501,2015-06-05,7:00 AM,Other (describe in narrative),0,SHREVEPORT,LA,90,1,Dawn,Clear,Industry,Cut of cars,0,32273,0,364389,M103,32.360609,-93.628973,77.9,79.3,81
PSBX,15060501,2015-06-05,7:00 AM,Other (describe in narrative),0,SHREVEPORT,LA,90,1,Dawn,Clear,Industry,Cut of cars,0,26603,0,364389,M103,32.360609,-93.628973,77.9,79.3,81
UP,1121MA036,2021-11-22,10:30 AM,Hwy-rail crossing,0,SHREVEPORT,LA,56,2,Day,Clear,Main,Freight Train,50,18844,0,18844,M302,32.196534,-93.481105,64.6,55.5,52.1
KCS,22071904,2022-07-19,12:30 PM,Other impacts,0,SHREVEPORT,LA,100,2,Day,Clear,Yard,Light loco(s),4,35048,0,35048,H302,32.541952,-93.844698,91.9,91.3,92
KCS,22071904,2022-07-19,12:30 PM,Other impacts,0,SHREVEPORT,LA,100,2,Day,Clear,Yard,Cut of cars,0,0,0,35048,H302,32.541952,-93.844698,91.9,91.3,92
PSBX,15060501,2015-06-05,7:00 AM,Other (describe in narrative),0,SHREVEPORT,LA,90,1,Dawn,Clear,Industry,Cut of cars,0,36859,0,364389,M103,32.360609,-93.628973,77.9,79.3,81
UP,1218MA072,2018-12-26,6:00 PM,Other impacts,0,SHREVEPORT,LA,64,3,Dusk,Rain,Yard,Cut of cars,0,100,0,11986,H307,32.429177,-93.901278,59.7,62.7,59.9
UP,1218MA072,2018-12-26,6:00 PM,Other impacts,0,SHREVEPORT,LA,64,3,Dusk,Rain,Yard,Yard/switching,6,11853,33,11986,H307,32.429177,-93.901278,59.7,62.7,59.9
UP,0721MA031,2021-07-26,2:09 AM,Other impacts,0,SHREVEPORT,LA,78,4,Dark,Clear,Yard,Yard/switching,8,61951,0,68754,H318,32.430236,-93.905594,87,87.1,85.4
KCS,17121601,2017-12-16,4:00 AM,Derailment,0,SHREVEPORT,LA,37,4,Dark,Clear,Yard,Light loco(s),3,0,17329,17329,H702,32.541859,-93.844083,43.8,44.9,47.1
UP,0217LK008,2017-02-07,8:28 PM,Derailment,0,SHREVEPORT,LA,64,4,Dark,Clear,Yard,Cut of cars,0,16303,0,16856,H307,32.431128,-93.906396,66.7,71.8,63.7
UP,0721MA031,2021-07-26,2:09 AM,Other impacts,0,SHREVEPORT,LA,78,4,Dark,Clear,Yard,Single Car,0,6803,0,68754,H318,32.430236,-93.905594,87,87.1,85.4
KCS,20042906,2020-04-29,11:05 AM,Derailment,0,SHREVEPORT,LA,75,2,Day,Clear,Yard,Light loco(s),4,11208,276634,377313,H607,32.542838,-93.845761,69.7,67.8,66.2
UP,0218LK007,2018-02-03,2:20 PM,Other impacts,0,SHREVEPORT,LA,64,2,Day,Cloudy,Yard,Yard/switching,6,45311,0,47925,H020,32.424775,-93.889394,43.8,41.7,53.1
KCS,20042906,2020-04-29,11:05 AM,Derailment,0,SHREVEPORT,LA,75,2,Day,Clear,Yard,Yard/switching,4,89471,0,377313,H607,32.542838,-93.845761,69.7,67.8,66.2
UP,0922MA001,2022-09-01,1:45 PM,Derailment,0,SHREVEPORT,LA,88,2,Day,Cloudy,Yard,Freight Train,1,22523,0,22523,H503,32.426648,-93.894309,83.3,82.1,79.3
UP,0617LV005,2017-06-04,4:20 AM,Other impacts,0,SHREVEPORT,LA,80,4,Dark,Clear,Yard,Yard/switching,4,30895,264,55197,H306,32.366488,-93.643588,77.5,75.6,77.3
KCS,21041201,2021-04-12,2:30 PM,Derailment,0,SHREVEPORT,LA,85,2,Day,Clear,Yard,Yard/switching,7,14650,23213,37863,E40C,32.527749,-93.827227,63.9,68.8,72.3
UP,0718LK002,2018-07-02,5:46 AM,Derailment,0,SHREVEPORT,LA,90,1,Dawn,Clear,Yard,Yard/switching,4,38024,660,38684,M409,32.447399,-93.801829,89.6,90,86.2
UP,0218LK007,2018-02-03,2:20 PM,Other impacts,0,SHREVEPORT,LA,64,2,Day,Cloudy,Yard,Cut of cars,2,2614,0,47925,H020,32.424775,-93.889394,43.8,41.7,53.1
UP,0617LV005,2017-06-04,4:20 AM,Other impacts,0,SHREVEPORT,LA,80,4,Dark,Clear,Yard,Cut of cars,0,24038,0,55197,H306,32.366488,-93.643588,77.5,75.6,77.3
UP,0118LK051,2018-01-10,2:02 PM,Other (describe in narrative),0,SHREVEPORT,LA,60,2,Day,Clear,Yard,Light loco(s),0,49724,0,49724,E36L,32.430445,-93.906421,48.6,53.1,57
UP,0918LK025,2018-09-14,11:34 PM,Derailment,0,SHREVEPORT,LA,90,4,Dark,Cloudy,Yard,Yard/switching,4,8368,3926,12294,H511,32.438411,-93.924949,79.7,81.7,84.2