reportingrailroadcode,accidentnumber,date,time,accidenttype,hazmatreleasedcars,station,stateabbr,temperature,visibility_code,visibility,weathercondition,tracktype,equipmenttype,trainspeed,equipmentdamagecost,trackdamagecost,totaldamagecost,primaryaccidentcausecode,latitude,longitude,prior_temp,actual_temp,following_temp
UP,0316LK030,2016-03-29,3:50 AM,Derailment,0,SHREVEPORT,LA,50,4,Dark,Cloudy,Yard,Yard/switching,6,36036,3280,39316,T222,32.458539,-93.790832,57.7,61.5,69.5
UP,0815LK005,2015-08-02,3:30 PM,Derailment,0,SHREVEPORT,LA,102,2,Day,Cloudy,Yard,Yard/switching,4,19931,2056,21987,T212,32.44751,-93.801998,83.3,83.5,85.3
KCS,18082502,2018-08-25,5:20 AM,Derailment,0,SHREVEPORT,LA,79,4,Dark,Clear,Yard,Light loco(s),3,25641,13064,38705,E64L,32.5418,-93.844812,86.1,87.9,87.1
UP,0216LK005,2016-02-06,12:55 AM,Derailment,0,SHREVEPORT,LA,34,4,Dark,Cloudy,Yard,Yard/switching,2,59753,55280,115033,M501,32.429698,-93.901932,42.1,44.1,47.1
KCS,21022403,2021-02-24,7:00 AM,Derailment,0,SHREVEPORT,LA,50,1,Dawn,Cloudy,Yard,Yard/switching,5,265,16254,16519,M411,32.5411,-93.843254,56.7,62.6,58.9
UP,0815LK022,2015-08-25,7:17 PM,Derailment,0,SHREVEPORT,LA,80,3,Dusk,Cloudy,Yard,Freight Train,4,58319,57220,220004,H020,32.44751,-93.801998,82.6,76.2,75.4
UP,0815LK022,2015-08-25,7:17 PM,Derailment,0,SHREVEPORT,LA,80,3,Dusk,Cloudy,Yard,Cut of cars,2,104465,0,220004,H020,32.44751,-93.801998,82.6,76.2,75.4
UP,0815LK020,2015-08-21,5:59 PM,Side collision,0,SHREVEPORT,LA,82,2,Day,Cloudy,Yard,Yard/switching,4,10331,6200,18778,H021,32.435772,-93.917575,71.3,76.9,80.8
UP,0116LK001,2016-01-02,9:50 AM,Derailment,0,SHREVEPORT,LA,51,2,Day,Cloudy,Yard,,0,0,78148,78303,H513,32.508424,-93.737061,43.6,44.6,49
UP,0815LK020,2015-08-21,5:59 PM,Side collision,0,SHREVEPORT,LA,82,2,Day,Cloudy,Yard,Freight Train,3,2247,0,18778,H021,32.435772,-93.917575,71.3,76.9,80.8
KCS,15070701,2015-07-07,5:20 AM,Derailment,0,SHREVEPORT,LA,78,4,Dark,Clear,Yard,Yard/switching,3,281,17040,17321,H702,32.540322,-93.839538,82.1,83.6,84.2
KCS,19110302,2019-11-03,3:20 PM,Other impacts,0,SHREVEPORT,LA,60,2,Day,Clear,Yard,Yard/switching,10,261698,208821,526324,E34C,32.527264,-93.82666,50,50.2,59.8
UP,0324MA011,2024-03-10,8:35 AM,Derailment,0,SHREVEPORT,LA,45,2,Day,Clear,Yard,Single Car,0,2663,0,32139,T211,32.426022,-93.892794,53.5,52.7,55
UP,0618LK045,2018-06-22,7:45 AM,Derailment,0,SHREVEPORT,LA,82,4,Dark,Clear,Yard,Yard/switching,6,10516,2464,12980,H503,32.514575,-93.744493,83.7,88.4,88.2
KCS,21032404,2021-03-24,10:30 AM,Derailment,0,SHREVEPORT,LA,76,2,Day,Clear,Main,,0,0,6750,209385,H603,32.512839,-93.743296,67,65.1,67.5
UP,0715LK018,2015-07-21,2:13 PM,Derailment,0,SHREVEPORT,LA,99,2,Day,Cloudy,Yard,Yard/switching,9,13469,70,13539,E44C,32.429698,-93.901932,88.7,87,87.1
UP,0324MA011,2024-03-10,8:35 AM,Derailment,0,SHREVEPORT,LA,45,2,Day,Clear,Yard,Yard/switching,10,29311,165,32139,T211,32.426022,-93.892794,53.5,52.7,55
UP,0321MA044,2021-03-24,10:30 AM,Derailment,0,SHREVEPORT,LA,62,2,Day,Clear,Main,Freight Train,15,196809,5826,209385,H603,32.512839,-93.743296,67,65.1,67.5
PSBX,15060501,2015-06-05,7:00 AM,Other (describe in narrative),0,SHREVEPORT,LA,90,1,Dawn,Clear,Industry,Cut of cars,0,124697,0,364389,M103,32.360609,-93.628973,77.9,79.3,81
UP,0919MA015,2019-09-06,3:41 PM,Hwy-rail crossing,0,SHREVEPORT,LA,99,2,Day,Clear,Industry,Freight Train,6,10662,38828,49490,M308,32.44213,-93.806409,85.5,87,88.4
UP,0715LK016,2015-07-15,6:50 PM,Fire/violent rupture,0,SHREVEPORT,LA,90,2,Day,Cloudy,Main,Freight Train,10,27163,0,27163,E74L,32.437707,-93.807977,85.9,85.8,86.2
UP,0919MA001,2019-09-01,3:08 PM,Derailment,0,SHREVEPORT,LA,94,2,Day,Clear,Yard,Freight Train,3,62995,3800,66795,H524,32.504984,-93.73139,83.2,84,84
PSBX,15060501,2015-06-05,7:00 AM,Other (describe in narrative),0,SHREVEPORT,LA,90,1,Dawn,Clear,Industry,Cut of cars,0,74401,0,364389,M103,32.360609,-93.628973,77.9,79.3,81
KCS,19032202,2019-03-22,1:30 PM,Derailment,0,SHREVEPORT,LA,70,2,Day,Clear,Industry,Freight Train,5,37780,304,38084,H021,32.420616,-93.747294,60,60.8,64.3
PSBX,15060501,2015-06-05,7:00 AM,Other (describe in narrative),0,SHREVEPORT,LA,90,1,Dawn,Clear,Industry,Cut of cars,0,7495,0,364389,M103,32.360609,-93.628973,77.9,79.3,81
KCS,17061302,2017-06-13,10:30 AM,Other impacts,0,SHREVEPORT,LA,84,2,Day,Clear,Yard,Single Car,0,10378,0,22172,M411,32.535843,-93.835273,80.3,82,84.1
UP,0117LK018,2017-01-13,9:15 AM,Derailment,0,SHREVEPORT,LA,63,2,Day,Clear,Main,Freight Train,8,14314,4132,62823,E60C,32.51437,-93.744289,70.7,66.6,64.7
UP,0420MA023,2020-04-24,7:27 AM,Derailment,0,SHREVEPORT,LA,58,2,Day,Clear,Main,Freight Train,1,107461,3296,121543,H524,32.5146,-93.744518,68.9,69.1,66.5
UP,0520MA027,2020-05-22,6:00 AM,Obstruction,0,SHREVEPORT,LA,73,1,Dawn,Cloudy,Industry,Yard/switching,6,12742,0,12742,E7AL,32.43351,-93.921634,78,81.9,75.8
UP,0721MA002,2021-07-01,5:01 PM,Derailment,0,SHREVEPORT,LA,93,2,Day,Clear,Main,Freight Train,7,95148,1408,96556,T222,32.504941,-93.72966,83.1,84.7,80.7
KCS,19071501,2019-07-15,4:15 AM,Derailment,0,SHREVEPORT,LA,75,4,Dark,Rain,Main,Freight Train,8,1123,130075,131198,E67L,32.544844,-93.84849,75.9,80.7,86.7
UP,0223MA025,2023-02-19,7:19 PM,Other impacts,0,SHREVEPORT,LA,63,3,Dusk,Clear,Yard,Single Car,0,153,0,36469,H318,32.430323,-93.905929,44,56.3,70.4
KCS,14112002,2014-11-20,4:30 PM,Derailment,0,SHREVEPORT,LA,64,2,Day,Cloudy,Yard,Yard/switching,4,10819,6814,17633,M411,32.523378,-93.820301,47.7,53.5,56.2
UP,0223MA025,2023-02-19,7:19 PM,Other impacts,0,SHREVEPORT,LA,63,3,Dusk,Clear,Yard,Yard/switching,10,36316,0,36469,H318,32.430323,-93.905929,44,56.3,70.4
KCS,15123003,2015-12-30,4:30 AM,Derailment,0,SHREVEPORT,LA,45,4,Dark,Clear,Yard,Light loco(s),4,0,15970,15970,H702,32.535189,-93.832752,42.1,46.3,44.2
KCS,18120401,2018-12-04,1:30 AM,Derailment,0,SHREVEPORT,LA,40,4,Dark,Clear,Yard,Cut of cars,0,3971,0,29743,M411,32.533851,-93.834819,49.9,41.8,42.5
KCS,16081902,2016-08-19,12:22 PM,Derailment,0,SHREVEPORT,LA,84,2,Day,Cloudy,Yard,Yard/switching,4,677,20701,21378,H702,32.526987,-93.82652,76.1,78.5,81.4
UP,0519GC020,2019-05-07,4:53 PM,Hwy-rail crossing,0,SHREVEPORT,LA,85,2,Day,Clear,Main,Freight Train,38,1319983,153547,1473530,M303,32.270448,-93.534794,74.9,77.6,72.6
KCS,22090503,2022-09-05,9:00 PM,Derailment,0,SHREVEPORT,LA,85,4,Dark,Clear,Yard,Yard/switching,10,185471,17340,202811,M411,32.532987,-93.83322,79.8,79.7,81.4
KCS,18120401,2018-12-04,1:30 AM,Derailment,0,SHREVEPORT,LA,40,4,Dark,Clear,Yard,Yard/switching,4,24295,1477,29743,M411,32.533851,-93.834819,49.9,41.8,42.5
KCS,18122903,2018-12-29,8:25 AM,Derailment,0,SHREVEPORT,LA,42,2,Day,Cloudy,Yard,Yard/switching,7,6297,19557,25854,M405,32.525773,-93.824629,47,44.3,44.6
UP,0216LK017,2016-02-18,9:30 AM,Derailment,0,SHREVEPORT,LA,59,2,Day,Cloudy,Main,Freight Train,4,15915,900,16815,H522,32.512272,-93.744619,52.7,60.6,67.7
KCS,18032502,2018-03-25,6:45 PM,Derailment,0,SHREVEPORT,LA,70,2,Day,Clear,Yard,Light loco(s),3,4360,7090,11450,H303,32.538424,-93.834996,70.9,70.1,71.6
UP,0119MA041,2019-01-29,2:40 PM,Derailment,0,SHREVEPORT,LA,43,2,Day,Clear,Yard,Freight Train,8,13308,2646,15954,M101,32.436006,-93.918539,50.6,38.2,38.8
UP,0817LK010,2017-08-07,8:45 AM,Derailment,0,SHREVEPORT,LA,82,2,Day,Cloudy,Yard,Yard/switching,6,22680,4965,27645,H704,32.460976,-93.793801,80.3,77.6,77.5
UP,0717LK040,2017-07-30,8:30 PM,Derailment,0,SHREVEPORT,LA,85,4,Dark,Clear,Yard,Single Car,0,95,0,17562,H704,32.432921,-93.911365,84.5,80.4,81.7
UP,0722MA030,2022-07-13,7:15 PM,Other impacts,0,SHREVEPORT,LA,97,3,Dusk,Cloudy,Yard,Cut of cars,0,0,0,11638,E29C,32.449884,-93.798699,88,88.9,85
UP,0722MA030,2022-07-13,7:15 PM,Other impacts,0,SHREVEPORT,LA,97,3,Dusk,Cloudy,Yard,Yard/switching,1,11638,0,11638,E29C,32.449884,-93.798699,88,88.9,85
UP,0317LV019,2017-03-08,12:00 PM,Other (describe in narrative),0,SHREVEPORT,LA,69,2,Day,Clear,Industry,Single Car,0,14494,0,14494,M507,32.361386,-93.641933,63.4,59.5,68.3
UP,0717LK040,2017-07-30,8:30 PM,Derailment,0,SHREVEPORT,LA,85,4,Dark,Clear,Yard,Yard/switching,4,15437,2030,17562,H704,32.432921,-93.911365,84.5,80.4,81.7
UP,0822GC004,2022-08-05,4:40 PM,Hwy-rail crossing,0,SHREVEPORT,LA,94,2,Day,Clear,Main,Freight Train,30,17714,0,17714,M302,32.365319,-93.646579,85.8,85.8,85.1
KCS,18120701,2018-12-07,10:50 AM,Derailment,0,SHREVEPORT,LA,47,2,Day,Rain,Yard,Freight Train,4,4042,17371,21413,E30C,32.537856,-93.839799,46.8,46.1,42.4
KCS,22121405,2022-12-14,5:23 PM,Derailment,0,SHREVEPORT,LA,58,2,Day,Clear,Yard,Yard/switching,4,5048,90713,95761,M411,32.532461,-93.831631,62.7,55.7,46.9
PSBX,17060401,2017-06-04,4:20 AM,Other impacts,0,SHREVEPORT,LA,80,4,Dark,Clear,Yard,Yard/switching,4,13662,364,20753,H306,32.366488,-93.643588,77.5,75.6,77.3
PSBX,17060401,2017-06-04,4:20 AM,Other impacts,0,SHREVEPORT,LA,80,4,Dark,Clear,Yard,Cut of cars,0,6727,0,20753,H306,32.366488,-93.643588,77.5,75.6,77.3
UP,0419GC011,2019-04-09,10:24 AM,Hwy-rail crossing,0,SHREVEPORT,LA,71,2,Day,Clear,Main,Freight Train,41,1383920,94075,1477995,M308,32.22665,-93.483671,69,71,73.2
KCS,18062701,2018-06-27,3:15 AM,Derailment,0,SHREVEPORT,LA,89,4,Dark,Clear,Yard,Freight Train,6,13943,50495,64438,H702,32.526318,-93.825434,87.6,88.7,89.1
KCS,16100102,2016-10-01,9:35 AM,Derailment,0,SHREVEPORT,LA,72,2,Day,Clear,Yard,Yard/switching,3,5087,27253,32340,H504,32.540971,-93.841728,67.7,69.1,70.6
UP,1218MA075,2018-12-27,12:30 PM,Derailment,0,SHREVEPORT,LA,60,2,Day,Clear,Industry,Yard/switching,10,17911,1806,19717,T110,32.432698,-93.90965,62.7,59.9,47
KCS,16010202,2016-01-02,9:50 AM,Derailment,0,SHREVEPORT,LA,45,2,Day,Cloudy,Yard,Freight Train,6,155,0,78303,T309,32.508424,-93.737061,43.6,44.6,49
UP,0817LK044,2017-08-30,4:07 PM,Derailment,0,SHREVEPORT,LA,78,2,Day,Rain,Yard,Yard/switching,6,93391,2835,96226,T210,32.434498,-93.914284,74.6,72.7,76.5
UP,0615LK007,2015-06-12,11:10 PM,Derailment,0,SHREVEPORT,LA,75,4,Dark,Cloudy,Yard,Freight Train,4,213614,50737,264351,T210,32.458539,-93.790832,82.8,81.1,79
KCS,20092702,2020-09-27,8:33 PM,Derailment,0,SHREVEPORT,LA,77,4,Dark,Clear,Yard,Freight Train,2,2559,8596,11155,T210,32.525152,-93.750179,69.8,76.8,70.6
KCS,14121702,2014-12-17,5:55 AM,Derailment,0,SHREVEPORT,LA,38,4,Dark,Clear,Yard,Freight Train,4,12650,8852,21502,T110,32.535058,-93.8361,46.6,41.6,47
KCS,15012403,2015-01-24,8:15 PM,Derailment,0,SHREVEPORT,LA,40,4,Dark,Clear,Yard,Yard/switching,3,8990,17721,26711,T205,32.616111,-93.846667,39.9,43.8,51.2
UP,0216LK013,2016-02-16,8:10 PM,Derailment,0,SHREVEPORT,LA,56,4,Dark,Cloudy,Yard,Yard/switching,4,1615,241708,243323,T199,32.432735,-93.909754,58.5,57.9,52.7
UP,0722MA009,2022-07-04,4:00 AM,Other impacts,0,SHREVEPORT,LA,80,1,Dawn,Clear,Yard,Single Car,5,6313,0,19458,T103,32.435537,-93.917433,86.2,87.8,88.6
UP,0722MA009,2022-07-04,4:00 AM,Other impacts,0,SHREVEPORT,LA,80,1,Dawn,Clear,Yard,Yard/switching,7,13145,0,19458,T103,32.435537,-93.917433,86.2,87.8,88.6
UP,1021MA029,2021-10-18,1:55 PM,Derailment,0,SHREVEPORT,LA,75,2,Day,Clear,Yard,Yard/switching,6,5243,89830,95073,T314,32.429616,-93.901969,60,62.1,62.9
UP,0616LK012,2016-06-19,1:45 AM,Derailment,0,SHREVEPORT,LA,85,4,Dark,Cloudy,Yard,Freight Train,0,0,1329792,1485678,T111,32.512519,-93.74244,81.4,81.7,80.5
KCS,17070901,2017-07-09,1:05 AM,Derailment,0,SHREVEPORT,LA,75,4,Dark,Clear,Yard,Yard/switching,8,4877,6419,11296,T101,32.526987,-93.82652,82.8,80.1,80.7
UP,1218MA018,2018-12-08,2:35 AM,Derailment,0,SHREVEPORT,LA,43,4,Dark,Rain,Yard,Yard/switching,4,55220,4000,59220,T202,32.452831,-93.796185,46.1,42.4,42.3
UP,0217LK011,2017-02-09,12:54 PM,Derailment,0,SHREVEPORT,LA,71,2,Day,Clear,Yard,Light loco(s),3,810,10319,11129,T319,32.430999,-93.908534,63.7,49.6,56.8
UP,0815LK007,2015-08-10,6:05 AM,Derailment,0,SHREVEPORT,LA,90,1,Dawn,Cloudy,Yard,Yard/switching,4,56267,1325,57592,T317,32.437084,-93.921549,90.6,91.3,90.2
MDS,040623MEWA,2023-04-06,11:10 AM,Derailment,0,SHUBUTA,MS,76,2,Day,Clear,Main,Freight Train,8,104849,81000,185849,T222,31.9337,-88.71244,77.4,69.8,60.3
MDS,19070202R1,2019-02-07,1:36 PM,Derailment,0,SHUBUTA,MS,82,2,Day,Rain,Main,Freight Train,5,15000,275000,290000,T202,31.91515,-88.71065,70.7,70.5,46.8
BKRR,20231201,2023-12-20,4:35 PM,Derailment,0,SHUSHAN,NY,34,3,Dusk,Cloudy,Main,Freight Train,10,105083,8500,113583,E47C,43.132807,-73.352018,34.8,29,24.9
KCS,17102301,2017-10-23,4:37 AM,Derailment,0,SIBLEY,LA,52,4,Dark,Clear,Siding,Freight Train,18,90317,122424,212741,E62C,32.539609,-93.286534,65.4,59.9,59.7
BNSF,CH0415111,2015-04-30,1:00 AM,Derailment,0,SIBLEY,MO,52,4,Dark,Clear,Industry,Freight Train,3,13460,0,13460,H503,39.175999,-94.186038,61.1,62,63.3
UP,0521GL015,2021-05-16,1:54 PM,Derailment,10,SIBLEY,IA,73,2,Day,Cloudy,Main,Freight Train,46,2834847,583268,3418115,H504,43.380432,-95.75958,61.6,61.1,59.7
NS,134489,2019-06-24,8:15 PM,Derailment,0,SIDMAN,PA,68,4,Dark,Rain,Industry,Freight Train,7,205972,0,205972,T109,40.321518,-78.746659,65.6,70.8,69.8
CSX,000161556,2016-07-23,3:50 PM,Derailment,0,SIDNEY,OH,90,2,Day,Clear,Industry,Freight Train,4,19982,500,20482,H306,40.273794,-84.165386,76.1,78.8,79.5
UP,1123GP037,2023-11-29,8:30 AM,Derailment,0,SIDNEY,NE,16,2,Day,Clear,Yard,Yard/switching,6,44796,4208,49004,H306,41.146375,-102.968766,30,31.9,25.6
UP,1217NP015,2017-12-24,5:33 AM,Derailment,0,SIDNEY,NE,-15,4,Dark,Cloudy,Main,Freight Train,36,752503,144690,897193,T221,41.152991,-103.042956,15.1,-0.4,7.6
CSX,000189856,2020-04-25,4:45 PM,Derailment,0,SIDNEY,OH,54,2,Day,Rain,Industry,Freight Train,4,29041,0,29041,M501,40.273794,-84.165386,52.2,56.2,46.7
BNSF,MT1015100,2015-10-07,4:50 PM,Derailment,0,SIDNEY,MT,72,2,Day,Cloudy,Yard,Freight Train,3,3884,207335,211219,H607,47.71835,-104.13965,43.8,54,51.6
UP,0320GP029,2020-03-28,7:40 AM,Obstruction,0,SIDNEY,NE,32,2,Day,Snow,Siding,Cut of cars,20,500,5358,14383,M105,41.147505,-102.935061,39.9,34.8,40.2
UP,0320GP029,2020-03-28,7:40 AM,Obstruction,0,SIDNEY,NE,32,2,Day,Snow,Siding,Cut of cars,0,8525,0,14383,M105,41.147505,-102.935061,39.9,34.8,40.2
UP,0715NP020,2015-07-28,9:30 AM,Derailment,0,SIDNEY,NE,78,2,Day,Clear,Yard,Cut of cars,0,11227,0,24219,H021,41.145938,-102.990991,77.2,70,67.9
UP,0715NP020,2015-07-28,9:30 AM,Derailment,0,SIDNEY,NE,78,2,Day,Clear,Yard,Yard/switching,5,8834,225,24219,H021,41.145938,-102.990991,77.2,70,67.9
UP,0922GP007,2022-09-07,6:10 AM,Derailment,0,SIDNEY,NE,66,1,Dawn,Clear,Yard,Freight Train,7,9445,88768,98213,H307,41.146223,-102.972795,81.3,81.7,82.3
UP,1215NP022,2015-12-21,1:00 AM,Hwy-rail crossing,1,SIDNEY,NE,14,4,Dark,Fog,Main,Freight Train,69,1408285,497746,1906031,M305,41.210984,-103.096964,31.3,27.7,33.3
BNSF,PR0418103,2018-04-07,3:11 AM,Derailment,0,SIDNEY,NE,13,4,Dark,Cloudy,Main,Freight Train,15,24875,1000,25875,E86C,41.076487,-103.053775,23.7,28,49.3
BNSF,PR1115202,2015-11-12,1:15 PM,Hwy-rail crossing,0,SIDNEY,NE,54,2,Day,Clear,Main,Maint./inspect Car,28,85000,0,85000,M302,41.10157,-103.031,35.6,36.6,37.9
UP,0822GL009,2022-08-08,10:42 AM,Derailment,0,SIDNEY,NE,70,2,Day,Clear,Industry,Freight Train,5,18127,0,46127,T111,41.430946,-96.504134,70.8,74.2,78.4
IC,973844,2018-09-23,2:57 PM,Hwy-rail crossing,0,SIDON,MS,74,2,Day,Rain,Main,Freight Train,51,6000,17830,23830,M399,33.409644,-90.207952,78.9,75.9,79.2
IC,1093785,2022-02-02,9:15 AM,Hwy-rail crossing,0,SIDON,MS,56,2,Day,Rain,Main,,0,0,0,41000,M302,33.390616,-90.214846,59,57.7,38.5
ATK,169666,2022-02-02,9:15 AM,Hwy-rail crossing,0,SIDON,MS,56,2,Day,Rain,Main,Passenger Train - Pulling,80,41000,0,41000,M302,33.390616,-90.214846,59,57.7,38.5
CXRG,CX240613A,2024-06-13,3:11 PM,Derailment,0,SIERRA,CO,92,2,Day,Clear,Main,Freight Train,10,0,64274,64274,T109,37.52395,-105.256144,60.1,65,51.6
UP,0319ST018,2019-03-09,1:20 AM,Obstruction,0,SIERRA BLANCA,TX,49,4,Dark,Clear,Main,Freight Train,55,60013,0,60013,M402,31.127637,-105.193993,64,52.6,57.7
UP,0418ST014,2018-04-28,12:07 AM,Derailment,0,SIERRA BLANCA,TX,75,4,Dark,Clear,Industry,Freight Train,10,10467,2215,12682,T205,31.077239,-105.001685,62.7,69.7,76.6
BNSF,HL0118117,2018-01-19,1:10 AM,Derailment,0,SIKESTON,MO,12,4,Dark,Clear,Industry,Freight Train,3,14108,0,14108,M101,36.880087,-89.619249,19.5,28.7,39.6
KCS,17110203,2017-11-02,10:44 AM,Hwy-rail crossing,0,SILOAM SPRINGS,AR,75,2,Day,Clear,Main,Freight Train,33,16206,0,16206,M303,36.14995,-94.54516,51.3,69,63.5
TIBR,M541115,2015-11-24,12:06 AM,Raking collision,0,SILSBEE,TX,42,4,Dark,Clear,Yard,Yard/switching,5,25000,0,25000,H018,30.210578,-94.110247,46.4,55.7,63.8
TIBR,IN20160111,2016-01-11,9:00 PM,Side collision,0,SILSBEE,TX,30,4,Dark,Clear,Yard,Yard/switching,5,16416,0,28004,H020,30.210572,-94.110229,42.9,42,44.6
TIBR,160727001,2016-07-27,2:00 AM,Derailment,0,SILSBEE,TX,78,4,Dark,Clear,Yard,Yard/switching,4,22000,0,22000,H306,30.211442,-94.112633,80.3,78.9,81.5
BNSF,RD0717112,2017-07-16,3:44 AM,Derailment,0,SILSBEE,TX,78,4,Dark,Cloudy,Yard,Yard/switching,7,11916,0,11916,H318,30.351278,-94.183444,77.5,79.4,80.3
BNSF,RD0724129,2024-07-26,7:05 AM,Derailment,0,SILSBEE,TX,75,1,Dawn,Cloudy,Yard,Yard/switching,8,137369,3500,147342,M505,30.356083,-94.194531,76,77.3,77.8
BNSF,RD0717116,2017-07-23,2:00 AM,Side collision,0,SILSBEE,TX,72,4,Dark,Clear,Yard,Freight Train,4,17544,0,73279,H318,30.351524,-94.184658,80,80.2,83.1
BNSF,RD0424108,2024-04-08,11:15 PM,Derailment,0,SILSBEE,TX,70,4,Dark,Cloudy,Yard,Yard/switching,7,47037,18653,65690,H019,30.355692,-94.193492,74.6,74.3,74.4
BNSF,RD0617129,2017-06-27,3:48 AM,Derailment,0,SILSBEE,TX,75,4,Dark,Clear,Yard,Yard/switching,4,46891,8500,55391,H318,30.358812,-94.200573,77.4,78.4,78.1
BNSF,RD0724129,2024-07-26,7:05 AM,Derailment,0,SILSBEE,TX,75,1,Dawn,Cloudy,Yard,Cut of cars,0,6473,0,147342,M505,30.356083,-94.194531,76,77.3,77.8
BNSF,RD0623112,2023-06-12,5:00 AM,Derailment,0,SILSBEE,TX,76,1,Dawn,Clear,Yard,Yard/switching,5,67433,1500,68933,H309,30.355595,-94.193784,81.7,83.3,84
BNSF,RD0419133,2019-04-24,12:57 PM,Derailment,0,SILSBEE,TX,76,2,Day,Cloudy,Yard,Yard/switching,5,6871,16000,22871,M410,30.35184,-94.185665,70.3,71.6,73.1
BNSF,RD0122102,2022-01-02,8:19 AM,Derailment,0,SILSBEE,TX,41,1,Dawn,Cloudy,Yard,Yard/switching,1,594811,200500,795311,E30C,30.358742,-94.200351,74.9,43,39
BNSF,RD0119109,2019-01-11,2:20 PM,Derailment,0,SILSBEE,TX,50,2,Day,Clear,Yard,Freight Train,7,2800,69498,72298,H512,30.35841,-94.199806,48.1,53.2,60.5
BNSF,RD0920124,2020-09-26,6:45 PM,Other (describe in narrative),0,SILSBEE,TX,81,3,Dusk,Clear,Yard,Yard/switching,5,26030,0,26030,H312,30.354133,-94.190709,73.6,75,78.1
BNSF,RD0318101,2018-03-01,9:30 AM,Derailment,0,SILSBEE,TX,68,2,Day,Clear,Yard,Freight Train,6,12308,250,12558,H607,30.350368,-94.181558,73.8,68.7,62.8
BNSF,RD1019122,2019-10-30,5:45 PM,Derailment,0,SILSBEE,TX,60,3,Dusk,Cloudy,Yard,Yard/switching,5,18000,9000,27000,H307,30.351626,-94.184977,70.1,68,48.7
BNSF,RD0621110,2021-06-08,6:40 PM,Derailment,0,SILSBEE,TX,82,3,Dusk,Clear,Yard,Yard/switching,10,26677,1000,27677,H019,30.35152,-94.184645,83,84.1,84
BNSF,RD0118112,2018-01-19,5:30 PM,Derailment,0,SILSBEE,TX,50,3,Dusk,Clear,Yard,Yard/switching,3,19523,250,19773,H018,30.351406,-94.183705,32.4,45.7,59
BNSF,RD0719108,2019-07-07,1:17 AM,Derailment,0,SILSBEE,TX,85,4,Dark,Clear,Yard,Yard/switching,5,43921,14000,57921,H318,30.358101,-94.199241,82.2,84.1,83.9
BNSF,RD0624114,2024-06-15,12:30 AM,Derailment,0,SILSBEE,TX,85,4,Dark,Clear,Yard,Yard/switching,4,92520,249986,342506,H020,30.352336,-94.186588,82.2,83.4,84.5
TIBR,IN20160111,2016-01-11,9:00 PM,Side collision,0,SILSBEE,TX,30,4,Dark,Clear,Yard,Cut of cars,5,11588,0,28004,H020,30.210572,-94.110229,42.9,42,44.6
BNSF,RD0817104,2017-08-05,1:00 PM,Other impacts,0,SILSBEE,TX,91,2,Day,Clear,Yard,Yard/switching,8,58670,0,58670,H318,30.351422,-94.184331,80.4,80.4,82.2
BNSF,RD0818127,2018-08-19,11:22 AM,Other impacts,0,SILSBEE,TX,95,2,Day,Clear,Yard,Yard/switching,3,29063,0,29063,H318,30.352074,-94.184785,84.9,84.5,84.6
BNSF,RD0717116,2017-07-23,2:00 AM,Side collision,0,SILSBEE,TX,72,4,Dark,Clear,Yard,Yard/switching,9,46235,9500,73279,H318,30.351524,-94.184658,80,80.2,83.1
BNSF,RD0117119,2017-01-27,5:00 PM,Derailment,0,SILSBEE,TX,50,3,Dusk,Clear,Yard,Yard/switching,8,24363,3500,27863,H318,30.357529,-94.198217,50,46.3,50.1
BNSF,RD0718137,2018-07-29,12:15 AM,Derailment,0,SILSBEE,TX,75,4,Dark,Clear,Yard,Freight Train,8,2159,23505,25664,H307,30.358821,-94.200606,83.6,83,83.5
BNSF,MT0415109,2015-04-30,4:25 PM,Derailment,0,SILVER BOW PARK,MT,57,2,Day,Clear,Main,Freight Train,17,117974,700196,818170,E46C,46.010492,-112.753499,52.6,47.7,48.1
UP,1023GL009,2023-10-11,9:33 AM,Hwy-rail crossing,0,SILVER CREEK,NE,55,2,Day,Clear,Main,Freight Train,66,12502,0,12502,M399,41.327396,-97.637175,52.8,58.5,59
UP,0415CB011,2015-04-28,2:20 PM,Hwy-rail crossing,0,SILVER CREEK,NE,60,2,Day,Clear,Main,Freight Train,44,19531,0,19531,M308,41.312671,-97.671697,52.2,54.5,55
UP,0619HL011,2019-06-13,12:25 PM,Derailment,0,SILVER LAKE,KS,71,2,Day,Clear,Main,Work train,0,12880,33,12913,M201,39.1476,-95.832482,67.1,66.4,72.4
MACZ,1507201650,2015-07-20,4:50 PM,Hwy-rail crossing,0,SILVER SPRING,MD,91,3,Dusk,Clear,Main,Commuter Train - Pulling,43,150000,0,150000,M399,39.013749,-77.054795,85.2,85.9,83.3
CSX,000149486,2015-07-20,4:50 PM,Hwy-rail crossing,0,SILVER SPRING,MD,91,3,Dusk,Clear,Main,,0,0,0,150000,M399,39.013749,-77.054795,85.2,85.9,83.3
RSR,RSR327517O,2017-06-10,6:12 AM,Derailment,0,SILVER SPRINGS,NY,65,1,Dawn,Clear,Main,,0,0,57111,60551,H702,42.663055,-78.08444,67,72.5,77.3
NS,136947,2020-01-27,3:45 AM,Derailment,0,SILVER SPRINGS,NY,30,4,Dark,Snow,Yard,Freight Train,3,97005,20154,117159,T207,42.660744,-78.083159,35.7,34.1,32.1
RARW,ID150043,2015-06-04,12:05 PM,Derailment,0,SILVERBOW,MT,64,2,Day,Clear,Yard,Freight Train,0,0,6500,44803,T111,46.004992,-112.671069,50.5,53.3,56.7