reportingrailroadcode,accidentnumber,date,time,accidenttype,hazmatreleasedcars,station,stateabbr,temperature,visibility_code,visibility,weathercondition,tracktype,equipmenttype,trainspeed,equipmentdamagecost,trackdamagecost,totaldamagecost,primaryaccidentcausecode,latitude,longitude,prior_temp,actual_temp,following_temp
UP,0615PC001,2015-06-04,12:05 PM,Derailment,0,SILVERBOW,MT,64,2,Day,Clear,Yard,Freight Train,6,38303,0,44803,T111,46.004992,-112.671069,50.5,53.3,56.7
IAIS,2016041,2016-08-05,5:45 PM,Other impacts,0,SILVIS,IL,85,3,Dusk,Clear,Yard,Light loco(s),2,60000,0,60000,H017,41.510209,-90.398697,79.6,75.8,72.3
IAIS,2016040,2016-07-23,10:26 AM,Derailment,0,SILVIS,IL,84,2,Day,Clear,Yard,Yard/switching,5,9000,5536,14536,E36L,41.510198,-90.398732,78.3,82.1,83.9
IAIS,2022051,2022-11-16,7:55 PM,Derailment,0,SILVIS,IL,30,4,Dark,Cloudy,Yard,Freight Train,7,0,39225,39225,E4BC,41.51536,-90.423548,33.8,31.7,29.3
IAIS,2023014,2023-03-29,12:40 PM,Raking collision,0,SILVIS,IL,42,2,Day,Clear,Industry,Yard/switching,1,60000,0,60000,H306,41.515273,-90.421017,40.2,38.9,47.6
IAIS,2015031,2015-03-12,2:50 AM,Derailment,0,SILVIS,IL,30,4,Dark,Clear,Yard,Yard/switching,9,1462,10272,11734,T314,41.515816,-90.424989,42.5,42.9,49.3
KCS,15061004,2015-06-10,10:50 AM,Derailment,0,SIMMESPORT,LA,87,2,Day,Clear,Main,Freight Train,7,766,99375,100141,H505,30.984862,-91.800468,78.8,77.3,77.9
UP,1015LK013,2015-10-09,11:52 AM,Derailment,0,SIMMS,TX,90,2,Day,Clear,Main,Freight Train,36,489487,704222,1193709,T102,33.309634,-94.522995,75.1,73.4,66.7
KYLE,KYL795821L,2021-06-08,5:30 PM,Obstruction,0,SIMPSON,KS,85,2,Day,Clear,Main,Spec. MoW Equip.,10,25000,0,25000,H402,39.393896,-97.950173,76.1,76.1,78.9
KYLE,KYL795821L,2021-06-08,5:30 PM,Obstruction,0,SIMPSON,KS,85,2,Day,Clear,Main,Maint./inspect Car,0,0,0,25000,H402,39.393896,-97.950173,76.1,76.1,78.9
NS,145571,2022-06-17,12:05 AM,Hwy-rail crossing,0,SIMPSONVILLE,KY,76,4,Dark,Rain,Main,Freight Train,30,49,0,49,M303,38.206831,-85.354669,87.7,82.1,74.4
NS,146346,2022-08-31,11:30 AM,Hwy-rail crossing,0,SIMPSONVILLE,KY,78,2,Day,Clear,Main,Freight Train,27,6327,9532,15859,M303,38.21502,-85.331962,77.8,73,74
NS,142434,2021-08-03,1:30 PM,Derailment,0,SIMPSONVILLE,KY,88,2,Day,Clear,Yard,Freight Train,4,13000,4380,17380,H018,38.212595,-85.324125,72.4,73.5,73.5
NS,119213,2016-02-03,11:55 AM,Derailment,0,SIMPSONVILLE,KY,62,2,Day,Clear,Industry,Freight Train,14,16500,750,17250,T102,38.209689,-85.291587,52.8,53.3,34.1
CPDR,CPF937022,2022-03-28,1:20 PM,Derailment,0,SIMPSONVILLE,SC,65,2,Day,Clear,Industry,Freight Train,5,7000,11000,18000,T110,34.713808,-82.236926,51.9,51.1,53.1
KCS,21050603,2021-05-06,3:40 PM,Derailment,0,SIMSBORO,LA,83,2,Day,Clear,Industry,Freight Train,10,51000,6000,57000,T110,32.536667,-92.796667,64.1,64.5,65
UP,0920RM008,2020-09-10,11:29 AM,Other impacts,0,SINCLAIR,WY,35,2,Day,Snow,Industry,Single Car,0,3200,0,195863,H702,41.778131,-107.108835,30.4,38,47.4
UP,0920RM008,2020-09-10,11:29 AM,Other impacts,0,SINCLAIR,WY,35,2,Day,Snow,Industry,Freight Train,9,192363,300,195863,H702,41.778131,-107.108835,30.4,38,47.4
UP,1017DV027,2017-10-31,11:45 AM,Hwy-rail crossing,0,SINCLAIR,WY,50,2,Day,Clear,Main,Freight Train,47,88901,31021,119922,M302,41.759367,-106.855723,27.5,34.9,46.9
UP,1216DV003,2016-12-11,10:10 AM,Fire/violent rupture,0,SINCLAIR,WY,25,2,Day,Clear,Main,Freight Train,0,36175,0,36175,E72L,41.780437,-106.98759,35.8,26,22.6
UP,1218RM046,2018-12-28,7:25 AM,Derailment,0,SINCLAIR,WY,4,2,Day,Clear,Main,Freight Train,36,10271,2830,13101,S013,41.780747,-106.998525,13.2,6.2,13.6
KCS,17111502,2017-11-15,1:32 PM,Hwy-rail crossing,0,SINGER,LA,74,2,Day,Clear,Main,Freight Train,44,106173,712,106885,M308,30.715192,-93.353542,61,62.2,63.5
NS,135191,2019-08-22,2:35 AM,Hwy-rail crossing,0,SINKING SPRING,PA,71,4,Dark,Clear,Main,Freight Train,46,523,0,12823,M308,40.322867,-76.051949,79.2,79.6,69.2
NS,135191,2019-08-22,2:35 AM,Hwy-rail crossing,0,SINKING SPRING,PA,71,4,Dark,Clear,Main,Freight Train,46,12300,0,12823,M308,40.322867,-76.051949,79.2,79.6,69.2
CPKC,23070801,2023-07-08,12:53 AM,Hwy-rail crossing,0,SINTON,TX,88,4,Dark,Clear,Main,Freight Train,44,34362,0,41461,M302,28.03234,-97.510568,83,86.6,87
UP,0723GC007,2023-07-08,12:53 PM,Hwy-rail crossing,0,SINTON,TX,80,2,Day,Clear,Main,,0,0,7099,41461,M302,28.032314,-97.510516,83,86.6,87
UP,0615CB012,2015-06-21,1:00 PM,Derailment,0,SIOUX CITY,IA,88,2,Day,Clear,Main,Freight Train,5,18630,1717,20347,T220,42.490179,-96.39267,78.9,75.1,78.6
UP,0619GL011,2019-06-10,9:15 PM,Derailment,0,SIOUX CITY,IA,69,4,Dark,Clear,Yard,Yard/switching,4,14170,5677,19847,H019,42.516079,-96.38475,63.2,65,63.7
BNSF,TC0116113,2016-01-27,12:10 PM,Derailment,0,SIOUX CITY,IA,35,2,Day,Clear,Yard,Yard/switching,5,7366,26000,33366,H607,42.52225,-96.367302,28.3,27.4,35.3
BNSF,TC0217116,2017-02-16,5:03 PM,Rear end collision,0,SIOUX CITY,IA,62,2,Day,Clear,Yard,Cut of cars,0,11500,0,12000,H310,42.511972,-96.37318,36.3,43.6,46.1
UP,1015CB009,2015-10-19,4:00 AM,Derailment,0,SIOUX CITY,IA,54,4,Dark,Clear,Yard,Light loco(s),4,8459,2456,28385,H607,42.518348,-96.38118,56,67,63.3
UP,1015CB009,2015-10-19,4:00 AM,Derailment,0,SIOUX CITY,IA,54,4,Dark,Clear,Yard,Yard/switching,5,17470,0,28385,H607,42.518348,-96.38118,56,67,63.3
BNSF,TC0915109,2015-09-19,6:00 AM,Derailment,0,SIOUX CITY,IA,57,1,Dawn,Fog,Yard,Freight Train,10,50000,12000,62000,T221,42.528319,-96.364887,57.5,55.3,62.4
BNSF,TC0217116,2017-02-16,5:03 PM,Rear end collision,0,SIOUX CITY,IA,62,2,Day,Clear,Yard,Yard/switching,1,500,0,12000,H310,42.511972,-96.37318,36.3,43.6,46.1
UP,0423GL012,2023-04-06,5:45 PM,Derailment,0,SIOUX CITY,IA,55,2,Day,Clear,Main,Yard/switching,3,308257,290871,599128,H019,42.518333,-96.381023,31.4,37.3,47.3
BNSF,TC0321102,2021-03-01,8:55 PM,Other (describe in narrative),0,SIOUX CITY,IA,40,3,Dusk,Clear,Yard,Freight Train,9,0,34000,34000,H607,42.529636,-96.364063,30.2,28.3,40.1
CC,970517,2018-08-22,8:20 PM,Side collision,0,SIOUX CITY,IA,65,3,Dusk,Clear,Yard,Cut of cars,3,32000,0,40080,H020,42.495697,-96.391755,64.6,62.5,63.7
UP,0124GL053,2024-01-31,8:50 PM,Derailment,0,SIOUX CITY,IA,35,4,Dark,Clear,Yard,Freight Train,4,16535,74970,91505,H306,42.519075,-96.380324,32.1,34,35.1
BNSF,TC1222101,2022-12-01,2:30 AM,Derailment,0,SIOUX CITY,IA,18,4,Dark,Cloudy,Yard,Freight Train,9,193837,100000,293837,E46C,42.511501,-96.373718,16.2,29.2,30.8
BNSF,TC0223120,2023-02-27,8:09 PM,Derailment,0,SIOUX CITY,IA,28,3,Dusk,Clear,Yard,Yard/switching,3,22798,1125,23923,E40C,42.491212,-96.390872,35.7,37.6,31.9
BNSF,TC1022106,2022-10-25,10:52 PM,Other impacts,0,SIOUX CITY,IA,50,4,Dark,Clear,Yard,Yard/switching,4,26500,0,26500,H020,42.509306,-96.374685,50.9,42.7,43.8
CC,970517,2018-08-22,8:20 PM,Side collision,0,SIOUX CITY,IA,65,3,Dusk,Clear,Yard,Yard/switching,4,8050,30,40080,H020,42.495697,-96.391755,64.6,62.5,63.7
UP,0921GL001,2021-09-02,10:25 PM,Derailment,0,SIOUX CITY,IA,66,4,Dark,Rain,Main,,0,0,20333,20333,H307,42.493548,-96.392158,67.9,68.3,68.1
BNSF,TC0323107,2023-03-09,1:30 PM,Derailment,0,SIOUX CITY,IA,34,2,Day,Clear,Yard,Freight Train,0,65758,0,66189,H306,42.509986,-96.374199,33.5,33.1,30.4
DAIR,032021,2021-09-02,10:25 PM,Derailment,0,SIOUX CITY,IA,66,4,Dark,Rain,Main,Light loco(s),5,0,0,20333,H702,42.493548,-96.392158,67.9,68.3,68.1
UP,1023GL020,2023-10-22,6:30 AM,Derailment,0,SIOUX CITY,IA,37,1,Dawn,Clear,Yard,Freight Train,6,121932,10120,132052,T220,42.508947,-96.391493,54.9,48.5,60
UP,0223GL006,2023-02-02,12:30 AM,Obstruction,0,SIOUX CITY,IA,9,4,Dark,Clear,Industry,Freight Train,5,45528,0,45528,E85C,42.415866,-96.364086,8.9,7,7.5
BNSF,TC0323107,2023-03-09,1:30 PM,Derailment,0,SIOUX CITY,IA,34,2,Day,Clear,Yard,Yard/switching,2,431,0,66189,H306,42.509986,-96.374199,33.5,33.1,30.4
UP,0624GL007,2024-06-10,5:50 AM,Derailment,0,SIOUX CITY,IA,52,1,Dawn,Clear,Main,Freight Train,8,54690,0,119690,H702,42.524009,-96.376953,68.2,68,76.6
BNSF,TC0116111,2016-01-26,9:21 PM,Derailment,0,SIOUX CITY,IA,23,4,Dark,Clear,Yard,Yard/switching,2,24282,300,24582,H702,42.522008,-96.367481,29.4,28.3,27.4
UP,0816CB007,2016-08-12,3:47 PM,Derailment,0,SIOUX CITY,IA,85,2,Day,Clear,Yard,Yard/switching,4,49178,89469,138647,H702,42.487873,-96.392474,78.2,72.9,73
UP,0217CB011,2017-02-16,2:17 PM,Derailment,0,SIOUX CITY,IA,62,2,Day,Clear,Yard,Freight Train,8,51676,103890,155566,E68L,42.483435,-96.388214,36.3,43.6,46.1
BNSF,NE0715116,2015-07-29,1:30 AM,Derailment,0,SIOUX CITY,IA,60,4,Dark,Clear,Main,Freight Train,9,30000,64000,94000,S011,42.50758,-96.375766,74.4,71.3,75.5
BNSF,TC0918104,2018-09-08,12:50 AM,Other (describe in narrative),0,SIOUX CITY,IA,50,4,Dark,Clear,Yard,Light loco(s),5,0,24000,24000,H607,42.529663,-96.364048,63.8,61,60.6
UP,0917TC007,2017-09-06,2:24 AM,Derailment,0,SIOUX CITY,IA,55,4,Dark,Clear,Yard,Freight Train,5,57331,14613,71944,H704,42.515092,-96.385003,57.3,55.7,60.2
UP,0615CB004,2015-06-08,9:30 PM,Derailment,0,SIOUX CITY,IA,75,4,Dark,Clear,Yard,Yard/switching,6,74947,109962,184909,T220,42.51917,-96.380221,69.7,74,80.7
BNSF,TC0624105,2024-06-10,5:50 AM,Derailment,0,SIOUX CITY,IA,82,1,Dawn,Clear,Main,,0,0,65000,119690,H702,42.488236,-96.38123,68.2,68,76.6
UP,0817TC017,2017-08-15,12:08 AM,Derailment,0,SIOUX CITY,IA,78,4,Dark,Cloudy,Main,Freight Train,10,346175,9427,355602,T399,42.494109,-96.392008,72.6,67.1,69.4
UP,0823GL052,2023-08-31,1:30 AM,Derailment,0,SIOUX CITY,IA,66,4,Dark,Clear,Main,Freight Train,4,11492,4050,15542,T403,42.491789,-96.392623,72.4,72.2,76
UP,0922GL020,2022-09-16,3:45 AM,Derailment,0,SIOUX CITY,IA,64,4,Dark,Cloudy,Yard,Yard/switching,6,42451,32700,75151,T102,42.488385,-96.390081,75.6,72.2,72.5
UP,0616CB005,2016-06-17,5:35 AM,Derailment,0,SIOUX CITY,IA,80,1,Dawn,Clear,Yard,Yard/switching,5,9618,5446,15064,T311,42.514835,-96.384738,79.8,83,75.6
UP,1015CB006,2015-10-09,8:15 PM,Derailment,0,SIOUX CITY,IA,65,4,Dark,Clear,Yard,Freight Train,0,0,3750,10750,T314,42.492693,-96.392374,63,54.5,59.8
CC,871372,2015-11-15,1:12 AM,Derailment,0,SIOUX CITY,IA,46,4,Dark,Clear,Yard,Yard/switching,8,146042,10806,156848,T210,42.499548,-96.3916,45.7,52.2,52.8
UP,0816CB011,2016-08-22,2:00 AM,Derailment,0,SIOUX CITY,IA,70,4,Dark,Clear,Yard,Yard/switching,5,257,89469,89726,T316,42.517459,-96.382394,65.8,72.5,71.8
DAIR,042015,2015-10-09,8:15 PM,Derailment,0,SIOUX CITY,IA,65,4,Dark,Clear,Yard,Freight Train,6,7000,0,10750,T314,42.492693,-96.392374,63,54.5,59.8
UP,0423GL019,2023-04-11,3:24 PM,Derailment,0,SIOUX CITY,IA,85,2,Day,Clear,Industry,Freight Train,9,3090,12146,15236,T311,42.418181,-96.374138,62.2,65.6,75.3
UP,0623GL010,2023-06-12,6:35 AM,Derailment,0,SIOUX CITY,IA,46,1,Dawn,Clear,Main,Freight Train,8,302819,49175,351994,T314,42.484086,-96.388629,65.5,63,68.9
UP,0721GL003,2021-07-01,2:30 AM,Derailment,0,SIOUX CITY,IA,65,4,Dark,Clear,Main,Freight Train,5,19828,42625,62453,T399,42.518315,-96.380985,73.1,75.3,75.9
UP,0621GL011,2021-06-08,5:50 PM,Derailment,0,SIOUX CITY,IA,88,2,Day,Clear,Yard,Freight Train,5,11250,7700,18950,T113,42.514395,-96.386788,80.6,79.3,79.7
BNSF,TC0821201,2021-08-06,2:53 PM,Hwy-rail crossing,0,SIOUX FALLS,SD,83,2,Day,Clear,Main,Light loco(s),35,500,20000,20500,M302,43.507516,-96.690413,75.2,74.8,78.4
BNSF,TC0318114,2018-03-26,11:53 AM,Derailment,0,SIOUX FALLS,SD,33,2,Day,Rain,Yard,Freight Train,10,237720,170000,407720,T111,43.545807,-96.718505,31.1,33.1,41.6
CSX,000214763,2023-11-27,4:47 PM,Raking collision,0,SKIPPERS,VA,50,3,Dusk,Clear,Industry,Freight Train,2,9616,577,136601,M501,36.621467,-77.552469,41.4,45.2,34.7
CSX,000214763,2023-11-27,4:47 PM,Raking collision,0,SKIPPERS,VA,50,3,Dusk,Clear,Industry,Freight Train,4,126408,0,136601,M501,36.621467,-77.552469,41.4,45.2,34.7
CSX,000151956,2015-09-10,12:59 PM,Hwy-rail crossing,0,SKIPPERS,VA,82,2,Day,Cloudy,Main,,0,0,0,20000,M302,36.546281,-77.53008,78.1,74.6,72.4
ATK,172926,2022-11-30,7:30 PM,Obstruction,0,SKYKOMISH,WA,33,4,Dark,Snow,Main,Passenger Train - Pulling,25,27272,0,27272,M404,47.70377,-121.295181,23.6,29.9,27.3
BNSF,NW0522108,2022-05-19,11:15 AM,Rear end collision,0,SKYKOMISH,WA,50,2,Day,Cloudy,Siding,Spec. MoW Equip.,0,13000,0,13800,H607,47.77417,-121.487199,43.9,40.2,44.9
BNSF,NW0522108,2022-05-19,11:15 AM,Rear end collision,0,SKYKOMISH,WA,50,2,Day,Cloudy,Siding,Spec. MoW Equip.,5,800,0,13800,H607,47.77417,-121.487199,43.9,40.2,44.9
BNSF,NW0122108,2022-01-06,7:30 AM,Derailment,0,SKYKOMISH,WA,20,1,Dawn,Snow,Siding,Freight Train,10,16254,0,16254,M101,47.708457,-121.159713,29.9,35.5,35.8
UP,1114TC011,2014-11-27,2:30 AM,Side collision,0,SKYLINE,MN,0,4,Dark,Cloudy,Main,Freight Train,25,160205,210567,409305,H603,44.15572,-94.039818,22.4,-1.3,17.2
CP,1000148704,2014-11-27,2:31 AM,Side collision,0,SKYLINE,MN,0,4,Dark,Clear,Main,Freight Train,8,38533,0,409305,H603,44.154631,-94.042973,22.4,-1.3,17.2
KCS,17091103,2017-09-11,3:05 PM,Derailment,0,SLATER,MO,80,2,Day,Clear,Industry,Light loco(s),4,16005,1500,17505,T314,39.216261,-93.068664,72.1,68,67.5
BNSF,PR0720101,2020-07-06,4:15 PM,Derailment,0,SLATER,WY,88,2,Day,Clear,Main,Freight Train,43,1018280,321793,1340073,T109,41.854494,-104.819263,73.9,73.1,78.5
BNSF,KS1115114,2015-11-12,4:45 AM,Other (describe in narrative),0,SLATON,TX,42,1,Dawn,Clear,Yard,Light loco(s),5,11461,0,11461,H525,33.442661,-101.638103,54.7,45.6,48.1
BNSF,RD1016203,2016-10-27,6:00 AM,Hwy-rail crossing,0,SLATON,TX,57,1,Dawn,Clear,Main,Freight Train,35,2533,16000,18533,M302,33.453407,-101.657418,68.4,64.1,70
BNSF,RD0719113,2019-07-12,4:00 PM,Derailment,0,SLATON,TX,93,2,Day,Clear,Yard,Freight Train,3,11810,7000,18810,H515,33.4484,-101.647928,79.8,80.9,79.8
BNSF,RD1019108,2019-10-18,2:58 AM,Derailment,0,SLATON,TX,61,4,Dark,Clear,Yard,Yard/switching,1,11410,1500,12910,H318,33.44831,-101.6479,60.8,68,61.6
BNSF,RD0623138,2023-06-29,11:00 AM,Derailment,0,SLATON,TX,92,2,Day,Clear,Yard,Yard/switching,9,4500,97352,101852,M505,33.448474,-101.648137,92.9,88.1,77.2
BNSF,KS0316201,2016-03-08,2:56 PM,Hwy-rail crossing,0,SLATON,TX,81,2,Day,Clear,Main,Freight Train,40,300,20000,20300,M302,33.453407,-101.657418,63.7,58.3,52.9
BBAY,200420001,2020-04-20,1:25 PM,Derailment,0,SLAUGHTER,LA,80,2,Day,Clear,Yard,Yard/switching,9,36000,0,36000,T113,30.7414,-91.1415,76.1,66.9,70
ATK,152179,2018-03-03,9:39 PM,Hwy-rail crossing,0,SLEDGE,MS,45,4,Dark,Clear,Main,Passenger Train - Pulling,79,7127,0,116988,M308,34.453271,-90.203877,50.2,49.9,52.9
IC,951688,2018-03-03,9:39 PM,Hwy-rail crossing,0,SLEDGE,MS,45,4,Dark,Clear,Main,,0,0,109861,116988,M308,34.453271,-90.203877,50.2,49.9,52.9
MNCW,82996,2024-07-11,3:00 AM,Fire/violent rupture,0,SLEEPY HOLLOW,NY,78,4,Dark,Clear,Main,Spec. MoW Equip.,0,3040,112167,115207,M406,41.09313,-73.86971,80.7,79.5,76.5
ATK,149393,2017-09-06,6:55 PM,Hwy-rail crossing,0,SLIDELL,LA,79,2,Day,Clear,Main,Passenger Train - Pulling,78,22635,0,22635,M302,30.223968,-89.819524,81.1,74.1,70.1
NS,128529,2018-02-14,8:01 AM,Hwy-rail crossing,0,SLIDELL,LA,72,2,Day,Clear,Main,,0,0,0,46296,M304,30.311569,-89.76966,60.1,67.7,71.9
ATK,151962,2018-02-14,8:01 AM,Hwy-rail crossing,0,SLIDELL,LA,65,2,Day,Cloudy,Main,Passenger Train - Pulling,76,46296,0,46296,M304,30.311569,-89.76966,60.1,67.7,71.9
WSOR,210213001,2021-02-13,10:43 PM,Head on collision,0,SLINGER,WI,-10,4,Dark,Snow,Main,Freight Train,0,19000,0,50000,H607,43.331531,-88.305455,2.5,-2.4,-6.9
WSOR,210213001,2021-02-13,10:43 PM,Head on collision,0,SLINGER,WI,-10,4,Dark,Snow,Main,Freight Train,8,31000,0,50000,H607,43.331531,-88.305455,2.5,-2.4,-6.9
BLE,1129440,2023-03-29,7:56 AM,Derailment,0,SLIPPERY ROCK,PA,35,2,Day,Clear,Main,Freight Train,30,1119431,161000,1280431,T207,41.012984,-79.978848,39.4,35.9,32.3
NS,117807,2015-10-16,1:15 AM,Derailment,0,SLOAN,NY,43,4,Dark,Clear,Yard,Freight Train,4,14500,750,15250,H702,42.890001,-78.780743,50.8,47.9,38.7
NS,129511,2018-05-18,1:30 PM,Other (describe in narrative),0,SLOAN,NY,72,2,Day,Clear,Yard,Yard/switching,3,12205,121,12326,H702,42.888073,-78.788196,71.4,63.6,68.6
NS,124919,2017-05-03,12:55 AM,Derailment,0,SLOAN,NY,48,4,Dark,Cloudy,Yard,Yard/switching,2,21658,100,21758,M405,42.882771,-78.819282,48.7,46.9,46.1
NJTR,202001043,2020-01-21,6:07 PM,Hwy-rail crossing,0,SLOATSBURG,NY,26,4,Dark,Clear,Main,Commuter Train - Pulling,51,797904,0,829899,M303,41.167998,-74.191415,24.9,25,26.7
MNCW,71668,2020-01-21,6:04 PM,Hwy-rail crossing,0,SLOATSBURG,NY,21,4,Dark,Clear,Main,,0,0,31995,829899,M304,41.167998,-74.191415,24.9,25,26.7
BNSF,CH0223114,2023-02-12,7:07 AM,Derailment,0,SMITHBORO,IL,50,1,Dawn,Clear,Main,Freight Train,45,5418,582545,587963,E61C,38.775397,-89.292957,32.8,36.8,43
BNSF,CH0818202,2018-08-14,1:35 PM,Hwy-rail crossing,0,SMITHBORO,IL,85,2,Day,Cloudy,Main,Maint./inspect Car,25,60000,0,60000,M302,38.807451,-89.305393,75,74.6,73.3
CSX,000140514,2015-01-22,10:36 PM,Derailment,0,SMITHBORO,IL,30,4,Dark,Clear,Main,Freight Train,49,42710,2500,45210,E32C,38.933558,-89.197346,36.6,32.4,32
KNWA,170226001,2017-02-26,11:00 PM,Obstruction,0,SMITHERS,WV,40,4,Dark,Clear,Industry,Freight Train,2,30000,5000,35000,H999,38.1943,-81.2959,48.4,35.3,43.3
CSX,000202021,2021-12-22,8:30 PM,Other impacts,0,SMITHFIELD,WV,25,4,Dark,Clear,Main,Freight Train,20,60874,33,60907,M599,39.524137,-80.629586,31.4,33.3,31.8
CSX,000167465,2017-03-14,10:05 AM,Derailment,0,SMITHFIELD,NC,54,2,Day,Rain,Main,Freight Train,41,34112,2256,36368,E32C,35.512505,-78.324842,36.1,42.8,33.3
KJRY,07072016,2016-07-07,2:15 PM,Derailment,0,SMITHFIELD,IL,85,2,Day,Clear,Main,Freight Train,10,12500,15000,27500,T110,40.479335,-90.310393,74.3,73.3,75.7
BNSF,CH1118204,2018-11-28,5:28 AM,Hwy-rail crossing,0,SMITHSHIRE,IL,8,1,Dawn,Clear,Main,Freight Train,64,10000,15000,25000,M308,40.803635,-90.74992,15.6,19.6,28.5
BNSF,CH0315108,2015-03-26,1:00 PM,Other (describe in narrative),0,SMITHSHIRE,IL,50,2,Day,Clear,Main,Spec. MoW Equip.,3,15000,0,15000,H997,40.800641,-90.757885,40,38.6,32
UP,0220HL029,2020-02-28,8:10 PM,Derailment,0,SMITHTON,MO,33,4,Dark,Clear,Main,Freight Train,2,291977,249791,541768,H518,38.684113,-93.112385,34.3,38.6,43.3
LI,82919,2024-06-29,4:05 PM,Raking collision,0,SMITHTOWN,NY,75,2,Day,Cloudy,Main,Spec. MoW Equip.,6,22671,0,22671,H997,40.85514,-73.20497,67.6,70.9,74.2
LI,69011,2019-01-07,3:53 PM,Other (describe in narrative),0,SMITHTOWN,NY,29,2,Day,Cloudy,Main,Passenger Train - Pulling,45,0,13744,13744,M599,40.855362,-73.123036,40.2,27.9,42
UP,0921SX023,2021-09-26,4:44 AM,Derailment,1,SMITHVILLE,TX,59,1,Dawn,Clear,Main,Freight Train,12,162939,127735,290674,M405,30.0068,-97.161972,72.1,73,75.4
UP,1116SA026,2016-11-23,11:41 PM,Fire/violent rupture,0,SMITHVILLE,TX,45,4,Dark,Clear,Main,Freight Train,25,53750,0,53750,E73L,29.991216,-97.125358,70.3,63.1,59.3
UP,1020SX027,2020-10-25,7:54 PM,Derailment,0,SMITHVILLE,TX,82,3,Dusk,Cloudy,Main,Freight Train,7,12403,11755,24158,H504,30.007146,-97.162918,60.4,69.7,67.4
UP,1019SX010,2019-10-09,2:50 AM,Derailment,0,SMITHVILLE,TX,64,4,Dark,Clear,Main,Freight Train,15,195005,172980,367985,H504,30.00783,-97.249524,72.6,79,84.7
UP,0115SA001,2015-01-01,11:30 PM,Derailment,0,SMITHVILLE,TX,40,4,Dark,Rain,Yard,Work train,5,1348,66787,68135,T215,30.0018,-97.150144,40.4,39.6,42.5
WE,170032,2017-03-13,6:15 PM,Fire/violent rupture,0,SMITHVILLE,OH,26,2,Day,Clear,Main,Freight Train,12,21290,0,21290,E74L,40.844503,-81.820204,22,24.6,20.2
UP,0115SA006,2015-01-11,5:55 PM,Derailment,0,SMITHVILLE,TX,43,3,Dusk,Cloudy,Yard,Freight Train,8,3760,73711,77471,T110,30.000898,-97.148032,36.2,40.4,44.7
RCPE,RCP248217D,2017-03-20,4:20 AM,Derailment,0,SMITHWICK,SD,36,4,Dark,Clear,Main,Freight Train,9,100000,100000,200000,T220,43.2,-103.2,61.3,44.2,35.8
WTLC,WT060115D,2015-06-01,10:17 PM,Derailment,0,SMYER,TX,72,4,Dark,Cloudy,Main,Freight Train,10,250403,2575,252978,T110,33.588203,-102.216105,66,72,76.3
CSX,000145686,2015-05-02,1:00 AM,Derailment,0,SMYRNA,TN,44,4,Dark,Clear,Yard,Freight Train,7,13100,500,13600,H306,35.936606,-86.479426,56.4,60.6,63.9
CSX,000185580,2019-09-25,3:30 PM,Derailment,0,SMYRNA,TN,85,2,Day,Cloudy,Main,Freight Train,6,102883,251200,354083,H601,35.960124,-86.500035,71.4,72,74.9
CSX,000194163,2020-11-30,1:45 AM,Derailment,0,SMYRNA,TN,37,4,Dark,Rain,Industry,Freight Train,10,19464,4630,24094,T399,35.94841,-86.489772,41.1,35,30.7
SNVX,0406221,2022-06-04,10:45 AM,Derailment,0,SNOQUALMIE,WA,60,2,Day,Clear,Main,Passenger Train - Pulling,5,15000,12000,27000,H702,47.51374,-121.81444,59.1,60.5,60.3
CSX,000176902,2018-06-10,10:45 AM,Derailment,0,SOCIAL CIRCLE,GA,85,2,Day,Clear,Siding,Freight Train,4,19660,588,20248,H318,33.653934,-83.711534,77.1,77,73.3
BNSF,SW1115104,2015-11-27,10:15 AM,Derailment,0,SOCORRO,NM,64,2,Day,Cloudy,Main,Freight Train,17,450000,5000,455000,M105,34.450268,-106.501891,54.2,42.9,39.5
BNSF,SW0324111,2024-03-25,11:03 PM,Derailment,0,SOCORRO,NM,34,4,Dark,Clear,Main,Freight Train,48,2715929,913093,3629022,T299,34.04854,-106.882278,50.9,47.4,46.6
UP,0321RM030,2021-03-30,11:15 PM,Derailment,0,SODA SPRINGS,ID,24,4,Dark,Clear,Industry,Freight Train,6,8812,21000,29812,T221,42.747849,-111.543661,29.8,19.7,27
UP,1122RM026,2022-11-18,10:35 AM,Derailment,1,SODA SPRINGS,ID,2,2,Day,Clear,Main,Single Car,8,91984,2412,94396,H022,42.658415,-111.579789,14.9,8.5,8.1
UP,1115PC009,2015-11-25,10:15 AM,Obstruction,0,SODA SPRINGS,ID,23,2,Day,Cloudy,Industry,Yard/switching,6,272874,1000000,1272874,M404,42.803317,-111.407871,23.5,28.1,17.8
UP,0615PC006,2015-06-19,10:38 PM,Obstruction,0,SODA SPRINGS,ID,59,4,Dark,Clear,Main,Freight Train,33,273,17735,18008,M402,42.65502,-111.58128,61.7,60.8,57.6
UP,0723RM018,2023-07-12,8:27 PM,Derailment,0,SODA SPRINGS,ID,79,4,Dark,Clear,Industry,Freight Train,6,11235,3520,14755,T222,42.73825,-111.5411,61.6,61,62.7
UP,0517UT023,2017-05-29,12:10 AM,Derailment,0,SODA SPRINGS,ID,40,4,Dark,Clear,Main,Freight Train,37,165199,193663,358862,E30C,42.659208,-111.61302,48.9,51.6,54.1