reportingrailroadcode,accidentnumber,date,time,accidenttype,hazmatreleasedcars,station,stateabbr,temperature,visibility_code,visibility,weathercondition,tracktype,equipmenttype,trainspeed,equipmentdamagecost,trackdamagecost,totaldamagecost,primaryaccidentcausecode,latitude,longitude,prior_temp,actual_temp,following_temp
UP,0717UT016,2017-07-19,4:20 AM,Derailment,0,SODA SPRINGS,ID,50,4,Dark,Clear,Industry,Freight Train,4,5422,18489,23911,T317,42.737942,-111.544836,64.4,66.4,65.6
AZER,AZE227422D,2022-10-21,3:10 PM,Derailment,0,SOLOMON,AZ,84,2,Day,Clear,Main,Freight Train,25,2848,48897,51745,M405,32.434333,-109.526444,63.8,66.2,70.9
FGLK,06172017,2017-06-17,11:15 AM,Other impacts,0,SOLVAY,NY,85,2,Day,Clear,Yard,Yard/switching,4,15000,0,15000,H302,43.065029,-76.212394,69.8,74.2,78.8
NS,152108,2023-01-27,9:30 AM,Hwy-rail crossing,0,SOMERSET,KY,27,2,Day,Clear,Main,Freight Train,45,13549,0,13549,M302,37.121783,-84.627846,35.5,37,46.9
UP,1116DV009,2016-11-18,6:30 PM,Derailment,0,SOMERSET,CO,22,4,Dark,Clear,Industry,Freight Train,8,100020,9536,109556,T112,38.92696,-107.430668,39.4,28.4,33.7
UP,0916DV015,2016-09-28,11:45 PM,Derailment,0,SOMERSET,CO,45,4,Dark,Clear,Industry,Freight Train,1,52637,1500,54137,T099,38.929469,-107.44877,58.2,61.8,60.4
BNSF,RD1119127,2019-11-29,7:15 PM,Other impacts,0,SOMERVILLE,TX,70,3,Dusk,Clear,Siding,Freight Train,5,13710,0,13710,H302,30.362129,-96.541531,56.5,67.1,76
BNSF,RD0920107,2020-09-05,10:50 PM,Other impacts,0,SOMERVILLE,TX,88,4,Dark,Cloudy,Yard,Freight Train,3,17750,0,17750,H307,30.349494,-96.529804,77,77.5,81.1
BNSF,RD0919203,2019-09-13,12:10 PM,Hwy-rail crossing,0,SOMERVILLE,TX,97,2,Day,Clear,Main,Freight Train,49,11748,2700,14448,M308,30.36394,-96.543182,82.2,82.9,84.7
BNSF,RD0824115,2024-08-13,9:50 PM,Derailment,0,SOMERVILLE,TX,85,4,Dark,Clear,Siding,Freight Train,8,10097,28913,39010,H220,30.347339,-96.528471,86.1,86.2,86.6
BNSF,RD0323108,2023-03-06,10:36 PM,Derailment,0,SOMERVILLE,TX,70,4,Dark,Clear,Yard,Freight Train,4,3178,11621,14799,H702,30.348278,-96.528967,64.9,70.1,74.1
BNSF,RD1122128,2022-11-27,4:30 PM,Derailment,0,SOMERVILLE,TX,60,2,Day,Clear,Yard,Freight Train,2,18748,141254,160002,H019,30.356343,-96.536117,56,57,58.9
BNSF,RD0522131,2022-05-27,4:58 PM,Other impacts,0,SOMERVILLE,TX,90,2,Day,Clear,Yard,Yard/switching,10,60617,0,60617,H318,30.34855,-96.529302,76.6,81.4,81.2
MBTA,YR202132,2021-05-08,5:20 AM,Fire/violent rupture,0,SOMERVILLE,MA,45,1,Dawn,Cloudy,Industry,Passenger Train - Pushing,0,209967,0,209967,E79L,42.376044,-71.07624,52.1,50.6,58.8
BNSF,GC0615105,2015-06-10,9:55 PM,Derailment,0,SOMERVILLE,TX,88,4,Dark,Clear,Yard,Yard/switching,4,5800,5500,11300,H310,30.348026,-96.528834,82.9,83.1,83.3
MBTA,7048,2017-03-05,12:57 AM,Derailment,0,SOMERVILLE,MA,10,4,Dark,Clear,Yard,Passenger Train - Pulling,0,23947,1148,25095,H305,42.222359,-71.0418,16.2,20.2,26.9
BNSF,RD1017106,2017-10-05,8:38 PM,Derailment,0,SOMERVILLE,TX,78,3,Dusk,Clear,Yard,Freight Train,5,17639,1500,19139,H318,30.358067,-96.53741,79.5,77.2,75.3
MBTA,19011,2019-01-17,3:00 AM,Derailment,0,SOMERVILLE,MA,20,4,Dark,Clear,Yard,Passenger Train - Pulling,3,18470,0,18470,H702,42.373587,-71.075377,32.4,25.1,34.1
MBTA,YR202144,2021-07-16,1:51 AM,Other (describe in narrative),0,SOMERVILLE,MA,70,4,Dark,Clear,Industry,Passenger Train - Pulling,2,484,35748,36232,H999,42.376044,-71.076434,74.7,82.2,74.4
MBTA,19093,2019-04-02,7:00 AM,Derailment,0,SOMERVILLE,MA,34,1,Dawn,Clear,Main,Passenger Train - Pushing,24,42284,39302,81586,E51L,42.391854,-71.075757,41.3,41.7,48.4
MBTA,YR202018,2020-02-04,10:43 PM,Derailment,0,SOMERVILLE,MA,34,4,Dark,Clear,Yard,Yard/switching,6,144460,183732,328192,M599,42.375353,-71.076888,41,41,39.3
BNSF,RD0224119,2024-02-27,9:30 PM,Derailment,0,SOMERVILLE,TX,70,4,Dark,Clear,Industry,Freight Train,4,21454,1762,23216,T111,30.353847,-96.533363,71.2,73.6,59.6
BNSF,RD0324107,2024-03-05,11:40 PM,Derailment,0,SOMERVILLE,TX,70,4,Dark,Clear,Yard,Freight Train,8,21614,19764,41378,T202,30.351321,-96.531368,74.1,74.9,71.9
BNSF,CH0724106,2024-07-10,10:02 AM,Derailment,0,SOMONAUK,IL,76,2,Day,Cloudy,Main,Freight Train,50,72380,1172656,1245036,E64C,41.63388,-88.686063,72.2,72.5,72.6
ATK,141820,2016-04-03,3:01 PM,Hwy-rail crossing,0,SOMONAUK,IL,68,2,Day,Clear,Main,Passenger Train - Pulling,70,18512,0,18512,M302,41.634199,-88.684207,35,48.4,36.5
BNSF,CH0416200,2016-04-03,3:01 PM,Hwy-rail crossing,0,SOMONAUK,IL,68,2,Day,Clear,Main,,0,0,0,18512,M302,41.634199,-88.684207,35,48.4,36.5
BNSF,CH1015200,2015-10-13,1:40 PM,Hwy-rail crossing,0,SOMONAUK,IL,65,2,Day,Clear,Main,,0,0,30000,30000,M302,41.62999,-88.7071,64.8,54.8,49.3
ATK,139601,2015-10-13,1:40 PM,Hwy-rail crossing,0,SOMONAUK,IL,65,2,Day,Clear,Main,Passenger Train - Pulling,50,0,0,30000,M302,41.62999,-88.7071,64.8,54.8,49.3
CSX,000166576,2017-02-06,4:28 AM,Hwy-rail crossing,0,SONORA,KY,45,1,Dawn,Clear,Main,Freight Train,23,10000,35000,45000,M303,37.580026,-85.904015,45.1,44.2,57.1
NS,137846,2020-04-29,3:45 AM,Obstruction,0,SOPHIA,WV,55,4,Dark,Clear,Main,Freight Train,8,102500,21409,123909,H503,37.691529,-81.236404,53.1,61.4,48.5
NS,138370,2020-06-29,5:35 PM,Derailment,0,SOPHIA,NC,90,3,Dusk,Clear,Main,Freight Train,24,71502,71112,142614,M405,35.871896,-79.909283,76.3,78.5,76.5
BNSF,CH0818124,2018-08-29,1:30 PM,Other (describe in narrative),0,SORENTO,IL,64,2,Day,Clear,Main,Spec. MoW Equip.,0,0,23560,23560,M599,39.001583,-89.573808,80.8,71.7,72.9
KCS,18072501,2018-07-25,9:00 AM,Derailment,0,SORRENTO,LA,88,2,Day,Clear,Main,Spec. MoW Equip.,0,211755,22807,234562,M299,30.18141,-90.845456,83.3,82.3,84.9
SCXF,20191219C,2019-12-19,2:09 AM,Hwy-rail crossing,0,SOUTH BAY,FL,70,4,Dark,Clear,Main,Freight Train,24,1000,0,1000,M302,26.667715,-80.7486,69.4,66.4,71.4
BNSF,HL0219101,2019-02-01,12:30 AM,Derailment,0,SOUTH BEND,NE,10,4,Dark,Clear,Main,Freight Train,20,11195,81000,92195,E09C,41.023368,-96.299879,7.7,23.4,38.9
BNSF,NE0216104,2016-02-03,2:00 AM,Other (describe in narrative),0,SOUTH BEND,NE,10,4,Dark,Clear,Main,Freight Train,2,0,38000,38000,H605,40.998512,-96.238049,33.8,23.3,21.2
NS,123807,2017-02-02,3:08 AM,Derailment,0,SOUTH BEND,IN,17,4,Dark,Clear,Main,,0,0,9500,16355,E33C,41.679089,-86.290822,32.9,19.7,20.1
BNSF,HL0120107,2020-01-10,7:09 PM,Other (describe in narrative),0,SOUTH BEND,NE,22,3,Dusk,Snow,Main,Freight Train,4,0,23000,23000,H705,40.998113,-96.237561,41.8,23.7,14.4
BNSF,HL0221107,2021-02-09,5:23 AM,Other (describe in narrative),0,SOUTH BEND,NE,-17,1,Dawn,Clear,Main,Freight Train,2,0,47000,47000,H705,40.997963,-96.237362,1.6,2.3,10.6
BNSF,HL0718201,2018-07-03,8:20 AM,Hwy-rail crossing,0,SOUTH BEND,NE,76,1,Dawn,Clear,Main,Freight Train,52,9200,55000,64200,M308,41.02381,-96.2999,75.3,81.8,83.3
CP,1000506841,2017-02-02,3:08 AM,Derailment,0,SOUTH BEND,IN,17,4,Dark,Clear,Main,Freight Train,47,6855,0,16355,E33C,41.679089,-86.290822,32.9,19.7,20.1
NICD,N2400012,2024-06-25,9:00 AM,Obstruction,0,SOUTH BEND,IN,82,2,Day,Rain,Main,Passenger Train - Pulling,80,212398,8000,220398,M105,41.690306,-86.380899,73.4,75.8,74.7
NS,120778,2016-06-07,11:30 PM,Derailment,0,SOUTH BEND,IN,54,4,Dark,Clear,Main,Freight Train,12,119845,191355,311200,E51L,41.669541,-86.260562,68,56.9,57.8
ATK,178583,2024-02-26,6:15 AM,Other (describe in narrative),0,SOUTH BRUNSWICK,NJ,40,1,Dawn,Cloudy,Main,Passenger Train - Pulling,130,54829,0,54829,E78L,40.379177,-74.54404,29.6,39.5,47.7
IORY,IOR044122R,2022-03-28,9:35 PM,Derailment,0,SOUTH CHARLESTON,OH,25,4,Dark,Clear,Industry,Freight Train,5,95868,25224,121092,E4BC,39.818622,-83.636006,30.1,27.9,32.8
UP,1021HL018,2021-10-12,4:00 PM,Other (describe in narrative),0,SOUTH COFFEYVILLE,OK,75,2,Day,Clear,Main,Freight Train,0,39842,0,39842,H599,36.993475,-95.626832,63.9,65.7,71
NS,144193,2022-01-30,12:46 AM,Derailment,0,SOUTH FORK,PA,19,4,Dark,Snow,Main,Freight Train,12,0,15108,15108,M204,40.374476,-78.831579,9.4,11.3,18.6
IC,985311,2019-01-12,4:00 AM,Other (describe in narrative),0,SOUTH FULTON,TN,37,4,Dark,Clear,Main,Freight Train,5,0,15535,15535,H702,36.470776,-88.915079,31.9,40.8,38
IC,967254,2018-07-24,10:15 PM,Side collision,0,SOUTH FULTON,TN,86,4,Dark,Clear,Yard,Freight Train,0,40150,3199,146099,H099,36.497472,-88.889327,73.5,75.5,76.8
IC,967254,2018-07-24,10:15 PM,Side collision,0,SOUTH FULTON,TN,86,4,Dark,Clear,Yard,Cut of cars,6,102750,0,146099,H099,36.497472,-88.889327,73.5,75.5,76.8
IC,868247,2015-10-14,3:20 AM,Derailment,0,SOUTH FULTON,TN,48,4,Dark,Clear,Main,Freight Train,11,4829,36610,41439,E67C,36.484348,-88.900217,60.8,59.3,63.8
UP,0121PR033,2021-01-31,8:20 PM,Other impacts,0,SOUTH HOLLAND,IL,30,4,Dark,Sleet,Yard,Single Car,0,24364,0,24513,H312,41.613224,-87.611864,30.2,30.8,30.1
UP,0121PR033,2021-01-31,8:20 PM,Other impacts,0,SOUTH HOLLAND,IL,30,4,Dark,Sleet,Yard,Yard/switching,4,149,0,24513,H312,41.613224,-87.611864,30.2,30.8,30.1
UP,1021PR009,2021-10-10,2:15 AM,Derailment,0,SOUTH HOLLAND,IL,73,4,Dark,Clear,Yard,Freight Train,8,159989,38400,198389,T221,41.622762,-87.612079,70.1,74.6,70.1
UP,0815PR001,2015-08-01,11:10 AM,Derailment,0,SOUTH HOLLAND,IL,85,2,Day,Clear,Yard,Yard/switching,5,36109,496,36605,E60L,41.621876,-87.611423,76.4,75.1,80.3
UP,0717PR007,2017-07-06,12:28 AM,Other impacts,0,SOUTH HOLLAND,IL,68,4,Dark,Clear,Yard,Yard/switching,9,2506,10923,27099,H702,41.610482,-87.611334,76.4,79.8,76.7
UP,0717PR007,2017-07-06,12:28 AM,Other impacts,0,SOUTH HOLLAND,IL,68,4,Dark,Clear,Yard,Freight Train,3,13670,0,27099,H702,41.610482,-87.611334,76.4,79.8,76.7
UP,0719PR030,2019-07-26,5:00 AM,Derailment,0,SOUTH HOLLAND,IL,63,1,Dawn,Clear,Yard,Yard/switching,5,27448,658,28106,M410,41.634166,-87.612708,70.7,73.6,78
UP,0315PR028,2015-03-27,3:15 PM,Derailment,0,SOUTH HOLLAND,IL,36,2,Day,Cloudy,Yard,Freight Train,4,20917,7400,28317,M405,41.622747,-87.612177,37.8,27.6,27.8
UP,0715PR025,2015-07-08,8:55 AM,Other (describe in narrative),0,SOUTH HOLLAND,IL,59,2,Day,Clear,Main,Single Car,0,52040,0,52040,E21C,41.622757,-87.612309,63.9,61.3,64.8
UP,1122PR012,2022-11-26,7:30 AM,Derailment,0,SOUTH HOLLAND,IL,34,2,Day,Clear,Yard,Freight Train,9,16376,1330,17706,T210,41.623188,-87.612616,40.8,40.3,41.8
UP,0217PR017,2017-02-14,12:50 PM,Derailment,0,SOUTH HOLLAND,IL,38,2,Day,Clear,Yard,Yard/switching,4,1385,10547,11932,T314,41.622751,-87.611994,34.5,40.7,31.4
UP,0515PR030,2015-05-29,12:10 PM,Derailment,0,SOUTH HOLLAND,IL,80,2,Day,Rain,Yard,Freight Train,6,996,14342,15338,T110,41.609124,-87.612249,69.3,73.9,59.2
UP,0320PR008,2020-03-22,4:13 AM,Derailment,0,SOUTH HOLLAND,IL,27,1,Dawn,Cloudy,Yard,Freight Train,8,21309,9084,30393,T210,41.610649,-87.611852,29,30,34.4
UP,0719PR028,2019-07-22,7:55 AM,Derailment,0,SOUTH HOLLAND,IL,67,2,Day,Cloudy,Yard,Freight Train,3,18749,47934,66683,T202,41.615186,-87.611115,73.2,69.2,68.4
UP,0219GL001,2019-02-01,12:01 PM,Derailment,0,SOUTH HOLLAND,IL,16,2,Day,Clear,Yard,Freight Train,2,1846,18490,20336,T101,41.622762,-87.612079,-9.5,10.4,30
UP,0515PR018,2015-05-19,10:05 PM,Derailment,0,SOUTH HOLLAND,IL,70,4,Dark,Clear,Yard,Yard/switching,7,10210,3894,14104,T103,41.636847,-87.612343,69.4,47.5,44
UP,1021PR003,2021-10-04,2:55 AM,Derailment,0,SOUTH HOLLAND,IL,65,4,Dark,Cloudy,Yard,Yard/switching,5,3448,14032,17480,T201,41.604764,-87.612119,67.2,65.4,65.3
CSX,000166603,2017-02-07,1:50 PM,Obstruction,0,SOUTH PITTSBURG,TN,60,2,Day,Rain,Main,Maint./inspect Car,20,54950,0,54950,H993,34.995425,-85.620934,47.3,56.2,58
CSX,000166603,2017-02-07,1:50 PM,Obstruction,0,SOUTH PITTSBURG,TN,60,2,Day,Rain,Main,Freight Train,0,0,0,54950,H993,34.995425,-85.620934,47.3,56.2,58
GRS,20220819BA,2022-08-19,10:00 PM,Side collision,0,SOUTH PORTLAND,ME,79,4,Dark,Clear,Yard,Freight Train,2,6270,96,6366,H210,43.614028,-70.300324,65.3,74.1,72.7
CSX,000216626,2024-03-07,8:35 PM,Other impacts,0,SOUTH PORTLAND,ME,37,4,Dark,Clear,Yard,Yard/switching,2,60,116,48350,H306,43.618877,-70.29904,41.4,40.4,38.5
CSX,000216626,2024-03-07,8:35 PM,Other impacts,0,SOUTH PORTLAND,ME,37,4,Dark,Clear,Yard,Cut of cars,0,48174,0,48350,H306,43.618877,-70.29904,41.4,40.4,38.5
GRS,20220819BB,2022-08-19,10:00 PM,Side collision,0,SOUTH PORTLAND,ME,79,4,Dark,Clear,Yard,Freight Train,2,42299,0,42299,H210,43.614028,-70.300324,65.3,74.1,72.7
GRS,20150414R1,2015-04-14,2:36 PM,Derailment,0,SOUTH PORTLAND,ME,61,2,Day,Clear,Main,Freight Train,0,0,38000,110634,T111,43.640924,-70.289674,50.9,57.5,52.2
GRS,20160803R1,2016-08-03,10:26 AM,Derailment,0,SOUTH PORTLAND,ME,81,2,Day,Clear,Yard,Freight Train,3,30450,1500,31950,T199,43.625017,-70.299432,69.3,69.9,71.3
WC,858204,2015-07-03,7:30 AM,Fire/violent rupture,0,SOUTH RANGE,WI,70,2,Day,Clear,Main,Freight Train,20,25618,0,25618,E73L,46.618993,-91.988336,66.7,69.8,63.4
UP,1116UT018,2016-11-30,5:30 AM,Derailment,0,SOUTH SALT LAKE,UT,24,4,Dark,Clear,Yard,Yard/switching,2,16482,51841,68323,E40C,40.7181,-111.91086,30.3,30.2,32
UP,0118UT021,2018-01-09,7:00 PM,Other impacts,0,SOUTH SALT LAKE,UT,47,4,Dark,Rain,Yard,Yard/switching,4,98581,4340,229759,H306,40.709005,-111.909042,32.4,46,41.6
UTAX,03032015,2015-03-03,1:50 PM,Side collision,0,SOUTH SALT LAKE,UT,35,2,Day,Snow,Main,EMU,20,123591,0,146602,H221,40.722727,-111.896842,37.8,33.9,32.1
UP,1023RM025,2023-10-31,1:45 AM,Other impacts,0,SOUTH SALT LAKE,UT,31,4,Dark,Clear,Yard,Yard/switching,3,785,38977,57826,H312,40.709045,-111.910564,36.3,39.3,42.8
UP,0118UT021,2018-01-09,7:00 PM,Other impacts,0,SOUTH SALT LAKE,UT,47,4,Dark,Rain,Yard,Yard/switching,2,126838,0,229759,H306,40.709005,-111.909042,32.4,46,41.6
UP,1023RM025,2023-10-31,1:45 AM,Other impacts,0,SOUTH SALT LAKE,UT,31,4,Dark,Clear,Yard,Cut of cars,3,18064,0,57826,H312,40.709045,-111.910564,36.3,39.3,42.8
UTAX,05112021,2021-05-11,5:12 PM,Fire/violent rupture,0,SOUTH SALT LAKE,UT,58,2,Day,Clear,Main,EMU,0,50000,0,50000,E53C,40.724204,-111.896832,52.1,52.5,59.6
UP,0822RM012,2022-08-16,8:55 AM,Other impacts,0,SOUTH SALT LAKE,UT,65,2,Day,Clear,Yard,Yard/switching,5,51153,149545,200698,E31C,40.704478,-111.907532,81,84.1,85.9
UTAX,3292020,2020-03-29,2:49 PM,Hwy-rail crossing,0,SOUTH SALT LAKE,UT,56,2,Day,Cloudy,Main,EMU,36,165000,0,165000,M301,40.699889,-111.896945,39.1,43.9,48.2
UP,1222RM016,2022-12-16,9:36 AM,Derailment,0,SOUTH SALT LAKE,UT,14,2,Day,Clear,Yard,Yard/switching,6,237160,1600,238760,H993,40.710888,-111.909233,27.8,20.6,19.9
UP,0822RM012,2022-08-16,8:55 AM,Other impacts,0,SOUTH SALT LAKE,UT,65,2,Day,Clear,Yard,Single Car,0,0,0,200698,E31C,40.704478,-111.907532,81,84.1,85.9
UTAX,09132023,2023-09-13,6:12 PM,Other impacts,0,SOUTH SALT LAKE,UT,79,2,Day,Clear,Main,EMU,35,0,0,0,M599,40.690394,-111.896952,73.6,70.8,68.1
UTAX,04102023,2023-04-10,8:53 PM,Fire/violent rupture,0,SOUTH SALT LAKE,UT,65,4,Dark,Clear,Main,EMU,0,20000,0,20000,E71L,40.724412,-111.896876,55.6,61.1,69.3
UP,1020RM025,2020-10-25,8:08 AM,Derailment,0,SOUTH SALT LAKE,UT,32,2,Day,Snow,Yard,Freight Train,10,31365,2960,34325,T202,40.718107,-111.908879,46.6,33.9,27.3
UP,0723RM011,2023-07-09,8:00 AM,Derailment,0,SOUTH SALT LAKE,UT,73,2,Day,Clear,Yard,Yard/switching,3,16114,700,16814,T316,40.706628,-111.909364,82.3,85.5,87
ATK,150338,2017-10-26,2:05 PM,Obstruction,0,SOUTH SCHODACK,NY,56,2,Day,Rain,Main,Spec. MoW Equip.,0,30335,0,58225,H605,42.502157,-73.700385,59.1,49.6,49.9
ATK,150338,2017-10-26,2:05 PM,Obstruction,0,SOUTH SCHODACK,NY,56,2,Day,Rain,Main,Spec. MoW Equip.,6,27890,0,58225,H605,42.502157,-73.700385,59.1,49.6,49.9
NS,125782,2017-07-11,5:00 PM,Derailment,0,SOUTH SHORE,OH,86,3,Dusk,Rain,Yard,Freight Train,4,37795,0,37795,H306,38.73498,-82.966767,68.9,76.9,77.5
CSX,000211477,2023-05-25,3:16 PM,Other impacts,0,SOUTH SHORE,KY,72,2,Day,Clear,Main,Freight Train,30,120823,0,1697972,H993,38.72793,-82.881206,65.1,62.8,62.7
CSX,000211477,2023-05-25,3:16 PM,Other impacts,0,SOUTH SHORE,KY,72,2,Day,Clear,Main,Spec. MoW Equip.,0,1577110,39,1697972,H993,38.72793,-82.881206,65.1,62.8,62.7
UP,0618TC013,2018-06-12,2:15 AM,Derailment,0,SOUTH ST PAUL,MN,66,4,Dark,Cloudy,Yard,Yard/switching,10,10469,5611,16080,E67C,44.90651,-93.04571,68.3,72,69.8
UP,0818TC007,2018-08-08,1:45 AM,Derailment,0,SOUTH ST PAUL,MN,64,4,Dark,Clear,Main,Yard/switching,5,3564,30348,33912,H993,44.91952,-93.049043,71.1,75.5,78.9
UP,0123GL015,2023-01-05,2:45 PM,Derailment,0,SOUTH ST PAUL,MN,27,2,Day,Cloudy,Main,Freight Train,10,51204,0,62924,H503,44.95312,-93.077286,32.5,26.2,14.9
UP,0320GL021,2020-03-24,3:58 PM,Derailment,0,SOUTH ST PAUL,MN,50,2,Day,Cloudy,Yard,Freight Train,3,29267,4049,33316,H702,44.912892,-93.052161,36.8,41.8,43
UP,0815TC021,2015-08-28,10:00 AM,Other (describe in narrative),0,SOUTH ST PAUL,MN,80,2,Day,Clear,Yard,Light loco(s),4,50807,0,50807,M507,44.903145,-93.042389,66.4,66.6,63.4
UP,0722GL014,2022-07-15,7:10 AM,Other impacts,0,SOUTH ST PAUL,MN,70,2,Day,Cloudy,Yard,Yard/switching,5,38501,2129,41901,H318,44.907968,-93.04714,73.5,77.6,77.3
UP,0722GL014,2022-07-15,7:10 AM,Other impacts,0,SOUTH ST PAUL,MN,70,2,Day,Cloudy,Yard,Single Car,0,1271,0,41901,H318,44.907968,-93.04714,73.5,77.6,77.3
UP,0524GL022,2024-05-22,3:00 AM,Derailment,0,SOUTH ST PAUL,MN,57,4,Dark,Cloudy,Yard,Yard/switching,0,12968,15920,28888,H702,44.907682,-93.047431,65.8,62.6,67.5
UP,0320GL028,2020-03-30,9:05 AM,Derailment,0,SOUTH ST PAUL,MN,36,2,Day,Clear,Yard,Freight Train,5,12536,4010,16546,T220,44.920451,-93.05968,40.3,44.6,44.1
UP,0521GL009,2021-05-11,2:15 AM,Derailment,0,SOUTH ST PAUL,MN,41,4,Dark,Clear,Yard,Yard/switching,9,3681,22260,25941,H522,44.904762,-93.044358,47.6,49.1,54.9
UP,0816TC001,2016-08-01,1:40 AM,Other impacts,0,SOUTH ST PAUL,MN,80,4,Dark,Clear,Yard,Cut of cars,3,11147,0,14112,H310,44.904578,-93.044218,74.4,76.5,79.1
UP,0224GL024,2024-02-16,8:00 PM,Derailment,0,SOUTH ST PAUL,MN,13,4,Dark,Clear,Yard,Yard/switching,4,8715,9800,18515,H702,44.902907,-93.042623,23.9,13.9,18.8
UP,0816TC001,2016-08-01,1:40 AM,Other impacts,0,SOUTH ST PAUL,MN,80,4,Dark,Clear,Yard,Light loco(s),7,1673,1292,14112,H310,44.904578,-93.044218,74.4,76.5,79.1
UP,0323GL035,2023-03-14,12:00 PM,Other (describe in narrative),0,SOUTH ST PAUL,MN,50,2,Day,Clear,Yard,Single Car,0,16138,0,16138,M507,44.903753,-93.04344,24.3,21.7,36.9
UP,0623GL008,2023-06-11,6:35 PM,Derailment,0,SOUTH ST PAUL,MN,68,3,Dusk,Clear,Yard,Freight Train,4,4281,7896,12177,H702,44.926089,-93.065683,70.4,59.7,66.9
UP,0723GL018,2023-07-12,5:30 AM,Derailment,0,SOUTH ST PAUL,MN,64,1,Dawn,Clear,Yard,Freight Train,4,12481,9792,22273,H702,44.942775,-93.051471,67.7,67.9,73.1
UP,0423GL002,2023-04-02,8:15 AM,Derailment,0,SOUTH ST PAUL,MN,36,2,Day,Cloudy,Yard,Freight Train,7,5521,58980,64501,T110,44.899131,-93.037763,31.8,37.6,39
NS,146538,2022-09-20,9:00 AM,Derailment,0,SOUTH VIENNA,OH,72,2,Day,Clear,Main,Freight Train,14,88670,0,88670,S003,39.8931,-83.575859,70.4,68.1,73.8
NS,151046,2022-10-03,3:05 PM,Hwy-rail crossing,0,SOUTH WHITLEY,IN,70,2,Day,Clear,Main,Freight Train,50,13829,0,13829,M302,41.089303,-85.647328,57.4,51.5,50.7
NS,120622,2016-05-23,10:40 PM,Derailment,0,SOUTH WHITLEY,IN,55,4,Dark,Clear,Main,Freight Train,48,660838,370760,1031598,T312,41.08846,-85.627896,63.5,61.9,68.2
GNBC,G12202017,2017-12-20,1:47 PM,Derailment,0,SOUTHARD,OK,56,2,Day,Clear,Main,Freight Train,24,75800,3800,79600,T207,36.033416,-98.495253,51.4,46.7,45.6
MBTA,7095,2018-01-13,7:30 AM,Other (describe in narrative),0,SOUTHBOROUGH,MA,27,1,Dawn,Clear,Main,Passenger Train - Pushing,30,15128,0,15128,M199,42.30555,-71.523621,53.8,41.2,16
MNCW,74933,2021-06-04,6:40 AM,Other impacts,0,SOUTHEAST,NY,67,2,Day,Cloudy,Yard,EMU,1,1436,0,15954,H399,41.40782,-73.622622,64.7,71.3,76.7
MNCW,74933,2021-06-04,6:40 AM,Other impacts,0,SOUTHEAST,NY,67,2,Day,Cloudy,Yard,EMU,0,14518,0,15954,H399,41.40782,-73.622622,64.7,71.3,76.7
NS,144095,2022-01-21,9:00 AM,Derailment,0,SOUTHERN VIEW,IL,5,2,Day,Clear,Main,Freight Train,46,676254,196231,872485,T220,39.749671,-89.662937,10.2,13.4,26
NS,152791,2023-04-11,10:15 PM,Other impacts,0,SOUTHMONT,NC,58,4,Dark,Clear,Yard,Single Car,0,8800,0,52275,H312,35.738906,-80.33295,50,56.1,64
NS,127263,2017-11-01,10:30 AM,Derailment,0,SOUTHMONT,NC,65,2,Day,Clear,Yard,Yard/switching,10,186424,0,295632,H306,35.736022,-80.336566,53.1,56.8,63.2
NS,127263,2017-11-01,10:30 AM,Derailment,0,SOUTHMONT,NC,65,2,Day,Clear,Yard,Yard/switching,10,30904,78304,295632,H306,35.736022,-80.336566,53.1,56.8,63.2
NS,151316,2022-10-29,10:15 PM,Other impacts,0,SOUTHMONT,NC,53,4,Dark,Clear,Yard,Single Car,4,22548,125,22673,H312,35.74086,-80.330499,53.2,57.3,56.8
NS,152791,2023-04-11,10:15 PM,Other impacts,0,SOUTHMONT,NC,58,4,Dark,Clear,Yard,Single Car,0,175,0,52275,H312,35.738906,-80.33295,50,56.1,64
NS,156372,2024-04-15,3:35 PM,Derailment,0,SOUTHMONT,NC,86,2,Day,Clear,Yard,Yard/switching,5,300,15565,15865,H702,35.74086,-80.330499,64.3,70.8,71.7
NS,151160,2022-10-14,6:20 AM,Derailment,0,SOUTHMONT,NC,68,1,Dawn,Clear,Yard,Single Car,4,75,11702,11777,H312,35.737929,-80.334175,66.3,59.1,59.3
NS,152830,2023-04-16,5:15 PM,Other impacts,0,SOUTHMONT,NC,73,3,Dusk,Clear,Yard,Single Car,5,5725,0,18819,H312,35.74086,-80.330499,65.7,64.6,59.6
NS,152830,2023-04-16,5:15 PM,Other impacts,0,SOUTHMONT,NC,73,3,Dusk,Clear,Yard,Single Car,0,13094,0,18819,H312,35.74086,-80.330499,65.7,64.6,59.6
NS,152791,2023-04-11,10:15 PM,Other impacts,0,SOUTHMONT,NC,58,4,Dark,Clear,Yard,Single Car,3,43300,0,52275,H312,35.738906,-80.33295,50,56.1,64
NS,156416,2024-04-19,3:55 AM,Other impacts,0,SOUTHMONT,NC,60,4,Dark,Clear,Yard,Single Car,2,1000,0,18447,M599,35.74086,-80.330499,72.5,65.6,66.7
NS,156416,2024-04-19,3:55 AM,Other impacts,0,SOUTHMONT,NC,60,4,Dark,Clear,Yard,Single Car,0,0,17447,18447,M599,35.74086,-80.330499,72.5,65.6,66.7
NS,151049,2022-10-04,1:00 PM,Other impacts,0,SOUTHMONT,NC,70,2,Day,Clear,Yard,Single Car,4,150,18434,37318,H312,35.735975,-80.336626,57.3,55.9,59.4