reportingrailroadcode,accidentnumber,date,time,accidenttype,hazmatreleasedcars,station,stateabbr,temperature,visibility_code,visibility,weathercondition,tracktype,equipmenttype,trainspeed,equipmentdamagecost,trackdamagecost,totaldamagecost,primaryaccidentcausecode,latitude,longitude,prior_temp,actual_temp,following_temp
NS,130320,2018-07-23,10:00 PM,Other impacts,0,SOUTHMONT,NC,73,4,Dark,Clear,Yard,Yard/switching,2,3000,0,71265,M408,35.736022,-80.336566,73.1,71.9,74.6
NS,154775,2023-11-14,10:30 AM,Other impacts,0,SOUTHMONT,NC,49,2,Day,Clear,Yard,Single Car,5,65996,27154,122540,H312,35.74086,-80.330499,48.3,51.9,48.9
NS,153485,2023-06-30,10:00 PM,Other impacts,0,SOUTHMONT,NC,75,4,Dark,Clear,Yard,Single Car,0,2240,10537,13655,H312,35.738906,-80.33295,75.3,77.4,77.5
NS,154168,2023-09-09,3:32 PM,Other impacts,0,SOUTHMONT,NC,84,2,Day,Clear,Yard,Single Car,4,0,3768,13350,H312,35.738906,-80.33295,77.4,72,71.6
NS,154168,2023-09-09,3:32 PM,Other impacts,0,SOUTHMONT,NC,84,2,Day,Clear,Yard,Cut of cars,0,9582,0,13350,H312,35.738906,-80.33295,77.4,72,71.6
NS,153485,2023-06-30,10:00 PM,Other impacts,0,SOUTHMONT,NC,75,4,Dark,Clear,Yard,Single Car,4,878,0,13655,H312,35.738906,-80.33295,75.3,77.4,77.5
NS,130320,2018-07-23,10:00 PM,Other impacts,0,SOUTHMONT,NC,73,4,Dark,Clear,Yard,Yard/switching,7,68265,0,71265,M408,35.736022,-80.336566,73.1,71.9,74.6
NS,154775,2023-11-14,10:30 AM,Other impacts,0,SOUTHMONT,NC,49,2,Day,Clear,Yard,Single Car,5,29390,0,122540,H312,35.74086,-80.330499,48.3,51.9,48.9
NS,133603,2019-04-17,5:50 PM,Derailment,0,SOUTHMONT,NC,78,3,Dusk,Clear,Yard,Yard/switching,4,13200,0,13200,M408,35.739919,-80.331678,55.6,65.9,69.8
NS,130207,2018-07-15,10:45 AM,Derailment,0,SOUTHMONT,NC,89,2,Day,Clear,Yard,Yard/switching,4,3776,7438,11214,H312,35.736022,-80.336566,77.7,80.6,81.4
NS,155139,2023-12-22,5:45 AM,Derailment,0,SOUTHMONT,NC,29,1,Dawn,Clear,Yard,Freight Train,6,576326,250000,826326,T110,35.738906,-80.33295,40.1,43.5,46.9
NS,129757,2018-06-08,2:40 PM,Derailment,0,SOUTHMONT,NC,90,2,Day,Cloudy,Yard,Freight Train,10,11744,7288,19032,T399,35.736022,-80.336566,72.5,76.4,75.8
NS,157167,2024-06-26,2:45 PM,Derailment,0,SOUTHMONT,NC,98,2,Day,Clear,Yard,Freight Train,10,64495,33500,97995,T110,35.74086,-80.330499,80.2,83.9,78.8
WIR,01,2017-07-21,6:30 PM,Derailment,0,SPANGLE,WA,75,2,Day,Clear,Main,Freight Train,7,500000,5000,505000,M599,47.396303,-117.378915,71.4,67.6,73.8
IAIS,2022053,2022-12-06,12:00 PM,Hwy-rail crossing,0,SPARLAND,IL,44,2,Day,Cloudy,Main,Light loco(s),24,0,0,0,M308,41.027486,-89.438365,35.1,38.3,38.8
NYSW,20062402,2020-06-24,8:35 AM,Derailment,0,SPARTA,NJ,73,2,Day,Clear,Main,Spec. MoW Equip.,0,84710,0,84710,H993,41.11125,-74.630738,77.3,74.7,71.8
UP,0316SL001,2016-03-06,3:40 AM,Derailment,0,SPARTA,IL,40,4,Dark,Cloudy,Industry,Freight Train,2,80119,7500,87619,M101,38.161208,-89.654309,43.5,44.9,61.3
NYSW,221116SD2,2022-11-16,6:34 PM,Obstruction,0,SPARTA,NJ,44,3,Dusk,Cloudy,Main,Freight Train,29,14550,0,14550,M404,41.048125,-74.621644,34.1,40.5,38
NYSW,16012201,2016-01-22,7:50 PM,Derailment,0,SPARTA,NJ,20,4,Dark,Cloudy,Siding,Freight Train,4,90835,250,91085,H999,41.08057,-74.649855,26.1,21.2,22.1
UP,0219MA010,2019-02-07,7:39 AM,Derailment,0,SPARTA,IL,45,2,Day,Rain,Main,Freight Train,11,791783,149261,941044,E24C,38.135773,-89.696053,40.7,36.2,18.8
NYSW,220314SD1,2022-03-14,5:46 PM,Derailment,0,SPARTA,NJ,47,3,Dusk,Clear,Siding,Freight Train,5,35000,3598,38598,H018,41.066379,-74.666443,25.6,39.4,51.9
UP,0315SL021,2015-03-31,3:05 PM,Derailment,0,SPARTA,IL,72,2,Day,Clear,Main,Freight Train,1,36453,22644,59097,H607,38.165091,-89.646276,54,59.5,60
CSX,000202890,2022-02-04,6:30 AM,Derailment,0,SPARTANBURG,SC,53,1,Dawn,Cloudy,Yard,Freight Train,8,97841,0,97841,H019,34.949146,-81.936776,44.6,56.2,37.5
NS,131205,2018-10-05,11:30 AM,Other impacts,0,SPARTANBURG,SC,75,2,Day,Clear,Main,Freight Train,0,10000,0,23888,H997,34.952787,-81.904522,75.8,76.8,77.1
CSX,000208409,2022-11-16,2:30 PM,Other impacts,0,SPARTANBURG,SC,53,2,Day,Clear,Main,Freight Train,0,2484,0,19984,H018,34.949146,-81.936776,42.1,44.7,37.7
NS,132549,2019-01-19,11:00 AM,Derailment,0,SPARTANBURG,SC,42,2,Day,Cloudy,Industry,Freight Train,4,14642,0,14642,H018,34.951694,-81.944103,44.5,45.8,40.6
CSX,000202626,2022-01-23,12:30 AM,Derailment,0,SPARTANBURG,SC,36,4,Dark,Clear,Yard,Freight Train,4,103887,0,103887,H514,34.949146,-81.936776,31.4,36,41.1
NS,131205,2018-10-05,11:30 AM,Other impacts,0,SPARTANBURG,SC,75,2,Day,Clear,Main,Spec. MoW Equip.,5,10000,3888,23888,H997,34.952787,-81.904522,75.8,76.8,77.1
CSX,000208409,2022-11-16,2:30 PM,Other impacts,0,SPARTANBURG,SC,53,2,Day,Clear,Main,Single Car,5,17500,0,19984,H018,34.949146,-81.936776,42.1,44.7,37.7
BNSF,KS0819203,2019-08-13,5:10 PM,Hwy-rail crossing,0,SPEARVILLE,KS,78,3,Dusk,Clear,Main,Freight Train,52,17500,1000,18500,M302,37.826171,-99.806138,81.6,76.5,72.1
UP,1219RM019,2019-12-27,6:29 AM,Fire/violent rupture,0,SPENCER,ID,9,1,Dawn,Clear,Main,Freight Train,0,326281,0,326281,E73L,44.360266,-112.185146,15.5,16.5,8.6
WC,1110043,2022-08-01,9:17 AM,Hwy-rail crossing,0,SPENCER,WI,68,2,Day,Clear,Main,Freight Train,47,19447,0,19447,M308,44.757954,-90.29771,69.9,69.8,71.9
CSX,000203198,2022-02-20,12:18 AM,Obstruction,0,SPENCER,MA,25,4,Dark,Clear,Main,Freight Train,0,9597,0,946604,M501,42.200337,-71.994189,22.3,20.1,38.7
WE,230036,2023-05-16,11:50 PM,Derailment,0,SPENCER,OH,57,4,Dark,Cloudy,Yard,Yard/switching,7,24580,4135,28715,H503,41.099326,-82.123306,58.8,59.4,50.9
CSX,000203198,2022-02-20,12:18 AM,Obstruction,0,SPENCER,MA,25,4,Dark,Clear,Main,Spec. MoW Equip.,21,936927,80,946604,M501,42.200337,-71.994189,22.3,20.1,38.7
NS,151298,2022-10-27,1:30 PM,Derailment,0,SPENCER,NC,70,2,Day,Clear,Yard,Yard/switching,10,443332,0,443332,H306,35.733095,-80.340239,58.9,53.9,52.9
WE,170135,2017-12-06,5:05 PM,Derailment,0,SPENCER,OH,28,4,Dark,Clear,Main,Freight Train,3,5000,20431,25431,E67C,41.103238,-82.121862,44.5,32.4,27.5
NS,154555,2023-10-21,9:00 PM,Other impacts,0,SPENCER,NC,65,4,Dark,Clear,Yard,Single Car,4,2500,0,23998,H312,35.731153,-80.342675,56.9,56.9,58.6
NS,154555,2023-10-21,9:00 PM,Other impacts,0,SPENCER,NC,65,4,Dark,Clear,Yard,Cut of cars,4,5500,15998,23998,H312,35.731153,-80.342675,56.9,56.9,58.6
NS,129977,2018-06-26,6:20 PM,Other impacts,0,SPENCER,NC,79,3,Dusk,Clear,Yard,Cut of cars,0,2500,0,10779,M411,35.734074,-80.339009,76.3,72.2,73
NS,129977,2018-06-26,6:20 PM,Other impacts,0,SPENCER,NC,79,3,Dusk,Clear,Yard,Single Car,2,3500,4779,10779,M411,35.734074,-80.339009,76.3,72.2,73
NS,139586,2020-02-13,8:13 PM,Obstruction,0,SPENCER,NC,54,4,Dark,Cloudy,Main,,0,0,0,11116,M404,35.720101,-80.375337,54.1,57.6,42.9
NS,131370,2018-10-18,6:00 AM,Other impacts,0,SPENCER,NC,60,1,Dawn,Clear,Yard,Yard/switching,8,24125,7345,31470,M411,35.732126,-80.341453,64.8,52.7,51.4
NS,128528,2018-02-14,1:14 PM,Derailment,0,SPENCER,NC,60,2,Day,Clear,Yard,Freight Train,12,90900,0,90900,H601,35.728973,-80.345439,42.2,46.1,64
WE,170053,2017-04-19,11:00 PM,Derailment,0,SPENCER,OH,60,4,Dark,Rain,Main,Freight Train,10,31771,16897,48668,T316,41.103123,-82.122472,56.5,65.4,64.9
WE,170010,2017-01-27,9:12 PM,Derailment,0,SPENCER,OH,25,4,Dark,Snow,Yard,Yard/switching,6,21736,212,21948,T110,41.061272,-82.065165,36.3,30.7,27.6
LI,69826,2019-05-25,3:02 AM,Side collision,0,SPEONK,NY,56,4,Dark,Clear,Main,Passenger Train - Pulling,30,245702,32566,450301,S009,40.820376,-72.698667,67.9,57.6,68.8
LI,69826,2019-05-25,3:02 AM,Side collision,0,SPEONK,NY,56,4,Dark,Clear,Siding,Passenger Train - Pulling,0,100000,72033,450301,S009,40.820376,-72.698667,67.9,57.6,68.8
LI,EQ20160707,2016-07-27,2:12 PM,Derailment,0,SPEONK,NY,90,2,Day,Clear,Yard,Yard/switching,5,0,26454,26454,T110,40.821448,-72.701584,79.9,76.9,77.9
BNSF,TC0423112,2023-04-07,7:55 PM,Derailment,0,SPIRITWOOD,ND,38,3,Dusk,Clear,Main,Freight Train,54,42941,3600,46541,M501,46.935035,-98.468013,17,21.9,24.9
UP,0223HO017,2023-02-13,7:28 AM,Hwy-rail crossing,0,SPLENDORA,TX,40,2,Day,Cloudy,Main,Freight Train,59,421442,1047270,1468712,M302,30.267531,-95.139042,48.7,55.1,67.3
UP,0820GC040,2020-08-22,9:24 AM,Hwy-rail crossing,0,SPLENDORA,TX,80,2,Day,Clear,Main,Freight Train,50,360,22000,22360,M303,30.172831,-95.203116,79.9,79,81.5
BNSF,RD0320131,2020-03-20,4:26 PM,Fire/violent rupture,0,SPOFFORD,TX,63,2,Day,Clear,Main,Freight Train,25,16288,0,16288,E74L,29.225146,-100.245046,74.9,65.5,55.7
UP,0220SX018,2020-02-23,8:51 AM,Derailment,0,SPOFFORD,TX,44,2,Day,Cloudy,Main,,0,0,263235,463235,E79L,29.163014,-100.395556,54.2,62.5,65.4
UP,0220SX017,2020-02-21,5:30 AM,Derailment,0,SPOFFORD,TX,42,1,Dawn,Cloudy,Main,Freight Train,29,33646,416912,450558,E61C,29.151958,-100.381929,51.7,47.9,54.2
UP,0121SX002,2021-01-01,11:56 PM,Derailment,0,SPOFFORD,TX,39,4,Dark,Clear,Main,Freight Train,7,56531,1470,58001,H506,29.164607,-100.399321,38,42.9,44.8
BNSF,RD1020124,2020-10-01,3:24 AM,Derailment,0,SPOFFORD,TX,63,4,Dark,Clear,Siding,Freight Train,27,634118,0,750263,T220,29.217837,-100.264015,68.1,71.6,72.4
UP,0320SX028,2020-03-20,4:26 PM,Fire/violent rupture,0,SPOFFORD,TX,65,2,Day,Cloudy,Main,,0,0,0,16288,E99L,29.182935,-100.312466,74.9,65.5,55.7
BNSF,RD0220123,2020-02-23,8:51 AM,Derailment,1,SPOFFORD,TX,44,2,Day,Cloudy,Main,Freight Train,7,200000,0,463235,E79L,29.163014,-100.395556,54.2,62.5,65.4
BNSF,NW0122115,2022-01-15,7:50 PM,Derailment,0,SPOKANE,WA,35,3,Dusk,Fog,Yard,Yard/switching,3,13150,14487,27637,E39C,47.6686,-117.342469,32.3,33.1,31.4
BNSF,NW0222114,2022-02-20,5:18 PM,Derailment,0,SPOKANE,WA,20,3,Dusk,Clear,Yard,Yard/switching,8,43912,500,44412,H310,47.669486,-117.340889,40.9,36.9,24.3
BNSF,NW1023113,2023-10-19,12:01 AM,Derailment,0,SPOKANE,WA,45,4,Dark,Clear,Yard,Yard/switching,10,79395,0,79395,M501,47.670967,-117.333223,55.1,57.1,59.8
UP,0719PN015,2019-07-16,10:20 PM,Other impacts,0,SPOKANE,WA,72,4,Dark,Cloudy,Yard,Cut of cars,0,32074,0,393753,H515,47.65847,-117.345735,67.1,67.1,64.6
BNSF,NW0324126,2024-03-02,12:01 AM,Derailment,0,SPOKANE,WA,34,4,Dark,Clear,Yard,,0,0,0,26786,E69C,47.655658,-117.418193,36.9,33.8,33
UP,0522PN007,2022-05-07,1:00 AM,Derailment,0,SPOKANE,WA,46,4,Dark,Cloudy,Yard,Freight Train,4,41059,6879,47938,H702,47.658397,-117.345922,49.4,48.2,42.4
UP,1021PN021,2021-10-17,7:00 PM,Other impacts,0,SPOKANE,WA,67,3,Dusk,Clear,Siding,Yard/switching,5,27543,46490,83697,H306,47.680785,-117.185899,52.8,52.3,49.6
UP,1021PN021,2021-10-17,7:00 PM,Other impacts,0,SPOKANE,WA,67,3,Dusk,Clear,Siding,Single Car,0,9664,0,83697,H306,47.680785,-117.185899,52.8,52.3,49.6
UP,0721PN023,2021-07-20,1:20 PM,Derailment,0,SPOKANE,WA,78,2,Day,Clear,Yard,Yard/switching,2,500,16400,16900,H307,47.659451,-117.326776,76.9,76.9,70
BNSF,NW0623113,2023-06-17,1:00 PM,Derailment,0,SPOKANE,WA,61,2,Day,Cloudy,Yard,Yard/switching,8,7691,11020,18711,H312,47.668267,-117.342904,67.5,67.6,58.3
BNSF,NW0520113,2020-05-24,12:10 AM,Derailment,0,SPOKANE,WA,46,4,Dark,Clear,Yard,Freight Train,4,80407,117567,208907,E51C,47.671671,-117.325818,52.8,58.7,57.7
ATK,178661,2024-03-02,12:01 AM,Derailment,0,SPOKANE,WA,34,4,Dark,Clear,Yard,Passenger Train - Pulling,9,26786,0,26786,E69C,47.65628,-117.41496,36.9,33.8,33
BNSF,NW0624106,2024-06-11,6:20 AM,Derailment,0,SPOKANE,WA,60,1,Dawn,Clear,Yard,Work train,6,604,17665,18269,T212,47.659427,-117.388101,67.4,69.9,61.9
BNSF,NW1123127,2023-11-28,5:00 AM,Derailment,0,SPOKANE,WA,38,1,Dawn,Clear,Yard,Yard/switching,6,8608,52277,60885,H522,47.668172,-117.344141,30.3,26.6,24.9
BNSF,NW1221116,2021-12-21,8:15 PM,Derailment,0,SPOKANE,WA,25,3,Dusk,Snow,Yard,Freight Train,8,26893,11200,38093,H307,47.667755,-117.344998,25.2,23.3,34.2
BNSF,NW1023111,2023-10-16,9:30 PM,Derailment,0,SPOKANE,WA,50,4,Dark,Clear,Yard,Yard/switching,4,4673,10236,14909,H503,47.674215,-117.314995,59.3,56.5,52.9
BNSF,NW0921109,2021-09-12,2:30 PM,Derailment,0,SPOKANE,WA,74,2,Day,Clear,Industry,Yard/switching,5,13944,1920,15864,H307,47.687174,-117.190846,61.6,62.6,62
BNSF,NW0419123,2019-04-27,9:25 AM,Derailment,0,SPOKANE,WA,50,2,Day,Clear,Yard,Yard/switching,10,66796,4000,70796,S101,47.674123,-117.33255,53.6,47.2,44.4
BNSF,NW0623123,2023-06-29,11:59 AM,Derailment,0,SPOKANE,WA,87,2,Day,Cloudy,Yard,Yard/switching,8,12533,0,12533,H312,47.668934,-117.340712,71.7,76.7,77
BNSF,NW0618112,2018-06-25,3:36 PM,Derailment,0,SPOKANE,WA,80,2,Day,Clear,Yard,Yard/switching,4,1000,60000,61000,H318,47.67051,-117.332908,70.6,69.1,61.1
BNSF,NW0621206,2021-06-25,4:40 PM,Hwy-rail crossing,0,SPOKANE,WA,88,2,Day,Clear,Main,Freight Train,52,884,25000,25884,M302,47.708806,-117.111927,76.6,79.5,84
UP,0719PN015,2019-07-16,10:20 PM,Other impacts,0,SPOKANE,WA,72,4,Dark,Cloudy,Yard,Freight Train,5,212049,149630,393753,H515,47.65847,-117.345735,67.1,67.1,64.6
UP,0321PN010,2021-03-13,1:20 PM,Derailment,0,SPOKANE,WA,48,2,Day,Clear,Yard,Yard/switching,2,25864,9627,35491,H607,47.659576,-117.331104,39.6,41.6,44.6
BNSF,NW1114201,2014-11-24,4:30 PM,Hwy-rail crossing,0,SPOKANE,WA,38,2,Day,Cloudy,Main,Maint./inspect Car,5,15000,0,15000,M303,47.6718,-117.39,35.5,34.3,38.4
BNSF,NW1214104,2014-12-07,2:30 AM,Raking collision,0,SPOKANE,WA,34,4,Dark,Cloudy,Yard,Yard/switching,3,8295,0,11497,H306,47.673811,-117.314624,36.2,36.7,36.5
BNSF,NW1214109,2014-12-12,8:35 PM,Derailment,0,SPOKANE,WA,44,4,Dark,Rain,Yard,Yard/switching,4,16199,0,16199,H312,47.669135,-117.342468,49.4,44.8,35.8
BNSF,NW0416106,2016-04-08,1:45 AM,Other impacts,0,SPOKANE,WA,45,4,Dark,Clear,Yard,Yard/switching,5,13850,0,24298,H318,47.673844,-117.333436,56.3,61,60
BNSF,NW0717113,2017-07-12,10:00 PM,Derailment,0,SPOKANE,WA,63,4,Dark,Clear,Yard,Freight Train,5,8073,27000,35073,H505,47.667899,-117.344524,71,73.8,74.8
BNSF,NW0216107,2016-02-11,11:45 PM,Raking collision,0,SPOKANE,WA,39,4,Dark,Rain,Yard,Light loco(s),8,40000,0,142000,H306,47.673584,-117.326045,35.6,37.9,43.2
BNSF,NW1216112,2016-12-20,9:00 AM,Side collision,0,SPOKANE,WA,38,2,Day,Snow,Yard,Yard/switching,4,1191,0,39398,H318,47.67284,-117.321344,29,34.9,28.4
BNSF,NW1216112,2016-12-20,9:00 AM,Side collision,0,SPOKANE,WA,38,2,Day,Snow,Yard,Yard/switching,4,1191,0,39398,H318,47.67284,-117.321344,29,34.9,28.4
BNSF,NW1214104,2014-12-07,2:30 AM,Raking collision,0,SPOKANE,WA,34,4,Dark,Cloudy,Yard,Yard/switching,3,3202,0,11497,H306,47.673811,-117.314624,36.2,36.7,36.5
BNSF,NW1215116,2015-12-28,5:15 PM,Side collision,0,SPOKANE,WA,23,3,Dusk,Cloudy,Yard,Yard/switching,0,16886,0,17186,H021,47.673697,-117.333793,26.5,26.8,24.7
BNSF,NW0216107,2016-02-11,11:45 PM,Raking collision,0,SPOKANE,WA,39,4,Dark,Rain,Yard,Light loco(s),8,100000,2000,142000,H306,47.673584,-117.326045,35.6,37.9,43.2
BNSF,NW1215116,2015-12-28,5:15 PM,Side collision,0,SPOKANE,WA,23,3,Dusk,Cloudy,Yard,Cut of cars,3,300,0,17186,H021,47.673697,-117.333793,26.5,26.8,24.7
BNSF,NW1216112,2016-12-20,9:00 AM,Side collision,0,SPOKANE,WA,38,2,Day,Snow,Yard,Cut of cars,0,38207,0,39398,H318,47.67284,-117.321344,29,34.9,28.4
BNSF,NW0416106,2016-04-08,1:45 AM,Other impacts,0,SPOKANE,WA,45,4,Dark,Clear,Yard,Cut of cars,0,10448,0,24298,H318,47.673844,-117.333436,56.3,61,60
BNSF,NW0616107,2016-06-24,5:45 PM,Derailment,0,SPOKANE,WA,62,3,Dusk,Cloudy,Yard,Yard/switching,7,13270,4000,17270,H704,47.705308,-117.363133,66.4,54.6,60.1
BNSF,NW0224114,2024-02-22,9:45 AM,Derailment,0,SPOKANE,WA,45,2,Day,Clear,Industry,Yard/switching,5,308,16748,17056,T111,47.688828,-117.190941,39.9,41.8,37.9
UP,1119PN014,2019-11-15,10:30 PM,Derailment,0,SPOKANE,WA,37,4,Dark,Clear,Industry,Freight Train,5,68534,55232,123766,T206,47.657814,-117.355904,37.9,37.6,41.9
BNSF,NW0622107,2022-06-16,6:00 PM,Derailment,0,SPOKANE,WA,65,3,Dusk,Clear,Industry,Yard/switching,4,2004,31200,33204,T110,47.672197,-117.320038,58.1,63.3,64.2
BNSF,NW0923120,2023-09-28,10:00 AM,Derailment,0,SPOKANE,WA,65,2,Day,Cloudy,Industry,Yard/switching,5,931,12535,13466,T110,47.658177,-117.391197,52.1,51.5,48.3
UP,0719PN017,2019-07-17,9:03 PM,Derailment,0,SPOKANE,WA,68,4,Dark,Cloudy,Yard,Yard/switching,6,23548,9331,32879,T314,47.659705,-117.33133,67.1,64.6,67.6
UP,1215PD007,2015-12-12,4:20 PM,Derailment,0,SPOKANE,WA,36,3,Dusk,Rain,Yard,Freight Train,6,755,15633,16388,T207,47.659341,-117.343986,38,36.7,39.2
BNSF,NW0717106,2017-07-07,8:40 AM,Derailment,0,SPOKANE,WA,85,2,Day,Clear,Yard,Yard/switching,3,435,17303,17738,T205,47.6689,-117.341284,82.2,81.9,79.5
UP,0116PD001,2016-01-02,5:44 AM,Derailment,0,SPOKANE,WA,5,4,Dark,Clear,Yard,Freight Train,9,91404,0,194224,T207,47.666029,-117.368073,11.4,9.7,16.9
BNSF,NW0224115,2024-02-22,12:45 PM,Derailment,0,SPOKANE,WA,45,2,Day,Clear,Industry,Yard/switching,4,154,19976,20130,T111,47.680948,-117.186693,39.9,41.8,37.9
BNSF,NW0116100,2016-01-02,5:44 AM,Derailment,0,SPOKANE,WA,4,1,Dawn,Clear,Yard,Freight Train,0,0,102820,194224,T207,47.666029,-117.368073,11.4,9.7,16.9
ATK,173190,2022-12-26,6:08 PM,Hwy-rail crossing,0,SPOTSYLVANIA,VA,40,4,Dark,Clear,Main,Passenger Train - Pulling,40,22412,0,22634,M302,38.240885,-77.435624,22.7,24.8,32.9
VREX,030517,2017-03-05,6:35 PM,Derailment,0,SPOTSYLVANIA,VA,43,2,Day,Cloudy,Yard,Light loco(s),3,13120,1929,15049,H607,38.213406,-77.437591,33.6,32.5,43
CSX,000208986,2022-12-26,6:08 PM,Hwy-rail crossing,0,SPOTSYLVANIA,VA,40,3,Dusk,Clear,Main,,0,0,222,22634,M302,38.240885,-77.435624,22.7,24.8,32.9
BNSF,NW0518119,2018-05-29,6:30 AM,Rear end collision,0,SPRAGUE,WA,60,1,Dawn,Clear,Main,Spec. MoW Equip.,0,20000,0,20000,H402,47.300705,-117.953061,67,59.8,55.7
BNSF,NW0518119,2018-05-29,6:30 AM,Rear end collision,0,SPRAGUE,WA,60,1,Dawn,Clear,Main,Spec. MoW Equip.,8,0,0,20000,H402,47.300705,-117.953061,67,59.8,55.7
UP,1117HO028,2017-11-22,8:40 PM,Other impacts,0,SPRING,TX,55,4,Dark,Clear,Yard,Freight Train,9,97866,40082,171266,H310,30.061664,-95.412612,63,59.6,50.6
UP,0717HO007,2017-07-07,3:39 AM,Hwy-rail crossing,0,SPRING,TX,85,4,Dark,Clear,Main,Freight Train,19,4188,15100,19288,M308,30.09673,-95.50671,85.2,84,85.1
UP,0723HO006,2023-07-05,12:15 PM,Derailment,0,SPRING,TX,90,2,Day,Clear,Yard,Yard/switching,10,117526,74850,192376,H523,30.057475,-95.4106,84.6,84.6,78.4
UP,0322HO021,2022-03-15,11:10 PM,Derailment,0,SPRING,TX,62,4,Dark,Clear,Yard,Yard/switching,4,80696,50,80746,E29C,30.066906,-95.409947,64.6,63.5,62.6
UP,0424HO054,2024-04-30,6:19 PM,Obstruction,0,SPRING,TX,82,3,Dusk,Clear,Yard,Freight Train,6,17720,0,17720,M404,30.047525,-95.408866,74.6,74.1,76
UP,0420HO006,2020-04-08,9:22 AM,Other impacts,0,SPRING,TX,76,2,Day,Cloudy,Yard,Yard/switching,9,44019,0,50789,H312,30.063347,-95.41197,77.4,78.2,76.3
UP,0317HO070,2017-03-31,10:15 AM,Derailment,0,SPRING,TX,85,2,Day,Clear,Yard,Freight Train,7,24688,16852,41540,M101,30.061664,-95.412613,66.2,69.5,70.2
UP,0317HO052,2017-03-21,10:20 AM,Derailment,0,SPRING,TX,80,2,Day,Clear,Yard,Light loco(s),4,55861,4896,60757,S011,30.06456,-95.413339,74.5,72.7,72.9
UP,0916HO011,2016-09-06,12:15 PM,Derailment,0,SPRING,TX,91,2,Day,Cloudy,Yard,Freight Train,3,10802,3600,14402,M501,30.047431,-95.409006,81.2,83,82.4
UP,0318HO009,2018-03-04,11:53 PM,Fire/violent rupture,0,SPRING,TX,65,4,Dark,Clear,Main,Freight Train,20,15587,66,15653,E73L,30.076146,-95.416232,63.3,69.7,73.3
UP,0816HO004,2016-08-02,8:00 AM,Hwy-rail crossing,0,SPRING,TX,90,2,Day,Clear,Main,Freight Train,10,447,46885,47332,M302,29.996041,-95.396207,86,86.6,86.9
UP,1117HO028,2017-11-22,8:40 PM,Other impacts,0,SPRING,TX,55,4,Dark,Clear,Yard,Cut of cars,5,33318,0,171266,H310,30.061664,-95.412612,63,59.6,50.6
UP,0221HO021,2021-02-12,5:00 AM,Derailment,0,SPRING,TX,31,1,Dawn,Rain,Yard,Freight Train,5,107626,128060,243330,T207,30.060321,-95.411896,40,35.4,36.1
UP,0221HO021,2021-02-12,5:00 AM,Derailment,0,SPRING,TX,31,1,Dawn,Rain,Yard,Cut of cars,0,7644,0,243330,T207,30.060321,-95.411896,40,35.4,36.1
UP,0816HO052,2016-08-26,1:00 PM,Derailment,0,SPRING,TX,90,2,Day,Clear,Yard,Single Car,0,2056,0,384191,T111,30.061778,-95.412593,80.3,78.6,79.3
UP,0815HO014,2015-08-10,6:10 PM,Derailment,0,SPRING,TX,98,2,Day,Clear,Main,Freight Train,22,457090,456455,913545,T318,30.076415,-95.416291,87.7,88.3,86.6
UP,0816HO052,2016-08-26,1:00 PM,Derailment,0,SPRING,TX,90,2,Day,Clear,Yard,Freight Train,4,88138,293997,384191,T111,30.061778,-95.412593,80.3,78.6,79.3
NS,121458,2016-07-28,9:15 PM,Derailment,0,SPRING CITY,TN,85,4,Dark,Clear,Main,Freight Train,46,3249873,2478279,5728152,E61C,35.696645,-84.857457,80,75.2,75.4
WSOR,190226001,2019-02-26,2:08 AM,Derailment,0,SPRING GROVE,IL,10,4,Dark,Clear,Main,Freight Train,20,92000,3000,95000,T221,42.43929,-88.2373,10.4,16.4,21
NJTR,202112516,2021-12-07,4:35 AM,Derailment,0,SPRING VALLEY,NY,33,4,Dark,Clear,Yard,Work train,4,38033,0,38033,H303,41.117842,-74.049017,51.6,37.7,35.8
NS,155821,2024-02-21,9:20 AM,Hwy-rail crossing,0,SPRINGDALE,PA,40,2,Day,Clear,Main,Freight Train,10,2000,18022,20022,M302,40.536302,-79.783861,35.9,43.4,44.8
NS,128839,2018-03-14,11:57 AM,Hwy-rail crossing,0,SPRINGDALE,PA,30,2,Day,Clear,Main,Freight Train,30,5,26587,26592,M303,40.536305,-79.783295,28.4,26,32.5
NS,141373,2021-04-28,8:45 AM,Hwy-rail crossing,0,SPRINGDALE,PA,72,2,Day,Clear,Main,Freight Train,34,7921,20682,28603,M303,40.536301,-79.783861,66,71,63
BNSF,MT0824203,2024-08-31,5:13 PM,Hwy-rail crossing,0,SPRINGDALE,MT,90,3,Dusk,Clear,Main,Freight Train,55,12500,500,13000,M302,45.701155,-110.262003,65.7,66.8,69.7
MRL,2021053,2021-06-27,9:09 PM,Hwy-rail crossing,0,SPRINGDALE,MT,85,3,Dusk,Clear,Main,Freight Train,56,30000,1000,31000,M308,45.701148,-110.261991,69.1,71.6,71.8
BNSF,SF0915111,2015-09-23,6:40 AM,Derailment,0,SPRINGFIELD,MO,75,1,Dawn,Clear,Yard,Freight Train,1,7745,49116,56861,H503,37.228546,-93.317943,72.6,72.3,71
BNSF,KS0119102,2019-01-05,6:30 PM,Derailment,0,SPRINGFIELD,CO,40,3,Dusk,Clear,Yard,Freight Train,3,55341,40000,95341,T215,37.391889,-102.60386,40.2,42.4,47.2
BNSF,HL0424105,2024-04-06,11:09 PM,Derailment,0,SPRINGFIELD,MO,48,4,Dark,Clear,Yard,Cut of cars,1,1092,4211,12601,H018,37.227802,-93.327382,50.6,57.2,61.4