reportingrailroadcode,accidentnumber,date,time,accidenttype,hazmatreleasedcars,station,stateabbr,temperature,visibility_code,visibility,weathercondition,tracktype,equipmenttype,trainspeed,equipmentdamagecost,trackdamagecost,totaldamagecost,primaryaccidentcausecode,latitude,longitude,prior_temp,actual_temp,following_temp
CSX,000152141,2015-09-17,10:50 AM,Head on collision,0,SPRINGFIELD,TN,74,2,Day,Clear,Main,Spec. MoW Equip.,10,25159,0,25159,H099,36.479242,-86.855656,70,70.5,72.1
BNSF,KS0723110,2023-07-21,12:14 AM,Derailment,0,SPRINGFIELD,CO,68,4,Dark,Rain,Siding,Cut of cars,0,665967,5000,670967,M102,37.358641,-102.600611,75.8,70.5,74.1
BNSF,KS0723114,2023-07-31,4:16 PM,Derailment,0,SPRINGFIELD,CO,90,2,Day,Clear,Yard,Cut of cars,0,2210462,0,2210462,M102,37.395111,-102.57924,83.2,84.6,79.6
BNSF,KS0820113,2020-08-28,11:31 PM,Derailment,0,SPRINGFIELD,CO,62,4,Dark,Rain,Main,Freight Train,0,452720,0,452720,M105,37.456119,-102.729491,81.7,79.9,66.3
CSX,000191599,2020-07-26,3:30 PM,Obstruction,0,SPRINGFIELD,WV,91,2,Day,Clear,Main,Freight Train,0,225,0,45039,H997,39.547517,-78.692461,78.6,79.9,81.9
IORY,IOR428517D,2017-09-12,1:30 PM,Derailment,0,SPRINGFIELD,OH,64,2,Day,Rain,Main,Freight Train,11,17000,90000,107000,E53C,39.892528,-83.765833,59.5,60.8,63
BNSF,HL0424105,2024-04-06,11:09 PM,Derailment,0,SPRINGFIELD,MO,48,4,Dark,Clear,Yard,Freight Train,5,7298,0,12601,H018,37.227802,-93.327382,50.6,57.2,61.4
BNSF,HL0324101,2024-03-04,8:30 AM,Derailment,0,SPRINGFIELD,MO,66,1,Dawn,Cloudy,Yard,Yard/switching,3,290,180111,180401,E32C,37.23091,-93.291077,64.8,66,52.6
CSX,000191599,2020-07-26,3:30 PM,Obstruction,0,SPRINGFIELD,WV,91,2,Day,Clear,Main,Maint./inspect Car,17,44814,0,45039,H997,39.547517,-78.692461,78.6,79.9,81.9
NS,145977,2022-07-27,12:17 AM,Other (describe in narrative),0,SPRINGFIELD,VA,75,4,Dark,Clear,Industry,Freight Train,1,0,0,72548,H307,38.79599,-77.181835,75.8,79.6,81
NS,142043,2021-06-30,12:05 PM,Raking collision,0,SPRINGFIELD,VA,95,2,Day,Clear,Industry,Freight Train,5,75293,0,150231,H302,38.796779,-77.183447,83.1,84.1,78.3
NS,142043,2021-06-30,12:05 PM,Raking collision,0,SPRINGFIELD,VA,95,2,Day,Clear,Industry,Single Car,0,74938,0,150231,H302,38.796779,-77.183447,83.1,84.1,78.3
BNSF,HL0918119,2018-09-22,2:45 AM,Derailment,0,SPRINGFIELD,MO,72,4,Dark,Cloudy,Yard,Yard/switching,4,23147,0,23147,E30C,37.226794,-93.328641,72.7,62.4,67
BNSF,HL0123113,2023-01-18,3:28 AM,Derailment,0,SPRINGFIELD,MO,37,4,Dark,Rain,Yard,Yard/switching,4,37241,94168,131409,H021,37.227244,-93.329736,48.8,48.7,36.1
BNSF,HL1220111,2020-12-17,9:54 AM,Side collision,0,SPRINGFIELD,MO,40,2,Day,Clear,Yard,Freight Train,0,16445,500,26945,H607,37.226888,-93.33132,28.4,34.7,41.5
BNSF,HL0524110,2024-05-15,6:30 AM,Derailment,0,SPRINGFIELD,MO,70,1,Dawn,Clear,Industry,Single Car,4,15209,1760,16969,M504,37.233692,-93.224044,61.9,66.1,66.7
BNSF,HL0721104,2021-07-06,9:32 PM,Obstruction,0,SPRINGFIELD,MO,72,4,Dark,Clear,Yard,Freight Train,10,225044,870500,1182100,M402,37.230254,-93.294042,74.6,76.6,77.8
BNSF,SF0815111,2015-08-27,3:00 AM,Derailment,0,SPRINGFIELD,MO,70,4,Dark,Clear,Yard,Cut of cars,0,97765,0,131945,T220,37.227632,-93.328078,71,69.4,71.2
BNSF,HL0721104,2021-07-06,9:32 PM,Obstruction,0,SPRINGFIELD,MO,72,4,Dark,Clear,Yard,Freight Train,10,86556,0,1182100,M402,37.230254,-93.294042,74.6,76.6,77.8
BNSF,SF0815111,2015-08-27,3:00 AM,Derailment,0,SPRINGFIELD,MO,70,4,Dark,Clear,Yard,Yard/switching,10,14180,20000,131945,T220,37.227632,-93.328078,71,69.4,71.2
BNSF,HL1220111,2020-12-17,9:54 AM,Side collision,0,SPRINGFIELD,MO,40,2,Day,Clear,Yard,Yard/switching,8,10000,0,26945,H607,37.226888,-93.33132,28.4,34.7,41.5
BNSF,HL0324109,2024-03-20,1:02 AM,Derailment,0,SPRINGFIELD,MO,45,4,Dark,Clear,Yard,Yard/switching,7,6890,433917,440807,H607,37.228745,-93.316403,46.9,56.3,54.4
BNSF,HL0319106,2019-03-08,5:55 AM,Derailment,0,SPRINGFIELD,MO,40,1,Dawn,Clear,Yard,Light loco(s),4,500,28560,29060,H307,37.229782,-93.300982,37.4,43.6,49.6
BNSF,HL0524112,2024-05-21,12:38 AM,Derailment,0,SPRINGFIELD,MO,68,4,Dark,Cloudy,Yard,Light loco(s),8,57600,0,57600,M101,37.230816,-93.313891,75,75.3,65
BNSF,HL1118126,2018-11-26,11:00 AM,Derailment,0,SPRINGFIELD,MO,25,2,Day,Clear,Yard,Yard/switching,5,22270,2000,24270,H307,37.212646,-93.279452,44,26.6,29.3
BNSF,SF0615115,2015-06-20,8:55 AM,Derailment,0,SPRINGFIELD,MO,80,1,Dawn,Clear,Yard,Yard/switching,6,4610,27000,31610,H525,37.226908,-93.331006,73.3,78,80
BNSF,SF0615114,2015-06-19,8:44 AM,Derailment,0,SPRINGFIELD,MO,71,1,Dawn,Rain,Main,Freight Train,10,82900,0,82900,M103,37.180443,-93.14941,73.2,73.3,78
IMRR,IMR487320O,2020-07-14,8:35 PM,Derailment,0,SPRINGFIELD,IL,80,3,Dusk,Clear,Yard,,0,0,1080,19700,E46L,39.815549,-89.634333,74,76.9,75.8
BNSF,HL1116112,2016-11-23,3:50 AM,Side collision,0,SPRINGFIELD,MO,42,4,Dark,Cloudy,Yard,Freight Train,0,16605,0,21805,H307,37.228836,-93.321933,51.5,48.8,44.2
IORY,IOR888124D,2024-08-02,1:00 AM,Derailment,0,SPRINGFIELD,OH,66,4,Dark,Cloudy,Main,Freight Train,20,350000,150000,500000,E59C,39.934444,-83.835719,77.9,73.8,76.3
BNSF,HL1116112,2016-11-23,3:50 AM,Side collision,0,SPRINGFIELD,MO,42,4,Dark,Cloudy,Yard,Light loco(s),8,5200,0,21805,H307,37.228836,-93.321933,51.5,48.8,44.2
IORY,IOR794015D,2015-08-28,1:20 PM,Derailment,0,SPRINGFIELD,OH,84,2,Day,Clear,Main,Freight Train,16,1640,145000,146640,M405,39.933026,-83.82194,65.7,66.1,71.2
BNSF,HL0217107,2017-02-22,12:01 AM,Derailment,0,SPRINGFIELD,MO,60,4,Dark,Clear,Yard,Yard/switching,4,12663,150,12813,M411,37.227428,-93.326906,57.1,59,64.3
BNSF,HL1016103,2016-10-07,4:20 AM,Derailment,0,SPRINGFIELD,MO,63,1,Dawn,Cloudy,Yard,Freight Train,10,29792,200,29992,H704,37.229558,-93.305372,73,57.4,55.1
IMRR,IMR156222A,2022-08-05,7:45 PM,Obstruction,0,SPRINGFIELD,IL,82,3,Dusk,Clear,Main,,0,0,35000,35000,E29C,39.81634,-89.63469,77.7,78.2,82
IMRR,IMR420720O,2020-05-13,11:30 AM,Derailment,0,SPRINGFIELD,IL,55,2,Day,Cloudy,Yard,,0,0,681,24364,E64L,39.814998,-89.633707,49.7,51.2,66.4
CSX,000152141,2015-09-17,10:50 AM,Head on collision,0,SPRINGFIELD,TN,74,2,Day,Clear,Main,Spec. MoW Equip.,0,0,0,25159,H099,36.479242,-86.855656,70,70.5,72.1
NS,152466,2023-03-04,5:15 PM,Derailment,0,SPRINGFIELD,OH,52,3,Dusk,Clear,Main,Freight Train,36,2081879,320219,2402098,H504,39.904422,-83.73113,41.2,42.1,43.4
ATK,167860,2021-07-27,4:31 AM,Derailment,0,SPRINGFIELD,MA,70,4,Dark,Clear,Yard,Passenger Train - Pulling,5,21765,4770,26535,H303,42.10336,-72.59637,76,72.7,70
IMRR,IMR347417O,2017-06-28,12:20 PM,Derailment,0,SPRINGFIELD,IL,84,2,Day,Clear,Yard,,0,0,1200,26900,E64L,39.810722,-89.630106,66.6,75.5,79.7
BNSF,HL0119110,2019-01-11,4:00 PM,Derailment,0,SPRINGFIELD,MO,35,2,Day,Rain,Yard,Light loco(s),3,15314,900,16214,H307,37.229487,-93.308301,33.9,34.8,34.6
BNSF,HL1220116,2020-12-25,5:41 PM,Derailment,0,SPRINGFIELD,MO,60,3,Dusk,Clear,Yard,Yard/switching,4,7168,120000,127168,M411,37.228108,-93.324097,23.3,21.5,43.5
BNSF,SF0915105,2015-09-10,8:15 AM,Derailment,0,SPRINGFIELD,MO,80,1,Dawn,Clear,Yard,Yard/switching,5,25000,1000,26000,T220,37.228175,-93.324032,73.7,73.8,66.7
BNSF,HL0622116,2022-06-24,12:26 PM,Derailment,0,SPRINGFIELD,MO,99,2,Day,Clear,Yard,Yard/switching,5,750,12210,12960,T314,37.230936,-93.287086,78.2,81.8,85.9
BNSF,HL0922106,2022-09-14,1:10 PM,Derailment,0,SPRINGFIELD,MO,85,2,Day,Clear,Industry,Yard/switching,8,29023,28500,57523,T110,37.242736,-93.203294,68.2,70.3,70.9
KCS,17062802,2017-06-28,12:20 PM,Derailment,0,SPRINGFIELD,IL,84,2,Day,Clear,Yard,Freight Train,6,25700,0,26900,T314,39.810722,-89.630106,66.6,75.5,79.7
NS,145253,2022-05-12,6:00 PM,Derailment,0,SPRINGFIELD,OH,80,3,Dusk,Clear,Main,Freight Train,40,1315447,621968,1937415,T199,39.922477,-83.85273,73.9,70.1,72.6
BNSF,HL0219106,2019-02-04,1:00 PM,Derailment,0,SPRINGFIELD,MO,41,2,Day,Cloudy,Yard,Freight Train,7,143070,75000,218070,T110,37.226408,-93.334342,57.9,52.6,44.9
KCS,20051301,2020-05-13,11:30 AM,Derailment,0,SPRINGFIELD,IL,55,2,Day,Cloudy,Yard,Light loco(s),7,23683,0,24364,T319,39.814998,-89.633707,49.7,51.2,66.4
UP,0720MA021,2020-07-14,8:35 PM,Derailment,0,SPRINGFIELD,IL,80,3,Dusk,Clear,Yard,Light loco(s),5,18620,0,19700,T314,39.815549,-89.634333,74,76.9,75.8
BNSF,HL0119113,2019-01-14,3:45 AM,Derailment,0,SPRINGFIELD,MO,30,4,Dark,Cloudy,Yard,Yard/switching,5,104231,174000,278231,T111,37.227324,-93.323248,30.9,30.5,34.3
BNSF,HL0120103,2020-01-07,9:50 AM,Derailment,0,SPRINGFIELD,MO,45,2,Day,Clear,Yard,Light loco(s),5,15200,500,15700,T403,37.213843,-93.306974,37.5,39.1,46.3
BNSF,SF0115114,2015-01-25,7:15 PM,Derailment,0,SPRINGFIELD,MO,36,3,Dusk,Rain,Yard,Light loco(s),5,17000,2000,19000,T301,37.134536,-93.184286,41.1,42.1,41.5
BNSF,HL1018104,2018-10-10,3:45 AM,Derailment,0,SPRINGFIELD,MO,70,4,Dark,Cloudy,Yard,Freight Train,5,1155,65000,66155,T207,37.227828,-93.320484,71.1,59,49.6
BNSF,HL0722107,2022-07-12,8:30 AM,Derailment,0,ST  JOSEPH,MO,75,1,Dawn,Clear,Yard,Yard/switching,4,6949,10729,17678,H318,39.72206,-94.865767,77.3,72.4,73.2
BNSF,TC0824102,2024-08-02,12:09 PM,Derailment,0,ST  PAUL,MN,75,2,Day,Clear,Main,,0,0,13101,102345,H506,44.954299,-93.077965,70.9,78.9,75.5
BNSF,TC0424102,2024-04-03,6:38 AM,Other (describe in narrative),0,ST  PAUL,MN,50,1,Dawn,Clear,Main,,0,0,0,31225,E21C,44.965453,-93.087589,38.6,42,42.6
BNSF,TC0823102,2023-08-04,5:28 PM,Derailment,0,ST  PAUL,MN,80,3,Dusk,Clear,Yard,Yard/switching,4,14994,0,80856,T112,44.972251,-93.188863,82.5,78.6,76.6
CMR,08142019,2019-08-14,3:00 PM,Derailment,0,ST ALBANS,MO,90,2,Day,Clear,Main,Freight Train,10,0,13110,13110,H503,38.23433,-91.080709,80.4,78.4,74
CSX,000177248,2018-06-27,7:19 AM,Derailment,0,ST ALBANS,WV,78,2,Day,Cloudy,Main,Freight Train,28,1192570,415636,1608206,T207,38.376756,-81.788903,72.7,73.8,77.5
EIRR,210506003,2021-05-06,5:45 PM,Hwy-rail crossing,0,ST ANTHONY,ID,75,2,Day,Clear,Main,Freight Train,40,356819,200000,556819,M302,43.941394,-111.697588,49.3,58.3,59
EIRR,230904001,2023-09-04,3:35 PM,Derailment,0,ST ANTHONY,ID,63,2,Day,Rain,Industry,Freight Train,7,11055,7174,18229,T201,43.958981,-111.682788,61.9,56.4,61.4
EIRR,200717004,2020-07-17,1:50 PM,Derailment,0,ST ANTHONY,ID,95,2,Day,Clear,Main,Freight Train,25,550,40500,41050,T199,43.994881,-111.578097,67.1,72.9,70.3
FEC,D68101421,2021-10-14,11:50 AM,Derailment,0,ST AUGUSTINE,FL,90,2,Day,Clear,Industry,Freight Train,9,15000,5057,20057,M599,29.837246,-81.388029,76.9,78.7,76.2
FEC,X39111219,2019-11-12,8:44 AM,Hwy-rail crossing,0,ST AUGUSTINE,FL,69,2,Day,Clear,Main,Freight Train,49,2279,14987,17266,M304,29.845423,-81.332013,64.7,66.7,58.1
CSX,000177196,2018-06-25,12:45 PM,Obstruction,0,ST ELMO,IL,80,2,Day,Clear,Siding,Spec. MoW Equip.,20,10000,0,20000,H102,39.038072,-88.823837,74.2,75.1,74.5
CSX,000177196,2018-06-25,12:45 PM,Obstruction,0,ST ELMO,IL,80,2,Day,Clear,Siding,Spec. MoW Equip.,0,10000,0,20000,H102,39.038072,-88.823837,74.2,75.1,74.5
IC,1010946,2019-08-29,3:00 AM,Side collision,0,ST GABRIEL,LA,80,4,Dark,Rain,Yard,Yard/switching,3,600,0,16600,H301,30.175869,-90.986413,82.7,82.3,82.5
IC,1010946,2019-08-29,3:00 AM,Side collision,0,ST GABRIEL,LA,80,4,Dark,Rain,Yard,Single Car,0,16000,0,16600,H301,30.175869,-90.986413,82.7,82.3,82.5
IC,936481,2017-09-20,7:40 AM,Other impacts,0,ST GABRIEL,LA,88,2,Day,Clear,Yard,Yard/switching,6,55674,200,55874,H318,30.211186,-91.035655,81.2,79,78
UP,1018LV022,2018-10-17,8:20 AM,Hwy-rail crossing,0,ST JAMES,LA,70,2,Day,Fog,Main,Freight Train,45,40968,99,41067,M304,29.975727,-90.81849,76.7,70,71.7
UP,0815TC020,2015-08-31,12:20 PM,Derailment,0,ST JAMES,MN,82,2,Day,Clear,Yard,Yard/switching,4,30981,10000,40981,T110,43.980324,-94.639686,67.5,72,73.7
CSX,000211781,2023-06-12,5:26 PM,Hwy-rail crossing,0,ST JOE,IN,62,3,Dusk,Clear,Main,Freight Train,36,8818,28676,37494,M308,41.314959,-84.886814,63.6,56.6,56.1
BNSF,SW0821108,2021-08-16,8:45 PM,Derailment,0,ST JOHNS,AZ,90,3,Dusk,Clear,Main,Freight Train,45,509368,100000,609368,T219,34.684074,-109.34538,72.2,69.5,69
BNSF,NE0115100,2015-01-03,8:05 PM,Other (describe in narrative),0,ST JOSEPH,MO,21,3,Dusk,Snow,Main,Freight Train,36,2151,9000,11151,E61C,39.708252,-94.878551,28.4,32.6,10.1
BNSF,HL0323118,2023-03-17,11:39 AM,Derailment,0,ST JOSEPH,MO,40,2,Day,Cloudy,Yard,Yard/switching,8,37700,1500,58400,H306,39.735023,-94.854687,43.7,30.8,20.8
UP,1214KC010,2014-12-23,2:10 AM,Derailment,0,ST JOSEPH,MO,34,4,Dark,Cloudy,Yard,Freight Train,5,12000,0,12000,H607,39.736737,-94.863562,43.1,36.2,34.8
BNSF,HL1018107,2018-10-13,10:00 AM,Derailment,0,ST JOSEPH,MO,60,2,Day,Clear,Yard,Freight Train,8,47491,61000,108491,M503,39.722751,-94.865277,44.3,48.2,42.1
BNSF,HL0118200,2018-01-02,3:36 PM,Hwy-rail crossing,0,ST JOSEPH,MO,24,2,Day,Cloudy,Main,Freight Train,44,10000,300068,310068,M308,39.71223,-94.874848,-5.5,6.3,17.5
UP,1117KC005,2017-11-07,6:32 PM,Derailment,0,ST JOSEPH,MO,36,4,Dark,Cloudy,Yard,Yard/switching,5,14476,3098,17574,T212,39.736736,-94.863555,36.3,38,34.8
UP,0817KC033,2017-08-28,4:40 PM,Derailment,0,ST JOSEPH,MO,82,2,Day,Clear,Yard,Yard/switching,7,30383,3240,33623,T221,39.737845,-94.862481,71,68.7,66.2
BNSF,HL0518121,2018-05-31,6:45 PM,Derailment,0,ST JOSEPH,MO,90,3,Dusk,Clear,Yard,Yard/switching,5,15218,2500,17718,H307,39.740562,-94.845393,75,79.7,80.7
UP,0624HL023,2024-06-18,5:30 PM,Derailment,0,ST JOSEPH,MO,89,2,Day,Cloudy,Yard,Freight Train,4,137976,124540,262516,M506,39.725953,-94.873138,84.6,83.8,71.6
UP,1220HL007,2020-12-06,1:32 PM,Derailment,0,ST JOSEPH,MO,46,2,Day,Clear,Yard,Freight Train,7,294412,37480,331892,E44C,39.730373,-94.869472,32.8,34.4,35.1
BNSF,HL0323118,2023-03-17,11:39 AM,Derailment,0,ST JOSEPH,MO,40,2,Day,Cloudy,Yard,Light loco(s),3,19200,0,58400,H306,39.735023,-94.854687,43.7,30.8,20.8
BNSF,HL0219104,2019-02-04,10:15 AM,Derailment,0,ST JOSEPH,MO,22,2,Day,Clear,Yard,Yard/switching,10,11173,57321,68494,T221,39.745259,-94.850626,54.9,29.9,19.8
UP,0217KC017,2017-02-17,7:06 PM,Derailment,0,ST JOSEPH,MO,49,4,Dark,Clear,Yard,Light loco(s),4,35310,528,35838,T102,39.736615,-94.863157,51.3,57,49.8
UP,0517KC015,2017-05-17,9:15 PM,Derailment,0,ST JOSEPH,MO,71,4,Dark,Clear,Yard,Yard/switching,9,47536,0,251176,T101,39.732523,-94.856523,79,74,65.4
UP,0816KC019,2016-08-22,12:40 PM,Derailment,0,ST JOSEPH,MO,79,2,Day,Clear,Industry,Yard/switching,5,736,22544,23280,T001,39.712198,-94.877095,67.1,70,75.8
UP,1018KC001,2018-10-04,3:25 AM,Derailment,0,ST JOSEPH,MO,55,4,Dark,Cloudy,Yard,Freight Train,9,85078,230512,315590,T207,39.731139,-94.868533,79.7,56.5,59.5
BNSF,HL0517117,2017-05-17,9:15 PM,Derailment,0,ST JOSEPH,MO,72,4,Dark,Clear,Yard,Freight Train,0,0,203640,251176,T101,39.732523,-94.856523,79,74,65.4
BNSF,HL1023108,2023-10-15,6:23 PM,Derailment,0,ST JOSEPH,MO,65,3,Dusk,Clear,Yard,Freight Train,7,25443,248000,273443,T205,39.722901,-94.86516,53.2,50.5,49.7
UP,0223HL018,2023-02-20,12:35 PM,Derailment,0,ST JOSEPH,MO,56,2,Day,Clear,Industry,Yard/switching,5,103128,12596,115724,T110,39.728407,-94.873409,41,39.7,40.5
UP,1015SL012,2015-10-20,7:00 PM,Other impacts,0,ST LOUIS,MO,75,3,Dusk,Clear,Yard,Yard/switching,4,1890,0,14005,H310,38.605691,-90.193881,59.1,63.9,69.2
UP,0815SL007,2015-08-07,12:40 PM,Hwy-rail crossing,0,ST LOUIS,MO,92,2,Day,Clear,Main,Freight Train,51,17479,0,17479,M304,38.483756,-90.280795,76.9,76,79.2
TRRA,17017,2017-11-07,3:25 AM,Other impacts,0,ST LOUIS,MO,43,4,Dark,Clear,Industry,Yard/switching,3,17000,4486,21486,H702,38.664996,-90.189827,48.1,47.5,43.8
BNSF,HL1023102,2023-10-03,5:57 AM,Derailment,0,ST LOUIS,MO,65,1,Dawn,Clear,Yard,Freight Train,4,31835,246007,277842,H307,38.610915,-90.306133,71.6,73.6,69.6
BNSF,HL1017106,2017-10-05,11:40 PM,Derailment,0,ST LOUIS,MO,73,4,Dark,Clear,Yard,Freight Train,3,102717,386880,489597,H511,38.604789,-90.311215,74.7,75.7,76.5
BNSF,HL0918123,2018-09-25,5:18 AM,Derailment,0,ST LOUIS,MO,73,1,Dawn,Clear,Yard,Yard/switching,3,1500,9500,11000,H607,38.603395,-90.311846,71.5,76.1,63.4
BNSF,HL1120104,2020-11-08,11:15 AM,Derailment,0,ST LOUIS,MO,73,2,Day,Clear,Yard,Freight Train,4,57302,168277,225579,H607,38.613223,-90.302955,59,65.3,68.3
BNSF,HL1120120,2020-11-30,1:09 AM,Derailment,0,ST LOUIS,MO,35,4,Dark,Cloudy,Yard,Yard/switching,5,11517,9283,20800,H607,38.613224,-90.302952,40.4,32.8,30.2
BNSF,HL1218122,2018-12-26,12:15 AM,Derailment,0,ST LOUIS,MO,37,4,Dark,Clear,Yard,Freight Train,6,11000,800,16800,H607,38.602702,-90.312251,40.5,41.2,51.6
NS,140085,2020-12-22,6:18 PM,Derailment,0,ST LOUIS,MO,72,3,Dusk,Clear,Yard,Freight Train,9,46882,10878,57760,H503,38.685945,-90.210692,48.5,43,49.7
BNSF,HL0918108,2018-09-12,3:34 AM,Derailment,0,ST LOUIS,MO,68,4,Dark,Cloudy,Yard,,0,0,6500,12090,M204,38.629669,-90.237553,69.1,69,73.1
UP,0424MA026,2024-04-16,6:04 AM,Derailment,0,ST LOUIS,MO,66,1,Dawn,Cloudy,Yard,Freight Train,4,83683,60542,144225,H306,38.612297,-90.190641,75,74,72.7
UP,0424MA015,2024-04-09,9:45 PM,Derailment,0,ST LOUIS,MO,64,4,Dark,Cloudy,Yard,Yard/switching,3,56399,0,56399,H703,38.605753,-90.194029,61.7,63.4,57
UP,0918SL006,2018-09-12,3:34 AM,Derailment,0,ST LOUIS,MO,68,4,Dark,Clear,Yard,Freight Train,9,5590,0,12090,M204,38.629669,-90.237553,69.1,69,73.1
TRRA,24011I,2024-04-10,9:56 PM,Derailment,0,ST LOUIS,MO,53,4,Dark,Clear,Yard,Yard/switching,2,0,17538,17538,H704,38.644399,-90.182562,63.4,57,58.8
BNSF,SF0215112,2015-02-28,9:30 PM,Derailment,0,ST LOUIS,MO,27,4,Dark,Snow,Yard,Freight Train,9,103808,403685,507493,H504,38.605579,-90.310046,12.9,22.4,28.1
UP,0121MA021,2021-01-20,6:00 PM,Derailment,0,ST LOUIS,MO,45,3,Dusk,Clear,Yard,Yard/switching,8,6664,129647,136311,H307,38.615218,-90.188469,34.8,36.1,41.4
NS,153809,2023-08-03,5:00 PM,Other impacts,0,ST LOUIS,MO,77,3,Dusk,Cloudy,Yard,Yard/switching,4,11591,0,12056,H302,38.697316,-90.222124,75,76.8,80
NS,140948,2021-03-17,4:50 PM,Derailment,0,ST LOUIS,MO,55,3,Dusk,Clear,Yard,Freight Train,5,7186,12400,19586,H518,38.696145,-90.220947,46.2,49.1,44.1
TRRA,21048,2021-12-17,7:15 AM,Obstruction,0,ST LOUIS,MO,40,1,Dawn,Cloudy,Main,,0,0,27041,153230,M402,38.674415,-90.201115,49.6,34.9,36.3
BNSF,HL0719114,2019-07-20,5:59 PM,Derailment,0,ST LOUIS,MO,97,3,Dusk,Clear,Yard,Yard/switching,8,15000,0,15000,E07C,38.602388,-90.312475,86.2,85.7,85.1
BNSF,HL1218122,2018-12-26,12:15 AM,Derailment,0,ST LOUIS,MO,37,4,Dark,Clear,Yard,Freight Train,0,5000,0,16800,H607,38.602702,-90.312251,40.5,41.2,51.6
NS,153809,2023-08-03,5:00 PM,Other impacts,0,ST LOUIS,MO,77,3,Dusk,Cloudy,Yard,Single Car,0,465,0,12056,H302,38.697316,-90.222124,75,76.8,80
TRRA,15016,2015-06-14,5:25 PM,Hwy-rail crossing,0,ST LOUIS,MO,75,2,Day,Rain,Main,,0,0,28565,28595,M308,38.674709,-90.200968,80.2,77.8,79
BNSF,SF0616128,2016-06-29,12:09 AM,Derailment,0,ST LOUIS,MO,65,4,Dark,Clear,Yard,Freight Train,10,10000,10000,20000,H307,38.700126,-90.21777,80.6,73.1,71.3
NS,116071,2015-06-14,5:30 PM,Hwy-rail crossing,0,ST LOUIS,MO,80,3,Dusk,Clear,Main,Yard/switching,8,30,0,28595,M308,38.674396,-90.200769,80.2,77.8,79
BNSF,HL1218103,2018-12-06,10:03 PM,Derailment,0,ST LOUIS,MO,39,4,Dark,Cloudy,Yard,Yard/switching,8,9000,4500,13500,E46C,38.602388,-90.312475,34.2,34.1,28.6
UP,0820MA027,2020-08-16,2:40 PM,Derailment,0,ST LOUIS,MO,83,2,Day,Cloudy,Yard,,0,0,888,888,H508,38.629602,-90.24245,78.7,74.7,75.6
BNSF,HL1217112,2017-12-18,9:15 AM,Derailment,0,ST LOUIS,MO,49,2,Day,Cloudy,Yard,Yard/switching,10,23265,15000,38265,H307,38.606377,-90.309026,47.1,46.6,43.5
UP,0616SL007,2016-06-16,7:55 AM,Derailment,0,ST LOUIS,MO,91,2,Day,Clear,Yard,Yard/switching,8,19952,53983,73935,H703,38.612267,-90.190653,86.5,88.2,79.4
UP,1218MA005,2018-12-03,9:30 PM,Derailment,0,ST LOUIS,MO,30,4,Dark,Sleet,Yard,Yard/switching,4,13218,18402,31620,H702,38.612161,-90.190685,45.7,36.7,32.6
TRRA,23029,2023-05-05,11:00 PM,Hwy-rail crossing,0,ST LOUIS,MO,68,4,Dark,Clear,Industry,Freight Train,10,4000,45400,49400,M308,38.707617,-90.226167,58.7,62.3,70.4
UP,1121MA040,2021-11-27,7:40 PM,Derailment,0,ST LOUIS,MO,44,3,Dusk,Clear,Yard,Yard/switching,3,4400,7500,11900,H702,38.612434,-90.1906,31.1,40.9,40.4
BNSF,SF1215112,2015-12-24,6:00 PM,Derailment,0,ST LOUIS,MO,52,3,Dusk,Cloudy,Yard,Yard/switching,10,8862,4500,13362,H312,38.601429,-90.31328,57.9,45.1,45.7
UP,0816SL018,2016-08-27,12:30 AM,Fire/violent rupture,0,ST LOUIS,MO,70,4,Dark,Cloudy,Main,Freight Train,10,340495,0,340495,E73L,38.622929,-90.264506,80.9,80.6,82.5
BNSF,HL0322112,2022-03-19,11:05 AM,Derailment,0,ST LOUIS,MO,49,2,Day,Cloudy,Yard,Yard/switching,5,97372,82464,179836,H607,38.600182,-90.315713,56.6,47,53.4
UP,0818SL002,2018-08-02,4:00 AM,Derailment,0,ST LOUIS,MO,74,1,Dawn,Cloudy,Yard,Yard/switching,3,363616,225054,588670,H525,38.618654,-90.18912,72,74,79.8
UP,0316SL011,2016-03-27,5:20 PM,Derailment,0,ST LOUIS,MO,50,2,Day,Clear,Yard,Yard/switching,7,11702,12528,24230,H607,38.605691,-90.193881,50.4,48.7,48.4
BNSF,SF0315122,2015-03-25,7:45 PM,Other (describe in narrative),0,ST LOUIS,MO,53,3,Dusk,Rain,Main,Freight Train,8,0,154433,154533,H605,38.62966,-90.237565,39.2,51.8,44
UP,0315SL014,2015-03-25,7:45 PM,Other (describe in narrative),0,ST LOUIS,MO,52,4,Dark,Rain,Main,,0,0,100,154533,H605,38.627118,-90.230225,39.2,51.8,44
BNSF,HL1218104,2018-12-07,1:20 AM,Derailment,0,ST LOUIS,MO,27,4,Dark,Cloudy,Yard,Yard/switching,3,17267,3800,21067,H506,38.612469,-90.303687,34.1,28.6,25.6
ALS,0123AS024,2023-01-21,9:57 AM,Derailment,0,ST LOUIS,IL,40,2,Day,Clear,Yard,Freight Train,4,90100,0,193360,H503,38.650754,-90.162255,34.6,32.8,36.4
BNSF,SF0716100,2016-07-03,8:15 PM,Derailment,0,ST LOUIS,MO,70,3,Dusk,Cloudy,Yard,Freight Train,3,14940,120000,134940,T210,38.605448,-90.310731,66.6,66.9,74.7
BNSF,SF0115110,2015-01-20,4:06 PM,Derailment,0,ST LOUIS,MO,47,2,Day,Clear,Yard,Yard/switching,5,2698,22000,24698,T202,38.699274,-90.215679,39.3,39.2,39.8