reportingrailroadcode,accidentnumber,date,time,accidenttype,hazmatreleasedcars,station,stateabbr,temperature,visibility_code,visibility,weathercondition,tracktype,equipmenttype,trainspeed,equipmentdamagecost,trackdamagecost,totaldamagecost,primaryaccidentcausecode,latitude,longitude,prior_temp,actual_temp,following_temp
BNSF,HL0818113,2018-08-16,8:25 AM,Derailment,0,ST LOUIS,MO,87,1,Dawn,Clear,Industry,Yard/switching,9,7200,20000,27200,T319,38.694733,-90.2104,74.2,80.5,80.5
BNSF,HL0820119,2020-08-21,3:00 AM,Derailment,0,ST LOUIS,MO,67,4,Dark,Clear,Yard,Freight Train,4,0,0,20544,T210,38.612005,-90.304651,69.8,71.5,73.7
UP,0423MA048,2023-04-30,11:38 PM,Derailment,0,ST LOUIS,MO,54,4,Dark,Cloudy,Main,Freight Train,16,10196,53600,63796,T303,38.627802,-90.245267,59.8,51.3,56.8
UP,0723MA016,2023-07-07,5:14 AM,Derailment,0,ST LOUIS,MO,63,1,Dawn,Cloudy,Main,Freight Train,16,559498,0,1032773,T314,38.620782,-90.198489,78.7,75.8,74.9
BNSF,HL0916106,2016-09-20,7:20 AM,Derailment,0,ST LOUIS,MO,81,1,Dawn,Clear,Yard,Freight Train,5,5474,172013,177487,T207,38.608721,-90.307497,72.3,77.8,77.1
TRRA,17012,2017-05-23,1:15 AM,Derailment,0,ST LOUIS,MO,65,4,Dark,Clear,Industry,Yard/switching,10,33600,0,33600,T402,38.400415,-90.113618,64.6,64.1,61.3
BNSF,SF0315121,2015-03-25,8:20 AM,Derailment,0,ST LOUIS,MO,45,1,Dawn,Cloudy,Yard,Freight Train,9,90144,70000,160144,T210,38.702219,-90.217116,39.2,51.8,44
BNSF,HL0323121,2023-03-20,5:45 AM,Derailment,0,ST LOUIS,MO,34,1,Dawn,Clear,Yard,Freight Train,10,22100,5710,27810,T319,38.599869,-90.31644,30.1,40.3,43.2
TRRA,23033OR,2023-07-07,5:14 AM,Derailment,0,ST LOUIS,MO,80,1,Dawn,Clear,Main,Freight Train,0,0,473275,1032773,T314,38.620782,-90.198489,78.7,75.8,74.9
BNSF,SF0616100,2016-06-04,4:11 AM,Derailment,0,ST LOUIS,MO,71,1,Dawn,Rain,Yard,Freight Train,6,35058,153779,188837,T403,38.602472,-90.312387,72.3,73.7,72.4
BNSF,SF0515111,2015-05-25,1:28 PM,Derailment,0,ST LOUIS,MO,82,2,Day,Clear,Yard,Freight Train,5,6000,30000,36000,T314,38.600234,-90.315425,74.5,75.6,74.3
BNSF,HL1223119,2023-12-28,12:03 PM,Derailment,0,ST LOUIS,MO,38,2,Day,Clear,Yard,Freight Train,4,249391,119425,368816,T202,38.612666,-90.303329,37.5,37.6,36.6
CP,1000444450,2016-09-04,3:13 AM,Derailment,0,ST PAUL,MN,60,4,Dark,Clear,Main,Freight Train,8,21101,0,39390,E46C,44.945469,-93.059892,64.9,68.3,71.9
UP,0424GL002,2024-04-03,6:38 AM,Other (describe in narrative),0,ST PAUL,MN,37,1,Dawn,Clear,Main,Freight Train,10,31225,0,31225,E21C,44.944807,-93.058326,38.6,42,42.6
CP,1001552197,2021-08-25,5:08 PM,Side collision,0,ST PAUL,MN,82,2,Day,Clear,Main,Freight Train,21,275646,0,648137,H221,44.94967,-93.072881,73.5,75.5,67.6
BNSF,TC1015121,2015-10-23,12:58 PM,Derailment,0,ST PAUL,MN,46,2,Day,Rain,Main,,0,0,38200,39191,H504,44.965515,-93.087474,49.7,51,51.2
CP,1000423399,2016-07-14,5:15 PM,Other impacts,0,ST PAUL,MN,75,2,Day,Clear,Yard,Freight Train,7,190,0,31562,H607,44.935557,-93.036428,77,67,67.5
CP,1000423399,2016-07-14,5:15 PM,Other impacts,0,ST PAUL,MN,75,2,Day,Clear,Industry,Yard/switching,4,31372,0,31562,H607,44.935557,-93.036428,77,67,67.5
BNSF,TC0916121,2016-09-04,3:13 AM,Derailment,0,ST PAUL,MN,60,4,Dark,Clear,Main,,0,0,10000,39390,E46C,44.945469,-93.059892,64.9,68.3,71.9
BNSF,TC0719104,2019-07-05,6:05 AM,Derailment,0,ST PAUL,MN,70,1,Dawn,Clear,Yard,Freight Train,4,0,360000,611956,H703,44.934893,-93.030616,75.2,73.8,74.6
UP,0916TC002,2016-09-04,3:13 AM,Derailment,0,ST PAUL,MN,63,4,Dark,Clear,Main,Freight Train,0,8289,0,39390,E49C,44.945469,-93.059892,64.9,68.3,71.9
CP,1000438442,2016-08-19,6:20 AM,Derailment,0,ST PAUL,MN,65,1,Dawn,Cloudy,Yard,Cut of cars,0,356,122319,371040,H523,44.924666,-93.020521,74.1,70.3,64.1
CP,1000438442,2016-08-19,6:20 AM,Derailment,0,ST PAUL,MN,65,1,Dawn,Cloudy,Yard,Yard/switching,4,90518,41583,371040,H523,44.924666,-93.020521,74.1,70.3,64.1
UP,0322GL024,2022-03-23,7:44 PM,Other impacts,0,ST PAUL,MN,36,3,Dusk,Cloudy,Yard,Yard/switching,1,8453,99,30889,H318,44.907968,-93.04714,40.9,35,38.1
CP,1000298233,2015-11-06,10:45 PM,Other impacts,0,ST PAUL,MN,35,4,Dark,Clear,Yard,Yard/switching,2,6200,0,17534,H212,44.926569,-93.022442,56.4,43.2,41
CP,1000438442,2016-08-19,6:20 AM,Derailment,0,ST PAUL,MN,65,1,Dawn,Cloudy,Yard,Cut of cars,0,8886,107378,371040,H523,44.924666,-93.020521,74.1,70.3,64.1
UP,0815TC006,2015-08-16,8:24 AM,Derailment,0,ST PAUL,MN,77,2,Day,Cloudy,Yard,Freight Train,10,32787,82709,115496,H703,44.943352,-93.052639,80.5,74.9,67.4
BNSF,TC0123121,2023-01-05,2:45 PM,Derailment,0,ST PAUL,MN,5,2,Day,Snow,Yard,,0,0,11720,62924,H503,44.952646,-93.077114,32.6,25.8,15
UP,0322GL024,2022-03-23,7:44 PM,Other impacts,0,ST PAUL,MN,36,3,Dusk,Cloudy,Yard,Single Car,1,22337,0,30889,H318,44.907968,-93.04714,40.9,35,38.1
CP,1001024244,2019-07-05,6:05 AM,Derailment,0,ST PAUL,MN,70,1,Dawn,Clear,Yard,Freight Train,4,251956,0,611956,H703,44.934893,-93.030616,75.2,73.8,74.6
CP,1000239418,2015-07-18,7:30 AM,Other impacts,0,ST PAUL,MN,71,1,Dawn,Cloudy,Yard,Cut of cars,2,588,150,24274,H020,44.936893,-93.038182,76.1,77.4,73.7
UP,0617TC014,2017-06-22,1:55 AM,Derailment,0,ST PAUL,MN,80,4,Dark,Cloudy,Industry,Freight Train,5,27998,109228,137226,M204,44.945371,-93.08747,69.1,68.2,64.7
MNNR,0823001,2023-08-04,4:11 PM,Derailment,0,ST PAUL,MN,84,2,Day,Clear,Yard,Yard/switching,4,0,65862,80856,M507,44.972654,-93.195468,82.5,78.6,76.6
UP,0623GL016,2023-06-18,9:50 PM,Derailment,0,ST PAUL,MN,70,4,Dark,Cloudy,Main,Freight Train,5,64292,751026,820044,H503,44.927459,-93.040384,72.3,70.8,76.6
CP,1000239418,2015-07-18,7:30 AM,Other impacts,0,ST PAUL,MN,71,1,Dawn,Cloudy,Yard,Yard/switching,4,23536,0,24274,H020,44.936893,-93.038182,76.1,77.4,73.7
UP,0623GL016,2023-06-18,9:50 PM,Derailment,0,ST PAUL,MN,70,4,Dark,Cloudy,Main,Light loco(s),0,4726,0,820044,H503,44.927459,-93.040384,72.3,70.8,76.6
UP,0916TC001,2016-09-01,9:50 PM,Other impacts,0,ST PAUL,MN,60,4,Dark,Clear,Yard,Yard/switching,5,68756,53336,130046,E49C,44.938588,-93.049276,67.4,66,65
UP,0122GL024,2022-01-26,1:50 PM,Other impacts,0,ST PAUL,MN,9,2,Day,Cloudy,Yard,Yard/switching,2,37371,0,38903,H312,44.93565,-93.046719,-4.1,3.5,23.9
UP,0824GL008,2024-08-02,12:25 PM,Derailment,0,ST PAUL,MN,86,2,Day,Clear,Main,Freight Train,7,89244,0,102345,H506,44.956817,-93.080429,70.9,78.9,75.5
UP,0820GL038,2020-08-31,11:09 PM,Other (describe in narrative),0,ST PAUL,MN,62,4,Dark,Clear,Yard,Freight Train,6,0,49917,49917,H706,44.937561,-93.085616,67.7,66.1,63.9
CPKC,1002154802,2024-08-18,5:55 AM,Other impacts,0,ST PAUL,MN,60,4,Dark,Clear,Yard,Freight Train,8,26465,776,38955,H307,48.9261,-93.0231,71.9,72.9,70.8
CP,1000593182,2017-07-22,1:50 PM,Other impacts,0,ST PAUL,MN,90,2,Day,Clear,Yard,Freight Train,6,66044,300,67490,E39C,44.936522,-93.037756,74.1,78.6,71.1
UP,0916TC001,2016-09-01,9:50 PM,Other impacts,0,ST PAUL,MN,60,4,Dark,Clear,Yard,Cut of cars,0,22,0,130046,E49C,44.938588,-93.049276,67.4,66,65
BNSF,TC0216113,2016-02-29,7:47 PM,Derailment,0,ST PAUL,MN,20,3,Dusk,Clear,Yard,Yard/switching,5,58266,94024,152290,H703,44.969286,-93.160946,34.4,25.4,19
UP,0923GL002,2023-09-03,2:50 AM,Derailment,0,ST PAUL,MN,82,4,Dark,Cloudy,Yard,Freight Train,0,88679,0,115788,H307,44.902574,-93.042221,80.4,85,84.6
UP,0723GL039,2023-07-28,6:00 AM,Derailment,0,ST PAUL,MN,71,1,Dawn,Clear,Yard,Yard/switching,4,250,36080,36330,H702,44.915365,-93.055431,83.2,77,72.3
UP,0916TC001,2016-09-01,9:50 PM,Other impacts,0,ST PAUL,MN,60,4,Dark,Clear,Yard,Light loco(s),0,7932,0,130046,E49C,44.938588,-93.049276,67.4,66,65
UP,0821GL026,2021-08-25,5:08 PM,Side collision,0,ST PAUL,MN,84,2,Day,Clear,Main,Freight Train,0,2381,0,648137,H221,44.949689,-93.072719,73.5,75.5,67.6
BNSF,TC0821112,2021-08-25,5:08 PM,Side collision,0,ST PAUL,MN,82,3,Dusk,Clear,Main,Freight Train,0,67110,303000,648137,H221,44.949689,-93.072719,73.5,75.5,67.6
UP,0122GL024,2022-01-26,1:50 PM,Other impacts,0,ST PAUL,MN,9,2,Day,Cloudy,Yard,Single Car,0,1532,0,38903,H312,44.93565,-93.046719,-4.1,3.5,23.9
CP,1000593182,2017-07-22,1:50 PM,Other impacts,0,ST PAUL,MN,90,2,Day,Clear,Yard,Yard/switching,4,1146,0,67490,E39C,44.936522,-93.037756,74.1,78.6,71.1
CPKC,1002154802,2024-08-18,5:55 AM,Other impacts,0,ST PAUL,MN,60,4,Dark,Clear,Yard,Yard/switching,1,11684,30,38955,H307,48.9261,-93.0231,71.9,72.9,70.8
UP,0922GL003,2022-09-03,7:45 PM,Derailment,0,ST PAUL,MN,72,3,Dusk,Clear,Yard,Yard/switching,7,4603,16920,21523,E47C,44.94271,-93.051565,78.4,67.4,63.7
BNSF,TC0118116,2018-01-26,7:45 PM,Derailment,0,ST PAUL,MN,39,3,Dusk,Clear,Yard,Light loco(s),5,14861,0,15871,H607,44.964809,-93.184155,25.6,37,27.6
CP,1000298233,2015-11-06,10:45 PM,Other impacts,0,ST PAUL,MN,35,4,Dark,Clear,Yard,Freight Train,8,11084,250,17534,H212,44.926569,-93.022442,56.4,43.2,41
UP,1018TC013,2018-10-20,3:55 AM,Derailment,0,ST PAUL,MN,38,4,Dark,Clear,Main,Light loco(s),8,42238,550,42788,H993,44.921153,-93.045025,57.9,40,39.4
UP,0517TC003,2017-05-05,5:15 PM,Derailment,0,ST PAUL,MN,78,2,Day,Clear,Yard,,0,0,43934,97749,M405,44.941214,-93.050242,56.7,60.9,57.2
MNNR,0118002,2018-01-26,7:45 PM,Derailment,0,ST PAUL,MN,39,3,Dusk,Clear,Yard,,0,0,1010,15871,H607,44.964809,-93.184155,25.6,37,27.6
CP,1000289944,2015-10-23,12:58 PM,Derailment,0,ST PAUL,MN,46,2,Day,Rain,Main,Freight Train,3,991,0,39191,H504,44.965515,-93.087474,49.7,51,51.2
BNSF,TC0523105,2023-05-20,12:05 AM,Derailment,0,ST PAUL,MN,65,4,Dark,Clear,Yard,Freight Train,5,12723,0,12723,H307,44.939046,-93.039683,53,59.8,65.2
BNSF,TC1015128,2015-10-24,5:30 AM,Derailment,0,ST PAUL,MN,50,1,Dawn,Rain,Yard,Freight Train,5,10020,4800,14820,H607,44.968824,-93.157612,51,51.2,46.7
MNNR,1017002,2017-10-10,6:00 AM,Derailment,0,ST PAUL,MN,34,4,Dark,Clear,Yard,Yard/switching,5,15800,1457,17257,T310,44.971986,-93.194175,49,43.8,47.4
CP,1000554299,2017-05-05,5:15 PM,Derailment,0,ST PAUL,MN,75,2,Day,Cloudy,Yard,Freight Train,9,53815,0,97749,T399,44.941214,-93.050242,56.7,60.9,57.2
MNNR,0423001,2023-04-06,12:20 AM,Derailment,0,ST PAUL,MN,25,4,Dark,Clear,Industry,Yard/switching,5,0,41490,41490,T110,44.984054,-93.205629,32.6,30.1,37.3
UP,0723GL017,2023-07-09,6:00 PM,Derailment,0,ST PAUL,MN,85,3,Dusk,Clear,Yard,Yard/switching,6,6238,10560,16798,T202,44.944531,-93.057265,69.2,72.8,79.1
UP,0122GL013,2022-01-23,1:50 AM,Derailment,0,ST PAUL,MN,2,4,Dark,Cloudy,Yard,Freight Train,5,11487,8568,20055,T314,44.942668,-93.051624,13.3,1.9,7
UP,1019GL029,2019-10-30,1:04 PM,Derailment,0,ST PAUL,MN,33,2,Day,Cloudy,Industry,Freight Train,4,1389,9410,10799,T111,44.758278,-93.024415,32.7,28.8,29.4
UP,0421GL005,2021-04-10,1:05 PM,Derailment,0,ST PAUL,MN,48,2,Day,Cloudy,Yard,Freight Train,1,37579,122029,159608,T206,44.937896,-93.047842,49,45.9,48.8
BNSF,TC0418116,2018-04-27,2:15 AM,Derailment,0,ST PAUL,MN,40,4,Dark,Clear,Yard,Freight Train,5,60000,538682,598682,T399,44.977309,-93.213349,52.7,50.7,46.9
MNNR,0316005,2016-03-21,10:45 PM,Derailment,0,ST PAUL,MN,45,4,Dark,Cloudy,Industry,Yard/switching,3,8840,15000,23840,T110,44.985021,-93.206919,34.8,39.2,44.1
UP,0822GL001,2022-08-01,1:20 AM,Derailment,0,ST PAUL,MN,75,4,Dark,Cloudy,Yard,Freight Train,6,18349,123323,141672,T111,44.913384,-93.052668,76.3,76.5,80.3
UP,0315TC008,2015-03-18,8:40 PM,Derailment,0,ST PAUL,MN,45,4,Dark,Clear,Yard,Yard/switching,8,5742,9317,15059,T001,44.936661,-93.082702,36.3,36.9,42.3
UP,1117TC001,2017-11-01,3:27 AM,Derailment,0,ST PAUL,MN,28,4,Dark,Cloudy,Yard,Yard/switching,5,250,57755,58005,T110,44.930695,-93.069155,30.3,31.9,37
UP,0819GL012,2019-08-05,2:00 AM,Derailment,0,ST PAUL,MN,73,4,Dark,Clear,Yard,Yard/switching,7,63527,44170,107697,T319,44.942482,-93.051321,77.2,75.7,75.1
UP,0519GL037,2019-05-28,8:28 AM,Derailment,0,ST PAUL,MN,46,2,Day,Cloudy,Main,Freight Train,7,60538,191140,251678,T111,44.950123,-93.077162,55.6,55.1,61.3
UP,0221GL001,2021-02-05,5:40 AM,Derailment,0,ST PAUL,MN,8,1,Dawn,Cloudy,Yard,Yard/switching,8,14956,9280,24236,T206,44.927176,-93.040467,23.6,8.3,-1.7
UP,0619GL033,2019-06-30,5:45 AM,Derailment,0,ST PAUL,MN,74,1,Dawn,Cloudy,Yard,Freight Train,3,17210,4678,21888,T001,44.941917,-93.050663,78.2,74.2,71.3
UP,1022GL004,2022-10-05,2:40 AM,Derailment,0,ST PAUL,MN,60,4,Dark,Cloudy,Yard,Freight Train,8,12180,1974,14154,T199,44.942301,-93.051314,65.4,64.5,53.8
BNSF,TC0615201,2015-06-07,12:05 PM,Hwy-rail crossing,0,ST PAUL PARK,MN,77,2,Day,Clear,Main,Freight Train,23,7700,6000,13700,M302,44.855148,-92.996634,68.8,71.9,70.9
IC,1136724,2023-07-23,9:50 AM,Hwy-rail crossing,0,ST ROSE,LA,83,2,Day,Cloudy,Main,Light loco(s),37,20413,12942,33355,M302,29.971793,-90.297478,86.1,82,85.2
IC,1060368,2021-02-02,7:30 AM,Side collision,0,ST ROSE,LA,67,2,Day,Clear,Industry,Yard/switching,2,48721,0,91163,H020,29.945545,-90.34763,50.8,47.7,50.8
IC,1060368,2021-02-02,7:30 AM,Side collision,0,ST ROSE,LA,67,2,Day,Clear,Industry,Cut of cars,2,42442,0,91163,H020,29.945545,-90.34763,50.8,47.7,50.8
IC,1134590,2023-06-21,2:00 AM,Side collision,0,ST ROSE,LA,80,4,Dark,Cloudy,Industry,Single Car,0,18000,0,18737,H020,29.948489,-90.352592,81.2,82.3,83.2
ATK,173668,2023-02-06,9:04 PM,Derailment,0,ST. ALBANS,VT,16,4,Dark,Cloudy,Yard,Passenger Train - Pulling,4,34536,0,34536,M101,44.81,-73.09,24.9,26.6,24.3
UP,1221HL009,2021-12-07,10:00 AM,Other (describe in narrative),0,ST. JOSEPH,MO,30,2,Day,Cloudy,Industry,Single Car,0,19157,0,19157,M501,39.725485,-94.874407,29.1,31.6,36.9
UP,1022HL035,2022-10-30,1:30 PM,Other (describe in narrative),0,ST. JOSEPH,MO,60,2,Day,Cloudy,Yard,Yard/switching,7,0,15320,15320,H702,39.730813,-94.86899,47.1,51.4,51.4
UP,1221GL005,2021-12-05,1:30 AM,Derailment,0,ST. PAUL,MN,31,4,Dark,Cloudy,Yard,Yard/switching,4,14700,1300,16000,H307,44.932065,-93.044761,33.4,33.7,15.9
ATK,180235,2024-05-16,9:00 AM,Obstruction,0,STAATSBURG,NY,0,2,Day,Cloudy,Main,Passenger Train - Pulling,49,18893,0,18893,M404,41.867626,-73.927547,62.1,60.7,62.7
UP,0117HO019,2017-01-05,10:30 PM,Obstruction,0,STAFFORD,TX,45,4,Dark,Clear,Main,Freight Train,35,2928,29321,32249,M402,29.622207,-95.57038,47.3,51.8,35.3
CSX,000213865,2023-10-01,8:21 PM,Hwy-rail crossing,0,STAFFORD,VA,67,4,Dark,Clear,Main,,0,0,116,15214,M308,38.438328,-77.338245,66.9,67.3,68.2
CSX,000210022,2022-09-11,5:30 PM,Fire/violent rupture,0,STAFFORD,VA,81,3,Dusk,Clear,Main,,0,0,0,0,M406,38.477414,-77.318674,71.3,75.9,76
ATK,176568,2023-10-01,8:21 PM,Hwy-rail crossing,0,STAFFORD,VA,67,4,Dark,Clear,Main,Commuter Train - Pulling,67,15098,0,15214,M308,38.438328,-77.338245,66.9,67.3,68.2
UP,0621HO010,2021-06-13,7:06 PM,Hwy-rail crossing,0,STAFFORD,TX,92,3,Dusk,Clear,Main,Freight Train,20,0,19150,19150,M308,29.635097,-95.496916,85.5,86.3,85.3
BNSF,KS1015203,2015-10-20,12:30 PM,Hwy-rail crossing,0,STAFFORD,KS,91,2,Day,Clear,Main,Freight Train,41,20000,0,20000,M302,37.968688,-98.582073,66.8,70.9,64
MNCW,2019167,2019-11-01,9:00 AM,Derailment,0,STAMFORD,CT,55,2,Day,Clear,Yard,EMU,7,117786,1101,118887,H702,41.051105,-73.53062,64,50.5,41.4
MNCW,2015070206,2015-07-02,2:32 AM,Obstruction,0,STAMFORD,CT,65,4,Dark,Clear,Yard,EMU,7,48000,3250,51250,H522,41.04906,-73.535165,74.1,70.5,69.8
MNCW,2015092005,2015-09-20,5:41 PM,Derailment,0,STAMFORD,CT,70,2,Day,Clear,Main,Spec. MoW Equip.,3,31090,0,31090,E99C,41.048947,-73.5362,70.4,68.9,61.4
MNCW,79075,2023-02-12,9:35 PM,Derailment,0,STAMFORD,CT,35,4,Dark,Clear,Yard,Yard/switching,4,12969,11371,24340,H702,41.049304,-73.533316,38.3,36.7,45.8
MNCW,81396,2023-12-12,5:10 AM,Derailment,0,STAMFORD,CT,32,1,Dawn,Clear,Yard,EMU,4,127454,15198,142652,H702,41.049748,-73.532146,40.5,37.6,38.1
MNCW,82958,2024-07-10,5:01 AM,Other (describe in narrative),0,STAMFORD,CT,77,4,Dark,Clear,Main,EMU,5,0,49112,49112,H406,41.048562,-73.537419,79.7,79.9,79.1
MNCW,2016012406,2016-01-24,9:09 AM,Hwy-rail crossing,0,STAMFORD,CT,32,2,Day,Snow,Main,EMU,38,21650,0,21650,M399,41.045793,-73.311024,25.1,24.8,27.7
MNCW,68574,2018-10-10,1:25 AM,Other impacts,0,STAMFORD,CT,65,4,Dark,Clear,Yard,Cut of cars,1,20852,0,41704,E31C,41.050115,-73.53177,68.3,71.9,70.8
MNCW,201993,2019-07-17,1:20 AM,Other (describe in narrative),0,STAMFORD,CT,70,4,Dark,Clear,Yard,EMU,3,18138,0,18138,H307,41.048725,-73.534775,77.5,80.2,72.9
MNCW,68574,2018-10-10,1:25 AM,Other impacts,0,STAMFORD,CT,65,4,Dark,Clear,Yard,Cut of cars,0,20852,0,41704,E31C,41.050115,-73.53177,68.3,71.9,70.8
MNCW,74117,2021-02-10,1:00 AM,Other impacts,0,STAMFORD,CT,30,4,Dark,Clear,Yard,Yard/switching,2,22391,0,44782,M199,41.049261,-73.053406,24.2,24.8,25.5
MNCW,72717,2020-07-29,10:06 AM,Derailment,0,STAMFORD,CT,83,2,Day,Clear,Yard,EMU,3,80147,0,80147,H999,41.05201,-73.52896,82.7,78.7,78.4
MNCW,82472,2024-05-07,10:56 PM,Fire/violent rupture,0,STAMFORD,CT,60,4,Dark,Clear,Main,,0,0,25000,150000,E79L,41.055678,-73.524247,60.8,66.1,68.9
MNCW,79544,2023-04-18,8:30 AM,Derailment,0,STAMFORD,CT,49,2,Day,Clear,Yard,EMU,9,73294,37157,110451,H701,41.050655,-73.531084,55.5,50.6,48.3
MNCW,74117,2021-02-10,1:00 AM,Other impacts,0,STAMFORD,CT,30,4,Dark,Clear,Yard,EMU,0,22391,0,44782,M199,41.049261,-73.053406,24.2,24.8,25.5
MNCW,2015121019,2015-12-10,3:15 AM,Obstruction,0,STAMFORD,CT,49,4,Dark,Rain,Main,Spec. MoW Equip.,6,16235,0,16235,H607,41.04107,-73.550995,42.5,50.5,49.9
MNCW,82341,2024-04-05,1:30 AM,Other (describe in narrative),0,STAMFORD,CT,38,4,Dark,Cloudy,Yard,EMU,5,18474,0,18474,H599,41.048771,-73.534806,40.1,41.4,43.8
PW,PWR791224A,2024-05-07,10:56 PM,Fire/violent rupture,0,STAMFORD,CT,60,4,Dark,Clear,Main,Freight Train,20,125000,0,150000,E79L,41.055678,-73.524247,60.8,66.1,68.9
ATK,161307,2019-09-25,7:12 PM,Other (describe in narrative),0,STAMFORD,CT,58,2,Day,Clear,Main,Passenger Train - Pulling,44,37668,0,41369,T210,41.052778,-73.538889,68,63.1,63.9
MNCW,2019092511,2019-09-25,7:12 PM,Other (describe in narrative),0,STAMFORD,CT,58,2,Day,Clear,Main,EMU,0,0,3701,41369,T210,41.052778,-73.538889,68,63.1,63.9
UP,0922MA043,2022-09-26,5:56 PM,Derailment,0,STAMPS,AR,82,2,Day,Clear,Main,Freight Train,43,231411,159890,391301,E27C,33.357385,-93.459233,76.9,72.4,68.3
UP,0221PN027,2021-02-20,10:55 AM,Other impacts,0,STANFIELD,OR,29,2,Day,Cloudy,Yard,Cut of cars,0,65338,0,168514,E30C,45.795178,-119.257077,34.1,35.4,42.9
UP,0322PN002,2022-03-03,4:50 AM,Other impacts,0,STANFIELD,OR,49,1,Dawn,Rain,Yard,Yard/switching,0,15285,198,16206,H020,45.795325,-119.256633,50.8,48.1,41.7
UP,1023PN028,2023-10-18,8:26 PM,Other impacts,0,STANFIELD,OR,68,4,Dark,Clear,Yard,Cut of cars,0,15519,0,58078,E30C,45.796421,-119.26537,60,55.4,58.7
UP,1223PN008,2023-12-07,3:13 AM,Other impacts,0,STANFIELD,OR,39,4,Dark,Clear,Yard,Yard/switching,2,0,48844,48944,H312,45.796308,-119.268298,51.1,46.8,41.1
UP,1023PN034,2023-10-28,3:32 PM,Derailment,0,STANFIELD,OR,42,2,Day,Cloudy,Yard,Yard/switching,10,2954,10080,13034,E30C,45.796534,-119.268289,40.4,33.3,32.9
UP,0921PN018,2021-09-22,7:04 PM,Other impacts,0,STANFIELD,OR,79,3,Dusk,Cloudy,Yard,Cut of cars,4,70531,0,149060,H020,45.795103,-119.256247,59.7,62.4,64.2
UP,0518PD007,2018-05-08,7:00 PM,Other impacts,0,STANFIELD,OR,82,4,Dark,Rain,Yard,Cut of cars,5,3496,132,38426,M105,45.796647,-119.263273,68.4,67.3,63.1
UP,0222PN012,2022-02-14,11:59 PM,Other impacts,0,STANFIELD,OR,40,4,Dark,Clear,Yard,Yard/switching,4,66124,198,69353,H317,45.795025,-119.257723,35.8,41.6,45.9
UP,0518PD016,2018-05-08,6:42 AM,Other (describe in narrative),0,STANFIELD,OR,50,4,Dark,Clear,Yard,Single Car,0,63514,33,63547,M407,45.796308,-119.268298,68.4,67.3,63.1
UP,0322PN017,2022-03-21,11:29 PM,Derailment,0,STANFIELD,OR,50,4,Dark,Cloudy,Yard,Yard/switching,7,2044,15422,17466,H704,45.794817,-119.254629,45.5,47.9,55.4
UP,0324PN028,2024-03-29,4:45 AM,Other impacts,0,STANFIELD,OR,40,1,Dawn,Clear,Yard,Yard/switching,10,21379,10080,143112,H316,45.796534,-119.268289,46.7,47.2,46.5
UP,1018PD025,2018-10-28,12:00 PM,Other impacts,0,STANFIELD,OR,45,2,Day,Cloudy,Yard,Single Car,0,12546,33,12579,M407,45.797466,-119.294488,57.7,54.5,51.1
UP,0718PD024,2018-07-28,10:32 AM,Derailment,0,STANFIELD,OR,95,2,Day,Clear,Yard,Single Car,2,21597,150,21747,M408,45.796653,-119.261226,85.3,86.7,84.7
UP,0221PN027,2021-02-20,10:55 AM,Other impacts,0,STANFIELD,OR,29,2,Day,Cloudy,Yard,Yard/switching,2,92616,10560,168514,E30C,45.795178,-119.257077,34.1,35.4,42.9
UP,0321PN004,2021-03-07,10:30 PM,Other impacts,0,STANFIELD,OR,42,4,Dark,Cloudy,Yard,Yard/switching,4,32517,1560,78408,H312,45.795939,-119.2633,46.6,42.4,39.8
UP,0717PD003,2017-07-03,9:00 AM,Fire/violent rupture,0,STANFIELD,OR,70,2,Day,Clear,Yard,Light loco(s),0,378824,0,378824,E79L,45.794748,-119.302048,78.8,78.4,75.5
UP,0617PD008,2017-06-07,8:36 PM,Derailment,0,STANFIELD,OR,74,2,Day,Clear,Yard,Light loco(s),7,36659,5290,41949,H702,45.792911,-119.253241,69.7,73,65.6
UP,1022PN017,2022-10-16,9:20 AM,Other (describe in narrative),0,STANFIELD,OR,58,2,Day,Clear,Yard,Light loco(s),4,0,13900,13900,H307,45.791644,-119.242909,56.2,55.8,53.7
UP,0219PN029,2019-02-12,1:19 PM,Other (describe in narrative),0,STANFIELD,OR,42,2,Day,Cloudy,Yard,Single Car,0,62153,33,62186,S007,45.796329,-119.268716,25.9,32,30.3
UP,0815PD015,2015-08-24,1:40 PM,Derailment,0,STANFIELD,OR,87,2,Day,Clear,Yard,Light loco(s),10,56165,0,56165,H303,45.793623,-119.251014,66.6,75.8,76.1
UP,0817PD012,2017-08-16,3:20 AM,Derailment,0,STANFIELD,OR,61,4,Dark,Clear,Yard,Single Car,1,19592,0,33500,S007,45.797636,-119.315633,68.1,74.5,76.1
UP,0817PD012,2017-08-16,3:20 AM,Derailment,0,STANFIELD,OR,61,4,Dark,Clear,Yard,Yard/switching,0,12148,1760,33500,S007,45.797636,-119.315633,68.1,74.5,76.1
UP,0318PD033,2018-03-24,4:40 AM,Derailment,0,STANFIELD,OR,38,4,Dark,Clear,Yard,Yard/switching,3,113783,8692,122475,H308,45.794942,-119.258568,41.6,44.7,42.9
UP,0321PN004,2021-03-07,10:30 PM,Other impacts,0,STANFIELD,OR,42,4,Dark,Cloudy,Yard,Single Car,0,44331,0,78408,H312,45.795939,-119.2633,46.6,42.4,39.8
UP,1223PN008,2023-12-07,3:13 AM,Other impacts,0,STANFIELD,OR,39,4,Dark,Clear,Yard,Single Car,0,100,0,48944,H312,45.796308,-119.268298,51.1,46.8,41.1