reportingrailroadcode,accidentnumber,date,time,accidenttype,hazmatreleasedcars,station,stateabbr,temperature,visibility_code,visibility,weathercondition,tracktype,equipmenttype,trainspeed,equipmentdamagecost,trackdamagecost,totaldamagecost,primaryaccidentcausecode,latitude,longitude,prior_temp,actual_temp,following_temp
UP,0218PD010,2018-02-07,9:28 PM,Fire/violent rupture,0,STANFIELD,OR,63,4,Dark,Clear,Yard,Single Car,0,28194,0,28194,M401,45.790215,-119.239236,49.4,52.3,57.1
UP,0518PD007,2018-05-08,7:00 PM,Other impacts,0,STANFIELD,OR,82,4,Dark,Rain,Yard,Single Car,5,31131,0,38426,M105,45.796647,-119.263273,68.4,67.3,63.1
UP,0519PN004,2019-05-09,11:02 AM,Other impacts,0,STANFIELD,OR,66,2,Day,Clear,Yard,Cut of cars,0,5268,49211,110112,H318,45.796441,-119.269778,66,64.6,63.7
UP,0322PN002,2022-03-03,4:50 AM,Other impacts,0,STANFIELD,OR,49,1,Dawn,Rain,Yard,Single Car,2,723,0,16206,H020,45.795325,-119.256633,50.8,48.1,41.7
UP,0519PN004,2019-05-09,11:02 AM,Other impacts,0,STANFIELD,OR,66,2,Day,Clear,Yard,Yard/switching,7,55633,0,110112,H318,45.796441,-119.269778,66,64.6,63.7
UP,0921PN018,2021-09-22,7:04 PM,Other impacts,0,STANFIELD,OR,79,3,Dusk,Cloudy,Yard,Yard/switching,6,78463,66,149060,H020,45.795103,-119.256247,59.7,62.4,64.2
UP,0118PD040,2018-01-23,7:34 AM,Derailment,0,STANFIELD,OR,40,2,Day,Cloudy,Yard,Light loco(s),2,38034,1056,39090,T221,45.796309,-119.301539,39.6,35.6,48.2
UP,1220PN030,2020-12-31,12:00 PM,Other (describe in narrative),0,STANFIELD,OR,47,2,Day,Clear,Yard,Single Car,0,57993,0,57993,M411,45.795465,-119.273757,34.5,42.6,40.6
UP,0324PN028,2024-03-29,4:45 AM,Other impacts,0,STANFIELD,OR,40,1,Dawn,Clear,Yard,Cut of cars,0,111653,0,143112,H316,45.796534,-119.268289,46.7,47.2,46.5
UP,0222PN012,2022-02-14,11:59 PM,Other impacts,0,STANFIELD,OR,40,4,Dark,Clear,Yard,Single Car,2,3031,0,69353,H317,45.795025,-119.257723,35.8,41.6,45.9
UP,0422PN019,2022-04-17,5:06 PM,Derailment,0,STANFIELD,OR,57,2,Day,Clear,Yard,Freight Train,8,97706,8700,106406,H524,45.796511,-119.276505,38.5,45.9,48.9
UP,0518PD007,2018-05-08,7:00 PM,Other impacts,0,STANFIELD,OR,82,4,Dark,Rain,Yard,Single Car,5,3667,0,38426,M105,45.796647,-119.263273,68.4,67.3,63.1
UP,0518PD019,2018-05-17,6:43 AM,Derailment,0,STANFIELD,OR,60,1,Dawn,Clear,Yard,Freight Train,8,54898,6826,61724,M405,45.793971,-119.269674,71.4,69.9,65.9
UP,1023PN028,2023-10-18,8:26 PM,Other impacts,0,STANFIELD,OR,68,4,Dark,Clear,Yard,Yard/switching,2,42459,0,58078,E30C,45.796421,-119.26537,60,55.4,58.7
UP,0121PN036,2021-01-25,8:05 PM,Derailment,0,STANFIELD,OR,35,4,Dark,Cloudy,Yard,Yard/switching,8,43557,6684,50241,E34C,45.794536,-119.253999,30.2,32.9,36.6
UP,1120PN006,2020-11-09,2:16 PM,Derailment,0,STANFIELD,OR,39,2,Day,Cloudy,Yard,Yard/switching,7,1272,21025,22297,T205,45.796228,-119.2681,37.6,36.7,44.9
UP,0724PN031,2024-07-23,9:38 PM,Derailment,0,STANFIELD,OR,90,4,Dark,Clear,Yard,Freight Train,7,31127,45014,77141,T315,45.787865,-119.233714,79.8,73.6,77.4
UP,0724PN031,2024-07-23,9:38 PM,Derailment,0,STANFIELD,OR,90,4,Dark,Clear,Yard,Yard/switching,4,1000,0,77141,T315,45.787865,-119.233714,79.8,73.6,77.4
BNSF,MT1116201,2016-11-28,11:15 AM,Hwy-rail crossing,0,STANLEY,ND,27,2,Day,Snow,Main,Freight Train,55,203091,120000,323091,M302,48.323329,-102.37509,31.6,27.2,25.8
BNSF,MT0317201,2017-03-06,9:21 PM,Hwy-rail crossing,0,STANLEY,ND,16,4,Dark,Snow,Main,Freight Train,40,1848,13892,15740,M302,48.320836,-102.331691,37.3,21.9,13.2
NS,136294,2019-11-23,12:00 PM,Derailment,0,STANLEY,VA,34,2,Day,Cloudy,Main,Freight Train,3,180000,8013,188013,H506,38.559962,-78.546156,48.4,34.7,42.4
BNSF,MT1219103,2019-12-08,1:19 PM,Derailment,0,STANLEY,ND,5,2,Day,Snow,Yard,Freight Train,10,115971,7800,123771,H307,48.318957,-102.393066,31.4,8.1,2.6
BNSF,MT1219107,2019-12-24,10:25 AM,Derailment,0,STANLEY,ND,29,2,Day,Fog,Main,Freight Train,53,27500,23500,51000,E61L,48.319271,-102.392715,22.8,24.8,19.9
BNSF,MT0415106,2015-04-21,9:52 PM,Derailment,0,STANLEY,ND,28,4,Dark,Clear,Yard,Work train,2,31998,119751,151749,H307,48.32873,-102.353167,38.2,35.1,37.3
WC,1140659,2023-10-31,11:52 PM,Derailment,0,STANLEY,WI,25,4,Dark,Clear,Main,Freight Train,39,114520,266697,381217,T111,44.958632,-90.931833,28.1,29.7,25.1
NS,118466,2015-12-04,3:20 PM,Obstruction,0,STANLEYTOWN,VA,50,2,Day,Clear,Main,Spec. MoW Equip.,15,12000,0,24000,H997,36.734272,-79.949781,42.5,35.6,35.7
NS,118466,2015-12-04,3:20 PM,Obstruction,0,STANLEYTOWN,VA,50,2,Day,Clear,Main,Spec. MoW Equip.,2,12000,0,24000,H997,36.734272,-79.949781,42.5,35.6,35.7
NS,154678,2023-11-02,7:31 AM,Derailment,0,STANLEYVILLE,NC,32,1,Dawn,Clear,Main,Freight Train,0,0,270000,270000,T207,36.200643,-80.291901,41.5,39.9,45.2
UP,0816FW007,2016-08-04,11:10 AM,Hwy-rail crossing,0,STANTON,TX,88,2,Day,Clear,Main,Freight Train,51,13143,31180,44323,M304,32.124604,-101.80146,88.4,89.6,88.8
UP,0317FW033,2017-03-20,1:15 PM,Hwy-rail crossing,0,STANTON,TX,85,2,Day,Clear,Main,Freight Train,33,26982,51598,78580,M303,32.124604,-101.80146,72.4,76.1,76.7
UP,0721TO019,2021-07-17,5:00 PM,Hwy-rail crossing,0,STANTON,TX,96,2,Day,Clear,Main,Freight Train,62,9568,15558,25126,M304,32.124609,-101.801448,82.7,82.5,81.4
UP,0619TO016,2019-06-10,1:25 PM,Fire/violent rupture,0,STANTON,TX,63,2,Day,Cloudy,Main,Freight Train,40,43902,33,43935,E73L,32.155988,-101.715511,77.5,65.9,71.5
UP,0923TO021,2023-09-14,10:14 AM,Hwy-rail crossing,0,STANTON,TX,73,2,Day,Cloudy,Main,Freight Train,15,4473,27970,32443,M302,32.127618,-101.793221,67.9,74,74.4
UP,0619TO032,2019-06-16,1:30 PM,Hwy-rail crossing,0,STANTON,TX,87,2,Day,Clear,Main,Freight Train,50,100,17323,17423,M304,32.124609,-101.801448,85.5,80.4,78.8
BNSF,TC0520109,2020-05-16,4:00 AM,Derailment,0,STANTON,ND,52,1,Dawn,Clear,Main,Freight Train,20,7007,54000,61007,E53C,47.301798,-101.385,50.7,53.2,54.6
CSX,000174206,2017-03-05,3:10 AM,Fire/violent rupture,0,STANTON,TN,40,4,Dark,Clear,Main,Freight Train,45,21655,32,21687,E74L,35.462591,-89.399326,51.7,53.1,63.2
BNSF,TC0624103,2024-06-06,10:56 PM,Derailment,0,STANTON,ND,55,4,Dark,Clear,Industry,Freight Train,4,15000,5000,20000,M101,47.276969,-101.312814,62.7,60.7,55.7
UP,0915FW019,2015-09-18,8:10 PM,Hwy-rail crossing,0,STANTON,TX,80,3,Dusk,Rain,Main,Freight Train,60,11179,441,11620,M304,32.121154,-101.810865,82.2,83,74.3
CSX,000210343,2023-03-15,3:25 PM,Hwy-rail crossing,0,STANTON,TN,53,2,Day,Clear,Main,Freight Train,46,21601,1628,23229,M303,35.435881,-89.470431,36.1,40.5,55
UP,0717FW031,2017-07-26,2:00 AM,Derailment,0,STANTON,TX,78,4,Dark,Clear,Industry,Freight Train,4,2583,13518,16101,T205,32.091204,-101.888324,85,86.4,86.4
UP,0619GL008,2019-06-06,4:57 AM,Derailment,0,STANWOOD,IA,66,1,Dawn,Clear,Main,Freight Train,47,1832923,100800,1933723,H702,41.891922,-91.142144,74,74.5,74.5
UP,0519ES039,2019-05-21,10:20 AM,Hwy-rail crossing,0,STANWOOD,IA,47,2,Day,Cloudy,Main,Spec. MoW Equip.,3,13265,0,13265,M302,41.891105,-91.08384,49.3,50.3,64.9
NS,152254,2023-02-07,8:41 PM,Derailment,0,STAPLETON,GA,40,4,Dark,Clear,Industry,Light loco(s),4,38,27808,27846,T102,33.25748,-82.437849,51.3,50.5,57.6
ACWR,04202023,2023-04-20,2:00 PM,Derailment,0,STAR,NC,85,2,Day,Clear,Industry,Freight Train,10,60392,35000,95392,T110,35.398333,-79.783333,66.2,69.3,69.8
UP,0318KC031,2018-03-25,6:35 PM,Derailment,0,STARK,KS,43,2,Day,Cloudy,Main,Freight Train,30,104136,15878,120014,E27C,37.70004,-95.145748,58.2,45.3,57.3
FGLK,12072022,2022-12-07,4:03 PM,Derailment,0,STARKEY,NY,48,3,Dusk,Rain,Yard,Freight Train,10,0,43482,43482,T110,42.569547,-76.944378,42.3,46.4,40
UP,0116CB005,2016-01-06,7:38 AM,Fire/violent rupture,0,STATE CENTER,IA,32,2,Day,Cloudy,Main,Freight Train,65,20530,0,20530,E74L,42.01755,-93.160664,23.6,28.7,33.4
UP,0124GL046,2024-01-15,5:00 AM,Other (describe in narrative),0,STATE CENTER,IA,-16,1,Dawn,Clear,Main,Freight Train,2,19016,0,19016,M199,42.025988,-93.100574,-12.9,-7.9,-2.5
CRSH,136525,2019-12-13,4:00 PM,Other impacts,0,STATEN ISLAND,NY,45,3,Dusk,Rain,Yard,Cut of cars,5,15017,0,49672,H008,40.633216,-74.181525,31.4,39.6,50.5
CRSH,136525,2019-12-13,4:00 PM,Other impacts,0,STATEN ISLAND,NY,45,3,Dusk,Rain,Yard,Freight Train,5,34655,0,49672,H008,40.633216,-74.181525,31.4,39.6,50.5
GS,01242019,2019-01-24,11:30 AM,Derailment,0,STATESBORO,GA,52,2,Day,Clear,Main,Freight Train,5,640,12551,13191,T222,32.447841,-81.781598,58.1,57.2,41.3
NS,129626,2018-05-28,11:55 PM,Derailment,0,STATESVILLE,NC,72,4,Dark,Rain,Yard,Freight Train,5,7000,7681,14681,T110,35.77509,-80.888952,72.7,70.7,71.5
BB,2024CSX011,2024-01-14,4:00 AM,Obstruction,0,STAUNTON,VA,31,4,Dark,Clear,Main,,0,0,0,19258,M404,38.147109,-79.090714,37.4,32.5,26.5
CSX,000215558,2024-01-14,4:00 AM,Obstruction,0,STAUNTON,VA,31,1,Dawn,Clear,Main,Freight Train,30,19258,0,19258,M404,38.147109,-79.090714,37.4,32.5,26.5
UP,0117SL019,2017-01-26,8:45 PM,Derailment,0,STE GENEVIEVE,MO,30,4,Dark,Cloudy,Yard,Yard/switching,9,16334,76817,101562,T211,37.990459,-90.048143,45.8,32.9,29.5
UP,1218MA076,2018-12-27,12:30 PM,Derailment,0,STE GENEVIEVE,MO,47,2,Day,Rain,Industry,Yard/switching,5,30535,100,30635,M504,37.969932,-90.076063,41,51.1,36.6
UP,0117SL019,2017-01-26,8:45 PM,Derailment,0,STE GENEVIEVE,MO,30,4,Dark,Cloudy,Yard,Cut of cars,0,8411,0,101562,T211,37.990459,-90.048143,45.8,32.9,29.5
UP,1114SL009,2014-11-17,10:00 AM,Derailment,0,STE GENEVIEVE,MO,31,2,Day,Cloudy,Yard,Yard/switching,9,22121,21200,43321,T314,38.00463,-90.060582,31.3,22.2,20.6
UP,0615DV020,2015-06-12,12:02 PM,Fire/violent rupture,0,STEAMBOAT SPGS,CO,50,2,Day,Clear,Main,Freight Train,30,33893,0,33893,E79L,40.49278,-106.951393,54.3,56.6,60
UP,0117DV017,2017-01-03,10:23 PM,Obstruction,0,STEAMBOAT SPGS,CO,32,4,Dark,Cloudy,Main,Freight Train,33,39942,150,40092,M101,40.492785,-106.951407,22.5,17.8,21.3
UP,0216DV002,2016-02-01,5:44 PM,Derailment,0,STEAMBOAT SPGS,CO,20,3,Dusk,Snow,Industry,Freight Train,2,61192,0,61192,M101,40.354686,-107.058898,18.6,18.1,13.7
BNSF,TC0519110,2019-05-20,7:10 AM,Derailment,0,STEELE,ND,41,1,Dawn,Clear,Main,Freight Train,45,10344,2000,12344,E34C,46.856741,-99.884954,43.7,48.8,51.5
BNSF,TC0824111,2024-08-28,8:19 PM,Derailment,0,STEELE,ND,75,3,Dusk,Rain,Siding,Freight Train,0,1263488,0,1263488,M102,46.856027,-99.910188,62.4,65.7,64.6
UP,0816SL008,2016-08-11,8:44 AM,Derailment,0,STEELEVILLE,IL,80,2,Day,Clear,Main,Freight Train,30,890602,75911,966513,T207,37.99238,-89.689537,80,82.3,81.2
SH,031704,2017-03-27,11:30 AM,Derailment,0,STEELTON,PA,50,2,Day,Cloudy,Yard,Yard/switching,2,3290,50582,53872,T110,40.230485,-76.832449,46.6,48.4,54.4
NS,120946,2016-06-20,10:20 PM,Derailment,0,STEELTON,PA,82,4,Dark,Clear,Industry,Yard/switching,2,2886,25125,28011,T314,40.240654,-76.855439,77.4,79,79.2
ATK,148201,2017-07-02,2:29 PM,Derailment,0,STEILACOOM,WA,78,2,Day,Clear,Main,Passenger Train - Pulling,32,2634879,0,2719791,H221,47.184987,-122.585612,60.9,62.4,60.5
BNSF,NW0717101,2017-07-02,2:29 PM,Derailment,0,STEILACOOM,WA,78,2,Day,Clear,Main,,0,0,84912,2719791,H221,47.184987,-122.585612,60.9,62.4,60.5
WC,912121,2017-01-26,11:44 AM,Hwy-rail crossing,0,STEPHENSON,MI,35,2,Day,Clear,Main,Freight Train,39,12350,0,12350,M304,45.492593,-87.602084,33.6,32.5,28.4
WC,900165,2016-09-08,9:35 AM,Hwy-rail crossing,0,STEPHENSON,MI,69,2,Day,Clear,Main,Freight Train,40,78,48314,48392,M308,45.376876,-87.612228,70.2,70.2,63.6
FWWR,21061102,2021-06-11,7:00 AM,Hwy-rail crossing,0,STEPHENVILLE,TX,80,1,Dawn,Clear,Main,Spec. MoW Equip.,3,100000,0,100000,M308,32.215218,-98.210736,82.4,82.5,80.5
FWWR,16080401,2016-08-04,2:06 PM,Derailment,0,STEPHENVILLE,TX,98,2,Day,Clear,Main,Freight Train,25,660000,150000,810000,T109,32.110372,-98.145368,86.6,86.7,86.6
BNSF,PR0917110,2017-09-20,6:15 PM,Derailment,0,STERLING,CO,72,3,Dusk,Clear,Yard,Cut of cars,5,9762,1500,11262,H020,40.641237,-103.192394,62.7,58.1,65.1
BNSF,PR0516101,2016-05-03,2:55 PM,Derailment,0,STERLING,CO,65,2,Day,Cloudy,Yard,Yard/switching,4,10018,14895,24913,H318,40.641495,-103.192136,46.1,54,56.1
BNSF,PR0120110,2020-01-18,6:15 PM,Derailment,0,STERLING,CO,38,3,Dusk,Clear,Main,Freight Train,8,23528,2586,26114,H704,40.660714,-103.178033,32.2,26,26.3
BNSF,PR0121108,2021-01-20,12:05 PM,Derailment,0,STERLING,CO,52,2,Day,Clear,Yard,Yard/switching,4,7645,6000,13645,H506,40.632142,-103.19903,27.1,32.1,34
UP,1219PR010,2019-12-22,6:30 PM,Other impacts,0,STERLING,IL,40,3,Dusk,Clear,Main,Freight Train,4,20619,33,20652,H302,41.787667,-89.711497,34.2,37.5,35.8
CSX,000211322,2023-05-15,4:30 PM,Derailment,0,STERLING,OH,67,3,Dusk,Clear,Main,Freight Train,56,80912,166745,247657,E07C,40.968858,-81.845276,62.1,60.3,58.9
CRSH,124882,2017-04-30,9:13 AM,Derailment,0,STERLING,MI,47,2,Day,Cloudy,Yard,Yard/switching,6,9455,3800,13255,H702,42.578727,-83.039847,45.9,40.3,49.3
BNSF,PR0317111,2017-03-28,8:30 PM,Other impacts,0,STERLING,CO,45,3,Dusk,Rain,Yard,Yard/switching,4,23060,0,23060,H307,40.632673,-103.198748,47,45.2,42.2
UP,0415PR005,2015-04-10,1:15 PM,Derailment,0,STERLING,IL,56,2,Day,Clear,Yard,Yard/switching,4,11070,3101,14171,E64C,41.787903,-89.715009,58.3,46.7,49.5
UP,1118PR022,2018-11-25,4:10 PM,Derailment,0,STERLING,IL,31,2,Day,Snow,Yard,Yard/switching,4,2031,1320,11848,H302,41.788585,-89.725588,41.5,33.1,26.2
UP,1118PR022,2018-11-25,4:10 PM,Derailment,0,STERLING,IL,31,2,Day,Snow,Yard,Single Car,0,8497,0,11848,H302,41.788585,-89.725588,41.5,33.1,26.2
UP,0117NP019,2017-01-21,8:15 AM,Derailment,0,STERLING,CO,30,2,Day,Clear,Yard,Freight Train,0,0,20089,163349,T309,40.641549,-103.191974,31.9,31.4,35.3
BNSF,PR0117112,2017-01-21,8:15 AM,Derailment,0,STERLING,CO,38,1,Dawn,Clear,Main,Freight Train,16,38682,104578,163349,T309,40.651311,-103.184937,31.9,31.4,35.3
NS,118221,2015-10-28,6:00 AM,Derailment,0,STERLING HEIGHTS,MI,50,1,Dawn,Rain,Yard,Light loco(s),6,12684,0,12824,H704,42.56695,-83.039447,50.5,55.4,44.2
CRSH,117973,2015-10-28,6:00 AM,Derailment,0,STERLING HEIGHTS,MI,52,1,Dawn,Rain,Yard,,0,0,140,12824,H704,42.56695,-83.039447,50.5,55.4,44.2
CRSH,115858,2015-05-29,8:30 PM,Derailment,0,STERLING HEIGHTS,MI,75,4,Dark,Cloudy,Yard,Freight Train,4,1217,9859,11076,H702,42.581434,-83.040072,67.1,69.3,67.6
NS,151443,2022-11-05,10:36 PM,Obstruction,0,STEUBENVILLE,OH,56,4,Dark,Clear,Main,Freight Train,34,1269303,320000,1589303,M404,40.431083,-80.61498,61.1,67.9,68.6
NS,133402,2019-03-30,10:30 AM,Derailment,0,STEUBENVILLE,OH,62,2,Day,Clear,Siding,Freight Train,9,252105,157547,409652,T111,40.374827,-80.611406,55,58.9,33.3
WC,963713,2018-06-24,5:45 PM,Rear end collision,0,STEVENS POINT,WI,75,2,Day,Clear,Yard,Yard/switching,0,4500,0,57063,H702,44.512958,-89.563293,65.8,68.6,64.4
WC,845809,2015-04-03,2:00 AM,Other impacts,0,STEVENS POINT,WI,42,4,Dark,Clear,Yard,Yard/switching,4,11557,113,11670,H302,44.512985,-89.557011,55.8,35.6,38
WC,1069510,2021-05-07,8:30 AM,Derailment,0,STEVENS POINT,WI,45,2,Day,Cloudy,Yard,Yard/switching,5,12012,90,12102,E21C,44.512583,-89.530026,47.9,41.4,41.1
WC,977949,2018-11-04,4:50 PM,Derailment,0,STEVENS POINT,WI,33,3,Dusk,Rain,Yard,Freight Train,6,19646,263,19909,H601,44.512683,-89.548973,36.4,38.6,39.1
WC,1137000,2023-07-29,1:20 PM,Derailment,0,STEVENS POINT,WI,80,2,Day,Clear,Yard,Freight Train,4,16818,50756,67574,H307,44.513155,-89.552879,72.8,71.8,67.1
WC,1142377,2023-10-17,1:00 PM,Other (describe in narrative),0,STEVENS POINT,WI,60,2,Day,Clear,Yard,Yard/switching,4,12000,0,12000,M204,44.513243,-89.553426,45.3,44.3,53
WC,1029794,2020-03-15,2:25 AM,Derailment,0,STEVENS POINT,WI,22,4,Dark,Clear,Yard,Freight Train,9,36199,103851,140050,T207,44.51257,-89.534204,26.3,26.5,29.5
BNSF,NW0321112,2021-03-29,2:50 PM,Derailment,0,STEVENSON,WA,48,2,Day,Cloudy,Main,Freight Train,23,2500,540979,543479,E61C,45.702544,-121.694742,47.8,44.2,44.3
ELS,20002,2020-12-14,11:00 AM,Derailment,0,STILES,WI,29,2,Day,Clear,Main,Freight Train,10,0,0,0,T101,0,0,25.6,21.9,16
CSX,000188195,2020-02-01,4:53 AM,Derailment,0,STILESBORO,GA,60,4,Dark,Cloudy,Industry,Freight Train,10,13312,6920,20232,M101,34.126841,-84.883052,43,45.2,47.2
CSX,000181527,2019-02-23,12:17 PM,Derailment,0,STILESBORO,GA,50,2,Day,Cloudy,Industry,Freight Train,9,11375,10723,22098,M101,34.126841,-84.883052,51.2,49.7,53.7
UP,1116TC003,2016-11-08,1:25 AM,Obstruction,0,STILLWATER,MN,44,4,Dark,Cloudy,Main,Freight Train,18,124197,5980,130177,M404,44.991107,-92.77741,53.5,46,43.8
WC,1003236,2019-06-25,2:10 AM,Other (describe in narrative),0,STINNETT,WI,55,4,Dark,Clear,Siding,Single Car,4,2232,12772,15004,E08C,46.041548,-91.650289,62,64.8,68.5
NS,116602,2015-07-20,1:30 AM,Derailment,0,STOBO,PA,75,4,Dark,Clear,Yard,Yard/switching,5,82045,165402,247447,M405,40.672361,-80.251826,79.5,76.7,73.7
NS,113488,2014-12-16,5:15 PM,Derailment,0,STOBO,PA,34,3,Dusk,Clear,Yard,Yard/switching,6,42925,82099,125024,T110,40.672361,-80.251826,43.2,43.8,34.8
HRRC,0315,2015-09-29,1:59 PM,Derailment,0,STOCK BRIDGE,MA,72,2,Day,Cloudy,Main,Freight Train,18,40000,35000,75000,M405,42.2875,-73.3208,50.3,49.6,51.8
HRRC,0219,2019-07-17,5:23 PM,Derailment,0,STOCK BRIDGE,MA,92,2,Day,Clear,Main,Freight Train,10,1846,23206,25052,E29C,42.300087,-73.332886,54,49.3,49.6
NS,146341,2022-08-30,2:00 PM,Obstruction,0,STOCKERTOWN,PA,82,2,Day,Clear,Yard,Freight Train,4,0,25760,25760,M402,40.753918,-75.273327,79,78,72.4
IC,1040738,2020-07-02,5:44 AM,Obstruction,0,STONEFORT,IL,88,1,Dawn,Rain,Main,Freight Train,30,10700,0,10700,M404,37.650488,-88.696799,72.6,76.9,80
MDS,16042001,2016-04-20,9:45 AM,Derailment,0,STONEWALL,MS,59,2,Day,Clear,Main,Freight Train,7,49000,35000,84000,E65C,32.138892,-88.798044,63.5,69.6,67.2
NS,151243,2022-10-21,12:15 PM,Hwy-rail crossing,0,STONINGTON,IL,70,2,Day,Clear,Main,Freight Train,58,26390,74020,100410,M308,39.63937,-89.191372,47.8,59.8,65.8
ATK,177968,2024-01-13,2:32 PM,Obstruction,0,STONINGTON,CT,53,2,Day,Cloudy,Main,Passenger Train - Pulling,0,13760,0,13760,M403,41.344929,-71.954042,42.3,48.4,36.3
CSX,000193634,2020-11-02,2:49 AM,Obstruction,0,STONY CREEK,VA,39,4,Dark,Clear,Main,Freight Train,50,15276,0,15276,M404,36.878193,-77.427593,50.3,43.1,46.2
ATK,181191,2024-07-16,6:00 PM,Obstruction,0,STONY POINT,NY,0,2,Day,Rain,Main,Passenger Train - Pulling,75,15500,0,15500,M404,42.509933,-73.70235,81.1,82.7,78.5
CSX,000171122,2017-08-21,2:47 PM,Hwy-rail crossing,0,STOW,OH,87,2,Day,Clear,Main,Freight Train,18,15000,32,15032,M302,41.136659,-81.395882,74,80.3,78.3
CSX,000181714,2019-03-06,4:11 PM,Derailment,0,STOYSTOWN,PA,10,3,Dusk,Snow,Industry,Freight Train,8,39484,30000,69484,T221,40.065382,-78.936975,11.6,11.5,19.3
ATK,157398,2019-01-30,4:57 PM,Obstruction,0,STRAFFORD,PA,10,4,Dark,Snow,Main,Passenger Train - Pulling,70,13630,4471,18101,T499,40.044696,-75.377542,29.8,17.9,8
UP,0819HL008,2019-08-06,7:13 PM,Derailment,0,STRASBURG,MO,84,3,Dusk,Clear,Main,Freight Train,33,200,44016,44216,H504,38.758127,-94.125216,78.1,81.2,74.7
UP,0916KC008,2016-09-12,9:31 AM,Hwy-rail crossing,0,STRATFORD,TX,75,2,Day,Clear,Main,Freight Train,43,5210,56785,61995,M302,36.23534,-102.238331,71.5,77.4,62.8
MNCW,2016071608,2016-07-16,7:28 AM,Other (describe in narrative),0,STRATFORD,CT,77,2,Day,Clear,Main,EMU,65,100000,4000,104000,T404,41.184961,-73.156594,81.9,80.5,80.8
MNCW,2017012913,2017-01-29,7:43 AM,Other (describe in narrative),0,STRATFORD,CT,39,4,Dark,Cloudy,Main,EMU,45,24442,1500,25942,T404,41.193205,-73.132882,37.8,39.2,32.4
MNN,MNN5172021,2021-05-17,3:27 PM,Derailment,0,STRATHCONA,MN,75,2,Day,Clear,Yard,Freight Train,10,15000,0,15000,T102,48.599173,-96.169936,64.6,69.4,68.7
UP,0216FW009,2016-02-13,1:06 PM,Fire/violent rupture,0,STRAWN,TX,70,2,Day,Clear,Main,Freight Train,60,119545,0,119545,E73L,32.550808,-98.493687,54.6,56,59.3
NS,153363,2023-06-15,2:47 AM,Derailment,0,STREATOR,IL,55,4,Dark,Clear,Yard,,0,0,163,13663,H702,41.09805,-88.810772,71.3,71.5,61.9
BNSF,CH0623109,2023-06-15,2:47 AM,Derailment,0,STREATOR,IL,60,4,Dark,Clear,Yard,Freight Train,3,12000,1500,13663,H307,41.09805,-88.810772,71.3,71.5,61.9
BNSF,RD0718206,2018-07-10,4:35 PM,Hwy-rail crossing,0,STREETMAN,TX,90,2,Day,Cloudy,Main,Freight Train,28,30000,1000,31000,M308,31.995626,-96.378804,78.5,79,82.7
WE,170101,2017-09-07,6:46 AM,Derailment,0,STREETSBORO,OH,46,4,Dark,Clear,Industry,Cut of cars,10,7084,5353,12437,H020,41.24602,-81.373795,59.4,55.5,58.9
WE,170027,2017-03-03,1:45 PM,Derailment,0,STREETSBORO,OH,25,2,Day,Snow,Industry,Yard/switching,8,10443,11352,21795,T110,41.257186,-81.387466,29.9,23.1,23.1
UP,1115FW006,2015-11-07,10:30 AM,Derailment,0,STRINGTOWN,OK,63,2,Day,Clear,Industry,Freight Train,5,18138,5440,23578,T202,34.476458,-96.05022,59.4,56.2,50.9
UP,1115FW006,2015-11-07,10:30 AM,Derailment,0,STRINGTOWN,OK,63,2,Day,Clear,Industry,Cut of cars,0,0,0,23578,T202,34.476458,-96.05022,59.4,56.2,50.9
MQT,MQT178516A,2016-12-19,10:00 PM,Other (describe in narrative),0,STRONACH,MI,19,4,Dark,Clear,Main,Freight Train,19,24166,0,24166,E74L,44.210289,-86.26791,14.1,16.8,31.3
NS,132813,2019-02-12,6:40 AM,Hwy-rail crossing,0,STRYKER,OH,26,1,Dawn,Sleet,Main,Freight Train,55,28,12000,12028,M303,41.502981,-84.414345,27,31.7,23.8
BNSF,MT0918107,2018-09-17,10:30 PM,Derailment,0,STRYKER,MT,47,4,Dark,Cloudy,Siding,Freight Train,10,35000,13500,48500,T207,48.565632,-114.955355,53.1,51.7,51.9
FEC,D69112116,2016-11-21,4:23 PM,Derailment,0,STUART,FL,75,2,Day,Clear,Main,Maint./inspect Car,7,1500,9265,10765,H997,26.9722,-80.095009,66.1,63.1,67.6
FEC,D72121716,2016-12-17,5:27 PM,Other (describe in narrative),0,STUART,FL,75,4,Dark,Clear,Main,Freight Train,49,10745,228892,239637,E53C,27.130177,-80.16984,74.8,77.5,78.7
FEC,X04031516,2016-03-15,3:15 AM,Hwy-rail crossing,0,STUART,FL,73,4,Dark,Clear,Main,Freight Train,54,5083,6877,11960,M308,27.145696,-80.197752,79.2,79.4,74.6
NS,157697,2024-08-12,8:03 PM,Hwy-rail crossing,0,STUARTS DRAFT,VA,73,4,Dark,Clear,Main,Freight Train,50,3000,10000,13000,M303,38.023578,-79.026576,69.7,69.7,68.6