reportingrailroadcode,accidentnumber,date,time,accidenttype,hazmatreleasedcars,station,stateabbr,temperature,visibility_code,visibility,weathercondition,tracktype,equipmenttype,trainspeed,equipmentdamagecost,trackdamagecost,totaldamagecost,primaryaccidentcausecode,latitude,longitude,prior_temp,actual_temp,following_temp
RCPE,RCP506723D,2023-08-16,3:37 PM,Derailment,0,STURGIS,SD,90,2,Day,Clear,Siding,Cut of cars,0,60000,15000,75000,M501,44.416547,-103.530211,71.1,76.7,70.9
MSO,10292014,2014-10-29,12:10 PM,Derailment,0,STURGIS,MI,45,2,Day,Cloudy,Main,Freight Train,8,11516,9088,20604,T113,41.789069,-85.553601,58.8,42.2,44.7
ATK,137791,2015-06-12,9:24 AM,Hwy-rail crossing,0,STURTEVANT,WI,57,2,Day,Rain,Main,Passenger Train - Pulling,79,220678,0,220778,M308,42.669027,-87.905496,59.1,55.6,61.6
CP,1000245632,2015-06-12,9:24 AM,Hwy-rail crossing,0,STURTEVANT,WI,57,2,Day,Rain,Main,,0,0,100,220778,M308,42.669027,-87.905496,59.1,55.6,61.6
UP,0524MA033,2024-05-24,6:25 PM,Derailment,0,STUTTGART,AR,76,3,Dusk,Rain,Main,Freight Train,44,3243710,306121,3549831,M105,34.556924,-91.482794,73.5,76.9,78
UP,0523MA024,2023-05-16,3:30 PM,Derailment,0,STUTTGART,AR,84,2,Day,Clear,Yard,Yard/switching,7,1172,25864,27036,H704,34.513061,-91.53919,80.6,76.9,71.3
UP,0622MA029,2022-06-20,11:47 AM,Derailment,0,STUTTGART,AR,88,2,Day,Clear,Main,Freight Train,9,255796,195500,451296,T399,34.507872,-91.54594,77.8,82.5,85.6
ATK,156403,2018-11-21,7:25 PM,Other (describe in narrative),0,STUYVESANT,NY,29,4,Dark,Snow,Main,Passenger Train - Pulling,100,19575,0,19575,E33C,42.384403,-73.785473,34,29.2,11.3
CVR,CVR00044F,2024-02-01,5:32 AM,Derailment,0,SUBLETTE,KS,39,4,Dark,Fog,Main,Freight Train,10,50000,13350,63350,T102,37.487955,-100.82914,46.7,49.8,41.3
BNSF,RD0723207,2023-07-31,11:10 AM,Hwy-rail crossing,1,SUDAN,TX,90,2,Day,Clear,Main,Freight Train,55,516223,549042,1065265,M302,34.021209,-102.461743,82.1,82.4,83.8
NJTR,202309372,2023-09-11,9:03 AM,Derailment,0,SUFFERN,NY,70,2,Day,Clear,Yard,Commuter Train - Pulling,7,16556,0,16556,T314,41.118557,-74.158095,72.1,74.1,73.4
NJTR,202209361,2022-09-09,6:58 PM,Derailment,0,SUFFERN,NY,65,3,Dusk,Clear,Yard,Commuter Train - Pulling,5,30328,5110,35438,T314,41.12232,-74.160914,69.6,69,71.4
ATK,180454,2024-05-31,6:36 AM,Obstruction,0,SUFFOLK,VA,59,2,Day,Clear,Main,Passenger Train - Pulling,73,53277,0,53277,M404,36.73844,-76.51235,67.7,65,66.3
NS,131434,2018-10-25,7:54 PM,Hwy-rail crossing,0,SUFFOLK,VA,46,3,Dusk,Clear,Main,,0,0,28175,34519,M308,36.727143,-76.579374,51.2,46,48.1
CWRY,CWR206718,2018-05-07,2:49 PM,Derailment,0,SUFFOLK,VA,64,2,Day,Clear,Main,Freight Train,22,190000,162170,352170,T221,36.823725,-76.468283,67.9,61.2,58.4
ATK,155988,2018-10-25,7:54 PM,Hwy-rail crossing,0,SUFFOLK,VA,46,4,Dark,Clear,Main,Passenger Train - Pulling,77,6344,0,34519,M308,36.727168,-76.579445,51.2,46,48.1
NS,134873,2019-07-25,11:25 AM,Other impacts,0,SUFFOLK,VA,81,2,Day,Clear,Main,Spec. MoW Equip.,0,0,0,14000,H997,36.729496,-76.565424,72.8,74.4,74.2
CSX,000182803,2019-05-06,11:40 AM,Hwy-rail crossing,0,SUFFOLK,VA,70,2,Day,Clear,Main,Freight Train,35,11361,0,11361,M302,36.751542,-76.521603,71.4,63.3,65.5
NS,156911,2024-05-31,6:40 AM,Obstruction,0,SUFFOLK,VA,67,1,Dawn,Clear,Main,,0,0,0,53277,M404,36.73995,-76.503388,67.7,65,66.3
NS,123833,2017-02-04,6:50 AM,Derailment,0,SUFFOLK,VA,28,1,Dawn,Clear,Main,Freight Train,48,2204242,769984,2974226,T308,36.725348,-76.589996,39.3,33,39.8
CWRY,CWR519819,2019-12-02,11:50 AM,Derailment,0,SUFFOLK,VA,45,2,Day,Cloudy,Industry,Freight Train,2,0,12000,12000,T110,36.776939,-76.54213,52.7,45.6,43.8
EIRR,220823001,2022-08-23,2:20 PM,Hwy-rail crossing,0,SUGAR CITY,ID,88,2,Day,Clear,Main,Freight Train,41,7000,142909,149909,M302,43.883697,-111.744456,71.8,72.5,72.7
BNSF,CH0620102,2020-06-07,3:03 AM,Derailment,0,SUGAR CREEK,MO,76,4,Dark,Clear,Main,Freight Train,10,271348,600000,871348,H607,39.116789,-94.46417,84.3,84.1,83.5
BNSF,CH1216118,2016-12-30,9:20 PM,Obstruction,0,SUGAR CREEK,MO,34,4,Dark,Clear,Main,Freight Train,55,5200,102700,107900,M402,39.1552,-94.398776,40.9,42.1,39.1
UP,0922HO008,2022-09-08,9:40 AM,Derailment,0,SUGAR LAND,TX,77,2,Day,Clear,Yard,Yard/switching,7,9980,134685,144665,M405,29.626398,-95.604793,78.8,79.7,80.2
UP,0818HO036,2018-08-13,11:40 AM,Derailment,0,SUGAR LAND,TX,97,2,Day,Clear,Main,,0,0,426137,433683,E03C,29.622205,-95.625661,84.8,86.4,86.2
KCS,18081301,2018-08-13,11:43 AM,Derailment,0,SUGAR LAND,TX,100,2,Day,Clear,Main,Freight Train,47,7546,0,433683,T102,29.622205,-95.625661,84.8,86.4,86.2
INRD,644280,2021-09-21,2:00 AM,Derailment,0,SULLIVAN,IN,70,4,Dark,Cloudy,Industry,Freight Train,5,114000,24000,138000,T110,39.069661,-87.4886,74.2,68.7,57.1
UP,1222GC025,2022-12-30,10:15 AM,Derailment,0,SULPHUR,LA,64,2,Day,Cloudy,Siding,Freight Train,5,5806,34824,40630,H306,30.237409,-93.40228,69.3,65.2,62.2
UP,0320GC008,2020-03-07,6:10 PM,Derailment,0,SULPHUR,LA,59,3,Dusk,Clear,Yard,Freight Train,4,31018,0,31018,H303,30.237198,-93.438884,58.2,54,59.2
UP,0623GC032,2023-06-26,9:30 PM,Other impacts,0,SULPHUR,LA,83,4,Dark,Clear,Yard,Cut of cars,2,13865,0,16530,H021,30.15974,-93.342488,86,85.5,85.8
CPKC,23080503,2023-08-05,9:26 PM,Other (describe in narrative),0,SULPHUR,LA,82,4,Dark,Clear,Yard,Yard/switching,9,22771,0,64613,M501,30.239739,-93.269235,87.8,87.5,87.6
UP,0623GC032,2023-06-26,9:30 PM,Other impacts,0,SULPHUR,LA,83,4,Dark,Clear,Yard,Yard/switching,3,632,2033,16530,H021,30.15974,-93.342488,86,85.5,85.8
UP,0522GC006,2022-05-03,8:50 AM,Other impacts,0,SULPHUR,LA,74,2,Day,Clear,Industry,Single Car,0,18452,0,22710,H307,30.191025,-93.331954,76.8,78.4,78.5
UP,0522GC006,2022-05-03,8:50 AM,Other impacts,0,SULPHUR,LA,74,2,Day,Clear,Industry,Yard/switching,4,4258,0,22710,H307,30.191025,-93.331954,76.8,78.4,78.5
CPKC,23080503,2023-08-05,9:26 PM,Other (describe in narrative),0,SULPHUR,LA,82,4,Dark,Clear,Yard,Cut of cars,0,41842,0,64613,M501,30.239739,-93.269235,87.8,87.5,87.6
UP,1018LV031,2018-10-28,1:00 PM,Other impacts,0,SULPHUR,LA,78,2,Day,Clear,Yard,Single Car,4,14914,0,20474,H318,30.229728,-93.296376,64.1,70.1,70.6
UP,0524GC005,2024-05-03,1:25 PM,Other impacts,0,SULPHUR,LA,67,2,Day,Rain,Yard,Freight Train,5,25639,0,25639,H999,30.237232,-93.463592,74.4,71.6,74.8
BLR,11092015,2015-11-09,9:30 PM,Derailment,0,SULPHUR SPRINGS,TX,56,4,Dark,Clear,Siding,Yard/switching,0,111788,500000,611788,E08C,33.145904,-95.514688,55,56.7,64.4
BLR,053017,2017-05-30,5:00 PM,Derailment,0,SULPHUR SPRINGS,TX,95,2,Day,Cloudy,Yard,Freight Train,10,68000,5000,73000,T202,33.150154,-95.568615,75,75,77
BNSF,NW1121109,2021-11-16,1:43 PM,Derailment,0,SUMAS,WA,40,2,Day,Rain,Yard,Cut of cars,0,272697,30000,302697,M103,48.999646,-122.266456,49,40.3,37.1
BNSF,NW1218115,2018-12-18,3:30 PM,Derailment,0,SUMAS,WA,45,2,Day,Cloudy,Yard,Freight Train,5,23465,2000,25465,T221,48.995791,-122.279834,49,47,46.2
BNSF,NW0218108,2018-02-20,5:20 PM,Head on collision,0,SUMAS,WA,28,3,Dusk,Cloudy,Industry,Yard/switching,4,112407,4000,116407,H702,48.997214,-122.276134,28.4,29.2,26.8
NS,135743,2019-10-07,12:30 PM,Hwy-rail crossing,0,SUMMERVILLE,SC,76,2,Day,Cloudy,Main,Freight Train,48,3148,14000,17148,M308,33.040782,-80.213091,71.5,70.6,74.1
IC,1067476,2021-04-14,11:16 AM,Other (describe in narrative),0,SUMMIT,MS,70,2,Day,Rain,Main,Freight Train,40,89342,0,89342,M199,31.325205,-90.450269,60.7,59.8,65.1
BRC,13582,2015-05-28,4:40 PM,Derailment,0,SUMMIT,IL,84,2,Day,Clear,Industry,Freight Train,4,2964,14565,17529,T111,41.768974,-87.800623,70.6,72.3,76.7
NS,152814,2023-04-14,9:35 AM,Hwy-rail crossing,0,SUMMITVILLE,IN,65,2,Day,Clear,Main,Freight Train,36,67023,64389,131412,M308,40.339197,-85.644163,65.7,64.3,69.5
BNSF,NW0620111,2020-06-20,6:10 AM,Obstruction,0,SUMNER,WA,50,1,Dawn,Cloudy,Main,Freight Train,35,6000,70000,76000,M402,47.247464,-122.228992,67.2,63.6,62.2
BNSF,RD0720201,2020-07-09,1:42 PM,Hwy-rail crossing,0,SUMNER,OK,89,2,Day,Clear,Main,Freight Train,33,30000,100,30100,M302,36.309618,-97.085779,85,83.9,78.2
BNSF,SW1022201,2022-10-03,3:27 PM,Hwy-rail crossing,0,SUN CITY,AZ,90,2,Day,Clear,Main,Freight Train,40,800,35000,35800,M302,33.597736,-112.271868,85.7,82.6,80.2
NS,144456,2022-02-19,6:07 PM,Derailment,0,SUNBRIGHT,TN,28,3,Dusk,Clear,Main,Freight Train,34,51420,13428,64848,E32C,36.295552,-84.638577,34,32.9,39.2
LI,EQ20180401,2018-04-13,4:37 PM,Other impacts,0,SUNNY SIDE,NY,62,2,Day,Clear,Main,Passenger Train - Pulling,30,24262,9695,33957,M599,40.748661,-73.926223,52.3,67.4,61.4
LI,68457,2018-09-08,9:42 AM,Obstruction,0,SUNNY SIDE,NY,77,2,Day,Clear,Main,EMU,60,0,14878,14878,M404,40.74854,-73.927373,74.4,68.6,61
CWA,17041401,2017-04-14,11:00 AM,Raking collision,0,SUNNYSIDE,WA,58,2,Day,Clear,Industry,Yard/switching,5,31659,0,31659,H018,46.301625,-120.015331,47.9,42.3,42.6
CWA,16011401,2016-01-14,11:34 AM,Derailment,0,SUNNYSIDE,WA,34,2,Day,Cloudy,Yard,Yard/switching,7,750,41580,42330,T110,46.310463,-120.028394,31.3,32.9,33.6
TXNW,TXNW150608,2015-06-08,1:20 PM,Derailment,0,SUNRAY,TX,78,2,Day,Clear,Yard,Yard/switching,5,50000,5000,55000,H306,36.007778,-101.900733,72.8,71.7,75.8
TXNW,TXNW201130,2020-11-30,6:30 PM,Derailment,0,SUNRAY,TX,37,4,Dark,Clear,Yard,Yard/switching,5,99542,350,99892,H018,35.998837,-101.884832,35.6,34.6,39.3
TXNW,TXNW210505,2021-05-05,9:00 PM,Derailment,0,SUNRAY,TX,55,3,Dusk,Clear,Yard,Freight Train,3,0,40000,40000,T111,36.006479,-101.885771,52.6,59.9,64.1
BNSF,TC0723106,2023-07-24,12:05 PM,Derailment,0,SUPERIOR,WI,75,2,Day,Cloudy,Yard,Yard/switching,5,61805,3000,64805,H318,46.708111,-92.113233,68.8,64.7,65.8
BNSF,TC0323108,2023-03-13,10:30 PM,Derailment,0,SUPERIOR,WI,15,4,Dark,Cloudy,Yard,Yard/switching,5,1599,10000,11599,M404,46.722465,-92.112444,26.4,18.4,17
UP,1218GL021,2018-12-14,10:00 AM,Other impacts,0,SUPERIOR,WI,30,2,Day,Clear,Yard,Yard/switching,5,14383,1057,89972,H021,46.661583,-92.004868,28.6,29.8,29.8
BNSF,TC1221111,2021-12-28,10:10 PM,Derailment,0,SUPERIOR,WI,0,4,Dark,Clear,Yard,Yard/switching,3,47306,30046,77352,H020,46.72211,-92.112458,20.7,10.9,3.3
UP,0823GL050,2023-08-30,9:30 PM,Other impacts,0,SUPERIOR,WI,64,4,Dark,Clear,Yard,Freight Train,2,102981,6240,109221,H307,46.681169,-92.018752,63.7,59.1,60.3
UP,0323GL029,2023-03-27,3:30 AM,Derailment,0,SUPERIOR,WI,29,4,Dark,Cloudy,Main,,0,0,10734,24734,H503,46.729284,-92.107119,33.2,29.7,21
UP,0520GL017,2020-05-20,4:59 PM,Derailment,0,SUPERIOR,WI,50,2,Day,Clear,Yard,Yard/switching,2,318,1663,40765,M405,46.679489,-92.013305,46.2,48.4,50.6
UP,1223GL002,2023-12-06,11:40 AM,Derailment,0,SUPERIOR,WI,35,2,Day,Cloudy,Yard,,0,0,128645,140382,H506,46.677976,-92.012436,30.3,30.8,34.3
BNSF,TC0917110,2017-09-25,3:50 AM,Derailment,0,SUPERIOR,WI,65,4,Dark,Cloudy,Yard,Freight Train,9,3000,230656,233656,H704,46.653133,-92.06004,65.3,59.8,55.9
UP,0120GL009,2020-01-11,3:52 PM,Derailment,0,SUPERIOR,WI,16,2,Day,Snow,Yard,Yard/switching,2,52612,300,52912,M101,46.65356,-92.001725,13.3,8.5,18.2
WC,965388,2018-07-09,5:30 AM,Derailment,0,SUPERIOR,WI,70,1,Dawn,Clear,Yard,Freight Train,8,224915,174236,399151,T220,46.641072,-92.134606,76.9,74.4,69.3
UP,1218GL021,2018-12-14,10:00 AM,Other impacts,1,SUPERIOR,WI,30,2,Day,Clear,Yard,Single Car,5,74532,0,89972,H021,46.661583,-92.004868,28.6,29.8,29.8
UP,1016TC008,2016-10-24,10:45 PM,Derailment,1,SUPERIOR,WI,30,4,Dark,Clear,Yard,Freight Train,9,556,0,80556,T220,46.637479,-92.108293,47.2,41.2,40.4
WC,1142170,2023-12-06,11:01 AM,Derailment,0,SUPERIOR,WI,35,2,Day,Cloudy,Yard,Freight Train,8,11737,0,140382,H506,46.677976,-92.012436,30.3,30.8,34.3
BNSF,TC0517101,2017-05-06,1:15 AM,Derailment,0,SUPERIOR,WI,38,4,Dark,Clear,Yard,Freight Train,7,61068,30000,91068,H704,46.693285,-92.111793,40.2,41.2,40.7
BNSF,TC0117126,2017-01-24,8:05 PM,Derailment,0,SUPERIOR,WI,33,4,Dark,Cloudy,Yard,,0,0,380947,388787,E40C,46.728594,-92.109002,35.5,32.9,30.1
BNSF,TC0120114,2020-01-17,8:30 AM,Derailment,0,SUPERIOR,WI,4,1,Dawn,Clear,Yard,Yard/switching,5,1200,21318,22518,E35C,46.726895,-92.111632,-5.9,6.8,20.3
BNSF,TC0820110,2020-08-22,9:40 PM,Derailment,0,SUPERIOR,WI,68,4,Dark,Cloudy,Yard,Yard/switching,7,500,16044,16544,H607,46.70999,-92.113312,62.8,65.2,65
BNSF,TC0121102,2021-01-04,6:10 PM,Derailment,0,SUPERIOR,WI,25,3,Dusk,Cloudy,Yard,Light loco(s),5,250,18000,18250,H307,46.720911,-92.113986,21.7,27.4,22.3
UP,0616TC010,2016-06-26,9:02 AM,Derailment,0,SUPERIOR,WI,75,2,Day,Clear,Yard,,0,0,70563,94663,H525,46.679489,-92.013305,62.2,71.1,62.3
UP,0619GL015,2019-06-12,12:40 PM,Hwy-rail crossing,0,SUPERIOR,WI,64,2,Day,Clear,Main,Freight Train,25,56958,0,56958,M303,46.589611,-91.907263,56.6,57.2,57
WC,961512,2018-06-02,3:57 PM,Derailment,0,SUPERIOR,WI,39,2,Day,Rain,Main,Freight Train,28,200,13513,13713,H220,46.65312,-92.016581,44.7,41.7,53.2
BNSF,TC0817103,2017-08-06,5:30 AM,Other impacts,0,SUPERIOR,WI,60,1,Dawn,Clear,Yard,Yard/switching,3,28133,0,28133,H317,46.717926,-92.113357,65.5,62.7,67.8
BNSF,TC0417101,2017-04-04,3:50 AM,Derailment,0,SUPERIOR,WI,39,4,Dark,Fog,Yard,Yard/switching,4,13478,6000,19478,E0HC,46.721089,-92.112544,39.6,45,39.5
WC,1091596,2022-01-02,8:10 PM,Other (describe in narrative),0,SUPERIOR,WI,-3,4,Dark,Clear,Main,Light loco(s),3,0,15000,15000,H702,46.65194,-92.157028,-8.9,-7.7,5.4
UP,0119GL062,2019-01-29,9:00 PM,Other (describe in narrative),0,SUPERIOR,WI,-36,4,Dark,Clear,Yard,Freight Train,0,21282,0,21282,M199,46.67427,-92.01001,6.7,-12.9,-19.6
UP,0823GL050,2023-08-30,9:30 PM,Other impacts,0,SUPERIOR,WI,64,4,Dark,Clear,Yard,Cut of cars,0,0,0,109221,H307,46.681169,-92.018752,63.7,59.1,60.3
BNSF,TC0417116,2017-04-29,6:35 AM,Derailment,0,SUPERIOR,WI,29,1,Dawn,Clear,Yard,Freight Train,9,56950,210000,266950,E69C,46.655297,-92.057439,38.8,37.5,38.7
BNSF,TC0124105,2024-01-09,7:55 PM,Derailment,0,SUPERIOR,WI,-5,3,Dusk,Clear,Yard,Yard/switching,5,1500,258327,259827,H704,46.708589,-92.047156,22.2,29.2,26.1
BNSF,TC0323142,2023-03-29,4:45 AM,Derailment,0,SUPERIOR,WI,3,1,Dawn,Clear,Yard,Yard/switching,3,31357,150000,181357,H019,46.70808,-92.113321,21,18,22.4
UP,1116TC004,2016-11-08,6:15 PM,Derailment,0,SUPERIOR,WI,50,4,Dark,Clear,Yard,Yard/switching,4,17519,3456,20975,E65C,46.679489,-92.013305,55.4,47,46.9
UP,0520GL017,2020-05-20,4:59 PM,Derailment,0,SUPERIOR,WI,50,2,Day,Clear,Yard,Cut of cars,0,38784,0,40765,M405,46.679489,-92.013305,46.2,48.4,50.6
BNSF,PR0719106,2019-07-09,3:05 AM,Derailment,0,SUPERIOR,NE,70,4,Dark,Rain,Main,Freight Train,6,950000,158000,1108000,M103,40.037262,-98.159102,77.8,77.9,75.4
CP,1000502394,2017-01-24,8:05 PM,Derailment,0,SUPERIOR,WI,32,4,Dark,Cloudy,Yard,Yard/switching,10,6458,1382,388787,E40C,46.727088,-92.084272,35.5,32.9,30.1
MRL,2022011,2022-02-08,9:50 PM,Derailment,0,SUPERIOR,MT,28,4,Dark,Clear,Main,Freight Train,14,10000,340000,350000,T111,47.032279,-114.755642,30.4,30.8,34.3
BNSF,TC1221108,2021-12-25,5:00 AM,Derailment,0,SUPERIOR,WI,25,1,Dawn,Cloudy,Yard,Yard/switching,5,1000,149171,150171,T102,46.666497,-92.043538,32,14.2,22.2
BNSF,TC1016116,2016-10-31,5:10 PM,Derailment,0,SUPERIOR,WI,55,3,Dusk,Cloudy,Yard,Yard/switching,8,18600,20000,38600,T399,46.705263,-92.112999,42.7,47,52.6
BNSF,TC1119101,2019-11-02,4:20 AM,Derailment,0,SUPERIOR,WI,30,1,Dawn,Cloudy,Yard,Freight Train,4,75000,1000,76000,T210,46.659498,-92.052128,32.2,32.4,32
WC,892755,2016-06-26,9:02 AM,Derailment,0,SUPERIOR,WI,80,2,Day,Clear,Yard,Freight Train,5,24100,0,94663,T113,46.679489,-92.013305,62.2,71.1,62.3
WC,1129159,2023-03-27,1:30 AM,Derailment,0,SUPERIOR,WI,10,4,Dark,Clear,Yard,Freight Train,7,14000,0,24734,T113,44.513237,-89.53434,33.2,29.7,21
BNSF,TC0216102,2016-02-01,1:39 PM,Derailment,0,SUPERIOR,WI,34,2,Day,Cloudy,Industry,Yard/switching,4,800,10000,10800,T308,46.737771,-92.10286,31.6,29.8,25.9
UP,0416TC005,2016-04-25,9:59 PM,Derailment,0,SUPERIOR,WI,35,4,Dark,Rain,Yard,Yard/switching,10,117663,190001,307664,T210,46.67095,-92.008663,37.1,36.4,37.6
WC,966595,2018-07-19,3:30 AM,Derailment,1,SUPERIOR,WI,50,4,Dark,Clear,Yard,Freight Train,6,574488,46807,621295,T202,46.649708,-92.150956,66.7,63.7,64
BNSF,TC1016112,2016-10-24,11:00 PM,Derailment,0,SUPERIOR,WI,35,4,Dark,Clear,Yard,Freight Train,0,0,80000,80556,T207,46.637479,-92.108293,47.2,41.2,40.4
UP,0619GL021,2019-06-18,4:00 PM,Derailment,0,SUPERIOR,WI,58,2,Day,Cloudy,Yard,Yard/switching,5,18873,43104,106977,T111,46.681223,-92.019351,47.6,51.1,54.6
NS,143266,2021-10-25,8:45 PM,Derailment,0,SURGOINSVILLE,TN,60,4,Dark,Rain,Industry,Freight Train,8,10600,8871,19471,T110,36.501084,-82.789664,59.1,58.3,49.7
BNSF,MT0723103,2023-07-14,12:50 PM,Derailment,0,SURREY,ND,78,2,Day,Clear,Yard,Yard/switching,5,25809,27791,53600,H306,48.238271,-101.160974,70.1,69.2,64.2
UP,0419GP050,2019-04-27,10:26 PM,Fire/violent rupture,0,SUTHERLAND,NE,51,4,Dark,Clear,Main,Freight Train,40,326281,0,326281,E73L,41.173181,-101.205524,55.8,49.2,46.6
UP,0617NP020,2017-06-13,3:15 PM,Derailment,0,SUTHERLAND,NE,87,2,Day,Clear,Main,Freight Train,6,3078,502592,505670,T109,41.171035,-101.23249,79.2,78.5,71.7
UP,0620GP021,2020-06-24,3:30 PM,Derailment,0,SUTHERLAND,NE,91,2,Day,Clear,Main,Freight Train,35,589903,533759,1123662,T108,41.160325,-101.062872,68.4,73.9,77
UP,0718NP007,2018-07-05,10:33 AM,Derailment,0,SUTHERLAND,NE,71,2,Day,Clear,Industry,Freight Train,4,13933,30276,44209,T112,41.158692,-101.098859,79,74.9,74.8
ATK,171642,2022-07-06,6:43 AM,Hwy-rail crossing,0,SUTTON,NE,70,1,Dawn,Cloudy,Main,Passenger Train - Pulling,76,22004,0,22004,M303,40.62263,-97.8245,82.1,76.6,75.2
BNSF,PR0722202,2022-07-06,6:48 AM,Hwy-rail crossing,0,SUTTON,NE,80,1,Dawn,Clear,Main,,0,0,0,22004,M302,40.62263,-97.8245,82.1,76.6,75.2
NS,157383,2024-07-12,4:42 PM,Derailment,0,SUWANEE,GA,91,3,Dusk,Clear,Main,Freight Train,43,12850,110000,122850,M505,34.057757,-84.065896,79.1,81.2,82.8
NS,134239,2019-06-06,10:15 PM,Obstruction,0,SWANTON,OH,60,4,Dark,Clear,Main,Freight Train,58,1062574,581964,1644538,M402,41.588555,-83.890856,73.7,65,67.4
CSX,000144874,2015-04-15,3:40 AM,Derailment,0,SWANTON,MD,40,4,Dark,Cloudy,Main,Freight Train,12,91798,350,92148,M599,39.471928,-79.194837,59.1,54,54.3
TPW,TPW115622R,2022-05-15,11:45 AM,Derailment,0,SWAYZEE,IN,85,2,Day,Clear,Main,Freight Train,10,120000,0,177242,T109,40.516083,-85.772458,68.9,68.1,63.2
CERA,CER087522D,2022-05-15,11:45 AM,Derailment,0,SWAYZEE,IN,85,2,Day,Clear,Main,Freight Train,0,0,57242,177242,T109,40.516083,-85.772458,68.9,68.1,63.2
UP,0818HO015,2018-08-10,10:04 PM,Other (describe in narrative),0,SWEENY,TX,83,4,Dark,Cloudy,Main,,0,0,13930,13930,H607,29.030887,-95.761095,82,82.4,79.8
BNSF,RD0818117,2018-08-10,10:04 PM,Other (describe in narrative),0,SWEENY,TX,87,4,Dark,Clear,Main,Light loco(s),3,0,0,13930,H607,29.030887,-95.761095,82,82.4,79.8
UP,0418HO022,2018-04-13,4:00 AM,Side collision,0,SWEENY,TX,73,4,Dark,Cloudy,Industry,Freight Train,6,7503,0,132663,H307,29.034559,-95.737728,71.1,76.4,61.6
BNSF,MT0923104,2023-09-12,2:00 PM,Derailment,0,SWEETGRASS,MT,65,2,Day,Clear,Industry,Freight Train,10,10473,20000,30473,T314,48.994217,-111.956002,61.9,64.3,61.3
BNSF,MT0722101,2022-07-02,2:12 AM,Derailment,0,SWEETGRASS,MT,57,4,Dark,Clear,Main,Freight Train,9,48238,41985,90223,T204,48.99843,-111.959045,62.9,61,53.9
BNSF,RD0317105,2017-03-04,7:30 PM,Derailment,0,SWEETWATER,TX,64,3,Dusk,Clear,Yard,Freight Train,4,76878,4000,80878,E25C,32.506202,-100.396188,52,54.9,64.1
BNSF,GC1015111,2015-10-26,11:00 AM,Derailment,0,SWEETWATER,TX,70,2,Day,Clear,Yard,Yard/switching,6,25000,250,25250,H607,32.503312,-100.398649,55.8,55.9,64.1
BNSF,GC1115105,2015-11-11,2:20 AM,Derailment,0,SWEETWATER,TX,65,4,Dark,Cloudy,Main,Freight Train,14,11753,40000,51753,H607,32.506035,-100.392986,63.9,63.8,52.8
NS,156255,2024-04-04,3:00 PM,Hwy-rail crossing,0,SWEETWATER,TN,52,2,Day,Cloudy,Main,Freight Train,45,59,9665,9724,M302,35.598621,-84.462936,55.4,47.9,45
BNSF,RD0819131,2019-08-23,9:25 AM,Derailment,0,SWEETWATER,TX,98,2,Day,Clear,Yard,Freight Train,7,18971,50000,68971,H607,32.503439,-100.398371,84.6,78.4,80.1
BNSF,RD1022132,2022-10-31,5:30 PM,Derailment,0,SWEETWATER,TX,72,3,Dusk,Clear,Yard,,0,0,91390,128348,T216,32.474869,-100.41387,59,61.7,62.7
TXOR,LSI103122,2022-10-31,5:30 PM,Derailment,0,SWEETWATER,TX,72,3,Dusk,Clear,Yard,Freight Train,8,36958,0,128348,T216,32.2827,-100.245,59,61.7,62.7
BNSF,GC0316105,2016-03-04,6:00 PM,Derailment,0,SWEETWATER,TX,60,3,Dusk,Clear,Yard,Freight Train,10,36370,2600,38970,H307,32.509123,-100.402889,60.5,60.5,62.6
UP,0623TO009,2023-06-06,4:57 PM,Derailment,0,SWEETWATER,TX,82,2,Day,Clear,Main,Freight Train,19,170477,165656,336133,H518,32.486381,-100.363318,69.2,74.1,75.8
UP,0318FW019,2018-03-14,1:50 PM,Hwy-rail crossing,0,SWEETWATER,TX,69,2,Day,Clear,Main,Freight Train,47,49734,300,50034,M302,32.525858,-100.275968,50.9,53.8,62.5
BNSF,RD0520121,2020-05-24,3:50 AM,Derailment,0,SWEETWATER,TX,64,4,Dark,Clear,Yard,Freight Train,5,17716,5784,23500,H307,32.504627,-100.397768,80,73.7,67.7
BNSF,RD0721119,2021-07-15,6:20 PM,Other impacts,0,SWEETWATER,TX,88,3,Dusk,Clear,Yard,Freight Train,8,17496,0,17496,H020,32.502239,-100.381152,79.2,81.5,82.1
BNSF,RD0521102,2021-05-02,11:50 AM,Derailment,0,SWEETWATER,TX,91,2,Day,Clear,Yard,Freight Train,7,95663,111322,206985,E64C,32.497922,-100.400722,64.4,70.5,70.3
TXOR,LSI102120,2019-10-21,5:30 PM,Derailment,0,SWEETWATER,TX,75,3,Dusk,Clear,Yard,Freight Train,9,1213333,0,1233333,T110,32.497495,-100.400911,72.4,61,60.9
BNSF,RD1019113,2019-10-21,5:30 PM,Derailment,0,SWEETWATER,TX,75,3,Dusk,Clear,Yard,Freight Train,0,0,20000,1233333,T108,32.497495,-100.400911,72.4,61,60.9
CBR,12152023,2023-12-15,3:00 AM,Derailment,0,SWISSHOME,OR,45,4,Dark,Rain,Main,Freight Train,10,45000,140000,185000,T222,44.049154,-123.762956,46.4,46.1,45.1
BB,2020D0713,2020-07-13,4:30 PM,Derailment,0,SWOOPE,VA,86,2,Day,Clear,Siding,Freight Train,5,18000,20000,38000,E46C,38.142556,-79.121401,71.4,73.3,74.8