reportingrailroadcode,accidentnumber,date,time,accidenttype,hazmatreleasedcars,station,stateabbr,temperature,visibility_code,visibility,weathercondition,tracktype,equipmenttype,trainspeed,equipmentdamagecost,trackdamagecost,totaldamagecost,primaryaccidentcausecode,latitude,longitude,prior_temp,actual_temp,following_temp
NS,119524,2016-02-27,9:05 PM,Derailment,0,SYCAMORE,GA,48,4,Dark,Clear,Main,Freight Train,10,560,12000,12560,H222,31.666196,-83.633657,47,46.7,52.2
NS,116393,2015-07-06,1:10 PM,Hwy-rail crossing,0,SYCAMORE,GA,80,2,Day,Clear,Main,Freight Train,45,3666,17969,21635,M303,31.671281,-83.636218,75.1,77.6,80.6
NS,143784,2021-12-17,7:30 AM,Derailment,0,SYCAMORE,GA,60,1,Dawn,Cloudy,Main,Freight Train,20,963872,560293,1524165,E65C,31.676087,-83.638642,62.5,66,70.1
EARY,EAR495523D,2023-08-08,3:30 PM,Derailment,0,SYCAMORE,AL,95,2,Day,Clear,Main,Freight Train,8,100000,25000,125000,T220,33.289191,-86.190992,80.8,73.5,77
EARY,EAR167323,2023-06-26,4:45 PM,Derailment,0,SYCAMORE,AL,90,2,Day,Clear,Main,Freight Train,9,26000,31150,57150,T201,33.167676,-86.307771,76.9,78.8,79.7
WE,180058,2018-06-18,8:25 PM,Derailment,0,SYCAMORE,OH,85,2,Day,Clear,Main,Freight Train,26,337560,667105,1004665,T106,40.95917,-83.271655,82,84.5,76.5
CSX,000151464,2015-08-30,7:33 AM,Derailment,0,SYKESVILLE,MD,68,1,Dawn,Clear,Main,Freight Train,21,62549,1005,63554,H503,39.357537,-76.960444,73.6,76.1,78.9
EARY,EAR071522,2022-12-14,4:45 PM,Derailment,0,SYLACAUGA,AL,60,2,Day,Rain,Main,Freight Train,8,191000,20000,211000,T220,33.204314,-86.210835,55.4,57,47.6
EARY,EAR481423D,2023-07-24,11:30 AM,Derailment,0,SYLACAUGA,AL,89,2,Day,Clear,Siding,Yard/switching,7,1000,13875,14875,T314,33.168016,-86.292183,78,77.1,78.3
LI,EQ20170405,2017-04-16,7:47 PM,Other impacts,0,SYOSSET,NY,64,4,Dark,Clear,Main,EMU,35,27502,6500,34002,E85C,40.824043,-73.501928,51.3,65.7,67.3
UP,0222RM019,2022-02-18,9:55 PM,Derailment,0,SYRACUSE,UT,42,4,Dark,Clear,Main,Freight Train,49,35910,88708,124618,E62C,40.726622,-113.475547,30.3,36,40.1
CSX,000211590,2023-05-27,2:30 AM,Other impacts,0,SYRACUSE,NY,70,4,Dark,Clear,Industry,Cut of cars,4,31000,0,66667,H302,43.051528,-76.180904,56,61.8,66.2
CSX,000211590,2023-05-27,2:30 AM,Other impacts,0,SYRACUSE,NY,70,4,Dark,Clear,Industry,Freight Train,4,35667,0,66667,H302,43.051528,-76.180904,56,61.8,66.2
NYSW,150110A,2015-01-10,9:33 AM,Derailment,0,SYRACUSE,NY,15,2,Day,Clear,Main,Freight Train,3,6996,105000,111996,M204,43.048548,-76.16053,18.3,11.7,22.2
CSX,000218820,2024-06-21,4:00 PM,Derailment,0,SYRACUSE,NY,70,2,Day,Clear,Industry,Cut of cars,10,12085,477,12562,M501,43.088648,-76.14344,83,80.2,78.6
NYSW,180602A,2018-06-02,2:20 PM,Derailment,0,SYRACUSE,NY,77,2,Day,Cloudy,Industry,Freight Train,10,46523,0,81038,E35C,43.061348,-76.192285,74.2,66,60.6
CSX,000176738,2018-06-02,2:20 PM,Derailment,0,SYRACUSE,NY,67,2,Day,Clear,Industry,,0,0,34515,81038,E35C,43.061348,-76.192285,74.2,66,60.6
CSX,000207919,2022-10-20,1:30 AM,Derailment,0,SYRACUSE,NY,41,4,Dark,Rain,Industry,Freight Train,4,16380,96,16476,T112,43.087235,-76.124076,42.1,44.7,51.4
BNSF,NW0419118,2019-04-23,12:02 AM,Derailment,0,TACOMA,WA,52,4,Dark,Clear,Yard,Yard/switching,4,187999,0,187999,H312,47.242372,-122.424263,48.8,53.7,50.6
BNSF,NW0420108,2020-04-17,5:00 PM,Derailment,0,TACOMA,WA,61,3,Dusk,Cloudy,Yard,Freight Train,3,69983,0,69983,H503,47.257902,-122.389262,54.4,53.5,50.8
BNSF,NW0921112,2021-09-14,1:15 PM,Derailment,0,TACOMA,WA,70,2,Day,Clear,Industry,Freight Train,6,53000,0,54850,H514,47.261929,-122.396282,58.9,59.2,57.6
BNSF,NW1122108,2022-11-05,1:10 AM,Derailment,0,TACOMA,WA,45,4,Dark,Clear,Yard,Yard/switching,7,61353,65000,126353,H307,47.243422,-122.41121,52.4,45.7,41.8
TMBL,02082020A,2020-02-08,6:20 PM,Side collision,0,TACOMA,WA,50,4,Dark,Cloudy,Yard,Yard/switching,8,15000,0,63500,H310,47.247734,-122.386653,47.5,42.3,38.4
TMBL,03292022A,2022-03-29,1:00 PM,Derailment,0,TACOMA,WA,55,2,Day,Clear,Yard,,0,0,35558,57384,H514,47.261873,-122.396707,51.8,49.1,48
BNSF,NW1220114,2020-12-24,1:38 AM,Derailment,0,TACOMA,WA,28,4,Dark,Fog,Yard,Yard/switching,8,14623,7745,22368,H607,47.243647,-122.414047,33.7,33.4,38.7
BNSF,NW1122121,2022-11-29,10:45 AM,Rear end collision,0,TACOMA,WA,32,2,Day,Snow,Main,Single Car,8,15000,0,15000,H997,47.243549,-122.434198,37.5,35.5,37.5
BNSF,NW0723101,2023-07-02,11:11 AM,Derailment,0,TACOMA,WA,80,2,Day,Clear,Yard,Light loco(s),5,13386,1500,14886,H307,47.243282,-122.410475,64.7,67.1,67.4
TMBL,03252018A,2018-03-25,9:58 AM,Other impacts,0,TACOMA,WA,39,2,Day,Clear,Yard,Light loco(s),4,30000,0,60000,H306,47.145355,-122.233974,40.4,42.7,42.8
TMBL,02082020A,2020-02-08,6:20 PM,Side collision,0,TACOMA,WA,50,4,Dark,Cloudy,Yard,Single Car,0,48500,0,63500,H310,47.247734,-122.386653,47.5,42.3,38.4
BNSF,NW0922104,2022-09-02,3:09 PM,Derailment,0,TACOMA,WA,84,2,Day,Clear,Yard,Freight Train,8,0,65000,65000,H307,47.24364,-122.413939,65.3,65.6,64.4
BNSF,NW0322117,2022-03-29,1:00 PM,Derailment,0,TACOMA,WA,55,2,Day,Clear,Yard,Freight Train,7,21826,0,57384,H514,47.261873,-122.396707,51.8,49.1,48
BNSF,NW0720105,2020-07-13,5:40 AM,Derailment,0,TACOMA,WA,57,1,Dawn,Clear,Yard,Light loco(s),5,14438,2000,16438,H704,47.241874,-122.428309,62.2,62.6,64.9
BNSF,NW0119109,2019-01-21,4:02 PM,Derailment,0,TACOMA,WA,38,2,Day,Clear,Yard,Freight Train,7,16441,10000,26441,H307,47.243405,-122.410883,40.8,39.3,42.9
TMBL,09142021A,2021-09-14,1:15 PM,Derailment,0,TACOMA,WA,70,2,Day,Clear,Industry,,0,0,1850,54850,H514,47.261929,-122.396282,58.9,59.2,57.6
BNSF,NW0923113,2023-09-20,1:26 AM,Derailment,0,TACOMA,WA,48,4,Dark,Cloudy,Yard,Yard/switching,7,726,28500,29226,H307,47.241563,-122.430488,57.8,55.6,55.5
TMBL,04172020A,2020-04-17,5:00 PM,Derailment,0,TACOMA,WA,61,3,Dusk,Cloudy,Yard,,0,0,0,69983,H503,47.257902,-122.389262,54.4,53.5,50.8
BNSF,NW1019116,2019-10-24,10:30 PM,Derailment,0,TACOMA,WA,53,4,Dark,Clear,Industry,Freight Train,8,113170,0,113170,T212,47.2711,-122.451342,48.3,49,50.2
TMBL,04222016A,2016-04-22,9:02 AM,Derailment,0,TACOMA,WA,55,2,Day,Cloudy,Yard,Yard/switching,2,56000,500,56500,H504,47.271466,-122.384737,60.1,55.3,53.2
UP,0720PN010,2020-07-09,9:05 PM,Hwy-rail crossing,0,TACOMA,WA,70,4,Dark,Clear,Yard,Freight Train,3,122767,0,122767,M308,47.251461,-122.404882,61.7,61.5,61.3
BNSF,NW0718116,2018-07-13,11:51 PM,Derailment,0,TACOMA,WA,70,4,Dark,Clear,Yard,Yard/switching,10,1500,17500,19000,H306,47.243654,-122.414404,71.7,71.1,69.7
BNSF,NW0423101,2023-04-08,1:40 AM,Other impacts,0,TACOMA,WA,42,4,Dark,Cloudy,Yard,Yard/switching,4,56020,0,56020,H318,47.243582,-122.413736,50,48.4,50.3
BNSF,NW1222116,2022-12-21,6:45 PM,Derailment,0,TACOMA,WA,21,3,Dusk,Clear,Yard,Yard/switching,3,15777,6000,21777,H306,47.249185,-122.427243,35.1,27.2,23.2
TMBL,04302019A,2019-04-30,2:55 AM,Raking collision,0,TACOMA,WA,42,4,Dark,Cloudy,Yard,Yard/switching,4,1000,0,41000,H306,47.24921,-122.3961,52.4,52.5,51
BNSF,NW1122121,2022-11-29,10:45 AM,Rear end collision,0,TACOMA,WA,32,2,Day,Snow,Main,Freight Train,0,0,0,15000,H997,47.243549,-122.434198,37.5,35.5,37.5
TMBL,10132023A,2023-10-13,3:45 AM,Derailment,0,TACOMA,WA,55,4,Dark,Cloudy,Yard,Yard/switching,6,25000,0,25000,H503,47.248522,-122.452181,56.2,55.7,57
TMBL,04302019A,2019-04-30,2:55 AM,Raking collision,0,TACOMA,WA,42,4,Dark,Cloudy,Yard,Yard/switching,0,40000,0,41000,H306,47.24921,-122.3916,52.4,52.5,51
BNSF,NW0323105,2023-03-08,2:30 AM,Derailment,0,TACOMA,WA,35,4,Dark,Clear,Yard,Yard/switching,6,17222,15000,32222,H307,47.243797,-122.416764,39.9,38.1,40.5
TMBL,08242022A,2022-08-24,2:00 PM,Derailment,0,TACOMA,WA,85,2,Day,Clear,Yard,,0,0,0,35380,M505,47.261783,-122.396973,67.5,71.8,71.4
BNSF,NW1021101,2021-10-02,7:00 PM,Derailment,0,TACOMA,WA,60,3,Dusk,Clear,Yard,Freight Train,5,13738,17000,30738,H607,47.24306,-122.416681,53.8,52.3,52.9
BNSF,NW0923109,2023-09-12,4:40 PM,Derailment,0,TACOMA,WA,68,2,Day,Clear,Yard,Freight Train,7,40552,8389,48941,H526,47.24316,-122.409982,64.2,60.2,63.7
TMBL,03242016A,2016-03-24,1:45 AM,Side collision,0,TACOMA,WA,43,4,Dark,Rain,Yard,Cut of cars,8,26750,0,48692,H318,47.248746,-122.389803,47.8,45.4,46.8
TMBL,03242016A,2016-03-24,1:45 AM,Side collision,0,TACOMA,WA,43,4,Dark,Rain,Yard,Cut of cars,2,21942,0,48692,H318,47.248746,-122.389803,47.8,45.4,46.8
BNSF,NW1016106,2016-10-09,4:59 AM,Other impacts,0,TACOMA,WA,52,1,Dawn,Rain,Yard,Yard/switching,4,269,0,12369,H318,47.243718,-122.415115,57.3,52,49.2
BNSF,NW0418115,2018-04-25,11:40 AM,Derailment,0,TACOMA,WA,65,2,Day,Clear,Yard,Freight Train,4,22381,18500,40881,H503,47.241692,-122.427092,59.7,59.8,62
TMBL,06302015A,2015-06-30,8:00 AM,Hwy-rail crossing,0,TACOMA,WA,70,2,Day,Clear,Yard,Yard/switching,7,14846,0,14846,M304,47.257464,-122.360685,71.4,70.2,73.5
UP,0616PD001,2016-06-01,3:00 PM,Derailment,0,TACOMA,WA,72,2,Day,Cloudy,Industry,Light loco(s),2,17294,899,18193,H303,47.275605,-122.465548,64.5,63.6,61.2
TMBL,03142016A,2016-03-14,1:45 AM,Side collision,0,TACOMA,WA,50,4,Dark,Rain,Yard,Yard/switching,3,27711,0,39902,H306,47.273439,-122.390253,43.9,41.1,42
TMBL,01032017A,2017-01-03,8:55 AM,Hwy-rail crossing,0,TACOMA,WA,29,2,Day,Clear,Yard,Yard/switching,7,22743,0,22743,M304,47.261911,-122.395961,32.4,28.9,32.1
ATK,140062,2015-11-17,3:42 PM,Obstruction,0,TACOMA,WA,40,2,Day,Clear,Main,Passenger Train - Pulling,69,30629,0,30629,M404,47.23598,-122.395747,41.6,51.3,44.6
BNSF,NW1016106,2016-10-09,4:59 AM,Other impacts,0,TACOMA,WA,52,1,Dawn,Rain,Yard,Yard/switching,4,12100,0,12369,H318,47.243718,-122.415115,57.3,52,49.2
TMBL,11082016A,2016-11-08,1:23 AM,Side collision,0,TACOMA,WA,51,4,Dark,Clear,Yard,Single Car,1,11000,0,11985,H310,47.251919,-122.401061,52.9,55.4,56.1
BNSF,NW1115100,2015-11-05,4:00 AM,Derailment,0,TACOMA,WA,53,1,Dawn,Rain,Yard,Yard/switching,6,15245,2300,17545,H312,47.242317,-122.424824,44.4,48.6,51.5
UP,0815PD017,2015-08-28,10:30 AM,Side collision,0,TACOMA,WA,65,2,Day,Clear,Yard,Yard/switching,2,80000,15434,120434,H607,47.246149,-122.434781,70.3,66.9,64.3
TMBL,04212017A,2017-04-21,4:15 AM,Hwy-rail crossing,0,TACOMA,WA,45,4,Dark,Clear,Yard,Yard/switching,10,29600,0,29600,M302,47.151155,-122.24896,48.1,51.5,52.7
TMBL,04052017A,2017-04-05,9:20 AM,Side collision,0,TACOMA,WA,48,2,Day,Rain,Yard,Yard/switching,0,5000,0,50000,H210,47.252817,-122.402084,48.6,48.8,51.1
BNSF,NW1015106,2015-10-15,5:00 PM,Derailment,0,TACOMA,WA,66,2,Day,Clear,Main,Freight Train,1,35000,0,35000,H514,47.245938,-122.434741,52,54.8,55.4
BNSF,NW0815121,2015-08-28,10:30 AM,Side collision,0,TACOMA,WA,65,2,Day,Clear,Yard,Yard/switching,6,25000,0,120434,H607,47.246149,-122.434781,70.3,66.9,64.3
TMBL,11082016A,2016-11-08,1:23 AM,Side collision,0,TACOMA,WA,51,4,Dark,Clear,Yard,Yard/switching,1,985,0,11985,H310,47.251919,-122.401061,52.9,55.4,56.1
TMBL,04302016A,2016-04-30,2:30 AM,Derailment,0,TACOMA,WA,45,4,Dark,Clear,Yard,,0,0,500,41228,H503,47.260775,-122.398707,52.3,54.4,61.1
TMBL,04052017A,2017-04-05,9:20 AM,Side collision,0,TACOMA,WA,48,2,Day,Rain,Yard,Yard/switching,2,45000,0,50000,H210,47.252817,-122.402084,48.6,48.8,51.1
TMBL,03142016A,2016-03-14,1:45 AM,Side collision,0,TACOMA,WA,50,4,Dark,Rain,Industry,Cut of cars,0,12191,0,39902,H306,47.273439,-122.390253,43.9,41.1,42
BNSF,NW0416120,2016-04-30,2:30 AM,Derailment,0,TACOMA,WA,45,4,Dark,Clear,Yard,Freight Train,5,40728,0,41228,H503,47.260775,-122.398707,52.3,54.4,61.1
BNSF,NW1214111,2014-12-15,12:40 AM,Derailment,0,TACOMA,WA,32,4,Dark,Clear,Yard,Freight Train,4,13117,1000,14117,H607,46.894916,-122.8625,40.9,45,44.2
BNSF,NW1115118,2015-11-17,3:42 PM,Obstruction,0,TACOMA,WA,40,2,Day,Clear,Main,,0,0,0,30629,M404,47.23598,-122.395747,41.6,51.3,44.6
BNSF,NW1021126,2021-10-29,8:55 PM,Derailment,0,TACOMA,WA,50,3,Dusk,Clear,Yard,Yard/switching,6,23001,65000,88001,T205,47.251943,-122.421993,53.5,47.4,44.5
TMBL,11232016A,2016-11-23,6:05 AM,Derailment,0,TACOMA,WA,42,4,Dark,Rain,Industry,Yard/switching,8,7000,69000,84000,T210,47.268805,-122.408624,46.9,44.7,46.9
BNSF,NW0815101,2015-08-06,12:10 AM,Derailment,0,TACOMA,WA,59,4,Dark,Clear,Yard,Yard/switching,7,14996,1000,15996,T207,47.24183,-122.428103,63.2,65.9,68.4
BNSF,NW0822117,2022-08-24,2:00 PM,Derailment,0,TACOMA,WA,85,2,Day,Clear,Yard,Freight Train,7,35380,0,35380,T403,47.261783,-122.396973,67.5,71.8,71.4
BNSF,NW1014117,2014-10-31,5:40 PM,Derailment,0,TACOMA,WA,55,2,Day,Cloudy,Industry,Yard/switching,8,12001,1000,13001,T110,47.24323,-122.41416,54,50.6,48.9
BNSF,NW0222120,2022-02-26,8:15 PM,Derailment,0,TACOMA,WA,41,3,Dusk,Cloudy,Yard,Yard/switching,2,26283,2500,28783,T207,47.260286,-122.440533,34.2,36.5,46.7
TMBL,11232016A,2016-11-23,6:05 AM,Derailment,0,TACOMA,WA,42,4,Dark,Rain,Industry,Single Car,0,8000,0,84000,T210,47.268805,-122.408624,46.9,44.7,46.9
UP,0819GC047,2019-08-29,5:00 PM,Hwy-rail crossing,0,TAFT,TX,94,2,Day,Clear,Main,Freight Train,40,231,18249,18480,M302,28.056156,-97.496466,85.5,86,85.5
CFRC,19018,2019-01-18,7:56 PM,Obstruction,0,TAFT,FL,64,4,Dark,Clear,Main,Passenger Train - Pulling,57,4000,18855,22855,M402,28.45816,-81.36698,57.6,61.8,64.6
CSX,000194173,2020-11-22,3:00 AM,Derailment,0,TALBOTTON,GA,54,4,Dark,Cloudy,Main,Freight Train,25,25076,3848,28924,E54C,32.660558,-84.53204,59.6,60.1,54.8
CSX,000179817,2018-11-13,4:25 AM,Derailment,0,TALBOTTON,GA,50,4,Dark,Rain,Industry,Freight Train,7,18583,0,37568,M101,32.642905,-84.501179,49.5,52,50.9
CSX,000179817,2018-11-13,4:25 AM,Derailment,0,TALBOTTON,GA,50,4,Dark,Rain,Industry,Cut of cars,0,18888,97,37568,M101,32.642905,-84.501179,49.5,52,50.9
CSX,000193558,2020-10-30,3:12 AM,Raking collision,0,TALBOTTON,GA,52,4,Dark,Cloudy,Siding,Freight Train,4,0,0,23750,M299,32.67426,-84.536305,75.5,56.5,57.7
CSX,000193558,2020-10-30,3:12 AM,Raking collision,0,TALBOTTON,GA,52,4,Dark,Cloudy,Siding,Freight Train,0,23750,0,23750,M299,32.67426,-84.536305,75.5,56.5,57.7
EARY,EAR653820,2020-08-29,3:16 PM,Derailment,0,TALLADEGA,AL,90,2,Day,Clear,Main,,0,0,110607,271991,T220,33.430648,-86.110167,77.9,79.3,78.8
CSX,000175343,2018-03-21,4:00 PM,Derailment,0,TALLADEGA,AL,43,2,Day,Clear,Industry,Freight Train,7,152773,2991,155764,M204,33.438552,-86.099871,54.4,45.2,46
EARY,EAR727315,2015-07-07,4:37 AM,Derailment,0,TALLADEGA,AL,82,4,Dark,Clear,Main,,0,0,74370,75829,M599,33.436384,-86.108909,78.5,80.7,82.2
CSX,000148928,2015-07-07,4:37 AM,Derailment,0,TALLADEGA,AL,74,4,Dark,Clear,Main,Freight Train,6,1459,0,75829,H503,33.436384,-86.108909,78.5,80.7,82.2
CSX,000196511,2021-03-23,3:00 AM,Derailment,0,TALLADEGA,AL,55,4,Dark,Cloudy,Industry,Freight Train,8,40288,1321,141609,T211,33.430221,-86.111309,58.6,61.6,65.4
CSX,000192345,2020-08-29,3:16 PM,Derailment,0,TALLADEGA,AL,90,2,Day,Clear,Siding,Freight Train,10,161384,0,271991,T220,33.438552,-86.09987,77.9,79.3,78.8
EARY,EAR754321,2021-03-23,2:00 AM,Derailment,0,TALLADEGA,AL,55,4,Dark,Clear,Main,Freight Train,8,0,100000,141609,T201,33.430221,-86.111309,58.6,61.6,65.4
EARY,EAR096423,2023-02-01,12:00 PM,Derailment,0,TALLADEGA,AL,49,2,Day,Cloudy,Main,Freight Train,7,166319,60000,226319,T201,33.274883,-86.208889,45.3,33.9,31.2
CSX,000162327,2016-08-22,5:45 PM,Derailment,0,TALLAHASSEE,FL,88,2,Day,Clear,Main,Freight Train,27,25091,146,25237,E33C,30.43669,-84.158147,80.7,84.7,85
NS,151859,2022-12-29,8:40 PM,Hwy-rail crossing,0,TALLAPOOSA,GA,54,4,Dark,Clear,Main,Freight Train,35,0,21212,21212,M303,33.744189,-85.287434,41,55.8,55.2
NS,127180,2017-10-26,6:25 AM,Hwy-rail crossing,0,TALLAPOOSA,GA,40,1,Dawn,Clear,Main,Freight Train,26,5092,21845,26937,M303,33.744173,-85.287306,48.8,50.4,57.2
KCS,15072702,2015-07-27,9:50 AM,Derailment,0,TALLULAH,LA,94,2,Day,Clear,Main,Freight Train,5,7980,3701,11681,E53C,32.392657,-91.154148,83.6,84.9,85.1
KCS,21080201,2021-08-02,8:51 AM,Derailment,0,TALLULAH,LA,90,2,Day,Fog,Main,Freight Train,10,1086,401748,402834,E53C,32.45909,-91.522185,84.5,79,81.6
DSRR,001,2016-01-04,11:45 AM,Derailment,0,TALLULAH,LA,39,2,Day,Clear,Main,Yard/switching,7,15000,0,15000,T101,0,0,46.3,39.1,37.9
CSX,000165183,2016-12-13,11:02 AM,Other impacts,0,TALMO,GA,49,2,Day,Rain,Main,Light loco(s),14,35000,0,60000,M101,34.183919,-83.741884,47.8,46.7,48.1
TXPF,11262014,2014-11-26,12:05 AM,Derailment,0,TALPA,TX,40,4,Dark,Clear,Main,Freight Train,22,600000,300000,900000,T202,31.773891,-99.682679,45.9,50.2,46.7
UP,0120GL026,2020-01-25,4:05 AM,Fire/violent rupture,0,TAMA,IA,28,1,Dawn,Clear,Main,Freight Train,30,18288,0,18288,E73L,41.961766,-92.579762,30.4,28.8,25.8
RBMN,R11292301,2023-11-29,4:15 PM,Derailment,0,TAMAQUA,PA,27,2,Day,Clear,Main,Freight Train,7,3174,21296,24470,T221,40.808149,-75.942459,29.9,27,36.5
RBMN,R08172301,2023-08-17,9:15 PM,Derailment,0,TAMAQUA,PA,65,4,Dark,Clear,Yard,Freight Train,3,1684,15174,16858,T110,40.781043,-75.961357,71,72.5,68.9
BNSF,HL1020103,2020-10-02,4:01 AM,Derailment,0,TAMORA,NE,37,1,Dawn,Clear,Industry,Freight Train,7,92638,0,92638,T314,40.894536,-97.236639,50.1,48.9,49.6
CSX,000212727,2023-08-07,2:15 AM,Other impacts,0,TAMPA,FL,91,4,Dark,Clear,Yard,Freight Train,10,5612,1064,61620,H306,27.955863,-82.38963,86,86.9,88.1
ATK,148207,2017-06-30,1:53 PM,Hwy-rail crossing,0,TAMPA,FL,93,2,Day,Clear,Main,Passenger Train - Pulling,75,706,0,15644,M304,27.965973,-82.365002,83.1,83,81.9
CSX,000164968,2016-12-06,11:00 AM,Derailment,0,TAMPA,FL,75,2,Day,Clear,Yard,Yard/switching,4,15658,2740,18398,H702,27.955841,-82.389523,75.6,75.1,68.5
CSX,000177522,2018-07-11,1:38 PM,Other impacts,0,TAMPA,FL,91,2,Day,Clear,Yard,Yard/switching,3,11078,418,16553,H018,27.955841,-82.389523,83,82.9,82.8
CSX,000177522,2018-07-11,1:38 PM,Other impacts,0,TAMPA,FL,91,2,Day,Clear,Yard,Cut of cars,0,5057,0,16553,H018,27.955841,-82.389523,83,82.9,82.8
CSX,000212727,2023-08-07,2:15 AM,Other impacts,0,TAMPA,FL,91,4,Dark,Clear,Yard,Cut of cars,0,54944,0,61620,H306,27.955863,-82.38963,86,86.9,88.1
CSX,000193198,2020-10-12,7:30 AM,Derailment,0,TAMPA,FL,75,1,Dawn,Clear,Yard,Freight Train,8,14075,163,14238,T211,27.955841,-82.389523,81.5,79.9,79.9
CSX,000205492,2022-06-10,10:40 PM,Derailment,0,TAMPA,FL,74,4,Dark,Cloudy,Industry,Yard/switching,7,3623,30047,33670,H303,27.963885,-82.37263,83.8,83.5,80.4
CSX,000209176,2023-01-08,5:30 PM,Other impacts,0,TAMPA,FL,78,3,Dusk,Clear,Yard,Cut of cars,1,22167,0,49306,H318,27.955863,-82.38963,58,62.5,64.1
CSX,000170004,2017-06-30,1:53 PM,Hwy-rail crossing,0,TAMPA,FL,93,2,Day,Clear,Main,,0,0,14938,15644,M304,27.965972,-82.365002,83.1,83,81.9
CSX,000207442,2022-09-08,9:00 PM,Other impacts,0,TAMPA,FL,86,4,Dark,Cloudy,Yard,Cut of cars,4,614,0,46629,H318,27.955863,-82.38963,84.4,78.4,79.1
CSX,000209176,2023-01-08,5:30 PM,Other impacts,0,TAMPA,FL,78,3,Dusk,Clear,Yard,Single Car,3,27139,0,49306,H318,27.955863,-82.38963,58,62.5,64.1
CSX,000207442,2022-09-08,9:00 PM,Other impacts,0,TAMPA,FL,86,4,Dark,Cloudy,Yard,Single Car,4,46015,0,46629,H318,27.955863,-82.38963,84.4,78.4,79.1
CSX,000215730,2024-01-23,1:20 PM,Derailment,0,TAMPA,FL,80,2,Day,Clear,Main,Yard/switching,8,67916,11771,79687,M101,27.920798,-82.397585,57.5,68.4,73.6
CSX,000212171,2023-07-07,1:10 PM,Hwy-rail crossing,0,TAMPA,FL,95,2,Day,Clear,Main,,0,0,9976,16550,M308,27.966051,-82.365054,86.3,85.9,83.8
ATK,175417,2023-07-07,1:10 PM,Hwy-rail crossing,0,TAMPA,FL,94,2,Day,Clear,Main,Passenger Train - Pulling,73,6574,0,16550,M308,27.966051,-82.365054,86.3,85.9,83.8
CSX,000176625,2018-05-27,8:52 AM,Derailment,0,TAMPA,FL,73,2,Day,Cloudy,Yard,Freight Train,10,213952,23636,237588,T207,27.955841,-82.389523,74.5,77.2,80.4
CSX,000155031,2015-12-07,5:15 AM,Derailment,0,TAMPA,FL,59,4,Dark,Clear,Yard,Freight Train,5,11956,1500,13456,T311,27.955864,-82.395816,71.8,66,64.6
CSX,000194157,2020-11-20,7:50 PM,Derailment,0,TANNER,AL,43,3,Dusk,Clear,Yard,Freight Train,5,21756,22250,44006,T202,34.639436,-86.970082,51.4,53.3,53.7
CSX,000143403,2015-03-21,6:41 AM,Other impacts,0,TARRANT,AL,50,1,Dawn,Cloudy,Yard,Single Car,7,20510,50,30242,H316,33.543695,-86.790082,60.6,58.6,55.1
CSX,000143403,2015-03-21,6:41 AM,Other impacts,0,TARRANT,AL,50,1,Dawn,Cloudy,Yard,Single Car,0,9682,0,30242,H316,33.543695,-86.790082,60.6,58.6,55.1
CSX,000141585,2015-02-17,2:05 AM,Derailment,0,TARRANT CITY,AL,25,4,Dark,Clear,Yard,Cut of cars,6,0,0,366322,H021,33.513495,-86.803837,40.5,28.1,30.2
CSX,000141585,2015-02-17,2:05 AM,Derailment,0,TARRANT CITY,AL,25,4,Dark,Clear,Yard,Yard/switching,8,360008,6314,366322,H021,33.513495,-86.803837,40.5,28.1,30.2
MNCW,79494,2023-04-12,1:50 AM,Derailment,0,TARRYTOWN,NY,66,4,Dark,Clear,Main,Spec. MoW Equip.,2,175000,0,175000,H999,41.072381,-73.865761,59.7,71.1,74.1
MNCW,75349,2021-08-06,10:33 AM,Fire/violent rupture,0,TARRYTOWN,NY,64,2,Day,Cloudy,Main,EMU,0,125337,0,125337,M406,41.076546,-73.864825,70.4,75,75.9
BNSF,RD0423104,2023-04-04,9:00 PM,Derailment,0,TATUM,TX,74,4,Dark,Cloudy,Industry,Light loco(s),5,20000,1500,21500,T111,32.314862,-94.512341,74.9,76.3,68
CSX,000173421,2017-12-13,7:30 AM,Derailment,0,TAUNTON,MA,24,1,Dawn,Cloudy,Main,Freight Train,8,1000,0,490240,T315,41.874542,-71.069209,37.8,25.5,23.2
MCRL,MC171213A,2017-12-13,7:30 AM,Derailment,0,TAUNTON,MA,24,1,Dawn,Cloudy,Main,Freight Train,0,0,489240,490240,T315,41.872457,-71.066804,37.8,25.5,23.2
LSRC,D150423,2015-04-23,11:20 PM,Derailment,0,TAWAS CITY,MI,30,4,Dark,Clear,Main,Freight Train,10,29896,16945,46841,M201,44.26043,-83.528611,35.7,32.7,34
LSRC,D240608,2024-06-08,9:25 PM,Derailment,0,TAWAS CITY,MI,64,3,Dusk,Fog,Yard,Freight Train,8,36384,65065,101449,T399,44.316666,-83.405,59.5,58,56.8
NS,121400,2016-07-25,6:40 PM,Derailment,0,TAYLOR,PA,75,3,Dusk,Cloudy,Yard,Freight Train,5,2000,13191,15191,H503,41.38576,-75.706269,79.7,78.3,77.1
NS,140229,2021-01-11,5:40 PM,Derailment,0,TAYLOR,PA,31,3,Dusk,Clear,Industry,Freight Train,7,79649,0,79649,H303,41.389784,-75.693642,29.8,27.2,31
UP,0515SA006,2015-05-12,11:00 PM,Hwy-rail crossing,0,TAYLOR,TX,67,4,Dark,Cloudy,Main,Freight Train,40,5622,21768,27390,M302,30.557654,-97.452309,71.4,66,66.5