reportingrailroadcode,accidentnumber,date,time,accidenttype,hazmatreleasedcars,station,stateabbr,temperature,visibility_code,visibility,weathercondition,tracktype,equipmenttype,trainspeed,equipmentdamagecost,trackdamagecost,totaldamagecost,primaryaccidentcausecode,latitude,longitude,prior_temp,actual_temp,following_temp
NS,129026,2018-03-31,6:30 PM,Hwy-rail crossing,0,TAYLOR,GA,64,3,Dusk,Clear,Main,Freight Train,40,283,120456,120739,M303,33.734018,-85.010463,63.2,57.5,63.2
NS,130964,2018-09-16,9:20 PM,Derailment,0,TAYLOR,PA,72,4,Dark,Clear,Industry,Freight Train,1,5727,10797,16524,M405,41.392605,-75.685801,70.6,71.1,68.7
UP,1219SX017,2019-12-21,10:07 PM,Derailment,0,TAYLOR,TX,43,4,Dark,Cloudy,Yard,Cut of cars,0,111524,0,278679,H306,30.566816,-97.416033,47.3,48.4,40.6
UP,0522SX033,2022-05-31,9:42 PM,Derailment,0,TAYLOR,TX,86,4,Dark,Cloudy,Main,Freight Train,6,12269,63680,75949,H601,30.566067,-97.431762,82.9,83.9,82.4
UP,1219SX017,2019-12-21,10:07 PM,Derailment,0,TAYLOR,TX,43,4,Dark,Cloudy,Yard,Freight Train,10,164135,3020,278679,H306,30.566816,-97.416033,47.3,48.4,40.6
UP,0619SX007,2019-06-06,4:54 AM,Derailment,0,TAYLOR,TX,71,1,Dawn,Rain,Main,Freight Train,7,289450,211875,501325,M599,30.567489,-97.405886,78.1,76,80.5
UP,1114FW034,2014-11-25,12:48 PM,Hwy-rail crossing,0,TAYLOR,TX,60,2,Day,Clear,Main,,0,0,800,200800,M302,30.771091,-97.435783,52.4,50.1,55.2
ATK,135389,2014-11-25,12:48 PM,Hwy-rail crossing,0,TAYLOR,TX,60,2,Day,Clear,Main,Passenger Train - Pulling,67,200000,0,200800,M302,30.771091,-97.435783,52.4,50.1,55.2
UP,0616SA012,2016-06-14,4:00 AM,Derailment,0,TAYLOR,TX,78,4,Dark,Cloudy,Main,Freight Train,8,20058,321796,341854,M405,30.567672,-97.404366,84.2,84.1,84.9
UP,0616SA013,2016-06-14,11:56 PM,Hwy-rail crossing,0,TAYLOR,TX,85,4,Dark,Clear,Main,Freight Train,32,121,18000,18121,M303,30.55765,-97.452299,84.2,84.1,84.9
BNSF,MT1018103,2018-10-07,11:30 AM,Derailment,0,TAYLOR,ND,30,2,Day,Clear,Industry,Freight Train,7,5295,14000,19295,T319,46.884525,-102.509174,36.7,32.8,35.9
UP,0715SA019,2015-07-26,9:30 AM,Derailment,0,TAYLOR,TX,85,2,Day,Clear,Main,Freight Train,4,13629,23308,36937,T101,30.567556,-97.407072,84.4,84.8,85.8
UP,0522SX032,2022-05-30,3:35 AM,Derailment,0,TAYLOR,TX,77,4,Dark,Cloudy,Yard,Freight Train,5,28803,106560,135363,T314,30.567225,-97.409267,81.9,82.9,83.9
UP,0315SA011,2015-03-20,5:10 AM,Derailment,0,TAYLOR,TX,68,4,Dark,Rain,Yard,Freight Train,6,10169,26038,36207,T314,30.567698,-97.404039,68.8,63.6,57.3
CSX,000203620,2022-03-11,11:30 PM,Derailment,0,TAYLORS,SC,52,4,Dark,Fog,Industry,Freight Train,7,37436,472,37908,T111,34.923173,-82.297928,48.7,52,41.2
BNSF,RD0124110,2024-01-15,5:50 PM,Derailment,0,TEAGUE,TX,-1,3,Dusk,Clear,Yard,Light loco(s),9,45000,154,45154,H702,31.635443,-96.288372,20.5,17.8,20.7
BNSF,RD0324110,2024-03-09,1:12 PM,Other (describe in narrative),0,TEAGUE,TX,72,2,Day,Clear,Yard,Yard/switching,5,800,154,14447,H307,31.647888,-96.296331,65.1,50.2,53.8
BNSF,RD0919124,2019-09-23,7:00 PM,Derailment,0,TEAGUE,TX,84,3,Dusk,Clear,Yard,Cut of cars,0,40475,240685,467062,H503,31.629242,-96.286286,82.4,83.1,82.6
BNSF,RD0324110,2024-03-09,1:12 PM,Other (describe in narrative),0,TEAGUE,TX,72,2,Day,Clear,Yard,Freight Train,0,13493,0,14447,H307,31.647888,-96.296331,65.1,50.2,53.8
BNSF,RD0919124,2019-09-23,7:00 PM,Derailment,0,TEAGUE,TX,84,3,Dusk,Clear,Yard,Freight Train,7,177557,0,467062,H503,31.629242,-96.286286,82.4,83.1,82.6
BNSF,RD1119101,2019-11-01,3:30 AM,Derailment,0,TEAGUE,TX,45,4,Dark,Cloudy,Main,Freight Train,5,7393,163500,185893,H607,31.627244,-96.285931,40.5,44.2,51.9
BNSF,RD0919124,2019-09-23,7:00 PM,Derailment,0,TEAGUE,TX,84,3,Dusk,Clear,Yard,Cut of cars,0,8345,0,467062,H503,31.629242,-96.286286,82.4,83.1,82.6
BNSF,RD1119101,2019-11-01,3:30 AM,Derailment,0,TEAGUE,TX,45,4,Dark,Cloudy,Main,Light loco(s),0,15000,0,185893,H607,31.627244,-96.285931,40.5,44.2,51.9
BNSF,GC0115111,2015-01-28,9:55 PM,Derailment,0,TEAGUE,TX,54,4,Dark,Clear,Yard,Freight Train,3,8601,7200,15801,H307,31.6294,-96.286581,60.5,63.5,60.2
BNSF,RD0621113,2021-06-15,3:03 PM,Derailment,0,TEAGUE,TX,95,2,Day,Clear,Main,Freight Train,5,16998,0,16998,T001,31.597875,-96.274168,85.4,85.3,83.6
BNSF,GC1114107,2014-11-16,8:00 AM,Derailment,0,TEAGUE,TX,45,1,Dawn,Clear,Yard,Freight Train,7,3403,212021,215424,T110,31.637087,-96.289066,41.5,40,34.5
BNSF,RD0822112,2022-08-11,10:30 AM,Derailment,0,TEAGUE,TX,95,2,Day,Clear,Yard,Freight Train,8,26238,42233,68471,T307,31.633603,-96.288477,81.7,84.4,86.3
KCS,20030603,2020-03-06,3:54 PM,Fire/violent rupture,0,TELFENER,TX,70,2,Day,Clear,Main,Freight Train,35,103382,0,103382,E72L,28.851726,-96.890204,62.1,59.2,56.6
UP,0815PD002,2015-08-06,3:25 AM,Fire/violent rupture,0,TELOCASET,OR,55,4,Dark,Clear,Main,Freight Train,35,265503,0,265503,E79L,45.097103,-117.819664,69,63.7,63.6
UP,0720LA037,2020-07-29,6:06 AM,Derailment,1,TEMPE,AZ,90,1,Dawn,Clear,Main,Freight Train,22,559073,8711005,9270078,T220,33.435013,-111.944074,101.4,102.4,103.7
UP,0620LA046,2020-06-26,5:05 PM,Derailment,0,TEMPE,AZ,109,2,Day,Clear,Main,Freight Train,24,90037,16764,106801,T110,33.433706,-111.943939,97.4,96.2,95.8
BNSF,GC0416105,2016-04-10,8:15 AM,Derailment,0,TEMPLE,TX,71,2,Day,Cloudy,Yard,Yard/switching,7,3999,275000,278999,H601,31.108612,-97.348619,63.1,69.1,76.9
BNSF,RD0117121,2017-01-28,10:55 AM,Derailment,0,TEMPLE,TX,55,2,Day,Clear,Yard,Yard/switching,4,52410,23000,75410,E30C,31.111364,-97.349506,42.6,47.9,51.8
UP,1222TO039,2022-12-31,10:40 PM,Derailment,0,TEMPLE,TX,60,4,Dark,Clear,Yard,,0,0,4900,20784,H021,31.074282,-97.343238,53,58.3,62.7
BNSF,RD0622124,2022-06-27,7:35 AM,Derailment,0,TEMPLE,TX,86,1,Dawn,Clear,Yard,Yard/switching,2,83774,217323,301097,H602,31.115833,-97.350146,88.3,85.1,80
BNSF,RD0120115,2020-01-22,9:45 PM,Other (describe in narrative),0,TEMPLE,TX,60,4,Dark,Rain,Main,Freight Train,0,0,14790,14790,H605,31.078836,-97.333693,46.7,46.3,51.1
BNSF,RD0118125,2018-01-26,5:45 PM,Derailment,0,TEMPLE,TX,70,3,Dusk,Clear,Yard,Yard/switching,7,4800,14900,19700,H599,31.099687,-97.349222,49.9,55.8,59.6
BNSF,RD1223112,2023-12-13,1:30 PM,Derailment,0,TEMPLE,TX,65,2,Day,Clear,Yard,Yard/switching,2,41382,1084,42466,M599,31.119347,-97.34973,52.3,52,55.7
BNSF,RD0724122,2024-07-22,7:29 AM,Derailment,0,TEMPLE,TX,80,1,Dawn,Clear,Yard,Freight Train,2,392903,222233,615136,H309,31.027896,-97.308555,81.3,76.9,75.7
BNSF,RD1020118,2020-10-21,5:45 PM,Derailment,0,TEMPLE,TX,75,3,Dusk,Clear,Yard,Yard/switching,3,72641,406102,478743,M409,31.124822,-97.350649,78.4,77,76.8
BNSF,RD0724114,2024-07-14,12:34 AM,Other (describe in narrative),0,TEMPLE,TX,88,4,Dark,Clear,Yard,Yard/switching,5,7000,312,47694,H607,31.120662,-97.349655,81.5,84.3,86.1
BNSF,RD0721109,2021-07-06,7:10 AM,Derailment,0,TEMPLE,TX,78,1,Dawn,Cloudy,Yard,Yard/switching,6,12638,3500,16138,T220,31.106005,-97.349033,77.2,77.9,78.6
BNSF,RD0420115,2020-04-28,3:15 AM,Derailment,0,TEMPLE,TX,62,4,Dark,Clear,Yard,Light loco(s),1,15314,6000,21314,H303,31.095355,-97.351096,72.9,78.6,70.9
BNSF,RD1222132,2022-12-31,10:40 PM,Derailment,0,TEMPLE,TX,52,4,Dark,Clear,Yard,Yard/switching,2,15884,0,20784,H008,31.074095,-97.343333,53,58.3,62.7
BNSF,RD1219105,2019-12-07,1:14 PM,Derailment,0,TEMPLE,TX,70,2,Day,Clear,Yard,Single Car,5,37025,1500,38525,E0HC,31.077502,-97.332894,58.9,51.3,58.7
BNSF,RD1118104,2018-11-08,11:15 AM,Derailment,0,TEMPLE,TX,55,2,Day,Rain,Yard,Yard/switching,5,14882,850,15732,H318,31.109165,-97.349525,68.3,55.7,50.6
BNSF,RD0724114,2024-07-14,12:34 AM,Other (describe in narrative),0,TEMPLE,TX,88,4,Dark,Clear,Yard,Freight Train,0,40382,0,47694,H607,31.120662,-97.349655,81.5,84.3,86.1
BNSF,RD0322103,2022-03-03,8:17 AM,Derailment,0,TEMPLE,TX,60,1,Dawn,Clear,Yard,Freight Train,7,62497,6326,68823,H503,31.120123,-97.349755,57.6,61.2,65.8
BNSF,RD0323127,2023-03-25,5:29 PM,Derailment,0,TEMPLE,TX,70,3,Dusk,Clear,Yard,Yard/switching,6,11200,1946,13146,H019,31.11773,-97.350177,73.4,64.5,64
BNSF,RD0824104,2024-08-03,11:08 AM,Derailment,0,TEMPLE,TX,91,2,Day,Clear,Yard,Yard/switching,4,505752,59092,564844,H019,31.106576,-97.34897,87,85.9,87.3
BNSF,RD0618103,2018-06-04,5:35 AM,Derailment,0,TEMPLE,TX,80,1,Dawn,Clear,Yard,Yard/switching,10,0,17750,17750,H318,31.105236,-97.348898,85.2,78.4,84.9
BNSF,RD0223102,2023-02-01,6:00 PM,Derailment,0,TEMPLE,TX,30,3,Dusk,Sleet,Yard,Light loco(s),3,250,39963,40213,H307,31.095838,-97.349523,27.9,29.3,33.2
BNSF,RD0623133,2023-06-26,1:44 PM,Other (describe in narrative),0,TEMPLE,TX,98,2,Day,Clear,Yard,Yard/switching,3,12571,0,12571,H020,31.116374,-97.350234,89.1,89.2,89.1
BNSF,RD1022127,2022-10-27,9:48 PM,Derailment,0,TEMPLE,TX,70,4,Dark,Cloudy,Main,Freight Train,4,6170,17300,23470,M599,31.087506,-97.338023,58.2,64,59.9
BNSF,RD0517105,2017-05-06,5:45 AM,Derailment,0,TEMPLE,TX,70,4,Dark,Clear,Yard,Yard/switching,0,2645,0,24536,H018,31.104674,-97.348995,65,69.4,72.5
BNSF,RD0218126,2018-02-26,11:48 AM,Other impacts,0,TEMPLE,TX,75,2,Day,Clear,Yard,Yard/switching,0,10667,0,47424,H020,31.1062,-97.348889,54.6,53.9,62.5
BNSF,RD0517105,2017-05-06,5:45 AM,Derailment,0,TEMPLE,TX,70,4,Dark,Clear,Yard,Yard/switching,5,21891,0,24536,H018,31.104674,-97.348995,65,69.4,72.5
BNSF,GC0315110,2015-03-31,6:05 PM,Derailment,0,TEMPLE,TX,70,3,Dusk,Clear,Yard,Light loco(s),10,30000,0,30000,H306,31.102633,-97.34918,68.9,70.9,71.6
BNSF,RD0817100,2017-08-01,3:01 AM,Derailment,0,TEMPLE,TX,80,4,Dark,Clear,Yard,Yard/switching,3,5753,5350,11103,H318,31.107998,-97.348649,83.2,83.2,77.1
BNSF,RD1117113,2017-11-17,5:45 PM,Side collision,0,TEMPLE,TX,70,3,Dusk,Clear,Yard,Freight Train,0,1964,0,19276,H318,31.106227,-97.348966,69.2,74.1,67.8
BNSF,GC1214105,2014-12-22,2:32 AM,Raking collision,0,TEMPLE,TX,54,4,Dark,Cloudy,Yard,Freight Train,6,4879,0,25879,H307,31.09531,-97.345347,50.6,59.9,48.2
BNSF,GC1214105,2014-12-22,2:32 AM,Raking collision,0,TEMPLE,TX,54,4,Dark,Cloudy,Yard,Yard/switching,7,21000,0,25879,H307,31.09531,-97.345347,50.6,59.9,48.2
BNSF,GC0315103,2015-03-12,4:05 AM,Side collision,0,TEMPLE,TX,48,4,Dark,Clear,Yard,Freight Train,0,20625,0,28700,H607,31.107842,-97.348787,54.6,57.2,61.4
BNSF,RD1117113,2017-11-17,5:45 PM,Side collision,0,TEMPLE,TX,70,3,Dusk,Clear,Yard,Yard/switching,6,1812,15500,19276,H318,31.106227,-97.348966,69.2,74.1,67.8
BNSF,RD0218126,2018-02-26,11:48 AM,Other impacts,0,TEMPLE,TX,75,2,Day,Clear,Yard,Yard/switching,10,10667,26090,47424,H020,31.1062,-97.348889,54.6,53.9,62.5
BNSF,GC0315103,2015-03-12,4:05 AM,Side collision,0,TEMPLE,TX,48,4,Dark,Clear,Yard,Yard/switching,10,6875,1200,28700,H607,31.107842,-97.348787,54.6,57.2,61.4
BNSF,GC0816101,2016-08-03,4:30 PM,Derailment,0,TEMPLE,TX,99,2,Day,Clear,Yard,Yard/switching,7,11519,172440,183959,H607,31.118041,-97.349802,86.6,88.4,88.2
BNSF,GC0116106,2016-01-11,7:00 PM,Derailment,0,TEMPLE,TX,45,3,Dusk,Clear,Yard,Yard/switching,7,33473,16000,49473,H318,31.107762,-97.34866,36.1,39.3,46.2
BNSF,RD0117120,2017-01-28,8:42 AM,Other (describe in narrative),0,TEMPLE,TX,53,1,Dawn,Clear,Yard,Yard/switching,6,2000,60000,62000,E02C,31.113491,-97.349436,42.6,47.9,51.8
BNSF,RD0120114,2020-01-19,7:50 AM,Derailment,0,TEMPLE,TX,38,1,Dawn,Clear,Yard,Freight Train,10,42900,15415,58315,T207,31.108831,-97.349168,57.6,43.3,42.7
BNSF,RD0918101,2018-09-01,9:43 AM,Derailment,0,TEMPLE,TX,85,2,Day,Clear,Yard,Yard/switching,7,6000,30000,36000,T103,31.109248,-97.34856,85.8,85.3,84.3
BNSF,GC0316110,2016-03-11,3:05 AM,Derailment,0,TEMPLE,TX,61,4,Dark,Rain,Yard,Freight Train,5,26050,8580,34630,T403,31.095553,-97.348153,59.9,61.7,62.5
BNSF,RD1122113,2022-11-09,11:10 AM,Derailment,0,TEMPLE,TX,65,2,Day,Cloudy,Yard,Yard/switching,6,2067,16974,19041,T307,31.10898,-97.348578,70.4,71.1,70.5
BNSF,GC0716106,2016-07-12,6:50 PM,Derailment,0,TEMPLE,TX,93,3,Dusk,Clear,Yard,Freight Train,1,27903,25450,53353,T403,31.120397,-97.349754,86.5,85.4,87.6
BNSF,RD0318129,2018-03-30,5:30 AM,Derailment,0,TEMPLE,TX,65,1,Dawn,Clear,Yard,Yard/switching,40,2868,11885,14753,T110,31.126633,-97.350557,63.1,60,65.6
BNSF,HL1019124,2019-10-28,9:25 PM,Derailment,0,TEMPLETON,IA,30,4,Dark,Clear,Industry,Freight Train,10,257173,0,257173,H211,41.923311,-94.954044,40.6,33.1,31.8
BNSF,GC0316116,2016-03-29,1:40 PM,Derailment,0,TENAHA,TX,75,2,Day,Cloudy,Main,Freight Train,6,8000,8000,16000,E31C,31.947505,-94.254357,57.8,62.1,71.7
BNSF,RD0118118,2018-01-26,3:00 PM,Derailment,0,TENAHA,TX,68,2,Day,Cloudy,Yard,Freight Train,5,18759,900,19659,H511,31.945201,-94.252493,42,49.4,59.4
BNSF,RD0521108,2021-05-07,3:11 PM,Derailment,0,TENAHA,TX,81,2,Day,Cloudy,Main,Freight Train,24,948052,0,1288802,T109,31.966604,-94.025622,66.9,67.9,71.7
BNSF,RD0320121,2020-03-20,5:37 PM,Derailment,0,TENAHA,TX,62,3,Dusk,Cloudy,Industry,Freight Train,6,7200,8000,15200,T111,31.942114,-94.283852,74.4,64,51.3
ATK,137841,2015-06-15,7:00 PM,Obstruction,0,TENINO,WA,60,3,Dusk,Clear,Main,Passenger Train - Pushing,79,52917,0,52917,M503,46.852245,-122.860965,63.9,67.3,60.9
BNSF,NW0615116,2015-06-15,7:00 PM,Obstruction,0,TENINO,WA,60,3,Dusk,Clear,Main,,0,0,0,52917,M503,46.852245,-122.860965,63.9,67.3,60.9
NS,145356,2022-05-24,3:00 AM,Other (describe in narrative),0,TENNILLE,GA,72,4,Dark,Clear,Yard,Freight Train,4,32000,64536,96536,H702,32.928617,-82.826554,73.2,77.1,76.6
NS,146010,2022-07-29,4:00 PM,Other impacts,0,TENNILLE,GA,94,3,Dusk,Clear,Industry,Freight Train,3,76419,0,76419,H302,32.935285,-82.813122,83.4,84.6,82.1
NS,116941,2015-08-14,1:15 PM,Derailment,0,TENNILLE,GA,92,2,Day,Clear,Yard,Freight Train,6,40000,900,40900,H318,32.931581,-82.820583,79.6,79.6,78.3
BNSF,RD1222207,2022-12-16,9:12 AM,Hwy-rail crossing,0,TERLTON,OK,45,2,Day,Clear,Main,Freight Train,42,20000,5000,25000,M302,36.192681,-96.516983,36.4,35.3,33
CSX,000193560,2020-10-30,12:13 PM,Derailment,0,TERRE HAUTE,IN,55,2,Day,Clear,Siding,Freight Train,4,130927,57,133484,E4BC,39.410787,-87.381777,49.3,42.2,44.6
CSX,000210960,2023-04-23,11:50 PM,Derailment,0,TERRE HAUTE,IN,34,4,Dark,Cloudy,Yard,Yard/switching,3,14603,251,14854,H306,39.481063,-87.400174,46,42.8,43.1
INRD,644270,2020-10-30,12:13 PM,Derailment,0,TERRE HAUTE,IN,55,2,Day,Clear,Siding,,0,0,2500,133484,E4BC,39.410787,-87.381777,49.3,42.2,44.6
CSX,000207391,2022-09-21,4:37 AM,Hwy-rail crossing,0,TERRE HAUTE,IN,75,4,Dark,Clear,Main,Freight Train,50,10494,0,12079,M303,39.554745,-87.276291,75.4,80.4,64.4
CSX,000213655,2023-09-19,8:28 PM,Obstruction,0,TERRE HAUTE,IN,65,4,Dark,Cloudy,Main,Freight Train,20,18905,0,18905,M404,39.393653,-87.375567,62,62.9,67.4
CSX,000172531,2017-10-31,3:25 AM,Derailment,0,TERRE HAUTE,IN,32,4,Dark,Clear,Industry,Freight Train,8,91330,48,166378,T203,39.409375,-87.381098,41.2,36.5,40.4
INRD,644285,2021-12-15,8:00 AM,Derailment,0,TERRE HAUTE,IN,54,2,Day,Cloudy,Industry,Freight Train,5,2500,20000,22500,T204,39.433621,-87.395304,45.1,58.9,52.1
INRD,644237,2018-02-22,10:44 AM,Derailment,0,TERRE HAUTE,IN,40,2,Day,Cloudy,Industry,Freight Train,3,10000,15000,25000,T202,39.442917,-87.416406,38.3,41.9,48.8
CSX,000183301,2019-05-31,3:15 PM,Derailment,0,TERRE HAUTE,IN,70,2,Day,Clear,Yard,Freight Train,0,0,51420,238330,T202,39.476401,-87.402992,71,70.5,72.6
DREI,190531003,2019-05-31,3:15 PM,Derailment,0,TERRE HAUTE,IN,70,2,Day,Clear,Yard,Freight Train,7,186910,0,238330,T202,39.476401,-87.402992,71,70.5,72.6
INRD,644234,2017-10-31,3:25 AM,Derailment,0,TERRE HAUTE,IN,32,4,Dark,Clear,Industry,Freight Train,0,0,75000,166378,T203,39.409375,-87.381098,41.2,36.5,40.4
UP,0920TO025,2020-09-21,8:52 AM,Hwy-rail crossing,0,TERRELL,TX,68,2,Day,Cloudy,Main,Freight Train,64,18962,17363,36325,M303,32.714324,-96.097628,68.5,67.5,66.9
UP,0320TO019,2020-03-17,1:19 PM,Derailment,0,TERRELL,TX,65,2,Day,Cloudy,Industry,Yard/switching,5,38514,2400,40914,T110,32.729803,-96.330403,57.2,63.8,71.9
ATK,160663,2019-08-16,3:10 PM,Hwy-rail crossing,0,TERRY,MS,95,2,Day,Clear,Main,Passenger Train - Pulling,77,70355,0,70355,M302,32.075728,-90.31125,84.9,82.5,83.3
IC,1009562,2019-08-16,3:10 PM,Hwy-rail crossing,0,TERRY,MS,95,2,Day,Clear,Main,,0,0,0,70355,M302,32.075728,-90.31125,84.9,82.5,83.3
BNSF,MT0717200,2017-07-30,4:45 PM,Hwy-rail crossing,0,TERRY,MT,95,2,Day,Clear,Main,Freight Train,54,873780,205000,1078780,M302,46.64328,-105.522107,77.3,81.2,83.4
NJTR,202210396,2022-09-26,4:20 PM,Fire/violent rupture,0,TETERBORO,NJ,56,2,Day,Cloudy,Main,Commuter Train - Pulling,43,17587,0,17587,E74L,40.863947,-74.063394,59.6,63.8,61.6
BNSF,RD0519118,2019-05-18,7:10 PM,Derailment,0,TEXARKANA,AR,72,3,Dusk,Cloudy,Main,Freight Train,37,50902,0,549564,E62C,33.501652,-93.942509,75.4,70.9,74.5
UP,1017LK003,2017-10-02,6:10 AM,Derailment,0,TEXARKANA,AR,85,1,Dawn,Clear,Siding,Cut of cars,0,2373,0,212917,E34C,33.420951,-94.030359,70.3,75.6,73.9
UP,0921MA034,2021-09-29,9:05 PM,Obstruction,0,TEXARKANA,AR,77,4,Dark,Cloudy,Main,,0,0,20000,20000,M404,33.466262,-93.987477,78.7,76.9,76.8
UP,0516LK026,2016-05-25,5:32 AM,Derailment,0,TEXARKANA,TX,70,4,Dark,Cloudy,Yard,Yard/switching,2,12731,0,12731,H303,33.41804,-94.046663,76.6,80.6,75.6
UP,1118LK020,2018-11-11,11:07 PM,Derailment,0,TEXARKANA,TX,42,4,Dark,Rain,Main,Yard/switching,2,140094,58866,198960,H525,33.414916,-94.051307,37.9,42.1,41
UP,0421MA011,2021-04-07,12:38 PM,Derailment,0,TEXARKANA,TX,67,2,Day,Cloudy,Main,Freight Train,19,7900,56866,64766,E24C,33.399184,-94.058225,70.6,69.6,65.8
UP,0617LK019,2017-06-14,10:30 AM,Fire/violent rupture,0,TEXARKANA,TX,82,2,Day,Cloudy,Main,Freight Train,30,19418,0,19418,E73L,33.405956,-94.086687,79.5,81.3,81.8
UP,0917LK009,2017-09-12,4:45 AM,Derailment,0,TEXARKANA,TX,59,1,Dawn,Clear,Siding,Freight Train,8,20507,3192,23699,H526,33.393375,-94.126533,66.6,66.2,70.6
UP,0915LK010,2015-09-08,12:34 AM,RR grade crossing,0,TEXARKANA,TX,82,4,Dark,Cloudy,Main,Freight Train,19,2639858,1572511,4664073,H401,33.415589,-94.051147,83,85,77.1
UP,0915LK010,2015-09-08,12:34 AM,RR grade crossing,0,TEXARKANA,TX,82,4,Dark,Cloudy,Main,Freight Train,26,451704,0,4664073,H401,33.415589,-94.051147,83,85,77.1
UP,1017LK003,2017-10-02,6:10 AM,Derailment,0,TEXARKANA,AR,85,1,Dawn,Clear,Siding,Freight Train,10,126088,84456,212917,E34C,33.420951,-94.030359,70.3,75.6,73.9
UP,0519MA042,2019-05-18,7:10 PM,Derailment,0,TEXARKANA,AR,63,3,Dusk,Rain,Main,,0,0,498662,549564,E62C,33.501652,-93.942509,75.4,70.9,74.5
UP,0516LK011,2016-05-05,4:02 AM,Fire/violent rupture,0,TEXARKANA,AR,70,4,Dark,Clear,Main,Freight Train,30,12205,0,12205,E73L,33.422554,-94.036999,66.6,66.7,65.2
UP,0115LK020,2015-01-24,8:11 AM,Derailment,0,TEXARKANA,AR,31,2,Day,Cloudy,Yard,Yard/switching,6,1108,12216,13324,T219,33.418561,-94.037689,42.1,43.3,49.7
KCS,16062803,2016-06-28,3:29 PM,Derailment,0,TEXARKANA,TX,95,2,Day,Clear,Industry,Yard/switching,10,28708,52049,80757,H703,33.252506,-94.069565,81.8,81.1,81.5
UP,0115LK025,2015-01-27,9:46 AM,Derailment,0,TEXARKANA,AR,50,2,Day,Cloudy,Yard,Yard/switching,3,4280,9810,14090,T201,33.422484,-94.037122,49.2,56.1,59.3
UP,0217LK022,2017-02-21,7:13 PM,Derailment,0,TEXARKANA,AR,56,4,Dark,Clear,Yard,Freight Train,4,4422,24976,29398,T001,33.435253,-94.022648,61.3,59.9,60.8
UP,0722MA057,2022-07-30,3:32 PM,Derailment,0,TEXARKANA,AR,97,2,Day,Cloudy,Siding,Freight Train,19,458533,1151371,1609904,T109,33.391477,-93.804186,85.7,81.4,83.5
UP,0419MA066,2019-04-24,10:00 PM,Derailment,0,TEXARKANA,AR,65,4,Dark,Rain,Yard,Freight Train,7,2993,39300,42293,T210,33.420599,-94.039993,68.6,67.4,67
UP,0622MA016,2022-06-11,3:45 PM,Derailment,0,TEXARKANA,AR,89,2,Day,Clear,Yard,Freight Train,3,6463,9380,15843,T110,33.428733,-94.029554,76.7,79.8,86.8
UP,0418LK036,2018-04-22,11:00 AM,Derailment,0,TEXARKANA,TX,55,2,Day,Clear,Siding,Freight Train,5,1411195,105530,1516725,T207,33.416582,-94.045282,55.9,56.7,60.7
TCT,580279,2018-05-04,8:00 AM,Derailment,0,TEXAS CITY,TX,85,2,Day,Clear,Yard,Yard/switching,4,10266,37594,47860,E64L,29.358842,-94.926717,76.7,76.1,75.2
UP,0816HO040,2016-08-21,5:55 AM,Hwy-rail crossing,0,TEXAS CITY,TX,90,4,Dark,Cloudy,Main,Freight Train,0,1487,93769,95256,M308,29.337287,-94.931062,85.2,82.3,83.7
TCT,580301,2020-11-19,4:30 PM,Raking collision,0,TEXAS CITY,TX,70,2,Day,Clear,Yard,Yard/switching,5,50000,0,50000,H018,29.355408,-94.931848,65.7,71.2,73.1
TCT,580316,2023-12-22,11:10 AM,Derailment,0,TEXAS CITY,TX,65,2,Day,Cloudy,Industry,Yard/switching,4,100000,0,100000,H021,29.37393,-94.89329,63.2,65.1,67.1
UP,1221HO014,2021-12-14,4:14 PM,Derailment,0,TEXAS CITY,TX,75,2,Day,Clear,Main,Freight Train,6,4281,23370,27651,H707,29.338569,-94.932253,67.9,73.6,74.2
TCT,580305,2021-03-16,1:45 PM,Raking collision,0,TEXAS CITY,TX,75,2,Day,Clear,Yard,Yard/switching,4,18000,0,18000,H310,29.355408,-94.931848,69.2,71.3,72.4
TCT,580294,2019-11-11,5:40 PM,Raking collision,0,TEXAS CITY,TX,45,3,Dusk,Rain,Yard,Yard/switching,4,91000,0,91000,H310,29.355408,-94.931848,63.9,66.5,43.3
TCT,580254,2015-07-12,12:55 PM,Raking collision,0,TEXAS CITY,TX,90,2,Day,Clear,Industry,Yard/switching,3,25000,0,25000,H309,29.222968,-94.540016,85.1,84.4,81
UP,1117HO029,2017-11-24,3:30 PM,Derailment,0,TEXAS CITY,TX,62,2,Day,Clear,Yard,Freight Train,5,267126,3290,270416,T221,29.34745,-94.939972,55.6,60.3,67.9
TCT,580256,2015-11-09,3:50 PM,Other impacts,0,TEXAS CITY,TX,65,2,Day,Clear,Yard,Yard/switching,2,100000,0,100000,H099,29.21082,-94.560914,63.1,64.4,70.3
TCT,580274,2017-11-30,5:20 PM,Raking collision,0,TEXAS CITY,TX,68,3,Dusk,Clear,Yard,Yard/switching,4,15050,0,15050,H306,29.355408,-94.931848,65.8,66.1,63.9
TCT,580315,2023-09-14,11:45 AM,Derailment,0,TEXAS CITY,TX,80,2,Day,Cloudy,Yard,Freight Train,0,0,100000,261060,T314,29.351994,-94.939183,84.6,81.2,81.3
UP,0923HO024,2023-09-14,11:45 AM,Derailment,0,TEXAS CITY,TX,80,2,Day,Cloudy,Yard,Freight Train,6,161060,0,261060,T314,29.351994,-94.939183,84.6,81.2,81.3