reportingrailroadcode,accidentnumber,date,time,accidenttype,hazmatreleasedcars,station,stateabbr,temperature,visibility_code,visibility,weathercondition,tracktype,equipmenttype,trainspeed,equipmentdamagecost,trackdamagecost,totaldamagecost,primaryaccidentcausecode,latitude,longitude,prior_temp,actual_temp,following_temp
TCT,580319,2024-06-05,7:42 PM,Derailment,0,TEXAS CITY,TX,88,2,Day,Clear,Industry,Yard/switching,6,20000,30000,50000,T110,29.3639,-94.92592,85,81.2,83.2
UP,0915KC015,2015-09-24,2:52 AM,Fire/violent rupture,0,TEXHOMA,OK,65,4,Dark,Clear,Main,Freight Train,50,57349,33,57382,E79L,36.756683,-101.362649,72.1,69.4,69.9
BNSF,PR1215112,2015-12-16,3:30 PM,Derailment,0,TEXLINE,TX,27,2,Day,Clear,Industry,Yard/switching,3,20636,0,20636,M101,36.375304,-103.023988,30.9,25.4,24
ATK,168692,2021-10-15,7:05 PM,Hwy-rail crossing,0,THACKERVILLE,OK,70,3,Dusk,Clear,Main,Passenger Train - Pulling,69,133480,0,197778,M303,33.838749,-97.130777,68.9,65.2,56.3
BNSF,RD1021205,2021-10-15,7:05 PM,Hwy-rail crossing,0,THACKERVILLE,OK,70,3,Dusk,Clear,Main,,0,0,64298,197778,M303,33.838749,-97.130777,68.9,65.2,56.3
SKOL,160913001,2016-09-13,8:00 AM,Derailment,0,THAYER,KS,80,2,Day,Clear,Industry,Freight Train,5,9500,6000,15500,T220,37.485618,-95.470087,72.7,76.7,73.4
BNSF,HL0320103,2020-03-03,6:26 PM,Derailment,0,THAYER,MO,45,3,Dusk,Clear,Yard,Work train,8,5919,30000,35919,E64C,36.526278,-91.538637,58,52.4,49.8
SKOL,D521415,2015-04-07,1:08 PM,Derailment,0,THAYER,KS,80,2,Day,Clear,Main,Freight Train,13,475838,14000,489838,H599,37.440884,-95.300612,59.4,74.5,71.1
SKOL,D520315,2015-01-18,1:30 PM,Derailment,0,THAYER,KS,60,2,Day,Clear,Main,Freight Train,10,1952,16000,17952,T299,37.404566,-95.500868,45.2,43.3,45.4
BNSF,PR1115204,2015-11-24,7:00 AM,Hwy-rail crossing,0,THEDFORD,NE,28,1,Dawn,Clear,Main,Freight Train,45,300,47500,47800,M302,41.97822,-100.654953,40.1,38.8,33.9
BNSF,PR0417111,2017-04-20,4:51 AM,Derailment,0,THEDFORD,NE,50,1,Dawn,Clear,Main,Freight Train,40,833391,725000,1558391,E59C,41.980359,-100.54947,53.4,52.2,47.5
BNSF,PR0324105,2024-03-22,9:08 AM,Derailment,0,THEDFORD,NE,30,2,Day,Clear,Main,Freight Train,43,1582096,538897,2120993,T299,42.000681,-100.72153,43.1,31.3,30.1
CSX,000196138,2021-03-07,1:50 PM,Derailment,0,THEODORE,AL,64,2,Day,Clear,Industry,Freight Train,10,178275,2162,180437,H303,30.555061,-88.167384,59.6,53.5,54
ATK,164818,2020-07-11,12:00 AM,Obstruction,0,THOMASBORO,IL,68,4,Dark,Rain,Main,Passenger Train - Pulling,71,17500,0,17500,M404,40.239288,-88.189323,75.7,72.2,70.6
UP,0919SX021,2019-09-19,1:13 PM,Hwy-rail crossing,0,THOMASTON,TX,93,2,Day,Cloudy,Main,Freight Train,32,15815,449,16264,M308,28.943186,-97.11809,83.8,85.7,84.7
MNBR,MNB886324D,2024-08-05,5:30 AM,Derailment,0,THOMASTON,AL,71,1,Dawn,Clear,Main,Freight Train,25,3200,15500,18700,E53C,32.267508,-87.510243,82.6,83.3,83.8
MNBR,MNB656720,2020-09-03,9:35 AM,Hwy-rail crossing,0,THOMASTON,AL,82,2,Day,Clear,Main,Freight Train,25,5000,20000,25000,M303,32.264393,-87.625398,81.8,80.7,81.7
CSX,000169411,2017-06-05,9:45 AM,Derailment,0,THOMASVILLE,GA,80,2,Day,Cloudy,Yard,Freight Train,9,7719,0,10728,M405,30.834434,-83.97587,77.5,77.3,74.4
NS,129946,2018-06-24,10:45 AM,Hwy-rail crossing,0,THOMASVILLE,NC,90,2,Day,Clear,Main,Freight Train,55,380,12159,12539,M303,35.882837,-80.081625,78.4,81.2,78
CSX,000169411,2017-06-05,9:45 AM,Derailment,0,THOMASVILLE,GA,80,2,Day,Cloudy,Yard,Spec. MoW Equip.,0,2500,509,10728,M405,30.834434,-83.97587,77.5,77.3,74.4
NS,145042,2022-02-26,8:15 PM,Hwy-rail crossing,0,THOMASVILLE,NC,41,4,Dark,Rain,Main,,0,0,12000,23778,M302,35.889852,-80.066649,48.2,42.9,41.7
ATK,169902,2022-02-26,8:15 PM,Hwy-rail crossing,0,THOMASVILLE,NC,41,4,Dark,Rain,Main,Passenger Train - Pulling,75,11778,0,23778,M302,35.889853,-80.066649,48.2,42.9,41.7
NS,144543,2022-02-28,10:30 AM,Other impacts,0,THOMASVILLE,AL,58,2,Day,Clear,Main,Spec. MoW Equip.,0,5000,0,25000,H599,31.888349,-87.733304,46.3,50.6,49
NS,144543,2022-02-28,10:30 AM,Other impacts,0,THOMASVILLE,AL,58,2,Day,Clear,Main,Spec. MoW Equip.,0,20000,0,25000,H599,31.888349,-87.733304,46.3,50.6,49
CSX,000219411,2024-07-17,1:25 PM,Derailment,0,THOMASVILLE,GA,92,2,Day,Clear,Yard,Freight Train,0,0,1534,1534,T001,30.83315,-83.992786,79,81.2,78.9
UP,1222RM026,2022-12-04,10:36 AM,Obstruction,0,THOMPSON,UT,30,2,Day,Cloudy,Main,,0,0,0,12151,M403,39.023669,-109.220308,31.3,32.4,33.7
UP,0521RM019,2021-05-22,8:38 PM,Derailment,0,THOMPSON,UT,61,4,Dark,Cloudy,Siding,Freight Train,5,27808,21285,49093,H522,38.672588,-109.692027,68.2,61,59.2
UP,0717DV016,2017-07-15,3:15 PM,Fire/violent rupture,0,THOMPSON,UT,101,2,Day,Clear,Main,Freight Train,40,22117,0,22117,E79L,39.119082,-109.078935,84.1,85.7,85.4
BNSF,GC0816112,2016-08-27,5:00 AM,Raking collision,0,THOMPSONS,TX,78,1,Dawn,Clear,Industry,Freight Train,5,3231798,0,3301798,M501,29.476026,-95.639563,79.7,79.7,78.7
BNSF,GC0816112,2016-08-27,5:00 AM,Raking collision,0,THOMPSONS,TX,78,1,Dawn,Clear,Industry,Freight Train,2,70000,0,3301798,M501,29.476026,-95.639563,79.7,79.7,78.7
BNSF,CH0418106,2018-04-06,8:00 PM,Other impacts,0,THOMSON,IL,30,3,Dusk,Clear,Industry,Cut of cars,4,16609,0,16609,H022,41.999467,-90.108205,31.5,30.1,26.8
BNSF,SW0424107,2024-04-20,4:58 AM,Obstruction,0,THOREAU,NM,50,1,Dawn,Clear,Main,Freight Train,65,1200,25000,26200,M402,35.418554,-108.290509,58.6,56.3,54.5
BNSF,SW0521105,2021-05-24,5:30 AM,Derailment,0,THOREAU,NM,27,1,Dawn,Clear,Main,Freight Train,15,20327,103000,123327,T204,35.498303,-108.461688,53.4,54.3,59.1
RTDC,090619,2019-09-06,12:52 PM,Other impacts,0,THORNTON,CO,78,2,Day,Cloudy,Main,EMU,16,26829,3414,30243,T404,39.92658,-104.96487,79.7,70.3,73.1
UP,0217SA015,2017-02-20,12:30 AM,Derailment,0,THRALL,TX,58,4,Dark,Rain,Main,Freight Train,0,142879,1392,144271,M102,30.59327,-97.282896,71.6,60.4,63.6
ATK,180610,2024-06-09,10:34 PM,Obstruction,0,THREE OAKS,MI,0,4,Dark,Clear,Main,Passenger Train - Pulling,110,33522,0,33522,M404,41.801267,-86.575247,64.8,65.6,58.5
ATK,157343,2019-01-25,9:30 AM,Hwy-rail crossing,0,THREE OAKS,MI,-3,2,Day,Clear,Main,Passenger Train - Pulling,110,39621,4279,43900,M308,41.80085,-86.610427,21.3,5.8,11.6
ATK,177173,2023-11-16,10:03 PM,Hwy-rail crossing,0,THREE OAKS,MI,60,4,Dark,Clear,Main,Passenger Train - Pulling,86,772665,250000,1022665,M302,41.799989,-86.668474,47.1,52.2,49.1
GDLK,180102003,2018-01-02,2:00 PM,Hwy-rail crossing,0,THREE RIVERS,MI,8,2,Day,Clear,Main,Freight Train,25,1140,27335,28475,M302,41.954695,-85.639436,7.3,-0.1,12.7
UP,0823SX003,2023-08-04,10:56 AM,Hwy-rail crossing,0,THREE RIVERS,TX,91,2,Day,Clear,Main,Freight Train,49,17400,0,17400,M302,28.51787,-98.186914,87.9,88.9,88.1
UP,1217SA003,2017-12-05,1:30 AM,Derailment,0,THREE RIVERS,TX,70,4,Dark,Cloudy,Industry,Yard/switching,4,11995,165,12160,H307,28.46479,-98.185194,74.7,64.7,45.9
NECR,NEC152322A,2022-08-01,5:00 PM,Raking collision,0,THREE RIVERS,MA,87,2,Day,Clear,Main,Spec. MoW Equip.,10,71677,0,71677,H997,42.1806,-72.365136,71.5,73.4,75.7
UP,0315ST003,2015-03-02,12:54 PM,Fire/violent rupture,0,THREE RIVERS,NM,51,2,Day,Cloudy,Main,Freight Train,15,126091,0,126091,M406,33.321658,-106.074962,54.2,51,49.8
RJCV,RJCV2301,2023-05-19,3:00 PM,Derailment,0,THURMOND,WV,70,2,Day,Clear,Main,Freight Train,9,13750,1500,15250,T204,37.954604,-181.078754,57.9,61.6,60.2
IC,1043646,2020-08-03,1:19 PM,Hwy-rail crossing,0,TICKFAW,LA,93,2,Day,Clear,Main,,0,0,0,77386,M302,30.557091,-90.477028,80.2,80.1,80
IC,1097598,2022-03-21,3:03 PM,Hwy-rail crossing,0,TICKFAW,LA,77,2,Day,Clear,Main,,0,0,0,29362,M302,30.557091,-90.477028,58,62.5,72.1
ATK,165031,2020-08-03,1:19 PM,Hwy-rail crossing,0,TICKFAW,LA,93,2,Day,Clear,Main,Passenger Train - Pulling,79,77386,0,77386,M302,30.557091,-90.477028,80.2,80.1,80
ATK,170074,2022-03-21,3:03 PM,Hwy-rail crossing,0,TICKFAW,LA,77,2,Day,Clear,Main,Passenger Train - Pulling,77,29362,0,29362,M302,30.557091,-90.477028,58,62.5,72.1
CSX,000189060,2020-03-12,1:01 AM,Derailment,0,TIFFIN,OH,42,4,Dark,Cloudy,Main,Freight Train,41,1294599,716978,2011577,E71L,41.119646,-83.180659,39.9,48.4,46.9
CSX,000196792,2021-04-03,8:41 AM,Fire/violent rupture,0,TIFFIN,OH,36,2,Day,Cloudy,Main,Freight Train,25,26016,0,26016,E99L,41.115664,-83.134998,33.7,45.9,54.8
CSX,000191425,2020-07-17,10:05 AM,Hwy-rail crossing,0,TIFFIN,OH,78,2,Day,Clear,Main,Freight Train,48,6394,8941,15335,M303,41.120437,-83.187745,78.8,78.1,81.4
NS,120539,2016-05-17,3:52 PM,Hwy-rail crossing,0,TIFTON,GA,86,2,Day,Cloudy,Main,Freight Train,38,30,13234,13264,M303,31.450004,-83.510524,71.4,72.5,73.6
NS,144328,2022-02-09,7:50 AM,Hwy-rail crossing,0,TIFTON,GA,56,1,Dawn,Clear,Main,Freight Train,15,842,17000,17842,M303,31.460328,-83.515972,45.1,44.4,50.3
NS,142567,2021-08-17,1:35 PM,Derailment,0,TIFTON,GA,89,2,Day,Cloudy,Industry,Freight Train,8,2150,10436,12586,T110,31.445889,-83.508959,75.5,80.9,82.2
GRYR,GR180131A,2018-01-31,10:35 PM,Other (describe in narrative),0,TILLATOBA,MS,49,4,Dark,Clear,Main,Freight Train,10,27000,0,27000,E79L,33.984561,-89.896063,34,47.2,50.4
NS,114859,2015-03-16,6:15 PM,Derailment,0,TILTON,IL,70,3,Dusk,Clear,Yard,Freight Train,6,10800,9587,20387,H312,40.088231,-87.663922,47.8,58.8,41.6
NS,118632,2015-12-20,3:25 PM,Derailment,0,TILTON,IL,49,2,Day,Clear,Yard,Yard/switching,5,17200,500,17700,H399,40.09566,-87.652393,25.9,40.5,48.4
GWR,GWRC161476,2016-05-15,12:00 PM,Derailment,0,TIMNATH,CO,54,2,Day,Clear,Main,Freight Train,9,475542,70151,545693,T202,40.53309,-104.961193,43.9,46.7,42.9
UP,0818LV016,2018-08-10,2:15 PM,Derailment,0,TIMPSON,TX,92,2,Day,Cloudy,Industry,Freight Train,8,18870,1434,20304,E66L,31.897746,-94.408008,82.8,78.9,78.5
BNSF,CH0823117,2023-08-24,9:45 PM,Derailment,0,TINA,MO,80,4,Dark,Clear,Main,Freight Train,2,306498,326350,632848,H020,39.458789,-93.614217,85.5,86.3,86.3
NIRC,9419001046,2022-09-16,1:06 PM,Hwy-rail crossing,0,TINLEY PARK,IL,81,2,Day,Clear,Main,Commuter Train - Pushing,70,34287,2493,36780,M308,41.5903,-87.75558,70,72.2,75.2
ATK,159188,2019-05-24,10:25 AM,Hwy-rail crossing,0,TINSLEY,MS,86,2,Day,Clear,Main,Passenger Train - Pulling,51,250000,0,250000,M302,32.718598,-90.438267,80.2,79.8,79.9
IC,999499,2019-05-24,10:25 AM,Hwy-rail crossing,0,TINSLEY,MS,86,2,Day,Clear,Main,,0,0,0,250000,M302,32.718598,-90.438267,80.2,79.8,79.9
BNSF,MT1214109,2014-12-28,5:18 AM,Derailment,0,TIOGA,ND,3,1,Dawn,Clear,Main,Freight Train,33,21952,221720,243672,E4TC,48.39393,-102.91085,16.3,0.2,-8.8
ATK,179045,2024-03-30,11:46 PM,Obstruction,0,TIOGA,ND,24,4,Dark,Clear,Main,Passenger Train - Pulling,69,13166,0,13166,M402,48.391715,-103.047709,30.9,27.2,25.5
UP,0915LV010,2015-09-11,10:45 AM,Derailment,0,TIOGA,LA,85,2,Day,Cloudy,Main,Freight Train,5,96672,4990,121361,H511,31.372648,-92.435949,79,76.8,72.9
BNSF,MT0324109,2024-03-30,11:46 PM,Obstruction,0,TIOGA,ND,24,4,Dark,Clear,Main,,0,0,0,13166,M402,48.391715,-103.047709,30.9,27.2,25.5
UP,1215SL014,2015-12-17,10:35 AM,Hwy-rail crossing,0,TIPTON,MO,35,2,Day,Cloudy,Main,,0,0,0,21342,M302,38.663051,-92.815779,41.7,32.9,32.6
IC,1070705,2021-05-16,4:26 PM,Fire/violent rupture,0,TIPTON,TN,60,2,Day,Clear,Main,Freight Train,35,277350,0,277350,E72L,35.509242,-89.710208,65.5,71.3,69.8
UP,0920HL026,2020-09-28,12:39 PM,Hwy-rail crossing,0,TIPTON,MO,61,2,Day,Clear,Main,Freight Train,40,11353,750,12103,M302,38.663056,-92.815786,64.4,57,56.5
UP,0920HL017,2020-09-21,7:49 PM,Hwy-rail crossing,0,TIPTON,MO,69,3,Dusk,Clear,Main,,0,0,878,107983,M302,38.663056,-92.815786,60.2,63.4,65.3
IC,1014890,2019-10-06,9:00 PM,Fire/violent rupture,0,TIPTON,TN,68,4,Dark,Rain,Main,Freight Train,7,72960,0,72960,E73L,35.496867,-89.720583,71.3,73,62.1
ATK,140441,2015-12-17,10:35 AM,Hwy-rail crossing,0,TIPTON,MO,35,2,Day,Cloudy,Main,Passenger Train - Pulling,72,21342,0,21342,M302,38.663051,-92.815779,41.7,32.9,32.6
ATK,165417,2020-09-21,7:49 PM,Hwy-rail crossing,0,TIPTON,MO,65,3,Dusk,Clear,Main,Passenger Train - Pulling,57,107105,0,107983,M302,38.663047,-92.815759,60.2,63.4,65.3
NS,156180,2024-03-28,5:20 AM,Derailment,0,TIPTON,IN,28,1,Dawn,Clear,Industry,Freight Train,3,55508,0,55508,T113,40.288163,-86.004789,36.6,41.2,49.3
FEC,D47100520,2020-10-05,2:15 AM,Derailment,0,TITUSVILLE,FL,85,4,Dark,Cloudy,Yard,Yard/switching,8,35000,5746,40746,H018,28.531203,-80.791989,77.1,79.2,81.2
DL,221001,2022-10-14,10:45 AM,Derailment,0,TOBYHANNA,PA,55,2,Day,Clear,Siding,Freight Train,10,0,29383,29383,T112,41.180161,-75.419016,54.5,49.8,49.7
NS,119831,2016-03-22,6:45 AM,Other impacts,0,TOCCOA,GA,60,1,Dawn,Clear,Yard,Freight Train,0,32399,0,32399,H318,34.57834,-83.326115,47,52,57.6
NS,138349,2020-06-26,6:51 PM,Other (describe in narrative),0,TOCCOA,GA,68,3,Dusk,Cloudy,Yard,Freight Train,3,11278,200,11478,H306,34.57834,-83.326115,76.4,75.7,73.7
NS,130357,2018-07-26,7:23 AM,Derailment,0,TOCCOA,GA,81,1,Dawn,Clear,Yard,Freight Train,5,2680,28820,31500,H506,34.57834,-83.326115,79,80.4,81.5
NS,151337,2022-11-01,12:00 AM,Derailment,0,TOCCOA,GA,69,4,Dark,Clear,Yard,Freight Train,5,0,9886,9886,H702,34.57834,-83.326113,58,60.7,58.7
NS,132505,2019-01-19,1:30 PM,Derailment,0,TOCCOA,GA,72,2,Day,Rain,Yard,Yard/switching,1,107264,1000,108264,H318,34.585975,-83.295933,50.1,48.5,40.8
BNSF,SW1215102,2015-12-26,8:00 PM,Derailment,0,TOLAR,NM,27,3,Dusk,Snow,Main,Freight Train,0,326445,60000,386445,M105,34.450135,-103.942119,43.7,32.9,21.8
NS,140303,2021-01-18,6:45 PM,Hwy-rail crossing,0,TOLEDO,OH,32,3,Dusk,Clear,Main,Light loco(s),13,33,30140,30173,M308,41.692893,-83.554464,34.4,31.2,30.8
NS,130488,2018-08-07,3:00 AM,Other impacts,0,TOLEDO,OH,78,4,Dark,Cloudy,Yard,Single Car,0,38980,0,39583,H312,41.640174,-83.575265,79.3,74.2,76
GTW,1077333,2021-07-19,5:20 AM,Derailment,0,TOLEDO,OH,66,1,Dawn,Clear,Yard,Freight Train,5,85105,3783,88888,T221,41.731474,-83.503952,75.3,76,76.9
NS,132234,2018-12-30,6:30 PM,Derailment,0,TOLEDO,OH,32,3,Dusk,Clear,Yard,Yard/switching,5,21010,3547,24557,H020,41.638049,-83.554031,33.9,32.1,39.3
NS,130488,2018-08-07,3:00 AM,Other impacts,0,TOLEDO,OH,78,4,Dark,Cloudy,Yard,Yard/switching,7,453,150,39583,H312,41.640174,-83.575265,79.3,74.2,76
NS,151432,2022-11-11,1:45 AM,Derailment,0,TOLEDO,OH,59,4,Dark,Rain,Main,,0,0,22935,198815,M204,41.668553,-83.478081,60,54.5,37.2
NS,144510,2022-02-25,12:20 AM,Other (describe in narrative),0,TOLEDO,OH,21,4,Dark,Snow,Yard,Freight Train,4,24965,266,25231,H702,41.640696,-83.578766,24.6,25,25.2
NS,152850,2023-04-18,7:40 PM,Other (describe in narrative),0,TOLEDO,OH,48,3,Dusk,Clear,Yard,Freight Train,5,15779,13980,29759,H306,41.638469,-83.573328,40.3,43,45.4
AA,D451215,2015-05-01,7:47 AM,Derailment,0,TOLEDO,OH,65,1,Dawn,Cloudy,Main,,0,0,1336,91336,H503,41.679968,-83.502189,49.2,58,61.5
NS,142860,2021-09-16,1:40 AM,Rear end collision,0,TOLEDO,OH,64,4,Dark,Clear,Yard,Work train,6,21210,0,23784,H307,41.638048,-83.553992,70.4,67.2,73.3
GTW,1099934,2022-04-15,8:30 PM,Derailment,0,TOLEDO,OH,46,4,Dark,Cloudy,Yard,Freight Train,5,84512,12755,97267,H307,41.73049,-83.503901,54,51.9,46.2
NS,157044,2023-12-02,4:49 AM,Hwy-rail crossing,0,TOLEDO,OH,44,1,Dawn,Rain,Main,,0,0,0,14075,M308,41.587994,-83.4612,46.2,43.7,42.8
NS,144100,2022-01-21,1:35 PM,Other (describe in narrative),0,TOLEDO,OH,24,2,Day,Clear,Yard,Freight Train,10,1800,15465,17265,H704,41.633384,-83.610911,20.5,17.3,20.2
CSX,000208294,2022-11-11,1:10 AM,Derailment,0,TOLEDO,OH,56,4,Dark,Cloudy,Main,Freight Train,17,97126,78754,198815,M204,41.667936,-83.476895,60,54.5,37.2
NS,142860,2021-09-16,1:40 AM,Rear end collision,0,TOLEDO,OH,64,4,Dark,Clear,Yard,Yard/switching,1,235,2339,23784,H307,41.638048,-83.553992,70.4,67.2,73.3
CSX,000219624,2024-07-29,1:15 PM,Other impacts,0,TOLEDO,OH,92,2,Day,Cloudy,Yard,Single Car,1,3128,0,42130,H318,41.667503,-83.482524,77.8,79.9,79.5
CSX,000197251,2021-04-27,3:05 AM,Other impacts,0,TOLEDO,OH,50,4,Dark,Cloudy,Yard,Yard/switching,4,19168,0,19168,H312,41.58993,-83.49686,46.8,66.2,70.7
NS,139135,2020-09-12,12:40 PM,Other (describe in narrative),0,TOLEDO,OH,75,2,Day,Clear,Yard,Freight Train,2,903202,36476,939678,H702,41.633383,-83.610917,62.1,67.5,72
NS,127900,2017-12-26,2:30 PM,Derailment,0,TOLEDO,OH,11,2,Day,Clear,Yard,Yard/switching,7,13803,4000,17803,H306,41.633383,-83.610917,17.6,8.5,2.6
CSX,000219624,2024-07-29,1:15 PM,Other impacts,0,TOLEDO,OH,92,2,Day,Cloudy,Yard,Yard/switching,6,39002,0,42130,H318,41.667503,-83.482524,77.8,79.9,79.5
GTW,992038,2019-03-22,11:35 AM,Other impacts,0,TOLEDO,OH,42,2,Day,Cloudy,Yard,Yard/switching,8,17447,0,17447,H318,41.708017,-83.503293,42.6,39.1,36.3
GTW,925636,2017-06-11,6:25 PM,Derailment,0,TOLEDO,OH,83,3,Dusk,Clear,Main,Freight Train,0,0,9218,18618,T403,41.688147,-83.501606,77.4,80.8,82.6
CSX,000169550,2017-06-11,6:25 PM,Derailment,0,TOLEDO,OH,83,3,Dusk,Clear,Main,Yard/switching,7,8749,651,18618,T311,41.688146,-83.501606,77.4,80.8,82.6
NS,138496,2020-07-11,2:22 PM,Derailment,0,TOLEDO,OH,92,2,Day,Clear,Yard,Freight Train,4,23689,36796,60485,T314,41.633384,-83.610911,77.7,76.9,74.5
PNWR,PNW324523R,2023-02-10,6:45 AM,Derailment,0,TOLEDO,OR,46,4,Dark,Cloudy,Industry,Freight Train,4,4337,10000,14337,T314,44.612401,-123.931135,46.5,46.8,41.5
UP,0323LA038,2023-03-20,10:15 AM,Derailment,0,TOLLESON,AZ,57,2,Day,Clear,Industry,Freight Train,7,17703,4130,21833,T110,33.446141,-112.242988,62.7,63.5,61.4
UP,0117TC002,2017-01-07,8:50 PM,Other impacts,0,TOMAH,WI,-10,4,Dark,Clear,Industry,Yard/switching,8,31688,0,48014,H702,44.041992,-90.400435,-5,-1.6,3.7
UP,0117TC002,2017-01-07,8:50 PM,Other impacts,0,TOMAH,WI,-10,4,Dark,Clear,Industry,Cut of cars,0,16326,0,48014,H702,44.041992,-90.400435,-5,-1.6,3.7
BNSF,RD0720103,2020-07-06,5:00 PM,Derailment,0,TOMBALL,TX,90,3,Dusk,Cloudy,Industry,Freight Train,5,43200,0,43200,M101,30.093463,-95.610249,84,83.7,83.5
BNSF,RD0622111,2022-06-12,8:35 PM,Derailment,0,TOMBALL,TX,85,3,Dusk,Clear,Siding,Freight Train,6,72406,70000,142406,E64C,30.036808,-95.578582,87.1,87.6,87.5
BNSF,RD1120110,2020-11-14,7:17 PM,Derailment,0,TOMBALL,TX,77,3,Dusk,Clear,Siding,Freight Train,10,91015,226000,317015,E64C,30.055613,-95.589337,71.1,76.5,68.5
CSX,000142084,2015-02-25,7:30 PM,Derailment,0,TONAWANDA,NY,8,4,Dark,Snow,Yard,Yard/switching,7,15105,212,15317,M101,42.98534,-78.925717,8.1,13.9,11.2
CSX,000161220,2016-07-10,4:36 PM,Derailment,0,TONTOGANY,OH,74,3,Dusk,Clear,Main,Freight Train,7,81255,139013,220268,E53C,41.418935,-83.73964,72.4,73.8,76.8
UP,0623RM032,2023-06-29,5:57 PM,Derailment,0,TOOELE,UT,78,2,Day,Clear,Main,Freight Train,38,3313,31460,34773,E53C,40.669574,-112.359352,68.6,70.7,73.9
UP,1022RM024,2022-10-25,6:44 AM,Hwy-rail crossing,0,TOOELE,UT,40,1,Dawn,Cloudy,Main,Freight Train,38,12230,150,12380,M304,40.635785,-112.276679,37.8,44.3,41.4
UP,0819RM032,2019-08-26,3:50 AM,Fire/violent rupture,0,TOOELE,UT,68,4,Dark,Clear,Main,Freight Train,0,36160,0,36160,E74L,40.57701,-112.278,80.9,68.9,67.3
UP,0419RM024,2019-04-19,11:22 AM,Hwy-rail crossing,0,TOOELE,UT,59,2,Day,Clear,Main,Freight Train,39,26174,400,26574,M303,40.635399,-112.275857,50.6,56.3,62.3
NS,142596,2021-08-18,10:58 AM,Derailment,0,TOOMSUBA,MS,91,2,Day,Clear,Main,Freight Train,42,730644,253498,984142,T204,32.415378,-88.565077,79.3,82,79.3
UP,0120HL031,2020-01-21,4:25 PM,Other impacts,0,TOPEKA,KS,34,2,Day,Clear,Yard,Cut of cars,0,0,0,93893,H307,39.072138,-95.683865,15.9,20.9,35.6
UP,0120HL031,2020-01-21,4:25 PM,Other impacts,0,TOPEKA,KS,34,2,Day,Clear,Yard,Freight Train,8,91115,2778,93893,H307,39.072138,-95.683865,15.9,20.9,35.6
UP,0824HL012,2024-08-16,6:13 AM,Derailment,0,TOPEKA,KS,68,1,Dawn,Clear,Main,Freight Train,10,55376,215880,271256,E24C,39.09133,-95.757113,79.3,80.3,78.5
UP,0822HL026,2022-08-26,9:40 PM,Derailment,0,TOPEKA,KS,82,4,Dark,Clear,Yard,Freight Train,5,11716,26180,37896,H303,39.069157,-95.675774,80,81.6,82.1
UP,0822HL030,2022-08-29,2:30 PM,Derailment,0,TOPEKA,KS,90,2,Day,Cloudy,Yard,Yard/switching,4,44458,23294,67752,E39C,39.066215,-95.668497,79.9,81.7,78.5
BNSF,KS0717103,2017-07-19,12:00 PM,Derailment,0,TOPEKA,KS,95,2,Day,Clear,Yard,Light loco(s),2,18950,0,18950,E46L,39.055386,-95.638667,83.5,84.7,88.8
UP,0720HL018,2020-07-16,6:00 PM,Side collision,0,TOPEKA,KS,82,3,Dusk,Clear,Yard,Freight Train,0,35184,0,102686,H307,39.072841,-95.685403,77.5,76.2,83.3
BNSF,KS0315110,2015-03-20,10:30 AM,Derailment,0,TOPEKA,KS,70,2,Day,Clear,Yard,Light loco(s),3,79122,50000,129122,H995,39.054435,-95.643293,39.7,47.9,57.4
UP,0615KC016,2015-06-15,5:24 PM,Fire/violent rupture,0,TOPEKA,KS,82,2,Day,Clear,Main,Freight Train,60,47895,0,47895,E79L,39.09111,-95.756397,74.5,75.1,72.4
UP,0124HL021,2024-01-22,4:40 PM,Derailment,0,TOPEKA,KS,37,2,Day,Cloudy,Main,Freight Train,13,73064,487988,561052,E65C,39.068455,-95.659264,21.4,32.9,35.5
UP,0523HL038,2023-05-31,8:05 AM,Derailment,0,TOPEKA,KS,65,2,Day,Rain,Yard,Freight Train,4,9989,18422,28411,T212,39.07332,-95.686416,72.4,72.9,76.7
UP,0220HL008,2020-02-08,3:00 PM,Derailment,0,TOPEKA,KS,45,2,Day,Clear,Yard,Yard/switching,3,13662,67170,80832,H525,39.06636,-95.668822,33,31.8,40.6
UP,0523HL012,2023-05-15,10:05 AM,Derailment,0,TOPEKA,KS,63,2,Day,Rain,Yard,Freight Train,4,4204,9568,13772,E64C,39.076722,-95.695325,74.8,64.3,60.9
UP,0817KC030,2017-08-26,11:02 AM,Derailment,0,TOPEKA,KS,82,2,Day,Clear,Yard,Yard/switching,5,11255,1056,12311,H318,39.073223,-95.68626,71.6,73.8,73
UP,0817KC006,2017-08-09,7:11 AM,Derailment,0,TOPEKA,KS,70,2,Day,Cloudy,Main,Freight Train,3,236323,1104,237427,H503,39.063124,-95.679345,70.4,71.8,76
UP,0723HL015,2023-07-18,1:06 PM,Hwy-rail crossing,0,TOPEKA,KS,77,2,Day,Cloudy,Main,Freight Train,32,12229,300,12529,M302,39.071067,-95.704177,79.6,76.1,77.9
UP,0221HL021,2021-02-19,7:51 PM,Derailment,0,TOPEKA,KS,32,3,Dusk,Cloudy,Main,Freight Train,12,3369,53913,57282,E60C,39.066255,-95.674337,15.5,22.6,29.7
BNSF,KS0716104,2016-07-19,7:50 PM,Derailment,0,TOPEKA,KS,93,3,Dusk,Clear,Yard,Freight Train,5,8481,8900,17381,H504,39.047171,-95.665821,83.4,84.2,87.2