reportingrailroadcode,accidentnumber,date,time,accidenttype,hazmatreleasedcars,station,stateabbr,temperature,visibility_code,visibility,weathercondition,tracktype,equipmenttype,trainspeed,equipmentdamagecost,trackdamagecost,totaldamagecost,primaryaccidentcausecode,latitude,longitude,prior_temp,actual_temp,following_temp
UP,0124HL002,2024-01-07,11:49 AM,Derailment,0,TOPEKA,KS,34,2,Day,Clear,Yard,Yard/switching,6,87047,58380,145427,H503,39.074812,-95.690372,33.4,33.9,35.6
UP,0123HL013,2023-01-18,2:37 AM,Other impacts,0,TOPEKA,KS,39,4,Dark,Cloudy,Yard,Cut of cars,5,13982,23113,37095,H318,39.067722,-95.672306,34.9,38.3,34.2
UP,0423HL008,2023-04-08,7:25 PM,Derailment,0,TOPEKA,KS,67,3,Dusk,Clear,Yard,Yard/switching,4,3153,16957,20110,H505,39.069074,-95.675803,52.1,54.5,58.6
UP,0720HL018,2020-07-16,6:00 PM,Side collision,0,TOPEKA,KS,82,3,Dusk,Clear,Yard,Freight Train,1,61982,5520,102686,H307,39.072841,-95.685403,77.5,76.2,83.3
BNSF,KS1120107,2020-11-13,5:30 PM,Derailment,0,TOPEKA,KS,60,3,Dusk,Clear,Yard,Light loco(s),4,23952,250,24202,H703,39.054293,-95.644769,41.5,34.5,56
UP,1022HL030,2022-10-29,11:07 PM,Derailment,0,TOPEKA,KS,56,4,Dark,Cloudy,Main,Freight Train,4,298757,250,299007,H523,39.063154,-95.676549,56.3,53.3,57.4
BNSF,KS0720109,2020-07-20,11:56 AM,Derailment,0,TOPEKA,KS,90,2,Day,Cloudy,Yard,Light loco(s),9,18709,0,18709,H607,39.05391,-95.662911,82.8,74.9,74.5
BNSF,KS0616112,2016-06-29,5:39 PM,Derailment,0,TOPEKA,KS,94,3,Dusk,Clear,Yard,Light loco(s),6,15129,250,15379,T314,39.049476,-95.664527,77.3,76.1,78.7
UP,0624HL026,2024-06-26,3:09 PM,Derailment,0,TOPEKA,KS,86,2,Day,Cloudy,Industry,Freight Train,5,80371,37120,117491,T001,39.085553,-95.731838,87.4,80.2,80
UP,1223HL002,2023-12-03,2:08 PM,Derailment,0,TOPEKA,KS,45,2,Day,Cloudy,Yard,Freight Train,7,71045,44568,115613,T110,39.07206,-95.683693,31,39,42
BNSF,KS0120105,2020-01-15,11:10 AM,Derailment,0,TOPEKA,KS,30,2,Day,Cloudy,Yard,Light loco(s),5,20000,300,20300,T202,39.054481,-95.642711,42.6,37.2,18.9
BNSF,KS1219117,2019-12-30,7:02 AM,Derailment,0,TOPEKA,KS,25,1,Dawn,Cloudy,Yard,Light loco(s),4,27196,500,27696,T210,39.055263,-95.660309,38.6,34.4,34.5
UP,1223HL021,2023-12-27,2:02 AM,Derailment,0,TOPEKA,KS,37,4,Dark,Snow,Main,Freight Train,10,51962,159717,211679,T206,39.066916,-95.673919,32.8,33.9,35.9
UP,0815KC018,2015-08-31,4:00 PM,Derailment,0,TOPEKA,KS,88,2,Day,Clear,Industry,Yard/switching,7,46046,17305,63351,T314,39.085835,-95.733646,71,77.3,80.7
UP,1215KC003,2015-12-02,6:10 AM,Derailment,0,TOPEKA,KS,35,1,Dawn,Cloudy,Industry,Yard/switching,10,61604,2815,64419,T314,39.083978,-95.725604,35.8,38.8,34.4
BNSF,KS0520108,2020-05-27,11:45 AM,Derailment,0,TOPEKA,KS,70,2,Day,Clear,Yard,Light loco(s),5,60768,100,60868,T207,39.053708,-95.648325,66,67.4,69.6
UP,1121HL008,2021-11-15,12:01 AM,Derailment,0,TOPEKA,KS,46,4,Dark,Clear,Yard,Yard/switching,4,31139,5085,36224,T202,39.073286,-95.686424,48.1,54,54.5
ATK,172685,2022-11-10,4:42 PM,Hwy-rail crossing,0,TORNILLO,TX,66,2,Day,Clear,Main,Passenger Train - Pulling,77,9217,0,24367,M308,31.442612,-106.084038,63.7,61.3,52.6
UP,1122TO016,2022-11-10,2:00 PM,Hwy-rail crossing,0,TORNILLO,TX,70,2,Day,Cloudy,Main,,0,0,15150,24367,M302,31.445665,-106.088261,63.7,61.3,52.6
UP,0715NP013,2015-07-24,1:45 PM,Derailment,0,TORRINGTON,WY,73,2,Day,Cloudy,Main,Freight Train,47,1749910,717542,2467452,T205,42.335385,-104.099353,75.6,74.4,74.2
UP,0123GP036,2023-01-26,6:55 PM,Derailment,0,TORRINGTON,WY,28,3,Dusk,Cloudy,Main,Freight Train,38,48096,29648,77744,T102,42.489342,-104.105496,26.8,29,34.2
BNSF,NW1018126,2018-10-27,1:00 AM,Derailment,0,TOUCHET,WA,50,4,Dark,Rain,Industry,Freight Train,10,125000,0,148528,T216,46.108064,-118.914678,59.3,55.8,53.7
UP,0217PD063,2017-02-24,9:30 PM,Derailment,0,TOUCHET,WA,31,4,Dark,Clear,Main,Freight Train,10,8695,3836,12531,E61C,46.010884,-118.96241,34,34.4,34.3
UP,0817PD001,2017-08-03,12:20 AM,Derailment,0,TOUCHET,WA,70,4,Dark,Clear,Yard,Freight Train,9,61016,3324,64340,H306,46.088913,-118.911375,80.8,81.9,84.4
UP,0917PD031,2017-09-24,9:00 AM,Other impacts,0,TOUCHET,WA,65,2,Day,Clear,Yard,Yard/switching,3,0,0,43182,E20C,46.096321,-118.913435,57.1,59.4,63.2
UP,0917PD031,2017-09-24,9:00 AM,Other impacts,0,TOUCHET,WA,65,2,Day,Clear,Yard,Single Car,4,42834,348,43182,E20C,46.096321,-118.913435,57.1,59.4,63.2
UP,1018PD020,2018-10-27,1:00 AM,Derailment,0,TOUCHET,WA,48,4,Dark,Cloudy,Industry,,0,0,23528,148528,T216,46.108064,-118.914678,59.3,55.8,53.7
UP,0624PN022,2024-06-21,4:48 PM,Derailment,0,TOUCHET,WA,95,2,Day,Clear,Main,Freight Train,29,664587,289370,953957,T204,46.057278,-118.923939,71.1,73.8,78.5
UP,0118ST025,2018-01-27,12:38 PM,Hwy-rail crossing,0,TOYAH,TX,53,2,Day,Cloudy,Main,Freight Train,53,45739,500,46239,M308,31.373858,-103.652319,48.9,44.2,41.2
UP,1017ST015,2017-10-14,9:11 AM,Hwy-rail crossing,0,TOYAH,TX,78,2,Day,Clear,Main,Freight Train,60,73267,900,74167,M303,31.373858,-103.652319,76.1,77.2,58
UP,0117ST007,2017-01-14,2:06 PM,Hwy-rail crossing,0,TOYAH,TX,42,2,Day,Cloudy,Main,Freight Train,69,16187,0,16187,M308,31.373859,-103.65232,51.5,40.3,43.7
UP,0319TO007,2019-03-04,8:02 AM,Hwy-rail crossing,0,TOYAH,TX,26,2,Day,Clear,Main,Freight Train,50,155785,1358,157143,M304,31.373858,-103.652319,39.5,29.7,34
UP,0718ES036,2018-07-01,6:45 AM,Obstruction,0,TOYAH,TX,85,1,Dawn,Clear,Main,Spec. MoW Equip.,10,10959,0,10959,H993,31.313217,-103.790867,84.3,88.8,83.9
CRSH,140701,2021-02-22,12:45 AM,Derailment,0,TRAINER,PA,30,4,Dark,Clear,Yard,Work train,3,26334,5000,31334,M101,39.806265,-74.434205,28.5,32.6,40.2
CRSH,136426,2019-12-05,4:30 PM,Derailment,0,TRAINER,PA,43,3,Dusk,Clear,Yard,Yard/switching,5,6386,15000,21386,T110,39.825617,-75.396062,38.2,39.7,41.7
CRSH,132968,2019-02-24,12:45 PM,Derailment,0,TRAINER,PA,46,2,Day,Cloudy,Industry,Freight Train,7,2922,9000,11922,T315,39.4903,-75.2509,37.7,43,39.1
IORY,IOR554618D,2018-01-21,1:30 PM,Derailment,0,TREMONT CITY,OH,47,2,Day,Clear,Siding,Freight Train,7,8372,6842,15214,M199,40.000703,-83.833803,37.3,45.6,51.3
UP,1119TO013,2019-11-14,2:15 PM,Hwy-rail crossing,0,TRENT,TX,55,2,Day,Clear,Main,Freight Train,62,17498,30637,48135,M399,32.479478,-100.072748,39.3,42.6,45.3
UP,1122TO001,2022-11-02,7:50 AM,Fire/violent rupture,0,TRENT,TX,58,2,Day,Clear,Main,Freight Train,40,0,0,0,E73L,32.503908,-100.180297,62.7,64.1,70.5
UP,0224TO037,2024-02-25,3:41 PM,Derailment,0,TRENT,TX,87,2,Day,Clear,Main,Freight Train,10,290124,524003,814127,M401,32.503908,-100.180297,61.1,70.9,74.4
NS,115206,2015-04-10,9:00 PM,Derailment,0,TRENTON,SC,70,4,Dark,Cloudy,Main,Freight Train,39,2253127,315222,2568349,M404,33.771358,-81.839368,76.1,72.5,69.6
SEPA,Y227,2022-09-28,11:09 AM,Derailment,0,TRENTON,NJ,70,2,Day,Clear,Main,EMU,10,1500000,2234583,3734583,T222,40.21694,-74.755829,62.2,58.6,58.3
NS,141222,2021-04-13,11:49 AM,Derailment,0,TRENTON,GA,72,2,Day,Clear,Main,Freight Train,20,19000,0,19000,E21C,34.853935,-85.511854,64.6,66.6,63.1
SNJX,20190225,2019-02-25,12:01 PM,Derailment,0,TRENTON,NJ,44,2,Day,Cloudy,Industry,DMU,63,80000,25000,105000,M404,40.182391,-74.729145,44.6,39.5,33.9
UP,0123RM026,2023-01-19,1:04 PM,Hwy-rail crossing,0,TRENTON,UT,25,2,Day,Snow,Main,Freight Train,39,12549,100,12649,M302,41.903129,-111.945466,22.5,22.8,22.1
UP,0321RM004,2021-03-03,11:28 PM,Derailment,0,TRENTON,UT,26,4,Dark,Clear,Main,Freight Train,25,1933,34989,36922,E53C,41.9437,-111.9493,30.7,33.6,36
SNJX,20211023,2021-10-23,2:52 PM,Hwy-rail crossing,0,TRENTON,NJ,62,2,Day,Cloudy,Main,DMU,40,16000,0,16000,M308,40.209543,-74.755205,60.9,52.8,50.8
SNJX,20190201,2019-02-01,11:36 AM,Other (describe in narrative),0,TRENTON,NJ,22,2,Day,Clear,Main,EMU,0,40000,0,40000,M406,40.255268,-74.703926,9.2,13.2,21.4
SNJX,20200418,2020-04-18,9:00 PM,Hwy-rail crossing,0,TRENTON,NJ,40,4,Dark,Cloudy,Main,DMU,27,15000,10000,25000,M308,40.213597,-74.7622,41.4,43.7,46.9
ATK,172181,2022-09-28,10:00 AM,Derailment,0,TRENTON,NJ,50,2,Day,Clear,Main,,0,0,3182577,3182577,E69C,40.206562,-74.769451,62.2,58.6,58.3
NS,128155,2018-01-16,1:55 PM,Derailment,0,TRENTON,GA,29,2,Day,Snow,Siding,Freight Train,9,88,29697,29785,M101,34.878769,-85.50249,34.4,26.7,16.1
ATK,161066,2019-09-12,12:30 PM,Other (describe in narrative),0,TRENTON,NJ,90,2,Day,Clear,Main,Passenger Train - Pulling,110,31200,690,31890,E78L,40.217052,-74.742935,76.8,75.3,63.7
ATK,144330,2016-09-19,5:40 AM,Other (describe in narrative),0,TRENTON,NJ,75,1,Dawn,Clear,Main,EMU,0,0,1000,12000,T404,40.218913,-74.753415,75,71.3,73.1
NJTR,201609492,2016-09-19,5:40 AM,Other (describe in narrative),0,TRENTON,NJ,75,1,Dawn,Rain,Main,EMU,15,11000,0,12000,T404,40.218913,-74.753415,75,71.3,73.1
ATK,162831,2020-01-22,12:26 AM,Other (describe in narrative),0,TRENTON,NJ,20,4,Dark,Clear,Main,Passenger Train - Pulling,90,17618,2000,19618,T404,40.255616,-74.703804,24.9,27.3,32.1
NJTR,201807374,2018-07-20,11:16 AM,Derailment,0,TRENTON,NJ,68,2,Day,Clear,Main,Commuter Train - Pulling,13,67901,0,141764,T110,40.221093,-74.751024,73.3,73.8,68.4
ATK,154382,2018-07-20,11:16 AM,Derailment,0,TRENTON,NJ,85,2,Day,Clear,Main,Freight Train,0,0,73863,141764,T110,40.221093,-74.751024,73.3,73.8,68.4
NJTR,202112508,2021-11-06,3:13 AM,Other (describe in narrative),0,TRENTON,NJ,38,4,Dark,Clear,Main,EMU,60,7310,0,13610,T404,40.224333,-74.746945,40.4,40.7,41.9
NJTR,201502060,2015-01-28,8:00 PM,Other (describe in narrative),0,TRENTON,NJ,30,4,Dark,Clear,Main,Commuter Train - Pushing,15,13040,0,13140,T404,40.218254,-74.754321,25.4,23.7,24.4
ATK,143488,2016-07-27,5:22 AM,Derailment,0,TRENTON,NJ,88,1,Dawn,Clear,Yard,Light loco(s),5,82337,8000,90337,T113,40.224997,-74.745994,80.6,81.7,78.5
ATK,136172,2015-01-28,8:00 PM,Other (describe in narrative),0,TRENTON,NJ,30,4,Dark,Clear,Main,EMU,0,0,100,13140,T404,40.218254,-74.754321,25.4,23.7,24.4
ATK,169011,2021-11-06,3:13 AM,Other (describe in narrative),0,TRENTON,NJ,38,4,Dark,Clear,Main,EMU,0,0,6300,13610,T404,40.224333,-74.746945,40.4,40.7,41.9
UP,0522PN010,2022-05-11,8:45 AM,Derailment,0,TRENTWOOD,WA,37,2,Day,Clear,Yard,Yard/switching,3,76456,9878,86334,H306,47.680218,-117.200854,47.8,48.9,47.7
IC,839947,2015-02-05,4:45 PM,Derailment,0,TRIMBLE,TN,50,2,Day,Clear,Main,Freight Train,42,2396,354162,356558,E53C,36.203176,-89.19249,38.9,24.5,32.7
BNSF,KS1219114,2019-12-23,3:50 PM,Derailment,0,TRINCHERA,CO,58,2,Day,Clear,Main,Freight Train,34,57600,0,57600,T102,37.013552,-103.917734,36,38.6,41.4
BNSF,PR1016116,2016-10-17,1:00 PM,Obstruction,0,TRINIDAD,CO,66,2,Day,Clear,Main,,0,0,0,0,H997,37.037559,-104.510086,70.4,71.8,53.7
BNSF,PR0316111,2016-03-21,12:05 PM,Obstruction,0,TRINIDAD,CO,68,2,Day,Clear,Yard,Maint./inspect Car,3,500,23000,23500,H997,37.225211,-104.487834,37.7,55,59.5
BNSF,PR0616201,2016-06-26,9:45 AM,Hwy-rail crossing,0,TRINIDAD,CO,77,2,Day,Clear,Main,,0,0,0,34658,M302,37.216703,-104.464547,74.5,71.3,75
ATK,143003,2016-06-26,9:45 AM,Hwy-rail crossing,0,TRINIDAD,CO,77,2,Day,Clear,Main,Passenger Train - Pulling,74,34658,0,34658,M302,37.216703,-104.464547,74.5,71.3,75
UP,0623TO018,2023-06-18,5:21 PM,Derailment,0,TRINIDAD,TX,96,2,Day,Clear,Main,Freight Train,38,1568622,280253,1848875,T109,32.141216,-96.097177,83.6,86,86
UP,0615HO032,2015-06-19,3:03 PM,Obstruction,0,TRINITY,TX,92,2,Day,Cloudy,Main,Freight Train,28,452,25033,25485,M402,30.952772,-95.37541,76.8,80,79.5
HPTD,I142,2015-03-02,11:00 AM,Derailment,0,TRINITY,NC,60,2,Day,Clear,Main,Freight Train,25,17000,10000,27000,T210,35.899865,-80.03978,32.6,46.3,38.8
OHCR,OHC303523D,2023-01-19,2:30 PM,Derailment,0,TRINWAY,OH,50,2,Day,Clear,Main,Yard/switching,3,2500000,0,2500000,H306,40.145125,-82.003227,39.8,48.1,35.7
UP,0516HO001,2016-05-01,8:20 AM,Derailment,0,TROUP,TX,72,2,Day,Cloudy,Main,Freight Train,43,1098225,483101,1581326,M103,32.195423,-95.097864,73.1,71,61.6
UP,0719GC050,2019-07-30,6:30 PM,Derailment,0,TROUP,TX,88,3,Dusk,Cloudy,Industry,Freight Train,4,17107,165,17272,H702,32.142944,-95.123266,80.9,80.5,80.3
UP,0119GC021,2019-01-03,9:57 AM,Derailment,0,TROUP,TX,44,2,Day,Cloudy,Industry,Yard/switching,5,11225,19599,30824,T110,32.128288,-95.128444,44.3,42.3,43.5
WC,969123,2018-08-09,3:25 PM,Derailment,0,TROUT LAKE,MI,81,2,Day,Clear,Main,Freight Train,23,235434,177829,413263,T202,46.171805,-85.165139,64.7,69.7,66.6
NS,119835,2016-03-23,12:55 AM,Rear end collision,0,TROUTVILLE,VA,49,4,Dark,Cloudy,Main,Freight Train,0,51727,0,52287,H222,37.444426,-79.806276,50.7,60.9,64.3
NS,119835,2016-03-23,12:55 AM,Rear end collision,0,TROUTVILLE,VA,49,4,Dark,Cloudy,Main,Freight Train,14,60,500,52287,H222,37.444426,-79.806276,50.7,60.9,64.3
BNSF,MT1115103,2015-11-17,6:00 AM,Obstruction,0,TROY,MT,30,1,Dawn,Clear,Main,Freight Train,0,11000,0,11000,M404,48.570079,-115.98179,36.1,38.4,36.8
BNSF,HL0223113,2023-02-15,8:31 AM,Derailment,0,TRUMANN,AR,60,1,Dawn,Cloudy,Main,Freight Train,43,11432,280629,292061,E62C,35.6512,-90.49367,52.2,63.3,55
NS,156730,2024-05-15,8:10 PM,Other impacts,0,TRUSSVILLE,AL,73,4,Dark,Clear,Main,Freight Train,6,46076,0,46076,H318,33.64361,-86.572324,70.6,71.8,72.9
BNSF,SW0618104,2018-06-05,3:56 PM,Rear end collision,0,TRUXTON,AZ,85,2,Day,Clear,Main,Freight Train,11,141083,31650,1336729,H605,35.432257,-113.630162,86.4,84,82
BNSF,SW0618104,2018-06-05,3:56 PM,Rear end collision,0,TRUXTON,AZ,85,2,Day,Clear,Main,Work train,9,1163996,0,1336729,H605,35.432257,-113.630162,86.4,84,82
UP,0819ST015,2019-08-13,12:40 AM,Derailment,0,TUCSON,AZ,87,4,Dark,Clear,Yard,Cut of cars,0,72288,0,597083,H601,32.198078,-110.92986,87.5,88.8,90
UP,1019ST022,2019-10-21,5:59 PM,Derailment,0,TUCSON,AZ,84,2,Day,Clear,Yard,Light loco(s),0,500,0,88681,H511,32.202868,-110.938868,65.8,65.4,68.3
UP,0719ST025,2019-07-19,5:30 PM,Derailment,0,TUCSON,AZ,103,2,Day,Clear,Yard,Yard/switching,8,42786,200,42986,H318,32.200033,-110.932602,89.8,91.3,91
UP,1018ST016,2018-10-15,3:17 PM,Fire/violent rupture,0,TUCSON,AZ,74,2,Day,Clear,Main,Freight Train,60,31100,0,31100,E79L,32.35963,-111.088768,63.2,63.3,60
UP,0819ST015,2019-08-13,12:40 AM,Derailment,0,TUCSON,AZ,87,4,Dark,Clear,Yard,Cut of cars,0,146941,0,597083,H601,32.198078,-110.92986,87.5,88.8,90
UP,1019ST013,2019-10-12,5:15 PM,Derailment,0,TUCSON,AZ,88,2,Day,Clear,Industry,Yard/switching,10,21281,150,21431,H599,32.195128,-110.929834,71.1,74.6,72
UP,0423LA040,2023-04-27,6:35 AM,Hwy-rail crossing,0,TUCSON,AZ,57,1,Dawn,Clear,Main,Freight Train,25,0,25033,25033,M302,32.133929,-110.96103,72,72.4,76.1
UP,0615ST013,2015-06-26,4:32 AM,Fire/violent rupture,0,TUCSON,AZ,79,4,Dark,Clear,Main,Freight Train,20,12690,0,12690,M406,32.337717,-111.065273,90.6,88.4,88.3
UP,1221LA036,2021-12-22,10:00 AM,Other (describe in narrative),0,TUCSON,AZ,50,2,Day,Clear,Yard,Freight Train,10,42282,0,42282,M299,32.201922,-110.938443,56.5,57.7,63.8
UP,0220ST020,2020-02-21,12:40 AM,Derailment,0,TUCSON,AZ,61,4,Dark,Clear,Yard,Yard/switching,4,21896,24394,46290,H607,32.188143,-110.912047,61.4,63,59
UP,0419ST065,2019-04-29,3:26 PM,Other impacts,0,TUCSON,AZ,70,2,Day,Cloudy,Yard,Light loco(s),0,0,0,19511,H310,32.205389,-110.942306,77.8,75.4,68.2
UP,0321LA040,2021-03-27,3:15 AM,Other impacts,0,TUCSON,AZ,51,4,Dark,Cloudy,Yard,Single Car,5,13406,0,14778,H307,32.203168,-110.938679,56,58,65.8
UP,0120ST018,2020-01-23,8:25 AM,Derailment,0,TUCSON,AZ,41,2,Day,Clear,Yard,Yard/switching,2,26959,10567,37526,H306,32.194876,-110.923852,52.4,51,54.8
UP,0419ST065,2019-04-29,3:26 PM,Other impacts,0,TUCSON,AZ,70,2,Day,Cloudy,Yard,Light loco(s),4,19361,150,19511,H310,32.205389,-110.942306,77.8,75.4,68.2
UP,0819ST015,2019-08-13,12:40 AM,Derailment,0,TUCSON,AZ,87,4,Dark,Clear,Yard,Yard/switching,13,164094,76620,597083,H601,32.198078,-110.92986,87.5,88.8,90
UP,0121LA033,2021-01-30,4:10 AM,Derailment,0,TUCSON,AZ,42,1,Dawn,Clear,Yard,Yard/switching,4,36178,10674,46852,H702,32.194155,-110.92439,59,49.6,56
UP,1114ST008,2014-11-16,1:30 AM,Derailment,0,TUCSON,AZ,53,4,Dark,Clear,Yard,Yard/switching,4,9876,2792,12668,H306,32.208628,-110.945222,62.3,58.6,53.2
UP,1019ST022,2019-10-21,5:59 PM,Derailment,0,TUCSON,AZ,84,2,Day,Clear,Yard,Freight Train,8,16947,71234,88681,H511,32.202868,-110.938868,65.8,65.4,68.3
UP,0523LA036,2023-05-14,3:30 PM,Other (describe in narrative),0,TUCSON,AZ,91,2,Day,Rain,Main,Freight Train,0,0,65150,65150,M105,32.195313,-110.923519,78.4,81.7,83.1
UP,0815ST002,2015-08-02,9:49 AM,Derailment,0,TUCSON,AZ,91,2,Day,Clear,Yard,Yard/switching,10,28549,3323,71275,H307,32.206396,-110.941687,82.9,88.3,90.6
UP,0715ST004,2015-07-11,7:00 AM,Derailment,0,TUCSON,AZ,80,2,Day,Clear,Yard,Yard/switching,5,18172,12900,31072,H702,32.189383,-110.914338,85.4,89.5,86.1
UP,0819ST015,2019-08-13,12:40 AM,Derailment,0,TUCSON,AZ,87,4,Dark,Clear,Yard,Cut of cars,0,137140,0,597083,H601,32.198078,-110.92986,87.5,88.8,90
UP,0619ST018,2019-06-17,4:00 AM,Derailment,0,TUCSON,AZ,74,1,Dawn,Clear,Industry,Freight Train,2,159,72337,72496,H307,32.126138,-110.849126,86.5,86.2,85.4
UP,0321LA040,2021-03-27,3:15 AM,Other impacts,0,TUCSON,AZ,51,4,Dark,Cloudy,Yard,Freight Train,4,272,1100,14778,H307,32.203168,-110.938679,56,58,65.8
UP,0815ST002,2015-08-02,9:49 AM,Derailment,0,TUCSON,AZ,91,2,Day,Clear,Yard,Yard/switching,10,39403,0,71275,H307,32.206396,-110.941687,82.9,88.3,90.6
UP,0921LA036,2021-09-25,1:50 AM,Derailment,0,TUCSON,AZ,72,4,Dark,Cloudy,Yard,Yard/switching,4,13636,9950,23586,H702,32.19112,-110.917395,75.5,77,71.6
UP,0818ST016,2018-08-17,1:05 PM,Derailment,0,TUCSON,AZ,96,2,Day,Clear,Yard,Yard/switching,5,12970,6686,19656,H702,32.203448,-110.938452,83.6,86.7,87.3
UP,0316ST007,2016-03-17,9:15 AM,Fire/violent rupture,0,TUCSON,AZ,50,2,Day,Clear,Main,Freight Train,20,39693,0,39693,E74L,32.163052,-110.908433,66.8,68,67.9
UP,0122LA035,2022-01-07,7:30 AM,Other (describe in narrative),0,TUCSON,AZ,37,1,Dawn,Clear,Industry,Freight Train,4,14125,0,14125,E22C,33.132803,-111.500334,51.1,55.8,55.9
UP,1019ST029,2019-10-30,1:15 AM,Derailment,0,TUCSON,AZ,54,4,Dark,Clear,Yard,Freight Train,3,4290,7283,11573,H702,32.202868,-110.938868,60,54.1,58.3
UP,0619ST015,2019-06-15,1:00 PM,Derailment,0,TUCSON,AZ,92,2,Day,Clear,Siding,Freight Train,2,48547,115115,163662,T205,32.206767,-110.942374,87.7,84.5,86.5
UP,0223LA010,2023-02-06,7:50 AM,Derailment,0,TUCSON,AZ,38,2,Day,Clear,Yard,Yard/switching,3,1949,107101,109050,T102,32.195263,-110.927765,58.7,50.3,46.6
UP,0224LA023,2024-02-12,2:30 AM,Derailment,0,TUCSON,AZ,38,4,Dark,Clear,Yard,Light loco(s),8,1234,106262,107496,T208,32.189698,-110.91475,45,49,53.2
UP,0219ST006,2019-02-06,9:15 PM,Derailment,0,TUCSON,AZ,43,4,Dark,Cloudy,Yard,Yard/switching,7,1059,9992,11051,T210,32.200573,-110.934293,55.7,46.7,41.2
UP,1022LA009,2022-10-10,8:30 AM,Derailment,0,TUCSON,AZ,64,2,Day,Clear,Yard,Freight Train,7,122322,88500,210822,T208,32.208297,-110.945429,70.9,72,73.1
UP,0417ST003,2017-04-03,10:40 PM,Derailment,0,TUCSON,AZ,60,4,Dark,Clear,Yard,Yard/switching,4,6006,6624,12630,T207,32.191221,-110.917324,59.4,66.6,63.9
UP,0324HL012,2024-03-17,2:00 PM,Hwy-rail crossing,0,TUCUMCARI,NM,51,2,Day,Cloudy,Main,Freight Train,68,17013,0,17013,M302,35.226029,-103.613046,41.2,45.7,44.3
SCR,SCR240624,2024-06-24,5:55 PM,Fire/violent rupture,0,TUKWILA,WA,70,2,Day,Cloudy,Main,Passenger Train - Pulling,0,0,0,0,M406,47.306297,-122.23214,61.8,61.2,66.5
ATK,143061,2016-06-26,11:59 AM,Derailment,0,TUKWILA,WA,73,2,Day,Clear,Main,Passenger Train - Pulling,6,59800,0,61300,H705,47.467572,-122.243421,62.8,67.4,71.9
BNSF,NW0424119,2024-04-13,10:01 AM,Raking collision,0,TUKWILA,WA,48,2,Day,Clear,Main,,0,0,0,33671,M404,47.471955,-122.24787,51,51.6,54.1
BNSF,TC0119113,2019-01-17,12:03 PM,Derailment,0,TULARE,SD,5,2,Day,Clear,Main,Freight Train,40,15504,137264,152768,E53C,44.728154,-98.504733,9.7,17.1,8.8
BNSF,TC0524203,2024-05-15,1:25 PM,Hwy-rail crossing,0,TULARE,SD,72,2,Day,Clear,Main,Freight Train,40,100000,500,100500,M304,44.734539,-98.504701,62,58.3,60.9
BNSF,TC0616108,2016-06-09,5:30 PM,Derailment,1,TULARE,SD,93,3,Dusk,Clear,Main,Freight Train,21,434488,65000,499488,T109,44.799673,-98.494919,73.2,79.2,81.4
CSX,000183841,2019-06-27,3:20 PM,Derailment,0,TULLAHOMA,TN,93,2,Day,Clear,Main,Freight Train,33,448838,49491,498329,T109,35.327794,-86.17821,77.6,74.9,76.4
BNSF,RD0518121,2018-05-23,4:00 PM,Derailment,0,TULSA,OK,89,2,Day,Clear,Yard,Yard/switching,5,1681,34000,35681,H307,36.121135,-96.01038,77.9,76,78.7
BNSF,RD1023118,2023-10-11,7:52 AM,Derailment,0,TULSA,OK,75,1,Dawn,Clear,Yard,Yard/switching,4,13167,0,13321,M408,36.122204,-96.011404,66.3,72,66.3
BNSF,RD0823115,2023-08-08,9:25 PM,Derailment,0,TULSA,OK,72,4,Dark,Cloudy,Yard,Yard/switching,10,209245,5594,214839,H503,36.125288,-96.012988,77.4,78,80.2
BNSF,RD0923103,2023-09-03,8:45 AM,Other (describe in narrative),0,TULSA,OK,79,1,Dawn,Clear,Yard,Yard/switching,2,10000,0,11509,M408,36.123521,-96.01155,79.2,83.7,85.9
BNSF,SF0516112,2016-05-24,1:10 AM,Other impacts,0,TULSA,OK,75,4,Dark,Clear,Yard,Yard/switching,5,500,2000,23741,H305,36.126009,-96.011195,69.6,75.2,76.3
BNSF,RD0623119,2023-06-17,9:00 PM,Derailment,0,TULSA,OK,70,4,Dark,Cloudy,Yard,Yard/switching,6,9235,3071,12306,H308,36.120378,-96.011456,76.4,79,73.4
BNSF,RD0118108,2018-01-08,8:30 PM,Derailment,0,TULSA,OK,37,3,Dusk,Clear,Yard,Yard/switching,6,25234,139886,165120,T219,36.180509,-95.914389,41.3,40.4,38.5
BNSF,SF0616117,2016-06-17,1:00 PM,Derailment,0,TULSA,OK,98,2,Day,Clear,Yard,Yard/switching,4,7919,2800,10719,H507,36.12266,-96.012542,87.8,88.8,83.8
BNSF,RD1019106,2019-10-07,6:19 AM,Side collision,0,TULSA,OK,52,1,Dawn,Clear,Yard,Light loco(s),0,8200,0,18900,H607,36.131182,-96.010185,60.3,59.5,60.3
BNSF,SF0115107,2015-01-21,1:30 PM,Derailment,0,TULSA,OK,50,2,Day,Cloudy,Yard,Yard/switching,7,27528,2000,29528,M409,36.134347,-96.012137,45.3,41.9,44
BNSF,RD1023134,2023-10-25,4:30 PM,Derailment,0,TULSA,OK,74,2,Day,Clear,Yard,Yard/switching,2,13651,2438,16089,M411,36.121786,-96.010998,69.4,71,71.5