reportingrailroadcode,accidentnumber,date,time,accidenttype,hazmatreleasedcars,station,stateabbr,temperature,visibility_code,visibility,weathercondition,tracktype,equipmenttype,trainspeed,equipmentdamagecost,trackdamagecost,totaldamagecost,primaryaccidentcausecode,latitude,longitude,prior_temp,actual_temp,following_temp
BNSF,SF1115107,2015-11-12,4:00 PM,Side collision,0,TULSA,OK,60,2,Day,Clear,Yard,Yard/switching,4,1000,0,31000,H305,36.12667,-96.01269,66,51.8,50
BNSF,SF1115107,2015-11-12,4:00 PM,Side collision,0,TULSA,OK,60,2,Day,Clear,Yard,Yard/switching,10,30000,0,31000,H305,36.12667,-96.01269,66,51.8,50
BNSF,RD1021104,2021-10-07,6:00 AM,Side collision,0,TULSA,OK,65,1,Dawn,Clear,Yard,Yard/switching,2,32585,3000,60386,H308,36.126069,-96.010941,67.6,70.9,78.1
BNSF,RD1021104,2021-10-07,6:00 AM,Side collision,0,TULSA,OK,65,1,Dawn,Clear,Yard,Yard/switching,5,24801,0,60386,H308,36.126069,-96.010941,67.6,70.9,78.1
BNSF,RD0220107,2020-02-09,7:15 PM,Derailment,0,TULSA,OK,50,3,Dusk,Clear,Yard,Yard/switching,4,4981,65000,69981,M411,36.120964,-96.012331,42.9,54.9,38.7
BNSF,SF0516114,2016-05-25,5:00 PM,Other impacts,0,TULSA,OK,85,3,Dusk,Clear,Yard,Yard/switching,2,18500,0,18750,M408,36.121266,-96.010816,75.2,76.3,79.9
BNSF,SF0116110,2016-01-21,10:40 AM,Side collision,0,TULSA,OK,33,2,Day,Clear,Yard,Yard/switching,3,21000,0,50000,H309,36.124741,-96.011041,30.9,34.3,30.2
BNSF,RD0220103,2020-02-06,7:00 AM,Derailment,0,TULSA,OK,25,1,Dawn,Clear,Yard,Yard/switching,2,14186,2575,16761,M411,36.11907,-96.011917,31.7,32.7,38.6
BNSF,SF1214107,2014-12-04,1:30 PM,Obstruction,0,TULSA,OK,50,2,Day,Clear,Main,Maint./inspect Car,2,1000,13052,14052,H022,36.188122,-95.813931,43.6,47.3,54.5
BNSF,RD0324117,2024-03-17,11:25 PM,Derailment,0,TULSA,OK,50,4,Dark,Clear,Yard,Yard/switching,7,70858,40769,111627,H507,36.125575,-96.012137,56,56.4,41.5
BNSF,SF0116110,2016-01-21,10:40 AM,Side collision,0,TULSA,OK,33,2,Day,Clear,Yard,Yard/switching,8,29000,0,50000,H309,36.124741,-96.011041,30.9,34.3,30.2
BNSF,SF0116117,2016-01-29,10:43 AM,Derailment,0,TULSA,OK,67,2,Day,Clear,Yard,Yard/switching,2,7744,26053,33797,S007,36.116018,-96.012576,47.9,54.9,55.6
BNSF,RD0518105,2018-05-05,2:05 AM,Side collision,0,TULSA,OK,60,4,Dark,Clear,Yard,Yard/switching,7,550,0,15148,H607,36.131531,-96.010115,66.5,68.8,74.4
BNSF,RD0722116,2022-07-19,12:24 PM,Derailment,0,TULSA,OK,110,2,Day,Clear,Yard,Freight Train,10,20000,40000,60000,E03C,36.133364,-96.00922,89.2,88.3,92.7
BNSF,RD0718134,2018-07-24,1:40 PM,Obstruction,0,TULSA,OK,90,2,Day,Clear,Main,Spec. MoW Equip.,0,10000,0,20000,H402,36.183189,-95.879211,82.5,82.4,84.6
BNSF,RD1018126,2018-10-19,1:49 PM,Side collision,0,TULSA,OK,58,2,Day,Cloudy,Yard,Yard/switching,7,12831,0,22681,H308,36.126071,-96.011193,58.5,55.4,59.7
BNSF,RD1018126,2018-10-19,1:49 PM,Side collision,0,TULSA,OK,58,2,Day,Cloudy,Yard,Yard/switching,4,9850,0,22681,H308,36.126071,-96.011193,58.5,55.4,59.7
BNSF,RD0620119,2020-06-22,6:47 AM,Derailment,0,TULSA,OK,70,1,Dawn,Cloudy,Yard,Light loco(s),4,30000,400,30400,H607,36.127579,-96.012585,79,80.6,78.9
BNSF,RD0822117,2022-08-16,3:25 AM,Derailment,0,TULSA,OK,68,4,Dark,Clear,Yard,Yard/switching,5,8500,25000,33500,E46C,36.125999,-96.011117,88.7,90,74.2
BNSF,RD0522132,2022-05-28,6:17 AM,Derailment,0,TULSA,OK,60,1,Dawn,Clear,Yard,Yard/switching,9,35610,390000,425610,M407,36.121797,-96.012154,67.6,73.7,81
BNSF,RD0819117,2019-08-14,5:40 PM,Side collision,0,TULSA,OK,87,3,Dusk,Clear,Yard,Yard/switching,0,9764,0,20319,S016,36.1194,-96.011652,81.1,82.4,82.8
BNSF,SF1015112,2015-10-31,3:45 AM,Derailment,0,TULSA,OK,57,4,Dark,Rain,Yard,Yard/switching,10,14467,0,14467,H316,36.118559,-96.012616,49.1,57.1,55.7
BNSF,RD0522112,2022-05-13,12:51 AM,Derailment,0,TULSA,OK,80,4,Dark,Cloudy,Yard,Yard/switching,2,40000,1300,41300,H503,36.120849,-96.009896,81.1,74.4,78.5
BNSF,RD0524116,2024-05-18,10:29 PM,Derailment,0,TULSA,OK,71,4,Dark,Clear,Yard,Freight Train,7,6876,35798,42674,M505,36.11507,-96.011452,70.8,75.3,78.1
BNSF,RD1022116,2022-10-17,10:00 AM,Fire/violent rupture,0,TULSA,OK,55,2,Day,Clear,Yard,Single Car,0,13847,0,13847,M406,36.127381,-96.010135,63.1,52,42.9
BNSF,SF0416108,2016-04-20,6:47 PM,Other impacts,0,TULSA,OK,67,3,Dusk,Clear,Yard,Yard/switching,8,12918,0,12918,H316,36.117958,-96.012434,62.2,62.7,63.6
BNSF,SF1114117,2014-11-26,2:00 PM,Derailment,0,TULSA,OK,45,2,Day,Clear,Yard,Yard/switching,6,313297,39000,352297,H312,36.13052,-96.01028,39.8,45.1,37.1
BNSF,RD0624117,2024-06-16,6:44 AM,Derailment,0,TULSA,OK,80,1,Dawn,Clear,Yard,Yard/switching,9,9498,51690,61188,E09C,36.125522,-96.011909,84.5,85,84.7
BNSF,RD0819125,2019-08-18,6:15 PM,Side collision,0,TULSA,OK,85,3,Dusk,Clear,Yard,Yard/switching,0,21001,2000,33996,M407,36.123045,-96.010921,87.4,84.7,88.3
BNSF,RD0419111,2019-04-08,5:19 PM,Derailment,0,TULSA,OK,78,3,Dusk,Clear,Yard,Yard/switching,1,12534,6600,19134,H507,36.130697,-96.010354,67.9,69.7,71
BNSF,RD0819117,2019-08-14,5:40 PM,Side collision,0,TULSA,OK,87,3,Dusk,Clear,Yard,Yard/switching,10,10555,0,20319,S016,36.1194,-96.011652,81.1,82.4,82.8
BNSF,SF0615105,2015-06-09,11:50 PM,Derailment,0,TULSA,OK,80,4,Dark,Clear,Yard,Yard/switching,9,181048,526717,707765,H507,36.132199,-96.009904,82.3,82.1,85.5
BNSF,RD0624124,2024-06-24,4:45 AM,Derailment,0,TULSA,OK,81,1,Dawn,Clear,Yard,Yard/switching,9,33470,19107,52577,M505,36.131242,-96.010171,89,90,89.7
BNSF,RD0819125,2019-08-18,6:15 PM,Side collision,0,TULSA,OK,85,3,Dusk,Clear,Yard,Yard/switching,2,10995,0,33996,M407,36.123045,-96.010921,87.4,84.7,88.3
BNSF,RD0422110,2022-04-15,2:30 AM,Derailment,0,TULSA,OK,60,4,Dark,Clear,Yard,Yard/switching,5,17000,7300,24300,H307,36.127013,-96.011037,53.8,67.9,54.6
BNSF,HL0917200,2017-09-20,3:49 PM,Hwy-rail crossing,0,TULSA,OK,94,2,Day,Clear,Main,Freight Train,28,5000,80000,85000,M302,36.179884,-95.922514,79.6,85.1,84.9
BNSF,RD0123114,2023-01-20,3:06 AM,Derailment,0,TULSA,OK,30,4,Dark,Clear,Yard,Yard/switching,9,425137,0,990636,H307,36.132242,-96.009902,39.6,38.4,41.9
BNSF,RD0618120,2018-06-27,9:45 AM,Derailment,0,TULSA,OK,95,2,Day,Clear,Yard,Yard/switching,9,159208,359739,518947,M409,36.130694,-96.010356,85.1,88.8,88.7
BNSF,RD0218114,2018-02-15,3:10 PM,Other impacts,0,TULSA,OK,69,2,Day,Clear,Yard,Yard/switching,8,34168,0,34168,M407,36.119475,-96.011831,54.3,70.4,43.9
BNSF,RD0123114,2023-01-20,3:06 AM,Derailment,0,TULSA,OK,30,4,Dark,Clear,Yard,Light loco(s),5,529999,35500,990636,H307,36.132242,-96.009902,39.6,38.4,41.9
BNSF,RD0318104,2018-03-03,1:15 PM,Derailment,0,TULSA,OK,60,2,Day,Clear,Yard,Yard/switching,7,26034,18000,44034,H308,36.121075,-96.010391,50.2,56.5,56.1
BNSF,RD1220113,2020-12-21,4:45 AM,Derailment,0,TULSA,OK,40,1,Dawn,Clear,Yard,Yard/switching,7,46329,465000,511329,S011,36.130323,-96.010231,41.5,48.5,51.8
BNSF,RD0724125,2024-07-24,2:12 AM,Derailment,0,TULSA,OK,90,4,Dark,Cloudy,Yard,Freight Train,4,9286,14044,23330,H514,36.124017,-96.012451,78.8,81.1,81.4
BNSF,SF0816115,2016-08-30,11:31 AM,Derailment,0,TULSA,OK,94,2,Day,Clear,Yard,Yard/switching,10,636958,28000,664958,H018,36.13045,-96.010103,79.5,80.1,77.3
BNSF,SF0415120,2015-04-28,1:00 PM,Other impacts,0,TULSA,OK,70,2,Day,Clear,Yard,Yard/switching,10,19361,0,19361,S016,36.124946,-96.01141,56.3,55.9,61.4
BNSF,SF0516100,2016-05-02,7:30 PM,Other impacts,0,TULSA,OK,55,3,Dusk,Clear,Yard,Yard/switching,4,9600,0,10700,M408,36.122693,-96.011908,57.5,55,58.5
BNSF,RD0723103,2023-07-06,4:15 AM,Other (describe in narrative),0,TULSA,OK,70,1,Dawn,Rain,Yard,Yard/switching,5,12940,0,23780,M408,36.122317,-96.01094,76.5,74.4,74.5
BNSF,RD0917112,2017-09-17,1:19 AM,Other impacts,0,TULSA,OK,84,4,Dark,Clear,Yard,Yard/switching,4,54503,0,54503,H316,36.125804,-96.011345,82.5,74.4,74.3
BNSF,RD0219126,2019-02-26,10:00 PM,Derailment,0,TULSA,OK,36,4,Dark,Clear,Yard,Yard/switching,8,11078,0,11078,M411,36.118442,-96.011808,46.7,47.9,31.3
BNSF,RD0119110,2019-01-11,11:00 AM,Other impacts,0,TULSA,OK,35,2,Day,Rain,Yard,Yard/switching,3,11635,1500,13135,S016,36.117788,-96.011632,37.1,38.9,38
BNSF,SF1214105,2014-12-05,1:17 AM,Raking collision,0,TULSA,OK,55,4,Dark,Fog,Yard,Light loco(s),6,4000,0,11946,H607,36.116365,-96.010568,47.3,54.5,45.7
BNSF,RD0621106,2021-06-06,8:45 PM,Derailment,0,TULSA,OK,74,3,Dusk,Clear,Yard,Freight Train,5,1500,41591,43091,E64L,36.136211,-96.008799,73.7,74.6,72.9
BNSF,RD1023114,2023-10-08,5:55 PM,Derailment,0,TULSA,OK,76,3,Dusk,Clear,Yard,Yard/switching,8,61293,6506,67799,H307,36.108314,-96.019343,52.6,60.4,64.7
BNSF,RD0623110,2023-06-11,2:33 AM,Derailment,0,TULSA,OK,73,4,Dark,Clear,Yard,Yard/switching,10,284259,187365,471624,M409,36.12879,-96.010509,72.5,76.1,68.1
BNSF,RD0517108,2017-05-12,9:50 AM,Derailment,0,TULSA,OK,62,2,Day,Cloudy,Yard,Yard/switching,10,30000,4200,34200,E64L,36.114602,-96.011725,67.5,66.3,67.1
BNSF,RD0119129,2019-01-26,8:30 AM,Derailment,0,TULSA,OK,34,1,Dawn,Clear,Yard,Yard/switching,10,11609,0,11609,H316,36.117825,-96.012048,23.7,37.8,42.2
BNSF,SF0115101,2015-01-01,1:57 PM,Derailment,0,TULSA,OK,33,2,Day,Rain,Yard,Yard/switching,10,16380,250,16630,M411,36.116365,-96.010568,23,28.8,34.8
BNSF,RD0217122,2017-02-28,10:40 PM,Derailment,0,TULSA,OK,52,4,Dark,Clear,Yard,Yard/switching,4,33842,36123,69965,S104,36.116365,-96.010568,52.6,69.3,51.6
BNSF,RD0418108,2018-04-09,12:45 AM,Derailment,0,TULSA,OK,65,4,Dark,Clear,Yard,Light loco(s),4,15000,2000,17000,H607,36.127481,-96.012452,41.5,48.7,51.2
BNSF,RD0617118,2017-06-16,3:30 PM,Derailment,0,TULSA,OK,96,2,Day,Clear,Yard,Freight Train,8,6786,16500,23286,S011,36.125784,-96.010746,84.6,81.6,83.6
BNSF,SF0716106,2016-07-10,6:00 AM,Derailment,0,TULSA,OK,73,1,Dawn,Clear,Yard,,0,0,85000,119341,E40C,36.125703,-96.012043,82.8,84.5,85.5
BNSF,RD0723104,2023-07-06,4:45 AM,Derailment,0,TULSA,OK,70,1,Dawn,Rain,Yard,Light loco(s),7,14754,1000,15754,M409,36.116116,-96.012558,76.5,74.4,74.5
BNSF,SF0815106,2015-08-10,7:30 PM,Derailment,0,TULSA,OK,92,3,Dusk,Clear,Yard,Cut of cars,0,30200,0,31377,M408,36.122738,-96.01094,89.3,83.4,82.1
BNSF,RD0423122,2023-04-25,5:45 PM,Other (describe in narrative),0,TULSA,OK,56,3,Dusk,Rain,Yard,Yard/switching,4,16790,0,18965,M408,36.124839,-96.011038,55.4,51.3,52.7
BNSF,RD0221118,2021-02-20,12:27 AM,Derailment,0,TULSA,OK,10,4,Dark,Clear,Yard,Yard/switching,6,15284,63757,79041,S011,36.107977,-96.019672,20.7,33.7,44.5
BNSF,SF1214105,2014-12-05,1:17 AM,Raking collision,0,TULSA,OK,55,4,Dark,Fog,Yard,Freight Train,6,7946,0,11946,H607,36.116365,-96.010568,47.3,54.5,45.7
BNSF,RD0223101,2023-02-01,1:12 PM,Derailment,0,TULSA,OK,30,2,Day,Cloudy,Yard,Light loco(s),5,2500,14000,16500,M404,36.11792,-96.012848,22.5,25.3,33.4
BNSF,RD0320101,2020-03-02,1:45 PM,Derailment,0,TULSA,OK,60,2,Day,Clear,Yard,Yard/switching,2,1000,12912,13912,M411,36.119823,-96.012381,64.8,52.6,51.2
BNSF,RD1116103,2016-11-07,5:05 PM,Derailment,0,TULSA,OK,60,2,Day,Rain,Yard,Yard/switching,5,7400,5000,12400,H607,36.116117,-96.012566,59,63,60.8
BNSF,RD0118122,2018-01-25,9:11 AM,Derailment,0,TULSA,OK,60,2,Day,Clear,Yard,Yard/switching,17,52377,0,52377,S016,36.122667,-96.011156,41.7,52.7,54.1
BNSF,RD0923105,2023-09-04,2:05 AM,Derailment,0,TULSA,OK,80,4,Dark,Clear,Yard,Freight Train,9,22015,44000,66015,H505,36.135207,-96.0089,83.7,85.9,87.2
SKOL,180831004,2018-08-31,9:00 PM,Derailment,0,TULSA,OK,82,3,Dusk,Clear,Main,Freight Train,5,29000,40000,69000,H507,36.257123,-95.856278,81.7,83.7,84.9
BNSF,SF0516114,2016-05-25,5:00 PM,Other impacts,0,TULSA,OK,85,3,Dusk,Clear,Yard,Yard/switching,4,250,0,18750,M408,36.121266,-96.010816,75.2,76.3,79.9
BNSF,SF0815106,2015-08-10,7:30 PM,Derailment,0,TULSA,OK,92,3,Dusk,Clear,Yard,Yard/switching,2,1177,0,31377,M408,36.122738,-96.01094,89.3,83.4,82.1
BNSF,RD0423122,2023-04-25,5:45 PM,Other (describe in narrative),0,TULSA,OK,56,3,Dusk,Rain,Yard,Yard/switching,2,675,1500,18965,M408,36.124839,-96.011038,55.4,51.3,52.7
BNSF,RD0319121,2019-03-29,1:48 AM,Derailment,0,TULSA,OK,55,4,Dark,Clear,Yard,Yard/switching,3,284578,419454,704032,E85C,36.117781,-96.012718,67.4,64.3,46
SKOL,180625003,2018-06-25,6:00 PM,Derailment,0,TULSA,OK,91,2,Day,Clear,Siding,Cut of cars,0,12000,0,12000,M599,36.176476,-95.983325,73.2,74.7,85.1
BNSF,RD0418128,2018-04-30,8:55 AM,Derailment,0,TULSA,OK,68,2,Day,Clear,Yard,,0,0,31500,81645,E46L,36.13701,-96.008745,66.8,71.3,73.1
BNSF,RD0118121,2018-01-25,10:30 AM,Derailment,0,TULSA,OK,51,2,Day,Clear,Yard,Yard/switching,8,15711,2000,17711,H703,36.151571,-96.000838,41.7,52.7,54.1
BNSF,SF0716103,2016-07-05,11:07 PM,Derailment,0,TULSA,OK,86,4,Dark,Clear,Yard,Freight Train,10,34729,5000,39729,E40C,36.110729,-96.015661,81.7,87.3,88.1
BNSF,RD0219115,2019-02-15,4:00 AM,Derailment,0,TULSA,OK,32,1,Dawn,Clear,Yard,Light loco(s),10,3000,26000,29000,H702,36.127138,-96.010715,55.5,29.5,29.6
BNSF,SF0516100,2016-05-02,7:30 PM,Other impacts,0,TULSA,OK,55,3,Dusk,Clear,Yard,Yard/switching,0,1100,0,10700,M408,36.122693,-96.011908,57.5,55,58.5
BNSF,RD0319112,2019-03-14,2:21 AM,Derailment,0,TULSA,OK,42,4,Dark,Cloudy,Yard,Yard/switching,7,24982,4200,29182,H507,36.131437,-96.010072,61,50.2,45
BNSF,RD0923103,2023-09-03,8:45 AM,Other (describe in narrative),0,TULSA,OK,79,1,Dawn,Clear,Yard,Yard/switching,3,1509,0,11509,M408,36.123521,-96.01155,79.2,83.7,85.9
BNSF,RD0622125,2022-06-27,2:18 PM,Derailment,0,TULSA,OK,87,2,Day,Clear,Yard,Yard/switching,4,11250,14000,25250,H607,36.125548,-96.011492,79.4,76,77.4
BNSF,RD0723103,2023-07-06,4:15 AM,Other (describe in narrative),0,TULSA,OK,70,1,Dawn,Rain,Yard,Yard/switching,5,10840,0,23780,M408,36.122317,-96.01094,76.5,74.4,74.5
SLWC,160710001,2016-07-10,6:16 AM,Derailment,0,TULSA,OK,73,1,Dawn,Clear,Yard,Freight Train,7,34341,0,119341,E40C,36.125703,-96.012043,82.8,84.5,85.5
BNSF,RD0122131,2022-01-29,5:10 PM,Derailment,0,TULSA,OK,55,3,Dusk,Clear,Yard,Freight Train,10,5334,459000,464334,E46C,36.116789,-96.010843,35.8,42.9,43.1
BNSF,RD0217115,2017-02-16,9:20 PM,Derailment,0,TULSA,OK,54,4,Dark,Clear,Yard,Yard/switching,7,80080,83000,163080,H514,36.108013,-96.019641,44.8,51.7,54.8
BNSF,RD0517100,2017-05-01,8:15 PM,Side collision,0,TULSA,OK,60,3,Dusk,Clear,Yard,Yard/switching,7,4000,0,20374,M408,36.122884,-96.010654,52.1,56.6,63.9
BNSF,RD1023118,2023-10-11,7:52 AM,Derailment,0,TULSA,OK,75,1,Dawn,Clear,Yard,Single Car,0,154,0,13321,M408,36.122204,-96.011404,66.3,72,66.3
BNSF,SF0516112,2016-05-24,1:10 AM,Other impacts,0,TULSA,OK,75,4,Dark,Clear,Yard,Yard/switching,5,21241,0,23741,H305,36.126009,-96.011195,69.6,75.2,76.3
BNSF,RD1020119,2020-10-27,4:35 PM,Derailment,0,TULSA,OK,50,2,Day,Rain,Yard,Light loco(s),7,30000,300,30300,H607,36.131457,-96.010067,37.5,35.1,40.6
BNSF,RD0718134,2018-07-24,1:40 PM,Obstruction,0,TULSA,OK,90,2,Day,Clear,Main,Spec. MoW Equip.,20,10000,0,20000,H402,36.183189,-95.879211,82.5,82.4,84.6
BNSF,RD0219122,2019-02-22,2:36 AM,Derailment,0,TULSA,OK,41,4,Dark,Cloudy,Yard,Yard/switching,7,12439,32000,44439,H507,36.112271,-96.015032,42.4,44.1,51.3
BNSF,RD0518105,2018-05-05,2:05 AM,Side collision,0,TULSA,OK,60,4,Dark,Clear,Yard,Yard/switching,7,600,13998,15148,H607,36.131531,-96.010115,66.5,68.8,74.4
BNSF,RD1019106,2019-10-07,6:19 AM,Side collision,0,TULSA,OK,52,1,Dawn,Clear,Yard,Light loco(s),4,9900,800,18900,H607,36.131182,-96.010185,60.3,59.5,60.3
BNSF,SF0315112,2015-03-14,3:05 AM,Derailment,0,TULSA,OK,58,4,Dark,Cloudy,Yard,Yard/switching,10,32523,500,33023,M411,36.118256,-96.011664,56,57.6,56.9
BNSF,RD1122130,2022-11-29,4:45 PM,Derailment,0,TULSA,OK,35,2,Day,Clear,Yard,Yard/switching,2,1000,48000,49000,M411,36.120606,-96.010914,47.9,54.1,34.5
BNSF,RD0423121,2023-04-25,11:29 AM,Derailment,0,TULSA,OK,50,2,Day,Clear,Yard,Freight Train,10,35155,8460,43615,H503,36.132533,-96.009839,55.4,51.3,52.7
SLWC,160602002,2016-06-02,7:30 AM,Derailment,0,TULSA,OK,75,1,Dawn,Clear,Main,Freight Train,8,12592,0,52592,T110,36.160462,-95.984322,73.4,72.9,73.5
BNSF,RD1017129,2017-10-24,9:20 AM,Derailment,0,TULSA,OK,63,2,Day,Clear,Main,Freight Train,0,0,208000,208000,T110,36.158571,-95.985949,59.2,55.5,56.1
BNSF,RD0422105,2022-04-05,7:00 PM,Derailment,0,TULSA,OK,55,3,Dusk,Cloudy,Yard,Freight Train,7,28317,50000,78317,T110,36.126023,-96.019361,59.7,63.2,59
BNSF,RD0119125,2019-01-23,6:02 PM,Derailment,0,TULSA,OK,30,3,Dusk,Cloudy,Yard,Light loco(s),4,15000,800,15800,T202,36.126085,-96.012832,46.2,29.9,32.4
BNSF,RD0121102,2021-01-03,10:10 PM,Derailment,0,TULSA,OK,39,4,Dark,Clear,Main,Freight Train,10,25437,349000,374437,T207,36.09438,-96.035534,35.7,38,43.1
SLWC,171024002,2017-10-24,9:00 AM,Derailment,0,TULSA,OK,55,2,Day,Clear,Main,Freight Train,7,0,0,208000,T110,36.158571,-95.985949,59.2,55.5,56.1
BNSF,RD0724118,2024-07-16,11:25 AM,Derailment,0,TULSA,OK,90,2,Day,Clear,Yard,Yard/switching,7,2327,98141,100468,T205,36.120498,-96.01132,90,87.8,80.1
TSU,212018,2018-10-29,1:05 PM,Derailment,0,TULSA,OK,75,2,Day,Clear,Main,Freight Train,7,3000,15000,18000,T111,36.067392,-95.98643,61.6,61.6,68.5
SKOL,170517002,2017-05-17,2:45 PM,Derailment,0,TULSA,OK,80,2,Day,Clear,Yard,Freight Train,0,0,8406,13356,T110,36.162208,-95.984618,75.8,75.1,76.8
SKOL,160602005,2016-06-02,7:30 AM,Derailment,0,TULSA,OK,75,1,Dawn,Clear,Main,Freight Train,0,0,40000,52592,T110,36.160462,-95.984322,73.4,72.9,73.5
BNSF,RD1217117,2017-12-24,10:10 PM,Derailment,0,TULSA,OK,30,4,Dark,Clear,Yard,Yard/switching,10,12000,156610,168610,T207,36.118949,-96.013286,31.1,32.4,32.1
BNSF,RD0122112,2022-01-11,10:29 AM,Derailment,0,TULSA,OK,45,2,Day,Clear,Main,Freight Train,9,9817,29500,39317,T316,36.142031,-96.006776,34.9,44,45.9
BNSF,RD0323122,2023-03-21,8:48 PM,Derailment,0,TULSA,OK,50,3,Dusk,Clear,Industry,Light loco(s),7,2000,16849,18849,T403,36.1889,-95.812691,45.7,50.1,70.6
BNSF,RD0219108,2019-02-07,2:52 PM,Derailment,0,TULSA,OK,25,2,Day,Clear,Yard,Yard/switching,9,41359,5000,46359,T103,36.117838,-96.013404,35.3,24.9,21.8
BNSF,RD1017126,2017-10-27,11:30 AM,Derailment,0,TULSA,OK,41,2,Day,Cloudy,Yard,Freight Train,4,11250,34000,45250,T207,36.115965,-96.014059,65.7,45.1,40.2
BNSF,RD0522124,2022-05-24,4:58 AM,Derailment,0,TULSA,OK,68,1,Dawn,Clear,Yard,Yard/switching,10,28000,300000,328000,T210,36.126523,-96.010929,56.5,63.1,59.2
BNSF,SF1015115,2015-10-31,11:00 AM,Derailment,0,TULSA,OK,60,2,Day,Cloudy,Yard,Light loco(s),5,36550,24500,61050,T403,36.128744,-96.011788,49.1,57.1,55.7
UP,0418FW053,2018-04-30,8:55 AM,Derailment,0,TULSA,OK,70,2,Day,Clear,Yard,Freight Train,6,50145,0,81645,T314,36.13701,-96.008745,66.8,71.3,73.1
BNSF,RD0318109,2018-03-07,11:10 AM,Derailment,0,TULSA,OK,41,2,Day,Clear,Yard,Light loco(s),6,15000,500,15500,T202,36.129857,-96.011669,46.1,39.7,44.2
BNSF,RD0117108,2017-01-16,8:28 PM,Derailment,0,TULSA,OK,51,3,Dusk,Clear,Industry,Yard/switching,8,26333,5000,31333,T110,36.182984,-95.882756,38.6,49.7,42.7
NS,134886,2019-07-26,4:09 PM,Derailment,0,TUNNELHILL,PA,80,3,Dusk,Clear,Main,Freight Train,10,187267,167657,354924,H506,40.496942,-78.486026,66,68.8,71.5
NS,141808,2021-06-07,3:45 PM,Derailment,0,TUNNELHILL,PA,72,2,Day,Clear,Main,Freight Train,12,381096,35205,416301,H506,40.476683,-78.49275,74.8,74.8,73.7
NS,134626,2019-07-05,8:40 PM,Derailment,0,TUNNELHILL,PA,80,4,Dark,Clear,Main,Freight Train,22,675277,75438,750715,H506,40.496942,-78.486026,73.3,72.7,73.7
BNSF,HL0323113,2023-03-11,9:51 AM,Obstruction,0,TUPELO,MS,60,2,Day,Clear,Industry,Freight Train,2,24686,0,24686,H307,34.233336,-88.689479,55.1,51.8,53.9
UP,0121PN019,2021-01-19,7:42 PM,Hwy-rail crossing,0,TURNER,OR,47,3,Dusk,Cloudy,Main,,0,0,150,25150,M303,44.748383,-122.941736,40.3,39.5,37.3
ABS,200416002,2020-04-16,9:12 AM,Derailment,0,TUSCALOOSA,AL,70,2,Day,Clear,Yard,Yard/switching,10,40000,3500,43500,H505,33.207625,-87.575826,52.1,55.5,62
ABS,200509001,2020-05-09,2:45 PM,Derailment,0,TUSCALOOSA,AL,70,2,Day,Clear,Yard,Freight Train,5,5810,9411,15221,T220,33.207625,-87.575826,59.6,56.4,59.6
NS,118318,2015-11-22,3:30 PM,Derailment,0,TUSCALOOSA,AL,72,2,Day,Clear,Yard,Freight Train,2,27300,8000,35300,H702,33.195188,-87.559139,51.9,39.4,38.9
NS,128849,2018-03-15,10:35 AM,Other (describe in narrative),0,TUSCALOOSA,AL,45,2,Day,Clear,Yard,Freight Train,5,21604,4162,25766,H702,33.1855,-87.563332,45,49.3,54
ABS,230813001,2023-08-13,12:30 AM,Other impacts,0,TUSCALOOSA,AL,83,4,Dark,Clear,Yard,Yard/switching,5,5000,0,61000,H306,33.202063,-87.573306,84,86.2,87
ABS,210129004,2021-01-29,8:15 PM,Derailment,0,TUSCALOOSA,AL,35,4,Dark,Clear,Industry,Yard/switching,4,12200,10300,22500,H510,33.202585,-87.603737,42,40.8,52.6
ABS,230328007,2023-03-23,10:30 PM,Derailment,0,TUSCALOOSA,AL,51,4,Dark,Clear,Industry,Freight Train,4,120000,140000,260000,T221,33.203986,-87.592898,64.6,70.7,73.9
ABS,230813001,2023-08-13,12:30 AM,Other impacts,0,TUSCALOOSA,AL,83,4,Dark,Clear,Yard,Cut of cars,0,55000,1000,61000,H306,33.202063,-87.573306,84,86.2,87
ABS,231128003,2023-11-28,4:30 AM,Derailment,0,TUSCALOOSA,AL,29,4,Dark,Clear,Yard,Freight Train,2,125000,32500,434500,H504,33.201104,-87.570423,42.2,41.4,41
NS,137601,2020-03-28,2:30 AM,Other (describe in narrative),0,TUSCALOOSA,AL,72,4,Dark,Clear,Yard,Freight Train,8,6240,5971,12211,H307,33.198398,-87.555879,73.8,77.1,70.4
NS,114625,2015-03-02,11:58 AM,Hwy-rail crossing,0,TUSCALOOSA,AL,60,2,Day,Cloudy,Main,Freight Train,43,11239,39001,50240,M302,33.138536,-87.573351,53.8,52.8,60.3
NS,138367,2020-06-29,11:40 AM,Derailment,0,TUSCALOOSA,AL,90,2,Day,Clear,Yard,Freight Train,9,11529,1500,13029,H503,33.192435,-87.560364,83,83.9,82.5
ABS,210722006,2021-07-22,2:30 PM,Derailment,0,TUSCALOOSA,AL,92,2,Day,Clear,Main,Freight Train,7,8806,12000,20806,T109,33.237554,-87.66233,79.6,80.9,80.1
ATK,137931,2015-06-07,10:55 PM,Obstruction,0,TUSCOLA,IL,68,4,Dark,Rain,Main,Passenger Train - Pulling,70,12753,0,12753,M404,39.808992,-88.289474,67.8,75.4,72
UP,0216SL001,2016-02-06,4:27 AM,Derailment,0,TUSCOLA,IL,37,4,Dark,Clear,Siding,Freight Train,27,4830,28530,33360,M507,39.79877,-88.281662,28.1,34.2,40.5