reportingrailroadcode,accidentnumber,date,time,accidenttype,hazmatreleasedcars,station,stateabbr,temperature,visibility_code,visibility,weathercondition,tracktype,equipmenttype,trainspeed,equipmentdamagecost,trackdamagecost,totaldamagecost,primaryaccidentcausecode,latitude,longitude,prior_temp,actual_temp,following_temp
IC,862205,2015-06-07,10:55 PM,Obstruction,0,TUSCOLA,IL,68,4,Dark,Rain,Main,,0,0,0,12753,M404,39.808992,-88.289474,67.8,75.4,72
NS,127299,2017-11-05,12:01 AM,Derailment,0,TUSCUMBIA,AL,67,4,Dark,Clear,Main,Freight Train,35,140388,1079871,1220259,T213,34.72053,-87.725089,67.1,69.7,71.6
SLWC,170306003,2017-03-06,3:25 PM,Derailment,0,TUTTLE,OK,78,2,Day,Clear,Main,Freight Train,13,55000,72012,127012,T221,34.985509,-98.079712,55.2,67.6,51.2
SLWC,230212001,2023-02-12,1:30 PM,Derailment,0,TUTTLE,OK,63,2,Day,Clear,Industry,Freight Train,4,36000,7348,43348,T111,35.218844,-97.854547,36.1,45.5,47.5
EIRR,D5010315,2015-10-23,9:00 PM,Derailment,0,TWIN FALLS,ID,51,4,Dark,Clear,Yard,Yard/switching,8,9807,1800,11607,H306,42.551261,-114.472708,50.4,51.2,55.5
EIRR,221012006,2022-10-12,9:30 PM,Derailment,0,TWIN FALLS,ID,57,4,Dark,Clear,Main,Freight Train,19,566700,28204,594904,T210,42.543623,-114.423632,59.3,59.2,58.5
UP,0624TO027,2024-06-19,2:10 PM,Hwy-rail crossing,0,TYE,TX,83,2,Day,Cloudy,Main,Freight Train,50,12529,0,12529,M302,32.457333,-99.866038,83.6,79.5,78
BNSF,NW0122105,2022-01-05,1:18 PM,Derailment,0,TYLER,WA,21,2,Day,Snow,Main,Freight Train,37,193444,211908,405352,M201,47.44781,-117.71775,27.3,24.3,27.2
UP,1119TO009,2019-11-11,10:43 PM,Derailment,0,TYLER,TX,34,4,Dark,Clear,Industry,Freight Train,5,21827,7179,29006,M101,32.321378,-95.381064,58.3,52.9,31.3
UP,0918FW039,2018-09-26,10:15 AM,Derailment,0,TYLER,TX,85,2,Day,Cloudy,Industry,Freight Train,4,9325,1474,10799,T001,32.34095,-95.327728,77.9,74,65.6
UP,0615FW022,2015-06-14,8:50 PM,Derailment,0,TYLER,TX,82,4,Dark,Clear,Industry,Freight Train,6,8867,4465,13332,T110,32.340988,-95.327713,79,78.1,79.5
TNTX,20161024TN,2016-10-24,6:00 PM,Derailment,0,TYNER,TN,80,3,Dusk,Cloudy,Yard,Yard/switching,3,40000,1000,57000,H704,35.072931,-85.14975,56.2,63,64
TNTX,20161024TN,2016-10-24,6:00 PM,Derailment,0,TYNER,TN,80,3,Dusk,Cloudy,Yard,Cut of cars,0,15000,1000,57000,H704,35.072931,-85.14975,56.2,63,64
TNTX,08262021,2021-08-26,8:40 AM,Derailment,0,TYNER,TN,77,2,Day,Clear,Yard,Yard/switching,10,20000,5000,25000,H799,35.072731,-85.159609,83.5,81,81.5
SW,20141205,2014-12-05,3:00 AM,Other impacts,0,TYRONE,NM,41,4,Dark,Clear,Siding,Freight Train,25,25000,4000,29000,E09L,32.709,-108.3019,49.8,47.3,48.1
SW,SWW032315D,2015-03-23,4:00 PM,Derailment,0,TYRONE,NM,55,2,Day,Clear,Industry,Light loco(s),5,0,11145,11145,T001,32.643966,-108.367826,57,56.4,55
BNSF,TC1220105,2020-12-27,11:40 AM,Other impacts,0,ULEN,MN,20,2,Day,Cloudy,Industry,Light loco(s),8,10694,0,14694,H301,47.057718,-96.258184,15.6,16.6,6.4
BNSF,TC1220105,2020-12-27,11:40 AM,Other impacts,0,ULEN,MN,20,2,Day,Cloudy,Industry,Yard/switching,1,2000,2000,14694,H301,47.057718,-96.258184,15.6,16.6,6.4
BNSF,TC1119110,2019-11-25,12:55 AM,Derailment,0,ULEN,MN,39,4,Dark,Cloudy,Industry,Freight Train,10,46420,0,46420,T202,47.051647,-96.25811,36.4,36.5,31.8
ATK,170671,2022-05-21,5:45 AM,Obstruction,0,ULMER,SC,77,4,Dark,Rain,Main,Passenger Train - Pulling,68,11588,0,11588,M404,33.072762,-81.213829,82.8,77.5,75.3
CSX,000205180,2022-05-21,5:45 AM,Obstruction,0,ULMER,SC,72,1,Dawn,Clear,Main,,0,0,0,11588,M404,33.062746,-81.216121,82.8,77.5,75.3
CSX,000191552,2020-07-22,11:43 AM,Derailment,0,ULSTER PARK,NY,91,2,Day,Clear,Main,Freight Train,35,28674,0,28674,E33C,41.888402,-73.986153,77.2,78.7,77.9
CVR,CVR020321D,2021-02-03,7:00 PM,Side collision,0,ULYSSES,KS,51,3,Dusk,Cloudy,Industry,Freight Train,5,50855,0,82270,H399,37.54,-101.192222,40.5,47.5,37
CVR,CVR020321D,2021-02-03,7:00 PM,Side collision,0,ULYSSES,KS,51,3,Dusk,Cloudy,Industry,Cut of cars,0,29515,1900,82270,H399,37.54,-101.192222,40.5,47.5,37
UP,0519PN015,2019-05-17,7:15 AM,Obstruction,0,UMATILLA,OR,53,2,Day,Rain,Main,Freight Train,40,21875,613,22488,M101,45.942214,-119.073659,59.2,59.7,60.8
DMVW,DE123016,2016-12-30,2:15 AM,Derailment,0,UNDERWOOD,ND,5,4,Dark,Clear,Industry,Freight Train,5,20942,0,20942,M101,47.374139,-101.098001,17.9,18.1,18.8
KCS,15071605,2015-07-16,12:05 PM,Fire/violent rupture,0,UNION,MS,91,2,Day,Clear,Siding,Spec. MoW Equip.,3,900000,0,900000,M599,32.657828,-89.129921,83.2,79.2,83.9
UP,0116PD017,2016-01-30,9:02 AM,Derailment,0,UNION,OR,32,2,Day,Cloudy,Main,Freight Train,49,12654,134065,146719,E53C,45.234617,-117.943893,36.1,31.9,30.7
UP,0421PN017,2021-04-15,12:12 AM,Derailment,0,UNION,OR,50,4,Dark,Cloudy,Main,Freight Train,19,50817,3376005,3427992,H508,45.081715,-117.821995,44.9,48.6,51.8
UP,0616PR011,2016-06-21,7:45 PM,Hwy-rail crossing,0,UNION,IL,76,4,Dark,Clear,Main,Freight Train,48,39130,0,39130,M308,42.230576,-88.53066,55.5,56.9,56.5
CSX,000173334,2017-12-08,2:07 PM,Derailment,0,UNION,NJ,36,2,Day,Clear,Main,Freight Train,34,1117478,0,2047522,T220,40.681102,-74.242783,39.4,35.6,32.5
CRSH,127709,2017-12-08,2:07 PM,Derailment,0,UNION,NJ,36,2,Day,Clear,Main,,0,0,930044,2047522,T220,40.681343,-74.242454,39.4,35.6,32.5
KCS,15030201,2015-03-02,12:15 PM,Other impacts,0,UNION,MS,55,2,Day,Cloudy,Yard,Cut of cars,1,8768,0,27006,H318,32.566917,-89.120556,53.3,54.4,62.5
UP,0421PN017,2021-04-15,12:12 AM,Derailment,0,UNION,OR,50,4,Dark,Cloudy,Main,Cut of cars,0,1170,0,3427992,H508,45.081715,-117.821995,44.9,48.6,51.8
NJTR,202010335,2020-09-23,11:59 PM,Other (describe in narrative),0,UNION,NJ,65,4,Dark,Clear,Main,Commuter Train - Pulling,50,12976,0,12976,H599,40.683367,-74.239184,60.1,68.9,67.6
ATK,143642,2016-07-31,6:39 PM,Other (describe in narrative),0,UNION,NJ,75,2,Day,Clear,Main,Passenger Train - Pulling,10,18512,1000,19512,T404,40.679742,-74.206508,77.1,75.9,73.5
UP,0624HL016,2024-06-11,4:54 PM,Derailment,0,UNION,NE,91,2,Day,Clear,Main,Freight Train,44,1909368,191777,2101145,T108,40.789104,-95.917361,69.9,75.6,80
CSX,000185983,2019-10-14,8:36 PM,Hwy-rail crossing,0,UNION CITY,GA,68,4,Dark,Cloudy,Main,Freight Train,29,6733,8395,15128,M303,33.581606,-84.551089,64.3,65.6,67.3
CSX,000152871,2015-10-05,8:30 AM,Derailment,0,UNION CITY,KY,65,2,Day,Clear,Yard,Yard/switching,6,12210,1000,13210,H702,37.850352,-84.256836,62.6,66.4,66.2
CSX,000211661,2023-06-05,10:25 AM,Hwy-rail crossing,0,UNION CITY,GA,68,2,Day,Cloudy,Main,Freight Train,35,3684,11042,14726,M304,33.581632,-84.551033,72.2,71.7,76.9
CSX,000219886,2024-08-11,7:45 AM,Derailment,0,UNION MILLS,IN,75,1,Dawn,Clear,Main,Freight Train,40,119955,52438,172393,E61C,41.497673,-86.764352,64.4,65,65.5
CSX,000200715,2021-10-14,5:52 PM,Hwy-rail crossing,0,UNION POINT,GA,81,3,Dusk,Cloudy,Main,Freight Train,40,20124,0,20124,M302,33.596158,-83.008211,68.8,69.7,70.7
SWP,01222015,2015-01-22,7:30 AM,Derailment,0,UNIONTOWN,PA,43,1,Dawn,Clear,Main,Freight Train,10,75000,125000,200000,T110,39.902427,-79.722001,34.2,32.5,31.9
SWP,211201SWP,2021-12-01,7:48 AM,Derailment,0,UNIONTOWN,PA,36,1,Dawn,Cloudy,Industry,Freight Train,9,4700,28000,32700,T110,39.875642,-79.713005,39.9,42.4,53.3
NS,137780,2020-04-21,2:15 PM,Derailment,0,UNIONVILLE,GA,79,2,Day,Clear,Industry,Freight Train,6,132,12049,12181,T110,31.415273,-83.497928,68.5,67.8,65.5
UP,0424HL037,2024-04-28,12:35 AM,Obstruction,0,UNITY VILLAGE,MO,62,4,Dark,Rain,Main,Freight Train,46,1248817,104074,1352891,M101,38.95871,-94.400976,69.9,64.1,63.6
MER,MER00031F,2023-08-22,3:20 PM,Derailment,0,UNIVERSITY CITY,MO,99,2,Day,Clear,Industry,Freight Train,9,0,0,140000,T110,38.681483,-90.330168,86.1,88.2,88.9
WBRW,ID230174,2023-08-22,3:20 PM,Derailment,0,UNIVERSITY CITY,MO,99,2,Day,Cloudy,Industry,Freight Train,0,0,140000,140000,T110,38.681483,-90.330168,86.1,88.2,88.9
ATK,160293,2019-07-28,5:03 PM,Hwy-rail crossing,0,UNIVERSITY PARK,IL,86,2,Day,Cloudy,Main,Passenger Train - Pulling,69,1061628,0,1561628,M308,41.456326,-87.72476,77.9,78.9,74
NIRC,9419000163,2021-03-28,4:11 PM,Other (describe in narrative),0,UNIVERSITY PARK,IL,40,2,Day,Cloudy,Yard,EMU,0,20905,17001,37906,M105,41.45768,-87.72435,51.3,43.4,44.2
NIRC,2020071986,2020-10-12,6:18 PM,Side collision,0,UNIVERSITY PARK,IL,50,4,Dark,Clear,Yard,EMU,0,63059,0,337630,H399,41.436935,-87.733542,63.3,57.3,54.4
NIRC,2020071986,2020-10-12,6:18 PM,Side collision,0,UNIVERSITY PARK,IL,50,4,Dark,Clear,Yard,EMU,9,261590,12981,337630,H399,41.436935,-87.733542,63.3,57.3,54.4
IC,1007149,2019-07-28,5:03 PM,Hwy-rail crossing,0,UNIVERSITY PARK,IL,86,2,Day,Cloudy,Main,,0,0,500000,1561628,M308,41.45631,-87.724754,77.9,78.9,74
NIRC,MEI078,2015-07-21,4:53 PM,Other (describe in narrative),0,UNIVERSITY PARK,IL,78,2,Day,Clear,Main,EMU,6,34541,2261,36802,T104,41.45726,-87.724314,74.4,73.4,71.8
NIRC,2018071398,2018-02-06,7:40 AM,Other (describe in narrative),0,UNIVERSITY PARK,IL,10,1,Dawn,Cloudy,Yard,EMU,5,35555,4367,39922,T404,41.459634,-87.723117,5.2,12.6,17.2
BNSF,PR1116100,2016-11-02,2:02 AM,Other (describe in narrative),0,UPTON,WY,44,4,Dark,Clear,Main,Freight Train,54,5200,9000,14200,E32C,44.088626,-104.615609,46.2,46.7,47.9
BNSF,PR0118115,2018-01-22,5:50 PM,Derailment,0,UPTON,WY,23,3,Dusk,Cloudy,Main,Freight Train,10,410951,230000,640951,E53C,44.08119,-104.603768,25.8,22.7,25.8
NS,116855,2015-08-07,7:50 PM,Derailment,0,URBANA,IL,72,3,Dusk,Clear,Main,Freight Train,2,15,12831,12846,T110,40.114374,-88.193964,72,70.2,74.4
BNSF,TC0922104,2022-09-18,1:15 AM,Derailment,0,UTICA,SD,65,4,Dark,Clear,Main,Freight Train,23,549824,171284,721108,T216,42.978496,-97.493536,71,66.9,71.9
CSX,000173652,2017-12-26,8:40 PM,Derailment,0,UTICA,NY,12,4,Dark,Clear,Yard,Freight Train,7,26310,0,78286,H702,43.106118,-75.227386,25.8,14.7,7.3
NYSW,150721B,2015-07-21,5:36 PM,Derailment,0,UTICA,NY,76,2,Day,Clear,Yard,Single Car,28,17742,5000,22742,M502,43.104772,-75.223338,75.6,69.3,66.5
ADCX,21111301D,2021-11-03,12:30 PM,Derailment,0,UTICA,NY,60,2,Day,Clear,Yard,Yard/switching,5,30000,0,30064,H212,43.103309,-75.21742,40.4,38.3,36.4
MHWA,171201,2017-12-26,8:40 PM,Derailment,0,UTICA,NY,12,4,Dark,Clear,Yard,,0,0,51976,78286,H702,43.106118,-75.227386,25.8,14.7,7.3
CSX,000203694,2021-11-03,12:30 PM,Derailment,0,UTICA,NY,60,2,Day,Clear,Industry,,0,0,64,30064,H212,43.103091,-75.217538,40.4,38.3,36.4
CSX,000174514,2018-02-05,11:15 AM,Other (describe in narrative),0,UTICA,NY,19,2,Day,Cloudy,Main,Freight Train,50,23000,50,23050,E72L,43.110435,-75.25073,30.7,17.7,16.5
WNYP,2016006,2016-03-11,11:59 AM,Derailment,0,UTICA,PA,54,2,Day,Cloudy,Main,Freight Train,9,6000,18000,24000,T110,41.437,-79.965391,54.8,40.1,44.7
BNSF,RD0717113,2017-07-20,5:20 PM,Derailment,0,UVALDE,TX,94,2,Day,Clear,Main,Freight Train,45,2000,0,205099,E62C,29.276396,-99.703948,85.4,86.6,87.3
UP,0721SX001,2021-07-02,11:54 AM,Derailment,0,UVALDE,TX,84,2,Day,Cloudy,Main,Freight Train,34,56025,9500,65525,E53C,29.241953,-99.914679,80.8,83,83.1
UP,0623SX004,2023-06-06,6:20 PM,Derailment,0,UVALDE,TX,89,3,Dusk,Clear,Industry,Yard/switching,5,12272,0,12272,M501,29.239752,-99.834148,74.9,75,77.4
UP,0719SX021,2019-07-25,3:26 PM,Hwy-rail crossing,0,UVALDE,TX,89,2,Day,Clear,Main,Freight Train,44,12026,3650,15676,M303,29.239789,-99.834479,79.4,76.7,78
UP,1119SX001,2019-11-01,12:30 AM,Derailment,0,UVALDE,TX,38,4,Dark,Clear,Main,Freight Train,37,27429,280772,308201,E62C,29.238511,-99.978394,43.9,46.8,53.9
UP,0617SA016,2017-06-16,4:51 PM,Derailment,0,UVALDE,TX,95,2,Day,Clear,Industry,Freight Train,8,78393,99,78492,T113,29.169587,-100.035407,84.2,83.7,85
UP,1117LV012,2017-11-12,9:54 AM,Hwy-rail crossing,0,VACHERIE,LA,70,2,Day,Clear,Main,Freight Train,50,57677,1946,59623,M302,30.010289,-90.670596,61.1,66.5,65.3
UP,0824GC021,2024-08-20,12:55 AM,Derailment,0,VACHERIE,LA,79,4,Dark,Clear,Main,Freight Train,46,162890,158088,320978,E61C,29.996597,-90.728939,85.3,84.9,84.4
BNSF,SW1220101,2020-12-02,4:26 AM,Derailment,0,VADO,NM,34,1,Dawn,Clear,Main,Freight Train,46,1400000,415000,1815000,M503,32.116069,-106.666299,44.8,40.2,35.3
UP,1220LA035,2020-12-02,9:32 PM,Broken train collision,0,VAIL,AZ,49,4,Dark,Clear,Main,Freight Train,20,12152,0,12152,H519,31.981089,-110.524124,53,50.7,50.3
UP,0118ST003,2018-01-04,9:24 PM,Obstruction,0,VAIL,AZ,50,4,Dark,Clear,Main,Freight Train,48,48413,250,48663,M402,32.113964,-110.830157,61.7,63.1,59
CSX,000173790,2018-01-03,2:37 AM,Derailment,0,VALDOSTA,GA,28,4,Dark,Rain,Yard,Freight Train,5,12287,197,12484,H503,30.816436,-83.312827,30.4,30.5,33.2
NS,117284,2015-09-08,6:05 PM,Derailment,0,VALDOSTA,GA,86,3,Dusk,Clear,Industry,Freight Train,7,34695,3000,37695,M405,30.830296,-83.245052,75.2,78.7,79.3
UP,0124TO016,2024-01-11,12:42 PM,Hwy-rail crossing,0,VALENTINE,TX,45,2,Day,Clear,Main,,0,0,0,21153,M302,30.893563,-104.783405,39.8,43.6,38.1
ATK,177951,2024-01-11,11:38 AM,Hwy-rail crossing,0,VALENTINE,TX,5,2,Day,Clear,Main,Passenger Train - Pulling,79,21153,0,21153,M302,30.890785,-104.782211,39.8,43.6,38.1
UP,0916ST008,2016-09-03,2:10 AM,Fire/violent rupture,0,VALENTINE,TX,67,4,Dark,Clear,Siding,Freight Train,5,36644,0,36644,E73L,30.433741,-104.303229,71.8,74.1,75.1
UP,0916ST010,2016-09-07,7:07 PM,Hwy-rail crossing,0,VALENTINE,TX,85,2,Day,Cloudy,Main,Freight Train,69,20907,0,20907,M308,30.890841,-104.782234,73.9,76.1,77.2
TXPF,08102016,2016-08-10,5:00 PM,Derailment,0,VALERA,TX,100,2,Day,Clear,Main,Freight Train,21,250000,450000,700000,T204,31.754246,-99.495094,87.3,89.3,90.4
MNCW,2015020343,2015-02-03,6:27 PM,Hwy-rail crossing,0,VALHALLA,NY,16,4,Dark,Clear,Main,EMU,58,3600000,100000,3700000,M308,41.086275,-73.788032,23.5,16.5,27
MNCW,2017051722,2017-05-17,3:42 PM,Obstruction,0,VALHALLA,NY,70,2,Day,Clear,Main,EMU,28,145204,43311,188515,M404,41.072515,-73.772175,66.8,71.9,83.1
BNSF,MT0217101,2017-02-09,5:02 PM,Derailment,0,VALIER,MT,30,3,Dusk,Clear,Main,Cut of cars,10,16600,2000,18600,M502,48.300468,-112.2164,-12.1,23.3,35.9
UP,0317CB023,2017-03-30,1:15 PM,Derailment,0,VALLEY,NE,45,2,Day,Cloudy,Yard,Freight Train,7,58573,67457,126030,T205,41.315851,-96.348009,40.5,38.2,41.1
BNSF,RD0221105,2021-02-06,2:55 PM,Derailment,0,VALLEY BROOK,OK,34,2,Day,Cloudy,Yard,Yard/switching,9,97388,34000,131388,T299,35.382362,-97.483107,41.7,38.4,31.4
BNSF,KS0415100,2015-04-03,3:00 AM,Derailment,0,VALLEY CENTER,KS,45,4,Dark,Cloudy,Main,Freight Train,1,124992,0,124992,M105,37.880295,-97.404213,67.1,50.6,47.3
NS,128114,2018-01-13,2:20 AM,Derailment,0,VALLEY CITY,IL,10,4,Dark,Clear,Main,Freight Train,19,608800,627227,1236027,E65C,39.69288,-90.669708,13.6,14,19.7
CP,1001285850,2020-07-21,8:40 PM,Derailment,0,VALLEY CITY,ND,67,4,Dark,Clear,Main,Freight Train,40,530591,16490,547081,T099,46.929467,-97.983564,65.1,63.8,65
BNSF,RD1118106,2018-11-08,2:00 PM,Derailment,0,VALLEY MILLS,TX,52,2,Day,Rain,Siding,Freight Train,2,12321,0,12321,E29C,31.608905,-97.458993,66.1,55.5,50.3
BNSF,TX0315107,2015-03-21,5:04 PM,Derailment,1,VALLEY MILLS,TX,59,3,Dusk,Clear,Main,Freight Train,40,745992,3561534,4307526,M201,31.654779,-97.474668,59.9,56.5,60
BNSF,RD0524108,2024-05-07,6:02 PM,Derailment,0,VALLEY MILLS,TX,88,3,Dusk,Clear,Main,Freight Train,6,302826,218156,520982,T001,31.69616,-97.533002,76.3,80.2,81.1
BNSF,RD1023126,2023-10-17,7:30 PM,Other (describe in narrative),0,VALLEY VIEW,TX,65,3,Dusk,Cloudy,Main,Spec. MoW Equip.,10,0,25000,25000,H607,33.495889,-97.162634,51.5,54.5,64.8
BNSF,TX0515100,2015-05-08,1:15 AM,Derailment,0,VALLEY VIEW,TX,64,4,Dark,Clear,Main,Freight Train,34,5592849,2176946,7769795,M103,33.456774,-97.154731,68.9,73.1,72.5
UP,0717PD018,2017-07-14,1:50 PM,Derailment,0,VALLEYFORD,WA,97,2,Day,Clear,Industry,Freight Train,11,154097,116115,270212,T110,47.521473,-117.196147,74.8,77,77.8
KRR,KRR295117A,2017-05-05,8:30 PM,Other (describe in narrative),0,VALLIANT,OK,70,3,Dusk,Clear,Yard,Light loco(s),5,14000,0,14000,E71L,34.003391,-95.099744,57.9,60.7,62.4
NS,154011,2023-08-23,9:20 AM,Derailment,0,VALLSCREEK,WV,80,2,Day,Clear,Industry,Freight Train,13,160407,0,160407,H020,37.208728,-81.64843,73.1,72.9,73
UP,1117SL017,2017-11-23,6:40 PM,Fire/violent rupture,0,VALMEYER,IL,32,4,Dark,Cloudy,Main,Freight Train,40,234513,2747,237260,E73L,38.209166,-90.271033,31.6,40.3,51.7
ATK,149819,2017-10-05,7:45 PM,Obstruction,0,VALMORA,NM,60,4,Dark,Rain,Main,Passenger Train - Pulling,44,50000,0,55000,M404,35.814214,-104.911051,57.7,56.3,58.2
ATK,143737,2016-08-11,12:26 PM,Obstruction,0,VALMORA,NM,90,2,Day,Clear,Main,Passenger Train - Pulling,70,16600,0,16600,M404,35.819292,-104.86163,68.6,70,63.2
GTW,1120572,2022-12-11,9:45 AM,Derailment,0,VALPARAISO,IN,37,2,Day,Cloudy,Main,Freight Train,20,2128,168452,170580,E53C,41.479604,-87.072258,35.6,37.4,36.6
GTW,1136732,2023-07-22,4:20 AM,Obstruction,0,VALPARAISO,IN,64,4,Dark,Clear,Main,Freight Train,28,958267,279478,1237745,M402,41.476432,-87.053947,69.3,67.7,71.2
CSX,000215253,2023-12-28,6:48 AM,Hwy-rail crossing,0,VALPARAISO,IN,55,1,Dawn,Rain,Main,Freight Train,30,5690,41791,47481,M310,41.575867,-87.124436,35.5,40.4,36.7
DGNO,DGN803215D,2015-09-11,3:15 AM,Derailment,0,VAN ALSTYNE,TX,73,4,Dark,Clear,Yard,Freight Train,6,45000,61500,106500,T221,33.441814,-96.583678,80.2,79.2,72.8
DGNO,DGN972822,2022-06-06,1:00 PM,Derailment,0,VAN ALSTYNE,TX,89,2,Day,Cloudy,Yard,Freight Train,10,25000,5750,30750,T108,33.405974,-96.56721,77.8,82.3,82
UP,1123MA023,2023-11-18,3:00 PM,Other impacts,0,VAN BUREN,AR,67,2,Day,Clear,Siding,Freight Train,2,22758,0,108211,H307,35.433478,-94.33022,60.2,52.2,51.9
AM,AM092421,2021-09-24,2:00 AM,Derailment,0,VAN BUREN,AR,87,4,Dark,Clear,Yard,Yard/switching,3,31398,25000,56398,H502,35.260265,-94.213987,64.8,67.7,70.3
AM,AM071817,2017-07-18,2:10 PM,Derailment,0,VAN BUREN,AR,94,2,Day,Clear,Yard,Freight Train,10,5000,10518,15518,E49C,35.432623,-94.3559,83.8,83.1,84.6
UP,1019MA010,2019-10-06,12:05 PM,Derailment,0,VAN BUREN,AR,78,2,Day,Cloudy,Industry,Yard/switching,7,65625,0,65625,M501,35.429853,-94.353221,74,72.6,64.7
UP,1123MA023,2023-11-18,3:00 PM,Other impacts,0,VAN BUREN,AR,67,2,Day,Clear,Siding,Freight Train,5,85453,0,108211,H307,35.433478,-94.33022,60.2,52.2,51.9
UP,0822MA007,2022-08-04,2:10 AM,Other impacts,0,VAN BUREN,AR,81,4,Dark,Clear,Yard,Cut of cars,0,299469,0,777783,H306,35.430071,-94.344022,88.5,82.7,86.6
UP,0822MA007,2022-08-04,2:10 AM,Other impacts,0,VAN BUREN,AR,81,4,Dark,Clear,Yard,Cut of cars,0,83952,0,777783,H306,35.430071,-94.344022,88.5,82.7,86.6
AM,AM051122,2022-05-11,1:30 AM,Other impacts,0,VAN BUREN,AR,70,4,Dark,Clear,Main,Freight Train,9,50000,200000,250000,H607,35.433088,-94.364274,81.9,80.9,80.2
UP,0523MA001,2023-05-01,7:47 AM,Derailment,0,VAN BUREN,AR,43,2,Day,Cloudy,Yard,Freight Train,4,53198,5540,58738,H525,35.429428,-94.352583,60,57.4,62.3
UP,0822MA007,2022-08-04,2:10 AM,Other impacts,0,VAN BUREN,AR,81,4,Dark,Clear,Yard,Cut of cars,0,0,0,777783,H306,35.430071,-94.344022,88.5,82.7,86.6
MNR,852147,2024-05-06,11:05 AM,Derailment,0,VAN BUREN,ME,55,2,Day,Cloudy,Yard,Yard/switching,3,624,55968,56592,T110,47.172505,-67.94462,50.4,53.1,49.5
UP,1222MA046,2022-12-31,1:49 AM,Derailment,0,VAN BUREN,AR,46,4,Dark,Cloudy,Yard,Freight Train,10,20535,8160,28695,T202,35.432123,-94.335131,53.8,53.1,57.2
MNR,807367,2024-01-17,2:25 PM,Derailment,0,VAN BUREN,ME,12,2,Day,Clear,Yard,Yard/switching,6,7859,15033,22892,T110,47.172707,-67.944804,12.8,16.6,9.4
UP,0220ST017,2020-02-15,1:55 PM,Hwy-rail crossing,0,VAN HORN,TX,65,2,Day,Clear,Main,Freight Train,40,20873,1192,22065,M303,31.059135,-104.608664,47.9,53.6,56.9
UP,0718ST015,2018-07-23,7:30 AM,Hwy-rail crossing,0,VAN HORN,TX,102,2,Day,Clear,Main,Freight Train,67,72766,99,72865,M308,31.059135,-104.608664,90.1,90.4,85.2
UP,1117ST025,2017-11-29,10:50 AM,Hwy-rail crossing,0,VAN HORN,TX,55,2,Day,Clear,Main,Freight Train,69,141035,900,141935,M308,31.059135,-104.608664,61.3,49.3,52.3
UP,0218ST013,2018-02-28,3:39 PM,Hwy-rail crossing,0,VAN HORN,TX,55,2,Day,Cloudy,Main,Freight Train,68,51193,900,52093,M304,31.059135,-104.608664,59.7,57.2,47.4
UP,1119ST002,2019-11-02,3:33 AM,Fire/violent rupture,0,VAN HORN,TX,41,4,Dark,Clear,Main,Freight Train,30,281641,0,281641,E73L,31.097548,-104.118797,52.4,48.1,59.2
UP,0117ST020,2017-01-30,6:19 AM,Derailment,0,VAN HORN,TX,28,1,Dawn,Clear,Main,Freight Train,40,964542,496100,1460642,H503,31.067517,-104.213288,41.7,45.1,48.9
UP,0817ST009,2017-08-07,8:15 PM,Fire/violent rupture,0,VAN HORN,TX,81,4,Dark,Cloudy,Main,Freight Train,65,11161,200,11361,E73L,31.047886,-104.744462,85.5,83.4,79.5
UP,0718NP031,2018-07-23,12:24 PM,Derailment,0,VAN TASSELL,WY,76,2,Day,Cloudy,Main,Freight Train,39,24999,63205,88204,H401,42.614825,-104.124902,73.6,70.3,73.3
UP,0522GC005,2022-05-01,8:34 PM,Hwy-rail crossing,0,VAN VLECK,TX,78,4,Dark,Clear,Main,,0,0,132,20132,M302,29.026734,-95.785182,77.8,77.2,78.6
NS,124273,2017-03-11,1:30 AM,Derailment,0,VANCE,AL,50,4,Dark,Clear,Industry,Freight Train,2,4862,29742,34604,H306,33.17284,-87.255281,62.2,44.9,45.8
NS,116817,2015-08-06,12:30 AM,Derailment,0,VANCE,AL,76,4,Dark,Clear,Yard,Freight Train,4,15200,12510,27710,H506,33.173788,-87.238538,83,78,80.2
NS,115785,2015-05-24,10:20 PM,Derailment,0,VANCE,AL,80,4,Dark,Cloudy,Yard,Freight Train,4,6400,23073,29473,H306,33.172879,-87.254587,71.9,73.4,72.5
NS,156032,2024-03-13,3:15 PM,Hwy-rail crossing,0,VANCE,AL,78,2,Day,Clear,Main,Freight Train,50,314,25000,25314,M303,33.174832,-87.233324,55.6,60.4,68.5
NS,132783,2019-02-08,9:06 PM,Derailment,0,VANCE,AL,36,4,Dark,Clear,Siding,Freight Train,9,68000,20557,88557,H303,33.181279,-87.210845,69.7,45.8,43.2
NS,123571,2017-01-15,1:10 AM,Hwy-rail crossing,0,VANCE,AL,45,4,Dark,Clear,Main,Freight Train,50,15,43065,43080,M303,33.160749,-87.29986,60.6,59.4,62.6
NS,135193,2019-08-21,9:30 PM,Derailment,0,VANCE,AL,72,4,Dark,Clear,Yard,Freight Train,7,22863,25523,48386,T110,33.171836,-87.267425,80.3,80.2,80