reportingrailroadcode,accidentnumber,date,time,accidenttype,hazmatreleasedcars,station,stateabbr,temperature,visibility_code,visibility,weathercondition,tracktype,equipmenttype,trainspeed,equipmentdamagecost,trackdamagecost,totaldamagecost,primaryaccidentcausecode,latitude,longitude,prior_temp,actual_temp,following_temp
NS,118586,2015-12-16,10:00 AM,Derailment,0,VANCE,AL,59,2,Day,Clear,Industry,Freight Train,4,8600,3500,12100,T202,33.179996,-87.213929,53.4,55.8,53.9
ATK,174298,2023-04-05,9:01 PM,Obstruction,0,VANCOUVER,WA,48,4,Dark,Rain,Main,Passenger Train - Pushing,73,26357,0,26357,M404,45.713516,-122.725617,43.3,46.3,48.2
BNSF,NW0723124,2023-07-25,6:40 AM,Derailment,0,VANCOUVER,WA,60,1,Dawn,Cloudy,Yard,Yard/switching,4,122289,11066,133355,H019,45.645784,-122.687798,68.6,70.1,69.7
BNSF,NW0217115,2017-02-09,2:56 PM,Obstruction,0,VANCOUVER,WA,59,2,Day,Clear,Main,,0,0,0,22397,M404,45.6153,-122.614507,36.5,47,45.7
BNSF,NW0223111,2023-02-27,6:45 PM,Derailment,0,VANCOUVER,WA,35,3,Dusk,Rain,Yard,Yard/switching,4,8846,12000,20846,H702,45.640883,-122.686605,38,38.8,37.2
BNSF,NW1123109,2023-11-11,1:54 AM,Derailment,0,VANCOUVER,WA,52,4,Dark,Rain,Yard,Yard/switching,4,5347,15066,20413,H702,45.617784,-122.718317,51.3,53.4,52.2
BNSF,NW0119105,2019-01-15,10:00 AM,Derailment,0,VANCOUVER,WA,40,2,Day,Clear,Main,Spec. MoW Equip.,10,500,24750,25250,H402,45.704008,-122.717554,38.4,35.5,39.3
BNSF,NW0718113,2018-07-14,9:15 AM,Derailment,0,VANCOUVER,WA,70,2,Day,Clear,Yard,Yard/switching,5,50300,211888,262188,H306,45.634707,-122.686575,77.1,74.3,81
BNSF,NW0919112,2019-09-28,2:36 PM,Derailment,0,VANCOUVER,WA,64,2,Day,Clear,Yard,Yard/switching,6,3948,7500,11448,H019,45.635208,-122.686552,54.8,50.8,47.8
BNSF,NW0122121,2022-01-24,12:38 PM,Other impacts,0,VANCOUVER,WA,40,2,Day,Clear,Yard,Yard/switching,1,16000,0,21000,H607,45.648419,-122.688132,34.6,34.6,35.3
BNSF,NW1118113,2018-11-30,7:15 AM,Derailment,0,VANCOUVER,WA,55,1,Dawn,Clear,Yard,Freight Train,3,3000,18500,21500,H702,45.650899,-122.68846,46.5,45.8,43.4
BNSF,NW1220110,2020-12-19,11:19 AM,Derailment,0,VANCOUVER,WA,50,2,Day,Clear,Industry,Freight Train,5,39901,21663,61564,H704,45.637679,-122.699573,48.6,52,51.1
BNSF,NW0319106,2019-03-05,7:50 AM,Other (describe in narrative),0,VANCOUVER,WA,47,1,Dawn,Cloudy,Yard,Freight Train,10,15475,0,15475,H503,45.65239,-122.688516,33.9,32.4,33.6
BNSF,NW0423119,2023-04-05,9:01 PM,Obstruction,0,VANCOUVER,WA,40,4,Dark,Clear,Main,,0,0,0,26357,M404,45.713836,-122.725771,43.3,46.3,48.2
BNSF,NW0619105,2019-06-11,6:00 PM,Other (describe in narrative),0,VANCOUVER,WA,75,3,Dusk,Clear,Yard,Yard/switching,4,27278,0,27278,H020,45.648365,-122.724159,71.4,78.7,80.3
BNSF,NW1120110,2020-11-15,7:40 PM,Derailment,0,VANCOUVER,WA,64,3,Dusk,Cloudy,Yard,Yard/switching,7,23520,16337,39857,H607,45.646599,-122.687905,46.2,51.9,49.4
BNSF,NW0122121,2022-01-24,12:38 PM,Other impacts,0,VANCOUVER,WA,40,2,Day,Clear,Yard,Freight Train,2,5000,0,21000,H607,45.648419,-122.688132,34.6,34.6,35.3
BNSF,NW0623122,2023-06-29,1:16 PM,Derailment,0,VANCOUVER,WA,65,2,Day,Clear,Yard,Yard/switching,4,109242,27858,137100,H607,45.634427,-122.686599,69.6,73.1,71.1
BNSF,NW1219130,2019-12-29,3:41 AM,Derailment,0,VANCOUVER,WA,44,4,Dark,Cloudy,Yard,Freight Train,4,12000,500381,512381,H307,45.651338,-122.688467,43.6,42.4,43.2
PNWR,PNW865624R,2024-07-15,2:49 PM,Derailment,0,VANCOUVER,WA,86,2,Day,Clear,Yard,Freight Train,9,45000,0,45000,H702,45.650972,-122.688444,75.2,70.6,77.7
BNSF,NW1119112,2019-11-29,10:54 AM,Derailment,0,VANCOUVER,WA,45,2,Day,Clear,Yard,Yard/switching,4,12500,40951,53451,H312,45.638165,-122.686671,39.9,34.4,35.3
BNSF,NW0416109,2016-04-13,4:20 AM,Derailment,0,VANCOUVER,WA,55,1,Dawn,Rain,Industry,Yard/switching,4,19642,1000,20642,H702,45.648854,-122.726898,53,51.6,48.3
BNSF,NW0316104,2016-03-08,7:30 PM,Derailment,0,VANCOUVER,WA,45,3,Dusk,Rain,Yard,Freight Train,6,8724,9538,18262,H503,45.648568,-122.688193,47.3,42.2,46.1
CBCX,101816,2016-10-18,1:00 PM,Other impacts,0,VANCOUVER,WA,57,2,Day,Cloudy,Yard,Yard/switching,7,65000,0,65000,H318,45.61766,-122.6429,54.6,52.9,53.3
BNSF,NW0318117,2018-03-24,9:30 AM,Derailment,0,VANCOUVER,WA,41,2,Day,Rain,Yard,Freight Train,7,11721,27224,43148,H702,45.650873,-122.688455,40.8,40.4,44.5
BNSF,NW1015104,2015-10-13,1:45 PM,Derailment,0,VANCOUVER,WA,70,2,Day,Clear,Yard,Yard/switching,7,7094,7700,14794,H307,45.652996,-122.688406,56.5,59.2,57.6
BNSF,NW0517112,2017-05-22,4:22 AM,Derailment,0,VANCOUVER,WA,54,4,Dark,Clear,Industry,Yard/switching,5,11282,1000,12282,M409,45.633512,-122.692927,69,74.3,69.6
BNSF,NW0724114,2024-07-15,2:49 PM,Derailment,0,VANCOUVER,WA,82,2,Day,Clear,Yard,,0,0,18153,18153,H307,45.645791,-122.687643,75.2,70.6,77.7
BNSF,NW0917200,2017-09-13,2:43 PM,Hwy-rail crossing,0,VANCOUVER,WA,73,2,Day,Clear,Main,,0,0,10000,21420,M302,45.707628,-122.720967,71.4,62.4,64.3
BNSF,NW0417114,2017-04-22,4:35 AM,Derailment,0,VANCOUVER,WA,57,1,Dawn,Cloudy,Main,Freight Train,9,24997,107000,131997,E49C,45.632962,-122.686574,54.5,58.3,52.1
BNSF,NW1214105,2014-12-09,10:00 AM,Other (describe in narrative),0,VANCOUVER,WA,58,2,Day,Clear,Yard,Light loco(s),2,0,40945,40945,H702,45.628338,-122.68244,46.4,47.9,51.4
BNSF,NW0318117,2018-03-24,9:30 AM,Derailment,0,VANCOUVER,WA,41,2,Day,Rain,Yard,Cut of cars,0,4203,0,43148,H702,45.650873,-122.688455,40.8,40.4,44.5
ATK,149461,2017-09-13,2:43 PM,Hwy-rail crossing,0,VANCOUVER,WA,72,2,Day,Clear,Main,Passenger Train - Pushing,79,11420,0,21420,M302,45.707628,-122.720967,71.4,62.4,64.3
ATK,146422,2017-02-09,2:56 PM,Obstruction,0,VANCOUVER,WA,59,2,Day,Clear,Main,Passenger Train - Pulling,33,22397,0,22397,M404,45.6153,-122.614507,36.5,47,45.7
BNSF,NW0416108,2016-04-13,6:00 PM,Derailment,0,VANCOUVER,WA,46,3,Dusk,Cloudy,Yard,Yard/switching,9,10712,1000,11712,T307,45.635946,-122.686486,53,51.6,48.3
BNSF,NW1216109,2016-12-20,3:10 PM,Derailment,0,VANCOUVER,WA,45,2,Day,Clear,Yard,Freight Train,10,9500,12500,22000,T108,45.633795,-122.693735,39.6,46.4,33.3
NS,114587,2015-02-28,12:30 PM,Derailment,0,VANSANT,VA,19,2,Day,Snow,Industry,Freight Train,3,35500,0,35500,M101,37.202809,-82.093854,22.3,28.5,41.6
CSX,000169340,2016-11-10,12:29 PM,Fire/violent rupture,0,VARNVILLE,SC,67,2,Day,Clear,Industry,Freight Train,40,100000,0,100000,M599,32.830847,-81.052335,57.4,53,53.9
CSX,000191398,2020-07-16,10:00 AM,Hwy-rail crossing,0,VARNVILLE,SC,92,2,Day,Clear,Main,Freight Train,27,26146,854,27000,M304,32.836322,-81.060111,83.6,82.6,83.2
NS,153042,2023-05-10,12:30 AM,Derailment,0,VAUCLUSE,SC,70,4,Dark,Clear,Industry,Freight Train,0,230210,20126,250336,H025,33.651669,-81.807605,76.6,71.8,70.6
BNSF,SW0623107,2023-06-18,4:33 AM,Derailment,0,VAUGHN,NM,60,1,Dawn,Clear,Yard,Single Car,0,24944,0,38756,H307,34.600958,-105.197281,63.5,65.9,71
BNSF,SW0623107,2023-06-18,4:33 AM,Derailment,0,VAUGHN,NM,60,1,Dawn,Clear,Yard,Freight Train,9,9962,3850,38756,H307,34.600958,-105.197281,63.5,65.9,71
BNSF,SW0715104,2015-07-14,5:35 PM,Derailment,0,VAUGHN,NM,74,3,Dusk,Clear,Main,Freight Train,30,3900,222000,225900,E65C,34.49156,-104.916983,74.5,71.4,67.7
BNSF,SW0316103,2016-03-13,8:50 AM,Derailment,0,VAUGHN,NM,32,1,Dawn,Clear,Main,Freight Train,9,153642,29000,182642,T207,34.511343,-105.080674,42.7,44.4,48.6
TRRA,23037,2023-07-21,2:07 AM,Derailment,0,VENICE,IL,77,4,Dark,Clear,Yard,Yard/switching,3,39000,15458,54458,T213,38.661819,-90.159928,81.3,74.2,74.4
TRRA,23039,2023-07-27,4:40 AM,Derailment,0,VENICE,IL,84,1,Dawn,Clear,Yard,Cut of cars,2,13491,47072,60563,E35C,38.674991,-90.163265,86.1,89.9,90.2
TRRA,24018,2024-06-24,1:42 PM,Derailment,0,VENICE,IL,93,2,Day,Clear,Yard,Yard/switching,10,258000,134996,392996,M505,38.661238,-90.159633,85.1,83.7,86.5
IC,1153445,2024-07-20,3:32 AM,Derailment,0,VENICE,IL,70,4,Dark,Clear,Yard,Freight Train,4,0,0,0,H703,38.662847,-90.160665,72.1,73.1,75.2
TRRA,24003,2024-02-21,12:57 PM,Derailment,0,VENICE,IL,69,2,Day,Clear,Yard,Yard/switching,3,10178,39551,49729,M405,38.663611,-90.160277,47.1,56.7,56.9
TRRA,24022OR,2024-07-20,3:20 AM,Derailment,0,VENICE,IL,70,4,Dark,Clear,Yard,,0,0,166177,166177,H703,38.662847,-90.160665,72.1,73.1,75.2
UP,0921MA037,2021-09-29,2:50 PM,Derailment,0,VENICE,IL,87,2,Day,Clear,Yard,Freight Train,5,6497,0,22046,H523,38.676411,-90.16485,74.8,72.9,72.4
UP,0921MA001,2021-09-01,2:25 PM,Derailment,0,VENICE,IL,81,2,Day,Clear,Yard,Freight Train,5,12925,0,35496,H503,38.676411,-90.16485,76,73.6,69.9
TRRA,21014,2021-02-24,5:52 PM,Derailment,0,VENICE,IL,50,3,Dusk,Clear,Yard,Yard/switching,3,13150,46545,59695,M405,38.676286,-90.162053,51.6,49.9,39.3
NS,137694,2020-04-08,3:00 PM,Other (describe in narrative),0,VENICE,MO,75,2,Day,Clear,Yard,Freight Train,3,26186,0,31001,H399,38.688211,-90.212971,70.6,73.7,56.6
NS,137694,2020-04-08,3:00 PM,Other (describe in narrative),0,VENICE,MO,75,2,Day,Clear,Yard,Freight Train,0,900,3915,31001,H399,38.688211,-90.212971,70.6,73.7,56.6
TRRA,22006,2022-02-17,6:50 PM,Derailment,0,VENICE,IL,22,3,Dusk,Sleet,Yard,Yard/switching,5,7990,4857,12847,H703,38.662233,-90.159796,58.2,34.9,27.2
TRRA,24006OR,2024-03-08,6:57 AM,Derailment,0,VENICE,IL,52,2,Day,Clear,Yard,Freight Train,0,0,63993,69693,H503,38.676144,-90.164354,50.3,55.2,45.7
TRRA,24007,2024-03-26,7:25 AM,Derailment,0,VENICE,IL,40,1,Dawn,Clear,Yard,Yard/switching,4,81900,5232,87132,M407,38.663333,-90.160277,59.9,45.6,43.4
TRRA,16014,2016-10-11,3:51 PM,Other impacts,0,VENICE,IL,82,2,Day,Clear,Yard,Yard/switching,16,34131,0,34131,H316,38.667256,-90.162404,61.8,66.3,63.7
TRRA,19016,2019-08-02,7:24 AM,Derailment,0,VENICE,IL,69,1,Dawn,Clear,Yard,,0,0,6072,11377,M503,38.665415,-90.162916,73.9,75,78
TRRA,18019,2018-09-26,1:37 AM,Derailment,0,VENICE,IL,54,4,Dark,Clear,Yard,Yard/switching,5,2500,10308,12808,H525,38.661016,-90.159617,76.2,63.4,62
TRRA,23040OR,2023-08-15,9:18 PM,Derailment,0,VENICE,IL,72,4,Dark,Clear,Yard,Freight Train,2,124500,17033,141533,M405,38.674213,-90.161507,75.9,69.6,70.8
BNSF,SF0315115,2015-03-17,6:55 PM,Derailment,0,VENICE,IL,43,3,Dusk,Clear,Yard,Light loco(s),8,20000,0,31834,T211,38.662743,-90.160729,63.4,52.9,41.8
TRRA,15006,2015-03-13,4:45 PM,Other impacts,0,VENICE,IL,51,2,Day,Rain,Yard,Single Car,0,26000,18784,44784,M407,38.669883,-90.16289,53.7,50.7,53.5
NS,143782,2021-12-17,7:15 AM,Obstruction,0,VENICE,MO,72,1,Dawn,Rain,Main,Freight Train,6,6189,120000,153230,M402,38.674764,-90.201011,53.9,46.1,41.3
TRRA,17016,2017-10-09,4:45 PM,Derailment,0,VENICE,IL,82,4,Dark,Clear,Yard,Yard/switching,6,3295,25294,28589,T199,38.665224,-90.161982,67.8,71.5,70
BNSF,SF0415104,2015-04-05,11:21 PM,Derailment,0,VENICE,IL,65,4,Dark,Cloudy,Yard,Light loco(s),4,13119,0,23086,T314,38.675728,-90.16251,47.8,54.2,58.7
UP,0819MA003,2019-08-02,7:31 AM,Derailment,0,VENICE,IL,76,2,Day,Clear,Yard,Freight Train,3,5305,0,11377,T111,38.665415,-90.162916,73.9,75,78
TRRA,15008,2015-03-17,6:55 PM,Derailment,0,VENICE,IL,49,3,Dusk,Clear,Yard,Freight Train,0,0,11834,31834,T199,38.662547,-90.160502,63.4,52.9,41.8
CSX,000216704,2024-03-08,6:57 AM,Derailment,0,VENICE,IL,60,1,Dawn,Cloudy,Yard,Freight Train,5,5700,0,69693,T199,38.642282,-90.098859,50.3,55.2,45.7
TRRA,23034,2023-07-11,12:27 PM,Derailment,0,VENICE,IL,87,2,Day,Clear,Yard,Freight Train,5,8005,18791,26796,T319,38.661819,-90.159928,76.6,81.9,81.8
TRRA,15002,2015-01-21,4:20 PM,Derailment,0,VENICE,IL,44,2,Day,Clear,Yard,Freight Train,0,0,33562,35279,T111,38.676224,-90.163728,39.3,39.8,32.9
TRRA,23038,2023-07-25,10:35 AM,Derailment,0,VENICE,IL,94,2,Day,Clear,Yard,Freight Train,7,26783,200000,226783,T319,38.663466,-90.1604,82.6,84.6,86.1
TRRA,23003,2023-01-20,5:25 AM,Derailment,0,VENICE,IL,33,1,Dawn,Clear,Yard,Yard/switching,4,0,73009,73009,T111,38.66427,-90.15981,40.4,34.7,33
TRRA,18008,2018-05-11,2:50 PM,Derailment,0,VENICE,IL,85,2,Day,Clear,Yard,Yard/switching,7,13252,22463,35715,T399,38.663636,-90.160408,75.2,76.4,78.2
TRRA,18009,2018-05-19,2:30 PM,Derailment,0,VENICE,IL,71,2,Day,Clear,Siding,Yard/switching,10,7135,12000,19135,T199,38.66169,-90.159762,68.1,70.7,71.7
TRRA,19027,2019-11-12,7:58 AM,Derailment,0,VENICE,IL,17,1,Dawn,Clear,Yard,Yard/switching,8,30000,17864,47864,T311,38.661335,-90.159645,31.9,15.6,24.2
TRRA,16020,2016-12-15,12:33 PM,Derailment,0,VENICE,IL,22,2,Day,Clear,Yard,Yard/switching,10,4410,13130,17540,T399,38.663925,-90.159716,23.9,18.8,26
TRRA,18005,2018-03-08,3:30 AM,Derailment,0,VENICE,IL,25,4,Dark,Clear,Yard,Yard/switching,5,4845,10614,15459,T199,38.66416,-90.162147,35.4,33.4,38.7
TRRA,23056,2023-12-11,2:11 AM,Derailment,0,VENICE,IL,28,4,Dark,Clear,Yard,Yard/switching,5,4668,60960,65628,T314,38.661851,-90.159658,36.9,37.7,39.5
BNSF,TX0615109,2015-06-13,10:52 AM,Raking collision,0,VENUS,TX,83,2,Day,Clear,Industry,Freight Train,3,100520,0,100520,H306,32.427087,-97.130376,83.9,81.1,81.1
FEC,X37090422,2022-09-04,5:20 AM,Hwy-rail crossing,0,VERO BEACH,FL,72,4,Dark,Clear,Main,Freight Train,51,5167,23643,28810,M304,27.565389,-80.371178,82,83.1,83.1
FEC,X11022920,2020-02-29,7:18 AM,Hwy-rail crossing,0,VERO BEACH,FL,54,1,Dawn,Clear,Main,Freight Train,43,29332,99,29431,M303,27.64555,-80.399668,53,54.1,56.6
FEC,T09021624,2024-02-16,7:01 PM,Other (describe in narrative),0,VERO BEACH,FL,71,4,Dark,Clear,Main,,0,0,0,16000,M599,27.609091,-80.38457,65.8,68.3,64.7
BLF,20244114,2024-02-16,7:01 PM,Other impacts,0,VERO BEACH,FL,71,4,Dark,Clear,Main,Passenger Train - Pulling,79,16000,0,16000,M599,27.609091,-80.38457,65.8,68.3,64.7
KCS,21081902,2021-08-19,11:00 AM,Obstruction,0,VERONA,MS,82,2,Day,Clear,Main,Spec. MoW Equip.,10,37703,0,37703,H218,34.152884,-88.71229,80.2,78.6,78.1
SV,7202021,2021-07-20,3:20 PM,Derailment,0,VERONA,VA,88,2,Day,Clear,Main,Freight Train,20,10000,30000,40000,E46C,38.15624,-79.05018,72.9,73.8,75.5
CSX,000203394,2022-03-02,8:04 AM,Hwy-rail crossing,0,VERSAILLES,OH,35,2,Day,Clear,Main,Freight Train,58,20649,104441,125090,M303,40.223731,-84.482135,45.3,44.4,32.9
UP,0519TO020,2019-05-19,2:30 PM,Derailment,0,VIAN,OK,77,2,Day,Clear,Main,Freight Train,33,39660,64728,104388,E35C,35.471249,-94.923578,69.3,68.7,69.6
KCS,18061901,2018-06-19,7:00 AM,Derailment,0,VICKSBURG,MS,75,2,Day,Rain,Main,Freight Train,7,55668,8379,64047,E09C,32.344307,-90.883635,78.5,78.3,77.8
KCS,17111401,2017-11-14,2:01 AM,Other (describe in narrative),0,VICKSBURG,MS,47,4,Dark,Clear,Main,Freight Train,16,11000,500,11500,E22C,32.35159,-90.736358,60.6,53.7,57.3
KCS,22020502,2022-02-05,6:00 AM,Derailment,0,VICKSBURG,MS,25,4,Dark,Cloudy,Main,Freight Train,12,145000,8731,153731,M101,32.344355,-90.876144,32.4,34.4,38.2
KCS,17100201,2017-10-02,7:19 PM,Obstruction,0,VICKSBURG,MS,78,4,Dark,Clear,Main,Freight Train,38,15068,0,15068,M404,32.333092,-90.833158,76.1,72,77.1
GTW,1024355,2020-01-19,6:55 PM,Obstruction,0,VICKSBURG,MI,15,4,Dark,Cloudy,Main,Freight Train,43,3502,9420,12922,M402,42.155855,-85.467693,30.4,16.8,18.5
KCS,20042002,2020-04-20,2:35 PM,Obstruction,0,VICKSBURG,MS,65,2,Day,Clear,Main,Freight Train,32,203513,97352,300865,M101,32.344237,-90.862974,66.6,61.8,65.9
KCS,21010701,2021-01-07,12:10 PM,Derailment,0,VICKSBURG,MS,40,2,Day,Rain,Main,Freight Train,15,128000,0,128000,H505,32.344301,-90.883748,49.2,47.1,41.7
KCS,21122101,2021-12-21,7:18 PM,Derailment,0,VICKSBURG,MS,68,4,Dark,Clear,Main,Freight Train,38,750089,528700,1278789,E69C,32.346673,-90.752244,41.7,44.8,44.8
VSOR,D650614,2014-11-23,3:00 PM,Derailment,0,VICKSBURG,MS,66,2,Day,Cloudy,Main,Freight Train,9,22777,13500,36277,T206,32.533977,-90.773604,61.4,64.6,54.6
VSOR,210421004,2021-04-21,4:00 PM,Derailment,0,VICKSBURG,MS,75,2,Day,Clear,Main,Freight Train,10,17500,62628,80128,T102,32.426702,-90.825871,63.5,51.3,55.8
KCS,14111902,2014-11-19,6:00 PM,Derailment,0,VICKSBURG,MS,40,4,Dark,Clear,Yard,Spec. MoW Equip.,5,35053,13898,48951,T110,32.345688,-90.872804,33.4,42.6,52.2
UP,0816SA023,2016-08-31,9:41 PM,Derailment,0,VICTORIA,TX,86,4,Dark,Clear,Industry,Spec. MoW Equip.,4,19123,0,19123,H305,28.825374,-97.0052,76.3,79,82.4
UP,0723GC025,2023-07-17,6:10 PM,Fire/violent rupture,0,VICTORIA,TX,89,3,Dusk,Clear,Yard,Freight Train,10,37795,3520,41315,M406,28.662061,-96.870643,87.7,86.8,87.7
UP,0119ES039,2019-01-17,12:30 PM,Hwy-rail crossing,0,VICTORIA,TX,65,2,Day,Cloudy,Main,Spec. MoW Equip.,15,14809,99,14908,M308,28.767954,-96.948388,58,58.7,63.2
KCS,19012502,2019-01-25,5:50 PM,Hwy-rail crossing,0,VICTORIA,TX,65,2,Day,Clear,Main,Freight Train,32,82,10941,11023,M303,28.837065,-96.918166,46.4,51,55.6
UP,0422GC009,2022-04-07,4:55 PM,Other impacts,0,VICTORIA,TX,74,2,Day,Clear,Yard,Yard/switching,10,11363,0,11424,M105,28.659666,-96.874699,75.8,63.7,62.4
UP,0422GC009,2022-04-07,4:55 PM,Other impacts,0,VICTORIA,TX,74,2,Day,Clear,Yard,Cut of cars,1,61,0,11424,M105,28.659666,-96.874699,75.8,63.7,62.4
KCS,15123001,2015-12-30,4:00 AM,Derailment,0,VICTORIA,TX,45,4,Dark,Cloudy,Siding,Freight Train,7,17912,101075,118987,H703,28.826481,-96.937453,46,51.6,52.3
GC,GCR664324L,2024-01-12,10:30 PM,Head on collision,0,VIDALIA,GA,48,4,Dark,Clear,Yard,Freight Train,10,100000,0,100000,H607,32.218012,-82.410189,44.8,53.1,49.5
GC,GCR216218,2018-05-25,10:00 AM,Derailment,0,VIDALIA,GA,77,2,Day,Clear,Siding,Freight Train,3,1500,47000,48500,T199,32.229392,-82.416687,73.7,77.1,77.8
UP,0617LV018,2017-06-21,2:00 AM,Derailment,0,VIDOR,TX,84,4,Dark,Cloudy,Industry,Yard/switching,3,15016,8985,24001,H508,30.097444,-94.00614,81.8,76,79.5
KCS,18041601,2018-04-16,6:17 AM,Derailment,0,VIDOR,TX,47,1,Dawn,Clear,Siding,Freight Train,9,287003,182948,469951,T207,30.124415,-94.013166,54,57.8,67.6
UP,1120GC033,2020-11-23,5:20 PM,Derailment,0,VIDOR,TX,66,2,Day,Clear,Industry,Yard/switching,4,20997,4436,25433,T110,30.084018,-94.073026,65.8,62.5,67.7
CSX,000206425,2022-07-29,12:50 AM,Derailment,0,VIENNA,GA,80,4,Dark,Clear,Main,Freight Train,30,30412,60679,91091,E51C,32.04746,-83.807842,83,83.1,84.2
BNSF,CH0620106,2020-06-30,5:16 PM,Obstruction,0,VIENNA,IL,90,3,Dusk,Clear,Main,Freight Train,34,167171,487514,654685,M404,37.376093,-88.956775,81.1,75.6,73.3
CSX,000153446,2015-10-20,5:10 PM,Hwy-rail crossing,0,VIENNA,GA,72,3,Dusk,Clear,Main,Freight Train,46,136620,50,136670,M308,32.056269,-83.804058,55.7,60.4,65.6
NPR,OI072401,2024-07-22,4:15 PM,Other impacts,0,VIKING,MN,75,2,Day,Clear,Main,Spec. MoW Equip.,7,22796,0,22796,H997,48.18022,-96.258975,74,70.7,69.5
NPR,DR112001,2020-11-12,7:30 PM,Derailment,0,VIKING,MN,30,4,Dark,Clear,Main,Freight Train,25,305381,30000,335381,T210,48.222967,-96.428022,23.3,17.9,21.8
UP,0722MA025,2022-07-11,10:00 PM,Derailment,0,VILLA GROVE,IL,78,4,Dark,Clear,Yard,Freight Train,8,64364,24837,89201,H704,39.859375,-88.162726,72.4,75.2,75.2
UP,0817SL006,2017-08-08,12:46 PM,Derailment,0,VILLA GROVE,IL,79,2,Day,Clear,Yard,Freight Train,8,5123,8052,13175,T314,39.859652,-88.162953,69.3,68.3,67.9
ATK,172257,2022-07-05,4:30 PM,Other (describe in narrative),0,VILLANOVA,PA,85,2,Day,Clear,Main,,0,0,7682,23119,M599,40.038773,-75.342488,73.6,75.3,79.8
ATK,137028,2015-02-07,11:01 AM,Fire/violent rupture,0,VILLANOVA,PA,35,2,Day,Cloudy,Main,,0,0,0,14319,E74L,40.038366,-75.341126,22.5,32.8,37.5
SEPA,0705225438,2022-07-05,4:30 PM,Other (describe in narrative),0,VILLANOVA,PA,85,2,Day,Clear,Main,EMU,60,15437,0,23119,M404,40.038773,-75.342488,73.6,75.3,79.8
SEPA,17429,2015-02-07,11:01 AM,Fire/violent rupture,0,VILLANOVA,PA,35,2,Day,Cloudy,Main,Passenger Train - Pulling,0,14319,0,14319,E74L,40.038366,-75.341126,22.5,32.8,37.5
CSX,000180079,2018-11-28,6:30 AM,Derailment,0,VINCENNES,IN,19,1,Dawn,Clear,Yard,Freight Train,4,75518,1590,77108,H702,38.676928,-87.519565,23.7,24.7,41.9
UP,0721HL008,2021-07-13,9:17 PM,Derailment,0,VINITA,OK,82,4,Dark,Clear,Main,Freight Train,43,3434,171600,175034,E62C,36.728721,-95.094078,71.4,75.9,80
IANR,VID0221211,2021-02-21,10:20 PM,Derailment,0,VINTON,IA,29,4,Dark,Snow,Industry,Freight Train,6,24621,10600,35221,M599,42.164748,-92.03161,14.8,25.2,33.7
ATK,178458,2024-02-17,3:45 PM,Hwy-rail crossing,0,VINTON,LA,45,2,Day,Cloudy,Main,Passenger Train - Pulling,70,17785,0,17785,M308,30.160098,-93.637926,62.9,49.9,44.7
UP,0224GC030,2024-02-17,3:45 PM,Hwy-rail crossing,0,VINTON,LA,48,2,Day,Clear,Main,,0,0,0,17785,M308,30.160104,-93.637933,62.9,49.9,44.7
BNSF,TC0220105,2020-02-05,12:30 PM,Other impacts,0,VIRGINIA,MN,15,2,Day,Clear,Industry,Freight Train,5,100000,0,100000,H607,47.494119,-92.552973,-0.7,7.9,10.7
KCS,20011601,2020-01-16,6:18 AM,Hwy-rail crossing,0,VIVIAN,LA,60,4,Dark,Rain,Main,Freight Train,53,11486,1587,13073,M302,32.93371,-93.99351,68,56.7,53
KCS,15070301,2015-07-03,7:45 AM,Rear end collision,0,VIVIAN,LA,78,2,Day,Clear,Main,Freight Train,22,28867,7850,116614,H605,32.859318,-93.985291,82.1,82.3,78.3
KCS,15070301,2015-07-03,7:45 AM,Rear end collision,0,VIVIAN,LA,78,2,Day,Clear,Main,Freight Train,0,79897,0,116614,H605,32.859318,-93.985291,82.1,82.3,78.3
KCS,17072201,2017-07-22,12:40 AM,Derailment,0,VIVIAN,LA,75,4,Dark,Clear,Main,Freight Train,40,1644272,399958,2044230,T204,32.86126,-93.98632,85,85.1,81.3
RCPE,RCP109319S,2019-07-10,10:15 AM,Raking collision,0,VOLGA,SD,85,2,Day,Clear,Industry,Freight Train,7,79645,0,79645,H302,44.325157,-96.905474,72.9,68.1,70.6
BNSF,RD0221119,2021-02-21,9:03 AM,Derailment,0,VON ORMY,TX,70,2,Day,Clear,Main,Freight Train,2,109170,0,114482,H318,29.325473,-98.632151,46.1,57.7,60.5
UP,0919SX006,2019-09-09,7:20 AM,Derailment,0,VON ORMY,TX,75,2,Day,Clear,Industry,Freight Train,4,3542,15148,18690,M501,29.322405,-98.642973,85.5,84.4,83.7
UP,0819SX034,2019-08-28,5:00 AM,Derailment,0,VON ORMY,TX,76,1,Dawn,Clear,Industry,Freight Train,5,11127,12630,23757,H702,29.317853,-98.644337,88.4,88.4,88.9
UP,0423SX001,2023-04-03,7:05 PM,Derailment,0,VON ORMY,TX,92,3,Dusk,Clear,Yard,Freight Train,9,13064,14079,27143,H511,29.29727,-98.635535,76.1,77.8,79.4
TSWS,20230201,2023-02-01,3:50 AM,Derailment,0,VON ORMY,TX,37,4,Dark,Rain,Yard,Light loco(s),6,1000,25000,26000,H702,29.303211,-98.637677,34.7,34.3,40.7