reportingrailroadcode,accidentnumber,date,time,accidenttype,hazmatreleasedcars,station,stateabbr,temperature,visibility_code,visibility,weathercondition,tracktype,equipmenttype,trainspeed,equipmentdamagecost,trackdamagecost,totaldamagecost,primaryaccidentcausecode,latitude,longitude,prior_temp,actual_temp,following_temp
UP,0221SX021,2021-02-21,9:03 AM,Derailment,0,VON ORMY,TX,63,2,Day,Clear,Main,,0,0,5312,114482,H318,29.325473,-98.632151,46.1,57.7,60.5
BNSF,RD1120111,2020-11-16,5:35 PM,Derailment,0,VON ORMY,TX,68,3,Dusk,Clear,Yard,Freight Train,2,94890,0,94890,H318,29.325184,-98.633667,66.5,59.2,58.6
BNSF,RD1020105,2020-10-09,2:40 AM,Derailment,0,VON ORMY,TX,80,4,Dark,Clear,Yard,Freight Train,2,15608,21994,37602,H702,29.325185,-98.633679,74,80,79.9
UP,1017SA002,2017-10-01,2:50 PM,Derailment,0,VON ORMY,TX,90,2,Day,Clear,Yard,Freight Train,8,82791,35573,118364,H702,29.323765,-98.639866,76.3,76,78.6
BNSF,RD0422125,2022-04-29,6:30 PM,Derailment,0,VON ORMY,TX,76,3,Dusk,Clear,Yard,Freight Train,4,98199,0,98199,T108,29.326705,-98.620519,78.2,78.7,79.1
CSX,000199753,2021-08-28,1:20 AM,Derailment,0,VONORE,TN,80,4,Dark,Clear,Industry,Freight Train,7,4000,0,105483,H307,35.581271,-84.268054,79,80.1,79.4
CSX,000199753,2021-08-28,1:20 AM,Derailment,0,VONORE,TN,80,4,Dark,Clear,Industry,Single Car,0,100000,1483,105483,H307,35.581271,-84.268054,79,80.1,79.4
CSX,000199753,2021-08-28,1:20 AM,Derailment,0,VONORE,TN,80,4,Dark,Clear,Industry,Light loco(s),0,0,0,105483,H307,35.581271,-84.268054,79,80.1,79.4
CSX,000216461,2024-02-28,8:21 PM,Hwy-rail crossing,0,VOORHEESVILLE,NY,45,4,Dark,Cloudy,Main,Freight Train,37,157,18854,19011,M301,42.655653,-73.929175,46.4,52.4,25.7
WC,847567,2015-04-22,7:50 PM,Derailment,0,VULCAN,MI,40,4,Dark,Clear,Main,Freight Train,22,197686,80025,277711,T202,45.773978,-87.841875,35.8,28.6,34.5
UP,0116FW021,2016-01-19,11:28 AM,Derailment,0,WACO,TX,66,2,Day,Clear,Industry,Freight Train,6,5978,13787,19765,T110,31.50287,-97.196685,40.1,52.1,45.2
UP,0720TO005,2020-07-06,10:30 AM,Derailment,0,WACO,TX,85,2,Day,Cloudy,Industry,Freight Train,7,30125,1800,31925,T314,31.490607,-97.198409,85.9,81.9,77.1
ATK,164632,2020-06-16,4:49 AM,Obstruction,0,WADE,NC,60,4,Dark,Cloudy,Main,Passenger Train - Pulling,78,11933,0,11933,M404,35.166721,-78.730988,61.8,62.1,67.6
ATK,164613,2020-06-16,12:50 AM,Obstruction,0,WADE,NC,63,4,Dark,Cloudy,Main,Passenger Train - Pulling,78,36627,0,36627,M404,35.166721,-78.730988,61.8,62.1,67.6
CSX,000190818,2020-06-16,4:49 AM,Obstruction,0,WADE,NC,60,1,Dawn,Cloudy,Main,,0,0,0,11933,M404,35.155873,-78.745617,61.8,62.1,67.6
CSX,000190819,2020-06-16,12:50 AM,Obstruction,0,WADE,NC,60,4,Dark,Cloudy,Main,,0,0,0,36627,M404,35.156847,-78.744312,61.8,62.1,67.6
BNSF,TC1214100,2014-12-01,6:00 AM,Derailment,0,WADENA,MN,-11,1,Dawn,Clear,Main,Freight Train,53,1667508,168466,1835974,T201,46.457979,-95.181902,3.3,-4,12.4
CSX,000199554,2021-08-17,10:26 PM,Hwy-rail crossing,0,WADESBORO,NC,75,4,Dark,Rain,Main,Freight Train,10,2790,8807,11597,M302,34.975374,-80.047742,77,77.8,81.5
BNSF,RD1118207,2018-11-09,3:30 PM,Hwy-rail crossing,0,WAELDER,TX,56,2,Day,Clear,Main,Freight Train,36,225000,0,1660925,M308,29.679257,-97.217985,63.3,54.2,48.9
UP,1118SA012,2018-11-09,3:30 PM,Hwy-rail crossing,0,WAELDER,TX,48,2,Day,Cloudy,Main,,0,0,1435925,1660925,M308,29.679257,-97.217985,63.3,54.2,48.9
UP,0215SA025,2015-02-24,5:49 AM,Other (describe in narrative),0,WAELDER,TX,33,4,Dark,Cloudy,Main,Freight Train,38,9554,14058,23612,E34C,29.679239,-97.221274,35.7,34.7,45.4
UP,0820GC007,2020-08-03,3:00 PM,Derailment,0,WAGGAMAN,LA,92,2,Day,Clear,Yard,Freight Train,8,8797,22585,31382,H503,29.928536,-90.179893,83.2,84.9,86
UP,1219GC022,2019-12-23,3:20 PM,Derailment,0,WAGGAMAN,LA,61,2,Day,Cloudy,Industry,Yard/switching,4,3963,7850,11813,T216,29.951463,-90.272336,53.6,55.9,59.7
BNSF,MT1020108,2020-10-23,5:30 AM,Derailment,0,WAGNER,MT,-8,1,Dawn,Cloudy,Main,Freight Train,25,652286,62000,714286,T207,48.366802,-108.065023,17.6,17.7,17.7
BNSF,MT1216102,2016-12-05,10:51 PM,Derailment,0,WAGNER,MT,0,4,Dark,Clear,Main,Freight Train,8,2300,13500,15800,T207,48.364556,-108.018726,28.5,11.5,1.2
UP,0717FW016,2017-07-12,3:08 PM,Derailment,0,WAGONER,OK,98,2,Day,Cloudy,Main,Freight Train,32,1284618,744303,2028921,T109,35.880364,-95.330986,82.1,83,82.6
RRVW,112316CGL,2016-11-23,2:40 PM,Derailment,0,WAHPETON,ND,35,2,Day,Fog,Industry,Freight Train,2,9550,31059,40609,H703,46.344779,-96.632043,32,32,32.4
RRVW,01232022,2022-01-23,6:25 PM,Derailment,0,WAHPETON,ND,5,4,Dark,Snow,Industry,Work train,5,175000,3500,178500,H307,46.345792,-96.647163,3,-4.6,-1.7
RRVW,20703,2020-03-22,3:45 AM,Derailment,0,WAHPETON,ND,32,4,Dark,Clear,Industry,Freight Train,7,0,13410,13410,M101,46.328881,-96.621323,24,34.6,34.3
MBTA,2023143,2023-12-19,6:07 AM,Hwy-rail crossing,0,WAKEFIELD,MA,42,1,Dawn,Clear,Main,Passenger Train - Pulling,45,16703,0,16703,M304,42.505771,-71.078785,55,41.4,34.6
MBTA,5703,2016-08-11,11:26 AM,Hwy-rail crossing,0,WAKEFIELD,MA,88,2,Day,Clear,Main,Passenger Train - Pushing,30,14622,0,14622,M304,42.4975,-71.071667,73.4,83.8,84.5
BNSF,MT0817104,2017-08-17,7:04 AM,Derailment,0,WAKPALA,SD,53,1,Dawn,Fog,Main,Freight Train,10,85000,168000,253000,T001,45.651696,-100.540783,66.6,68.1,69.5
CSX,000218311,2024-05-26,7:30 PM,Derailment,0,WALBRIDGE,OH,75,3,Dusk,Rain,Yard,Freight Train,6,61736,9640,71376,H702,41.588218,-83.496475,75.7,69.9,67.1
CSX,000195431,2021-02-01,1:50 AM,Rear end collision,0,WALBRIDGE,OH,25,4,Dark,Snow,Yard,Yard/switching,7,19898,0,33257,H318,41.58993,-83.49686,29.6,28,26.4
CSX,000195431,2021-02-01,1:50 AM,Rear end collision,0,WALBRIDGE,OH,25,4,Dark,Snow,Yard,Single Car,4,13359,0,33257,H318,41.58993,-83.49686,29.6,28,26.4
CSX,000151606,2015-09-03,4:40 AM,Other impacts,0,WALBRIDGE,OH,70,1,Dawn,Clear,Yard,Cut of cars,0,0,0,12507,H317,41.586402,-83.538082,76,78.4,74.2
CSX,000187136,2019-12-14,11:58 AM,Derailment,0,WALBRIDGE,OH,43,2,Day,Cloudy,Yard,Yard/switching,9,5545,5500,11045,E4BC,41.58993,-83.49686,35.2,37.2,30.6
CSX,000212475,2023-07-24,8:10 AM,Derailment,0,WALBRIDGE,OH,70,2,Day,Clear,Yard,Yard/switching,6,8096,28524,36620,H702,41.571469,-83.492326,71.2,75.1,77.2
CSX,000210233,2023-03-08,2:30 PM,Derailment,0,WALBRIDGE,OH,33,2,Day,Clear,Yard,Yard/switching,6,36218,2499,38717,M405,41.589934,-83.496944,38.3,38,36.7
CSX,000205509,2022-06-12,12:30 PM,Derailment,0,WALBRIDGE,OH,81,2,Day,Clear,Main,Yard/switching,10,40520,8099,48619,E49C,41.589911,-83.496929,70.9,74.8,73.5
CSX,000207868,2022-10-17,9:52 PM,Derailment,0,WALBRIDGE,OH,40,4,Dark,Cloudy,Yard,Yard/switching,7,39274,18804,58078,T222,41.589911,-83.496929,52.3,43.9,41.3
CSX,000162750,2016-09-08,12:48 PM,Derailment,0,WALBRIDGE,OH,82,2,Day,Cloudy,Yard,Yard/switching,3,14544,500,15044,E36C,41.581061,-83.514222,82.5,79.1,75.5
CSX,000218983,2024-06-29,3:09 PM,Derailment,0,WALBRIDGE,OH,80,2,Day,Clear,Yard,Yard/switching,5,57828,36986,94814,T216,41.589911,-83.496929,71.2,79.6,72.3
CSX,000211085,2023-04-30,6:05 PM,Side collision,0,WALBRIDGE,OH,55,2,Day,Clear,Yard,Yard/switching,4,16807,0,147749,H306,41.589934,-83.496944,56.5,49.6,43.2
CSX,000139829,2015-01-11,2:05 AM,Other (describe in narrative),0,WALBRIDGE,OH,17,4,Dark,Clear,Yard,Yard/switching,5,13157,250,13407,H702,41.586402,-83.538082,6.4,27.1,27.3
CSX,000212423,2023-07-20,9:10 AM,Derailment,0,WALBRIDGE,OH,75,2,Day,Clear,Yard,Yard/switching,10,15297,464,15761,E07C,41.558327,-83.489124,74,75.8,72.5
CSX,000166099,2017-01-18,4:20 AM,Derailment,0,WALBRIDGE,OH,35,1,Dawn,Cloudy,Yard,Single Car,4,611,196,18303,M411,41.57373,-83.513594,44.1,37.9,36.6
CSX,000155769,2015-12-26,3:11 PM,Obstruction,0,WALBRIDGE,OH,42,2,Day,Cloudy,Yard,Cut of cars,4,23192,0,23192,M204,41.573731,-83.513595,44.5,43,41.6
CSX,000166099,2017-01-18,4:20 AM,Derailment,0,WALBRIDGE,OH,35,1,Dawn,Cloudy,Yard,Cut of cars,0,17496,0,18303,M411,41.57373,-83.513594,44.1,37.9,36.6
CSX,000160290,2016-06-03,4:29 PM,Derailment,0,WALBRIDGE,OH,80,3,Dusk,Clear,Main,Freight Train,9,31389,40528,71917,M204,41.592266,-83.499215,74.3,72.2,70.1
CSX,000165410,2016-12-22,12:30 PM,Derailment,0,WALBRIDGE,OH,36,2,Day,Clear,Yard,Yard/switching,5,98761,2546,101307,E34C,41.589264,-83.496702,27.8,34.6,31.5
CSX,000143227,2015-03-18,11:30 AM,Derailment,0,WALBRIDGE,OH,45,2,Day,Clear,Yard,Freight Train,7,4013,38474,42487,T220,41.589331,-83.531708,43.5,36.7,33.7
CSX,000204452,2022-04-23,7:00 AM,Derailment,0,WALBRIDGE,OH,55,1,Dawn,Clear,Yard,Yard/switching,4,40576,1000,41576,H702,41.589911,-83.496929,48.8,66.4,74
CSX,000149372,2015-07-17,11:04 AM,Derailment,0,WALBRIDGE,OH,85,2,Day,Cloudy,Yard,Yard/switching,3,11064,350,11414,H702,41.589331,-83.531708,67.2,75.5,77.6
CSX,000194125,2020-11-24,10:50 PM,Other impacts,0,WALBRIDGE,OH,35,4,Dark,Cloudy,Yard,Cut of cars,4,2204,0,33801,H318,41.58993,-83.49686,39.2,36.3,46.6
CSX,000184181,2019-07-16,6:17 PM,Other impacts,0,WALBRIDGE,OH,91,3,Dusk,Rain,Yard,Yard/switching,0,8024,0,33285,E32C,41.58993,-83.49686,78.8,78.5,79.5
CSX,000168573,2017-04-28,12:30 PM,Side collision,0,WALBRIDGE,OH,60,2,Day,Clear,Yard,Yard/switching,0,34138,0,57280,H306,41.58993,-83.49686,64.6,53.8,49.9
CSX,000167054,2017-02-26,2:42 AM,Derailment,0,WALBRIDGE,OH,25,4,Dark,Cloudy,Yard,Yard/switching,4,166572,17304,183876,E67C,41.586779,-83.537302,36.4,33,40.7
CSX,000194125,2020-11-24,10:50 PM,Other impacts,0,WALBRIDGE,OH,35,4,Dark,Cloudy,Yard,Cut of cars,4,31247,0,33801,H318,41.58993,-83.49686,39.2,36.3,46.6
CSX,000209030,2022-12-30,10:15 PM,Derailment,0,WALBRIDGE,OH,50,4,Dark,Rain,Yard,Cut of cars,4,29568,96,29664,H312,41.589911,-83.496929,49.3,54.8,45
CSX,000168573,2017-04-28,12:30 PM,Side collision,0,WALBRIDGE,OH,60,2,Day,Clear,Yard,Yard/switching,4,22550,592,57280,H306,41.58993,-83.49686,64.6,53.8,49.9
CSX,000164602,2016-11-26,12:18 AM,Derailment,0,WALBRIDGE,OH,36,4,Dark,Clear,Yard,Freight Train,3,30659,2419,33078,H702,41.580794,-83.542239,39.3,40.1,37.3
CSX,000184181,2019-07-16,6:17 PM,Other impacts,0,WALBRIDGE,OH,91,3,Dusk,Rain,Yard,Cut of cars,10,24561,700,33285,E32C,41.58993,-83.49686,78.8,78.5,79.5
CSX,000161745,2016-07-31,2:50 AM,Derailment,0,WALBRIDGE,OH,75,4,Dark,Clear,Yard,Freight Train,6,12856,200,13056,E32C,41.572948,-83.492604,75.1,76,77
CSX,000194125,2020-11-24,10:50 PM,Other impacts,0,WALBRIDGE,OH,35,4,Dark,Cloudy,Yard,Single Car,4,350,0,33801,H318,41.58993,-83.49686,39.2,36.3,46.6
CSX,000214663,2023-11-23,9:24 PM,Derailment,0,WALBRIDGE,OH,41,4,Dark,Clear,Yard,Freight Train,9,14276,1519,15795,H702,41.589911,-83.496929,43.9,43.4,33.4
CSX,000152649,2015-09-27,10:20 PM,Other impacts,0,WALBRIDGE,OH,60,4,Dark,Clear,Yard,Cut of cars,9,12827,0,12827,M407,41.589331,-83.531708,67.5,68.5,70.7
CSX,000163583,2016-10-16,6:30 PM,Derailment,0,WALBRIDGE,OH,68,3,Dusk,Cloudy,Yard,Yard/switching,6,20996,100,21096,H523,41.589331,-83.531708,59.2,68,72.8
CSX,000151606,2015-09-03,4:40 AM,Other impacts,0,WALBRIDGE,OH,70,1,Dawn,Clear,Yard,Single Car,6,12507,0,12507,H317,41.586402,-83.538082,76,78.4,74.2
CSX,000184244,2019-07-19,8:06 PM,Derailment,0,WALBRIDGE,OH,84,3,Dusk,Clear,Main,Freight Train,8,42733,20750,63483,H519,41.572948,-83.492604,78.7,85.1,85.2
CSX,000163025,2016-09-21,11:00 AM,Derailment,0,WALBRIDGE,OH,84,2,Day,Clear,Yard,Cut of cars,5,14938,50,14988,M411,41.586779,-83.537302,71,72,74.4
CSX,000219708,2024-08-01,12:15 PM,Derailment,0,WALBRIDGE,OH,90,2,Day,Clear,Yard,Yard/switching,9,11747,25052,36799,S011,41.589911,-83.496929,81.9,81.3,75.6
CSX,000148709,2015-07-03,8:30 AM,Derailment,0,WALBRIDGE,OH,73,2,Day,Clear,Yard,Cut of cars,4,22150,100,22250,M411,41.586402,-83.538082,67,65.6,67.6
CSX,000211526,2023-05-28,6:46 PM,Derailment,0,WALBRIDGE,OH,70,3,Dusk,Clear,Yard,Yard/switching,6,14905,464,15369,T206,41.589911,-83.496929,64,67.6,71.5
CSX,000155419,2015-12-21,4:30 PM,Derailment,0,WALBRIDGE,OH,46,3,Dusk,Cloudy,Yard,Yard/switching,4,19599,0,51958,T305,41.573731,-83.513595,33.5,46.7,48.8
CSX,000216020,2024-02-06,11:23 PM,Derailment,0,WALBRIDGE,OH,30,4,Dark,Clear,Yard,Freight Train,5,19119,8902,28021,T403,41.589911,-83.496929,33.6,36.2,37.8
CSX,000177567,2018-07-13,5:30 AM,Derailment,0,WALBRIDGE,OH,80,4,Dark,Cloudy,Yard,Freight Train,8,11760,150,11910,T311,41.58993,-83.49686,74.3,78.2,80.6
CSX,000195583,2021-02-08,4:59 AM,Derailment,0,WALBRIDGE,OH,16,1,Dawn,Cloudy,Yard,Freight Train,8,19110,200,21922,T208,41.558353,-83.489007,12.3,13.1,16.6
CSX,000197144,2021-04-21,8:35 PM,Derailment,0,WALBRIDGE,OH,39,3,Dusk,Clear,Yard,Freight Train,7,89767,14370,104137,T204,41.58993,-83.49686,38.1,34.8,38.6
CSX,000195583,2021-02-08,4:59 AM,Derailment,0,WALBRIDGE,OH,16,1,Dawn,Cloudy,Yard,Cut of cars,0,2612,0,21922,T208,41.558353,-83.489007,12.3,13.1,16.6
CSX,000205615,2022-06-16,4:00 PM,Derailment,0,WALBRIDGE,OH,95,2,Day,Clear,Yard,Yard/switching,6,27430,100,27530,T206,41.589911,-83.496929,83.7,85.5,78.1
CSX,000218857,2024-06-24,11:15 AM,Derailment,0,WALBRIDGE,OH,90,2,Day,Clear,Yard,Yard/switching,9,64515,265426,329941,T403,41.589911,-83.496929,79.8,75.8,75
CSX,000155419,2015-12-21,4:30 PM,Derailment,0,WALBRIDGE,OH,46,3,Dusk,Cloudy,Yard,Cut of cars,4,32159,200,51958,T305,41.573731,-83.513595,33.5,46.7,48.8
UP,0115DV016,2015-01-16,7:00 PM,Fire/violent rupture,0,WALCOTT,WY,30,4,Dark,Cloudy,Main,Freight Train,49,11829,0,11829,E74L,41.761067,-106.842533,28.4,34,30.6
UP,0915LK031,2015-09-21,2:20 PM,Hwy-rail crossing,0,WALDENBURG,AR,85,2,Day,Clear,Main,Freight Train,41,9494,2427,11921,M304,35.565527,-90.930508,66.1,67.9,68.4
UP,0719MA036,2019-07-19,6:39 AM,Hwy-rail crossing,0,WALDO,AR,75,1,Dawn,Clear,Main,Freight Train,48,13689,99,13788,M399,33.348806,-93.2739,83.7,83.3,83.5
UP,0622MA002,2022-06-01,1:22 PM,Hwy-rail crossing,0,WALDO,AR,89,2,Day,Clear,Yard,Freight Train,8,2562,141110,143672,M302,33.327866,-93.309098,81,82.2,74.1
UP,0119MA008,2019-01-10,1:40 PM,Hwy-rail crossing,0,WALDO,AR,50,2,Day,Clear,Industry,Freight Train,18,60953,0,60953,M302,33.32998,-93.308492,45.1,39.9,44
CSX,000166027,2017-01-15,5:45 AM,Other impacts,0,WALDORF,MD,38,4,Dark,Clear,Industry,Cut of cars,3,13250,0,32572,M504,38.555845,-76.800848,35.4,39.6,40.3
ARS,D626115,2015-07-06,2:20 AM,Derailment,0,WALDRON,AR,75,4,Dark,Clear,Main,Freight Train,9,90290,50000,140290,M199,34.939207,-94.202725,79.1,80.5,79.8
NJTR,202307275,2023-07-15,10:40 AM,Derailment,0,WALDWICK,NJ,84,2,Day,Cloudy,Yard,Spec. MoW Equip.,7,15754,0,15754,H017,41.017437,-74.12423,77.4,77.5,77.7
NJTR,201507406,2015-06-03,6:00 AM,Derailment,0,WALDWICK,NJ,70,1,Dawn,Clear,Yard,Spec. MoW Equip.,5,46000,5792,51792,T110,41.022085,-74.125243,52.4,59.4,59
GRS,20230320B1,2023-03-20,2:05 PM,Derailment,0,WALES,ME,40,2,Day,Clear,Siding,Freight Train,4,141665,18000,159665,T314,44.20603,-70.079785,29.7,31.7,38.4
IC,1039642,2020-06-25,12:06 AM,Derailment,0,WALKER,LA,75,4,Dark,Clear,Main,Freight Train,30,1894096,518587,2412683,M402,30.495378,-90.865126,75,76.7,80.3
NS,132871,2019-02-16,6:10 PM,Derailment,0,WALKERTOWN,NC,40,3,Dusk,Cloudy,Yard,Yard/switching,4,7200,12254,19454,H514,36.132774,-80.232819,55.3,45.1,36.4
NS,120610,2016-05-23,12:15 AM,Derailment,0,WALKERTOWN,NC,60,4,Dark,Clear,Main,Freight Train,2,5150,56731,61881,H525,36.172579,-80.166503,64.2,60.5,67.6
NS,156278,2024-04-06,11:00 AM,Derailment,0,WALKERTOWN,NC,61,2,Day,Clear,Industry,Cut of cars,0,67475,0,106175,H524,36.161794,-80.17776,48,48.9,52.6
NS,156278,2024-04-06,11:00 AM,Derailment,0,WALKERTOWN,NC,61,2,Day,Clear,Industry,Freight Train,6,38700,0,106175,H524,36.161794,-80.17776,48,48.9,52.6
NS,129574,2018-05-23,11:05 AM,Derailment,0,WALKERTOWN,NC,78,2,Day,Clear,Yard,Freight Train,9,13081,8515,21596,T311,36.136765,-80.232013,75.4,76.3,74.5
NS,129197,2018-04-19,10:40 AM,Derailment,0,WALKERTOWN,NC,62,2,Day,Clear,Yard,Freight Train,7,2800,20377,23177,T309,36.131444,-80.233087,62.9,60.9,50.9
CC,1105568,2022-06-14,3:16 PM,Derailment,0,WALL LAKE,IA,93,2,Day,Clear,Main,Freight Train,25,385757,196830,582587,T204,42.265339,-95.05892,84.9,85.7,69
NKCR,NKCR182279,2018-10-22,9:30 PM,Hwy-rail crossing,0,WALLACE,NE,50,4,Dark,Clear,Main,Freight Train,0,18000,250,18250,M302,40.828903,-101.139844,54.5,51,47.5
CSX,000163469,2016-10-08,9:28 PM,Derailment,0,WALLACE,SC,65,4,Dark,Rain,Main,Freight Train,15,190549,57769,248318,M103,34.718899,-79.854025,70.7,68.2,64.1
PW,PWR207022D,2022-09-27,6:20 PM,Derailment,0,WALLINGFORD,CT,70,2,Day,Clear,Main,Freight Train,10,32630,14270,46900,E30C,41.4717,-72.74214,63.4,60.2,57.3
CSX,000194524,2020-12-17,1:51 AM,Derailment,0,WALLINS CREEK,KY,41,4,Dark,Cloudy,Main,Freight Train,18,540946,49030,589976,M199,36.825089,-83.416181,39.9,32.8,31.4
UP,0515PD007,2015-05-06,9:12 AM,Other impacts,0,WALLULA,WA,63,2,Day,Clear,Yard,Yard/switching,5,10722,0,10722,H602,46.09613,-118.913084,57.7,53.3,57.7
IAIS,2022024,2022-07-13,2:48 PM,Hwy-rail crossing,0,WALNUT,IA,85,2,Day,Clear,Main,Freight Train,32,365000,485000,850000,M308,41.414017,-95.211861,71.1,73.5,78.1
MCRL,MC160317A,2016-03-17,7:00 PM,Derailment,0,WALPOLE,MA,48,3,Dusk,Cloudy,Yard,,0,0,18062,20126,T217,42.14766,-71.258985,45.7,49.7,45.3
CSX,000158293,2016-03-17,7:00 PM,Derailment,0,WALPOLE,MA,48,3,Dusk,Cloudy,Yard,Freight Train,4,2064,0,20126,T217,42.147659,-71.258984,45.7,49.7,45.3
MCRL,MC160322A,2016-03-22,5:19 AM,Derailment,0,WALPOLE,MA,35,1,Dawn,Cloudy,Yard,Freight Train,0,0,26648,28034,T110,42.144701,-71.257939,35,39.8,50.2
UP,1115DV001,2015-11-01,2:51 PM,Derailment,0,WALSENBURG,CO,65,2,Day,Clear,Yard,,0,0,5784,220784,E64C,37.618485,-104.795825,43.5,52.8,55.1
UP,1019HL039,2019-10-30,4:10 PM,Derailment,0,WALSENBURG,CO,18,2,Day,Snow,Industry,,0,0,744,1488,H017,38.185176,-104.613996,19.1,8.5,21
BNSF,PR1214119,2014-12-30,3:22 AM,Derailment,0,WALSENBURG,CO,-11,4,Dark,Cloudy,Main,,0,0,33679,36477,H702,37.625702,-104.781492,14.6,0.7,4.1
UP,1214DV016,2014-12-30,3:22 AM,Derailment,0,WALSENBURG,CO,-14,4,Dark,Snow,Main,Freight Train,6,2798,0,36477,T311,37.625806,-104.781255,14.6,0.7,4.1
SLRG,SL110115D,2015-11-01,2:51 PM,Derailment,0,WALSENBURG,CO,56,2,Day,Clear,Yard,Freight Train,6,215000,0,220784,T110,37.618674,-104.7953,43.5,52.8,55.1
MBTA,YR202228,2022-02-25,8:35 AM,Obstruction,0,WALTHAM,MA,29,2,Day,Snow,Main,Passenger Train - Pushing,32,14564,0,14564,M402,42.361989,-71.261863,26.6,24.5,20.3
BNSF,KS0819109,2019-08-18,12:01 AM,Derailment,0,WALTON,KS,72,4,Dark,Rain,Main,Freight Train,12,2471125,116386,3389552,M105,38.115468,-97.258125,77.6,75.8,81.6
BNSF,KS0819109,2019-08-18,12:01 AM,Derailment,1,WALTON,KS,72,4,Dark,Rain,Main,Freight Train,0,802041,0,3389552,M105,38.115468,-97.258125,77.6,75.8,81.6
CSX,000194918,2021-01-10,8:40 PM,Derailment,0,WALTON,KY,29,4,Dark,Clear,Main,Freight Train,10,105610,6222,111832,E53C,38.893811,-84.59915,30,27.4,28.5
BNSF,KS1222114,2022-12-29,11:00 AM,Derailment,0,WALTON,KS,56,2,Day,Clear,Siding,Freight Train,8,30266,36800,67066,E02C,38.130502,-97.24082,46.7,46.4,35.4
CBR,CBR0317001,2017-03-26,8:30 PM,Derailment,0,WALTON,OR,50,4,Dark,Clear,Main,Freight Train,9,100000,25000,125000,T110,43.999372,-123.632337,47.7,47.4,47.8
NS,144164,2022-01-26,3:34 PM,Derailment,0,WALTON HILLS,OH,17,2,Day,Clear,Industry,Light loco(s),2,25639,800,26439,T314,41.370835,-81.527431,21.2,13.5,17.4
IC,1136452,2023-07-15,9:10 PM,Side collision,0,WAMAC,IL,79,4,Dark,Clear,Yard,Cut of cars,7,300,0,14104,H310,38.505818,-89.145699,81.6,77.2,76.2
IC,1136452,2023-07-15,9:10 PM,Side collision,0,WAMAC,IL,79,4,Dark,Clear,Yard,Yard/switching,3,13804,0,14104,H310,38.505818,-89.145699,81.6,77.2,76.2
CSX,000212170,2023-07-03,10:47 PM,Other (describe in narrative),0,WAMPUM,PA,72,4,Dark,Rain,Main,Freight Train,20,48867,0,48867,M404,40.865729,-80.318424,71.1,70.3,72.5
UP,0523RM026,2023-05-20,1:20 PM,Other (describe in narrative),0,WAMSUTTER,WY,43,2,Day,Clear,Yard,Freight Train,0,22439,66,22505,E33C,41.676626,-107.961982,53.1,56.2,57.6
UP,0223RM050,2023-02-26,5:18 AM,Derailment,0,WAMSUTTER,WY,24,1,Dawn,Cloudy,Main,Freight Train,2,50531,200,50731,M101,41.713667,-107.723256,27.2,28.5,26.3
UP,0220RM012,2020-02-10,10:30 AM,Derailment,0,WAMSUTTER,WY,14,2,Day,Clear,Main,Freight Train,50,37126,82611,119737,M404,41.695361,-107.921176,16.7,12.3,8.5
UP,0317DV002,2017-03-05,1:00 PM,Derailment,0,WAMSUTTER,WY,40,2,Day,Clear,Main,Freight Train,40,123112,33779,156891,E67C,41.719288,-107.693692,39.4,40.6,21.8
UP,0918DV026,2018-09-15,2:00 PM,Other (describe in narrative),0,WAMSUTTER,WY,70,2,Day,Clear,Yard,Single Car,0,11729,0,11729,M299,41.555309,-108.547828,65.6,67.9,71.8
UP,0619RM017,2019-06-16,2:30 PM,Fire/violent rupture,0,WAMSUTTER,WY,70,2,Day,Cloudy,Main,Freight Train,50,326281,0,326281,E73L,41.649771,-108.129168,60.1,61,55.2
CSX,000210559,2023-03-31,3:20 AM,Derailment,0,WAPPINGERS FALLS,NY,44,4,Dark,Clear,Main,Freight Train,40,3211,0,1608211,E54C,41.555723,-73.967515,36.5,38.2,56.2
MNCW,79492,2023-03-31,3:20 AM,Derailment,0,WAPPINGERS FALLS,NY,44,4,Dark,Clear,Main,,0,0,1605000,1608211,E54C,41.555723,-73.967515,36.5,38.2,56.2
NS,121630,2016-08-09,4:30 PM,Obstruction,0,WAR,WV,90,3,Dusk,Clear,Main,Spec. MoW Equip.,0,48000,0,68000,H997,37.340842,-81.716883,70.6,73.4,75.6
NS,121630,2016-08-09,4:30 PM,Obstruction,0,WAR,WV,90,3,Dusk,Clear,Main,Spec. MoW Equip.,12,20000,0,68000,H997,37.340842,-81.716883,70.6,73.4,75.6
CBRW,19011401,2019-01-14,4:10 PM,Derailment,0,WARDEN,WA,30,2,Day,Cloudy,Industry,Cut of cars,10,31598,200,31798,H025,46.968707,-119.062395,30.5,30.2,28.3
CBRW,24030401,2024-03-04,3:25 PM,Derailment,0,WARDEN,WA,47,2,Day,Clear,Yard,Yard/switching,5,2848,17628,20476,H703,46.961502,-119.063387,34.8,37.2,35.6
CBRW,21080601,2021-08-06,4:00 PM,Raking collision,0,WARDEN,WA,80,2,Day,Clear,Industry,Yard/switching,4,20000,0,20000,H018,46.95828,-119.062541,79.8,79.6,76.8