reportingrailroadcode,accidentnumber,date,time,accidenttype,hazmatreleasedcars,station,stateabbr,temperature,visibility_code,visibility,weathercondition,tracktype,equipmenttype,trainspeed,equipmentdamagecost,trackdamagecost,totaldamagecost,primaryaccidentcausecode,latitude,longitude,prior_temp,actual_temp,following_temp
MCER,20181031,2018-10-30,11:55 AM,Derailment,0,WARE,MA,60,2,Day,Clear,Industry,Freight Train,5,121813,0,121813,H303,42.267672,-72.219781,45,40.2,42.1
MCRL,MC211202B,2021-12-02,6:20 PM,Other (describe in narrative),0,WAREHAM,MA,53,4,Dark,Cloudy,Main,Freight Train,5,206950,0,206950,H601,41.7917,-70.77075,36.6,49.2,40.3
CSX,000191654,2020-07-28,8:15 AM,Hwy-rail crossing,0,WARM SPRINGS,GA,74,2,Day,Clear,Main,Freight Train,27,13056,224,13280,M304,32.896722,-84.715877,81.9,80.1,77.6
CSX,000179186,2018-10-09,3:50 AM,Hwy-rail crossing,0,WARM SPRINGS,GA,74,4,Dark,Cloudy,Main,Freight Train,22,4560,33595,38155,M303,32.896516,-84.71489,77.7,77,76.1
SEPA,SEPA070521,2021-07-05,1:04 AM,Derailment,0,WARMINSTER,PA,80,4,Dark,Clear,Main,EMU,10,19550,0,19550,H310,40.19518,-75.089077,69.6,76,81.3
NS,121447,2016-07-28,12:31 PM,Hwy-rail crossing,0,WARNER ROBINS,GA,97,2,Day,Clear,Main,Freight Train,41,7760,17543,25303,M303,32.612984,-83.597609,85.3,87.1,88.4
NS,153055,2023-05-10,3:30 PM,Hwy-rail crossing,0,WARNER ROBINS,GA,89,2,Day,Clear,Main,Freight Train,48,14000,2068,16068,M303,32.619683,-83.599839,75.3,73.7,75
NS,145849,2022-07-12,5:15 PM,Derailment,0,WARNER ROBINS,GA,82,3,Dusk,Rain,Main,Freight Train,33,438804,362801,801605,E63C,32.619406,-83.599747,76.5,78.4,77.5
BNSF,TC0118112,2018-01-18,2:30 PM,Obstruction,0,WARREN,MN,25,2,Day,Clear,Main,Freight Train,23,10000,0,160000,H221,48.192404,-96.769531,16.3,26.2,32.9
CSX,000162452,2016-08-26,8:23 AM,Derailment,0,WARREN,OH,90,2,Day,Clear,Yard,Freight Train,2,29533,2504,42037,E24C,41.176048,-80.843547,77.3,75.4,74.1
CSX,000162452,2016-08-26,8:23 AM,Derailment,0,WARREN,OH,90,2,Day,Clear,Yard,Freight Train,0,10000,0,42037,E24C,41.176048,-80.843547,77.3,75.4,74.1
GTW,949818,2018-02-12,2:00 PM,Obstruction,0,WARREN,MI,25,2,Day,Clear,Industry,Yard/switching,5,13011,0,13011,M501,42.456387,-83.000314,24.5,20.7,17.2
NPR,GX011801,2018-01-18,2:30 PM,Obstruction,0,WARREN,MN,29,2,Day,Clear,Main,Spec. MoW Equip.,15,150000,0,160000,H221,48.192409,-96.769534,16.3,26.2,32.9
AKMD,871118D,2018-11-29,10:15 PM,Derailment,0,WARREN,AR,65,4,Dark,Rain,Yard,Freight Train,14,41852,0,41852,M405,33.618837,-92.047168,48.3,62.3,67.6
NPR,DR091701,2017-09-25,4:15 PM,Derailment,0,WARREN,MN,50,2,Day,Clear,Industry,Freight Train,4,23390,14525,37915,T110,48.191947,-96.766915,53.2,50.6,48.8
UP,0416SL007,2016-04-19,12:55 AM,Fire/violent rupture,0,WARRENSBURG,MO,50,4,Dark,Cloudy,Main,Freight Train,40,22791,0,22791,E74L,38.7628,-93.733544,64.2,62.7,61.5
CFE,CFE548420L,2020-09-17,9:00 PM,Other impacts,0,WARSAW,IN,61,4,Dark,Cloudy,Main,Freight Train,10,3900,0,21900,H997,41.241686,-85.902689,63.2,63.4,52.7
CFE,CFE548420L,2020-09-17,9:00 PM,Other impacts,0,WARSAW,IN,61,4,Dark,Cloudy,Yard,Maint./inspect Car,0,18000,0,21900,H997,41.241686,-85.902689,63.2,63.4,52.7
CSX,000154853,2015-12-03,2:00 PM,Other impacts,0,WARSAW,NC,49,2,Day,Clear,Yard,Single Car,3,0,250,18074,H318,34.994463,-78.092122,61.7,50.3,43.3
CSX,000154853,2015-12-03,2:00 PM,Other impacts,0,WARSAW,NC,49,2,Day,Clear,Yard,Cut of cars,4,17824,0,18074,H318,34.994463,-78.092122,61.7,50.3,43.3
CSX,000219131,2024-07-06,6:45 PM,Obstruction,0,WARSAW,NC,90,3,Dusk,Clear,Yard,Freight Train,8,157340,0,157340,M404,34.999785,-78.094121,84.7,84.5,80.9
NS,131863,2018-11-29,8:35 PM,Hwy-rail crossing,0,WARSAW,IN,34,4,Dark,Clear,Main,Freight Train,18,16,40411,40427,M308,41.28471,-85.85032,22.4,29.5,32.4
NS,132823,2019-02-12,5:55 PM,Obstruction,0,WARTBURG,TN,45,3,Dusk,Clear,Main,Freight Train,40,17064,0,17064,T002,36.065712,-84.650408,44.3,50.9,39.2
PW,150201,2015-02-02,1:05 AM,Raking collision,0,WARWICK,RI,19,4,Dark,Cloudy,Main,Freight Train,25,25000,0,25000,E80C,41.726426,-71.442818,22.1,19.5,14.8
ATK,137241,2015-02-02,1:05 AM,Raking collision,0,WARWICK,RI,19,4,Dark,Cloudy,Main,,0,0,0,25000,E80C,41.726426,-71.442818,22.1,19.5,14.8
CSX,000137940,2014-11-23,5:00 AM,Derailment,0,WASHINGTON,DC,50,1,Dawn,Cloudy,Yard,Freight Train,5,18027,200,18227,T220,38.88197,-76.966246,38.2,48.9,65.5
CSX,000152396,2015-09-24,11:36 AM,Hwy-rail crossing,0,WASHINGTON,DC,75,2,Day,Clear,Main,,0,0,0,250000,M399,38.883747,-77.030523,69.5,69.3,68.1
ATK,158550,2019-04-16,2:15 AM,Raking collision,0,WASHINGTON,DC,60,4,Dark,Clear,Main,Spec. MoW Equip.,5,0,22011,22011,E89C,38.8973,-77.0063,59.4,56.6,62.3
ATK,172623,2022-11-03,12:15 PM,Derailment,0,WASHINGTON,DC,68,2,Day,Clear,Yard,Yard/switching,3,17053,485,17538,H702,38.915483,-76.988473,61.6,60.2,61.6
ATK,165656,2020-10-18,1:30 AM,Derailment,0,WASHINGTON,DC,46,4,Dark,Clear,Yard,Yard/switching,3,20400,968,21368,H702,38.898654,-77.006668,53.9,55.9,62.7
ATK,164075,2020-04-10,2:30 PM,Derailment,0,WASHINGTON,DC,52,2,Day,Clear,Yard,Light loco(s),7,26427,512,26939,H607,38.9162,-76.986,59.5,47.3,51
ATK,162345,2019-12-11,7:25 AM,Other (describe in narrative),0,WASHINGTON,DC,32,1,Dawn,Clear,Main,,0,0,22868,22868,H222,38.900792,-77.005161,54,37.1,34
ATK,172620,2022-11-03,1:09 AM,Derailment,0,WASHINGTON,DC,52,4,Dark,Clear,Yard,Yard/switching,3,33105,0,33105,H303,38.898654,-77.006668,61.6,60.2,61.6
ATK,177527,2023-12-11,5:31 PM,Obstruction,0,WASHINGTON,DC,41,3,Dusk,Clear,Main,Passenger Train - Pulling,14,55137,0,55137,M402,38.89922,-77.0055,55.9,40.7,38.8
ATK,178646,2024-02-29,2:01 PM,Derailment,0,WASHINGTON,DC,53,2,Day,Clear,Yard,Passenger Train - Pulling,5,30645,19915,50560,H702,38.916269,-76.984514,58.5,41.1,43.4
ATK,148229,2017-07-03,12:51 PM,Derailment,0,WASHINGTON,DC,91,2,Day,Clear,Yard,Yard/switching,8,24143,2195,26338,H307,38.90231,-77.005095,83.2,83.9,82.2
ISRR,ISR675018D,2018-05-26,7:40 PM,Derailment,0,WASHINGTON,IN,91,2,Day,Clear,Main,Freight Train,16,92000,38400,130400,H603,38.639208,-87.230967,73.9,76.9,79.6
ATK,160975,2019-09-08,5:25 PM,Obstruction,0,WASHINGTON,MO,79,2,Day,Cloudy,Main,Passenger Train - Pulling,33,52963,0,53563,M404,38.549061,-90.9851,70.7,71.1,79.9
CSX,000196995,2021-03-12,4:52 AM,Obstruction,0,WASHINGTON,MA,53,1,Dawn,Cloudy,Main,,0,0,0,21989,M404,42.372524,-73.109929,51.1,49.2,31
ATK,168288,2021-09-08,3:35 PM,Derailment,0,WASHINGTON,DC,88,2,Day,Clear,Yard,Yard/switching,3,23431,965,24396,H303,38.91627,-76.984515,74.8,76.3,72.8
ATK,169886,2022-02-24,9:30 PM,Derailment,0,WASHINGTON,DC,34,4,Dark,Rain,Yard,Yard/switching,5,27904,3236,31140,H303,38.916539,-76.989465,61.8,36.4,41
ATK,166031,2020-12-11,8:05 PM,Derailment,0,WASHINGTON,DC,42,4,Dark,Clear,Yard,Yard/switching,6,37485,5913,43398,H704,38.91166,-76.99968,40.3,46.8,50.8
ATK,165292,2020-08-29,6:25 PM,Other (describe in narrative),0,WASHINGTON,DC,80,3,Dusk,Clear,Yard,Passenger Train - Pulling,0,16502,0,16502,H501,38.915186,-76.997435,82.1,78.1,76.1
ATK,161026,2019-09-10,8:02 AM,Derailment,0,WASHINGTON,DC,86,2,Day,Clear,Yard,Light loco(s),5,35900,0,35900,H306,38.909782,-77.001162,76.6,77,78.5
ATK,157623,2019-02-13,2:40 PM,Other (describe in narrative),0,WASHINGTON,DC,50,2,Day,Clear,Yard,Light loco(s),8,0,18600,18600,H605,38.914297,-76.992574,37.5,42.6,42.9
ATK,171009,2022-05-04,12:22 PM,Derailment,0,WASHINGTON,DC,80,2,Day,Clear,Yard,,0,0,0,33084,H607,38.91615,-76.98567,63.8,63.7,62.8
ATK,172192,2022-09-27,4:41 AM,Derailment,0,WASHINGTON,DC,60,4,Dark,Clear,Yard,Yard/switching,5,24800,8234,33034,H702,38.91524,-76.99746,69.2,66.3,61.3
ATK,166507,2021-02-26,8:45 AM,Other (describe in narrative),0,WASHINGTON,DC,45,2,Day,Clear,Yard,Light loco(s),0,13288,1000,14288,H999,38.898654,-77.006668,49.9,43.3,43.8
CSX,000138125,2014-11-28,9:19 AM,Hwy-rail crossing,0,WASHINGTON,WV,31,2,Day,Clear,Main,Freight Train,29,47089,0,47089,M308,39.245344,-81.68533,32.3,28.9,41.5
UP,0723MA006,2023-07-01,4:41 PM,Derailment,0,WASHINGTON,MO,74,2,Day,Cloudy,Main,,0,0,198568,198568,M404,38.602553,-91.090981,81.8,77.4,73.5
UP,0919MA019,2019-09-08,5:25 PM,Obstruction,0,WASHINGTON,MO,81,2,Day,Cloudy,Main,,0,0,600,53563,M404,38.551677,-90.991262,70.7,71.1,79.9
UP,0724MA019,2024-07-08,4:53 PM,Obstruction,0,WASHINGTON,MO,82,2,Day,Rain,Main,,0,0,89648,89648,M101,38.53265,-90.924129,77,73,69.7
ATK,166617,2021-03-12,4:52 AM,Obstruction,0,WASHINGTON,MA,61,2,Day,Cloudy,Main,Passenger Train - Pulling,0,21989,0,21989,M404,42.37266,-73.11003,51.1,49.2,31
ATK,154583,2018-08-02,11:50 PM,Derailment,0,WASHINGTON,DC,86,4,Dark,Clear,Main,Passenger Train - Pulling,12,30364,8000,38364,M405,38.8973,-77.0063,80.9,77.8,77.2
ATK,148762,2017-08-02,3:40 AM,Side collision,0,WASHINGTON,DC,81,4,Dark,Clear,Yard,Yard/switching,15,94400,6045,116780,H199,38.9148,-76.9859,79.3,80.6,78.8
ATK,162805,2020-01-19,2:05 PM,Derailment,0,WASHINGTON,DC,36,2,Day,Clear,Yard,Light loco(s),2,26349,1439,27788,H702,38.900497,-77.007507,32,39.6,29.3
ATK,148762,2017-08-02,3:40 AM,Side collision,0,WASHINGTON,DC,81,4,Dark,Clear,Yard,Light loco(s),0,16335,0,116780,H199,38.9148,-76.9859,79.3,80.6,78.8
ATK,148499,2017-07-14,9:30 PM,Other (describe in narrative),0,WASHINGTON,DC,85,3,Dusk,Cloudy,Yard,Yard/switching,10,11250,0,11250,E78L,38.915725,-76.988796,87.4,83.1,81.6
ATK,147635,2017-05-24,11:00 PM,Other impacts,0,WASHINGTON,DC,62,4,Dark,Cloudy,Yard,Light loco(s),10,143,0,34237,H605,38.901897,-77.004706,63.8,62,63
ATK,147635,2017-05-24,11:00 PM,Other impacts,0,WASHINGTON,DC,62,4,Dark,Cloudy,Yard,Passenger Train - Pushing,0,34094,0,34237,H605,38.901897,-77.004706,63.8,62,63
ATK,153115,2018-05-07,4:15 AM,Derailment,0,WASHINGTON,DC,60,4,Dark,Clear,Yard,Light loco(s),10,15500,600,16100,H402,38.914751,-76.985908,64.1,66.6,67.2
ATK,151578,2017-09-29,10:30 AM,Other (describe in narrative),0,WASHINGTON,DC,70,2,Day,Clear,Main,,0,0,0,14729,E79L,38.907192,-77.03687,76,66.1,63.5
ATK,146765,2017-03-15,3:18 AM,Derailment,0,WASHINGTON,DC,20,4,Dark,Snow,Yard,Light loco(s),5,27048,0,27048,H303,40.750104,-73.929049,33.7,27.5,33.7
ATK,148735,2017-08-01,5:00 PM,Derailment,0,WASHINGTON,DC,87,2,Day,Cloudy,Yard,Light loco(s),0,23594,500,24094,H799,38.917101,-76.988124,77.5,79.3,80.6
ATK,175464,2023-07-11,8:25 AM,Derailment,0,WASHINGTON,DC,82,2,Day,Clear,Main,Passenger Train - Pulling,9,275818,22996,298814,T308,38.88468,-77.01832,78.6,80.9,82.2
ATK,166320,2021-02-01,4:30 PM,Derailment,0,WASHINGTON,DC,32,4,Dark,Sleet,Yard,Light loco(s),9,74953,2351,77304,T311,38.91,-76.98,31.5,31.5,34.2
ATK,174807,2023-05-22,10:45 AM,Derailment,0,WASHINGTON,DC,65,2,Day,Clear,Main,Passenger Train - Pulling,13,90093,9537,99630,T314,38.895685,-77.006268,68.4,70.3,67
ATK,166142,2020-12-29,8:49 AM,Derailment,0,WASHINGTON,DC,30,2,Day,Clear,Yard,Yard/switching,10,68650,61200,129850,T313,38.898654,-77.006668,42.9,38.8,38.8
ATK,166003,2020-12-04,8:17 PM,Other (describe in narrative),0,WASHINGTON,DC,40,4,Dark,Rain,Yard,Yard/switching,2,0,31430,31430,T404,38.8978,-77.0058,43.4,49.3,46.3
ATK,150296,2017-11-04,12:45 AM,Derailment,0,WASHINGTON,DC,60,4,Dark,Clear,Yard,Yard/switching,10,18661,32252,50913,T311,38.899758,-77.004971,66.5,54.7,57.7
ATK,158140,2019-03-18,12:20 PM,Derailment,0,WASHINGTON,DC,41,2,Day,Clear,Yard,Yard/switching,10,6910,5225,12135,T319,38.914829,-76.989784,44.9,44.1,43.9
ATK,164568,2020-06-08,6:50 PM,Derailment,0,WASHINGTON,DC,75,3,Dusk,Clear,Yard,Light loco(s),5,22000,3688,25688,T206,38.898654,-77.006668,75.7,73.3,77.8
ATK,173419,2023-01-16,11:30 AM,Derailment,0,WASHINGTON,DC,49,2,Day,Clear,Yard,Yard/switching,6,19400,3650,23050,T112,38.916269,-76.984514,36.3,41.8,41.3
ATK,169659,2022-02-02,7:00 PM,Derailment,0,WASHINGTON,DC,45,4,Dark,Clear,Yard,Yard/switching,0,114518,1854,116372,T319,38.913492,-76.993173,32.8,37.5,46.8
ATK,168098,2021-08-19,10:23 AM,Derailment,0,WASHINGTON,DC,90,2,Day,Clear,Yard,Yard/switching,10,44944,1500,46444,T319,38.913596,-76.995587,82.4,82.8,77.3
CLNA,04222001,2020-04-22,10:30 AM,Other (describe in narrative),0,WASHINGTON,NC,58,2,Day,Clear,Main,Freight Train,8,0,66000,66000,T401,35.536423,-77.036902,60.8,57.8,61.4
IORY,IOR942021D,2021-11-25,5:10 AM,Derailment,0,WASHINGTON COURT HOU,OH,50,4,Dark,Cloudy,Main,Freight Train,3,115865,51336,167201,H505,39.537019,-83.445725,38.4,45.2,30.4
IORY,IOR710815D,2015-03-17,3:40 PM,Derailment,0,WASHINGTON COURT HOU,OH,45,2,Day,Clear,Main,Freight Train,25,10000,315000,325000,E53C,39.509606,-83.560953,56.6,49.5,35.4
IORY,IOR513617A,2017-11-21,10:50 AM,Other (describe in narrative),0,WASHINGTON COURT HOU,OH,44,2,Day,Clear,Main,Spec. MoW Equip.,3,0,15000,15000,M599,39.518873,-83.520252,33.6,43.8,32
IORY,IOR837721D,2021-07-23,12:45 AM,Derailment,0,WASHINGTON COURT HOU,OH,64,4,Dark,Clear,Main,Freight Train,7,22606,1100,23706,T204,39.536667,-83.445556,66.7,69.7,73.8
CSX,000214887,2023-12-04,7:50 AM,Derailment,0,WASHINGTON DC,DC,45,2,Day,Clear,Yard,Freight Train,8,16890,0,16890,H702,38.892656,-76.954355,52.9,49.8,45
CSX,000159422,2016-05-01,6:35 AM,Derailment,2,WASHINGTON DC,DC,50,4,Dark,Rain,Main,Freight Train,27,421774,487085,908859,E54C,38.929578,-76.993878,53.9,54.9,62.7
ATK,135648,2014-12-19,2:13 AM,Derailment,0,"WASHINGTON, DC",DC,37,4,Dark,Cloudy,Yard,Light loco(s),3,9706,1935,11641,H702,38.899199,-77.004719,39.4,38.5,35.6
ATK,136447,2015-02-20,7:55 AM,Other impacts,0,"WASHINGTON, DC",DC,8,1,Dawn,Clear,Yard,Light loco(s),0,19646,0,19646,H401,38.903591,-77.004097,16.1,13.4,22.8
VREX,09242015A,2015-09-24,11:36 AM,Hwy-rail crossing,0,"WASHINGTON, DC",DC,75,2,Day,Clear,Main,Commuter Train - Pushing,22,250000,0,250000,M399,38.883747,-77.030523,69.5,69.3,68.1
ATK,136447,2015-02-20,7:55 AM,Other impacts,0,"WASHINGTON, DC",DC,8,1,Dawn,Clear,Yard,Yard/switching,5,0,0,19646,H401,38.903591,-77.004097,16.1,13.4,22.8
ATK,135968,2015-01-16,10:44 AM,Derailment,0,"WASHINGTON, DC",DC,40,2,Day,Clear,Yard,Light loco(s),2,16632,4000,20632,T223,38.91568,-76.98796,34.7,37.4,33.5
ATK,139190,2015-09-13,4:00 PM,Derailment,0,"WASHINGTON, DC",DC,71,2,Day,Clear,Yard,Light loco(s),5,22612,500,23112,H303,38.915262,-76.988883,71.3,67.7,67.1
ATK,136348,2015-02-21,4:30 AM,Derailment,0,"WASHINGTON, DC",DC,5,4,Dark,Clear,Yard,Light loco(s),4,20200,0,20200,H303,38.911556,-76.999483,13.4,22.8,39.8
ATK,141964,2016-04-13,9:46 AM,Derailment,0,"WASHINGTON, DC",DC,50,2,Day,Clear,Yard,Yard/switching,10,65129,4657,69786,H401,39.915238,-76.988896,60.8,50.2,52.4
ATK,145484,2016-12-14,1:00 AM,Other (describe in narrative),0,"WASHINGTON, DC",DC,36,4,Dark,Cloudy,Yard,Spec. MoW Equip.,10,10235,29010,39245,E99C,38.900591,-77.00441,42.6,42,27.4
ATK,144737,2016-10-18,11:00 AM,Derailment,0,"WASHINGTON, DC",DC,80,2,Day,Clear,Yard,Light loco(s),5,98100,395,98495,H099,38.901957,-77.004822,68.5,70.5,74.2
ATK,145184,2016-11-20,10:41 PM,Derailment,0,"WASHINGTON, DC",DC,35,4,Dark,Clear,Yard,Yard/switching,3,45692,0,45692,H303,38.899556,-77.005259,51.8,41.2,39.4
VREX,19345A,2019-12-11,7:25 AM,Other (describe in narrative),0,"WASHINGTON, DC",DC,32,1,Dawn,Clear,Main,Passenger Train - Pushing,12,0,0,22868,H221,38.900792,-77.005161,54,37.1,34
MACZ,171005,2022-05-04,12:22 PM,Derailment,0,"WASHINGTON, DC",DC,80,2,Day,Clear,Yard,Light loco(s),2,33084,0,33084,H699,38.91615,-76.98567,63.8,63.7,62.8
ATK,142631,2016-05-29,5:30 PM,Derailment,0,"WASHINGTON, DC",DC,80,2,Day,Rain,Yard,Yard/switching,10,52300,2425,54725,H702,38.914633,-76.990733,77.7,73.1,73.4
MACZ,149733,2017-09-29,10:30 AM,Other (describe in narrative),0,"WASHINGTON, DC",DC,70,2,Day,Clear,Main,Commuter Train - Pulling,0,14729,0,14729,E79L,38.907192,-77.03687,76,66.1,63.5
ATK,140984,2016-01-18,6:11 AM,Other (describe in narrative),0,"WASHINGTON, DC",DC,20,1,Dawn,Clear,Main,EMU,0,0,4500,15080,T404,38.902234,-77.004646,35.6,22.6,20.6
MACZ,1601180611,2016-01-18,6:11 AM,Other (describe in narrative),0,"WASHINGTON, DC",DC,20,1,Dawn,Clear,Main,Commuter Train - Pulling,15,10580,0,15080,T404,38.902234,-7.004646,35.6,22.6,20.6
ATK,135966,2015-01-16,9:12 AM,Derailment,0,"WASHINGTON, DC",DC,43,2,Day,Clear,Yard,Light loco(s),3,32646,2016,34662,T311,38.914611,-76.991158,34.7,37.4,33.5
ATK,135902,2015-01-13,8:30 AM,Derailment,0,"WASHINGTON, DC",DC,35,2,Day,Clear,Yard,Light loco(s),5,15980,2574,18554,T110,38.916732,-76.98472,38,34.8,30.1
NS,127358,2017-11-09,6:30 AM,Derailment,0,WASHINGTONVILLE,PA,25,1,Dawn,Fog,Main,Freight Train,10,46069,2679,48748,T102,41.073682,-76.657462,36.7,36.5,32.4
ARR,2017082,2017-04-10,6:57 PM,Derailment,0,WASILLA,AK,0,3,Dusk,Clear,Main,Passenger Train - Pulling,23,86341,0,86341,M503,61.333894,-149.184654,38.3,36.1,39.8
UP,0221MA003,2021-02-03,7:41 AM,Hwy-rail crossing,0,WASKOM,TX,33,1,Dawn,Clear,Main,Freight Train,54,17083,53384,70467,M302,32.475961,-94.049928,42.6,47.3,58.9
MNCW,78231,2022-10-17,10:51 AM,Hwy-rail crossing,0,WATERBURY,CT,55,2,Day,Rain,Main,Commuter Train - Pushing,32,40728,18295,59023,M303,41.537484,-73.039756,52.5,52.3,49.3
BNSF,NE1214100,2014-12-02,7:15 PM,Derailment,0,WATERBURY,NE,20,3,Dusk,Clear,Main,Freight Train,9,248926,110000,358926,T221,42.262999,-96.421113,14.1,25.4,27.9
NAUG,1163792,2016-11-10,10:35 AM,Derailment,0,WATERBURY,CT,43,2,Day,Clear,Main,Freight Train,13,6500,285000,291500,T106,41.579887,-73.049718,48,45.3,46.5
BNSF,TC0615117,2015-06-21,5:46 PM,Derailment,0,WATERBURY,NE,75,3,Dusk,Clear,Main,Freight Train,10,282748,111854,394602,T207,42.456307,-96.737453,77.7,73.9,77.6
IANR,WLD0709181,2018-07-09,3:45 PM,Derailment,0,WATERLOO,IA,83,2,Day,Clear,Yard,Freight Train,8,4161,16015,20176,H704,42.46579,-92.315051,72,76.2,76
CC,1149882,2024-05-10,1:00 PM,Derailment,0,WATERLOO,IA,71,2,Day,Clear,Yard,Freight Train,4,15634,559,16193,H318,42.508084,-92.33337,57.5,60.5,62.5
CC,999740,2019-05-26,10:30 PM,Derailment,0,WATERLOO,IA,68,4,Dark,Clear,Yard,Yard/switching,4,75500,0,75500,H702,42.501336,-92.321454,72.6,66.6,68
CC,931391,2017-08-02,10:40 AM,Derailment,0,WATERLOO,IA,80,2,Day,Clear,Yard,Cut of cars,0,14000,0,234319,T221,42.507924,-92.332665,72.4,73,66.5
CSX,000168557,2017-04-27,4:00 PM,Derailment,0,WATERLOO,SC,70,2,Day,Clear,Main,Freight Train,40,15749,314,16063,E33C,34.376225,-82.052587,68.5,68,73.4
FGLK,12112015,2015-12-11,7:00 PM,Derailment,0,WATERLOO,NY,50,4,Dark,Clear,Yard,Freight Train,3,10000,4496,18396,H306,42.877092,-76.961615,47,51.2,45.7
IANR,WLD0213191,2019-02-13,12:01 AM,Other impacts,0,WATERLOO,IA,8,4,Dark,Snow,Yard,Light loco(s),7,12461,3500,35662,H525,42.465371,-92.314843,22.4,11.7,24.3
IANR,WLD0213191,2019-02-13,12:01 AM,Other impacts,0,WATERLOO,IA,8,4,Dark,Snow,Yard,Light loco(s),0,19701,0,35662,H525,42.465371,-92.314843,22.4,11.7,24.3
IANR,WLP0220192,2019-02-20,12:57 PM,Other impacts,0,WATERLOO,IA,30,2,Day,Snow,Yard,Freight Train,7,16194,0,16194,H302,42.466111,-92.315205,5.5,26.9,13.9
CC,923816,2017-05-26,11:10 AM,Derailment,0,WATERLOO,IA,80,2,Day,Clear,Yard,Freight Train,6,133400,110292,282392,T111,42.501394,-92.322761,57.8,62.4,60.6
UP,0517TC020,2017-05-26,11:10 AM,Derailment,0,WATERLOO,IA,64,2,Day,Cloudy,Yard,Freight Train,0,0,38700,282392,T111,42.501394,-92.322761,57.8,62.4,60.6
CP,1000299155,2015-11-08,2:08 PM,Derailment,1,WATERTOWN,WI,50,2,Day,Clear,Main,Freight Train,27,1706174,181500,1887674,T299,43.191213,-88.736071,38,38.2,37.2
FGLK,12042023,2023-12-04,10:45 AM,Derailment,0,WATKINS GLEN,NY,40,2,Day,Cloudy,Industry,Freight Train,5,0,61048,61048,T110,42.404609,-76.887525,44.1,41,34
BNSF,PR0816114,2016-08-11,12:26 PM,Obstruction,0,WATROUS,NM,90,2,Day,Clear,Main,,0,0,0,16600,M404,35.819292,-104.861635,69,70.4,63.5
BNSF,PR1017104,2017-10-05,7:45 PM,Obstruction,0,WATROUS,NM,55,3,Dusk,Clear,Main,,0,0,5000,55000,M404,35.814214,-104.911051,57.9,56.5,58.6
BNSF,HL1117107,2017-11-12,8:47 AM,Derailment,0,WATSON,MO,39,1,Dawn,Clear,Industry,Freight Train,8,418856,41100,459956,T101,40.568352,-95.651872,40.8,42.7,40
KCS,22092002,2022-09-20,6:20 PM,Derailment,0,WATTS,OK,85,2,Day,Clear,Siding,Freight Train,5,137631,35016,172647,H306,36.09975,-94.584796,80.8,80.8,81
UPME,0120CM016,2020-01-26,11:05 PM,Derailment,0,WAUKEGAN,IL,29,4,Dark,Cloudy,Yard,Yard/switching,6,99167,88600,187767,T111,42.363417,-87.827538,34.1,32.6,32.3
WC,1140042,2023-10-15,1:58 AM,Obstruction,0,WAUKESHA,WI,52,4,Dark,Clear,Main,Freight Train,20,20446,0,20446,M599,43.027686,-88.218057,50.2,48.2,46.1
FOXY,240712002,2024-07-12,9:55 PM,Derailment,0,WAUSAU,WI,72,4,Dark,Clear,Industry,Freight Train,11,315000,625000,940000,M503,44.951518,-89.690185,72.4,75.2,70.6
UP,0219GL005,2019-02-04,11:00 PM,Derailment,0,WAUWATOSA,WI,28,4,Dark,Clear,Industry,Freight Train,5,3884,9630,13514,M101,43.070203,-88.050697,41.2,41.2,26.9
UP,0416PR002,2016-04-10,4:50 PM,Derailment,0,WAUWATOSA,WI,46,2,Day,Cloudy,Yard,Freight Train,2,22263,27893,50156,M405,43.088123,-88.062024,27.6,39.5,42.8
WSOR,IN160517,2016-05-17,6:12 PM,Derailment,0,WAUZEKA,WI,72,2,Day,Clear,Main,Freight Train,10,175000,125000,300000,T108,43.087305,-90.859806,55.9,55.6,53.4
NS,121252,2016-07-14,3:40 PM,Hwy-rail crossing,0,WAVERLY,VA,99,2,Day,Clear,Main,Freight Train,58,9711,13234,22945,M303,37.036093,-77.094017,81.4,83.7,82.3
NS,139068,2020-09-04,7:40 AM,Hwy-rail crossing,0,WAVERLY,VA,82,1,Dawn,Clear,Main,Freight Train,59,1204,10000,11204,M303,37.029109,-77.083155,83.3,82.8,74
NS,156455,2024-04-23,1:15 PM,Hwy-rail crossing,0,WAVERLY,NY,65,2,Day,Cloudy,Main,Light loco(s),46,4830,3387,8217,M304,42.003698,-76.516216,43.1,51.6,47.3
UP,0318SL006,2018-03-24,12:52 PM,Fire/violent rupture,0,WAVERLY,MO,48,2,Day,Cloudy,Main,Light loco(s),0,326281,0,326281,E72L,39.213155,-93.521506,49.5,45.7,39.1
CSX,000210474,2023-03-26,8:40 AM,Hwy-rail crossing,0,WAVERLY,TN,65,2,Day,Clear,Main,Freight Train,45,13612,0,13612,M304,36.088169,-87.741519,58.5,58.2,55.2
CSX,000189525,2020-04-06,2:35 AM,Hwy-rail crossing,0,WAVERLY,TN,51,4,Dark,Clear,Main,Freight Train,48,600,10911,11511,M308,36.086387,-87.788731,59.8,65.7,69.1