reportingrailroadcode,accidentnumber,date,time,accidenttype,hazmatreleasedcars,station,stateabbr,temperature,visibility_code,visibility,weathercondition,tracktype,equipmenttype,trainspeed,equipmentdamagecost,trackdamagecost,totaldamagecost,primaryaccidentcausecode,latitude,longitude,prior_temp,actual_temp,following_temp
NS,136097,2019-11-06,9:00 AM,Other impacts,0,WAVERLY,AL,52,2,Day,Clear,Yard,Cut of cars,0,34479,0,34773,H318,32.757799,-85.601338,61.1,61.8,62.1
NS,136097,2019-11-06,9:00 AM,Other impacts,0,WAVERLY,AL,52,2,Day,Clear,Yard,Yard/switching,4,294,0,34773,H318,32.757799,-85.601338,61.1,61.8,62.1
NS,153896,2023-08-10,7:00 PM,Derailment,0,WAVERLY,VA,80,3,Dusk,Cloudy,Industry,Cut of cars,7,38951,0,38951,T207,37.03902,-77.098511,76.3,74.4,76.6
BNSF,RD0521202,2021-05-16,12:34 AM,Hwy-rail crossing,0,WAXAHACHIE,TX,73,4,Dark,Clear,Main,Freight Train,30,300,125000,125300,M302,32.333433,-96.766397,70.6,68.6,70
CSX,000161321,2016-07-14,9:40 AM,Derailment,0,WAXHAW,NC,90,2,Day,Clear,Main,Freight Train,24,95710,44914,140624,E54C,34.921403,-80.790453,82.9,84.5,80.6
CSX,000189869,2020-04-26,8:50 PM,Derailment,0,WAYCROSS,GA,58,4,Dark,Clear,Yard,Yard/switching,4,32320,195,32515,H212,31.213524,-82.353588,72.3,71.4,63.3
CSX,000195207,2021-01-23,7:19 AM,Other impacts,0,WAYCROSS,GA,55,1,Dawn,Clear,Yard,Freight Train,5,7980,260,18852,H309,31.213524,-82.353588,60.2,55.7,58
CSX,000157513,2016-02-27,8:50 AM,Other impacts,0,WAYCROSS,GA,50,2,Day,Clear,Yard,Light loco(s),7,34961,0,38256,H702,31.213524,-82.353588,49.6,48.4,54.6
CSX,000195207,2021-01-23,7:19 AM,Other impacts,0,WAYCROSS,GA,55,1,Dawn,Clear,Yard,Freight Train,0,10612,0,18852,H309,31.213524,-82.353588,60.2,55.7,58
CSX,000201986,2021-12-20,6:30 PM,Side collision,0,WAYCROSS,GA,54,3,Dusk,Clear,Yard,Freight Train,9,525356,3035,537891,H399,31.213509,-82.353557,66.8,49.1,44.5
CSX,000155146,2015-12-14,5:07 AM,Other impacts,0,WAYCROSS,GA,68,4,Dark,Clear,Yard,Freight Train,7,0,0,168788,H305,31.205611,-82.363512,68.9,73.9,66.1
CSX,000179997,2018-11-24,6:30 PM,Side collision,0,WAYCROSS,GA,62,3,Dusk,Cloudy,Yard,Cut of cars,10,91,0,21912,S007,31.213524,-82.353588,54.8,59.4,53.9
CSX,000209794,2023-02-14,8:45 AM,Derailment,0,WAYCROSS,GA,55,2,Day,Clear,Yard,Freight Train,10,65218,5766,70984,H702,31.21353,-82.353568,53.4,56.1,62.9
CSX,000157513,2016-02-27,8:50 AM,Other impacts,0,WAYCROSS,GA,50,2,Day,Clear,Yard,Light loco(s),0,2795,500,38256,H702,31.213524,-82.353588,49.6,48.4,54.6
CSX,000172930,2017-11-15,9:30 PM,Side collision,0,WAYCROSS,GA,48,4,Dark,Clear,Yard,Yard/switching,1,0,97,14342,S007,31.213524,-82.353588,55.8,51.1,53.9
CSX,000154725,2015-11-28,11:00 PM,Other impacts,0,WAYCROSS,GA,61,4,Dark,Clear,Yard,Cut of cars,4,38259,50,38309,M411,31.213524,-82.353588,67,65.5,63.6
CSX,000171373,2017-08-30,11:00 PM,Other impacts,0,WAYCROSS,GA,75,4,Dark,Clear,Yard,Cut of cars,5,19457,33,19490,H316,31.213524,-82.353588,78.7,78,78.7
CSX,000172930,2017-11-15,9:30 PM,Side collision,0,WAYCROSS,GA,48,4,Dark,Clear,Yard,Cut of cars,1,14245,0,14342,S007,31.213524,-82.353588,55.8,51.1,53.9
CSX,000174495,2018-02-04,8:35 PM,Derailment,0,WAYCROSS,GA,55,4,Dark,Cloudy,Yard,Yard/switching,2,88000,2209,90209,E27C,31.213524,-82.353588,46.2,58.4,53.1
CSX,000173024,2017-11-23,5:45 PM,Side collision,0,WAYCROSS,GA,55,3,Dusk,Cloudy,Yard,Cut of cars,0,0,0,28632,H399,31.213524,-82.353588,63,56.2,53.2
CSX,000173957,2018-01-10,9:00 PM,Other impacts,0,WAYCROSS,GA,65,4,Dark,Cloudy,Yard,Yard/switching,4,11154,3100,67356,H308,31.213524,-82.353588,59.3,63.9,67.8
CSX,000173024,2017-11-23,5:45 PM,Side collision,0,WAYCROSS,GA,55,3,Dusk,Cloudy,Yard,Yard/switching,4,27309,1323,28632,H399,31.213524,-82.353588,63,56.2,53.2
CSX,000155146,2015-12-14,5:07 AM,Other impacts,0,WAYCROSS,GA,68,4,Dark,Clear,Yard,Yard/switching,2,168738,50,168788,H305,31.205611,-82.363512,68.9,73.9,66.1
CSX,000174143,2018-01-20,7:30 AM,Derailment,0,WAYCROSS,GA,29,1,Dawn,Clear,Yard,Freight Train,5,44625,1613,46238,H522,31.207189,-82.336591,39.1,45.2,54.1
CSX,000166081,2017-01-17,6:25 PM,Derailment,0,WAYCROSS,GA,75,3,Dusk,Cloudy,Yard,Yard/switching,3,12874,723,13597,M405,31.213524,-82.353588,66.2,67.3,67.6
CSX,000199199,2021-08-02,12:00 AM,Derailment,0,WAYCROSS,GA,87,4,Dark,Rain,Yard,Yard/switching,7,17595,3016,20611,M103,31.213524,-82.353588,80.5,78,77.3
CSX,000186715,2019-11-21,6:25 PM,Hwy-rail crossing,0,WAYCROSS,GA,53,4,Dark,Clear,Main,Freight Train,0,0,0,16885,M308,31.248501,-82.374725,53.2,54.6,59.1
CSX,000169664,2017-06-15,5:10 PM,Side collision,0,WAYCROSS,GA,90,2,Day,Clear,Yard,Yard/switching,4,1075,0,14108,H307,31.213524,-82.353588,79.3,80.8,82.3
CSX,000182352,2019-04-14,7:20 AM,Side collision,0,WAYCROSS,GA,70,1,Dawn,Cloudy,Yard,Yard/switching,5,25767,636,43105,S007,31.213195,-82.353954,76.1,75.3,63.2
CSX,000169664,2017-06-15,5:10 PM,Side collision,0,WAYCROSS,GA,90,2,Day,Clear,Yard,Single Car,4,1500,33,14108,H307,31.213524,-82.353588,79.3,80.8,82.3
CSX,000191839,2020-08-05,9:00 PM,Derailment,0,WAYCROSS,GA,81,4,Dark,Clear,Yard,Yard/switching,4,16067,472,16539,M101,31.213524,-82.353588,79.9,83,80.1
CSX,000157044,2016-02-12,1:17 AM,Other impacts,0,WAYCROSS,GA,45,4,Dark,Cloudy,Yard,Yard/switching,5,3681,0,125407,H305,31.213524,-82.353588,50.9,64,51.6
CSX,000193681,2020-11-08,5:10 AM,Raking collision,0,WAYCROSS,GA,70,1,Dawn,Clear,Yard,Single Car,1,1000,0,25536,M407,31.213524,-82.353588,72.6,73.1,74.3
CSX,000199326,2021-08-08,5:10 AM,Derailment,0,WAYCROSS,GA,73,4,Dark,Cloudy,Yard,Yard/switching,2,28276,21282,49558,M405,31.213524,-82.353588,78.4,81.6,79.8
CSX,000179023,2018-09-29,5:45 AM,Side collision,0,WAYCROSS,GA,85,1,Dawn,Clear,Yard,Yard/switching,4,0,0,134917,H306,31.213524,-82.353588,81,80.7,78.5
CSX,000182352,2019-04-14,7:20 AM,Side collision,0,WAYCROSS,GA,70,1,Dawn,Cloudy,Yard,Yard/switching,4,16702,0,43105,S007,31.213195,-82.353954,76.1,75.3,63.2
CSX,000192663,2020-09-16,10:38 AM,Derailment,0,WAYCROSS,GA,85,2,Day,Cloudy,Yard,Yard/switching,1,233250,0,270962,M405,31.213524,-82.353588,77.4,74.9,80.4
CSX,000188660,2020-02-26,1:35 AM,Derailment,0,WAYCROSS,GA,68,4,Dark,Rain,Yard,Yard/switching,7,37464,3360,40824,M411,31.213524,-82.353588,65.2,62.7,46.7
CSX,000177162,2018-06-24,4:00 AM,Side collision,0,WAYCROSS,GA,76,1,Dawn,Clear,Yard,Yard/switching,5,133629,0,298607,H607,31.213524,-82.353588,84.5,85.4,84.1
CSX,000177162,2018-06-24,4:00 AM,Side collision,0,WAYCROSS,GA,76,1,Dawn,Clear,Yard,Yard/switching,5,164000,978,298607,H607,31.213524,-82.353588,84.5,85.4,84.1
CSX,000186835,2019-11-29,12:00 PM,Side collision,0,WAYCROSS,GA,70,2,Day,Clear,Yard,Freight Train,5,98492,0,170939,H607,31.213524,-82.353588,61.3,56.5,61
CSX,000192663,2020-09-16,10:38 AM,Derailment,0,WAYCROSS,GA,85,2,Day,Cloudy,Yard,Cut of cars,0,37712,0,270962,M405,31.213524,-82.353588,77.4,74.9,80.4
CSX,000183032,2019-05-18,2:57 PM,Derailment,0,WAYCROSS,GA,90,2,Day,Clear,Yard,Yard/switching,10,21664,3890,25554,E29C,31.213524,-82.353588,78.6,79.4,79
CSX,000196290,2021-03-14,8:46 PM,Side collision,0,WAYCROSS,GA,67,4,Dark,Clear,Yard,Light loco(s),0,0,0,19101,H316,31.213524,-82.353588,67.3,68.8,67.7
CSX,000193681,2020-11-08,5:10 AM,Raking collision,0,WAYCROSS,GA,70,1,Dawn,Clear,Yard,Yard/switching,1,24536,0,25536,M407,31.213524,-82.353588,72.6,73.1,74.3
CSX,000177996,2018-08-05,1:52 AM,Side collision,0,WAYCROSS,GA,78,4,Dark,Clear,Yard,Light loco(s),10,12951,97,23369,H607,31.213524,-82.353588,81.7,82.9,81.8
CSX,000157044,2016-02-12,1:17 AM,Other impacts,0,WAYCROSS,GA,45,4,Dark,Cloudy,Yard,Yard/switching,4,56224,65502,125407,H305,31.213524,-82.353588,50.9,64,51.6
CSX,000194519,2020-12-15,2:05 AM,Derailment,0,WAYCROSS,GA,47,4,Dark,Clear,Yard,Yard/switching,6,8350,4014,12364,M411,31.213195,-82.353954,63.9,51.8,48.2
CSX,000196290,2021-03-14,8:46 PM,Side collision,0,WAYCROSS,GA,67,4,Dark,Clear,Yard,Single Car,7,19101,0,19101,H316,31.213524,-82.353588,67.3,68.8,67.7
CSX,000179023,2018-09-29,5:45 AM,Side collision,0,WAYCROSS,GA,85,1,Dawn,Clear,Yard,Freight Train,8,129717,5200,134917,H306,31.213524,-82.353588,81,80.7,78.5
CSX,000186715,2019-11-21,6:25 PM,Hwy-rail crossing,0,WAYCROSS,GA,53,4,Dark,Clear,Main,Freight Train,33,16788,97,16885,M308,31.248501,-82.374725,53.2,54.6,59.1
CSX,000189997,2020-05-01,8:10 PM,Derailment,0,WAYCROSS,GA,70,4,Dark,Clear,Yard,Single Car,4,26644,196,26840,M407,31.213524,-82.353588,68.1,65.1,68.2
CSX,000169664,2017-06-15,5:10 PM,Side collision,0,WAYCROSS,GA,90,2,Day,Clear,Yard,Single Car,4,11500,0,14108,H307,31.213524,-82.353588,79.3,80.8,82.3
CSX,000175937,2018-04-20,5:29 PM,Side collision,0,WAYCROSS,GA,73,2,Day,Clear,Yard,Light loco(s),5,28171,0,39599,H307,31.213524,-82.353588,72.6,62.2,61.5
CSX,000178139,2018-08-11,8:15 PM,Derailment,0,WAYCROSS,GA,80,3,Dusk,Clear,Yard,Freight Train,8,20930,2955,23885,H525,31.216641,-82.371069,81.5,81.5,82.7
CSX,000190953,2020-06-21,10:45 PM,Derailment,0,WAYCROSS,GA,86,4,Dark,Clear,Yard,Yard/switching,2,14984,12701,27685,M405,31.213524,-82.353588,76.9,81.1,82.2
CSX,000186835,2019-11-29,12:00 PM,Side collision,0,WAYCROSS,GA,70,2,Day,Clear,Yard,Light loco(s),8,72000,447,170939,H607,31.213524,-82.353588,61.3,56.5,61
CSX,000175937,2018-04-20,5:29 PM,Side collision,0,WAYCROSS,GA,73,2,Day,Clear,Yard,Yard/switching,5,11232,196,39599,H307,31.213524,-82.353588,72.6,62.2,61.5
CSX,000207059,2022-09-04,6:25 PM,Other impacts,0,WAYCROSS,GA,72,3,Dusk,Rain,Yard,Single Car,4,59542,0,59992,M407,31.213509,-82.353557,79.3,77.4,81
CSX,000209052,2023-01-02,10:10 PM,Other impacts,0,WAYCROSS,GA,61,4,Dark,Clear,Yard,Cut of cars,7,20100,23005,320862,M599,31.213509,-82.353557,63.4,63.3,68.9
CSX,000201244,2021-11-09,8:00 PM,Side collision,0,WAYCROSS,GA,68,4,Dark,Clear,Yard,Yard/switching,4,15009,9138,64201,H307,31.213524,-82.353588,53.3,55.6,58.8
CSX,000206873,2022-08-25,4:05 AM,Other impacts,0,WAYCROSS,GA,78,1,Dawn,Clear,Yard,Cut of cars,2,7108,0,11985,S007,31.213509,-82.353557,80.7,79.3,79
CSX,000201986,2021-12-20,6:30 PM,Side collision,0,WAYCROSS,GA,54,3,Dusk,Clear,Yard,Yard/switching,2,9500,0,537891,H399,31.213509,-82.353557,66.8,49.1,44.5
CSX,000206873,2022-08-25,4:05 AM,Other impacts,0,WAYCROSS,GA,78,1,Dawn,Clear,Yard,Cut of cars,2,4877,0,11985,S007,31.213509,-82.353557,80.7,79.3,79
CSX,000201946,2021-12-17,10:00 PM,Side collision,0,WAYCROSS,GA,67,4,Dark,Clear,Yard,Freight Train,8,140574,824,191398,H306,31.213509,-82.353557,66.8,69,69.7
CSX,000208780,2022-12-11,12:00 PM,Other impacts,0,WAYCROSS,GA,68,2,Day,Clear,Yard,Cut of cars,0,1017,0,22442,E39C,31.213509,-82.353557,61.7,56.7,58.5
CSX,000204071,2022-04-07,1:31 AM,Other impacts,0,WAYCROSS,GA,75,4,Dark,Rain,Yard,Single Car,3,1200,0,87029,M101,31.213509,-82.353557,74.5,71.9,61.6
CSX,000204753,2022-05-05,12:00 AM,Derailment,0,WAYCROSS,GA,75,4,Dark,Clear,Yard,Yard/switching,6,12490,5096,17586,M410,31.213509,-82.353557,75.7,79.8,74
CSX,000201244,2021-11-09,8:00 PM,Side collision,0,WAYCROSS,GA,68,4,Dark,Clear,Yard,Yard/switching,4,40054,0,64201,H307,31.213524,-82.353588,53.3,55.6,58.8
CSX,000211604,2023-06-01,5:45 AM,Derailment,0,WAYCROSS,GA,74,1,Dawn,Clear,Main,Freight Train,22,68602,535562,604164,E53C,31.21401,-82.369422,74.4,73.9,73.6
CSX,000201946,2021-12-17,10:00 PM,Side collision,0,WAYCROSS,GA,67,4,Dark,Clear,Yard,Yard/switching,6,50000,0,191398,H306,31.213509,-82.353557,66.8,69,69.7
CSX,000213413,2023-09-10,4:20 PM,Other impacts,0,WAYCROSS,GA,90,3,Dusk,Clear,Yard,Yard/switching,4,91260,0,92288,S016,31.213509,-82.353557,77.3,80.6,79.1
CSX,000204348,2022-04-19,6:45 AM,Side collision,0,WAYCROSS,GA,50,1,Dawn,Clear,Yard,Light loco(s),6,4704,0,24837,H306,31.213509,-82.353557,71.3,60.7,60.6
CSX,000204071,2022-04-07,1:31 AM,Other impacts,0,WAYCROSS,GA,75,4,Dark,Rain,Yard,Yard/switching,3,85829,0,87029,M101,31.213509,-82.353557,74.5,71.9,61.6
CSX,000204669,2022-05-01,4:50 PM,Derailment,0,WAYCROSS,GA,85,2,Day,Cloudy,Yard,Freight Train,6,50833,1484,52317,H306,31.213509,-82.353557,71.7,73.9,75.4
CSX,000201858,2021-12-11,9:00 AM,Other impacts,0,WAYCROSS,GA,72,2,Day,Cloudy,Yard,Cut of cars,4,15715,0,16215,M599,31.213509,-82.353557,66.7,71.4,59
CSX,000204348,2022-04-19,6:45 AM,Side collision,0,WAYCROSS,GA,50,1,Dawn,Clear,Yard,Yard/switching,6,19807,326,24837,H306,31.213509,-82.353557,71.3,60.7,60.6
CSX,000207059,2022-09-04,6:25 PM,Other impacts,0,WAYCROSS,GA,72,3,Dusk,Rain,Yard,Yard/switching,4,450,0,59992,M407,31.213509,-82.353557,79.3,77.4,81
CSX,000209052,2023-01-02,10:10 PM,Other impacts,0,WAYCROSS,GA,61,4,Dark,Clear,Yard,Yard/switching,7,277757,0,320862,M599,31.213509,-82.353557,63.4,63.3,68.9
CSX,000201858,2021-12-11,9:00 AM,Other impacts,0,WAYCROSS,GA,72,2,Day,Cloudy,Yard,Yard/switching,4,500,0,16215,M599,31.213509,-82.353557,66.7,71.4,59
CSX,000208780,2022-12-11,12:00 PM,Other impacts,0,WAYCROSS,GA,68,2,Day,Clear,Yard,Yard/switching,4,21425,0,22442,E39C,31.213509,-82.353557,61.7,56.7,58.5
CSX,000202382,2022-01-12,11:46 PM,Derailment,0,WAYCROSS,GA,40,4,Dark,Cloudy,Yard,Cut of cars,7,17218,500,19918,H318,31.203671,-82.365788,45.4,49.2,52.5
CSX,000158583,2016-03-30,4:05 AM,Derailment,0,WAYCROSS,GA,50,4,Dark,Clear,Yard,Freight Train,8,12450,19153,31603,T220,31.213524,-82.353588,66.4,66,74.8
CSX,000168463,2017-04-22,7:16 PM,Other impacts,0,WAYCROSS,GA,70,2,Day,Clear,Yard,Cut of cars,12,13547,0,13547,H318,31.213524,-82.353588,75.8,75.9,78
CSX,000207918,2022-10-20,5:10 AM,Derailment,0,WAYCROSS,GA,37,4,Dark,Clear,Yard,Cut of cars,17,102925,78655,377237,M407,31.213509,-82.353557,49.7,51.3,53.4
CSX,000207918,2022-10-20,5:10 AM,Derailment,0,WAYCROSS,GA,37,4,Dark,Clear,Yard,Yard/switching,9,195657,0,377237,M407,31.213509,-82.353557,49.7,51.3,53.4
CSX,000173957,2018-01-10,9:00 PM,Other impacts,0,WAYCROSS,GA,65,4,Dark,Cloudy,Yard,Cut of cars,4,53102,0,67356,H308,31.213524,-82.353588,59.3,63.9,67.8
CSX,000207941,2022-10-22,10:41 PM,Derailment,0,WAYCROSS,GA,44,4,Dark,Cloudy,Yard,Yard/switching,4,120186,26427,146613,H523,31.213509,-82.353557,53.4,55.9,61.6
CSX,000213117,2023-08-27,1:01 AM,Other impacts,0,WAYCROSS,GA,81,4,Dark,Clear,Yard,Single Car,0,20000,19801,149458,H305,31.213509,-82.353557,82.4,83.3,82.5
CSX,000213117,2023-08-27,1:01 AM,Other impacts,0,WAYCROSS,GA,81,4,Dark,Clear,Yard,Yard/switching,4,98657,0,149458,H305,31.213509,-82.353557,82.4,83.3,82.5
CSX,000217097,2024-03-29,1:30 AM,Side collision,0,WAYCROSS,GA,54,4,Dark,Clear,Yard,Yard/switching,3,53404,0,53704,H602,31.213509,-82.353557,63.4,59,61.7
CSX,000215297,2024-01-02,1:50 AM,Derailment,0,WAYCROSS,GA,38,4,Dark,Clear,Yard,Yard/switching,6,26448,71042,97490,M411,31.213509,-82.353557,52.8,42.9,42.9
CSX,000216898,2024-03-20,6:00 PM,Derailment,0,WAYCROSS,GA,75,3,Dusk,Clear,Yard,Yard/switching,7,5841,29559,35400,M411,31.213509,-82.353557,50.5,55.8,62.8
CSX,000206506,2022-08-02,3:30 PM,Derailment,0,WAYCROSS,GA,94,2,Day,Clear,Yard,Yard/switching,7,2500,22391,24891,M411,31.213509,-82.353557,85.3,84.2,80.9
CSX,000213117,2023-08-27,1:01 AM,Other impacts,0,WAYCROSS,GA,81,4,Dark,Clear,Yard,Cut of cars,4,11000,0,149458,H305,31.213509,-82.353557,82.4,83.3,82.5
CSX,000216113,2024-02-10,12:47 AM,Derailment,0,WAYCROSS,GA,64,4,Dark,Clear,Yard,Freight Train,4,3770,21420,25190,M204,31.213509,-82.353557,59,61.6,65.5
CSX,000215768,2024-01-25,8:05 PM,Derailment,0,WAYCROSS,GA,65,4,Dark,Clear,Yard,Yard/switching,7,11767,7251,19018,E86C,31.213509,-82.353557,67.8,71.2,70.2
CSX,000215261,2023-12-28,9:50 PM,Derailment,0,WAYCROSS,GA,48,4,Dark,Clear,Yard,Yard/switching,7,22181,2061,24242,H702,31.213509,-82.353557,59.7,55.7,45.8
CSX,000213413,2023-09-10,4:20 PM,Other impacts,0,WAYCROSS,GA,90,3,Dusk,Clear,Yard,Cut of cars,4,300,728,92288,S016,31.213509,-82.353557,77.3,80.6,79.1
CSX,000215256,2023-12-29,10:55 AM,Derailment,0,WAYCROSS,GA,49,2,Day,Clear,Yard,Freight Train,4,19727,2033,21760,H702,31.213509,-82.353557,55.7,45.8,43.7
CSX,000171425,2017-09-04,1:45 PM,Derailment,0,WAYCROSS,GA,95,2,Day,Clear,Yard,Yard/switching,3,13029,321,13350,E29C,31.213524,-82.353588,78.7,80.4,80
CSX,000201811,2021-12-11,5:30 PM,Other impacts,0,WAYCROSS,GA,75,3,Dusk,Clear,Yard,Cut of cars,4,2830,328,43354,S016,31.213509,-82.353557,66.7,71.4,59
CSX,000217645,2024-04-26,10:40 PM,Other (describe in narrative),0,WAYCROSS,GA,65,4,Dark,Clear,Yard,Freight Train,4,2772,0,64620,H702,31.213509,-82.353557,70.9,71.7,72.1
CSX,000207908,2022-10-18,1:20 PM,Side collision,0,WAYCROSS,GA,78,2,Day,Clear,Yard,Yard/switching,8,11438,0,13581,H307,31.213509,-82.353557,72.9,61.4,49.7
CSX,000201811,2021-12-11,5:30 PM,Other impacts,0,WAYCROSS,GA,75,3,Dusk,Clear,Yard,Yard/switching,4,39868,328,43354,S016,31.213509,-82.353557,66.7,71.4,59
CSX,000200679,2021-10-14,12:07 AM,Derailment,0,WAYCROSS,GA,65,4,Dark,Fog,Yard,Cut of cars,1,7200,1482,19262,H399,31.213524,-82.353588,70.8,71.8,73.2
CSX,000206316,2022-07-26,10:57 PM,Derailment,0,WAYCROSS,GA,80,4,Dark,Cloudy,Yard,Cut of cars,0,15530,2415,32160,M405,31.213509,-82.353557,80.6,83.1,82.7
CSX,000206316,2022-07-26,10:57 PM,Derailment,0,WAYCROSS,GA,80,4,Dark,Cloudy,Yard,Yard/switching,4,14215,0,32160,M405,31.213509,-82.353557,80.6,83.1,82.7
CSX,000219872,2024-08-10,1:37 PM,Hwy-rail crossing,0,WAYCROSS,GA,91,2,Day,Clear,Main,Freight Train,32,4548,9855,14403,M308,31.207269,-82.36605,85.1,84.9,85
CSX,000207908,2022-10-18,1:20 PM,Side collision,0,WAYCROSS,GA,78,2,Day,Clear,Yard,Yard/switching,4,2143,0,13581,H307,31.213509,-82.353557,72.9,61.4,49.7
CSX,000200679,2021-10-14,12:07 AM,Derailment,0,WAYCROSS,GA,65,4,Dark,Fog,Yard,Yard/switching,5,10580,0,19262,H399,31.213524,-82.353588,70.8,71.8,73.2
CSX,000211980,2023-06-27,11:45 AM,Hwy-rail crossing,0,WAYCROSS,GA,95,2,Day,Clear,Yard,Yard/switching,5,33318,0,33318,M302,31.191286,-82.382194,84.6,86,83.5
CSX,000211131,2023-05-03,5:05 AM,Other impacts,0,WAYCROSS,GA,73,1,Dawn,Clear,Yard,Single Car,0,28056,193,38681,S016,31.21353,-82.353568,68.3,66.6,64.2
CSX,000211706,2023-06-07,6:40 PM,Derailment,0,WAYCROSS,GA,82,3,Dusk,Clear,Yard,Yard/switching,4,9052,46879,55931,E24C,31.213509,-82.353557,76.8,79.7,80.9
CSX,000211131,2023-05-03,5:05 AM,Other impacts,0,WAYCROSS,GA,73,1,Dawn,Clear,Yard,Single Car,9,10432,0,38681,S016,31.21353,-82.353568,68.3,66.6,64.2
CSX,000210273,2023-03-12,11:00 AM,Side collision,0,WAYCROSS,GA,75,2,Day,Clear,Yard,Yard/switching,6,763,0,44362,H306,31.21353,-82.353568,58.8,62.8,61.4
CSX,000217645,2024-04-26,10:40 PM,Other (describe in narrative),0,WAYCROSS,GA,65,4,Dark,Clear,Yard,Freight Train,10,44947,16901,64620,H702,31.213509,-82.353557,70.9,71.7,72.1
CSX,000210273,2023-03-12,11:00 AM,Side collision,0,WAYCROSS,GA,75,2,Day,Clear,Yard,Yard/switching,4,43599,0,44362,H306,31.21353,-82.353568,58.8,62.8,61.4
CSX,000218575,2024-06-08,9:40 AM,Side collision,0,WAYCROSS,GA,90,2,Day,Clear,Yard,Yard/switching,5,152204,12443,165647,H702,31.213509,-82.353557,84.6,82.5,81.3
CSX,000217097,2024-03-29,1:30 AM,Side collision,0,WAYCROSS,GA,54,4,Dark,Clear,Yard,Cut of cars,0,300,0,53704,H602,31.213509,-82.353557,63.4,59,61.7
CSX,000143422,2015-03-21,9:05 PM,Other impacts,0,WAYCROSS,GA,70,4,Dark,Cloudy,Yard,Cut of cars,5,1594,5400,33019,M407,31.213524,-82.353589,70,74.7,68.3
CSX,000143422,2015-03-21,9:05 PM,Other impacts,0,WAYCROSS,GA,70,4,Dark,Cloudy,Yard,Cut of cars,0,1523,0,33019,M407,31.213524,-82.353589,70,74.7,68.3
CSX,000180577,2019-01-02,8:20 PM,Other impacts,0,WAYCROSS,GA,29,4,Dark,Clear,Yard,Cut of cars,4,72000,1884,73884,M411,31.213524,-82.353588,69.7,64.6,65.9
CSX,000176734,2018-06-02,5:41 AM,Derailment,0,WAYCROSS,GA,65,1,Dawn,Clear,Yard,Freight Train,5,38672,514,39186,H525,31.213524,-82.353588,80.3,76.1,82.6
CSX,000142366,2015-03-02,3:15 PM,Derailment,0,WAYCROSS,GA,65,2,Day,Clear,Yard,Yard/switching,7,91447,29453,120900,M411,31.213524,-82.353589,52.3,61.5,70.8
CSX,000179997,2018-11-24,6:30 PM,Side collision,0,WAYCROSS,GA,62,3,Dusk,Cloudy,Yard,Yard/switching,2,21724,97,21912,S007,31.213524,-82.353588,54.8,59.4,53.9
CSX,000138057,2014-11-25,4:55 PM,Derailment,0,WAYCROSS,GA,57,2,Day,Rain,Yard,Freight Train,10,41357,50,41407,H503,31.213524,-82.353589,72.4,61.8,54.2
CSX,000180577,2019-01-02,8:20 PM,Other impacts,0,WAYCROSS,GA,29,4,Dark,Clear,Yard,Cut of cars,8,0,0,73884,M411,31.213524,-82.353588,69.7,64.6,65.9
CSX,000179789,2018-11-11,11:28 PM,Derailment,0,WAYCROSS,GA,54,4,Dark,Clear,Yard,Freight Train,0,0,97,13607,H399,31.213524,-82.353588,59.6,54.1,61.7
CSX,000143422,2015-03-21,9:05 PM,Other impacts,0,WAYCROSS,GA,70,4,Dark,Cloudy,Yard,Cut of cars,5,24502,0,33019,M407,31.213524,-82.353589,70,74.7,68.3
CSX,000152683,2015-10-01,3:35 AM,Derailment,0,WAYCROSS,GA,77,4,Dark,Cloudy,Yard,Yard/switching,9,42813,1500,44313,S099,31.205611,-82.363512,80.5,78.4,70.9
CSX,000145258,2015-04-22,1:27 PM,Derailment,0,WAYCROSS,GA,81,2,Day,Clear,Yard,Yard/switching,8,15601,3426,19027,M411,31.213524,-82.353589,70.6,70.7,75.6
CSX,000175395,2018-03-25,6:00 PM,Derailment,0,WAYCROSS,GA,56,2,Day,Cloudy,Yard,Single Car,15,16076,0,69770,M407,31.213524,-82.353588,61.9,62.9,51.8
CSX,000149173,2015-07-14,5:07 AM,Derailment,0,WAYCROSS,GA,78,4,Dark,Clear,Yard,Yard/switching,3,34153,601,34754,E30C,31.213524,-82.353589,85.5,83.2,84.2
CSX,000202382,2022-01-12,11:46 PM,Derailment,0,WAYCROSS,GA,40,4,Dark,Cloudy,Yard,Yard/switching,5,2200,0,19918,H318,31.203671,-82.365788,45.4,49.2,52.5
CSX,000175395,2018-03-25,6:00 PM,Derailment,0,WAYCROSS,GA,56,2,Day,Cloudy,Yard,Cut of cars,0,35178,18516,69770,M407,31.213524,-82.353588,61.9,62.9,51.8
CSX,000191914,2020-08-10,6:15 PM,Derailment,0,WAYCROSS,GA,88,3,Dusk,Clear,Yard,Freight Train,1,56404,18192,74596,E42C,31.213524,-82.353588,81.2,77.5,79.7
CSX,000177996,2018-08-05,1:52 AM,Side collision,0,WAYCROSS,GA,78,4,Dark,Clear,Yard,Light loco(s),0,10321,0,23369,H607,31.213524,-82.353588,81.7,82.9,81.8
CSX,000189870,2020-04-26,11:33 PM,Other (describe in narrative),0,WAYCROSS,GA,65,4,Dark,Clear,Yard,Freight Train,7,56897,97,56994,H996,31.213524,-82.353588,72.3,71.4,63.3