reportingrailroadcode,accidentnumber,date,time,accidenttype,hazmatreleasedcars,station,stateabbr,temperature,visibility_code,visibility,weathercondition,tracktype,equipmenttype,trainspeed,equipmentdamagecost,trackdamagecost,totaldamagecost,primaryaccidentcausecode,latitude,longitude,prior_temp,actual_temp,following_temp
CSX,000164878,2016-12-05,5:45 AM,Derailment,0,WAYCROSS,GA,70,4,Dark,Rain,Yard,Yard/switching,7,14838,2316,17154,H309,31.205611,-82.363511,64.6,68.9,73.9
CSX,000205894,2022-06-30,2:20 AM,Derailment,0,WAYCROSS,GA,80,4,Dark,Clear,Main,Freight Train,30,1548955,165001,1713956,T202,31.261068,-82.379491,78.3,77.8,78.3
CSX,000188190,2020-01-31,9:56 AM,Derailment,0,WAYCROSS,GA,55,2,Day,Cloudy,Yard,Yard/switching,7,45499,26700,72199,T207,31.213524,-82.353588,52.7,49,46.5
CSX,000175003,2018-03-01,12:01 AM,Derailment,0,WAYCROSS,GA,55,4,Dark,Clear,Yard,Yard/switching,10,17236,21417,38653,T102,31.213524,-82.353588,65,71.3,62.3
CSX,000173108,2017-11-28,8:50 AM,Derailment,0,WAYCROSS,GA,58,2,Day,Clear,Yard,Freight Train,7,134177,29568,163745,T207,31.213195,-82.353954,52.5,62.6,64.1
CSX,000183410,2019-06-06,10:00 AM,Derailment,0,WAYCROSS,GA,85,2,Day,Clear,Yard,Freight Train,9,85876,13054,98930,T207,31.213524,-82.353588,82.5,80.7,80.2
CSX,000215218,2023-12-22,1:50 AM,Derailment,0,WAYCROSS,GA,45,4,Dark,Clear,Yard,Yard/switching,5,22061,401,22462,T101,31.206516,-82.362354,45.5,52.9,59.4
CSX,000194262,2020-12-04,9:50 AM,Derailment,0,WAYCROSS,GA,63,2,Day,Clear,Yard,Freight Train,9,127295,11854,139149,T102,31.213524,-82.353588,47,59.6,50
NS,157191,2024-06-27,11:01 PM,Hwy-rail crossing,0,WAYNE,MI,63,4,Dark,Cloudy,Main,Freight Train,47,0,20000,20000,M303,42.179482,-83.527176,73.1,66.3,66.6
NS,135915,2019-10-22,9:05 PM,Other (describe in narrative),0,WAYNE,MI,51,4,Dark,Rain,Yard,Freight Train,5,125,11595,11720,H702,42.276595,-83.394566,57.4,54,50.7
ATK,149068,2017-08-18,12:05 AM,Hwy-rail crossing,0,WAYNE,MI,70,4,Dark,Clear,Main,Passenger Train - Pulling,52,1500,15000,16500,M301,42.279002,-83.380626,76,74,71.8
ATK,171795,2022-08-24,10:24 AM,Hwy-rail crossing,0,WAYNE,MI,80,2,Day,Clear,Main,Passenger Train - Pulling,70,12799,0,12799,M308,42.284396,-83.348661,72.5,74.8,74.9
ATK,162074,2019-11-23,11:54 PM,Hwy-rail crossing,0,WAYNE,MI,32,4,Dark,Clear,Main,Passenger Train - Pulling,65,10000,14932,24932,M308,42.281952,-83.363183,36.1,31.6,37.3
NS,144551,2022-03-01,4:30 AM,Derailment,0,WAYNE,MI,33,1,Dawn,Clear,Yard,Freight Train,3,569,12646,13215,T110,42.273721,-83.411649,29.7,39.5,35.7
BNSF,RD0222102,2022-02-02,3:10 PM,Derailment,0,WAYNE,OK,25,2,Day,Cloudy,Siding,Freight Train,9,265239,45000,310239,T001,34.928913,-97.327415,56.3,29.9,16.6
SEPA,SEPA3121,2021-03-01,10:50 PM,Obstruction,0,WAYNE,PA,38,4,Dark,Clear,Main,EMU,60,15500,0,15500,T404,40.048829,-75.415363,38.4,41.3,28.9
NS,113987,2015-01-22,6:47 PM,Derailment,0,WAYNESBORO,VA,34,3,Dusk,Clear,Yard,Freight Train,4,700,19625,20325,H306,38.076071,-78.872146,35.4,35,31.1
NS,114017,2015-01-24,9:55 PM,Derailment,0,WAYNESBORO,VA,37,4,Dark,Clear,Yard,Freight Train,8,3650,24206,27856,T314,38.076071,-78.872146,31.1,35.9,39.3
NS,143728,2021-12-09,1:28 AM,Derailment,0,WAYNESBURG,PA,21,4,Dark,Clear,Main,Freight Train,17,391650,303134,694784,E53C,39.911809,-80.220421,28.8,34.1,52.3
NS,154201,2023-09-12,9:50 AM,Other impacts,0,WAYNESBURG,PA,70,2,Day,Clear,Main,Spec. MoW Equip.,18,41000,0,41000,H402,39.913725,-80.227268,68.1,65.6,65.1
NS,154201,2023-09-12,9:50 AM,Other impacts,0,WAYNESBURG,PA,70,2,Day,Clear,Main,Spec. MoW Equip.,0,0,0,41000,H402,39.913725,-80.227268,68.1,65.6,65.1
NS,134832,2019-07-23,6:30 PM,Derailment,0,WAYNESBURG,PA,80,3,Dusk,Clear,Main,Freight Train,0,686,17549,18235,H019,39.754991,-80.311355,70.7,68.2,65.5
NS,144377,2022-02-14,3:43 AM,Derailment,0,WAYNESBURG,PA,12,4,Dark,Clear,Main,Freight Train,13,396317,59665,455982,T207,39.891971,-80.191457,24.2,18.4,24.4
BLU,221130002,2022-11-30,2:40 PM,Derailment,0,WAYNESVILLE,NC,51,2,Day,Clear,Industry,Yard/switching,7,2025,54000,56025,T112,35.512216,-82.96996,44.5,49,37.2
BNSF,KS1115102,2015-11-09,6:30 PM,Derailment,0,WAYNOKA,OK,60,3,Dusk,Clear,Yard,Yard/switching,3,32800,0,32800,H008,36.6036,-98.874363,48.2,52,59.5
BNSF,KS0621109,2021-06-16,6:30 PM,Derailment,0,WAYNOKA,OK,102,3,Dusk,Clear,Yard,Freight Train,7,14013,40000,54013,T108,36.615802,-98.865923,83.6,85.2,88
UP,1016ES003,2016-10-07,8:57 AM,Obstruction,0,WEATHERFORD,TX,60,2,Day,Clear,Main,Spec. MoW Equip.,40,1020,0,20103,H402,32.776359,-97.814672,81.1,64.8,63.2
UP,1016ES003,2016-10-07,8:57 AM,Obstruction,0,WEATHERFORD,TX,60,2,Day,Clear,Main,Spec. MoW Equip.,0,19083,0,20103,H402,32.776359,-97.814672,81.1,64.8,63.2
UP,0419TO004,2019-04-03,4:15 AM,Derailment,0,WEATHERFORD,TX,51,1,Dawn,Cloudy,Main,,0,0,268151,1648151,H519,32.783178,-97.900207,56.8,59.8,71.4
UP,0720TO006,2020-07-03,2:35 PM,Fire/violent rupture,0,WEATHERFORD,TX,95,2,Day,Clear,Main,Freight Train,30,326281,100,326381,E74L,32.755884,-97.790412,84.2,85.6,86.5
BNSF,RD0419103,2019-04-03,4:15 AM,Derailment,0,WEATHERFORD,TX,51,1,Dawn,Clear,Main,Freight Train,28,1380000,0,1648151,H519,32.783178,-97.900207,56.8,59.8,71.4
UP,0218FW017,2018-02-21,6:25 AM,Derailment,0,WEATHERFORD,TX,38,1,Dawn,Cloudy,Siding,Freight Train,22,91508,220875,312383,T207,32.771865,-97.809244,57.8,33,33.5
NS,124600,2017-04-04,9:27 PM,Derailment,0,WEBB,WV,52,4,Dark,Clear,Main,Freight Train,36,7031,19919,26950,E21C,37.935908,-82.495792,60.4,64.3,64.8
IR,IR171697,2017-03-12,6:50 AM,Derailment,0,WEDRON,IL,30,1,Dawn,Clear,Yard,Yard/switching,6,240594,6000,246594,H307,41.420333,-88.772833,25,28.4,28.8
IR,IR171945,2017-12-04,1:29 PM,Other impacts,0,WEDRON,IL,32,2,Day,Clear,Industry,Yard/switching,5,72400,0,72400,H318,41.421111,-88.776666,42.1,57.1,32.3
IR,IR182285,2018-10-28,7:30 AM,Other (describe in narrative),0,WEDRON,IL,45,1,Dawn,Cloudy,Yard,Yard/switching,5,82500,0,82500,H302,41.416444,-88.728263,47.6,47.8,45.8
IR,212951,2021-05-17,11:00 AM,Other impacts,0,WEDRON,IL,60,2,Day,Clear,Industry,Yard/switching,4,63000,0,63000,H318,41.423426,-88.776477,61.4,61.3,63.6
IR,IR161611,2016-11-17,8:30 PM,Derailment,0,WEDRON,IL,45,4,Dark,Clear,Yard,Freight Train,9,408000,51000,459000,T311,41.430116,-88.7745,48.2,59.8,54
ATK,138298,2015-07-16,10:20 AM,Other (describe in narrative),0,WEEHAWKEN,NJ,80,2,Day,Clear,Main,,0,0,0,11000,E78L,40.77107,-74.054045,76.8,72.1,72.9
NJTR,201508495,2015-07-16,10:20 AM,Other (describe in narrative),0,WEEHAWKEN,NJ,80,2,Day,Clear,Main,Commuter Train - Pulling,45,11000,0,11000,E78L,40.77107,-74.054045,76.8,72.1,72.9
ATK,155335,2018-09-07,11:35 PM,Other (describe in narrative),0,WEEHAWKEN,NJ,60,4,Dark,Clear,Main,,0,0,198415,260570,E78L,40.771555,-74.042015,82.1,73.6,67.6
NJTR,201809465,2018-09-07,11:35 PM,Other (describe in narrative),0,WEEHAWKEN,NJ,60,4,Dark,Clear,Main,Commuter Train - Pushing,60,62155,0,260570,T404,40.771555,-74.042015,82.1,73.6,67.6
NJTR,201803137,2018-01-20,6:38 AM,Other (describe in narrative),0,WEEHAWKEN,NJ,30,2,Day,Clear,Main,Commuter Train - Pulling,45,11150,0,31150,T404,40.771329,-74.041975,32.1,43.8,45.9
ATK,151645,2018-01-20,6:38 AM,Other (describe in narrative),0,WEEHAWKEN,NJ,30,2,Day,Clear,Main,EMU,0,0,20000,31150,T404,40.771329,-74.041975,32.1,43.8,45.9
UP,0818KC032,2018-08-31,11:45 AM,Derailment,0,WEEPING WATER,NE,80,2,Day,Clear,Siding,Yard/switching,5,28184,80184,108368,H525,40.859885,-96.117199,69.2,73.9,78.7
UP,1119SX003,2019-11-02,7:00 AM,Fire/violent rupture,0,WEIMAR,TX,40,1,Dawn,Clear,Main,Freight Train,40,326281,132,326413,E74L,29.70075,-96.763956,45.4,52,54.8
UP,1017LK033,2017-10-24,3:41 PM,Fire/violent rupture,0,WEINER,AR,74,2,Day,Clear,Main,Freight Train,48,11401,0,11401,E79L,35.608855,-90.905504,61.5,55.9,53.4
UP,0715SL005,2015-07-13,2:15 PM,Derailment,0,WEINGARTEN,MO,96,2,Day,Clear,Industry,Freight Train,6,13678,500,14178,T110,37.870728,-90.242838,81.8,84.1,85.1
NS,132050,2018-12-13,10:40 PM,Derailment,0,WEIRTON,WV,34,4,Dark,Cloudy,Industry,Freight Train,6,1400,0,1400,T110,40.397412,-80.587061,33.9,40.5,42.8
UP,0216PC007,2016-02-19,3:27 AM,Derailment,0,WEISER,ID,48,4,Dark,Cloudy,Siding,Freight Train,15,71355,323608,394963,E61C,44.319796,-117.197259,49.9,46.6,41.5
UP,1115WH006,2015-11-09,12:10 AM,Derailment,0,WELCH,OK,35,4,Dark,Cloudy,Main,Freight Train,43,16535,10000,26535,H503,36.981998,-95.095365,45.6,47.8,57.9
NS,114780,2015-03-12,1:00 AM,Derailment,0,WELCH,WV,45,4,Dark,Fog,Main,Freight Train,15,14,177030,177044,T002,37.445481,-81.598919,54.7,50.3,47.2
BNSF,PR1120109,2020-11-27,9:58 PM,Head on collision,0,WELLINGTON,CO,32,4,Dark,Clear,Industry,Cut of cars,0,211160,0,329160,E10L,40.869876,-105.016264,33.1,29.9,34.9
BNSF,PR1120109,2020-11-27,9:58 PM,Head on collision,0,WELLINGTON,CO,32,4,Dark,Clear,Industry,Light loco(s),35,118000,0,329160,E10L,40.869876,-105.016264,33.1,29.9,34.9
UTAH,UTA429320R,2020-05-20,12:30 PM,Derailment,0,WELLINGTON,UT,60,2,Day,Clear,Industry,Freight Train,5,31000,936,31936,H505,39.531533,-110.468722,66.6,52.7,53
BNSF,PR0719110,2019-07-20,9:32 AM,Derailment,0,WELLINGTON,UT,85,2,Day,Clear,Yard,Freight Train,4,11000,0,11000,H303,39.531535,-110.706499,78.7,80.6,79.7
UP,0719RM039,2019-07-20,9:32 AM,Derailment,0,WELLINGTON,UT,85,2,Day,Clear,Industry,,0,0,0,11000,H303,39.529494,-110.705661,78.7,80.6,79.7
BNSF,KS0715101,2015-07-04,10:15 PM,Rear end collision,0,WELLINGTON,KS,88,4,Dark,Clear,Yard,Freight Train,6,24620,0,68674,H307,37.261181,-97.389681,75.9,78.4,84.5
BNSF,KS0715101,2015-07-04,10:15 PM,Rear end collision,0,WELLINGTON,KS,88,4,Dark,Clear,Yard,Cut of cars,0,44054,0,68674,H307,37.261181,-97.389681,75.9,78.4,84.5
BNSF,KS0817101,2017-08-03,8:15 PM,Derailment,0,WELLINGTON,KS,81,3,Dusk,Clear,Yard,Yard/switching,3,17105,250,17355,E33C,37.261672,-97.380606,77.9,78.8,73.2
BNG,BNG2202,2022-12-06,12:35 PM,Derailment,0,WELLINGTON,KS,40,2,Day,Cloudy,Main,Freight Train,8,27000,10000,37000,T221,37.163854,-97.392736,42.8,38.7,42.2
UP,0323HL005,2023-03-04,5:13 PM,Derailment,0,WELLINGTON,KS,61,2,Day,Clear,Main,Freight Train,29,1101365,136878,1238243,T220,37.368384,-97.392025,45.1,50.6,59.9
BNSF,KS0324110,2024-03-23,10:00 AM,Derailment,0,WELLINGTON,KS,37,2,Day,Cloudy,Yard,Freight Train,10,30079,36711,66790,T207,37.260921,-97.391692,52.6,43.1,52.1
LBWR,170929002,2017-09-29,8:30 AM,Derailment,0,WELLMAN,TX,55,2,Day,Clear,Main,Freight Train,9,27205,19167,46372,T202,33.0484,-102.248,60.6,58.6,60.5
WE,200037,2020-04-30,3:15 AM,Other (describe in narrative),0,WELLSBURG,WV,49,4,Dark,Rain,Main,Freight Train,28,18926,0,18926,M404,40.305067,-80.586425,64,51.6,47.9
UP,0119RM043,2019-01-15,10:26 AM,Derailment,0,WELLSVILLE,UT,19,2,Day,Snow,Main,Freight Train,5,14073,1089,15162,T101,41.656192,-111.934506,12.5,14.5,27.5
BNSF,NW0224120,2024-02-28,2:20 PM,Derailment,0,WENATCHEE,WA,45,2,Day,Clear,Yard,Freight Train,5,1000,44981,45981,M503,47.397722,-120.29506,33.9,41.5,43.4
BNSF,NW0716200,2016-07-06,8:15 PM,Hwy-rail crossing,0,WENATCHEE,WA,70,4,Dark,Clear,Main,,0,0,0,28936,M302,47.38912,-120.287708,65.7,66.7,67.7
ATK,143217,2016-07-06,8:15 PM,Hwy-rail crossing,0,WENATCHEE,WA,70,4,Dark,Clear,Main,Passenger Train - Pulling,45,28936,0,28936,M302,47.38912,-120.287708,65.7,66.7,67.7
BNSF,NW0516116,2016-05-25,1:00 PM,Other (describe in narrative),0,WENATCHEE,WA,83,2,Day,Clear,Siding,Maint./inspect Car,6,20000,0,20000,H997,47.372385,-120.197104,63.2,65.7,62.2
BNSF,NW0322112,2022-03-23,12:20 PM,Derailment,0,WENATCHEE,WA,52,2,Day,Clear,Industry,Yard/switching,5,7102,133915,141017,T207,47.41459,-120.301282,50.1,52.6,47.2
BNSF,NW0515108,2015-05-13,5:53 AM,Derailment,0,WENATCHEE,WA,50,1,Dawn,Rain,Yard,Freight Train,9,211635,32500,244135,T207,47.421583,-120.30626,55.6,53.7,56.1
BNSF,NW1114103,2014-11-04,12:30 AM,Derailment,0,WENATCHEE,WA,50,4,Dark,Rain,Yard,Freight Train,8,11726,5000,16726,T207,47.385762,-120.274885,48.3,52.9,51.4
EIRR,210823002,2021-08-23,11:30 AM,Derailment,0,WENDELL,ID,75,2,Day,Clear,Yard,Freight Train,10,4000,90000,94000,T212,42.769493,-114.70608,62.4,66.7,63.9
GRS,20180804W1,2018-08-04,2:00 AM,Derailment,0,WENDELL,MA,80,4,Dark,Fog,Main,Freight Train,22,62000,19250,81250,T002,42.576915,-72.431917,77.1,75,77
NS,135316,2019-08-29,3:42 PM,Derailment,0,WENTZVILLE,MO,86,2,Day,Cloudy,Yard,Freight Train,4,18666,3683,22349,M405,38.809845,-90.810653,71.9,75.7,73.3
NS,133421,2019-04-01,11:45 PM,Derailment,0,WENTZVILLE,MO,72,4,Dark,Clear,Industry,Yard/switching,6,300,12361,12661,H303,38.812783,-90.836192,37.5,41.5,49.8
NS,157315,2024-07-09,1:30 AM,Derailment,0,WENTZVILLE,MO,66,4,Dark,Rain,Yard,Freight Train,8,28715,5305,34020,H220,38.810377,-90.814335,72.8,69.4,75.6
NS,143290,2021-10-27,7:20 PM,Derailment,0,WENTZVILLE,MO,59,3,Dusk,Rain,Industry,Yard/switching,9,12139,0,12139,E39C,38.812425,-90.832584,49.7,56.5,52.6
NS,139776,2020-11-18,4:40 PM,Derailment,0,WENTZVILLE,MO,52,3,Dusk,Clear,Yard,Light loco(s),4,27438,450,27888,T207,38.812284,-90.831317,42.6,47.2,62.5
NS,135137,2019-08-17,12:45 AM,Derailment,0,WENTZVILLE,MO,74,4,Dark,Clear,Industry,Freight Train,7,25346,0,25346,T313,38.812018,-90.828953,75.5,78.8,81.2
NS,134594,2019-07-05,1:22 AM,Derailment,0,WENTZVILLE,MO,72,4,Dark,Cloudy,Yard,Freight Train,5,34408,2125,36533,T309,38.812018,-90.828953,79.2,78.8,79.2
NS,116774,2015-08-02,6:00 AM,Derailment,0,WENTZVILLE,MO,72,1,Dawn,Clear,Yard,Freight Train,3,10450,8874,19324,T206,38.803896,-90.890533,77.5,81.5,81.5
NS,135039,2019-08-08,4:56 PM,Derailment,0,WENTZVILLE,MO,85,3,Dusk,Clear,Yard,Freight Train,4,2463,20818,23281,T317,38.809845,-90.810653,75.1,76.7,78.3
CSX,000150358,2015-08-09,4:47 PM,Derailment,0,WESLEYVILLE,PA,77,2,Day,Clear,Main,Freight Train,47,26700,500,27200,E33C,42.1617,-79.968827,71.6,71.8,72.5
NS,123181,2016-12-15,2:20 PM,Derailment,0,WESLEYVILLE,PA,12,2,Day,Snow,Main,Freight Train,3,18310,8382,106692,M105,42.135153,-80.038719,22.7,16.4,15.2
NS,123181,2016-12-15,2:20 PM,Derailment,0,WESLEYVILLE,PA,12,2,Day,Snow,Siding,Single Car,1,80000,0,106692,M105,42.135153,-80.038719,22.7,16.4,15.2
NS,113185,2014-11-25,7:00 PM,Derailment,0,WESLEYVILLE,PA,34,3,Dusk,Clear,Industry,Freight Train,6,12000,13025,25025,T206,42.143395,-80.017806,55.6,38.1,34.6
RCPE,RCP960319D,2019-02-20,2:07 PM,Derailment,0,WESSINGTON,SD,25,2,Day,Clear,Main,Freight Train,40,1555000,262391,1817391,E53C,44.458736,-98.707724,2,13.5,5.6
IC,903217,2016-10-09,6:15 PM,Hwy-rail crossing,0,WESSON,MS,80,2,Day,Clear,Main,Freight Train,35,30,19357,19387,M308,31.70052,-90.396584,73,67.4,70.3
IC,994355,2019-04-11,12:18 PM,Hwy-rail crossing,0,WESSON,MS,81,2,Day,Clear,Main,,0,0,250,18517,M308,31.41056,-90.2352,70.3,71.7,65.7
ATK,158461,2019-04-11,12:18 PM,Hwy-rail crossing,0,WESSON,MS,81,2,Day,Clear,Main,Passenger Train - Pulling,70,18267,0,18517,M308,31.698866,-90.397942,70.3,71.7,65.7
MBTA,19104,2019-04-20,7:05 AM,Hwy-rail crossing,0,WEST BRIDGEWATER,MA,64,1,Dawn,Clear,Main,Passenger Train - Pushing,54,22464,3285,25749,M304,42.011917,-70.98124,64.5,66.5,61.1
NS,139316,2020-09-30,3:30 PM,Other (describe in narrative),0,WEST BUECHEL,KY,72,2,Day,Clear,Siding,Freight Train,4,14610,24981,39591,H702,38.189913,-85.67234,55.6,62.9,60.1
UP,0124PR026,2024-01-29,12:40 AM,Derailment,0,WEST CHICAGO,IL,33,4,Dark,Fog,Yard,Freight Train,7,18408,10004,28412,H704,41.883421,-88.222817,35.4,32.9,37.3
UP,0319GL041,2019-03-13,4:00 AM,Derailment,0,WEST CHICAGO,IL,40,1,Dawn,Rain,Yard,Yard/switching,3,9738,91652,101390,T211,41.883344,-88.233473,36.2,48.2,52.3
UP,0816PR004,2016-08-02,4:00 PM,Derailment,0,WEST CHICAGO,IL,80,2,Day,Clear,Yard,Freight Train,5,48801,70878,119679,E64C,41.882238,-88.203149,74,76.9,79.5
UP,1222PR002,2022-12-04,9:01 AM,Derailment,0,WEST CHICAGO,IL,24,2,Day,Clear,Yard,Yard/switching,7,15657,54816,70473,H702,41.883662,-88.21864,27.5,27.2,35.1
UP,0717PR015,2017-07-07,3:45 AM,Derailment,0,WEST CHICAGO,IL,74,4,Dark,Cloudy,Yard,Freight Train,8,8284,7346,15630,H524,41.885169,-88.21547,78.4,77.3,68.3
WC,1061560,2021-02-15,8:15 AM,Derailment,0,WEST CHICAGO,IL,21,2,Day,Snow,Main,Freight Train,27,173731,235674,409405,E51C,41.887634,-88.209397,-2.2,3.1,10.6
UP,0819PR014,2019-08-13,2:00 PM,Derailment,0,WEST CHICAGO,IL,84,2,Day,Clear,Yard,Freight Train,3,30142,50788,80930,H702,41.883054,-88.243423,75.5,76.1,72.2
UP,0615PR010,2015-06-14,10:30 AM,Derailment,0,WEST CHICAGO,IL,80,2,Day,Cloudy,Yard,Light loco(s),4,37194,100,37294,T314,41.880557,-88.197809,70.1,74.8,73.2
UP,0916PR015,2016-09-25,10:15 AM,Derailment,0,WEST CHICAGO,IL,80,2,Day,Clear,Yard,Freight Train,5,3049,9720,12769,T319,41.882934,-88.244151,68.7,72.6,62.4
UP,0415PR007,2015-04-05,9:30 PM,Derailment,0,WEST CHICAGO,IL,60,4,Dark,Clear,Yard,Freight Train,5,41518,1990,43508,T314,41.880651,-88.197789,41.9,52.5,46.9
WC,1055859,2020-12-02,1:20 PM,Derailment,0,WEST CHICAGO,IL,45,2,Day,Clear,Yard,Yard/switching,8,7000,0,23120,T210,41.908926,-88.229767,26.4,31.4,32.4
UP,1220PR002,2020-12-02,1:20 PM,Derailment,0,WEST CHICAGO,IL,44,2,Day,Clear,Yard,Freight Train,0,0,16120,23120,T210,41.883458,-88.222821,26.4,31.4,32.4
CSX,000174491,2018-02-04,2:27 AM,Head on collision,0,WEST COLUMBIA,SC,39,4,Dark,Cloudy,Yard,Freight Train,0,365068,5014,17364967,H702,33.911285,-81.06532,37,44.8,47.2
ATK,151818,2018-02-04,2:27 AM,Head on collision,0,WEST COLUMBIA,SC,39,4,Dark,Cloudy,Yard,Passenger Train - Pulling,52,16994885,0,17364967,H702,33.911285,-81.065321,37,44.8,47.2
CRSH,126346,2017-08-22,2:50 PM,Derailment,0,WEST DEPTFORD,NJ,93,2,Day,Clear,Industry,Freight Train,8,18688,500,19188,T107,39.82101,-75.208203,77.8,82.5,78
UP,0915TC020,2015-09-30,5:15 PM,Derailment,0,WEST DES MOINES,IA,63,2,Day,Cloudy,Yard,Yard/switching,5,5741,5628,11369,T111,41.567124,-93.690701,64.5,56.2,54.8
NS,115909,2015-06-03,12:04 AM,Derailment,0,WEST FAIRVIEW,PA,55,4,Dark,Cloudy,Yard,Yard/switching,7,256,27415,27671,H306,40.279833,-76.922471,57.6,61.2,61.5
NS,146057,2022-08-02,7:30 AM,Derailment,0,WEST FAIRVIEW,PA,85,1,Dawn,Clear,Yard,Yard/switching,6,15750,3350,19100,H504,40.279832,-76.922472,73.7,81.3,80.1
NS,144449,2022-02-19,2:00 PM,Other (describe in narrative),0,WEST FAIRVIEW,PA,36,2,Day,Clear,Yard,Freight Train,4,22816,2831,25647,H702,40.279807,-76.922451,43.5,29.5,29.3
NS,123784,2017-01-31,9:50 PM,Other impacts,0,WEST FAIRVIEW,PA,32,4,Dark,Clear,Yard,Yard/switching,4,18795,0,37591,E08C,40.279807,-76.922451,30.5,32.1,42.9
NS,124374,2017-03-17,7:55 PM,Other impacts,0,WEST FAIRVIEW,PA,36,3,Dusk,Clear,Yard,Cut of cars,0,823,0,13030,H018,40.279807,-76.922451,30.8,35.3,37.8
NS,132779,2019-02-08,11:45 PM,Other (describe in narrative),0,WEST FAIRVIEW,PA,29,4,Dark,Clear,Yard,Light loco(s),6,12606,300,12906,H702,40.279807,-76.922451,44.2,42,26.7
NS,138795,2020-08-08,9:30 PM,Other (describe in narrative),0,WEST FAIRVIEW,PA,77,4,Dark,Clear,Yard,Yard/switching,4,57453,1205,95545,H702,40.279807,-76.922451,73.1,77.6,79.8
NS,143972,2022-01-09,7:50 PM,Other impacts,0,WEST FAIRVIEW,PA,22,3,Dusk,Clear,Yard,Single Car,0,2000,1346,36026,H312,40.279807,-76.922451,24.3,31.8,28.9
NS,144777,2022-03-19,4:15 PM,Derailment,0,WEST FAIRVIEW,PA,60,3,Dusk,Rain,Yard,Yard/switching,5,31000,600,31600,H312,40.279832,-76.922472,58.5,64,52.5
NS,151612,2022-12-01,12:00 AM,Derailment,0,WEST FAIRVIEW,PA,32,4,Dark,Clear,Main,Cut of cars,2,158214,595,158809,H506,40.279833,-76.922472,46.6,37.1,35.8
NS,114129,2015-02-02,1:44 AM,Derailment,0,WEST FAIRVIEW,PA,30,4,Dark,Sleet,Yard,Yard/switching,1,76953,960,82713,H306,40.279833,-76.922471,27,29.9,20.1
NS,130957,2018-09-15,4:55 PM,Other impacts,0,WEST FAIRVIEW,PA,72,3,Dusk,Clear,Yard,Yard/switching,2,14585,641,16538,H312,40.279807,-76.922451,74.6,74.6,73.9
NS,136248,2019-11-20,3:45 AM,Other (describe in narrative),0,WEST FAIRVIEW,PA,35,4,Dark,Clear,Yard,Freight Train,6,11195,1193,12388,H702,40.279807,-76.922451,45.6,47.7,46.2
NS,142123,2021-07-07,11:10 AM,Derailment,0,WEST FAIRVIEW,PA,72,2,Day,Clear,Yard,Yard/switching,8,115054,3558,118612,E07C,40.279807,-76.922451,83.7,85.6,77.3
NS,136225,2019-11-17,10:00 PM,Other (describe in narrative),0,WEST FAIRVIEW,PA,38,4,Dark,Clear,Yard,Light loco(s),5,210759,500,211259,H306,40.279807,-76.922451,38.8,35.9,41.7
NS,128906,2018-03-20,6:45 AM,Derailment,0,WEST FAIRVIEW,PA,28,1,Dawn,Cloudy,Yard,Light loco(s),7,19488,500,19988,H306,40.279807,-76.922451,41.8,33.2,32.2
NS,146025,2022-07-30,9:40 AM,Derailment,0,WEST FAIRVIEW,PA,84,2,Day,Clear,Yard,Yard/switching,2,37761,0,37761,E4BC,40.279832,-76.922472,74,77.4,73.1
NS,137847,2020-04-30,11:19 AM,Other impacts,0,WEST FAIRVIEW,PA,61,2,Day,Rain,Yard,Yard/switching,5,8000,1516,13516,M407,40.279807,-76.922451,57.8,59.9,58.8
NS,143950,2022-01-06,6:20 PM,Side collision,0,WEST FAIRVIEW,PA,28,3,Dusk,Snow,Yard,Yard/switching,7,14090,1095,15185,H306,40.279807,-76.922451,32.9,32.9,27.1
NS,152723,2023-03-20,11:30 AM,Derailment,0,WEST FAIRVIEW,PA,60,2,Day,Clear,Yard,Yard/switching,7,27100,5341,32441,H503,40.279833,-76.922472,32.8,39.6,46.4
NS,151071,2022-10-06,9:45 AM,Raking collision,0,WEST FAIRVIEW,PA,63,2,Day,Clear,Yard,Light loco(s),0,15000,160,242521,H018,40.279833,-76.922472,56.2,62,63
NS,153337,2023-06-12,9:30 PM,Derailment,0,WEST FAIRVIEW,PA,70,4,Dark,Clear,Yard,Cut of cars,10,250,0,40430,H020,40.279833,-76.922472,73.9,72.6,67.3
NS,153337,2023-06-12,9:30 PM,Derailment,0,WEST FAIRVIEW,PA,70,4,Dark,Clear,Yard,Freight Train,2,33500,6680,40430,H020,40.279833,-76.922472,73.9,72.6,67.3
NS,138529,2020-07-12,10:20 AM,Other (describe in narrative),0,WEST FAIRVIEW,PA,80,2,Day,Clear,Yard,Yard/switching,4,0,19107,19107,H996,40.279807,-76.922451,78.9,77.1,77.3
NS,152878,2023-04-21,1:43 PM,Derailment,0,WEST FAIRVIEW,PA,80,2,Day,Clear,Yard,Light loco(s),6,12959,237,13196,H702,40.279833,-76.922472,62.5,67.6,62.2
NS,144092,2022-01-20,10:00 AM,Other impacts,0,WEST FAIRVIEW,PA,72,2,Day,Clear,Yard,Single Car,6,19763,603,31271,H312,40.279807,-76.922451,35.1,32.9,18.8