reportingrailroadcode,accidentnumber,date,time,accidenttype,hazmatreleasedcars,station,stateabbr,temperature,visibility_code,visibility,weathercondition,tracktype,equipmenttype,trainspeed,equipmentdamagecost,trackdamagecost,totaldamagecost,primaryaccidentcausecode,latitude,longitude,prior_temp,actual_temp,following_temp
NS,141778,2021-06-05,1:08 AM,Other impacts,0,WEST FAIRVIEW,PA,72,4,Dark,Clear,Yard,Yard/switching,8,59572,0,153550,E30C,40.279807,-76.922451,73.8,79.1,80.8
NS,115129,2015-04-04,9:47 PM,Other impacts,0,WEST FAIRVIEW,PA,47,4,Dark,Clear,Yard,Light loco(s),26,100000,0,114052,H999,40.279833,-76.922471,59.9,50.1,52.5
NS,139995,2020-12-12,6:10 PM,Derailment,0,WEST FAIRVIEW,PA,42,3,Dusk,Clear,Main,Freight Train,6,68914,281,69195,H503,40.279807,-76.922451,40.4,42.9,45.6
NS,114129,2015-02-02,1:44 AM,Derailment,0,WEST FAIRVIEW,PA,30,4,Dark,Sleet,Yard,Freight Train,3,4800,0,82713,H306,40.279833,-76.922471,27,29.9,20.1
NS,132820,2019-02-12,3:20 PM,Other (describe in narrative),0,WEST FAIRVIEW,PA,30,2,Day,Sleet,Yard,Yard/switching,4,2256,16182,18438,H702,40.279807,-76.922451,30.9,31.9,35.1
NS,120241,2016-04-23,6:30 AM,Other impacts,0,WEST FAIRVIEW,PA,60,1,Dawn,Cloudy,Yard,Light loco(s),2,34863,100,34963,H702,40.279807,-76.922451,66,61.1,55.8
NS,117126,2015-08-25,11:40 PM,Other impacts,0,WEST FAIRVIEW,PA,72,4,Dark,Clear,Yard,Yard/switching,1,32073,0,32073,E08C,40.279833,-76.922471,73.9,72.8,68.8
NS,138795,2020-08-08,9:30 PM,Other (describe in narrative),0,WEST FAIRVIEW,PA,77,4,Dark,Clear,Yard,Freight Train,6,36887,0,95545,H702,40.279807,-76.922451,73.1,77.6,79.8
NS,143972,2022-01-09,7:50 PM,Other impacts,0,WEST FAIRVIEW,PA,22,3,Dusk,Clear,Yard,Cut of cars,5,32680,0,36026,H312,40.279807,-76.922451,24.3,31.8,28.9
NS,135080,2019-08-13,12:02 PM,Derailment,0,WEST FAIRVIEW,PA,82,2,Day,Cloudy,Yard,Yard/switching,4,14982,1151,16133,H504,40.279807,-76.922451,76.4,77.5,79.6
NS,118770,2016-01-03,12:58 PM,Derailment,0,WEST FAIRVIEW,PA,40,2,Day,Clear,Yard,Light loco(s),1,26663,0,26663,H306,40.279807,-76.922451,35.4,34.1,27.3
NS,115129,2015-04-04,9:47 PM,Other impacts,0,WEST FAIRVIEW,PA,47,4,Dark,Clear,Yard,Light loco(s),3,12503,1549,114052,H999,40.279833,-76.922471,59.9,50.1,52.5
NS,144092,2022-01-20,10:00 AM,Other impacts,0,WEST FAIRVIEW,PA,72,2,Day,Clear,Yard,Cut of cars,0,10905,0,31271,H312,40.279807,-76.922451,35.1,32.9,18.8
NS,137692,2020-04-08,11:39 AM,Other impacts,0,WEST FAIRVIEW,PA,70,2,Day,Clear,Yard,Single Car,2,28000,0,28000,M101,40.279807,-76.922451,57.8,64.2,52.9
NS,128316,2018-01-28,8:48 AM,Obstruction,0,WEST FAIRVIEW,PA,48,2,Day,Cloudy,Yard,Yard/switching,7,11370,0,11370,S016,40.279807,-76.922451,42.4,45.5,38.7
NS,154094,2023-09-01,12:30 PM,Other impacts,0,WEST FAIRVIEW,PA,80,2,Day,Clear,Yard,Yard/switching,5,8000,4675,36825,E21C,40.279833,-76.922472,72.1,68.2,72.3
NS,137701,2020-04-09,2:45 PM,Derailment,0,WEST FAIRVIEW,PA,62,2,Day,Clear,Main,Freight Train,5,22000,216,22216,M405,40.279807,-76.922451,64.2,52.9,43
NS,151071,2022-10-06,9:45 AM,Raking collision,0,WEST FAIRVIEW,PA,63,2,Day,Clear,Yard,Cut of cars,0,227361,0,242521,H018,40.279833,-76.922472,56.2,62,63
NS,140792,2021-03-02,4:00 AM,Other impacts,0,WEST FAIRVIEW,PA,21,1,Dawn,Clear,Yard,Cut of cars,6,46906,0,185222,M404,40.279807,-76.922451,41.4,32.1,41.6
NS,141778,2021-06-05,1:08 AM,Other impacts,0,WEST FAIRVIEW,PA,72,4,Dark,Clear,Yard,Yard/switching,0,85973,8005,153550,E30C,40.279807,-76.922451,73.8,79.1,80.8
NS,154094,2023-09-01,12:30 PM,Other impacts,0,WEST FAIRVIEW,PA,80,2,Day,Clear,Yard,Single Car,0,15000,0,36825,E21C,40.279833,-76.922472,72.1,68.2,72.3
NS,114839,2015-03-15,6:42 AM,Derailment,0,WEST FAIRVIEW,PA,40,1,Dawn,Cloudy,Yard,Freight Train,7,37905,0,104002,H306,40.279833,-76.922471,38.8,41.8,41.4
NS,140792,2021-03-02,4:00 AM,Other impacts,0,WEST FAIRVIEW,PA,21,1,Dawn,Clear,Yard,Yard/switching,7,136294,2022,185222,M404,40.279807,-76.922451,41.4,32.1,41.6
NS,146630,2022-09-29,3:00 PM,Derailment,0,WEST FAIRVIEW,PA,72,2,Day,Clear,Yard,Yard/switching,3,59621,12590,72211,H504,40.279832,-76.922472,58.3,59.3,55.3
NS,154094,2023-09-01,12:30 PM,Other impacts,0,WEST FAIRVIEW,PA,80,2,Day,Clear,Yard,Single Car,0,9150,0,36825,E21C,40.279833,-76.922472,72.1,68.2,72.3
NS,114839,2015-03-15,6:42 AM,Derailment,0,WEST FAIRVIEW,PA,40,1,Dawn,Cloudy,Yard,Cut of cars,0,63218,2879,104002,H306,40.279833,-76.922471,38.8,41.8,41.4
NS,127511,2017-11-20,6:47 AM,Raking collision,0,WEST FAIRVIEW,PA,42,1,Dawn,Clear,Yard,Yard/switching,1,20100,0,20100,S016,40.279807,-76.922451,47.6,40.9,41.9
NS,155933,2024-03-04,9:11 PM,Other impacts,0,WEST FAIRVIEW,PA,55,4,Dark,Clear,Yard,Freight Train,10,12039,0,37039,H302,40.279833,-76.922472,51.2,56.4,50.3
NS,124374,2017-03-17,7:55 PM,Other impacts,0,WEST FAIRVIEW,PA,36,3,Dusk,Clear,Yard,Yard/switching,2,12207,0,13030,H018,40.279807,-76.922451,30.8,35.3,37.8
NS,144812,2022-01-02,5:15 AM,Other impacts,0,WEST FAIRVIEW,PA,72,1,Dawn,Clear,Yard,Single Car,5,18747,0,91737,E31C,40.279807,-76.922451,52.2,51.7,31.3
NS,132701,2019-02-03,8:24 AM,Other (describe in narrative),0,WEST FAIRVIEW,PA,32,2,Day,Clear,Yard,Light loco(s),4,25068,7168,32236,H306,40.279807,-76.922451,17.7,31,37.5
NS,123784,2017-01-31,9:50 PM,Other impacts,0,WEST FAIRVIEW,PA,32,4,Dark,Clear,Yard,Cut of cars,0,18796,0,37591,E08C,40.279807,-76.922451,30.5,32.1,42.9
NS,151318,2022-10-30,11:15 AM,Derailment,0,WEST FAIRVIEW,PA,65,2,Day,Clear,Yard,Yard/switching,5,66657,168,66825,H312,40.279833,-76.922472,46.2,47.1,53.6
NS,142192,2021-07-14,12:30 PM,Other (describe in narrative),0,WEST FAIRVIEW,PA,77,2,Day,Clear,Yard,Yard/switching,0,72250,0,72250,E30C,40.279807,-76.922451,81.3,81.5,81.1
NS,153321,2023-06-10,12:40 PM,Derailment,0,WEST FAIRVIEW,PA,80,2,Day,Clear,Yard,Freight Train,5,43500,12829,56329,H704,40.279833,-76.922472,64.1,69.1,73.9
NS,141537,2021-05-13,11:30 AM,Derailment,0,WEST FAIRVIEW,PA,72,2,Day,Clear,Yard,Yard/switching,5,24906,19402,44308,E30C,40.279807,-76.922451,55.1,57.3,61.1
NS,129375,2018-05-06,8:41 AM,Derailment,0,WEST FAIRVIEW,PA,61,2,Day,Cloudy,Yard,Yard/switching,10,29515,2054,31569,H316,40.279807,-76.922451,66.6,58.3,62.1
NS,155933,2024-03-04,9:11 PM,Other impacts,0,WEST FAIRVIEW,PA,55,4,Dark,Clear,Yard,Light loco(s),10,25000,0,37039,H302,40.279833,-76.922472,51.2,56.4,50.3
NS,137847,2020-04-30,11:19 AM,Other impacts,0,WEST FAIRVIEW,PA,61,2,Day,Rain,Yard,Single Car,10,4000,0,13516,M407,40.279807,-76.922451,57.8,59.9,58.8
NS,155613,2024-01-30,2:10 AM,Other (describe in narrative),0,WEST FAIRVIEW,PA,35,4,Dark,Clear,Yard,Work train,5,37150,4000,41150,H702,40.279833,-76.922472,41.4,37.7,37.8
NS,144812,2022-01-02,5:15 AM,Other impacts,0,WEST FAIRVIEW,PA,72,1,Dawn,Clear,Yard,Single Car,0,72990,0,91737,E31C,40.279807,-76.922451,52.2,51.7,31.3
NS,155668,2024-02-05,3:30 AM,Derailment,0,WEST FAIRVIEW,PA,35,4,Dark,Clear,Yard,Yard/switching,4,39000,4000,43000,H702,40.279833,-76.922472,37.5,35.5,34.8
NS,151907,2022-12-31,6:00 PM,Derailment,0,WEST FAIRVIEW,PA,45,3,Dusk,Fog,Yard,Freight Train,5,0,24433,24433,T207,40.279833,-76.922472,43.2,44.6,47.8
NS,152355,2023-02-20,3:30 AM,Derailment,0,WEST FAIRVIEW,PA,35,4,Dark,Clear,Yard,Freight Train,5,21444,211,21655,T207,40.279833,-76.922472,42.5,48.3,48.1
NS,136014,2019-10-30,9:00 PM,Derailment,0,WEST FAIRVIEW,PA,50,4,Dark,Rain,Yard,Light loco(s),7,14603,5886,20489,T110,40.279807,-76.922451,59.6,61.6,67.2
UP,0521ES041,2021-05-21,1:00 PM,Obstruction,0,WEST FRANKFORT,IL,80,2,Day,Clear,Main,Spec. MoW Equip.,25,38300,0,38300,M501,37.905879,-88.928376,75.1,73.4,73
BNSF,MT1122103,2022-11-20,7:50 PM,Derailment,0,WEST GLACIER,MT,18,3,Dusk,Clear,Main,Freight Train,37,8738,11475,20213,E33C,48.495178,-113.950971,14,16.8,23.9
RBMN,R07202202,2022-07-20,1:15 PM,Derailment,0,WEST HAZLETON,PA,90,2,Day,Clear,Siding,Freight Train,6,46516,68598,115114,T110,40.917434,-76.087776,75,77.4,78.9
UTAX,08252015,2015-08-25,1:22 PM,Hwy-rail crossing,0,WEST JORDAN,UT,93,2,Day,Clear,Main,EMU,25,32000,0,32000,M304,40.605583,-111.93877,82.4,83.5,75.8
UTAX,1092020,2020-10-09,7:21 PM,Hwy-rail crossing,0,WEST JORDAN,UT,71,3,Dusk,Clear,Main,EMU,44,1861903,0,1861903,M399,40.590278,-111.986402,69.3,69.6,69.3
UTAX,12232016,2016-12-23,2:09 AM,Derailment,0,WEST JORDAN,UT,20,4,Dark,Clear,Industry,Freight Train,0,0,40000,60000,T111,40.588534,-111.990123,28.7,32.7,38.6
UTAH,UTA172616R,2016-12-23,2:15 AM,Derailment,0,WEST JORDAN,UT,20,4,Dark,Clear,Industry,Freight Train,8,20000,0,60000,T111,40.58846,-111.990252,28.7,32.7,38.6
ATK,164309,2020-04-27,1:30 PM,Obstruction,0,WEST KINGSTON,RI,41,2,Day,Cloudy,Main,Spec. MoW Equip.,0,200000,0,206000,H104,41.474287,-71.576895,46.6,43.9,45.8
ATK,164309,2020-04-27,1:30 PM,Obstruction,0,WEST KINGSTON,RI,41,2,Day,Cloudy,Main,Spec. MoW Equip.,10,6000,0,206000,H104,41.474287,-71.576895,46.6,43.9,45.8
KBSR,03082024,2024-03-11,11:07 AM,Derailment,0,WEST LAFAYETTE,IN,55,2,Day,Rain,Main,Freight Train,10,50000,150000,200000,T202,40.427107,-86.944174,37.1,43.2,55.3
KCS,15071401,2015-07-14,12:20 AM,Derailment,0,WEST LAKE,LA,85,4,Dark,Clear,Yard,Yard/switching,4,152,10352,10504,H312,30.24867,-93.302149,84.4,84,83.2
IAIS,2018019,2018-08-28,10:36 AM,Hwy-rail crossing,0,WEST LIBERTY,IA,82,2,Day,Clear,Main,Freight Train,38,29541,6271,35812,M302,41.569306,-91.263448,80.2,76.6,68.5
CSX,000218439,2024-06-01,5:26 PM,Derailment,0,WEST MANSFIELD,OH,77,2,Day,Cloudy,Main,Freight Train,42,1109351,378940,1488291,T001,40.41309,-83.548826,61.9,66.3,66.2
BNSF,HL1221109,2021-12-11,2:20 AM,Derailment,0,WEST MEMPHIS,AR,63,4,Dark,Rain,Main,Freight Train,0,468789,0,468789,M105,35.174612,-90.137562,71.9,49.3,39.6
UP,0220MA033,2020-02-26,1:30 AM,Derailment,0,WEST MEMPHIS,AR,45,4,Dark,Cloudy,Industry,Yard/switching,6,78069,8800,86869,T106,35.113015,-90.193001,50.2,40.5,39.1
BNSF,HL0916112,2016-09-25,2:35 PM,Derailment,0,WEST MEMPHIS,AR,95,2,Day,Clear,Main,Freight Train,41,1521436,385000,1906436,T109,35.186051,-90.157642,80.5,80.7,70
URR,21110,2021-08-26,3:07 AM,Derailment,0,WEST MIFFLIN,PA,72,4,Dark,Cloudy,Industry,Yard/switching,5,18294,40000,58294,H704,40.329728,-79.900074,75.9,75.1,76.1
URR,22115,2022-08-02,6:12 PM,Derailment,0,WEST MIFFLIN,PA,80,2,Day,Clear,Industry,Yard/switching,3,13000,6500,19500,H514,40.340933,-79.901305,69.9,74.3,76.7
NS,129529,2018-05-14,6:15 AM,Side collision,0,WEST MIFFLIN,PA,55,1,Dawn,Clear,Main,Cut of cars,0,39000,0,39000,H302,40.401335,-79.877944,63.6,66.8,71.1
NS,129529,2018-05-14,6:15 AM,Side collision,0,WEST MIFFLIN,PA,55,1,Dawn,Clear,Yard,Freight Train,5,0,0,39000,H302,40.401335,-79.877944,63.6,66.8,71.1
URR,22101,2022-01-03,5:53 PM,Derailment,0,WEST MIFFLIN,PA,25,4,Dark,Clear,Yard,Yard/switching,4,8669,15000,23669,M503,40.345831,-79.89784,37.4,25.4,29
URR,21117,2021-11-18,5:29 PM,Derailment,0,WEST MIFFLIN,PA,44,4,Dark,Cloudy,Industry,Yard/switching,7,11629,6500,18129,H503,40.337724,-79.899524,54.8,49.5,33.7
NS,127478,2017-11-20,7:30 AM,Derailment,0,WEST MIFFLIN,PA,34,1,Dawn,Cloudy,Yard,Freight Train,3,50000,60320,110320,T110,40.394334,-79.870305,37.3,34.7,45.9
KCS,18061602,2018-06-16,10:00 PM,Derailment,0,WEST MONROE,LA,79,4,Dark,Clear,Industry,Yard/switching,5,0,86618,86618,M501,32.482812,-92.145642,82.7,82.7,81.5
KCS,15042201,2015-04-22,3:55 AM,Derailment,0,WEST MONROE,LA,57,4,Dark,Clear,Industry,Freight Train,4,100000,6574,106574,T102,32.483931,-92.144219,60.8,65.7,63.3
ATK,137007,2015-04-12,6:33 PM,Other (describe in narrative),0,WEST MYSTIC,CT,55,3,Dusk,Clear,Main,Passenger Train - Pulling,60,22220,7500,29720,E78L,41.346756,-71.974933,49.9,45.6,45.5
NS,120595,2016-05-21,12:10 PM,Derailment,0,WEST NORRITON,PA,62,2,Day,Cloudy,Yard,Yard/switching,4,23533,300,23833,E64L,40.115086,-75.395279,60.1,54.7,55.9
NS,118190,2015-11-13,5:00 AM,Derailment,0,WEST NORRITON,PA,55,1,Dawn,Clear,Yard,Yard/switching,10,64009,0,64009,H702,40.115086,-75.395279,52.7,53,44.9
NS,120914,2016-06-17,8:45 AM,Derailment,0,WEST NORRITON,PA,77,2,Day,Clear,Yard,Freight Train,8,14825,3321,18146,T313,40.115086,-75.395279,65.3,69.1,69.1
FEC,D24051724,2024-05-17,3:40 AM,Obstruction,0,WEST PALM BEACH,FL,76,4,Dark,Clear,Main,Freight Train,45,18096,250,18346,M302,26.713972,-80.055258,86.6,86.4,86.6
SFRV,08182023,2023-08-18,11:10 AM,Obstruction,0,WEST PALM BEACH,FL,81,2,Day,Clear,Main,Passenger Train - Pulling,31,15000,0,15000,M404,26.70454,-80.06186,82.1,82.8,82.8
ATK,141383,2016-03-01,10:15 AM,Obstruction,0,WEST PALM BEACH,FL,75,2,Day,Clear,Main,Passenger Train - Pulling,67,220180,0,221180,M404,26.776484,-80.103371,67.9,69.8,72.8
SFRV,070616,2016-07-06,10:00 AM,Hwy-rail crossing,0,WEST PALM BEACH,FL,90,2,Day,Clear,Main,,0,0,0,16305,M307,26.736631,-80.064581,87,87,87.1
ATK,143215,2016-07-06,10:00 AM,Hwy-rail crossing,0,WEST PALM BEACH,FL,90,2,Day,Clear,Main,Passenger Train - Pulling,50,16305,0,16305,M307,26.736631,-80.064581,87,87,87.1
BLF,20190352,2019-09-06,8:59 PM,Hwy-rail crossing,0,WEST PALM BEACH,FL,90,4,Dark,Cloudy,Main,Passenger Train - Pulling,78,174475,0,175090,M308,26.41328,-80.032105,85.2,85.2,84.9
SFRV,03172024,2024-03-17,1:00 PM,Derailment,0,WEST PALM BEACH,FL,85,2,Day,Clear,Main,Commuter Train - Pulling,17,13530,13809,27339,E59C,26.7564,-80.07352,77.7,79.3,79.7
FEC,D06021219,2019-02-12,4:45 AM,Other (describe in narrative),0,WEST PALM BEACH,FL,70,4,Dark,Clear,Main,Maint./inspect Car,10,44000,0,44000,H402,26.710404,-80.055307,75.8,76.6,65.3
FEC,X31090619,2019-09-06,8:59 PM,Hwy-rail crossing,0,WEST PALM BEACH,FL,90,4,Dark,Cloudy,Main,,0,0,615,175090,M308,26.41328,-80.032105,85.2,85.2,84.9
SFRV,05182024,2024-05-18,10:55 PM,Hwy-rail crossing,0,WEST PALM BEACH,FL,80,4,Dark,Clear,Main,Passenger Train - Pulling,59,20000,0,20000,M399,26.73639,-80.0583,86.4,86.6,84.9
FEC,X43101222,2022-10-12,5:10 PM,Hwy-rail crossing,0,WEST PALM BEACH,FL,87,2,Day,Cloudy,Main,Freight Train,40,180,16871,17051,M303,26.710383,-80.055292,83.9,83.6,78.9
SFRV,080516,2016-08-05,6:20 PM,Derailment,0,WEST PALM BEACH,FL,90,2,Day,Clear,Main,Commuter Train - Pushing,40,20000,108376,128376,E68C,26.731278,-80.064006,85.2,86.5,82.5
BLF,20244094,2024-02-13,12:05 AM,Hwy-rail crossing,0,WEST PALM BEACH,FL,68,4,Dark,Clear,Main,Passenger Train - Pulling,24,16000,0,16478,M301,26.706404,-80.055459,77.5,71.8,66.8
FEC,X11021324,2024-02-13,12:05 AM,Hwy-rail crossing,0,WEST PALM BEACH,FL,68,4,Dark,Clear,Main,,0,0,478,16478,M301,26.706404,-80.055459,77.5,71.8,66.8
CSX,000163182,2016-03-01,10:15 AM,Obstruction,0,WEST PALM BEACH,FL,75,2,Day,Clear,Main,,0,0,1000,221180,M404,26.863321,-80.233235,67.9,69.8,72.8
SFRV,060616,2016-06-06,8:49 PM,Derailment,0,WEST PALM BEACH,FL,90,3,Dusk,Clear,Yard,Passenger Train - Pulling,4,22259,0,22259,T311,26.700962,-80.062352,85.3,84.2,85.5
FEC,D83120717,2017-12-07,11:15 AM,Derailment,0,WEST PALM BEACH,FL,80,2,Day,Clear,Yard,Yard/switching,4,6197,20763,26960,T314,26.734189,-80.058001,74.3,74.7,77.7
FEC,D50100419,2019-10-04,12:55 AM,Derailment,0,WEST PALM BEACH,FL,80,4,Dark,Clear,Yard,Freight Train,7,2296,25923,28219,T314,26.733686,-80.058005,82.1,81.8,83
BLF,201702001,2017-02-11,5:05 PM,Derailment,0,WEST PALM BEACH,FL,77,3,Dusk,Clear,Yard,Work train,4,408000,206,408206,T108,26.727765,-80.057261,69.4,70.7,69.7
BNSF,HL0624201,2024-06-03,9:29 AM,Hwy-rail crossing,0,WEST PLAINS,MO,82,2,Day,Cloudy,Main,Freight Train,41,30000,13353,43353,M302,36.732799,-91.854963,72.6,75.6,72.9
CSX,000208186,2022-11-02,1:00 AM,Derailment,0,WEST POINT,GA,58,4,Dark,Clear,Industry,Cut of cars,0,17864,0,32271,H008,32.919262,-85.140779,61.7,65.2,66
CSX,000208186,2022-11-02,1:00 AM,Derailment,0,WEST POINT,GA,58,4,Dark,Clear,Industry,Freight Train,4,10999,3408,32271,H008,32.919262,-85.140779,61.7,65.2,66
UP,0616SA018,2016-06-21,7:05 AM,Derailment,0,WEST POINT,TX,84,1,Dawn,Clear,Main,Freight Train,22,6034,66926,72960,T106,29.955161,-97.046192,83,83.8,83.9
NS,144108,2022-01-22,9:30 AM,Derailment,0,WEST POINT,VA,27,2,Day,Clear,Yard,Freight Train,3,2575,134084,136659,T201,37.528238,-76.798047,25.5,25.7,29.7
CP,1000287397,2015-10-19,8:20 PM,Fire/violent rupture,0,WEST SALEM,WI,70,4,Dark,Clear,Main,Freight Train,46,500000,0,500000,E74L,43.894904,-91.079622,45.8,62.2,66.3
CSX,000189922,2020-04-28,11:00 PM,Derailment,0,WEST SPRINGFIELD,MA,43,4,Dark,Clear,Yard,Yard/switching,4,72963,1000,73963,H704,42.098671,-72.620755,40.2,48.1,48.5
CSX,000202198,2020-05-21,3:35 PM,Obstruction,0,WEST SPRINGFIELD,MA,70,2,Day,Clear,Main,,0,0,0,12641,M404,42.101332,-72.599464,57.1,57.8,66.7
CSX,000212450,2023-07-21,11:20 PM,Derailment,0,WEST SPRINGFIELD,MA,78,4,Dark,Clear,Yard,Freight Train,8,94347,112,94459,H505,42.098515,-72.620806,73.2,70.5,71
ATK,164453,2020-05-21,3:35 PM,Obstruction,0,WEST SPRINGFIELD,MA,70,2,Day,Clear,Main,Passenger Train - Pulling,0,12641,0,12641,M404,42.099247,-72.602325,57.1,57.8,66.7
CSX,000154636,2015-11-24,6:15 AM,Derailment,0,WEST SPRINGFIELD,MA,32,1,Dawn,Clear,Yard,Freight Train,4,17186,1000,18186,H503,42.098748,-72.603181,34.3,28.7,30.7
CSX,000151486,2015-08-31,2:30 PM,Side collision,0,WEST SPRINGFIELD,MA,84,2,Day,Clear,Yard,Single Car,3,200,0,38335,H318,42.098748,-72.603181,71.9,75.7,73.1
CSX,000156656,2016-01-30,5:10 PM,Derailment,0,WEST SPRINGFIELD,MA,35,3,Dusk,Clear,Yard,Freight Train,4,332010,6506,338516,T220,42.098671,-72.620755,32.6,31.7,42.1
CSX,000155846,2016-01-08,1:45 AM,Derailment,0,WEST SPRINGFIELD,MA,23,4,Dark,Clear,Yard,Freight Train,7,22642,1052,23694,T311,42.098671,-72.620755,22.1,28.3,38.1
CSX,000162593,2016-09-02,1:50 AM,Derailment,0,WEST SPRINGFIELD,MA,71,4,Dark,Clear,Yard,Freight Train,3,42036,2288,44324,T311,42.098671,-72.620755,70.8,67.2,63.8
BNSF,HL0822204,2022-08-29,4:05 PM,Hwy-rail crossing,0,WESTALTON,MO,90,2,Day,Clear,Main,Freight Train,51,500,30000,30500,M302,38.90561,-90.314165,78.5,80.8,76.3
BNSF,SF0215105,2015-02-15,2:25 PM,Derailment,0,WESTALTON,MO,19,2,Day,Clear,Siding,Freight Train,4,5924,5500,11424,H702,38.904267,-90.328902,27.6,14.3,15.7
MBTA,3035,2015-12-26,11:32 PM,Other (describe in narrative),0,WESTBORO,MA,46,4,Dark,Clear,Main,Passenger Train - Pushing,60,12029,0,12029,M503,42.272228,-71.634741,24.3,27.1,23.2
UP,1123TO011,2023-11-06,12:42 PM,Hwy-rail crossing,0,WESTBROOK,TX,86,2,Day,Clear,Main,Freight Train,40,18462,0,18462,M302,32.368722,-100.973748,63.9,68.5,70.3
ATK,140986,2016-01-27,11:55 PM,Other (describe in narrative),0,WESTBROOK,CT,25,4,Dark,Clear,Main,Passenger Train - Pulling,85,18192,0,18192,H799,41.288128,-72.425514,37.2,40.2,31.2
UP,0516FW002,2016-05-02,9:41 AM,Derailment,0,WESTBROOK,TX,50,2,Day,Clear,Main,Freight Train,45,44843,239781,284624,E53C,32.356564,-101.002296,54.7,55.3,59.4
UP,0519TO029,2019-05-26,5:00 PM,Derailment,0,WESTBROOK,TX,80,2,Day,Clear,Main,Freight Train,25,4973,155254,160227,T105,32.336302,-101.124172,75.5,74.3,77.8
LI,69346,2019-02-26,7:21 PM,Hwy-rail crossing,0,WESTBURY,NY,25,4,Dark,Clear,Main,EMU,75,4000000,750000,4750000,M308,40.754562,-73.581253,38,29.3,25.5
LI,69343,2019-02-26,7:20 PM,Hwy-rail crossing,0,WESTBURY,NY,25,4,Dark,Clear,Main,EMU,37,1000000,1000,1001000,M308,40.754562,-73.581253,38,29.3,25.5
DMVW,DM221018A,2022-10-18,8:20 PM,Hwy-rail crossing,0,WESTBY,MT,46,4,Dark,Clear,Industry,Freight Train,3,30000,0,30000,M302,48.872946,-104.051468,39.5,43,51.6
PVRR,PVRR7,2023-08-15,7:00 PM,Fire/violent rupture,0,WESTFIELD,MA,68,3,Dusk,Rain,Yard,Cut of cars,0,250000,0,250000,M502,42.117231,-72.66242,72.7,69,69.7
CSX,000155645,2015-12-31,6:10 PM,Derailment,0,WESTFIELD,MA,38,4,Dark,Clear,Yard,Freight Train,3,15000,1200,16200,T220,42.130033,-72.746199,30.4,36.6,35.9
GRS,20161101L1,2016-11-01,7:15 PM,Derailment,0,WESTFORD,MA,45,4,Dark,Clear,Main,Freight Train,10,40100,19324,59424,M201,42.599424,-71.427258,42.4,39.1,54.6
KCS,20010901,2020-01-09,2:03 PM,Derailment,0,WESTLAKE,LA,70,2,Day,Cloudy,Yard,Freight Train,4,17398,28751,46149,H306,30.252218,-93.303868,51.4,64.5,71.1
KCS,20081201,2020-08-12,2:00 AM,Derailment,0,WESTLAKE,LA,85,4,Dark,Clear,Yard,Yard/switching,10,8543,36015,44558,H607,30.250875,-93.303248,83.4,83.6,84.9
UP,0820GC027,2020-08-14,3:10 PM,Derailment,0,WESTLAKE,LA,93,2,Day,Clear,Industry,Freight Train,6,18053,92594,110647,T221,30.238054,-93.27088,84.9,86,86.6
UP,0316LV013,2016-03-19,3:47 PM,Hwy-rail crossing,0,WESTLAKE,LA,69,2,Day,Cloudy,Main,Work train,31,0,12406,12406,M308,30.239703,-93.283561,70,63.3,52.8
KCS,19111102,2019-11-11,7:30 PM,Other impacts,0,WESTLAKE,LA,72,4,Dark,Rain,Industry,Cut of cars,8,34026,0,43598,H021,30.239678,-93.286054,55.9,63.7,42
KCS,19111102,2019-11-11,7:30 PM,Other impacts,0,WESTLAKE,LA,72,4,Dark,Rain,Industry,Freight Train,2,9572,0,43598,H021,30.239678,-93.286054,55.9,63.7,42
UP,0816LV004,2016-08-11,6:40 PM,Derailment,0,WESTLAKE,LA,88,3,Dusk,Clear,Main,,0,0,6370,332424,H503,30.242268,-93.276019,83.3,83.4,83.6
KCS,15091201,2015-09-12,12:15 AM,Other impacts,0,WESTLAKE,LA,76,4,Dark,Cloudy,Industry,Cut of cars,5,22231,0,87686,H318,30.239855,-93.268347,75.4,75.7,68.9
KCS,15091201,2015-09-12,12:15 AM,Other impacts,0,WESTLAKE,LA,76,4,Dark,Cloudy,Industry,Cut of cars,5,65455,0,87686,H318,30.239855,-93.268347,75.4,75.7,68.9
UP,0717LV017,2017-07-14,8:30 PM,Derailment,0,WESTLAKE,LA,87,4,Dark,Cloudy,Industry,Yard/switching,7,25727,7001,32728,T110,30.238092,-93.290104,81.6,80,78.3
ATK,166349,2021-02-06,11:14 PM,Obstruction,0,WESTMINSTER,SC,32,4,Dark,Snow,Main,Passenger Train - Pulling,50,15436,0,15436,M404,34.665539,-83.120514,45.7,37.9,41.2
MBTA,202391,2023-08-22,5:43 AM,Obstruction,0,WESTON,MA,73,1,Dawn,Clear,Main,Passenger Train - Pushing,52,76099,0,76099,M404,42.369697,-71.271486,73.1,69,65.6
BNSF,NE0116111,2016-01-16,4:49 PM,Derailment,0,WESTON,MO,31,3,Dusk,Cloudy,Main,Freight Train,34,2500,250250,252750,E53C,39.430668,-94.931103,31.5,24.2,5.6