reportingrailroadcode,accidentnumber,date,time,accidenttype,hazmatreleasedcars,station,stateabbr,temperature,visibility_code,visibility,weathercondition,tracktype,equipmenttype,trainspeed,equipmentdamagecost,trackdamagecost,totaldamagecost,primaryaccidentcausecode,latitude,longitude,prior_temp,actual_temp,following_temp
BNSF,HL1018117,2018-10-24,9:36 AM,Derailment,0,WESTON,MO,50,2,Day,Clear,Industry,Freight Train,7,132311,0,132311,T113,39.432231,-94.948908,53,51.2,49.1
WC,857661,2015-07-04,4:30 PM,Derailment,0,WESTON,WI,79,2,Day,Clear,Industry,Freight Train,5,33000,70338,103338,T313,44.8572,-89.64621,67.1,71.6,74.3
RJCP,RJCP2101,2021-06-24,1:00 PM,Derailment,0,WESTOVER,PA,75,2,Day,Clear,Main,Freight Train,13,20000,30000,50000,T110,41.001926,-78.273409,57.6,63.5,67.9
UP,0516CB010,2016-05-26,2:35 AM,Derailment,0,WESTSIDE,IA,70,4,Dark,Rain,Main,Freight Train,66,719613,402830,1122443,M105,42.087181,-95.133882,70.1,67.5,67.8
CSX,000213682,2023-09-21,10:30 PM,Obstruction,0,WESTVILLE,IN,60,4,Dark,Clear,Industry,Freight Train,4,20792,0,20792,M599,41.50712,-86.866909,65.2,67.1,67.9
KCS,16062402,2016-06-24,12:49 PM,Hwy-rail crossing,0,WESTVILLE,OK,75,2,Day,Clear,Main,Freight Train,36,24815,10001,34816,M303,36.04584,-94.58023,84.3,81.3,81.9
UP,1018LV006,2018-10-05,5:05 AM,Derailment,0,WESTWEGO,LA,78,1,Dawn,Clear,Main,Freight Train,4,146024,5750,261084,H503,29.916951,-90.182708,81.8,82,82.3
UP,0421GC027,2021-04-20,2:00 AM,Other impacts,0,WESTWEGO,LA,63,4,Dark,Clear,Yard,Yard/switching,2,12192,0,22722,H306,29.916754,-90.181562,65.9,69.5,62.7
UP,0821GC024,2021-08-14,9:10 PM,Derailment,0,WESTWEGO,LA,84,4,Dark,Clear,Main,Yard/switching,2,9109,23500,32609,M405,29.916528,-90.178772,81.6,85.1,84.3
UP,0523GC016,2023-05-23,2:45 PM,Derailment,0,WESTWEGO,LA,86,2,Day,Cloudy,Yard,Freight Train,3,154685,9775,164460,H503,29.916113,-90.180014,79.1,79.5,76.9
UP,0818LV007,2018-08-03,9:50 PM,Derailment,0,WESTWEGO,LA,90,4,Dark,Clear,Yard,Yard/switching,7,13161,2402,15563,H307,29.918621,-90.208067,81.7,81.4,79.4
UP,0718LV004,2018-07-08,3:25 AM,Derailment,0,WESTWEGO,LA,80,4,Dark,Clear,Yard,Yard/switching,5,21838,76020,97858,H702,29.916561,-90.178941,81.4,80.6,82.3
UP,0921GC029,2021-09-18,5:00 AM,Derailment,0,WESTWEGO,LA,78,1,Dawn,Clear,Yard,,0,0,450825,470825,M405,29.917212,-90.185702,79.1,78.1,78.9
UP,1223GC029,2023-12-28,9:50 AM,Other impacts,0,WESTWEGO,LA,70,2,Day,Clear,Yard,Yard/switching,2,33062,0,76943,H607,29.918033,-90.195305,54.2,49.3,45.4
UP,1223GC029,2023-12-28,9:50 AM,Other impacts,0,WESTWEGO,LA,70,2,Day,Clear,Yard,Cut of cars,4,43881,0,76943,H607,29.918033,-90.195305,54.2,49.3,45.4
UP,0918LV004,2018-09-06,8:20 PM,Other impacts,0,WESTWEGO,LA,80,4,Dark,Clear,Yard,Yard/switching,8,25652,150,36360,H318,29.917551,-90.185149,81.5,81.1,80.6
UP,0918LV004,2018-09-06,8:20 PM,Other impacts,0,WESTWEGO,LA,80,4,Dark,Clear,Yard,Single Car,0,10558,0,36360,H318,29.917551,-90.185149,81.5,81.1,80.6
UP,0922GC009,2022-09-09,7:54 PM,Derailment,0,WESTWEGO,LA,76,3,Dusk,Clear,Yard,Yard/switching,6,25075,850,25925,E40C,29.915593,-90.186705,78.2,78.3,80.2
UP,0818LV029,2018-08-23,3:00 PM,Other (describe in narrative),0,WESTWEGO,LA,75,2,Day,Clear,Yard,Single Car,0,13147,0,13147,M411,29.918543,-90.189734,85,84.4,84.3
UP,0222GC012,2022-02-10,8:25 AM,Other impacts,0,WESTWEGO,LA,66,2,Day,Clear,Yard,Single Car,5,18560,0,33769,H307,29.918153,-90.192015,52,55,56.7
UP,0722GC002,2022-07-01,7:40 PM,Other impacts,0,WESTWEGO,LA,81,3,Dusk,Clear,Yard,Yard/switching,4,59348,0,83348,H302,29.918217,-90.18977,81.7,80.9,82.9
UP,0223GC001,2023-02-01,11:50 PM,Other impacts,0,WESTWEGO,LA,56,4,Dark,Fog,Yard,Light loco(s),5,5242,250,33379,H310,29.917559,-90.186494,68,56.1,56.2
UP,0223GC001,2023-02-01,11:50 PM,Other impacts,0,WESTWEGO,LA,56,4,Dark,Fog,Yard,Cut of cars,2,27887,0,33379,H310,29.917559,-90.186494,68,56.1,56.2
UP,0222GC012,2022-02-10,8:25 AM,Other impacts,0,WESTWEGO,LA,66,2,Day,Clear,Yard,Yard/switching,2,14284,925,33769,H307,29.918153,-90.192015,52,55,56.7
UP,0722GC002,2022-07-01,7:40 PM,Other impacts,0,WESTWEGO,LA,81,3,Dusk,Clear,Yard,Single Car,0,24000,0,83348,H302,29.918217,-90.18977,81.7,80.9,82.9
NOGC,NOGC00017F,2022-11-01,8:25 AM,Derailment,0,WESTWEGO,LA,70,2,Day,Clear,Yard,Freight Train,4,165000,0,206661,H607,29.91522,-90.1658,67.1,68.3,70
UP,0619GC007,2019-06-05,3:20 AM,Derailment,0,WESTWEGO,LA,80,4,Dark,Cloudy,Yard,Yard/switching,5,41690,6788,48478,H607,29.917609,-90.183136,85.7,83.7,82.9
UP,0122GC056,2022-01-15,12:05 AM,Derailment,0,WESTWEGO,LA,57,4,Dark,Clear,Yard,Yard/switching,2,14584,2250,16834,M405,29.917841,-90.188977,57.3,56.4,41.2
UP,0421GC027,2021-04-20,2:00 AM,Other impacts,0,WESTWEGO,LA,63,4,Dark,Clear,Yard,Single Car,0,10530,0,22722,H306,29.916754,-90.181562,65.9,69.5,62.7
UP,0822GC015,2022-08-13,11:21 AM,Derailment,0,WESTWEGO,LA,87,2,Day,Cloudy,Yard,Yard/switching,4,5264,6200,11464,H504,29.915923,-90.188878,81,83.1,83.9
UP,0619GC005,2019-06-04,9:53 PM,Derailment,0,WESTWEGO,LA,83,4,Dark,Clear,Yard,Freight Train,6,11842,582,12424,H518,29.916583,-90.180072,87.1,85.7,83.7
UP,0621GC003,2021-06-08,11:54 AM,Derailment,0,WESTWEGO,LA,87,2,Day,Cloudy,Yard,Yard/switching,2,2195,12734,14929,E40C,29.918249,-90.192601,82.3,84.6,83.6
UP,1122GC001,2022-11-01,8:25 AM,Derailment,0,WESTWEGO,LA,68,2,Day,Cloudy,Yard,Freight Train,0,2928,38733,206661,H702,29.91522,-90.1658,67.1,68.3,70
UP,0322GC024,2022-03-28,2:10 PM,Derailment,0,WESTWEGO,LA,80,2,Day,Clear,Yard,Freight Train,4,79431,49850,129281,T109,29.926017,-90.157031,68.2,71.1,73.1
UP,0920GC010,2020-09-07,3:30 PM,Derailment,0,WESTWEGO,LA,92,2,Day,Clear,Industry,Freight Train,5,70741,81936,152677,T108,29.904996,-90.129484,83.9,82.7,82.2
UP,0822GC024,2022-08-27,8:00 PM,Derailment,0,WESTWEGO,LA,82,4,Dark,Cloudy,Yard,Yard/switching,8,3605,9620,13225,T315,29.919019,-90.190572,79.8,81,83.4
UP,0918LV005,2018-09-07,1:30 AM,Derailment,0,WESTWEGO,LA,85,4,Dark,Clear,Yard,Light loco(s),10,37741,3366,41107,T001,29.918302,-90.194435,81.1,80.6,82
ATK,143683,2016-08-05,3:00 PM,Other (describe in narrative),0,WESTWOOD,MA,85,2,Day,Clear,Main,Passenger Train - Pulling,0,17916,20000,37916,E78L,42.124124,-71.184844,70.8,72.6,76.7
WC,934286,2017-08-29,5:30 AM,Hwy-rail crossing,0,WEYERHAUSER,WI,59,1,Dawn,Fog,Main,Light loco(s),31,75000,18155,93155,M302,45.43069,-91.460059,64.2,62.7,63.4
MBTA,3041,2015-12-14,9:55 PM,Fire/violent rupture,0,WEYMOUTH,MA,41,4,Dark,Clear,Main,Passenger Train - Pulling,0,100000,0,100000,E74L,42.149999,-70.949996,49.9,49.5,55.7
NS,153815,2023-08-03,6:00 PM,Derailment,0,WHARNCLIFFE,WV,80,3,Dusk,Clear,Industry,Freight Train,4,33515,970,34485,T102,37.568297,-81.995222,68.2,67.2,70
RTDC,103126,2019-06-01,7:16 AM,Obstruction,0,WHEAT RIDGE,CO,72,1,Dawn,Clear,Main,EMU,5,60955,0,60955,H605,39.786949,-105.137441,60.3,60.3,64.4
BNSF,PR0219104,2019-02-04,3:00 PM,Rear end collision,0,WHEATLAND,WY,27,2,Day,Cloudy,Main,Freight Train,0,527667,0,1735220,H605,42.347817,-104.899184,40.6,16.7,23.9
BNSF,PR0219104,2019-02-04,3:00 PM,Rear end collision,0,WHEATLAND,WY,27,2,Day,Cloudy,Main,Freight Train,23,997553,210000,1735220,H605,42.347817,-104.899184,40.6,16.7,23.9
BNSF,PR0524106,2024-05-12,8:53 AM,Derailment,0,WHEATLAND,WY,61,1,Dawn,Clear,Main,Freight Train,17,1012143,163000,1175143,T207,42.285965,-104.894875,56.2,58.1,61.9
NS,115256,2015-04-14,9:15 PM,Derailment,0,WHEELERSBURG,OH,72,4,Dark,Clear,Industry,Freight Train,8,41325,1500,42825,H702,38.697311,-82.864541,66.3,58.2,55.5
NS,114369,2015-02-15,3:00 AM,Derailment,0,WHITAKER,PA,1,4,Dark,Snow,Yard,Light loco(s),1,12931,317,13248,H702,40.40817,-79.892651,17.8,0.3,2.1
MNNR,1117002,2017-11-08,12:45 PM,Derailment,0,WHITE BEAR LAKE,MN,30,2,Day,Clear,Industry,Maint./inspect Car,0,19000,0,19000,M599,45.071664,-93.023592,30.2,33.1,20.6
UP,1217LV005,2017-12-04,5:12 PM,Hwy-rail crossing,0,WHITE CASTLE,LA,70,4,Dark,Clear,Main,Freight Train,9,29327,132,29459,M304,30.177815,-91.165964,58.2,65.7,67
UP,1119GC032,2019-11-23,6:50 AM,Hwy-rail crossing,0,WHITE CASTLE,LA,64,1,Dawn,Cloudy,Main,Freight Train,48,363686,33584,397270,M303,30.167489,-91.138567,70.4,61.4,50.4
RVT,RVT2019001,2019-07-15,12:43 PM,Other impacts,0,WHITE CITY,OR,80,2,Day,Clear,Yard,Light loco(s),2,100,25000,25100,E99L,42.434442,-122.854231,75.6,73.9,74.4
UP,0422HL020,2022-04-29,8:30 PM,Derailment,0,WHITE CITY,KS,72,4,Dark,Rain,Main,Freight Train,0,70666,400,71066,M102,38.749428,-96.801933,72.3,68.8,57.6
MQT,MQT875018D,2018-12-05,12:15 PM,Derailment,0,WHITE CLOUD,MI,28,2,Day,Snow,Main,Freight Train,24,23263,6500,29763,T210,43.582986,-85.777728,28.5,28.4,29
BNSF,MT0519201,2019-05-03,3:42 PM,Hwy-rail crossing,0,WHITE EARTH,ND,64,2,Day,Clear,Main,Freight Train,54,815402,114000,929402,M302,48.344908,-102.677503,41.6,46.3,38.5
BNSF,MT0224201,2024-02-09,11:30 AM,Hwy-rail crossing,0,WHITE EARTH,ND,26,2,Day,Clear,Main,,0,0,0,60315,M308,48.344908,-102.677503,25.3,23,15.9
BNSF,MT0823201,2023-08-04,9:05 AM,Hwy-rail crossing,0,WHITE EARTH,ND,62,2,Day,Rain,Main,Freight Train,70,0,193405,193405,M304,48.344908,-102.677503,74.6,65.7,68.4
ATK,178349,2024-02-09,11:29 AM,Hwy-rail crossing,0,WHITE EARTH,ND,22,2,Day,Cloudy,Main,Passenger Train - Pulling,79,60315,0,60315,M302,48.344907,-101.761192,25.3,23,15.9
MNBR,MNB767324D,2024-04-16,2:00 PM,Derailment,0,WHITE HALL,AL,77,2,Day,Clear,Main,Freight Train,10,134000,207000,341000,M405,32.331533,-86.587106,67.3,70.6,69.6
UP,1121MA008,2021-11-05,1:38 PM,Derailment,0,WHITE HALL,AR,54,2,Day,Clear,Industry,Yard/switching,4,21169,0,21169,T110,34.268153,-92.062037,45.3,45.2,46.5
RBMN,L08152204,2022-08-15,4:58 PM,Derailment,0,WHITE HAVEN,PA,75,2,Day,Clear,Main,Freight Train,30,2400,10468,12868,T109,41.008267,-75.731644,66.6,67.8,68.8
RWRR,240503002,2024-05-03,10:00 PM,Derailment,0,WHITE LAKE,SD,42,4,Dark,Rain,Main,Freight Train,10,179313,65523,244836,T102,43.715781,-98.537601,52.2,44,48.8
GDLK,231206005,2023-12-06,11:15 PM,Derailment,0,WHITE PIGEON,MI,37,4,Dark,Clear,Industry,Yard/switching,5,35000,24000,59000,H702,41.767273,-85.689219,36.3,36,41.3
GDLK,230407001,2023-04-07,8:15 AM,Hwy-rail crossing,0,WHITE PIGEON,MI,40,2,Day,Clear,Main,Freight Train,35,350,35000,35350,M302,41.797384,-85.657564,41.2,41.7,45.6
MNCW,82647,2024-05-31,4:40 AM,Other impacts,0,WHITE PLAINS,NY,57,4,Dark,Clear,Yard,EMU,7,18007,0,18007,H992,41.057519,-73.771058,61.9,64.6,68.6
MNCW,82213,2024-04-04,1:40 AM,Derailment,0,WHITE PLAINS,NY,37,4,Dark,Rain,Yard,EMU,8,36463,0,36463,H702,41.054086,-73.771527,40,40,41.4
MNCW,2019010222,2019-01-02,10:45 AM,Derailment,0,WHITE PLAINS,NY,35,2,Day,Clear,Yard,EMU,2,18876,16000,34876,H303,41.057155,-73.771815,46.6,33.8,37.1
MNCW,78919,2023-01-23,5:22 PM,Derailment,0,WHITE PLAINS,NY,32,4,Dark,Clear,Yard,EMU,6,102733,11737,114470,H701,41.053735,-73.771691,36.2,35.9,37.3
CSX,000143277,2015-03-14,9:50 PM,Obstruction,0,WHITE SULPHUR SPRING,WV,37,4,Dark,Clear,Main,Freight Train,5,141775,50,141825,M404,37.788336,-80.291313,43.9,46.7,50.2
BNSF,MT1118101,2018-11-02,11:08 AM,Derailment,0,WHITEFISH,MT,42,2,Day,Cloudy,Yard,Yard/switching,5,0,14073,14073,H607,48.414304,-114.340382,39.9,48.6,44.4
BNSF,MT0818106,2018-08-31,4:39 PM,Other (describe in narrative),0,WHITEFISH,MT,78,2,Day,Clear,Yard,Yard/switching,5,0,26000,26000,H307,48.40976,-114.303711,65.1,60.3,59.5
BNSF,MT0622102,2022-06-12,9:00 AM,Derailment,0,WHITEFISH,MT,42,2,Day,Rain,Yard,Freight Train,7,18542,7000,25542,H307,48.41406,-114.3434,58.2,56.8,51.4
BNSF,MT0115101,2015-01-09,8:30 AM,Derailment,0,WHITEFISH,MT,6,1,Dawn,Clear,Yard,Freight Train,8,21000,39000,60000,T110,48.413709,-114.330503,17.5,9,17.8
MRL,2016115,2016-09-11,6:44 PM,Derailment,0,WHITEHALL,MT,64,2,Day,Rain,Main,Work train,18,150000,636133,786133,M101,45.871367,-112.120152,54.3,52.8,41.4
CSX,000195091,2021-01-17,12:26 PM,Fire/violent rupture,0,WHITESIDE,TN,41,2,Day,Cloudy,Main,Freight Train,15,63846,192,64038,M406,34.992787,-85.482531,38.9,43.9,42
UP,0120HL037,2020-01-24,3:41 AM,Fire/violent rupture,0,WHITEWATER,KS,27,4,Dark,Cloudy,Main,Freight Train,30,17570,0,17570,E74L,37.928571,-97.178128,35.7,31.1,33.5
SCIH,20230818,2023-08-18,1:30 PM,Derailment,0,WHITING,IN,75,2,Day,Clear,Main,Freight Train,6,8,0,27360,,41.402,-87.2818,70,66.7,69.8
NS,132026,2018-12-11,5:40 PM,Hwy-rail crossing,0,WHITING,IN,25,3,Dusk,Clear,Main,,0,0,0,24770,M304,41.679816,-87.4858,24.6,29.8,35.9
IHB,2555,2019-10-31,10:35 PM,Derailment,0,WHITING,IN,30,4,Dark,Clear,Yard,Freight Train,4,188959,4946,193905,T220,41.655932,-87.475949,39.7,34.7,34.6
ATK,156688,2018-12-11,4:35 PM,Hwy-rail crossing,0,WHITING,IN,33,2,Day,Cloudy,Main,Passenger Train - Pulling,45,24770,0,24770,M304,41.683021,-87.491742,24.6,29.8,35.9
CSX,000213004,2023-08-18,3:10 PM,Derailment,0,WHITING,IN,82,2,Day,Clear,Main,Freight Train,0,0,27352,27360,T202,41.670137,-87.467663,70,66.7,69.8
NS,145779,2022-07-10,8:15 AM,Derailment,0,WHITLEY CITY,KY,77,2,Day,Clear,Main,Freight Train,28,257562,96239,353801,H518,36.726781,-84.472001,73.9,73.3,75.5
NS,133908,2019-05-11,8:55 AM,Derailment,0,WHITLEY CITY,KY,72,2,Day,Cloudy,Main,Freight Train,22,122023,18326,140349,H504,33.044374,-83.240583,68.2,62.5,62.1
MBTA,202387,2023-07-14,6:04 AM,Obstruction,0,WHITMAN,MA,68,1,Dawn,Rain,Main,Passenger Train - Pushing,50,17559,0,17559,M404,42.090968,-70.928385,78.5,74.5,78
MBTA,YR2020119,2020-10-07,12:36 PM,Fire/violent rupture,0,WHITMAN,MA,73,2,Day,Clear,Main,Passenger Train - Pushing,30,21536,0,21536,E74L,42.108061,-70.935274,55.6,62.4,56.7
UP,0219SX020,2019-02-14,3:19 PM,Hwy-rail crossing,0,WHITSETT,TX,77,2,Day,Cloudy,Main,Work train,39,90446,99,90545,M304,28.587656,-98.219002,51.2,59.8,65.7
CP,1001387436,2020-12-13,9:05 PM,Hwy-rail crossing,0,WHITTEMORE,IA,20,4,Dark,Clear,Main,Freight Train,25,911,54772,55683,M304,43.065453,-94.344395,29,25.6,14.8
ARR,2014202,2014-11-26,5:08 PM,Derailment,0,WHITTIER,AK,33,3,Dusk,Clear,Yard,Yard/switching,9,30800,4450,35250,H306,60.463,-148.403,30,29.5,25
BNSF,MT0917201,2017-09-12,3:25 PM,Hwy-rail crossing,0,WIBAUX,MT,86,2,Day,Clear,Main,Freight Train,49,13738,0,13738,M302,46.984047,-104.157091,68.9,69.3,64.7
BNSF,KS0121105,2021-01-03,12:30 PM,Other impacts,0,WICHITA,KS,42,2,Day,Clear,Yard,Yard/switching,7,15144,0,15144,H318,37.73114,-97.335162,32.3,32.3,40.9
UP,0121HL022,2021-01-28,7:30 AM,Derailment,0,WICHITA,KS,22,1,Dawn,Cloudy,Yard,Freight Train,5,32834,5380,38214,T220,37.736867,-97.319192,24,29.2,41.1
WTA,220413WTA,2022-04-13,1:18 AM,Derailment,0,WICHITA,KS,51,4,Dark,Rain,Yard,Yard/switching,7,57242,1900,59142,E64C,37.730706,-97.330981,71.4,47.5,49
UP,0419HL023,2019-04-16,2:40 AM,Derailment,0,WICHITA,KS,65,4,Dark,Cloudy,Yard,Yard/switching,3,23630,26676,50306,H702,37.737952,-97.312282,62,67.6,68.5
BNSF,KS0119106,2019-01-20,2:20 AM,Obstruction,0,WICHITA,KS,13,4,Dark,Clear,Main,Freight Train,37,350,15000,15350,M402,37.727144,-97.335682,20.5,25.1,36.6
UP,1118KC024,2018-11-24,7:15 PM,Derailment,0,WICHITA,KS,48,3,Dusk,Clear,Yard,Yard/switching,7,142401,990,143391,H602,37.734792,-97.320825,53.5,51.2,33.6
UP,1117KC020,2017-11-20,4:47 AM,Derailment,0,WICHITA,KS,38,4,Dark,Clear,Yard,Single Car,0,16928,0,154219,H312,37.738032,-97.318498,43,50.3,44.1
UP,1117KC020,2017-11-20,4:47 AM,Derailment,0,WICHITA,KS,38,4,Dark,Clear,Yard,Yard/switching,4,127366,9925,154219,H312,37.738032,-97.318498,43,50.3,44.1
WTA,221009WTA,2022-10-09,5:01 AM,Derailment,0,WICHITA,KS,55,4,Dark,Clear,Industry,Yard/switching,3,20000,1500,21500,H306,37.70769,-97.32952,54.9,62.5,64.4
UP,0215WH006,2015-02-21,1:15 AM,Derailment,0,WICHITA,KS,33,4,Dark,Cloudy,Siding,Freight Train,8,9099,103443,112542,E54C,37.721971,-97.328976,32,42.3,22.5
UP,0321HL001,2021-03-02,2:20 AM,Derailment,0,WICHITA,KS,29,4,Dark,Clear,Yard,Yard/switching,7,1414,36766,38180,H702,37.729808,-97.32268,40.2,45.7,50.5
UP,0815WH005,2015-08-12,11:05 PM,Derailment,0,WICHITA,KS,85,4,Dark,Clear,Yard,Freight Train,8,247266,13949,261215,T211,37.736953,-97.311911,77.2,74.9,76.1
KO,160217002,2016-02-16,1:00 PM,Fire/violent rupture,0,WICHITA,KS,75,2,Day,Clear,Main,Freight Train,9,0,20000,20000,H599,37.707754,-97.392802,49.1,47.4,48.5
BNSF,KS0415101,2015-04-02,4:55 AM,Derailment,0,WICHITA,KS,60,4,Dark,Clear,Main,,0,0,25741,295505,H607,37.711488,-97.330357,70,68,50.8
UP,1218HL013,2018-12-18,6:05 PM,Derailment,0,WICHITA,KS,48,3,Dusk,Clear,Yard,Yard/switching,0,3393,22830,26223,E39C,37.735167,-97.318594,40.5,41.7,43.8
WTA,0124WTA01,2024-01-22,11:10 AM,Derailment,0,WICHITA,KS,32,2,Day,Sleet,Yard,Yard/switching,4,0,0,43420,M599,37.720505,-97.330386,25.8,31.3,35.7
UP,1017KC024,2017-10-31,2:50 AM,Derailment,0,WICHITA,KS,30,4,Dark,Clear,Yard,,0,0,18594,28534,M503,37.71452,-97.33046,48.6,35.8,47.6
UP,0921HL016,2021-09-18,2:51 PM,Derailment,0,WICHITA,KS,89,2,Day,Clear,Yard,Yard/switching,6,10188,1923,12111,E39C,37.73222,-97.322607,78.2,77.1,78.1
UP,0820HL009,2020-08-06,5:16 PM,Derailment,0,WICHITA,KS,79,2,Day,Cloudy,Main,Freight Train,7,290644,125940,416584,E07C,37.750313,-97.309608,73.2,74,80.5
UP,1223HL001,2023-12-03,1:46 AM,Other impacts,0,WICHITA,KS,29,4,Dark,Fog,Yard,Yard/switching,3,45710,1707,53098,E22C,37.726643,-97.325102,34,38.7,41.4
UP,0618KC030,2018-06-21,1:35 PM,Derailment,0,WICHITA,KS,85,2,Day,Clear,Yard,Yard/switching,7,9511,18135,27646,H505,37.735882,-97.316898,76.2,76.1,71.9
WTA,20150402,2015-04-02,4:55 AM,Derailment,0,WICHITA,KS,56,4,Dark,Cloudy,Main,Yard/switching,7,269764,0,295505,H607,37.711488,-97.330357,70,68,50.8
UP,0124HL023,2024-01-22,11:10 AM,Derailment,0,WICHITA,KS,32,2,Day,Cloudy,Yard,,0,0,43420,43420,M599,37.720505,-97.330386,25.8,31.3,35.7
UP,1223HL001,2023-12-03,1:46 AM,Other impacts,0,WICHITA,KS,29,4,Dark,Fog,Yard,Single Car,5,5681,0,53098,E22C,37.726643,-97.325102,34,38.7,41.4
KO,IN200910,2020-09-10,1:30 PM,Derailment,0,WICHITA,KS,60,2,Day,Rain,Main,Freight Train,8,4000,13200,17200,E53C,37.680479,-97.366522,48.5,52.4,58.1
UP,1123HL013,2023-11-19,5:30 PM,Derailment,0,WICHITA,KS,53,2,Day,Rain,Yard,Freight Train,7,33476,84776,118252,T220,37.729919,-97.322549,50.5,52.9,46.1
BNSF,KS0215203,2015-02-25,8:39 AM,Hwy-rail crossing,0,WICHITA,KS,38,1,Dawn,Clear,Main,Freight Train,26,15000,0,15000,M302,37.671673,-97.328207,29.6,36.7,19.1
KO,20161113,2016-11-12,3:00 AM,Raking collision,0,WICHITA,KS,50,4,Dark,Clear,Main,Freight Train,4,60000,0,60000,H310,37.5827,-97.419522,51.4,44.3,48.5
UP,0122HL014,2022-01-05,9:23 PM,Derailment,0,WICHITA,KS,20,4,Dark,Cloudy,Yard,Yard/switching,5,5218,6734,11952,E29C,37.73047,-97.322174,42.5,25.8,10.9
UP,0122HL026,2022-01-14,10:03 PM,Derailment,0,WICHITA,KS,30,4,Dark,Snow,Yard,Freight Train,10,25402,400,25802,T212,37.730425,-97.322088,46.8,43.7,22.8
KO,230530005,2023-05-30,10:10 PM,Other impacts,0,WICHITA,KS,75,4,Dark,Clear,Main,Yard/switching,4,58406,0,67600,H310,37.582984,-97.418889,71,75.2,76.5
WTA,220315WTA,2022-03-15,2:30 PM,Derailment,0,WICHITA,KS,59,2,Day,Clear,Yard,Yard/switching,4,40413,2350,42763,E64C,37.730706,-97.330981,52.2,49,57.7
KO,230530005,2023-05-30,10:10 PM,Other impacts,0,WICHITA,KS,75,4,Dark,Clear,Yard,Cut of cars,0,9194,0,67600,H310,37.582984,-97.418889,71,75.2,76.5
UP,0920HL004,2020-09-05,10:13 AM,Derailment,0,WICHITA,KS,81,2,Day,Clear,Yard,Freight Train,4,318,58541,58859,H503,37.723734,-97.327337,77.2,80.4,83
UP,0817KC002,2017-08-02,4:20 AM,Derailment,0,WICHITA,KS,72,4,Dark,Clear,Yard,Yard/switching,3,200355,35910,236265,T220,37.732854,-97.319817,74.1,78.2,78.2
UP,0321HL020,2021-03-29,10:57 AM,Derailment,0,WICHITA,KS,58,2,Day,Clear,Main,Freight Train,8,15393,0,15393,E40C,37.715088,-97.330764,49.9,62.1,53.6
WTA,180312WTA,2018-03-12,3:45 PM,Derailment,0,WICHITA,KS,50,2,Day,Clear,Yard,Light loco(s),17,1000,0,20687,H603,37.71525,-97.33082,40.4,37.6,41.7
WTA,171031WTA,2017-10-31,2:50 AM,Derailment,0,WICHITA,KS,30,4,Dark,Clear,Yard,Yard/switching,5,8390,1550,28534,M503,37.71452,-97.33046,48.6,35.8,47.6
UP,0318KC019,2018-03-12,3:45 PM,Derailment,0,WICHITA,KS,50,2,Day,Clear,Main,,0,0,19687,20687,H603,37.715088,-97.330764,40.4,37.6,41.7
BNSF,KS0123121,2023-01-28,1:00 AM,Derailment,0,WICHITA,KS,30,4,Dark,Clear,Yard,,0,0,20000,25787,H704,37.73061,-97.326531,40.6,39.6,17.1
WTA,210506WTA,2021-05-06,3:19 PM,Other impacts,0,WICHITA,KS,67,2,Day,Clear,Yard,Yard/switching,3,16350,0,16350,H318,37.718468,-97.331751,56.2,58.6,63.2
KO,IN210101,2021-01-01,10:00 PM,Derailment,0,WICHITA,KS,28,4,Dark,Clear,Industry,Yard/switching,5,44645,20000,64645,T212,37.591744,-97.411016,29.8,31.5,32.3
UP,1123HL032,2023-11-30,11:19 PM,Derailment,0,WICHITA,KS,35,4,Dark,Rain,Industry,Freight Train,7,78055,86488,164543,T220,37.751001,-97.276522,40.3,45.6,35.9
KO,170402,2017-04-01,12:01 PM,Derailment,0,WICHITA,KS,48,2,Day,Clear,Industry,Freight Train,5,4500,13012,17512,E46C,37.591997,-97.410844,49.2,48.1,51.2
KO,210619,2021-06-19,1:00 PM,Derailment,0,WICHITA,KS,103,2,Day,Clear,Industry,Freight Train,4,34860,6800,41660,T399,37.592131,-97.410608,85.7,84.4,85.8
UP,1017KC003,2017-10-03,1:05 PM,Derailment,0,WICHITA,KS,75,2,Day,Cloudy,Yard,Yard/switching,8,1782,21200,22982,T313,37.734713,-97.320722,74.9,75.1,69.3
WTA,20150204,2015-02-04,6:03 AM,Derailment,0,WICHITA,KS,32,4,Dark,Clear,Industry,Yard/switching,3,1246,11167,12413,T110,37.713313,-97.330017,36.3,28.3,22.3
KO,231228001,2023-12-28,12:20 AM,Derailment,0,WICHITA,KS,28,4,Dark,Clear,Industry,Freight Train,2,14200,1000,15200,T111,37.592099,-97.410514,32,32.6,37.5
WTA,230128WTA,2023-01-28,2:00 AM,Derailment,0,WICHITA,KS,35,4,Dark,Clear,Yard,Yard/switching,4,787,5000,25787,T319,37.728757,-97.326542,40.6,39.6,17.1
KO,IN201029,2020-10-29,12:42 PM,Derailment,0,WICHITA,KS,50,2,Day,Clear,Industry,Yard/switching,6,32000,1000,33000,T102,37.669346,-97.347295,35.7,44.1,48.5
BNSF,KS1021104,2021-10-12,1:25 PM,Derailment,0,WICHITA,KS,70,2,Day,Clear,Yard,Yard/switching,6,26846,3000,29846,T102,37.745044,-97.334678,62.4,63.2,65
KO,20160211,2016-02-10,3:00 AM,Derailment,0,WICHITA,KS,26,4,Dark,Clear,Yard,Yard/switching,0,71350,10000,81350,T399,37.651858,-97.385973,33.5,42.2,38