reportingrailroadcode,accidentnumber,date,time,accidenttype,hazmatreleasedcars,station,stateabbr,temperature,visibility_code,visibility,weathercondition,tracktype,equipmenttype,trainspeed,equipmentdamagecost,trackdamagecost,totaldamagecost,primaryaccidentcausecode,latitude,longitude,prior_temp,actual_temp,following_temp
BNSF,RD0222106,2022-02-07,9:10 PM,Derailment,0,WICHITA FALLS,TX,32,4,Dark,Clear,Yard,Freight Train,6,37500,4800,42300,H303,33.929626,-98.532507,36.8,41.7,49.6
WTJR,OP60619,2019-06-06,9:30 AM,Derailment,0,WICHITA FALLS,TX,80,2,Day,Clear,Industry,Yard/switching,5,0,50000,50000,T099,34.008055,-98.555,76.7,72.9,76.8
KCS,18051701,2018-05-17,3:01 PM,Derailment,0,WICKES,AR,85,2,Day,Clear,Main,Freight Train,26,394930,961758,1356688,T108,34.299045,-94.339096,72,72.7,76.9
CSX,000214853,2023-12-01,6:05 PM,Derailment,0,WICKLIFFE,OH,45,3,Dusk,Rain,Main,,0,0,0,86330,E79L,41.611751,-81.477118,43.6,47.1,47.3
ATK,177426,2023-12-01,6:05 PM,Derailment,0,WICKLIFFE,OH,40,4,Dark,Cloudy,Main,Passenger Train - Pulling,77,86330,0,86330,E79L,41.61178,-81.4773,43.6,47.1,47.3
CSX,000151689,2015-09-03,2:50 AM,Derailment,0,WICKLIFFE,OH,80,4,Dark,Clear,Siding,Freight Train,5,8742,5881,14623,H993,41.619814,-81.461351,75.8,75.1,74.4
CSX,000181455,2019-02-18,4:08 PM,Derailment,0,WILDWOOD,FL,87,3,Dusk,Clear,Yard,Freight Train,2,16439,2235,18674,M503,28.868075,-82.03905,71.6,73.4,71.7
BNSF,SW0223106,2023-02-26,1:42 PM,Derailment,0,WILLARD,NM,41,2,Day,Clear,Main,Freight Train,3,987760,6000,993760,M105,34.658411,-105.823446,38.8,35,32.3
CSX,000159815,2016-05-16,3:30 PM,Derailment,0,WILLARD,OH,55,2,Day,Cloudy,Yard,Single Car,4,12704,100,12804,E20C,41.059857,-82.723964,43,50.3,54.8
CSX,000138974,2014-12-16,4:41 AM,Side collision,0,WILLARD,OH,46,4,Dark,Rain,Yard,Yard/switching,1,49902,500,50402,H307,41.065438,-82.756545,43.3,44,31.1
CSX,000215100,2023-12-15,4:09 AM,Other impacts,0,WILLARD,OH,38,1,Dawn,Clear,Yard,Yard/switching,1,25000,618,119721,H318,41.059877,-82.72407,34.4,40.7,42.4
CSX,000175138,2018-03-10,9:51 PM,Derailment,0,WILLARD,OH,22,4,Dark,Clear,Yard,Yard/switching,10,129096,48654,177750,E07C,41.059857,-82.723964,27.6,27.7,28.8
UP,0719ES088,2019-07-30,1:30 PM,Obstruction,0,WILLARD,UT,88,2,Day,Clear,Main,Spec. MoW Equip.,5,11857,0,11857,H995,41.29923,-113.482384,79.9,80.8,77.3
CSX,000175443,2018-03-25,5:13 PM,Other impacts,0,WILLARD,OH,35,2,Day,Cloudy,Yard,Cut of cars,4,39111,32,39143,H318,41.059857,-82.723964,30.8,31,42.2
CSX,000209882,2023-02-18,4:16 AM,Side collision,0,WILLARD,OH,23,1,Dawn,Clear,Yard,Light loco(s),8,11392,0,55449,H607,41.0599,-82.724084,27.5,31.5,44.3
CSX,000181740,2019-03-09,5:53 AM,Side collision,0,WILLARD,OH,30,1,Dawn,Cloudy,Yard,Light loco(s),5,31391,0,79682,H017,41.059857,-82.723964,27.9,34.8,41
CSX,000152411,2015-09-25,4:00 PM,Other impacts,0,WILLARD,OH,70,2,Day,Cloudy,Yard,Single Car,4,13440,0,13589,S099,41.058951,-82.718557,65.3,65.1,65.7
CSX,000138974,2014-12-16,4:41 AM,Side collision,0,WILLARD,OH,46,4,Dark,Rain,Yard,Freight Train,0,0,0,50402,H307,41.065438,-82.756545,43.3,44,31.1
CSX,000181740,2019-03-09,5:53 AM,Side collision,0,WILLARD,OH,30,1,Dawn,Cloudy,Yard,Freight Train,5,47891,400,79682,H017,41.059857,-82.723964,27.9,34.8,41
CSX,000209357,2023-01-19,7:04 PM,Other impacts,0,WILLARD,OH,40,3,Dusk,Rain,Yard,Yard/switching,1,17888,0,17888,M105,41.059877,-82.72407,37.8,44.6,34.2
CSX,000152411,2015-09-25,4:00 PM,Other impacts,0,WILLARD,OH,70,2,Day,Cloudy,Yard,Single Car,4,0,149,13589,S099,41.058951,-82.718557,65.3,65.1,65.7
CSX,000158018,2016-03-12,8:50 PM,Other impacts,0,WILLARD,OH,50,4,Dark,Cloudy,Yard,Freight Train,4,75510,1020,95729,H399,41.059857,-82.723964,40.7,45.7,49.8
CSX,000140780,2015-01-29,9:13 PM,Other impacts,0,WILLARD,OH,25,4,Dark,Cloudy,Yard,Cut of cars,4,47672,0,47672,M411,41.058951,-82.718557,15.2,31.6,18.1
CSX,000209357,2023-01-19,7:04 PM,Other impacts,0,WILLARD,OH,40,3,Dusk,Rain,Yard,Cut of cars,1,0,0,17888,M105,41.059877,-82.72407,37.8,44.6,34.2
CSX,000215211,2023-12-24,11:15 AM,Derailment,0,WILLARD,OH,53,2,Day,Clear,Yard,Freight Train,3,183535,64475,248010,H524,41.059877,-82.72407,42.6,47.1,51.2
CSX,000215100,2023-12-15,4:09 AM,Other impacts,0,WILLARD,OH,38,1,Dawn,Clear,Yard,Cut of cars,1,94103,0,119721,H318,41.059877,-82.72407,34.4,40.7,42.4
CSX,000209882,2023-02-18,4:16 AM,Side collision,0,WILLARD,OH,23,1,Dawn,Clear,Yard,Freight Train,5,44057,0,55449,H607,41.0599,-82.724084,27.5,31.5,44.3
CSX,000158018,2016-03-12,8:50 PM,Other impacts,0,WILLARD,OH,50,4,Dark,Cloudy,Yard,Cut of cars,4,19199,0,95729,H399,41.059857,-82.723964,40.7,45.7,49.8
CSX,000195996,2021-02-28,3:18 PM,Derailment,0,WILLARD,OH,57,3,Dusk,Cloudy,Yard,Yard/switching,8,103860,7408,111268,H702,41.059877,-82.72407,40,48.5,36.4
CSX,000156361,2016-01-22,2:19 AM,Other impacts,0,WILLARD,OH,25,4,Dark,Clear,Yard,Single Car,4,13425,0,13425,M204,41.059857,-82.723964,16.3,21.7,22.2
CSX,000138121,2014-11-27,2:10 PM,Derailment,0,WILLARD,OH,25,2,Day,Clear,Yard,Cut of cars,4,15021,0,15021,M101,41.063958,-82.750657,30.8,30.2,24.5
CSX,000166016,2017-01-16,7:35 PM,Other impacts,0,WILLARD,OH,38,4,Dark,Clear,Yard,Freight Train,0,0,180,35583,H021,41.059857,-82.723964,26.8,33.5,49.6
CSX,000150056,2015-07-31,3:53 AM,Derailment,0,WILLARD,OH,65,4,Dark,Clear,Yard,Cut of cars,1,32648,0,69900,H018,41.058951,-82.718557,74.8,74.4,71.7
CSX,000216358,2024-02-24,9:31 PM,Other impacts,0,WILLARD,OH,25,4,Dark,Clear,Yard,Yard/switching,3,21500,0,34000,H318,41.059877,-82.72407,42.1,24.1,33.9
CSX,000151037,2015-08-24,12:32 AM,Derailment,0,WILLARD,OH,65,4,Dark,Cloudy,Yard,Yard/switching,4,19899,2500,22399,H305,41.059837,-82.723458,70.4,65.9,60.4
CSX,000163368,2016-10-03,9:45 PM,Derailment,0,WILLARD,OH,58,4,Dark,Clear,Yard,Cut of cars,4,4669,130800,135469,H318,41.059857,-82.723964,59.8,58,62.9
CSX,000158921,2016-04-11,9:30 AM,Derailment,0,WILLARD,OH,49,2,Day,Rain,Yard,Yard/switching,5,23642,2498,26140,T221,41.059857,-82.723964,31.8,50,38.6
CSX,000150056,2015-07-31,3:53 AM,Derailment,0,WILLARD,OH,65,4,Dark,Clear,Yard,Cut of cars,0,21129,0,69900,H018,41.058951,-82.718557,74.8,74.4,71.7
CSX,000216358,2024-02-24,9:31 PM,Other impacts,0,WILLARD,OH,25,4,Dark,Clear,Yard,Single Car,3,12500,0,34000,H318,41.059877,-82.72407,42.1,24.1,33.9
CSX,000170137,2017-07-10,12:40 PM,Other impacts,0,WILLARD,OH,70,2,Day,Cloudy,Yard,Cut of cars,0,24014,0,295254,H302,41.059857,-82.723964,68.2,67.1,75.1
CSX,000166016,2017-01-16,7:35 PM,Other impacts,0,WILLARD,OH,38,4,Dark,Clear,Yard,Cut of cars,2,35403,0,35583,H021,41.059857,-82.723964,26.8,33.5,49.6
CSX,000203197,2022-02-19,5:51 PM,Derailment,0,WILLARD,OH,17,2,Day,Clear,Yard,Yard/switching,6,22847,8997,31844,H312,41.059877,-82.72407,20.9,21.3,32.2
CSX,000181409,2019-02-17,1:06 PM,Derailment,0,WILLARD,OH,48,2,Day,Clear,Yard,Freight Train,8,172960,11412,184372,T110,41.063277,-82.74352,23.5,26.1,23.4
CSX,000188953,2020-03-07,5:31 PM,Derailment,0,WILLARD,OH,41,3,Dusk,Clear,Yard,Freight Train,4,13224,2896,16120,T207,41.063277,-82.74352,34.9,33.5,46.1
CSX,000191171,2020-07-02,5:30 PM,Derailment,0,WILLARD,OH,86,3,Dusk,Clear,Yard,Freight Train,0,0,3000,50063,T110,41.063277,-82.74352,75.2,76.1,78.5
ASRY,D122417,2017-12-24,4:30 PM,Derailment,0,WILLARD,OH,32,2,Day,Cloudy,Yard,Freight Train,10,20000,80000,100000,T210,41.050329,-82.716033,32.7,28.2,18.2
WE,200062,2020-07-02,5:30 PM,Derailment,0,WILLARD,OH,86,3,Dusk,Clear,Yard,Freight Train,8,47063,0,50063,T110,41.063277,-82.74352,75.2,76.1,78.5
CSX,000190106,2020-05-07,4:23 AM,Derailment,0,WILLARD,OH,36,1,Dawn,Cloudy,Yard,Freight Train,8,171562,20592,192154,T207,41.059857,-82.723964,46.8,52.3,42
CSX,000181372,2019-02-15,3:10 AM,Side collision,0,WILLARD,OH,40,4,Dark,Cloudy,Yard,Yard/switching,10,76755,137643,457184,T207,41.063277,-82.74352,35.8,34.2,23.5
CSX,000181372,2019-02-15,3:10 AM,Side collision,0,WILLARD,OH,40,4,Dark,Cloudy,Yard,Freight Train,8,242786,0,457184,T207,41.063277,-82.74352,35.8,34.2,23.5
BNSF,SW0623102,2023-06-08,12:06 AM,Derailment,0,WILLIAMS,AZ,55,4,Dark,Clear,Main,Freight Train,40,2415852,485000,2900852,H503,35.240581,-112.124178,57.2,56.3,58.2
BNSF,SW0819109,2019-08-16,7:45 PM,Derailment,0,WILLIAMS,AZ,82,3,Dusk,Clear,Main,Freight Train,65,20000,0,464699,E53C,35.300536,-112.221371,74,70.7,70.8
BNSF,SW0819109,2019-08-16,7:45 PM,Derailment,0,WILLIAMS,AZ,82,3,Dusk,Clear,Main,Freight Train,20,34000,410699,464699,E53C,35.300536,-112.221371,74,70.7,70.8
BNSF,SW0523105,2023-05-15,11:00 AM,Other (describe in narrative),0,WILLIAMS,AZ,70,2,Day,Clear,Siding,Spec. MoW Equip.,10,0,15000,15000,H702,35.24425,-112.138625,59.4,58.8,55.4
BNSF,SW0322105,2022-03-24,11:30 PM,Derailment,0,WILLIAMS,AZ,26,4,Dark,Clear,Main,Freight Train,9,33414,10000,43414,H703,35.247059,-112.216277,43.3,46,51.2
BNSF,SW0417107,2017-04-18,11:00 AM,Obstruction,0,WILLIAMS,AZ,80,2,Day,Clear,Main,Spec. MoW Equip.,0,10000,0,14000,H402,35.275274,-112.186132,54.4,56.5,55.1
BNSF,SW0417107,2017-04-18,11:00 AM,Obstruction,0,WILLIAMS,AZ,80,2,Day,Clear,Main,Freight Train,25,4000,0,14000,H402,35.275274,-112.186132,54.4,56.5,55.1
CSX,000145948,2015-05-07,2:00 PM,Derailment,0,WILLIAMSBURG,VA,84,2,Day,Clear,Main,Spec. MoW Equip.,15,90530,2741,93271,H993,37.222578,-76.61373,73.8,71.2,71.4
NS,120185,2016-04-19,12:41 AM,Derailment,0,WILLIAMSON,WV,87,4,Dark,Clear,Yard,Freight Train,3,13167,75,13242,H306,37.672216,-82.276213,70.6,71.1,71.2
NS,116812,2015-08-05,8:15 PM,Derailment,0,WILLIAMSON,WV,68,4,Dark,Cloudy,Yard,Yard/switching,5,32250,11941,44191,H306,37.658448,-82.253871,72.4,73.8,69.2
NS,119747,2016-03-16,12:57 AM,Derailment,0,WILLIAMSON,WV,58,4,Dark,Clear,Yard,Single Car,0,100,450,32538,T207,37.658448,-82.253871,64.4,67.2,56.6
NS,121348,2016-07-21,11:00 PM,Derailment,0,WILLIAMSON,WV,72,4,Dark,Clear,Main,Freight Train,7,29045,6414,35459,T499,37.656691,-82.232218,76.9,76.4,76.2
NS,130444,2018-08-03,4:00 AM,Derailment,0,WILLIAMSON,WV,68,1,Dawn,Cloudy,Yard,Cut of cars,0,2729,8816,43421,T110,37.670868,-82.275271,70.6,73.2,75.6
NS,116478,2015-07-11,9:45 PM,Derailment,0,WILLIAMSON,WV,62,4,Dark,Clear,Yard,Freight Train,4,100975,82974,183949,T309,37.655385,-82.229261,74.9,71.5,70.9
NS,119747,2016-03-16,12:57 AM,Derailment,0,WILLIAMSON,WV,58,4,Dark,Clear,Yard,Yard/switching,4,31988,0,32538,T207,37.658448,-82.253871,64.4,67.2,56.6
NS,121371,2016-07-23,10:15 PM,Derailment,0,WILLIAMSON,WV,72,4,Dark,Cloudy,Main,Freight Train,6,14350,7113,21463,T499,37.655385,-82.229261,76.2,78.2,79.9
NS,130444,2018-08-03,4:00 AM,Derailment,0,WILLIAMSON,WV,68,1,Dawn,Cloudy,Yard,Yard/switching,4,31876,0,43421,T110,37.670868,-82.275271,70.6,73.2,75.6
NS,123207,2016-12-19,5:45 AM,Derailment,0,WILLIAMSPORT,MD,22,1,Dawn,Clear,Industry,Freight Train,6,13634,0,13634,H704,39.593071,-77.798964,38.6,27.4,25.7
NS,141346,2021-04-26,5:30 AM,Derailment,0,WILLIAMSTOWN,KY,42,1,Dawn,Clear,Main,Freight Train,43,10000,25768,35768,E61C,38.574937,-84.585461,51.9,56.6,67.7
NS,115056,2015-03-30,4:30 PM,Hwy-rail crossing,0,WILLIAMSTOWN,KY,60,3,Dusk,Clear,Main,Freight Train,43,482,24154,24636,M303,38.651937,-84.571577,37,49.8,54.4
NECR,NEC544423D,2023-09-20,2:53 AM,Derailment,0,WILLIMANTIC,CT,65,4,Dark,Cloudy,Main,Freight Train,10,10958,57497,68455,T002,41.71254,-72.21849,63.2,59.1,57.7
UP,1016KC013,2016-10-22,4:23 AM,Derailment,0,WILLIS,KS,42,4,Dark,Clear,Main,Freight Train,2,11850,0,11850,E66C,39.747154,-95.556215,49,56.2,61.1
BNSF,MT0921101,2021-09-03,11:30 AM,Derailment,0,WILLISTON,ND,75,2,Day,Clear,Main,Freight Train,9,93103,0,93103,H306,48.143441,-103.657059,65.3,61.2,63.7
BNSF,MT0215105,2015-02-18,9:35 PM,Derailment,0,WILLISTON,ND,10,4,Dark,Clear,Main,Freight Train,6,3000,130521,133521,H605,48.142997,-103.607234,3,4.9,25.2
BNSF,MT0518103,2018-05-12,10:34 AM,Other (describe in narrative),0,WILLISTON,ND,50,2,Day,Clear,Main,Freight Train,8,0,20000,20000,H702,48.144088,-103.602347,44.8,51.3,56
BNSF,MT1017101,2017-10-13,5:00 PM,Side collision,0,WILLISTON,ND,46,3,Dusk,Cloudy,Main,Freight Train,47,1248983,982030,2531542,H021,48.150048,-103.576409,42.3,35,38.9
BNSF,MT1017101,2017-10-13,5:00 PM,Side collision,0,WILLISTON,ND,46,3,Dusk,Cloudy,Main,Freight Train,5,300529,0,2531542,H021,48.150048,-103.576409,42.3,35,38.9
BNSF,MT1222101,2022-12-04,2:52 AM,Derailment,0,WILLISTON,ND,10,4,Dark,Cloudy,Main,Freight Train,0,122246,0,713171,T204,48.208359,-103.498352,1.6,17.2,12.5
BNSF,MT1222101,2022-12-04,2:52 AM,Derailment,0,WILLISTON,ND,10,4,Dark,Cloudy,Main,Freight Train,51,415925,175000,713171,T204,48.208359,-103.498352,1.6,17.2,12.5
BNSF,MT0623102,2023-06-12,1:45 PM,Derailment,0,WILLISTON,ND,85,2,Day,Clear,Main,Freight Train,24,11836,91680,103516,T109,48.133564,-103.685858,63.9,65.3,70.9
BNSF,TC1121103,2021-11-05,9:30 PM,Other impacts,0,WILLMAR,MN,40,4,Dark,Clear,Yard,Yard/switching,4,24250,0,24250,H318,45.125752,-95.031531,36.3,46.1,51.3
BNSF,TC1121109,2021-11-25,3:47 AM,Derailment,0,WILLMAR,MN,9,4,Dark,Clear,Yard,Freight Train,4,39886,0,39886,H018,45.123581,-95.046033,31.7,15,28.1
BNSF,TC0423107,2023-04-05,11:37 AM,Derailment,0,WILLMAR,MN,25,2,Day,Cloudy,Yard,Yard/switching,6,49876,0,49876,M105,45.125764,-95.031109,33.5,28,23.8
BNSF,TC0118101,2018-01-06,1:45 PM,Other impacts,0,WILLMAR,MN,10,2,Day,Cloudy,Yard,Yard/switching,5,49277,0,49277,H310,45.125733,-95.032045,-6.8,0.9,25.1
BNSF,TC0223111,2023-02-14,1:04 AM,Derailment,0,WILLMAR,MN,32,4,Dark,Clear,Yard,Freight Train,5,21034,140000,161034,E64C,45.12359,-95.045712,27.4,35.6,14
BNSF,TC0720104,2020-07-08,8:10 PM,Other (describe in narrative),0,WILLMAR,MN,78,3,Dusk,Clear,Yard,Yard/switching,4,32672,0,32672,E31C,45.123725,-95.044549,76.7,79.4,76.8
BNSF,TC0221102,2021-02-04,8:34 PM,Derailment,0,WILLMAR,MN,8,3,Dusk,Clear,Yard,Yard/switching,6,58743,1000,59743,H607,45.125812,-95.029207,24.5,15.6,6
BNSF,TC0824104,2024-08-07,11:11 PM,Derailment,0,WILLMAR,MN,68,4,Dark,Clear,Yard,Freight Train,6,816528,157057,973585,H607,45.126938,-95.019544,64.6,64.6,60.7
BNSF,TC0823116,2023-08-31,1:18 AM,Derailment,0,WILLMAR,MN,75,4,Dark,Clear,Yard,Freight Train,4,9500,2121,11621,H525,45.123158,-95.052241,70,71.1,74.5
BNSF,TC1121112,2021-11-29,1:25 AM,Derailment,0,WILLMAR,MN,36,4,Dark,Clear,Yard,Freight Train,7,18075,38000,56075,T001,45.123507,-95.048781,29,39.5,36.3
ARR,2021118,2021-08-16,1:15 PM,Obstruction,0,WILLOW,AK,60,2,Day,Clear,Main,Spec. MoW Equip.,0,9949,0,15675,H102,62.0506,-150.0763,54.9,55.4,54.4
ARR,2021118,2021-08-16,1:15 PM,Obstruction,0,WILLOW,AK,60,2,Day,Clear,Main,Spec. MoW Equip.,15,5726,0,15675,H102,62.0506,-150.0763,54.9,55.4,54.4
BNSF,TC0715108,2015-07-16,3:59 PM,Derailment,0,WILLOW CITY,ND,79,2,Day,Cloudy,Main,Freight Train,9,89999,723677,813676,M103,48.642011,-100.31611,74.2,71.7,65.3
BNSF,CH1217112,2017-12-28,6:30 PM,Derailment,0,WILLOW SPRINGS,IL,10,3,Dusk,Snow,Siding,Yard/switching,8,25787,0,25787,H309,41.754824,-87.870203,1.5,8.9,13.2
BNSF,CH0217102,2017-02-10,5:15 AM,Derailment,0,WILLOW SPRINGS,IL,25,1,Dawn,Clear,Yard,Yard/switching,8,27588,500,28088,H703,41.737905,-87.881171,18.9,30.7,42.5
BNSF,CH0724116,2024-07-31,7:50 PM,Derailment,0,WILLOW SPRINGS,IL,80,3,Dusk,Clear,Yard,Freight Train,4,11340,5000,16340,H307,41.755615,-87.863243,80.9,81.2,79.6
BNSF,CH0122114,2022-01-28,8:07 PM,Derailment,0,WILLOW SPRINGS,IL,16,3,Dusk,Snow,Yard,Freight Train,7,8600,3000,11600,M409,41.739548,-87.878611,26.4,21.2,16.9
ATK,162564,2019-12-30,7:35 PM,Hwy-rail crossing,0,WILLOW SPRINGS,IL,31,4,Dark,Cloudy,Main,Passenger Train - Pulling,79,243612,0,244105,M302,41.733115,-87.878701,54.5,33.8,27.3
IC,1022564,2019-12-30,7:37 PM,Hwy-rail crossing,0,WILLOW SPRINGS,IL,28,4,Dark,Snow,Main,,0,0,493,244105,M302,41.733115,-87.878701,54.5,33.8,27.3
BNSF,HL0819126,2019-08-23,5:40 AM,Derailment,0,WILLOW SPRINGS,MO,70,1,Dawn,Rain,Siding,Freight Train,8,100,26183,26283,H303,36.976655,-91.954872,73.7,73.6,68
BNSF,CH0917103,2017-09-01,5:00 PM,Other (describe in narrative),0,WILLOW SPRINGS,IL,51,3,Dusk,Cloudy,Main,Yard/switching,7,0,16250,16250,H403,41.72037,-87.913197,68.4,63.5,62.6
BNSF,CH0422112,2022-04-21,3:00 PM,Derailment,0,WILLOW SPRINGS,IL,67,2,Day,Clear,Yard,Yard/switching,7,12600,14651,27251,E04C,41.762551,-87.861498,48.5,58.9,53.1
BNSF,CH1117117,2017-11-30,7:00 AM,Obstruction,0,WILLOW SPRINGS,IL,40,1,Dawn,Cloudy,Yard,Freight Train,7,30000,0,30000,M404,41.750131,-87.867833,42.1,46.6,41.3
BNSF,CH0218103,2018-02-10,4:30 AM,Derailment,0,WILLOW SPRINGS,IL,17,1,Dawn,Snow,Yard,Yard/switching,3,1600,14000,15600,H307,41.752766,-87.864404,25.3,20.3,19.8
BNSF,CH0323105,2023-03-08,6:00 PM,Derailment,0,WILLOW SPRINGS,IL,41,3,Dusk,Cloudy,Yard,Yard/switching,7,22446,1000,23446,H318,41.757708,-87.867112,39.2,40.3,38.2
BNSF,CH0519106,2019-05-11,5:16 AM,Other (describe in narrative),0,WILLOW SPRINGS,IL,45,1,Dawn,Clear,Yard,Light loco(s),5,0,13200,13200,H607,41.752245,-87.865336,49.6,47.4,46.7
BNSF,CH0619119,2019-06-28,10:00 AM,Other (describe in narrative),0,WILLOW SPRINGS,IL,86,2,Day,Cloudy,Industry,Yard/switching,5,0,26683,26683,H307,41.738539,-87.880966,77.5,79.2,79.2
BNSF,HL0118114,2018-01-15,7:25 PM,Derailment,0,WILLOW SPRINGS,MO,6,3,Dusk,Clear,Main,Freight Train,37,4000,103500,107500,H995,36.930143,-91.958742,21.3,21.6,5.2
IC,984300,2019-01-14,1:05 AM,Derailment,0,WILLOW SPRINGS,IL,24,4,Dark,Cloudy,Main,Freight Train,13,256293,140607,396900,T318,41.7129,-87.9145,29.4,24.9,27.5
KO,230524002,2023-05-24,1:15 PM,Derailment,0,WILLOWBROOK,KS,82,2,Day,Clear,Main,Freight Train,7,6509,85600,92109,E86C,38.107634,-98.026094,68.6,66.9,68.3
UP,0418FW028,2018-04-18,2:40 AM,Derailment,0,WILLS POINT,TX,65,4,Dark,Clear,Main,Freight Train,40,8881,3426,12307,E29C,32.710602,-96.045713,70.6,70.8,58.3
UP,0817FW023,2017-08-14,7:35 AM,Hwy-rail crossing,0,WILLS POINT,TX,91,2,Day,Rain,Main,Freight Train,48,1324,12508,13832,M303,32.708986,-96.023311,79.5,82.2,84.7
UP,0316FW012,2016-03-16,9:27 AM,Fire/violent rupture,0,WILLS POINT,TX,69,2,Day,Clear,Main,Freight Train,30,62610,0,62610,E73L,32.712808,-96.076499,71.5,62.3,59.8
AKMD,732718D,2018-07-22,12:20 PM,Derailment,0,WILMAR,AR,95,2,Day,Clear,Main,Freight Train,10,44000,96059,140059,T202,33.630572,-91.989273,85.4,83.8,80.9
TSWS,07092022,2022-07-09,3:30 AM,Derailment,0,WILMER,TX,72,4,Dark,Clear,Yard,Light loco(s),8,5500,12500,18000,H702,32.58902,-96.68527,90.9,92.6,91.9
UP,0316FW007,2016-03-10,6:30 AM,Hwy-rail crossing,0,WILMER,TX,61,1,Dawn,Rain,Main,Freight Train,55,0,14669,14669,M303,32.59903,-96.691715,58.9,59.8,59.5
UP,0615SL003,2015-06-05,3:56 PM,Hwy-rail crossing,0,WILMINGTON,IL,75,2,Day,Clear,Main,,0,0,13993,39993,M308,41.326867,-88.140688,71.3,65.4,65.4
ATK,157715,2019-02-20,1:30 AM,Other (describe in narrative),0,WILMINGTON,DE,31,4,Dark,Cloudy,Main,Maint./inspect Car,5,23000,0,23000,H999,39.739071,-75.539787,31.7,30.6,41.5
ATK,155802,2018-10-11,4:00 PM,Derailment,0,WILMINGTON,DE,80,2,Day,Cloudy,Yard,Light loco(s),2,37460,0,37460,H099,39.747569,-75.534009,74.2,75,60.8
CSX,000200284,2021-09-23,10:30 AM,Other impacts,0,WILMINGTON,DE,72,2,Day,Rain,Yard,Yard/switching,3,100,0,21684,H310,39.759472,-75.560376,74.8,71.1,63.2
CSX,000198660,2021-07-05,6:45 PM,Derailment,0,WILMINGTON,DE,85,2,Day,Clear,Yard,Freight Train,5,26719,500,27219,H503,39.759472,-75.560376,71.6,76.8,82.4
ATK,174707,2023-05-12,5:44 PM,Fire/violent rupture,0,WILMINGTON,DE,80,2,Day,Clear,Main,Passenger Train - Pulling,0,13702,0,13702,E99C,39.738387,-75.554425,66.7,71.7,68.6
ATK,172831,2022-11-23,12:35 PM,Other (describe in narrative),0,WILMINGTON,DE,59,2,Day,Clear,Main,Passenger Train - Pulling,83,18789,16790,35579,E78L,39.748006,-75.521845,40.2,43.9,43.1
CSX,000190739,2020-06-11,1:20 AM,Derailment,0,WILMINGTON,DE,80,4,Dark,Rain,Yard,Yard/switching,4,35174,1000,36174,H704,39.759472,-75.560376,78.6,76,75.9
CSX,000200284,2021-09-23,10:30 AM,Other impacts,0,WILMINGTON,DE,72,2,Day,Rain,Yard,Cut of cars,4,21584,0,21684,H310,39.759472,-75.560376,74.8,71.1,63.2
ATK,151334,2018-01-05,4:20 PM,Derailment,0,WILMINGTON,DE,14,2,Day,Clear,Yard,Light loco(s),5,10889,0,10889,H703,39.739071,-75.539787,23.1,13.3,11
CSX,000148403,2015-06-25,5:00 AM,Derailment,0,WILMINGTON,DE,78,1,Dawn,Clear,Yard,Freight Train,6,108718,5240,113958,M204,39.759513,-75.560275,74.2,72.2,71.9
CSX,000209738,2023-02-10,8:30 PM,Derailment,0,WILMINGTON,DE,45,4,Dark,Cloudy,Industry,Yard/switching,7,31288,0,31288,H306,39.759497,-75.560413,45.3,54.5,41.4
ESPN,ESPN122020,2020-12-15,5:30 PM,Derailment,0,WILMINGTON,DE,28,4,Dark,Cloudy,Main,Freight Train,10,0,15000,15000,H699,39.831945,-75.581667,39.1,33.3,30.5
ATK,153861,2018-06-19,5:30 PM,Derailment,0,WILMINGTON,DE,87,2,Day,Clear,Yard,Light loco(s),3,37540,4900,42440,H303,39.74198,-75.522161,80.9,81.4,75.6
ATK,158740,2019-04-30,12:52 PM,Other (describe in narrative),0,WILMINGTON,DE,70,2,Day,Clear,Main,Passenger Train - Pulling,0,14021,0,14021,E78L,39.736,-75.5504,50.7,62.1,57.5
CSX,000160226,2016-06-01,10:55 AM,Other impacts,0,WILMINGTON,DE,82,2,Day,Clear,Yard,Yard/switching,4,9769,989,35884,H306,39.758747,-75.56188,77.3,74.6,71.1
NS,118538,2015-12-11,7:00 AM,Other (describe in narrative),0,WILMINGTON,DE,37,1,Dawn,Clear,Industry,Single Car,5,200,0,23200,H022,39.753214,-75.504967,50.9,49.2,54.5
ATK,177960,2024-01-12,5:50 PM,Other (describe in narrative),0,WILMINGTON,DE,30,4,Dark,Rain,Main,Passenger Train - Pulling,0,13760,16790,30550,E78L,39.759727,-75.488955,41.7,40.6,46.8
CSX,000160226,2016-06-01,10:55 AM,Other impacts,0,WILMINGTON,DE,82,2,Day,Clear,Yard,Cut of cars,0,25126,0,35884,H306,39.758747,-75.56188,77.3,74.6,71.1
ATK,145481,2016-12-12,5:00 PM,Other (describe in narrative),0,WILMINGTON,DE,35,4,Dark,Clear,Yard,Light loco(s),3,11768,0,11768,H311,39.725058,-75.574084,30.9,41.8,38.2
CSX,000192664,2020-09-16,1:25 PM,Other impacts,0,WILMINGTON,DE,76,2,Day,Clear,Yard,Single Car,3,4000,0,14516,H318,39.759472,-75.560376,58.5,60.4,67.4