reportingrailroadcode,accidentnumber,date,time,accidenttype,hazmatreleasedcars,station,stateabbr,temperature,visibility_code,visibility,weathercondition,tracktype,equipmenttype,trainspeed,equipmentdamagecost,trackdamagecost,totaldamagecost,primaryaccidentcausecode,latitude,longitude,prior_temp,actual_temp,following_temp
CSX,000161547,2016-07-22,10:00 PM,Other impacts,0,WILMINGTON,DE,86,4,Dark,Clear,Yard,Yard/switching,5,79696,0,89984,H318,39.759472,-75.560376,77.3,81.1,83.1
CSX,000211009,2023-04-26,10:30 PM,Derailment,0,WILMINGTON,DE,50,4,Dark,Clear,Yard,Freight Train,4,31865,0,99627,M599,39.759497,-75.560413,50.3,51.9,55
CSX,000192664,2020-09-16,1:25 PM,Other impacts,0,WILMINGTON,DE,76,2,Day,Clear,Yard,Single Car,3,10516,0,14516,H318,39.759472,-75.560376,58.5,60.4,67.4
CSX,000211009,2023-04-26,10:30 PM,Derailment,0,WILMINGTON,DE,50,4,Dark,Clear,Yard,Cut of cars,0,65746,2016,99627,M599,39.759497,-75.560413,50.3,51.9,55
CSX,000180787,2019-01-15,7:15 PM,Derailment,0,WILMINGTON,DE,28,4,Dark,Clear,Yard,Yard/switching,9,166209,2000,168209,E46C,39.759472,-75.560376,27,27.4,30.9
CSX,000161547,2016-07-22,10:00 PM,Other impacts,0,WILMINGTON,DE,86,4,Dark,Clear,Yard,Single Car,5,10288,0,89984,H318,39.759472,-75.560376,77.3,81.1,83.1
CSX,000171766,2017-09-20,3:45 PM,Derailment,0,WILMINGTON,DE,82,3,Dusk,Clear,Yard,Yard/switching,4,47352,2645,49997,H702,39.759472,-75.560376,73.9,76.7,76.5
MBTA,7096,2018-04-26,6:45 AM,Other (describe in narrative),0,WILMINGTON,MA,53,4,Dark,Fog,Main,Passenger Train - Pulling,70,23612,0,23612,M404,42.584334,-71.167824,52.6,58.3,51.3
MBTA,7085,2018-03-08,6:30 AM,Derailment,0,WILMINGTON,MA,35,1,Dawn,Snow,Main,Passenger Train - Pushing,20,61321,2019,63340,M101,42.544053,-71.171345,34.6,33.1,32.1
MBTA,7072,2017-11-20,8:22 AM,Derailment,0,WILMINGTON,MA,38,2,Day,Clear,Main,Passenger Train - Pushing,12,42696,1657,44353,H605,42.581217,-71.168538,49,37.2,46.1
MBTA,2024079,2024-04-10,3:00 PM,Other impacts,0,WILMINGTON,MA,80,2,Day,Clear,Main,,10,0,39817,39817,H999,0,0,50,47.6,46.2
CSX,000171098,2017-08-21,5:34 PM,Side collision,0,WILMINGTON,NC,80,2,Day,Clear,Industry,Freight Train,6,196990,0,205890,H702,34.362119,-77.862867,80.9,80.5,82
CSX,000140086,2015-01-15,8:00 PM,Derailment,0,WILMINGTON,NC,42,4,Dark,Cloudy,Yard,Yard/switching,4,65488,602,66090,T221,34.275186,-78.047045,35.6,40.7,44.6
WTRY,WTR434519,2019-06-24,11:29 AM,Derailment,0,WILMINGTON,NC,92,2,Day,Clear,Yard,Yard/switching,6,1147,26407,27554,M507,34.196169,-77.949198,74.5,79.4,85.1
WTRY,WTR605920,2020-05-28,9:50 AM,Derailment,0,WILMINGTON,NC,79,2,Day,Cloudy,Yard,Yard/switching,7,5855,22687,28542,E39C,34.201914,-77.952005,73,77,77.2
MBTA,YR202205,2022-01-21,5:51 PM,Hwy-rail crossing,0,WILMINGTON,MA,15,4,Dark,Clear,Main,Passenger Train - Pushing,47,32981,0,32981,M399,42.569286,-71.159347,32.7,13,15.4
ATK,137689,2015-06-05,3:56 PM,Hwy-rail crossing,0,WILMINGTON,IL,80,2,Day,Clear,Main,Passenger Train - Pulling,52,26000,0,39993,M308,41.326867,-88.140688,71.3,65.4,65.4
ATK,140059,2015-11-17,8:50 AM,Other (describe in narrative),0,WILMINGTON,DE,48,2,Day,Clear,Main,Passenger Train - Pulling,90,11524,3500,15024,T404,39.733091,-75.566832,54.1,49.5,53.5
ATK,154881,2018-08-16,10:40 PM,Other (describe in narrative),0,WILMINGTON,DE,85,4,Dark,Clear,Main,Work train,79,11798,9235,21033,T404,39.748006,-75.521845,78.9,80.3,82.8
CSX,000212167,2023-07-07,6:29 AM,Derailment,0,WILMINGTON,DE,80,1,Dawn,Cloudy,Yard,Freight Train,4,19305,1096,20401,T403,39.759473,-75.560403,81.8,81.2,81.3
ATK,154729,2018-08-09,7:30 PM,Other (describe in narrative),0,WILMINGTON,DE,80,3,Dusk,Clear,Yard,Light loco(s),5,9790,1584,11374,T404,39.739072,-75.539788,81.6,79.7,80.6
CSX,000207503,2022-09-25,10:50 PM,Derailment,0,WILMINGTON,DE,58,4,Dark,Rain,Yard,Freight Train,7,331747,84384,416131,T207,39.759473,-75.560403,57.5,64.4,67.4
ESPN,ESPN10221,2022-10-13,3:00 PM,Derailment,0,WILMINGTON,DE,70,2,Day,Cloudy,Main,Freight Train,10,78000,15000,93000,T110,39.789722,-75.588055,58,64.3,59.6
ATK,135995,2015-01-20,5:17 AM,Other (describe in narrative),0,WILMINGTON,DE,32,4,Dark,Clear,Main,Passenger Train - Pulling,110,9630,3798,13428,T404,39.740178,-75.536048,37.9,36.5,30.1
WTRY,WTR693520,2020-11-19,7:55 AM,Derailment,0,WILMINGTON,NC,45,1,Dawn,Clear,Yard,Yard/switching,3,40000,7647,47647,T202,34.193374,-77.949744,44.3,46.6,56.3
NS,126392,2017-08-26,3:45 AM,Other impacts,0,WILMORE,KY,73,4,Dark,Clear,Main,Freight Train,40,11087,0,11187,E89C,37.791745,-84.726513,66.4,67.2,70
NS,126392,2017-08-26,3:45 AM,Other impacts,0,WILMORE,KY,73,4,Dark,Clear,Main,Freight Train,0,100,0,11187,E89C,37.791745,-84.726513,66.4,67.2,70
UP,0921MA007,2021-09-06,8:37 AM,Hwy-rail crossing,0,WILMOT,AR,72,2,Day,Cloudy,Main,Freight Train,51,11633,400,12033,M308,33.00693,-91.623615,80.4,76.4,73.7
UP,0716LK014,2016-07-18,9:12 AM,Hwy-rail crossing,0,WILMOT,AR,95,2,Day,Clear,Main,Freight Train,50,9830,61165,70995,M303,33.059868,-91.573379,84,84.2,84.3
BNSF,NW0720114,2020-07-27,8:20 PM,Rear end collision,0,WILSON CREEK,WA,100,3,Dusk,Clear,Main,Spec. MoW Equip.,12,250,0,75250,H997,47.426041,-119.264702,80.3,82.6,84.4
NS,134109,2019-05-26,4:45 PM,Derailment,0,WILSONS MILLS,NC,72,3,Dusk,Clear,Siding,Freight Train,34,74200,205732,279932,T108,35.601203,-78.384392,80.4,82.3,78.5
NS,126795,2017-09-27,8:30 AM,Hwy-rail crossing,0,WILTON,AL,80,2,Day,Clear,Main,Freight Train,28,470976,150066,621042,M308,33.14252,-86.684359,76.5,76.8,78.4
KCS,21082001,2021-08-20,4:49 PM,Hwy-rail crossing,0,WILTON,AR,95,2,Day,Clear,Main,Freight Train,20,2727186,320048,3047234,M302,33.75713,-94.19112,77.2,83.4,84.4
IAIS,2020010,2020-03-24,2:05 AM,Derailment,0,WILTON,IA,37,4,Dark,Clear,Industry,Yard/switching,8,45080,5800,50880,T110,41.583749,-91.038368,34.9,40.4,44.1
DMVW,DE121721,2021-12-17,2:50 AM,Derailment,0,WILTON,ND,5,4,Dark,Clear,Main,Freight Train,25,97141,6574,103715,T299,47.210011,-100.859248,5.8,5.9,1.1
DMVW,DE542021,2021-05-04,5:10 AM,Derailment,0,WILTON,ND,24,4,Dark,Clear,Main,Freight Train,25,445,56542,56987,T299,47.210014,-100.859258,46.8,42.1,46.5
FEC,X16033122,2022-03-31,3:20 PM,Hwy-rail crossing,0,WILTON MANOR,FL,87,2,Day,Clear,Main,,0,0,70000,95000,M308,26.159534,-80.131085,77.9,79.3,80.8
BLF,20220383,2022-03-31,3:20 PM,Hwy-rail crossing,0,WILTON MANOR,FL,87,2,Day,Clear,Main,Passenger Train - Pulling,60,25000,0,95000,M308,26.159534,-80.131085,77.9,79.3,80.8
CSX,000194231,2020-12-03,2:32 AM,Derailment,0,WINCHESTER,TN,45,4,Dark,Clear,Main,Freight Train,17,58322,25298,83620,M101,35.152384,-85.975328,30.6,42.1,43.6
CSX,000213053,2023-08-23,10:12 AM,Hwy-rail crossing,0,WINDBER,PA,67,2,Day,Clear,Main,Freight Train,23,109251,0,109251,M302,40.243384,-78.88221,66.5,62.6,70.3
ATK,151068,2017-12-20,7:42 AM,Hwy-rail crossing,0,WINDCREST,TX,50,1,Dawn,Fog,Main,Passenger Train - Pulling,40,23820,0,24036,M302,29.503273,-98.399888,62.3,58.4,61.2
CSX,000167591,2017-03-20,12:10 AM,Derailment,0,WINDER,GA,48,4,Dark,Clear,Main,Freight Train,45,203634,639,204273,E30C,33.977243,-83.645691,52.7,56.3,69.3
CSX,000200712,2021-10-17,12:03 PM,Hwy-rail crossing,0,WINDER,GA,75,2,Day,Clear,Main,Freight Train,44,9800,32028,41828,M304,33.992224,-83.768983,65.1,55.6,55.8
CSX,000181432,2019-02-17,4:39 PM,Hwy-rail crossing,0,WINDER,GA,50,3,Dusk,Rain,Main,Freight Train,44,0,30941,30941,M303,33.991388,-83.72252,57.1,44.6,49.4
CSX,000178508,2018-08-31,3:45 PM,Derailment,0,WINDER,GA,88,2,Day,Clear,Main,Freight Train,39,58380,2187,60567,E21C,33.978088,-83.659568,78.9,77.1,78.5
ATK,176378,2023-09-13,10:53 AM,Obstruction,0,WINDSOR,CT,67,2,Day,Rain,Main,Passenger Train - Pushing,76,29344,687,30031,M404,41.838116,-72.645124,73.9,69.1,67.4
ATK,180899,2024-06-26,10:47 PM,Obstruction,0,WINDSOR,CT,69,4,Dark,Rain,Main,Passenger Train - Pulling,75,31110,0,31110,M404,41.838116,-72.645124,77.9,80.1,74
GWR,GWR233341,2023-07-16,8:30 AM,Other impacts,0,WINDSOR,CO,70,2,Day,Clear,Siding,Yard/switching,3,23000,0,23000,H318,40.474535,-104.879939,70.7,73.7,78.2
GWR,GWR212963,2021-06-24,7:00 AM,Derailment,0,WINDSOR,CO,70,2,Day,Clear,Industry,Yard/switching,5,74000,113000,187000,H702,40.463741,-104.860916,78.6,75.1,65.3
ATK,177994,2024-01-13,8:34 AM,Obstruction,0,WINDSOR,WI,20,2,Day,Snow,Main,Passenger Train - Pulling,43,34035,0,34035,M404,42.72151,-87.90607,29.2,18.4,-3.7
ATK,155418,2018-09-21,6:34 PM,Obstruction,0,WINDSOR,VT,63,2,Day,Clear,Main,Passenger Train - Pulling,79,11437,0,11437,M404,43.592525,-72.34745,59.7,61.4,60
NS,151573,2022-11-28,1:50 PM,Hwy-rail crossing,0,WINDSOR,VA,45,2,Day,Clear,Main,Yard/switching,40,38,15504,15542,M303,36.811696,-76.750947,56.3,56.1,45.8
GWR,GWRC161534,2016-07-22,11:00 PM,Derailment,0,WINDSOR,CO,71,4,Dark,Clear,Main,Cut of cars,20,100144,10244,110388,H318,40.47,-104.887875,72.4,77.4,79.6
GWR,GWRC182257,2018-09-30,7:12 PM,Derailment,0,WINDSOR,CO,60,4,Dark,Clear,Main,Freight Train,10,352000,101000,453000,T202,40.483081,-104.909105,54.8,47.9,54.3
GWR,GWRC182348,2018-12-22,11:20 PM,Derailment,0,WINDSOR,CO,18,4,Dark,Clear,Main,Freight Train,10,526000,53000,579000,T202,40.498847,-104.934617,37.4,31.7,26.5
NS,126244,2017-08-15,7:50 PM,Derailment,0,WINDSOR HEIGHTS,OH,80,3,Dusk,Clear,Siding,,0,0,0,37347,E64L,40.208862,-80.67064,68,71,68.9
CSO,CSO221122A,2022-10-12,3:00 AM,Other (describe in narrative),0,WINDSOR LOCKS,CT,47,4,Dark,Cloudy,Yard,Freight Train,9,0,0,32200,H702,41.938064,-72.625389,53.4,57,62.3
ATK,172425,2022-10-12,3:00 AM,Other (describe in narrative),0,WINDSOR LOCKS,CT,40,4,Dark,Clear,Siding,,0,0,32200,32200,H702,41.936539,-72.626196,53.4,57,62.3
SKOL,190501004,2019-05-01,10:00 PM,Derailment,0,WINFIELD,KS,50,4,Dark,Clear,Main,Freight Train,7,6376,30000,36376,T113,37.267208,-97.138099,55.9,58.3,56.3
SKOL,210414002,2021-04-14,4:30 PM,Derailment,0,WINFIELD,KS,64,2,Day,Clear,Yard,Freight Train,3,38667,17800,56467,T314,37.2443,-97.009,51.5,53.1,50.9
SKOL,IN190508,2019-05-08,10:00 AM,Other (describe in narrative),0,WINFIELD,KS,70,2,Day,Rain,Yard,Cut of cars,0,250000,2500000,5250000,T002,37.24491,-97.010243,66.6,61.4,47.9
SKOL,IN190508,2019-05-08,8:00 AM,Other (describe in narrative),0,WINFIELD,KS,70,2,Day,Rain,Yard,Freight Train,5,0,2500000,5250000,T002,37.24491,-97.010243,66.6,61.4,47.9
CSX,000209358,2023-01-19,10:42 AM,Hwy-rail crossing,0,WINGATE,NC,60,2,Day,Clear,Main,Freight Train,31,12866,8178,21044,M303,34.983368,-80.449056,56.1,62.4,54.3
CSX,000211720,2023-06-08,5:06 PM,Hwy-rail crossing,0,WINGATE,NC,85,3,Dusk,Clear,Main,Freight Train,47,12509,0,12509,M302,34.983368,-80.449056,69.2,68.7,68.4
TXN,181020001,2018-10-20,1:40 AM,Derailment,0,WINK,TX,47,4,Dark,Clear,Main,Freight Train,9,587398,5000,592398,T211,31.730082,-103.088658,55,60.8,57.7
TXN,220308001,2022-03-08,3:40 AM,Derailment,0,WINK,TX,32,4,Dark,Clear,Main,Freight Train,10,9200,113000,122200,T202,31.791176,-103.119658,39.9,41.7,48.7
NS,124000,2017-02-15,5:25 PM,Other impacts,0,WINNSBORO,SC,57,3,Dusk,Clear,Main,Spec. MoW Equip.,2,30000,0,33373,H997,34.419507,-81.099089,54.2,52.8,45.9
NS,124000,2017-02-15,5:25 PM,Other impacts,0,WINNSBORO,SC,57,3,Dusk,Clear,Main,Spec. MoW Equip.,15,3373,0,33373,H997,34.419507,-81.099089,54.2,52.8,45.9
KCS,15122803,2015-12-28,9:50 AM,Derailment,0,WINNSBORO,TX,40,2,Day,Clear,Main,Freight Train,40,35975,170773,206748,T002,32.9675,-95.205833,59.9,41.1,39.1
BNSF,SW1219110,2019-12-20,1:15 PM,Derailment,0,WINONA,AZ,42,2,Day,Clear,Industry,Freight Train,5,11831,800,12631,H703,35.204381,-111.406295,26.9,32.4,33.1
CP,1000656068,2017-11-19,10:40 AM,Derailment,0,WINONA,MN,37,2,Day,Cloudy,Yard,Yard/switching,9,192961,5458,198419,T221,43.84769,-91.297749,35.5,29.5,43
UP,0823PR008,2023-08-11,10:30 AM,Derailment,0,WINONA,MN,72,2,Day,Clear,Yard,Yard/switching,4,1888,17202,19090,T110,44.057364,-91.64674,70.6,72.2,70.9
BNSF,SW0517104,2017-05-09,2:55 AM,Derailment,0,WINSLOW,AZ,53,4,Dark,Cloudy,Siding,Light loco(s),9,9090,2500,11590,H607,34.969541,-110.530579,56,50.5,52.8
BNSF,SW1221102,2021-12-07,5:22 AM,Derailment,0,WINSLOW,AZ,25,1,Dawn,Clear,Yard,Freight Train,5,159512,14800,174312,H307,35.023035,-110.702796,43.1,48.6,45.1
BNSF,SW0520103,2020-05-21,1:10 AM,Derailment,0,WINSLOW,AZ,45,4,Dark,Clear,Yard,Freight Train,10,99468,10000,125666,M503,35.031406,-110.724978,58.9,60.8,64.2
BNSF,SW0720103,2020-07-06,5:30 AM,Derailment,0,WINSLOW,AZ,80,1,Dawn,Clear,Main,Freight Train,4,465726,300000,765726,H519,34.991644,-110.591891,82.1,82.8,81.6
BNSF,SW0520103,2020-05-21,1:10 AM,Derailment,0,WINSLOW,AZ,45,4,Dark,Clear,Yard,Freight Train,0,16198,0,125666,M503,35.031406,-110.724978,58.9,60.8,64.2
BNSF,SW0121106,2021-01-24,12:57 PM,Derailment,0,WINSLOW,AZ,42,2,Day,Cloudy,Main,Freight Train,0,220000,0,1313341,E53C,34.967562,-110.48756,42.9,36.3,34.2
BNSF,SW0620102,2020-06-07,9:43 AM,Derailment,0,WINSLOW,AZ,84,2,Day,Clear,Yard,Yard/switching,8,82377,22000,104377,H307,35.027896,-110.714095,75.3,69,64.4
BNSF,SW0615105,2015-06-16,1:39 PM,Derailment,0,WINSLOW,AZ,92,2,Day,Clear,Yard,Freight Train,8,25000,6509,31509,T221,35.027636,-110.712084,77.5,82.4,80.7
BNSF,SW0121106,2021-01-24,12:57 PM,Derailment,0,WINSLOW,AZ,42,2,Day,Cloudy,Main,Freight Train,19,640341,453000,1313341,E53C,34.967562,-110.48756,42.9,36.3,34.2
BNSF,SW1216102,2016-12-10,2:30 PM,Derailment,0,WINSLOW,AZ,60,2,Day,Clear,Yard,Freight Train,9,15385,250,15635,H607,35.030056,-110.720732,37.4,41.7,49.4
NS,121521,2016-08-02,12:50 PM,Hwy-rail crossing,0,WINSLOW,IN,88,2,Day,Clear,Main,Freight Train,0,2912,10000,12912,M308,38.398004,-87.223707,76,77.7,78.6
BNSF,SW0819111,2019-08-24,6:33 AM,Derailment,0,WINSLOW,AZ,78,1,Dawn,Clear,Yard,Freight Train,5,57654,12500,70154,H607,35.02231,-110.700222,81.9,81.5,82.8
BNSF,SW0116106,2016-01-24,5:00 PM,Derailment,0,WINSLOW,AZ,55,2,Day,Clear,Yard,Freight Train,5,18373,250,18623,H307,35.028721,-110.715035,39.7,37.8,33.4
BNSF,SW0122102,2022-01-04,2:20 AM,Derailment,0,WINSLOW,AZ,25,4,Dark,Clear,Yard,Freight Train,5,11250,35000,46250,H307,35.026173,-110.710179,22.6,33.5,36.1
BNSF,SW1116106,2016-11-26,7:20 AM,Derailment,0,WINSLOW,AZ,31,4,Dark,Clear,Yard,Freight Train,4,28379,18000,46379,H607,35.022241,-110.700016,32.5,37.4,41.5
BNSF,SW0520102,2020-05-19,6:00 AM,Derailment,0,WINSLOW,AZ,60,1,Dawn,Clear,Yard,Freight Train,5,30476,500,30976,T111,35.029459,-110.718076,69.7,67.4,58.9
BNSF,SW0424109,2024-04-22,11:08 AM,Derailment,0,WINSLOW,AZ,58,2,Day,Clear,Yard,Freight Train,10,52500,12205,64705,T205,35.02693,-110.712315,65.6,68.8,67.3
BNSF,SW1220106,2020-12-15,7:00 AM,Derailment,0,WINSLOW,AZ,18,1,Dawn,Clear,Yard,Freight Train,6,13919,1000,14919,T307,35.031634,-110.725298,32.2,25.8,24.8
BNSF,SW1122111,2022-11-29,5:20 AM,Derailment,0,WINSLOW,AZ,32,1,Dawn,Clear,Yard,Freight Train,8,91079,20000,111079,T207,35.031423,-110.724987,40.6,43.2,34.9
BNSF,SW0319104,2019-03-05,5:43 AM,Derailment,0,WINSLOW,AZ,58,1,Dawn,Clear,Yard,Freight Train,5,22444,30000,52444,T307,35.031618,-110.725292,50.1,50.4,58.9
MRL,2017164,2017-12-29,4:37 AM,Other (describe in narrative),0,WINSTON,MT,-5,4,Dark,Snow,Main,Freight Train,5,0,13000,13000,H702,46.46,-111.64,12.5,1.1,-4.7
MRL,2022053,2022-08-05,8:30 AM,Other impacts,0,WINSTON,MT,70,2,Day,Clear,Main,Spec. MoW Equip.,20,25500,0,35500,H997,46.425405,-111.625862,80.4,75.9,63.7
MRL,2022053,2022-08-05,8:30 AM,Other impacts,0,WINSTON,MT,70,2,Day,Clear,Main,Spec. MoW Equip.,28,10000,0,35500,H997,46.425405,-111.625862,80.4,75.9,63.7
CORP,COR725318D,2018-07-12,2:03 PM,Derailment,0,WINSTON,OR,92,2,Day,Clear,Main,Freight Train,11,10000,35000,45000,M599,43.120684,-123.383869,73.1,80.4,78.7
NS,140400,2021-01-26,8:40 AM,Obstruction,0,WINSTON SALEM,NC,35,2,Day,Cloudy,Siding,Spec. MoW Equip.,3,0,0,14000,H997,36.146337,-80.26014,42.2,39,48.5
NS,140400,2021-01-26,8:40 AM,Obstruction,0,WINSTON SALEM,NC,35,2,Day,Cloudy,Siding,Spec. MoW Equip.,0,14000,0,14000,H997,36.146337,-80.26014,42.2,39,48.5
YVRR,110223,2023-11-02,6:45 AM,Derailment,0,WINSTON SALEM,NC,28,1,Dawn,Fog,Main,Freight Train,18,350000,25000,375000,T221,36.201797,-80.291191,41.6,39.9,45.2
NS,114509,2015-02-24,8:15 PM,Derailment,0,WINSTON-SALEM,NC,25,4,Dark,Cloudy,Yard,Freight Train,6,4200,20862,25062,T110,36.128758,-80.233452,40.6,26,34
UP,0816DV024,2016-08-25,8:53 AM,Other impacts,0,WINTER PARK,CO,80,2,Day,Clear,Yard,Single Car,0,11430,0,11430,M411,39.796479,-104.953429,56.7,53.4,54.8
CFRC,15281,2015-10-08,8:10 AM,Raking collision,0,WINTER PARK,FL,92,2,Day,Clear,Main,Commuter Train - Pulling,28,17370,0,17370,M402,28.604117,-81.352867,75.2,76.8,78.8
UP,0718PR025,2018-07-25,11:20 AM,Fire/violent rupture,0,WINTHROP HARBOR,IL,85,2,Day,Clear,Main,Freight Train,20,10889,0,10889,M406,42.482419,-87.816241,71.8,74.5,72.5
WC,1132478,2023-05-05,1:10 PM,Side collision,0,WISCONSIN RAPIDS,WI,50,2,Day,Cloudy,Yard,Yard/switching,3,27847,0,31977,H318,44.405826,-89.834518,58.9,54.3,55.5
WC,937603,2017-09-30,10:15 PM,Derailment,0,WISCONSIN RAPIDS,WI,54,4,Dark,Clear,Yard,Freight Train,6,19341,2902,22243,H508,44.413375,-89.845376,54.1,53.6,58.4
WC,1132478,2023-05-05,1:10 PM,Side collision,0,WISCONSIN RAPIDS,WI,50,2,Day,Cloudy,Yard,Light loco(s),0,4130,0,31977,H318,44.405826,-89.834518,58.9,54.3,55.5
WC,986645,2019-02-04,8:47 AM,Derailment,0,WISCONSIN RAPIDS,WI,30,2,Day,Cloudy,Yard,Freight Train,1,25000,450,25450,M599,44.413275,-89.845593,40.2,32.2,17.4
CSX,000156500,2016-01-26,8:56 AM,Derailment,0,WOLF COAL,KY,25,2,Day,Cloudy,Main,Freight Train,30,709387,0,709387,M101,37.397797,-83.379772,37.7,41.6,31.1
CORP,COR560323D,2023-10-09,2:23 AM,Derailment,0,WOLF CREEK,OR,55,4,Dark,Rain,Main,Freight Train,14,96161,101000,197161,E4TC,42.697008,-123.3948,63.6,51.1,45.4
UP,1020MA010,2020-10-06,11:19 AM,Hwy-rail crossing,0,WOLF LAKE,IL,65,2,Day,Clear,Main,Freight Train,47,42148,0,42148,M302,37.4751,-89.410282,47.2,55.8,65.4
BNSF,MT0717106,2017-07-12,2:30 AM,Derailment,0,WOLF POINT,MT,62,4,Dark,Clear,Industry,Freight Train,6,73140,20000,93140,T309,48.094961,-105.62486,75.7,67.4,76.6
BNSF,TC0317100,2017-03-13,1:00 PM,Derailment,0,WOLSEY,SD,11,2,Day,Clear,Main,Yard/switching,11,71000,250,71250,H307,44.631503,-98.504869,17.8,11.7,17.6
RCPE,RCP358323D,2023-03-18,6:00 PM,Derailment,0,WOLSEY,SD,15,2,Day,Clear,Main,Freight Train,40,182000,151012,333012,T204,44.432203,-98.581234,12.8,9.9,23.5
UP,0216SL012,2016-02-28,8:30 PM,Fire/violent rupture,0,WOOD RIVER,IL,58,4,Dark,Cloudy,Main,Freight Train,50,34111,0,34111,E73L,38.872132,-90.109772,44,55.9,49.1
NS,123095,2016-12-11,4:50 AM,Derailment,0,WOODBOURNE,PA,28,1,Dawn,Clear,Yard,Freight Train,7,26434,20466,46900,H303,40.191353,-74.883778,31,30,40.5
CRSH,146837,2024-03-01,7:50 AM,Derailment,0,WOODBRIDGE,NJ,38,1,Dawn,Clear,Yard,Yard/switching,5,39122,10647,49769,T220,40.567988,-74.248719,36.8,37.9,46.5
CRSH,140234,2021-01-12,2:00 AM,Other impacts,0,WOODBRIDGE,NJ,30,4,Dark,Clear,Yard,Yard/switching,5,33185,0,101539,H318,40.56641,-74.251472,31.2,35,37.1
ATK,143486,2016-07-27,5:25 PM,Other (describe in narrative),0,WOODBRIDGE,NJ,85,3,Dusk,Clear,Main,Passenger Train - Pulling,60,20259,0,20259,E78L,40.554593,-74.344133,82,82.4,81.8
GTW,1079509,2021-08-11,3:30 PM,Derailment,0,WOODHAVEN,MI,80,2,Day,Rain,Yard,Single Car,0,48264,0,48264,M105,42.120386,-83.248103,80.4,76.3,76.8
GTW,1079509,2021-08-11,3:30 PM,Derailment,0,WOODHAVEN,MI,80,2,Day,Rain,Yard,Yard/switching,4,0,0,48264,M105,42.120386,-83.248103,80.4,76.3,76.8
CSX,000191549,2020-07-22,9:15 AM,Fire/violent rupture,0,WOODLAND,GA,86,2,Day,Clear,Main,Light loco(s),5,18459,0,18459,E73L,32.812399,-84.55368,82,82.3,80.1
CSX,000197021,2021-04-13,11:45 PM,Fire/violent rupture,0,WOODLAND,GA,64,4,Dark,Clear,Main,Freight Train,25,12058,0,12058,E04L,32.820585,-84.56775,66.6,68.6,68.1
ATK,168668,2021-10-11,12:50 PM,Derailment,0,WOODLAND,WA,57,2,Day,Cloudy,Main,Passenger Train - Pulling,4,116340,0,118140,H702,45.880974,-122.753555,52.6,46.6,43.9
BNSF,NW1021110,2021-10-11,12:50 PM,Derailment,0,WOODLAND,WA,57,2,Day,Clear,Main,,0,0,1800,118140,H702,45.876767,-122.753253,52.6,46.6,43.9
CSX,000156336,2016-01-24,5:36 AM,Derailment,0,WOODLAND,GA,23,1,Dawn,Clear,Main,Freight Train,23,268636,50069,318705,T207,32.811216,-84.552571,32.6,34.7,42.4
UP,0516ES008,2016-05-29,10:50 AM,Obstruction,0,WOODLAWN,TX,68,2,Day,Clear,Main,Spec. MoW Equip.,15,0,99,10599,H212,32.644124,-94.354925,74.6,76.1,75.8
UP,0516ES008,2016-05-29,10:50 AM,Obstruction,0,WOODLAWN,TX,68,2,Day,Clear,Main,Spec. MoW Equip.,0,10500,0,10599,H212,32.644124,-94.354925,74.6,76.1,75.8
BNSF,CH1120115,2020-11-30,11:05 AM,Derailment,0,WOODLAWN,IL,30,2,Day,Cloudy,Main,Freight Train,37,47012,10000,57012,T204,38.294855,-89.035199,40.2,33.3,29.1
UP,0819MA023,2019-08-10,4:04 PM,Derailment,0,WOODLAWN,TX,97,2,Day,Clear,Main,Freight Train,29,439432,43087,482519,T102,32.650345,-94.350676,85,83.5,84.4
UFRC,1225141,2014-12-25,3:21 AM,Hwy-rail crossing,0,WOODS CROSS,UT,28,4,Dark,Snow,Main,Maint./inspect Car,5,13000,0,13000,M399,40.851409,-111.909334,35.7,30.6,25.3
UFRC,10111801,2018-10-11,7:24 AM,Hwy-rail crossing,0,WOODS CROSS,UT,40,1,Dawn,Clear,Main,Commuter Train - Pushing,78,58120,0,58120,M302,40.841855,-111.916938,44.2,46.4,47.4
KCS,18042601,2018-04-26,1:36 AM,Derailment,0,WOODSBORO,TX,65,4,Dark,Cloudy,Siding,Freight Train,28,90502,0,334875,T207,28.241736,-97.329762,72.7,65.5,68.9
UP,0418HO034,2018-04-26,1:36 AM,Derailment,0,WOODSBORO,TX,65,4,Dark,Cloudy,Siding,Freight Train,0,0,244373,334875,T207,28.241736,-97.329762,72.7,65.5,68.9
LI,72701,2020-07-31,12:40 PM,Obstruction,0,WOODSIDE,NY,73,2,Day,Clear,Main,EMU,23,32113,0,52113,H402,40.73798,-73.892872,86.2,76.9,80.9
LI,68246,2018-08-01,12:40 PM,Derailment,0,WOODSIDE,NY,83,2,Day,Clear,Main,EMU,13,162153,6195,168348,H705,40.750304,-73.916493,75.9,81.2,83.1
LI,72701,2020-07-31,12:40 PM,Obstruction,0,WOODSIDE,NY,73,2,Day,Clear,Main,Maint./inspect Car,0,20000,0,52113,H402,40.73798,-73.892872,86.2,76.9,80.9