reportingrailroadcode,accidentnumber,date,time,accidenttype,hazmatreleasedcars,station,stateabbr,temperature,visibility_code,visibility,weathercondition,tracktype,equipmenttype,trainspeed,equipmentdamagecost,trackdamagecost,totaldamagecost,primaryaccidentcausecode,latitude,longitude,prior_temp,actual_temp,following_temp
CSX,000177395,2018-07-04,10:15 PM,Derailment,0,WOODSTOCK,MD,85,4,Dark,Clear,Main,Freight Train,11,21305,500,21805,E05L,39.316467,-76.841144,85.3,82.8,82.3
NS,138854,2020-08-14,11:10 PM,Derailment,0,WOODSTOCK,AL,81,4,Dark,Clear,Siding,Freight Train,5,21000,6212,27212,T318,33.204488,-87.156616,80.2,77.3,80.2
NS,144660,2022-03-10,7:00 AM,Derailment,0,WOODVILLE,AL,54,1,Dawn,Clear,Siding,Freight Train,12,410,27501,27911,E64C,34.669181,-86.164328,47.2,50.4,51.8
NS,133840,2019-05-06,9:51 AM,Derailment,0,WOODVILLE,AL,75,2,Day,Clear,Main,Freight Train,47,1318054,740683,2058737,T204,34.625892,-86.276185,65.8,64.8,67.8
BNSF,KS0919205,2019-09-30,2:55 PM,Hwy-rail crossing,0,WOODWARD,OK,80,2,Day,Clear,Main,Freight Train,23,195376,10000,205376,M308,36.440343,-99.407425,79.3,79.2,74.2
BNSF,KS0724105,2024-07-11,5:27 PM,Derailment,2,WOODWARD,OK,98,3,Dusk,Clear,Main,Freight Train,44,1366400,715558,2081958,T109,36.438983,-99.399961,79.9,83.6,84.4
UP,0818FW014,2018-08-09,11:30 AM,Obstruction,0,WOODWAY,TX,95,2,Day,Clear,Industry,Freight Train,6,7180,20253,27433,T220,31.496315,-97.21119,89.2,83.9,80.3
PW,150707,2015-07-29,9:50 PM,Hwy-rail crossing,0,WOONSOCKET,RI,64,4,Dark,Clear,Main,Freight Train,24,21250,0,21250,M304,42.004246,-71.521985,73.4,77.5,76.2
PW,PWR816518O,2018-10-13,5:50 AM,Derailment,0,WORCESTER,MA,43,4,Dark,Clear,Yard,,0,0,20000,73349,H599,42.255371,-71.805225,55,43.7,43.6
PW,PWR673118D,2018-05-25,2:30 PM,Derailment,0,WORCESTER,MA,75,2,Day,Clear,Yard,Yard/switching,4,12500,19320,31820,E46C,42.1444,-71.4816,63.7,68.9,73.9
GRS,20170129L1,2017-01-29,5:15 AM,Derailment,0,WORCESTER,MA,27,4,Dark,Clear,Main,Freight Train,9,13050,70144,83194,M203,42.356974,-71.7744,31.5,30.5,25.2
PW,PWR859221A,2021-08-19,1:00 PM,Other (describe in narrative),0,WORCESTER,MA,82,2,Day,Rain,Industry,Cut of cars,0,20000,0,20000,M103,42.24976,-71.808817,73.1,72.4,73.7
MBTA,2024082,2024-06-12,12:42 AM,Derailment,0,WORCESTER,MA,15,4,Dark,Clear,Siding,,0,0,13152,43987,H703,42.244808,-71.750156,61.7,66.8,69.1
PW,PWR440023A,2023-06-08,9:30 PM,Obstruction,0,WORCESTER,MA,52,4,Dark,Cloudy,Industry,Yard/switching,2,16000,0,16000,M404,42.248242,-71.807378,56.1,54.8,56.1
PW,PWR715724D,2024-02-27,7:10 PM,Derailment,0,WORCESTER,MA,50,4,Dark,Cloudy,Yard,Yard/switching,7,15605,510,16115,E44C,42.248353,-71.811231,38.3,46.5,51.1
PW,PWR737324O,2024-03-15,3:09 AM,Derailment,0,WORCESTER,MA,45,4,Dark,Clear,Yard,,0,0,86820,113416,H503,42.253439,-71.80785,48.9,42,43.5
CSX,000215788,2024-01-27,7:45 PM,Derailment,0,WORCESTER,MA,35,4,Dark,Clear,Main,Yard/switching,4,3371,13158,16529,M299,42.255036,-71.805358,35.8,35.5,33.5
CSX,000177725,2018-07-21,7:20 AM,Raking collision,0,WORCESTER,MA,72,2,Day,Clear,Yard,Cut of cars,0,0,0,178911,H996,42.251633,-71.807986,70.1,66.1,67.4
PW,PWR686421S,2021-02-04,5:25 AM,Side collision,0,WORCESTER,MA,31,1,Dawn,Snow,Yard,Yard/switching,9,12500,0,25500,H302,42.220806,-71.788278,28.4,30.2,32.1
CSX,000174528,2018-02-06,6:00 AM,Derailment,0,WORCESTER,MA,19,1,Dawn,Cloudy,Yard,Yard/switching,6,32844,500,33344,H704,42.255139,-71.805321,30,20.8,24.1
CSX,000165343,2016-12-20,11:05 PM,Derailment,0,WORCESTER,MA,24,4,Dark,Clear,Yard,Yard/switching,3,16593,314,16907,H303,42.255139,-71.805321,19.2,21.2,28.8
PW,PW730118D,2018-07-21,7:20 AM,Raking collision,0,WORCESTER,MA,77,1,Dawn,Clear,Yard,,0,0,0,178911,H996,42.251633,-71.807986,70.1,66.1,67.4
CSX,000177725,2018-07-21,7:20 AM,Raking collision,0,WORCESTER,MA,72,2,Day,Clear,Yard,Cut of cars,0,0,14260,178911,H996,42.251633,-71.807986,70.1,66.1,67.4
PW,PWR686421S,2021-02-04,5:25 AM,Side collision,0,WORCESTER,MA,31,1,Dawn,Snow,Yard,Cut of cars,0,13000,0,25500,H302,42.220806,-71.788278,28.4,30.2,32.1
CSX,000216732,2024-03-15,3:09 AM,Derailment,0,WORCESTER,MA,40,4,Dark,Rain,Yard,Freight Train,7,26469,127,113416,T111,42.253439,-71.80785,48.9,42,43.5
CSX,000218650,2024-06-11,11:05 PM,Derailment,0,WORCESTER,MA,60,4,Dark,Clear,Yard,Freight Train,3,30835,0,43987,T314,42.244808,-71.750156,61.9,61.7,66.8
PW,PWR651818D,2018-05-02,11:40 PM,Derailment,0,WORCESTER,MA,50,4,Dark,Clear,Yard,Freight Train,10,4500,15000,19500,T314,42.1402,-71.4906,51.7,71.2,74
CSX,000179295,2018-10-13,5:50 AM,Derailment,0,WORCESTER,MA,49,1,Dawn,Cloudy,Yard,Freight Train,0,0,3500,73349,T316,42.255139,-71.805321,55,43.7,43.6
PW,161202,2016-12-26,5:18 PM,Derailment,0,WORCESTER,MA,34,3,Dusk,Cloudy,Yard,Yard/switching,6,1427,70000,71427,T314,42.248511,-71.808625,33.3,27.6,44.8
CSX,000179295,2018-10-13,5:50 AM,Derailment,0,WORCESTER,MA,49,1,Dawn,Cloudy,Yard,Freight Train,5,49849,0,73349,T316,42.255139,-71.805321,55,43.7,43.6
BNSF,PR0920202,2020-09-10,1:30 PM,Hwy-rail crossing,0,WORLAND,WY,85,2,Day,Clear,Main,Spec. MoW Equip.,15,50000,0,50000,M302,43.993442,-107.978753,42.9,51.9,59.9
NS,144858,2022-04-01,4:00 AM,Raking collision,0,WORMLEYSBURG,PA,48,1,Dawn,Clear,Yard,Freight Train,5,26083,0,26083,H306,40.267672,-76.91251,56.6,50.6,45.4
UP,0918FW011,2018-09-12,9:35 PM,Fire/violent rupture,0,WORTHAM,TX,65,4,Dark,Cloudy,Main,Freight Train,40,51291,0,51291,E73L,31.789541,-96.461074,72.4,75.5,77.3
BNSF,TC0419109,2019-04-17,11:15 AM,Derailment,0,WORTHING,SD,49,2,Day,Clear,Main,Freight Train,10,0,40000,40000,T001,43.193264,-96.440905,51.7,49.3,46.5
UP,1115TC001,2015-11-01,3:25 PM,Hwy-rail crossing,0,WORTHINGTON,MN,65,2,Day,Clear,Main,Freight Train,36,339,30350,30689,M302,43.607964,-95.6106,45.7,49.9,51.9
UP,0823GL031,2023-08-15,4:15 PM,Hwy-rail crossing,0,WORTHINGTON,MN,76,2,Day,Clear,Main,Freight Train,34,12555,300,12855,M302,43.587921,-95.643917,60.9,63.9,72
UP,1014TC018,2014-10-24,9:30 PM,Derailment,0,WORTHINGTON,MN,58,4,Dark,Clear,Yard,Yard/switching,9,142705,26383,169088,T110,43.624973,-95.584055,56.7,58,53.8
CARR,CRR050801,2017-05-08,9:15 AM,Side collision,0,WORTHVILLE,KY,55,2,Day,Clear,Yard,Freight Train,5,24670,0,24670,M506,38.609276,-85.069229,52.6,53.2,61.9
CARR,CRR050801,2017-05-08,9:15 AM,Side collision,0,WORTHVILLE,KY,55,2,Day,Clear,Yard,Single Car,0,0,0,24670,M506,38.609276,-85.069229,52.6,53.2,61.9
BNSF,PR1016109,2016-10-20,10:50 AM,Derailment,0,WRIGHT,WY,46,2,Day,Clear,Industry,Freight Train,0,20000,5000,25000,H607,43.728553,-105.361189,38.1,43.5,51.2
BNSF,PR0116100,2016-01-02,6:00 PM,Derailment,0,WRIGHT,WY,26,3,Dusk,Clear,Main,,0,0,157232,200359,H307,43.728553,-105.361189,22.6,25,23.2
BNSF,PR0623115,2023-06-23,10:50 PM,Derailment,0,WRIGHT,WY,60,4,Dark,Rain,Main,Freight Train,0,1692317,57000,1749317,M102,43.501567,-105.338322,59,59.1,52.9
BNSF,PR0715113,2015-07-27,8:50 PM,Side collision,0,WRIGHT,WY,55,3,Dusk,Clear,Industry,Freight Train,9,33200,0,49575,H307,43.842146,-105.363762,77.7,72,59.5
UP,0116NP001,2016-01-02,6:00 PM,Derailment,0,WRIGHT,WY,26,3,Dusk,Clear,Main,Freight Train,5,43127,0,200359,H307,43.728553,-105.361189,22.6,25,23.2
BNSF,PR0124113,2024-01-30,6:45 AM,Derailment,0,WRIGHT,WY,31,1,Dawn,Clear,Industry,Freight Train,10,363869,20000,383869,T212,43.635365,-105.328521,44.9,48.4,42.7
DQE,ID240097,2024-04-23,12:25 AM,Derailment,0,WRIGHT CITY,OK,52,4,Dark,Clear,Main,Freight Train,21,80000,700000,780000,E53C,34.03422,-94.949135,54.4,64.3,70.5
NS,123074,2016-12-09,6:50 AM,Hwy-rail crossing,0,WRIGHT CITY,MO,30,1,Dawn,Clear,Main,Spec. MoW Equip.,25,24547,0,24547,M302,38.826893,-91.035876,24.7,21.9,30
NS,151872,2022-12-31,10:00 AM,Hwy-rail crossing,0,WRIGHT CITY,MO,46,2,Day,Clear,Main,Freight Train,53,25000,0,25000,M302,38.820619,-90.98063,45.5,41.8,51.9
OHRY,17040601,2017-04-06,12:30 PM,Derailment,0,WYALUSING,PA,45,2,Day,Rain,Siding,Freight Train,0,0,0,101000,T210,41.658793,-76.250752,52,45.2,37.9
LRWY,17040601,2017-04-06,12:30 PM,Derailment,0,WYALUSING,PA,45,2,Day,Rain,Siding,Freight Train,3,98000,3000,101000,T210,41.658793,-76.250752,52,45.2,37.9
LI,68541,2018-09-28,6:56 PM,Other (describe in narrative),0,WYANDANCH,NY,61,2,Day,Clear,Main,EMU,80,12791,0,12791,M502,40.756054,-73.352531,66.6,60.6,63
LI,GR20160102,2016-01-21,6:35 AM,Hwy-rail crossing,0,WYANDANCH,NY,28,4,Dark,Clear,Main,EMU,60,193309,0,193309,M303,40.749513,-73.381323,32.9,31.6,26.8
LI,GR20150101,2015-01-07,1:15 PM,Hwy-rail crossing,0,WYANDANCH,NY,22,2,Day,Clear,Main,EMU,40,62939,0,62939,M304,40.754276,-73.360385,19.7,18.7,14.1
LI,EQ20160706,2016-07-20,9:39 PM,Obstruction,0,WYANDANCH,NY,73,4,Dark,Clear,Main,EMU,70,30146,0,30146,M402,40.749378,-73.381867,78.3,73.7,76.8
LI,68154,2018-07-18,10:16 PM,Hwy-rail crossing,0,WYANDANCH,NY,75,4,Dark,Clear,Main,EMU,45,17479,0,17479,M303,40.75427,-73.36036,75.2,76.1,72.1
NYA,032915,2015-03-29,11:50 PM,Derailment,0,WYANDANCH,NY,38,4,Dark,Clear,Siding,Freight Train,4,42000,400000,442000,H210,40.752558,-73.368133,34.2,33,42.1
LI,81583,2024-01-04,5:31 PM,Hwy-rail crossing,0,WYANDANCH,NY,37,4,Dark,Clear,Main,EMU,67,19122,0,19122,M399,40.753504,-73.363708,36.7,38.6,31.2
BNSF,HL0424112,2024-04-13,7:41 PM,Derailment,0,WYANDOTTE,OK,74,3,Dusk,Clear,Main,Freight Train,39,452852,577739,1030591,E53C,36.795581,-94.724619,55.9,67.7,73.3
BNSF,CH1118202,2018-11-22,9:40 AM,Hwy-rail crossing,0,WYANET,IL,37,2,Day,Clear,Main,,0,0,0,360374,M302,41.352814,-89.610517,32.5,36.7,42.6
ATK,156405,2018-11-22,9:35 AM,Hwy-rail crossing,0,WYANET,IL,27,2,Day,Clear,Main,Passenger Train - Pulling,78,360374,0,360374,M302,41.352814,-89.610517,32.5,36.7,42.6
BNSF,PR0615102,2015-06-07,7:40 AM,Derailment,0,WYARNO,WY,52,1,Dawn,Clear,Main,Single Car,0,77194,0,675615,T001,44.836861,-106.829443,63.1,64.1,70.1
BNSF,PR0615102,2015-06-07,7:40 AM,Derailment,0,WYARNO,WY,52,1,Dawn,Clear,Main,Freight Train,14,59936,538485,675615,T001,44.836861,-106.829443,63.1,64.1,70.1
UP,0220GL021,2020-02-13,12:40 PM,Hwy-rail crossing,0,WYEVILLE,WI,7,2,Day,Clear,Main,Freight Train,46,18237,66,18303,M303,44.025144,-90.236604,26.9,3,-3.6
UP,1018TC006,2018-10-10,12:40 PM,Derailment,0,WYEVILLE,WI,60,2,Day,Cloudy,Industry,Light loco(s),1,12363,0,12363,H303,43.988846,-90.340628,65.9,63.3,39
UP,1121GL008,2021-11-11,6:13 PM,Derailment,0,WYEVILLE,WI,38,3,Dusk,Rain,Main,Freight Train,10,169432,126800,296232,T207,44.025875,-90.374334,38.3,43.9,35.5
UP,0223GL009,2023-02-03,7:15 PM,Derailment,0,WYEVILLE,WI,1,3,Dusk,Cloudy,Industry,Light loco(s),7,2045,21310,23355,T313,44.044479,-90.403138,11.3,-2.7,19.5
KCS,15061904,2015-06-19,5:00 PM,Obstruction,0,WYLIE,TX,95,2,Day,Cloudy,Yard,Spec. MoW Equip.,0,15000,0,15000,H999,33.031589,-96.500792,82.1,82.9,79.8
KCS,15061904,2015-06-19,5:00 PM,Obstruction,0,WYLIE,TX,95,2,Day,Cloudy,Yard,Spec. MoW Equip.,5,0,0,15000,H999,33.031589,-96.500792,82.1,82.9,79.8
KCS,16123101,2016-12-31,3:13 AM,Derailment,0,WYLIE,TX,49,4,Dark,Clear,Yard,Freight Train,18,28318,115767,144085,H703,33.030124,-96.491904,46.4,55.8,56.8
KCS,16032601,2016-03-26,9:55 PM,Derailment,0,WYLIE,TX,65,4,Dark,Clear,Yard,Yard/switching,3,103183,22992,126175,H503,33.028852,-96.504754,54.2,61,56.5
SEPA,38242,2020-01-02,9:58 AM,Hwy-rail crossing,0,WYNCOTE,PA,35,2,Day,Clear,Main,EMU,40,12754,0,12754,M308,40.095707,-75.139272,36.5,37,46.3
CP,1001870733,2023-03-26,10:20 PM,Derailment,0,WYNDMERE,ND,7,4,Dark,Clear,Main,Freight Train,40,2146936,16984,2163920,T202,46.229855,-97.079893,25.9,12.9,10.3
UP,0323MA040,2023-03-31,4:40 PM,Other (describe in narrative),0,WYNNE,AR,71,2,Day,Rain,Main,Cut of cars,0,774059,6180,780239,M102,35.226074,-90.802413,60.1,68.1,62.2
UP,0824MA041,2024-08-29,9:40 AM,Hwy-rail crossing,0,WYNNE,AR,83,2,Day,Cloudy,Main,Freight Train,45,20000,132,20132,M304,35.260343,-90.675361,83.3,83.1,79
BNSF,RD0620109,2020-06-13,1:55 AM,Derailment,1,WYNNEWOOD,OK,75,4,Dark,Clear,Main,Freight Train,55,786670,390000,1176670,T315,34.642453,-97.171975,73.9,77.5,78.3
BNSF,PR0417100,2017-04-01,1:45 PM,Derailment,0,WYOLA,MT,53,2,Day,Clear,Main,Freight Train,43,54621,1650000,1704621,E60C,45.179104,-107.390233,42.9,46.9,44.2
CSX,000161793,2016-08-02,7:21 PM,Derailment,0,WYOMING,MI,83,2,Day,Clear,Yard,Yard/switching,4,12414,3975,16389,H702,42.952673,-85.684184,72.3,74,77.3
GDLK,180220003,2018-02-20,9:45 PM,Derailment,0,WYOMING,MI,39,4,Dark,Rain,Main,Freight Train,7,17000,30000,47000,T002,42.916239,-85.676008,41.2,56.6,32.8
NS,133594,2019-04-16,9:00 PM,Derailment,0,WYOMISSING,PA,51,4,Dark,Clear,Main,Freight Train,21,149810,395682,545492,E47C,40.331468,-75.970424,55.3,52.2,54.6
CWA,17122801,2017-12-28,10:30 AM,Derailment,0,YAKIMA,WA,28,2,Day,Cloudy,Yard,Yard/switching,5,10805,0,10805,E04C,46.582081,-120.500527,26.7,28.3,32.5
BNSF,NW0419101,2019-04-08,5:40 AM,Derailment,0,YAKIMA,WA,60,1,Dawn,Cloudy,Yard,Freight Train,4,3700,80000,83700,T199,46.591689,-120.503289,49,49.4,50
CWA,19011401,2019-01-14,11:00 AM,Derailment,0,YAKIMA,WA,30,2,Day,Cloudy,Yard,Yard/switching,9,11387,12048,23435,T110,46.354575,-120.302839,28.2,30.4,30
BNSF,NW0118104,2018-01-12,8:00 AM,Derailment,0,YAKIMA,WA,34,1,Dawn,Fog,Yard,Freight Train,8,1413,139886,141299,T202,46.58698,-120.501448,36.1,39.2,38.9
BNSF,SW1021107,2021-10-20,12:30 PM,Derailment,0,YAMPAI,AZ,50,2,Day,Clear,Main,Freight Train,55,123574,394198,517772,E54C,35.49988,-113.234415,53.5,56,59.5
NS,122005,2016-09-09,11:15 AM,Derailment,0,YANKEETOWN,IN,82,2,Day,Clear,Industry,Freight Train,7,11887,0,11887,T110,37.91326,-87.318454,78.4,76.8,76.4
BNSF,TC0518105,2018-05-09,6:15 AM,Derailment,0,YANKTON,SD,50,1,Dawn,Clear,Industry,Cut of cars,5,32088,0,32088,M501,42.94128,-97.453797,67.5,64.8,55
MNBR,MNB420023,2023-05-18,4:40 PM,Derailment,0,YANTLEY,AL,80,2,Day,Cloudy,Main,Freight Train,25,55000,25000,80000,M404,32.22204,-88.31226,72.9,73.8,75.3
SEPA,SEPA122122,2022-12-21,11:03 AM,Side collision,0,YARDLEY,PA,30,2,Day,Clear,Main,Spec. MoW Equip.,0,180000,0,180000,H212,40.202742,-74.876415,31.7,29.5,36.3
UP,0423HL023,2023-04-24,10:00 AM,Hwy-rail crossing,0,YATES CENTER,KS,58,2,Day,Clear,Main,Freight Train,40,1401457,444322,1845779,M308,37.835413,-95.693182,46.8,54.4,54.7
UP,1114WH010,2014-11-25,7:08 PM,Hwy-rail crossing,0,YATES CENTER,KS,37,4,Dark,Cloudy,Main,Freight Train,50,74117,0,74117,M303,37.806516,-95.688897,39.9,33.9,39.1
IC,1085310,2021-10-11,8:27 PM,Hwy-rail crossing,0,YAZOO CITY,MS,81,4,Dark,Cloudy,Main,Freight Train,40,0,26000,26000,M399,32.877442,-90.392095,75.9,76.5,78.8
IC,1112131,2022-08-25,12:43 PM,Obstruction,0,YAZOO CITY,MS,85,2,Day,Cloudy,Main,Maint./inspect Car,0,0,0,30000,H993,32.970268,-90.337486,73.8,76.3,78.7
IC,1112131,2022-08-25,12:43 PM,Obstruction,0,YAZOO CITY,MS,85,2,Day,Cloudy,Main,Maint./inspect Car,19,30000,0,30000,H993,32.970268,-90.337486,73.8,76.3,78.7
IC,1146158,2024-03-09,10:47 AM,Fire/violent rupture,0,YAZOO CITY,MS,56,2,Day,Cloudy,Main,Maint./inspect Car,5,269176,0,269176,M599,32.8373,-90.428604,62.5,56.8,51.7
SEPA,32772,2019-04-08,9:23 AM,Hwy-rail crossing,0,YEADON,PA,70,2,Day,Clear,Main,EMU,40,19439,0,19439,M308,39.938257,-75.265218,59.2,67.2,64.7
BNSF,RD0722224,2022-07-28,9:10 AM,Hwy-rail crossing,0,YEAGER,OK,90,2,Day,Cloudy,Main,Freight Train,50,15000,0,15000,M302,35.198081,-96.300252,91.1,86.3,79.2
BNSF,NW0820103,2020-08-08,5:25 PM,Derailment,0,YELLEPIT,WA,93,3,Dusk,Clear,Main,Freight Train,44,20000,9400,29400,E53C,46.05332,-118.953972,68.8,74.1,73
CSX,000213643,2023-09-20,6:35 AM,Raking collision,0,YEMASSEE,SC,70,1,Dawn,Clear,Main,Freight Train,42,64725,961,65686,M201,32.674822,-80.85793,71.7,73.8,74.8
BNSF,SW0517101,2017-05-01,4:35 PM,Derailment,0,YESO,NM,75,2,Day,Clear,Main,Maint./inspect Car,6,34700,0,34700,H402,34.43741,-104.61251,45.8,58.8,66.1
UP,0522GP007,2022-05-07,9:00 AM,Derailment,0,YODER,WY,58,2,Day,Clear,Industry,Cut of cars,8,318,28998,29316,M501,41.91783,-104.303333,63.4,61.8,52.9
UP,1023GP022,2023-10-25,12:40 PM,Derailment,0,YODER,WY,58,2,Day,Clear,Industry,Yard/switching,6,479570,332,479902,T110,41.918858,-104.298437,47.2,51.7,28.2
NS,138017,2020-04-12,5:05 PM,Obstruction,0,YORK,AL,76,3,Dusk,Rain,Main,,0,0,0,12500,M404,32.477295,-88.31326,56.2,67.8,58.8
BNSF,HL0222203,2022-02-08,11:43 PM,Hwy-rail crossing,0,YORK,NE,22,4,Dark,Clear,Main,Freight Train,35,12939,1774,14713,M302,40.882775,-97.578115,40,42.9,40.9
YRC,YRC989117,2017-01-17,11:00 AM,Side collision,0,YORK,PA,42,2,Day,Cloudy,Yard,Cut of cars,2,2883,0,22115,H018,39.969191,-76.723468,29.3,38.4,43.9
YRC,YRC756615,2015-09-12,10:30 PM,Derailment,0,YORK,PA,70,4,Dark,Clear,Industry,Freight Train,9,15000,77350,92350,M101,39.869463,-76.87372,68.4,62.6,62.5
YRC,YRC989117,2017-01-17,11:00 AM,Side collision,0,YORK,PA,42,2,Day,Cloudy,Yard,Freight Train,0,19232,0,22115,H018,39.969191,-76.723468,29.3,38.4,43.9
ATK,170134,2022-03-25,4:30 PM,Hwy-rail crossing,0,YORK,AL,75,2,Day,Clear,Main,Passenger Train - Pulling,58,21976,0,33976,M302,32.496715,-88.283928,55.6,56,56.8
ATK,164091,2020-04-12,5:05 PM,Obstruction,0,YORK,AL,76,2,Day,Rain,Main,Passenger Train - Pulling,63,12500,0,12500,M404,32.477335,-88.313373,56.2,67.8,58.8
NS,144801,2022-03-25,4:30 PM,Hwy-rail crossing,0,YORK,AL,75,3,Dusk,Clear,Main,,0,0,12000,33976,M303,32.493335,-88.287165,55.6,56,56.8
BNSF,HL1223122,2023-12-30,4:04 AM,Derailment,0,YORK,NE,28,1,Dawn,Clear,Main,Freight Train,42,1148323,194996,1343319,T299,40.894417,-97.490334,26.8,30.7,24.8
NS,132592,2019-01-25,6:13 AM,Derailment,0,YORK,PA,25,1,Dawn,Clear,Yard,Yard/switching,8,37649,22250,59899,T207,39.968506,-76.724522,40.6,30.6,27.5
NS,118255,2015-11-18,6:54 AM,Derailment,0,YORK HAVEN,PA,40,1,Dawn,Clear,Industry,Freight Train,6,93000,100,93100,H514,40.101021,-76.706308,47.8,51.5,60.6
NS,142722,2021-09-01,3:00 AM,Derailment,0,YORK HAVEN,PA,70,4,Dark,Rain,Main,Freight Train,38,1732,28926,30658,E60C,40.123378,-76.735471,76.2,68.9,68.2
NS,143310,2021-10-28,10:10 PM,Derailment,0,YORK HAVEN,PA,50,4,Dark,Clear,Main,Freight Train,38,1228061,610713,1838774,E54C,40.097152,-76.70371,59.1,55.3,54
IR,213069,2021-12-13,12:35 PM,Hwy-rail crossing,0,YORKVILLE,IL,35,2,Day,Clear,Main,Freight Train,22,0,0,0,M308,41.694722,-88.412222,38.4,38.4,41.8
IR,192563,2019-08-08,2:00 PM,Hwy-rail crossing,0,YORKVILLE,IL,90,2,Day,Clear,Main,Light loco(s),25,0,0,0,M302,41.646388,-88.409722,74.2,74.8,68.3
CSX,000154548,2015-11-22,7:30 AM,Derailment,0,YOUNGSTOWN,OH,31,1,Dawn,Clear,Yard,Freight Train,9,4000,7000,11000,H993,41.138514,-80.702714,40.5,31.6,29.7
CSX,000202646,2022-01-24,8:15 PM,Derailment,0,YOUNGSTOWN,OH,25,4,Dark,Cloudy,Main,Freight Train,25,61506,252400,313906,T206,41.09425,-80.642883,22.5,18,20.7
YB,YBR241217D,2017-03-11,10:50 AM,Derailment,0,YOUNGSTOWN,OH,20,2,Day,Clear,Yard,Freight Train,10,24000,7500,31500,T210,41.154763,-80.711178,26.9,18,20.1
SWP,121007SWP,2020-10-07,8:45 PM,Derailment,0,YOUNGWOOD,PA,55,4,Dark,Clear,Main,Freight Train,10,72400,185000,257400,T101,40.234854,-79.579403,52,62.2,54.5
UP,0915WH006,2015-09-20,8:01 PM,Derailment,0,YUKON,OK,65,4,Dark,Cloudy,Main,Freight Train,48,195547,44084,239631,M503,35.481737,-97.715293,69,66.6,73.3
BNSF,PR0524102,2024-05-06,4:30 AM,Derailment,0,YUMA,CO,50,1,Dawn,Clear,Industry,Freight Train,4,28489,35000,63489,H307,40.120787,-102.670082,54.8,59.1,53.1
KYLE,KYL859115D,2015-12-22,6:06 PM,Derailment,0,YUMA,KS,40,4,Dark,Clear,Main,Freight Train,6,75000,1000000,1075000,T401,39.625407,-97.76451,31,39.4,40.7
OSRR,OSR824521D,2021-07-07,7:50 PM,Derailment,0,ZANESVILLE,OH,85,3,Dusk,Cloudy,Main,Freight Train,10,17237,114891,132128,M204,39.941194,-82.010194,80.4,77.9,73.6
OSRR,OSR833718D,2018-10-27,9:32 PM,Derailment,0,ZANESVILLE,OH,49,4,Dark,Cloudy,Main,Freight Train,10,30000,62584,92584,T207,39.918906,-82.010407,44.9,47.3,46.9
CSX,000196823,2021-04-05,6:40 AM,Hwy-rail crossing,0,ZEELAND,MI,53,1,Dawn,Cloudy,Main,,0,0,0,80799,M308,42.841031,-85.934906,52.8,59.3,64.5
KCS,15080301,2015-08-03,6:05 AM,Hwy-rail crossing,0,ZWOLLE,LA,75,1,Dawn,Clear,Main,Freight Train,42,88244,7635,95879,M399,31.63141,-93.64379,82.2,83.5,85.2
NS,152152,2023-01-31,7:00 AM,Hwy-rail crossing,0,CHULA,GA,67,1,Dawn,Fog,Main,Freight Train,45,290,15910,16200,M303,31.548693,-83.544593,68.8,69.5,67.4
NS,151733,2022-12-15,3:45 PM,Hwy-rail crossing,0,FOREST PARK,GA,45,2,Day,Clear,Main,Freight Train,4,12177,0,12177,M302,33.617186,-84.391364,71,73.1,71.5
NS,154343,2023-09-28,12:12 PM,Hwy-rail crossing,0,FOX,IN,63,2,Day,Cloudy,Main,Freight Train,48,80000,0,80000,M303,40.639711,-85.695031,66.1,65.1,66.8
XAAL,2024XAAL01,2024-08-30,8:43 PM,,0,,,0,,,,,,0,145555,22345,335800,,0,0,82.3,81.4,81.3
NS,155811,2024-02-20,3:10 PM,Hwy-rail crossing,0,HAGERSTOWN,IN,50,2,Day,Clear,Main,Freight Train,34,795,35000,35795,M302,39.905044,-85.162545,49.8,49.6,45.4
NS,155384,2024-01-17,1:45 PM,Hwy-rail crossing,0,BAYLIS,IL,20,2,Day,Clear,Main,Freight Train,45,8000,9800,17800,M303,39.715791,-90.894907,39.6,38.5,45.3
NS,154995,2023-12-08,4:47 AM,Hwy-rail crossing,0,COLLAMER,IN,40,1,Dawn,Clear,Main,Freight Train,41,15000,25000,40000,M302,41.089156,-85.66462,48.1,46.8,45.5
NS,151670,2022-12-09,9:55 PM,Hwy-rail crossing,0,EDEN ISLE,LA,68,4,Dark,Cloudy,Main,,0,0,68569,68569,M308,30.224261,-89.81929,47.3,48.7,48.6
NS,156117,2024-03-21,6:00 AM,Hwy-rail crossing,0,PRIDE,AL,50,1,Dawn,Clear,Main,Freight Train,53,3,20000,20003,M303,34.72155,-87.807225,34.3,37.7,40.9
NS,155829,2024-02-21,7:55 PM,Hwy-rail crossing,0,BIRMINGHAM,AL,57,3,Dusk,Clear,Main,Freight Train,50,288,100000,100288,M308,33.442382,-86.913471,32.3,36.6,37.1
NS,155864,2024-02-26,11:00 AM,Hwy-rail crossing,0,CARLISLE,PA,50,2,Day,Clear,Main,Freight Train,10,800,20000,20800,M303,40.206477,-77.185132,80.2,80.4,79.6
NS,152529,2023-03-07,9:20 AM,Hwy-rail crossing,0,GRABILL,IN,35,2,Day,Clear,Main,Spec. MoW Equip.,15,40997,0,40997,M302,41.194946,-84.972299,54.8,54.1,52.9