reportingrailroadcode,accidentnumber,date,time,accidenttype,hazmatreleasedcars,station,stateabbr,temperature,visibility_code,visibility,weathercondition,tracktype,equipmenttype,trainspeed,equipmentdamagecost,trackdamagecost,totaldamagecost,primaryaccidentcausecode,latitude,longitude,prior_temp,actual_temp,following_temp
SCAX,112219,2019-11-22,5:39 AM,Hwy-rail crossing,0,SANTA FE SPRINGS,CA,59,4,Dark,Clear,Main,Commuter Train - Pushing,78,500000,0,500000,M308,33.902629,-118.03818,58.2,60.4,63.3
BNSF,CA0115118,2015-01-20,3:58 PM,Obstruction,0,SANTA FE SPRINGS,CA,64,2,Day,Cloudy,Main,,0,0,0,15224,M404,33.96581,-118.085728,57.3,57.7,61.6
UP,0322LA019,2022-03-23,8:30 AM,Other impacts,0,SANTA FE SPRINGS,CA,75,2,Day,Clear,Yard,Single Car,2,23336,0,89883,H021,33.9577,-118.058512,67,70.9,69.1
UP,0322LA019,2022-03-23,8:30 AM,Other impacts,0,SANTA FE SPRINGS,CA,75,2,Day,Clear,Yard,Freight Train,2,66514,33,89883,H021,33.9577,-118.058512,67,70.9,69.1
BNSF,CA1215115,2015-12-19,8:10 PM,Obstruction,0,SANTA FE SPRINGS,CA,53,3,Dusk,Cloudy,Main,,0,0,0,11855,M402,33.957112,-118.070281,55.6,54.1,52.8
UP,0619LA022,2019-06-16,10:20 AM,Other impacts,0,SANTA FE SPRINGS,CA,70,2,Day,Cloudy,Yard,Yard/switching,7,38880,3786,83463,H302,33.96052,-118.075599,67.4,67.6,66.1
ATK,140470,2015-12-19,8:10 PM,Obstruction,0,SANTA FE SPRINGS,CA,68,4,Dark,Clear,Main,Passenger Train - Pushing,43,11855,0,11855,M402,33.957112,-118.070281,55.6,54.1,52.8
SMRT,191113,2019-11-13,4:29 PM,Hwy-rail crossing,0,SANTA ROSA,CA,55,2,Day,Cloudy,Main,DMU,35,50000,0,50000,M303,38.456007,-122.737217,57.2,53.2,54.5
SMRT,053118,2018-05-31,3:20 PM,Hwy-rail crossing,0,SANTA ROSA,CA,74,2,Day,Clear,Main,DMU,77,500000,16000,516000,M302,38.38717,-122.72087,59.5,60.6,63
ATK,176746,2023-10-12,5:39 PM,Derailment,0,SHAFTER,CA,76,2,Day,Clear,Main,Passenger Train - Pulling,7,83157,0,161109,H705,35.447293,-119.205648,65.2,65.3,68.7
UP,0718RS029,2018-07-18,3:25 PM,Derailment,0,SHAFTER,CA,105,2,Day,Clear,Industry,Yard/switching,2,1500,11050,12550,H702,35.496151,-119.162104,90.6,90.4,93.1
BNSF,CA0721117,2021-07-26,7:19 PM,Derailment,0,SHAFTER,CA,80,3,Dusk,Clear,Yard,Freight Train,7,30854,18000,48854,H511,35.487185,-119.254343,88.8,83.6,87.3
BNSF,CA0520110,2020-05-22,1:35 AM,Derailment,0,SHAFTER,CA,60,4,Dark,Clear,Industry,Yard/switching,10,17560,0,17560,H307,35.464324,-119.226391,70.8,72.8,70
BNSF,CA0522201,2022-05-13,2:06 PM,Hwy-rail crossing,0,SHAFTER,CA,77,2,Day,Clear,Main,,0,0,150,169602,M308,35.477849,-119.243052,63.4,65.9,74
ATK,170579,2022-05-13,2:06 PM,Hwy-rail crossing,0,SHAFTER,CA,77,2,Day,Clear,Main,Passenger Train - Pushing,78,169452,0,169602,M308,35.477849,-119.243052,63.4,65.9,74
BNSF,CA1023105,2023-10-12,5:39 PM,Derailment,0,SHAFTER,CA,75,3,Dusk,Clear,Main,,0,0,77952,161109,H705,35.450204,-119.209213,65.2,65.3,68.7
ATK,160915,2019-09-03,8:50 PM,Hwy-rail crossing,0,SIMI VALLEY,CA,80,4,Dark,Clear,Main,Passenger Train - Pushing,60,20265,0,20265,M304,34.263829,-118.670488,80.1,82.6,83.1
SCAX,090319,2019-09-03,8:50 PM,Hwy-rail crossing,0,SIMI VALLEY,CA,80,4,Dark,Clear,Main,,0,0,0,20265,M304,34.233829,-118.670488,80.1,82.6,83.1
UP,0224NC021,2024-02-11,6:20 AM,Derailment,0,SLOAT,CA,21,1,Dawn,Clear,Main,Freight Train,27,1188835,90270,1279105,T220,39.840582,-120.680505,33.8,36.8,38.8
UP,0219NC060,2019-02-27,8:40 AM,Derailment,0,SODA SPRINGS,CA,31,2,Day,Cloudy,Main,Work train,10,250,39162,39412,M101,39.322467,-120.380621,34.9,38.9,36.8
ATK,144662,2016-10-16,3:09 PM,Obstruction,0,SODA SPRINGS,CA,43,2,Day,Rain,Main,Passenger Train - Pulling,31,10656,0,10656,M404,39.325512,-120.593445,46.8,43.7,39.3
UP,1016RS024,2016-10-16,3:09 PM,Obstruction,0,SODA SPRINGS,CA,43,2,Day,Rain,Main,,0,0,0,10656,M404,39.325512,-120.593445,46.8,43.7,39.3
UP,0815RS024,2015-08-15,6:51 PM,Hwy-rail crossing,0,SOLEDAD,CA,70,4,Dark,Clear,Main,,0,0,0,32144,M302,36.446984,-121.361559,68,72.9,71
ATK,147735,2017-06-01,7:59 PM,Obstruction,0,SOLEDAD,CA,70,4,Dark,Clear,Main,Passenger Train - Pulling,25,11087,0,11087,M402,36.45228,-121.369594,60.8,61.2,60.3
UP,0617RS006,2017-06-01,7:59 PM,Obstruction,0,SOLEDAD,CA,70,4,Dark,Clear,Main,,0,0,0,11087,M402,36.45228,-121.369594,60.8,61.2,60.3
ATK,138823,2015-08-15,6:51 PM,Hwy-rail crossing,0,SOLEDAD,CA,75,2,Day,Clear,Main,Passenger Train - Pulling,25,32144,0,32144,M302,36.446984,-121.361559,68,72.9,71
ATK,177534,2023-12-12,6:20 PM,Hwy-rail crossing,0,SOMIS,CA,53,4,Dark,Clear,Main,Passenger Train - Pushing,64,25000,0,230334,M302,34.265327,-118.977112,56,52.6,52.7
UP,1223LA024,2023-12-12,6:20 PM,Hwy-rail crossing,0,SOMIS,CA,50,3,Dusk,Clear,Main,,0,0,205334,230334,M308,34.265796,-118.974219,56,52.6,52.7
SMAR,SMAR00001F,2023-03-16,8:05 PM,Derailment,0,SONOMA,CA,45,4,Dark,Clear,Yard,Yard/switching,7,35000,10,35010,T110,38.245932,-122.438297,48,47.3,50
SERA,SERA202222,2022-12-08,10:40 AM,Derailment,0,SONORA,CA,45,2,Day,Clear,Main,Freight Train,8,12500,200000,212500,T221,37.959153,-120.389318,40,41.6,46.9
SERA,SERA202202,2022-02-23,3:30 PM,Derailment,0,SONORA,CA,70,2,Day,Clear,Main,Freight Train,5,0,20000,20000,T110,37.974605,-120.379083,38,35.9,37.5
SERA,SERA202404,2024-01-19,9:15 AM,Derailment,0,SONORA,CA,50,2,Day,Clear,Main,Freight Train,5,0,300000,300000,T103,37.974479,-120.377395,43.9,51.9,52.4
UP,0117LA008,2017-01-06,1:42 PM,Derailment,0,SOUTH GATE,CA,55,2,Day,Clear,Industry,Freight Train,3,250,30000,30250,T113,33.956174,-118.191371,57.9,57,59.9
UP,0820NC047,2020-08-21,2:45 PM,Derailment,0,SOUTH SAN FRANCISCO,CA,72,2,Day,Clear,Yard,Freight Train,10,19201,0,19201,H703,37.65832,-122.402599,64,67,65.8
UP,1117RS041,2017-11-28,11:23 PM,Fire/violent rupture,0,SPARKS,NV,55,4,Dark,Cloudy,Main,Freight Train,0,12216,0,12216,E74L,39.532378,-119.760641,42.3,39.7,39.2
UP,0818RS044,2018-08-26,4:56 AM,Derailment,0,SPARKS,NV,60,1,Dawn,Cloudy,Yard,Yard/switching,7,80448,44844,125292,M405,39.532292,-119.76288,70.1,69.6,71.6
UP,0518RS009,2018-05-06,2:03 PM,Derailment,0,SPARKS,NV,75,2,Day,Cloudy,Yard,Yard/switching,6,11744,6523,18267,H702,39.531286,-119.751431,64.9,65.1,66.5
UP,0719NC033,2019-07-20,9:45 AM,Derailment,0,SPARKS,NV,66,2,Day,Clear,Yard,Light loco(s),5,18620,1900,20520,H303,39.532647,-119.762667,76.9,78.5,80.7
UP,1123NC023,2023-11-14,3:41 PM,Derailment,0,SPARKS,NV,61,2,Day,Clear,Industry,Yard/switching,10,5685,9130,14815,H607,39.51739,-119.731762,47.7,45.7,45
UP,0523NC010,2023-05-07,12:00 PM,Other impacts,0,SPARKS,NV,50,2,Day,Cloudy,Yard,Light loco(s),0,10532,165,12992,H305,39.530619,-119.746804,47.5,48.5,50.6
UP,1022NC012,2022-10-10,4:50 AM,Obstruction,0,SPARKS,NV,58,1,Dawn,Cloudy,Main,Freight Train,35,0,28000,28000,M402,39.548622,-119.573364,63.6,66,63.9
UP,0523NC010,2023-05-07,12:00 PM,Other impacts,0,SPARKS,NV,50,2,Day,Cloudy,Yard,Yard/switching,10,2295,0,12992,H305,39.530619,-119.746804,47.5,48.5,50.6
UP,0620NC009,2020-06-05,4:58 PM,Fire/violent rupture,0,SPARKS,NV,50,2,Day,Cloudy,Industry,Yard/switching,0,326281,0,326281,E79L,39.56447,-119.48055,74.8,72.6,60.2
UP,0422NC018,2022-04-14,9:22 AM,Derailment,0,SPARKS,NV,39,2,Day,Clear,Yard,Cut of cars,0,117121,0,303907,E34C,39.530329,-119.741581,41.1,46.3,50.9
UP,0621NC020,2021-06-18,4:48 AM,Other impacts,0,SPARKS,NV,70,1,Dawn,Clear,Yard,Yard/switching,2,31556,480,46941,H702,39.531037,-119.751464,81,81.9,82.6
UP,0519NC048,2019-05-29,4:00 AM,Other impacts,0,SPARKS,NV,56,1,Dawn,Clear,Yard,Cut of cars,6,88113,0,110623,E30C,39.529363,-119.732892,59.8,60.6,55.7
UP,0220NC049,2020-02-20,10:06 AM,Hwy-rail crossing,0,SPARKS,NV,40,2,Day,Clear,Main,,0,0,0,114186,M302,39.589303,-119.450571,37.4,40.3,42.9
UP,0621NC020,2021-06-18,4:48 AM,Other impacts,0,SPARKS,NV,70,1,Dawn,Clear,Yard,Freight Train,0,14905,0,46941,H702,39.531037,-119.751464,81,81.9,82.6
ATK,163186,2020-02-20,10:06 AM,Hwy-rail crossing,0,SPARKS,NV,44,2,Day,Cloudy,Main,Passenger Train - Pulling,68,114186,0,114186,M302,39.589303,-119.450571,37.4,40.3,42.9
UP,0422NC018,2022-04-14,9:22 AM,Derailment,0,SPARKS,NV,39,2,Day,Clear,Yard,Freight Train,2,153700,33086,303907,E34C,39.530329,-119.741581,41.1,46.3,50.9
UP,1222NC016,2022-12-12,8:35 PM,Derailment,0,SPARKS,NV,32,4,Dark,Cloudy,Yard,Yard/switching,6,73833,1056,74889,T111,39.530747,-119.743597,32.4,27.9,30.9
UP,1216RS013,2016-12-17,7:50 AM,Derailment,0,SPARKS,NV,18,2,Day,Clear,Yard,Freight Train,5,13497,1576,15073,T210,39.53141,-119.757023,36.6,24.8,24
BNSF,CA1017117,2017-10-26,2:00 AM,Derailment,0,STOCKTON,CA,59,4,Dark,Clear,Yard,,0,0,2700,342700,H702,37.908433,-121.179146,68.1,68.3,67.8
UP,0122NC064,2022-01-22,1:50 PM,Derailment,0,STOCKTON,CA,54,2,Day,Clear,Yard,Yard/switching,4,19127,4570,23697,H702,37.916392,-121.273336,51.4,48.3,45.3
UP,1019NC011,2019-10-08,6:11 AM,Derailment,0,STOCKTON,CA,59,1,Dawn,Clear,Yard,Freight Train,2,14192,3102,17294,H704,37.915097,-121.273856,70.7,70.7,66.4
UP,1023NC032,2023-10-25,6:59 AM,Derailment,0,STOCKTON,CA,55,1,Dawn,Cloudy,Siding,Yard/switching,2,12829,104434,117263,H514,37.947484,-121.276271,63.3,60.7,56.4
BNSF,CA0324119,2024-03-30,6:31 PM,Obstruction,0,STOCKTON,CA,61,3,Dusk,Clear,Main,,0,0,0,15462,M404,37.947078,-121.274138,50.7,54.5,55.1
UP,0823NC012,2023-08-13,6:15 PM,Other impacts,0,STOCKTON,CA,99,3,Dusk,Cloudy,Yard,Yard/switching,3,12389,0,15702,H309,37.923147,-121.273114,79.8,83.4,84.6
BNSF,CA0817110,2017-08-17,5:58 PM,Derailment,0,STOCKTON,CA,85,2,Day,Clear,Yard,Yard/switching,2,2663,60000,62663,H702,37.950573,-121.255997,72.6,76.5,77.7
UP,1019NC039,2019-10-21,7:20 PM,Hwy-rail crossing,0,STOCKTON,CA,86,3,Dusk,Clear,Yard,Freight Train,10,0,51062,51062,M302,37.906964,-121.273507,65.2,66.8,65.8
BNSF,CA0419108,2019-04-27,5:15 PM,Derailment,0,STOCKTON,CA,70,3,Dusk,Clear,Yard,Freight Train,18,12534,0,12534,H307,37.900428,-121.166733,70.9,68.7,64.5
BNSF,CA0823127,2023-08-23,5:45 AM,Derailment,0,STOCKTON,CA,67,1,Dawn,Clear,Yard,,0,0,50000,50477,E60C,37.946521,-121.276789,77.2,81.4,81.6
BNSF,CA0219102,2019-02-03,11:21 PM,Derailment,0,STOCKTON,CA,55,4,Dark,Rain,Yard,Yard/switching,9,7808,3000,14726,H307,37.949538,-121.260719,56,53.2,48.5
BNSF,CA0121108,2021-01-17,10:30 PM,Derailment,0,STOCKTON,CA,42,4,Dark,Clear,Yard,Light loco(s),8,21575,2500,24075,H702,37.950479,-121.25092,56.8,54.9,60.4
BNSF,CA1119115,2019-11-15,3:00 PM,Derailment,0,STOCKTON,CA,70,2,Day,Clear,Yard,Yard/switching,6,10430,2000,12430,H318,37.950532,-121.255801,60,57.9,56.9
UP,0218RS026,2018-02-21,8:00 AM,Other impacts,0,STOCKTON,CA,56,2,Day,Clear,Yard,Yard/switching,7,56879,0,111998,H702,37.918975,-121.273878,42.4,44.1,44.2
UP,0823NC027,2023-08-23,5:56 AM,Derailment,0,STOCKTON,CA,67,1,Dawn,Clear,Yard,Freight Train,10,477,0,50477,E60C,37.946521,-121.276789,77.2,81.4,81.6
BNSF,CA0320113,2020-03-28,2:25 AM,Derailment,0,STOCKTON,CA,50,4,Dark,Clear,Yard,Yard/switching,3,27937,1400,29337,H508,37.948488,-121.26567,51.7,52,56.4
BNSF,CA0517108,2017-05-18,4:25 AM,Derailment,0,STOCKTON,CA,60,4,Dark,Clear,Main,Freight Train,3,6361,9600,15961,H525,37.94985,-121.24921,64,68.4,72.8
UP,0219NC002,2019-02-05,3:35 AM,Derailment,0,STOCKTON,CA,41,4,Dark,Cloudy,Yard,Yard/switching,9,68051,59264,127315,H704,37.930337,-121.27373,48.5,42.8,42
UP,0122NC034,2022-01-01,5:55 AM,Other impacts,0,STOCKTON,CA,37,1,Dawn,Clear,Yard,Yard/switching,4,34669,9598,64722,H318,37.926017,-121.272896,44,40.7,38.4
BNSF,CA0823131,2023-08-28,10:25 PM,Derailment,0,STOCKTON,CA,94,4,Dark,Clear,Yard,Light loco(s),8,60000,154,60154,H607,37.950722,-121.251659,76,78.2,77.2
CCT,DRPS062821,2021-06-28,8:20 AM,Derailment,0,STOCKTON,CA,84,2,Day,Clear,Yard,Yard/switching,6,35000,0,35000,H702,37.940677,-121.330546,75.9,75.1,78.2
UP,1221NC038,2021-12-24,12:15 AM,Derailment,0,STOCKTON,CA,52,4,Dark,Cloudy,Yard,Yard/switching,4,13040,50,13090,E29C,37.917974,-121.273075,53.2,52.5,48.6
ITSL,ITSL213,2021-08-21,8:00 AM,Derailment,0,STOCKTON,CA,80,2,Day,Clear,Yard,Yard/switching,10,50000,12000,62000,H702,37.905695,-121.173271,69.8,66.2,67.3
CCT,DR062320,2020-06-23,1:35 PM,Derailment,0,STOCKTON,CA,93,2,Day,Clear,Main,Freight Train,11,50000,0,50000,E07C,37.970246,-121.269792,80.8,80.5,80.4
UP,0120NC018,2020-01-05,12:30 AM,Fire/violent rupture,0,STOCKTON,CA,45,4,Dark,Fog,Industry,Single Car,0,10868,99,10967,M501,37.97696,-121.27884,49,48.2,45.6
BNSF,CA0821110,2021-08-21,8:00 AM,Derailment,0,STOCKTON,CA,72,3,Dusk,Clear,Yard,Yard/switching,5,0,0,32000,H307,37.907616,-121.175951,69.8,66.2,67.3
UP,0421NC015,2021-04-10,1:40 PM,Fire/violent rupture,0,STOCKTON,CA,60,2,Day,Clear,Yard,Light loco(s),0,14043,33,14076,E73L,37.908795,-121.273639,57,58.1,60.6
UP,0519NC026,2019-05-15,3:30 AM,Fire/violent rupture,0,STOCKTON,CA,62,4,Dark,Cloudy,Main,Freight Train,60,51102,0,51102,M501,37.955733,-121.278285,63.9,63.2,57.7
ACEX,A11242021,2021-11-24,5:35 PM,Hwy-rail crossing,0,STOCKTON,CA,50,4,Dark,Clear,Main,Commuter Train - Pushing,79,283450,0,283750,M308,37.957701,-121.290779,49.4,49.5,49.2
BNSF,CA0821110,2021-08-21,8:00 AM,Derailment,0,STOCKTON,CA,72,1,Dawn,Clear,Yard,Light loco(s),0,10000,22000,32000,H307,37.907616,-121.175951,69.8,66.2,67.3
UP,0122NC040,2022-01-10,6:50 AM,Obstruction,0,STOCKTON,CA,39,1,Dawn,Fog,Siding,Yard/switching,6,2997,30012,33009,M409,37.927741,-121.272855,46.3,46.6,48.2
CCT,093021DR,2021-09-30,1:30 AM,Derailment,0,STOCKTON,CA,65,4,Dark,Clear,Yard,,0,0,5500,73835,E67C,37.948196,-121.331182,65.2,66,68.2
UP,0921ME014,2021-09-19,2:30 PM,Derailment,0,STOCKTON,CA,88,2,Day,Clear,Yard,Light loco(s),2,12843,33,12876,E66L,37.937202,-121.272343,64.1,69,70.2
UP,0420NC057,2020-04-06,3:30 AM,Derailment,0,STOCKTON,CA,42,4,Dark,Cloudy,Yard,,0,0,0,14123,H303,37.94653,-121.276694,53.6,50.4,53.4
UP,0122NC034,2022-01-01,5:55 AM,Other impacts,0,STOCKTON,CA,37,1,Dawn,Clear,Yard,Single Car,2,20455,0,64722,H318,37.926017,-121.272896,44,40.7,38.4
UP,1121NC035,2021-11-24,5:35 PM,Hwy-rail crossing,0,STOCKTON,CA,63,2,Day,Cloudy,Main,,0,0,300,283750,M308,37.907904,-121.274317,49.4,49.5,49.2
UP,1022NC010,2022-10-08,4:19 AM,Other impacts,0,STOCKTON,CA,71,1,Dawn,Clear,Industry,Cut of cars,0,74601,0,74751,H307,37.948258,-121.329296,75.5,75,72
UP,1022NC010,2022-10-08,4:19 AM,Other impacts,0,STOCKTON,CA,71,1,Dawn,Clear,Industry,Yard/switching,5,0,150,74751,H307,37.948258,-121.329296,75.5,75,72
ATK,141002,2016-02-06,11:40 AM,Obstruction,0,STOCKTON,CA,65,2,Day,Clear,Main,Passenger Train - Pushing,79,120000,0,120500,M402,37.934145,-121.367109,48.4,50,52.1
UP,1022NC010,2022-10-08,4:19 AM,Other impacts,0,STOCKTON,CA,71,1,Dawn,Clear,Industry,Light loco(s),0,0,0,74751,H307,37.948258,-121.329296,75.5,75,72
ATK,146450,2017-02-22,5:15 PM,Obstruction,0,STOCKTON,CA,48,2,Day,Clear,Main,Passenger Train - Pushing,0,19783,0,19783,M404,38.192034,-121.284169,55.1,48.4,44
BNSF,CA0618103,2018-06-05,5:15 AM,Derailment,0,STOCKTON,CA,68,1,Dawn,Clear,Main,Freight Train,20,0,520000,520000,H503,37.941699,-121.231997,76.3,69.8,66.1
UP,0317RS068,2017-03-31,12:10 PM,Derailment,0,STOCKTON,CA,73,2,Day,Clear,Industry,Yard/switching,7,31756,2256,34012,E34C,37.916096,-121.273887,60.8,61.1,59.8
UP,0422NC024,2022-04-16,3:00 PM,Other impacts,0,STOCKTON,CA,68,2,Day,Cloudy,Yard,Yard/switching,5,31276,150,36543,H318,37.930329,-121.273005,61,60.1,57.8
CCT,DRPS100917,2017-10-09,9:05 AM,Derailment,0,STOCKTON,CA,71,2,Day,Cloudy,Industry,Yard/switching,5,15000,1000,16000,E4BC,37.947858,-121.334175,67.2,66.1,65.4
BNSF,CA0816202,2016-08-15,1:02 PM,Hwy-rail crossing,0,STOCKTON,CA,100,2,Day,Clear,Main,,0,0,27600,69286,M302,37.934512,-121.430778,81.8,76,76.1
ITSL,ITSL163,2016-06-16,3:00 PM,Derailment,0,STOCKTON,CA,89,2,Day,Clear,Yard,Yard/switching,17,30000,0,30000,H210,37.907693,-121.175899,62.6,65.1,69.6
ITSL,ITSL178,2017-10-26,2:00 AM,Derailment,0,STOCKTON,CA,60,4,Dark,Clear,Yard,Yard/switching,17,340000,0,342700,H306,37.908433,-121.179146,68.1,68.3,67.8
UP,0422NC024,2022-04-16,3:00 PM,Other impacts,0,STOCKTON,CA,68,2,Day,Cloudy,Yard,Single Car,0,5117,0,36543,H318,37.930329,-121.273005,61,60.1,57.8
ACEX,A12092014,2014-12-09,6:52 AM,Hwy-rail crossing,0,STOCKTON,CA,50,1,Dawn,Fog,Main,Commuter Train - Pulling,74,20000,0,20000,M306,37.908128,-121.274388,54.1,53.6,53.2
CCT,CAPS00523,2023-10-05,9:10 AM,Derailment,0,STOCKTON,CA,72,2,Day,Clear,Yard,Freight Train,10,50000,20000,70000,M304,37.94475,-121.32592,71.3,75,75.8
BNSF,CA1023112,2023-10-27,11:28 PM,Derailment,0,STOCKTON,CA,42,4,Dark,Clear,Yard,Freight Train,10,15000,0,15000,H607,37.892991,-121.152193,56.4,54,53.8
UP,0119NC001,2019-01-02,12:29 AM,Derailment,0,STOCKTON,CA,38,4,Dark,Cloudy,Main,Freight Train,13,177922,249993,427915,H525,37.987279,-121.282093,40.5,41.5,41.1
ATK,179046,2024-03-30,6:31 PM,Obstruction,0,STOCKTON,CA,61,3,Dusk,Clear,Main,Passenger Train - Pulling,11,15462,0,15462,M404,37.948889,-121.26565,50.7,54.5,55.1
UP,0218RS026,2018-02-21,8:00 AM,Other impacts,0,STOCKTON,CA,56,2,Day,Clear,Yard,Single Car,0,55119,0,111998,H702,37.918975,-121.273878,42.4,44.1,44.2
UP,1218NC005,2018-12-05,9:25 AM,Other impacts,0,STOCKTON,CA,47,2,Day,Cloudy,Yard,Yard/switching,10,7349,3777,19831,H312,37.915974,-121.27317,49.3,52.5,52.3
UP,1218NC005,2018-12-05,9:25 AM,Other impacts,0,STOCKTON,CA,47,2,Day,Cloudy,Yard,Cut of cars,10,8705,0,19831,H312,37.915974,-121.27317,49.3,52.5,52.3
BNSF,CA0219102,2019-02-03,11:21 PM,Derailment,0,STOCKTON,CA,55,4,Dark,Rain,Yard,Cut of cars,0,3918,0,14726,H307,37.949538,-121.260719,56,53.2,48.5
BNSF,CA0216103,2016-02-06,11:40 AM,Obstruction,0,STOCKTON,CA,65,2,Day,Clear,Main,,0,0,500,120500,M402,37.934145,-121.367109,48.4,50,52.1
ATK,143810,2016-08-15,1:02 PM,Hwy-rail crossing,0,STOCKTON,CA,100,2,Day,Clear,Main,Passenger Train - Pulling,70,41686,0,69286,M302,37.934512,-121.430778,81.8,76,76.1
BNSF,CA0616106,2016-06-16,3:00 PM,Derailment,0,STOCKTON,CA,89,2,Day,Clear,Yard,,0,0,0,30000,H210,37.907693,-121.175899,62.6,65.1,69.6
BNSF,CA0420105,2020-04-06,3:30 AM,Derailment,0,STOCKTON,CA,42,4,Dark,Cloudy,Yard,Yard/switching,3,14123,0,14123,H303,37.946526,-121.276721,53.6,50.4,53.4
CCT,031224DR,2024-03-12,7:30 AM,Derailment,0,STOCKTON,CA,45,2,Day,Clear,Yard,Freight Train,0,0,9600,28600,T001,37.97544,-121.266508,55.8,54.9,55.2
BNSF,CA0324106,2024-03-12,7:30 AM,Derailment,0,STOCKTON,CA,56,1,Dawn,Cloudy,Yard,Yard/switching,8,19000,0,28600,T001,37.97544,-121.266508,55.8,54.9,55.2
UP,1222NC028,2022-12-17,11:27 AM,Derailment,0,STOCKTON,CA,33,2,Day,Clear,Yard,Freight Train,8,9162,9430,18592,T111,37.929466,-121.273011,39.9,38.9,39.8
UP,0923NC006,2023-09-07,2:55 AM,Derailment,0,STOCKTON,CA,65,4,Dark,Clear,Yard,Freight Train,8,19877,0,31377,T311,37.941349,-121.319302,73,73.3,76.4
CCT,DRPS090723,2023-09-07,2:20 AM,Derailment,0,STOCKTON,CA,65,4,Dark,Clear,Industry,Freight Train,0,0,11500,31377,T311,37.941349,-121.319302,73,73.3,76.4
BNSF,CA1223112,2023-12-19,12:42 AM,Derailment,0,STOCKTON,CA,65,4,Dark,Cloudy,Industry,Yard/switching,4,15022,5000,20022,T110,37.933367,-121.352308,52.6,59.3,56.3
UP,0124NC017,2024-01-15,11:40 PM,Derailment,0,STOCKTON,CA,49,4,Dark,Clear,Yard,Freight Train,10,47358,43000,90358,T202,37.940794,-121.273129,51.2,51.4,50.8
UP,1216RS005,2016-12-05,12:45 PM,Derailment,0,STOCKTON,CA,60,2,Day,Cloudy,Yard,Freight Train,7,50165,106842,157007,T314,37.940369,-121.273007,47,44,46.7
UP,0921NC053,2021-09-30,1:30 AM,Derailment,0,STOCKTON,CA,65,4,Dark,Clear,Yard,Freight Train,5,68335,0,73835,T201,37.948196,-121.331182,65.2,66,68.2
UP,1022NC048,2022-10-11,7:16 PM,Obstruction,0,SUISUN CITY,CA,84,3,Dusk,Clear,Main,,0,0,0,0,M404,38.249501,-122.033489,67.2,65.2,64.5
BNSF,CA0121111,2021-01-20,10:10 PM,Derailment,0,SUMMIT,CA,45,4,Dark,Cloudy,Main,,0,0,1800000,1809747,M201,34.325644,-117.428264,48.7,48.7,49.2
BNSF,CA0323114,2023-03-01,1:49 PM,Derailment,0,SUMMIT,CA,42,2,Day,Clear,Main,Freight Train,40,30000,0,30000,E37C,34.351652,-117.38229,34.5,28.7,30.6
UP,0316RS011,2016-03-07,7:20 PM,Obstruction,0,SUNOL,CA,46,4,Dark,Rain,Main,,0,0,41959,2650471,M101,37.596406,-121.920091,55.1,50.2,49.6
ACEX,A03072016,2016-03-07,7:20 PM,Obstruction,0,SUNOL,CA,46,4,Dark,Rain,Main,Commuter Train - Pushing,40,2608512,0,2650471,M101,37.596406,-121.920091,55.1,50.2,49.6
SJVR,SJV205819R,2019-10-12,9:05 AM,Derailment,0,TAFT,CA,70,2,Day,Clear,Industry,Light loco(s),5,40000,7500,47500,H704,35.1353,-119.2471,63,63.7,66.5
BNSF,CA0122110,2022-01-13,2:21 AM,Derailment,0,TEHACHAPI,CA,45,4,Dark,Clear,Main,Freight Train,22,412393,0,1024218,H518,35.143884,-118.47529,53.1,51,48.4